pano_id,coarse_sha256,reproduces,n_stored,n_rebuilt,rebuild_matches_detect_pass,keys_match_030,keys_match_055,max_dscore_shared,reproduces_1e6
1004386911904412,1d576e78ef038b5b89f27975dd4be357ba39d3e733d88ce85b446ee0f02227db,1,1,1,1,1,1,0.0,1
1005827188415589,6192c995ef05ee541bac21c8b9437d37789dc69990713a6d0cc484c8c80767fd,1,3,3,1,1,1,1.8e-05,0
1009658271344121,2234624912e0c27428e763cb3e19cc5b3c0702cb649fc2a1376e305913e62793,1,0,0,1,1,1,,1
1009922457981066,e65c3e6bd4294672c39d67e4997e19810bf75b93817f6a8cc95c74f83038b7b3,1,7,7,1,1,1,1.4e-05,0
1010252291285065,80ba7a5a394a88168015b9a480d06ae442a9731bbb21689c98053bd1b4b0bdac,1,0,0,1,1,1,,1
1010450304599639,d08e9d976531eba2f5bc391ba614db467c15d4cca04aaa3a7642cbc832e04f60,1,5,5,1,1,1,1.2e-05,0
1011584037811505,ea0e85f3fc2821b64423998e8d47649bb4326a191eaab3e5b23b91a792a926bb,1,0,0,1,1,1,,1
1012234551086520,15dcf230aaf5bba18104054f7751145430205d2e9664fe733ce31217d11c6a5c,1,0,0,1,1,1,,1
1015727704041683,d351112ea9ff73dccb8e67768a25d2c282c3f9d3b9fb68dfc1b5f994650c6004,1,0,0,1,1,1,,1
1016115317381189,65021eb2378b1af563e01836c9030262ba93e9f78ee17bedfdfeb021999ecb72,1,1,1,1,1,1,4e-06,0
1024265499841550,3f9529721d22298236ffc2905fa2ede4f2f21958395be74ba86ae4ab5650fcc7,1,0,0,1,1,1,,1
1031601475763943,a11052c8b7362ccb325fc504dc56a015aebbe913d7e5a7c30f98a88dbdf0973a,1,0,0,1,1,1,,1
1037307455186503,c4800e86f41b1d0e2df6d2ab2829c6de2c9dc59c327b561236c83986fbb83364,1,0,0,1,1,1,,1
1037772951813655,016d27f83fe7ab91e3ed81a9904cddc95562b434d77b459bb2a65aa003f29f8e,1,5,5,1,1,1,9e-06,0
1038028658435446,1924dedd20a23f0dc8558ca453c18cb8765e0621814295170e7cae177651ddd7,1,2,2,1,1,1,1e-05,0
1042297247994712,9286e9ced63d7b3b0c60a044cbd0080af04016eceeeab3679a71705a05d938d1,1,1,1,1,1,1,5e-06,0
1042981917953646,5cf4db1c0e90b02d715412d2e7eacf09d2f9eefc20129d0c8b62719bde99d94c,1,0,0,1,1,1,,1
1043402351211167,ff9acb3a7a252ce51d7c764f1f5f2efb1938773e2911696fde28f125f38bc708,1,0,0,1,1,1,,1
1044024647850583,b978a67ca13baed660ae8319dfa16f0a5af73efbbb5cb8ba9c5e5cdeab2b26ec,1,0,0,1,1,1,,1
1046220187593155,3a8456226cf96147f1aa09dee04887e3f118f7bcec3658dff4f31580f8b22926,1,1,1,1,1,1,5e-06,0
1046259387581141,43660268c8619772103afdc9f3e6839bd96f899b9f86af593834aab58ec80d2e,1,0,0,1,1,1,,1
1048171837395171,67702a4945034c48c2908412deb725b66e1b8b4ac83f9a3a2db7fe66e0c69d0a,1,3,3,1,1,1,6e-06,0
1048220010735079,1a5bb6d7b831c01e808991726ddd775108a5bdae0826278e8b52d0afc205ce36,1,0,0,1,1,1,,1
1053338086859593,8d0f2d5967f5ec51d9bb6b6b84ace1ccba9c10b6d4836714c2e74965b26c1b9c,1,0,0,1,1,1,,1
1054247473431865,d7a93d54bbb3a51a5bf90ffde8d4a5f2d7ad1b2bf1b52ab3769181ca7d4b3edd,1,1,1,1,1,1,2e-06,0
1054628266728764,e8cdaf1eb9e7f5f118fc7d7b8013cc3302e5c6854eb9daeb7f6ab1f130297a39,1,1,1,1,1,1,5e-06,0
1054965930017735,cfb431343f9064755d38971ece5df9117bb21e68fbbac00f390fb84bd2f4144c,1,1,1,1,1,1,4e-06,0
1057234039798161,3414dc7a384d078762e6464abaef3a40f45650332a0772ba511c34e61fd001ac,1,0,0,1,1,1,,1
1058226429684474,6ff8137af813b6ce5ac6651eb46d33510c7ef59d7264d7699ad2140be42bb8b0,1,0,0,1,1,1,,1
1059324762902338,25fab5d803badb63650fe3acb4517932db90580202e6c00bf47e9901bc638376,1,1,1,1,1,1,3e-06,0
1061934782637845,a63026ce3907d7dd38b7a9350ab33eecd44ee587a623da19a3a2e886a2c25b38,1,0,0,1,1,1,,1
1062401012591221,d2ba89eaacbdab8fca9d31f943bcd38d9a9e4ade1b764f14c8a15a9a8681cd4d,1,2,2,1,1,1,8e-06,0
1062534315912016,2a83fab27ab4fe311eb843d20f5bfd5b52278956f59e1fab0f9cfbf446383fbb,1,5,5,1,1,1,1e-05,0
1067232868760688,d76d9c93689709f83edfc62ec69f37d9a7c40d8cd3e016b2ee338bc89b63bf76,1,0,0,1,1,1,,1
1067595398733930,996c6887161d96e9eeb14dc239fac776ebac1a13ae673905d9072c4a26dc0917,1,1,1,1,1,1,1e-06,1
1067661202054151,5d823f9a7ed46775f1244d62512b4039e74846def2b6c0b2cd6345a54fb6f659,1,1,1,1,1,1,5e-06,0
1069778155158666,1192293e7c10a09c1702189da0d681c2547d902569481762a30b3b3c31dfbad3,1,6,6,1,1,1,2e-05,0
1070038988479418,76e03d9a7b69966b479979050bcd2aabf9a3efca8234faea895fa341b25e3228,1,1,1,1,1,1,1.3e-05,0
1071014031991611,1bf5f829253f9a8631565a9d01c032f5dde66a9fcf30ad912446e282ffd9df8d,1,1,1,1,1,1,6e-06,0
1075797804544586,dcf86b2d45a1764773ce17b1d94a59c1b29dd8a5c3359b1e0223ee41473130a5,1,2,2,1,1,1,7e-06,0
1076380071130946,7e1092608dcfb145cc333faf4c9048d604e7d11a00c4be31337c7c36913e22cd,1,1,1,1,1,1,1.6e-05,0
1077211797736599,c02532d10b254644987b99e799061a5910b16df64651376413875a4a9c5affd3,1,0,0,1,1,1,,1
1077634837690571,e85c896b9f306a3a85898ce000401e87d4080e9da4b02cbc57e0f33dd6cb5601,1,1,1,1,1,1,2.5e-05,0
1082621363831036,7c0cacc29b610cb8c7b15fc551ced5f0f3784388099f3b59def99780765fa99d,1,1,1,1,1,1,1e-06,0
1083389297086182,cdafb7b230ed6e414e45020ef20df0e445a14166fa6c6c745b86435b759a448e,1,3,3,1,1,1,1.7e-05,0
1084614373618980,12ae8c4886b89756db5beec296f26ae8da2e55e8e1c3979080b46460fe32067e,1,1,1,1,1,1,2e-06,0
1087260963347540,5d07a13617e23c472f32855fd4e3260e9ac0271a75104a7bb3b2d6f96385d7ac,1,0,0,1,1,1,,1
1089074093165979,cf1cdecb7b8431c4ccc385d4097a63206ce5d92cb54df7727e990f40ffe6a50f,1,0,0,1,1,1,,1
1092053206183419,35ccd2b1feca1aa475c45c5448ee9bc7201563174aa92f37558e48bc06dde160,1,0,0,1,1,1,,1
1092386639483978,a64e1877f87943efe36885c3b75d23f5ec55a131db9624afd88112f3a57f886a,1,2,2,1,1,1,9e-06,0
1094065552638652,8374d74b87d79890feb6366e2464577939e0a989248c75cf652384f653145216,1,0,0,1,1,1,,1
1094607245917809,ce38b157d0930f50bddb321d72c87b82e7ddb5b7bb1201d20f65ad34a6402880,1,2,2,1,1,1,8e-06,0
1094933909220995,c149628b86c512dc5a2befa7a3fda08acd42fb782c6c935574280e37e7c96594,1,1,1,1,1,1,0.0,1
1095494472493334,7869dc245239fa5044bd4fb922b052ba88d6ad1f3693bb0da69286d5078da805,1,3,3,1,1,1,6e-06,0
1097902145592516,f7a64cc003c98854f973ceebb5f35514aac31b6d3c1e9f740e86eb23e83d5eb7,1,0,0,1,1,1,,1
1098604405531012,2a948ecf33316b550023e56f217d2aeb84d390c4226230ef223934ec642965e8,1,0,0,1,1,1,,1
1099154268785258,e755d4eba840ad28e6e01ac18b1cc63a8cb5eaeb9cd9192e429f3b708e88ccfc,1,0,0,1,1,1,,1
1100909411937403,2f4892f5bd148a4eaf76a254f98cbea9bd62fb9b67b4c48df30d64bd981747f5,1,4,4,1,1,1,2e-05,0
1101378028550941,704f9c282aa74e8d5458d7ee7c0e201ada35f2bc86f3652b7fbefceeb2a9031e,1,6,6,1,1,1,1.5e-05,0
1102150551831700,a81b1d55f81497fc075a1ae048fefe3ce8b1ee6ba55f051a98bc1e8e10a7a2e7,1,1,1,1,1,1,9e-06,0
1103162338563583,e74364438e4fd6dd43beaa262094cfaa3bfae419ef61d1d7fff6f9b9921c0c1f,1,2,2,1,1,1,4e-06,0
1103667954994327,f024b72c56e67490abb02008b9a0a8ab17ed4cc8273d1a831d08f56ca5287b05,1,1,1,1,1,1,9e-06,0
1104493624896678,98dab76c0539ea58c64423add2a6af843d74168077d5e38dc02e9721cd9e1405,1,3,3,1,1,1,1e-05,0
1104901281535685,5370ba67d9debadcc28d6388ee23a2ca400873ecae06e45d67904148e513e6ab,1,1,1,1,1,1,6e-06,0
1104936724856248,85af8c84d85e17bdad8b3a6fc72757bc2b406259fe91b53c8ffca18b484c10f2,1,5,5,1,1,1,3e-05,0
1107640917919181,4ea1a26617d5dc36fef4e2130241fd6dafbab145eb40454608564bfa5cc8e8ff,1,2,2,1,1,1,9e-06,0
1109060764432468,0a016c2b3c2691f302e02da35e81b0d57f4c29abe1be59dbf746a686a9cec2be,1,0,0,1,1,1,,1
1109412217726257,9c28d7ea6049fa4c10087a0da8e71ec21303ce024e5756a95611d9425f9642bf,1,2,2,1,1,1,1.1e-05,0
1111731917474450,b1da9a215647de2595e3655785edbb376e2629e530506174a17f55b3bc86bd55,1,0,0,1,1,1,,1
1112351030772379,5bec8c8aaf18c9753182cae7890b262eed45396f925036b34855e5e0e6399c10,1,1,1,1,1,1,0.0,1
1112515410773801,98de2d6cd7e2984c5d0464460cbac8f94dccdbc0d91ed924245bf5178eeec542,1,0,0,1,1,1,,1
1112718764410523,1bd4b70df9c960bc81447af51716b548a1605f2a6c6a8509d283769366ba489c,1,1,1,1,1,1,1e-06,0
1113506597313582,aef7b34b0def8d65c818f87657e127668212b660cfab31a773082c4d68ba3570,1,0,0,1,1,1,,1
1113811853948614,05a60146288197525fea3e0a14315a8c5fcc941eb0ffc7d3ffcbf133989c65bc,1,1,1,1,1,1,1e-06,1
1113875900598432,471e94561578eef9720e1125db7978bd095652f7d38fac024319b5ec7ad4addd,1,0,0,1,1,1,,1
1114003930615091,268a7ba1c36e9dec36c5bdd03bf02a9e0d698c050e3d6017e6609e88228408b3,1,2,2,1,1,1,6e-06,0
1115320240451627,5917eaa8ddb2d03bf9d02ac7d52475ef599d525ebc475ef48a7ac04ff24d37d9,1,4,4,1,1,1,1e-05,0
1115584263980588,479f1b06025bdf8908309a8200fc19d7f6b0f83b5ce7fb595365bc2513cbd1fe,1,0,0,1,1,1,,1
1115908253729864,72a3e7ac014ceea55f41643f60364ebdbfd5ceac9bd36dbe25d72665d346e6bf,1,1,1,1,1,1,7e-06,0
1117401493799367,fb5caf9166460fb29d61e069cabee1eaf6a76402419692b4c8f60936f44fff51,1,2,2,1,1,1,6e-06,0
1117542467260512,f8002b247f1958356653772c240ef1cad43bc445522bd6006744fe2fa00b972b,1,0,0,1,1,1,,1
1118005690219526,8c1a3e3145352bd523a28c145b66b984e507954f73dcbb028a94768820b0a05c,1,0,0,1,1,1,,1
1118701960083437,77e929d8adaa0a23db5dbce8810e05ffaf473df7c74271b3b19eceffd35c0b57,1,0,0,1,1,1,,1
1120113619967402,845559a5887f18bb0381fd2f15515be63603a029587b456630f6e9b216a9441d,1,1,1,1,1,1,7e-06,0
1120247496585453,c9bb03dab7b71723f65b6af1f6bbddffdad45f7908034003e44cefed1a7288e5,1,0,0,1,1,1,,1
1120288203250018,7e797456f97af55719b4979a9bfc33bfbd922c622b279da37ef41c8f31e93173,1,0,0,1,1,1,,1
1120334799936160,499c8c046ec7b014b4f19575cd7579c822b609a81bd819acbf05fb26a6ecd017,1,0,0,1,1,1,,1
1120858246529843,459f71f92e1393ea1c439093b0432a69f0c43ededc11921274b53a8de96fe198,1,0,0,1,1,1,,1
1121019450055937,9a47c515f93de51c1b5e4e87dbcb3a5826129142644e19444060a067db9160d2,1,1,1,1,1,1,4e-06,0
1122268673311175,2722d59b7fd29d4123f4b0f727fb7430aa80cc4bbc8c108a94eed309f8e1d54b,1,2,2,1,1,1,1.3e-05,0
1122788143020442,ebbec4db43f8dcc7d9156d5050feb54a0646d8ed7113201b44e1b867b9a79fe9,1,0,0,1,1,1,,1
1122903813061063,125415383b006c320646a91504cad196e1e0032554957f26d30b3efa6b14a884,1,0,0,1,1,1,,1
1123129726317134,8a3bceae9b5275286a11255100c20ba4a3963aa528e3313cc7b83073e655222b,1,0,0,1,1,1,,1
1124971373176860,507b3ec068cb3a7a9e7a21c9ad1f367c4668a620130920be011313b8cad538c6,1,0,0,1,1,1,,1
1125260286068930,290aba55f8310f16edd667c918908688c83002701ee9ff56a37df4c5f949467e,1,0,0,1,1,1,,1
1125861182927996,c02c3bd6f01be9c31e3dd7b160f894ed2caa5fb3cda4138af400906c038269e6,1,0,0,1,1,1,,1
1126190439712613,ae9f98e26ecd49e60b9ca663ac62de530bb25cb5ff41abf8481312afb9858697,1,0,0,1,1,1,,1
1127052762557227,b44c1b34b5f67b2d0b566dde9c246f14fd624c5a4e37b761fb3c41bab9fa1740,1,2,2,1,1,1,3e-06,0
1127395686092585,46a816d76282815552f4ce7e07fdfcb3b03dfbc7237efb671386b1701ae1cf6a,1,5,5,1,1,1,1.5e-05,0
1127797336005435,28263555b136062f8df0026df270bf812890ef5a1e93fc0711453f39b0c0c5a9,1,1,1,1,1,1,1.2e-05,0
1127839576182428,fc7dac700207fd429cea4fbdea983ab3de0261b815b1e8b8a2f4f59a7b6cf668,1,0,0,1,1,1,,1
1128246969424305,7a8df72b6873426ca941395ad6be8be90fb12c84f14cb7136b9f3ca73a78afc8,1,0,0,1,1,1,,1
1128633942410074,e776bb18eeb1a92c6ee769f0146f0164f8e78f7664ad94525033b6a13dce279f,1,1,1,1,1,1,1e-05,0
1129038136063302,4d1d148f0e96050e41e51e6b348f1f3e13d5f0cc6e0946850aeba7ae1671bf71,1,0,0,1,1,1,,1
1129045429006865,1399e57f989959290c66f62f84f4f79bb789584c1ddbd2077e6dbec5d458476d,1,3,3,1,1,1,1.4e-05,0
1129290346076006,11606fe1c722a7ade1324b2623fe990bec0c12e566a4482e5772a4a1b7824907,1,3,3,1,1,1,2.4e-05,0
1129318132604891,5750b75b98b0db4b2c0251ad3e2e413c9f7b955193776115d94df06095ee2c5f,1,0,0,1,1,1,,1
1129561632666219,7ad18fcec3076ec3939086cba4d2f8e5897507ba3b38c91c721c02c9d6f46f39,1,2,2,1,1,1,5e-06,0
1129830755976430,2fd0b1a07205aeec6c19ac416a3ca5ba748b7e781e42221f3b510fe99e1241eb,1,1,1,1,1,1,0.0,1
1131193832128091,b2648a953a59d6eac2009842ee0464e697d197df5df1824e83add9a916d6e090,1,1,1,1,1,1,1.5e-05,0
1131256972538661,74a93228334c576f6c5ea87dd86a8c1fe878f2ea55c388ccf1e627b4d1b410cd,1,2,2,1,1,1,8e-06,0
1131667179121782,a38b0ef7cd766892f1d1aab65a44b64dbf5140929a2c657facf50d6ec968c036,1,0,0,1,1,1,,1
1131905475599127,0cdc00799f9c716b19d8aa7db975a3ca70a7cdd79329637bd988d70ff552793c,1,2,2,1,1,1,1.4e-05,0
1132025522347109,d64a05f089da313d209832b0fb6611e45e76dda5048ca9831379b6afda25ca34,1,3,3,1,1,1,2e-05,0
1132182962029578,bf0c40123013b4726d168c4a8c882a821fa173bddea36ed3942ad8234960257d,1,2,2,1,1,1,8e-06,0
1132662445687900,fe6b3c3d3f972ac98cd22ccdbedafb1db5522e8850beda1596431e055d90f67b,1,0,0,1,1,1,,1
1132851492389728,c1a2902841815dee108d7be6d594b6a6c64f9b278b43b736e4a56a96093aa123,1,1,1,1,1,1,4e-05,0
1132874108616398,154d0feda78518b28b5c826d8d4f37c6e32c4c32aaad8410fca61951a0103c78,1,1,1,1,1,1,4e-06,0
1133013752321537,50c45323ce579907b1a821be3d90a3ad96e32f0768453adb70c74996b9b8a0e8,1,1,1,1,1,1,2e-06,0
1133141795265556,1666ffe21f778820018e6d4b2eefa267e57de540016b610ad46eb1b3c87b90e9,1,3,3,1,1,1,5e-06,0
1133322791964711,31db24711178bc4c94beb078b57ae2162b3437d0fc643198feb06be592bb982f,1,1,1,1,1,1,4e-06,0
1133405991902859,853f4f96a53439bce5189845e7e6c31953e3c74cc63dd4e31543577895ee3317,1,1,1,1,1,1,9e-06,0
1133600612266268,fff3d8d33df6cf559f8688fa6d803379c3b992cf360cf01c7f97a22b0652dfdf,1,1,1,1,1,1,5e-06,0
1134225308469208,cae6c0f6d0a505803f5ef6bf609bf4456426f9d10536aae604215cac90f06d50,1,1,1,1,1,1,8e-06,0
1135002322110344,fd8514e043de48681fdda6585b4729aed3a8ee62a02a4104bfce782cd250987f,1,2,2,1,1,1,1.4e-05,0
1135187475364374,7cba0c10d70387f65698646f615ec96da41a40c5b99b0d458b0d27aab64894bf,1,0,0,1,1,1,,1
1135271442010101,c76d8c1e615b1f86918902f580733ccd1841809b1c7bc907c679942fd8a14c45,1,2,2,1,1,1,3e-06,0
1135282445037004,c69e28f76524828ae7e60771f8ca20f6bc852e59bcd55db8c51ad724618dfd6f,1,1,1,1,1,1,4e-06,0
1135296881921517,e139474656ccb53e4d3d80db913bdd894b674fc5a19b14fb54d550599ad9e67b,1,2,2,1,1,1,6e-06,0
1135373045428116,4a14face1cc5fb75a2650173c0618c12741ac19f37013a87fbfd8ae35352892a,1,1,1,1,1,1,1e-05,0
1135468445420296,f258d6e54942944308078131f7d3ab1e6a10fa63be82c1080c71753a57fc794c,1,2,2,1,1,1,5e-06,0
1136073781608841,912fd201bcc5f4981b3b6e66fec804d66ecbd539bde5355752fa6ab3ccb10789,1,3,3,1,1,1,7e-06,0
1136087752020865,5d3297838182c6ef832f8bd2b6eca5d7dae682d345632726952d79e1289cc33b,1,0,0,1,1,1,,1
1136106292071546,be8cc0c42f4829410b1d93d0ad103d7ee7565c5987beaa053852ae7c5bf1b9da,1,2,2,1,1,1,1.4e-05,0
1136170982031758,4f7bb4505a0a95f952acecf8c0f4c150aa56cbbfb21b1ab4ee9913291b4d7a5c,1,3,3,1,1,1,1.1e-05,0
1136270948590239,a46c1f02552c4b4d5c6fc4be2cc5d0a374766dda89be92d2c0432b9d5e2c2dd2,1,1,1,1,1,1,3e-06,0
1136333438669644,7756519c485ea86a50127c1f3f5d00e101e150e6ba32da6f59bc3fd999cbe2e1,1,2,2,1,1,1,9e-06,0
1136478791808174,9f87ed81c608bb5afe1418d2b26bced10592cd5986271e1c1d47a0368d18c29a,1,2,2,1,1,1,1e-05,0
1136541701842732,85d56d3bd2a28a353671f78414404d541dc8abf795f1b5c49c9c8450c6507c2b,1,2,2,1,1,1,1.1e-05,0
1136844764862477,c8c917d9c4e4127ff118f189fa513c8a272da85633ab5024e9fa86f7273d530d,1,2,2,1,1,1,1.3e-05,0
1137187981959006,17e889a7ff87cbddaa9b9a67195e5e86d1440039220a75926b82f4999c2fa4e4,1,2,2,1,1,1,1.2e-05,0
1137468998602378,17394a1fb808207bb185f74c5d39d8d73bbd0ec737f5fd689e962cc119d279fa,1,2,2,1,1,1,6e-06,0
1138492488493155,3d9f6c1940de2292d6213199c5d118295696192576807a454ca3334c393635a3,1,0,0,1,1,1,,1
1138604588475944,33fd0157f09045a7d1f7036ba841839f80ec54ebcb10ce92b6f5893679b30586,1,1,1,1,1,1,7e-06,0
1138642551766639,288af8bab05549b61b3df40d2bdf0add994df18ba3c1c5bc417df32bb768e323,1,1,1,1,1,1,7e-06,0
1138752521326363,6130fd55217c9403b6c01ae5c458439aea2611fae6cbee71435ae8c0d7346259,1,1,1,1,1,1,8e-06,0
1138804188335450,746a82e554e494377f83293596a1bfd98d0c9c24eef9ef56eb6128b16a2403d1,1,0,0,1,1,1,,1
1139119401543859,355979f381a4ebc539121f0cdf3b8e285c2ab23d1a0d936b1527929af6d6267d,1,0,0,1,1,1,,1
1139176015043134,deebc2c2c0d99e86c67807ea93851c3cc8c21212b60dfbda92ad7ce241cd34da,1,1,1,1,1,1,7e-06,0
1139281661747534,60677e0248fd3925d564f2ed85e01227baf11bd641567845c743f42a61323b0c,1,0,0,1,1,1,,1
1139510538297755,9d5d2863ed401e84b1445628350e0407a4671093a0f8a85f5e9e5710ad82ef37,1,0,0,1,1,1,,1
1140076328329928,b068249aba31318a6af35a3c22714b5ec7549e1738159976952756e7bdb02070,1,2,2,1,1,1,1.1e-05,0
1140096871630052,8c8594bac9c9146c81518c1d619d64bf5055aaac581a5973f098553529d7623e,1,0,0,1,1,1,,1
1140459724801417,88b721719c7a8f1edd7a6f051d64221a25b62c21f91e9af686a6ed4209b5e308,1,0,0,1,1,1,,1
1141359468159972,b83350a2880f2f6cb3346303449967492993d2c47da89fc721e8d5c67a9add06,1,1,1,1,1,1,1e-05,0
1141813037936971,034fda085730c3f9c7db3a06980dbc64fd934288b20e6c950bfbc98fbd466f05,1,0,0,1,1,1,,1
1142262808084679,b0a2ce3fded8e008641fd4e8efdce6178c51625b6829bba4a193f110a611bcf6,1,2,2,1,1,1,8e-06,0
1142268404623828,1a322f2b71b8225cb2452a0c4d63ad161093a5635a66b5e2ae0df48d4f49ed1a,1,0,0,1,1,1,,1
1142754754589895,1b9b11d901751fb77595fdc2c7b44787220f5c4f144a80be1dcbd5fbdcd884d1,1,0,0,1,1,1,,1
1142802224712215,469a3d59fbf23ce107e8634d215edd9d2d7fa89241fc6e35f8b482a7fa6cc47f,1,1,1,1,1,1,1.2e-05,0
1142888681263503,0f3ac1f32258427f0fd6c93b239db4fd11b56fa0cbfedec39a4c6e1e226f3ea7,1,1,1,1,1,1,1.1e-05,0
1143304387977014,fa19af7c6ba4b85baaa8c36f6a59d3e3e5d821f0b2e67e69ae88f0158385ca46,1,1,1,1,1,1,1.4e-05,0
1143889664624954,78f6e5383ffdededf4583b4fa2a09a6726d6f52961c3faecd80bd275de3b0c1e,1,1,1,1,1,1,7e-06,0
1144010847901160,9243bc505b0763a6e226d783854808290a06c5f66e5ad58c82e407a5a9a7a782,1,0,0,1,1,1,,1
1144070944562080,f7d2492f4eda995ad3a56140d50563dd0882eb39c4e823d64ec916c5b6f7b1e7,1,0,0,1,1,1,,1
1144124261258529,9fe71a161687f15876bbeb0ba7c813702644ca3fdbb6fb528ede281439b3201a,1,2,2,1,1,1,1.2e-05,0
1144538941211136,94115f12a5b9adbe61597b905cd639df9e0bba8a96dcb828985666694507e7eb,1,0,0,1,1,1,,1
1144754067811466,60682a457b81d9797aca8441074ae9331aa059ad89d28d8dece9c237a091fa45,1,1,1,1,1,1,9e-06,0
1145014321001067,a7870f6524819eee42e5dbea06299aefef2b2c42c7a0d0f10e79a50f1ee4bc50,1,1,1,1,1,1,1e-06,0
1145160011121463,1097d894499211e6faea0310e87f7a9fac0a9e6272a592b7846de7cdafa7e49a,1,2,2,1,1,1,6e-06,0
1146444404329021,7bb073cb955a4d2c2cba8aae8d86e3bb678ee3baca1ad889ebb2cd8cec99a190,1,1,1,1,1,1,4e-06,0
1146576647623271,d936af257fddb4ad78cbd5c129b01cf5f3f3438fd05e6a644d63c4bb4f84746e,1,1,1,1,1,1,1e-06,0
1146663680959294,e7f93d6286bd62e09d90bbcfec4cc1c394c58ef7e45facbe1d085a1e1ae54c59,1,0,0,1,1,1,,1
1146748584269887,e479924e554d6cc4e11e6900336a2c35243bfed71cd0e48234df708bfe5a0120,1,2,2,1,1,1,3e-06,0
1146821540499773,0d6548cd9be384d6fb1a6e855d04cef0fe1e6ed079b570c51a6f2244ce787601,1,2,2,1,1,1,1.3e-05,0
1147261890942097,f9afbff05c0ab525c4ac22e43f734e363ca51a3cf28847fa609fa224874849e4,1,6,6,1,1,1,3e-05,0
1147458363756568,f954fbe4f7f8c196a6499f2b065b64cdb01e0d4ee3cbb4eb8f22403a33acdb52,1,0,0,1,1,1,,1
1147473160889019,ea2e5ce562a74a1355fc927d1f79c16b5fe3f1e28335f39e2673ee2ae90d27dc,1,2,2,1,1,1,1.3e-05,0
1147732947511845,6c13790e2a8596355527fac714612c480c7b803f0075c815a37f510e7935ce34,1,0,0,1,1,1,,1
1147988707544740,01b72df0d1d86b4b6562effff20939cd59a8b9df01ec425f62da5824f335c0ec,1,0,0,1,1,1,,1
1148041097464740,735eb3e5c0e94f748e4539ce7a517cfa7c6117c2382c57758d0dc1b429550b0f,1,3,3,1,1,1,9e-06,0
1148263350844347,4c3cbd00e2e8d214dd9aec0d0e4d9e8390d010d41d77bcc1b56dd01b2c83be6b,1,1,1,1,1,1,2e-06,0
1148391177363642,500765f888653b2aa0c528039d340e2e2392f6914d88ffda3bf84bca870717fe,1,3,3,1,1,1,9e-06,0
1148522767265910,ff916f4443ae69a718461497a3baa9ed5af5023328e7913ee3c0a21aba7a7bc2,1,0,0,1,1,1,,1
1148675140799885,b2653d13503b7853383d7d0247e28eb353793e2cb2ce573393a40866a5fd438a,1,1,1,1,1,1,3e-06,0
1149178090746124,1499889d56241a0f0aada5f8583af57032b49fcb9163105a936f0d81b8d0c0c3,1,0,0,1,1,1,,1
1149345527309743,3cb10f1ff15c779576323ad6a78d6cd4422f70df813c7ce464ec35713973ed7a,1,0,0,1,1,1,,1
1149733617302304,df99f0fba1697412ed71a731995f37758611879ba6798aafce8afb47c018ab2a,1,0,0,1,1,1,,1
1150098903856664,3fda8e701af30ee77755d9d40b0faea5d7b73a43d742ec4e0dd8b7dec2d77fd8,1,1,1,1,1,1,0.0,1
1150327700413241,cf6cdd58592e5b5b9766cabe2d0c5d65eba939d5f4e7c8190948709a2efba033,1,1,1,1,1,1,1e-06,1
1150402440405353,4ecb57e301f522f62032c1479cb1b6f1d04ba9691eb7b7cfcf6ae3b669b09be1,1,3,3,1,1,1,9e-06,0
1150460467238165,e7a93e7326661667c7f1e58e88f7dc0678f2bec8f72d4e9b3c4f4f89a968b561,1,0,0,1,1,1,,1
1150925767126389,3eef016b6592c1e7ad3b34eaf63ea487b638e2e3c433481e17989cb3ad01b70e,1,2,2,1,1,1,2e-06,0
1151003763851530,9e78a97ce8343ff384d2806c7c24b1ac913162d445840ee50af1429e32542916,1,6,6,1,1,1,2e-05,0
1151049013895189,b6b9b82b20b583abfb7e83a4684f6ef0d9f233d42f90ec74789159dec7cbd8c5,1,1,1,1,1,1,1e-06,0
1151157347173728,35c99f25cc6cf60b05c38e1cf51e596878d632ea19b9eb6bedb270e952318e4b,1,2,2,1,1,1,8e-06,0
1151189420493718,c137d71ce13698b89a1426f2d5389677833192c093d6b2bf6139b246830f5d28,1,0,0,1,1,1,,1
1151364440477284,3f2ff4d3992336d3201067cee3d0c3fe3a3fd6d29e36088dec3834bfe47ccee0,1,1,1,1,1,1,1.1e-05,0
1151428160452864,a95f793380501c6be445d4495891c0ba67c27c2931308c377aba5982f7668004,1,0,0,1,1,1,,1
1151511093714782,2277a9d718042f74fd7a62b0af26483672a09464489071cc006ed2ca2178a363,1,0,0,1,1,1,,1
1152130760458150,958a6676bbab125828260bf093a6380863f90417ff29352c7b7bbcf09188c4a6,1,0,0,1,1,1,,1
1152376763672736,93612f083d3a5c98a7853aef2d41eaa6f7a14915a4dc0c15bec47440c54f1850,1,7,7,1,1,1,2.5e-05,0
1152523140194688,1b995ff29eb430d37e2b92020e769dcd7e176b866c48a0c1d15885270bfa74d2,1,2,2,1,1,1,9e-06,0
1152727230406113,38ac3976ae88a75cd8d21241d21f17d41dcc43db0846d1fa294b5325f89559b8,1,1,1,1,1,1,0.0,1
1153089170333745,28a5d446bb73ac8843703e27c6172bc183ee7397cd607aac24f435298085e7b3,1,2,2,1,1,1,6e-06,0
1153093667028954,da078637b780507b20c73ca0a6b38487c17d07c76c335aebe5f7d64f67d381cc,1,0,0,1,1,1,,1
1153235373665991,0f366781a85eb31e9744dbc936264893e9a710f9e2a2eda6272fbb534953cb15,1,1,1,1,1,1,2.9e-05,0
1153282460346357,d54342a5c6fdbc412a21fa97f2b2d7b5c377b072c5abd75accdb5a007b98edf3,1,3,3,1,1,1,7e-06,0
1153928260281038,2aeb696c34e2d84a4c747842dceabe02c6e53263c3f8438d4cd6885450270a43,1,5,5,1,1,1,1.1e-05,0
1154373940217556,ece73aa58507c8fde49eef48a20ffc447e2a3d4fc61cfcc7e03721a3355ab7e6,1,1,1,1,1,1,5e-06,0
1154412156821543,44b877091d977105c6ae2ba75426fa54c88079c30aed7e79d57b0e398caf1c79,1,0,0,1,1,1,,1
1154983246301146,d59d31c31b5f880f7f4e6835711e8f1925848276e80884111003834587449eaa,1,0,0,1,1,1,,1
1155132450068736,0a4b4964455ae40251d519f689eb97761cf9b3a8c16d4c879da3467a20d00f24,1,0,0,1,1,1,,1
1155247746790742,0bae0af7aa9e0d29e93cab4d3b58f3e25f392f83ea6dbd4bfc5217648d24e1a6,1,1,1,1,1,1,2e-06,0
1155370683438121,f28f6df8f1b7e2245414488e17ba7156f1a1a3ff55f523e4d29003ff1ae25861,1,1,1,1,1,1,6e-06,0
1155884113392289,eea946351f429eef3f713033a2ba0ec931d174bec38b003efabc4060225d65c6,1,0,0,1,1,1,,1
1155978320048953,7e7155d699cbed59994e3e1dcc259df6272c503c9cf6d36d4c1493c747bbd43f,1,2,2,1,1,1,1e-05,0
1156074322825694,19b03f09e60fe87256b887672f081992516f7384ed025925bf90926a20da8e2f,1,3,3,1,1,1,1.1e-05,0
1156206799949736,bca2e6de8751d645de59b73ddf90c4867a2f68679b322c0d6b15073d2be44369,1,1,1,1,1,1,8e-06,0
1156452763222678,fe4cee29638dfcfe43feadda1c016f0f8803ad8a5ce33bb4764abdb0e0c7adee,1,0,0,1,1,1,,1
1156814683313166,cc740b112b3067736596632e43769b5abe95bcd216d46e0f7480aa77f21afca4,1,3,3,1,1,1,1.7e-05,0
1156894366421728,5df53a7852987bbddf6287012497cfc136d84da9cdd5c647e0cf9db271d75728,1,1,1,1,1,1,6e-06,0
1157310133254326,6c0e65c8c44925c4f795240157fe4b2e2d20c4507e273c1c44fd19ecb31fda96,1,0,0,1,1,1,,1
1157400063222532,1dea75bd8f8743cf6a8ca99e3d36ebe13554523fc4e789ae0ab1d049287738bc,1,2,2,1,1,1,1.2e-05,0
1157424843192222,0b7df62824c324ebc043c0cb05229c76292319764867cedb4023ca436449b694,1,0,0,1,1,1,,1
1157643802689341,6ec1a49665f75317ed65b3dd03840c31e59a9e3e2826b54ba72bca5b28477085,1,0,0,1,1,1,,1
1157915799308749,ad035b19083e8c673f4406d74a435db204311380fa4509377917362136966ca5,1,6,6,1,1,1,2.5e-05,0
1158220129847573,58238273990f730705ca5c970beb3676be183ea25f9ecfa0acbdd092f71c6c96,1,0,0,1,1,1,,1
1158475946428780,69407c47364251ebebca62f68cf83dd501fc75aacf82887974de63bb5ebcf240,1,2,2,1,1,1,8e-06,0
1158567142547713,2c6c0d59a39c782a0be7412c898adea76b035c3215356a0339329cf695bc6815,1,2,2,1,1,1,1e-05,0
1158755209732796,a7cb1f6da32d89790799c326cbd5667e27df41b9bfe97d0c30dd5ac8c0368e8b,1,0,0,1,1,1,,1
1158971249656385,c550bcf1a6fe97271f311af31067b1e922a559168953414971162fc1192b046e,1,0,0,1,1,1,,1
1159145826349367,84f8756117afd09699997ba044b2beed01eac07d01066e76c5a429670bfb9bbf,1,1,1,1,1,1,1e-06,1
1159282892937888,b9b5494773a7626760cfeb5f2a8df0a1c79510781182f4386ef3410999ee7550,1,1,1,1,1,1,6e-06,0
1159381875829259,b07906eb3dfc8f4ee1dd8156a4be74f153f4ed992739ee58d1bf30e4f2e700bb,1,0,0,1,1,1,,1
1159387286303413,fb505fff0ebe70f469b1d0f4c1fecc73992b9da1e99582cd1ee61c241a9b4418,1,3,3,1,1,1,8e-06,0
1159566275784548,467d4194524e48c1de591ba3128778184ea700af33ca658c64bd4f305db621c4,1,0,0,1,1,1,,1
1159566452949612,b1aa10e0b69d99adae3af92ba21bc8e3b5465748369fffed34674a009ae5813c,1,3,3,1,1,1,1.6e-05,0
1159624612455464,6e9f019d708fd50f530b92cc64ee7ea940c9b6699110f9e78a201b10acd3c6ae,1,2,2,1,1,1,6e-06,0
1159881333026008,5679d4c2ada0d23dd7f0e025fa77e3fa4fc61cb29f37e4ff9fb1c0cae73bb8c3,1,1,1,1,1,1,7e-06,0
1160539669563515,0ccafa942d59468292d5188e02d59dc06b0a6849b8ced0911e6c81e1fa80132e,1,0,0,1,1,1,,1
1160660422356847,3ca9507eb5e63b7e477b53f177226d6cfb68590f7330b19b990d1b3e9d8462b1,1,0,0,1,1,1,,1
1160768456244631,40467ecdea25ed08a1df25a556889cf689c8ded840868b34536f2129c1180341,1,2,2,1,1,1,6e-06,0
1160769925671230,8b85bdc8e6ad486f9ceda3dbc224a65bfa231ca5aeb9e8e14b09a90da3d08989,1,3,3,1,1,1,1.4e-05,0
1161067935615505,7ac4114beae14d5e37741d190048b61fa089b9528493ade523ea5183a94e0d24,1,2,2,1,1,1,7e-06,0
1161087199423825,43c7583303d05decddac440d85ec736a8b6f2253953ea18db7c2a33236696198,1,3,3,1,1,1,2.7e-05,0
1161147342264318,4738f1169ed65932e80a2aaaa01cd1a594d33af64610fcc97bf97686593c033e,1,0,0,1,1,1,,1
1161183236124334,f569af5173dd43969a0a4b737b8dcdb5a4b55fdecb1e50f35ac0fca6dc583821,1,1,1,1,1,1,1.1e-05,0
1161214268995935,54a8d611489fa0faba089b2e3a96c61655f17962b02a1b95273e7864c487d852,1,6,6,1,1,1,1.1e-05,0
1161757879429943,6b33fdca2c1f3df84159904d4c760b015501192468aaa8aa381c1b0fc629675f,1,1,1,1,1,1,1e-06,0
1161785219493880,ce4bbd03396efc7faecf8229e83805b694eb49a58bb3a90c8f886c2db7385215,1,0,0,1,1,1,,1
1161821149372984,771020797153f61d77b331cab12bdc7b024330255db5ff2f362e112a6833e506,1,2,2,1,1,1,8e-06,0
1162408982536257,42663111943b4c088756e7a7b91bde8e87519bdef74b290e54d1ff01791a5daf,1,1,1,1,1,1,1.8e-05,0
1162531002132508,486aaffd0d6616c1c04cfe454262a5df0670ec173d46e8b8a38d8e96fd7b5dc6,1,4,4,1,1,1,1.4e-05,0
1162588322515877,c54812074b980ef2545d4dcd0c6ff03f3d052b12be68774c5f55df3700007308,1,5,5,1,1,1,2.4e-05,0
1162608665515661,e1e795da4eb94aff85a383cdc2ae40808974f0a96704a70add11127b4efe4184,1,1,1,1,1,1,1e-06,1
1162746096027708,4ba70a2eebfef62379516a96152483f5e93159e8efd59068e7b9706585957e34,1,0,0,1,1,1,,1
1163012118793099,f5c90e1305e3d273658a3c56e62f741ffed4b203a0556b05cc1f93aef4188d6d,1,0,0,1,1,1,,1
1163149672626497,5ee730f288a2a681739ed013e80b8e64fab9e1a02df2c96d2fac6234759bc9b1,1,1,1,1,1,1,3e-06,0
1163485155879271,2bcdb8e1f85d59b901b8117666dbe440dc5f09f1bac54ad292641f1692a85958,1,1,1,1,1,1,7e-06,0
1163595679239917,bf172958b5a02e2a8e1267f2fbf41c36c0b90355a666f9725e6b6140488e07c5,1,0,0,1,1,1,,1
1163680558645421,599219376a4e2a1bf41577dd2a3d80adb39cc69ceeec6f80adf41c9e210b0391,1,3,3,1,1,1,6e-06,0
1163815845887403,db4e26340b02ba70dc5d87315a50b8bc009b93c24cdd5f0bafc7101d78ee3c6d,1,2,2,1,1,1,5e-06,0
1163847275326364,12540810bdc5000a43d55259ea0fb85750eb2b4122febc1b93ffb5f0e53abe97,1,1,1,1,1,1,6e-06,0
1163993902006333,a5d56eac7cd00d5e2e8319f7a4a8cbc1a36a65a9ad1cc6bcfd759b7a547aa777,1,0,0,1,1,1,,1
1164028005870117,012c97de896b44a947e486865c37981de0cec39b3a587e9d1c7ad8679ad2b51b,1,0,0,1,1,1,,1
1164466969162224,5144053d6cf1f25445a751213a28a59262df2451029ccf18a33332cd10dc0479,1,0,0,1,1,1,,1
1164554289133375,71dbcf31c2e3784fbad618f035273cca4660f788cc04785d4b42a8b24459980a,1,2,2,1,1,1,1e-06,1
1164655035789654,243005c446171720a7d6df62620046e946de8b3189781ac650504702740a1940,1,0,0,1,1,1,,1
1165182142363330,d43412f1508ff8e05bfa71809388b1b83c7a3031ed1eef2066a8c5e761a3cb03,1,1,1,1,1,1,6e-06,0
1165203109073193,14e5226144cb56e74abe52e9a0a86e71ac2b04236b0cb605a338fb0bbaf9419d,1,2,2,1,1,1,1.2e-05,0
1165260292339574,043c6d4a4e97a71dc53fde508946543d9db5cce6ed867acb95e8684c0d3b623f,1,2,2,1,1,1,2e-06,0
1165352321792098,2b2a2d507b140716e59136a9d365fb30200592d232c926e89dd20bdce604f801,1,2,2,1,1,1,6e-06,0
1165506928880880,9e2141e9d2590972bff0eec740511ef1c8c4686da691cd7d5f52ba35bc03a4a3,1,0,0,1,1,1,,1
1165642025706239,75cc36f8263f6d872437efc23fe3d072314f91fb8f92675a3fce368b130a915c,1,4,4,1,1,1,1.1e-05,0
1165955355058329,3293f8af51ba5eaab9a979db3ac0f453e960b34ffe935169924dfc4bff88da50,1,2,2,1,1,1,1.2e-05,0
1166015031776264,9890611cb4338cd6e73bacf1bcdb44f6d635548392fb3187834022e9c848ea54,1,0,0,1,1,1,,1
1166211568949508,bc2680ac2b2be68782ccad08f2c2145a79820a3b9623de567e67b7b31ef98868,1,1,1,1,1,1,5e-06,0
1166695821673488,a12f3bd949e2232b0b7061a560a6b603b6ba027ae3c414e02df9020c3b406ff5,1,0,0,1,1,1,,1
1166791358932983,99214e8ec725306843fd0e2af7c5b8df7d353327a0dd77f73c6ba5e40e6a933a,1,2,2,1,1,1,7e-06,0
1167009202075699,625a789424302aa5f5d96ca5dcab493a08b7a7177faad60ff8ddca50e869eb39,1,0,0,1,1,1,,1
1167799432146562,1318fe467af43022f8410622fd093a1ab9fa7d6a82aaffe246e01dd67be5bcfd,1,1,1,1,1,1,4e-06,0
1168041861621875,be4e99cfe9e8b91048bc2fac9484dd8d47d0d21e4e8849b3a636119d9525d5f8,1,1,1,1,1,1,0.0,1
1168241155397417,65056f3392cdea6fab2c91c4f72bfe7899f77512da1c063dcc7a340fc5a0a30d,1,0,0,1,1,1,,1
1168407602115544,990e2de137ef1c4e7e5eaf985ec3bdf1816baba6806eda4531225bd53dabaea5,1,1,1,1,1,1,7e-06,0
1168465028595053,8c89704f5ac2c35efe0614e16f16dbec4faf7c3f1c5ade356b06ab2e1a9175c7,1,1,1,1,1,1,2e-06,0
1168574631461921,60458ee3cd1a1bd83491d4317c684cbf300456f027e80c927bb75c0844319f69,1,0,0,1,1,1,,1
1168702728568779,65d8f3a743f17d5ee58db9bfd2a7e89863dd62902ebb94cd67cf3db1cf7f6f3a,1,0,0,1,1,1,,1
1169065871852961,2ee9f3cbf42b516773b2f3c6b80eaf1f6907d52fe51254c501cca8f80975fa56,1,2,2,1,1,1,3e-06,0
1169079875326377,9985b3cc2ec9d18e4dd47ed80fc3afd1aee4e0065c8c67db0adc3a37520ec330,1,0,0,1,1,1,,1
1169253221340759,8cafb02ec87f1e9fd9d5343c21743770e1892960ef0f6fa0133739b152e9f7de,1,0,0,1,1,1,,1
1169330304706662,4c4473509dfa7c0ea9f6dd538bbc3994d5356e9f22c5b6ee40e5963e90d74d1e,1,0,0,1,1,1,,1
1169342798498479,fbdc34c03539f62df936f9d9df7e2db70c81d1baa82c7d6ebcbf85eb576ef79e,1,2,2,1,1,1,7e-06,0
1169516824681177,6caa9bf890c34f284c219c12e29b2ae000bbf34076884f13091bb742584a78f4,1,0,0,1,1,1,,1
1169551535384068,88ea07b66b67dc3793b3f66194aed93a34f5b1072595a80a39ef58524e187e51,1,1,1,1,1,1,3e-06,0
1169587408482023,1c6f6da18bd1ae19256353ba247b9a9c07c095bfe686e4ec496cd6ad30416d5d,1,1,1,1,1,1,9e-06,0
1169601461411271,9243c672e9bf78e3c532db941ccd29f84c4946d93eb48e482dfc00d3e884bd95,1,4,4,1,1,1,2.4e-05,0
1169609048004728,1a33d6b4cc67d45c6bd93e4ea0c5fa73564e5e4444be16094f811faac46a362c,1,1,1,1,1,1,2e-06,0
1169637425292749,08774c916879453f37167c67f5666d323fe289adfe09647d31ed6b51a1542727,1,0,0,1,1,1,,1
1170050757969584,d9ae3e901fd63c44d815ebeeebe9683eb021d93af6efc745a35fcf0f7bc42034,1,1,1,1,1,1,5e-06,0
1170147264617809,959747663940ba4a01956175a6bfc48801499fb4a58ccc3caa04c6b832ff09a3,1,1,1,1,1,1,4e-06,0
1170178604620211,daf453e08b23e229b1572ed92cfdcab9cc48674e349486151936700a965490c4,1,0,0,1,1,1,,1
1170195978019806,e0921300f3c2888bf4dbd32f1432d4564a455cbd01e94d2594549e668eaa9688,1,2,2,1,1,1,2.1e-05,0
1170214224656031,8bc3bfb4034e91abb196887509d66cefbd374fa09aba8e9b9fe9b12e3e754896,1,3,3,1,1,1,1.2e-05,0
1170421325180625,df69b0c17ee187b176b5083545c9baa5173088fc97a6691129be00d99a7a47d7,1,0,0,1,1,1,,1
1170582271833084,a81e4090143d8370eeafda72621a09ba45928dc2dad88e192b4439dcfc5954db,1,2,2,1,1,1,6e-06,0
1170637107879683,91871c360e656524065203475d45bed8b23ac5e997e9bf2a2de1c7c5bd1d853c,1,2,2,1,1,1,5e-06,0
1170716101303770,c9b45420974a36df4682fde54cc5fb9981d0bdeaf7ef5d40ef08d71fb98bd248,1,1,1,1,1,1,7e-06,0
1170821921853801,ce0a5eeb7cf6cb928aff79af19e26d70d2d4d76dc3f3245682e3e01db5d5f7de,1,1,1,1,1,1,4e-06,0
1170995058560631,5fa20d00dfc2f364001b1cb5a0a0aeafdb902490f2a9bb55f6257d287d4db95b,1,2,2,1,1,1,7e-06,0
1171061521233262,e4d84c64311fae4cd7996cd2fe4e786c4cac1add4adc710fddf25cd55109661d,1,0,0,1,1,1,,1
1171150321791002,b3415676435b5d754b841d9a800043b95a7d0ea28c16911f79da8b23438a7995,1,0,0,1,1,1,,1
1171249964970646,a8b9e20e4cb6fec5637ee92905223f727afb565bf5c28bad125d8014ef484f30,1,4,4,1,1,1,9e-06,0
1171261894449636,e5aa6c76884e4e6301c2aac3baf011a64bf1c303f07e81b85027876cce357c6a,1,2,2,1,1,1,2e-06,0
1171265184482163,9bf3bc6da13c8691e206b3b4194944270278d95134bd956402ffd06c239490b2,1,0,0,1,1,1,,1
1171355874533928,80672432183b4c40b7bc8714cc2be344781485285f7ba2a42768b9fa4d5481c0,1,1,1,1,1,1,2e-06,0
1171408011083382,d975e84ebabc340ff5e8e78d9c6dd40fe5576c43129f1e09bb1044a23dc9b83c,1,2,2,1,1,1,7e-06,0
1171410864420108,b6b5ee650cc02905dbba753ccd90817087e89c723b4b699bd4fe16c920b22baa,1,2,2,1,1,1,1.2e-05,0
1171431381605089,ec5212234afda58c6ac21dc073b7aebc7db1cd8eac6b580abaca49c254c60e79,1,3,3,1,1,1,2.1e-05,0
1171448031809023,b2539c6c1d708287fe341ce0337bd618eb7507f7bb53a522a5742aec6216a1b0,1,2,2,1,1,1,7e-06,0
1171492377762449,5b76297815587ee35e35f52ed474815f72e9866310e0a205417ce6429e52e405,1,0,0,1,1,1,,1
1172104867724708,3a4f94e0dc80fd16be29d318e5f911a7b30378e721e74909632653e463c50ee9,1,1,1,1,1,1,8e-06,0
1172186754324438,fcb0a70ccb1be23b89adb5c476e04080a4b9b719b1fa23657a3af1bd4f08d37a,1,0,0,1,1,1,,1
1172247981072224,9f8d90cdaed4327146c9382fdd2acc380d48ddb13a6751d049273dbd80e04bf8,1,4,4,1,1,1,1.1e-05,0
1172375261026976,922e95cb0df05d8ac39a893b0a8a378df48748d5243bafd3233e893a6d89fc27,1,1,1,1,1,1,6e-06,0
1172378527754254,00f6d28ae1763bedf6b12628469f93b9a49ef2e9b4fa533e1e1772c28b00d110,1,0,0,1,1,1,,1
1172424080989606,58a0ce90f77d9e60a4d95b3da7955cbc96436d490e62c271ce4170bda39ece43,1,2,2,1,1,1,4e-06,0
1172433664862657,73565e151c64d26e47b9a766249873fd761494c546089f4114e5a1a411e3247b,1,1,1,1,1,1,4e-06,0
1172441560973452,afd0fd257ca5a7007fbf9aacbb14e16f7b6268675d07baceb3fdf9425c9118e6,1,0,0,1,1,1,,1
1172606774404420,f6594b3cff1d2fd10c51f34dbb51c8a2021faa267f1dfa97c84f6f980fd1aa1e,1,0,0,1,1,1,,1
1172675887628541,4a364bcdb1996826bed88e8374cfd59d423230a9729871ee02ab4765b405926e,1,1,1,1,1,1,1.3e-05,0
1172760315015328,62333f90592d94cedca18e79a9905c7665c363ee3978a3fb95a18a272bb056ef,1,0,0,1,1,1,,1
1172814394954315,69795a4b46769ac2a4a65ed99aceb01f5d3dbbe2e74699c0ff078e047983713e,1,1,1,1,1,1,9e-06,0
1172883340976136,50b582473171decee17efb43f31157e69a008ffcf7fef327b16b9ca0f2d3723c,1,5,5,1,1,1,1e-05,0
1172992518301860,507fb6f4ce0367d7851620cefeeaf8ee799808b4c868b30b01daee344eb7b071,1,2,2,1,1,1,1.5e-05,0
1173006404239552,1893555769cf0078cac35ce72e564e0cda0f4f27c1e313e3b1d35f8327301af8,1,1,1,1,1,1,5e-06,0
1173091877701960,da77bdcca445c2a59086837b5398402027f93750e7a976da37dc819d2e348a6c,1,5,5,1,1,1,2.6e-05,0
1173101108259715,b2e7178a22f9c6e2e59b9ca7239145a809aac7343ae56485957ba28efc78d145,1,3,3,1,1,1,2.5e-05,0
1173141011576411,ee61a5e275bf2c00a2bacac8d4acde1672d4c4e3ead90b4da02d00df2976b5bb,1,1,1,1,1,1,3e-06,0
1173174221444660,aedf562f08b0cd0415310453e363dc8ecb31292bf89b25fb2c96f54632258b5a,1,8,8,1,1,1,1.7e-05,0
1173204790908988,5496143c7ac6c79385669996cef402b68f47518f22d4356ccc46fb3b299aaffe,1,2,2,1,1,1,1.1e-05,0
1173350978259206,2265066990626a741c16b0f0f38f146d1ce15d8074d3e80e5064165f7ccd10c1,1,0,0,1,1,1,,1
1173364300901538,e00f60871db44dd3ed8a6bb28b7c1207772b1e43139734777b6acc64414e3b05,1,0,0,1,1,1,,1
1173570601535744,9d28bfa9218ba5c5f4b1da623aed63f4f06ef7f0f53191a20b5a4dbbefd012ab,1,5,5,1,1,1,2.6e-05,0
1173596937661143,81f12aa245ed384f3285450674b86707254337a74e098fa2aa5f23b393528590,1,1,1,1,1,1,1.2e-05,0
1173600790882954,a922c5482dda4cbf9d2a1ee0b9fa60ddd973affd91b34368b714e5ad1d648463,1,0,0,1,1,1,,1
1173633204185790,c49538468ac4982692b55399d0fa0dc9300e5e791f076f557d76238e4f1f2a0b,1,2,2,1,1,1,1.3e-05,0
1173692288033927,c7a81647b30408d3468f0be902e603ea29053bde37469c42e98194a2d5e94782,1,1,1,1,1,1,3e-06,0
1173945828135438,8139adb5a2397eec3a666bbc95d756b13a012f57469edd8fcbfb3d1def442c9c,1,0,0,1,1,1,,1
1173946574168838,144316773b85a405e4e947699e6b48f8eb0030312e8c39fa9547be907e43c2d3,1,0,0,1,1,1,,1
1174282621470002,67eba2ff79943e2485aad1d24c8b5645348a901cfc96a669f9ae1181f77c11b5,1,3,3,1,1,1,3e-06,0
1174297904865392,3da07779912a13ff59d97f99716ec32c75cd2f7a2dde2c707b97a9a5e174671d,1,0,0,1,1,1,,1
1174436154216384,ca13458394ab32b13eb398e04db344109c73368c457ea13fa5331873d1ebe68a,1,1,1,1,1,1,1.4e-05,0
1174485611315317,91bca6db94308b49b649c874e27b7a4cbc8dcf6880070855b95517af59ed2204,1,1,1,1,1,1,3e-06,0
1174522807434928,ca2dfef5eb5555a958da8f3a9951c8ff0c766437898c265e907f39cca13dbee8,1,2,2,1,1,1,1e-05,0
1174700494625280,04a9d932a8b36b11ac58fc133620d3bb4e62f66ef10792c5c8267d04c6a8033d,1,3,3,1,1,1,1.4e-05,0
1174709947415900,af11b897c9d432dd87da6bd5d19d891c16f8bfce5f7b58a0a970bb12f05d4903,1,0,0,1,1,1,,1
1174712820694924,40f67cad8f0a9ee51b44b780e0185aff485d1ef2bbac2683e4aff1ceb7ea0950,1,0,0,1,1,1,,1
1175095874018468,1f59abaf961fda096fcef9ffe61cf81d02f46e0fcbeb8cead39258c9e6970139,1,2,2,1,1,1,8e-06,0
1175197950717494,061aea9ccd6b8787af29dfa073a4ad7d3f98663ebfbd20b19b553eab67c01a4d,1,1,1,1,1,1,4e-06,0
1175215421343132,54b95ee9e99f3bd00ad8817931159536ece2dca569fd6f767ce5e3cccff80d8b,1,8,8,1,1,1,9e-06,0
1175268520616895,69f14c222ec0cd6e3b01f1aaf57f996b376f643ef4a3086cbd41fef7d20a8555,1,1,1,1,1,1,3e-06,0
1175325897859007,85738c2eb7257789082d80ae2ca5eb40cd1c22dc17694ba5e5d44926a9ad4431,1,0,0,1,1,1,,1
1175358303988566,edaa25bf4160db754d791a9b368c2340768142ddd19ee711a27261274eaaf052,1,1,1,1,1,1,1.1e-05,0
1175437028100626,15e4ff78a43aeb18ed6234d41243516cc39c4014c810728afe71d13193ec407a,1,0,0,1,1,1,,1
1175549077330696,4f6b7b2eebd30e81e2b90ea2125c9ae4f4399eea335c6636f8e509efa8d91b50,1,2,2,1,1,1,6e-06,0
1175675360603095,53246ed006e6fc6e7997bf51f862958de72e656468b733e259c389166620888c,1,0,0,1,1,1,,1
1176042994620218,55af959c3de96d10864cce7d851f453ee1a37d62d43f3839dc520b0088cf8481,1,1,1,1,1,1,5e-06,0
1176216074471850,570c2f0f600704751885077fc99440d86e848a5222405c94268ea9a45a4c42d9,1,1,1,1,1,1,1e-06,1
1176599447134880,8c80d7c2486dc58254631799fa279a6ad4f911d9ac0654d9ca33dc88a38e771f,1,2,2,1,1,1,5e-06,0
1176669517863216,c250013818a4a86bf0e99078e5f6877518f5b7ecb11e260db81134e93bfa929f,1,1,1,1,1,1,1.8e-05,0
1176691381081047,9198508e2db792e63691199dfbe7578ea42aa2e26f31809a1d622984ee787799,1,1,1,1,1,1,1.7e-05,0
1176820930749230,8f5d4994f545b1f4a1fdbd4a6d9526721d584577e0cdc946ecdd5a611e1c6af5,1,1,1,1,1,1,6e-06,0
1177061797249401,8db6a1e7821bbf319a8a0a088e76bf7fa121c5766c2216147665b96418cfa810,1,1,1,1,1,1,4e-06,0
1177237041027201,2593a1cade9d28caccbe6e847f4aa5a0580ea5e1d9e85694b42aab458ebad799,1,1,1,1,1,1,3e-06,0
1177267194373309,e61022c2c08b51e34264e108e037c74524b63686f1ac368daf826b2735d5448b,1,1,1,1,1,1,1.1e-05,0
1177286373733530,78dc6c968a84ef523f306e6a3c1cf38bd79f656a029284bd1fe5b20fc018b02d,1,2,2,1,1,1,3e-06,0
1177415684339196,81bf2683c7326a1d4146934ec1030e7e4c5cfdd42620adc4540cf9d0258b5b4f,1,2,2,1,1,1,1.2e-05,0
1177576067801836,c6aa79a293373520f465e18346ce1c55d09cba66b3e849b4675eb5b86a9db0ed,1,2,2,1,1,1,7e-06,0
1177607777668073,ad97e50ca85b70a8f8ad075dcf8dc1049ab727a44fd30914e38a5a78ca9b1d62,1,1,1,1,1,1,6e-06,0
1177713847794062,fd465f4dc92d71f7faa953403ad2a23c1fa2bdc84b129c9d7e8e037cd60509ec,1,1,1,1,1,1,5e-06,0
1177805304295384,861af6b83894494d0c450f44d444872c388cf8bd16fb42a1b60389abc7c36993,1,0,0,1,1,1,,1
1177872443727127,05dae5ebeb038127aee4ebe8c04c20f862b70c16a466345c69bdb2343c81dba7,1,0,0,1,1,1,,1
1177960070422971,0032e04fb485404f6f7f6e9c9d298f5e8487b96050793db05757ba2dd97616b5,1,0,0,1,1,1,,1
1178004944474748,3f080455862550d897207343ffefb39ca76a2de875b9139c364530b7dd3384b2,1,3,3,1,1,1,4.2e-05,0
1178318394223387,651e3ae80ea5cfa46786453e26bcc0078c02b71af5e69201805a5fe5a734cc8c,1,0,0,1,1,1,,1
1178357017724062,02c733771c12fbfa52577b4e3dae3395e11d2260aa2956da47ca95e1827838b8,1,0,0,1,1,1,,1
1178427154262076,32754203df9b62a2501c8cfc3cdaf2275b692ea9b5404d98462c49e7faffda0c,1,0,0,1,1,1,,1
1178500261048064,e16f2dc20d800481c2f45891168df2751c168adbc5b4171e815f6c97aaa2a128,1,0,0,1,1,1,,1
1178603677580135,9550cc1e8f26204a05b05eab280ae4e4279217a032a8596b04195a44d87f1a8f,1,2,2,1,1,1,1.7e-05,0
1178660506932551,5d883010f30477321fb037694d30f6af5b8658545cdaec5fe37e67008823daaa,1,3,3,1,1,1,5e-06,0
1178704630559175,eacd48d07c37132281dda5d6ab9c96ddc891e203178a7e85f47f0c2d49390b96,1,2,2,1,1,1,5e-06,0
1179001517531083,3d575c8b89a0cdcf8c39162d3fa4fedea8d9861f1235bc6142a0adbdefa5db28,1,1,1,1,1,1,6e-06,0
1179107201029777,8d7b677f62c29a0e4437cddeb9f7bb46127319797928c269446be559a4ddc99d,1,1,1,1,1,1,3e-06,0
1179406366917142,dfeec48ac18238af8741149a1e8b9f0a2cd45e41755790874079bdf419561925,1,1,1,1,1,1,4e-06,0
1179567033575032,ce25fb72c3a4b8421901ec2b16ff766d9042e869f38d2a1e08d4ddda868541a1,1,0,0,1,1,1,,1
1179607787477212,7d05277322c4c383f9ae10042e8e9b183552960f5c3ba4c42dbdb98943bbe9ac,1,1,1,1,1,1,9e-06,0
1179767674081769,63e6410a738c6c8faa384f92e021b7d0cf0c06b7575a90eec3774d0adba3cd8f,1,0,0,1,1,1,,1
1179803970753120,69308f19ef3e08a09f3d8cead91dc3a93942f0c57b44b72d283b8461a2037d4f,1,0,0,1,1,1,,1
1179828597438890,aa28f900ca2b4bc7a36681756c66501ef98118573bbe9cedc6d2cb05be4fd8ca,1,0,0,1,1,1,,1
1179956910135567,0013c533e063d412305096b60c356c4c1c3c4c94d260209974e89b1a7ba00c7a,1,1,1,1,1,1,3e-06,0
1180255453535318,e1009288ddb66b836ebcace758e2dcc046a76d24f2657e1cd07996e141ac422d,1,2,2,1,1,1,1.1e-05,0
1180312077397858,3241ebeec242b8bea5c9e5df2b43c0bdc078511629efc0a75a65be9b6736a976,1,0,0,1,1,1,,1
1180434736746813,09420a6807c14d24723ef6c370622695041f765727ab6a0a8c6fb8416d9d38b9,1,2,2,1,1,1,1.5e-05,0
1180640753517164,d7139ee09eeff4b8cf863f0ebf7328a83e6b99bcb246ad7f303900150e07ed7b,1,1,1,1,1,1,1.5e-05,0
1181138093398471,65fe26ba6102beff723c8cab7682816036b1dd85d97502548c4908a1f7923601,1,1,1,1,1,1,6e-06,0
1181194950626836,e01eda656b861396a2bf741ebe62e469977737976be5daf71a041a424065f14f,1,0,0,1,1,1,,1
1181254024102860,c035c3714ec21916c15e00a2298b941039b2a28196328e0adc7a1058802a7c3d,1,0,0,1,1,1,,1
1181283750781548,66a7644868e1d5be30fb14ea51084956381d36c6680008aec267fa0d84459173,1,0,0,1,1,1,,1
1181349863924961,40d612277cc0e1b57b931f48ba5fa71a4ca67c270eb1cef59a5913f609ec76f6,1,0,0,1,1,1,,1
1181419734053986,61975fa702c521ee620e7512fbd6f922532f24b3a124f169a5f6532883ae982b,1,0,0,1,1,1,,1
1181425153417376,ca667c1077ba4d66279b62778dbd6a3f09d0b1a8d92d8cc98ec72bf3bce5c49f,1,0,0,1,1,1,,1
1181716803920512,bd1c9468418c3d2225cb01ec888c4260f761c412e1efcc044c8ff76634d453ab,1,1,1,1,1,1,7e-06,0
1181717250578171,45eff931d05c6fe42bbab73734af7ea8d0f4d0186202c1a7ce3699b02d046a15,1,5,5,1,1,1,2.2e-05,0
1181777676723249,6fd605781ccbf584f28e389d4784edb628393be11127fef6bbeca408ec7a9ad2,1,0,0,1,1,1,,1
1182012583868921,e44e43de9f2d1f7e89dfc6bf6321efd3992c84dc274d90577faf823e8408f886,1,5,5,1,1,1,2.2e-05,0
1182035113254939,1187029a1d60c5904b42de119b064ac61dd64cdbf7f114970634bb5942d01ecb,1,2,2,1,1,1,1.2e-05,0
1182056710017641,c05151dbcb7833d42a6e89a45984b03bef506b5c0153911cffa757ac3ffce490,1,1,1,1,1,1,8e-06,0
1182067336583151,38a5eac6ad6ce7442b639b8a9cc5a548a4b782f304d67e0821446d484ef1f8fc,1,0,0,1,1,1,,1
1182145177351739,bb247bf02c19c9ab73bd552141676da0dec55e46f356c37be11e170b32226b25,1,0,0,1,1,1,,1
1182304613850643,4517599e0b9cedba9a3d8a873a4abd99e9ac7e699e3812af2144539661f2e144,1,2,2,1,1,1,7e-06,0
1182474593813858,c92dd1596af059e23bf7b5e3b9d8ae931ff445f1016ea001b69c50b2984293e3,1,1,1,1,1,1,4e-06,0
1182686880470373,33b7c281be36aa15c823665720d7e98b2769d06a927347cc5e1e131b2b9428cc,1,0,0,1,1,1,,1
1182774803825137,5458941297d2bd9d96271852a1ffdb1bfbf0f0867907fd262d9f295da21369bd,1,0,0,1,1,1,,1
1183438120327673,25d1ec8562653d2da2a22450f77b1f427c146bdeac2b4ecca8063911a056d4a8,1,0,0,1,1,1,,1
1183492063882489,3aa0df414fc1c15b17cd30bf7fe4202ce5aa0c88a5dcb2f64d6ce831039fb119,1,0,0,1,1,1,,1
1183532017080804,26b30244edb616d9121e5f336cf42544f65035e14cdc407e01821e87ac5d15fe,1,0,0,1,1,1,,1
1183652653720081,2b74ca9877546291d8c24f37f81ffadb0ca3db30697a918d03fbe48b55caad55,1,2,2,1,1,1,6e-06,0
1183782253702120,e814b320d27e0f86f04ab8dc3a2630aa1e829c0048060255e524278b172843fd,1,0,0,1,1,1,,1
1184002807198875,7ed1475fb62de483acab1dc76724fb6f45e463b79a4f13aae7636a6bffdd015e,1,0,0,1,1,1,,1
1184219183653078,f3eed97c337da4d24e03cde918632629745cb447b73e84af7c5acaaec228ccdc,1,8,8,1,1,1,1.7e-05,0
1184347160428908,7323c2c4e2be3e08de7bedd66a5da05a7fbfafcdfe5883a983470202a8e6ca7c,1,0,0,1,1,1,,1
1184684717052772,e789e9426480edcae8bc2302058366ea903f68008184f14e9be75b19a328b469,1,0,0,1,1,1,,1
1184821623101140,ca651eeb7cad704d77b099de8c3b8d503c7f7e91e1a9472a653a39a215cb669c,1,0,0,1,1,1,,1
1184863673583712,4b0602f46fb7f6443908920a85897e7079cd093572693762aa60f9e21467eb52,1,1,1,1,1,1,1e-06,0
1184890566933696,fb603562119c8b61a4bb6ed1a13749648fae2a8fbc3b16c07e29186001c01cb1,1,2,2,1,1,1,6e-06,0
1185055240246407,f44cacef9ee0d21224070437f471cd35ce0acd249a5dc9a53b40e5209c0b1ed1,1,0,0,1,1,1,,1
1185104093581184,2136bdb6a3764c3ed0fc79d50d8c757b941ad15387f9246ebbf19c366e554033,1,0,0,1,1,1,,1
1185261707000507,944a74b444d6215278064bb62fbedcf9640c0679b5c311a98c9761ea4dac249b,1,0,0,1,1,1,,1
1185713806822866,e573f10e7fda236e442401aaeaf1843765d984b544bb7e0db9cabaae9b8e715b,1,1,1,1,1,1,2e-06,0
1185971140298273,f7285835ea741f9d548ac98c8f9a32310f3386117836bcd484f8a947865f3390,1,1,1,1,1,1,2e-06,0
1186190536799649,1e4abfb0eb5910e4a683f8321d4c43e6d8cf0a456aba7826c964ed903f1a2a89,1,0,0,1,1,1,,1
1186316823465552,990cad44fa397343f72ab4d91d634005d5d251cd7e9cf64cd222beaed1f0622e,1,1,1,1,1,1,9e-06,0
1186523316904857,92c104a723caebfed095ad571ea711f0fccd6d0f7a6f28113c8f1ee2d8d95618,1,0,0,1,1,1,,1
1186552606760634,c53ef8e3d7cf13d7341a957b03206705dac498913fc76b597353173ce2bd6c5d,1,3,3,1,1,1,7e-06,0
1186703176891829,edb6339d8400f4cbb3005ef6d54ec9ca728752075868a54dabc59d666d83654b,1,1,1,1,1,1,7e-06,0
1186887400058569,2a565e7d56e0d0d495ede6e45e28d4605b7fdf1a648a0b34aa44d183d2ce0caf,1,0,0,1,1,1,,1
1186944820058838,1bb7a007d2c02f229d09e8ce55d6acd8a5539821584a84bc3de29ec79478e540,1,2,2,1,1,1,7e-06,0
1187288976664177,494c91964b93574aca41c5644dfa88f17a96a181e53b8369a32608c62872050c,1,1,1,1,1,1,2e-06,0
1187640573339215,86bbf5e2ede30cbde2807c19ef4ffda1a9304db954be94bcac5c207e4a321115,1,4,4,1,1,1,1e-05,0
1188095226590434,8666951a5e306879b135d6f301389b3915c53087d158ab23ceb4a5863af1f08f,1,0,0,1,1,1,,1
1188737136507058,0afbad18815fb561fc3ca00b501c84bec6925651da0ab07e4ffbaac82b7beeee,1,1,1,1,1,1,2e-06,0
1188774669881877,84d7eca38028271c717b63b9d69ccecbaa37584f151946985757cec58baa61bf,1,0,0,1,1,1,,1
1188812616534973,da8c32227e89d27461c0a46635da64984d6ec6df21596db0507e59a790d3d035,1,0,0,1,1,1,,1
1188925376501066,729a188f3c6ba0af9fa81ff018e89f4c5e37d4cfb820cd104c671d1dd54a4d03,1,0,0,1,1,1,,1
1189218416496855,9f740201d83536ed03971ec7f485acb89bb8b9a27f8cc2558ae96cebdd5bf9fe,1,0,0,1,1,1,,1
1189481365904877,ebe40e097ccaa0679b1b1903002c8bb135012cc00b4f292017c46941d3a6e304,1,2,2,1,1,1,1e-05,0
1189690905861602,deb71934283bb19edc88cb83c1accd5e2abc8c09c354c4141da999cb6c496ad0,1,6,6,1,1,1,1.6e-05,0
1189811873099146,2b0c215975ddfbca25ad4d1650931cf06e22d529b3f2445f6a2582856fb0a933,1,0,0,1,1,1,,1
1190201449661742,3ac52bcd4c090d714d88e597a5a422d538a495dedb1f926beb640ac80749182e,1,1,1,1,1,1,1e-06,1
1190477442859892,b4a956151d29fe74731330a897733affd60742a23b9cf0f5ae5f86a11a93023f,1,2,2,1,1,1,8e-06,0
1190802949633266,c84bcefeab5d1b265be6b49537c6090efe5858de2fe64b23fb0cb30f0ba37809,1,3,3,1,1,1,1e-05,0
1190853232954368,56941828dba574de7b8b65d7a5603c2c5d0cbd209cf85c0fa55cda5f3d60b091,1,1,1,1,1,1,7e-06,0
1191031919615871,cbd56af27c265c41ddea68b25a8ba6f114b5c81e57c3ceddb0d64b61daabe07a,1,0,0,1,1,1,,1
1191335736241145,04d67312c329b0e2bb946dcdf8256fd17c6757a32211c0a22c6b2930eac19e1e,1,1,1,1,1,1,9e-06,0
1191445902952061,8654086f0e4ac4d3a2d69c90e469baabbf90443466bcadb335bba65bb84e4c1d,1,0,0,1,1,1,,1
1191561722885392,2988a50b783a6397b5e76d85c4eb20a10d5c8ebf917259bb3f9c2e9d0b502804,1,0,0,1,1,1,,1
1191647066268758,9015c3bab32706fb69d49b6c0b527626397025a01e0208634d76c3fbd9d4a758,1,1,1,1,1,1,4e-06,0
1191723879501275,8068eef7c223765c6f403a026fefe8ec0c546bf9535cb7ae3e80f4a909ad2119,1,7,7,1,1,1,2.1e-05,0
1191920285607468,af87f48c5a28161764e1d1be993bb51f4138f24e6a0fe0bf12973f80ad7f137f,1,0,0,1,1,1,,1
1191988372850654,85e57fe7af78c44c7909f61a9f3d941b79b5f26cc0b6d5577137ad73d469eb55,1,0,0,1,1,1,,1
1192027366160422,d5e92f49d3dc3bcc24c44a8f87717bc4fbae5842ae694447243013cdec720b41,1,1,1,1,1,1,1.1e-05,0
1192147546160098,233ef6e0f8b9598b739256bb5b4b0b078312bab11c923e62470f278cff49aafe,1,0,0,1,1,1,,1
1192212643027728,4fe2b20576205f0c9d6d709d926923b137ad66785ab31a697dcb5f2f5dcfd01f,1,3,3,1,1,1,3.8e-05,0
1192253066123262,97cc13e0a4c15575c94cf4c29d273c587f3cc10dd0543059581dc1543a3ca44d,1,0,0,1,1,1,,1
1192263212805322,3860afcefcf44eeb35dae81db5cf72b65a30ffa7c0dba3b5c85668f4efcaca48,1,4,4,1,1,1,1.6e-05,0
1192677482805583,fc5bbde0ff210bef010510c26f95009b5508d83307e814bc1fbbf0ad9f117953,1,0,0,1,1,1,,1
1193263539370400,cd8996ea6d7854345aee804ca7d3223996f30c0ba3406576ac641eeca33dc062,1,0,0,1,1,1,,1
1193373302678630,c538e794bcee7410f1f7ee87a042b4472d3da80f63983d1230ee97993c12162d,1,0,0,1,1,1,,1
1193447575471745,30c7de04719ad8acf6e6d1f60c0a5ddea9ff255f03ec71a680cc9b985ef51694,1,0,0,1,1,1,,1
1194049552623195,e047210270daca28bd613c1de59961187f51c11d4c76f064fec31fb6f74389d9,1,1,1,1,1,1,2e-06,0
1194156079491691,dccce16d1bbb2c3dc5ea6dde8bdc41023c2212a9cb556ca86eb6a8c0c5e80e37,1,1,1,1,1,1,6e-06,0
1194322369232495,122b909fbafffb557ae8f8a6e52c5ac2f6c276b2110feb589eedbe7f6aa3f794,1,3,3,1,1,1,1.2e-05,0
1195126635835838,c7736c9ad03d49209c5373c431544a50e062fc59197288b0bf78d41a387522bf,1,1,1,1,1,1,1e-06,0
1195362575861586,e4202777d19c5601f1aeb32aeb0cbff9da4f838e258c557afb12a4cd642cb5e6,1,0,0,1,1,1,,1
1195391172471341,684088f386ab76eefb5e7e13c708893868ac4f13b3fe9ea4dd38a3d462a69096,1,0,0,1,1,1,,1
1195432622446061,b8b92986ca1565f35a65dcd80aeeb5442b2991967bd43f101f392c2653ca091d,1,5,5,1,1,1,1.5e-05,0
1195454065874533,0bac1828b60f5a5a77800d8c18f5dd03467532b2e7006700de0ab9205eb2ce7f,1,2,2,1,1,1,7e-06,0
1195902002462640,05a37924d2641ce90540a79e67c3f5f3e0847d4040e484c40f08b6a6f631f68d,1,0,0,1,1,1,,1
1195985855743019,b806e736dddf74305506d34398fd94804a7a8122435af702bf5cedc9b7e1c638,1,4,4,1,1,1,6e-06,0
1196417922450926,6b5da4075088cd0f86cc4452f7cd51bda0240c901122d4b05009b6c0cb478d3a,1,0,0,1,1,1,,1
1196499542386775,328f587f90ddab02c399775f08bd61c217a59ebe13dd657ee2cd9c66cfe2e4b0,1,0,0,1,1,1,,1
1196887899046793,e56ed962be237e317ad280879e75906507b012a4832e9bb6b3b2451aad0deed1,1,0,0,1,1,1,,1
1196890405687204,3134a62c2090055ffac1af75430cb9e8e857c0c1821be12097ed00b3e6a71f67,1,1,1,1,1,1,1.1e-05,0
1196950412327721,2f6228b083eab7426cf5bb9016049ca155bc97b95fb0f4316d622e62b0e3ca37,1,0,0,1,1,1,,1
1197142865680814,b2f70a6cf6d59b4385d1e8defbda6b7816bcf1d738a37d2ff59bf211c16a6525,1,4,4,1,1,1,5e-06,0
1197229745609997,3f4a27281e826d4fb984a6faacb062af779b45089ac97a1823350e4aadd3da65,1,2,2,1,1,1,2.6e-05,0
1197489112297418,4264a0d963dc551ca921c581c883dfa002b0da27525f7a84a05ed19ab2374012,1,1,1,1,1,1,9e-06,0
1197633402251158,d446a5bfc42ea362ea1c1bda044835c3df8543b5df104b79c15a5a86aaaf1d89,1,5,5,1,1,1,2e-05,0
1197785608939016,26326fa3488d9491fe1b36f24e5f02f1ffb6b245c1c249f73062a67af56457e2,1,2,2,1,1,1,1e-05,0
1197947442263947,03bcb4aacbcd9c80416c4679ad3a0e2c6ac00e7bb0f03196a2f8bf71e1179f69,1,0,0,1,1,1,,1
1198146822231947,91c67f212d76d6dd6964d334223192d98ee07d95ae4cceba4a5c4c0d394410d3,1,0,0,1,1,1,,1
1198197502204100,8ebdd0f8ec0656cf8832968c4b3b7c066a7ad61e6ac732ed9df95a8ab679e35c,1,1,1,1,1,1,5e-06,0
1198296419031409,0853910235a55b613084e83c89b04af987ec520effa79f4fc9b8e775de9692f0,1,4,4,1,1,1,2.3e-05,0
1198758602104685,62a336e8e3284759a4fe407c641f26c9d94f329eb4a84e81ff60ba8030c47418,1,3,3,1,1,1,4e-05,0
1199136398946602,62cfcb0ae51f7b6d5dd43901770cccf8752271cd8347b88e3b191850e1d3c72e,1,0,0,1,1,1,,1
1199181382092864,cbe03baca15cb9f5d8cfb5f96c3895bf2033786b3a50bf09d477475773a3c7a4,1,5,5,1,1,1,1.7e-05,0
1199246088736052,8dd39af4a9bf831177244cbf0ea291b5bffb53483e88ea3aaca8a18582dea0de,1,0,0,1,1,1,,1
1199381932253260,acb17e01a63ee7ea0c957fd4d38ff95f1865f97cecceca9dff96f98dd1c17479,1,1,1,1,1,1,4e-06,0
1199438842077413,26099e3fb273b850249f1fed721d0ad2d1715eb6ec9a312711c7ae4b279ad301,1,1,1,1,1,1,2e-06,0
1199473765401173,51b6d2f8f22cca7e29f1ad1807045191bfffc49471216b945d0711c605878973,1,0,0,1,1,1,,1
1199605305633931,7bc24123e54d93f12813cb34a2b48d00a43b471d079b2e330a7ce83dd32813f2,1,1,1,1,1,1,4.3e-05,0
1199718585559874,75e61846b7746bcd868debc9eaee7937a4912239a21f9e1452d715737a6ceb17,1,0,0,1,1,1,,1
1199725878734071,3277656902b81e715cfa385dce960a0a469aaf29448ebf820c89604d5a9530a9,1,1,1,1,1,1,2e-06,0
1200740381976827,9d47a88ce5b40109f4774351ad3da57ac76ebddc5b832c27b8176e61d3b114f3,1,3,3,1,1,1,4e-06,0
1200770931902867,bd23854f77744646d78360896a68636077ffddde6a4164aa58ddc12302df5534,1,1,1,1,1,1,2e-06,0
1200927218577293,1548905dbf299569f691c2d647118b9d39e0b8a415dcb7a206cc52812ae2e609,1,3,3,1,1,1,1.1e-05,0
1201128748554802,b32f3f8044226d8a655c4de952e83ebb1f56347b2694f6268081410f05fb3bb1,1,2,2,1,1,1,8e-06,0
1201436495379293,caaf02b3b87de39aa02272656b4963960866c6e17a5282cda0794f9f7d60f5a4,1,2,2,1,1,1,1.5e-05,0
1201614681873300,7dbf86d76bf16516d29dc10ac05929d32009233a743b2c278e1de5f4601884b1,1,1,1,1,1,1,3e-06,0
1201690791818230,85ae7b7ed35a7b4a2fc42745434aaf1bc5e65d393928c0833a01f1e063702987,1,0,0,1,1,1,,1
1201917181851892,3ab4a54d377197ad43f860d31f593ce1272aa833ad45b5277a021fb471185d3c,1,1,1,1,1,1,1.3e-05,0
1201989185170017,9dd3ce4e6a05722939e5a584286399db7f7d2032c39554af617a829711b8201d,1,0,0,1,1,1,,1
1202053695146277,781f31968b15927974e031517c78d88244dcd89cf54d020c289055947a8600f8,1,0,0,1,1,1,,1
1202187915308720,5304760e9d8ebcd4a99b2eef9530d4524524cc5bb1b509f9ad8a90d8392fb6fe,1,1,1,1,1,1,3e-06,0
1202284968424172,6f92621134c8300e8d4fa9b7a2289ecac89b919671689673138f1e9ef7524432,1,1,1,1,1,1,1.5e-05,0
1202422531779071,6a422ba6bd88261788d9460add74111c09cfc3f3897ff001e3416edadeba9350,1,0,0,1,1,1,,1
1202453825282277,234ae2c5d2a79a862353e15e9041215c95b3fa5c42b19d285b3c5033ff6b6cad,1,1,1,1,1,1,1.1e-05,0
1202727241726764,0a7cbfe00ec07ee23fe62343bcd8a826b059db6f40531a32304c6097b4798398,1,0,0,1,1,1,,1
1202759731759414,958064310af01b2c31373bcc4b4f3fe3775b3f5eff65a644794512cfdd37e00a,1,1,1,1,1,1,3e-06,0
1203001731687353,5da7f92988d07d1b3e38132c3a942eeb387304e0dc003bfe666d66af41e08ab9,1,0,0,1,1,1,,1
1203135741666343,89a0e73e26b581d2a70bb69020c23cfdd9de6bd836c818d95f704e32e5a784b5,1,7,7,1,1,1,3.6e-05,0
1203570978360394,9ffd81c82735df2cc42e8210928e82279e73b3e5494d31c201c9bf594cd2a978,1,4,4,1,1,1,6e-06,0
1203712331627552,c6bceeadf3e79b669e853c69b0719a71a0e2bab255fa6d52df8867ab3fd90995,1,0,0,1,1,1,,1
1203825611681258,556ad7fec9f905cd64f9823c68594da1a3425c841d0483a0ffa7a5207be43dcc,1,0,0,1,1,1,,1
1203927588261141,f5ca4f03e4bdbe53105a22195498531f87134ae86c8a4929b49738a0a16bdce9,1,0,0,1,1,1,,1
1204092771618604,bd3a962313a6dbf6b0b361c685c33869e4b46a6d4958611e542fb4a8344be7cf,1,2,2,1,1,1,8e-06,0
1204101624899698,8d7319f565e5536645f8aa6c4422408ec9390fd88622c5d8f2515b99478cfcb6,1,0,0,1,1,1,,1
1204772971520744,39e2dabf930c230473416e522de49260973d66dc1b72598f0f124b9e2af4ebba,1,2,2,1,1,1,4e-06,0
1204977745028560,cdb1797b4b6bbb9503c1e190bba4476d9b84f038bf34505cc5c0ef033f60d2e6,1,1,1,1,1,1,1e-05,0
1205117015017010,ec08a7a9381b0992d378965ae9176eb1716e57e7fbb90d6a1fb6bd5f1578ce71,1,1,1,1,1,1,8e-06,0
1205801881396786,ce7e7b224797f535f68d9b75104958fab60700e3420dd040506b1be211c103cf,1,1,1,1,1,1,4e-06,0
1206058394713381,fe86b1d2e699e68f4a80627f5fc72d0f28ad59bddbd9087e0c179c1ad13d20cc,1,2,2,1,1,1,4e-06,0
1206072428060676,38b4665398b46e76d178ecb2eab706b258801c1488faf72ec457b5d9bd9f4e11,1,1,1,1,1,1,0.0,1
1206095024721717,9b041aa0adf58a74e1bd2d52d212bf8694fda587bdd5eb8b8913d71ef5906730,1,0,0,1,1,1,,1
1206273338034363,dca1306b8960481d21c069a94748cbc2dc3a1ecfa739927985fc0d0ab858954d,1,2,2,1,1,1,2.1e-05,0
1206585124866484,8433c187cff97de438b98be36ff9802a5d6255afe7a9a4d0eac0b0acaaf15303,1,1,1,1,1,1,2.8e-05,0
1206706948049155,60cdcbceeef4629b96842837cdcb878a8867540c860cb6f8e4b38eac0cb430b0,1,1,1,1,1,1,5e-06,0
1207365297930091,d0261112cea9df9b1535fab064fd09862cf29a1fd78465f42540affea134e526,1,3,3,1,1,1,1.5e-05,0
1207425427909557,7a367263d24ec07074deccd739429809c1edb72015e3d7a32a48a2ebe80e5de0,1,6,6,1,1,1,4.1e-05,0
1207464137951583,61df17a689a45982871d9b605a5449d6c34f23f8097fdb67a9d227c331890b4a,1,2,2,1,1,1,1.5e-05,0
1207531971569998,094834278ecaf5af3cd0fdd0f7bb581bbbb3b24dd2a26858737ce916f69b4ad8,1,0,0,1,1,1,,1
1207581654520366,d8cab2d61fd0f9bccfbc900ce9363501abb0a12b9fa75f394eb968a279a725ec,1,1,1,1,1,1,0.0,1
1207672781222894,7a3665f7c53b09c02655586075c7d6e852dbcea5d6044c915c646505a2b5dcef,1,0,0,1,1,1,,1
1207976457893342,f0151b7deb40b3257ff7d2f82ffef4c88fd1ebf4983d9db710b33f4de55aa15b,1,0,0,1,1,1,,1
1208169541209364,eb8222d6b983e662687c91002c5fed934b67680f618235f495ba70df19e8fdc5,1,4,4,1,1,1,2e-05,0
1208238931357971,97bda1855d706553860a4b816eaafb8e49d2e5b3071e5bbb7305797a0eb51974,1,0,0,1,1,1,,1
1208373081175304,23aed4707c1cd9465a606f11f3c710922770cdd0b249d479cd683845de033d0f,1,1,1,1,1,1,1.4e-05,0
1208565111324963,dbeb491e80e5e39201c9ce44e4ee41b917dca07cc1ec8e0ee27192130e221aa7,1,9,9,1,1,1,1.1e-05,0
1208895051116777,7ae6cb467c8722bb5ed49b25e43de940dcec3c5f23aeee15e23ca55329a190f8,1,1,1,1,1,1,8e-06,0
1208952374431600,cbff061b9babf8ceaa0ca255922da7789ca7a64ec346f8c6c2aed9b0d7175a09,1,3,3,1,1,1,5e-06,0
1209810604328771,a34fcfd6aa2de7a96793c581589994e9ceb961b3d716c2b688dc7c85da77ceb3,1,0,0,1,1,1,,1
1209977217859548,f1de1aa224ac932601c2160b32193483ae0f0e217f15b862ea59a7e613bded90,1,0,0,1,1,1,,1
1210340297632951,61c277435a6f22a5ca95f0ca205f51092bcc7c64a40459c7e424673979d2be2c,1,1,1,1,1,1,1.1e-05,0
1210403104319118,74a5728e503aa59a44d44ffe2cf9151e25c1c085b3c72b95165b2634b1097f5a,1,0,0,1,1,1,,1
1210690124286830,5a2193dc7963c8c79c7dbaf6a4acbd272c9ed7b22214b24136a9fecf31b720f9,1,0,0,1,1,1,,1
1210749740914717,d5a8488c07e25410f287b16ffe98e856157d917f77c1cac816a114eb8972aef3,1,0,0,1,1,1,,1
1210862947566654,0dc994ab9f65e3dc13a936d4720eb4ea32b562ab36d5d1df7446154b18caa91e,1,1,1,1,1,1,1e-06,1
1211010021082631,8b035f46c628e425dde97423cc644234548f094ab9c13363b6e313a8e87edf12,1,1,1,1,1,1,9e-06,0
1211039761079657,e4443185d56ff04fcb141d32296957ec741ab0ee128ba503c0279c47e35ddb32,1,0,0,1,1,1,,1
1211193104159438,2b2c6e3e175dfeb55abb8e66b150220d0e2372b5b06dc151db2af3dbe05fdee6,1,3,3,1,1,1,1e-05,0
1211341727475708,73602a81f965d16c5bf90193ea825eb2cbd459d4f6c5be8f49a6232de4d5d37e,1,0,0,1,1,1,,1
1212141467630937,1ef707795fd31034dbb3b5cb31a56978ab80cdf7facbd381ba13ec5af4b699cb,1,0,0,1,1,1,,1
1212804910902540,6661d64fae83ea900d022bb1e7ceb99433913401d1666abd98417260b3fe0707,1,0,0,1,1,1,,1
1213719100808533,f7787615d09bcfa831eadd532cf5c80005a991027575339400718e585968310b,1,6,6,1,1,1,4e-05,0
1213954240550301,a1e82d2c74cd6c091df71cd0ee10c593a62f66426ca4c4bf3bcd5d95b0b18274,1,3,3,1,1,1,9e-06,0
1214364370607471,13884db171fe16df53dfab33d721b47fd5d4daaea1ec641d2636a8781c04c826,1,0,0,1,1,1,,1
1214465100526001,126fe3d7c16f1af0de156aa4beac0753b9e044a5e8fc02b1a8a2253051cee769,1,0,0,1,1,1,,1
1214610323843995,935d18d1779bad5d7462604c54192db81a0b908dffa6986d72ac333a164597b9,1,1,1,1,1,1,4e-06,0
1215047410510896,380b0598ee8639bbd4c8349bcf1f652efed01b784d4abe360b200fefe3b3df3c,1,1,1,1,1,1,1e-06,1
1215078953809660,06ab88f5a5712726503da39e5efb86928a5029d4c275ffc81dea5a37322311c9,1,0,0,1,1,1,,1
1215592180413711,c0691a115ecb04de17914e8808afc8e25e501cb0a3e7db34b72ea6019aa52718,1,0,0,1,1,1,,1
1215777113791251,4ae242e7c73ae17a96feeb2c70689019d02ca62d90fb19fea63a318ae13f0f58,1,0,0,1,1,1,,1
1216473413703982,7d876e36f6b0afc14c24223ad4e2e7c6f0f56607f086c0e1f8639098d47e5e8e,1,1,1,1,1,1,1.4e-05,0
1217019743602894,656af86d0aa81bd187b3ddda99466ab507f7c89bf39fd51c797700fcdc05e7e6,1,0,0,1,1,1,,1
1217342653585538,d0bce6ef006d5ec7d1b4b9c36fc3e80a47072bedca2a10bcddd1a1a16d43fa11,1,2,2,1,1,1,2e-06,0
1217912107057495,e07ab6a7908977388903794f7c73fdae66c1e454d7027dcec366efa0526d42bc,1,0,0,1,1,1,,1
1218775816970233,f1b29c031fc7a512b3ac5878483afda9fa3aaf917634199d0dbdae911b1f0631,1,0,0,1,1,1,,1
1219849806709090,dab4df906a57448edbeddca5e07c1edfb6937c517fe69ff089d2835c7eacb2d9,1,2,2,1,1,1,6e-06,0
1220475436797486,d6eda55cb5c6794fea18bdc574b8fa2f8b59085a300d60df500cedf9dead84d5,1,0,0,1,1,1,,1
1220597413222510,92f5961b0276b9308e8dce0374b8f58179aeecd7c11b978e7368041545cce20b,1,2,2,1,1,1,2e-06,0
1220607406603203,c729d289412bfb9db682f99e5cc965f0a23130e0ea2f2814287617b657a5416b,1,2,2,1,1,1,6e-06,0
1221057853404235,ad1929cc5d61df68a2a1be874d89db8f4e3184e8504df783f25aa6eee83c5498,1,0,0,1,1,1,,1
1221144489913816,d9231499c295c0c054f122497d7d9da4bcd951b6956b156970d66749db903241,1,0,0,1,1,1,,1
1221840066670413,68b111fd1fc9404f56f8825d9295761756cfcacd4f640a90dbe35793966db947,1,0,0,1,1,1,,1
1222394263085333,37590a58f952c15e3dbc0b190774e9fa5925389a145f89cc60abd1d1831606b8,1,1,1,1,1,1,6e-06,0
1222425273270976,6eed9ee80e9cd053383a5eec4d6cfffcac4835c43073c9215d32644979b56070,1,2,2,1,1,1,1.1e-05,0
1222452929941555,87d3d71aed892ca584be71f913d12b5f39691b946d03d3a8d90660fa7e57ec68,1,4,4,1,1,1,2.9e-05,0
1223171929652885,2063238e7d004241f11737de49acf2d386a24216b95c472cc7b3990c5a454bb9,1,1,1,1,1,1,2.2e-05,0
1223404439613886,05db02660d52944701773e2cc7ac3377c2f69cad31cbd6f1b8944a9bfb9ff834,1,2,2,1,1,1,1.4e-05,0
1223803946252456,2c66fc19a58586c193260a3031e42d8dcb2cfe3d6ce8b3fab89e4f0fe50f30ea,1,2,2,1,1,1,9e-06,0
1223926766248153,0871dc227aa9ffc45c57700308cc81e5172f7c71450a476bca556cdc0830ed67,1,2,2,1,1,1,2e-06,0
1223941999547053,3941c851b14b135427fd6c7b12d1d87483f880689a80a4202d31adb5791c4523,1,0,0,1,1,1,,1
1224363146421083,09915b11d9cf3d03164a82f1c02dfa474a9836dec36a15f9f1b0eb512203b0e8,1,0,0,1,1,1,,1
1224599986177049,6dcc786ac2b9f555c72632bd30cb449db44a1e7f1410dad4592fccc55969c56e,1,2,2,1,1,1,1.3e-05,0
1224785436336599,ec085f361af0dc5a63d3c07476efc109f2660a145db08ce5c023e8eb6c738ba2,1,2,2,1,1,1,9e-06,0
1225273536479656,97cd1e5e3a4d52875a4eabb9128a2b91101631902eac7cbb69794cef455a2217,1,0,0,1,1,1,,1
1226579725975070,38b4d77a1c37eee9ec72493b50b7d73c97e1c4539162a6a848cb781f52c8946e,1,2,2,1,1,1,1.5e-05,0
1227368209215085,68e1f7faeaec0b8aa57b9555011f8df8255e718017f47e823e87b1ea480071fc,1,0,0,1,1,1,,1
1227723156044797,5c8597c9bb087d656151c7c832f87cfbafbde1e2afe26f20ca65e4d26ac0db42,1,0,0,1,1,1,,1
1228144059153762,65e8d0b162f99af9eb35d71aac0144a1317929d4b321c6b62a9f6f1d3af6ef7a,1,3,3,1,1,1,9e-06,0
1228157295814841,c10b77a07e5bac888cb8026a85c161a281ce120d15f8a3c300d85ba98fe64ede,1,2,2,1,1,1,1.4e-05,0
1228348672477546,fc5d64d830022d450c16c44d33368cd0a98cc8836f1ff49f2d0b717e88a6be01,1,1,1,1,1,1,2e-06,0
1228836459083826,b2060fbdc2e37ec034ef118e074c69c86897a3ab2f6017e836e10212f4fe9d40,1,2,2,1,1,1,1.4e-05,0
1229822909168044,a025ffbcf9e85fa085650499e276aedc9b94c7741a6259df6c9b09022905196e,1,0,0,1,1,1,,1
1229890789191411,dd0be7ad555c8624a9f180f6332dea0efb235d12ed19247f6c28a4176f29ca9e,1,0,0,1,1,1,,1
1229954708959465,3507577aba5f8825342af04983927e66cbb8f188fe078edfe7564ca607867ff9,1,2,2,1,1,1,1.6e-05,0
1230009675844627,8f38e2ab57f9accb868e367bd27d2499f9b3aa7046f87adf98d25de0dc1c3ac8,1,0,0,1,1,1,,1
1230079915616626,5b24635749202fd85bb266470a1b0d29aee765fc1dcfbcbab089edb65870df78,1,1,1,1,1,1,2e-06,0
1230114442289258,11c39e71ab68371df79988db2f6f8f74644c07c76cec9857cd0a49bd588ccc75,1,0,0,1,1,1,,1
1230387222291866,055d5c6d2b4574bed09f8f9a905d9345fb6c66ca9abd5726cd0f5e4393ff8d6e,1,7,7,1,1,1,2.4e-05,0
1232136005406439,84441ba482a921c62392c4e829c291f18f85bc00a972799351942c93bd1cb8d4,1,3,3,1,1,1,5e-06,0
1232838295340248,caee8e56f821d0f043d09a27304518e06c4b6321999a15a03898b41bbbd60d79,1,0,0,1,1,1,,1
1234788195136514,c34d86aa6fe3d58b8764094dbad1c5b4276dc42568974e970c0ffd0246b3d8d0,1,0,0,1,1,1,,1
1235052365101807,7c02ad194d652fb1773afd3faee0fc1f16b0f3dadd53f249fea6398aebbe82dc,1,1,1,1,1,1,6e-06,0
1235623618405378,0d0ac4052eb135d6712d84bed945eb755210e6da3b1f0d43e6d3a2e3811a1a78,1,2,2,1,1,1,1.1e-05,0
1236335724996168,f3cddb209d0f9dac20c1d8ea0dc37f0bbc5bf616d78da4db5d4c3a2f05d54c26,1,0,0,1,1,1,,1
1236553348522130,90d67414fb0ed9d74438c2865b3b503cf9b53ac895a464df10dcbd6c99d6bbb6,1,1,1,1,1,1,1e-05,0
1236560485196302,17ff5950ca9cb56592aa328badb5cfb55b7d6542bd83f7f9957fea539d86e1ec,1,1,1,1,1,1,5e-06,0
1237456124871833,c4b425ed2c4581878d38d5321a6f3f809978cb0e428af5d35fe0c38477138933,1,0,0,1,1,1,,1
1238094298351288,aaa8b31779a0f8fafa4f9748ebc876496fae81ee59a76840e9515fb6e61a2887,1,3,3,1,1,1,8e-06,0
1238539404748333,c09ff92ed502ee5782e5e14af3bd2c8e3917dac0e93f6cbfe0a086f43b079cd6,1,1,1,1,1,1,5e-06,0
1238953718043144,406bfb35bb0610b6bf6ecd2bebe7734c8856d89605a1538bb468c773dcbfb672,1,0,0,1,1,1,,1
1239159854718763,478cbdb302be6e1bb4db7e75ac3c5d59cdcaa9bddb602b6dc52a404453e85e90,1,1,1,1,1,1,6e-06,0
1240727567814749,75a6a62ee0ec6643e6e4290fbfc43838ee55d1a045d2e64ad32730af69e38459,1,5,5,1,1,1,1.8e-05,0
1241101967839872,c09a8b48cd0cc31f52566d1749900f4a1dc59471bd7bec38b14c933582d59383,1,1,1,1,1,1,7e-06,0
1241111831181342,d16b7b873000bbd7e169355838820b270c37ab066eb95fca433a33674c708351,1,1,1,1,1,1,1e-06,0
1241416567795821,9e5272398102656caa94f9130c75282c9c33ea23223776ae0f9c812d2f40fae6,1,0,0,1,1,1,,1
1242149151090491,93d9356e888d0d4ee456952bec91be3c10ea583a7ba07e0dd949ebf700375f44,1,1,1,1,1,1,3.3e-05,0
1242838401036882,1ff712b32d80c9470d6ce521d85f51b5bebb87117fe88e36bd942a528799d291,1,6,6,1,1,1,4.2e-05,0
1243193554523444,55f29c2e38748e9690066303b2b1503063d204f915cffd2585e6e9015e7a3bfc,1,4,4,1,1,1,1.1e-05,0
1244090321082710,3826cd43537accb46e31747d1e1cf5fd3c5ec763859e4d05d7ddc2c212274133,1,1,1,1,1,1,2.3e-05,0
1244755631005041,2ea545dbe6e66e35ade77305d7868b7b3b8ec55fb5073986d52affec0824a14d,1,0,0,1,1,1,,1
1244841807470417,354f5d5e31f20e071c87664c550235e9162104bef9ccbf633aa58c957ec2e0f4,1,0,0,1,1,1,,1
1244910220774472,7f1473292f6419b5853b4fd93dc32d441253d101dd7e32ce21c358d99053e029,1,7,7,1,1,1,2.7e-05,0
1244972440723288,677dad94d2956de3d0df07f2cbdd6e45764c49c5c03282e4aded999454d1a93d,1,3,3,1,1,1,1.2e-05,0
1245299324087225,2c56cd3aa21e397729fd1610f7f3f0527d5d9aaeabae107802be36c1f643f842,1,0,0,1,1,1,,1
1245323594088459,bc5768f706054548a802d6715a645c75e53a1eba24dabe55d6c88ed507cfb545,1,1,1,1,1,1,1.1e-05,0
1246215337554168,33e507f09eb0e7f2a011e63df51e93e90f527f691ec9507cc73de02fdd534d7c,1,3,3,1,1,1,1.8e-05,0
1248050420698906,4262369eac79bbf48f1385b12cb34085550d6cbfb1ca790a9ae9f95b92dc23b9,1,1,1,1,1,1,6e-06,0
1248082973825144,ab6c6bdabf944c8987f0516b1fdd1555a479d00fc0edeb2de1cb0e19b288f8d8,1,0,0,1,1,1,,1
1248111613853601,9972dff113c5c36f177fc7b9f07232de3cd6aa0a21a62f627960cb2eedd9d0d8,1,0,0,1,1,1,,1
1248759993946776,dea3980acf7b1726ea77f9287df67e0745ad1e30957733fe28c477222cb68eda,1,3,3,1,1,1,3.5e-05,0
1249747596903855,2a9144b695c56295226b20f84730e701b5525ea3529d8f4e2d6c0c6dab33a839,1,2,2,1,1,1,1e-05,0
1249895250310158,b6c2e7571b2d12d9f1d048229719e5f9cd264f306eaed42501630da3629f1282,1,0,0,1,1,1,,1
1249990507158129,48733206798ab672ada34954a77268798d89d0ade59783c8c626e9254fb2e565,1,0,0,1,1,1,,1
1250307726931547,9e3e414539d1e52f16f124b2d15d74faf70d26d1647f0b52ae2290820cf72c32,1,0,0,1,1,1,,1
1250616493753786,8073348ee926ad41fef5db02a12d3e6140478388969edc9ec102c9165091554f,1,0,0,1,1,1,,1
1252502113380403,fb48dc191bc053a85abf197e7d6e80bb1ffd580425437e33c9610ee2531542a5,1,0,0,1,1,1,,1
1253458959924601,f6423383730f224836e34e60aa3751dfca2e64cc3748cb94140a35f73bd73bcc,1,0,0,1,1,1,,1
1253821826561903,f52c98a327f6c664440eceb5ad316d98f9a0c98be945ec793bd0996c062bd6c8,1,0,0,1,1,1,,1
1254132383190276,d7f9bf6b617875089352aaf5ae1a482e6a0a2a2b762591e66b2b97478861a029,1,0,0,1,1,1,,1
1254156786521169,c422691b0ff58809cfa1d30e0f92df92e743ebf24b2395c02be4283a18df876c,1,0,0,1,1,1,,1
1254449309856348,68a7a91c29ecf6a6ade638ae3d5c5efc53277b93a2b0107f9192886f4d76e050,1,8,8,1,1,1,1.7e-05,0
1254479396443304,76ab4bdf1c74b3a7038b82c97e526d5b00195a5045358dbc4646b87176557745,1,1,1,1,1,1,5e-06,0
1254668606400989,46de748ee46b02ef3e67c50601c7dbf1174e9a9806ad399e2c9478693e1772da,1,9,9,1,1,1,1.9e-05,0
1255087693303215,e5138838464b318aaff1667c563bace2010733075b53b6213836d8eca9e4c09d,1,6,6,1,1,1,1.2e-05,0
1255277473455951,c13821b08ed42387bd1f99b23f2d91845d595f730bbe2a637418b16d29b609f3,1,2,2,1,1,1,1.4e-05,0
1256706566217834,4db391761351f7d71671ee9af76f0b10cdd7780922296982231f8858e6658830,1,0,0,1,1,1,,1
1257616326387663,7e78aadbe0db6cebb2fc062d3756abe9f5bf37e36e8bd0ba862ea114f1a38d4d,1,0,0,1,1,1,,1
1257932369708318,accca24e0d127d87c56aa3ece4f27febcf0e473fec7b848eca339e0c52e2b0eb,1,0,0,1,1,1,,1
1257995512756821,64ee55a929d7a4485537abc1ccb3aeb5f46c261592b767addc441fde7f59daef,1,1,1,1,1,1,1e-05,0
1258099529669109,e6b45221a2e694267f6324f78a69fd001dd2bd2cd3003db73b311d51a6a250e9,1,1,1,1,1,1,9e-06,0
1258297326059851,471cf181930b46e739a6fccb786be8779867468beec42915dcd356530f0a91ba,1,0,0,1,1,1,,1
1258671562971823,a46c56fd20308a6e73df1ffaa0afd70c44f45514a7397638baac53c24c57ef0f,1,1,1,1,1,1,1e-06,1
1258800009387750,c25ffd6d57bbac9a23163d9d5d5800b0242850fa074d1979b298b1bdded810e7,1,1,1,1,1,1,3e-06,0
1258853912951285,6e1e348f849d99f6b46423f72c661049f7010c9b71564e981e319abb0b01dbc0,1,1,1,1,1,1,5e-06,0
1259814362836608,0f7f057a49fce42449bf6c9a582268c9ff699154fd071a097f0c1b4c5b2e01a6,1,0,0,1,1,1,,1
1259882789281140,1a6d8e1a06ec364aef1981f5383681f806af054e7e000cb2694dacc869fc1106,1,1,1,1,1,1,7e-06,0
1262457272358204,f48f37e24b775e7e0494c5c8b4a65b00e0bf20c914f3ab716f5aa1ab71aba02e,1,2,2,1,1,1,5e-06,0
1263212002234364,31ffbe75de3e27e1e5de0136d92cb87c4baa6dfbba65418c139fd3be7f6cca2e,1,2,2,1,1,1,1.1e-05,0
1264100582188949,f3529cad15e64d893de9532ea9f91272ec6b57242dd6747afa07ea40692a304d,1,2,2,1,1,1,6e-06,0
1264529425713647,7c4c36fd0d950d9d70880a0e8d5a3a9209cce63e2b6c0bf3cc5aeab4ac33deaf,1,4,4,1,1,1,1.7e-05,0
1266696065487121,4be4ecf4517dd6156dc56344a0d23ce386dbaba0725e001f7edfa954ecaa7a76,1,0,0,1,1,1,,1
1268118635079520,80fa0ba6928315df1c7663eac0d3dbbdd7ac946eb4f24b7d1d187c551acece19,1,0,0,1,1,1,,1
1270079725173507,309a4d9a324e4176d5d782044d3bf2b1a0fa2815de36d4870b474ae5c77fd02a,1,0,0,1,1,1,,1
1270230185142569,3b8c04225633bc525c472d6077320ccb66a174bfce90258443dae9c866a31c18,1,2,2,1,1,1,1.7e-05,0
1271216618357556,0b2a3b06d082a32542fecda071859c70594cf273277e60cdeb2cb922aa62863a,1,2,2,1,1,1,7e-06,0
1271396601343410,3cbf03145f8f4951fc56bf0707667412c2157ff299a9f8ec5e036b30cbbf1310,1,0,0,1,1,1,,1
1271833064710261,e02001f74451b1c75d0a3cc3a54f779ca6dc1984c90623d569c283096012e004,1,0,0,1,1,1,,1
1271987128299012,718447fa4053f43f8ab404164e502c6cd8903f1a5df702b78007484f18a35523,1,1,1,1,1,1,0.0,1
1272234614660824,18769105c3d4b37940ca029f2c0390702a94d2099e8cf34dac1c088f5e6ce5cb,1,0,0,1,1,1,,1
1272918061539386,95ef51be3d12a1d8c455ea7703b23558e4a43fa173c3b1c82252412266fc37e1,1,2,2,1,1,1,7e-06,0
1274407461121899,3890c03793d63846b939a4e1d0bd6ca540f686ec1545e2c3d725b3ae532a3d8e,1,1,1,1,1,1,5e-06,0
1275106857752427,1f17c84d408023accf3e6b2bf4c878bf16319b9e0dca7c003cdc0fc9211a15dc,1,6,6,1,1,1,2.5e-05,0
1275140624634044,34db31f58ec6f901c05edc044851be670235b44fb75dc96a14ae0982b32b32a5,1,0,0,1,1,1,,1
1276145877605773,ce010895681105513b66bd0d1518ce62bddf7037e18eede9c942c81b45d0af0d,1,1,1,1,1,1,9e-06,0
1276454981187601,d622279a28ce3b3c6c24509f99257174ff439852cac1a30f07ba7382bb8376e4,1,1,1,1,1,1,5e-06,0
1277528934401413,bd22a8eb5a16ebd6ad57a975790257c86852937cbc9a7ce7bed2715085e8b817,1,1,1,1,1,1,1e-05,0
1278731047275631,651fd484cec4901b83495fa4e87cfc674622a7cff9186b0a9711b3eac0fc468f,1,1,1,1,1,1,5e-06,0
1279066187581216,d9e91307f8a8b9df3529dbbffbe4bf88c20d729f99faa1fce61d04507148dd35,1,4,4,1,1,1,1.1e-05,0
1279138320647142,fdedf653b3182b9de7a299dc6438179f492912f5ac442b83a053c786a1ffeb0b,1,3,3,1,1,1,4e-06,0
1279244360636588,3c80c5a60cb58178e9528a7cd1890702f53aa4905262b9459ff161da80d249a2,1,0,0,1,1,1,,1
1281966000367153,3476f3e46ecbd37bdcbefd4334d1397eabc9ca1f643eba2a1f7e4c67b1ebba25,1,1,1,1,1,1,1.5e-05,0
1282495536969642,cce40b90bd385b493e916990f2d707be055956ad8ee38801e8ae05b5f668ed39,1,8,8,1,1,1,2.3e-05,0
1283125516905467,6c32ee61e32ab9271c73fbd091f0da47e08b29048ac834f15c2124c51e8b67c5,1,0,0,1,1,1,,1
1284630943432096,3444e6c24aa073f9da4bb270fcfe921c20e7dcb8a1812cd69138063d454454ef,1,1,1,1,1,1,2e-06,0
1285126793371979,4f49c5d9427fcffb363dcbb747dc877e8f00a200e646e39fc8e488f0046d35ce,1,0,0,1,1,1,,1
1288449779722425,dda6f23cb50b6422300c53940c12ee6891bea6a38b8b32561b3ef8c7b4e09fab,1,0,0,1,1,1,,1
1289297799551127,5aa3ed9a551350abb4a66e169325405ceaf9a7ca57984af90d3c7d91b122e9dc,1,1,1,1,1,1,2e-06,0
1291306842748846,624dc224943b07bd3fc015f4a1fc12031d1c08e6419d51a65dfc9aa46eb3360b,1,0,0,1,1,1,,1
1292390142935351,75aba80638095e076936aaf69a68abc914c3fd9f501ae7a5b8b924a60b2cf1b8,1,0,0,1,1,1,,1
1293568199464205,6020208c74307c824de4c3a079671b1471b75ba14904026f2b0e05f94863841a,1,0,0,1,1,1,,1
1293692282559120,eda73eb36387eaaf97682ae2ad392ac539d8d173c23da3aebb814b17a95c6036,1,0,0,1,1,1,,1
1293782545886336,44d2bc01756ff68e8e333e59f41bd98c0909c927fd075df2965332a0eaea1d0a,1,1,1,1,1,1,5e-06,0
1293992282743032,00aece1d73b935ae5a9383baee17f0ce45c33ce302ade42a1923989e58b30836,1,0,0,1,1,1,,1
1295485468999549,db62b067fa6f140ee70afb258a3a9b007a4ca3044f73d18edeca6b24eea6ecf0,1,1,1,1,1,1,5e-06,0
1295581142335843,85c1e793227b2a30ff9b44c0d5b066f7871da8380fed8fd9c6697675bb417fa2,1,2,2,1,1,1,5e-06,0
1296414905591174,54d50048118648fb1aeb0fc94f50638ed7f0cce874216a9f9a20b1805dae7fc0,1,1,1,1,1,1,1.6e-05,0
1297533228839635,59dbbde40f35d2d037a0429311bf55fe0ceffa45a35a04dc850925fb6d37eb4f,1,2,2,1,1,1,1.3e-05,0
1297851095432962,306969d40802e724ceab5890d5f3ee9a2a2965d3423759b98b3f423408fcbd49,1,0,0,1,1,1,,1
1298437265299796,a19f0335b5e996f17e1e0f9dc07d02e6bdfcfa1e2957eb3cdb5ac8595ada97bd,1,0,0,1,1,1,,1
1298955115608017,ef53285b55d7da9ca3622626070465f64b83e75610b88b457a0d27789488974f,1,7,7,1,1,1,1.2e-05,0
1300120685494219,186c65073b6ae97089815f90254cc1a17f8be9f1f99f9040281f05172a6868b2,1,2,2,1,1,1,2e-06,0
1301998608282242,1b665e2254cc612a1cb4026eca2a2c186fe76ac3cd924fc258196a6fdc71219a,1,2,2,1,1,1,4e-06,0
1303173824914353,125d865630a2b8494917753c9ebe6cb51bfcf1d2f6eec05b8dde2867b9ea89e6,1,2,2,1,1,1,3e-06,0
1303589795115839,1805211be587a3a81cfc3a8fea4500c0ff6a4fe6ae76ec19ed44ac5cb59cfe49,1,0,0,1,1,1,,1
1303938298154825,84361e9b58c10e04e0918f8b7178a1b41ac6b1d4b0e82d67cb00b21637393655,1,1,1,1,1,1,2e-06,0
1304580074752691,30d5b43676865fdf6f7666b3ba5ea3a8e6a7822deefe655830ccac4e9d212cc8,1,2,2,1,1,1,3e-06,0
1305385528000643,4f51022cd6c60139950639643fc8f3dc5cf2970228e3fdb8cf995c8a2ac8e7c6,1,0,0,1,1,1,,1
1306974357868197,e3a6b4a245709fd5cfb9b4f04bca1739973476440ef8e721306f09a8c602a8e2,1,0,0,1,1,1,,1
1307688257825283,9d6e8f47135f244895c5cc8659065bef5c3c17afcf9518cd1c9b6ab55e200ab2,1,0,0,1,1,1,,1
1307717367819465,02aa97fa6cf874dcc7a0d30c8f43db3e85a44d7bb42d340439bc926bb6099182,1,1,1,1,1,1,1.2e-05,0
1308727260942297,c34f3418e2e37bd859119f456cd0d3610b3c7d46ca2b28d97fb114f78928f8b8,1,2,2,1,1,1,0.0,1
1308954394336833,2574b963eeed5d742c593dee5f3f6b6278375b70b546002d9c2bd4bf0cbb9b3b,1,0,0,1,1,1,,1
1309310480997084,0c9ced44ac942ceefb583f49ef89f588593bde661333eb6aabfac97b750dceb4,1,4,4,1,1,1,8e-06,0
1309752187588802,bd6d0c29a47e35730baee4c344409d0135833d38f2bb408d8de9e9189db038ec,1,1,1,1,1,1,3e-06,0
1310048931162098,b6a7c8fd486539a102e08eda1b5e312a5ad1c28f12e13f883ea8dc036e732037,1,5,5,1,1,1,2e-05,0
1310863524121666,3f69c2c81749d3630a6fe208d9f9ab849a49ad0bc0b4de1ded4605e97831693c,1,1,1,1,1,1,8e-06,0
1311126030816481,97b3ced69ece64e5ae04195bbc70fde300544fb48ff0da826c8a7c8d0dd03a23,1,0,0,1,1,1,,1
1311796450694500,e597acc9fe5e9275e232adade486d76986d1be4c91e5444298cdfe80bd29c5f5,1,6,6,1,1,1,1.5e-05,0
1312283340666351,6c8bb99ddfddbaed4d285bd3905a864ac20c04e1a1380a8cc9d72fa5ab362eae,1,0,0,1,1,1,,1
1312824730616566,2f7dc4ee6a4cef8342f6f80ae430b57bf360a7006e6ee3889d1f9a29b18b0ee3,1,0,0,1,1,1,,1
1313837427423071,3ef53af5a1e0bf3b7a4d6203131dac35e636e663da9c3f54b676b67365f0550f,1,1,1,1,1,1,1e-06,0
1313891707445390,1b0b7eb4177fe02e989931127549362b9dc6a6e7476068a445bc35bd8f308062,1,1,1,1,1,1,3e-06,0
1314759497005685,2955b75ee46ffaac31ff3c7f12b59268dba6104c9a57a905520632c12756e2b7,1,1,1,1,1,1,3e-06,0
1315272103732651,d33797f6a9dd1ecbcbf82ba1a51c1c0d807153e842a990b09243b255f834b0c1,1,1,1,1,1,1,9e-06,0
1316012243655909,85f2304b0f649a651f4826aca867a658778dacd35e0b37ea518e7c8e2402b0e3,1,0,0,1,1,1,,1
1316936833532328,5f890c407371cb828a70bd7e25b51a813bc7c9e7c7fb7eac9393b869e1134745,1,1,1,1,1,1,7e-06,0
1318062453400570,1320e9927d41ae64763d58bcc56e358ee60adc91ed6105e52d373ad9688844ca,1,1,1,1,1,1,4e-06,0
1318282723646680,a4e94016ffe33c96589eed73f9603443e70e7ffd601d920b8143bc7eabb83d4b,1,1,1,1,1,1,1e-06,0
1319194283227152,04db9260ffb1de477cc42a14353bd9d135bff49bbb991071ce7bb6a138fabdce,1,0,0,1,1,1,,1
1319347959672635,017bf719cdbbfa07e3463d42a94d57dd0653a199993f39580b76f1df2f3f7d0d,1,0,0,1,1,1,,1
1319635843178565,627b1649c154285d3922d8acc67ba61ba5e79f5aa475b5fd777d3773d29e4354,1,0,0,1,1,1,,1
1320913256026245,0c3405d3cb042aaecf7591d6d1d713f0c86e11ea6f0dc836d9bff98e3489520f,1,0,0,1,1,1,,1
1321775372763032,71df891b71a4aa7e7a1e8d3c718e4ac70084668e583e364fac9083a026e5fdaf,1,1,1,1,1,1,4e-06,0
1321899553020334,dc894a25dbb665eb1a7928f855b7af9d107fad18454b856fb4bcec5db240e9c1,1,3,3,1,1,1,2.1e-05,0
1322395895876910,1a561e71236ffdfe7beb53ae5a4d709b60565320fd55d120eead1f675ccdbfd6,1,0,0,1,1,1,,1
1322682416005206,b61fe33c2167c92ca855e027b25950da0271372d66b23ce97b4950b2da34bca9,1,1,1,1,1,1,1e-06,0
1322749102487650,38425daf78652c938fd4734e1dd317b36255fa6e43e31b7c1f19f6e981d27114,1,2,2,1,1,1,2.4e-05,0
1322977639606679,f9488aae9e0830bdf001303837b2e40502700e4929497bfe377f74db8bb44d4e,1,1,1,1,1,1,5e-06,0
1323256265791988,6cd006b24837bcd35a6fdc2eae5e89c673beb8422fe755415ab0bd987a0c77f6,1,3,3,1,1,1,6e-06,0
1323731616196007,65fac2cb2311c08cfcd7a066e9536a2c800739db3d551154c9b3e31d2c2395a7,1,1,1,1,1,1,3e-06,0
1324514336076749,1352a2074121044a44c9dbc9a6e12026115823c94bbe21d283146dd94aa68612,1,0,0,1,1,1,,1
1324820335606017,85d0dbc6ab4539f20bc0f414cc5a439852a0c3e7c4a7d494995da2a8a629d238,1,0,0,1,1,1,,1
1324843605613014,806147bf220706cdf2779dc6e7ec397102c3427c208f69ab6f00d69d4198265c,1,0,0,1,1,1,,1
1325405282183197,e532c72783f1b6a67e2445809de10d16ce1244c6ec0973d4041a1dd0b04e6484,1,1,1,1,1,1,8e-06,0
1325774098872345,ec2a0a246bd39b93c7a8b3eaf08b843e36a8253d642912b2d3f67542c5edec14,1,0,0,1,1,1,,1
1326287648801488,44bab9dd001b5e095b9f34b4ad5de3270b2f0a725c5621aedcdefbe1fad9f7e2,1,0,0,1,1,1,,1
1326327665473010,6bbd8657c979e4770fcdeec636d53aadaa576bc1e6a188ccf62a841ef00259c4,1,0,0,1,1,1,,1
1327178272488520,7fc791419cdf2103cdf1792a9604c5225e54252dab98d72c965b0d5dd25a2ea9,1,0,0,1,1,1,,1
1327274328715076,7184660a306801c75f6c46f5f87a4276b8ea00cfe7884f9d316eb1e0de41544c,1,0,0,1,1,1,,1
1327397799424642,83849636a496fedc4dcfbdd0e91e1b0069bb559e4daf72b4c10353ad81aca5fd,1,5,5,1,1,1,2.2e-05,0
1328029599106865,f54d008121846914f09cabf4df8b5957cf3651582f94a8e1d18add65f153a4fe,1,2,2,1,1,1,2e-06,0
1328221238600082,9b08d563a3cf0efcd941c757e3edad295a04001078676a03b0f9d2a3ea7a6845,1,3,3,1,1,1,8e-06,0
1328249568614131,37c05cca0c3e25ac1663311503a5c99055c2e65ceebae7a7c797b4530f87de9b,1,1,1,1,1,1,4e-06,0
1328467981847382,e44995b97eb5429535bbe1ea037c13274c3f80883b8c15e02d313b52c2399f2b,1,0,0,1,1,1,,1
1328946321826122,c16f1135b5dfd5ca293bf3e750c316d6ad907eb7e5af6ea4ea8ee24ac59f979c,1,0,0,1,1,1,,1
1329291351752087,8477607691f06722fc8c29bd1e6a31071a12bb3f0019f67153ac09bcd3250d73,1,2,2,1,1,1,6e-06,0
1329865212154025,739e5cd3eadcad6fdf0c025a34beec80b9b068a6f4e70c499c80ffa85e266174,1,0,0,1,1,1,,1
1329951288332749,c85a766aa969a3fbaa961a7fb478a9d339e7fb4a405a3f8946927a40741454d1,1,0,0,1,1,1,,1
1330629185230957,882be2d2fcf142c1324186ae97db68759958b3c5400bd8a61a06012bdda3fa65,1,3,3,1,1,1,1.2e-05,0
1330665491527501,2f9a2790f417b47cb4a1a3c8653f390dca3accd381097fe8716fae9a38733ca4,1,1,1,1,1,1,9e-06,0
1330687834940531,e08623e131a0545496d314c2271d0048f643e0c04b437778a65bc37a6924cd40,1,3,3,1,1,1,4e-06,0
1330787168235941,9edef66c6cdbf9079279a6c582719af2795bc389cc2042ad2100b25b72c26b22,1,3,3,1,1,1,6e-06,0
1330910591588231,d071133521f51f1a698778f45911d6e33bed07cfb80a1e1a209603de3dbcd347,1,0,0,1,1,1,,1
1330911685018573,480664554fcdaa5bf8d87a9aad2ccc7a508aad83d1885ab5a633c8e7fae78445,1,2,2,1,1,1,1e-06,1
1330920682380081,f2f55303dee00353e80113cab1f1be721aa1ea4b498c0a674f997dad5da4d749,1,0,0,1,1,1,,1
1330943685173572,446d38f74a19f6fd23924e7db13841cc1a8fb2ed67a76d01c8ce321791044251,1,4,4,1,1,1,7e-06,0
1331100881619071,2dd6379d23d797735180d9c691bad2227260bd8682c9bac862c783d3fa079fe7,1,1,1,1,1,1,1.1e-05,0
1331293311800564,8e6813de0cfca2f0b0e1eb28fc4ff633ee4e089532d8b1cf4d8099e0070cdd2e,1,1,1,1,1,1,4e-06,0
1331294741552481,de56558e4d536596c71484121d9fee85dd0b2ffea25ad53a4e30fac9586427e3,1,0,0,1,1,1,,1
1331511754936809,e59c6264819f0c93e59b7a2b0d5c9480fd0e7cfe6a4a61d40f1aeff691a064d5,1,0,0,1,1,1,,1
1331547814961418,0108e60972611fe2d6955c2c543131d39ff5d138b82308dd69bab17aee5bee05,1,1,1,1,1,1,1e-05,0
1332043854851012,d5a595c20bb96860ff8e882f47b2fccc3ce283141ba057732380bb066369ed91,1,1,1,1,1,1,3e-06,0
1332202264792995,c46cae5fd47cf455d646696ea154c0b8cce6de459803d975d739c2d6cda1e15d,1,1,1,1,1,1,3e-06,0
1332239335372659,14a6f6ed0a189077de4889289c8e5b592f0de51b251184bac15ce9e5cf2fcd4e,1,5,5,1,1,1,6e-05,0
1332705755218075,86630f7d4e69e6a4b1be95e5edcdf6a8b17c343c9b37ace68cd2a7951280fcf8,1,0,0,1,1,1,,1
1332718091380226,a4af16c9e102dd8d71faf32f6d8625c321d371d4ac864081b7cb10bbcde92221,1,0,0,1,1,1,,1
1332818164757235,8c01f860f596f3cbc399ed9b9d3417fcaf05c11015feaa32021d5b7b7f2a165b,1,0,0,1,1,1,,1
1333508148519316,07f4683ec8173414c6ac59144202e738ff85b4e87a88cf654a90efb10147a5c8,1,1,1,1,1,1,1e-06,0
1333820187964575,bde6b4309be8941b0a55518f035e80d34b610e94ea5fe9a2344fa624f9602e7c,1,0,0,1,1,1,,1
1334018821283918,be8c91c5b2ebc901f678a80cc1ec6ba9133e4aa951e99400f93146d8e95ba5ea,1,6,6,1,1,1,3.9e-05,0
1334657207922406,b61d3a6cf26c79e0622cdec21ad54f0d8a63b6a85d1aef33e22f4a32bef0c75a,1,8,8,1,1,1,2.2e-05,0
1334746107814913,96ca433c854921cd28518e2762ffdcfabf58c553cc307ce8464a6eba65735133,1,1,1,1,1,1,4e-06,0
1334812304454015,387c41f7f11f0b73d02e32e38037e34619b15e7de0d8483777d73a1827b01a5c,1,1,1,1,1,1,7e-06,0
1334849827814503,825bb2ff9ebe0ce540f671246b46eb944ee26fc6e616bfce0e0a06a2519ef63d,1,0,0,1,1,1,,1
1334887344789337,a68b72a62c1c82e8d9f675693dc921d0b048eedda3b0459dcf2d4e5f6b393821,1,0,0,1,1,1,,1
1335445934988546,e031ca2b4a96682827ee15c92c31b1579aa88e44f98e2688b08dc7eda2622bcd,1,0,0,1,1,1,,1
1335784721618077,c516c4c4a0a18bc4e4e101518608d60130d5dd66f1e6a0063aa4074b434b7177,1,9,9,1,1,1,1.7e-05,0
1335849864669215,ed68fd1a2926508262ab9d3408fa003b2c9f930c5ffd9e127bfa511065c129ee,1,1,1,1,1,1,5e-06,0
1336142757612121,c431575228943ad3110f27b91592013ed10fb3816fd2f55ff4f9e6ca2be49483,1,1,1,1,1,1,1.7e-05,0
1336218424813009,0f5fdd3a9232543b4e604333bc798aaefd256c19fed72513658d15653480e96a,1,9,9,1,1,1,2e-05,0
1336353121520682,1a579274c7480d0c2be9b8d0b074f8a854168e3f108a25044406b6f89b91f6c0,1,0,0,1,1,1,,1
1336570220904259,f5f28327f3028075d47ee2c2e9117e498d9ee77c3aed1ad8e9fc8cfbb2b91c36,1,0,0,1,1,1,,1
1336736850938529,b337625183071e45858cbb98e26a985ed2e5ecce9fd1cbaca9f036b5a457a1b9,1,0,0,1,1,1,,1
1337010614287180,9157e260b2824d2c0b3175221a769885d1a45a9646bf7e351223469f706f770a,1,3,3,1,1,1,6e-06,0
1337172621216224,94a3ed5092198e5efadccac62f353ea209d489123eda98447e919dc7b3becf7e,1,1,1,1,1,1,2e-06,0
1337451871441731,4990ae80e2f204a92c8cc938ac6363ef15aeaae4557cecd94efb6dc8067e3ea2,1,1,1,1,1,1,1.1e-05,0
1337514930976083,3364f9e0465379f1a79791d3e4ce57bc42ecae32e1d4739b47a5a423330b20c1,1,1,1,1,1,1,8e-06,0
1337614234218089,9103c1c158fac4c66c9121e3164bbc5d43b480b5860363149466abec8fdfe3df,1,3,3,1,1,1,1.1e-05,0
1337634550821078,fe2e27611cf62f574b01d11036dbfbe4e13dc16422415de1ba28eec537886383,1,0,0,1,1,1,,1
1338074240974241,1742d509824d906dc882467a76bbd2c42891d16fc11eada0c01f07ede57f44fc,1,0,0,1,1,1,,1
1338277544508868,587c04a7d00b6717a48eadd93e75cf8c11068e2a1daab329314c026e2d1433fe,1,2,2,1,1,1,7e-06,0
1338409304032247,301183e7d27f000b25671428b628b680aeb2b8fbe0e512088bf4406c2ddb8f8c,1,1,1,1,1,1,1e-06,1
1338462174106625,74f7fad7cb6a8e366e93259e7527f62c92b17b46ec21ddfc9646be6aabfede66,1,1,1,1,1,1,1.4e-05,0
1338686754110443,ea8768e5c20295e3aa7c0895f3f7a201db0d3e25f301698e76ef2f72eb5fc743,1,1,1,1,1,1,1.6e-05,0
1338696084400598,098bbcec8cec2ae2d649959278869a2a70e7368a9c44a405006380ffa2deff75,1,1,1,1,1,1,9e-06,0
1338704024142453,c7d919f06b6326e51064d0edd1fe9703dca6b884846d3389d91af5bd3cebcd14,1,0,0,1,1,1,,1
1338728274382741,713da0b0fa1a0b8beeaad572ac47e5d319ded20239fe2e8afed1a2b8add4ec9e,1,2,2,1,1,1,1e-05,0
1338737807443634,bbcfd0941414566d7b5145d9c196eb88fc1726253eaad08465bdf399284535df,1,1,1,1,1,1,1e-05,0
1338921524598397,cf13538509f1ba65c56b92e7ee6f5bbc0b5324c7996f01de4c0f5a4e2acc1321,1,0,0,1,1,1,,1
1339125801228381,f62435bb5b5b2d0dfc8e687a7fe42a1875ba1bb663fbe8ecfa61d12144e69537,1,1,1,1,1,1,0.0,1
1339375984155553,f697aa9a9c3eb8b8d55f5317c1ca066105d5ddd16db52fa839b4652c4f74e481,1,1,1,1,1,1,2.2e-05,0
1339452954587548,82dd3a3f3912e73b331930658d9658e76bd5fba61767601775dfc88592d0cb49,1,1,1,1,1,1,9e-06,0
1339574520621770,1d8c64e81a188c18578f15aaee23d3f4f4fe9f4830bf393f1e5d7263458ec0ff,1,0,0,1,1,1,,1
1339926160931381,be5ee040d2b963902bb8737688e652636870d64035783b4fd52375cba66c26b3,1,4,4,1,1,1,1.3e-05,0
1340281237294438,ecd2f10ff46593a2a4e3c45e432aaaffd170cdb8ab48a38fb1635162a895593b,1,7,7,1,1,1,1.8e-05,0
1340318453870727,2f5784347707b2cc56761103b6117696c1cf009e1652f8200f88ecf9e2e046b0,1,0,0,1,1,1,,1
1340459090513062,404442850037370dfcd0970e7624406ebd269011f987edab19a8cf75c2d674b6,1,0,0,1,1,1,,1
1340953827810281,089dae2eddd2647a5bdc2df109feb62dfc59fca6ca511f927614c039e6c64fec,1,0,0,1,1,1,,1
1341188383683740,6a3509cdc5648f4dce921ada7239925950f0275e8cc73434cc4849245c506e1a,1,2,2,1,1,1,6e-06,0
1341291910822454,ec3d5e89d844302d4629550cfb78d4d9df9a2421eb92d2814dc797e382821148,1,0,0,1,1,1,,1
1341492507456463,1d7f27c6454f6f349675377abab27f85daa9fcc68d0456e03baba1eda61b2f86,1,0,0,1,1,1,,1
1341858223690538,42d17e7f2203c46487f6f76041a99525051ce40add352c590cfa110269482e3c,1,2,2,1,1,1,8e-06,0
1342031470374913,88f978a3d898d453dbe5b1a6f99ca71bc5aed6d4ca9a81d84f617f467fb1ed03,1,0,0,1,1,1,,1
1342039087405189,1da53f9e11be4faa6df3317c714d2f2e5a1eb677222ed2395a8136d23a7cc597,1,6,6,1,1,1,2.1e-05,0
1342040737152788,f88ce967228621a17667b0b160198efe5fc82ca9c248fbb7933a99677ba85f5f,1,2,2,1,1,1,4e-06,0
1342105543597923,ae30856ba4e36ee3762a344bd9d0e2f24028833f981aa4dd4ada43613427859f,1,1,1,1,1,1,5e-06,0
1342420400913481,d5ef67e3b0c8f272b4d5633c7a9efa021846b7e264b6599eca87674d4a78d354,1,0,0,1,1,1,,1
1342591690210612,60c2de0380b9286ef764e0b4becfc15a326a8fb972ffd4f338bb3e801fcd6e1c,1,0,0,1,1,1,,1
1342637523995058,e06b4f6eb366dde236eb5f0b66e4a0dd6c55544d688de81049e26b74028bd921,1,2,2,1,1,1,9e-06,0
1343024784181132,21ed301e1c23dea8edfa7dc19c8d4cbd5de40c7a048a27ceec800f72157e1a45,1,1,1,1,1,1,3e-06,0
1343254027546777,d04ebb317add1b1e157da489fddbb8ecac91ca89b94ac7aff25a26fe71f5389a,1,1,1,1,1,1,5e-06,0
1343481466976778,38a1be361f24955c2f441a030981704ec349697abaa8e8d5e0f3b16611c13829,1,2,2,1,1,1,2e-05,0
1343865484158148,814a3be70904fd651897a342e1aa38416bdf583aa0920fbbf51ac30b400d8638,1,0,0,1,1,1,,1
1343937370554312,2fc6c7d2e256a37a3f0b2dca31c5f9446fd92ede7b22390506e13edabfb7e3b5,1,4,4,1,1,1,5e-06,0
1343983550808085,b427b526bf25724ab5e8f39b03b924075d7d414cf7990eb1da52df822ee249e5,1,1,1,1,1,1,7e-06,0
1343991617008756,991f091d09db3f98cbc86c0abe0e2b676e205cf85192c88a4abb8160ec2d607a,1,1,1,1,1,1,2e-05,0
1344023344083303,5bca21fe8e9893e3d9e5cd8cbfbdcf4e7bd5ceecf5e05d73238aac1b16828419,1,1,1,1,1,1,9e-06,0
1344137953359581,181e709954165336a71c8766e2e79d54e64d796c8611671904afcc1a33684d8a,1,1,1,1,1,1,1e-05,0
1344797460468326,3dbe645dbad95210a8995c2580f8c4ee12acd3326bc3669a933d1eab74f70632,1,1,1,1,1,1,7e-06,0
1344873853787164,85984f5f62d5e468adabe154da0bd691b7df1011c89359e1997ffca0130520b4,1,1,1,1,1,1,3e-06,0
1345066626942869,002cf74aa3d8eb85b22221efa106e962dc8c3b730aaa82b264912c8e2d9daf00,1,3,3,1,1,1,1.4e-05,0
1345193607399869,d5a2554dcbd719c32c45a9ade84d21d215906d4ce141c0b2ac553de34d70584b,1,1,1,1,1,1,0.0,1
1345273363712717,f90c85eadff8c163f2236c4828df92862cfba844da980a64c13ec49ec68ddf3f,1,2,2,1,1,1,2.5e-05,0
1345313130408064,3b892f5e748ef0d5fb9f2c3d5f7a32b4223444382af14a7ddde4b26ab25adf24,1,0,0,1,1,1,,1
1345670309820990,72c147a228bced5ff7c0db8b1b4d4845c253cf87a58eb98fcec92cdd5e0c0da9,1,2,2,1,1,1,1e-06,1
1346145090536848,a06bbd9f4e64f7c34901adc688fdca782605a717b0a8b6b88e99985d0d6e92d5,1,7,7,1,1,1,2.7e-05,0
1346383563949557,e8c85d0b94657c2104fb9f98bca0d5b97f6758018c1df78a24fda313a399ad0e,1,1,1,1,1,1,2e-06,0
1346610036948778,5bca1eb7606f9774f16eefaa645f6d738f9a21e427c032470a672c42169346a1,1,2,2,1,1,1,8e-06,0
1346806100157809,78cd2b13522783f0321f1cc7d36f0f5847fe0049fd675449f66e1c53e42e4e61,1,1,1,1,1,1,5e-06,0
1347447430203636,4ec75b8f951e483378a5408c3b18002cfe75e03e12c195854db8be20746a3056,1,1,1,1,1,1,2e-06,0
1347581703511409,7857330b1ec272d586b34296035ec74a92289d7760ea7e8bb96e18449592c7b5,1,0,0,1,1,1,,1
1347656407041579,0e05a4ec185742870e7b49ac65cc310c1fed10f74f99246ae4713767e371a559,1,2,2,1,1,1,8e-06,0
1347667083568771,bcd501a447dadc99120252fdabe799436a3271a2839e1f75f85eaf9ee0c4673f,1,3,3,1,1,1,3e-06,0
1347764100231040,651eb71151cab3ebbfb2c7e2c3a30db60b18a1342db30e8eddc6dc0807528d26,1,2,2,1,1,1,1.4e-05,0
1348131727095613,d9d381bf93eadaa8aac89e67196fcd7a2de4ef121577f5909502033c799e7f13,1,1,1,1,1,1,1e-06,1
1348363093450023,d07a04f092d4a7b223bd929b96c25dd40e32f01acd5062e42a8b8c1007d1b952,1,1,1,1,1,1,1e-06,1
1348498533678561,e496b27b8a6c03369fcce6f0fc2adcea935b16c5f65877f1e599eb88a2a1a0d0,1,1,1,1,1,1,0.0,1
1348647796741148,2236af0e1b130dedd655cf35addf606a9ed2c276bd8b6df533e997d3a5e485cd,1,3,3,1,1,1,1.8e-05,0
1348698870057792,24e7705ba29f7571393b6dd4d63febfd007163ee3c630b52f8b3d9fd14a7572a,1,3,3,1,1,1,1.1e-05,0
1348711137269644,efa35e5eef83010eca6ad7504e5509fb821388b982e2f55d78576768c272f363,1,1,1,1,1,1,7e-06,0
1349182543606174,3d2ce472dc0312de92c502da8e0109403d29490f5e5eaa76d91dfe5e6abd2c55,1,0,0,1,1,1,,1
1349225106930359,b2fb825d9b7bd1da94c899bcf353119eb1b75a098e4bb298d867d4fba2523e4c,1,1,1,1,1,1,1.1e-05,0
1349410190019030,59db0fc6d3ab3f6447d11a00db15f6bd19c3c166bd3eae33b9e45d94a9a957f2,1,1,1,1,1,1,7e-06,0
1349581473305974,d7dfc93324bd8217a43d14f2f464790a025963510b25758c662db6325ec33f90,1,0,0,1,1,1,,1
1349634033607403,3f1a1da9d073ee80025868a675c4c0f93c9fab20771b58ed1bbe3429832705d3,1,1,1,1,1,1,6e-06,0
1349746803560384,11fd0d819aa1f3db3fc24bc78b15b2adfabc7d86aef8fecf673b845bafed9522,1,2,2,1,1,1,1.6e-05,0
1349761399924991,fa88c6e9465c6260ad169f7d9e866860e13cc9572d2c5457f03addc771d80866,1,2,2,1,1,1,1.2e-05,0
1349803046121639,0c173748e9816a2f81b0cd346d99ffb0bb508e4a21f75cf3e55ebfbfe7da7048,1,1,1,1,1,1,4e-06,0
1350055720154158,7120efad2512fefe5a0d51d86b1d5351ca1dedfed5e2e0010a4f3b286f0e1a71,1,3,3,1,1,1,5e-06,0
1350110626793796,3c35d0865197d99a1aad27d49fc44bf17180fe23afecfa7d395a51c9e856323e,1,0,0,1,1,1,,1
1350171523277005,7c486e3b2a93ae8582a7a34b7003b071b70544d26ed78c80810399aee64eac53,1,1,1,1,1,1,6e-06,0
1350224506043655,18ebe7fe632b37527d620ac8851c2f930732133f77af504baf81414f1fbe16c9,1,0,0,1,1,1,,1
1350460309866787,b063dff42644884ee024ffc39ea80ad557e7eee4ebd9400231a4c7fc3170e42b,1,0,0,1,1,1,,1
1350560189413209,451fdcd96da76982500e452388df09df3b0574e88ba9436afc0afcc93fa5e6c3,1,1,1,1,1,1,9e-06,0
1350740566519986,e322ddcd4b36550da6e2ebbed54b4dd779d361aecd91bd6fee5b0c7b35ac0128,1,1,1,1,1,1,3e-06,0
1350762503247792,0ef906b718fcee7f86b3652cc1c751685df118867b03f6234f68c58f6dc8e561,1,3,3,1,1,1,1.1e-05,0
1350792863208806,99af115eb60359d38f0bb60ebf260849cfdf8f254c50dfbc7d24cf805e4ad243,1,0,0,1,1,1,,1
1350984300104249,631d990aa0f1554d1355e5119a0d9993a55b9dc713d98b2399971d71f916aee7,1,3,3,1,1,1,1.9e-05,0
1351068979837090,9667976dd252f807b5f705ee9462b0d9cccd6bb651561526b3c381312e4ae819,1,1,1,1,1,1,6e-06,0
1351155813359174,66899834fa8fc4a6bc6c6f8702aefaa0073f81e2af41fa534c428630bd93761c,1,1,1,1,1,1,2e-06,0
1351368619793715,53f08fc315554fc0ab947e48bdd8ccc1c4a2d2bc1051b29ec89de278cab30419,1,0,0,1,1,1,,1
1351565556713789,ffb6cd31b41c2874fd2034fe918e0dcffa93263c207099cdb9e7e8fa555a90a2,1,0,0,1,1,1,,1
1351570159996259,61932969d981b7448a9e67dba4dd69c74bb5279e700020e2d3746e2fa08f414b,1,2,2,1,1,1,1.3e-05,0
1351770613153077,72d5916bcb82058bd690f3fbab9e44dd7084ed43ee489a560bea88e03a5c3c43,1,1,1,1,1,1,0.0,1
1351858066434427,69426bf4c8cf2cadc4d94051280d029d4c3a1205657594531e407af23df36c7c,1,2,2,1,1,1,5e-06,0
1352214503213558,85fb70bbda675aa2716777a76086c804a368b078a4f4a7a6806c3eb20f233298,1,0,0,1,1,1,,1
1352270489726860,b5e275e61a3e34e3765330f3b7dfd0fee9aa0016f78a45e13be97bb34655c089,1,3,3,1,1,1,2.4e-05,0
1352598726316704,95cb30f55c62c4b292755a6eba128c6c0ecc4e35b3a51dee0838e1a7b0ddd984,1,1,1,1,1,1,7e-06,0
1352630246607729,ab2f1c148419cac2a0ee0a896c70ca1e51235c663bbc6fb025b8a06981fc3ea5,1,0,0,1,1,1,,1
1352886479637971,44634ad098878a71c6833a5492c417d7e9e31b106e5b6092a96439b09d893e48,1,2,2,1,1,1,1.3e-05,0
1353024945780438,5764f2822b6cfc4285247e64b04705627b76f9a4273194f9efabc2cd9bb8165c,1,0,0,1,1,1,,1
1353138169603617,4fe22ae11fa8f5da0e531a43d87342901d14867cabca663577c707ac93b088e2,1,8,8,1,1,1,2.3e-05,0
1353148409090422,2893a6df731ddbf386f33d77423981d18851e941aaea9d24ba17c4ff05599d3a,1,2,2,1,1,1,9e-06,0
1353184765649910,e5b56f39d52b767f6ebb581218095bed570c58fcd52368d8872543e13cf67816,1,2,2,1,1,1,4e-06,0
1353217332908788,2405ce180c0524b60fc5a6d6d88cba7fb9085d28cc3979acf644bb60a3b17d8a,1,1,1,1,1,1,8e-06,0
1353272916176973,570178c1d850f6077022102a29f7e83aa86ab90926d4e9b33e017a3295e401ac,1,1,1,1,1,1,1.8e-05,0
1353513469887393,f198b7ab58f862c60d009d4443419ab708359e3bcda97af52e8dc1efb3105f4e,1,1,1,1,1,1,1e-06,0
1353523402935912,2c317ad0c8102d9dbafb22c71d44d4a1b8d9247e10e9ac4c67a30bb7baed1a00,1,0,0,1,1,1,,1
1353677919588087,562000cc28e8c2f5982d61f8d917285dc8c7dc2d5fab4b4d084dafd4692eb012,1,7,7,1,1,1,1.3e-05,0
1353690213163320,681f680727082d833cd8e086e2b426fac28c8ebdc927b77a57342217d0a21479,1,0,0,1,1,1,,1
1353781322913125,3600db2b30cd7d220f325bd13745b8e2866ff2ad69e04ebb2c336b80edc3a347,1,1,1,1,1,1,3e-06,0
1353806442910011,f9fe9e2ce77ff6897a10ffdea44753007a1451312924a4592013f0d2dcecd14b,1,1,1,1,1,1,2.9e-05,0
1354075966180995,f1e4f905672a9e4ca03e5fff3e6ee4fdd9eee57d6f22bdfbaece5e3145b1b7b7,1,1,1,1,1,1,2e-06,0
1354623416131237,4f658937168932c51e7ed1d0f957dfb4ee39d81f64c659739af8be719e0cd8a5,1,0,0,1,1,1,,1
1354669829661752,83fa2fba3fac015b0e41b5c6c8572e63c23c8fb9403b5901cb4e7d6594f0bb76,1,0,0,1,1,1,,1
1354714575627938,5e20f862d5651d04ab573e131936eabf5347290fdcecf8027ba1020237848d58,1,0,0,1,1,1,,1
1354968082969958,bbad1a87888d2006c060034122815d600661efa5abafb58d984422345b56d6cd,1,0,0,1,1,1,,1
1355148408821494,ffc16822f6d72cbcf7f952e21f7f160d55a9c515f7311bb98beb371d08b227ab,1,0,0,1,1,1,,1
1355516736356111,4c36cb3471b2a0765054843adbfa3e293ddf6ca0fe4fbc0d2e64430906cc4c8b,1,2,2,1,1,1,3e-06,0
1355664472895777,c0d93151549d6f1cde8d3ba8e74452719b3097dc222371e9f5fa508e0f8fee5a,1,0,0,1,1,1,,1
1356254402659120,af37032188c6123068875d8f47e4da7520cfeb89a4e9f1dbe54d73f6b61e080d,1,1,1,1,1,1,3e-06,0
1356456345335896,6be9d7d7e06c0f6710d4a70644294c8b4e8fb02f62cd9f430cac724cd57ac573,1,0,0,1,1,1,,1
1356456752691499,f518f40f0c046de23d46296fb122630a7f7fe09ac8ac8ddf9aea00347b74b9c4,1,0,0,1,1,1,,1
1356458522011127,1a81e3d73c3426fb0a16c16baf7370ac0134c23cc40eb3fd0d6c340d0049e171,1,0,0,1,1,1,,1
1356976611962967,9612e44dc1f2e964704c8fdd633ce5599e98fc14837b01aa59e249aadd746d57,1,1,1,1,1,1,2e-06,0
1357138085854942,c1222baadffee928bc5760e539e3c7bb35aea0e82e1be93e9e0953bed2d9c965,1,0,0,1,1,1,,1
1357188935808657,fd8ea4704f958b3b7c56cddd5cb407e2e95824448f312efa8502e7a08bea59e8,1,0,0,1,1,1,,1
1357465195913214,0a4023e9cc12aa9934d4c520e46351f076bd1f560e5119c887d64b4375260bae,1,1,1,1,1,1,1.3e-05,0
1357470835831173,f0b0ce8fad5276b36368f5132863a466ce48c77780a91ad7fe6883bb9cf7ea12,1,1,1,1,1,1,4e-06,0
1357503889372162,4dfe8999226608d47caa6df6630ee0b5fcf4c17cb096781cc9ab0641142c957e,1,1,1,1,1,1,9e-06,0
1357585022569358,44aa4770c006cd48c9b9f017f59bcaa873176f8bea8fa5060cf359971a53d303,1,3,3,1,1,1,7e-06,0
1357655112528104,65e397555c6dd0a8266d569b3a0bc715a4efaae256b3c5f08f1ebfa6ef4ed2df,1,1,1,1,1,1,0.0,1
1357665125910280,a9415698ba20d28834411bd7cf4ade75ae5d84d150966db166409f24dc4dc892,1,0,0,1,1,1,,1
1357909205873171,c2bb8e9d5cf7c6949fa0a5ac59b38be03d0b52f554314bde2c491756f45961dd,1,1,1,1,1,1,9e-06,0
1357993429110170,a580d08021d4bfdde0c4a282c8e239b216f9a46261a9604695f7b46139c05aef,1,1,1,1,1,1,4e-06,0
1358112908908943,8f99af8b300afdad5ca1e94fd754ff9318c2fb76ec01ba8509ae5a6d22efa9a7,1,0,0,1,1,1,,1
1358359882466034,e1d5fb080ae7a84f65417b02146732c9208038ade03e966cf812c0fb848ef899,1,0,0,1,1,1,,1
1358842892286829,05c85e0a2d9f3e1c861211700caa5744e2f708217830d0f817411b979414484d,1,1,1,1,1,1,4e-06,0
1359009322332043,fab966e4e03b84313d65e044e907de37d5cbc908e2e681dd07c455b36d740d26,1,0,0,1,1,1,,1
1359225992530449,2cbf494383262021bd29fe83d6c7fff4795e4e809578ab79552d0eb283bc6316,1,1,1,1,1,1,2e-06,0
1359399579008130,1819c0bf73995104bef0197a93b1666528cf9c29cd9c4e36970228f0b5be0331,1,3,3,1,1,1,1e-05,0
1359507472852749,3b031cff1e5eeb87e77208411de958cd613aa6c90581c5e1d0b6181c8d2ed12c,1,0,0,1,1,1,,1
1359586748959253,53e1f9db176c42ab75ed1ba5b3221e4a75d78c300d67dd159756e65cceb4119a,1,0,0,1,1,1,,1
1359790165555222,6a4c3f41ddb5a1077759cd2bdc3209f89fd2262021e89440b35b6e7d49b10d04,1,0,0,1,1,1,,1
1359897169004762,8a8444b963c660a0df3abd2f51aea8f942a996f539498589033ba6fe9bd08e3a,1,0,0,1,1,1,,1
1359912952515308,dd8742ec1bbc0548aa367a072685eaca20bd906fa5fa80543da8bef9e46e8c57,1,3,3,1,1,1,2e-05,0
1359993175577153,b00fc7170e9b9f3162459f5dd1fc5bd53a8d2236a1f19c93699ee4cbf807a718,1,1,1,1,1,1,6e-06,0
1360369678812916,8f1cbb628efc301df1afa03f9436e38f39f8893c049cea35bb685c5626c259dc,1,0,0,1,1,1,,1
1360434305492076,8d92e1cc952c955e29457ff3c5fd054b0753d4d16af3c96d2aa4b9dcf245d04a,1,2,2,1,1,1,3e-06,0
1360645455803495,6fae68d97d497f3f7f71cc6500de83748c089385e4e278070c3f0bce2f1cc312,1,0,0,1,1,1,,1
1360825985743191,619a064d3df73ac94a136a4734890872908d1e88e8ac81ebd7f432d64706ce02,1,0,0,1,1,1,,1
1360988472335488,33ff5f4a4b99a94be56d9b4e2e43363ea7b99e76aea0bbe6949499a0eb136c1b,1,1,1,1,1,1,1.1e-05,0
1361038028933265,9931368eec03de2e811ba918a3710cb2ce7903136771fc4e74d57670f5395dd3,1,1,1,1,1,1,9e-06,0
1361053742236713,cf751a2cc167a7238fc974874ac7d1cf21cd6d4a28147ca396054abc4f81c6c7,1,1,1,1,1,1,1.4e-05,0
1361190715484712,8eba9e3e3d4b182a6bae5ce4497ccba738f0d4b1fd513ccbaac05429fe0a8dd5,1,1,1,1,1,1,1.6e-05,0
1361210188736132,c720c2708f0c1f0bd06498e22021a90788176f8b042520d9aef018002b1ca024,1,0,0,1,1,1,,1
1361256641505690,218771741cf389a72325a4b27beda1b49c3d7a0246d39a86bc203c66977f9e15,1,0,0,1,1,1,,1
1361262288720470,d7bfd3c18505392ae3f8cfa69a77372bd18fc3c858a0bf52974591643e5495fe,1,2,2,1,1,1,3e-06,0
1361350018671779,04367a095e2dcdd3027c5c08d976f99078998d476b257f23f12a405e357379d0,1,2,2,1,1,1,4e-06,0
1361434055717003,bb8a389c2ccd2d21187d5160d4401ca8e6a648eff812b39b2d7ce4962940a769,1,6,6,1,1,1,1.2e-05,0
1361474592368171,f8b4092cc02715a83c3aa8f1bfd7cd882b1f4f1996f98b84aafef3c57b353d63,1,2,2,1,1,1,2e-06,0
1361497398571551,787584446fdc33262193ca0c7516071a4b4ffd2f38d561beb197d66b72491cb6,1,1,1,1,1,1,2e-06,0
1361524698783040,7bd81cec2b9f9b77c2bc48c39a423fa66f483c2e2907d70359f47363ef205983,1,0,0,1,1,1,,1
1361683115449576,3a177c34cdb0f8cdcf703811942578068bc86977f96f0cf6d1f4e407f6968f74,1,0,0,1,1,1,,1
1361793098651880,1b6e80c6f745327b89662807079cd5a44b5860eef843605e418a25e4c00052f7,1,0,0,1,1,1,,1
1361932015437756,dfe036f5803f02bb751dd5b37af83d838628e336125b6fff36b7b8d072cd3b4a,1,2,2,1,1,1,4e-06,0
1362021605594414,8108f6b6205b9ca06d223c93fa67693ac93076222faeeeb7b95e98157503d8ad,1,3,3,1,1,1,2.1e-05,0
1362100278843729,f0a7bf3d9a37c5772bac8c64b4e54f25526e9741f11232d46bb72bc090adbaf9,1,0,0,1,1,1,,1
1362322975613575,c7476b45d698bf082108b00cea62c31ece5068fdf09d31a05b08ddde534c860c,1,5,5,1,1,1,1.5e-05,0
1362599382202287,b403abb74b999490779ff499cabba0138c887061ded1c65cddd335d13d786ad5,1,1,1,1,1,1,1e-06,0
1362635375413615,a1aefba2a0e3eb5d2438dce2667898744c3534503c2b6fffc6daa7314ca1708d,1,4,4,1,1,1,6e-06,0
1362720162229063,01b789c718fd25d9cbc084b5dcff9f1a762cdc1c11ec155429f7607b27aa52d1,1,1,1,1,1,1,1e-05,0
1362762215472480,12c596d1119374b6467bcc4eb73d37381f5fa9898253c49c7813c2733c36ec4e,1,0,0,1,1,1,,1
1363102918022070,76ba8f2ba43eec48d3649bfa6821a78f1453d6e45d96eab63aa8bfc24a487f7c,1,1,1,1,1,1,3.4e-05,0
1363108968849404,3ddb59bf6b11151f8a0cecf4224d100d730a7ff6d85e0178801c9e602e6eebdc,1,2,2,1,1,1,1e-06,0
1363227208814230,a319272d3c4a32d80f69d284efa8995505e651e90e71075539e543d01aa613de,1,1,1,1,1,1,0.0,1
1363303628724431,155bec3799879ffeddab3c81a410ec45d1d6331e6093acc72fe61c4afd748563,1,1,1,1,1,1,7e-06,0
1363396934778590,d43f331474082f83d3b029a334baa04bd767b6dc3091115578fdc67f7c8842dd,1,0,0,1,1,1,,1
1363528185175061,484ca2f54d103e2af9e88ba30cf329f5b8854d43a2796cedd6d509acf8e919b4,1,1,1,1,1,1,1e-06,0
1363597228888866,47707e9d7c40756e814b18148d81b2553bce7739f70af0826aacd5dc9532248f,1,0,0,1,1,1,,1
1363746368754453,4c9b3070f037c8509377311daffd792f1886d73c41e53edd7c94c7214c80190e,1,0,0,1,1,1,,1
1363834215447113,b89f8753baa05c532d0f9e8c30ae62c37594c0446bc217c131754cc4b0d5eda8,1,2,2,1,1,1,1e-05,0
1363986558560163,9d07a25a00c1aa635c211f4e9e024f7bb86fc807eb7705f2acdab84218d56ce8,1,0,0,1,1,1,,1
1364160168767683,fa52fc85b273abd063592bd63a700444ec5da5555e59cfc795908a0519f7d18c,1,0,0,1,1,1,,1
1364389922087744,c6b3e56285f58456945edfe120f565477e355f81adbe356fd973eb37257e196b,1,0,0,1,1,1,,1
1364486448601260,9f8f562b27b1d61bb83fcf664f99bf385ebed3426d8a18ab8a7cb2fd737606d9,1,1,1,1,1,1,7e-06,0
1364654265127160,0cf5a70b022c6ce757e4393f13bb535cc09df258bc449c9a4afd048476ce65bc,1,0,0,1,1,1,,1
1364865955126785,12a11c021b4520b3e4431126befd0186072abea7e4fb6273534bc85a8249cac1,1,2,2,1,1,1,9e-06,0
1365437878265952,aae396ee465689378fb8f55cbb8afe10cf2e4ebadfca3a363ef27f38c62b10af,1,4,4,1,1,1,1.6e-05,0
1365462128550042,976c77d8742dad08f2d850450b881f632ce3aa097fada985bb7752e8c32a9774,1,0,0,1,1,1,,1
1365625498287299,076213b41bb611771f3342e8448495276c5b13c48d9fa25edea9f6161cd3f762,1,2,2,1,1,1,3e-06,0
1365989731925733,e28c82594997fb87e3692d55e6bc9bdcdd1b73d82dc265f50e63bb72d207ff0e,1,1,1,1,1,1,7e-06,0
1366044221829079,ce57ce85d91d35613eb9f82c5622aa29b5fbed41307d44b233e18804da226688,1,0,0,1,1,1,,1
1366322085135147,fc2422649555c0ce096573eb0910a082c2541b307f80923c929d60dccd49d879,1,1,1,1,1,1,4e-06,0
1366385188554778,b7d430807ad376adee08d0612afc917049eaae3d5eade0655803c0e092492340,1,0,0,1,1,1,,1
1366481881822457,4e057297def6497b5c57f32d8b9542d3d33d8a8d850b0e7b0e4682c92e294ff0,1,1,1,1,1,1,1.4e-05,0
1366597335256255,099164e5e4f68f4777e679b07c0a1defdb1fa724248546183811bad84845ff28,1,3,3,1,1,1,1.8e-05,0
1366601111667115,4b82e97b9e6cdf6d737b6da2155fb216c1a993c37180e0a521b1d1a434f645d1,1,0,0,1,1,1,,1
1366617615015242,61e439b00acd05fe58928f23631c0b8e40db227241daa8eece779caf7bd4ab75,1,0,0,1,1,1,,1
1366971211547118,f109f9215201f379c315c0cb6c1212517ff5560228e59413784e2c96a5be6adf,1,0,0,1,1,1,,1
1367025145117147,6bb1d74c0421ee78a2c51ffc276f077408dd1313bad81ac059519fc8255026c5,1,0,0,1,1,1,,1
1367073351567230,217096f8378f02138b3e34ae8f526b2d82f38c3f730352578292eba2fbe13738,1,0,0,1,1,1,,1
1367182914808130,42effc0219e8c593f9f2ab86b8c2bd9dbe9e4a5a11b8fc1f638701c47ca9eddf,1,0,0,1,1,1,,1
1367197891696576,5611aa330c96df94ab403284f7a51b39310670b8d9b556e4b8926983bc50347a,1,0,0,1,1,1,,1
1367649068299287,c11a7e77def29c6af6147d7e2d03bc95ee907cdd965ee01c26041dd44f27bea3,1,1,1,1,1,1,4e-06,0
1367657641671815,01e44d999424db337119c02220e99643e3f4300d375e0b1b2af51202963d0c46,1,1,1,1,1,1,1e-06,1
1367675655143239,e326a0ad80882ad7008e789ad1a5c1f448633d14d8d6ac58266b67ba32e693f4,1,0,0,1,1,1,,1
1367767511610978,abcd01839e7dbe72aee377b843dc4b4a25b08e74652b4afd1ac8c32b5476c4c4,1,2,2,1,1,1,5e-06,0
1368001261670834,06bc870f12cc839cbcf33a0426a3f827dc112f188caaaf04c22c8cabfe08e548,1,1,1,1,1,1,1e-06,0
1368058548321591,857e7f57486b7e903d27e9353c961bb66400850ac426c8bef5d7ea6ac7ff4051,1,0,0,1,1,1,,1
1368065838290744,34c6ae792e6bf427a28781bbf9db4ef13457eb4e471e3cc052d301e313767fc3,1,0,0,1,1,1,,1
1368225771315250,fe782384fa7f107b6e2cc2201a412d09a05750ae75f26853ebffb92ff1b04af7,1,0,0,1,1,1,,1
1368538501380615,842ac6b5a440ff82554c0334a704cb2654556ee2ba6071d3d2a1d9c3a9707cb6,1,1,1,1,1,1,6e-06,0
1368541914980876,2a9be7a64c8205d30be4848d8d889bb93ca549c08c782f5f845a78842064fe83,1,0,0,1,1,1,,1
1368603144623563,5d1a5bce41818cdb3c7cd5fb370d2fb7d6ddc149aa4e2c5375e75f06183df771,1,2,2,1,1,1,9e-06,0
1368663684771503,43c54906bf8934398eef984f9f837017e8704cbce9fb5524d8437c20914ca7e7,1,0,0,1,1,1,,1
1368688740786107,09cacd1b28072add7313fe4f4de024bc8d295619682660e9d95783822eb66e0e,1,1,1,1,1,1,8e-06,0
1368810934850244,8685ce32db86c8febec09eeaa3bc7726697e7547747323cde0dcf747af23efa8,1,0,0,1,1,1,,1
1368860824592018,119427094db67aeb512f6f33f1870da41595ec0e8767bb3eb784c4b8caf6d2a7,1,0,0,1,1,1,,1
1368903798268610,0b943acfef7c6a58f8830fb90c1e080d7e369169324a25f41e57c47e573121d0,1,1,1,1,1,1,2e-06,0
1368921018052697,178d473ad8cebc1bdf02f41fd4c626fbc4a02a4014d4e364f4d59a7023278e87,1,1,1,1,1,1,5e-06,0
1369107194952535,9a4964c56c98e99b9068bae623e17f5f4b476332c4f7bb141dc7ecf7fa8c4074,1,1,1,1,1,1,2e-06,0
1369129891265034,2b2e19c450352aeb26d58cb99e6c48e6b07467759334ed487ec1634da22c8f13,1,0,0,1,1,1,,1
1369230248127514,4f6b8703b3fd60458997849468af9102e6db723560acb709db29d5d7f35cb9ac,1,8,8,1,1,1,2.2e-05,0
1369321811610808,8981dbdfc72425e2cdf63120d3de55001a74be08489bb0d734eeece862074023,1,0,0,1,1,1,,1
1369481974765046,b0424ddcc9ee908ec13a97da47a425049cb80c2e17356789626c9f9a1ea95d2a,1,2,2,1,1,1,7e-06,0
1369515744624571,fe07d79b0e75406e7b739c30ecf36ee2d59243107160d4e17f6b5d1f5b9c9857,1,1,1,1,1,1,4e-06,0
1369869281239788,a7df4004088815e9478bb824fc4f8a322583e44fee078a3299a45d78ed8d464f,1,1,1,1,1,1,7e-06,0
1369943147935873,fd776c5b6512a5f8a02ab78a02eb491832fd17cc9727237a559e79a1d5f07fa8,1,2,2,1,1,1,6e-06,0
1370018398135428,40911a203cd17247c10e4afffaa8850aba1c4a8f027105c9f362a71ba6441287,1,7,7,1,1,1,1.6e-05,0
1370115064648745,a7846083296e914a83941f4a39a3d3a00564bf91cadf22fe97ff73c7d808f552,0,1,1,1,1,1,,0
1370257304492721,2f080b2c9e7526a08fb1dc0a3ea0289ac1df336f088a1b4a44aab1f1b9a993d6,1,2,2,1,1,1,9e-06,0
1370359515101318,ac00943b2dafd5248c4e60823647aea5e029f9607d4d859fab5b36871e18e275,1,2,2,1,1,1,7e-06,0
1370705494585488,b094340af1aa80051a6d240aa537185806d928ad32d2faac8d64c6a2c6fccefe,1,1,1,1,1,1,8e-06,0
1370816584389284,b96a167c63d7e8d84e4cb07c10c0f36661fb570462c955744026f78202d1819f,1,1,1,1,1,1,1e-06,0
1370839711112765,e2bd3ee322e49617b52d8017a468cf9adaa1a5aec44508753fc4a3cdb73b8094,1,0,0,1,1,1,,1
1371078228026667,e6c9b6d0b64fa6406d12bc0d005b312bb31ceb40aac87b6f5dd6075e3fd6bd7b,1,1,1,1,1,1,3e-06,0
1371104624658272,ef6ea8d288bd3b2412ec1562e5a9a87af1436c83ce58e9a2f25e5c9b373383a7,1,3,3,1,1,1,1.1e-05,0
1371113861042851,e7e77e37b33b9b4dd1eadebd0c359d564c12130c825757d490f9b35cbe2978dc,1,5,5,1,1,1,6e-06,0
1371426544585072,14afd9e649188fb5f59303edd7588081f8e3546e7c5e4b09fb78245145e48c3b,1,1,1,1,1,1,2e-06,0
1371590614606452,0a8e56d3b1864fba5c554a60a99a64d49af9b7cfb94ebabd5e02ef5a51e1b0d1,1,6,6,1,1,1,1.7e-05,0
1371767041063382,dadf77f3cc585e1129e2423081631780b667a568dc95a7a43b7ad0d00b946b58,1,4,4,1,1,1,1.2e-05,0
1371791511271497,c09ba3ea3d8bb5736183b48527f21e71e99ea22ce65a135c3dea317f7be3fd17,1,0,0,1,1,1,,1
1371944424402035,196ab2e680d427eaf62a1cc1a67f0995a6a89e3e210f644cd03e83da90bb3c8b,1,0,0,1,1,1,,1
1372432337750238,27ba8578a8ea7470d091167486a40e8ee538f01c518ed573b192c489f6887946,1,2,2,1,1,1,2.1e-05,0
1372732451013502,c09ff224c93671a6303324ac6427da41cb3a55cfb09e336fa598e7c98e63dc9f,1,0,0,1,1,1,,1
1372805967710849,d820cb2e5414a33fdda1a224167d444ef6c811657d02b2854baedbdc0f9ec3ce,1,0,0,1,1,1,,1
1372833154371316,3a93f486b694ba0f36bf0e1c478c3aad1fbdf845debde5e5feda9983ecff41f6,1,1,1,1,1,1,3e-06,0
1372850207547601,dc1927854111d2b540f804ae688c0861e27e8897140e1a30830c83938d4814d2,1,0,0,1,1,1,,1
1372867017905205,6e150310a634a3da65dd455f04b24c667ace028cf3224c16bdfa882d17a45a03,1,2,2,1,1,1,8e-06,0
1372979711149705,6f79e3a49f59da78d67a6500bc104523da4164061682bc52499b8a73edceb654,1,3,3,1,1,1,8e-06,0
1372984354425492,4947d1336fd34efa505bc4eef4d42d6860ecdcc06e7abe2f89b722055813c710,1,4,4,1,1,1,1.4e-05,0
1373026027603514,dd7463f99ada40928c213557b45e2052ec89cc32ef45d87773df4482b2ce14df,1,0,0,1,1,1,,1
1373109827734275,d7cc1e89173a42cef08032cc35205b92769a433a42b9eba49f4d93ca4a6f0b76,1,2,2,1,1,1,1e-06,0
1373235141040937,df47109bd52d581f54da551f283d0e682c12e07b66e2518c521c8efd206d4a2a,1,0,0,1,1,1,,1
1373345740827835,fc84eb0e6f6720d2dbb8f9a0db18593cc56cc46a8dab72b1dbe10463a7d62ea1,1,0,0,1,1,1,,1
1373721267752346,493edc875933ee9565b10cdb736c74d2a4c96c77095d2e05bd60f271f1a3fbfa,1,3,3,1,1,1,1.4e-05,0
1373874687748306,ab39e2d5113ca52c38f65b50324af1bcaca4943620d34a5747b0f2b8a0b3164f,1,2,2,1,1,1,7e-06,0
1373892257483170,31a0d02f2748c9874c74ed98d6642e946ae470146f9d4aab9e1d6b791f1ad76e,1,0,0,1,1,1,,1
1373910400782529,ce7bafca5bb62083f6b636efd0c4eaa26e825bb09ea7de6e7b252a1bfa4b1640,1,4,4,1,1,1,6e-06,0
1374116737679766,69b02042594809f3db5ba3a646303a2d1393fab7232f33b96eb36da8b573ccc8,1,0,0,1,1,1,,1
1374189364075704,3968f7bcd4eeb07e3ddbc53b7e9c4d8d21d5b72600e2ab469bde53cf98015491,1,0,0,1,1,1,,1
1374221387439563,da35dc1a8d6f1a1057ef681608f6244f918d7975ea74ca7ed95f9699e6eb8e2f,1,1,1,1,1,1,3e-06,0
1374225520745198,a82a8ef25429119a055487f9dc3063d17452592efe2ffa4646dc40fa26611d52,1,0,0,1,1,1,,1
1374228084047735,e5779fb67ed078ab53d3a458ea63a1960e26b77d81010bb8cbfde54119f3b5dd,1,0,0,1,1,1,,1
1374291754096003,040549c96947cc5508a62dc109f8cdf4a4edfb44a41bbac3ecee3c9989be00f1,1,1,1,1,1,1,2e-06,0
1374515007549448,55ae70203db64776523111a8ebf40221b36cd052bb9349b9b06449722137b745,1,0,0,1,1,1,,1
1374652734168650,5e22d7d4c2c73521751c4461b7f65b13ca4087a6be29094ed01e4734057d88b1,1,1,1,1,1,1,0.0,1
1374668754308970,2573218929b3bee60618a5f91c181dc818f5071f4fdf2178f8cfc06f4aec2079,1,8,8,1,1,1,2.9e-05,0
1374783121020854,a912cd781dd4acc194b9a79c020f4952a4b3ee31d25efb20bea1733fb506ff1c,1,2,2,1,1,1,4e-06,0
1375075657658213,ba11148b94671d79c8d1a4b589ac1a781d3a498c4a8976416f6a7678603590b3,1,0,0,1,1,1,,1
1375284764007199,6ef6d4303b6c0dc9e670d1cb83e3868b9996dbf146a30da1a227d34ef59e49d3,1,1,1,1,1,1,1.5e-05,0
1375423004039456,c365de95eaefbb53285f7dd099f01b657f3bfb3f4a924fcf5dc6e713f5177151,1,1,1,1,1,1,9e-06,0
1375564107415566,a2a5ff986647c8fb1576b0d238f84c0a6c2a79f0f54e0afcb7d2debdfdb4b5e6,1,1,1,1,1,1,1.7e-05,0
1375597910871066,65f41f106a2fafc346c47841a90c1b3571806d469771c276e99516b50d9bdb44,1,0,0,1,1,1,,1
1375635557684841,9b55a7b676f685dfe9fe357553115229768a7cebf20d3dd7046d32f22c7c87e8,1,0,0,1,1,1,,1
1375769930815062,8243437b7fbcfc77ce42f3b93a5256f5c1d9d3e526366e90cd247fccca9ba1b0,1,0,0,1,1,1,,1
1376006294182665,a7e84647e6c546002354698c0965a85fa83f5e2ce27c0aacd49b1e93be0817c3,1,1,1,1,1,1,1.1e-05,0
1376271873859792,1301599b6ab72083c824e90ea2755ecc6c1b6dae0bde559411e984fdd153cedd,1,1,1,1,1,1,1.1e-05,0
1376333200867035,0403a4491e1679fb5790a6321fa845702be6656814ba564dd3cc00928f4bed84,1,0,0,1,1,1,,1
1376718017239479,334bb0842005b76659c1c421c8186306073a90789eedb839d2df3aa0ed4e2185,1,2,2,1,1,1,7e-06,0
1377296064113880,5143a68493261286d262b9c03914eda0105e0465f3ba7cb28ca658494a5fa054,1,0,0,1,1,1,,1
1377360000400314,ea08b06aa260f1615e4772edd3d09933e006abb705d8b3a3525c28f89c9c47c5,1,0,0,1,1,1,,1
1377498847327734,2a8b758217ca7c137d103f89ceefcc9665c2a39273f1dc61fb08e80948b20492,1,3,3,1,1,1,1.2e-05,0
1377681517091526,7baf8d0b3b166fb2d7e876d935a42e147c5e3341d98349697b33dd54f613ccf1,1,1,1,1,1,1,1e-06,0
1377831370423117,333e36b245d8f9b087993deab0713ec5451e990bd7b957b64c3b7f18dab1b0ef,1,2,2,1,1,1,6e-06,0
1378125397276249,2836ea7379735b24b1d9080b0e47eb3868be469e0db9286e9fe0b9f4ec3ebf08,1,1,1,1,1,1,2e-06,0
1378200936989203,ac168506f788696b86dfc242a5844c13319194d05ffb74620189cd68eb28ab88,1,1,1,1,1,1,3e-06,0
1378210510313997,209de7854d4cf8890c52d91275a6fc2d262220578989f57c936cc12f1564bf4d,1,0,0,1,1,1,,1
1378258857643516,ed55573a907774d27a2dc74ff5ff4e7d28180d7231375e0951c2d302f923a1ba,1,3,3,1,1,1,8e-06,0
1378265296986513,abdee674b4e8887f9a6a961b817cf97fddb09f26c260952d2af8efd1de6e9091,1,1,1,1,1,1,2e-06,0
1378437357268109,e3c6167b686cb438f1028635d95cc45ed73e56c6e9e37486843bedeeda9028a7,1,2,2,1,1,1,5e-06,0
1378628863889116,c70fc44c09ad163749bad8ccce726c3fdbf74d8430c61de0be25fb1c5e5158be,1,0,0,1,1,1,,1
1379092123857537,78f9e0ac2a419b397e8a1af9331139a81c408c8484fb82eff9a74811117968a4,1,2,2,1,1,1,5e-06,0
1379236533779333,b8d03603ab9398c8b3fbf7a33b93f7585e10cd130f85b5505fb221bcdab9159f,1,0,0,1,1,1,,1
1379366857045964,8a0dbbd4a1339de387a5d84ff7fc3414fffeb9abd5520119dedde798a317707e,1,0,0,1,1,1,,1
1379669393493474,5ccedc8171a2ac4e0a05322eccaa02bfd0cf79b0ac59637144c3d57616dea9e2,1,0,0,1,1,1,,1
1379740227083094,cdb3dd800a4704fad607b5ff91a04652412e9edacb716d3164afebebdd2c5c8a,1,2,2,1,1,1,6e-06,0
1379936113479345,66b25ac33edabbdbdc10e405550c9e7742e51c581543532955fbbbf5c41280e8,1,1,1,1,1,1,1e-06,1
1380003400423658,0c26198659b75f8033403cfdb04b475eb04409cf8046550efa3438e71a7888e6,1,2,2,1,1,1,1.4e-05,0
1380357090387865,fbab50a48ced951f795ad32139fca783439874b96829dbd5fd1dbff25f9dfeac,1,0,0,1,1,1,,1
1380414890136956,62743f389675c508016d12539ba910fad564228d32162278c4c93b9a58261bdb,1,1,1,1,1,1,3e-06,0
1380439546775942,80274efded78cc7673644a1c7d6bf17c9ab40c372e5d10d34dcfade1b64303b8,1,0,0,1,1,1,,1
1380522570527623,ebfd81274682142191ba949a410395ce24c0f7368a76d884b7a847cfb2dc5f9c,1,0,0,1,1,1,,1
1380554363435339,be11aa337c90b2473e043829a78a16a6fba77abcb2d924014c233bce5395b7e8,1,0,0,1,1,1,,1
1380691096946396,6caf0decb5de8367c7195726a8f614bdff6ad4c9db0045e60a0b3ba61f3d0446,1,1,1,1,1,1,7e-06,0
1380947873734094,fa8d1919f5444412c26496470f885beca0564d4da2253c9f6d1100a33bb392d5,1,1,1,1,1,1,2e-06,0
1381063933459243,56b65127c661a3b60ad24795bb8e1ab0cee5202e0b857070e4f92b51dd0bbfc1,1,0,0,1,1,1,,1
1381079453454519,16e052f0d98c06a1dad6bf4a487488bd4b2656747ecbcc19a29a3ab2c3f46bcf,1,4,4,1,1,1,1.2e-05,0
1381092950385275,e97717bfbf8f655398dd8834049d17b8119a5c6ecc168f87659bd23a8bdf8e9a,1,1,1,1,1,1,3e-06,0
1381166786952962,4102154f86ec450e6354b8435fedb2d23be2058a8953283cc1f34f25c0e51fc9,1,1,1,1,1,1,1.6e-05,0
1381193143729344,059d48a9df0952e5c7313b0f689932a5016d00baefdaef9ad18f4eb460610f6d,1,1,1,1,1,1,1.8e-05,0
1381422480208096,00639d87077e8b5687e6911b2a16d0c1bd4416de8f7db76fd8bc3169683a2627,1,3,3,1,1,1,1.3e-05,0
1381470283503744,7c8442d5d294e15f67482cb4f4b3f8bda20562a2ac917dbcb80a96031c206289,1,0,0,1,1,1,,1
1381475710157283,4c5605e440f3a331048c02b294b3f5de80522c794f59a63858bcbba67a26cf84,1,0,0,1,1,1,,1
1381600220209974,ad1cfb5e996743fd4fafb5dd6b4c88a4a1a94a99a6eb4f2592f03f4ef33d6831,1,0,0,1,1,1,,1
1381666873515423,b722d338a17efd66aa71a420ae18236501a41f9e44760effaaa861698dc505da,1,1,1,1,1,1,5e-06,0
1381885826892108,83886dac4dedd1d8f704600fed307e318cf1418e5f20cb6bec070de21c89a6bd,1,0,0,1,1,1,,1
1382243803475818,2b534dcc53086fb635a1fab5756863c014d71448304390fa3d05721ef129c6da,1,5,5,1,1,1,1.1e-05,0
1382475933534736,a882b91dd4d7ae5789723dee10161a5e3de1c3bb9b4d1de60b374c50dfaa6655,1,0,0,1,1,1,,1
1382807036755606,51a0feaf79e70f3df7a42a3f6a1568dad22a54d02e25f541b29eda6370f90f2f,1,3,3,1,1,1,5e-06,0
1382868850128698,49e79e532b860828e4746c523cb4641e79bc5a221bde2b708f50a057b0f0cc4d,1,0,0,1,1,1,,1
1383323186834519,d5412ecec96bcb3b6e3d45ed30c992e347eb0418caacd154e74326d77b905f62,1,2,2,1,1,1,2e-05,0
1383604696512572,7b418bad8a23c1a4fbb9d22806ec90d33b8e89e9cf653f166ecb68d48935593f,1,0,0,1,1,1,,1
1383715706801827,f6371adb1c95aeb91895a67d0bcfcf005af0ec4dd7b788929b6bc3ec54ddf623,1,1,1,1,1,1,1.5e-05,0
1383840666469116,cf1a6966bf66eba6f79160c344b5a7fd2dc2bdc9c9132e8dffb1dfa980ba5969,1,0,0,1,1,1,,1
1384110373079442,72bf59fbbdc0396bc009643b4c450bac5ca76495e74a057316b2806dfce375e5,1,0,0,1,1,1,,1
1384219699929202,475e6f86e8efb067d97d06b211fec810a25004ce03c18d8043637f13c066f3ac,1,1,1,1,1,1,6e-06,0
1384430726415576,b8781ed9c55508143f43e2be9783bf89421ec97f92593295e13433dbc430400e,1,1,1,1,1,1,1e-06,1
1384637143091886,1b72978e24e611c2f92744d563d446114b85fea7e6f5bdc8ed20e49221674c0d,1,1,1,1,1,1,8e-06,0
1385211256374229,de93d8ec825effbce0fbc50ccc683fccd7dc5cdf0302768ba2f89431434ed4b6,1,0,0,1,1,1,,1
1385229236565663,e9e74e50bf3eedd8a11509e0689fa79bf9e27f2490610c97dfa76471093a7e53,1,2,2,1,1,1,7e-06,0
1385379580045841,74f71503e651082b4b3556a9b120bc24d63818d6f4f33a22f53b98cd5bd8a2c5,1,0,0,1,1,1,,1
1385405336300923,6f1a674af54dd7444edc259a1da97f74dd0f59e9cbb0da33b1f40e4d422bc4c0,1,0,0,1,1,1,,1
1385798673133839,6dea05cfe08b2be2e7efd2a28291db16ad7a39402c3d82578815407876fd0568,1,1,1,1,1,1,5e-06,0
1385837459884440,463494a84e3c0e3a098e575645ad698c122134186ab10ed9d057ef2a44d9b85b,1,1,1,1,1,1,9e-06,0
1386300719685619,ea8939c98e92be07f53638c31eb006cb5c4e14058207e1ea41ff853822aacaf6,1,0,0,1,1,1,,1
1386380663108187,05d3d3a7ce77c6729faec121eb900f43c41ae1dba15ce144ce6f4c221d6c3dc9,1,4,4,1,1,1,6e-06,0
1386527873094946,e46c83c7174ac4a2cc6dd5b713708c10c05e22e3f168258b674964027a771008,1,0,0,1,1,1,,1
1386594606374405,a8ce4eedca70fd9fa10b1893518d52ead9a6ffdd6a2ce4153b8f9f89b296138b,1,0,0,1,1,1,,1
1386757433024962,3970f170ae70405c58754150149402b91c3af9f4fb5281eca5720a55cd3cf280,1,2,2,1,1,1,5e-06,0
1386780579806521,5ed990313c743af981d84d842344ec24a553db9cb3c313e26fd18be53d3336d2,1,0,0,1,1,1,,1
1386781783042010,f7c1600e1a7104e080bd1696f1bf51a82b899a408dc7c8b3832573a9d8de4732,1,0,0,1,1,1,,1
1387066262999965,41f5a8bde066f6d635c69ae521b7b5e5f7ddeba84aaf2a86a0ddf9b8d8895cf4,1,1,1,1,1,1,9e-06,0
1387234342738370,20e11aff3f1141671cb48fe37f15c7e93d49013c9697e9ea8d83873582f1a168,1,6,6,1,1,1,1.3e-05,0
1387287062760037,c08ff4ce5599b29d32ebdcf9bbfe39cc6fbc4a9dfb3cc205a8ee261087744801,1,1,1,1,1,1,8e-06,0
1387299143118593,03dd109559b8f461fc2ea32fd4da7f8eba6861da04a199abf98f7b5a50dd1048,1,1,1,1,1,1,5e-06,0
1387330702787599,436e8f536140a59c6c65038fcb612578ddc5124568dc1dcc853e421598b53a7c,1,0,0,1,1,1,,1
1387559746708199,5d5da161ee3e4a8492b3e05f7fd951411b8e9c9cd0fca797f800874042d2e934,1,0,0,1,1,1,,1
1387610463076181,b01fcb063eedc40f4b288f2c3606539f45a2f94a78c3c0b19e5856fa8ba3880d,1,0,0,1,1,1,,1
1387655266477834,5a613e4173428a2f8c078766097dfd71996a850a1926522715db47af7a79ae6c,1,0,0,1,1,1,,1
1387683186255756,56071627d52f3528e5e4ec93632f893f590f3628567e02dbfb3d689dee4150e7,1,4,4,1,1,1,9e-06,0
1387871272909753,81408bd99d268feb19a6279cefba407a5e5cd661535a17cb9d0f51148ee01ea7,1,2,2,1,1,1,5e-06,0
1388126822976315,5a5a071ec9fff27063ba01fa58581516d0ed87be146c5d5e96367350f1d87411,1,0,0,1,1,1,,1
1388290376323477,9cbb3a5d25375dfbf83e90507ac67104cd79ebff0f9ed36a1ab90b0d146120ee,1,1,1,1,1,1,7e-06,0
1388349915990488,e02cd508bffe3c95bb8d4447522aa5f0495deefe992079352606c601c084f6d7,1,2,2,1,1,1,4e-06,0
1388448549588712,ebaec0f46b9b97b320629c876ca1d24f224d9664e64f54654e9d1e7e71908b27,1,0,0,1,1,1,,1
1388617606192998,fd616d86870dfd262b380bf6784a6d713432098709fffefa45512b11ba6257ee,1,1,1,1,1,1,1e-06,0
1388945522606138,d17d9efbe44abbe794a88695dbe179964956cfd61978624520c9025636835add,1,0,0,1,1,1,,1
1388965396063626,2fdf1fcd2057c4961bec62d2f0c4275465c743f840159a3a11b45f1e1f8b0a65,1,0,0,1,1,1,,1
1388991312580810,78dd6b4f26880b7bab3a959c29969b459e123cad1a5a56ec83f46f8b8eb79971,1,3,3,1,1,1,1e-05,0
1389001395905708,17419923e44c7834565af62238b95cbe32b71928e873fdd44ddbebdb7d43a90c,1,0,0,1,1,1,,1
1389259482719516,c14030aeb7d400e835fae9df916bea00e997b5e045eabdbb9a6a062a96e32df5,1,0,0,1,1,1,,1
1389404312754104,ac8059dbb1eabcdad9b80a3e06c93afaa16e24f2cf6737ece4ed6a0bfb3b972d,1,2,2,1,1,1,1.2e-05,0
1389440879542749,00d3bc237afceaea487d147b2c255a99068c3a0a2d0c842717951bf5b2ecc50a,1,0,0,1,1,1,,1
1389482446097733,39742c0d0bdfb9717341d2a87ad4c0848aea89c53f2fcee09f20345737a3ebc7,1,0,0,1,1,1,,1
1389600229548754,db969f80e74a1fb480dd7e4fb04c695f74ce8aa871c8c99d8769790c139feb28,1,2,2,1,1,1,2e-06,0
1389667722813295,3c21ed88ea92ed490e9150b771354b651d113db741da9fca91982f7049b4b377,1,0,0,1,1,1,,1
1389754332681994,6139b15cca72c8612bd3976d625e8cabbf84e961172187cf2c68330467c9b720,1,1,1,1,1,1,6e-06,0
1390057212842300,f84874b3ac787c2829b285ca31d2dc4a3593dc013e0ec80feeb5d3f2f158438e,1,0,0,1,1,1,,1
1390178592766118,2acdab6b65632525d2e669135de19f1c3cf1c1315282645b2963fb87e55d32e6,1,2,2,1,1,1,1.3e-05,0
1390413309107435,f4006b028dc323560d7186778c427a5d063caf97f9554a52268629a70438fc08,1,1,1,1,1,1,1e-06,0
1390545972723245,abcebc348e816c98ad3ea2176b6d5368a4d56e6178839aaf0e0910d6d9779772,1,10,10,1,1,1,2.1e-05,0
1390835326162842,468dc7c9d20238efd7f96f04d67529ffa262e6363f37872f67f9939500668587,1,1,1,1,1,1,0.0,1
1391135495997560,35d627751134d3d9567ca333c60a2c572bafd386e07fb7a0547254d548333ded,1,2,2,1,1,1,6e-06,0
1391267139618962,26606a717b4e6e9a99992acad6504904f7084a2276d5801de589901d6a9b76d6,1,1,1,1,1,1,9e-06,0
1391361309361802,df2d99a247906b1cab7b1d347bebb2269895cf85673bc02774e807237d24ee6b,1,4,4,1,1,1,1.4e-05,0
1391845645810993,5e95383d5aa65a9517c44a062b7cff6d3b6a30c3922d72c549196dc78884aecc,1,0,0,1,1,1,,1
1391981335863902,87872b84b714b2231582ef61b12eb47f73aa1c5b9e21ad0aa059a03fa8e3a21c,1,0,0,1,1,1,,1
1392183119012157,764223d465a42f36bff612f9333c91d979ad091ff3e7573ac5e2b892243a2347,1,1,1,1,1,1,5e-06,0
1392286372333323,a24696bcc50c354e8a3ca1164748f57b7650e28e2028a9eb245024a41e84ecac,1,1,1,1,1,1,9e-06,0
1392344796231997,a5f7c70fe1d5036f438afa28c972355a17965fc7ecd466b9f1693f7174900807,1,1,1,1,1,1,6e-06,0
1392362022416135,65daea91b5796f0c5e72b6c5292ce31d315853f75612897542f10a65a739641c,1,1,1,1,1,1,1e-05,0
1392520802392278,c739553a2bb027d5abbf62ee27c7f43f6125dfbe2c0052fb3e20c17d5dfa9eb8,1,1,1,1,1,1,1.6e-05,0
1392597632388793,ee9ad607f945defd94d6e3723568e39c5e37d5e935787a6ddc0e20420ab57279,1,0,0,1,1,1,,1
1392886112448780,f79b50b3eacbab8a6292a35867a2edcf92f5664853720902ebf6745c46a1581e,1,1,1,1,1,1,1.9e-05,0
1392921589071478,b3e4c75b4f92c1770982845cd0e52c205ef2d3e0b5396224df36516726dcd08e,1,0,0,1,1,1,,1
1392937155596642,dd51070f25d5b0c2797a2f08e3b8f93dbd2c11e50a79c01e388d02130de35a09,1,0,0,1,1,1,,1
1393110075755931,8642164c4d3e70c1fb9fc6e0c733648d295f6c3bda52876dac73b0f38b378508,1,1,1,1,1,1,1.3e-05,0
1393313492161534,2de0d2a0902c51f3b9cfa7c70589bf13267c92460eae78c653e713a5008def2c,1,2,2,1,1,1,6e-06,0
1393335395468929,71dd6ed5d22e51567f0328adc895d2d0bdb3a3cc3f45b8ae53b4ab6c5ab44ac9,1,1,1,1,1,1,3e-06,0
1393528295683713,c59fcb2befcaf0b0a8bda72ff40b592ee0b00f074925e932d4e95278a821b362,1,0,0,1,1,1,,1
1393679592352573,f84f1df895b1ee4ca9b06181428fcc9398e2a788f89946d73a97ba632151787f,1,2,2,1,1,1,1.9e-05,0
1393731575523377,f6571a35badf10cc415a766948157ef70450a2341014043700a815943bbf1161,1,2,2,1,1,1,1.1e-05,0
1393881385411462,cdad374bf86679d4a6fd1221dd24f7635e4fa1f10d43610ad3461a7d19e997fa,1,2,2,1,1,1,1.9e-05,0
1393937755686655,e3e3457f6cacdf6bbb97795ca0702597855ced746017c832fbf9817f44e585f7,1,2,2,1,1,1,8e-06,0
1394169325559936,633f96be4bfeb036e37c8b0d919d2b7a0c9515f4bf46f76de890d59200632fe1,1,0,0,1,1,1,,1
1394793599035374,b62e4f34a229e24dadb01393c30d34ad64324f37eea589d9e5fc7e2843fa855d,1,0,0,1,1,1,,1
1394876322146319,9a8f5c53c5044f3e0bb528374b56c1070cbfc9aacf03108cec2f2519775d7f0b,1,1,1,1,1,1,2e-06,0
1394977021983560,967401d058f93da909b3a9cf297ac40ea53dec10e50f96c43c5520d6bc36dfa6,1,0,0,1,1,1,,1
1395131668791215,9528d2294614e210a6f579fd643eacd9bea26362561f93ed43a0470f92c2144e,1,1,1,1,1,1,4e-06,0
1395234888625473,79b6e274383b2be3babd8d14da0013f86df77a1237b63818cfe1d4867344c250,1,2,2,1,1,1,1.5e-05,0
1395487415241097,55c24f6c1d57d544c475d79aa9c356c845048ec221460b10758113ef47d7aa2a,1,1,1,1,1,1,1e-05,0
1395524478577420,b25af86148e30de9c1d9f444f607a794bfd948c15851300d7df5969f0a4d557f,1,1,1,1,1,1,1.1e-05,0
1395529678953422,2b318aa9dda9d1d549143b12b6e77c3f2ca0bf71031fb09bda24174d91cb9837,1,2,2,1,1,1,2e-06,0
1395697368836843,e313d434e12d11ce234ce2493621a897fe064b58a3309146dc4ff9042f01ec87,1,0,0,1,1,1,,1
1395701365561484,308af3915abfa5207e4e7c01a08b89721f66852d98adfbd7e1c8d2bea402bd47,1,0,0,1,1,1,,1
1395757088740236,f61acfe0f3d4463c9c1c479445ca6717b10a4575c13757ba1c42f51c112a6e45,1,1,1,1,1,1,1e-06,0
1396508058562023,c03d7497ab752b2f7cacec756de85bcf1a3698beeca82531e957f956c7d6f174,1,1,1,1,1,1,3e-06,0
1396728268701075,2b74e8e8e9fca8565a5ce4dbe1bbc7bd82bb19b03e3304951ed98b83afd04cc6,1,0,0,1,1,1,,1
1396902765386817,39e8682ea1aed29f0aaace6fae172057cd70412407d8c45527717bae13c3a8a4,1,2,2,1,1,1,1.1e-05,0
1397004272030121,a544efa1bfb74185e4eb6bf0e22b5df5da6c47ed3dd8d99be2903a407d4e1cee,1,0,0,1,1,1,,1
1397206748489895,cf153690db7443f35eb449651b1e68ec40daab075e24c346d323697552fa2d41,1,1,1,1,1,1,1e-06,1
1397252031756657,ed3a80fd03266eae6ef3535c788e0fb163de31a045a2e44b7e3de7b48a4c8742,1,1,1,1,1,1,2.4e-05,0
1397387895224408,527b42bb5e0c9ce581fbb53199a2c0c1e818b2c6eba36ac0c4e041bad38d6622,1,3,3,1,1,1,1.2e-05,0
1397761562357761,8cc74f85b42072da8531e1b4d143d65f3818e3db7a12ddbea07252ac86819d37,1,2,2,1,1,1,1.2e-05,0
1397875311911172,8ab033474173fee177bd408309bcc060b3df122a1d9cf50d6a0ab24f41c99c50,1,1,1,1,1,1,1e-05,0
1398095972039674,111368ce5e35a406638d34dc0867c889f9dfc219c85181d155e40c9b04d345d4,1,3,3,1,1,1,1.1e-05,0
1398166258693018,247a336217afe1662ae6c5d16a75df59a7620658ff7483a958bcb5f10be8cc38,1,0,0,1,1,1,,1
1398644825217336,3b844d1870ea6fa3a41acd70e91ac9c3a14b0552c310a0f40495680f49deb9f4,1,0,0,1,1,1,,1
1398724378533242,29411959557966721b7b738e2584124be5ea0131263c4c445b1ddbf02ecbca6a,1,0,0,1,1,1,,1
1398772341679092,6aa6c42aaf4977cf0bb4f69b1d2a00c7c1ada1d6e7fa7dce99ca7c47435e14fe,1,0,0,1,1,1,,1
1399381854910393,36a553748172aaf94dbe0323045ac28b60463e0e23b7673060716101a3230626,1,2,2,1,1,1,1.4e-05,0
1399488905145790,53ba7f00484225db83fccadce29f7145304516a50507d39d6267d88f961dff1f,1,0,0,1,1,1,,1
1399608611771795,22e20a7d7ac0b8ac43ea7fc8ca31e13b97d75dc012e39a6dc16f9ba1ea24f3dc,1,2,2,1,1,1,1.2e-05,0
1399885628451285,353642a5f9927f04107b2b3fdce213250935eee7883008b507a592d68d34ce56,1,1,1,1,1,1,1e-06,0
1400339221694147,76d3b7a245d37210b7ffa280b6636b3ba8493f1c7c2977f84fc28a80c061a729,1,2,2,1,1,1,1.6e-05,0
1400380601441935,fdf02c45da31b5ab3428f2776a3c8fa568ace04d9762905ebf9030da47cb6038,1,4,4,1,1,1,8e-06,0
1400605211478195,f579c8c46d5bd3287299747d86e264da04059208f142870c2d9f27f7a3d4567e,1,1,1,1,1,1,6e-06,0
1400674955125805,cc1b8cbb5bd1d7f51b15636bc3f910a31ea6aca05e8bd6090bdc2cef27ec7400,1,0,0,1,1,1,,1
1400750201842486,bcd0127bd0b08f631ccf3a0df1b3c75152f0c96d1528c9feaebedb12a03a5622,1,0,0,1,1,1,,1
1400790374896783,700102a9686ec1b80efa33c877fa389a9f75d461538ca9f502c868b757f9babd,1,0,0,1,1,1,,1
1401103431681838,3ba1bdbe8b4d3206a20a896ab7a28838ad36b336da4e13c93b9f02376d566067,1,3,3,1,1,1,1e-05,0
1401138018249553,1fd24a71f65192142defe4c75fdec628404eb2835413b928660c8338880bd1b6,1,3,3,1,1,1,1.8e-05,0
1401315561559284,16d8ba3ba846e2a30858bf753c4b2281dfde9be859d3c2cd22f06f5b779feed9,1,0,0,1,1,1,,1
1402176208012712,89b2e44eb4a5ccce57bceab85e39d11747c817f4cda5ee51d514d63af1ac0a2d,1,1,1,1,1,1,7e-06,0
1402396324788191,bd327fc5380c1975a60c840a55db9caa3afd957a03c384ccc3785e1212d622de,1,0,0,1,1,1,,1
1402664585199115,1d621b9dbaaff977bf4b2a546e7bf8f71c528bd83d26940b8655dd05ebafae8d,1,2,2,1,1,1,7e-06,0
1402955614785366,fa5afd4fe6eaeca41a1c059f46f43aed8275bc3416ff9ff8b6dda5bf41cb448a,1,0,0,1,1,1,,1
1403177395151402,43f8d3616ac011032bf935ea550572a22b07eaae400c3eba31f6346a3d6e109a,1,1,1,1,1,1,4e-06,0
1403230344773373,dbb2a467c8d3a41470459b0f06e86cfdec26dc9796029cdf236c54dd3ff1199b,1,7,7,1,1,1,1.5e-05,0
1403379564640797,cb0c18a4fb6eac02b9d5852f0448c3db1b6875d729bf20b440f2bd5f855a8c9d,1,1,1,1,1,1,7e-06,0
1403785538105195,bfa3aa93f8889488b0f083accd8656c08bbc8035ae6c8dfd5fe140402eb51c4d,1,1,1,1,1,1,1e-06,1
1403808254509330,392523c902a31d42d3df90c5702c9cae552f84201e2bcc8e227fc73df6ae6c70,1,3,3,1,1,1,2.8e-05,0
1404448777950078,191ae5c02b200f02a981596a6350a5476c16cd3730cce57985ad1d236ea684aa,1,3,3,1,1,1,1e-06,1
1404490838061988,d24446cf53d19bc70cb9cbde1b9a63fe78f5c8f850fbf8a97d4c50c2a4d9a1b7,1,1,1,1,1,1,2e-06,0
1404557768067614,7ad8b26a49e0e20a5c61f97d339776c843d94474b1289d8cdac854156b26cc8b,1,0,0,1,1,1,,1
1404622164432985,314fc83c594ad0d5e93539a3143fef6dfe0887a487fe11376d00834e11cc4574,1,0,0,1,1,1,,1
1404641121085415,feabf85c1b221ffec28e0413ce58ce1b7bcda9cc8d0e488f353ebd512d0519e1,1,0,0,1,1,1,,1
1405193500966489,799b18aff90c4a697c36f91fe49865378ec43232a4961ec6aa597c699763ebe2,1,0,0,1,1,1,,1
1405499444479537,ae68746a5dafa1271e8a93a7091c3e7e06184968dbc43be76971718c7e0f2144,1,0,0,1,1,1,,1
1405974414385021,290075732a45fe9e0df9134e998daef9407262cda38cbac0591bf6f093242df8,1,1,1,1,1,1,5e-06,0
1406754097752866,7e12ef483be2b3a25258ac66fd29dab535bd1dd78d30731943e5e5ea9fdb5513,1,1,1,1,1,1,2e-06,0
1406837020965011,66aa9926cb80b28436296e7a01dd9bf8b24d5ce07c4648a89f258a2f385a8478,1,0,0,1,1,1,,1
1407828364177031,55383a2e616bd1675d102c29f30c39ed878375fd58bb96b99a98fc29c89a0082,1,1,1,1,1,1,1.5e-05,0
1408241710636328,e91781ee6a024f845c66df360c157bac0a5611143a4a413501cdbf2daaf65cc3,1,4,4,1,1,1,1.9e-05,0
1409083314556421,5065ad28f3e1d1cac11d2145c9924555666ad6004cc66e509ac849f10adc8db0,1,0,0,1,1,1,,1
1409818363833499,70364eb42ec15abfd051b32c704343f7892899b05972ebd7303b24d971bf7ff0,1,0,0,1,1,1,,1
1410063227450575,c51e358494ce1d7df7efc31bb58e8953023f8da232cfcf8b0e66f6939a985ac7,1,4,4,1,1,1,1.5e-05,0
1410310760823604,fa304f3390e4cec7fbe118afeee2a663099a7ba3bd64a367caa3934b8813c472,1,0,0,1,1,1,,1
1410311640464703,7b1841ad12a6050e791beb65a2f15a9ee2d006e94eaf0b998cc5ed70878df5f1,1,0,0,1,1,1,,1
1410828027718782,54962e60b6ec61e6f98156c9bace9d465e225d0488253cd4926f291b165ac6d6,1,0,0,1,1,1,,1
1411508430533010,582aabb887820845474fdb294c38af72d4e1c9c717a8e7697aa28c8f5a912086,1,2,2,1,1,1,5e-06,0
1411791893701086,9c30a730e50703fbbd1bb62fb2f9910f143d8e9e70f8d3382bf6278e9e631e2d,1,0,0,1,1,1,,1
1412947730183590,3f2510b2270f57a218983b49e5aae59629488acef67e3124ad99eb20da112eda,1,1,1,1,1,1,1e-06,1
1413341223551201,4852efe8673411c049fcd19ed6905dca02288b5584c80fc103d5cbd7411df17e,1,0,0,1,1,1,,1
1413967370333087,98283548b79ec57e6dbe86cd5ae042c0516ac0e204bb3099221fd85f7bbb9f72,1,2,2,1,1,1,1.4e-05,0
1414043976908262,03a1cadc298ae0c563dadd5d4dc556584ab0e29ad0cad09248b5fa691236e7f7,1,2,2,1,1,1,8e-06,0
1414688596744962,e92e0f79e314a0dd188497f6531734fced08f43dc3862a8d5ed7f988f6d8c9f5,1,0,0,1,1,1,,1
1414967936638351,0713756e8231beb36d91dca1f6416c7489e7ba824eb6a789de1164ebb337655f,1,1,1,1,1,1,8e-06,0
1415484066592223,64d891e3677b3c375c4d13e72fa05f6a72035313ecd3d86142a57d92a3a9ef2d,1,1,1,1,1,1,2e-06,0
1415792299889392,0595e1049e79bc9c2856e11bc68ac75c3e7295166bc819dfa39deb837409dd35,1,5,5,1,1,1,2.6e-05,0
1416443993243068,d94de6f06ab857e610912f71ed42eba93bf4299b9b4a769f767fd64f892beee0,1,0,0,1,1,1,,1
1417147483088821,3652620da7a3433dd2e64204544aaf31a3d457542c5177ee2d63002ef678e8d1,1,3,3,1,1,1,1.6e-05,0
1417282499963657,bb09fd5e57daa315e69257acadba2602b5e5721fbaac030556bde3d6c38baae2,1,0,0,1,1,1,,1
1417295630066682,402ddcda7470311d3136a1a463dee66df33cf1c66a00557fe62c7af19a6660c0,1,4,4,1,1,1,7e-06,0
1417938419699305,8f1175d770039c1efd514d978dc9c117030e3143ea48614088715c09a029431e,1,0,0,1,1,1,,1
1418465530285171,3e200ea5b83a6123a64b265b5ea47a5a80325f4787aeee6f922b2445695f1d74,1,0,0,1,1,1,,1
1418732536450564,096be47096d421e9146816605b299e9df03ecb1cb3fa6fc4604142da815a5b96,1,0,0,1,1,1,,1
1418920789794201,e2111ad9c3a50c10d64570423a7408a8207fe40be728152483602be9fd34589f,1,4,4,1,1,1,2.6e-05,0
1419195656438881,84a62d031e5254c9185ac07747e03d6d8f03d0eac5c91ea097b63fc132551884,1,0,0,1,1,1,,1
1419302599751480,3cce3e978dd870e2c09a878604d1130d4d58828d6f6c4dbaa1c35fe3de44478d,1,0,0,1,1,1,,1
1419390893235932,0a7db505421c0044e15694d2d5adca901437a5575cc10d7506e77821117e8ee9,1,0,0,1,1,1,,1
1419536209620941,892425ebcb35db61b251e961b83ba685fe85a17e8794e68e7e535a6da448587b,1,2,2,1,1,1,7e-06,0
1420897752714011,4c67f2cb1abf37f27a30ae8b75132a34d58b436bab84d2432dcea87bb21e05ad,1,2,2,1,1,1,1e-05,0
1421697889524590,05318f07974c0c7c6de7bafee9d88add83c2e38e428ae4679f29dd7d10fa4bc7,1,1,1,1,1,1,3e-06,0
1423422422459221,780b478cfdb9298f23012d974ff6b50cc8d9fbe0522e547c127641f157756e52,1,2,2,1,1,1,4e-06,0
1423685862446064,ab36def6821311a3520b927264283bf73c9e2ff96db4cf60e31abf437d3dab07,1,0,0,1,1,1,,1
1423809492585484,5e77accbcf20e0e333f65758538c9c2f1aa1a81b8aab9122ecaef6aad1695c1a,1,1,1,1,1,1,1.1e-05,0
1423893009354395,77250c85098f659df3960f7d0eba64cb0b1928ffa8baa50a4e38661dfd529529,1,0,0,1,1,1,,1
1424244379059068,d433f1e413cfffb696fd1f0f3f5a51bc40b81054c215aca07bd3641f831341b8,1,1,1,1,1,1,8e-06,0
1425139989319954,536db9daa3b3899701d789edf7da116eb2b00908b7077ec72a1e85095a2b97be,1,2,2,1,1,1,9e-06,0
1425655485754696,c7da6918b29accaaf49e8e4d25be3db8ddcb0d6ac1dfdd736f9016ac8691cbe1,1,0,0,1,1,1,,1
1427104512551155,fa217d389c49c84b15e6a3249a719dc8baf801ec7bdf86cc5909b20b72f73fdf,1,0,0,1,1,1,,1
1428991251976468,5429781e7aa78abfb9887863a52b2bc04b15c689334f1f1970f60f16351f698a,1,0,0,1,1,1,,1
1429242315285845,05765ac35f33ef68f1631e73db381b8920569cea3dc43f6ba8f8680fb49908d4,1,1,1,1,1,1,1.2e-05,0
1429690882167642,13408334be66f670d0fb3996b07543f2c48185ab3ccf837f1ad655149710f94b,1,0,0,1,1,1,,1
1429983382074339,aa56be0850fec21906aca3dc23f34410f73e8833780700c82352d397aedd0401,1,2,2,1,1,1,1e-05,0
1430582722119495,ccdfc23e813bce3f2d953f65740870e449b092f7be83b5fa0f5e0b9fdd20c05a,1,1,1,1,1,1,6e-06,0
1430809315145128,b9b18a8b7415fd53777ee89749226d9a6a5270965f5fd6b7b9142e1be69b674f,1,0,0,1,1,1,,1
1431961118935015,525cc947182dfa0439e6f8c5cf553a3d5c1584f9c9f6a4159da0dff7543d439e,1,2,2,1,1,1,2.9e-05,0
1432727488079475,9578c642ed44d38f5ff3bf3fbf6d949b8b4c7b46987af1f5010c5335eb8592fb,1,1,1,1,1,1,9e-06,0
1432946561721937,8b18f98559b52dcbe301b71ce2e966016110b3903372088f97a9c06fd60f3ee0,1,1,1,1,1,1,8e-06,0
1433005691201414,7c95f35e2fefb4c3cd4d5f9108deaea62dcba43456cd107697306668a8f977ce,1,0,0,1,1,1,,1
1436104021430600,b56fee8ef3f71158c4675ef21e66b27d703b8c6bd9e82f9deccea9f3f9bdabfa,1,0,0,1,1,1,,1
1436897511196266,e85da205cba1dfa9fe995fcdac5507ff5cae046d360b21b8636e855ce811c574,1,1,1,1,1,1,6e-06,0
1437872434573052,96112b41b09081ce99fd7eab8b23f6ffcc33a55e2171e80658b8a52ea1890ad9,1,0,0,1,1,1,,1
1438449557739798,d9b09f5c6497f36dca7ac23b982dc26389e18205f0a55c9817c839a46c8aff82,1,1,1,1,1,1,5e-06,0
1439129071201775,e884f34b5847629066faad10ac5cfe5d838ac0e49126b049a34e865f124d0b8e,1,0,0,1,1,1,,1
1439595454538763,b0e4619c85b27c21f58ee24b66c6a0077d7daf313b22914a111fae1530876fb6,1,0,0,1,1,1,,1
1441218690672586,da256a261d3e6bd7655533009da329f998f1643fb71b7ff02509f0cbd5168192,1,0,0,1,1,1,,1
1441375747987709,e630a6ca49b438fc3edf4404163b27f900828ae4136df79a6dc9864988fed71a,1,0,0,1,1,1,,1
1441384907990774,d559c1b91d32dd6a2739fbc72d52764e267a5ccde26334bb60840dc2a9cee8ed,1,0,0,1,1,1,,1
1441817637528015,0eb43b3f1fafa90cbb0535a1ed4a5baa0c1bde66bdc0d9222f643c11c11c3e0a,1,5,5,1,1,1,2e-05,0
1442691167573137,b701483d1dbe2dd593d277eb1b4562c3c791393239db6bfd6e19e7c1fccc071c,1,0,0,1,1,1,,1
1443794200649472,25e01d9c30f11cb159ce4565b752552469e772505fe77e32e0fd1e16f7852a43,1,2,2,1,1,1,1.3e-05,0
1445813740300918,0af3170748cad7e934bb6796a852563c03e6aec531854611e3d653e659dc1d72,1,2,2,1,1,1,1.2e-05,0
1447816870685279,2391a6b2b72b1e5962c6b9d362247082296d88cdad4384d94cc9267aafc3a11a,1,0,0,1,1,1,,1
1449392383729364,9e77bcdd9bf803bbb8f1fbf6d9f7704000228d3a1c5de7726ad867d8f5dc0636,1,1,1,1,1,1,3.2e-05,0
1452076523587515,9b9c87e24599ff2137d62ceb4b40fb47501ad605f3d5724944fefd157ca1d4e2,1,4,4,1,1,1,1.7e-05,0
1452517123546182,f8749580b739d12ed501ac8f46a9b880570754f561be306acdb8de5e5afc17dd,1,0,0,1,1,1,,1
1453544319041547,fe24331e0d3511b88b674c031d754a13718f3ce272a1c8f23dc190e41ae10a9d,1,1,1,1,1,1,3e-06,0
1453948496740281,146f9b99ae004c640a01870f77ee9b0c7b29752acd5adaf1f22b2a45c8198c2c,1,1,1,1,1,1,0.0,1
1454491788982420,431b2787b00c0f738cd997dcd20835de4a1ba849e84b4c90139467539ef37f2b,1,0,0,1,1,1,,1
1456367095431710,8dd6d66cdb1eb58f7d589eec3b84a044aa337670cef0f30176c1af493a7b9d22,1,7,7,1,1,1,1.5e-05,0
1456605072101127,efe606e44a5c438e340fae5bb5c6ec5928c1fa3559d2cb1ef0e7b55f02422677,1,0,0,1,1,1,,1
1456638402096583,f5a941ccb542adec3c2433d251a36866810aff7b26ce8ec5cd1e6fadef8a55e9,1,0,0,1,1,1,,1
1457732358660548,b684bd3cdc0e2daa1763bf9bfcb9da332e7e2c398ade297717a060132497b9f6,1,0,0,1,1,1,,1
1457931708605379,438abb67087117ff34b2ed9e77bf8d4705ccbfe5325f5456e5a3f1453bf38979,1,1,1,1,1,1,5e-06,0
1458258615264761,cda1d5a73a5c4249a7b1ee43558589eb1b463ed6f09d73a6456a8c5ea1cbcd82,1,1,1,1,1,1,1e-06,1
1458392259622948,71dc05748dfeccb82c8c2161b5da8c5a6af471575c86a95345bca00f26223d7e,1,4,4,1,1,1,1.3e-05,0
1459348978465040,5361faf870ea6daebb64b4e41cffb8792b41b7236254ca77f4e33f6c6a57faf8,1,0,0,1,1,1,,1
1460075078387594,f8d8e2dedf9d48c9cea25a596138f46991b5d0df4f9100916837be6d5e4c6b5e,1,0,0,1,1,1,,1
1461085791660518,d9a83cab3d9999e6a95d48013cb183125e03b4275a81285b595d2845877da0a2,1,0,0,1,1,1,,1
1461635258234682,58db3eae0af7dcab5a7ba45419bae3e0e8f3d50f76d6ee1bdacd96ced9ff468a,1,8,8,1,1,1,1.1e-05,0
1461878971545547,12c71d22712067e9bbc66c9c03ea744feff68882bebc1c7a13222dd319aa5619,1,2,2,1,1,1,2e-06,0
1462544454838410,d0f4de941c6e813a98af157eb9ae4ddf876de51b853ad312d62ff71f18ea2aca,1,3,3,1,1,1,9e-06,0
1463201094751437,48380bf8ea5e6cae80258d90aa4f5d3b8d2602418bc4bd07cdeacd6dfcd56380,1,0,0,1,1,1,,1
1465245014537263,dd496808fd0a0b3335b9a3462460d7299de437ee7e8f5ae7d0118c5e5174fd11,1,0,0,1,1,1,,1
1465327164568546,2f2ff4aa7b254d482e9ecf371e62787da2ce49d55eed7bf9532fee46de2efe01,1,4,4,1,1,1,1.3e-05,0
1465448277852019,1db5fd6d8175d40c5b20a8f77d10ca0d699bcb5e19d107526fd1e0a5340a9e5c,1,1,1,1,1,1,6e-06,0
1465523771203737,fa3302aef058293c8405060682ec668c5d2645b3191a91c99ae54166d06e1efe,1,0,0,1,1,1,,1
1465898262203880,320eed9f264550cd908e1aa65bc1df0e4c13db9d3acbf00337265c4de6486176,1,0,0,1,1,1,,1
1465991614468218,603e257c3bfe13e7498e1985adedec3177fe95454f22a566dcd7c8a1ada0f6bf,1,1,1,1,1,1,1e-06,1
1466581971069523,c30018a33d28ed74df5f104330e1506c32a70e3fd80dc04c21935a7b3c31ce43,1,3,3,1,1,1,7e-06,0
1466694674405478,d8583629242976eab8e80fc7e29a94a4eac518e1e6fc2216fc77eb5d17b08e1e,1,3,3,1,1,1,2.6e-05,0
1466725207731098,af7965d8d9a71c3b7235804c70c889fd6e5d09b071562b891d4c5c89348b490b,1,0,0,1,1,1,,1
1468303431317963,36ffdc0bf70abbb3c05d3c2cc17190e05ee1ea204e4c0f6be9592efee057abf4,1,0,0,1,1,1,,1
1468665130893411,5a103ba285f307f1510688ada5b0d0070b36466904cc71f0e461805cd6e54786,1,2,2,1,1,1,1.1e-05,0
1469465880805252,7751a7bcf152f121b1272fb9046488ee247531dd642fbb6311fbf32148293ed6,1,2,2,1,1,1,1e-05,0
1469618014110724,7fe33959908604d44c0803a5f25caf2fa8e8240b82bc4f5ef1089daa01689748,1,2,2,1,1,1,6e-06,0
1469752224109178,5ba6a06d37ab2696439795670c1f0a68e376e28596cf4c7f763a2b1d2a98c65a,1,0,0,1,1,1,,1
1470348004075977,3c28b127975a050031a0c45ac8b0b01f23938c051153dfda89bd23dd1be868ec,1,1,1,1,1,1,4e-06,0
1470453347359877,ff2e6effda8e4f8157e37199e7327d97ce36ec24b68f5fd91236a6e1a415ce56,1,1,1,1,1,1,0.0,1
1471850630561036,ead36ecd305f608d0eb709170ed9512cdacf5e5c5f8b2b4e1d6a9afede83406c,1,0,0,1,1,1,,1
1472496090494056,9125f3c10641090068f84cb7f8a7b4da3ece68cd7287a9b271d256efe828ea6b,1,0,0,1,1,1,,1
1472841804019112,900d779db9920481fd8bba3b3b6ed71a62ead50d129b94ce6f6946d8dfc25940,1,1,1,1,1,1,7e-06,0
1473896237054443,dfa4bd726b8e9f87c14ea23c9da8c421b3f8db3a81b6bb85e2ce36ec2d976d92,1,5,5,1,1,1,2.3e-05,0
1474246040315058,c694246647d4cd3fd6a0484cb8ae8bab1a7adf9a72627727c913e9c4f1a69c36,1,2,2,1,1,1,9e-06,0
1474269361370416,bf6f34fc9d7941f4114f2b3d8d8e78c1ff0b95811770b30881a81544bce31f6f,1,2,2,1,1,1,2e-05,0
1474539343622815,9508b130cdaa0bf42afbf31d344c23d73a04b91fee3cd7588dfbcba7a5bfde62,1,2,2,1,1,1,3e-06,0
1474588840323042,12c979db596d3b7daeb9ab9cb201eb7aa784b6376099d83b5d9209f4146179a4,1,3,3,1,1,1,1.1e-05,0
1474591780289328,b3da60b544821f39debb82618c58c22bc9d0ac1c1a9e0c0ea8cdbae56a6afdb1,1,1,1,1,1,1,6e-06,0
1475487520231323,0644cbc11bddd6e7724e58494fafb7115753fdcd6954cf337d5b526e1d6f1b2d,1,1,1,1,1,1,0.0,1
1475629563733294,2ebe9571b02313b8b060c161510a1477f725721a8b9728ad9f7c4f6e88fdd1e0,1,1,1,1,1,1,2e-06,0
1476785676758570,469c9d32b607d71d3538a80432ced8fafddd4dc315ee6f3e6d0a478c1a9c65d3,1,0,0,1,1,1,,1
1477385213346013,ad208c96484a742800d1765bbce26b667d4aede6cda1e48067735e4c5107bcd0,1,0,0,1,1,1,,1
1477575690008766,8282f99909ee3d86f24f2554133b1bac87fcf293df06c1366ac3eb3e6c357656,1,0,0,1,1,1,,1
1477637346649742,9c7aa24a60b2268f809f9373ecabccb9364279d26a33d04773b750b333a3dfa7,1,0,0,1,1,1,,1
1477730646671678,a038d78d2b7ca71fc5befcce7520a6662aa17bb9d3e68c70e400e049dea68ac2,1,0,0,1,1,1,,1
1478070016817225,d7bac1f02aef4387a3449a19de9adfe1860e9ff5fb0b10ed5d7ffcdbb9bddf0d,1,2,2,1,1,1,3e-06,0
1478218410593516,05948e21e30fbe2aeb85e1f74ee39b7b41acdb8865b39b1d5a95e208c89ec21e,1,2,2,1,1,1,2e-06,0
1478478879912975,5e2085ecf5109898c5e00d640d7417f4b43de41efe80392b68dbf21afb2ca4c7,1,2,2,1,1,1,3e-06,0
1478789576546082,85427d919344c22fcfaaa67a3aa4ec84a847c1f6e7edbf57d24f4f259ef82e00,1,2,2,1,1,1,7e-06,0
1479287253154540,8a2e7f370eba0e5e8e628bae6df99e9c681c4501dcfa651e682d8cff2abe4f88,1,1,1,1,1,1,1e-06,1
1479581149797909,177c65706dd4e63183d948a56c27454a731af30c0ac842960e46063cf4a1e90e,1,3,3,1,1,1,2.2e-05,0
1479896209966995,a2bd0ff79e0f76dc26b58af1d48fa7c1e4ae8ca6247c0caa30222f10e3cd755d,1,0,0,1,1,1,,1
1479909763805649,deead2ab8aefa1152fbb4d3f7ccdc707f0fdaec58a3518e68f90ce8c6d08d14b,1,0,0,1,1,1,,1
1480324683055835,0e3b16fed513aec141f427887c7471c3d7ba49f3bddc3b577aed192f55f3bcdd,1,1,1,1,1,1,5e-06,0
1480632819714213,a8e3f45baac579a075d272462b6aea52ab9be9b52594cf891bbfd42840cf0cec,1,1,1,1,1,1,1.1e-05,0
1480736899668241,32ed53694b86c547345cc7eaac9c172e1f1592eb5f74376a62c352461c03f006,1,0,0,1,1,1,,1
1481300926482366,4c2f95035f8f886348f5285e520ecf2d341c7c668527d3d3c2eb87295cb03582,1,0,0,1,1,1,,1
1482236379521838,ed68b75a4d82b7951631b30e5b78d4ae1a86f61fddf7e4a01ec0572606952afc,1,1,1,1,1,1,7e-06,0
1482284889730845,35a09f8bcfc479f0abd95c8e6521dc1798155d2d1daadac3f4b5cb832b65c2fd,1,1,1,1,1,1,0.0,1
1483301649597324,de88bc2519d51b341165c4fa724a8ab3045a82a5969e29dabc2daf2d15d1a734,1,6,6,1,1,1,2.8e-05,0
1483447699626154,05826bfa11a35f542b3ed7866abd2dc9d383efb4b04b46cf64dad636f6a1465a,1,6,6,1,1,1,1.7e-05,0
1483686776029736,6a0066e538708f73d0ca325134ae499aa208cf7c6590e6f2cc154ac1a6870ee1,1,0,0,1,1,1,,1
1484052272896067,aaa111859e05893f28311c2b7aaec0c0114e542f17c0c646d1466646cabb1e37,1,1,1,1,1,1,1.2e-05,0
1484101339316198,6d573edee8c819e2231e83e2087ead037fc7135457766f14e624d3ffdab34988,1,1,1,1,1,1,5e-06,0
1484136332698391,bf02f5de160e87d6cd52f84397748bc2a82ddaccbd46f76e77e955acbfb1618b,1,1,1,1,1,1,1.4e-05,0
1484882409254520,2106df6d7a98f13027c48087c2fe310cb51a5fc95d83fc5195b1860e82367629,1,0,0,1,1,1,,1
1484884369252179,cf58b5184b28d5b592faaebe79cbf5ed6ef7348dd07949cd57a85e3b2dd56017,1,2,2,1,1,1,4e-06,0
1485406962541553,a8b7d6f88027b28be7ec2583a0f2d80cddff145f8a078b65be316b6722676f96,1,0,0,1,1,1,,1
1485423895892429,afd585b26a134d38f5f4c201cdf31d2c5f6c91647ce2ef10fad39016ca0b9c3c,1,0,0,1,1,1,,1
1486036939177946,a012d38f0776e66d40a4032edfbbda7b49df6b3a39339a1189f54f1ac5b575e1,1,0,0,1,1,1,,1
1486114392682755,21e1d841c340d1e3493641eef32c708ab6b7aca99bef4a1c0f5fe264ce76b57f,1,2,2,1,1,1,4e-06,0
1486847382577024,b6f200c5b6f2311073bf8e8b583616e830d20c9059aa689bb649909bf0cd900d,1,0,0,1,1,1,,1
1487499699028583,b4456f3b40b96adfdca720d9014d4ede61124a3cb483eb589b4fafe8719cb042,1,3,3,1,1,1,9e-06,0
1487620432469740,6b58980dc03feb4883ecf5025f7d42f6b287b4efcea5278c5bae35ed198d08a3,1,1,1,1,1,1,1.1e-05,0
1488279625594076,0439a96b8aa71d8bc7b72f3399d964b53cd48b59f23758de61fadabe9cb0dd30,1,1,1,1,1,1,8e-06,0
1489278658846090,0b364216fa9e7620d8e5a8b8da70000e9a51916014b4e9d38cb6a9d2afbd21cd,1,6,6,1,1,1,3.2e-05,0
1489305689000385,69cbdf457f11ab787b3d92a70779a619ed309a3a1da12f800c1b2569fd2bbe09,1,3,3,1,1,1,7e-06,0
1489935425592488,c801cc10507a14e2f9546cbd806e2295de5a139b489f0b8895ad262e5f1fbfc9,1,3,3,1,1,1,2e-05,0
1490514555359666,c836aebf5dd23232a4b34bbe18ab98197709cac2591244656c2977352ccfd4a4,1,0,0,1,1,1,,1
1490607732012496,155c56fd70ac5f788d0550ea07e88c36a5b0023f0847e18f275f794a3c8a8b21,1,4,4,1,1,1,1.4e-05,0
1490879665329222,50c48d0432ed32d7dde0383f5733eeddf0bd89ed8aed059f85c6aef6aa3384cf,1,0,0,1,1,1,,1
1491637172063786,1fb5910d089f90da6ca5ab4aea38c87cb9af0ca4e6273dc38b88e6abc23d14e4,1,0,0,1,1,1,,1
1491926912040973,662fcbd0e6946106bf8f1156412cd3b264dcc15f6f31dfb0942825ec97708e06,1,0,0,1,1,1,,1
1492078691904837,ae42cba8c0c4644b1a9aa62c4903aae0b420816c3cc0362680c50f885c9becc7,1,4,4,1,1,1,1e-05,0
1492172325416392,316c6731f2af1f93896a919a0ea2b5c984be4b95c05963579b75f7544fa93843,1,2,2,1,1,1,1.3e-05,0
1492465865392846,36c78a6ffe816f97298616a22573ee3dfce78d794093af826c559bb55062b615,1,0,0,1,1,1,,1
1493064835306474,dc5a483834f7b327311eae89ebf312532faa54b9705a45006edd6f1e9b06ee82,1,0,0,1,1,1,,1
1493624861898505,5be94cdf375daaece451c0bba0408984f46a6e08b1dc5924bc3be1816b15a1a7,1,0,0,1,1,1,,1
1493899468576969,d0b50968ffb02bfc66bf71c4473dafaf5b7e003c8066715b7d55c44e63349edb,1,1,1,1,1,1,4e-06,0
1493939885163285,4ff84041caeaaa23237cc6433cea94f46d01a1c9349663c59625a005f7ceee2b,1,3,3,1,1,1,1.4e-05,0
1493952615231598,0493e9a75ea10bdb0d950429f32b1fe29c27ff11d1b868bde87eceea1aa9d17f,1,3,3,1,1,1,1e-06,0
1494062441872941,7ce890c7b4de3bbad3a59ee4cd4c9d276e231aaf4ff8ef1255c35423d0758522,1,2,2,1,1,1,1.3e-05,0
1494134048550695,922e9f2006bbf8b26b416a665efba4f49e52e78a4eab28ff83de43989c5db3f4,1,1,1,1,1,1,8e-06,0
1494286655175925,2827ad67a3792225334309b645f7ef57a133c7ac93a12ac09bffd60212dcb944,1,0,0,1,1,1,,1
1494286811849728,af99df83affb921ff1842bd1d4990efd738bef59b1101be8003ceaa2213a386e,1,2,2,1,1,1,1.2e-05,0
1494319391663094,4e1a27eeabac4f4cba75d2201bb0c49bb5b680f1f03d4121051165e283e9141d,1,8,8,1,1,1,1.9e-05,0
1494583121649597,b9608f4ae718b34c0701597861b17c64520305e86a83cdc7e3737221113b5c31,1,0,0,1,1,1,,1
1494621935089590,ea6d819b7ce8da9c20fb6f2f698329f1741dabe46a9a0dfde856113e49bbc257,1,0,0,1,1,1,,1
1494754371751038,1a2647954f9f0c744f415b11bcccd4476c66f3dfa8ee470d3478d150099abe46,1,1,1,1,1,1,5e-06,0
1495567282011227,0ccfea740f8011f4c376add7f28e8388fbd3b19df045ca9efaae83f7b365300b,1,1,1,1,1,1,4e-06,0
1495727161483620,20848cef2468f99802ce0537b62292c09a67a00be96de386f14ca6bce274c3db,1,2,2,1,1,1,6e-06,0
1495883174856345,5794e1629997f420f6fe43c77b0afb264020a83816f4fca14e3f2267fab49f66,1,2,2,1,1,1,5e-06,0
1496361174779028,9de54bda0032db433ef78688eb3ca23ad9d5d1001038d6c84fb244c7154bdb80,1,6,6,1,1,1,3.1e-05,0
1496476814784244,66179b7f4255919058aebcb16d2ea2114e4851a478c24bb3643b6be74d342905,1,1,1,1,1,1,6e-06,0
1496478694911820,2451fcb56f2ce1728d0ebebd102f5b629023d510e628a53cd8820ff840189cb3,1,2,2,1,1,1,1.7e-05,0
1496491881603999,5be5756e4641b30c22981e1893b7987239ef784e1a71a1b74f9d27aee77c9983,1,2,2,1,1,1,1e-05,0
1496556591458487,3a523aa671bcfa6045efe23f49856ee92889577f5dc51a1ba5ff7b9eae4b0214,1,3,3,1,1,1,5e-06,0
1496936501390395,50e11b19a1cd85432ccc68bec4707e86717e32ccd8b58b040eed95a3db1b8586,1,0,0,1,1,1,,1
1497153594706994,db83362d140a328ffac022feee3b66bde21a896737695c98e0b91acd217ca426,1,0,0,1,1,1,,1
1497217908249131,da6250e40c42fb9e0656e1abf32ab02bd05489234b77ceccaa254bb5ec7831c7,1,1,1,1,1,1,8e-06,0
1497943438169341,471c86e28205a06dda5c80150d33be8ca4b12ee780e5c8df46cc0934d33d5de9,1,4,4,1,1,1,1.5e-05,0
1498129494746670,30bc9c5c7e6890edbc8fa548e28279446957373e7ad0fdc0a1c1c78a3a9bc835,1,0,0,1,1,1,,1
1498274154777252,1b5e499f636c1cf65faea4eb5cbbe443b0a3685d3fff77a232b8bcb3a9ffc89e,1,2,2,1,1,1,5e-06,0
1498398244570133,0ff9ee662c9cc7918057968d9a011302f7cbc0ff6dc2b3dffd68ee120a12ad3b,1,1,1,1,1,1,1e-06,1
1498876391321493,7a4430d11a5fa93d02536c8cc599f5cc382f34f01a3228b3ea9132b2c47c7896,1,0,0,1,1,1,,1
1500117707881569,e755ef9855dc4b250772f9300fa529fa083e9d136a872c6f9446f37bdb84082a,1,0,0,1,1,1,,1
1500123241095340,debb1bbece3c389ef4dd88f8b884dafaf9d1b1cbb6a9acfa9a49d427f3fb49f7,1,0,0,1,1,1,,1
1500238887943882,3e850c7117d1d43c3a938c6f11ccf92242e4da65751b1073f6d1d220857ce8b4,1,1,1,1,1,1,5e-06,0
1500897687631673,6afdc4fec56ec51efca1c69dcfa963bc2cefeb7a006dff2ac21051c329ed2f98,1,1,1,1,1,1,1e-06,0
1501068927794384,69544e9c6360ff6e3f39d0b19660629321dfa4705051e416df03f5b9964591a1,1,0,0,1,1,1,,1
1501216147798052,705b701b7e438b461ce47fb21008ea051e973d1a66f56706155e3ff4cde9dc7b,1,1,1,1,1,1,5e-06,0
1501258957620906,79cb109fec4ba5191d02ebb41a3364cca20846ae2e9db7a0e2a95a0caf156d3b,1,0,0,1,1,1,,1
1501366227821735,a44ad492c8f991dce15126a93982490d57287f99947f3c170a655bbce8012b8a,1,1,1,1,1,1,1.6e-05,0
1501424317734263,c4d743b36c532c42a5044268bed60a9df0b90af5d32dbc2c09d244414b7a2afe,1,3,3,1,1,1,6e-06,0
1501614731086323,a61d9a6e745435dcf1fe684ce1d8419a83c07f03787e76f039c94f658e0bd4b9,1,2,2,1,1,1,7e-06,0
1501777897602478,d9ac5a0d344a7f35ccdade8a89db6dd5de876768cf5bf550c675a5c862532eb0,1,1,1,1,1,1,2e-06,0
1502082848193962,287991871ce0ba3ef0bb26692c6e144de57301b58811179a3ff0c4faa75e59b6,1,0,0,1,1,1,,1
1502150574421012,0be9b1ef5e85aabb21f04e2321631588deff5d8d4b42d41d161f85a87b8da913,1,0,0,1,1,1,,1
1502170784334618,f271c0892d51ce431db2e4d200cad74aa0b28a1ec0b3f70aaf3bb72a93cd07ef,1,3,3,1,1,1,2.2e-05,0
1502232927719258,07d2dd958324208bec81273609bc9980155a5432c7d59814f154a872e1238ea0,1,0,0,1,1,1,,1
1502931940992672,310b74169b77df5d21a17f7b0d8f8995894c30ee04efe4163125c4289b0287bd,1,0,0,1,1,1,,1
1502958251000793,df05c42d6f04f06116d3bfdf4e98589d23517e37ff671c4060722e703b492107,1,0,0,1,1,1,,1
1503124780900036,3e6b2cf2c2a5d7a6adcdb68baa2a29960d2835577185ec9537d532e85e093759,1,1,1,1,1,1,1e-06,1
1503485597582739,9cf5769c54d3cd2dc787f908e6baa23da8728e8cc0c16bcb6f08ed8537c187d5,1,0,0,1,1,1,,1
1503825920898023,83591061992c3d3d5fc4a1dd4cdfa9dd9415d590ef4cff853c3cd4aa06084a44,1,1,1,1,1,1,1.7e-05,0
1503867234164035,90ac6073be42e62bb26fa3a54ab52513efcf890a9804531d1062b6acf484b36a,1,0,0,1,1,1,,1
1503945754193765,0898f2ec17f593484a61b4d5254ef7a35d549bf69ab7b98144355c42a1da8472,1,2,2,1,1,1,6e-06,0
1503972217503968,d24cdf4f0c8f119e4e821ed55d738a4a0ec84ca26da5a406a5d8469f56b8797e,1,1,1,1,1,1,1.6e-05,0
1503980744196134,17d5ebed627f6d2b0b6c6f3812a48c197836bd13bd8782ab60fc3afe843a335a,1,0,0,1,1,1,,1
1504866490568629,cce5dc28308b3e3c5050f22cec90b09994b50708f325ad03f93623a92a1c62dd,1,3,3,1,1,1,8e-06,0
1505963307375547,0c4e1b7ae6007d631d8503e10233a086c06cd01c77bc2114f169d31441a762eb,1,1,1,1,1,1,8e-06,0
1506079057264715,06119ea17d91031c256aafd85e5ea517423b528d6c2aa3354cf7fdfff41bc94c,1,1,1,1,1,1,4e-06,0
1506340444008224,bbdd5d7f754f3683e3fd8cd51f419779a3ac9db3cbe6fe8c1aea1165f10eb8b7,1,0,0,1,1,1,,1
1506519930680073,333bdcc4e95625078c92b2b012b1d2191df974c4f18338dabde45f7d82aafdb2,1,1,1,1,1,1,2e-06,0
1507011523936109,7b83aa1ad8955e16c782db2621ea3e4966564fad1f5455bfcc6e544e0983c21e,1,1,1,1,1,1,2e-06,0
1507094280508881,d3ad4a4f48fd880c87675868118a2a8ebcbd5d7572c040c35d536a9e9c00dfd0,1,5,5,1,1,1,1.2e-05,0
1507293093656609,6542f3dcd017fa054c1775e228c4f99200b92065ef308098703b9d7393e1da8a,1,0,0,1,1,1,,1
1507953007078152,ea9b620aa540ce3def7603e31eff4186f4bbd6dfa238cb079e8b0203f064dab1,1,0,0,1,1,1,,1
1508004227188335,5a49b9e56459dca536be4f6682ed65decf4006cbcb12532c5d22161bf8bacff9,1,0,0,1,1,1,,1
1508239470403418,c7e36c4294b302503e43f6819cd32c6564996540a85c5cc4dee1de671c9a311e,1,0,0,1,1,1,,1
1508378076882646,8885503434a024c0de1d13106c9128fc0e010626451ca8377879e01b388f10b8,1,0,0,1,1,1,,1
1508553403682333,57108440afca19cf3321bb16e8f4c61fe5154f7588b2cb4c92c61bffcefceebe,1,1,1,1,1,1,2e-06,0
1508738757013564,287540f27a24d57e6b2fd753aaa920c89ad81bb7096043dbfea8a71dbd2f770e,1,1,1,1,1,1,3e-06,0
1508753853576152,e74536a6f5312e1d3e1349f04011a0f785f7d2b0f97d6ca9faeedda10b68bc27,1,0,0,1,1,1,,1
1508768683741420,fd3361c82c8a59881f959bb721fc7c01607a5a1ed4691a77f8540bee319b369f,1,0,0,1,1,1,,1
1508816593680931,1f1ed72aa3cee11a29811b111a9de15ff0e2f287b2ca92dc2d94cd4f66715315,1,1,1,1,1,1,9e-06,0
1508861626896981,24e1f7d9f03bcbf3eb504bfde5cf4d174085527136ddfcae61fe34c76e67fbf3,1,0,0,1,1,1,,1
1509111537007049,309f421e6ac3f6f4eb4d4066379dce990b1e88d59f59301dd1ce40d3b1de24d2,1,0,0,1,1,1,,1
1509240723738745,2ac007c70cbf005bcb8c2376629f50702363bc9d86de7db136fe04f6cb8bd6d5,1,0,0,1,1,1,,1
1509466087027664,c80ed47a919f4a808a2b8961031f2e096d7500a865edab6cb4bcf63d087af57c,1,1,1,1,1,1,6e-06,0
1509468093503369,94509058b495765582e972a6371cec7b70b3aa71bc08278695760d07053abb87,1,0,0,1,1,1,,1
1510293313454030,3971b8e1b55026f6006e2c9f53c443b5005e6ba07004b6a1c3273fa310d6074d,1,1,1,1,1,1,0.0,1
1510668180247328,7465732905ff85139d90e1a676255d2b2246192c73910426ea33ad92dbad8738,1,0,0,1,1,1,,1
1510696730182653,b156c529dacb7c365dd17d39d31a525480bbc4f1139fd9e7f2feb41ac34ed8bc,1,1,1,1,1,1,8e-06,0
1510751393571544,5b3f10339f306c390dab07b7b1be4e8987157732d1fdbcf0221b385c66e79874,1,0,0,1,1,1,,1
1510998996818336,986e611195ff0e6580c29cd200c92ceec8017324fcac844b4c7c07f970fb25fe,1,1,1,1,1,1,5e-06,0
1511194503425470,6298b1eea5a5e11ec21d00f5684cc1192d1ce8a9e18a278d3231ee1c3352356a,1,0,0,1,1,1,,1
1511220340024233,45fef37bbe46583510d58f94270044a737b0a35daf622a0e6b3a1c97a5d269f1,1,1,1,1,1,1,4e-06,0
1511242406789252,30fbd4d0bc823cd9c7bd03fe438a37f3ae8d5abc14a2ee487fc37f8184566fcb,1,4,4,1,1,1,1.5e-05,0
1511246399994953,b8d606b38650050e78c30750ad0828e2ea1eb355b5546b0aa9d37da7b9bba766,1,0,0,1,1,1,,1
1511404590188743,87204e8e1fd5e4281c344d76eaa65ddda723bf4e109b635c396747c99089b5a1,1,1,1,1,1,1,7e-06,0
1511529120065780,2c80181746a8b8f23f80e029bb4b4696481ef38da20cbe1c7099957521fc9731,1,0,0,1,1,1,,1
1511863506747030,6fbb82f1a6936a249da072ddf6a0c4e8c26f6f11ba8f764830fdea9065c92fb5,1,3,3,1,1,1,2.2e-05,0
1511944010077718,31acd5247dd65afcef2f96bdbf023c101951a8654b833e4598119ce0d264f28a,1,0,0,1,1,1,,1
1512016110092504,20dd8b07287f3e8d2369b50c80b2b0c0d29a5942cdce3ea2fe157ef9fc9d081b,1,2,2,1,1,1,1e-05,0
1512074583448351,f80fd509d765248c1033cdc2cacf57704048b4bc763f729bb2957e6beb8a70e8,1,2,2,1,1,1,1.5e-05,0
1512285190214606,462cc517de6740e361bf46f53c83d61d123ce9be8b1d46bf2ade3e3a2f4357fd,1,1,1,1,1,1,1.3e-05,0
1512400893408067,9cca0f5e52e9d10cb3f0ec817e1ab8aad297925f92450ed13522f96f79a0d8a2,1,3,3,1,1,1,4e-06,0
1512464553202852,fce35a04b0db3f0e2fdd8bb48b79782f5145ab9998c66a41ce64750fed4cb234,1,1,1,1,1,1,2.3e-05,0
1512787529928130,96ea65263ebc0fad144772f84c333fd58c525d055e5e1cd6d8d13738a1edaf6f,1,1,1,1,1,1,3e-06,0
1512835539769647,96254e96fb50783cca3a6f5f5dfaa12f0c3518cb1000dfdd4920e8fc18fa5f0c,1,0,0,1,1,1,,1
1513070816476895,1e15f23901111248b79e314520f57de3ac3a7bdeb772d250fbb4151f1ea1702a,1,1,1,1,1,1,1e-05,0
1513073549952778,d26a8fc932af551d1b0ed2b8e13e43c0e7d523b014a29d8a89a72fcca70f2f0c,1,1,1,1,1,1,1e-06,1
1513121919971701,fe52ebbe337d3ad09e39f776dfd15bfaf49b7893be9de68f0b96cee9868cfdcd,1,0,0,1,1,1,,1
1513360689887655,957935ed82586f2a46b3ebc1645aa4b08a5f447b168aee672401c057739329aa,1,0,0,1,1,1,,1
1513432223328423,7e585058a98b83986f14d893715f1a56f07601df273ff1eedd5842775a9d8968,1,1,1,1,1,1,1.4e-05,0
1513546516563358,f9345fef8bc7d706fffd285a8be286483beee5294c8c10f2488286455bfbfa2a,1,0,0,1,1,1,,1
1513683319920131,e417bcad17c3e40fb632d4a42ad2029f5248e629d0ed5cc2299db00c18afceaf,1,1,1,1,1,1,3e-06,0
1513740689933371,8549b9f47fd678a7f6d7b5edada17e03689aff8240733f97e50f05bef7226e25,1,0,0,1,1,1,,1
1514924596223722,a6359969b4808e27bc57d8baa5945be78abdc79c1f34a77bba1c8af63fa85bc6,1,3,3,1,1,1,1.7e-05,0
1515450922913076,11e389db1d78e23ed5c65cb4dfe35e76dd488fc8db628224bea5121edb8e736e,1,1,1,1,1,1,1.3e-05,0
1516032542958540,8e2463372b2a48025839514d957c4ccbf4dc0d38ffd90d02e4cb73e8c00046bb,1,6,6,1,1,1,1.8e-05,0
1516065386323653,4b8d40a4440ee3d4978f80fa12bd5b28db866e69828475d5a91a8595d358965f,1,0,0,1,1,1,,1
1516286469672613,465d91fe7518149bace3c928b785d1ee05c378d5dc94624c0d0b4181072f0189,1,2,2,1,1,1,1.4e-05,0
1516778339576100,6d06a38af45b5292cfcc6d271b62c4143d702e6860a3c7e1eb282ce0b94a9650,1,1,1,1,1,1,9e-06,0
1517044902673682,0a581ec2f85d3e7ead67164810e44d070f01a170fa790c8f75925ae83c71995c,1,1,1,1,1,1,1.8e-05,0
1517299816228613,378eb227fe96c08a1c77c0457dbb43f54583e229a15416abfc9a65ef9fb4fc9a,1,3,3,1,1,1,8e-06,0
1518084792748601,65739d46af67625807ee1ea9be211e9c8400dea48d4973ed13776e46d3a4e72a,1,0,0,1,1,1,,1
1518161592720887,14a0dc465f538412fdd7a4bd0187e1564541128fc7af0b85ba1fc1512fd55d44,1,2,2,1,1,1,1.4e-05,0
1518393106158897,0ef3edf46c71ee7bee184ca0e8412d3d85bb92240256871739fcbb40c99313fc,1,0,0,1,1,1,,1
1518788286020997,5fbafe8e38df8354df10b940a6d356be28fd0c34976e1b27e45763599f0201d0,1,2,2,1,1,1,1.4e-05,0
1518811369440769,349a230dc9d98339fa40aaa0ecc68bd83180a212cfa736d6aae4d8f04266eb41,1,0,0,1,1,1,,1
1519334395850474,4abc421111b8eca7f12ab9e5e9021b26f520aafd91e6d739b31c9a8818234392,1,8,8,1,1,1,1.5e-05,0
1519460685771412,4e72297bf1291b496e9d96ae694bf77dd7470d53e1fdf2cc35e22296cf87261e,1,1,1,1,1,1,3e-06,0
1519522912587401,3d75d3386f49b35247242843c9d1e149742e1517ba1ddc27888fafde7ae80d4a,1,2,2,1,1,1,2.8e-05,0
1519555342687049,39e1c10098a5f882873a0890c59e711ae9ec11b8aeb270804138c7368835c93e,1,4,4,1,1,1,8e-06,0
1519849842584055,1ffd8fa42d3c8aef3dd8102e4de6a2148bce4ff00b3ebcfdbe16d27827a62f02,1,0,0,1,1,1,,1
1519886522582980,01eae00b447c30e12225f2b279c8e4fe5f4d13ff883f808c3af49d3548a42f50,1,0,0,1,1,1,,1
1519892892613691,cb21cdf9fbc7367072665350b62da2805250b61e5808c90a5f5ca3a1a768eeab,1,0,0,1,1,1,,1
1519996889314253,f735e0c2dd598906669fdad17b8408ddbff0f5c0f561aa06a7c7048b14e71561,1,3,3,1,1,1,9e-06,0
1520008709225847,3b914958fd64161003d7a7c10f5fa791f6e9fe46ccae881686b75c3422742929,1,0,0,1,1,1,,1
1520231349183536,0b695fa2d16fc2f7d049739937b205656e35f79e50c061c855953a1bce347dd4,1,2,2,1,1,1,3e-06,0
1520473432618147,11816010ee3e6aa2b1ca50ce7714a6437b4ca12a8b86e65d856352b9dd337ab3,1,0,0,1,1,1,,1
1521364165778120,18fff9dd7d1a280189afbbe7ded2053289328d31bfb67124d53a5bf78ab64b89,1,0,0,1,1,1,,1
1521610275815533,24cc63993f870fc927ad1e869e118e4f497404f540c848a242229965ec13df4b,1,0,0,1,1,1,,1
1521708545618710,55a06b295b3853371ddc34bc228109a2782d60a7cfe55e3e10333bdb1efe0cd1,1,0,0,1,1,1,,1
1521986895746659,8b598d73b0caec9adfa9d590f556883f383aed89f134dfc40c9e772628722600,1,1,1,1,1,1,4e-06,0
1522026285675472,066eeab26411674ad1d25d73092ebdbc89bab5a22d41eba3ddb38c26bb6278fc,1,1,1,1,1,1,1e-06,1
1522748069048834,c197b44a52172e5887772859bd742e9950ac8cc71baa260e0254af3c762b2ea5,1,0,0,1,1,1,,1
1522797005611288,653920a4e9c5270d4a11ddcd9b9570711034db3e3589a9e1d2ffcd384f589edd,1,2,2,1,1,1,1.1e-05,0
1522973318956810,a50bc9a4d182cea05f25e0b52d01da85f791b99e64b38e1537ededac1075df57,1,0,0,1,1,1,,1
1523096078897476,987f97de7e61a07408d469da7ef7148073620d7ddd51e2f14342af3d7bd683ac,1,0,0,1,1,1,,1
1523429638692116,703bea8a424e3d873498c722937d7b785099c71b84bdc3c803ff98c6a12f751a,1,0,0,1,1,1,,1
1524235268850979,ab6ec2aa8fd2b48b8e17fdd5bab7980eefcaa268aa463b46c25eb8897f17aa93,1,0,0,1,1,1,,1
1524395608669867,9ad706c087b75eca46ff3b9fadb775bd8c94263c5a0b4967521cdd2ac795f64d,1,2,2,1,1,1,5e-06,0
1524683835509150,5891460abb5442db9b7f4cced3b6f11cb330df984b4c4f3be5a7ffd6d2c4443d,1,1,1,1,1,1,1.5e-05,0
1525332632124593,34c38a4135970959ed621b51bbfb40e72c07eb386b4d39de9fa76aa62ff94051,1,0,0,1,1,1,,1
1526342428590310,0a3fd4c8c4ac96c4e1b9125820f4be9f9223f8339e499a572db41732b6f813f4,1,0,0,1,1,1,,1
1526396645274888,86e39633c2c058c7bdac67515e16b1dbaf85bfa7d83651c5da6a07ba1c606120,1,3,3,1,1,1,1.9e-05,0
1526507888620074,6de5056a6ecbd1a5b0e202a78f8c162ae4b93ac2d71e8e09578022477d8b6d17,1,1,1,1,1,1,2e-06,0
1526976658569640,0b7ab71bcbd797701b77004a0af15f1ab64b260c28bab078ffffaa493e37ebd5,1,7,7,1,1,1,2.4e-05,0
1527223944993640,13602f897e7e026f6f1bf05c3ee74fd36a04941e513b4e6a4295b79df52e4e55,1,0,0,1,1,1,,1
1527241165206310,526e2b9f8180d243d7c1cd672583004b64dc39397d15e15d804cd929bad87d41,1,1,1,1,1,1,1.1e-05,0
1527270815062424,2800e845eee2df231df578a3cc7b10855955224a4008d72eb5275c4ad445164c,1,3,3,1,1,1,5e-06,0
1527387711858579,e41507fd551e53d620846c0c70576c478b332e23e2a2dff4e08d558426c4c1f1,1,6,6,1,1,1,1e-05,0
1527469165128331,e225188e193d0e93565907a1c630a3d6e27dda2fc5ff1a016999c9f10f9487a1,1,0,0,1,1,1,,1
1528610215067199,da3c7840fdb53a44afe3e92b5246ef4b4227826c78281e2d09b199f888cefe2b,1,7,7,1,1,1,3.2e-05,0
1528622178454788,6392ff15b585008f44e96707d37aca838488b5ff2af9fd68c3e274549a7abf4c,1,0,0,1,1,1,,1
1528784474816832,07b1a830e49490066fa45b756621a7ec421aede036d5ea35a53db1a6dd2aa2c1,1,0,0,1,1,1,,1
1528823004818702,5cb6e16b099b76cb66f786b365fdd015d9398cd58186af0dee2f4e531b593f82,1,0,0,1,1,1,,1
1528925674826070,d2ee3c37ba93381a88b682ee600321a7abda58e322dedf7f8dee76504f1bf7e0,1,0,0,1,1,1,,1
1528925721485563,8828c8ab148d918c90dd51e78de2c99016b7b06837a4d9ee8da790549cf690c1,1,2,2,1,1,1,1.1e-05,0
1529316801736730,cf82f9c5ed12ea54ae9a619ad6c9bad2a2f68f72b6548c690806099ec13a99ae,1,4,4,1,1,1,1.4e-05,0
1529350701615433,505d5cc8d45fca13dec9b56a141bf558fbdcc01130a072225ac20172fd33fd7d,1,1,1,1,1,1,5e-06,0
1529547941614483,75af268c63951f5fef1ca8dd9bc3f8a30cb6a59606dfc1ead3bd6145897774d6,1,0,0,1,1,1,,1
1529655765024640,3fcd509bc2555116157ed95a3f3d65b3c8e7409bf7e9451ce63b662a4ccd33e4,1,6,6,1,1,1,1.2e-05,0
1530038691378935,8b8469205c003cbcf41f8b0f9808de4b724d3503560a98a344b7a3a1f8b50c44,1,0,0,1,1,1,,1
1530210938310321,b2308b8acefb17dd8f1de88793b2c247d93f343adc384f75cf0685382d558e87,1,2,2,1,1,1,1.1e-05,0
1530277101506088,14e689d769efbba64b26dee4bf7ffbbb2baab34c56b5db0d7977eae4172e96cf,1,0,0,1,1,1,,1
1530319731502398,d7b850edcbd2925ec308fb5af66b52714d5a53d5fb599b783c2c0ce461c8dab9,1,6,6,1,1,1,9e-06,0
1530846668229370,eec4c3fdcade1ee268c3e4d852170ac27fdf00e41eb30045a9c7d125226d2371,1,1,1,1,1,1,4e-06,0
1530917214695849,e3d0a0a6a0f16f3b8e4c86c3221e1afd12836b624e0646edb70af90bd1cfd5f3,1,0,0,1,1,1,,1
1530979724689678,791a96751aaf5c11df750a4f0fbf66f6fdcf6939c1fdfffd71206c141fec35bd,1,3,3,1,1,1,1.7e-05,0
1532103251457219,e63cdfadd45607ab9b5fc58adf2cccad5daa133c20a97bfe90f7cdf40cc536c6,1,0,0,1,1,1,,1
1532686851277022,8f0520c86332cf12bf4af9cfd6634566533c64c247e009bf60d846ace933339d,1,2,2,1,1,1,1.1e-05,0
1533120564476277,bb3fc4593d53da03312f5d18643eba7d5bd63689c07d2dd104ae7efd3beba557,1,1,1,1,1,1,5e-06,0
1533137804561695,f127fc02a5f25749f9cdbdc3d6b928d5143c6823952ead5f35d1b600b9881432,1,0,0,1,1,1,,1
1533141048001235,ae5b82d18ebca15ef88bd3c6ac12e22afb6e60269350a1cfd65731764b833917,1,0,0,1,1,1,,1
1533311381249500,12877c4793d237198c166d1a0676a002020fa10de9aabcea8acc00126d0ab7c8,1,1,1,1,1,1,3e-06,0
1533690541185476,5f26af7764f8004bb2aba377178992bac2a98ed3a9f4e1664de17df97a932fb8,1,1,1,1,1,1,2.3e-05,0
1533757027815303,4dd67a2f01d2c93bae88a19dc926f742dbec49fead5704247d347e3e4f9e7ab2,1,3,3,1,1,1,3.7e-05,0
1534048077791386,bbbc13e6295446d0e5371ea32fd1db5ce9b38df43e0f68273bd711a78da96aba,1,1,1,1,1,1,5e-06,0
1534239944389079,056c33c4d957097b3f9f30e1fc5c2f333aa941a225375b0742e9b3923b251df0,1,1,1,1,1,1,4e-06,0
1534381144541811,9327195f050fa3c920469b58bd371c3fc79d484faf59aa118034492f454b255a,1,2,2,1,1,1,1.3e-05,0
1534482757807103,e3f025a5797e8dddc1c7e337db0337963d3caf64a996063f4d12805791be7e04,1,2,2,1,1,1,1.5e-05,0
1534690147865545,9861a537ae1adce9870469d191099d0c8829d54e37f6037852b9460777bd9e2a,1,1,1,1,1,1,3e-06,0
1535316057515494,e98e29172e9e92a074e23ea1da897d2343ed0b0432bdd36be5a126d8c6e9ad42,1,1,1,1,1,1,1.2e-05,0
1535322434332846,63497a21983661031efb3b72978ae2835d3812e15d6c80873adb31b1beb9e63e,1,0,0,1,1,1,,1
1535373717706107,53cc9736b890f0f19b79bf1317637d2eb084849dfe12e269b29d93899793537d,1,1,1,1,1,1,9e-06,0
1535424047483703,bcbea68c18c37e770670bca060fa66bcb4815ddee591afe043efee9404471901,1,0,0,1,1,1,,1
1535437020985449,b41d81ec61253c302f437417bac1d1e817622b7072ad0d653ecc1eb261af7690,1,1,1,1,1,1,8e-06,0
1535614207561416,e506ffb5cd73755e7213c2791786c00756b13b2ff6afbb60d6709e9521e991d7,1,2,2,1,1,1,5e-06,0
1535669854448645,80f9919d4600fe960fe8738fec3866ea31e4e0fcfe9bb49578632d529805e657,1,1,1,1,1,1,4e-06,0
1535788614284261,c4594ef98e0c1f952b535a3bac49265f739e11b80dd2a6b8a09f8caa106952e6,1,2,2,1,1,1,1e-06,1
1535865517735305,82a19579415c916fa140d2892582814c93a0899ad171cecbee998f9e142858cb,1,2,2,1,1,1,1.2e-05,0
1536036334311504,0fa4a30374640f6fc05dc654435fe7545fa200aefc531b5fd84053fd0b4830c2,1,1,1,1,1,1,6e-06,0
1536125144396006,a389a3821cf53ce6e9a19b0076947097292e912e306afdd0c9cd70ee645bc208,1,3,3,1,1,1,1.6e-05,0
1536296750851216,ba25e179cc95f870715dc191c4c19a64e6b73ffac586ec6edaf53da0d4b795e1,1,0,0,1,1,1,,1
1536364517614123,0ccc67d08626047dd17b0d5ad4810e3087676160d34912dc2e162ba82694833a,1,5,5,1,1,1,1.7e-05,0
1536580674032443,f1b49949b35aae28eebfbf65f441aaef50a917e6c3cd2d05f7a65457eff73d14,1,3,3,1,1,1,9e-06,0
1536670544198185,4510fe7bdccfea7b7f81382047d1301294b75bb835533be05f3768216dbbf134,1,5,5,1,1,1,8e-06,0
1536699827578524,e76bde2a49feffb49b5c5af640c12034b11b7976df155b79eb774280584751f2,1,0,0,1,1,1,,1
1536788487570310,865bea981cb1a434fafb5a3cf0782d99bf244da2e1d6869859b94054eacd0d10,1,1,1,1,1,1,1.8e-05,0
1536850477461157,18041c425cf2242c9d2447f29ab66cef05a5bc8ec750b1d1f8297d274ee85222,0,2,2,1,1,1,1.1e-05,0
1536884040794757,b008f8fb10dc22ceba77db29ccb2c440e24f793b1fdef2222c6b33e7df9ff940,1,1,1,1,1,1,4e-06,0
1537281663858601,49f417cc8e30628b65da06f5dd810ba633d1b2e88bdf4390e8f057eca797beb2,1,0,0,1,1,1,,1
1537438443949416,8c98538e23e642f3d271231df3a1795d9bc4d33817e38a9fc8f97c30fef3c654,1,1,1,1,1,1,5e-06,0
1537692247436785,b6a2e4b9c45f622978a2908705097aaf4ff67b42ace59f15dd2bfe9d9ecf747a,1,5,5,1,1,1,1.8e-05,0
1537804080791122,9a652f54deda217f45ca4751a0acead46b05aeaba8e2e7050450d28d4ad32c44,1,1,1,1,1,1,8e-06,0
1537857727260553,5a4461d08b2acdb0977ecd859d15f415f369ba062e75ffe29c75ebd1ad69168c,1,0,0,1,1,1,,1
1537917363909996,6d9ada56e1e39f833ca50233ca8c0daae356af158d25e4fcc70fd1d648425e0b,1,6,6,1,1,1,1.5e-05,0
1538413087408309,18bd2a6f41fd7e54a360228b3246001fc34a65f15daf7cba2524bd3460598cc4,1,0,0,1,1,1,,1
1538452083746699,6c33dd7844eaf7c87b5bcfce89a9d77f5110c9d1df92a5b61d83d20dca265b26,1,2,2,1,1,1,5e-06,0
1538749730355191,710ecda80c18b9935d4062197052ec59298d78d92a1a9b382bb877b684627f30,1,6,6,1,1,1,1.7e-05,0
1538830933987347,48cbcc382d73902660dc97d3e314228ff095e8420a92612ca2a3f714bb4ad965,1,5,5,1,1,1,1.6e-05,0
1538887800478290,52b2a80c5f95335f440814f5c1f794189e90ca4ce2112c826e1f2b979f079cc9,1,0,0,1,1,1,,1
1538888390453192,45f1ba8d96d9d495a698e425422d850fa1855fc63936a6b6b5bc983ba5d85bff,1,1,1,1,1,1,8e-06,0
1539067623961378,f91a62882603f7daf9db67690682dfcba34d03ae1c83d513c20b3ebcf8f85684,1,2,2,1,1,1,6e-06,0
1539829630297717,ce67e35527deb9058a23ba4bdacd37a0de2babba3ec1cba083bddf50495a0634,1,2,2,1,1,1,1.5e-05,0
1540073317141788,f23dcfb9deee0e4b55ad9ea3cd9bf44c0e9ce65b3bd2f77fb3fbb8632221a613,1,1,1,1,1,1,6e-06,0
1540241187319666,77184876f676d1ae62838ea4fe7f7586f60c60a5bab731be0ac181a7e21c4fdf,1,0,0,1,1,1,,1
1540340453774018,82e69f97a4a1dcef07bf88fda28f92ba89d4874c1d8a68591b68ff1e6a2af7da,1,3,3,1,1,1,6e-06,0
1540396413968916,3d1239e92d40351ed48a76a82561cde5db51a444831baf80aa5c9f1a34fc1c0a,1,3,3,1,1,1,3.3e-05,0
1540889550281685,97f3ed8fa8d97bd8dbb9b078193752523de331127789373f7b3f3508cc021767,1,1,1,1,1,1,9e-06,0
1541269323727927,59e8192a6460ea1aea40ba55654d24d69fb9822ffe8aa6f33e6790fd37fc9da7,1,1,1,1,1,1,1.1e-05,0
1541585873641705,f1328a1b4d1b064d5df7169ce653eb7c0ddb09825c7b77f45ff690a6daf8a5d9,1,0,0,1,1,1,,1
1542003453383889,fa2b8131aa0b4f5669c2f85135f33b25a3210c11f8fbea1cfc38a9dafeadb3a7,1,1,1,1,1,1,0.0,1
1542028270349496,3cc47c6a3169fe6a013729efe69c90f1bbf0b700576669281660e8ecfd93a075,1,0,0,1,1,1,,1
1542066670165597,7b8fc71653f46a42f9efbad51bb821a3fdde699c1a19c370810892191f1fe88a,1,0,0,1,1,1,,1
1542121453769087,272fd7fd2c2ebd15bf2cc08bdb7766362e3c23be7257b1cd43e3cb96403911c6,1,2,2,1,1,1,3e-06,0
1542927190373047,579d68bffb291f25a6d253453fe36c6d1e222b9ba6f3120f100280ebc4afd481,1,0,0,1,1,1,,1
1543019433705257,7b68c67031f45d86be4c43d90d3c3518a5e437820dbc2d3f391f697504c92063,1,2,2,1,1,1,7e-06,0
1543206683678920,502cdba19c5b3ddf2d0956e5ad3dd1f17e81b740847743f417b24898624d40a7,1,0,0,1,1,1,,1
1543269286986281,30e1d8a26e259ada501aef5bcdb4062301e45defed241006afc33cd75e57358b,1,3,3,1,1,1,3e-06,0
1543357840133514,ab08fa3fe3463e0b2fc4d756169ae05d9afcc8f8049fdcf4d5644eb9b47f9164,1,0,0,1,1,1,,1
1543385306813964,ad219a1b844e463d2a7196b4f44efb0e239006289ea3e067c3fc203e923c6fff,1,0,0,1,1,1,,1
1543385436811306,3db2449b596d0715c65a7e2c26b65e09fa5473fc40ebeed94b9102c5b5cd0aeb,1,1,1,1,1,1,1.1e-05,0
1543614386662612,29f06f9cb47a4ab039ab9b2d490afc2e8025017fd87ceafaa1c6530331686a51,1,0,0,1,1,1,,1
1543655526951154,531cfa7413c0ec2b0994bd6db66896c042c79e2254dd9bd66a2989d6a5dbaa41,1,1,1,1,1,1,5e-06,0
1543697146871250,bf7f6292eeb4ac4aed869b2d6e1749882790282f6707ac414da94c1f4f129769,1,0,0,1,1,1,,1
1543827249984468,94b1b2800d767a56102388dfe34f506a70dc996edf93ff9c8e9e6d3956cd42eb,1,0,0,1,1,1,,1
1544259876912528,43b5070f1f7dfe4a887e1781c5b2cbbf5ff009c9f528a73bb0b5ff8be17b6b4c,1,1,1,1,1,1,7e-06,0
1544372119929475,12c7132579c972f2c098307793037bc87d709615790a4220bcbb2434851f09f1,1,2,2,1,1,1,1.5e-05,0
1544417876764891,1134127f9c919ccfce979f9dfec60a4449f7dbceb26cabd9ac18be1fe8947dbc,1,1,1,1,1,1,2e-06,0
1544550853238981,2b030312916cf14cfcca1596d94ebf74f602f861e2b4de1395cb49662330b5a3,1,0,0,1,1,1,,1
1544586753231904,35c18742409d3e81376f2d8ba4278d6ca1082733f24b1e064ccf59e13d77e7c5,1,0,0,1,1,1,,1
1544637336731670,ff95bbcd755c6e53a0ab13ad2b479b99b9cf80fb009e6a9edf74b3751be84c33,1,0,0,1,1,1,,1
1544693779898520,f16cfea42b4b48f6f752bc104c8d562675869e6f35649810f3b9da2e92c8dee1,1,1,1,1,1,1,7e-06,0
1544716220201748,2da7a3a327c6ebb408c21591872c7d83d2309b1ba4eb350d99884f51f7e4cbae,1,0,0,1,1,1,,1
1544731040053881,7e6417649c26d85e9fc3aa32244192fa860b083de1d40ae03db898f4141697ee,1,0,0,1,1,1,,1
1545329793166565,2a8754c6db0b5619c867e7bc4e9718b89b96d991dffc51eaa7ae6d5773522d41,1,0,0,1,1,1,,1
1545453500214262,78ae97cdbba931365a66522f9d8113d51fb8e19ba5a62926e7e1718a186f4a47,1,1,1,1,1,1,8e-06,0
1545457849807713,4bdd307dc1df2e71e8022d7ec09bf44ed2b8c3f6304351bdf65913ce04db322f,1,1,1,1,1,1,4e-06,0
1545519453431378,b7a9cc0ac2788a238a35b39d06ce050ff4116f7e1f5595d7ec9c849b5c0e8b34,1,2,2,1,1,1,1.1e-05,0
1545965046425813,e578590deab11f5d8e72353a9770fd7c465b34192d04d782db3b95b330880357,1,0,0,1,1,1,,1
1546688926783480,5bc45840a05d6b6248f165c82e04ae4c3180f052a117968d50e20f89c31dc735,1,1,1,1,1,1,3e-06,0
1547205133259396,8f0de291beed850bcdee2e5bec08e0c011875c6d56e313d3546549582a28cef1,1,0,0,1,1,1,,1
1547262979785554,4570c2a2db2661fbf57b8d7fda5c00a1311348e84fc6c9bf150ce87d94057400,1,0,0,1,1,1,,1
1547869579561840,3419bf33eb1f5072375acdd31542d9e3e779c73382f2cb918113b59d60a87b3d,1,5,5,1,1,1,2.4e-05,0
1547904673330327,ccfd0aa668aa95e18633d2990eeb8bfce642ea3995c6098ac68e8e97495b23a8,1,2,2,1,1,1,1.6e-05,0
1547957823061938,dc77fbf239c68c8d9c5acaaf123cfab5846792c96ad0cf8d59770464c521920c,1,0,0,1,1,1,,1
1547972359960880,25c1d71a7165d66adfbde56928cc44e650e8cb7ebcc57d857c33641c4663d3ce,1,0,0,1,1,1,,1
1548748269637648,827993d1b4ba9cf31d677548267a30c8905820236149fe46ffd1bbfe6820bad3,1,0,0,1,1,1,,1
1548870576354136,9734ce9d9353efbeef2a64171cfff9e39dda94bf9d7f75503a7791027b71be35,1,0,0,1,1,1,,1
1549080776142541,1745c5ed300ef4cad3e8e74049c34791ae53dd439f3b08a99458dbed127b36a5,1,2,2,1,1,1,1.2e-05,0
1549318226513074,6620188be454250c770795eec69b1c333cc28923161a61dd85a3ba3f02588d24,1,1,1,1,1,1,4e-06,0
1549352619417343,0f5aa6004aaee2e2c210342a7e51b643ff2409a0356dcfe95f85c4698ab08eeb,1,1,1,1,1,1,1.2e-05,0
1549380892746526,dc61185eef89c1878f915eded5f614f9f0eb88a782b71022e2c0492a226bb5e3,1,0,0,1,1,1,,1
1549566369392453,c09b549d9ed0a9f78467dc4d7c3346b99c4bff2cef762ce300e214e3bf82d15c,1,0,0,1,1,1,,1
1549581902847734,af8885fc7b4fd13ae7f9bf176c873730b7f2b12c152a21241f909053fbf76476,1,2,2,1,1,1,3e-06,0
1549688046058562,d2b04c544ced19f48004a9746492c1e551e51f7e8132f4dca391e4f1c282e997,1,2,2,1,1,1,8e-06,0
1550003972822725,a8a74da4da87ad38ef9bbb649e11d9b94dd369b48614fa2239e2fd3af7b5bb07,1,0,0,1,1,1,,1
1550179579454363,159423d283105fd9008f92bb4e00b746a7ea1a0eaa341973126a21c8a7029f84,1,2,2,1,1,1,1.8e-05,0
1550226536253154,7601d5dcb416c0f76db209b8fa07765d7606a8f2ca62ebb5474160595e0ee9c1,1,0,0,1,1,1,,1
1550302362991090,12b511c92506266e0dbf8c896266b3c8373498415b088361b00f29dcd9dbd60f,1,2,2,1,1,1,3.1e-05,0
1550328706154946,c07fd65af3f11f31c955553bb4f87db5067044ff1849d4eac54239c25de852e9,1,0,0,1,1,1,,1
1550352169435830,aeac93c824b10be211ecb2b40bb167be035be033910a24c6da90b2e38f7fc7db,1,2,2,1,1,1,1.6e-05,0
1550502512799784,ab1419a95458b2b784c08ed0f33a4482e3cd00c42bc24a3f9b5e35dc6487f31e,1,2,2,1,1,1,4e-06,0
1550805942601284,f14ac915f0f51c73fb5a5c000154ac33cbfcffcfe5decfb8e1b888fcf9aa6528,1,1,1,1,1,1,1.1e-05,0
1550901836123335,b510ad09c4832ca009b9c5fc79c91b9cdbb42bfafaf86c31de592d6a219e8fd3,1,1,1,1,1,1,8e-06,0
1551039616030936,14cd46f6f995b380451fab6f65682676f75a5ed66f3c2c8c54d1ae4b654ad37d,1,0,0,1,1,1,,1
1551066619256208,627a74298620851d489b7c34c22ff9b4e6134a56a63fbe5bc6a59d8f27abe388,1,0,0,1,1,1,,1
1551085305926381,aeee62fde18b75254849b2a441377f3e4e90998a7b635d4429edb59257b395d3,1,0,0,1,1,1,,1
1551246302887905,17010594eb78f4c25656f166e5ab66814278cbf61962d364571bbec3515b73d2,1,6,6,1,1,1,5e-06,0
1551274535920422,1d28c3e1a392ba9fa39e094a2a73e33f588189a080308e106f78ea2a078dadae,1,2,2,1,1,1,1.3e-05,0
1551300759519955,ec513f5e6dd02d84b47ec0a2afc37537493a480b4d95cbae439c0176c72d165c,1,1,1,1,1,1,8e-06,0
1551916842497955,bee055233e64d0cf7da057baa8121e44a161622322f72fbb6a20dee6d0a6a127,1,1,1,1,1,1,2e-05,0
1552171055964108,91121430dc6052a1eb3044440a39c259b0d05b8e3e3fcce4cd93e9a3d5a09cce,1,1,1,1,1,1,1e-06,1
1552236872621940,8eaa1310b3e18ff56233fd6f11daacf253a91904bb593169608fc4dba765d751,1,7,7,1,1,1,3.9e-05,0
1552711539414912,8a84e44451523a80d2b2b8b56dbde6b54e69161e2670f93ac005750d2c5e2269,1,6,6,1,1,1,1.3e-05,0
1552880345745918,5d39e1bce3c15e1496cdd00b5e6a74caf3caf8a44ad44aa6dd9bbf565d51446f,1,1,1,1,1,1,1e-06,1
1552911272396581,52bf3adf020451d37f2378c8e3c9f06c0d672585e713070b67d2917824a5d614,1,1,1,1,1,1,1.2e-05,0
1553070932708148,02b2f4586ff5270b9fe54a72456e4df59423dd6b1c533402958824810b8f81da,1,1,1,1,1,1,1e-05,0
1553453215790265,bb1c9155f5269ce0619b383934fc87a4d2bc9cad07847facfb59d3a758c93723,1,1,1,1,1,1,1e-06,0
1554071092608366,c7be050914d291abb75b27994f37a474c1196ef7fed9efeaa3d9089e4db38e1c,1,3,3,1,1,1,1.6e-05,0
1554094492389340,84ad0d5da14885eaa826584fc8623d7361e3109d4464e770e4cb7b2c06ca0117,1,0,0,1,1,1,,1
1554169559366491,7a69f3773319a187c6d9b0c38888f8c10b6d0f43f4e203df5c5ab1390f4e85d6,1,4,4,1,1,1,1.7e-05,0
1555138472385255,c4dc558d3b638963abd6cd51dc3403b940a2992cbe25238c8b22f6163744f7a1,1,1,1,1,1,1,3e-06,0
1555167995938150,cb5b783fd9b3b1f973196a28a719f459eb337581ca8ad828900e52cefee6a28f,1,0,0,1,1,1,,1
1555219402595764,9010794647c2355a8caae6820e46662826e622baae98a8ff36ef4f826cae5e57,1,0,0,1,1,1,,1
1555399512138422,2723d9d60b8de4fe539c3862aa2d3258248eb3f3affb2745d8f2b9d9acaddc28,1,2,2,1,1,1,7e-06,0
1555457298917085,65ab0db250eae277c8ac3c8b456cce4fd1c432140bc643c91c89ba1bd7443222,1,4,4,1,1,1,2.4e-05,0
1555465262024237,be6d3416531e7af1bf21c4bb84a543de7c405996b18f10148037697b961cdf89,1,0,0,1,1,1,,1
1555596082287623,b1638ce8eab26ac004cc8bd80c9451b5f597704049af48e2cac3509a4c5504b2,1,2,2,1,1,1,1.1e-05,0
1555711385784496,c9fd7860a0ca06e2e4c9fcf0b25ba0aaecbb4dc8b51f10d029343a608aae3ffa,1,1,1,1,1,1,4e-06,0
1555865928788324,30c00e3071e173a44abe12cf3ff7df689fecfa5914126f8d84d13dd069a294f7,1,6,6,1,1,1,2.8e-05,0
1555962102366457,99d0b22af2fcd4358a5fb7eb62c82f5a384ade6648a8d977561fa75469a26c56,1,2,2,1,1,1,8e-06,0
1556201189127320,2621a5cceefe84b55e596ed09b7d97f579a631b614b9135bdea9e5744299784b,1,1,1,1,1,1,4e-06,0
1556846145498657,f4e1334c12e098c80575221405ed7f05a913dff71d25f225cac1025f6dcba92f,1,1,1,1,1,1,2e-06,0
1556935878981576,c66370622d5a945e8083968d02f51bdf8733e69a2e3ae13b33e6c4cb5d7a1528,1,0,0,1,1,1,,1
1557040268526874,fd821af6f2b8e3c00aaabf3c0b915d1ea321e38ba3533e03ebda655ab7a92274,1,5,5,1,1,1,1.9e-05,0
1557060265312064,02abcf0ccdbec7ea6448e828add1db00240a64beeba8994d0a8a8be9ebecb897,1,2,2,1,1,1,5e-06,0
1557379055460259,c8f1d01d7fddef29895c3125012bf0092b897af990cf86cb650d02b6171b6a5a,1,0,0,1,1,1,,1
1557850865207571,8c934778ce77a03629441d2cd96995bee9586b7acd6fedc74f1e451936d0e853,1,0,0,1,1,1,,1
1558136028831990,51fd1f2a57fa43895cbe297471e48f412b287ec917f16bc952856c7cd7701dc2,1,0,0,1,1,1,,1
1558652758477686,0c8cd1540e294410268248724be16295b596fe5d378d79a9f0c5c30c3a811baf,1,2,2,1,1,1,1.8e-05,0
1558739438470309,23ba385249ae43dc276c849e3180d022b58016d941d52ab5e81f6dac6314a70d,1,0,0,1,1,1,,1
1559118298549067,a08b30fa72a02f3d61ce16ac7fba3447d70f1e814430766bc3f83086675789fb,1,2,2,1,1,1,8e-06,0
1559671148373187,deba739dfab981098335478c3c8f96575d1b8409361c076fbab8c1ff4048aae5,1,0,0,1,1,1,,1
1559970705000933,c8276d639e004c8a8adfa5ccdf0b4b4b110e925408b65fef8f527b6b0ef710fd,1,0,0,1,1,1,,1
1560035001851570,82ad4112a135a8a0fc1966f2bf941139dfbed0f2b2a2c9e4c144ba1c17b6adbf,1,2,2,1,1,1,1.1e-05,0
1560050848358304,8e9644d2ad92c8f7fa9ff6ee7484267b66d8447b83bdb6e100c3da82bf823e02,1,0,0,1,1,1,,1
1560051568778213,f2797b5095325fe53280fa34bfd4e8e5b03aa9520379ae1a86b500bf752ac577,1,1,1,1,1,1,7e-06,0
1560158018339960,2c1d6b9f52fdd526b6484693bf90306584e559c27ea05ae714ab1c7450837b9f,1,1,1,1,1,1,2e-06,0
1560299704985466,0c21e3302fb388adb4644e8a8c25c924f556deb5a64e6b8554b43edfd21eb0aa,1,2,2,1,1,1,1.2e-05,0
1560533718426240,3a4be9f8fdd2be691fc082f4c0b1b5056d52411a20d9c806cefd253569436b89,1,0,0,1,1,1,,1
1560673094940264,6ca7f854c9bb05010e89abe20a19019e42b34094d35e080899dbb24406ab6dc3,1,1,1,1,1,1,1.3e-05,0
1560829528435877,df9f1354079bc01748da78cb97820e39859ce40b52b3f2b00118d212c3223a16,1,2,2,1,1,1,1e-05,0
1562005521887779,a86bccb2f1ce18ef3cc5492a839985198074d215eefa6a1f7198bb27db2de90f,1,1,1,1,1,1,6e-06,0
1562041648553782,5c351e71b4d243990196eb538f2179df8320931831b5ab60191269233f2f84af,1,0,0,1,1,1,,1
1562079228475953,34da90d25db2e14afd3c9d58085a5fe881be97293d0b39d95428214d5bdc4000,1,1,1,1,1,1,2e-06,0
1562231318480925,662d4dc928a02434587cc53e1c6f517149fafb82b45ab49702ab811c9a2ea8be,1,3,3,1,1,1,9e-06,0
1562372998120364,38a9a2709d04fb2b87166722af3368b438315a938e6e6e6ae886d3eec48a9f7f,1,1,1,1,1,1,2.5e-05,0
1562846548230573,a7f9a3cf282c1ca270c0e6507c71f66af483a8f186d9349213d89d35a59d872f,1,0,0,1,1,1,,1
1563917574649266,857de741ddeac8f4021ef202fe2decd051640e6ed952d3700705f7ee4becab5e,1,0,0,1,1,1,,1
1564209254759387,2e7aef54aeb5119e83799957b230cc13d9aa43eecd7f9cb7fe7a2764eadf17de,1,0,0,1,1,1,,1
1564497301384777,63e923ba3b98ac0d9f32eeb84aa0685ee060d1050ade801ae175fdfab94d794c,1,2,2,1,1,1,1.3e-05,0
1564525574554105,b57598a19df0f585bb750ecc57b3d8703b1c7ffc4ace05a6741fcac73df577a7,1,0,0,1,1,1,,1
1565080861183374,b11a830a0ecca0519fb1080c4b7f4faecdea53bf9efcef6732706087aa8d505d,1,0,0,1,1,1,,1
1565133611602471,c3556d7841abb66bbe11399fd0e0a6d2db7c0b4f82a6bbab8d751e000c8329b0,1,0,0,1,1,1,,1
1565240737816287,e0859a69a54628fb97e643272b3650fb8b3bfb89a83b7f940eaf51a3a7bdfddf,1,1,1,1,1,1,1.1e-05,0
1565243624657431,69f7394748e7e428505a7442f12e1ccfd9cbf8663cb4063348362e2106b6a45a,1,0,0,1,1,1,,1
1565860774600287,d85c1924f8e4a4afcb36c0ac3a51c0655d13c928596416105e26d37be5b453b4,1,1,1,1,1,1,3e-06,0
1565967444403097,5931d9dda15a9dc2d8be9358b42ddf214d5357e9d94bafb224a2c7d80db2410f,1,0,0,1,1,1,,1
1566100968080831,1d6e986e0e379712f5d6e606b78d432c514b2478138446d6418e8c3f61362c66,1,0,0,1,1,1,,1
1566260991373867,58ce54eac9759a514132de1f4eaac731d8ea0d3a63bc592725fda9284b0c801d,1,1,1,1,1,1,5e-06,0
1566849931004921,dff6d0ca6b22bbbcbe5e3ecc1610fb2fedc639c99d8f189b16890ba092518941,1,0,0,1,1,1,,1
1566972430983326,b1ef8a0eaa914eb43df247da47c7090e59e2793b7c811929042f4cc3f3363a21,1,0,0,1,1,1,,1
1567065030971399,698263ef6d3ad738ba6076efdf685bcf12db12268bf67265184a8b538d80cc00,1,2,2,1,1,1,5e-06,0
1567890164207863,e9b2f6d4a9d6462d87812a268930f2a20670883a4e041740b7feb7630522706e,1,8,8,1,1,1,2.8e-05,0
1567922421065815,dc4593cde80cec14bc65f2987886c2aca9767e21e7145924d1056278de997b7e,1,0,0,1,1,1,,1
1568446400818082,70a7124684cef297c571aa540b972f508dd6eeab981c08958e7fdf3e46ec5424,1,0,0,1,1,1,,1
1568453127905099,30ec4e5f2367a11c42bf625aeb098a5c8034a60c5a818a08277b02aedf9ca783,1,2,2,1,1,1,5e-06,0
1568477371238443,bd7f10956191bb00f8067343f71aa402631f954dbfc9096e2d2b35d5f4802001,1,0,0,1,1,1,,1
1568752350963226,c633b0538ca51108b5b669e17bb6745555bba86f55283487521da73a3d1f18e7,1,0,0,1,1,1,,1
1568826991221439,48ffcc470888911ffbf189e932f0d382ce527f4ebf5167355f9adb1328fb8f9a,1,4,4,1,1,1,1.5e-05,0
1568980667603743,6ba15d74d43078eb77ea71adbbf331d3b99a5c09c8ef4d97ba19110eb5433cbd,1,0,0,1,1,1,,1
1569150364266397,4ff0971ab3ace7024b745ec20100e471ca1977e4844393cfb37ab102b3669562,1,1,1,1,1,1,1.4e-05,0
1569220537826664,69c922f007bb3588759fc86eaa2c7ad72ad2d2ff5fac8dc4c6983c5beaa17c8f,1,2,2,1,1,1,9e-06,0
1569290361179717,c49ce26577aa39a88d2d0ee86787b6ae643336115594b4023586aa37f6a2b6eb,1,0,0,1,1,1,,1
1569628854212910,adb1c7cbfff391236dd5df3cfb45307c3a5811649cbb1f4492eb4ea3509a9e18,1,2,2,1,1,1,2.1e-05,0
1570110884177714,eab40e425221623c4c070f7a3358aae684399f120efaba5928a93af1e1f1c80a,1,1,1,1,1,1,3e-06,0
1570364170674407,40c96de178906142bcd77b72f004347fd38a45c79f982379a4ca7df1ddb83045,1,2,2,1,1,1,3e-06,0
1570513770971750,779be97f06dd2ad87df8ac66466c4cbd6416ffa49af6c1d607b4e08f021bcdba,1,2,2,1,1,1,1.5e-05,0
1570530423978387,8b97234477507458a5d3057727ff3b7a53a918508406bde611e08d15a15318b4,1,2,2,1,1,1,1.3e-05,0
1570706990773005,8a044320227cc258a702c9681c4939027fc17d8d020669396134d2d88d57f674,1,3,3,1,1,1,8e-06,0
1572040807148866,0a33c466e9e0d838dce5e84c557476ec01762d7992b3fab788e4ed0bb9410b2c,1,0,0,1,1,1,,1
1572687400533520,d423e8fc92cb1c8ab970b98cda13c0bb547d53c9055ef6f2484a197fc911a26b,1,4,4,1,1,1,2.5e-05,0
1572711450416011,a446ce255e5c5a90642be1ebed3441a78d1fdb6c2dd66848111bf84d2d9bb3bf,1,4,4,1,1,1,7e-06,0
1572947620728492,7b2a1ae576b8b5e5ed2005e3282c62cce4bae6ccca26ee17940a261c326da679,1,7,7,1,1,1,2.4e-05,0
1572953773888030,584dbf9c7f53c1729faba3df64df8d4dd2e8dc244461b91f512d7b1abada7f05,1,0,0,1,1,1,,1
1574838986875072,f8564227281399f3ee9fcd5d31c7e0e8b9d3954432c8f2ede1658621347d79b2,1,1,1,1,1,1,5e-06,0
1575412657210734,2ad129fe5f3da918827e0ff5e6c0a4bf377c8f1d47d8606f9533863d0d13bf8d,1,1,1,1,1,1,1e-05,0
1575418577241828,822d099ab5db02176c79780441383f072ee336d27cfb3a1b22001407621d3e56,1,3,3,1,1,1,8e-06,0
1575474867219118,79fc85655e2904919a8e87ebbadbc7d129041f8030ea4c2ed6025f3c565ff2ca,1,0,0,1,1,1,,1
1575754880257647,58b733c52dfd28315474b7ccd02211aae7d18652e8907e1858b564d81ebd2599,1,1,1,1,1,1,2e-06,0
1576343010462236,ed03ff28dfb98100e7b9a9d7c74e5dc98a39f89558e2d20d784b841575bb6aa5,1,2,2,1,1,1,4e-06,0
1576371077059173,10b049e4b47f4572aee50b16039874618d2ac674c1ac8861c5478b1cbe881bca,1,0,0,1,1,1,,1
1576891370150379,9eaeca51aa76d0b14c2411287c1199a63362fd08cb3d9376421c6eb971e8cc1e,1,0,0,1,1,1,,1
1577127020142190,3f869abaad8868fa75270e06baf1708d96faf1c90a1929e54c2d201271382ac7,1,2,2,1,1,1,6e-06,0
1577266040285130,d949f036fdbcda1c8581f67baf6f9fb93d19fb95a6d50487ec20aa3a85aa970c,1,0,0,1,1,1,,1
1577407293615860,0b753422eae76614e3a65591a4ad65eef59d1585dd6a3cc4087fbbce489596ee,1,4,4,1,1,1,1.9e-05,0
1577556493275171,74e0949858393c1050dc8e9a4603d7dd3908da760d288dc82fa0aa299c88d9f2,1,1,1,1,1,1,2e-06,0
1578553290265281,f1598489d2ff1f8971ed3b2bc1bda9e3572c5d5098764b554b36b6d82df329fb,1,0,0,1,1,1,,1
1579106313077420,4cee8c2a9b01cb2d9a28579c0005bcfbb419e17b78de9bbd1fde1a2e28ac16d3,1,3,3,1,1,1,1e-05,0
1579450513333320,7961b296f30cb9a504840ae455ebc3bbb42cf890332be50d956d9569c13004e6,1,0,0,1,1,1,,1
1579480806398059,13f903c673a1680665733956edad7a9339bf6b0221865d3856f101c191b5f9af,1,0,0,1,1,1,,1
1579724216379515,34eabaa20eaa2a76369663749bb266c79cca4fd876f30f60409d5ae1914036f5,1,2,2,1,1,1,6e-06,0
1579933063350109,abba89ba1a4c26e261bb09f6e43337ad301f3ad426f5c20128efd2b7e3c3c488,1,3,3,1,1,1,2e-06,0
1580153196361868,4d175511c46d763d09a425414934ffd05b50bfd043774be9e9a8116713c71a4b,1,0,0,1,1,1,,1
1580569956719207,53fbe9ec6e6b4aca5e61c8c7bcbd02cf8008c69364df687f063d92196d6daed7,1,2,2,1,1,1,7e-06,0
1580820283356360,6aa8fe7eac8641f757314d867f8d12565e3c4ccb839e759b94dc19f797c3892f,1,1,1,1,1,1,7e-06,0
1580828559604403,efe88caf3ea24344b2892a54e12d5d9b923ebbd874bff750665b338a1a7b61fe,1,2,2,1,1,1,9e-06,0
1581486386603786,e77777662e3976218f458150e682da80bfec88070d101e45cd01a990605403cd,1,2,2,1,1,1,1.7e-05,0
1581519852845832,3bc9b8fec18b30d8cbebdce9d26f923da8054cf57f8895eb0d2aeb33b5c32dd6,1,0,0,1,1,1,,1
1582276633216009,431a2a731cabf9084638dcd0b68a9539fed67044650f55f20fac6b7f189d7752,1,2,2,1,1,1,3e-06,0
1582524566442168,b89847f3c24781eda9b50cdd2c6cbfc03acf16df6ac8431104ab1fe397bc6f78,1,5,5,1,1,1,1.3e-05,0
1583061709702013,4c3f3f013d0ba4a2662a315ce87f46922ce954610d22017e3628f44d075cd3b0,1,0,0,1,1,1,,1
1583126396015873,2d4044bdba68e153cc8755312c6a3a7877c4c4325cbd5868e45b0119a95b83a5,1,0,0,1,1,1,,1
1583347319687011,fb95df728978ff14999ebaf2994a5799bb7d00ac811ae09e9d34231440d0891b,1,1,1,1,1,1,1e-06,1
1583548422777922,b82dc7acb7d1afa8ec13197225cd099d524947f1cce618f3f92cab5f0ca40b24,1,0,0,1,1,1,,1
1583715959739096,03b641c0ae10d62e064b46c4e7c5da86e252afb359ee0eadc8f6c31f9fb11b9a,1,0,0,1,1,1,,1
1583747509452572,fb81fa4050864fc00b7a4f46b0faf9eb5557e19ea05a5aa11d2a12c5ef2e98e9,1,1,1,1,1,1,1.8e-05,0
1583946276117070,c791ceae9e07b59bef7bf62f65b0cacdf256d1a3f3535e69774ac66402b1c1f2,1,4,4,1,1,1,5e-06,0
1584058005914241,90f193c5ba155cebcb89326bf0fa70fc11fd66d790aa36c74c70dd119fb8dcfe,1,4,4,1,1,1,1.6e-05,0
1584184869601095,f13beff6265154480bad36e74183cf544d70f9d4a237eecdeb1d429d8646d468,1,0,0,1,1,1,,1
1584203975919199,257ab36791ec0251af21ec1a21f9f56dc8aa5f436103b465156d73c37ec1897a,1,0,0,1,1,1,,1
1584281702932174,2b7fbccfd1a1722dbf82d36ba60440bebfc2a33da9035383823b037f11163b20,1,3,3,1,1,1,4e-06,0
1585686525925854,815277ae541223df2e49d036c6b224114999706abb02fb9ffa2b523b8bba9388,1,0,0,1,1,1,,1
1586076936136628,fbbefaf3281e334f351e71823b23a0096c8a41622414314c2fdfb003ac6e45fb,1,3,3,1,1,1,3e-05,0
1586266712372657,73f2b417f9a141159b7b03451e9a3be5a98b1d43a67ae57fae0c3d54cf0d3a5a,1,0,0,1,1,1,,1
1586547402511614,acf99047db259e26eafd087b1f1979b9e977e80f2697643200e64440e31313b2,1,1,1,1,1,1,2e-06,0
1587106766063658,2c4fbe8a24d1e8701f9e4e4b38464e9354795a5bdbbacb7ca5d7c64b91b6a295,1,0,0,1,1,1,,1
1587130522455674,4d6db25c3011b3fe1f5defbb7a28f572e7f7cb1c15be2ea81cfe13b8ff90bcd3,1,0,0,1,1,1,,1
1588225615668175,4c85b8819918c290eb37cb029534c222bbfe6d33971ac9118cb9c2ec20fd8c25,1,0,0,1,1,1,,1
1589593228883804,7b78b19085191633150ef58803227f9bf4f6b1e1954ccfc7bb49ec8c36fe3e0a,1,1,1,1,1,1,9e-06,0
1589642715733716,22aaea494e99d7063f0a848a314b244e039ac15c5243d74b268cae2b2b450f9d,1,1,1,1,1,1,1e-06,1
1589795462152323,0676aee044ab2899f94c71797b71d42ba3243e81fbeaece5bf9f8db0960865bd,1,5,5,1,1,1,2.3e-05,0
1591963465582173,77221694af4ec85e1fdc1f80e3a1c20d1ce8c5777b8c6a154ad2951fb75fb76d,1,1,1,1,1,1,9e-06,0
1594152905093230,22a5aeea4b503f7fbbf13add8285447dfc832e44185b9c57069300bf957e656d,1,1,1,1,1,1,1.7e-05,0
1594269085263931,7f6136bc5c652f38b973888c995c3e0f286a86773ef34ef00abb0699ce3acd32,1,4,4,1,1,1,1.7e-05,0
1594417928427907,71c29db78fd89732069aebd1fb92450fbf69a133b4327491a6ceb0ab3f71bba9,1,6,6,1,1,1,1.7e-05,0
1594487021994260,a2b67570e994d9881c0f7627c7ede99791353a8d6ffa24d8e863f44389b6bfce,1,1,1,1,1,1,8e-06,0
1594661751740509,29bd51473a2a50e6152d8285174b1b8962d7e398937ba3c0b8d6554ae3b85371,1,3,3,1,1,1,6e-06,0
1595682481593863,41c7a3528ffb4071af8338e8d2feb98715ece0508d65d2811a0fd93458ee6c83,1,0,0,1,1,1,,1
1596015514895717,a095b578e32c1a9e90ffed2bf2a3cbd3f9ef4445a82b48f55bcdf4008bc6f3bd,1,0,0,1,1,1,,1
1596112444707773,64499b400a21e1f665749fb380505b31841ca42bbb9717a3fd83424d89d57442,1,0,0,1,1,1,,1
1596695304650837,29019d587afee745f288559fa280d43c7d3f847bbb70fdd726426e21a26752d0,1,2,2,1,1,1,7e-06,0
1596740778372403,fc9634d4aed44c820c1463586783f91f14a619391b14056efada7e32371770fb,1,1,1,1,1,1,5e-06,0
1596836775064593,cbb223fede5f0d1716d97a1f443f0a05906176e9b2d3c9a4beb3fd9635ee3b81,1,0,0,1,1,1,,1
1597954638244061,840f510300f9c8db3bf2a6b05a7900a421c57e2c5c318117f484692bff2242d8,1,0,0,1,1,1,,1
1598633858171975,1a8c09d24bdc79955a09e0bf412bcdcd3487e65800bcdbb32f151035b96b884f,1,0,0,1,1,1,,1
1599061111469437,cb6eaf260a07d44222bb82599b356a7cd31202a8bdb9a71bdf93b04b7a71cdbe,1,2,2,1,1,1,8e-06,0
1599401527723204,a72d5c0d7e0efc87a02d649920d5492e129e490217ea0d546c9ac79462770bb9,1,2,2,1,1,1,1e-05,0
1599814574510569,a4fbed6ee8d4d631b83b3c10d3918b61a591616cd743d56436f125af41c98f73,1,6,6,1,1,1,1.9e-05,0
1600075664315867,131cd3dfc96c3a6f0fff20a32f556cf372c120d275c357e40fadc23e3c591b0e,1,1,1,1,1,1,1.5e-05,0
1600220064674168,66ece519a31b9ec968c8ece9346ea66d79ede17a36ba7fff72d1641a4b6ae692,1,0,0,1,1,1,,1
1600274444506220,8883c94b3e283430cfb80b2319844692a941041d9926b2d79786104a62f612eb,1,6,6,1,1,1,1.4e-05,0
1601574884161436,934b401967aa2bb873396f21577f3c5c1bdb337c3f4b7c17034483d1e6aeea77,1,1,1,1,1,1,2e-06,0
1601913314550674,d7c2fffbba124f2880429b227106261438a3f057d826c47bb61b467e6ffa6ee5,1,2,2,1,1,1,8e-06,0
1602029217898442,8d1c5d432f96388e450f617e881a9aa8914a409f5628d2137e6c9c0e2f6d4fa4,1,2,2,1,1,1,5e-06,0
1602426760744510,b42bfbbf6c51040e6b0811765f4440a6b3e8a2b8e1197995aae044d23815a600,1,1,1,1,1,1,9e-06,0
1602499421120752,b593778f08cb4da619fbe400940ad5b48b6fbdc5b82628d2044afca1a16e3bea,1,0,0,1,1,1,,1
1602657014095580,f288efa93a0e9c3b03133dba03b244d9cb6dd83ffe71e628ffd1fd09017e9ed4,1,0,0,1,1,1,,1
1603490484457203,78634d0145492552c2073553d00a597dadafee955405f369e27b54f2ebdb401e,1,1,1,1,1,1,8e-06,0
1604049000562794,9f2d78ca52fb9ccb548d43b943c0bc010584521e12bf540fa52c32491568f5a0,1,1,1,1,1,1,3e-06,0
1605359733765793,a6420f6ad71869833dd9fa0e39a1f2b0e4a4b2383eabc810e317459f076e38da,1,1,1,1,1,1,6e-06,0
1605396524169485,6afae1e2859b89d52485aa16f24987f10192d4d0b1acff4b60f23384d58ff51b,1,2,2,1,1,1,1e-05,0
1605666577479614,b3c0a0f9c086495161adf8f3f65f66e3419e21c639c721db05d0bf0da85e57cd,1,0,0,1,1,1,,1
1606275313872081,b490c6c45a7786bc3814a8c9345dd09fa5c6f764ec88e63d17941bda85d5acd8,1,1,1,1,1,1,4e-06,0
1606394750495374,16068f02e670e854206620dbfff8b2a433ab2ba1b4254adab16f3309b46efd94,1,0,0,1,1,1,,1
1606679610317689,8e3123b89c2ed3c90970b2348be3611d78c43348aebcb27b9951694583e21b51,1,0,0,1,1,1,,1
1607162920450645,0fdb499e4ad2472d0e8dcba43505952210f03e7e0cb4e8f831b262cfba8ff3da,1,2,2,1,1,1,4e-06,0
1607598980678495,2912eceda6317f8e0ee11326c24cc31c1b162078314fcb55882005ac42dbf600,1,1,1,1,1,1,9e-06,0
1608522156981334,b66e821ef65ba7ab46fc964b551d7b8fa12a2204f36eaa618e8f2c8872a60eaa,1,0,0,1,1,1,,1
1608928043413241,8cfa0b9d1610b7a4801b402e2b3d99462d7986946fb9d0591a6c65a9a0babf2c,1,0,0,1,1,1,,1
1609308370076497,153da087cac314dae6f8e31d7c890ca4a9aea985c2cb26fa007ac8014b6da5db,1,1,1,1,1,1,8e-06,0
1609377717400746,ecb45e476898249481e080d7b8b55b68200da44f088838bcb489eb25bed1d5ee,1,0,0,1,1,1,,1
1610669976586590,2e1723a4046997a45263ca337fb01d29088b6d3756b4a90fd6f4a83eb54a9779,1,1,1,1,1,1,2e-06,0
1610745233247641,c82bc81c3f92701ce33e8c68ea302c3ac306e93e516c2a6ac12d8d9bc4227d27,1,1,1,1,1,1,3e-06,0
1611463949823411,2a924a24addf006e20563796783228cd914a9098529ee5582c1d52ff1b2f8442,1,4,4,1,1,1,4e-06,0
1611467710226835,4e0dd188532c0e6ea2a418f91d0ae807b278c654b7476a15fcaadfc012263f8c,1,1,1,1,1,1,3e-06,0
1613328626710112,3a4a687e963fd38fdad886f2faed945243f0efc34b451a80bfb49b6f118c8d0c,1,2,2,1,1,1,8e-06,0
1613462386304028,436084a6634d53a84998d4809bdc026c1ff6ffdb76bd752243b6e665ca3df2ba,1,4,4,1,1,1,1.8e-05,0
1613462426486369,1622371c0d56e3a01abf972457290e4be6198c3819fc8600f114ec697ffd9c88,1,3,3,1,1,1,1.1e-05,0
1614439106632224,84c422b4fe642388401ae804eefec5933ac2d94badd53fc3d6a4b421f8099432,1,2,2,1,1,1,1.6e-05,0
1615286613215172,4612e8e6203d04fc2cc864ad331142f2c4cd0db99a922bfc123c1dcdd84ba73b,1,1,1,1,1,1,1e-05,0
1615728416075536,72d6ebf09192deb2ba78c83cc23eef22f6e0ba0585be66d1eba5730d89353c40,1,2,2,1,1,1,6e-06,0
1615893799773377,e19b1fd26340f6d5912e3ecf9ec1f0cb174c1aa73a77576a859d111289cda41d,1,0,0,1,1,1,,1
1617277442799699,ae340470cad612f0fd4bc81da28b9ef3b39011c00e9ea6a6f8b90ea33660f582,1,1,1,1,1,1,5e-06,0
1617434992571221,a8608de7e84ec249a2eaea12e7e4dd75c60dffc5ebc4668c46b2473ca0db515f,1,2,2,1,1,1,1.1e-05,0
1617599352546109,e8e07a1c2aa8bf8cc724f24e145524e4e33699bb3141bc4502f48f24386a513a,1,2,2,1,1,1,1.5e-05,0
1618898269472692,4b90417c4a3d9dc5f88832367fcbf1606034053efb314d0555de1a8a3f3e6c9e,1,0,0,1,1,1,,1
1619018192396921,5015bd800de55ec14366a5fc59bebbc916cd4adae0ea046cd6f04df8c6a48402,1,4,4,1,1,1,1.7e-05,0
1619055206132813,bc615eb6953d137dd6dee799e60aa1e431dd8cb32ff58b51bb07abab7ce37450,1,2,2,1,1,1,2.3e-05,0
1619312882813883,1fe77ca10496cb5daf48e5f85887db7f09a130f8bb154fcd70542465dd05fd2f,1,4,4,1,1,1,1.4e-05,0
1619742959392085,68be42dbbd7c0a5b15773f6d1bedbba227c09714f19f18f48c34cd9d05745e84,1,0,0,1,1,1,,1
1621472542354698,aeade34987cfcbc50e546387a13aa642a9cb1cb26abed0a524d8a7ba4f058125,1,1,1,1,1,1,6e-06,0
1621645325469109,75e720584ec7182b8ccb1387ffb73e201bde2e20e7f5a2f2259d67c4a5158da7,1,0,0,1,1,1,,1
1624439191851253,fd6fbc1a90286789bc6607e9a07a8abeca0c62590c06b7381dc0e4873d7e9d08,1,0,0,1,1,1,,1
1624783115597682,d09618c51697d7523004020ae34715e71b905ae2d2db28ff9156989fb6a8d379,1,1,1,1,1,1,1e-05,0
1625114958895411,fccdedaf7b8cd40bdd802180df6d889548613089f95d23e054e7015d6e67d11a,1,0,0,1,1,1,,1
1625426821979204,c7370a55ac46ab458108d9bdbcbdbaf378dc4ee59913872acd469d43f70aa020,1,1,1,1,1,1,4e-06,0
1626513804994412,fafb49a17b6466263d37dcfacb6c6c8762c39ec51feffe8b3af9b3ad532ec28a,1,1,1,1,1,1,2e-06,0
1626573965408557,9009a93a3852bbf1e794137e8064a2b22c566cad5f5d1202f3d89ff0288b5af5,1,2,2,1,1,1,9e-06,0
1627327331585523,55d10c839920b64f221b5522205197c648cc764ce08ecfd2318828f6554af973,1,1,1,1,1,1,1.2e-05,0
1627931377985877,966d2e48f484298555d1b6e59c52069e80e33c8e17c5ae319e31cde9dd04d7ff,1,0,0,1,1,1,,1
1628087878386749,ad016a5e23813eba6a452b1e8fe0a8c44914be28688cff5b1db1b8b2429938dd,1,0,0,1,1,1,,1
1628731928093583,9a7f510fb1dac69824f5783250e2ac834d8f0a03ff300e6f06f7ce56b0c82ce1,1,0,0,1,1,1,,1
1629474291493032,ba3e866d359a174ba5be3a642b504a113e4eaa43af64a40056087f6992e760ae,1,1,1,1,1,1,1e-06,0
1629749991497522,5a159621f7e2ddea701268fe053c636ccc90828ecbbbf7c08e4ef279a8b37db0,1,1,1,1,1,1,1e-06,1
1630393501660743,72612ebd9fbd35ac01b7add2801f68ad457ad8deed6890f50878bc44a36dfcf7,1,0,0,1,1,1,,1
1630514151666307,16d5b8d884293d75124a9384f27a7848d17be3a42848735d40ed5343795671c2,1,4,4,1,1,1,1.2e-05,0
1631097081196135,8646616b9e1c8693d06af2a5c126d7e71e48bb7275cfa889ed1f68e1036f6245,1,0,0,1,1,1,,1
1632101774493669,83e4ad597782408c21fd0150d881d32d474edf08dd0ea0ef881fcea544347f0d,1,0,0,1,1,1,,1
1632463491068700,74e03dc0b5482ea6aab7a50fbd74a3fc7887d6fc9fbe8bac00185b9faf420428,1,1,1,1,1,1,5e-06,0
1632862094790697,76437814930924f314bf4970f267d2bc924b766d7cfea271ab9e5b149f574522,1,0,0,1,1,1,,1
1634110880717480,4fb400b5824e24b7b824f65214c752eb0a0890f5ed89b3b7a8a8345a55005fb8,1,0,0,1,1,1,,1
1635419227622219,96e1e3e54312a77da41c059c6d145c06b1d72d3cfc4fd6d055b30a87cbfc84fe,1,0,0,1,1,1,,1
1635953761148232,dc1c5d2979610f3346878333cf83c95c00457b379a32e49c71b7e6cd7f3c0a0a,1,1,1,1,1,1,3e-06,0
1636079187800169,f94be42d9b146daa3156f19905c26d9734b466ba0cbe81da9739c716d6f53945,1,0,0,1,1,1,,1
1636320874015911,d4d909506f20a7e1c35559e6b00a4f5863f3975e98cf6b835c14679bb796c642,1,2,2,1,1,1,1e-06,0
1636794624365752,a10d48437d5cb73b73e60c20dd336708164d0ec9192f47d399c56d986958064c,1,3,3,1,1,1,1e-05,0
1636798873996850,49147837bdf8f0c4ff149b9a3a212eaa7ee96d6c8dd17f2126864a7b54ca5f90,1,1,1,1,1,1,1.4e-05,0
1637238910578461,dfea77785d1385090c1cbefa81dba2b307c37e47d11074934dcdfb71b25142d2,1,1,1,1,1,1,1e-05,0
1637535757210619,bab87502a4806c7f9ceb70dc75e7a84bf5b3d8d1092bb79137e26ddab6e7f6eb,1,2,2,1,1,1,3e-06,0
1640437983595866,744fd9561ff139a6f50cb4a1a74ebc701c0ac19cabb8f1a326422e93b8921056,1,3,3,1,1,1,1e-05,0
1641232166853842,16accae6874e864036d0f973d46b51a8c45f7955368daa96a0da68ac3a3a7274,1,5,5,1,1,1,1e-05,0
1641690953882347,81a9c0067ab7eb57bd9b4e038a72c87ccf0f1deb0754ddafcb242791f4b5220d,1,0,0,1,1,1,,1
1641765636988773,9c1359f7a019ba2acdc16f2e3de3b9557637ce7a1f5ffc6ff1a45edf3d0771b1,1,0,0,1,1,1,,1
1641799566797887,fd0c235d7e2949d1a90d56a34f313f71fab19c0df6ccfc2a458d8e0160410e36,1,1,1,1,1,1,2e-06,0
1643904580119170,263a7db0ac018102f9daacd301b6655753e62a19a7103077879958ec42a0bb7e,1,0,0,1,1,1,,1
1644448769857588,693d967a4411ceb51d66f82b607ee034a80772f68c8d1bee4696a782105bd33b,1,1,1,1,1,1,1e-06,1
1645653626815588,3b9b1be6cbc22bb0bc767e7cd76f98e7ee52711c913d93cf196d1c43edf9d3ef,1,2,2,1,1,1,9e-06,0
1646564026755609,19b4a080c1575423b9b28a9136782e115a1542c8731e264da71b9b2c03cfb964,1,0,0,1,1,1,,1
1647453209564554,9462e3001b31a2c14e001e104d7ff55fd7b44c08bd4124580edac1ea14b58344,1,0,0,1,1,1,,1
1648638439445492,94cb575bc5bf7be466e356423296901109f6f6c540695bbfd2f6ff9913ad2444,1,1,1,1,1,1,4e-06,0
1648784646532568,b9361762562d6002c8bf4133c9ff57cbb3845ef6061fe699e28baee3fd1c0656,1,1,1,1,1,1,1e-06,0
1649010696082520,11217cc92834bc9b34deadc4eab10554435c51d8f628240ac37e286a17a801fc,1,2,2,1,1,1,6e-06,0
1650058085957328,7af237d565fda973f6473a861aa7018217d1e1307f1c600cdf7bb43df47e6dd6,1,1,1,1,1,1,4e-06,0
1651652452468496,41e5155432d37cfeca22801df3bddeff9b71d0bbadc8a6cf035728af4155b8c5,1,0,0,1,1,1,,1
1654430362629900,19f2ddd88da14d4813ae8bf7da3944d9f593b4b45dd4c856a55a8cb9cb5c8672,1,0,0,1,1,1,,1
1654593335511549,69943c75adf208ea6d82d106b215243f2cab5deae64d4bdbab8d3cfd7452a475,1,1,1,1,1,1,1.6e-05,0
1659902464987018,9d6a422891be414e870a0e9eb59676dabeffe6d06e67e66fd19bc1cbc7b2b9c9,1,3,3,1,1,1,8e-06,0
1660139161621527,369209a698955b295835fec6268e6a5c25b703f2f367dfc2a90e973fc8fafb7c,1,0,0,1,1,1,,1
1664752544499629,280acbade03359e01dcd69adf05ba683a02d2c04d78b552f4a20cfbdde41be72,1,1,1,1,1,1,6e-06,0
1665430664442267,c7d2e29d158d1aa0ffd5ff4860c3aa7a2a7543cb6501178a219ffada0ad9db30,1,0,0,1,1,1,,1
1667863657509335,3ed4703fedd7e6c58ad56e1239306866954deb11b8ef60117c61d4025718bf05,1,5,5,1,1,1,2.1e-05,0
1669733881079183,eaed79933c49deb4baadf0c4e4fd61a90c90eae3bade3168d9c6fab47e79017d,1,1,1,1,1,1,1e-06,0
1672650320810473,ecd3713f1befb3a2f380ad693e1febb81ba291b28af291cd15a62235aabe5458,1,1,1,1,1,1,5e-06,0
1675567823403923,9e9f00c791f0730e58940fcb63b2e64ce4590d46a5923c6b7e219988a78f71fa,1,0,0,1,1,1,,1
1676219773339250,aec432c9d3f32c2b48585308fb3d1db7abc004c9a4b9d7f6a9ca94c579d659f9,1,0,0,1,1,1,,1
1676351807010591,98702d83b9ca845e1a5547b5d92458086757dfe2939119e7800889225d51e40a,1,4,4,1,1,1,1.8e-05,0
1680256799783948,2e25959b9a321c6da433b1266aaf745164cce7422d913784894d0b036d48abe5,1,0,0,1,1,1,,1
1680563489587213,15348a594da0655d2c2666352f66f2b4c351d407088326ff49b27da640f691ce,1,2,2,1,1,1,1.5e-05,0
1682243142734784,f4ec4b9ce237dd96c28f77c1202284b757db2227ca649fb4de04a44e7f164e31,1,0,0,1,1,1,,1
1684679149159705,00bb39e0954e942ded984a32e8b2f2d4809c2dd465965fc0d74c5d4ca60619a7,1,0,0,1,1,1,,1
1685357112423571,968d0a80701bdf34b30e8b8abd95d2fdf9d6da533323d2f4c7f47ba911aa100e,1,2,2,1,1,1,7e-06,0
1690299352088723,2f7ebedfc85b490191ab742e4a11c53450d665a96bbc9c829581b0683097905e,1,0,0,1,1,1,,1
1694971068555995,88e39e705a01b5689f4a78263e303a8e6ba75f2a328323276070bcdba42e2912,1,0,0,1,1,1,,1
1697557851627838,6f0b5a0d3a3dd9f55d8e68dbeca83250c0aee6e3b6970790c149dd052005fc6f,1,2,2,1,1,1,1.1e-05,0
1699173094336352,bc044148194fb5a9bfc5e2e422de7e3e76aecb30a74c8a2b9753b506da84f909,1,0,0,1,1,1,,1
1704382950526999,ede7954ab469b74ae44950f153021f5469e616a67aff218249beee2b8c44e6f8,1,1,1,1,1,1,3e-06,0
1705878043662198,cd0b4bff85b38e9f164c274a63876e71468a14a2bc7449ae5a2ae6721eb06774,1,2,2,1,1,1,1.5e-05,0
1707986303493292,923f8cfa42b33df8a80cc0253a865548ca4afd85230199d34944c14f4b670cee,1,0,0,1,1,1,,1
1709371319979499,947b77018e7f06c7082bb9db2934927ac46f70686990f0fd3dd88e0e527e539b,1,0,0,1,1,1,,1
1709480143054603,18200f1f5f6082fec48fce9a1a02886ec4e1f18b04a2747c077d471cbdbdaa95,1,2,2,1,1,1,5e-06,0
1709893827064007,c1bbb79607acf2941e4315ab59033db4f45033c447145e02b518b93262abee1e,1,1,1,1,1,1,4e-06,0
1711837349486567,b1dc727d9016192123e9764e85b9c4bfd7220f1796698d4127d62ee4b19c0bab,1,2,2,1,1,1,1.2e-05,0
1713227259346571,2b05d798daa62edbeb8aaab39ff4107e5c4918e03e3fd6d6abb2a700475f6f49,1,1,1,1,1,1,4e-06,0
1713571785985478,2a46f86a8d9b132b6b0565c1c4f0fa6a3578e292c003b4ed64824c57455a9bf1,1,3,3,1,1,1,1.2e-05,0
1716345722656907,f374240c63a81db2f75a3159e77be9e3563ac7506dbd51777514f9b70c1a739d,1,1,1,1,1,1,2e-06,0
1716413565703307,6f0ba6726a957e57cdcebf12eecdcd63cec90dea52480c61bf49a4f68d90ce29,1,0,0,1,1,1,,1
1719549088715574,84d6bc4185aabd15caddc539e7b6521f233286048f82f3c382cb84b3faa047ec,1,0,0,1,1,1,,1
1719828572045654,99f86d0a57b718581525b1804dd7a1487df2e8ee370b534aeed91b32cf557018,1,3,3,1,1,1,1.4e-05,0
1720454529341325,2ac4d038f4ab15fdf5e7958629782b29f311d6b55b481cd5aa140dc4d5d75961,1,0,0,1,1,1,,1
1720982039289257,791a2d6b5674e09b97ecd413b63d11c066375d35a9652575309fc11ec93e5418,1,2,2,1,1,1,2.1e-05,0
1721529281850033,2e0dcc078a76e0446f91f34ebbf3e88b3dd45351a8e6d6cf6799287e0e804e68,1,1,1,1,1,1,9e-06,0
1722659491744317,075d6225cbb52419954cbb8d3371c82e91deed89e1e66cb79e28f87f2f8da35f,1,0,0,1,1,1,,1
1723908014954670,bdaf5e729440355de90cd7529b21854839938fdc164ba11b040926bb54528413,1,0,0,1,1,1,,1
1723930078286003,ffa2123cd8ac16b5351241dfee6143450aff6deda2687082db2cca2e8116473b,1,0,0,1,1,1,,1
1728455324490173,0dcbc030651fa7ac107a87aaed708c88858f7f13bd4dedc4dbd6d3f0e9de016f,1,1,1,1,1,1,1e-05,0
1728712214492331,9df444f9007a1a099b13f2fb5391c559d64d910feb9dc7c95745cfcd6721a506,1,2,2,1,1,1,6e-06,0
1730665867619006,af26d68ff51ee23ceb8a2b85391e82d2127480348fd59ed854e15f6fbd9d77dc,1,6,6,1,1,1,2.6e-05,0
1731526174196248,c2f605f27fc7567fc41384f0c532bf3c7270516637141f15d69fb98b326b6214,1,0,0,1,1,1,,1
1732315444823166,8e7cd924f834a2cc39206a427d741b4f259de1e0e8661f473a967d9eb1e233cd,1,0,0,1,1,1,,1
1733564084266148,869f7f6b26104c0456163dee99b4e287fa9b812918325fe51a5d51d6a00b90b9,1,1,1,1,1,1,1e-06,1
1733667513983592,605d016b92148c3014d61f1925c26c7a0076320a051ec55e9ff638137e1b4c80,1,1,1,1,1,1,8e-06,0
1734268390914580,31b39f542db458ebb980ddf1d2d44dbde601f9dc5233940fe780bc26c6d016ee,1,3,3,1,1,1,1.5e-05,0
1735547790453823,aabc85f9e619c9a01552c67e7e75e5fc2d3277ae0c34a257cd773ef195227a41,1,3,3,1,1,1,1.7e-05,0
1735749390429351,150fcfaaa08e801c7dfc1a884f573a87a095b02c6f2248d50e62f27215bedbed,1,1,1,1,1,1,7e-06,0
1735786530309798,6c34286d588d5e5693a2bfe3efb384a58ccc7dcfe69c4e16913a1c3bb5079e9d,1,1,1,1,1,1,9e-06,0
1736357417038571,26f94ff25be275e2c970bd52164a35ec85d060de413625be25442d1f3325ed82,1,0,0,1,1,1,,1
1739549523396869,c0f54c4a49df415a184d553f37ab10c3f81e0e9bc5d4e1fb20de601d3c6584a4,1,0,0,1,1,1,,1
1739716996725110,99d9e6012387cfd8c3e8348b4224fa79c569f944f50d803ae25f96acfbf216fc,1,3,3,1,1,1,2e-06,0
1739721353328465,eaec14ca266789a72edbdbd45f8647f7e5c9eb0fe95681c30b0a930d9c505154,1,0,0,1,1,1,,1
1739727279915027,46be4c004bec4264c538ad7ea03aa73c7ca23e7424a65bbea83b16436b8df5e0,1,2,2,1,1,1,7e-06,0
1741164393938105,f1af7a91d73ad215f09c9c42c9d28355cc1885319d5fe3ba59260ae306dfbab4,1,1,1,1,1,1,1.3e-05,0
1741192563238989,3b1f3a43de4084adfd36049aecb297d970500687c85eba13cdd22214269e3cca,1,2,2,1,1,1,2.2e-05,0
1741869479840803,29b86cdae6b80b886f8e425f2280bff8b25beb057f3893ef6b972fe374b54d3f,1,0,0,1,1,1,,1
1742593389764673,c5f59770da99b9cd67a717d0da6ed56e64f63cf06407e5fc92580e3cddd17eec,1,0,0,1,1,1,,1
1743228443028591,ca9d816254145aff8ec4f5218617ef21a46dd99bee5c074d2003b28658e1ad68,1,0,0,1,1,1,,1
1747480625931054,de39933aab5e2b17c4dc5ad7ed48b81e47ff0b6488e01561daf91a7ddd5ae77c,1,0,0,1,1,1,,1
1747671059256022,ce8a8cbe511fe00545a3d8381569df8ac9a27e6adaae5f8db496385354e43b40,1,0,0,1,1,1,,1
1747760695939547,511340c7f454d794d57f3d65855a7abca5c9afb88b4e29d205b122bfe9897164,1,0,0,1,1,1,,1
1747892705888401,12f6783105d6d98aa3898a8c1fd0d168db5392fd495b12f634118454a8dd8a65,1,0,0,1,1,1,,1
1748486725826335,93414234c93616111301c62cec3c615be4218911696de958ab4862bfe81ede93,1,1,1,1,1,1,1e-06,0
1748773332500127,fd7ba7ce570d896e43af0ddf346efbf9286f5f0dfd57329a47b385e0a0d2179b,1,0,0,1,1,1,,1
1750146698986798,581a8a2cad324629f1d7b2fb42ed76bc60caab7bb1961b068b35388dfcbc573d,1,2,2,1,1,1,2e-06,0
1750707388945184,6f9521fd6679b27f1f3506134d635c2d60e5b0e2a5c8df82e38f1fbf474003ee,1,1,1,1,1,1,0.0,1
1751099305754296,ca246bd9da5536e47c1a1f216cbe2b725f4d7845156f18b6c849a42473f4a4a1,1,2,2,1,1,1,1.1e-05,0
1751731825513914,4e88227d2be1f2279c32687502838cd832ddf1664aa4d206bab8e2a610afc199,1,0,0,1,1,1,,1
1751791278983886,1d63ca4af5582eacfc7e00ada1086218a5c784720274861d7ce13e6351bae7eb,1,2,2,1,1,1,1.1e-05,0
1753371638632432,0074cf99fb45aae6bd4b3b68a55dd2c75696c22d25853dce8ad31ee707f5ddb6,1,2,2,1,1,1,1.2e-05,0
1755626841813416,4f80fcdefbf0c508fbaf4001ee82598cbaf994b66fecd6d6bebcc0de5455834e,1,0,0,1,1,1,,1
1756420335018485,e3dc339483300fd80987438a8a3210915d1dc0fdc598da7ea1cca56b40bd5cd0,1,2,2,1,1,1,1e-05,0
1757416194913393,79dfb9c9bb09106d6840f9521043b3047b7d3c2e101070b4eb817d1bf8929a9e,1,0,0,1,1,1,,1
1757682468374718,6237f0885212e9e649505b69fdd8b201277b01bf2c1dc9f6af98467acd276548,1,0,0,1,1,1,,1
1758414414857337,5c831762b97b1f6b7aca9acba94d3be65f1709ebeba3695e2f6392cab1759643,1,0,0,1,1,1,,1
1758784268169511,ab7e7effafb4acda26e96a7b3341c98e295795666fb7a028b09e15519552738f,1,0,0,1,1,1,,1
1759230254761059,354ce703760e2fa53dff010d0eebd77b0ed77f888a7b9ccb16621508ed82d316,1,10,10,1,1,1,1.5e-05,0
1759955361350957,263df66a66a8da880b45cbd9eb4965473b913055ac42d8f3befc9fd92af309a9,1,1,1,1,1,1,2e-06,0
1761022127948558,ae5ae2d87d1eb2025cbf9fbf9274fcfaf5d023a043ecb3d82d8ac08020c774a6,1,2,2,1,1,1,1.5e-05,0
1761349337890083,b8451adc3e7fdaba66daae70ad277c15f17525f64e5e9d19dfd44e0f84aa289b,1,1,1,1,1,1,7e-06,0
1762848997763996,90b41adff31a521d0301fccc91c68a57cb9ff833a5f399e2c5a107faad635acc,1,0,0,1,1,1,,1
1762887784418167,d46aa283caeaefd6faba2a9ba4092153200622a61d05347e3a3204776c50701b,1,1,1,1,1,1,9e-06,0
1765112340857619,3dfd2d3e0fa4c8338da0fe54e94dafef08d61431913ab7f0e565926960fe52e6,1,0,0,1,1,1,,1
1765659050809860,55b93347bdad58542d196d7a7c247bc44fad29fd64af212b4e95a7a5f6aff7dc,1,0,0,1,1,1,,1
1766513424048826,847dec4594f6f0464ff2c16dde86015d0079595b3ae3601f58f7559d2372c5e4,1,4,4,1,1,1,1.5e-05,0
1766837137359267,6e18b1fc35043cef4ae50036dfe4561431224036700044646fccb6d200dfee2d,1,4,4,1,1,1,5e-06,0
1768081697172363,ce513f416f4718a6915f8478a401fbf7749247b1befe780fc685b38d439abf76,1,1,1,1,1,1,1.5e-05,0
1768749277086063,e39b1138831131b9bb5e4df04a7bc35f5ec06a3f225d3c347bd05027092e30c1,1,0,0,1,1,1,,1
1769058397195982,14141af50c79edecca115857e7ac670f8b0b5a1bbc691578da949883d5cfccf9,1,3,3,1,1,1,2.2e-05,0
1770307220341997,208590f4fc22d490969549b04573866b3871d7cdd67cfe63b57799fd4ecc1c37,1,1,1,1,1,1,1.5e-05,0
1771784033577643,37fdeafab8aba1d4c5d73267affbeb879a874a0fcb060eed897c52bf51eba6d0,1,0,0,1,1,1,,1
1775089036476768,234203bcf9985de51770320c93cd8688744f6fc63d52e3b947e2cdcc89f85650,1,7,7,1,1,1,1.4e-05,0
1775726229766561,f84ac81081b2aa2782fa6de87c9f030ca0c56e6d95d8d0b22368cb68cc41632c,1,2,2,1,1,1,8e-06,0
1776698246329534,81bc7b5478dcc53d8c2b58118767e68196fc454fca9203da3aa1b373ac11252e,1,2,2,1,1,1,8e-06,0
1776876269688900,b6d0cc46f1f71b2290886851a3a062202f35ec89a82319a92060033d1b76667a,1,1,1,1,1,1,5e-06,0
1777501302931430,7deddc688d18cfc31c8d0cc7d543a3b2380aa9c53a6a07cd9c973a61e6302098,1,3,3,1,1,1,5e-06,0
1779497156095546,8809f6acd5c7754bc4edebb14a91409c61b23f818af532e51d0c76a61de4bae6,1,1,1,1,1,1,2.1e-05,0
1779511382716218,6f599701a38c94932326a4e564bc6a15628953d820fe64c29e4f325cf64961e0,1,2,2,1,1,1,7e-06,0
1780144866038024,17975f6617bbe55e3fba7a0f4cadf71c80f7c61de1a52d18d584cd3e5af35144,1,3,3,1,1,1,1e-05,0
1780893305959540,ef6a81aa4ec821b6e1e6af648fc6edaf71ce102b36ab3e1e14ebd1c1d654f3f7,1,0,0,1,1,1,,1
1781068579227221,e34e0f8a8df64193429ffc6e66d4778e01926106fa35ffa689aba7e36f07d466,1,3,3,1,1,1,1.1e-05,0
1782128892491372,54c56c12da8129065b1f20abf160809239f5454dcac5dc2a64d15ce63dacd881,1,2,2,1,1,1,1.2e-05,0
1782168959150827,361b9d18d7d2ec8a4ce5125783fd212a172d193187f7731064a691b3e9183d1a,1,0,0,1,1,1,,1
1783932212282981,bff4f9737e80d1b8c8b43a2631cc1381e1d004c902967a856a414a8a41cea777,1,2,2,1,1,1,1.4e-05,0
1786357806100167,b6e4bd15840a492da0639ff68e64e046a433265332891318a256b4d96244f2fd,1,0,0,1,1,1,,1
1786487342052812,ca1fef941dc2b723fa304d1a355c28458848fc8ac58debed758fd9ea568a8697,1,0,0,1,1,1,,1
1786911065327136,ad8f8e48e4685c01c9818481829dc31b631c7de80c574c1ff90cadc95e1e9480,1,0,0,1,1,1,,1
1787035251941177,6b21ac0f57f7c93c77b5d17487a34b2d872e15f7fa10274d22bb7b8528c98378,1,0,0,1,1,1,,1
1787171101968520,002b28e74cbba4787d60d4e870f8dc82a62fa18a149d74b1c9182f1603c37a7a,1,0,0,1,1,1,,1
1787213898665913,6f7056ca694faa066cdb6854c13d3b93d8e19572fe3f5f5d18f861e1b6ae0e11,1,1,1,1,1,1,0.0,1
1787264101925661,9f84ba0bd8f1872dab752fbc5657603006b18bd4278d385c945e5e85d424698d,1,1,1,1,1,1,0.0,1
1787744128567496,62f151ac7ca9f2946ce6c06ea73d67f071b6e90d41b957061ccf41e1dc14c71b,1,1,1,1,1,1,3e-06,0
1788855185149629,6b1b45f86116827fe5d45871752274641c1f6fcd277394e7585ac6e8347d99ba,1,2,2,1,1,1,5e-06,0
1789167665131028,7ddf84e16b1c88f3771787579c2c7b649a8a468a3ea2bd193125b180ba150bc2,1,3,3,1,1,1,2.7e-05,0
1789269698454084,b35d395c14887e7c4d98ee0685012b1424226b2650e47c70bcf1acfa1aeaa609,1,0,0,1,1,1,,1
1789298348454968,45ede09f1f1e07e0de51d94e2f782c2b8c6634e3976454719fa829b68fd27e50,1,1,1,1,1,1,8e-06,0
1790938694945441,ec5de3d865d5473f1e2fffe1f789760228bf9b5c054a18c79d4153c9f917c250,1,1,1,1,1,1,1e-06,1
1791291941519440,698655c48e2c1fa1c7142cd29a33b26ad257c7123be371c4990cb6e2657d5bb3,1,2,2,1,1,1,1e-05,0
1791716018147314,bc266d455d12e3f301668f95ae25b519a7692afebf893420a66ceded2acb7d9d,1,0,0,1,1,1,,1
1791871031462507,951843bf4f32b581f5c669ec9dad78bf1c1b268b257e1cf01e8b6701dabe6098,1,2,2,1,1,1,9e-06,0
1792307854747575,0ed9f0abf2b88edb2272d9677febdc4511ee5a44eecc016f281c50f03cfa085b,1,2,2,1,1,1,7e-06,0
1793185958059579,79702d38adbe986df8451f5a848a91d0f695fecc6a4b1fb81178c0a8be239b5f,1,0,0,1,1,1,,1
1793274891363107,39ae39d0f0f1a6ff3d97fc39e3719408886b3a51b7e28a9ba967ef2314105090,1,0,0,1,1,1,,1
1793619601353581,081f01805cb6a0cd95c2f22631ed68085bbfdb9de0bf751039837ee2f43d9adb,1,1,1,1,1,1,6e-06,0
1793693584676937,cc2cde1dab2eca04b6ee8fec1647dccb90040120ad7cae35b52a8e1374194be8,1,0,0,1,1,1,,1
1793887457922377,e12f004bfc4e37f83bd4097cfdec747864464d4fcf2255007e4edbfe011f6be7,1,1,1,1,1,1,5e-06,0
1796438007676956,7e427b45cdc26ac3878647a53f5d31ed297c039e8766a5118eec6ecea1d8927e,1,0,0,1,1,1,,1
1796449641005844,b47a29729e402150513c6d7fb14338f81006ce20cde22a0cc2310cbc6ad9873f,1,2,2,1,1,1,1.9e-05,0
1797751574220388,7b7833f86d7dd185d4f8c06e8d4fe87d93600c3e49a01310cebf0153df7433ce,1,0,0,1,1,1,,1
1797881264190215,07da7e083112948f1fb84e8dd0e3405510f0b3bc3224560c8753bc84a8891cba,1,5,5,1,1,1,2.1e-05,0
1798765870769686,0bda14f8c3bb70b9331e95882f7fa43095288d61cb3dc1aece1af56b6211dcd1,1,3,3,1,1,1,1.3e-05,0
1801467347171479,eecf0d2a243f0dff799927bc0580e860978fce248eedb22fbd5ea7815e5db1d6,1,0,0,1,1,1,,1
1801484727238848,46c26cbc8f18711049fa62b5bb351d8ab81efe06dc5f9fcbf68ab0b4fb8717b9,1,1,1,1,1,1,3e-06,0
1801594560476751,a1b2d2b614f53d064dc92a80fa79022a268f3fe4c82a21987467b9358e235382,1,1,1,1,1,1,1e-06,0
1801877137200607,0d5c928dd16fe88ce610211c66fce8fb11ea40695293563b68ea0a098e15fd77,1,0,0,1,1,1,,1
1801898907153569,1141fbd2867cb7549be0acfeb904feeede326089416d1196bceeb929e490bd0b,1,0,0,1,1,1,,1
1803102503673995,e44d400811caea54a32a2dbc0c41d14d227faa85d3e1230f6251fba2847e2054,1,0,0,1,1,1,,1
1805713023412038,f47eb1374bb3f56ab1a9122fcce40993981d5b741719ad0fabed7b1868d52ccc,1,0,0,1,1,1,,1
1806391614085265,21d83f718f026c20f0e5f5055c0c320d2898cbe4be2f9b27d4ab6ff7edfc1044,1,1,1,1,1,1,9e-06,0
1806633080057473,cb17466ef6ce81ac3060c052c0676bff2bd61f8564595e980f7b045608c247a3,1,1,1,1,1,1,8e-06,0
1807379186552137,c9d41ce4291ea45485b3195d923b28a731f55388b2c04aa920fd1007c21e5b7a,1,1,1,1,1,1,9e-06,0
1808141169821041,a0675857f6f2403458959f526c89847ff1e7e2891f467fb42451153545a32935,1,2,2,1,1,1,2.1e-05,0
1809202576375586,4e2d4eec06380c5fda0f2830b9cfbc9ad84671e057604fc99211321d120d9592,1,4,4,1,1,1,1.1e-05,0
1809559723037836,5ad9584cc2c98fba63148c7bf3b3af5c3aa3e36a7d1e9e1c6d4c2b86fd371b3a,1,1,1,1,1,1,1.2e-05,0
1809986499659179,af6d95ef54eedd71a38ceabb03320f1e377b1aed1e2d241545e2a8b0fac9395f,1,0,0,1,1,1,,1
1811766819473452,0d46fc2a86a0e670ef31e9f524ad034193ce025c244ffe5c91009b4e0e418b8e,1,0,0,1,1,1,,1
1812903589343011,3a0ff6e5cb0e04bd2d0ee2d0389ceeeedadc5f18a47b68fcb73b1de454da5f67,1,0,0,1,1,1,,1
1813562139329696,170a38e93fcff5a231106692aab4071d1e15bd3eb717701087c5d3036301d4eb,1,1,1,1,1,1,5e-06,0
1814179395902676,c26dccc077be1051f71bb629bf658b40a818770ee34f4e5e321ec9c25813aaf0,1,0,0,1,1,1,,1
1817730252442950,d9f377aed423fe130d36664b245b67c4b4e648cd30ea7ad5514b64f1db408335,1,1,1,1,1,1,4e-06,0
1818494618822441,442cde765a1c69b8ab13373e222cb65a520d0eaa5d1012b007a6d7b8077fb3dc,1,0,0,1,1,1,,1
1818575102357989,562ebeecea9121b7fa69c76b8ed7e4e4d884fb55f9e8ac76bcaad098e8d595df,1,1,1,1,1,1,1.1e-05,0
1819241032057530,ddadb049b8edda17f48beae2c71948a3c6e5170e62185ccc69059e0de8216e87,1,0,0,1,1,1,,1
1819461002014965,fb6c460d9ffb2450a965e1c9830b1da46838762ce1caed071548e085828376cb,1,3,3,1,1,1,2e-05,0
1820989778613540,9e2ac85625764e6d64d579844af5476c93bea773c636a3b0ac2c102f2684197b,1,1,1,1,1,1,4e-06,0
1822167988417071,ec3f34fe8bb5095e419da2d3701cc0e693cc4049a1333a88ba76e64970d5024f,1,0,0,1,1,1,,1
1823621991591955,4532ead32a6c1b92727f32139b1b4ad9b654726b394e68d78350ce49a22ea6f6,1,7,7,1,1,1,1.9e-05,0
1823827809011917,9508fae08e89e5dbf3938cac5cdafeab07c6685729fd5ff553d8cad24455dd66,1,1,1,1,1,1,4e-06,0
1824042191815475,5e0907bfa1b13d76b566536d6129975af8a4af8360fd1583656e56216c5d7a9f,1,0,0,1,1,1,,1
1824069861560962,99499db06dcc9131a702b75bfa6d726e63a22c287cd0ed9cc8e1b9d79b76a99a,1,1,1,1,1,1,4e-06,0
1824905744811261,6cce05b6981d2da4a174c77462eaa7dfd499892f089519667b51fc31310d7d74,1,1,1,1,1,1,1.6e-05,0
1825004081718013,3e05f26c7e9cbabb3894e0f5a440a1137bfa853d85ac45797161add437e8e1cd,1,0,0,1,1,1,,1
1825054605043278,44e0f31a4f3b22294a17f3603078552f7e95526e10d02f7edabd7e02705a2096,1,0,0,1,1,1,,1
1825336348085464,e7bed4a83effba88acbc70e7077f84827175d4fdd8a209b998af149057c8a084,1,0,0,1,1,1,,1
1825879911632753,beeb4853276524005588046ed9a971a714e7f470d3bdce4b15c3d4b849e47502,1,1,1,1,1,1,2.1e-05,0
1826389131578569,3b8a5a8821e5c04a1728369dfe952ab655e91135cf09f2a02e2d4dba6586d584,1,0,0,1,1,1,,1
1829144957708382,cea712f80b5be0720d413fb36285ebe511abcf4c0ff5560ae65ed1afb8b4973f,1,0,0,1,1,1,,1
1829211921293749,0cbbb50d7ac70f225ac89b7d9c580b94bd8f179346f0b4145c007b2196257c97,1,1,1,1,1,1,1.1e-05,0
1829305844436118,84d0c7adb2f0c965978039619419a6fe31d693db0372f745d0c83f5416d49612,1,1,1,1,1,1,5e-06,0
1831158730849874,875028128299a30b1b0679ffad35d51528917985a1616d4067a9623525eab003,1,4,4,1,1,1,6e-06,0
1831313237746712,ab335e03a364c09cb1d3c6e883c396304edbde10e0113d59f2e1b7959a65d416,1,2,2,1,1,1,1.5e-05,0
1831464707759770,131e8c85433172992f528a8f52d73d2795850e205fdfde143adee957828f68b3,1,0,0,1,1,1,,1
1834665484105091,7a7eb8584b8f7862aa6fc088f5a702d4b5d518c4239a85bae2ed1a66b62fcf65,1,0,0,1,1,1,,1
1834766700764579,603b15f84b0056419efd28c2224fed39678df8518e6e61437b72a91b42c6da3f,1,0,0,1,1,1,,1
1835948600703895,a9dbdc3e1ac42af94515d5ef7c71dc16961b0bec6bbcf2719d8bc8d6abbd4fd5,1,0,0,1,1,1,,1
1836235920589101,f89b6ab741cfbc3b990f0bc515ad02bcd21c4b4ea27761f21d61b14cc2f8ab5d,1,0,0,1,1,1,,1
1837181353590857,250880bcccab351ea0e74c2eb646417ea7082c6efc19d9fc5b2d0b20b2a6e018,1,0,0,1,1,1,,1
1837448536914850,09ce4ca957227d602ec6ce66076724e3fbc06206ba77adf60c10f8276cae31a4,1,2,2,1,1,1,1e-06,0
1837488390200726,6435b1a901b433148aa1dbe840262afc0572b42478cf8670df4838b476c37424,1,2,2,1,1,1,3.1e-05,0
1837989790136326,f8a124ceb9ed5f2b8a2bd209981847f8f4655e6ec982fbfb0299259736c0e22a,1,3,3,1,1,1,1.5e-05,0
1838149110126642,f2944f667d4e137d885eee71904ece79ff79c19bbcc3ee3f1c6118747be48045,1,9,9,1,1,1,3e-05,0
1838238800136500,3e32135128de623f4de57db44ed82e89228b31a86688091eed47a2a6e28c2a88,1,1,1,1,1,1,5e-06,0
1840136023262007,77860095e6705131b4ab9a4059c367dbb4365a1daabc4bb55f106d89d74cf265,1,0,0,1,1,1,,1
1840462826675888,80468f6ac98d67d72322ed36c31a6c631bbb13e9deb5abab1f536e2404e64ebb,1,2,2,1,1,1,4e-06,0
1841031266573818,86d7acbe32f401a1dbcf8b958a8102fd0e79d04e6bad5d7cb30fb157d1c600a9,1,0,0,1,1,1,,1
1841035933453250,fba08f06112b00018fc88a320258250b90960b694ba54e551443d72355ae2e6c,1,2,2,1,1,1,3e-06,0
1842153239760607,ca872be14f661dd948826af84cce1babd64c9c38c112f91906f5dd1081b5c2ad,1,0,0,1,1,1,,1
1842421929975446,2be83e8862d37fd911b39066ebc5d9691c4b2d3956011efa32e860e14172dcd7,1,1,1,1,1,1,1e-06,0
1843955616202660,417a479c38e076014607e45fdd684bed2ef37e4fe59510b8546398d49ff2819b,1,1,1,1,1,1,1e-06,1
1844741356129242,379f4e625f893f79f4ab59603978d9ca47d4e389393abacd7430a8f688638c5d,1,0,0,1,1,1,,1
1845777756329509,86cdef2e335707b3bdca025507f0c02e80be323079a920648c5379e94c7e5706,1,0,0,1,1,1,,1
1845857979625727,501a6e1d5734b8ddadc9f6c896c46faa8ad3f6c56e05d00fb52d00a659af3d0d,1,1,1,1,1,1,2e-06,0
1846184726269402,6ab24fe3d76a8847ca9fcd5172f074995390ffdbc7836a1cee0cf7687c755b3d,1,7,7,1,1,1,2.1e-05,0
1846780702627133,f8b9bc4323f6a26b9e0a685e54fd75ddc6bd3cd9c673c741971fccb8bfa7d68f,1,0,0,1,1,1,,1
1848451379106729,20bbcc222ace7de8c2c873ea65303f1d260ff46aa63ec8ae3d1e2e0ef1f143ee,1,1,1,1,1,1,9e-06,0
1849039212638814,587adb43904ccb29b7dd463b0aabc8f6807296b637adafb114c59c75e3c37fac,1,0,0,1,1,1,,1
1849132205688148,acd0127c9e4d2fa96639cab8a53f90865edd214e07a13c8b0a8c6fab2ce0ae2d,1,5,5,1,1,1,1e-05,0
1849576332316102,6e5a9bed9971f6121bfa9279515b1b6451ab374075bbe69398256650ebe57cbc,1,0,0,1,1,1,,1
1849879669737053,14c9708b926f5618eb0607c5d27009b3386745834646217754b371c8d01ae946,1,1,1,1,1,1,2e-06,0
1850928488955085,8ff837eabab602474e80e499224dc80df29a75aa592c73b3226500988ddd9df1,1,1,1,1,1,1,8e-06,0
1852287302072763,b83a0dfc59049078c8f2994d0314d4bbe35641d623ac404ab522a4dbe23db33f,1,3,3,1,1,1,6e-06,0
1852310722835805,36d93b0917cf565f8e5e06d13a04aacd29b30215ffb72c61890bcf133bc8fe9e,1,0,0,1,1,1,,1
1852521528985178,335bf99334ba7cef88d93573610dfc22d96413b1088cdeee20b7730cc15c9642,1,0,0,1,1,1,,1
1853428632214877,5b0975178e017d7d72e0520f35fca07dbb02b50d99fb3a00735712d823832423,1,0,0,1,1,1,,1
1854012001951944,405cd6fb5cbdb993e6f77aeae4f9940265d0a59c1d9adc51a3c856940123c915,1,0,0,1,1,1,,1
1854012601872776,ba9b7e322179a406ee3199205b822886300126a3a624536d587bd6c45d6ca3ce,1,0,0,1,1,1,,1
1855984158386808,d80905e179b64cf30a2ea61d0dd649a0b499aa80049219dc1430354898837c40,1,3,3,1,1,1,1.8e-05,0
1856190865268315,3eacbeb6e1312776c77aa7696e6e63e81bbe15a70c1af4c3b8c5b645af3e7571,1,0,0,1,1,1,,1
1856953735215151,18a20fbba4f9edd0a3f12c724751223db986454087f9e5019a225166bd762049,1,0,0,1,1,1,,1
1857109381545704,3f15371d2e6d3e15cb38a7de058305047831769b34b674dc65cebb171e26efd4,1,3,3,1,1,1,1e-05,0
1857328218196952,cd7a5716ac525f238ce9d286ca6fba1578be6651e13316addd29b87f74f8f102,1,3,3,1,1,1,7e-06,0
1860293087908951,77eb797bb82a0d44a5a7c85fdfda144e6a6a8828f5fbe6d2949f324d9f13c137,1,0,0,1,1,1,,1
1860974451168028,b8985f6c066a8d96c021fcc8a0d8db8b014131c0b173fe1e751f7cbd763e1d2a,1,3,3,1,1,1,9e-06,0
1862349961302499,3257b6a9376b19e18972a2c1b117b55808609559a830d35a9fea04c8549269d8,1,0,0,1,1,1,,1
1862806251111755,d02b7f275a9f6ea48d34eccaf13f489742c05c3215047c2f4f6eec950c3ddc55,1,5,5,1,1,1,2.5e-05,0
1862865217646318,9332cacadad0a62040dcfd3770c989bb094d70ad4bb2601a73235df7e9f2ee9a,1,2,2,1,1,1,3e-06,0
1864845750777702,eaa62e3224d7dbc5655af38cb9945ae8cb47abbdc00b9460d8a7a0d37144b2f9,1,0,0,1,1,1,,1
1864916701065494,52c65cee7cf03e71945308ecc2291421fa11e224188174a4af07bf3a328465ef,1,0,0,1,1,1,,1
1865941277676603,8547b788000f4e51acdc532f42adc0cabf9fd9f632a1fee9c9727fedcf94fe2a,1,0,0,1,1,1,,1
1866212954271267,a61bd6f22a500e18147c173e449fc0a587a07004bf51192c3c2bcc3c50454999,1,0,0,1,1,1,,1
1866442024079700,78a82ce0d3c2ab3fc09eb1b828e96217968270466675f22998db36a28a555304,1,0,0,1,1,1,,1
1866727100595127,eb4c576e37bb3dace2d77bc05ee95c0c402c77ee0fcc8b56d9fbf40a6b320b0b,1,0,0,1,1,1,,1
1868147660741869,ec632678d206c297fc147614c933c6bc2b98b396ffabd1977728207a52b07bd8,1,0,0,1,1,1,,1
1868344240425268,ccfa66e36feb491c2cc9ef37b91c36ff94a70951e127162030f7cb539a863f85,1,0,0,1,1,1,,1
1869210657055402,4ee3c5e0e3afe0bca61458897bc9f324f7da5c86fb4d912ea24fc410a2aff8d5,1,0,0,1,1,1,,1
1870593967177943,441e1c193bc55a4ff5829d4ebd57081813ed856a053de9e9a461bd8cf80a14a8,1,0,0,1,1,1,,1
1871071403489944,6096d03e1d10db33e342d8abea25e0115947d115f3b8bb3ebcc6f9ca46013516,1,1,1,1,1,1,1e-06,1
1871547106904648,cf8598a9dba3d20d2b3703c61b70c634f1cada42380192829ad602f5b3b2f2f3,1,2,2,1,1,1,7e-06,0
1871738063728722,a2493a6de8be2641a2dc045d23ccb11513bdf41a260652ec28d9425e7304b94c,1,4,4,1,1,1,8e-06,0
1872210807057931,4dcae835e7e2004f34a9008e3151d979c2be4b660a769e3a711878cbc09e7f70,1,1,1,1,1,1,9e-06,0
1872999333343501,21024cd9194970fbe39ad40ba07fe329adb401411ecc8ed6449bdc302e2b712c,1,1,1,1,1,1,4e-06,0
1873039023289833,f127b7acc40ecf9a09e2ad8737e15e0d0d7bd3f218ce74773ac2f6c0a859934c,1,0,0,1,1,1,,1
1873117766615294,1fa3800af4194621d01599e89db21710efe752bcdee5b5176e806d7f245273a8,1,1,1,1,1,1,7e-06,0
1874285699867418,615ce14a316dfd0d2d5858656dc108a704ca9ab98ea6f62682d920c112f71ea2,1,1,1,1,1,1,1.2e-05,0
1874417873447525,cb501664b17cfa3fc95e82f865fb0465c073eb25f6c86f850374cceb89196cb0,1,2,2,1,1,1,7e-06,0
1875191336536211,4b018fa9982165567b1fdbaa618f9485a2e643d1794b47910557b3ce1f0da699,1,1,1,1,1,1,2e-06,0
1875404336400748,9dd0fc5f91847c0fbb2229c36b5e48dc3463f5f8a2242ff6bb5593aebea2f739,1,0,0,1,1,1,,1
1876365112963843,677c405b48fd1efe3e3255b94d9cd118192fc9d518098c5baa651abbaf8ab983,1,2,2,1,1,1,7e-06,0
1876653686260706,114937cca86da83394423b6c4129474c3fdb2bed8445dabe6d8a2fee17237857,1,0,0,1,1,1,,1
1877005539876820,3f65d4a10a3a25b1cd5a8e1a7a227e0ebcd1246f06a34b9c0cf0b339e70dc40e,1,1,1,1,1,1,1.7e-05,0
1877144173187555,2e81ffd41589a739e356e387fc504c670e19c5e43b6ad4bd8e48770aa81e1687,1,0,0,1,1,1,,1
1877224869669113,31b40373c1b5e549ebc6d76d69fbc963745fb4d0dcad9e8f35f4021ac473d0bd,1,1,1,1,1,1,8e-06,0
1877696532781806,5e159f4469cfd8bc1c8921f707699f1f63a4866c82a1da802551e1f0930f2752,1,0,0,1,1,1,,1
1878000573597932,3d4f3b06787c6078c03138eddeda01e81f5682fcf17a4fcc6fe6c77fdbf0833a,1,0,0,1,1,1,,1
1878108366416650,70f0eb98d368893005c79976ed8ea5e447a606b1ddbd536c8dd6455f8d606883,1,7,7,1,1,1,2.1e-05,0
1878656989422986,a65b8a30947526869cf51cd33f6d5d4dbaaf3cadaf7babe8d9505c0a7d8b5328,1,1,1,1,1,1,4e-06,0
1878924729719338,89d06681b93e154b9eb80654a25cd2c53b15622a3a4129e69d1f8bbb764f8384,1,1,1,1,1,1,7e-06,0
1879398866299680,c9865231578ad1b4eb9a12db84eaf89eba3e6479aa3f786f702262a66a0b8858,1,1,1,1,1,1,1e-06,1
1879804439573663,2c978cb8556a24423d93f5e882ed00a696efbf9c16222edacad6c279636b175b,1,2,2,1,1,1,1.9e-05,0
1879876929596332,fa0fdc9bb26e02d3dd27eed1d149aa7cb60bd43e3b2ad1b32cd822a02b215fa8,1,0,0,1,1,1,,1
1880649816190744,8f7fbd8154a652ca412ad8570940992b6f39d2a694b4ad1a39355559cc828618,1,4,4,1,1,1,2.7e-05,0
1880866699471394,06ac85121168aee1076a9518f2e36fe2741b288b27673ff01334f39501d04214,1,1,1,1,1,1,2e-06,0
1881029752448803,a31266ced3d4304bf4fbaafb903a69843c57e666f05c30cf6d51a2af2ae47fd5,1,0,0,1,1,1,,1
1881413359080738,3a3c3a27e5a3ee3752f6e063a43a7dec1c6c9929c35901c24c1e01463df20427,1,2,2,1,1,1,6e-06,0
1881530632754398,faa19b06df5fd3a7a526f929f5cb914eea37b02fd79bd8223a377731ea0cd46b,1,0,0,1,1,1,,1
1881571426062394,d04998a109ae4c30392d56afc61d812bbc558324d403faee2164f85b8054f9fa,1,0,0,1,1,1,,1
1881780166550444,970407fefa3088fef17b415e4f64c009b5969adb6e9b1c589b153f02a90a6e34,1,0,0,1,1,1,,1
1881925399058894,86190f812c5f71401709099a835a1ea52757089149e9616379e1a5484adff757,1,0,0,1,1,1,,1
1882304819022626,9253c5acf8d7d847ee1d64236f61fdd77b8647faf1563b0f5b42fe3f1883fd15,1,6,6,1,1,1,2.8e-05,0
1882450375678229,000563dbdc624b518bfb3f583b6fc4d088e1bcbeec434075a0a3e2b1d4ba0f25,1,0,0,1,1,1,,1
1882694842325642,988be97dea1a685152e7542a637db0923176fec33a8e6d57450ae7a41d6eb071,1,1,1,1,1,1,9e-06,0
1882844469106847,80ca623ecb323f254efec1c5396837537fd5746a84bc76e4d4be1ca8f6ef41d6,1,1,1,1,1,1,1.1e-05,0
1883092105648490,d18225dd0eeea5c6acc8c2ba1f4c93914472d38957778117415f85c0489e17d9,1,0,0,1,1,1,,1
1884232512977032,e5430118bda8eef44cfac2df0dcc08770755bc67c63fb08633e1a71f8fcf4f95,1,0,0,1,1,1,,1
1884616129129549,6b64ea503acdbf51a3ce444320e17510a4d67e8bf472f0eb141861406838c607,1,0,0,1,1,1,,1
1884691535455737,d4ab5197e89ea226ce1f2187e4ca5d95a1958fd9a27765f601858295e1b1339f,1,0,0,1,1,1,,1
1885468945374989,b3569951360246dd4a199bbc2da1aef96fa81f25e1ae03b32684dc9e0e3a1626,1,0,0,1,1,1,,1
1885829018635735,dc12e777bba4377ee57cf19ff8b0f6b842a7e61e0091e24040a47cdec333383c,1,1,1,1,1,1,2e-06,0
1886498922218156,7367e0499fb7068df830955605870282e63732babc2ebfc93b0e16980d0733a1,1,0,0,1,1,1,,1
1887383632153231,0c50077277b744ab796e08d0aa5e5c5a4f96c7c4e5849b0874ac5c768e44d157,1,0,0,1,1,1,,1
1887818492170904,be8d7a18f350fa6be82bcf43f79f0468a0f4e4a018be0c24a9052867bb9331eb,1,0,0,1,1,1,,1
1888154441911190,850ecf371f6af602570c28321ceafbb24c15aeb5279cd624cafec041ddc05110,1,2,2,1,1,1,1.1e-05,0
1888755188377068,c6fd776a2440c32044c6fb54533c9a68118f77c1510f955107b88ce2f73f8d63,1,1,1,1,1,1,8e-06,0
1888928968375701,63d255fdc9540a5865b6a12c589920ffe1c989cfea78c33c4b55882acba703b5,1,0,0,1,1,1,,1
1889246711952352,8af9d14f1345cf1fd40962e950bf8f58c8814f3088239c7cfe6552f182a602f3,1,1,1,1,1,1,1.6e-05,0
1889342975309075,a9282c7e997b6d5011a0046ee1c56708da83d7419583c5f3e7e81d36b4ff71a3,1,0,0,1,1,1,,1
1889599451594914,7f4936889bfb800d86dc0c1ce16402b709ed7fded257349998cbdd69ce0018e4,1,1,1,1,1,1,7e-06,0
1890762948506524,2a1035621b97a1abfc0b7fc45d693d53def3c544a9d0abc8a4fb4b11815c7b39,1,0,0,1,1,1,,1
1891127148143583,a0e27ecc57c8c89e638afcaf72f3864bf406012fde37c596c57b9d481cb90e8e,1,0,0,1,1,1,,1
1891951405037901,c0847a1988af6008e3cfea6788c8edc1fe67b70d7fdbe20c944fbe51e8f1d417,1,1,1,1,1,1,1e-05,0
1892669184619538,6ff7024578711ac4362f5a15f845cdb889b2e245076c79b93fe8056503463f3b,1,0,0,1,1,1,,1
1892928824939703,d05add9a4d9782080c373acdeada9aef47407ecf2428d4a4b71a854430bedae0,1,0,0,1,1,1,,1
1893760627880110,fa1147c16399b221ea24e52f77618829234c16f2fa4ee97b0eadeb2bc4f84f68,1,1,1,1,1,1,1e-05,0
1893856537870825,86a201f438e2751c78d3fe03edf5a0beb7ebcf0e7be59bab172590b61aea69fc,1,1,1,1,1,1,7e-06,0
1894850657819898,df6c94f6b0b3dcc31e7e37ad6cf37fa469ac85a8210b620309e1da699bd1f24b,1,4,4,1,1,1,2.1e-05,0
1895073117711560,cf1e8e1553907aac0ac21ab166634ef182817b6abda25f801ad23e483ffa31e9,1,2,2,1,1,1,8e-06,0
1895225997772744,8fb45de4ae67116c8afec39a83e900ff43874b5c6bfa453db29f29b37f7cb6de,1,2,2,1,1,1,1.9e-05,0
1895567698010816,41a712dcfab0f232c28939c7c3fe53a16756545d01f68f55ee875f0361b278a5,1,1,1,1,1,1,1e-06,1
1897088597540317,32e033f3fcc89cd83cc45d2e1f6971686e5bbf69b7876a7578bd4d1226afa749,1,0,0,1,1,1,,1
1897419650839388,0786c382d4b2e1cb4a654d944b6445a6b319c9d89460939412ef5a26da90c656,1,0,0,1,1,1,,1
1897427037866385,b6c3b3a6fd64899530aa313b052e31b49e650b2594a7ed842a57bd20f208453a,1,1,1,1,1,1,1.1e-05,0
1898238244436773,019c4da2159e09bc7f208fa062c7635cf1f51ae2891b30146afb13a2774dd8fc,1,0,0,1,1,1,,1
1898408354110743,46f2334bb1c0897ed64c5dd6072350cc054f613487977d3b4b4b8ece47d062bf,1,1,1,1,1,1,7e-06,0
1899407137598111,932d8de61b0b74c6b8d24ad3ff82cf9561604ca9f1dc3a98090862984152733a,1,5,5,1,1,1,2.2e-05,0
1899528180659092,da92cd3969eb7962963552726eadf82d88829d0acafdab67f18fd481599878c6,1,0,0,1,1,1,,1
1899776654302723,0de5c5b0e8c8bce60b9d3b9c9e15d110e4133be858ce44d34553ea3f9528cd88,1,0,0,1,1,1,,1
1900035197275527,74668443bf70e0ca82facfaad68f3d8f1834a36ffd15949db88a609856633764,1,0,0,1,1,1,,1
1900370373846085,976dd1fb153f0c436e8c7f63bba21e1ac40a0d3ba366eb1488d97996e7e495c8,1,0,0,1,1,1,,1
1900499454204545,ebf6d6eecf5dd0b9bb94d8ea0ca1d95ac71e22900d296966a5a15d900d5c0209,1,0,0,1,1,1,,1
1900574757562528,31d38958f4f68a5d5ba12d3e2ed0e47a3bd58d6b91659b8a227336eb56553524,1,1,1,1,1,1,8e-06,0
1900603890488727,6e464d7eab8cace97330c16451722b74dd220f19f9536080fdd50750b714039a,1,6,6,1,1,1,2e-05,0
1901153047503856,8339313be9364d6d751cdba1ca5fd52ae284bd4458da3dbd73f73f349baa72bb,1,1,1,1,1,1,1e-06,0
1901978637021246,1449b60008c3c0f603f3c8cb4a4ab2225f4c0493997fee903c30f123e7305c0e,1,1,1,1,1,1,0.0,1
1902187277030427,c8224919858bfe54ebf792082ef20ff380d5b64e986f2f5210bc4f7554c96e38,1,1,1,1,1,1,1e-05,0
1902495987342345,c6151c28760f6a624c689c0ba2776c40214ffdb941122c4118dbc4b5ae9e444e,1,0,0,1,1,1,,1
1902861057283066,d8c47140733df15c9307af7de5a468f5fbd72b927f606642933df82e1a5ff93b,1,2,2,1,1,1,1.6e-05,0
1903774523546815,91427b098fb13bf0e834ecd3720ecd3a639d91b99f07bfdbeab60fd1e43b6b49,1,1,1,1,1,1,4e-06,0
1904007940525835,7bd162b7338d1a4fccb60fa0447e39c18938a8127d5a5aac476132eee7edd878,1,6,6,1,1,1,2.7e-05,0
1904672446750615,445a080e7b701c041850f0bf1a223d8cb034961745eec158a190bb92b9bac48f,1,0,0,1,1,1,,1
1905223067091296,853c342385bc14d5ac088acb7f51f5ed8ddbcc2d868988ac60b574d5f03c4844,1,2,2,1,1,1,4e-06,0
1906399536969228,42ea40555eff99344c143f854b4934c643a0e07a0498125fe2a3065c7a9cc3ca,1,1,1,1,1,1,7e-06,0
1906542440298978,0998d3ee8021d10b5c1142be06ba23945bb6bf0a11d48821fd18e04dfc9d87f2,1,1,1,1,1,1,2.4e-05,0
1906667036581437,f9e1869df2869753786b8971ebd0ae7f940c08bdf0033643edf9d1e9e7386bb7,1,1,1,1,1,1,2e-06,0
1906742506942223,79256097df00dd5590cf315656c5d452af36cecbc98c5e0516c499914cc30e98,1,0,0,1,1,1,,1
1906976580161880,8c4b484f756353b03f24b9d9bd0639c825ec0f8f75f8d0564cd5c57a03a99aa1,1,2,2,1,1,1,1.1e-05,0
1907082606871967,a9472e54d8d9e277a51bf305c5cf35035d3c6df03e80164cab9a55765fd90da1,1,1,1,1,1,1,8e-06,0
1907141703174693,b66fdb316abdd5294d379c3b05de136ee9af84354ea05d2c5b57d0136748ac0b,1,0,0,1,1,1,,1
1908047896446093,9447d96a32eefe75f9d12e05b01c0a789b061ab00504815cdfaaf117fdc43727,1,3,3,1,1,1,9e-06,0
1908226226716478,f7dd1623b4d386729a334097bda15d1e69c8a737cfd5594268e3f1d3568c8cae,1,3,3,1,1,1,7e-06,0
1908736439994133,4c75899aef710108cbd81ed0faa9c5f56a4e0b8634e289ebc59488451a42d9ce,1,0,0,1,1,1,,1
1909127720009281,7e35c7558efd5ac2d01a5aae30c309394907075c45e8db78117d3afb325c7723,1,1,1,1,1,1,7e-06,0
1909742569928027,a1e9a53279051cbc332e8f725d1beacba0659e90410a8af54ff56a8f3f0c2c91,1,1,1,1,1,1,4e-06,0
1910137056515667,297d9d6a16a2c083db8abbf9267fc2835ce241bb07c70a2efee0369c1d9bf9bc,1,3,3,1,1,1,5e-06,0
1910312129552406,5b34820b6017de59f1091cd4397e0379f23a7b201cc02a95bb55ba390b6667c0,1,2,2,1,1,1,1.3e-05,0
1910351662881367,d1f3367c5fb35373b106e947e1d24c550eef9df418d34c7eefbdca3798e4433d,1,0,0,1,1,1,,1
1910452963188091,34cc4fe025436e5c9e9595d2d36db4831284e43e2f0ba32bff081f86a4ff90c5,1,0,0,1,1,1,,1
1910931036515034,3b5f0fba87e10bf0e2ae75b9634e42a3c7a4432e098ab0d120e1277b28b2bc3a,1,1,1,1,1,1,6e-06,0
1911006676149988,6d7fd598d1f24d8568ec666f7314313d39fd0bd954a375a790bcc632d04ed97f,1,0,0,1,1,1,,1
1911365099411874,636b5d0545833bc1a5efc10c5b663a7e93f6193c6e6bfeac8a1080f5b6c7231c,1,1,1,1,1,1,7e-06,0
1912241163063647,e6d2ac2b2fa5e26ac2c43dcc5a530ea52632112ee8301c9ed6c3a7814b34b572,1,3,3,1,1,1,7e-06,0
1912545322942333,2bb75cd49a134ae067352ca9b4c4e6f56d15e6ada7c74dc465a9535d32104dab,1,1,1,1,1,1,6e-06,0
1913477806211036,67a38d9ba6f449f37d3e7bb0a284654eb511319af7bdbcc93c10eba4b12b34da,1,0,0,1,1,1,,1
1913727969544153,6e28b3e85a67a6c258679f03625d9901dc6c7d8bda28327686de660ee8624708,1,4,4,1,1,1,1.2e-05,0
1913827662556927,3ff8750ee5a59063dc649c773f0ba3a8db39f92105c1d7e6d0c049c22f84d0e8,1,1,1,1,1,1,5e-06,0
1913887419562408,ab74cf9c942b260e9f9e6a494ed9e7a6766defca63fb84f993df61145083eb82,1,2,2,1,1,1,1.3e-05,0
1913953199525806,4e3b67ea058fe3c59d2f0e4cd621542a0252c5d8ae50d874fc3f090c67c642e2,1,4,4,1,1,1,1.3e-05,0
1914422772831631,aa9040f6d093a19e52bc39bbf73b6552d7072e7f68804065c816287cad26abc5,1,1,1,1,1,1,3e-06,0
1914722552443262,d5ab150bea8ce34751b434a9c91c3192564de7b5acd87ff195cd0f89d15311ec,1,0,0,1,1,1,,1
1915020742706301,9b6d0a88396fad5a65b55022fe6236e13be3d02016a1e0fc5acc85b70d039bc1,1,0,0,1,1,1,,1
1915297145998354,eb19807bb7ff8a11a19d4930a7cf0d3c46e0a87cecb1739dbdecf0c01099794d,1,1,1,1,1,1,1.1e-05,0
1915645719366047,ac479fdd79072be85c6e4ccab2be6dd6c9c07028fe85bd253c00e21634b22872,1,0,0,1,1,1,,1
1915940222608924,7fca3e45fb4f73263025ee9ff665d71e1f87871cdec9d24d3c37664b5599af6c,1,0,0,1,1,1,,1
1916206885664243,73babb44734d6dd0090c6925bc7af8f5a36b23fdda9ddd75808f9687ac807c67,1,0,0,1,1,1,,1
1916283045935066,e30a4e1d121993493ca07cf07f0a74f57f4c6ac6adb20ab8d2e2442cc2da78a0,1,1,1,1,1,1,2e-06,0
1916482812550753,dba8cc1d1d897c2dcf42eaee7ab60ca167bc33da6e0bff5b9fb4ec1f65d9d283,1,2,2,1,1,1,1.1e-05,0
1916768385919741,f0fcc2ffa400be3c512131feffcd87d29243c152e901a856fbbeec49fc6ea1ac,1,0,0,1,1,1,,1
1916887506378467,4a4ccb2d4559a88d3c9145905a5f235ebae29dab27f2a6a97c4f363423a6c6e7,1,1,1,1,1,1,7e-06,0
1918155158914193,77310136ef9848c494955abe413b6aced4c295194daccfdc046a58e036d6b8b5,1,2,2,1,1,1,9e-06,0
1918186055783050,5b838c448a190ba722ac979705336601a8d1cd66f80dd306b7a1974330a7f026,1,2,2,1,1,1,6e-06,0
1918866815678498,be79003cf0c01f8d1cc109e222208e1d5b9e73e1aee8132d81133d39b73946ca,1,5,5,1,1,1,1.6e-05,0
1919025792355732,b27e58ee0f4b6c585042630b6a8fda219e5390bd70cc686f2fc311ad970875eb,1,0,0,1,1,1,,1
1919061635699929,824455caf386f0a96c7dc8f43523c87ffbd100f906eeac10c17b1b3e554dd110,1,0,0,1,1,1,,1
1921420158719190,8721e0493d2a9413c1cd59f6e2e91148c16f56f754ae7b54a77263a803931886,1,0,0,1,1,1,,1
1921774422110431,12f732c9a7d69ae0293cc28a507833bcc64c4c47d66fb7a50f752579a60e73ca,1,1,1,1,1,1,2.2e-05,0
1923693828530554,71275c30f339fb7952d1ec33be7e0d27b5dc3173ca7a84109da4ca3d1f375e6a,1,2,2,1,1,1,9e-06,0
1923755188488591,52cd6390ec4a70618566e0f6f661717a241e20bc37e0fc2bd68248d1b4bdcde7,1,4,4,1,1,1,8e-06,0
1923846134864268,ed236661ff64bb0275492bacdea645286ba0ba18d1157b85fde3e038b0f8bc06,1,2,2,1,1,1,7e-06,0
1925402771359594,f381b0611ac4adf4b93a541627e68745a84bf436a94249d0221f02fa3e45aaff,1,1,1,1,1,1,4e-06,0
1926031415010387,77a19de82f2741b32e61dedd2f206c2b9faaa1e3c2440492b852cff7b0c22160,1,1,1,1,1,1,3.2e-05,0
1926173834747354,f28b5f431bc9a207707821bd41dba39d1661dc702f72d01a5ac0cfff36e3d42d,1,0,0,1,1,1,,1
1926369801350235,1535318eb147f39a17ffe3c102fdb85115e3c7ca3b6cd2f3cb5b8f1a80a1ca51,1,0,0,1,1,1,,1
1926999071186879,4cc09e1f31593c1eea6315f3e31dd0a95bbf877d32e7eda2591b229d1d4c8d19,1,1,1,1,1,1,1.3e-05,0
1927193661475225,d74e10201edc4636a71f066e8314007f78372843a97e0ccd1dfcacd229de29b6,1,0,0,1,1,1,,1
1927773304786600,d573f9c74b5da2679cee5db5aaa7780d0fdae3f4ee04b36052921647a7fde79f,1,1,1,1,1,1,7e-06,0
1928450047708783,db59910abbf66d9592989c4605327ec78f68520d864a21a50650080373b9b9e0,1,2,2,1,1,1,1.5e-05,0
1928695501021614,ecbe4717ce6f3000c65914f8208c04de04b0c4e2904b092986ddae4610125cb7,1,1,1,1,1,1,1e-06,1
1929397098002373,a2a6dc2f4df7023939ef1d13e773a73c72c10c51f0ea3c45b9adffea68fd5673,1,0,0,1,1,1,,1
1929893884616163,b618a388140ef1f9d9561212e557e3cc5ce6507e13562b9bbf925144550b8f1a,1,0,0,1,1,1,,1
1930461050834240,51c794aa0ade38e90304ea6600c92eb7b82918e986ecbb63c7b2e219c636ee59,1,5,5,1,1,1,1.2e-05,0
1931391227784824,6cf1bdb21ad6977e403e3f66247725a1bce42dc0818cb6d8e23d1dc7f2b755eb,1,2,2,1,1,1,2e-06,0
1932278727318547,a14f11b7c1e4d2da7259677ee947ebb18ce74e8302c2178a5b76da65f3b8cfee,1,0,0,1,1,1,,1
1932393490676283,aa3b7dbd6860bd8cd6e655ed8d3029e821128ebd001b13b368bafde9f0d691e2,1,2,2,1,1,1,9e-06,0
1932827243930106,395e03d6f48929a5e877fa15c1a58d27c5db283b56f8eb11e67e923f4ed4befb,1,0,0,1,1,1,,1
1932849187447245,ac3b7bf9084bdbb0c99b12ec5d6aa41b1d9780274232ab1900fe2e421170b830,1,0,0,1,1,1,,1
1933420570860679,b933a9c6998871281feeb2f027e019d88be5667ff5e96eebe3b7ab14d5a4ab27,1,2,2,1,1,1,8e-06,0
1933677190526416,56efd66e388a9bc713f7a751c529cb0a629e85fcf982134b294ecdb80567975e,1,1,1,1,1,1,5e-06,0
1934082107455294,98f2f1df84400d9a74a4c498708ca6913d41359795b0f0bcc42afe2ba462b356,1,0,0,1,1,1,,1
1934696170729428,19fd21dabde73b78d7d4e334108c343af7f4959346b629dbda6c48586fd38b92,1,0,0,1,1,1,,1
1935963896983484,11fe8cea239a38f44fd604e1aa53fbcf038057d74f595b953e5323aeceadabb9,1,2,2,1,1,1,1.4e-05,0
1936803583546921,ce3da7522be71157ed020aae2a02b5388b08d6f0059fd20a5c92027a51a1f83e,1,2,2,1,1,1,7e-06,0
1937148403515113,28b85b0b67c0aeebd45e88071713948bb24be99ffd989e8c3cd6b8ef7d4bcf13,1,0,0,1,1,1,,1
1937610823763616,978bc915f9caaaedb3ef1a948e96a28863833159c754431208932581ce59d570,1,1,1,1,1,1,1e-06,1
1937956086758885,7706aeb8511cd789cf5d3498e06553cfb1a934fa323877b60694d00d21670b28,1,1,1,1,1,1,2e-06,0
1938357000046269,82b0b7cde964f4248e9177e6ba9fd7a7499618606cc1e846094737a33703e0d6,1,2,2,1,1,1,1e-05,0
1938957946717075,d4f9128a54ed4c007093f958892f1c2dbff961a19fece0dd3ac572fb8d01c77a,1,3,3,1,1,1,8e-06,0
1939743920254928,2885e1f108efe50d091ecfe5c0ba455ffddc6b5cef9659944d443e69df9dcf58,1,4,4,1,1,1,7e-06,0
1940343166512594,68203ec15aa3a6fb8ab9e5b65612a682bfa8ec6afb301692b3dfd0a95a26a62a,1,0,0,1,1,1,,1
1941148353416124,4cda360278f5b1b1f35e38c314f4202b817c53b8c983de248323b3b6f633d8bc,1,3,3,1,1,1,8e-06,0
1942109806708690,d34959eb850bb6548d537acdbff1409a34c9a583e62409f7237b713376ebda8a,1,0,0,1,1,1,,1
1942287923020341,32d8fe6938f969860b45480c5990b7dd282296f94e485382d5d3f02fbdbd74fd,1,2,2,1,1,1,1.9e-05,0
1943646129579259,88637c59dcb43d824abc426980f966dd509b876094ae4d16a050160b0dd4d97d,1,0,0,1,1,1,,1
1944519106947826,4042630d5331631e9c7961288c12f9ccc625befbcb8237dfb67507ddb0a8ffc1,1,4,4,1,1,1,1.8e-05,0
1945070012725508,923b97bb6715f3b13168ba2751e0dad4a5b881a35fdb2c528ed8a311f1fdf79d,1,1,1,1,1,1,7e-06,0
1946307099621236,9cf71aae186c6189ae81ea88ca23f644d1284de4a55504e60dd5bf9a0a40ea36,1,4,4,1,1,1,1.4e-05,0
1947580035818854,d20a5765dc693ca60e6ad55cd8eb11062f6b5fbd2658198e0dfdb5527ba50073,1,6,6,1,1,1,2.3e-05,0
1947625132800225,68fadc7206fa8c1ca0434ed3bdb8e74d508255e092149909885b784cc3403bb5,1,0,0,1,1,1,,1
1948194499245909,5538bd693c7cca8194a4921e67d81593e02aa1e0e307fa6d3578d4104179efdc,1,1,1,1,1,1,1.2e-05,0
1948556745711810,1b41b1156f4168b282ca95839b6107b76000482d67a6f0530feb812fc26252e8,1,0,0,1,1,1,,1
1949055815958734,160293816e7392aa49d10ee0f26056051499ac8bec9459772167a4f955e92b9c,1,0,0,1,1,1,,1
1949480288959033,db8eb8f713ae2b3e4b11101321e936e4b32ab4e99c18a258f0cc1da7836e625a,1,2,2,1,1,1,1.2e-05,0
1951072482473907,492b9287f4024558fd6fce6c99c5df4053e9eee43ac84e9188f586c443f9903a,1,0,0,1,1,1,,1
1951079419084502,4da8af2a2608578567232ef8dae0e28be61cac9d71e715e0217f74a1b8f9e6ba,1,0,0,1,1,1,,1
1951092212123088,0fdd8497111ef9dbdbf2fec0aeedafbdeb45b8f118b970a897b2e43da657a721,1,2,2,1,1,1,9e-06,0
1952505928660100,3b0153cbaa0a1e7302dcff0bbfb3c1d03b697cfcb186f28eb3bc506fed02a2dc,1,0,0,1,1,1,,1
1952857178942064,e64a64cbb0353c719b43375768f93dc187ed0f1c1fdc4ef6c46dcc88d4281ad7,1,0,0,1,1,1,,1
1953878325343428,6182a9914421920bd8387f0fe1d272d4175fcffa37258a6a8de809cebf9c5794,1,0,0,1,1,1,,1
1953883958845085,a206623700ee04f24765a249b8b83992f2cc7455e7a096574e7ec172f3fd958b,1,5,5,1,1,1,8e-06,0
1954739988419125,de72319725d25dcc4e77434e2d4a72bcbf959f56c1ea9f371e20d622d88042cb,1,0,0,1,1,1,,1
1954954058396612,cf91c7eab81a2ae6ff7814c0c72d1821404c55bf285a55517ea5756db34bffc5,1,9,9,1,1,1,2.3e-05,0
1955428092066100,6f4856fd0fae5e0b76119275f36a57ea4ba6f75404613f8ecf7348724c0f992d,1,1,1,1,1,1,9e-06,0
1955892471655417,11412026642678eb8f5522246688884984c78ba5ea2073455c34a1f81b06e35d,1,1,1,1,1,1,1.1e-05,0
1957398128455711,5be57b1484f21cc2c463dfc4310d0c83e144150a9a069e6b7971d78cbe18c116,1,3,3,1,1,1,4e-06,0
1958450198218126,7988f0d412faf59ce0a07ab69eb68dacefdd95d62d17d116e228388237d319e0,1,0,0,1,1,1,,1
1958985431499892,44b6d63f426df34a43de829766fd208c96766ebff80fd46c25b7bde90722d43e,1,0,0,1,1,1,,1
1959185724650168,1dbfd6ef1e57ed88a2de59f055bbd84da9d07b1e3811dc00b2a4b0d67618486b,1,1,1,1,1,1,7e-06,0
1960090194566877,8653883280ca61a4191ac585bf137b46cabbccd0d2c0e757e369d883daacdfc8,1,1,1,1,1,1,0.0,1
1960446497847718,0de13c74f58e430d187827e2b9a90611e3f4d4422c5ea30c17dd49e0dcd4d057,1,1,1,1,1,1,3e-06,0
1961019794459261,a59286cf4730a02e22378846fb1cd0b20e2b0c79df597e078b67e18860832dac,1,0,0,1,1,1,,1
1961657051050019,35d12ce9f644869d76c7d766c9966e4cacf83b8973fcf165ff1e191a2ff36dc9,1,0,0,1,1,1,,1
1962249554698741,5d22f3bcf6c2271dc198fa2ee6a79141dd53797bc1d1b2f3ab767d4014a456bc,1,0,0,1,1,1,,1
1963922837519355,78fe98031808751e55b2c1a981d7e3ebc18d8bb9bdd299e2d6657354fa9b6304,1,1,1,1,1,1,1.9e-05,0
1964616104408254,5e049c884f0dd2f7db7e9012532f110fe9097d1b0aa8e17c46c3f3b73f37962e,1,0,0,1,1,1,,1
1965433520979099,0fa89a8b0578d86282daf7c2c3415918e70a96c10eef4a3da0e814eb40bf4d3f,1,1,1,1,1,1,3e-06,0
1966560177261075,b983dae8a8faba9913121ffcea35340d3cef946ed89adec2909b4e30c345d086,1,1,1,1,1,1,4e-06,0
1966857574238294,4cf6fc4d50cc98bbedff361de7340e48cfe414af9ed2efc417021dcde920e941,1,1,1,1,1,1,1.1e-05,0
1967048890887783,9ded1ee3f0b912b465fdc6713647f07da078fc0686179493b229554042a54aca,1,5,5,1,1,1,8e-06,0
1968528840386930,6d86c04e678e930bcc676e0157c9356c421aa2ee92c4dd4d89eb62c0b337b40c,1,2,2,1,1,1,4e-06,0
1969882673556585,5bb600595e965a7e3e5cfdb8870114142a6dcd85ee4a02f1d9f987b3a19deb82,1,1,1,1,1,1,9e-06,0
1970516610171535,7e0413d8d9d2ac63c16e1a8a895c5218c1079e8a7cadbe10b7c27b6ce5594494,1,1,1,1,1,1,5e-06,0
1972246580001320,dad63dcdbcc8ab4651b4e479ec3ce4a35f0999c4a8b49d06aa48364d58d24a8b,1,0,0,1,1,1,,1
1972445286631613,b8d7be9a6b2bc930dd735d3268a5000ca24e029c7f9f1151a0ae369a44d20b52,1,0,0,1,1,1,,1
1973102579918641,6cc3602c5ec25f61cee85053cd816bb43e9761e8f0eb4af726318263ca44c999,1,0,0,1,1,1,,1
1973123443230745,3b407ab7eacf313e084ab936158051d1477a7102f0c55560f3fc78ab30e72f98,1,4,4,1,1,1,1.2e-05,0
1973584003213229,85b941a9f2e367e6d38a1342ff98944187ff85dadcba1a88dc3c2b175d21a4bd,1,3,3,1,1,1,7e-06,0
1974096700113975,d50a41c52c1d585be5e1d9860f169a2beb7605e0355563e11d96143b8aba9bc0,1,5,5,1,1,1,1.1e-05,0
1974471883476550,9d0e33cab23a938d31b5486fcc5eede88624ed7aeca5529963e162872a88e7e7,1,2,2,1,1,1,1.2e-05,0
1974734713101194,cf3b7e7d07253f191fc5a0b65ede7285c8c0fb939a34e5c7bc322872e63c5f0b,1,1,1,1,1,1,2.3e-05,0
1976131046503715,e78ba9d863b463faefcbfb1d07074b32cf2f2776d7aa3469828d9c73d7ceba18,1,0,0,1,1,1,,1
1977695723015461,c09d110313b55d643ccd24dca39713690eaced589878a3efd32c4dfcc1183126,1,2,2,1,1,1,2e-05,0
1981420282701844,988ba26aa979810ca28c565ea53a6139e8f7810e39abe97f48a475a93a7c1184,1,1,1,1,1,1,3e-06,0
1981927319325635,cdedcfdd941cae58ead1cb709bf316c2d679d3a1c06e4342fdbc361ffd62a8e4,1,0,0,1,1,1,,1
1982643989181306,4120c5768cfe59ccecba75e842e00b61a9b78d43cd566b038325c35419eef7af,1,2,2,1,1,1,2.2e-05,0
1982815685834723,6b57e42e7e85318d82af1e734a457f22f744e2fa7e71115ce3748b554152cbed,1,0,0,1,1,1,,1
1983369452231099,8dce66f42b3f233aa0953b2fa05f23b885ea1fadb1a356e5777a02f420f05d6a,1,2,2,1,1,1,5e-06,0
1983481882576671,5a70f6d21f3819d77e528ff9742d04000105cded742eb4cef06b9f9f49045c4b,1,1,1,1,1,1,1e-06,0
1984740278991305,488ee7a810f00839a6e5b407d5482e2768d5d1c10ed74706c93c051fa7a0b5c0,1,1,1,1,1,1,3e-06,0
1984864402368243,9d5e6df3ab32113d669cb53db360a27ef4a1bf414d7def7233f0bb86576e5ea9,1,0,0,1,1,1,,1
1985338292318453,e168fa129feeb354f7de37a21946e493bcc591f6e9dc9b82c31204b9ae3b292c,1,1,1,1,1,1,4e-06,0
1985582712288913,e02af9d98a1579dc680461396bfa3ccc21213781b5a3dd0b41cbf0475b87d70a,1,3,3,1,1,1,4e-06,0
1986090458623957,55163e38e10dd1ad4fe6df334d25113c11e1e4deb992f0412d15e71a41133d40,1,2,2,1,1,1,6e-06,0
1986485048971051,fa04c81c06cbf835623d51cbc0ec852655c4ffc91e11e52dd70fc1194ee56cd2,1,3,3,1,1,1,1.8e-05,0
1989447638578993,a85f65d10e0dbcf6b3c12a380e6366d9477ce24190815578ec7f213979db7e96,1,1,1,1,1,1,9e-06,0
1990333295097902,80bc2cb8c6feeb6a7d7ca7bdec4aca397a45264521760bdfd500e1116da66767,1,4,4,1,1,1,1e-05,0
1990483011804744,45b6e523feee80dadcc01e512b5ff8b246fe5a1a9d8901454e9e963172c5df9f,1,0,0,1,1,1,,1
1990593715063650,51fd482aaf9c2c645d3ffdb4dab01d31b240028ef8020c83cd4c84c11b9e9d5a,1,1,1,1,1,1,1e-06,0
1990614091484792,dae425b6b0c268377b2986dd28e4b12f08d93285ed4fc7949113b8881277ff2f,1,2,2,1,1,1,8e-06,0
1993618594828017,44a77c4bafc3b229b7e56041eb648a0beeb4825f62fe7acb37acdd06c88f5ae6,1,1,1,1,1,1,1.5e-05,0
1994193931363498,ebb0f4ea93cee61b521a69aa45736e61a68d4f1f1264aaf6c6d61be06b3726e7,1,0,0,1,1,1,,1
1994389511133873,57499db7e8327d6a7d39350b301899936f0197218aa88035cd04643d3f5d0c5c,1,0,0,1,1,1,,1
1994550054728420,011a4a6613899f44b14d68a2c3e12f845ab3a68b63ef628a1c5451feec1a5b42,1,3,3,1,1,1,6e-06,0
1995673097877327,1076905a4a7ca985303c15225c18d2d321d66a0e0b5d9ae9f747ed94200e4f7a,1,2,2,1,1,1,1e-06,0
1997171334374308,f63b3290b07bc50530a5ffe63c5eda8832453111980ed812c64a0df8eac8cb4c,1,0,0,1,1,1,,1
1997264714402285,170e14879daebd9326b7a7cea9e1d88022c0e3505797b2c57d04e605503c54f1,1,1,1,1,1,1,0.0,1
1998087574309914,e6450837541f7a1461f8b4390d5f08d285ed4f6b8db38e74fc87f12e5fc17b5a,1,0,0,1,1,1,,1
1998299310934724,ca3e6a412043fe5ba0e0f9c7e2f4c4e1581f574d32243fbc47e4dd229d47b279,1,1,1,1,1,1,3e-06,0
1998904104233763,dc1efcd5162b948d49e0433df4b402d9376cdb7940ea99e7fb83fb5692edd4fd,1,2,2,1,1,1,7e-06,0
1998969900951919,83f53d192b9887d71f8e5f88db46a728291fde3a0cf7d1053efe93223b0bc039,1,1,1,1,1,1,2e-06,0
2000864404085968,10df4791e2ef6f92318c4c37afa3c77f0f4f02dc52236c1b6447749dce2baab2,1,0,0,1,1,1,,1
2000975713796039,38f482ff5d669bbb3b055c05b1ed7feb2c885688da59d58946946a9b019b3b2c,1,0,0,1,1,1,,1
2001074077359205,d47672f5e878a3f98be80cace14b0c182bdeb7c4cdbc8bb18850720afa81349d,1,1,1,1,1,1,1e-06,0
2001105364005847,f4acd1a0e7a0ad4a2a31c53d495a42288544e07f21a63934345782b86b103b93,1,3,3,1,1,1,7e-06,0
2002928170256132,45ab3b5f045e29352e6d9d3d7e70a4265c2d0cb81a78d0a0d4240788c26489e5,1,0,0,1,1,1,,1
2003053933569081,0ea43773a8e0c619d1cdb8855817364d2ea7fdccd0159357d601b4d7610f865c,1,0,0,1,1,1,,1
2003624873547620,32f4ab3d726f00fbad931558bfd136008488da3666015542b7b1cb1d3f5e9d5a,1,2,2,1,1,1,1e-05,0
2003624876880953,0da69bc3b96e6024c192dc24ecbefb2885b09b7e21b47a0455877e2c558a7593,1,0,0,1,1,1,,1
2006226146840931,546aaf7e34f3170d59e447456f0c592c19608edb47451b5b60436c364c5ead60,1,0,0,1,1,1,,1
2006986340143433,d1ef723f9088e8871c261acc028975225599af7770d113cfcbcfa5b67b8b5759,1,0,0,1,1,1,,1
2007556663433669,8750dc19ab79347694acb5cba15d15d7de591fc63b9d64e6df2b59b9df3af615,1,3,3,1,1,1,1.3e-05,0
2007602313144438,93a0a81f461bc243aa05c5d330052c60b501fd06ff03063a76f432582fe7ca9a,1,2,2,1,1,1,1.8e-05,0
2009294049611874,135d2248b21031a851cda9ce8a118a94a7ad5820bc40ae89e90d9deaf0621ebf,1,2,2,1,1,1,1.3e-05,0
2009661523213667,9db17f7ffec43c90b59a95714061ced1a6b8495369d0d8b9524b7e9059438ef0,1,0,0,1,1,1,,1
2011649726341715,765707553261d9287d5d0d87f14e721c10ef12df0611eff845dcefb4218db1be,1,3,3,1,1,1,6e-06,0
2012850049538657,89569ede930f458845e3f0a148c212d0700939db0a6f92d1fe37b964cab69dc6,1,0,0,1,1,1,,1
2013461856159484,bcef53c4e8319a8462772b218eda0b564c39071ff45473da3e237b6a148c0584,1,5,5,1,1,1,1.8e-05,0
2013697672799091,8eca77b67569962a4c3ce5e5d478e840dac90d50d750579fff8254976c2b848b,1,1,1,1,1,1,1e-06,0
2013854579401028,5bd74a768f166f152a16fb7a0d72eef4bfb74f3ce28a88155dea16711b767c96,1,3,3,1,1,1,1.3e-05,0
2014156989125381,5e9929d03c40f3027c7cf5815b97fd5f27e7be9d6d0812a2bea7bac89fbadf97,1,0,0,1,1,1,,1
2014335495999790,862fc8c536737eaea1236b7a9e79d35d7d74eef359457bed707e556048eec939,1,2,2,1,1,1,9e-06,0
2016902579153498,19380659e70610051a042e0c7408341b282c7b9140d3fa960fdd36ab4234a412,1,0,0,1,1,1,,1
2017239205719309,cc0a3b2cb0c7bf5fd487c3cb96dabead61eb56369c12198ab1aeb46a5af9a296,1,7,7,1,1,1,2.3e-05,0
2017394478992926,bb7e94b70f7cf1aeb2da3b6fdb23d58f3ae49a936242497d01908e2b3054bdee,1,1,1,1,1,1,4e-06,0
2017419885496469,b7e290ff3c8e0b6b179e2883ba78c9c8f5e22cff7abe33c29fcec85188ed40b0,1,0,0,1,1,1,,1
2017564929028789,dd838f9dd053eddfe8f3675abab1dedb0922a2c62978920ce08a0cce9269c0e8,1,1,1,1,1,1,6e-06,0
2017944569058505,c39c88d82be63460c7a1baa2d256938cf4ff847dbe37e2e4a28c7a708de5385b,1,1,1,1,1,1,4e-06,0
2018160678724241,a23d74d1e31113e87b3d0443809c7f23a8ec501bd721eb495dd2ffde0ee170d5,1,0,0,1,1,1,,1
2018801128913884,97f9222309d9359ea810da1f346ab8ae12a148dbbe5bbc35359d221f49518351,1,1,1,1,1,1,5e-06,0
2018969712232383,8d473e62ed3d75cee3ed73a33106384cbb8b1e911613e525633d9d6a7487432f,1,2,2,1,1,1,4e-06,0
2019472888835662,401f3d0919dcaf1bef42252f1fbfcf6302fad2d967add73b7bd2248fb86f999d,1,0,0,1,1,1,,1
2019534415512459,060110ac8292bf3ce25ba125da7af971af199aaafb78a0c2035fda6a10dee254,1,1,1,1,1,1,2e-06,0
2020002675453163,4c1b2f62ebc08f4080a4563bf2cab42c01ea1fa4b24b8c36ae1631a41ec7acda,1,1,1,1,1,1,5e-06,0
2020686038472305,5df1f34deb5921d28ce1414c4a86661bae34cff759a3f78fbfdf97dc7c1d449e,1,1,1,1,1,1,4e-06,0
2020834458752163,96c0ccc854f2e41e62f5095f676636e09adfe18a5512a2c61126959de12dfe6a,1,0,0,1,1,1,,1
2021630135337994,90db8a1fdda156f08ca23a32aba357609357f76a049dca1d99712c7be403fb20,1,0,0,1,1,1,,1
2021907378544538,dcc2e51acfe4af1a5cae310c8b9c87e3bbec85b97655ecf63b64d258bcda8cf8,1,1,1,1,1,1,3e-06,0
2022128858581855,dcf3c35e989df74508446c309b6ff771cbee8ef8f8f26794c79262b2129a3947,1,2,2,1,1,1,1e-05,0
2022517921919957,508c26b91780ce2b81d7c977264120be3826f02ab2b33647402ee441e8b8fe72,1,0,0,1,1,1,,1
2022627061914942,2b83549bfd56248a220d7165dbd1c432a8b66e5acd53500a0231071cf41aaa9c,1,1,1,1,1,1,7e-06,0
2023232675103080,fd28948fca0c0103be135af0523fbdbc0d13631251819637a1bab09368dbc376,1,1,1,1,1,1,1.2e-05,0
2024336198105648,62a3d36abe3ed8639682cfd95a31bea272036bed2549e6a7b08eac7ec85708b5,1,0,0,1,1,1,,1
2025071598292052,7b835756a31975d679824e48f812f48bd1995820d6609a0ec3539d68ef7a7557,1,1,1,1,1,1,6e-06,0
2025819741575036,a4c7d0f8494adeb1a133fbe0a05f465db324ab2bd39e94ee9795a0f0f8d4dfe0,1,0,0,1,1,1,,1
2026741794844869,b75ef83a02c8f9f997c56ba0f6b99416446281827daa2f0f0be4458b55fa1625,1,0,0,1,1,1,,1
2027551214725512,996c6ffedb3dc1de4c52b059a4251e6ac39dfa7b0bdf6de05eb18dacb9358a2c,1,1,1,1,1,1,8e-06,0
2027838881351595,b5602a40ff36e9059d276e284ae959bc313de87c224c1d48adf67e086ffa63dd,1,1,1,1,1,1,3e-06,0
2028015014659461,86c9924b11a1cd09c7f138e792a2d7cfa13f055899b50c4c875b1bea2d97b20c,1,1,1,1,1,1,3e-06,0
2028158014612637,057af0a7b8ce7d7945ac321da290f4fd934f31e77991f3869f7aa6d72ea4c8d6,1,0,0,1,1,1,,1
2028216824641948,f1e0cde5a7c901208733057a5f521c3ec9ba888ffc99d44eac3f39c58ea68c1a,1,1,1,1,1,1,2.4e-05,0
2029728557783610,b3920b912c973df2943a01c7430168be78f54caeb8fc327e2bb9a30816d24916,1,1,1,1,1,1,2e-06,0
2029848341104738,41c7487ab8bb4aabba0d35602daba8ccac23fef38e660d89a2d32345960c4152,1,2,2,1,1,1,3e-06,0
2030036984459043,368d01befede4bb735fbe11c46a608a68f1bd079e2d189d320c3f9eae7126826,1,3,3,1,1,1,1.1e-05,0
2030967464367501,3f6300c45f208bfdc128f6986daee5625c304164bc8d7073663bd8af72212a69,1,3,3,1,1,1,3.2e-05,0
2031229907690108,4667f3db6a8e6e0d505c55b4b183b871d25a231ceda3ef1cafb29fdd2561e640,1,1,1,1,1,1,1e-06,1
2031659484302670,3e66040b29bd9f14f18d2d6eb2f346461ab1306d9386d7cc3c55fa79b1aa23ca,1,6,6,1,1,1,2.3e-05,0
2031838537652147,bb7cb786f3ef72246fa3fb982a4997f1748c2d9b8c04812b8119ca236f2f9699,1,0,0,1,1,1,,1
2032565750837205,0d5c0ce7407b70eb7f00c867027c94853ca023c8e631b121408b02b3c4ede19f,1,0,0,1,1,1,,1
2033750758023202,e470c69e91fb173fc188f0a033ca72076f5a2fe0433dbd9264db245143a3827b,1,0,0,1,1,1,,1
2033882024082869,ae1c9ead08dacd8c65ccb2b2b7fa98c1bfeefdb4f1ad85254345e5c4e7e426a1,1,1,1,1,1,1,5e-06,0
2034549230677307,4d3e11d05d7a4c5486c4b5add1b2d663dc26bb86a2d48120da62047347a5a683,1,0,0,1,1,1,,1
2035139727282622,12b568ddc0bd5fbc4e3854a124a4a91eac0d34404677240608aca19caedee560,1,0,0,1,1,1,,1
2035578600541355,dfc3b0b19cabac972c2b658fbbcf7be91969cf167c19d3bf9a4ecfb72d29b929,1,5,5,1,1,1,1.1e-05,0
2037589923474481,ffc9031bf16b57a0bb38a19c17d9c33ad8e3eb387c3646beaeae9b087a2b1d30,1,1,1,1,1,1,1.1e-05,0
2037662257010322,e758540c3c0c75556828caa534ce8caaca4c38cdc2f34c3f5e709b7f320d2290,1,0,0,1,1,1,,1
2038417270430228,06374ad739b947eb946492357ffcf016f69d6850a444ecaf8a63893ee4d23166,1,0,0,1,1,1,,1
2038934910227905,f6e2843e1e15defc422d2dcec01d5cd2d923011e885612132e1b12080446be90,1,8,8,1,1,1,2.2e-05,0
2040501603154513,dd3e7994f9ce4d18ec6f7f3aef4e2cbb2d97acd82e9d8951b3f7ac07e59f3b93,1,0,0,1,1,1,,1
2040652613379920,7458673d766cff153a7976982e3a068756e8c51d80ac99d1827d57047a362b28,1,1,1,1,1,1,3e-06,0
2040806796709599,719308818ec975d721ad2a9b04bf5ad114b4a6bfc3fe560688c5daf9b572985a,1,0,0,1,1,1,,1
2041161843313547,87b285288a3e89b8d5ea5e03fb2f33c3b979ac263d836b60811d6b3ebb66a0ad,1,3,3,1,1,1,3.8e-05,0
2041937476580409,839c5e5d757d5f9d0011dd81e42026f656e9bc5cc114f0d02c411d18aa1607de,1,1,1,1,1,1,8e-06,0
2042432583248492,1c40b72ad3811bd1d8305e41b6f81dd261d59850802be1af3574e9f1162c9e25,1,0,0,1,1,1,,1
2042508266575622,83631b670d0d2a4b30b7cd4507b916af05be6b7b426161c546be964850cafe3d,1,2,2,1,1,1,2.1e-05,0
2042610336569748,1106c6e47c10e6e9051540fe6577e32141c7747e8606bfa7f7e88654a578cdd0,1,2,2,1,1,1,8e-06,0
2042643739909249,b1e9f897897fd71be5f11c0938aa8f1a4a9c4218e1cc2c31eef1282cab7a2665,1,2,2,1,1,1,2e-06,0
2042904896497777,acbe4d74137ac1a6f8065e505941fadf4e292eec1a62842678c9ff22c76d8604,1,0,0,1,1,1,,1
2043015806513454,ea2e7d63f4916c408127945783910c0c85443c1457e2b69cd2b926fb1c810964,1,0,0,1,1,1,,1
2043083346462895,fa1e5ac4dfd058c10b74012412134931c398c75a5f1f088ee706aa6d7672a1b8,1,0,0,1,1,1,,1
2044264299742625,4c1573fb8f6ac52820369fabbb7b3a0d4617d4fc16ee33527af6bfcaf536596c,1,3,3,1,1,1,1.7e-05,0
2044562119716162,2a750d327b401939e74d7fb92a3d2cb596fd59fb60b8482f56760c961675eed8,1,0,0,1,1,1,,1
2045131416308204,f493e6e7b91a2ea9da36f01b06286fc8c3e1bc92d70e2937c39789d97f87d95f,1,0,0,1,1,1,,1
2045359089637817,d5226030333e290fe89ffcc0f16bcfde5c22b27b75ca9dd60dbedc291fcbd24a,1,1,1,1,1,1,3e-06,0
2045645132873031,581365368a950f70563c5f762ea95c36e5407bcab2015180b68554c6f2dd35f6,1,1,1,1,1,1,5e-06,0
2045685409585178,7a83a3c31b23e6354abdf39e4a90418eae0523c3cb60bb4bc2fa184cb863c21f,1,0,0,1,1,1,,1
2045697429303185,40fb6e4b3c7a6539c342ccf14ba19f6b344de2ce3842a8b3c7cf82a7584c8cd9,1,0,0,1,1,1,,1
2047103356024354,0697348707b1aa2b15741abe72ab7c0b947443443a4e6cb6f68012c5343b3b1c,1,0,0,1,1,1,,1
2047586816076042,aa234a51220a85271e790345b970ef072a517b2404ee815d24547897c08e384e,1,1,1,1,1,1,7e-06,0
2048235652383482,f55ef7eecb8384e0d9ca567eead06a0a24a15e5795c8099b8ff69041c1f7b4bd,1,4,4,1,1,1,2.2e-05,0
2048585659241129,7939d4ac616859f84a8124dabed55d399b7b2bf888ccd212e9489ea2370771c7,1,1,1,1,1,1,3e-06,0
2048677902570045,012715b90778828304fceaf53ef3cdbf385f317bd458c51c04419322acdd944e,1,1,1,1,1,1,7e-06,0
2049811152479143,66cde909513bc6c17e71005935ec2133a9e18b5cad43454253a966783204ff3b,1,0,0,1,1,1,,1
2051097185708823,7503b5fa0a70ac6606eeb7f0bd835d944bc6e59fd461adb19d57a5190f82e473,1,1,1,1,1,1,1.7e-05,0
2051473305389457,9980d47188aeeb41428156839a22c3288b01b57c3248e4c0dfaa21b116e7f453,1,0,0,1,1,1,,1
2052303268923781,9f62af3e7790387cbe45b6e0697d688f8f68609af6461b209c0f59c1a04082a8,1,1,1,1,1,1,6e-06,0
2052435712198187,83a3c71a6af005449f45ba3eee4c383b51b29046b926a4e3c10dda068df510d9,1,0,0,1,1,1,,1
2052765085492822,059472b8f5a096361a3317ffd4c28b0ec8d88989daf126a8b6c44df578a9e1cd,1,2,2,1,1,1,4e-06,0
2052981725539977,575d788119fa448a8358dbfcac9d594b133a0108a94a54814a33149ae457122c,1,2,2,1,1,1,1.2e-05,0
2053219792181743,c8b0e883dd43c2b2c0fdb0be053b25332897a8042bd138c17c81de3d15414fe6,1,1,1,1,1,1,1.5e-05,0
2054391925361568,469e3ec775462951efc71dfa438987f353b15d323c24ea8f5631cf064df5198d,1,1,1,1,1,1,9e-06,0
2054451845372426,da325eeede51a2c3673ffa65b1468846280a16a1c85c961390bf041d5b19e8aa,1,0,0,1,1,1,,1
2054827301920823,d36cf95c2fd9816fbcaeb73a02dcd055ba55984618cb96b0344f94e6f6d914ae,1,2,2,1,1,1,5e-06,0
2054928905309143,4c562f04959982d2bdeb3536736ac6f03fce712a6cd2ca3860bd681b009e29e4,1,0,0,1,1,1,,1
2058414341598025,2c3f77ea698f47b3760d961b409b3a7cb141504cf29c09bc25c213b9b118efb7,1,1,1,1,1,1,1.3e-05,0
2059199171482381,6c8c9b252c4f83808e26eefdee006d352646df56b66cacc82944b803f9cba050,1,0,0,1,1,1,,1
2059710021494219,efc7b0fb54e0bfc67944951fa4f974dbf77250f1a20958d05f5be645b0ab0be9,1,0,0,1,1,1,,1
2060320634728652,aedf4af4775af627bf582bed9494b68a5559ad24487e8c3e0382989c23ce5e72,1,0,0,1,1,1,,1
2060667854763228,86bf370904e643c598c202e796e40ccaa9b72be287079798467b39642fd2e615,1,0,0,1,1,1,,1
2060984041328044,583a811a218e3383b3b91af122e56737d929097885dee0658d549f1ba1d80047,1,1,1,1,1,1,1.1e-05,0
2061025534693280,586a2049f5b435bc19fe4fe701a685b7ddb2d1b35e66fe7a6fc22cb591a30b6e,1,0,0,1,1,1,,1
2061078744661714,a56b08a032062e730aa32fcf26b6475b7df9c98da248c2f6994e07d31d8d9e68,1,0,0,1,1,1,,1
2063153681112699,c6ce187a1a35737f2ba91804e4594dbc297be0a4633515c121d42820ece4ff6f,1,2,2,1,1,1,1.8e-05,0
2064192011075304,f79fbc0c79c6233260023786d21a7f8a8223e84a96a2911a7d6059905d62937c,1,4,4,1,1,1,6e-06,0
2064841447685725,3a862913b319ebf544905739022437da243509ce65c4f15fad243b782ed759e7,1,0,0,1,1,1,,1
2065704620909700,079420493e6326186489ab3c9f6dcd7390148fd456c8a31a3475440491f76bd2,1,2,2,1,1,1,2e-06,0
2066275020787524,0ad14bc96bc52ab5cce8d1ed53da2b6c364b941f6b181ee705af769af93641b9,1,1,1,1,1,1,2e-06,0
2066878300816445,09e3d8f1f2b7693c2c0d4cb717e101f5eda790f18c263f7dddd37fa9bdd75fd7,1,7,7,1,1,1,2.9e-05,0
2067239487342659,52e95df37769b86094d7d7b69c7b51b59c35e68d2a8833f64428bf0a6526854a,1,3,3,1,1,1,1.9e-05,0
2067263883810913,bc62805b73e301cdf8c4b1ba1cbdd5cf8095cef1c1f21fe221816095f0e206fd,1,3,3,1,1,1,1e-05,0
2067445380725218,30f91141bddda0725ca603007bb4fd17ec676c189933ee6b516409239c24327f,1,1,1,1,1,1,2e-06,0
2068443727242776,8ea42f6e2ba3b76bdcb5a36325492c82f5e55d5d83c9a39057d66ff8c0a603e1,1,1,1,1,1,1,6e-06,0
2068458817323709,01f6c57c53268290a93d806330ec6d5d5aca9e1ba8696fb40e7d28ada41aa628,1,8,8,1,1,1,2.1e-05,0
2068495400568440,3c992fe5f38b18a0bcb9cc2cede3c198b8f50e4257230f645cfdf85d5038c060,1,0,0,1,1,1,,1
2068812873866025,c5456e4f172b8e1203a597d97487658e41c9a8b5ac1b56fad2e93c50a586a564,1,1,1,1,1,1,5e-06,0
2069282293824243,950cb4fcab25c762416a9f77353c60fbf896fb91a4eef16187b9e2d15f28ac4c,1,0,0,1,1,1,,1
2070518523780042,cd9383eb05c7ccf22cf87f2b81181542204f2d554b1c4051001ddad5cf82acb1,1,1,1,1,1,1,4e-06,0
2071414436945901,061cce4f33caf599069bee46745d7f21960ff111d54410324f49d5fd3f759a50,1,2,2,1,1,1,1e-05,0
2073783946724843,14a7f2f05c22ac934cfc158084dc764bc4f6b9be6f91c9e92496bf252bd2faca,1,1,1,1,1,1,4e-06,0
2073902970087713,807a1ef579c3298cbef4391a2fc7a2fb0a9faa8b2a507f229ff110ffc9de2d2e,1,3,3,1,1,1,1.6e-05,0
2074253863378030,821067125cd0aabc6e6ee5ddb97c1c450cd860cc0462748993c299c6d06c08c3,1,1,1,1,1,1,8e-06,0
2074321206669823,7f264bd22d1967f4056c5c25e39ee8889052c1aedbfa2ffdc65515cf58172fde,1,1,1,1,1,1,1.1e-05,0
2075329489877045,261aaca1589c32df259901130d1311a3aaf9d1e6e3a2731d8e8dd301a8572feb,1,0,0,1,1,1,,1
2075561003272768,4a714d15be355461642429c8317594f6edc0ce60586c94355514ba281fb127a0,1,1,1,1,1,1,8e-06,0
2075895786512044,7e4c434f6805d8f06b6a091104556fdfc2161550c76f00d4c04be4db6d67514c,1,3,3,1,1,1,1e-05,0
2078220262993378,0e798151065ba25202ca47b551b09d2cef03332493a9f0051660e0d4f202a3c7,1,1,1,1,1,1,5e-06,0
2080045182735154,b450984ad3eb4cb8d52889c8600818b88f261178e8de9a65e4c872ee946b6406,1,0,0,1,1,1,,1
2080297406131196,91e65067fd87924beaf9272a890418fd8314a7883a60db5b2545f4bd661750e5,1,0,0,1,1,1,,1
2081616032613066,b907509ef59dd71da273dd659f1e3ff04cfdb9850f34ebdb7392c65d97da3526,1,0,0,1,1,1,,1
2082550182484587,dd8ebdc71ddd2f2d96a20f2a7f355eb465b27aedc5664e4c5d7cefabc5798051,1,3,3,1,1,1,1.5e-05,0
2083479005390731,6f1f4e4706a77e67dee177d75e3cef4248000c430654fed83402ff910551dc95,1,1,1,1,1,1,1.2e-05,0
2085205322224450,445ebd5104b63439c3426144ec6ed00743d63a79279ccccb0e27895f542e84d4,1,2,2,1,1,1,1.1e-05,0
2085995492242583,5e2ba0be98daa9d8add4ec00700a693b8813815ae7c7f156e95bb5bc1edec31c,1,1,1,1,1,1,6e-06,0
2086110735460866,dae8224597a7b8d24566d2fc0b28a03a5432d039b0a2f3477307993b52ce7450,1,0,0,1,1,1,,1
2086752405469407,559df6dd12a4cd0cb89bf64aa22af5ebe49c7f93328e57b7a15b27ee2fb95ac3,1,1,1,1,1,1,5e-06,0
2086946418777630,c7570268298425c034710d5ed88afb12e6a15c9c4e1d4ad1e0607097a6f0f05d,1,2,2,1,1,1,1.1e-05,0
2088062638666688,14fea05644655f9c6bf7c5d57139f898a0fcdbb2606d723d60c4595206540951,1,2,2,1,1,1,7e-06,0
2088618771881931,390baacbb5c4021a7a37c7a392f5217f62aaeca0fe90faa3763e9b850a39557f,1,0,0,1,1,1,,1
2088654941903886,5fe32fca8411c7218f202c1c5851fa3e449135f994b14ce502610a93dca437dd,1,2,2,1,1,1,5e-06,0
2088670368206595,1b0e1b9aeea72d55632599d9c80ee43da682400edac1e34e58af71bf8c6bf997,1,1,1,1,1,1,7e-06,0
2088918134973663,01d67baa7a88f84a083a8f149b046a9cd0ba73c8476d471dadc2231eafb5ea7d,1,6,6,1,1,1,1.8e-05,0
2089277291844081,1b0f715840fc8f5715aba9fea6d020c4bd998ec5cadce4411febff142050b81f,1,0,0,1,1,1,,1
2090111415058625,5607dbb694dd302de9234016cc12db8dfa8a214d84be10e7192c105b9431a541,1,3,3,1,1,1,1.1e-05,0
2090227111784333,5966d9f7f121048d0e3f91dc506e2c7408ef45608563dfd596971e02b129fad8,1,1,1,1,1,1,3e-06,0
2090596541479335,e167bf8ce3274bacfd8e86b89264784e272305701c92b33d1f52782db878c785,1,1,1,1,1,1,0.0,1
2091698071578773,2da299703461e44486bb86e3563bb61436d0e2bd4931193483718bac725939a8,1,1,1,1,1,1,7e-06,0
2091802798226738,5775708e823c5d389a317cd9e3ce8634c3340843cb0489579cca56bf350105fb,1,2,2,1,1,1,2.9e-05,0
2095979134472354,59251d85d92ccb298c84772a0cc2e49b5fd0f0e3345088399d3797f12ea966f9,1,0,0,1,1,1,,1
2096589474530573,42019279c624c8bb39ee43c300c08091afe014120691a3614f74ed7fa4c68104,1,3,3,1,1,1,1.5e-05,0
2100867217409238,ea490422f50d49240eb95f7763320dc65efc974b16df4aa3019208fe0e1392da,1,1,1,1,1,1,3e-06,0
2101732900354986,190d480e83e6a9025e55091337707ebc43bc03d3b16083a8aa3c05b9d03fb035,1,0,0,1,1,1,,1
2102336717175440,9e47f07e50543687fba992dddd85485af2efe0afe44c309151a9feab01f05e41,1,0,0,1,1,1,,1
2102580033879447,035078e930832064e1d02fd48ffaa12c8a85d60948ad6327885ed945e02854f9,1,1,1,1,1,1,2e-06,0
2104056910416150,7fbb65b3f4efcea19b2bdaf7fd294e62280a8f996a3231ff5aafc3dddb2fcbb6,1,1,1,1,1,1,7e-06,0
2107297756679884,833e5560d1f729da230372c706efbbe1de1db527265366f37051ad09305b23de,1,1,1,1,1,1,1.4e-05,0
2108351399905597,4c0e0eae6cf87b77a23f147c20d6e817f91b8257acec7e04357b5ec1dc88896d,1,1,1,1,1,1,7e-06,0
2111761829593085,f8cfe629ca00f80a60ef0304507a98afc0b83cf0d180e1b9503dc691d6532b14,1,1,1,1,1,1,0.0,1
2117822702306277,055edf5dd84e068596701a3b29fac153869f5acfb605a77349cdd894ce3eb126,1,0,0,1,1,1,,1
2122066965270910,ffce93b96a5217492d662b42d792dc381d0861a78ba9a1d4b18252f2e4ea8148,1,0,0,1,1,1,,1
2131875943887625,7a8ab27896d41f00d269db09caf35d4955da06e6fbf3bc0606191d239936b902,1,0,0,1,1,1,,1
2136026867143530,c31a31321e13af095993d6d8e260e6e773b4f8d8be6d59436b9db8a5a8e1f767,1,0,0,1,1,1,,1
2136452350222306,a881b5b353a8d934586f8b6f5a95c7d57a077ebf0f39ebed1e2eaef0cd5737d2,1,3,3,1,1,1,1.1e-05,0
2138590879998112,432db8cda2a19b25757bc1e340739a994d7e5a9c1699acc18b3062bfd9c7aaef,1,1,1,1,1,1,9e-06,0
2139409676879853,c2a2cb8f942124c61c22daae281703eb8f64d8eb1ef85c77b37a3d16e59895a5,1,2,2,1,1,1,1e-05,0
2142725129867751,a9135addd5e6fe083d19149b25a47a8d0737d49867ba7868921874a04d0fa0ea,1,1,1,1,1,1,1.4e-05,0
2151726665356212,222e6d404955d78bd9115e0bf25979742663a518abc6c18605f2fc20fc854cd6,1,0,0,1,1,1,,1
2151890195340955,43feac612036a5d5c3d133ef9631c85440af8d5c8ba17a760eaf637ff8dd75f3,1,1,1,1,1,1,9e-06,0
2154756961717574,c695a5b4df68de917ac75521c8aed55d2dfaeb4eda9fcd435f9c1f8ef940b63c,1,2,2,1,1,1,1e-06,0
2157673091431043,7d2e5da665742abae6a36bb300243acdae5aa5e49121bb0504dc57879ee4e7a6,1,5,5,1,1,1,2.1e-05,0
2164859310707068,b7f482176ef931ac0f7ddc0a229a4e9d27292b48df4e6104f261adace45f5e88,1,0,0,1,1,1,,1
2172995236524387,dd34ec838cc5f998f6aa7302995a7c458c3a6077dc363e01da8b9651d027bd6d,1,0,0,1,1,1,,1
2180726279083957,6db589eeb6861f0642eaedd68c7a3cd6ef0db8ac483efae44af57904df225952,1,4,4,1,1,1,1.1e-05,0
2182447022508824,57cda341411d4137a6aa92e29073c1620ac80208e63ef28ee45cdc4a893a2a3f,1,1,1,1,1,1,2e-06,0
2187968838696301,659138dbfa690b42ff0b97a00ed143155635ef1d764ec1f5cbb9af0e290a3b46,1,0,0,1,1,1,,1
2192088431321333,a004e4698d2855d4c0d0667ba62d5112ec1a8f4c0f3b70db9b3532cd804ef698,1,3,3,1,1,1,3.6e-05,0
2195534784308408,d699bf7bb2987cb06153d15fd3cc4501dcc4f99d1fd961d540f36be309f53958,1,8,8,1,1,1,3e-05,0
2196418027547326,b1df6b169661bff933c571511be9c25929d4076f05740a735abc0605b482c33b,1,2,2,1,1,1,6e-06,0
2203558800136113,d3af9b1c566f938156b61713022ad822b37640704383098968e0476e82695fe2,1,1,1,1,1,1,8e-06,0
2204157796744782,57cd69a5918dbf214cb33925a2b9a4c0d1617e53e04a204c8f32a413e3959048,1,2,2,1,1,1,8e-06,0
2206316769857688,17982ccaa48ec8c57a517b55644c5170e4fc5514f4e6699cb0490b64fd0a1ebf,1,0,0,1,1,1,,1
2206554573083387,73933687653ca1f71e441a306da0bc4effa45074b4242516196d490f6cd5e409,1,0,0,1,1,1,,1
2207664936387602,d535d8d39f60cf6a8416b042aff81524c1ed461a3d11680adc4b430fa85abb16,1,1,1,1,1,1,8e-06,0
2207883563052636,d05297fa0049e45227a199e5b382542a5034d947e9c850e7f80fd6cdeef26c3f,1,2,2,1,1,1,1.1e-05,0
2208903262934892,c29fc41889432f9be07144e81dee8b878087419d52129e1eca20aeeb8367b6b3,1,1,1,1,1,1,1.3e-05,0
2214144529074126,0369bb190e4776d981b2802f0ac184a407b01cb4051e7c58ed08a27737d07b1f,1,0,0,1,1,1,,1
2214152825780651,d5aa5c8c8806c35c6edcf470ee61ae1ea8b55efe058a4be1750fa6c7c2fdf1c3,1,0,0,1,1,1,,1
2216283218865860,802f10401bb366b98d8946a70999426a4c739fca9d129d1c7d444f8cdbf92368,1,5,5,1,1,1,1.8e-05,0
2217407802101293,cd34ae08081e00229a94c58f1d1ef749db174ae59497b31b9ff9b0dc1997052b,1,2,2,1,1,1,5e-06,0
2217458302068067,6727b0437715134b74eef3284bc064f429c7f9298254537631b51efa41672695,1,0,0,1,1,1,,1
2221035725061920,f9854ab796e830ed77676c517250aed618dd946dab3281613231c39403521b48,1,0,0,1,1,1,,1
2222919931529333,10926de98d1a01aca671c5264f9139065ffbedfabcd81ad3427b29f0efd191c2,1,1,1,1,1,1,0.0,1
2224201951387438,ecf773b6c99341a534dd4e9aad22a12d9b41da4b47b2d3bed5ab55571ee83657,1,0,0,1,1,1,,1
2224936134654108,0e3112d45da3b09576e4cd9b6492c2f0ad9b939f55a030a945b384828b10be03,1,0,0,1,1,1,,1
2226854971133936,656c5206af07bacc8fc192fe15d1e5a58dae47a88094508c5906256ab78462cf,1,1,1,1,1,1,3e-06,0
2228185127594323,3e9af63e23f0c01367a33cc9aa9a67dcf54f06cf17e25616c1746383303e644c,1,3,3,1,1,1,4e-06,0
2230432087448740,00ccaa9377efb2df910e089d00dbd93a97b7e1026f82d9ac01ce865451b42a11,1,1,1,1,1,1,9e-06,0
2231787407313803,70f37daa4245ef0483ecb375c3588fc2eefe6d64e0009e0441b76943c03d17af,1,0,0,1,1,1,,1
2232630313809020,ef3491a7e41888aa750cd850a72c3b1547c2e44e407cf7c8c5b19818bd96f754,1,3,3,1,1,1,1.4e-05,0
2232864903872165,b21d182959eae76d6ff7a1f69c4c8aeb3036aea165339c9805e2bb7a8264f24d,1,0,0,1,1,1,,1
2234585613705647,26a75daebd745d046c7f83dcd8ab3f77ee77b96a2bdd9970c9a01ce03b713019,1,1,1,1,1,1,1e-05,0
2235560556964939,2b16989749098d08c6db47ebae174974d81adde897eb806784731694f35668c9,1,1,1,1,1,1,8e-06,0
2238307416662521,ead547193a34706933c1074453ac96ca4a782df2c888c18e5d23bbdd851a9558,1,2,2,1,1,1,8e-06,0
2239513356549480,b5cc6ea6474be73f2e64b57b7809409e10e48d16d7ab8a3e574142b5325f0daa,1,0,0,1,1,1,,1
2240682929742302,52c961439b5fa9d564e91fa0ecfba744689d6c96112ca5b5017d2bd3a3fb961c,1,2,2,1,1,1,6e-06,0
2241615419676536,04afd6ef26ede6ef360d0d9dfc81f360b10b882e375853ead43880906aa7ea9a,1,6,6,1,1,1,1.7e-05,0
2241635403006696,3b2ce781a03c2d963276b1d48c572065a50551f9cd2e57f3f0473ef68d2f4348,1,1,1,1,1,1,0.0,1
2242641872886535,fb702cd5e9c30a9e7744d0ba964c161d12671fdf03e623607e7665ec4314e68b,1,2,2,1,1,1,4e-06,0
2243839069354922,59c8aaa2341d0b2a19b1ec9ebe1e156281d89711f82804e87233335c2200359d,1,1,1,1,1,1,3e-06,0
2245491539278410,3fa449611bf2e7715ea65709f1b8e249907995e23469950bb33e8d9cf0f9b2bc,1,1,1,1,1,1,8e-06,0
2245866365943575,1dc4f903286b089d7499a8771915f35aeae9499c9db2a10be7379b67ca97ba12,1,3,3,1,1,1,1.4e-05,0
2246749572463943,4e0aa3fc711837cb85d1a85baac62f6debfec896916a6469c3f7bde608e89916,1,0,0,1,1,1,,1
2249523275526569,90a5103e49c3caf5896b85751771577dea61f7362b8a33af6610153479d6d674,1,0,0,1,1,1,,1
2249627365530691,a9b3d0e0fa25f435f398a740e16ac4b4e13069e1cbd27f4d3d5197b3dc81e00f,1,0,0,1,1,1,,1
2249682278865437,d749b2f613440a642abdbef9f88c8f2d859bf44d07bbd188e3bcba97bb1d6443,1,3,3,1,1,1,3e-06,0
2252087961958317,7778873a573a51113e98a5ac875872634f188a4ef143c213abcca6c3a9138a19,1,1,1,1,1,1,1.4e-05,0
2252187155208650,3a923f7f3338b08dbefe5f7058d4399f2f2f82aad61e88316a4a492ef8115954,1,2,2,1,1,1,3e-06,0
2252564111888209,3f161658860e90ede2f0a3c814f0fd99cd73601d3a1353eb0e9713acaa4034ca,1,4,4,1,1,1,1.9e-05,0
2252974625208346,e89b92660b5f1e668fb342d8be1ea19288e65ef375211d9d4d1d9d53a6c74830,1,5,5,1,1,1,9e-06,0
2253718051791589,c5c7f5babdbb710f08c74ce2e10198b984320a4c3eb1c33af91c4aa60614aa57,1,1,1,1,1,1,1.3e-05,0
2254529378355956,d2f2898a169b415d5846f0ef264efae5e5c2826f0ce07e513d9e4cb72e3483e9,1,0,0,1,1,1,,1
2254978834984757,d36bf00891fa720a358f7a8aba04fce0fce79672d820ddfa944a0e55d59c73a7,1,3,3,1,1,1,1e-05,0
2256031108250662,e1bfb5f3c297d364289315e6d0efd53d30fd3d4132026f6f315f3ec0480c219a,1,0,0,1,1,1,,1
2256105471484135,d66f88a6aab1ea54f3cf87287916db15b99b008818f249990e34b6e4210b8936,1,0,0,1,1,1,,1
2256387084871059,38cb355e1d973ebc762235c420a3d4474228cc6c31ede9d754408ea952d086cf,1,0,0,1,1,1,,1
2256946571465784,76600f3fc1151d37f7899f38fb46af57f549425a45701ddb9ba49a1ccf10f52b,1,0,0,1,1,1,,1
2259181157842605,13065c717d42cfe2143cc4732c4cecdf0a482816d1abf61bb1d16863eee65ea1,1,1,1,1,1,1,2e-06,0
2259562001189115,61aea69897a9b741e618d50b5107b6e6f6b02cb4ef90294fe5c8eecc313d4d61,1,2,2,1,1,1,4e-06,0
2260050014515314,8632d59653b78136fea5fa3ec30e14307bee9287f860358448439222a7b6ff8e,1,1,1,1,1,1,5e-06,0
2260879557743097,cbed6146dc6e05d0fbb672a7eccbefa889c1aa8f76019d62b9a4364fc580f413,1,1,1,1,1,1,1.7e-05,0
2260909164416704,2324df03c1769d02ce86c4f2f7723ed4d3b192b365a42ca053c8479b04641938,1,1,1,1,1,1,8e-06,0
2262952737463202,b8aaea60950c97fa3ed2d68edc5320449511d16712397f2a8e4af4b98bb51406,1,3,3,1,1,1,1.1e-05,0
2263609664080664,cba892be23f6961b8bb95ace10f93b3b4a57699a69f149ff8da05bc00ced1521,1,1,1,1,1,1,6e-06,0
2264917534005375,e1d79414d81bd9a37ee597819002ffb0732e533165aa0a2043c9a73b8c2bf527,1,2,2,1,1,1,9e-06,0
2265874547230834,7a1c7a592a5f6d87b548cc6a24c3662ffbf7901031a8d15c2afe08d52870f4aa,1,1,1,1,1,1,1.3e-05,0
2266673747164617,d4f3c1d6946da70002a2e3a53020088f9094ba007ac44e36906449e3b91c0e6f,1,1,1,1,1,1,9e-06,0
2268490446970169,f1771ac2e2fb4a8435af21a62411f5656c01ee26dd2d156b6df5e87e38d5a5c2,1,0,0,1,1,1,,1
2268565383610310,5ae0f70c7411dfe4a88a19daca4925ee56d934dfbd385c229019472006c72cb9,1,2,2,1,1,1,3e-06,0
2269665916841438,925fac46267386628b7ce9f41f9e2161f1094137fbe051d8a43ae71315769e66,1,0,0,1,1,1,,1
2269768680206835,80b3acb60f36827b0940d4b7c81119351cf845149f23ee7d592c4eaeb174aca7,1,2,2,1,1,1,5e-06,0
2269977833476545,58a61591df09a484acef218a2a072423ce49ceb6d7025c40b6e84d426e46d502,1,2,2,1,1,1,2.1e-05,0
2270441836761423,fde199186b9d2d32e6f4985723350300dcfded694fb67d8e9bb7885badbd54fc,1,1,1,1,1,1,5e-06,0
2270820513416782,38e6e3ac9bd7f34039f0be33bbdb1bc7de49827855bc902ec0ac8b0026d21584,1,0,0,1,1,1,,1
2272343526619058,fc64ce7f67dd292b93e317d96c1be47192b34835624f525871c8c4762db1d6ed,1,0,0,1,1,1,,1
2273575786479766,62709af7334877e7032f7ed619c779968a7f3aae53b95d16ffd451c93c593ea4,1,0,0,1,1,1,,1
2274234676430565,871e457f9e508d8d84814c16c5f3929776a4af4fa5a22f313befcac1b9c4ad0a,1,0,0,1,1,1,,1
2274875652989962,60d4fda410832259ec36ca557256430156554badd3ff4487e5c96acf497b33db,1,2,2,1,1,1,2.1e-05,0
2274937096343372,8ce9edf5e65b759a26e8e716eff1aafa71d4289832dab5032693d8a4045a95bd,1,4,4,1,1,1,2.1e-05,0
2280263179104774,432147a87a96e421f5ceaba76044792adba7cfe5a747ae1eea319f9ec9557d4a,1,0,0,1,1,1,,1
2281219182305735,51e3caa98b9659c8f076a14a5e5185f794844c2d86b4eb5cb2a9e474bc1560c9,1,2,2,1,1,1,1.2e-05,0
2282500542226776,7bdfdc516f73013ff597c9fe1ce8e6ec5202128259548156b8f82d167e9beef4,1,1,1,1,1,1,4e-06,0
2282680615542026,98446868ffb6e06400cd35540ed46730d5a3e2f67a982f89aa3def7bd3701208,1,1,1,1,1,1,4e-06,0
2283039648848991,b13bc804ce64268717fe38179c4f72392bdc595ae3644828e02f4dbfccc333a4,1,0,0,1,1,1,,1
2284030098768468,aaf6506c684f4d04b0cb9bbab6139fd09c34eb7756618799aa63d49b29160fd7,1,3,3,1,1,1,1.3e-05,0
2288708404887120,758d35c1d4cd137943b24c5091d4112c1131e0067f4006c4ffe675aaa6c2eac3,1,3,3,1,1,1,1.3e-05,0
2289094624937246,1f2b079ad6040761b2e0ba19080b6d90c31b7f5b2a1089c03d516c1dc439e8d5,1,0,0,1,1,1,,1
2290454971398509,78ab2936478240182b0591bc64703d4d129be949037c180c71b00368d9f9589f,1,1,1,1,1,1,9e-06,0
2290490861396399,7dfdb1e8cf01fdfadb87c95f967ca4d4f5ed319cbaa0cee41a83e96e09f39278,1,0,0,1,1,1,,1
2290557648058747,3338fcb662acacc4213e7ba30202939d7058f633c825296d4a0baf179fa83ece,1,0,0,1,1,1,,1
2290960884662730,b0308769a8b464b552f00143e61af978208d34ea04df1c2778f9a7d7e4584afd,1,6,6,1,1,1,3.6e-05,0
2291134471356269,99c91bba95d2499f97a2147743721e0157dc87c79fcdc0e5bd75a363cac83743,1,0,0,1,1,1,,1
2294550604395483,84143357bab719b6485b81ed33af0aed26b1c68dd8db8845d701e4140f077d3c,1,0,0,1,1,1,,1
2294900870994138,091d938f73f6122a23c60fefffd1d8efdba5b1e3d30094c15681e2921b024b16,1,0,0,1,1,1,,1
2295117834338849,e6a9d3c1d722a5d6e9200848b6d142d86f1be158a8c162f64b1d481067f59c33,1,0,0,1,1,1,,1
2295427617574965,077e1f6c34503f6a2f1d0f5ccb9d77843ea770c0e8e717aa36d4a7a129e0b061,1,0,0,1,1,1,,1
2296882220738979,473513cfbc23e4d599a095467a13bd1c7055ecd427fc186e2ce53466068f4260,1,1,1,1,1,1,1.2e-05,0
2299993737113040,57b4161133d96529606cfdcb7be8f6182dedf0edd718b7692077e1f307d77f62,1,0,0,1,1,1,,1
2302185016896880,2761f1afb08049fe3ca72637f40bf69ef797bad7bfe75e4e959ba422187b270c,1,0,0,1,1,1,,1
2303749180066877,da89d818afebcbdf2b086a225c46388cb5bc9a37f2f044031b3ebecf7670cc04,1,2,2,1,1,1,1.4e-05,0
2308281332977688,8454cf84ccd5827336ecc32a6bb9c8739dd3d9fe4d0d48e4b362fda2e281971d,1,0,0,1,1,1,,1
2308376869628567,dcbe821a0ef53740a5d9b26c8bf7a1764da0bc1c4c1ddb7d2c09309ea375110f,1,6,6,1,1,1,9e-06,0
2310144862822993,ceaf2f57d6adafa108ed9ff461a93e19edfd3a3e7fefce259787f07fae2372b7,1,3,3,1,1,1,1.3e-05,0
2310282176079321,1f25b61b17562f91ead6fba6cc17b426121a90b9000f93aa068f2f793e36eaac,1,0,0,1,1,1,,1
2310582132749956,2ec92aaef545a1dd882225d634ef6e4769a42e42bc183fe504449c2f91bd42fb,1,3,3,1,1,1,8e-06,0
2311374895954791,ded170d80838415761fa3ad773fda19f4bf0837d155255a7dead72a80df5f29f,1,1,1,1,1,1,4e-06,0
2312146762571225,36a3da4d3772779597f20c7bf849df78b423ded3ae397cab42831ba93e442abc,1,4,4,1,1,1,1e-05,0
2313027992479509,254d67e6e66caab6519e078ff07b03e6ff610f4b793cc2e5b5531d0ef1f7566b,1,4,4,1,1,1,1.3e-05,0
2313441679173182,b99e1b7848c8184fa0a683a04299150c1ef97197f9560ed86cf3add45199abec,1,1,1,1,1,1,1e-06,1
2313569732482654,5c318b041e89ade31181fac2b8d8cec881f98a0008aa3cf3f082cf5c6d9dcac1,1,0,0,1,1,1,,1
2315750095527778,0ced8dc662798fb8e7e98f539108af8c4268e1091329c60e657d6e279fe382a3,1,0,0,1,1,1,,1
2318143852037715,f662d8a128e6cd8ad1321eb958aa024d8400c94c0c4d9092de9f34b5adc86697,1,0,0,1,1,1,,1
2320557361717133,de46e91f1771523cbf853de6d4776a548278c3605265fa2fed5a7b2d05e1669e,1,0,0,1,1,1,,1
2320981535054984,fcd946a9d8b15562026b3859d9b1edfd7b404d311eb488e27dc4eeb9c8a6053e,1,0,0,1,1,1,,1
2321167051661003,6a03f30ee8488f40cc1974f7d86e3e5efa3e2f1a6664e128d9a313b1bb4be102,1,0,0,1,1,1,,1
2322167468196051,8bf04d4355f7d70a35f06fa84852ff690bd0ac141d22c9aa1842a76aa2cb1e5e,1,1,1,1,1,1,1.1e-05,0
2323430951436632,5ba97825cb94a36397a74466a7394428753556c4cd4057c98a6c26e363ac0def,1,1,1,1,1,1,1.1e-05,0
2327140534398326,adad6b3af6ae476695f7b010a63e694555fd6835b96a79673017afbd6b553303,1,0,0,1,1,1,,1
2331968517245004,7295390abfa2ef8939a193a565352d21b4453307e8d66830bc0bff9a8e493675,1,1,1,1,1,1,5e-06,0
2332177237244249,d56b25d4662a7f03db051e765f166e654a8dc473b77238ba0bace6e418ddd894,1,1,1,1,1,1,6e-06,0
2333687963738315,39d39fc9f27918befb320328dd1b348444e9d953b989a06b463dc97682bf42ce,1,3,3,1,1,1,2.1e-05,0
2334049943708811,2054c51fd51918cb75f2d9c0775520b2e93475a0062bdc78fe278fd6b7481c96,1,0,0,1,1,1,,1
2336563020122293,ae4fae598be8d79e719acc6fe39146071e17a60343f793a037660efba0e5a87a,1,1,1,1,1,1,9e-06,0
2336917326723059,b1600a1abc07e4da605fab949bb02cfe0483f41b4dc8eed0cfd17b97d70e8336,1,4,4,1,1,1,1.1e-05,0
2337163753398921,1d1fcf9ffe2fc464485c0c87e5db48be8a60eb375c1d86a0ad94264e57023286,1,4,4,1,1,1,1.5e-05,0
2337568866700623,3e5f227e62e95d61ca70d0d73a384f86b2500b47cc1f2d3f98d4a73929d87792,1,2,2,1,1,1,1.1e-05,0
2337764126657530,0f8751e440acce81cae765dee703a8badab2b0c998a22c10e3cec83494eda2c1,1,4,4,1,1,1,2.1e-05,0
2338448946620263,bda17f51d72b45c91e2f3188a40dc33912609ef533f476b565cf69de0425e2c1,1,2,2,1,1,1,6e-06,0
2346284055843260,ced2abaa7d872f180312b58e3437dd8d664c4f9803964c6ac181835e8cfcd715,1,0,0,1,1,1,,1
2347199309404933,6f68fa561dbbff8493f67f15789f3e1cfa3e4e4f9ee4246fd2a5af27d5fb72f7,1,4,4,1,1,1,1.5e-05,0
2347670095682587,ebdd31aaf63b13b1c9a5857a8618ef3c9e09e88e50e891ad78aeca678fdc2df1,1,1,1,1,1,1,1e-06,0
2348914048907064,cd2cc01d2c8e51f22bcba91f3a65f4bdb60336e87ef2adfe70351fc280015c08,1,0,0,1,1,1,,1
2350816968751971,1fd71bfd12a77c774c5411dece1a6badd4699914aa717415290c9539e921e0dc,1,7,7,1,1,1,1.3e-05,0
2351033855333652,35d6de8b15be29219849e62e033be087369011af748c4e7bc599a0fbcc650c17,1,9,9,1,1,1,3e-05,0
2351040238650030,25f0d0ccd199fa45ed75bd50bcccb325c6a7ae00c3d84279fbe06fb07c1eef5f,1,0,0,1,1,1,,1
2351202198655740,7cd5dc72802c22094542f7fa0a62b83ab9a0db0ba5d9b70a01200da4b35a4111,1,0,0,1,1,1,,1
2351669318611224,4faf672a885165e8acb7827cb5bcf81f04caa138226ad12e2c861299c85e16c8,1,0,0,1,1,1,,1
2357490601419946,7480110758169cf992dbbce4eb122f48909d7615780c4703866fcbdf99ec8415,1,0,0,1,1,1,,1
2358098047974444,297ab25869e6ad373a00f2418610a0ec6aa98411790da99946144b4782db225b,1,0,0,1,1,1,,1
2359016404544889,ed45a40979838a74f53a92e8e9999f926c07b2e8656d083cffd78a8551fd9c20,1,2,2,1,1,1,1e-06,0
2359362804510296,450a09deee9ccde688cf3c098ece0de18320af356a64ad5179c4b0bdeec3e517,1,5,5,1,1,1,8e-06,0
2360862757696270,ccfc944a4f85051fdaaf32cfdb8146e36c2364ea943d1b63fad607d25d58adc7,1,1,1,1,1,1,6e-06,0
2361067974329408,c31e693749894282f14f5abc171b1d7af61235f6d1e0941e598f595af0daaa5a,1,6,6,1,1,1,1.8e-05,0
2361708511011343,7b76c145d9d5343f2480e66a53fe300bd3d1b7f00df4fe15dfa867359d12c990,1,0,0,1,1,1,,1
2363735367408966,2bc76ada6271164f0abb7883395b80ac81e59f1c7798a2beb8e6027436318e0c,1,0,0,1,1,1,,1
2365720043846271,f6a698225e2f6a4198a035a43234cbb6126fcdc1ea7105700977cc81e5a50f39,1,0,0,1,1,1,,1
2368123863640740,6d2778f0718efbd88d1969c614ab90f2171d9a9087b735400ce6f0a1e220496f,1,0,0,1,1,1,,1
2368153060269288,93fab37ee78300f910606249b3f8db2b74e5437af722a91333096a9f20ed5736,1,2,2,1,1,1,1e-06,1
2369782630138431,63bbe6c914c12fcf11a03a478d236d99a7984b29568d412a163db351283c76b2,1,1,1,1,1,1,1e-06,0
2370215410063102,882a725a3c8118cf1afd42960915135bc33ea634973773fab0e43c5af8f91f99,1,1,1,1,1,1,1e-06,1
2371595983275482,022ee6a246284fa5cbbd035e10ea524c34d397387b085df5d9d944ad4f7cbc3e,1,3,3,1,1,1,1.8e-05,0
2373687283146860,bdcaf9cbc46ed33fad575c2f4dad982407149d60e48085bc6118a9e8b3bd8fc3,1,1,1,1,1,1,1e-06,0
2376097212843788,d368b925272e0ff25b131562c3d6015b07c7e09a6e25080e1e7f731b88788a92,1,0,0,1,1,1,,1
2379088675843261,b52d63e2c16fa289715138e41827254ea3e01b18e94cc1ddd4de44deb650fdbb,1,4,4,1,1,1,1.4e-05,0
2380168432415814,c94147a23978d64f1352e6c076e1020e1962db4f472e7d1c7b0bf8e6a3d8581b,1,7,7,1,1,1,2.8e-05,0
2380551585728891,28d1792669307484385283eb53ae6b4e9ba7432421b46702cf0496ed69804159,1,1,1,1,1,1,5e-06,0
2388087221649899,acd26d14c7b423d2f4f1515478787cea750f8fce4501f289f34bbdc5ea7f7f5c,1,0,0,1,1,1,,1
2390232518076420,08be7c944c63e68ad57156c9c811d59ba0db1a79a46eb4584ea43260f8754cd9,1,2,2,1,1,1,1.5e-05,0
2391814007915575,6a3e22899c0ce55bc9abf6c8a4ca85f9f6e60f124a2dac6a8262df895c38d7cb,1,2,2,1,1,1,1.7e-05,0
2394621920960524,c8aa5f35a2d0666368e8352d0244d2f52604434c96e5383b8ca5916cbccf4c0b,1,0,0,1,1,1,,1
2397368387367218,589750cd3d216aa2c42236eba3fe75b0434d6353655d5441c72a247e78daf9ed,1,1,1,1,1,1,1e-05,0
2397700634019848,59a5bb54f18df917ba50c86f3cfc60700704f4ed17aef19bb889700727cd49b7,1,2,2,1,1,1,8e-06,0
2402108090210008,3d7a7f7fa8701251cdc31ee89fb80d0c7ebbbe23722d549a76f67a3324fc936c,1,6,6,1,1,1,1.3e-05,0
2407690326312504,9ed8ce88d7f2d4cd8b294029e84eb2eb8ff447a70fd37cc5ebbf177b2bb8f289,1,1,1,1,1,1,2e-06,0
2409037336220861,f9360b98ddfeeb9e57f8cb9784ee5f90f58e2aa6385c32ef970371739870b4e4,1,2,2,1,1,1,1.3e-05,0
2409404282808679,524645e0197a8fc271acbe3ca67b577922fc39dff129ed5d8fe23bfa69fe30cc,1,1,1,1,1,1,9e-06,0
2411441139272525,ece14fe21ddb73ebcb8d92994e8f02fcffec80f0f90c11bdded101a32cb1b685,1,3,3,1,1,1,4e-06,0
24150423294633647,d0ef0d982272e459a62a740d51465f8f3c762af6a8af1857f9576966f3b480b7,1,0,0,1,1,1,,1
2418864618572345,94effe463e7f0400dfee8ff34ef35dcb6606be7c900b196ebc68fafdf3ae7088,1,0,0,1,1,1,,1
2430992644074267,2ae0d4aa3c00c12f80d5bc204669a4a2c584d37c76d33d6fe7b67c762f39bc3b,1,1,1,1,1,1,1.4e-05,0
2433242663761688,e24397fc8c977e2e15ed8260a1abc14bb8d0121eb223f25b45fa1935b9d8125a,1,2,2,1,1,1,7e-06,0
24380764614932022,a2fdccd38553be1b91302d9ecc20ad6a87e1893181190ecacea74c0819d47cfb,1,0,0,1,1,1,,1
24424577930551167,37b0a9e586e76d66af7d989be6cd8ba59d0ead7f4968d57a3deef39a46216f89,1,2,2,1,1,1,3e-06,0
24444322618575845,0ca6c7e0e45d5c0bab4735c22ac49fbc0e856d88fb4d50a441f704b365f6ea74,1,3,3,1,1,1,1.2e-05,0
2444743839290767,24ac30ffbb240f78e1195c224bebc9d02d76b92f5ee5fe058c4449d1fc8e0189,1,0,0,1,1,1,,1
24455282064146754,fdccaa04d8bfcb83abbf0b4129eb5299f764721339fc389b75b6c1d63ae4ef04,1,0,0,1,1,1,,1
2449134418870638,439c71b20425021ae7dbbca6ecbbf7984ae8590c6a1a352b1802ba6f86ffa6b4,1,0,0,1,1,1,,1
2453682955028344,1de8cccffd38e0fe074f03c031b235eb21ee9e8896af1cf7c02df91862d90b12,1,1,1,1,1,1,6e-06,0
24548874664790740,d003eb341ea73344885ff48d3ab8ab4fb934aca55a7f57df832dc67fe6860b7f,1,7,7,1,1,1,5.9e-05,0
24591877793824771,24df197916364551290c6f78887ec3ce416690a7ab28b95016c8dcff9a4109cc,1,1,1,1,1,1,7e-06,0
24598172003204698,e2e3d16226d2441f65859c2a3eb139e0c23dac9f416cc071c098d2105d9722f5,1,2,2,1,1,1,1.5e-05,0
24627656603574908,43fb4314392df1c01e6ec758e1ee6b115a754188c046851ac53f56494dd20b7c,1,1,1,1,1,1,9e-06,0
2465287357223967,6e8c219ac91f9a90313b208c52eec48cc4b53198f1dcc44dabaeca803529e0fd,1,1,1,1,1,1,7e-06,0
24732879919746280,6973f859024f4aceb44b0612f0bea3ee020a2d21c51c8ef754db83ed70ea77f1,1,1,1,1,1,1,1e-05,0
24738011509232835,2215f3986ee9a9b12d8d16fc2ee0a3e58dcb45cb7a5d3dccb3a07b02ed3c35ca,1,0,0,1,1,1,,1
2475459436185232,bfa6203d3a494b21ac20e689ec27d4b09dcf34375fb9e30d93cc77f270c67cb4,1,0,0,1,1,1,,1
24757934007219986,1dc8669e42629c19c90c15a09d2ce2d8545da883d3dc6f1f83c03100a01d01ac,1,0,0,1,1,1,,1
2476054212823451,14e0c1d71f589333db8aaf01ef77037f263f6e2b5639d0e97eb4be77a8f72e1b,1,0,0,1,1,1,,1
2476456129415543,dcade27b5ea2652bf321bf9a200de5dd0943ec04bd893275e38e9f1c47f535f3,1,3,3,1,1,1,1.3e-05,0
24782346784776968,6786247480fd0faa40aee8e8416e2464038b3c60803e80f629930a1af3511a9d,1,0,0,1,1,1,,1
24791034710597358,e589799fd2dddd7e96f5e7d852ddd0f904199e5a8ef5f3fdc83666864d830a18,1,3,3,1,1,1,1.1e-05,0
24807823498914427,fe23b9e52ca1a6b347926db15a902f6833e5768f078be87e4867a4e8ba932cc7,1,2,2,1,1,1,6e-06,0
24819893657710476,00de684f0632373df5ae83f14a309d91df7fab9ba46f15f302a7da788a0127c0,1,3,3,1,1,1,8e-06,0
24831848349847359,d415df7e62a8cdfd7fd8156a5f5583aa485ec7cab922c8da22eaca3acda5a039,1,2,2,1,1,1,9e-06,0
24835547349478880,e44f0819d4d85043f2a73d00155ff91bd90a03991a3f2bc73135f83a331c32d3,0,3,3,1,0,0,5e-06,0
24838076352560738,03643b49c0b40eae2f7fa7de084e4212931ccf0b824fc5822334ba3b094d5467,1,1,1,1,1,1,1e-06,1
2486224475082854,9b13e04fd3414b472c89e3c6195b1ad38b812e04d7583327719eaee8777a7e46,1,0,0,1,1,1,,1
24893393923685437,17e5a22cf3451feb3b73098a2e24a7a6fda19e685b80c8302472877e55f13af6,1,1,1,1,1,1,5e-06,0
2491725181242889,874d1a585d404815bc95d5b366fa88723c62217db6c3ba3f203d62fd1e21acf8,1,0,0,1,1,1,,1
2493185357719895,0a2d9f7394fb9a4efeaabcb448150a40bb815c584ce30952ba8ecee31eb778e9,1,1,1,1,1,1,6e-06,0
24949684634700399,ff4954f22d3846bad2543562269fcac65090cd04d3a1cf9f0b5197809b409f5a,1,0,0,1,1,1,,1
2495043394223394,8675f739c9109097b0da1723e7f2d0510c26a7a6c835f02320dbdee9d1dd45b2,1,2,2,1,1,1,3e-06,0
24953931374228079,767b9ad7136e57bd4119dce3cd5094f30f090293e4068bed9f1712f7658b9a79,1,7,7,1,1,1,8e-06,0
24965351613149822,8158d6c78ec936874e2c8a2f6c09293d31633bc380759c30418da08231ee3ed0,1,1,1,1,1,1,4e-06,0
24968202109518684,1ad98db14ab1f8654d13bd96cb7c4b59ac4de15298b687c75067800e4d060874,1,0,0,1,1,1,,1
24982603754734990,dfbdf80b6a970d514ef5f88b286b57ae589f1437a7feeef1a0c17b8422dbc5f2,1,1,1,1,1,1,1e-06,0
24987247274264628,483c06d7c83ff73f77cc449fabe8465e0e6566573731e0a68e37503f3812e5f9,1,1,1,1,1,1,2e-06,0
24996677949954808,127816854ada33b0aaa398cb4058dffa10e5a83a993b46a9f3b5c9a1c8bbffa8,1,1,1,1,1,1,7e-06,0
24999446183044048,69ac3b61e86bfae237f1cea2e6a8bde04582b7c6f8d8a293d4630cca09571788,1,1,1,1,1,1,0.0,1
25000462599638576,8f06645c3148b7794f862dac82af712baa79d19f9711f47f88a55dbdcfc74645,1,1,1,1,1,1,7e-06,0
25003317009328835,d414cf6f58f29e01849a57701f5c37f4d7e74e3a56644853f8313a00c219790b,1,1,1,1,1,1,4e-06,0
2500482267035822,ee11cdbd2c7a64287ceaea550ab86a057b5f7a3609baf8cbf5dc6652dee9c07a,1,0,0,1,1,1,,1
25006962695620634,46644c110648c95b47b238ad5dacc903a4e9cc40acbf47e1739d0218c36d3ef9,1,6,6,1,1,1,1.1e-05,0
25012417068428276,1767c20eeeef0be8f75fde56df623fd4e96186b9040901d6390593f42b278389,1,0,0,1,1,1,,1
25013013768326464,10e6c59facfd04994d2227ee2ae741c5a6ba3db976603062bee1070a03b704d6,1,4,4,1,1,1,1.8e-05,0
25014088114929124,d3bfd7281f1814121ce47191d449ba9737149a466b1b7d41e00264b7c291dece,1,0,0,1,1,1,,1
25017739877868955,1cefe80c35b4399609d565b8e739ec53797324d256af3b58542ec3dcc30a894c,1,2,2,1,1,1,0.0,1
25028754253434442,3eaf63fc510a992bf58bd719f60f5ea8c52d394a84b07ffb476b394bd9b952b1,1,0,0,1,1,1,,1
25033153063011813,3abb3a664a8f24ee8fb6bf710f93620ba9b6ecbb619f5bb5cfbd38770df8b848,1,0,0,1,1,1,,1
25034520289565571,f3ae9c2fbc56903e6a07060c9e44e273597dbd978c5915cd4b54285b2481eb4b,1,0,0,1,1,1,,1
25034723672886800,4b5c71f89fb9a883336473b89ac16ede322f6cadcb32ee560c828391b53c8865,1,1,1,1,1,1,2e-06,0
25047826974838994,4ab033d4e1ad3cd1edeaf4314fb54c73a6f6d69926975c78c4ee945a3f535809,1,3,3,1,1,1,2.3e-05,0
25052442567745014,3ded52808c589f408614a6f788c2d90904325c6caf28fa3e4227142eb5efb85d,1,2,2,1,1,1,1.1e-05,0
25052758024344750,17fb0b1a4eb5c389d157aeca732ad358207e858d8368f0c60603d3a961f42f86,1,2,2,1,1,1,6e-06,0
25058465513774305,84332666c882e47d9b7d646ff4a06cfc06291552ca740bf1f859b4231b9876f2,1,0,0,1,1,1,,1
2506395396428545,b2a8d10dfdd5e2d64e15d36377768b860468d981091caef55399565ec4bbd642,1,0,0,1,1,1,,1
25075453462113152,b0b31872621863b31ff95560135898cedf1cd7ebd520f6495163c65cfd27c902,1,1,1,1,1,1,5e-06,0
25077217355266071,d79e5491ea32bb8f3f9aff851ea1091a3cd4525bd9e39de5c102831cda64f6dc,1,1,1,1,1,1,6e-06,0
25083841821310089,a4c6bcffeb5203a2d3e75391b0ca9146d5544f74d3c017c3d21c40ed477ea339,1,0,0,1,1,1,,1
25088825524093486,d28226c9221fe2a3041d3629669f3ed2a75b3ab36317e46ccd7397fb3d68e098,1,0,0,1,1,1,,1
25095040766789750,c74631c5912c8a907cc95196f8c37d1ee6b5f0ee5e6acd88a33d18c80baebcc4,1,1,1,1,1,1,1e-06,0
25095181716775847,78ef834912c09ff056b4cbc571b6a9de147a91d1509dc0554d2279b8eee2d303,1,1,1,1,1,1,8e-06,0
25099200739741846,8b99abfd4ccec3d506c2157dc31c1bb404680c3fbe7302cada73960b6f4f8975,1,0,0,1,1,1,,1
25114266008240380,8dd88693f1b38a51d881f225384733b47db2fd78d6b7781f8803ec319a42dff8,1,1,1,1,1,1,2e-06,0
25115328691450708,0a7ff264a1d4a098f1bdbed920d9a40c878f2d9c5543c7c7c9e6780f8a1d6bc6,1,3,3,1,1,1,1.7e-05,0
25115497994807967,3aaab95ec742859c39fc10594dcd8a26f7a1327cfb24e3fe366cc8933485ee1d,1,2,2,1,1,1,2.1e-05,0
25126480206971426,d89d221635054a2b62d05914d68be4d37254c4541a6b303221faded361cc2c2f,1,2,2,1,1,1,9e-06,0
25140148142263375,71f4baf2ee89bef9f50e5c2099a8b7dff4e0aa86eaec2d6e2eb6dbbc97e4b646,1,1,1,1,1,1,4e-06,0
25141431022176398,31e55fc58d2e06997f62f5049a5ab9065c67aad23a3f0b6b4ccff94aa822233b,1,1,1,1,1,1,3e-06,0
25146247515004277,5d0333adae291270ed8f4d83a74ac686f02a72c0a6fba94009b500a9d08145b6,1,0,0,1,1,1,,1
25146842334955788,d4e2ed9816e71e66032d95c26c2027d852694f76e3cced3cac8686034e5a5733,1,4,4,1,1,1,1.4e-05,0
25150363067946299,b5909017691b038833d920d237c7c48c308f0aad2d49f10927e8c7a5ea95eb4c,1,0,0,1,1,1,,1
2515118915551630,571d5a9262db3f567b2d18aead3f835c34bc173102b548c1d55bc745a2635543,1,1,1,1,1,1,1e-06,1
2515175168865218,b3d8fc42b280f60b4fcb8dcf8faa560726310e7ad9e48bb8715030c9425cb120,1,0,0,1,1,1,,1
25162710476716982,1c52e9c511e0db1be354bb84bada4cd2f40515feb23f7407c7c60b060693475f,1,1,1,1,1,1,0.0,1
25164380619919809,109bbedd2e2a6f20e857a94efffb7340b30f6ba73365e069a6881346d0257fe8,1,1,1,1,1,1,0.0,1
25169632589392858,7e50896df25efbe45aec6ba3850b3c8ed74c8a8b3d140778d6c603195b1666ec,1,0,0,1,1,1,,1
25170692125918371,b37474af6f910b678bd0d8b6f0743afa4680ab95b325618d605c019ed1bd8be8,1,0,0,1,1,1,,1
25186620674352782,53cc96862cfee3546cdf397fdd3c72625f0e676b8f878f0d73c447aa3cd3c812,1,0,0,1,1,1,,1
25190811433886585,671bc116613ea6331e2abbaf7c2507edf074f7aa830273830de23813689b247a,1,0,0,1,1,1,,1
25192103500474472,a6c2f1eb244738ece63241555a04159254862df6c58d1d22c760d95dd507955f,1,8,8,1,1,1,3e-05,0
25197119143240752,1ca0691a4abdd20047bd62ae9aa706cf8a2b9e5f0624288e776b83126b27d28d,1,2,2,1,1,1,6e-06,0
25199832809644074,587ccf6fd4d2aeb33d05b0773923bd452b0a29835fcc069841660e48aac1a4d6,1,6,6,1,1,1,2.6e-05,0
25200410352950794,91064f7b1661abe054e96792dfaffe2ae7293bec7c84b05fb9232f0c9cbba3a3,1,0,0,1,1,1,,1
25203810995953404,2ea6a226d238f6f1e991ee2ba16b2ca5efaa8ee03946bb7f6e3515e6850e682a,1,2,2,1,1,1,3e-06,0
25212598208408168,2feafbe7a5dd6bd5c0bd4ecaba243f6501cb88b40d5ebff6b73531969b67efc7,1,0,0,1,1,1,,1
25228706710129672,671ec8dd679f0c8e9494adfa99bebca9cf1585a347e97393cd4deb705b922efb,1,1,1,1,1,1,1.1e-05,0
25231698049800584,0590c7749032d403ebc6ac8b3838d7ff64f25653aa195ed2ea22bf4d26f082b5,1,0,0,1,1,1,,1
25267151972922669,c30ca85550d37d1f69a3b233b31b9123af2293667783f112eb5bafc7031226e4,1,0,0,1,1,1,,1
25268319796187142,8d97f64de55421079c6a434d8fb03568699b74e5eed20fb45fc4da60449e9cf2,1,1,1,1,1,1,1e-05,0
25270406175889471,ee7dd4c54e173f19f6b57de5cccd3da77b8fde61644d9563a54a47c70ac5e191,1,1,1,1,1,1,2.1e-05,0
25277922765160642,dc2972be955066f1aa59858da0f73a754998def19fe369cfdd33993d320289e6,1,6,6,1,1,1,3.5e-05,0
25281457208141954,c6cf049e18e1ec7ace864b58383e1bf41805ad7698b130b4dfb8513ed44c2cc2,1,2,2,1,1,1,4e-06,0
2529393860778644,87cf82621427c2abef90f720b1095223ec4da4c88a210141d1c49ad90425f6dc,1,0,0,1,1,1,,1
25299763746309255,265240a07eb269836fbd56b2c9987a253a1e45684343563ec3e19467fc47d14a,1,5,5,1,1,1,4.2e-05,0
25301259389469660,5995ebefdb0cf7cb4196f74328914ab4d533c4d3d05f99b4c994155c2136ea24,1,2,2,1,1,1,9e-06,0
25301551856132726,8f0a3758f56b49c4bb390ed5568fe12caafcf623808ad0e04fc7b82cd76e164f,1,0,0,1,1,1,,1
25303286365974952,26804c5a4733c68c4173c556abc858d10d3f9a6cad272679daa8a2dbb9ee1166,1,1,1,1,1,1,3e-06,0
25306119225745130,f46c4f230175fa9536892be56faf8e03c0cf06ccb8042cf5c893b0328973cc2f,1,2,2,1,1,1,3e-06,0
25307455752223139,5747a5405fea9724c585dcc135b4049be83d6fb91a62684e5b88acbbb28a2076,1,2,2,1,1,1,4.3e-05,0
25318930131057432,a685406279b24e922eb25265ce364ccfdfc1bde5bd126fe5b171721ce3ba223e,1,1,1,1,1,1,3e-06,0
25319979450995423,d20acbd4e7ebb19f494d55793b4aff57ed05d9b8bf412f84f4f6b7290b2c9cda,1,1,1,1,1,1,1e-06,0
25327034093596242,bfd2ea70f32901a7fcc0fe251490607dfc448789b07e89c453dff8529e22aee2,1,0,0,1,1,1,,1
25336020292753948,774b08a9b1b830df67e86ea50df184bb88cb755fd15e9d00814253583f7c4e78,1,1,1,1,1,1,7e-06,0
25344451365174843,96ce48931d8451ba8aff7349d2869c5da70a0b13c5104e42ef8d3d8d1f4913a9,1,0,0,1,1,1,,1
25344848371852442,1b2b4c41614370b18e708a0797707c79f9dc161be7ce4551f35abb5620cd9684,1,4,4,1,1,1,1e-05,0
25345702931726696,65331fc293f0de47c11e0cbc2130a58606f602e2e6abb0e216af9b3ca4a5119f,1,0,0,1,1,1,,1
25354573390842700,fe54bababcdb4c7e084390c028812f7f0da12f4beda68b23290dc8203b1a0e7a,1,0,0,1,1,1,,1
2535607746801646,7724ecab0386f9aa655c76a258fdf99a3b1ef4466ae7d3e18127eeb5d2fd4a87,1,1,1,1,1,1,8e-06,0
25357442127221035,63b145f9ee96a4651f2762089c2ff82cb88aa7b25d15cff7550ae0ede55df577,1,0,0,1,1,1,,1
25363929733241459,0b79eb52cb7c67f5d76c0cfea82a172028e29fcebd72eefa18c1b38db919f05b,1,0,0,1,1,1,,1
2537044853330813,b9d36b1536a64a6280ac4b87555feeaf095a57c35b8261dfd32036456d00c4e3,1,2,2,1,1,1,1.5e-05,0
25375078608826803,1eb0e33c571c28476a098a4897024ace4a7c1b58e5d8bb7b9d3e95b0e88ecb3c,1,1,1,1,1,1,3e-06,0
25377165875257116,9a522cee446ba89f32b4f7dc502cfacc4e4895e593b5eafac121f93785496319,1,3,3,1,1,1,7e-06,0
2538116813240764,20b36a41e4c15c1836c2a84c45f2a8d933c4b6aeafca7c316c539807e85b870c,1,2,2,1,1,1,1.2e-05,0
25383073044666786,d292272eca045bfed50d4ae8309888664e36c646cc89effadedefd77a767edc6,1,0,0,1,1,1,,1
25383554114609316,22b94900a920b00f4a6b4293ca7392eb2ef2a43fb8be7dbb681049b3dc6294a1,1,0,0,1,1,1,,1
25393196263651274,04197ad02528f85bc79719968b6acbf2e2951b4adaafa1cdab8f5e3125db248d,1,8,8,1,1,1,2.7e-05,0
25398925676369757,5e6ce92ca956abbbbee3d89b54de1172b9a68e7baf60779baa3c3e30186b7270,1,1,1,1,1,1,4e-06,0
2540662966308999,2aa0fe68f1b36805e7ea10dcc96d8bda7c17e1bfc8995512ab2702675f8c3061,1,0,0,1,1,1,,1
2542203802818060,64af699aada6d44b4d4f4f9b4aeba2f4e38cdc7309e453c037164f8a06f5b840,1,2,2,1,1,1,1.1e-05,0
25424304353832370,940ffcc896f8ce026ff1467d8ae934a32472e258b51759898c1c80ba37e11f49,1,0,0,1,1,1,,1
25445122108415902,624be40b37e4f5df664a283d5715b6ed5c4eb70256d7559c48fd91a950822e35,1,0,0,1,1,1,,1
25445207031759205,87ad87d4daa499c912ecaabfd5aae93a2b7de3a86233913b3990659ec0141d87,1,2,2,1,1,1,1e-05,0
2546057049114046,64f2c3711d221e557cb895d79b805d10d75bf6832e12762b5d515e2259119538,1,1,1,1,1,1,2.5e-05,0
2547727025629632,4dbebc960808bf72a18b5a2175667410e3af239da8e56ea10c4dfebaa4c36da0,1,1,1,1,1,1,0.0,1
25477557971867807,9bbe9bcdda4ce67517cb394d038c9026b2c111db8ff603a96333c4e288c4a5ee,1,0,0,1,1,1,,1
25481926191415234,8104af7a7a3e901662ba91d3f520e8a80d4fffedfb25c383e399a357ebf2b468,1,1,1,1,1,1,1.9e-05,0
25485274271109340,8f62c72fd093b32977e3e585144b5da43eacc636fdf632a3dec305d6943b9830,1,0,0,1,1,1,,1
2550565891993118,d5d8aeb7402c6d482ea52f420fea0bbc00fbc8d1a6ab84dd6472e8992c595970,1,1,1,1,1,1,2e-06,0
2555003191566179,65416cbb3e45edeebe689ca914c5f615969a730b8b73bdc30b8e661fad59284b,1,3,3,1,1,1,6e-06,0
25551226961148581,7a1ef311ac75daf00d377daef7e4e70d004a3139a8e01f8211a362d1d55bee32,1,0,0,1,1,1,,1
25556914543913538,ba96e3e2bd0042afcf8a83519159b42c6e5d0ac32b2fa3a1f12a6fb29c550a6b,1,4,4,1,1,1,9e-06,0
25563981203240516,314a96b1b6d92350c65f5455ab81d9444fba4e6dd204af482817b05037dafaa5,1,0,0,1,1,1,,1
25564551623162842,d51363b46a59d392b17ad0cc84c4ec7559c4559a274c8256c61d8e05c01fe19a,1,2,2,1,1,1,1.6e-05,0
25573629635578236,906ad049a612c98d6b98e9a5b22323313aa4881cf142e4db58c43f02c50c95e4,1,5,5,1,1,1,1.5e-05,0
25593222026930586,97bf7c3af616979a60309c1184570fa7c1de8ab567154b03ae0924923f0e7722,1,0,0,1,1,1,,1
25599814142944937,c6a4fc8aa2fd07ba121bfdc3575d6f2d08bb7beb92c9fb8bae3e0b6f1a606d59,1,0,0,1,1,1,,1
25600858216173780,80d21816d9acd53ab20281b23c84d917e8ed164b6bd51ea4a2d7866be836618f,1,1,1,1,1,1,2e-06,0
25641712668755961,c832bbde50e97e7a7ba8903ab96600299eaff5911c5ac87d6264e629758990ac,1,2,2,1,1,1,1.8e-05,0
2564329470613598,b7acfef0a960e0c6fb6110915dbb8f1e1b4284f06316f1d14aac68d528d90c03,1,2,2,1,1,1,8e-06,0
25662884573297438,7f87d0a325e55f1ef829edf0fcdb740925d4b7e6c3bbee5dd1d4aa569cfc8d4f,1,0,0,1,1,1,,1
2566564710390333,0df448fe7e634b818e9930e0ed0fb5e3bf1f69c793324976a3f6577a409db940,1,1,1,1,1,1,5e-06,0
25683004654657290,a50b505f55130c1e53287efaf64cd31b57a5002f5e2ca2b0f87d271826a6094b,1,1,1,1,1,1,1.3e-05,0
2568665313492686,650fb2dbf24ddd86d3e5522a03b4d3d51ec6a8e8b86e6d2c19a6d8f548c367f3,1,1,1,1,1,1,5e-06,0
25690537493917740,1e242673931b62e69ac799349cfe52ff8500670803ef229976c34f6b8d2ad08c,1,4,4,1,1,1,2.9e-05,0
2570764733294206,958d6c0e7a7ff81fa2dfa17e417ff1b3c27e18cdb1294a84836b64988f098b5c,1,0,0,1,1,1,,1
25709733321957793,f833f8b3f5cd144dfb7f94d5639834131e736d5cae0e8b1833e643537805f04a,1,6,6,1,1,1,1.6e-05,0
25710295355254588,b18fa778552d86b3805d472707adafb531ff4cc210b92a8445f7d7a37f51c27e,1,2,2,1,1,1,3.6e-05,0
2573721509747189,c6555d7e2349bea8f54c29a2298d786e22a425207e47f788fa2a2b29bd57315e,1,1,1,1,1,1,9e-06,0
25744419698488486,e055a7cd0e48086599cbef85b610cb170985c41edb87e2a3dd0972a00e48383e,1,4,4,1,1,1,9e-06,0
2574468626256723,54a1fc143b9535419df45a5202993f3201e409aebcb11801f2b4131b8ad4d50a,1,4,4,1,1,1,1.1e-05,0
2575250202848892,a3fbef36c424ed802a942ba44f4788a2d3a67da232bee67a72a11cebfbfd3444,1,0,0,1,1,1,,1
25754079754185313,c035301758d23a8c9c0c76228b7e222489b6070d160b2b560ef29d134e8a90d9,1,0,0,1,1,1,,1
2577753339267750,de4cd3241e303cdfbecf7fdf05bb4e5bc738d68716b2bc493240ce3bce487fb0,1,1,1,1,1,1,1.4e-05,0
2579639195753575,e60282597880835cb5ebd1109f68d3e26febf37bea575bbd2abd276ceaa88d18,1,0,0,1,1,1,,1
2582337442148406,8ed2eca409d7a3895635997cecde93d6f4441695bb62656efafef13a98947a21,1,6,6,1,1,1,1.7e-05,0
2584069825325448,63eaf112197365411061167b4a122e6e2650179f7aef8d9a7d4ce959478ce1d1,1,2,2,1,1,1,7e-06,0
25854929440770892,a383c73f3ec5409b5bdf716ca030d3da4a460cdb10d0e13866d939355ab55fad,1,0,0,1,1,1,,1
25855439770730157,a6b5e66c758448c128b4309410549b0abc27cf99a11a7d1630e0fa6f32792b83,1,3,3,1,1,1,1.4e-05,0
2589599241414056,4b68196dc9478eaaedbc76d192fd7919ff72ffb11b20052ce8561f97ebd9495f,1,2,2,1,1,1,4e-06,0
25935647816018755,2428991e2be90343f20f7e19f1b0690b2ef6905eee659f31ba745bed7e49e2ab,1,2,2,1,1,1,7e-06,0
25992107647057399,f593f4f4b8e6b7a24307de5dc0d2108826f98d9f6cbea05e26b5c9d3aece6d6b,1,5,5,1,1,1,2.3e-05,0
2600255477010269,8e2af14c20d9ad33fb7db8ab6a627b73a575a00c3f1f87b6a8e62d6c3e6677b2,1,0,0,1,1,1,,1
2600600760302753,5a2e9963336efe7312107222cb70cebdb6d5520487078d55e42c47c00f9c7e26,1,8,8,1,1,1,3.4e-05,0
26018967271039021,3b640f4d0afe662a18e7981c0ded7170587125fa875829a430e314f2c8d4fb81,1,1,1,1,1,1,6e-06,0
2602845253417475,6a4dac152c4574a7178a0d475dd5beb6caa8581c973821fe7e22dff9ce83fbcc,1,2,2,1,1,1,4e-06,0
2604622759919694,1015d14a7ef7cccf0a6bbfe85357ab36b115feb01a9c67190becfd5fe57fbdfb,1,1,1,1,1,1,1e-06,0
2606721059720779,f01e015141ae32652b2af2367ef576da0fbfef557d8aa2ff276c1af1b25622c4,1,0,0,1,1,1,,1
2609891186033051,99047569aae74c2e23abfc1b06bd4fd6c784bf36c71e9dcbcef4215671825ae3,1,2,2,1,1,1,1.3e-05,0
26137311355859436,dcd5df19ef3f31c6dc671bb87f084ee5560e155e187cc8acb0eebac4e2d820f7,1,3,3,1,1,1,1.2e-05,0
26139418858994758,328698a74d07ff14137cd03b67ccc6e7ceccec21366a0ab711267541a0174789,1,2,2,1,1,1,2.7e-05,0
2614892245550984,93e19a9a98004cf4ce1c1697c4dafbadfdcb7c01623351937255e21ba82bc417,1,1,1,1,1,1,0.0,1
2614916578862775,884d789955d9b7ef3b213f1c7f8b648f646d1d31c4256b4f812f8129c8b4110e,1,1,1,1,1,1,3e-06,0
26150749954527228,30df3ea86ab8d8ff8278d0a154decca171da48a5e45c1fd0b5adaf3cfea7ed72,1,0,0,1,1,1,,1
2615650992102643,06579a09130adcc72259ad04d9b6cff9e3f3074a2f13cb77c3b82e9505ecb93d,1,5,5,1,1,1,2.4e-05,0
26176832675251811,1d1ef639e22633cf401cbc7dd3c0ece3554460252f8687b9895df26f6eddcf16,1,0,0,1,1,1,,1
26179769404945410,1a580d3453570640255e2c6e6c4009ab37d92ba41aacde4228f681473036ed58,1,2,2,1,1,1,1.6e-05,0
2622603844757062,16579b0231b2d0e102642b293ee51608ac2bd994e1e19ae784a38dad319092c5,1,2,2,1,1,1,2.3e-05,0
26248955411358968,23f1d07700b2388b65afe748a6cc47aadc3b8febb4a82e016854258150006dfe,1,0,0,1,1,1,,1
2625385067795277,60d4a7ed3957ceae3e32bc3b9988dcb3646cb868f1e84a516b5f2349aa690fea,1,1,1,1,1,1,2e-06,0
2628441120870202,f9950fe0511774f9e2645d1b596ca3d406fb98a29a8909e86a0073c8d00b8ed2,1,0,0,1,1,1,,1
26309660711955966,db99a2ef9b44906a12ccbb6de2d481f3a73cbe4775dedfe7878b95ad12153127,1,0,0,1,1,1,,1
26309898468600744,50fed39cfff543a20a620ad04b3c3ac9edddf7f7e5d7ff319aac611844081133,1,0,0,1,1,1,,1
2631941113830975,492748fc46a125f069600e332d99b823d969b819f30cd8afc2433b185c0a9ad6,1,1,1,1,1,1,1e-06,0
2632560843787111,97eadbacb4b31d0824b2fad840c21006cb8994bce9505f3d363160dfda9f134b,1,0,0,1,1,1,,1
2633337953694249,e26176f082da2471a7401d0d37b6555f28256e0c64c72e5fd7178820bb73dbc4,1,3,3,1,1,1,1.5e-05,0
2633627190320171,80a3c4b364d0e96453d000262e44070865eef750ae831a6432de6cd3c420a3e2,1,0,0,1,1,1,,1
2634147806951353,6760c8058d4d52e6786f6a1bd51ffe43d676b0acc39b899d91678c07ee673fcb,1,2,2,1,1,1,5e-06,0
2636750683363054,23e99b1906a2ebbd1524eb3976b339ec3976ceb66308d5028e36b7084fe8a7dd,1,1,1,1,1,1,5e-06,0
2636784386679795,ca097f1eb71d84dbce44e31dc4107f395e29f69c1a43dd94b8ca87c23fe9843f,1,3,3,1,1,1,1.9e-05,0
2638951773170246,216f576e8d7daf0f634cca9a3d4251e0d104bf3e759ad21460d05167cb310efb,1,6,6,1,1,1,1.2e-05,0
2639827123019854,56b5614357e59d8a1dc8658efb963f143840781bab7bab1082b0b0ec0036a7b2,1,1,1,1,1,1,2e-06,0
2650066065358282,111641a280a48294e23d0405be243f53d22c2d8ecc110e27bb1c61f76fc4b2ca,1,1,1,1,1,1,1e-06,0
2656030298099715,d76086034718d00e40ce6224cd42ac7deb4c64d783bea40840db03abde1b1ffe,1,2,2,1,1,1,7e-06,0
2662476467438348,0a903df125fe074e868a3125412d3478c93231a9511b657dcfeb223a5867b9fc,1,0,0,1,1,1,,1
2662644240746859,c340d588aa8438263e8caacd722dfefc4ff06bdfdf39fe68c22e58aea5a0778c,1,1,1,1,1,1,1e-06,0
2664794533919051,d3b4051d89524f5eb47e55fae3be60959cfe43bb8b4a581d3a1a7e5bfa8ddf45,1,2,2,1,1,1,1.3e-05,0
2664884183870918,b06d89d45c017336a90d7df47d5d1fe5f6a9569f40af5fb72d9765bac35d3d2d,1,0,0,1,1,1,,1
2670319713306712,6474fa39ee0ef9f55e0b3671d5e54b94f1fa7014a865722c6900061dd1f77713,1,2,2,1,1,1,1e-05,0
2673695539629105,a515293e7c40cf4025157e39fbb40ed4efa1200d052d766143d0697f5593e0b0,1,1,1,1,1,1,1e-06,1
2674272496255384,caba825e27933c6b37bee4bd69ff9762e32e50de305e9e5ff0b91128cf86941c,1,1,1,1,1,1,2e-06,0
2674396572896493,11303bb984daa24ff0435cf18188227b881f20b2b214bb350f8e2606ae8ca20c,1,9,9,1,1,1,3.1e-05,0
2678408929189918,8d20160a0fea3bf3d5b212b17f08c25dcd00930418a227a2e2073b503169d965,1,1,1,1,1,1,2.2e-05,0
2687229498282778,3564dbbf0e9f83f04f5f525e0b7cb7f67b262ed3454dfa39f75b8fcb1c0ac08a,1,0,0,1,1,1,,1
2687540561603235,d51c8bbc3b678e278d9b05460e8f5a2c4e451bea0bd71bac0d1ef125296817b4,1,1,1,1,1,1,0.0,1
2688371644848028,b6aeab6c2182b4e87b3db058e6fdcc0fa12b3d7a5a0312749abe975c62c62650,1,1,1,1,1,1,9e-06,0
2691707414515977,574a70e07a70d30fabfda53778ad8861f08d70b8eb224cfdccd4c054d6232096,1,0,0,1,1,1,,1
2693565654321112,a730f1213fa475f528f91396c28f2e3d513af53c14d5cafb194091f53eef76e3,1,2,2,1,1,1,3e-05,0
2694720134192758,0b8f7e0620cfb90f9bc0d4a04f9a0529aa4a0c9bbf8afab607bd203f29078f4e,1,0,0,1,1,1,,1
2698825200456695,4f48c4518ea7026c38e35f745994c4a98b95d8c3e08b0a5be2d0f06000c35777,1,0,0,1,1,1,,1
2699114860282978,1cb8724b7b4b6d190ae6d6656f338cf175733a92a1a0bdb21bba9028c562c627,1,1,1,1,1,1,1e-05,0
2702311343444364,2dfa710a4dffc294686dcae5b1457905651f14c232d7f0e055ea60d40e62bd1d,1,0,0,1,1,1,,1
2712513355752951,043774c36aa3d7e2b605ce960d7c0299bfa35c27923d9bd3203632b3f0f56d55,1,0,0,1,1,1,,1
2722883461246842,73bb94ffdbc3e2f77293dfb05a17a678dfc3ca9058f8b3a57b2baceea557148a,1,4,4,1,1,1,2.2e-05,0
2725035394501736,0b21d39355ec73ad290aa495312df5820221e2490147a6579b841ca62bf69c1e,1,1,1,1,1,1,7e-06,0
2736850516660798,51e8de9bd9a4a0c7caaac778d9436304e65bcaf4017fa646afddd74f329ec0dd,1,0,0,1,1,1,,1
2738986003127630,d2ddb91d03dd0792bf0ad3e4e5f2e881919148b20f91fb9ba4c610c0a648b1a5,1,5,5,1,1,1,1e-05,0
2747741205582942,87920b41900f62c15a1dffa52755a9b0e681cf01c63a5eea69caf9279916cc0a,1,3,3,1,1,1,2e-05,0
2749050835303672,bd4941ba6ce2afa819cb823a2bf7b11f8189b88e32c9f723070735e51d240be8,1,1,1,1,1,1,3e-06,0
2749593658712611,9c5d43b995ef8f36a920d1621472aa4084d3dd224d02cc8bde6cb31f6597d465,1,0,0,1,1,1,,1
2762728313897738,b4630c3955e8023bf2699e5c922935e19a85d04ac23f4ebf08730185abf2997d,1,0,0,1,1,1,,1
2765206267155181,9a4b0bfdfe520adc0d271570311abcc13a85ba59505d28d375808fe9464ee337,1,2,2,1,1,1,3e-06,0
2773277663063877,c70645eab2a9cb938356590cc66fce37e19a5fb6ff71c19a0cbfbcb308d39650,1,2,2,1,1,1,5e-06,0
2783557418499457,b0c4d65f9777f85fc7f3fc8adef5018bc58928d950c2140e5874eaeba49f0d53,1,0,0,1,1,1,,1
2793591957648570,2382a81375e97b6cc3cf0d4e28c82396d256192ec264fff53b59256c4914812b,1,4,4,1,1,1,5e-06,0
2794435367585510,a29a272d31434db79cf8054e4f126943001b94722f08b3aadd2cd1aebffdd4fc,1,0,0,1,1,1,,1
2802520013278187,7959a776a642fbe84a6e9c67251e75fcc04e8c0e28b5bd40ec81e1af6e0799fe,1,0,0,1,1,1,,1
2818220555041044,a0686b9f0a1bd9e5530e39cb1ac8dedd85f0310a638ccaa27d47bc21497e82ea,1,1,1,1,1,1,3e-06,0
2818949201641595,e0d6afbbc84adf7e536ad93ad5c680909d41f8b757334d65863285e68f3acaad,1,4,4,1,1,1,3.3e-05,0
2827768730747095,067be538cc1a9dd5cea932366af7915ed4b50f554a0ddf579860f98a5222a621,1,0,0,1,1,1,,1
2829097220627632,d442e945d54f6185d46560c4129c4c65b685c462adc6d6b4c62b5bc968e5b0da,1,1,1,1,1,1,2e-05,0
2835155850012200,f76f3ee430fe1e42547023fa7881ee0687740ec9e1dd27bbd73d59b1be0c59bf,1,1,1,1,1,1,1.4e-05,0
2846488582207498,56f8b949e39785123029aa82617073da628faf192022c6c51be3ed830fb829ed,1,1,1,1,1,1,1e-06,0
2863103283891711,9b9bd24e3c994a8b0972f8b1ee358c63a5d9815cd6b69e68676553bc4d11e870,1,2,2,1,1,1,7e-06,0
2865387223651277,b242b6f7a9180b79950cb186ece36c3f714c20ce186bfbd6cbd499f13df9b817,1,0,0,1,1,1,,1
2870283189837576,3d4cde96ac1fd9976cf69098c871d0bef37414ca5d70f521714bce7986c9e536,1,2,2,1,1,1,3e-06,0
2876554175884884,7f366f8b1fc82d99c6efa9d9ed24a440387853c03fed118b879f562e9aebcab2,1,1,1,1,1,1,1.1e-05,0
2879748358882057,89403c19aa1901c294493a0cc0b1ab1280ffab83d42e30d797c2138b9f7e7449,1,0,0,1,1,1,,1
2885412218311914,432365dc8a9415bb4d5ea000494001ff433e0404a56d2f82cf4c36c13b4f8e9e,1,4,4,1,1,1,1e-05,0
2888315301369967,a3caa69aeaa7b00350f0f674240614b5052e8e8c382116cafdf28707a544fbb7,1,1,1,1,1,1,1.9e-05,0
2891249541070289,3455e7ad74806aacfb767e08ebd61827ed0af67ad3891ad86056c2b0f16132ca,1,0,0,1,1,1,,1
2907625069426955,33f213ab7ba18d2bd4172071f32afb26c510f8394f7e3454ea35bd9ef74a97be,1,1,1,1,1,1,3e-06,0
2912177645642206,b60bf766d875582cf851acd1dd07c8b303cd464ef76ec59c4b24841fb00702d6,1,0,0,1,1,1,,1
2921433688051441,bb38206733abe4d8ad08729acb48aad909319cd0e043340d3321e67f33b45252,1,0,0,1,1,1,,1
2936922070031472,fa6f72bda7be5443a9dcaae3fe69953073226692817b3acd8495ce2c9dca2c4b,1,1,1,1,1,1,2.9e-05,0
2941904002667822,e55769ed18fb71ff411abaf22c63ec0aeb7994108ded7e1455ab42cd60cb694e,1,6,6,1,1,1,1.7e-05,0
2958568934530906,83c0dc199fc33f9e939f51239276cc44836e4fdea709fc466f62a9e92c966a97,1,0,0,1,1,1,,1
2997184927148382,f6dadbb5b5b10f2d55d11b8148e3cc042688d5c76c9ba330876371e5d02a892c,1,0,0,1,1,1,,1
3000699060114543,34947854ecd5bac4a5252890742b348b089d448fc17560fc8b975746cbd554a6,1,5,5,1,1,1,1.4e-05,0
3003217990068530,5dfd716a82054c232dd82ce733ef2d9ff8a7d30c8546f3612dcee7a481ce04df,1,0,0,1,1,1,,1
3014126952308426,fd8b7f0117ce93e72b6687e35ec83239a1d20dad5fb3a496c2dfcc50904d4600,1,3,3,1,1,1,1e-05,0
3015512395309970,f7ca0087d5497d3d71e93f634f9b875092e42b478b6e63065779e6fee4ed9140,1,0,0,1,1,1,,1
3030886223749603,1532da4825ac9384aac11f814402e421e680702ccaf12f1256ccdbee0721a2b3,1,0,0,1,1,1,,1
3031078417100174,94776768871c04bd30674b5c6daca54e50ea5cc8083df2810b7aa78d382d94a4,1,0,0,1,1,1,,1
3031132357058881,2ad35038d9d37e89ecfd3cb663ad3d32c2c0463f6ee6de52b6892c56e8a1e43f,1,0,0,1,1,1,,1
3050719918449532,c12aa6b05a696b42ac585d54d4c05c153f3ad076eee813e91c31bffb85c49355,1,0,0,1,1,1,,1
3065272813654852,2303112f49abb4f75f0a60e45befc747fee1ab589816f050cda40d84a15b92b7,1,3,3,1,1,1,6e-06,0
3078775875657410,dca93bdd23a050d58391313cec2802c7966686a2c5ec47209f0d88285102939a,1,1,1,1,1,1,6e-06,0
3081971181982119,091f8190d74e2f9d221fe5a06f14005093a7dc35b366c14c45910fe2ed7aa5cd,1,0,0,1,1,1,,1
3082955311870602,434e14aff3340420b00d725a604410115d485e7ae351e078b0fc192e169c8def,1,3,3,1,1,1,7e-06,0
3092145390974888,ba8f3a73cbc1d07473a2ed4a883f997eb3761bb745e56b1f100628003d00ba9f,1,1,1,1,1,1,3e-06,0
3099087473619528,5b473bb048642394cc5ab32c0055da22dbb6eac537423828eacfcf44cf55defa,1,2,2,1,1,1,5e-06,0
3101119366757414,71c7effcb532605fd767b92ab68e8e761371cbfd56a0cddf15b0d1a662858873,1,2,2,1,1,1,7e-06,0
3137148886491837,8b01cd4a9e4abc4e4ec49105eec1947e86d1d39851fe2694ed94930d5b2dddd9,1,2,2,1,1,1,4e-06,0
3137539199738989,7ed720c8aaff22295859d30b049856a82fc3630f7da96b7d7a5698ef9bb50c63,1,1,1,1,1,1,1e-06,1
3144299862415250,f50f4c68c427fab421fdaf60a9d7765c52e73caf9065ba2eacbfebc8361becf7,1,2,2,1,1,1,8e-06,0
3148199545362586,50abfa31b556b2b9a5c5d995181e4f4497a610abee890bf5dec25f32f80c0b20,1,5,5,1,1,1,4.1e-05,0
3151317741707073,b11b67eeb7550b36e5e5c1b5937bf97bd36e27873fad751c2baf3ac3a7d4469f,1,0,0,1,1,1,,1
3154632078061497,5aa4106fbd7c7a7fc9348d861f3e3040db5ffbb0fd76bcb2e97a8fef3e343e95,1,1,1,1,1,1,1e-06,1
3165483206952797,93506840b8caa8edbf9440f66ed467e46a3b3c98f47866c3e99925d5281d9133,1,0,0,1,1,1,,1
3199680686876133,c330711dd800b9cb2dce070bcc7359ec272de7c7e91076860774b7708346f552,1,0,0,1,1,1,,1
3210870692414406,f5a0ffe84f4b09046c5597bdb952293f9a93911b474fd2dd4f3293bf9505fbf0,1,0,0,1,1,1,,1
3211042772388082,90e2543db1e9bdc14682cc9ed09f3f7204ed33d8e0285ad62adfb27d0126de08,1,0,0,1,1,1,,1
3215669448583571,59fdeefca5b7c0b2f5c305cb6f5880fd25bf77434c648e59994c55c2a9e9ec51,1,0,0,1,1,1,,1
3222948107882644,8c4117fd5b0ef17dc2e17e4d1d9db93d42399cf31617d4690a8c479f4727d864,1,2,2,1,1,1,3e-06,0
3224828384365733,1dbefc3c940a13286a77d0151d276c5d64e4fcd40db98dbced164fb095401a7d,1,2,2,1,1,1,1e-06,0
3224876804339811,77e7e862e1de83e250f4b9fd0081f4e32c92e17d44ec4db3e93c50dd81f7e592,1,4,4,1,1,1,1.2e-05,0
3228689210631293,f26391822e6719ae98bf9f0f2c888f5f0ac23c6af10cab13f263caa3864b37fe,1,0,0,1,1,1,,1
32348021588179319,a8822099be9c6034918faef202af425e5813cd00790a292aea94d93ca48693df,1,1,1,1,1,1,4e-06,0
32357823933863487,922678f9be5e72a56444f20df7f7ce6622017bdeed0c4fc10e8e2c66bd113f8f,1,1,1,1,1,1,4e-06,0
32367244589557756,ca598b82d7e9c9c0eca03365bdf0bebf7fa0a49f51cbb299209a4532dafad2ce,1,1,1,1,1,1,7e-06,0
32377859968528717,2e6c2fd32a51159426472722691a879b62f070a38e51eeab26a100cb57324d57,1,2,2,1,1,1,2.3e-05,0
32451099211203362,be04e650e878b9c2332e27e26c531ef63db43fe33d12a83eb5107dc516f327af,1,2,2,1,1,1,1.1e-05,0
32470704405878345,89e862ffbb5615a7340e4045ffb8b293dd4846075529474c14abb6ec6501995d,1,2,2,1,1,1,1e-06,1
3253035404869838,e788c64b5caf3122c30e840007b1645c8a8a4e79cc40500f5ec50f24c42733e9,1,2,2,1,1,1,5e-06,0
3256728054474599,674b328ddcb8293ec49e194b9533e7a670ddc53e4b323e1b20011128cb2d6c7a,1,3,3,1,1,1,3e-06,0
3258869027597413,277dbf956214b9f1b1c7254c708e4d8064612e98aab5d8c2af164db0896d7d4d,1,3,3,1,1,1,1e-05,0
3259171764238974,7af68e4665a9834c0c8dd36dfdf2f02cc53ba34d3235c7617e8d10d58a82a5c5,1,2,2,1,1,1,1.2e-05,0
32595175133459906,9322e93888a124dc5693a7b56635b31b9680fa2cf6f7b2f1037d0e13499b1bab,1,0,0,1,1,1,,1
3267881836749561,a769eecb86a68a9619d914efc41f9bad52740e3975a8f31574cfff72b4608e0e,1,0,0,1,1,1,,1
3267926140052210,9902c67227f04eacfeb670a97a181139c77a450f22888d7b569c03a3bda0db57,1,8,8,1,1,1,2.4e-05,0
32730633476583677,41d31b4c68fdbe0347e9ee3eeeac3f8d5d75defa4a708a43ab42e24a817b5304,1,0,0,1,1,1,,1
3277689999745172,a85557bade02ed6802f60ac0334b9f53f45159bd984843682f0ef138c3ff4ecb,1,1,1,1,1,1,9e-06,0
3279867952215493,b91ba4c15ddd20865b0bd17cb89eb2e7a17d11ecc46e88d1a9f059dc87a6b1cb,1,1,1,1,1,1,1.5e-05,0
32851147297817122,bdccd0bf8c960fc2e676c4195f579b6ee46c47c13a5319c773d6121c2e173b3b,1,2,2,1,1,1,1.7e-05,0
32854189527505785,2fa50b162fce51c47e52819585965ab28d10433acabbf319f15b180488855395,1,1,1,1,1,1,4e-06,0
3289274111249261,6f425c0f8bc7e7a2aa025cacb49bae9b0e60664525e6ef5b8f1fdea2c2197da0,1,0,0,1,1,1,,1
32928290336769258,3e422334fec291d5f476bd6b31a971d57863c233635c581d0a2529f39cf29377,1,2,2,1,1,1,1.5e-05,0
32954608554153104,720e74b698be8b9900245d08ebdc49f1a9c450d890e0a889b329e8aa19701a14,1,5,5,1,1,1,1.1e-05,0
3299466370219911,5d0edc03a073b91c9c6bb0d20b5997a9e46e4f9c95f639937aa98a4d49c25a41,1,6,6,1,1,1,2.3e-05,0
3304165499742201,b5f5f51b3ee4cf34636d76ccf7f7524ba5965f469c6b5d14616f5672632e49f2,1,1,1,1,1,1,8e-06,0
33102372829353715,4baff0f743a06dc6da4f216708ceb04095c210a769da9ecbdecd9a351f328e3a,1,1,1,1,1,1,3e-05,0
33115932621331075,86b0d9b45fc6ee663a73d84e9a3fc6c426f5bd1e7e3c9c2ec54aca010100125b,1,5,5,1,1,1,1.4e-05,0
3318483184979468,7257b99dc7bf77e687daf9f7a7d6c5075234c6bf05307cfe10925d816ec92ec9,1,0,0,1,1,1,,1
3325931414231148,d4b68f29b1ad7e51fa26ecaf5cd1f17c48f140ce9ce378b2aaf9e194da80c854,1,1,1,1,1,1,1.7e-05,0
33324153737171638,4c4e6e544f9d56a4ce93e84e2e28a721ee62d42733cb42b574e990628c37986b,1,1,1,1,1,1,6e-06,0
3333066660217325,8dad12ddc97f9e88826c04882ae70eb6151d9397a3815845cc75b1f085fcf06e,1,2,2,1,1,1,1.3e-05,0
3333822136782750,170456e24e03e9301435ca4e0c0bda39e88331aabcd4a71cfccebe241bb528bb,1,3,3,1,1,1,2.3e-05,0
3336900359804882,e5950793359f23521864fd9c0288df425b743341a8ab5ed98fba2802abc00e80,1,1,1,1,1,1,9e-06,0
33548586621406886,b744abac2244104a34bd7cebb8e57d2b98f031a3b33c95bb541a4e9a57b7ebf0,1,0,0,1,1,1,,1
3364453593695325,4686489bee66bbcdca427f83af242708040732ad154ec4b48bbd28026575f9f7,1,0,0,1,1,1,,1
3366248356866559,4cc535a3bcee1b498ff1c5c37d7f1c5f4d3adbcbed447c468229d081a643f680,1,0,0,1,1,1,,1
3370181299824393,1d5491178a61914f6d6acdf76af03ff96eabc1c64709e4ed3ae87b1303c15e21,1,0,0,1,1,1,,1
3392910390856714,a50e778903e0e4c40d421799686f5bdf3de72fff393d52c0e420707abba8272d,1,6,6,1,1,1,1.9e-05,0
3414889048669988,39ad7e7b7b69d867f179ae064e8efe5678d136631305425ba05e30b282bb0968,1,0,0,1,1,1,,1
3415915488572364,0c327da0cc30fcab18ad402ebd38cff40480f4b2fb69812eaea3e292537c54f6,1,0,0,1,1,1,,1
3440095719463112,490f0131f6070b135e2455471eb9be9327ab8081467759f9217db37ee876f2c8,1,0,0,1,1,1,,1
3441079829380624,14f6df26c8a4d8f03b6a30ee7c5dcc830b3f2cbbb75c71c7623e6bf42108f366,1,3,3,1,1,1,1.8e-05,0
3454090141400075,875173f306d49d0a06d10dd89e5422e6e3a396d4d7f621ab4c5a138296c0b803,1,2,2,1,1,1,3e-06,0
3465932833557217,29086c65e957f6dce4b7a22dcd925b0dfe4dd593b433b2dcfe2361d77f2ab5e5,1,0,0,1,1,1,,1
3492641067543484,de5eb8c8823a8a225b356a72359d637fa0e7bce7367bfd0b4ff86114d78ac013,1,4,4,1,1,1,1.1e-05,0
3493659770776948,c8d6ebdc28f1a721cca75829fb9a4264f3da366c69d97e2d6df2eaf2d87a7f55,1,1,1,1,1,1,1e-06,0
3503803279772133,981731d14bb243fb589664ca5acafa45b97d112eb6b8ce7f28a734ce91c7e798,1,1,1,1,1,1,1.4e-05,0
3545157615626993,ea4f8f3d2549523a5f68455af84668ee15fc6cb7c8aeb453f1e48dcb154d0239,1,1,1,1,1,1,2e-05,0
3559195817550433,fbb397169cbe0d325fc731d6d8a01fb2cb5c7b005b0428d1864ffc11c7ddcd2f,1,2,2,1,1,1,2.1e-05,0
3612444272230761,56a773c1587148180d499619190cf3ad9f8c419b46789993ae9357a1c1c4f86f,1,1,1,1,1,1,1e-05,0
3633385806792300,67a30a70c46c331b0f6b14aa66274ac0328f769ead0324267a3163185edded1f,1,0,0,1,1,1,,1
3671761139632910,8b18c63bdbcd0a4217dd148af3b9e8e7ff8bc8443aa8731def62eb9c20aa5eea,1,1,1,1,1,1,8e-06,0
3674054392902474,0adc1d6df9b4f395870f328a10da6a304a0e926143d81bd4dbdabf00cbbc6ff0,1,0,0,1,1,1,,1
3674976022809760,350e83dee8a683476a5f923c3a5735c010c1c108b3258485394df77f2a9337e0,1,2,2,1,1,1,6e-06,0
3680939168710296,e736ac6f9aad44f29a4451465db0894b4c8049407833b848a87fea8778ae04f3,1,0,0,1,1,1,,1
3688910931418149,0380221ad875bcae1da9e9328747df7fd5a2159937356c19e0a7b57eb7610a4d,1,0,0,1,1,1,,1
3697438513896569,2aead70a4dee4823314c2206d0165f8b8af752b3e279afb5e13e58c6f93e252b,1,7,7,1,1,1,2e-05,0
3698319383638146,34b85859360625a0b8d773a31787dc020adedb2b31ec0572680e99270f7e37be,1,0,0,1,1,1,,1
3712179938917498,583d31b348a784cedbb58f57ea219c837dfe5572498d8630d0855676f85a19a9,1,0,0,1,1,1,,1
3715916415369859,ab6f2fb76967dd2b13c70e7bca45f24c19c023de12f9abc51c8336a0ef2437a4,1,0,0,1,1,1,,1
3717520848553145,ea3ac6c909d8c874cdaffeba6a5f2f8cb9ee70596924fd1e49e4d3cf14c6fe25,1,0,0,1,1,1,,1
3731813866983872,8982f9cc0667d33bec6ab28edd9135d76082d3f745e4d9d254e9f4df59f3c237,1,1,1,1,1,1,9e-06,0
3733552300286366,76c5b76bd259a20123c59a29de63d4b511421702dfe3974726703c338149bc96,1,0,0,1,1,1,,1
3735978130045283,f751933a928aa8d748302de7237443aa504181b847d51889fbcc29a4c886b667,1,2,2,1,1,1,4e-06,0
3747550748887400,7fdff04f6b2183ce969d620ea4249a48a110b251dc0bf22caa58581348d6c978,1,1,1,1,1,1,6e-06,0
3748035315499707,479031334101adab2a43cae0c6aedbd68ae5c4565bfb2190c0ca06e2bb6a4c78,1,0,0,1,1,1,,1
3749256508707693,f7add45ddd812d84c212f2ba741e87387c399eafec123321fd4f4d88b90c8117,1,0,0,1,1,1,,1
3751258261846296,a2f8ee6f7e8554a2db07dfa172c283391cfa0310fa7da05d887c892518da965c,1,2,2,1,1,1,1e-06,0
3769551886671183,6b3bbec0bcd55314658127cb7e2dd3abbf178e320396f51976fc7f4d0b579cbb,1,2,2,1,1,1,1.8e-05,0
3772673659536880,9df08e3fdc71fd3f422a1a62602b6efcd032e6d04b1418ee6f04bd197abc6106,1,1,1,1,1,1,1e-06,1
3774991259461886,7faf6980b73663783148a98ad3906afc979b3cd2672ef594b507e10844562d98,1,0,0,1,1,1,,1
3784649971829314,5a70d4f2ab26d4db07b1e74a37fcb6d4cbf116eeabbd071ef63e58c1a687148e,1,1,1,1,1,1,1.7e-05,0
3789948667966573,693d4cd56ee4e3687315af5936ea571629548f3d085c4547c873ce879d0fbd77,1,0,0,1,1,1,,1
3796111654015931,42636ec78c8b2d27b63da73779b024547e4bf9701c4cb85a0d1345fa37aded26,1,0,0,1,1,1,,1
3801027523363801,13be7c3bc3aacab5688a5117fc4c1f5e29d4e14e8d5f48130ccaac9cd522c839,1,0,0,1,1,1,,1
3818490811616868,da5d67bfa52804724dcad0b6fa7e7ea2a9dd1a29f92cd9459c00534b5d2cc445,1,0,0,1,1,1,,1
3827429200889186,3fbf68a2ed0c25c483b82f58b56ec329e6aa525a8a73f02e9a18f27f14186e59,1,0,0,1,1,1,,1
3829095364058000,239cb73ce8a7c1c8a60aafd60f172deb680c5ef5b12292b3872cce96017f78fb,1,0,0,1,1,1,,1
3842117822587445,4c53b4cffef71e2b7f76ec621204f8e30cd108e0588afc3559e99121c19aef84,1,3,3,1,1,1,8e-06,0
3846822328949036,e082bfe5ffa3a038305a3846ce3a35a5d4184ab32d323d65bf99e079a47c289e,1,0,0,1,1,1,,1
3859404397690814,989aa2b779186974310913023a86ef7a7038760795c03ba01adc543315b6ca1a,1,0,0,1,1,1,,1
3860426944257451,f1014f6c9c7da826c5a0ca8c09055520a9ca73a3cf8621e67dbfc7d8a53677dc,1,1,1,1,1,1,2e-05,0
3861180810838535,1d5ceed2381a66101f591a96802e4df0d902e51b9703311a31cb45291cf7bca6,1,0,0,1,1,1,,1
3884864868476118,a7b2043d76477c94364f67b4dab6002a3ccfb0b3b865f4b1b9938f3c4c673084,1,2,2,1,1,1,6e-06,0
3919978031626571,16f6491eae81312c3b3286167025e999313e4cba581a0a33358fd39f9222061d,1,0,0,1,1,1,,1
3942087239268487,7b2d4e42de36e39b21409e105a8da8fbff8c3f39dd9675f8b11bf6e69279a8e9,1,2,2,1,1,1,4e-06,0
3955182631445989,81b24785edac6bb393cff3da70a93735e07169260a350c3bd0f18d9fca79a19f,1,0,0,1,1,1,,1
3957156051167691,d56d186965db8a9a83fe7447118608459a61c7eda6bcbbb218a41327e1843460,1,2,2,1,1,1,3e-06,0
3960204200937335,a1885d9cbc0b7f0d1a123646f05642ec85e3f6fef054545b687078f611f150a2,1,0,0,1,1,1,,1
3961243757498874,727f00dd4b8bae9b9d7ce7dae9e2352b931d529b7cbd509cdd735f9cc346f6e4,1,0,0,1,1,1,,1
3974690912822519,0935f0e51f1c47963a8bf0b8866ef286c2fafed013f7472899012c83b073f374,1,1,1,1,1,1,6e-06,0
4014030262178965,4210dcefa63dc6012b6f2c5c43b59c8c6f4d84dbe88431370acb653d763d7225,1,0,0,1,1,1,,1
4025705601063325,c2a7a6c21269df93686419b2526504a6bfac7ad9425a60221f8ef6c73941b099,1,0,0,1,1,1,,1
4048252545485029,3ead0c9c0a9d2fcab89ce18d6679752936cf53b58f7052d7467a8012bec453d7,1,0,0,1,1,1,,1
4050112145318768,7ed674b526ba748a78183c8165f48726384e3d73ecd66a44ebc4f0e53cac2326,1,1,1,1,1,1,1.4e-05,0
4053520798294147,70ab7b4ed01f41d937484cc2fe71638be196c2b24978883181daec718b999459,1,0,0,1,1,1,,1
4059490984263545,7f321dfb63f30efa761edf3faeee9c35712cfb7c7094f3c204a17ac47ecc3a10,1,0,0,1,1,1,,1
4063498833961723,79e08e5a790da4f3493e4c8bef8a6041bc0effa9ef37443bc53f48986a5fb91f,1,3,3,1,1,1,4e-06,0
4067951310120705,ef9a463b892d05b2d5e3f9522cab1e6da3492979628ee8331a284169e15defb1,1,2,2,1,1,1,2e-05,0
4080248908894591,6836d95d976cc277ca82c9441778979adf6abf0661a1b3eab19db57b6f49e707,1,2,2,1,1,1,4e-06,0
4080879235457391,a510d2e418865fe1388ba76591c3d13122d4f5094cb0a7a03e2d97d146155efb,1,0,0,1,1,1,,1
4082666811947785,7400fc7c6f45ac1585a1d61967e6887e526e79465867a737d995bc0d2c41a166,1,0,0,1,1,1,,1
4096991607297576,9ff7dcc938d739a2aaeebbca587811188cc5bd25acf27d5d336417174724a4fd,1,3,3,1,1,1,8e-06,0
4097296203855010,cc4ca8a6c2930816543bde37bf0d2a2fab8e65ec049b0f8b807f82d3228014f9,1,1,1,1,1,1,5e-06,0
4099198460340629,40fe6e92f5aa7223d8d807936354e80a476886a7e0f77a2e86f942c6aa735a23,1,1,1,1,1,1,8e-06,0
4100194423642786,5f71eeb4f1d8d70a9506f29156a0bd4eaaf0ec8d25257964ad96edf85356821e,1,0,0,1,1,1,,1
4100269950226962,c72e587bec8b22b04edc5ffe95de7fd7b819f7d01c45356f5aeadbbef5cd30b4,1,1,1,1,1,1,6e-06,0
4105618882917582,d9bf1c5b4c7781c137b664749524173c37154f067904b734874f8d8ad6f754ee,1,1,1,1,1,1,3e-06,0
4111591565772927,0ba58b6841a3daace1eee46664170fe65b969ca8753aa558d0e363ab2ba029f0,1,3,3,1,1,1,2.1e-05,0
4113658905552316,06f6e6ea5239a0c34f012fbb845b93996289f0085337a049fc4e919d2fcd6cfe,1,0,0,1,1,1,,1
4118871768363067,e443e0d48909020d362846105b958ab451a61434056c9b6d60fd9db383c06901,1,0,0,1,1,1,,1
4120895471500174,3566b4f74fc89e4878e3c3f65988df1c73189de0765559c7f985e75f23e3e9ae,1,7,7,1,1,1,1.8e-05,0
4123678807888109,6b91602f762c64cc15868e8253f82e7d7f16bb88a544b94b4a703bcc33564605,1,2,2,1,1,1,5e-06,0
4123924281195073,ec96d71066478ad8ec0c02aadd305c2ba0ee08aae7a6f33aeae3d0c193d0a641,1,0,0,1,1,1,,1
4126614860922086,6210e5194914de85ae774c0aa8564c09cc66ef9eff36d58cdd19646062e43584,1,1,1,1,1,1,3e-06,0
4127348170926975,8a13e4b203dc3b2206086f191f1eccddea4755d7c964cb65c4b3d25cfcf751b6,1,0,0,1,1,1,,1
4129206280654250,4049b16161d5b3ee15ab8374935db505509c9bcd64c3528d42591f3a73f6a3aa,1,3,3,1,1,1,5e-06,0
4131681587043498,45e3b883d6f7ed684c82a131552a763acf42dbe3f28bc27f8de597f55719fe0c,1,0,0,1,1,1,,1
4135077120089014,c52814eeb9a81df7644f230d7f50e559447b3841d10f366966c47bfeec39d4dd,1,0,0,1,1,1,,1
4141756099397107,cea095df34c6591ee65c7d6f383ee26a460c5190d3a3cf64c26f941c2cc0cfeb,1,1,1,1,1,1,1e-06,1
4142604452723667,84c72294be75b7b4d75f96a1cef0bd566b707210032ced15098ab386701a4aa2,1,1,1,1,1,1,0.0,1
4146066752275205,63857f988b502b908eaee077f4b21904a2968d3c056f62b4f89fa61617ff1205,1,1,1,1,1,1,1.7e-05,0
4149785485167564,44b67fa105af36532f9cefd7fdf26bea410b38e37f6abef224bf3745d38ddeed,1,0,0,1,1,1,,1
4150297251851933,b0ec6b8899c321926b65faa729218f25cc2381776269c8a2c83e4fbe8d0488d6,1,1,1,1,1,1,3e-06,0
4150478865194040,f68adba5ebb88ff4cbc3bb4b9c0a64c36075d0dada42ab7702d9b8bc052f64b1,1,1,1,1,1,1,1e-06,0
4155062764754382,55c22c5d656fbbdfd049a9ec3125da56febaf7de6757e84e684292d80a12779c,1,0,0,1,1,1,,1
4156894831242368,944fee4af1809c5b7e05159af28c70ff1a3388194d30f022c64f7587f99e629f,1,1,1,1,1,1,4e-06,0
4161975470797702,6a7172209217b6a5d9b4b531023cae147013bf5a08285ca65364f5024c0013b0,1,1,1,1,1,1,1e-06,1
4163632123884252,d9b4dc26de0f21d99f9267cfd0d946b53f7450667109983c3eca8c54ba904eca,1,2,2,1,1,1,1e-05,0
4163769593891660,b92f105e375af40c80306baf1754a8e3cf1dfab2455821ed4d32948f38bec451,1,2,2,1,1,1,1.9e-05,0
4174484736140642,73edfa724559bace435ea48a351b2dbc3c87c91f5dcefb99acf8ac09a50012d9,1,1,1,1,1,1,5e-06,0
4175438739393585,d1d3cbf5f21ce69f07cbe44819c5b712c5f0892e32fa77feee3234b7c8145b3b,1,4,4,1,1,1,1.7e-05,0
4175533842712518,b1f3074eb09ca7b31014e6c83e7d41dfc16429e3566fe083702e38a4644b704f,1,3,3,1,1,1,9e-06,0
4177633102479334,8c3705331d8aca699daff095147d634a71cefdbcbb6a9790fb0ae1aad27e9e0d,1,0,0,1,1,1,,1
4184905148432202,548ca85df5c4195bd1b5aea95f78fdfac3db6018afc88afce1486732404d1704,1,0,0,1,1,1,,1
4184939638395592,6baec52700ff45c5a865f4a525d0ea5846811691f0d5e950c0a5c6742a0f5f36,1,3,3,1,1,1,9e-06,0
4186591901588296,9f553a7327b5c1dfeb71d549e5967c4b85124a28ca80ce2ed4e77076bdcacde1,1,2,2,1,1,1,2e-06,0
4186701304880277,c6207d78ca444179092e08a7831f123f0af58dd91b98c654aa087c97cd6e5c69,1,0,0,1,1,1,,1
4188775681388706,5bc8717da84b97568f4b8f9bb36e9232c75251d2c9692b6e1114cbad93ae5397,1,1,1,1,1,1,5e-06,0
4189812411275027,7fb1c27c95dcb3edb710693adec7b5cd830582c2639afb79a5b46912c7f26e2a,1,0,0,1,1,1,,1
4191153671154550,cf5564a34af1e79be51b372e937d43fb9f6bc0ba2126e2222905e23881d8cb68,1,1,1,1,1,1,4e-06,0
4191218207792754,326a8886f287507ce2d70811de67c3a7762747ec067e21fe3a28960a1ff26f59,1,1,1,1,1,1,3e-06,0
4191894477752408,e6142ab8b7275c264e77b59b62ef931400558a4b55512b7a25546bde1863a12c,1,6,6,1,1,1,1e-05,0
4194666697518945,950cfb175bc37c11937e3c32d7575bcb69e5e9f89c63ca6a1b01db218abda139,1,0,0,1,1,1,,1
4197631213784874,33b9c9c7583e91e970c15380cdbd5a595fadf520532677fa6db9423f233ef313,1,1,1,1,1,1,6e-06,0
4197754507113846,e838fce124e616387148f9706f01ff90679ec4fda5e172be01a4602eab7d28c8,1,0,0,1,1,1,,1
4199943666940064,65e863633df6c668714b4035e7efadd8aa0106b2deab1305cfdd478e67e11c9d,1,0,0,1,1,1,,1
4205699803079943,0fd0a423ff7650bdd53f85257d70b6fb154b475db9cb6d61d1ca4802540e372f,1,0,0,1,1,1,,1
4206083426388677,d3af4c40843cbe1cda406f053e2845b8b531886c6fd91444f034df9e183b1ff4,1,0,0,1,1,1,,1
4210060352596023,35f996054c28833c370475560cad120091ad0063757d25c89df38f58b80bbb81,1,1,1,1,1,1,2e-06,0
4210930782482772,9eff51b8eaad27f66beab14c2d2798b4a4e226b0aa27523aeab243f3a12063eb,1,0,0,1,1,1,,1
4212549175632692,8e09a59dac433dc154d122a81c70ccc4af6cce4a50186c34ec635d0107b3a88d,1,0,0,1,1,1,,1
4216189052043049,13759da518b5c790f471ab91ea71dfcae3175ef4445518e7a4ce814c7c6e9fcc,1,4,4,1,1,1,6e-06,0
4227069867575420,5155f4c7e3ef0c5eb0bc76507576be6ab0e328aa4e7915bf4cb7380d31cd0636,1,0,0,1,1,1,,1
4228864550715368,b03fac47da61f8074848c77d24ca41a7941c0a783738ed15c3932aff7d6d793c,1,1,1,1,1,1,4e-06,0
4228994990701325,5eb088fb139fb30a665b6fbca43d65404bd59608c18a1e403d1b6ffb05cec6f2,1,2,2,1,1,1,1.8e-05,0
4231055770468578,50be4a53096ee513e6ac0730586966aacdb3cff28bc2ab3450efa4126bf5f01b,1,3,3,1,1,1,2.4e-05,0
4233390646918045,1b179f030487905d5c59689c32195e0e3f1a5f7ec4fc1c7bfdbc00e5d198f04a,1,1,1,1,1,1,3e-06,0
4235272676739348,b62a14e45b9534e3859e32dcc579d6e9c78bdef3f609b1b462b75018f00cc1aa,1,1,1,1,1,1,4e-06,0
4242154302717460,bd4457aeca17f8f677e9a625a8d273e0e7e97e3f2a6b60838687c86627d8a5bd,1,3,3,1,1,1,6e-06,0
4242223892715193,4469ae0201e679bf42f30eb9d4ad90fdd591e029515292635a4c09e5660310f0,1,1,1,1,1,1,5e-06,0
4242410616080188,a7cc06a6a55263735ec6dff4dd94dcd1ee4de7bb07f321efeed2cbce4c88702a,1,0,0,1,1,1,,1
4245707092355026,67c65ede96bdd0e37224aa5cfc4a294909b263c9be296daf1050f066790990a4,1,5,5,1,1,1,3.1e-05,0
4250535925227530,b8360198e654643e7181f055fca3ebedd5074864f8497521411cc94eb5b14d84,1,3,3,1,1,1,1.6e-05,0
4251772011773696,0e8ab65f0f0115329dacac727e4553c42aadf2719d346f5f10afccc79eecc241,1,1,1,1,1,1,5e-06,0
4255932028019922,8bd7944303d7de3158407e9e02236e7ca036b39868ddc0724ab69c557258e533,1,1,1,1,1,1,3e-06,0
4257286077932513,cddffdeeaac384342623e69ce2efa5b292a9db33748bcd3086378c3d1f2d139f,1,2,2,1,1,1,2.1e-05,0
4260933130794848,7ffc9b90f6ba7eb4e5d8956e1cab7e6deb9c502f4d224fc1b8bad8b44633cfe4,1,0,0,1,1,1,,1
4262028857342650,6222ffd231b6534f457b2d5ac7c46bfa47af097a2d941910d0166def18267f01,1,1,1,1,1,1,5e-06,0
4262142117342324,1be08ebcad6c75f88c59379ffc2a79704926cd041c91e44f6426ecd07b84c28d,1,1,1,1,1,1,1e-06,0
4262660980676044,11267a0b976b37c31842e587f3f0d0ce1aa3206ad6dab8a9dd7a2e49bc78b3fd,1,0,0,1,1,1,,1
4263017147306491,6cb875c7b1218a82e4998356ae308b5a8a10c89fccdfffd0cd84552aff2d5cc2,1,1,1,1,1,1,6e-06,0
4264626733819324,e484c478850237fc617651ee93bd7908ea87421a61dc282ca890348a7e160557,1,1,1,1,1,1,1.6e-05,0
4269367496676608,2302a1a0915c195bddef196d0122af78499b15f4483f6afafec2eb3d93263089,1,0,0,1,1,1,,1
4270068023312679,562b2e92e5b7453aad50d78804633d516f010f676ca617c12b11f27516564802,1,1,1,1,1,1,2e-06,0
4273353116257184,c69f5877af60681a2462950cc56d8be096b8240a8649642219278655b879ed87,1,1,1,1,1,1,5e-06,0
4276172862704339,07b41be03df2076a3ab99732a187e98e4fba1a65d4ac5d7802dfdd6a7958e6b1,1,7,7,1,1,1,1.3e-05,0
4276653859247234,1a085d0978fd5954d10c4632a5e35b3b3e5e75ba864d4fbe2b166975f0fe3ff9,1,0,0,1,1,1,,1
4277569235848941,3b9b676fa85871b29a509adf59f815a63793635e955a1b75102d9e32f8324914,1,1,1,1,1,1,8e-06,0
4277674885813833,4856fcf74e77326ff2af92868bd327e4f6477c3559c5340f86d362c077cc4c22,1,3,3,1,1,1,8e-06,0
4278563665712605,b77f4998312da78eba8511cfcd6ee184d3954997ed17842c6a507609a3a1db19,1,0,0,1,1,1,,1
4278702832365870,3f8f67b94c516f2f7222ca3857e236c5328e85b725d89e9cec8fc08da06cb345,1,0,0,1,1,1,,1
4285283305092860,742f8a701a53566ed5435fe161649024c0d99b645ef7ad466624739930acc4aa,1,1,1,1,1,1,2e-06,0
4287373271485255,d4b16aefa4f60deb00aa1e77cb940077b990b3ae6290e8620b1db479fee3d285,1,2,2,1,1,1,5e-06,0
4287442101490729,5a95226b6b6fd45bd02a7a4bf9cf6a1723b0f044124b42843e6ef6ee0addc2ff,1,0,0,1,1,1,,1
4288574038045186,54b9e5b24e9a02a7a37834035c59ea382fdc0f49c5a1ba7000687089fbb9a944,1,1,1,1,1,1,1e-06,0
4288788621352166,3729610c6d2fa55acb07ee13ac7f0978c5627c4a053ebf3f8835bb23a91100f3,1,1,1,1,1,1,1.3e-05,0
4290509794560259,ee7a932409bcbdd108e5f080c998f24d0c3d03a29cb30a569f72ba8a5a366b9a,1,0,0,1,1,1,,1
4291887077800045,3d6cd5b16f7c5725f43ea0e0492e0d7ab24f943bdc1b911101d35f3c6f176a32,1,1,1,1,1,1,1e-06,0
4296229990647024,0c43ef2c8ce76244bb4419fbca7064de852521c4435e90cd6fae8b35119c6401,1,1,1,1,1,1,2e-06,0
4296280733921849,1bc74391bba6cf97c0de6e2cb204c3004f7d7aaca8e01911701623228ed5512e,1,1,1,1,1,1,2.3e-05,0
4297068937205935,ac4c4e917323f25e970e7176fc206c262f43901fd0bf31c50d85d1c1aeec6964,1,0,0,1,1,1,,1
4302617043349421,017c451999314be602657a4d954df34c2332b9cc4e2288e817c3d79274bf55ca,1,1,1,1,1,1,6e-06,0
4303560629928798,8179e02a7f7ad3df91d0a2665107353dca705a122903d1d2886aa0c6c24ea8de,1,2,2,1,1,1,1.4e-05,0
4306482013008902,183ee3a598f356ba3848e7deb196ed0323c695f0f3e9f4830ca50beb800e0c33,1,1,1,1,1,1,4e-06,0
4312583389061555,cf21d04c7773ab746666c1cbc286ea3b6a14c112cf6f3334491084a78eea6897,1,1,1,1,1,1,1.5e-05,0
4321536551411025,f54998779d40c4a6c112eb8051b4a57e0f97c454b56783c34d335906f560112b,1,0,0,1,1,1,,1
4330292713856615,ed5ff73de379cc9f5608908b3c81e438fda2d585ddc884789b65bf2423bab8d5,1,1,1,1,1,1,9e-06,0
4333152913633032,84e5fbd08a78429a0679696d3fc3badcd4a6f1976cbdaa0c013f9b5abd400c44,1,1,1,1,1,1,3e-06,0
4339347216296591,4817f90e4a19883d50791b061060332c88b6b8152a563d270c4a6e501bb9081b,1,1,1,1,1,1,5e-06,0
4339563272988464,eb69b699ca98c0845522e036f0cf1d51883ad24ad7de73a16e5237c10afbfb39,1,0,0,1,1,1,,1
4341888696133887,c9e7df5be4db055681b614ad7611b1f722e1ba67422d912b9673dfbeeef1d948,1,5,5,1,1,1,1.6e-05,0
4342472336034993,4aefd1b4449a75e348cf8c56bc2348f3a24b156bc169312132f80962340390ce,1,2,2,1,1,1,1.2e-05,0
4349720511974712,a11a66d3b69e680ee44d2ea566a8c21a1327417f200d975983448a158e948da9,1,2,2,1,1,1,8e-06,0
4361611460829248,e86fc81105020e84c1b152bee52dc6275b4cec9f8942e35e1882f56519c555d2,1,2,2,1,1,1,2e-06,0
4368788420109141,39724d77c62da16eea550da5c0664656b67e0c00cebc1f228c3daa31c3bee7b2,1,3,3,1,1,1,5e-06,0
4369795339917939,e6c892b23c73aa6ac2d5d583a034c01ddeb7388ce94c2adc602f168dccb3ef24,1,1,1,1,1,1,1e-05,0
4377517852477910,8e1f81b44e9aae5b1590cc75a3f07b7ddca6ee08fe65ea4c8b7c4631cfb8eb28,1,2,2,1,1,1,1.1e-05,0
4380676318920887,2a23913b9291ee2972673b363f196136150ff1de6ae4baf3a6ec80326b1dd3d1,1,1,1,1,1,1,6e-06,0
4414283285482533,8ace69d20d6d4c12fa6b590d2e70e7ebbd259c19f0f4cc0e9eabfd29bee4addb,1,4,4,1,1,1,3.1e-05,0
4455759201323918,cc9b0435d55b3d626b27303ebd453681be6ff03740882ba9f8ac0d444ab62da6,1,0,0,1,1,1,,1
4462390550708716,95bc4bab03cedc7e921e967aa74d3c6674a4f74d7b4ebed34ef5d41c239bf845,1,0,0,1,1,1,,1
4527859317446794,a8bc13d8e6d76c11be5abf550e9b45664bbf7abea1e4a7801ee262f527a34b59,1,1,1,1,1,1,6e-06,0
4532569956957342,26c81cf06f25fe96f321a1201d11beb2e77653a15a4a392bc11451b107c222e4,1,0,0,1,1,1,,1
4769569803269391,254464e16710f055135e857b559d2be0cf3624313d99798f6fac388ca49261ac,1,1,1,1,1,1,9e-06,0
4983288255230209,d69094598b8b62a3c7747f41efd7a27faafb4c072665e5000368fb7098942601,1,0,0,1,1,1,,1
566777373196782,792047bb83f40c39c4d530e71561f78158d7a7385d56ba7eedd5a9171d958ffc,1,5,5,1,1,1,3.3e-05,0
595672440297254,2ac466d389987c0bf0f99572940f431496a456d12dea96c3aca2d04865e35369,1,3,3,1,1,1,7e-06,0
595709926957138,a5c34154beeb7ba436c916c7a05c237721a1f42de6848522b9bec9df9c5d010c,1,6,6,1,1,1,2e-05,0
604129756096593,ae7a5fffe4e92703e905798dd7da63d263be0f2a43ce136cf4a583a65105c270,1,0,0,1,1,1,,1
604137339424772,c2b6f9dd5e0bf0f854f185baa4332fe18ec63672b6edff4fe14e8660b69c5592,1,0,0,1,1,1,,1
604242459417898,0b91fd795230ab0b9162f218669c89c7c59b7102d748e5a57d6a23eabf24c324,1,0,0,1,1,1,,1
604340079407231,b912bc1e2cd80ebcb0e6a6876f95677acfa31d0fbfc43ae37cf660c07a72440b,1,0,0,1,1,1,,1
604713486032584,57308ce12c39e6d08c0494347061cede4d07020146128ecd845201119537fb22,1,1,1,1,1,1,9e-06,0
604743979364077,3d66362bb34128a2c54424effa5405eded4ace68474d068cb063f772a1e0561d,1,0,0,1,1,1,,1
605064305997319,13c4175f49aadbc38eaa972e470f0bacf50378f93f6d9a7c0f0c88ecc76e9e99,1,4,4,1,1,1,1e-05,0
605070116001136,a4d3b82bf790727eaf5019dcc3f0365e0f586db32be7c608c414f02138a3782b,1,1,1,1,1,1,3e-06,0
605517215952055,186c3c2fe24723cc7b7a166cb74da689f5b58abdd7ae1ed595d055d01f2d8514,1,4,4,1,1,1,1.2e-05,0
605553932620174,017597979645ceaa3e14c1c5cbc3bff44d7e3a5845925bbfc1540cc0f1a272bb,1,7,7,1,1,1,1.2e-05,0
605609095941616,4f7c89ca41927dc013dfddbb707dfd6663d5989027b6961185b2cebf9863b1ce,1,2,2,1,1,1,8e-06,0
605790912597403,b01c1a2d26b4ae7126d75ca91700348e9124000e977770a71af56fb4d1be47d0,1,0,0,1,1,1,,1
606268612544013,c38856f9483954ab80aaadd96908022927d75899ce0692f56c14797924494a09,1,0,0,1,1,1,,1
610550012147294,0fdf3600e5128b36c48babd05ad04cc36b81faa19dfd930269ff907676728a86,1,0,0,1,1,1,,1
611343082069193,b2203dbe0ce56e03e13bd82c61d675f24fa023fce48d8de48386e8d4a6ddd420,1,0,0,1,1,1,,1
613866201784277,7a3268afc4ef59b6d5fca1db928127a1b92f719e931cdfd490320604ef3fc595,1,1,1,1,1,1,2e-06,0
615076838362103,614a1544a472651f8e48665d714d9a26d5660b8c00dbb9ef29780e7343e36d4d,1,0,0,1,1,1,,1
618453744627225,188365004ae95f77718162b19970062e83bad1f9093ea6b7ef081285c48cf3f9,1,3,3,1,1,1,1.4e-05,0
619344611202395,a7320736f2e63add7800dbe03c99181c036a94e419a1761946fdbe2b3660319e,1,0,0,1,1,1,,1
619737114494553,690691b9b120b26d2adc8e093a589dffac5218468b589a91d53b47d01cc1acab,1,2,2,1,1,1,1e-05,0
619742294494067,aef9b2bad333d7505031dfc679f01fe76e72ddb254eccc9a4aa8b6aaf0d1a67e,1,1,1,1,1,1,1.5e-05,0
624457987346653,1fef2cd9d93f7ab6e8feaf93527c4aec07a6ef66ca579b2be19d5e281c9ebb77,1,1,1,1,1,1,3e-06,0
625051887284481,c63bec12e85c56527f129a483d927d5170e9f6644f5ca5ad96aa739872a8f596,1,0,0,1,1,1,,1
632652756508573,2626edd3ad3dfa9430d66134c0cb4d2f5da1a80f4f67667cc0a5957e00a33788,1,0,0,1,1,1,,1
632873609820611,b4f90263b0e4e9ccd889add9d1c72730b89792ff4ec60a923f7fa9f3237e516b,1,1,1,1,1,1,1e-06,0
633540673087901,d513f6214a3ce7a3b8b832c2c8a810a17f4059cc1f0c4de079bd71b37a1556f2,1,1,1,1,1,1,4e-06,0
633663363070468,8e31c7ba652fbbdcb66ad154b2bbc444145884222250e8a1cff014bd45faad8f,1,2,2,1,1,1,7e-06,0
633856849717469,c32a252d79859cf46d3ac868854ce544e88f3fec113b084881d8f6cf0e82e0d1,1,2,2,1,1,1,5e-06,0
634034646370364,d5211aef0c8c5147a8e27164bcba8a1d1bb39eb5007a6ef0723a5cf0f0b10f2d,1,2,2,1,1,1,6e-06,0
634088473031000,38e580617211c6b895a363fd6e63340f81510d70047bba97f1488c36fce87658,1,2,2,1,1,1,9e-06,0
634111619691893,8eae9cda51e9d0063a93b800d744a435ee4fba9089cd26ba2af708b552b42cc0,1,1,1,1,1,1,6e-06,0
634515532988612,4425a0f5889a7dce74a3d1676d2a694bf00f25f5a3022514ac48762eea27f92d,1,1,1,1,1,1,4e-06,0
642387098960595,4f6f1ff734a55432a973c8f330bbc896a0e1199c66db2170abbdac6ab60a26fb,1,2,2,1,1,1,8e-06,0
647780038302252,b182874e7148d16df8113bd385e46d98d5a0a53b3b784739e846f08b702b15f9,1,1,1,1,1,1,1e-06,1
649161771498757,f75a586466056c333430d2b35c6dc4c8650b8d561c653de2b62214ddd14ce289,1,0,0,1,1,1,,1
653272661072753,205d72a3b68da899fa929c91f623e8f5474493efeae30e51f5bab74edb5ddf7d,1,1,1,1,1,1,1e-06,0
653827654350234,0ef76d91ae1a3832f873417fc759ee6fe64803a80ebfbe8e8c56644988b9d9f1,1,1,1,1,1,1,1.7e-05,0
656058287589980,7dd0ddbd2e054379602f9983a63d6814ddcb642a265f2bcabcf53006fd9dc938,1,1,1,1,1,1,5e-06,0
660715633644040,684e4f6259a6b860e36af46552253ccecd4472a2bf7f6ad4dea67a66937a3be8,1,1,1,1,1,1,4e-06,0
661449996904695,bd6bbd22699d3bae0bb8b7156c9827536b1dfa9bd352a6fe29e1610ae1eb0775,1,5,5,1,1,1,2.4e-05,0
661543623559053,9db80ee32d8f57e1a9650c3f78ea3f3756ec7fc03f616aa2232d33efca817d4f,1,2,2,1,1,1,1.6e-05,0
661811330201945,a9d7b96eaa1e9e76f4a2e9f507dca37171e64b7618e91629ed75c434081dc596,1,1,1,1,1,1,7e-06,0
662863726757814,743ae3400d2b6801696846e8b53b935176cf9a48586123d2bbff2d6f8b5cbaf3,1,0,0,1,1,1,,1
662984086746280,ea594a0237fd1951a482bcf717227b3ddd5f9ca6a7f8559d8bfd90c1b11538cd,1,0,0,1,1,1,,1
663006480076249,dc3d3511f8a0c31bb1673ebeb0c1ac8f020998120a75ed90cbff06c195c03862,1,2,2,1,1,1,7e-06,0
663526773363643,0ec89544028f0d648785ac4478130d63120cdc54f71902b33ef6a677b91b1a3a,1,2,2,1,1,1,2e-05,0
669170249460992,96a9e95db4698ff4a8d053b6c3c1eb956f8fee21475ef3443fd931765e21e06a,1,0,0,1,1,1,,1
670412066150289,f2a4e074c6cf170453d5affff75ede897033b540c0b1d24472bad3f20cd11bba,1,7,7,1,1,1,3e-05,0
674023909122116,f951de10c157b8430048941d05dc735f89643c02a908be5fa79071c355eb776c,1,0,0,1,1,1,,1
674531245723479,db7ea2bc654782d5959d7fba4f1824ee0d6e3386176202a11ecb5ec0186efe1e,1,0,0,1,1,1,,1
676183548708959,a0cb97b947af2504ca38c4f00e29e1e2427ce3ac4323b994a9d4f8e995b2229d,1,0,0,1,1,1,,1
676486961994654,f07fac6bd0010b97ee1a7622c951803cc54fe59119419e559d151884a8299406,1,1,1,1,1,1,1e-06,1
676712931982607,646ecee542fecc51a08ea0650234b11e70abb17ad38f9ecd0c04082fe70fae88,1,1,1,1,1,1,4e-06,0
677363181920546,1d035350cb416c5602f96ee8f32ed7f0b81e8e0e2ca1dd3e99cb2b2a35f67748,1,2,2,1,1,1,3e-06,0
677920028511300,370ecb20cbb344c682183ebd954485d9ac036bf1a0bbbedb1b7947b33957ac67,1,5,5,1,1,1,1.2e-05,0
678434848480135,c7aee7c44361e58b0dc658178b5c4ad5de50d07da64ca235e45e33e3c8bfff17,1,1,1,1,1,1,7e-06,0
680464878232128,b887dd072841019028d334c20e8365ce49f6de3c9acd28cf969b1a45690f0dd2,1,0,0,1,1,1,,1
680617204902633,ce50d7f77665a2c8edddb41b7f1c9fd107336e1c2c7219822daf62ef98cb2dd2,1,0,0,1,1,1,,1
680633321551025,7693516c48bc05c438331fea45bcf4075a912296b10ae1b780fe726dd053f4f4,1,0,0,1,1,1,,1
680730568213069,ae70cd68be47e651879f46cc58d69bbb5afea04ff356cb98422923f9d00f6ea6,1,0,0,1,1,1,,1
680850571528202,82320e4c6bb5a5acad82be32acb3886aeac564acc75cf18061fdd1162646b685,1,1,1,1,1,1,1e-06,0
680905768189397,fc02638d71be7feae5c163974a0b58e62b98a19f99304206048d4a7f695ecc64,1,0,0,1,1,1,,1
681252928142280,78b0deaaccf925c843831f63b4bba6b304b8c32ae095816e79f6359da9251a9f,1,0,0,1,1,1,,1
681514891483634,1c378f1169f3c776a763523ac0dfdcab9b64c57b4bd0f6eeae22cdaef7d0f43d,1,0,0,1,1,1,,1
681716481455550,56a2d78af86fe8741b5ef74a70d39cebd8bcfba41ea06348de3102bcfd8d1e4e,1,2,2,1,1,1,1e-05,0
682146164733775,74433d0838215e15436c789a3d1441cf9e4a7f49e87ead5431c51876f7d46adf,1,1,1,1,1,1,3e-06,0
682387181380839,a41fe8813c94ce0cf1384b01c8fdc7994abe49f037761e794006f4d6fabfba54,1,4,4,1,1,1,1e-05,0
682488148022653,ad6d7519385faf3d90cd603a819edaf08e0b278cf210218390d54982045af7d6,1,2,2,1,1,1,1.1e-05,0
682667151368590,ed1356ee1f6a881faef12effbdcb09a5ce10d9c1ba23678207717ec174ba50a6,1,1,1,1,1,1,1.3e-05,0
683005008214140,f0406ce12bce759b1d78dc11cac6d3da53b115e9c352d3ec4f4d8e5661d7447e,1,0,0,1,1,1,,1
683219704621522,fbcdab30586bac9a5d75645671c0c84a862b975265c8ced4c445e88afa586bb6,1,0,0,1,1,1,,1
683599118157121,4df4990c3dad7463109afe22025224acdd53c6e0dd947b0cac5a9b6d2891218f,1,2,2,1,1,1,1.9e-05,0
683903627864605,e35489386853725a3a1f62970bf934e692f98f19fe7ceb42d71e42b1b3c410e3,1,3,3,1,1,1,1.6e-05,0
684178904503752,5ce30df787de9c354d8179ee453f7bc79e2fcc9365a24a94e20c4b0ca57961c7,1,0,0,1,1,1,,1
684872628028662,abca69d30ec1524c37f0b922d694453774a9d34f362d62ede0e8c71619c1512f,1,2,2,1,1,1,1.1e-05,0
684947221075284,097048c099f38a1f529395df95502e331a6340d496a1c0c36971f1aa9da21caa,1,0,0,1,1,1,,1
685006357743901,b8679491d52072ef78306c53cc91da283f61715bd05211382fb794356b144cc3,1,2,2,1,1,1,8e-06,0
685344824654358,f4b347af44cd908f43ba0f711f7cca44b11bfe1f9c584d6e508c69a63ce9eb8e,1,6,6,1,1,1,1.8e-05,0
685819444317913,aef1104a9245d2393025a42f1a29fb3112f2f476b8e0abb208ec6fcc9a62e9bc,1,0,0,1,1,1,,1
686094930955318,435f109dfc43d8fed515f7fef7a4127f1a97664409d260e9567da483cbe29805,1,4,4,1,1,1,1.4e-05,0
686283464555751,d8c2f305839575a150a9f3224165513fb5e9ac586a792835fb7a3875f808322a,1,1,1,1,1,1,1.4e-05,0
686620484522951,ebf6ec4c12f2ab9614e03d5f06b2629d35ac6abf4e4972c97873b365111a9137,1,0,0,1,1,1,,1
686757571175841,3059687c72034f6dbe3089a92a407372fa077b9e97190c43799c4c30a18009a0,1,1,1,1,1,1,1.4e-05,0
687137317533858,b54ea29fa18200b3e315e666dc4530a73c18b0e2c9ac610162cb77a60f2f138e,1,1,1,1,1,1,3e-06,0
687842444393762,a39daab78fc2f560944f1b1801cbc1a58048e19fd36e90a04766dae35c2b5e49,1,2,2,1,1,1,2e-06,0
688201630727442,7a8b362256911e177d72c00da3139f376c3842d1865e30a2860cd9889112aaa6,1,1,1,1,1,1,1.9e-05,0
688452700732545,aebf09008233511b6c234c4462125bf54edde140b7f9a18349fde37885833182,1,0,0,1,1,1,,1
688759297328341,2af612ecdb30353e8caee27118ec1b017fe881ad2e1230c18e60d0e3c7246722,1,4,4,1,1,1,2.6e-05,0
688814417620534,7c04dd65374e33d5857e6b13a98f38c36884e02ed9d66353990f31bcaf850cf2,1,1,1,1,1,1,1e-06,1
688881197614168,fce3e487a7a3c69f3a47ce8f302ef625ebc39ecb3f0c7d333836ef9650cbc954,1,3,3,1,1,1,1e-05,0
689068044267266,0677823cdf060744aebbba010973669c3ac830e24f3b5511a6ed69ed56fe86f9,1,3,3,1,1,1,1.5e-05,0
689227697592619,ed6f1e1f74c5c80d09e954bdfaf3a7f7ad92dc6be66f789b79b4c25a8e4c65fa,1,2,2,1,1,1,1.7e-05,0
689277940608772,f97afef8b2bd10c8317752bf1a4ef61e37c39359ab0a46f4e5983f4e18efdbd9,1,2,2,1,1,1,9e-06,0
689633637536421,5213b2d9711030c065fdf73b338cb2aa4a753e9daf388aa9c3ea9a24ce513194,1,0,0,1,1,1,,1
689782380600869,572ae4d309ef11fda615b1ab551f815dc54ffbf17d319e3b4b10b4190dc3fd2a,1,1,1,1,1,1,4e-06,0
690227580810538,97756aa0692ca8a9cdd24756f8457caff6459fc60136439b22024c596fd085eb,1,0,0,1,1,1,,1
690360150810961,88ad070fbae2aa4c4b8a29298d883826847f7e3f95d22bc66679301952338f49,1,0,0,1,1,1,,1
690847530431944,05d2cdc46af8662a011b66040fcca510eeb0e545b332398b1f9be93d988e6bb9,1,1,1,1,1,1,9e-06,0
690962794077417,70d2dc12a160ee12f9cb7fe0917828a1e616f083b6534233e4f8f6f7151170a0,1,0,0,1,1,1,,1
691227560398962,7649fc65df4a767584b9430ab5a7661411cad7e2dcc50e16cd09431daafd576a,1,1,1,1,1,1,2e-06,0
691267163714806,f593acb3cbcedc848f0e5c97a72dd65cfa2fe09013990dd5ed267f8b9cadef0e,1,0,0,1,1,1,,1
691379610697453,41601cf0b88ae952deec4f5b4484f89f485dee2a8dd7de55aa5b0006f497de57,1,0,0,1,1,1,,1
691447924018555,fc58f2ce0c105fc875e51bcff0eff3e7a5fa530621a67fca585d56be1f058a4f,1,1,1,1,1,1,2e-06,0
691554777016732,b0677399e54e207f9ed70701c2f1dff3ca9d8c2a310b90a6275d8c4ac27ea467,1,0,0,1,1,1,,1
692185716984182,1a53438ed586b0745c93342f1af3650deae3293249d966a0bece2c382e1522fe,1,2,2,1,1,1,4e-06,0
692337220269514,23cbc794c5cfa32d4be1515b0591f3c6491e49f3b2cd697c951e2a78a380055e,1,1,1,1,1,1,1.7e-05,0
692620350242205,c89bcb829194027a729c4ded089de9547d0774b4fd63452eac97f3ced105f4ba,1,3,3,1,1,1,7e-06,0
692649963567157,d3f24bd7b9e64e9d30351bcd810e712ed92bd8c455682e03417a7c5d22a94f1d,1,3,3,1,1,1,7e-06,0
692659086905178,3ba9dea420ed66e54ae309e3b2c1fe86abe01796e3a015d8d10b9a2058dd487b,1,0,0,1,1,1,,1
692745313557839,3611487ab12c16ea35ece24709d3b16afcf1018439a14c6150a5c41342fdbd06,1,5,5,1,1,1,1.9e-05,0
692845846885097,9b9d751be216e0dbc5da7ef8c6b6f58e342743d415868dd11e403948a2fbdd5b,1,1,1,1,1,1,8e-06,0
692856763583982,4c870ea71b19a6f374d5905b7d28c58d39cb55cd29a1b3fd5883df6fe40d1947,1,0,0,1,1,1,,1
693366613845687,6a3e1ebdab1c17d4a0e8ef39eac3b91f8e02d72254323f581c039715f8350def,1,2,2,1,1,1,2e-06,0
693414050156694,fdfad4170f66f0d5cc3d907f566bfa74fa37f1b2beb24259a7b63e1aff3cd16f,1,1,1,1,1,1,2.2e-05,0
693510333823300,e29c1b81498aa4612a679506dcbbb5a9a4521a0ea74a4319d2e716329781cacb,1,1,1,1,1,1,3e-06,0
693656027136180,144e8c0e3ec35ec8a7422b4ab781b1fbb9f78e30d14211ada3751f176aaa2b60,1,0,0,1,1,1,,1
694085543424593,4cfd7901da31c503df25afe8e23408f0fcde4e8cc9fbbd237830ac66f39994fb,1,4,4,1,1,1,1.2e-05,0
694119236753101,00664cba50f58cd6bb00a4fdbcbe3c175c6dd494df2a1ec20e980b987fd0c936,1,2,2,1,1,1,1.8e-05,0
694312683748513,a36b4a04f024b70725bdd56e26b9cd8e59a2900f337566cd17dfcf149b179654,1,0,0,1,1,1,,1
694341006723003,81cf1c45fab317b6beb8a74a152d284e4f6b941c05df20ec016d7ca3bf18f968,1,0,0,1,1,1,,1
695176509962135,0a890a4db0915f0abf0360593342069d57283de5b0dc712e174ae4c4fe82ee39,1,0,0,1,1,1,,1
695227149956891,2f2216ce48541c233252b698ef0c65403b50d2eb3e3d94be2e470efa87b125dd,1,0,0,1,1,1,,1
695393503646804,cbed8e5a9b021bd8f9f7b90cef45d54c9d95ab698ac3e7c6c4232f9d041085b5,1,0,0,1,1,1,,1
695665563606900,fa792fe9cdebcd9c02739fc7f5b9cc034e522266fcf0333ac6e49a056fab5ffb,1,0,0,1,1,1,,1
695747806945136,210968295fa0ef32a9e42b2bf2a25ac69f8c69de9c23ed73c3d1ce1b6dbddd7f,1,3,3,1,1,1,1.9e-05,0
696074086901928,2c515b2afa12bdb27576b5ad171bcf2d904cb8a84d317111eed289b59dd6dd17,1,1,1,1,1,1,1e-05,0
696438536500281,615f79016b330d9fdb91753912721a126993b4e750e524f525df3b560b31f8eb,1,0,0,1,1,1,,1
696471096852347,5665a58be61d59c21bca1c232a85a1f5731fc0a454d677e0dbed71ca8026c4ea,1,2,2,1,1,1,1.7e-05,0
696653503126298,f7d5b7cfcb99e63bcfd42799963501089296f44aa456edb08a97eabe70bddc93,1,1,1,1,1,1,2e-06,0
696902213103518,9d9b79b73f0612db8409779a3f48645c25270404f5aa21dcd61a44bd2bf73dff,1,3,3,1,1,1,7e-06,0
696987333479847,972ca080da5385226587636f3e8dfdceef226add0991994ce8ebff83c8197469,1,0,0,1,1,1,,1
698094969606475,5123e48511761944229bb33a77ff8fa5920924f0f4a8a2ec31c67c0026b761a6,1,1,1,1,1,1,3e-06,0
698147726288287,b9a07f79011001a5d0ad77966299dec8a90bd528e01d43915e2e88a7373c4f90,1,0,0,1,1,1,,1
698401586290405,5a6e9f1df1855a08e8898924428f666e70987d503d5dc4c0301d38544899ae77,1,3,3,1,1,1,5e-06,0
698434509579005,9b52d34f66f5f61805549081bab05bff2884ee1420b5406ef09515198ed79f55,1,0,0,1,1,1,,1
698662256236930,b4e2fae83edfc9bf3780da7655a8b68d747a7e449832599bd57bb9df8c3a047b,1,0,0,1,1,1,,1
698687399553274,3e5afc9f8e3d4a4978567187e57f1ee96ed731c6b9096f67e260aef755a15602,1,1,1,1,1,1,1e-05,0
698754096631882,d883635b829cea6f4a123c6bf5a46f15fc033724827365198a6f67c7901521e8,1,3,3,1,1,1,2.8e-05,0
698802519544088,41e2df3f011b9fe2ffc8b5978f5a35cdba86728bf4c52d5ce660023094e596a9,1,1,1,1,1,1,5e-06,0
698835952909037,f987b820e25519654f31645514c8e354ab7403887aa72ac8af201c98e843e438,1,5,5,1,1,1,1.4e-05,0
699049472850258,4390182cb24a98607ccd7329a66de1823788cf244bdfb16b54ef053c8a2de74f,1,1,1,1,1,1,3e-06,0
699087872846468,1958fa0aa7b81aca9ccac2b2e820da8db0984106bdf894bc5b39c1f55cb2a63d,1,1,1,1,1,1,3e-06,0
699354692814086,f49ba09a79e6b67b1af9692044ec676dbe0147944cf7651651391624edc7e642,1,2,2,1,1,1,1.5e-05,0
699639826518033,80326b8b763ad6dede8a215edc7350fd0c928410f26e575e6a97d564093de43a,1,0,0,1,1,1,,1
700129536121908,2559cdbb883596a6a06e46074d5698e7f39bd33de4a7324cb4884bb9af3bf357,1,2,2,1,1,1,1.1e-05,0
701198436361070,fd673259e432735f3b315e34f6f3f46af3dc62ff25a2cf502b81ecbd4199ab06,1,2,2,1,1,1,1.1e-05,0
701227013033532,5e7cc3f2df986baeb40ab82a94e8a7654c32c5aa3922de86375b7320d634108f,1,1,1,1,1,1,8e-06,0
701835722976238,00b8ded89e6631ef9a2bfb46560aae603e53729d5484e25dc6b160f27350420a,1,0,0,1,1,1,,1
702668282889998,076bb26d423c28e5fd844fec50e65b298a29fcc387cda5727306edad92e11592,1,0,0,1,1,1,,1
702735879572880,043c2fa0dafc3dce53d6fad82f24b158e2681674d5f350a0e5acf010f43e7d6a,1,1,1,1,1,1,5e-06,0
702736649126760,3c7bca9092c3c80fef2a220d76a42a66c7275255d70a76b7911f472d411e578e,1,0,0,1,1,1,,1
703195469080159,cc1ef02b160eb6daebb74ec5a16b64b36526aa5494a7e05fe4499f62cf3cb870,1,1,1,1,1,1,1.2e-05,0
703227666192573,767dff8246bd171fcbea1a8bfd638d2cc76e95e415b1bad054d93ad544a7d787,1,2,2,1,1,1,1.1e-05,0
703285432405979,dd7fcfd2afa212e687b4b0fcbcb832631afccbed7c3266ce1641875b10f72782,1,2,2,1,1,1,7e-06,0
704289842736043,e114cf99351963590f583276da93c1a84b657bc1c9971f5d5bdc5804ae83af72,1,1,1,1,1,1,3e-06,0
704837582679732,d04c5293f903cd9f3742b6125f39d50f7b0230c5995a5e50b288048031459ffe,1,4,4,1,1,1,3e-06,0
705075598888246,f8ec4b8c50685e15613a8896d5aa6892730c055fe170bb2053f79237c29e92fc,1,2,2,1,1,1,4e-06,0
705250795962409,af22d790c9a8a0e2bacb9557dae7e45f0334583e9e430e645b207ff99ae8ade5,1,4,4,1,1,1,2.4e-05,0
705677832603121,04bdd880166254e6898188d9f91fdbacfd59c81c0c73f6fed82cb934b3d08b42,1,0,0,1,1,1,,1
705964578787421,44f411a2b47d1927c2adf5c7dcc08d1b2305bc4a85dab9ca874fa09ac866f58a,1,1,1,1,1,1,1.7e-05,0
705983942553058,e63670d2cfb9472f99c314618f8b8b1dd2cffb4dfe336180c43de179beaf3a3e,1,0,0,1,1,1,,1
706178845862215,248b64b1ad4d4750336e944adefc93eadc9fa32308740f550e5443db033a2c52,1,1,1,1,1,1,7e-06,0
706471275404375,4c73973752e6f0ab2635230482ce8b58b542f15ee5f651b8ece87673711a3790,1,0,0,1,1,1,,1
706529889174215,14515a20e31770352fc8944da34267acf75b3d44b395186c3bf8c0823944a0ec,1,0,0,1,1,1,,1
706629005829184,ef354eff89b0550ca5038196dae529d15079946126af2ba16aafcbd5bd3f512a,1,0,0,1,1,1,,1
706651815376896,a477d04a0a117f85c55ee9cde96f73c1403aee4ad2557f9d85434dc79d5840d2,1,0,0,1,1,1,,1
706715009157835,71a2df2fac64bb0af6a445b8fc4be7ccc56f46e539ab25dd1555f9ee1c591d86,1,0,0,1,1,1,,1
706860362492851,8ee2e09cd435d69d8b1e6b1e94896c0e779952d7bcf30b205764b7cc6adeab81,1,1,1,1,1,1,5e-06,0
707947159057633,9a639206aabd36a7f40979cf8858c704282f057a6843a36738617490325010dc,1,1,1,1,1,1,8e-06,0
708025585679728,098adcbef83b70dab707f9e860a91d6a807d9fb018fce247354148c02850cc00,1,3,3,1,1,1,7e-06,0
708392582308785,1c5fc4f0620e058ae5ace2342ed5e4e1075fa6eac71f5c2de3cbc527956dc9dd,1,3,3,1,1,1,9e-06,0
708563725175883,57e0c61c9010ccd022ecbf716532d354258bb4015b752954809bbbdb4d3b7a56,1,0,0,1,1,1,,1
708742452267259,da87261d175fea2b8394025531a37c2c57d775ca055502430d14d7664c27d698,1,0,0,1,1,1,,1
709017185154495,da410dea637ac1592ca9209d3edb12f3890aa45cdb70cd4ec2841249170d2836,1,0,0,1,1,1,,1
709154958455436,78b2521b949917d0f5e76589fa197ca1f9ed8261c9b0bf044c7cd4e9f5891aaf,1,0,0,1,1,1,,1
709740795054639,0e0e9c5b6c8702c2d1d24b4da99b6eed36b540f294b4b21fa2795f45ce3d1117,1,2,2,1,1,1,1e-06,0
710060568365964,2edd170982f8128f9112e81f41a9e6217315e1a25e08a15436f2a8d5bb101d73,1,0,0,1,1,1,,1
710106138812734,84a5f9a133db6fc6836bf45d3ec769ae9a5bed38ed02025768df056a2d6be2c4,1,1,1,1,1,1,5e-06,0
710168705006001,2001feeb4447b5396b5f325107c98b930ad425e96453f98cded005db540f6a9c,1,4,4,1,1,1,6e-06,0
710362525005829,e9228e3766f105d4aa01327a06e16b5875c73e1d189f4e8d3fe94857238082c3,1,4,4,1,1,1,7e-06,0
710579068755819,254529a6ec420d7f27c012cdbec8011c1a6e1b68b1d1d47a516f32ede1e8b960,1,1,1,1,1,1,4e-06,0
711042192038118,8f80c1bd031d1ec96c37c4e9a96e5e9d2f9f50a3dd54dd1905144bc2602a8f53,1,0,0,1,1,1,,1
711335612016801,fba3d3841dab3c0c00a6f6f2d506e19fddbe1228fa92fe6f9dfd849e08372de3,1,1,1,1,1,1,1.4e-05,0
711571815319539,e7751693e805965ce2a5cbb9cfc3c7ecbd9a7cd161776558f8edb688eadf1e77,1,0,0,1,1,1,,1
711711062006418,eab17e0480ff2fb74eb09574b9a41d9533be495d13c98d724e700181a2a19617,1,0,0,1,1,1,,1
712506281416797,45d24e0fea4cf58c8630ea9c060cf6be431a760ee3f002dac7652fc4315a0ce4,1,0,0,1,1,1,,1
712628838068605,7a330d13273b70f4b6561401a106e7edc469c5191d288524bd7866d3471781c4,1,0,0,1,1,1,,1
713196315164249,62876b6c5427ab1059787f64f4f9b65dfab4a7d2959b8c3e927d02f3700fc31b,1,1,1,1,1,1,4e-06,0
714001667998543,42ffff0096b2b37debdfa8f107bca0436d8045712f7d46ef2725a1987b7eefe4,1,0,0,1,1,1,,1
714081308396977,1f5becd2469ec02ea9dddbfdc29e9c23699b64a7de42922934f65c3c214e8f16,1,0,0,1,1,1,,1
715332071618196,00cea97f3b7c6b3882625c74b19a2f760eae9180a24ca2d13a84f08fc091eb86,1,0,0,1,1,1,,1
715805264898597,ca3edcab909a1331fe534a64f767f8408842165dd26ad38cfe174d5ca70fab5d,1,0,0,1,1,1,,1
715913028227262,2be3c82d15e6a3cf42eb23dd1fbc2f37ee82b92d6caad3b322d8d4555f1e6d94,1,0,0,1,1,1,,1
716436008156655,b3d38f724804ed2a3ad683d1c7230bf1e009706dba6b3b2efa96ac30c5ffae15,1,0,0,1,1,1,,1
716504788150812,29d4e433d531981d399c2682d3c21abb6549c83aa9fe5601b70a1a6a318244cb,1,4,4,1,1,1,1e-05,0
716689808143538,e64edfce3610a50b321a39bab004c738c77f9764c4e31710eef24fa94047ae83,1,2,2,1,1,1,7e-06,0
717228474754859,d1330444fa591a80ed359c3694be03b4d7e499494d02190ae588e0e69c004fa9,1,1,1,1,1,1,2e-06,0
717359880894668,6fc79a4180f90b399588722c6728558b28a7e6f07ad88f094943934531e75f4d,1,0,0,1,1,1,,1
717862364145996,7b866d4163790f68950b8ac00309c60815db3b837c83e3a7b85917720fbc0594,1,2,2,1,1,1,2e-06,0
718463131273091,8d94fc5837039e86dc1ea82453b101557a630bdb4b78bfa48f445ffd96f8241d,1,0,0,1,1,1,,1
718506434086575,380e95ffa2f92593a3f80b8f1ab23e2a923ae7e985f91cc2a07a4bd65b28ea19,1,0,0,1,1,1,,1
718751904060629,5f36a395bf03ece3795da5be66470b3bde643442709a6eab4fe8765adcda8203,1,0,0,1,1,1,,1
718914734013739,b31a4cdc3708d05324d5f82efe4b38a9f501f5a35e283baf1ae4a9f6b1e8af1e,1,1,1,1,1,1,6e-06,0
718937867338763,71ba2bc4f93da66739613423f1be5e30ac939c73449de5e28c67111829f4576a,1,2,2,1,1,1,4e-06,0
719324920627436,82da1fbf01729f901ddfce7ab38351ac2a1daa6e7d21ec55521ea340a5c0a474,1,0,0,1,1,1,,1
719555570590679,acbdc660361980b039a433470bb222be5e963c82764bc871e06a3ce65ac3f408,1,0,0,1,1,1,,1
719616224516138,514d300670f79bff1e8eba38292fc6545a04e99a5e3129dae0d1b249f7fb315d,1,0,0,1,1,1,,1
719953863919224,6a97ad88396836a5f914058afcdaf19835fca6358500bef27f578fbfe1698355,1,1,1,1,1,1,1e-06,0
720192293894630,dfef86b49d6aebb82a73955936b3c7a9c2125d92c9807e81028b97b4d93c1c5a,1,6,6,1,1,1,3.5e-05,0
720215110548238,164a37b800e58134f435fe091948d827d6a2d536ee8f34522ba2b0d04f8086be,1,1,1,1,1,1,0.0,1
720239493877884,311736dfd2a2f709530500733ca054500907eb5418e803905104bb667ebaab2c,1,0,0,1,1,1,,1
720403647195344,4488c0245c109dbbdf7107caf078009b5f6b3f864eef3b27d817e49017225e30,1,1,1,1,1,1,3e-06,0
720846793814932,cc5b30c5736d6e3159846b5e84bcfb41d228b7b99305f04e2b46bde8e860b496,1,0,0,1,1,1,,1
721218227110432,b967aa276759fdc35df5fe165ff267fdf25bc1eaba3c8449fc1487be52db13a6,1,3,3,1,1,1,2.3e-05,0
721289513773662,13387ee628252173b706abadb2cc919912cba311c85c79ee7c0c93b4320c5bd4,1,0,0,1,1,1,,1
721362933769621,5fa7b276979b3321c5e24cfd6c28c891f0b9dc06b0a63eaa118d069eb274c87b,1,1,1,1,1,1,2e-06,0
721893390933396,3507d6b1a4c91d31b45fe430d625f902b8dde3c8300b4ffb1cda933b0fbdcb97,1,1,1,1,1,1,1e-06,1
722126557586954,abb558efb9cafc16f73aaed6f1b1592ba6477898bd249f7447850d451bf05ee8,1,0,0,1,1,1,,1
723191530823408,929c9c82a4957e36310cb19fe16d3bbe0dd72a04e7e8b7e045479a8b61b1a599,1,0,0,1,1,1,,1
723602230175063,134139d898078689f008cc0907e5584931bfe3b5979994fdaadf74afd47b2ec2,1,1,1,1,1,1,7e-06,0
724000507412437,f66b07f404d396e9beb1a1e2c2b31b4c0b6d6f1cbedbd4c966f1b3c29af6498e,1,2,2,1,1,1,7e-06,0
724021386809281,a95793740fd8be80022f2f80a47ca4491dfe172fae0f02e058f613f17f7f6118,1,2,2,1,1,1,1.1e-05,0
724707743999096,7cd8f67313fcf1b600ecf1ba38b87cff4d78acac49fd76ea8c2e15b73d763242,1,1,1,1,1,1,1e-06,0
724959253972133,a3e7a340ab665e281c6e87a862e9996143c056e4055eef78ece6f3f3c1821da7,1,1,1,1,1,1,9e-06,0
725693043880147,12e0cb18e70ee90b8bf148bae2aebab55f3e7913372e4909355eaca504bf4453,1,1,1,1,1,1,8e-06,0
726047563859112,dcbca83b332d5a6b74a2d40c3ce3db9f49cbd03ad4b24565c3b077eb98d56995,1,0,0,1,1,1,,1
726084610508941,cfbdb9ef0f3cf011b6df237446c0ef4abca190744262ad0e4ccef052ab3a2b62,1,6,6,1,1,1,2.3e-05,0
726349187156219,f2f65c1c24aa5d02f58e155ddbbc5d55ba91299f5db45a840e8ebef9885bbf5e,1,2,2,1,1,1,5e-06,0
726686607124204,892d3543d4830f671e75ed45064e25065cca6cd17fc13fbb37f6f63fe06794c4,1,2,2,1,1,1,7e-06,0
727365343107406,1152961305962bfcd6537db77bbd5368a560a582dfa1c4b83ba147328a1fa309,1,5,5,1,1,1,2e-05,0
727437050383327,3b7a6c27552f8f29d3e82b5f3922155dc46eb1210b6e31798a84a0b8b83549df,1,2,2,1,1,1,1.3e-05,0
727636259805704,d86498c104c58be9ffec78e7ab6c570b2726e7d751fafc7969f474cda7f8672e,1,0,0,1,1,1,,1
728214199671807,2f227267b58647f0ece25c92f17d5c55e8d8df5232ea32f0d7ada5f05e6064cf,1,1,1,1,1,1,1e-06,1
728227923654007,dd0efff260c400bb27b86a6f2ac001bf491f2f2b4c81ef6eb7d71227ddf396dc,1,0,0,1,1,1,,1
728363470284219,d77e94266e7bba9727ef37cedc738d33633c4adc4a625f7fad240552bb7e52fc,1,1,1,1,1,1,4e-06,0
728390082986707,439f5967b9f63814393481aa1be0df895a2fd480efeeba0b54734ab8444ba6c1,1,3,3,1,1,1,5e-06,0
728496692978655,00337daffd54c372ff6db61d134735bbaf7e44a19e05ad34a1a1799e69592dc4,1,1,1,1,1,1,2e-06,0
728916949604436,d84b6b90d47071609b0201fa056848e613043695f9eaea1c8aff6d3544c20c37,1,0,0,1,1,1,,1
729354963530915,ebec35e902f3b7bfb5e9df338bdd7d487066280a9951303382c9a9cd3fcbf7ad,1,2,2,1,1,1,1e-05,0
729378856199434,db08d09ce5c219d23f6ec05382dee9dbe5b6f3075626b171993d57aee9a1f979,1,0,0,1,1,1,,1
729588403502761,5197c0c0182b9bfa9ab327ea11001686b05a356ea041e1fbd77206e958e1f2af,1,2,2,1,1,1,2e-06,0
729690376171207,e23a440516b7c70041debf046de2be835e32ce0eb8e3e6f457ae3547ea00bac4,1,6,6,1,1,1,1.3e-05,0
729747460151203,fb52d3309e435f2977ddcc01826b575cc00a2233e47b9d82f376ade4d9da8d30,1,1,1,1,1,1,2e-06,0
729967043468537,cd97e679310136d9d2b87e1d6446f6ca25f22df4424048dc9ceb8d81ed508a7e,1,0,0,1,1,1,,1
730346832770434,4b97304b87491d8cc5a43b96c646dfbcaaec81ffd2448e9a7e7ba48e8d0f7982,1,1,1,1,1,1,7e-06,0
730588692745027,daa9e7fd7c7c407738b0ac1e32d47544efa1c57d214d2261f968956731cdbedb,1,0,0,1,1,1,,1
730752022729175,47c64dcd8837477ca41f4f69c1626489261afb5be6f9f66155252d56b3d2888a,1,2,2,1,1,1,7e-06,0
730767376718067,f74d7ddc23de31968f53d695617a0f990ab221dcadc68a9ebdfde104aabbe099,1,3,3,1,1,1,2.2e-05,0
730848409375786,6945dbbf9376b8bd2dda2d148b6722a1e6eaf7393145637c9b65ef862500d0be,1,0,0,1,1,1,,1
731760209969328,afa85f9ae256dcb45f4e730c082ca16847b0c6ab35a1ea4e1faf5bbdea538b12,1,0,0,1,1,1,,1
731903765938322,c8eea06c1b39de8d921ae417c0299d277208f9df8405dba5a0dfedde56bf974f,1,0,0,1,1,1,,1
731919209256462,e5fead1a6357a2eba9bbf4a8c0b24b57bccef6d1cc5e35ab04d3d01fb62b56c6,1,0,0,1,1,1,,1
732333963204571,1a979e8650300fe9d7b12d841687ba96efe3cc32d2184c73b7dd0638dbb90e7d,1,0,0,1,1,1,,1
732550382538680,ec66bb42ef0cd14e09bcad76727f0bb1bbf36350447ea715aae7e1829c86387a,1,0,0,1,1,1,,1
732656156527712,5d6e3008fbb9c14757251637c7dacda80558bcea882005d4bd6cc1a51a791e85,1,3,3,1,1,1,9e-06,0
733693485741155,0f0c265534a60c1fe5e82b51990eaab38630476ee8e6373ab9ac866856ccdf56,1,0,0,1,1,1,,1
734325125667738,4278e3227ca76b6103a48b205ad7dfe335048fd1e62bce25ef851d97cf61442a,1,0,0,1,1,1,,1
734942272969779,574e6d390cb5a1d898bf9a3a6a0f66cf776b0833efffa4093ff5601209b473f5,1,2,2,1,1,1,1.2e-05,0
735225895565941,300c75d652fc57252754ef466bc58acb9cce0880a3e9dade3283d513bc8e07c3,1,1,1,1,1,1,7e-06,0
735388135538064,c9246898d657a359efec99a776c133f653f187dc3b85e264f4e323366a06182a,1,0,0,1,1,1,,1
735499506226021,13d6011c1b30d14ab17a6277548d496945f63802c2bd7941ec6c7ffba7cb2d77,1,1,1,1,1,1,3e-06,0
735824835521710,652a512ebe79c299c9c73674dad927205f41bbfa5ba43afde065f5d8f477328a,1,0,0,1,1,1,,1
735933235500038,9f378342a7759c132e30fbd8b616cd591e0470b27d15ba852feae9e6630fda7b,1,1,1,1,1,1,3e-06,0
736082829517218,140f8f32cfef8e55b83b62b79a40d42dfcea96ba83e28d258bd2f51c45c644af,1,2,2,1,1,1,5e-06,0
736195568777467,6302f8d692aa4fb0944671842797b55a2926b6086bfd911ca11498f4decec526,1,0,0,1,1,1,,1
736234879492067,b9339ef5bc0889e40d1aa6b499e9e4a44bb748253764d08fc5eb0d0e285fcda7,1,1,1,1,1,1,6e-06,0
736902576089400,150b6f97c94bd9b2d66bf8443d05ea0f0c9c1c34ac295a2a9420468c643ba6b6,1,1,1,1,1,1,5e-06,0
737732555291804,5beac4c68302dacd97b4691f0d751d03efbeaef0ade6632c4d96ac088351b3de,1,3,3,1,1,1,2e-06,0
737749378876976,8fe3819ba815c804ed568f8b26e42d21f9427c0f34a3ce2492c7dc6a1477e70e,1,1,1,1,1,1,2.2e-05,0
737885942656413,a028b76031f3e422a24e85115bbeded592a58d2fc4d3afd0acf99031e6b5075a,1,1,1,1,1,1,1.4e-05,0
738027675969945,08fc76ab1cebdf17bc72930be672db76bebd028332a89c7d5732db81fc536a25,1,1,1,1,1,1,3e-06,0
738119249319236,61378f11c6b727ba766f6086c6f2e546e3d1bc7eeef3859a713cddeca610e041,1,2,2,1,1,1,1.4e-05,0
738162608559864,01dad79cec05c186b7b3443898249540ba216cc846150844727f76ce7aa2dfb7,1,1,1,1,1,1,9e-06,0
738434071868732,eb0888f293015e7f3b2d7cd660a308dd6c8a6feea7a4b9cd619c960700aa3c9e,1,0,0,1,1,1,,1
738518982608038,e040e194eeb0992b39d1b156f83b5a99b36d50eb002a1426fe999f14a5a5d103,1,0,0,1,1,1,,1
738597041857844,fb0ccf0556138b5b186a61c089e840ee58a6bd99672e52a9f97722cd5a184938,1,0,0,1,1,1,,1
740131685102095,d5e16e5f472225ee0ce033b52e90fadcbaef10bd6b0412b6c6811820392039e8,1,0,0,1,1,1,,1
740136985012870,c713ee241a6df238bf95060d0abfed9b66b1cf9bdd2e91032508c6674fc10925,1,1,1,1,1,1,3e-06,0
740365854989324,a0e5f58b20ddc47f5e76181de2557f43ef1cb178470d93ada07b137394e347e4,1,0,0,1,1,1,,1
740578948305235,d2f3df3b7de25209428339904218eb4720d7c86cb72ff1a5ddcf7ec74c4696f8,1,1,1,1,1,1,1.5e-05,0
741197992324749,3cf65f81c2e9d9b3a2fb1c3ef702c49da2d587e81c98015f91671cdcbc7acaf9,1,1,1,1,1,1,3e-06,0
743313712125979,0ae8093e3b0109ad39ae2d197f557435c563fa57b0d23dc856c2075cd169cbab,1,3,3,1,1,1,1.3e-05,0
743378365433964,668d076b646ec1c3883476409dd32e1f3b8abdc57359417b5db959a1e20aea2b,1,0,0,1,1,1,,1
744645338635315,15766e9cb968d4a663d7aacaa038d8df4d2e3cedfe4c1e189f50beb204e3a3d0,1,2,2,1,1,1,1.2e-05,0
745020718607836,91f7f4b17ac17bed40572da12cad057e795cdf820c082aa96d2cecbf112701c0,1,0,0,1,1,1,,1
745517931916661,4377ebed3e80ed3bd0140f11d6d3f4ad2cd561a1d6105d074ec17f20d7abc22d,1,2,2,1,1,1,1.5e-05,0
745564734468922,a89cf7838e41259bcfcb1780f182c0802276a053e8d3346cf98111bea2320e85,1,0,0,1,1,1,,1
746113255155386,44dfeb446d256f44a9daf69e6b09b060df5fa0386ae83729aac3eb3bc9a90550,1,1,1,1,1,1,1.4e-05,0
747334068391182,41595763d0682d5eeac1864ea4c06864858d877b67002f0a09ecb0057eecf776,1,0,0,1,1,1,,1
748415654930057,4b6063001dc8683dfe0d8c076b8676ba89b113ec265453f24cc7eeaa01a31196,1,0,0,1,1,1,,1
749491971495777,e74636575f447840f3b2e18b9a61fb5d2d974fd63c06151334fa8402faeb1ddc,1,1,1,1,1,1,1e-06,1
752623607237710,d24b93acd32629757cbcfe535ad44d674512e3177ea18dba7c7e2918116ea9af,1,0,0,1,1,1,,1
757240973996311,6f5309be30a342a294f829032dff7d47ecd9eca70b22f14100ecc082091157f7,1,0,0,1,1,1,,1
757320254073967,e38609233efc634295a2d8876c08cd0893ffec255e2442fa90a584e10f3b1bcb,1,1,1,1,1,1,4e-06,0
757878943978571,ec23f7964a7d0d73443839409811297d09aa63a703f45cb5c8ee5857af993e06,1,0,0,1,1,1,,1
758613680527707,29cbdcc2e597ff19a84b5fd18f9b783fa8d6d8ea757be2f527163d8967af953e,1,3,3,1,1,1,7e-06,0
758719520559639,99fbcec94da76d92c12ca54b83ad9f6b6bfe104c36295a5b618c15f00bddb55f,1,2,2,1,1,1,3.3e-05,0
759024517195862,b743f36939f51d3a3d842ba26e9246a47b19c91eb7227af903cf9e4a6cc6c57c,1,2,2,1,1,1,5e-06,0
760006197091101,ff3ebeb31feacb24f8bd0e6789780e1cd5f6d3981b42a9087abace8b8441b562,1,0,0,1,1,1,,1
760340100358694,360ce2d15a939b3ff840613318c71a6c1212a24999d25565be4491678c51719b,1,1,1,1,1,1,1e-06,1
761620093559491,c71f2fb85907b92c4e31c8cf36f33f1ec204cdf2988d25171f2f099da76998d0,1,2,2,1,1,1,3e-06,0
762116826849590,4a7e111b448336bbe34901e55b9577a467fd8318b34471050f2f5d7bed242b33,1,2,2,1,1,1,6e-06,0
762176920229199,d9989e47135360a235f32022dc71fd3f8075acfe1eb037689eec41a72f4a8e37,1,0,0,1,1,1,,1
763118066781534,1f57ea62baaed5c036d830f83064ecadf7d57dc241ba66e5583fc6a5ffd1b0a6,1,0,0,1,1,1,,1
763289586769838,3be2e0d6d564aa3ee7eeeee9223582ccd5b44ad14fe51fee9e4c7587a65e3a81,1,1,1,1,1,1,1.1e-05,0
763361353420163,beea993fd40c6cc94639f0919ece3e92b7cf46a50568e14e227ee8e10ac1da73,1,3,3,1,1,1,2.4e-05,0
765062859883383,cb0e4fd99fe35682d089abca7569e3c635997cf1d64142547be1740fe1ee1edb,1,0,0,1,1,1,,1
765402666524626,f0b685ad8b312c5471a6fa98885659227e24722031fd2bd6df5aec76008d8afa,1,1,1,1,1,1,2e-06,0
766482376473097,7ef49ae9d1ce839b4ffbf3e9f8c3f1698c7f64b0532a3e13b63b04753859e56e,1,3,3,1,1,1,1.3e-05,0
766497966412243,f4b047774617986525e81ce8b225e13733edce18b53205bd6d53dad6d99aa3a3,1,1,1,1,1,1,2e-06,0
767054906366388,cadb5997066af435e0dbe627d14e1b0f33726206e2a97746be89ff2594e01699,1,5,5,1,1,1,7e-06,0
767138775785373,ebace63fcfd244cb1a1e3c4fc39d0efe10ae5963730f8be7c52816f25a3808a8,1,3,3,1,1,1,2.4e-05,0
768004086292905,b3781031141ec574f498af968d2fa268687c8b8ced52d631cc5420971ae41b03,1,0,0,1,1,1,,1
768459612921320,3ee72e0280326b5db16a6eb80172d44c72fab92899a3ef61e8b544d31f81bb86,1,0,0,1,1,1,,1
768867996173154,12a1391954a41a2f48a9a67e27cdda248f4e3a2ff61d4c81c4cda2e34824601c,1,1,1,1,1,1,1.4e-05,0
769537436091980,f9ada08b54d25f38d2ba1502c3b89198c0c92653f540f1266688ce11ee0ce292,1,0,0,1,1,1,,1
769628726093180,86f55fc9fe989d048b09446d05157daed68d5b1ca17edab0fe9e1f6bd2dbc778,1,3,3,1,1,1,9e-06,0
769974215501437,ee3562ed81908011d483b0bc8e65c6dafa66d4a2c193d515051068afe4649f97,1,1,1,1,1,1,9e-06,0
770482039351898,bf5d11c6233019893c71146deabf3ff428f2c78454f180b4a4eb9895ef099052,1,0,0,1,1,1,,1
770617552812931,fb9f922d31c7d9945134e1fbbb317217963f1dbaf89a65011221302b837bcc01,1,1,1,1,1,1,3e-06,0
771712432542397,ade049625a50ef40ca9df89c754269a8f93acf71eca4e6fd5d9bcba80d7ddf6e,1,2,2,1,1,1,2.7e-05,0
772601605826052,d67f84f85d6da96277816ac66e94ad30684e0b89af0a45d22b3f0f7873ad5a06,1,5,5,1,1,1,1.1e-05,0
772886575769744,ea253f23c1fee86d5588ca2c3bb6d3ee0de31c6dc6ac1011bc20ee671800153c,1,1,1,1,1,1,1e-06,1
773956935684129,c082b25b5d5736232daa3d2e3afe99b4e4889281df5765878322ffbb5537f207,1,1,1,1,1,1,0.0,1
774257588976072,2c2f3ec457075f5ebcef12a23e28024a8f910f07d39c227eab26bf40e21d7f40,1,0,0,1,1,1,,1
774334302294695,0f3ada9bcaa037cb8de534f9b718b779407edfe7014e45214e2ddaefd7795e7c,1,1,1,1,1,1,9e-06,0
774335152308564,b706471de9dc1145954fda7773d643dc251abf4a6c06f0358b3ad7e0d44dc964,1,0,0,1,1,1,,1
774449275643184,8afeda803c8d814219a942887cdb25884e24f5284d02c5c8e9b3a78b736860f6,1,5,5,1,1,1,2.3e-05,0
774901845602795,88f7964d68fdc68500e5bf55f7db0ed3714ad407d08a5ca7bf653015de50110e,1,1,1,1,1,1,6e-06,0
775082558873700,f76182f01aa1922bda69ae7162c0854c5d913d7d58d7c70902483741a38e42eb,1,1,1,1,1,1,7e-06,0
775156912201838,c9b23ecf3609995a960c40037ddd10e5556a1f2349671a54471b657b9bdebcad,1,1,1,1,1,1,2e-06,0
775381375555687,44d5feb2d13bd966859b445f0dbdaa3647a8dcac613c3201765e0f22f4e29cc5,1,5,5,1,1,1,1.9e-05,0
775698668838007,9abece5732347df39b447c2eb341407731c2cf391bd8d30837b17631dc15e134,1,1,1,1,1,1,7e-06,0
775861431535991,da46aad56b998ff2f4de2f0bd52b45a796d88af2dc8765f0d350e99bc4fed8d2,1,0,0,1,1,1,,1
775997248793500,a1151f6b126a3f193070ccc13cee16471c7d1ea050f4221decf1e00ee27acbe6,1,1,1,1,1,1,4e-06,0
776090325462404,0dbf1ebddb4774c1215e7efa10b2c9ecf12c737212e74bb10a99a92b7acc3319,1,2,2,1,1,1,5e-06,0
776465492093502,18305e18c4ec7c18f355db16fd44988914690c32e04a4b2c84f4aebf332767db,1,0,0,1,1,1,,1
776522115308455,4a0323fd01d93fb3b2fe3f0e8c3cdc1c33f53699599260dacb140b3fb7365659,1,1,1,1,1,1,5e-06,0
776541678752072,5fb8a466cfab1f6f6fec7b58be4387b35453b4cf8d947990ee80c87816048836,1,0,0,1,1,1,,1
777874471949269,9529cdefe4d34b81d04b2ac918167b622da707196d29240d8a13a084152edd4c,1,7,7,1,1,1,1.3e-05,0
778086871918953,69afad2f435da82fbcedd28276886d87b8e4bc2bd982fde810482bf8cb3a299f,1,1,1,1,1,1,1e-05,0
778305178571135,b04118b60eed91833db91d625a7efbbccb24e7d0d54df11d5b66d008c7110b03,1,1,1,1,1,1,7e-06,0
778790571879181,84cd9d8d260cb1cd4be5b3f2cc7885325d8089492e73cd537862fcfdfab725dd,1,0,0,1,1,1,,1
779045678485774,49026fefe90e9387cd868a5a7061af163bf69b9640dfd5594126cf88028fd261,1,1,1,1,1,1,3e-06,0
779653738417886,7eff919132777c9509aa4c4f1aec06411006aa767fa624d080f1e1eaefb846eb,1,2,2,1,1,1,4e-06,0
779811891741233,68f5b974618abca6db9d366ab8c2550e4b3e5d8cb5ba108b9802c702bfb6eb7c,1,1,1,1,1,1,1e-06,1
781690451567602,8b3f91582e924672ca17f5002ae203c6f0314576ed0664f2c8b239f01879ca0b,1,0,0,1,1,1,,1
781769811576440,7c63a71f68f46a2c9201a7abe702a766761a0b82fe20557f1b88f573bcd9a62e,1,1,1,1,1,1,2e-05,0
782334464807430,04fbd0a97e72990b9a607f92a194b752e4bf4fce877ecdafc03b4abc9f68ced9,1,0,0,1,1,1,,1
783364664684833,2a9128d4c4f0eebf949e4122a69729f0759aa285094019ac44b15f6f13d9d523,1,0,0,1,1,1,,1
783512337981735,511ebbadd56b290f352664fd2c4fd2e66006a869d92144f0285d8a448ff155e9,1,2,2,1,1,1,5e-06,0
785341327877099,da05041165aaefbd4ff97bb18d6061be02544bef4215373781f5f91606e72f11,1,3,3,1,1,1,8e-06,0
785525431169585,4e1a9f326304fa0855bd2f3a23ed498bcd3a23067f7633d07e57786137f10063,1,2,2,1,1,1,3e-06,0
786324921104156,7e73a0d6335b5b890d1601a9f5ab535529dbae2e485ccfcd9c62eec78c2898b7,1,0,0,1,1,1,,1
787544244286836,17c12664db8f43cc1f3b367cf69f0d89f5bf9872b7b15fb48637bb587f0b17c4,1,2,2,1,1,1,1.2e-05,0
788748154250307,9c7769b3feef114ab4d48d8285b9a80412008551c2d6f3cdfff53342306fcfa1,1,2,2,1,1,1,7e-06,0
788980850797949,c717b11de67eb7a066f7050d6d8ad8235c1e6d78df17e85a908b32e7950e445a,1,0,0,1,1,1,,1
790131744024025,8dd4b573eac28f7c033ab4571da3cfa77ba4f12624a9306504be5da8b05b02a4,1,1,1,1,1,1,1e-06,0
790578433984523,bfa9e5f4ed900e162c6ab50ea0ff8abc48721c7ea26b3427a6789000a264931e,1,2,2,1,1,1,8e-06,0
791196550588672,23e968e40754fdc8aab7e780bcf1ef7fb201507555a1abe0f22d758acad39370,1,2,2,1,1,1,1.5e-05,0
791220327296086,d76ebfac7c4f4e135cce282585e702663ed48e5b4e426a7714aa2829ea3958a3,1,0,0,1,1,1,,1
791806197165709,2274d0de7e95fb3239b4dd8c18d466a7a021626c42e6a1d97ec69fefe6c37684,1,0,0,1,1,1,,1
792527513832008,1fb8d720884b416a4e135a77e1b57bc6eae9ff5a79662830514dc09b0ee20a8c,1,1,1,1,1,1,1.2e-05,0
793427743712378,2dea790dfc3763d0614059acc4f8905f3cab0393e457c85b8920dad3e99b9f26,1,0,0,1,1,1,,1
793595917073913,bdc1066a89aca8b0baf1d27045edfca4223bda89795726a6227cc0869692abe9,1,2,2,1,1,1,9e-06,0
793603293503513,701554784c6321af7971a944c6d306f572b0e86e5bed101192f1eb7733d093f6,1,0,0,1,1,1,,1
793716906994032,7334db42302a3819eb542fa895ac2802970c3052a845b0a3f3943bff9d662166,1,1,1,1,1,1,9e-06,0
794736703547324,fd55b9e4cca8f423f3a0ad0d40f8270efeea3271e729f70d52efd7667f49c3fb,1,3,3,1,1,1,1e-05,0
795513916816147,b7588441ccd06426e9adc549722df8ea78c6bde365fb240f921a10f66e8651a8,1,2,2,1,1,1,6e-06,0
796422030054253,e575cecd759dcd85931d7698863e43b90b6be974d8f908833a6e1e5488be3122,1,0,0,1,1,1,,1
797498686615702,f3caa1c935e66e4bc9566cada2ca23fb222c889212a32957a3c4f90e8b303229,1,1,1,1,1,1,1e-06,0
798214139878155,9c9ebe34303c43a272144d4206851b3a697107b72b4f351d2f65c75a52b07207,1,6,6,1,1,1,2.9e-05,0
798407846399144,e12289e60c40d9322773456a41a4095fc6678db24fcdcdc0a8089b04b0b7f6c4,1,9,9,1,1,1,1.8e-05,0
799288446256226,b6b6c71039e5eb1e7461bed993dda08e21cd32c652fc0680dd425f7fe00eff73,1,2,2,1,1,1,2e-05,0
799639032897576,6fb6f22febcfc52f20e268c83f28ac53af66d727aaa381d1a1e5144929dc10e3,1,1,1,1,1,1,1.3e-05,0
800074726191220,4c4c41c1c1f786d03ad2ee7a474094f50f791d49d6c2ec930a137f8a051decc1,1,0,0,1,1,1,,1
800361476162262,d884069bf3439815e08e1187ffe739878f8cf5c6debd8dfcad0bb9c81a7c4a2b,1,0,0,1,1,1,,1
801196752727756,7a03ae5005b0f634b810758b4e814112fc15667cdb3830c6d444eaaaa58d66c3,1,1,1,1,1,1,5e-06,0
801252826285158,9627c6d98a281909dc1e640d3650d3e15f6e854869150858a4419e3b0c97c359,1,0,0,1,1,1,,1
801463282707421,6b25a13be59932212cdcbcb035f55a847e02ba1ec7389b5bdbeab9175efa476e,1,0,0,1,1,1,,1
801739019366119,5f7cca480d336e11c9c338d7d7b896e47d01f75049b6432158ce53a2c70205eb,1,1,1,1,1,1,9e-06,0
802171799657110,d49f3190d05f698eefccfd1876f6792dbb2885c7531bd10d805e43d32568c500,1,1,1,1,1,1,3e-06,0
802454745948045,d5b9b1e7368243224bffd76805a99123d857c40497812ad5d0a1f428fa3528e3,1,0,0,1,1,1,,1
802649956106149,756bdb8fea86f85eb0d0dc3f2edc7f776f73d8666c647fe3c0d0c07904f49e72,1,1,1,1,1,1,2e-06,0
802834115883679,e9e08a2d6b0ef13bcb8770868f235e56933a7b1e5384313e252eb5f97e5212c7,1,6,6,1,1,1,2.9e-05,0
803240752706846,f5a427865c92a9c05775bf0f4c4611dc386dcb387b8dd1bd6c80e94bf4e2501c,1,1,1,1,1,1,1e-06,0
803247625880469,779d32fa07058fbae716170e6b24fd1da5b02952545509cad693902f960353ec,1,0,0,1,1,1,,1
803361629194549,c1e776b94aa1dfc83f27c6b8bc8c0f19a279af46bcd65caf082d77d95e4455cc,1,0,0,1,1,1,,1
803445869184740,1eda61a6ce6b2326eea188a5ac3f61d0210e06854715fe0671202780792b5255,1,0,0,1,1,1,,1
803965232451537,13cb8d508e227211ab461aa511a564b5c135839c37ac080ffdccd1abda262ded,1,0,0,1,1,1,,1
804119729130229,d69315ef022b763b63ed1d116c9b2421efa1838510fdd04026285e6de0e954d5,1,0,0,1,1,1,,1
804435949075985,218dfc2e6e87f15de5180f2c43e770f03235634aec0bc7ec86cb4a4465f4c75e,1,1,1,1,1,1,3e-06,0
804647912570802,6ba8ecaa11ec1927d4cbe0ae668b03f37260ccf5ea45abb391aa0d63d012360b,1,0,0,1,1,1,,1
804876219030233,daf075fbb7a778484d06b9388ec007fee916fc3668c218a53731de0d21ed00d7,1,0,0,1,1,1,,1
805008999019679,8652e2b4b6cda04f932f2cb9fae1e01799fc7c04b9a1e0149f81abac5ed3e1e5,1,0,0,1,1,1,,1
805073415699471,8e57fa1bab2b1223446c64680d49885136dc7c0dba874c6794dcdff730ce78b0,1,1,1,1,1,1,0.0,1
805507772237009,0657ce72351f675d347df7a599e7336dd470ad70175ff9dea2851fdb95ee3b5d,1,7,7,1,1,1,2.2e-05,0
805783918936666,c2eec0897adae9c7973864de99bfec661ffb134400d786b7e8bfc4603c659053,1,0,0,1,1,1,,1
805911025782496,52ea17abc5d1dede3f65086a8af675abcd576c0f0f8a4d50688f5456298157cc,1,3,3,1,1,1,8e-06,0
806026469119467,6021b82fa7180dfd90965fc25f95bbb158c298ed98c18830d050794446723082,1,4,4,1,1,1,5.5e-05,0
806568162383139,cbe09a3d17655d7f1e23f8178e3e51ee578b5256e6aa844a6f6f59721e5956d8,1,2,2,1,1,1,3e-06,0
806845242172672,65310e28461eb74cbd52b62335e1211254ea4a49a7003e685eb7ef5dda5008c4,1,0,0,1,1,1,,1
806867528844461,4ec99482e2db83dfca660293fa0e34b8b7ac04e012517b17a26403654d1d9d97,1,1,1,1,1,1,1e-06,0
806901972336358,7e140137e92ca2093b6f1e0636ea5303d86d26c0b0742d733a85a0db18b02f21,1,3,3,1,1,1,4e-06,0
807280332190733,77aa9e65ffc65ef9350785e9768b05dd0b232d561c7ffb237009da1242fe54a1,1,1,1,1,1,1,3e-06,0
807998952075126,3434defc6764b8c3288e0a431af89d0c7408bf82b769ce09d3985337c2b0ccb9,1,1,1,1,1,1,1e-06,1
808004468667737,3e863d824aecac9765337dd62cdfd3a9e89bd5c701e579b4c285f8627a7cc110,1,2,2,1,1,1,2e-05,0
808068048687853,01e6528ca737311b4036eec4c502e4a10f140041220860fa546ef1be5439dc00,1,2,2,1,1,1,9e-06,0
808098638714408,c2fe0d3c523d7b4612049b7dedeca775eee2f6856ef9987d16ecac1456e14933,1,2,2,1,1,1,4e-06,0
808344915121145,8c101828bc665e2800b082b42954af9b6b96d41ba420209c00a187b5e5bd73f2,1,1,1,1,1,1,5e-06,0
808396072037290,638eb839d7b3f06be348bc777816477c093690a32fe981bc0b4a3c6783567307,1,0,0,1,1,1,,1
808522398844168,1c65506b485e1eddd983e2a342b16cb1f3130a80dd00155ddd7eddda44d8f8ce,1,3,3,1,1,1,3e-06,0
808778345478446,57cb4c4002db78e14e9b221be446e083aa842c39e15eea03ba4483593e79b791,1,3,3,1,1,1,1.2e-05,0
808880528704860,6063df5f7b723cd3cc50fbc58d0671a9f5f7142b45cd8b8351fe599ec7a49aa0,1,0,0,1,1,1,,1
808912815238884,bc3ab66dcb191cd008a116eb519a8bcbe837685045ad3726c4f44815f7833cc0,1,2,2,1,1,1,1.6e-05,0
809027842111123,ee6836f2540035a8d01c3a8c3af514fed952f44d6c477058669c4ca1669e4f35,1,1,1,1,1,1,1e-06,0
809055898625060,9a475b2b0668beac36c86ef9a177a1a4b753eb23afcdb893392c8f4f4729f449,1,2,2,1,1,1,9e-06,0
809095358586707,3082b7ef243027bf81cf97495ddf6883fe57f6e1edce79f14cd7f58fc3ad6d61,1,2,2,1,1,1,4e-06,0
809271365270994,74b6276f235fe09fc26b21876f8c90bbc3acef4d742beae1aa098fa300a1152f,1,1,1,1,1,1,2e-06,0
809407071857653,ced23a6000d24ecf3cb9897f3612405e973bafffd8ced3f1ea739cc2bdd4f28e,1,0,0,1,1,1,,1
809469325321797,11c1670f85da3771fd29be37b83913ce34451709b9e25c2f09dc82de8edfed27,1,1,1,1,1,1,3e-06,0
809862498685347,39319447568289c3acecddb45dad7d76ebc08b9ecaaf26b8520b7e63c5a27bfa,1,8,8,1,1,1,1e-05,0
810133888556410,f9dbaee5c6c3d4384e1260cc8145f5e47c989a499e78c812637ff331a74d8efa,1,3,3,1,1,1,1.5e-05,0
810551338524097,46ac4d40060f28ecc106219b25bfa275354ebfa2e7e67a29d32c331e5c3a73e5,1,0,0,1,1,1,,1
810583191752008,d4b65987cfe121d8085249ee7cf6f825b4ce40b528a21c0aed1cb878858b516f,1,0,0,1,1,1,,1
810638485286639,614693bfb157c7b92afc8fdc1b8b78e8ef6a09dad70fe650aadb5efd834b4c71,1,0,0,1,1,1,,1
810805245053003,ebe7686500d12e22d68bedd70c7cac2c0cbbd2502b0feafa1ad7669600bfa1be,1,1,1,1,1,1,7e-06,0
810873248383498,f9f8060854cb417affba9e07f0f4200f7b2f6e92440cfddb5908f99ff6495f29,1,1,1,1,1,1,3e-06,0
811012631913257,4b391f4524841f5dffc475e0525bce74058abf58fe6383fdddf9ee1152ef326c,1,3,3,1,1,1,9e-06,0
811044815261861,4d3ba0cf6759222495900ad14d61e89969f17a6de95e9b5b47741c776f5412b2,1,1,1,1,1,1,4e-06,0
811630738381907,5411b11c01815b615e1eac3a647901b7ce9ebeb091448cd9eade1244cd5f6d75,1,1,1,1,1,1,1e-06,1
811645908319578,6226d661fbd655cf5a928f161168aaae76334a9832c371db4d6bb58cc30bf6ce,1,3,3,1,1,1,6e-06,0
811698475193081,7979a1453591e9f36e8982bec8c0f8908f657abb12a0c0763e3d0cf6640acc17,1,0,0,1,1,1,,1
812097731646412,9408a142163db3655a9954cbe849e3d04b5735ce15c2550ccdffaf808e2adc98,1,1,1,1,1,1,1.3e-05,0
812122008356366,9e60bcfd7786e9cb0c4936ccb124be924efa84505aa8593005ef78b62624ee3b,1,7,7,1,1,1,1.8e-05,0
812242525018616,211600d785ba5b61a8e8d8338ccbd9ad9f8fbb84088cecf7319378ab3da61d39,1,1,1,1,1,1,4e-06,0
812269535312078,240ebe724f3bd1c06bd132a6d0aa68003c74fd84d93e0ab68a8b7eb066a3fb0d,1,0,0,1,1,1,,1
812285608242789,512f72a45c577fbbddbcfb77bc3d63a22a2c9c01810535f68985cbdad648d98a,1,1,1,1,1,1,7e-06,0
812450864929067,608cf9732c9642b647c957857e840ed451ddaae9d21c09374cdb6a302f10cdcb,1,1,1,1,1,1,1.9e-05,0
812458684912090,2d1293b6c874096f653e3506d34de73f7ab3213456fe5c518fc557f67ea1c65d,1,3,3,1,1,1,9e-06,0
812586974724364,de4507d46c75981b75d7e2962a7601010ac2ec55ffa975ae6f713f30037e7a53,1,1,1,1,1,1,1.2e-05,0
812650725013129,bf898a4aa76d32e31cb985832f36bfc4b994b77d8eede98923a30eaacf31736b,1,1,1,1,1,1,8e-06,0
812749141737969,77050bafc051f1ae5e53922224d87e151d73cc61e8b0a10cafa04fc8ce28df56,1,2,2,1,1,1,7e-06,0
812818858304676,722d8ed2f85df78111e438f1e230259fcc491c676cc3ff95d035ca333f583d6a,1,1,1,1,1,1,3e-06,0
812899098230806,6df0fb77e6c038ea4d3ade5d32ba1e51933120b688028df107f8a1220671dce9,1,1,1,1,1,1,2.2e-05,0
812906251537705,e4f4307be6a165afe90ab2e939acded6c43047949f87d66d7649371914509249,1,1,1,1,1,1,4e-06,0
812947401366189,c5f901cf283c1b2f9f6de530af23b622359541480be1372079bd6d284ea45921,1,0,0,1,1,1,,1
812990388164086,b0789e1144cdef8a49daecb82ea4dbc2ac83d33ce9921d28ce38636e52c3f055,1,2,2,1,1,1,7e-06,0
813083454885680,766083976fb2f8ebb3bb89f2001743942c536995dd1fa566df621f7b7a58da7c,1,6,6,1,1,1,4.8e-05,0
813171344835409,d57d8cdc3f74a3a820382ebde6590acaae7d1c54cb8f40b74f9c5e90c22e817e,1,1,1,1,1,1,2.3e-05,0
813175194823108,f212934bc02bc5a46c834a7634802fd39706b9bbe2db7e6cd68f6abdc79f2238,1,1,1,1,1,1,1.3e-05,0
813263358138485,293a61654d1f3ab50ed3e7c156affc495d77976d6abcb7c72b93034262c18aad,1,1,1,1,1,1,1.5e-05,0
813378951507179,94c89937e77157e6d340ccee9ef2cd1ac690edd439beab529ab2e9e7dd0ae3a9,1,2,2,1,1,1,5e-06,0
813529284910992,1618fefcc87b14661f7560833acd6580fe4f29501746d03b2bca968516fc843c,1,1,1,1,1,1,3e-06,0
813562584985239,4a4748ab48954be35085bfd5b9b875c772a4f52628e2c24a963aa8b111312076,1,2,2,1,1,1,2e-05,0
813566721490555,9af94df4a248420a919d518f02676833471bb22a633fdb85ba26a295f06589f0,1,0,0,1,1,1,,1
813596328242712,51b8e8176a3e90b570674a5c4d927469f493b83e37b74e95bc1e375517acdfe5,1,2,2,1,1,1,1.6e-05,0
813776271426802,6709e52c739d707e3507f5b9a7061a0209ac0cc80c4c0c3b51464fabc4f58a9b,1,0,0,1,1,1,,1
814024184810825,d3a9d82f825d2fcf1b21c76c76f49d70d6b12adabb5b2f0ef99afd044387dec7,1,0,0,1,1,1,,1
814178091440079,87b76e78be5b6aa28b6c59bfcd339ddf105cb33fde006dbcefc327517724199a,1,0,0,1,1,1,,1
814188314581941,795d6de7eca28c64296a301aa5077549921f31c3859c93a2b5460a2e5bdddcf2,1,1,1,1,1,1,1.1e-05,0
814192458099609,8aed6f748eed4ad02a39d07236a367292922a7b4426462a4dad3e3d185c32c1e,1,2,2,1,1,1,2e-06,0
814387964842194,a70d74a335db9b43f40f57eb7747ea700ad687dd7941d055ad8c1e78c07b4e49,1,1,1,1,1,1,8e-06,0
814403218016993,e72e8854c2b0b01fc7f6598e10dba6bc2bd5d8d2d8a1015963df804406563783,1,0,0,1,1,1,,1
814409258054511,f0b98c7ae8ba9a7a4e0cacc50183474416391eb653dfe74a24ba3a4ffd7e83f4,1,0,0,1,1,1,,1
814562324799758,b8b6f1789fb36ce81cbf85ebba3240ec53fe3d83f8fe92569d7abc64f0e3363c,1,3,3,1,1,1,4e-05,0
814565354623477,8699700bc5e65c095ad62a0e3aa346f1868a43514656a94b53731c29ea7c6c4e,1,1,1,1,1,1,1e-06,1
814668981361096,4e8ab29412f0792366999cd3dcac3f752e044b497999f64e32eec49dcf43e4d2,1,0,0,1,1,1,,1
814738431428693,9bbd444c3cc37c00f0317edbe966d6a9616da8d5a16fab3027f0eff6905b1535,1,0,0,1,1,1,,1
814782551544480,3aafc8d6044b6f0f27ce163f87d36bfe59d40b42326356f7764544cff8346e12,1,4,4,1,1,1,8e-06,0
814961658193086,db996bd7571a5c78704b5842c64a1b32e6ed18eb92449da6149a6da347a1f05d,1,1,1,1,1,1,2e-06,0
814978407987228,b8dd1a92b5dfc0840093a91d5bb7163fb9dbfe500a660b3d2ae743754ca34954,1,2,2,1,1,1,1e-05,0
815114064843754,5fdad5df98594029bda2a8f5a14c44f8e214a0bb51f7a0e29583643a45a57141,1,2,2,1,1,1,4e-06,0
815143831349422,6d4e376da1a4a9406b36f4c0017512ba223e8ef36af7bc677d32868d7a5133a3,1,2,2,1,1,1,4e-06,0
815246357992655,421b99ee1bc563bb09c8e4f680b498cba827e4d6b774d8d17c5e8e4860343e88,1,1,1,1,1,1,1e-06,1
815423344449980,512cb45c029d75e3e5a727c8996af5877c41698994900b22e681b8672d5461fe,1,1,1,1,1,1,5e-06,0
815498941244272,635e1fd74290bb70be0cc5d203c52adba00b24c64005c99cf5297c04cbd5c2df,1,0,0,1,1,1,,1
815737734672140,0f054601df1f5bfcf1482f4cbcd36db23085c1b2b7f431abee8f234e88c9582d,1,4,4,1,1,1,1.4e-05,0
815897614591874,8dd53a1c3211752898859099e641a38e1066f523e505b26c4e7fa211c2406701,1,1,1,1,1,1,1e-06,0
815910224676757,421e6976f324c4ec54aa9826b5fcde5adeac3122a7345b8dd10525b8fb460695,1,2,2,1,1,1,1e-05,0
815978594477577,81ab77fc197e526ee5c7cc727eb8c7d81b0bef9be10c3009c7189eef3fe217fb,1,0,0,1,1,1,,1
816108144747336,fce8bd458bc3028b611821156606e4372f05e4ac39e77d96a806042c97af6991,1,0,0,1,1,1,,1
816225364630177,4f87caf8445f003dc5da87a43390cba744a897a6de9225963f1e5e625d028aeb,1,0,0,1,1,1,,1
816555814499945,dab6d9d2509d5db5a59760edca243ba2144b04158ff89f4c30541e7074edf3fd,1,3,3,1,1,1,8e-06,0
816655747872778,1eb24e674f8b4cec39810cad9b727e349cb08f2d1cf16c0db2da2b4e6b75b00e,1,2,2,1,1,1,4e-06,0
816687987917725,16811368801bb3449256ff142e9acc1ce11b3618668449f9f400c8fb15c3fdca,1,0,0,1,1,1,,1
816819547796734,bd86c7568abb920c2e046b80f7eeba551f4e1b6886cd3136736d8686676dda25,1,3,3,1,1,1,2.2e-05,0
816894464651301,a8a6bfe293dda965ed077134dfb2a16de90f10a56088ce081305307d48844e53,1,0,0,1,1,1,,1
816952751106707,7bdf2a51e5d0409466149cc221ec36cf5059ed24f0e74035b9f128a29931bdc1,1,0,0,1,1,1,,1
817034717806142,c095b860c5ca28645511e593726d96b6ea21b0c2bf72394ded5e6759bc5011a0,1,2,2,1,1,1,1.9e-05,0
817158681297693,3f0228944e85b92966c2de2117be1865b8373679121a2305bca77dcba6621ff2,1,1,1,1,1,1,8e-06,0
817216801483983,093240357e25fcbb8f2c377dc444010e219b6345a3ccd127d2f1ed5f2392644f,1,0,0,1,1,1,,1
817225634534671,1210c1f9765d61cba88c28eef354bf5837afb6446d5da78dfa30e41511380c3f,1,0,0,1,1,1,,1
817253427948693,862343a850c6a9bf2248b7f980434e791bc3d6327ea4327b8a1347eb54e5d9c6,1,1,1,1,1,1,1.4e-05,0
817326511110882,2e229fd884493c0e7dfe3029584cfb8d59471fc8a635f1889d0850a89e77938c,1,1,1,1,1,1,1.4e-05,0
817394844450658,51b969183c95937080e5b52e96ad8fd4c269f7397f7cc2bfa98114c5d1e10534,1,1,1,1,1,1,1.7e-05,0
817683234399483,182b2eb4d63be231592bc4d44b387e66ddf5c437ade15186ad471ddd8eb61830,1,4,4,1,1,1,1.9e-05,0
817814810858037,783b0fe31f6e56dc30da9c232ce32ae749e12f2869fabd39f1da4bf64e7c9133,1,3,3,1,1,1,1.6e-05,0
817853994431183,7caf641c2e43475a932ed097b454d55935c0f7c4aba4dda8a9d8a9a46fc9ab3c,1,3,3,1,1,1,1.3e-05,0
818022437688281,9f2a66270adb882cc3962d6f4c9940e2e4cdf01ee6ca1c4937ddc9d655055a5b,1,0,0,1,1,1,,1
818027457522848,deaeb6a0dcad84951f3aeb563d6e200050137be49c2d59ac68f74613c9b81a34,1,2,2,1,1,1,8e-06,0
818041290864656,c4080915443ba10dbce0a58624b076c4743af576905774299314a106fd2b7180,1,1,1,1,1,1,6e-06,0
818149057765978,f3d4b856df59422657e21020233197d4c471a71fdbc948e32f56c215c5167cc1,1,0,0,1,1,1,,1
818223344179555,71397474f8081a9c6629fd4bea47a1220449cf7c096a8045d656d0ff8ebb6281,1,1,1,1,1,1,2e-06,0
818224790967535,6e6dace3d6a2b5076a66f15db3b67aa58937624410c1c1176da844d1bf96321e,1,2,2,1,1,1,6e-06,0
818234091015512,7ae6046ea444dbbfd112786b68aaabd3b01e7a19560b32dd78ad5ce6e86ad54b,1,0,0,1,1,1,,1
818278974150112,a3536fc503d7721cb3d0f581d6856f9bf8c1ff80826bbfcb7a0c0dcd6ca94e13,1,1,1,1,1,1,1.1e-05,0
818376584367556,f81ac3bd430f9cfa6224b0d2eb10deb9b933b0970dec97b2a4e5e6a54f16519f,1,2,2,1,1,1,1.9e-05,0
818444934123100,9fd9b608eb011a76e1824952cf5f1b0f1b10dca5d7e35dc211ef5896d95b0075,1,2,2,1,1,1,1.4e-05,0
818464954151068,82714c9fe2285aeeef94ed1e821b0c0d37ffbe5eece4ee12663241c9e8c8cf74,1,1,1,1,1,1,1.8e-05,0
818508617822313,83c6927e9ba9d9ec580c877d02aaf32686e76f8e4a6cfd8c385215fd13af9c9e,1,4,4,1,1,1,1.6e-05,0
818526950999327,f26f50d5e58910bb29b75549cf2d07fd625b35b17626a400df1ded2302911d49,1,1,1,1,1,1,4e-06,0
818568120962370,e73949ee7e71d242a25a2f6886663de0b36a922fd5c629e0e52fe02dfc8fd249,1,0,0,1,1,1,,1
818622707712987,a6e8f6ded99896ead08bcff3ee5429d8e1986b31273ae73c26e9246a0f371b38,1,2,2,1,1,1,1.1e-05,0
818746470914812,c2f325a75b0697e0f490ff2ab87c03c5ccaaa91294180e762699828b4075a794,1,0,0,1,1,1,,1
818749380950750,72f78c0e1ca7a4c48ae9991994c21c9bc7069fcdef16b1123330adf9a9b88a01,1,0,0,1,1,1,,1
818762744118973,90d994a3f6957459b7c3ee58ab369a64ec28e633dfd93668c28b7bfa06ff8eb5,1,7,7,1,1,1,3.9e-05,0
818852671021301,5f53ab630f9b763f5b1a086dc850e4fcac7b5b410b4c717f458fb6600104ee76,1,0,0,1,1,1,,1
818868507683090,ceb03e5f0e3b8d7e7515f2e2033d27c7d580d1caa5233ac9747c0d0468a1b4f2,1,4,4,1,1,1,2.2e-05,0
818922160933910,e3b212a175d7884bfe187e2dd31cc2d3a0ce70660c03d852b1950004a2f3c870,1,0,0,1,1,1,,1
818953854320697,e7765a6fe14bec2a50f41a03d42cbd23154b1a283f211920bdc2cb9007cc0aa0,1,2,2,1,1,1,2e-06,0
818995200943314,42f1ae7dcec29b3c7caae6dcf52b38a10c75ab3486ebdd1469c626eeef4a3497,1,1,1,1,1,1,8e-06,0
819063977766086,5fbcb5a9f80d1c3b469e6278418da85587ca1819c1345492c7a7b5c9e93d827d,1,3,3,1,1,1,9e-06,0
819542787665144,894b42ca2fd28a455c47b606e1f130dcfb294a4f001b9d09490fcc9becb82eb1,1,1,1,1,1,1,1e-06,0
819556917626092,e43ba5a6f02ed5fdec1c4195d09f7acdc03b9ff05145e1066c95bd8589f8ae5f,1,2,2,1,1,1,6e-06,0
819593894256748,822be0842f0495d949c96869f2659ffd952a0906e22263550c043c3c28897cc3,1,1,1,1,1,1,2e-06,0
819739417559493,977a35c095e9b6434547f5f2db766818e943ba594cf46abccc1bb0bb162e6657,1,1,1,1,1,1,1.1e-05,0
819752597357057,f0896ee48859df2fb440ce600b9c0d5f639205e006979c20f917ad316547803c,1,0,0,1,1,1,,1
819775281038169,252ac1a61d199d60a54eb27b9e8f5cf200543ff63466790edfba216fd63cba00,1,2,2,1,1,1,6e-06,0
819893787327946,c177bc7543470c58436bcbfd0d4a1946b11974334eb43255be5ad0011d5b677b,1,1,1,1,1,1,1.1e-05,0
819895190949713,d46309c083c29b6fd3681b42c64ea71c2d289c77780d0f38b829dfa4f0591bdd,1,1,1,1,1,1,4e-06,0
819901031028649,52c54a59c35369a4c13cd4dd25b1b85ab8baec8af3ff00683cadfc3a15ecd397,1,9,9,1,1,1,2.3e-05,0
819902070830577,1187ea47d4e5976cdbfffdc754e7c0931845bdaaa1874674d77d1202465d59c7,1,2,2,1,1,1,1.3e-05,0
819941710856487,58ea446e8c38f16f38bbd079e89ca8db714b09b4de0e7932fd9a0dc36db3467a,1,5,5,1,1,1,1.9e-05,0
820017470817209,df2fb826f23a46942815ef7d86f64491c0b8a51118d03feb24f9a89c0260ec46,1,0,0,1,1,1,,1
820338903937101,2c971c0c01fe1821b13fd83b252fcf25e5a7258c5aff54b6b1443acc2878bc52,1,2,2,1,1,1,8e-06,0
820383363942625,11808fe1a088773cbeb9cef9cf7e973e18635ef19432cbea1cf4cd50e1101ed8,1,2,2,1,1,1,8e-06,0
820389310863712,38dcc99b4bac6f56e37c298d4c54bc231561c58482ab77429b7745db160ccc6c,1,1,1,1,1,1,1e-05,0
820431787540136,8423f52202bd52c9aecad47f57f590bf2eb30007365a654e49ea3a3e35476844,1,1,1,1,1,1,1e-05,0
820557980610303,234bb5ac367e8205f177270dfd33d773b12d567a4165fff04c22d33aaf84bf07,1,1,1,1,1,1,6e-06,0
820633137448515,a2a3c6d78540a638b3c2fa8b3dbd31c4d54b3844b56d50c053fdac7ff2347903,1,1,1,1,1,1,3e-06,0
820692003897672,31d3eb3c7a86d9ca0f045896a231b7be77e9243472a1d53c53bbc3cd5786d3c9,1,0,0,1,1,1,,1
820734607413452,0009250b2def7c5f0d9397f9165095a0a0c68d276c47b396a8d998b170386f1b,1,3,3,1,1,1,1.1e-05,0
820890207349902,a4d0e36a02d343263cab2b6dbdd6454bd250cc6c9c7a4dcc11733ed3bdbdd55a,1,0,0,1,1,1,,1
820897474258923,60bc98fd1fffa7bf4b77424ef7660d58e31c5e857e3441b6c5232c670aaf15c8,1,0,0,1,1,1,,1
820928490550236,1ba70512878314573c3f3fc4f513286d5767a382c9d3f65bdd29cdf7a28e4d83,1,8,8,1,1,1,3.1e-05,0
820989340543982,cef4c12aafb4a3d9ee14cbf0df2fee9d0294b94aabf3e73fe6f84f79b31c3cab,1,1,1,1,1,1,1.9e-05,0
821053387420604,bfed4316646d8a44768793948937e11567e70ddf50e274511993eb634787e853,1,0,0,1,1,1,,1
821067680783158,712b95cf73b99912256828597c27afe94a06025b4db64d1aa96a93ae90b9e720,1,1,1,1,1,1,4e-06,0
821092774012055,d3615f72cdea0eb076e1d85d6e8149f6a90b7fb777c55e1ce63a48ad799bc4af,1,1,1,1,1,1,1.9e-05,0
821094160720118,10c419d67f00a3c947b97ce8b3b913052bf35acfe27330ff042710ad98164e9a,1,1,1,1,1,1,1e-05,0
821096220627331,d9c6e93f1b4f2e6ac77dce59d4e897756416b52f6684b948ca64be10044bce19,1,6,6,1,1,1,2.3e-05,0
821166207362071,c6c1aaae7ac161c1f0726734e7fd228fbf5a4bcfa8c5312c151b63e855490d64,1,1,1,1,1,1,5e-06,0
821180364032901,52c890a2e674ac53db58249eb42ea333dc1646d3054fb10f246b957d59fb0c5e,1,0,0,1,1,1,,1
821274450822423,7d22aef33519774d61c09df71eebb90e26ec8c160f070df93cc8282979400814,1,0,0,1,1,1,,1
821483647528036,feaa537378bb69f2e3343e0a8e4326a7ff0deb9fc3a851bd2241bde2958bbcbd,1,3,3,1,1,1,6e-06,0
821500874132502,936b6abafa8c08b9fe3740f397128a2476318f2cc758c83078f656e977ee79a7,1,0,0,1,1,1,,1
821649787174306,738dc1d63702ed10b96391dd846c3f3c2e5d951b693838eed9630fe36ba7a0dd,1,4,4,1,1,1,1.8e-05,0
821657447161830,b3097e91321f877e3f0eedb3925ef889e95462dff5bb40ad0855caf295fa5b74,1,5,5,1,1,1,1.1e-05,0
821762357485670,8745dfdde28c5fa608168528719ee8718f5accc781b27ea5a0620cbea2c15ac4,1,0,0,1,1,1,,1
821856407412704,40aa2fbe7afe862abcc0d782ad773f3985c721d0a0e1cdb6ef1ea2cec918c863,1,1,1,1,1,1,1e-05,0
821983343985553,2e771a140498744254e3cfacae7ab591be10fefbeee8a6fb11f4601997d31e76,1,1,1,1,1,1,1.1e-05,0
821993877671464,fc2d0a86532e020e05020d88aaa4945983388ffd810eb52e9660fd290231542b,1,1,1,1,1,1,6e-06,0
822041853971357,41f40620974d7ab4db3f3e2cfb54a0eedde748fb2b42455dd5646007f22b08c8,1,0,0,1,1,1,,1
822084730631385,cbff083d7d9d815ee9a56466263ff634e1d24a4cdbb0319698577419b928157b,1,1,1,1,1,1,7e-06,0
822324517322482,bea120581111ede2e5bc3d4db4d47adc7a9ec06f19a3f76c68a0e62e639cacf1,1,0,0,1,1,1,,1
822346197177828,4e00d8e2f6ecc98e0f9f5e3dd76b0807c959f9cf41b909343450b55d29646b73,1,1,1,1,1,1,1.5e-05,0
822462100632095,5a8cee4852898403c7e16841eb95d396060f6b909c980e76ed1a85260e958594,1,3,3,1,1,1,1.5e-05,0
822497423967309,00acbe901631e824a8355f8cc13a9ea37917ed30460edac9a40fafb6f0055b33,1,5,5,1,1,1,6e-06,0
822510080583113,90ccfb900b31b7b57c2515c426898bb3e6deee3690770446991580b4615e656a,1,0,0,1,1,1,,1
822558980410539,e08e65bd1df9e0a053e3fa1df5661ff186eb1bcb09fbda9b4444026af3dbc8ed,1,0,0,1,1,1,,1
822639270616373,c3ec887f6ca6155845107439ea3f0f879b92804254dbbed245ee1f6febd761ec,1,0,0,1,1,1,,1
822746670582852,72ac303343723da4d1f522c085cc0b3d67a14ac6e4b31e75043b5ec4735864de,1,0,0,1,1,1,,1
822812610384849,13e58e662ddfda87628af1a65f2e18ca8d6abfdbd6969a0eb5b958b516caa247,1,2,2,1,1,1,1.5e-05,0
822938603989442,f54fb0c6ddb3de751451d87525b85fa75c195f4ea9a0bf78184a06aa7fc922fb,1,0,0,1,1,1,,1
823076157099275,5a96c4a0ae3790c4a2616b1af072ff7e16005d69737b2d0d3630051030ca9f01,1,2,2,1,1,1,2.1e-05,0
823136806973574,aa5f880447feb2ed24a75e1d7148360fe5f289b9bce7f407ab8cb3436974237d,1,2,2,1,1,1,1e-05,0
823242090674332,ca13f95a8a2fb087253ce1043d7f06adb9851521ecb53fc5c6e09d966ff3d3ad,1,5,5,1,1,1,1.3e-05,0
823244673834836,0055267063112e02b6600d205d113b5fee623c4634f489d88fc536a16eddb517,1,1,1,1,1,1,1e-05,0
823247517226540,d2e0c46133034db1b78fb73832c24b6f6af3244c8c9a480fbf37ee534ec18f99,1,1,1,1,1,1,1.2e-05,0
823259950406516,d0020596204d7095566c26968552a25c2dfb74a20953329b93b6444871b6b31e,1,2,2,1,1,1,3e-06,0
823350574013495,6148089ea179b48c12330cca6952aa434216a06303c47a99735cdedc1de63ab8,1,4,4,1,1,1,8e-06,0
823436430302203,8fb24fe59411fd3101dcea3c970bcf6d62229c48f94214c5cf9acebf20c82674,1,1,1,1,1,1,4e-06,0
823491027054802,c07efe45c6bbcf4556ed69e33ac3d8433fd7fd5c4aba2aa5d49eb1a4bfd48055,1,0,0,1,1,1,,1
823519117089590,68f31848416813c2ef5ceed0a0d8eb5bec4880c4c26f8cbda17a79dfd7ca6d8a,1,1,1,1,1,1,7e-06,0
823730333811851,1a0b8c8950d77d9efcf6f3da6abecfde1e94a3625f3a173a59089a1d5a4d5ba2,1,1,1,1,1,1,5e-06,0
823782563703515,f69821c20c2692ac4b562844346a4d56d7f040622dba9ff3acdbdeadb6ac7493,1,0,0,1,1,1,,1
823830493865026,4ddc244e67be386c659dcda5987c0c0ebef13723db0a474429593331edfec7c9,1,1,1,1,1,1,1e-06,1
824136810235374,16f2e1ba33f11c44c0b6fb239aabed8e4d841b380add5d94bc20940080fab381,1,0,0,1,1,1,,1
824246960228158,a2d870367f36b693644dbadb0599ffaea8856951890b542e1d8215e1c95bcbf7,1,1,1,1,1,1,5e-06,0
824277130411829,6e0ff615d2200371c4778f995899d9b7b7e8de8f0691ce44b90a6eb848511c82,1,2,2,1,1,1,1e-05,0
824324540501108,287a56b31e689f0f5e3e80884d701b0bec6de9f52b6471850b2f18d04c9b5f33,1,0,0,1,1,1,,1
824328027055310,80e60d71c83eaf064848afcfcded0a8120c4169642904959178bf1d2f9b0b18d,1,2,2,1,1,1,1.2e-05,0
824409487132975,b3f833c9a59b62c20c1187f2910a0415122508baa982fcab098466fb0de1acde,1,0,0,1,1,1,,1
824450970510790,198780997423e1c232583b0b76ce0402abd8f46a19458f225798b2ca6adc9ce0,1,2,2,1,1,1,8e-06,0
824473396961929,59a18da2ff2d0491ccaea50a8a7278dc01dc3729ab93282ddab1df7b61705392,1,2,2,1,1,1,7e-06,0
824582450551879,a225327d341aff692209ae85d837371836634a331eaae40c4f814845915772ef,1,1,1,1,1,1,5e-06,0
824608910184673,c0085f3e02f036dfa66a23331b024437a4ddc20dedbffe37f7e56d1b19bb225a,1,1,1,1,1,1,2e-06,0
824649490314027,af5a33bbf9154ae9f1f68feea4ab7a4b82152d08a86233946c74b27dea2674f1,1,0,0,1,1,1,,1
824651573678464,ea5f2eda0e672d25d1291542b3dbf1cd50db0340f6b2f8d0921204da140c7466,1,1,1,1,1,1,8e-06,0
824682316850333,3c860dbbc531fecb2e0cf3455bb27509b5e137464b728ff856b053890431757b,1,2,2,1,1,1,7e-06,0
824732330190713,aca287eb2fe09745870f0c23caf71e7876593026a8be85d5279421146bb7ddd4,1,0,0,1,1,1,,1
824882380136137,088a78d14394b341cc8b4ca38e2d91e67899e7e622fd06610ca01440a154dda1,1,1,1,1,1,1,5e-06,0
824982386920191,aea31bb094fe9048e2a59baed856eab9af080c8721a01dc162af44595ad68de6,1,2,2,1,1,1,5e-06,0
825067636985287,09566c731c20f35bb08710790d0fd5cafbb860d45180e3db9af4e733f0e2d9ed,1,0,0,1,1,1,,1
825146886817101,e811863a116adbff103442530670346ac2c41a5575febc9471f287e866b4ebc1,1,1,1,1,1,1,4e-06,0
825221873711535,95595b60fd5876e313660b4eba05c91f3f319349dd69debe2c8b4b5ee00c3514,1,0,0,1,1,1,,1
825326310422564,589b5ae2f180ed6ba50d1e9fedf28d8a37b342ebabf2b9705334e293612c56de,1,2,2,1,1,1,9e-06,0
825440136893176,ec1cbbdb0fd854aefdb363db484ac594f2386f28527b19f925d34155139a2808,1,1,1,1,1,1,1e-05,0
825805856878944,e47ca53127695854a7c3eb7d1cfb4620d49f45fc7cd69431223dce35d96ebb75,1,0,0,1,1,1,,1
825832200314693,129391bb66235a59837d261de56f95f8fcb3d60398bb16245aeb097ff74665a8,1,1,1,1,1,1,1e-06,0
825937383738962,42bf07a2e89fc93bf96da7fa3f3d393b4660bf9f3109a0a256cb3d12de7dc6c9,1,1,1,1,1,1,4e-06,0
825959093635876,264a99f966c1dd8817c4d3718898732dc3a2b52d85939110667179e46cb47812,1,1,1,1,1,1,2e-06,0
826262123708019,a8e558b286db8188bcdccf53c8899187995948a2b18ec4ee2ce11a57c5199e38,1,1,1,1,1,1,4e-06,0
826352913370857,ebabef7596565291ebf0947a0ca49bb8cf801dfe015f8471ce7827e3d8a937da,1,6,6,1,1,1,2.5e-05,0
826362360106036,ee214000149a6cb2b8bb74021c5a350d28b70371ac28f930a3d5b060938c5064,1,2,2,1,1,1,8e-06,0
826396449996178,617faa7c80433539145ef88f551245f2a39f8e3bcdc81c8d4373694762c5031a,1,1,1,1,1,1,1e-05,0
826547799977346,8393c9630ac1e50c87543bc37edec123fecfdeb7dad954e9f77ecfd8ed36b38e,1,0,0,1,1,1,,1
826583540361655,22a367823d91d5bbe076e4ab3002f0a6fb31c5a90789aeeb395125569c715624,1,3,3,1,1,1,1.6e-05,0
826588340109468,f52a88b16a6963396cfb9900daf2f453052cde4a6b009576d83855b8db533c3a,1,1,1,1,1,1,1e-06,0
826593567010607,f96f5167d41be1ab7cc23b93dc3ffc3a5077320bf8f5f1756cac5c9f6db946b7,1,2,2,1,1,1,2e-06,0
826699480067506,cd157aa4cdf5c6992b5096ba033d69a6ba2c52886cb822e0a7f24d8e8662dc38,1,0,0,1,1,1,,1
826717166785763,5f210764df0c274198df21d521f76df824c41bc180b41edaa10f9d28c027c408,1,1,1,1,1,1,1e-06,0
826824763569585,7492e296c6ce51c930430440e74fd147f9439873a4e1b12adcff8b77c008e769,1,0,0,1,1,1,,1
826846343385912,5da06b03d5053ad3a304413913f54a16d95e9e3d152a9db98dafdf4b5be5972d,1,2,2,1,1,1,1.3e-05,0
826964203258220,3fb5b699f024bc6737ea3438537e7dbfc1c75c9950feee529fb6736b5f1f1efc,1,2,2,1,1,1,1.3e-05,0
826975563261084,84e82b710b1e6acf2e0499ac3c32a32b7794d585394dd1629b1b0d5f7f57e929,1,0,0,1,1,1,,1
826981923378617,95f85b3072e7b63c29c7e817f1c60140a62108a2236faad421cdcc0ab2cfc202,1,1,1,1,1,1,5e-06,0
827071120078367,389223b28c78ee325fe1715b785c76b758b563fedab1060e22dc71a4faf631ed,1,0,0,1,1,1,,1
827077113487133,b5b79d7017f84fe422923b84b00a7d96fae3c4ba466780dd6a61663364824b25,1,3,3,1,1,1,2e-05,0
827338563428281,6bd0646768eee8c34568c5e0e7b59b28cf94c86ece085b1ec762caa4da76a071,1,1,1,1,1,1,1.5e-05,0
827426490256326,02c7f8946181254ebc266d4ca6703bbc65d323b8e784406e956b076ab48d002d,1,1,1,1,1,1,2e-06,0
827498113322124,91d0add2db67e716afd3d942cfba33fbedbc81b6dc729a5ac670a17564592932,1,0,0,1,1,1,,1
827532020451337,ef60f9be0250739f8e46214c729d519799eb2f9c6ee2a860a41779526e377371,1,0,0,1,1,1,,1
827568130181762,3834c408a69467bbea5ef5b3c47bd2e0b02ee9d655cdff3f69dfc46f8675daea,1,1,1,1,1,1,1.3e-05,0
827834229984094,490afd9cec909d4ec50a1a78a1cd55aa78c333c800327f8fb8b888f7ab6ac030,1,0,0,1,1,1,,1
827867643438895,c8164465e2e548a025a50ab1210238e548822343543f95f0b39780d441854233,1,4,4,1,1,1,5e-06,0
827904366679159,e30ee1b00b2e43e31ec7a431ef8fcdeb280cdbf5dd7ea4d87d283c03e706130c,1,6,6,1,1,1,2.2e-05,0
828057746723008,3f6203f13a81aa3459323ae15e149f7684da638f6d2513ff2860676054aa2470,1,0,0,1,1,1,,1
828069466659327,efdad5634649df25055ceed3f9132e85878eba2c58e8682781314b705c717110,1,0,0,1,1,1,,1
828151993431043,5a430edfdd04a473e3eb50e3abdc7013c2fef7bfcc0b20d5e68815ac78e23976,1,6,6,1,1,1,2.2e-05,0
828521243208215,609b22782c3123e23dde160359d49755f59d2e84008eeed8b11d71d6145395d9,1,0,0,1,1,1,,1
828834929999893,f1a60947755ba8b46525c75ad6508ba22c3fcbb28761adc8d9dafbc140060c64,1,2,2,1,1,1,1.4e-05,0
828967109896783,1d2d2d34bd27b4b115b5d5306f07640a3bbe8584bae3c132fb27c2f96f050f6f,1,2,2,1,1,1,2e-05,0
829000409737192,26cee07d49c5ffec1346c9dbe73e4ed669c597ce75b4a0f19d4d6ade7f6dc790,1,1,1,1,1,1,1e-06,1
829022866428398,9b0c7c9f67f3b12a283b35555c0667a6b1c452f5cfb91f9128903cd225aca761,1,1,1,1,1,1,4e-06,0
829080529919634,cd3d0a7ec74824e7f6fa4a15641c735059772fb4c516ada3704b8975c950d375,1,0,0,1,1,1,,1
829178353062587,d1aab334516c8a721f5169f1c2a89db4e3a2c765133b02e2de234461e93ee1dc,1,1,1,1,1,1,1.4e-05,0
829236446481285,1bc6ff5bc1bcb4c35e5e160062117d27d95e8d68eeef3e9c3d382f08ba197887,1,1,1,1,1,1,3e-06,0
829666019927900,9792c693a00e80a20d0f7e5ff356e563391b5f1f6bcbc44a5c1c2e9e0a817fc1,1,0,0,1,1,1,,1
829786696338833,13cb4b4dd11230d87f69fdb1f6840d63ac7bfb4e40bd8453e1bc94f495dec723,1,1,1,1,1,1,0.0,1
829818576625655,1ddc1ee96b7111e2855645ea4cc9a710ee597c171ea70a93377ed3a27f1aeef0,1,0,0,1,1,1,,1
829989353338644,48ec32a295dc489799373924cb80e3fe64e5605782dd0393346d997fc11d4550,1,1,1,1,1,1,7e-06,0
829998216324766,062b98cf2e896d1938eaf5326179ab79605551caf7bb5f9ec3dd0a34c08b0d9c,1,2,2,1,1,1,5e-06,0
830002673325419,56cf5f9197412554f5574489d7494df224bb0731ae15685fc39a5d470e11b0a7,1,2,2,1,1,1,4e-06,0
830035723276072,629a6a5db328b88a5190dea0d2af78484b1a5950733640f1c457f43caed20615,1,1,1,1,1,1,0.0,1
830081329799228,50d21f151b32903a5b647cf3ae872543aa1cc7338909ac379fde1ca42af4ff76,1,0,0,1,1,1,,1
830139272965793,0fdab8f175c905f000e0f87186393a80f88fa8186bdb5cc641db56e4df5a708d,1,0,0,1,1,1,,1
830172509608798,3505765e62c55d8609b283d74aa2ff6347c362433f71859337546b9c8bf0bdc3,1,1,1,1,1,1,2.1e-05,0
830283942952933,c371c855ebbbe56694e307096b4fc04a5d281735e593a337a251eb7ae95eadef,1,1,1,1,1,1,1.1e-05,0
830305599961891,1855683caab7a49a04535650096fe541e37fe473e525567cc44d4d31ffca4c43,1,1,1,1,1,1,6e-06,0
830345603190054,5dcae4cb0c7bf914c0fa860c475b39823d25b17666cca5bfedc9cdbdb89435dc,1,2,2,1,1,1,2.5e-05,0
830410939598748,2bcf92bb973f8bf8acee30004dbeffb734555e6d97553dfca13f54f90b2422f1,1,3,3,1,1,1,3.3e-05,0
830413876581674,3620d50cf1b8c5d632dccf63acbb686f0561298b131e0c913c241ed09940a887,1,2,2,1,1,1,9e-06,0
830736503220505,ddd265a4cfe045bbdf1002499754164e988bbc3c031c3e97ff744fc2d2a09491,1,0,0,1,1,1,,1
830840049756198,9e195f7dead731d1caeee9b0366ee6a3853c823aa62f21e14674b85cf1cdd76a,1,0,0,1,1,1,,1
830865236577872,21c46c086411f68887d2688191fce0411f8b44bd376aa24f1b0ace65aa4949e4,1,0,0,1,1,1,,1
830885066398861,f762555dcad05e35da7cd03b2a6e83b4b9ca8c8e89cceb537ef1887056e7d826,1,1,1,1,1,1,1e-06,1
830903599727048,6b548f7e8effd3e648624166023f1c4a99d0e30c0e5b12e4183f91d23813d3bd,1,0,0,1,1,1,,1
831039489684354,c00a4e3837a2578b085348569d6b3f99fd20431aea9d81645a3e8b46837b8540,1,0,0,1,1,1,,1
831056116312378,ecafd96315dc7a5b37b9d7be5bd79e0f7593f8770bc4579ff61c9aed5b6a34cb,1,4,4,1,1,1,1.4e-05,0
831177153239666,f596b607a120b030401eff3b9477a23117fd056f0607594678f880af1198dfeb,1,0,0,1,1,1,,1
831178446445191,01980a75e66fb46e21529eba725cd93eeb0b9d42da30a92bf3b1dd66c091f7cd,1,0,0,1,1,1,,1
831186909501352,ddd1080c1021b1653b7efe73a120024620abd9dd113cfa0b220d917657602b3d,1,0,0,1,1,1,,1
831298682955851,59f9272ff355dabc3808295b665b9c80cd38d2dfd52523a625f417a41343d803,1,2,2,1,1,1,6e-06,0
831460669870159,4685f2ca57068dd01f1cb6b4ac003d668686b49c706ea04642d21257df6ba676,1,3,3,1,1,1,2.4e-05,0
831463069677883,bd721398c10165994f0bd1a25d282b760ba65ca1e083d28e465adae3297eb5db,1,1,1,1,1,1,1.4e-05,0
831489986256381,0360c6cebe0b9699270e05ed96f9e0f28e72e0adaf349b8b365f7f4b4e401c49,1,1,1,1,1,1,4e-06,0
831529409609873,794c6825ca7654dd6289b37f6f20dfedf853c427c7ba6216051b647c7ade1478,1,5,5,1,1,1,2e-05,0
831592236519869,5e27831c8a70a87fa7be7894036a00bf58deb22ea568812f7063bd0b547a91a6,1,0,0,1,1,1,,1
831649306442224,64d6984cccfa04a8e4d72e50d929d4f7a497fd42cb7a0e796be4c38663351270,1,0,0,1,1,1,,1
831788459259491,2488dc67103276ae195f4eeffd489e4cddc525e553f6ddf2758920be8221afd0,1,1,1,1,1,1,4e-06,0
831984862966746,9a08ae6cc7d01f92d60a5d8d361ba571bb01614b22309081aba72985910782dd,1,2,2,1,1,1,6e-06,0
832069459728579,6b0859ab03850e70a1cacc7e43f71ddec6d6b5c5d13a7ca6d2d8d52095b965bc,1,4,4,1,1,1,5e-06,0
832076712863715,0b6f88d6591831cf1be240ff679c5ebc76e6365c57c2c492a70c420a5ebe51da,1,0,0,1,1,1,,1
832199099512294,e034a320cd26eb76ecd52bb7d89cc888e55a0284a2e1b290c5a3e7839464d327,1,9,9,1,1,1,1.8e-05,0
832622019493490,554861ce87cf284969176a17280f3601ebc54745bfd28047b4264f0a150e962a,1,1,1,1,1,1,7e-06,0
832659746603320,055f7737f8fe03b2256a6be7abff4e42e8846633a58a6fcd8e01bd3eee07eec9,1,2,2,1,1,1,1.5e-05,0
832780822694352,67b79cc3a338b29f7980440934d4c685bb140ea2f673539fcbd0f7b4659bff2a,1,0,0,1,1,1,,1
832819272440563,340219e58561891e4dfd0f502ed4c6759e6aa2999bea66d90994858919c7a676,1,0,0,1,1,1,,1
832865592668717,ac3ffb525ad0eeb238f954c0629ee1642bdb3a662597895f570e68b08dd327d0,1,1,1,1,1,1,1.8e-05,0
832947386128436,15171e40d63261fd6ad6d2849c1af87292064ef9e60f92937ea6285d66c4ddea,1,0,0,1,1,1,,1
833028712769355,fcc116b44a92d702f2ea6e8d7914c8f9c27d089707ba66657ccb1693efe6b362,1,3,3,1,1,1,6e-06,0
833075349654011,addad006a02f525ff88917e10feb7036f9989271bd3d21712ff03bb5c8c80665,1,1,1,1,1,1,1e-06,0
833199316194455,5b8656a585fa834d6f0f6d3f037164e26807f76f37cb44856b2ed89982a6ab28,1,0,0,1,1,1,,1
833401909409923,ca2f2874f6fb34bdb196e72f14032ddc0e7a50c4f3c194ca7735f3ec8daa9c80,1,0,0,1,1,1,,1
833437599408035,8bbe98fc53414f8485c07e1971c33d630e8c05939450d94432862eb8ebddcdb9,1,1,1,1,1,1,2e-06,0
833610979654954,5573ca1126a25e36ec7ee6af62faa8352c09d3b164c711df4ddd76b1ea34a102,1,2,2,1,1,1,6e-06,0
833700685931131,f289cb9066d038b31a5a92dc81412ca0342f3022eca94d242c307da87146a8bd,1,1,1,1,1,1,1.8e-05,0
833777259615937,b68eec86c4e424fa44a005bd139de8ad49b75b305cbc33402885888ad7880f1a,1,2,2,1,1,1,7e-06,0
833848959239028,f2c74b89358907324c78eb780c1fcbe407baff61a406ebbf997521b735968ed7,1,1,1,1,1,1,0.0,1
834118409369634,a04c1bd9cf1c184f60bf2d9dee5b033cdad7d298175e2af116b924105988cb21,1,2,2,1,1,1,5e-06,0
834193172573595,bd006c92de5e8132aa461448b2f8079a36abe16e0ee667e0be6ab456b083b3a5,1,0,0,1,1,1,,1
834354439185987,a274135a7e9914477940c5572b1a2c98e961196bbc65b19312489990d437f45d,1,0,0,1,1,1,,1
834383442517949,38b7f53e4b55ffda9b4d0ff89fd3ac8b957f337de214520585336fd295e9178e,1,1,1,1,1,1,1.5e-05,0
834422489557994,5e0abbdf6d3eead1e4416fa780e9bb8dbd09f6d15e2a02670f9e562d6b317655,1,1,1,1,1,1,1.9e-05,0
834422835877364,e9527a657f5b77a09ce078f6e1a2cb0c607396471a626462dd0851675dca36fd,1,4,4,1,1,1,2e-05,0
834508025978341,ed933c48e7469ae140b9672f1f7579f68e354a2ecf18fbcb330a25177f85a49f,1,1,1,1,1,1,7e-06,0
834516435994421,97f081e9d66ddeed2cb13ef318e695f207a216283a50287ac451be63696154f2,1,0,0,1,1,1,,1
834529142643149,5d909f05ba46bb4a720ea5b98efd6112edd9082f4aacbaea03f2ce318158eea3,1,2,2,1,1,1,2.1e-05,0
834536872774918,14b915e1a7a37c0af4f7b84e0799ac5f1f1d17da027a14247192e944e3fa7cf0,1,2,2,1,1,1,7e-06,0
834608472631946,f5c14185094cf001be2f30071e1bcf15df08cfc46ca2a091f0e82f9b9c9d7984,1,2,2,1,1,1,9e-06,0
834611669617800,d648e7d04a57ab0d9899c3bddc1279b36516b0d9adc8510e45de85f59e28f267,1,0,0,1,1,1,,1
834731169556099,3c665213a4bf449fd5ff2e867ea49b0212b5eda22cfecd80185aa2d43cb45197,1,6,6,1,1,1,2.5e-05,0
834897902609710,135ef1a64ce04bfbd449c24beb0725ee9a1846becb26b7fe8487e46149bd575f,1,3,3,1,1,1,1.5e-05,0
834975889232850,7845d557ff816565c12bce27ff4f556c86df746206df10fcb22c2faf6cec9ea4,1,6,6,1,1,1,1.9e-05,0
835041012614965,1671183d3f64d4f397f34d6959283875828a4377f2fc080006582d150f493733,1,2,2,1,1,1,2.1e-05,0
835105982919707,8d9492a9a742fd210a3d4f44024e568e8bceb8fee0cb43bcab2f0d9fb5f06608,1,2,2,1,1,1,7e-06,0
835267152244557,2b86554c0259281e4233362399d1915165b3beb566f8c923ec0ec9d4bd61b0fb,1,0,0,1,1,1,,1
835381709096830,e439d07d1d8f499a850f6eb7519014d3f249b1a5fd161da46a1ee29b753a9a19,1,1,1,1,1,1,2e-06,0
835465022514082,fe5b73c1a34275517af7205558bbdac46b3b75d9890ec34e2f91baf8c4ebbc6f,1,0,0,1,1,1,,1
835598489448753,427accb4a47117cd20b07dc91721a566cb3cce7f76eed302c873d552a14a49d8,1,8,8,1,1,1,1.8e-05,0
835626212495773,1ac686d082c00880cd0e7030ee14f46d12ec675fae34caa8dd6b03b82852d56a,1,0,0,1,1,1,,1
835752385770327,58bb376660f887be842cb4066da397df808e123733e27a43730aec92b6ffd944,1,6,6,1,1,1,2.1e-05,0
835760699058789,ca5f3c433e2ee86a41f79b9f627a3ca0fbd658639dacaa5c50bef6d48def00a0,1,0,0,1,1,1,,1
835885089187545,c978955fb341025e7aba04aab3d8ba07b95ac4b62eaee968ba9a3a146005d6b4,1,0,0,1,1,1,,1
835926468931919,c8f39d3a9aec95995ccdafde4e204e429445cc457dec736a5bd7a279f7022eb4,1,0,0,1,1,1,,1
835950012520122,59059127e08c0986312ad6fe2d57401897bc45c696afd541841f51e42fd79ed1,1,1,1,1,1,1,2e-06,0
835999655794421,1ea23b8e9fce0f91b5b8ffbdd685aa315b2c626fe6d3ce9783be373663d03cec,1,0,0,1,1,1,,1
836176399005566,7ebb3d5f49d3237cd4586dab72af21445869f4c7bb3297fb000a6ce9679c81af,1,0,0,1,1,1,,1
836204962387946,cd37d70bd823834771b6f8c7b0e7007e152ac00c7f7e5c110d977324e0faf028,1,0,0,1,1,1,,1
836305549109060,be1eb77ed2845997627a4cd1d9931a6df8a00a48df81f53c0a420d18709e249a,1,0,0,1,1,1,,1
836689225769014,41c051ce6d992838fe169832ff75569ea10ed327494f23712a026456243eebac,1,0,0,1,1,1,,1
836825895759008,2af56c20f330ef45e00d5c2e6b7fff27b784e82206092eb321abbd53c111d0b0,1,0,0,1,1,1,,1
836864715909459,dd0ebdf4dc2b1b1b8c89fd57e5ed92502b956d6328a0a42b245c7355773c659c,1,0,0,1,1,1,,1
836868982165852,389f142944976cb59855481b19f97d1d64f1ef50a8a4f16a454bd707b281a586,1,0,0,1,1,1,,1
836982885694284,4d2def4409d95ea4a13a66309fc9bc80565287e5b96a850ffce5900ee932cb13,1,2,2,1,1,1,1e-06,0
837008575639811,0617f7478a7713b2e9a8b61962066f57a2e7882c374442b11184d0d9653f15e1,1,1,1,1,1,1,7e-06,0
837036375401354,33b731b5f26594365731ae1d120853af47545e6651ac20140bc8cf01af17f507,1,1,1,1,1,1,1e-06,0
837156645465592,bc8112207aa2c06828e3b9937873525974e4c5d5a6f94b82347d87882ca659de,1,0,0,1,1,1,,1
837163529019472,6609fdf29083ca254381fbe95c78176f084420d798e1ae404fd5b46b957cc80f,1,3,3,1,1,1,1.1e-05,0
837334808899669,91c8ccd1c8b655f9ebcb76d5d5e61f883caba9c62f59ca85904f8003ba6694e8,1,2,2,1,1,1,5e-06,0
837848368605851,71af454793c48372e3c72536925c365a415287576330044dc9e1fce08d39fb48,1,0,0,1,1,1,,1
838036748950678,70ff36af8e44033abeb8870efa164dbbb17b15103ac57b594a7b772586e182a0,1,1,1,1,1,1,6e-06,0
838177418592827,caba6fc80831912003528b136cda01d3a026e00a3452f279f308b184dd564641,1,0,0,1,1,1,,1
838249811921986,614f27dfd281944827e576cb9eb4f6ecde7f294065e400ce58904deae13fb672,1,0,0,1,1,1,,1
838306249162558,a35a777533de761089561c55229e8aa01e46c4b6c7747d17766827075f566546,1,1,1,1,1,1,0.0,1
838363855587990,5a26552eaf0177702ecd98555c8d82809f085356379b573b71191995e084d13f,1,2,2,1,1,1,1.3e-05,0
838487129049164,cbc381ab38d8d3e4e66846b81d71f6f00f3562e596a15533e1c1cf3037edfb5b,1,1,1,1,1,1,1.3e-05,0
838639925239114,d56b5182b8f7aaed80420c7e41da5667f4bd066611f7b79857a77d47f300d12a,1,1,1,1,1,1,5e-06,0
838680176002078,95dd5cd73b8b9ba9cdddb78f7f32ae16993683e262f46ed3a2a663a9ceeea749,1,0,0,1,1,1,,1
838773262444126,75b2ce06f22ccaa433254ff5318de1f07c55010b04747acd9a394f78a4ee4968,1,1,1,1,1,1,1.4e-05,0
838947828996215,bd3350451f60748c9892a828fefcca7ab6d1bea1c778dfe9105597fca5dd7e05,1,2,2,1,1,1,7e-06,0
839085338716062,62ab9726677219b4c41fcf15350258a43f38ea600e5cc4afcc617e43e8c3a3cc,1,0,0,1,1,1,,1
839313632023477,0d4d247498df2df45af90ce5f52c83d42f8b4bd00f485e5cdda0e5fc1ac390e5,1,3,3,1,1,1,1.6e-05,0
839351868795539,d58e5956f673f671bf98584dd863746a85ea5cb40badf2399ec4a1fd26bbf946,1,0,0,1,1,1,,1
839485225476355,e0c755ebdbdca5ba0565f3f95f9eb840b4133370d9fb85761f80e83f88b76328,1,0,0,1,1,1,,1
839517385465303,f316aec5bf860e46dcf8e6970478e29c21d7f9599837929be38e3d9f332177e8,1,0,0,1,1,1,,1
839757842127268,71166bf5ea56fb41d104bbbdcf7877d51def1db4b2bb4a5507cc49b2ce817cc6,1,3,3,1,1,1,1.3e-05,0
839842702082393,f11dff0b4eb97026c3b6b2467ed635548e526a882adbc1421c98f4fdf42410ce,1,1,1,1,1,1,5e-06,0
839932325522356,e23eb7830355215971f35cb30fc0787d0450483748aba613169c5fac2f9c26d3,1,1,1,1,1,1,4e-06,0
840007455178196,a8f048aeeb1311570b65450dc71765e79c5f8e3232f0fc594b49d66209df0b4f,1,0,0,1,1,1,,1
840103385653715,1d39a2740e428eaf4713e5094152d42922c8baf6f7964080ff20be46a47b3e23,1,4,4,1,1,1,8e-06,0
840304671952310,ccc7600fe27d2fb813ba037c8f19339d41c8e658a68bc2e4b8e17b2cf954d242,1,1,1,1,1,1,3e-06,0
840618875382363,ec0af71a8f21788be7b1ee075b7d80b2b9217e00c8c1558aa5152c8e782023c2,1,1,1,1,1,1,3e-06,0
840633748661936,56677ea5414ea687296bf9c111149840d8359369ded431ec96b50693751cef77,1,0,0,1,1,1,,1
840795068601360,b1c321a02f472b9478fcc0bb53c31131b543b57de6d4db08804212b703d33103,1,0,0,1,1,1,,1
840801264990437,5e2172e0043f08f34ee3e16cefa2179b971aaad87527759d2eb1d1a108a20adb,1,1,1,1,1,1,5e-06,0
841064432009255,2eb6e47bfa8088c82d0ed81f95d0f4b8cf0a7746cfcdc1110ae16f2bf8c13777,1,1,1,1,1,1,2e-06,0
841182614952429,c86a8e198ea77f1331bf064e3820f1e1b7a2eb52affb164033cdbf696a03985f,1,3,3,1,1,1,2.3e-05,0
841238158612398,09999bb289cde475f8f41c0a1ddd721818d038b647e49bd3e03ffebae9839f85,1,0,0,1,1,1,,1
841386898249965,87c93b8b96d9116a52c7a7ca5b30df17a3db2a5a4513b195a032437eb3f9a0e2,1,1,1,1,1,1,0.0,1
841568918741207,d1779845c3236a31ad757c67beb8ef09cab61f59a4bae5afb89775b8e01c9045,1,0,0,1,1,1,,1
841726685454320,93a3e5071133315f35bf50b399ce7444af528f30b71894ad2f15466bd64e3752,1,0,0,1,1,1,,1
841757994927564,731c8e14e0c44a06a3faced696426bdf823e45f8133f10a9df27378f31a53288,1,0,0,1,1,1,,1
841839325382302,4b433a455a57eb04fae129caa588763d8bffd5e6ffe9a545d9f805edaf674b05,1,1,1,1,1,1,5e-06,0
841930648197921,ecebf076af79388cc349a1234baa2ae03881ef8aa7ff0ef200b0373b76b24781,1,1,1,1,1,1,1e-05,0
841948318566875,87f008dc8997d5cf9c4eeae263ec21bbf1362408469d1490847208c7956c2b08,1,2,2,1,1,1,1.5e-05,0
841989624876234,f0e698fd2fb751d191f5f23627977d0615d20a28e77f975f468f1c5ae5b7a2c1,1,2,2,1,1,1,1e-05,0
842089685007792,b49dfb873b78c99ccaeb70d273bed72b0eec3f75d0449721e616e58bf79dee2e,1,3,3,1,1,1,2.3e-05,0
842104591699341,e84b592b4632028455614ea94639add4e545e92c739ee8a43c15a3cf49c336d7,1,1,1,1,1,1,1e-05,0
842258044955039,b6565bebaba1be4726f8b7d0c0e1c0cc0e1d24ceb054d1a9218199fd7eec95a5,1,1,1,1,1,1,3e-06,0
842587971481442,3d9cb6045a7ebc0afe5878ca2a2c2d3f317fe59d0a5a231ab911cc3876dc5234,1,0,0,1,1,1,,1
842654918485688,5268ce522201f78fac31d4f98c1b490359da3678d37790a1afd2186cc9bb884a,1,1,1,1,1,1,9e-06,0
842686335363761,358eca94d3c9eaf5a2d638aab7f5fc8db29bfdb79c0417bdf2efff17d4c024d9,1,3,3,1,1,1,2.1e-05,0
842716458714917,f1baa2646f250cf22134660122ef52b87c51b9b52cecbf6a96c72090bb904c61,1,0,0,1,1,1,,1
842726585005616,a3abde36f308bbbddcc56987054016c1d1819ac0bfe0b862dec815652a063a6a,1,1,1,1,1,1,2e-05,0
842745451689939,a8a4153ac66e0439a5799e9c678a7893098281458f00ad676a0c70feccc8fa33,1,3,3,1,1,1,1.3e-05,0
842918568362469,401bc9b614031ca0115b284a0d80646b16de771d9edafcb52e0bc59e38a0a338,1,1,1,1,1,1,9e-06,0
842995568379607,f4b1ab130c971cc8bd38f102598264b9fb142742c56c1cabb1356bee2d27794b,1,1,1,1,1,1,1.5e-05,0
843036184990055,7b7c9836c5055ff8d4bd3d4002975743fe3790464e48bd57f319cf21557b1fb5,1,0,0,1,1,1,,1
843121231408751,c4c551f9824cf3e09167b7b9758e75bf3d41de0678635fc98bb48f1143816230,1,1,1,1,1,1,3e-06,0
843139378426011,a5354ec7125d42fea13bd9c3c532761e12d750eb5f1a7cd673995f4ec37ee741,1,2,2,1,1,1,5e-06,0
843144198628686,458156d17c41a01d036feb10e2742ed115bf231b71a69b4fbbb381babf9e637b,1,0,0,1,1,1,,1
843186708306501,f55dc4a5a707060167bdfbc0bb3b402dbb07cc16d9ea2c44757d51136e78552c,1,0,0,1,1,1,,1
843226948644482,9683a7a4e1ceeb682c2daa6259ed8948e7284c9240fc980c41f5556387d64d7f,1,0,0,1,1,1,,1
843337651513789,d512dd8b0aa96f8889305bacab30f19c82e3fce2c40e724cbc02639819466752,1,0,0,1,1,1,,1
843345178628947,3c0e3735a7998b318e263ef321f162d9d1ec49dc7562ef74b48b1f1ef6217f32,1,0,0,1,1,1,,1
843398988272955,7fccb0e5a5d09a6a009db573a69ddd0ba24b00647d319ec9c6fbc2970f7c6a3e,1,3,3,1,1,1,1.2e-05,0
843401555104491,6f6d6465f662837c37a56c221a4b1c1e2c280e8cb8c323b282417eb08dfc59d1,1,1,1,1,1,1,1e-06,1
843456504934798,ffcba7881b4c9aa8fa5f96abe8054944cd6875d9e09b634a7a6554fe6a32e634,1,1,1,1,1,1,3e-06,0
843469758162778,11720233de6f11caf980ad705bf98562dcf77f48853f4744f43d708812feaaa7,1,1,1,1,1,1,7e-06,0
843579444752083,5633394aee3d405cc0bee802ed28874709e59f7f60486af8a08333efba8aa9a7,1,3,3,1,1,1,2e-06,0
843737484703017,33010a84590a3b88d1b6d5879556367795f92771cbff5c9edd5f06e30399ee49,1,0,0,1,1,1,,1
843865148293735,f795e1c99f7084aeeb29cd7b4cdc7ec1e19100bc094f4df3a68ddf9f5c304927,1,0,0,1,1,1,,1
844221351894460,279f6864e99ec05c3560e39971e72264206f4b287b5aa0c7c1e49d9ed2d5433b,1,1,1,1,1,1,2e-06,0
844293061302607,8ffcc3e758a945fea97b4b831234378877df675c36c88defa9916563c5d81fce,1,1,1,1,1,1,2e-06,0
844339331892837,08af8a6b1657e51b688db55aa06f29b98ca1f7bdb412f834f63dca8e3fe18cea,1,1,1,1,1,1,7e-06,0
844342348558693,a7e2b325c61917fe9608674c4cf121ec32e8b11b72083cd3ed83b292fafcd485,1,0,0,1,1,1,,1
844411001652033,9dbaabe7149e881dc940f0a3ae494ccf0cb74077b8a0af56deba2bc685cc3041,1,0,0,1,1,1,,1
844440614757230,c680c8c5b4e1b77bb206cfe0acf3503609bca64c9dc177e9caca837753064a16,1,4,4,1,1,1,2e-05,0
844468288068646,620027fd2101f2a062a4ba277b5d47ecbe870be8e378398c4c41d35fef34554d,1,0,0,1,1,1,,1
844565998256556,ce9977a261bc72e02301da1fcaa96024a4da54db5992b2376e962fc52f051eec,1,2,2,1,1,1,1.6e-05,0
844572718061803,f7f4a2e58c09f28fbb7dcb36fb9390a5907416215c9fd5318775aa8b58367f68,1,6,6,1,1,1,2.1e-05,0
844593794621220,fb99e905f3810b4a9632e79c22a877fe02e095a6b0ae355eee78b07fa79cef6c,1,1,1,1,1,1,2e-06,0
844695728471655,009611018575051c1f682945a448a1054b2145fcf1bfbe75a4633e08eaf1c497,1,0,0,1,1,1,,1
844728591430985,71fb018a9c746dfccd11144cbaccfa6f5b9fded07630c0c4b5941f604ea0884b,1,0,0,1,1,1,,1
844750064702906,f689101ef7b4db0327c47a3587662ace8879ab82fad44cb0614a38c36a9572da,1,1,1,1,1,1,1.5e-05,0
844764251537699,28766bc49bfe60654fa64fa1a9ff729bca7de0075e0a552862a24f4fac4c4d5f,1,0,0,1,1,1,,1
844885014797916,c3d7e001d7463f9d9e1331a14e842e66fd3e2565421e3862bd9e53e4ee6273b1,1,3,3,1,1,1,1.1e-05,0
844888964702830,6297113c290f7be02d949404605f9fc74df97ba1dcb71709c3235aab17bd10af,1,1,1,1,1,1,8e-06,0
844981704686803,b67d19bc7c6cc5a4c8a18800c92863ebf3c29624398a6b55d21239e445fdbd34,1,2,2,1,1,1,1.6e-05,0
845073818170331,0ca2b1f5d88055043cefc3ef8b93f9b5a830917e291da77d83c058f9eb9bebfd,1,5,5,1,1,1,1e-05,0
845245221328898,48c79ab2a6ac0182e7c1ad3abf4a33233d7927de7e168b3ba91473556b8fb2ac,1,0,0,1,1,1,,1
845320741307344,9e74526fff7fc9ef56a44a178a90196e7b9f13375331d05704a2ef6f5825680f,1,3,3,1,1,1,1.3e-05,0
845372794535279,0019bb6c699efb9f985a5fde72621dc1856b47b09ca408e9f900e46388676785,1,3,3,1,1,1,1.5e-05,0
845525077840668,e906793a12b84caf205b1228c07f18ef2b196b9f0c27d9f8fd4fce1b65c93d55,1,0,0,1,1,1,,1
845614591522841,ce04c378ddf1587b41c94ea3eeb5a80bdf7a5ffd92a612b3eebcd212ca09b906,1,1,1,1,1,1,4e-06,0
845814831952826,fd441945b0f090d8ab158de08d17c20ca26077562cfabb534083d64c5144d5ad,1,0,0,1,1,1,,1
845899741254441,e53ed6f96f41929dabad9af9a3b8af946f6e8420a20d0b649725b57abe8ce947,1,3,3,1,1,1,8e-06,0
846135164486014,187cbc44766a3f1b52e671a378ea2bf32d13fb7a655b210f8fe1f8adcbcca63e,1,0,0,1,1,1,,1
846274384558468,16d635905f4b4ea1eb1a72b8e8310c9ddf09340422443dc095aec02b23fe209c,1,0,0,1,1,1,,1
846291307766171,1b721b54b5d93a43b617dfd9b6acb36f86083e0e16f062c90ce7e51713a35765,1,0,0,1,1,1,,1
846381744803501,16dde82c8ef36b4072f96c08a03fa3d3be0c842a26094ef45f9091db5666ff22,1,0,0,1,1,1,,1
846503807877167,883f3ce8b4ebb4dc7e5856b5ce505a88f4bdb91273ebfbb4fd7e235327511f8a,1,3,3,1,1,1,6e-06,0
846644637842805,9f7ba171c17b2a4bd2a1dd992f0f9b2866ecf14ef980e825bbfe7a02d323166b,1,4,4,1,1,1,1.4e-05,0
846673271184478,4280e4faa85a8b6ac515572f468f6956f987246172275e5318840d6911c4c245,1,1,1,1,1,1,0.0,1
846678351060369,c710031ddef594b48432f7691875b0c666f3d39b2b69a05d16155041277c0668,1,0,0,1,1,1,,1
846682268242410,8cdc174e836ebd0265df85588f3b2448ffc1f93f4111b219fee3d6a2bae53a39,1,2,2,1,1,1,6e-06,0
846713454430534,1d077eb4e1f880ba1bd1880e8238fb78bac5ec1a86d6af33700c244872032595,1,0,0,1,1,1,,1
847019801150977,9fe4948b94e2d4036fac6d3c89d9f29489647596ec32a09d8862e3a550ed4e1b,1,0,0,1,1,1,,1
847039554507624,3cd799e4f97138efe799ac497e7199bdb55bd80634abc928abf9b286aa8e3935,1,2,2,1,1,1,7e-06,0
847155181512631,ae8c2e80bc8c9f0525777edba9985f4b71d52642fd724c5ccfe00bee6afa1c04,1,1,1,1,1,1,4e-06,0
847164487713863,a8df106b190757190d6ab3abaf74567ecc404c9e5cc445ddd687d10d0c062d62,1,1,1,1,1,1,3e-06,0
847188237853125,7bbd26e54632c4f10b05b77003ca4c1eb6afad995aee510ae9f1b48ea75a2acd,1,1,1,1,1,1,1e-06,1
847317484561963,b0c690ca6a2d3faf2be6047c1575fb81a6ac2b9245859d80bde9617cdf123421,1,2,2,1,1,1,7e-06,0
847361544687115,b04cabff0a49fe555198e015089ae8a9d0cb6cb554e90df26849893a7ae69008,1,2,2,1,1,1,1.2e-05,0
847437061461375,da1e227649057b2a1636ad637cafd365c9e9d7cc5b56169cc098b5b1a9cf2d87,1,2,2,1,1,1,4e-06,0
847767177757110,75a23b09fd0ba37475c58bb8d7dd8b16f3b89c0bc27d9600c00fb2716902f4f6,1,0,0,1,1,1,,1
847849374281735,44c367496972b6750524d77f3c4cf5b57426f25d605b3b33002c6f6cd1fa8e53,1,0,0,1,1,1,,1
847940571022320,d2e3510e2ec8524efb2671147cc599eb3ef2f6eb95c048acde508e0f269bf42f,1,1,1,1,1,1,4e-06,0
848029644443933,6b413f5092f5047103b86ca58d05ccf0091a55dad4887672cac10c84e6e9a3e2,1,2,2,1,1,1,6e-06,0
848053441100843,c3d78629a5f91700bd279bc8f5eaf9ed04aa2541e85f4b71fc766aefb5bb6c0b,1,4,4,1,1,1,4.3e-05,0
848091897599085,2e3449fb9e84b500ea574c6e4d5ff31e8cca95cbf8d13a7f9683ca1928f75a16,1,0,0,1,1,1,,1
848122924373682,e9eaef3fd3cb1e858543606e3d42e56834acab82b933fc5bd636b91728a686c5,1,4,4,1,1,1,2.3e-05,0
848280191086927,5e66f0d203959a4d1204ffe6acdd14a14ec102b6587c094cdd51029c736acec4,1,0,0,1,1,1,,1
848429444222850,01b77bd8db6aad98adb00eed1a5fc4f264606fb3e9a75766006201ecfce5de71,1,1,1,1,1,1,5e-06,0
848436387546631,48796c38cc8d2ebc37adc8d81981cf2d2bb9800f27b09790719f1e3b8ad33925,1,1,1,1,1,1,4e-06,0
848558294781664,6e381eb3ddeddfb2001bdf283307c50fd182627393a4d23f4bef89d980d46327,1,0,0,1,1,1,,1
848569971032849,cf374f2bdcd71991c1b44e17aa111463c1620c22deb376ac8cab4ed6f7df997d,1,1,1,1,1,1,6e-06,0
848587317674365,883592629402489c406627c3bf44f6f3f68503806046dbddc32083bc29c13739,1,0,0,1,1,1,,1
848714577645613,e4ae22acc80477328bf9a612acf5481a20c5259846ca65c80d70b0876e54c9fc,1,3,3,1,1,1,1e-05,0
848748960973533,1726cfe44bb4f48dad6c078c84f3da5e6a747f2344fa867c4fbdabdc93fd33f4,1,0,0,1,1,1,,1
848774141095583,e60745b2c41f1eef7dfc18a3541d51d55f74a211683bdf80bd0e732154b626fc,1,0,0,1,1,1,,1
848885091417624,b3d5657876a8f77b94feeee1e2dc2ff25bcfd16d741a14b8be335b10be3712a0,1,0,0,1,1,1,,1
849069157610537,9eca6aa26702e53c97012b2ef67abec7da95ac03a63328ef2209efef94f058e9,1,0,0,1,1,1,,1
849347021164398,24e38d448e25fd231b8eb239e295ec769c41e3872a601f2cb67288786320ba73,1,7,7,1,1,1,6.4e-05,0
849400214240463,fece93f84cba3a3054e65cba9bb7705d7d11c02c0c7a0f29738aab7498e1627e,1,1,1,1,1,1,6e-06,0
849405660964023,e24eb15bab3cc822ee0cffc0f95f0d1f4ab11cbd222cb4e0f2e88d447ddfa5de,1,1,1,1,1,1,9e-06,0
849419910958405,cbafd79409e1601c58c7973175fce15737acf53346838015bcad3aaaea3e9dec,1,0,0,1,1,1,,1
849423297561889,49526715b0e2fbd4be45d6bc302f502adf65a29d9c770951bf5d21517e2919dd,1,0,0,1,1,1,,1
849488930832735,b68684a7424f607f85496470eae59ebeca4b06f7a43b83aec391cc7d6cfbb479,1,0,0,1,1,1,,1
849569244104819,530c6d92bf94f52cb4268101737f4e4370aaa78ff746e160468fd816694dd4fb,1,1,1,1,1,1,9e-06,0
849618647541598,3218e1e49aa807a06b503fbd55abd042cdb6502e3e5a53ef9cba99a0b1adfe79,1,1,1,1,1,1,1.3e-05,0
849882301324235,44748292e784360617cdade581a294c9d41964c3a4f050f7c2b90af26731cf29,1,2,2,1,1,1,2.1e-05,0
849951977432858,3dff3690681a558c56267587afc5ce1b7a16d80d24467472d16aa9d28560b320,1,2,2,1,1,1,8e-06,0
850079317433493,fc227aaf76456b4a2d0a34d8d9dfcb914224addd81bb2d6e5ec0ef5ada1a12f0,1,1,1,1,1,1,2e-05,0
850197704053881,c340630fffba7e462184db7efe2e5266a092d29e7bd9c81bcccc633cceda0f22,1,4,4,1,1,1,1.1e-05,0
850254984069137,432c4bd9d140ca243e524b3100e444595906c42e560b6dedad3786819f4019e5,1,2,2,1,1,1,3e-06,0
850266637489782,6d39b58c97ee4d5654dd275a909e3fc5c1aea8214d1f517a5f8cad115af5113d,1,1,1,1,1,1,1e-06,1
850344334017822,3f4ca3273853963a21fe1bd8a4117e0d2c5972c715f70ebc153f179dc4a65168,1,0,0,1,1,1,,1
850391694606605,437d411b702482801703022f517de8e0d27237d62dc61fcd5634e1d364224384,1,0,0,1,1,1,,1
850410504028771,ca328e64bc17ffdbe80f81e2a40e500a58dc9b56aa0df5122c4d464470b9c204,1,0,0,1,1,1,,1
850472814591299,cfd942fa4b85b914dd13e5d1411bdd73addd5ed7346ebc6384da93f90ab2fe24,1,5,5,1,1,1,1.5e-05,0
850542724131378,39508fa64db0abad2d01d984ca169aafebe27c5924da3f20795fe8fb493f69f2,1,1,1,1,1,1,0.0,1
850616020773928,66587570a08a5f02c627ee92b9663ce1897f41abc503a90aee30fbb226d366d8,1,8,8,1,1,1,3.2e-05,0
850643007488775,049e3f1dd0857c031f1007c595a55374182451416a56fcfe3c5fbe94f6656c9c,1,2,2,1,1,1,6e-06,0
850685434132990,92fbfd7a7268002febb7541c08ce728b42dbeaa2e2a2eb02ec0176651b6c486a,1,0,0,1,1,1,,1
850851394090250,65474aab4e119323bae479d0fec6cc43d866df32e757d5969a4a19223e9d9fbd,1,0,0,1,1,1,,1
850946670625334,453a47406bbcdc4635679c88b2adce0adc5691861c06959402be697eec826b75,1,1,1,1,1,1,8e-06,0
851034860992104,830bdc4470e63a9220128ed841e8427f05e2f365ff68509af1970f87e147334c,1,3,3,1,1,1,1.6e-05,0
851229590989361,ca9d35f42dbbb057a8fe27ea1c7230dd6bd09aec18f03ed23438a620704e6e6f,1,2,2,1,1,1,3e-06,0
851256173932140,7859db36c05b9c40f27422719b96b11e949ef24b6c68e7340319ae38974a3893,1,1,1,1,1,1,3e-06,0
851324607847783,2d5de3fd2ff7ee1f72ccd75eefcb03212eb2bec991e23c368872bac787825a87,1,0,0,1,1,1,,1
851468483934592,f6fb923f912d91bff65c073f32bee15965812f857ec8d64643dff505149f247c,1,0,0,1,1,1,,1
851721107447181,13b32c6946ba1b94638151d129744e0c4adfe8a5f7e91ac62d4b5b07b47f4ba8,1,1,1,1,1,1,1e-05,0
851765894461593,d0189b27be48b926ab003b79acafccc8a09841c62bae376d13fecc17cdfb6d34,1,0,0,1,1,1,,1
851767130696881,737ef632eba8e646520bd4d48ee3bb9864a4f579abb01ec88e5621363ddd94ec,1,7,7,1,1,1,1.8e-05,0
851768510569532,5a2bc178c191134d10cfad1af2b9b6c043787b91ffe23fc0cfacf628d9ece565,1,1,1,1,1,1,5e-06,0
851894553850413,c995de233a65d81260a064fd546b52f9d134b3c878356e2ac8bcdef9811013e6,1,1,1,1,1,1,1.2e-05,0
852012950561892,08e5fc187102fbbd0564d90c177300feb449bdb4aaff55dd7fdcb4b10661177f,1,1,1,1,1,1,1.9e-05,0
852079127371345,903ee84392053cebec70d78429d0f3a23611acab6506825525ad2d7b51293010,1,1,1,1,1,1,1.1e-05,0
852105903884107,4db442f49c617a1009cdd9adf986106a4a72fc903b7e12c7dadc316c0b845a32,1,0,0,1,1,1,,1
852112397407507,4662f6c91d82ff2f802ec25538eb3e3fb364d36f7367f51d9b010b3c6152258b,1,1,1,1,1,1,2e-06,0
852383407729043,a2360569072ea0cd268b8eca04f1ec5093c9595778416aa23f4a0a1ffa7770ac,1,0,0,1,1,1,,1
852407613919705,aadc9af4df73a5c7f631d4c9f1b35272b1c11110bdbcf8797da6b403f907355c,1,0,0,1,1,1,,1
852496550804241,e69b49db68f4502a3a05881333af312318a130f13fe10d4c45520908f60a7e37,1,1,1,1,1,1,4e-06,0
852514433941887,9b5c0cee3afb7dcc18d3f7646f29a4365ecb39d340db7bae271be1f697d8e40c,1,1,1,1,1,1,8e-06,0
852516837430666,151ee16b9bf994a21bb7d101f9a10f745d4259cbc46387750b765810828e1080,1,0,0,1,1,1,,1
852609793917734,25101f71ec7a0e282ad7367128d17229390db70fb2f2e6aa91fa4f9187cdacfb,1,0,0,1,1,1,,1
852649667236566,1d10feb05f410893ee92a7167b2f353bed7ed393bcd6e55e46972ea1ac1b109b,1,1,1,1,1,1,1.2e-05,0
852654280511620,9fcee3134294b57dc322d88e1b514dcf65adc301983970505a2ac7ef47a35b04,1,2,2,1,1,1,4.7e-05,0
852660640600371,15a136a4116179921dc60f46db30818a8d67ec82e7181fab7afd5f78f9f0e49a,1,1,1,1,1,1,4e-06,0
852672994376617,ed67f0ad688cced6ace411e9d020fdb6eb385ea54c630f138a219e1f3d128b50,1,5,5,1,1,1,4e-06,0
852814777284491,07da6efdb4fdf8d1baa06ca5329106830a9cd761feaaa71a0b44eab08d57f9ee,1,4,4,1,1,1,7e-06,0
852870240558253,7683b1a7915feb7d8a5a64f2bb551d28332e433a8a71026ea9e727032abce06e,1,1,1,1,1,1,2e-06,0
852877567391154,2f3393c2d090a10c36ce71179fbe2332f3fb6b6b58542e06b419f857d144066b,1,2,2,1,1,1,1.4e-05,0
853013807217705,5b09a9b8ff0554f24ecd644f37f9f6b7f0b24162cb1756c978cb99a3783fbd6f,1,1,1,1,1,1,2e-06,0
853035244088834,c98e3423f4721d8f264623d5ccd5dddb2232fdfed2194b6c0f4c17a8751b24be,1,3,3,1,1,1,8e-06,0
853040300661879,1ffa9322c7a7ad93b949fda508c02d4479f49a0c52dd1c76ecd90da1a1de4408,1,2,2,1,1,1,6e-06,0
853057630514359,fd5f9fed4bd9cacd2f4ea56d9646c571203c5d2a35a8dddc7e536c76c738a620,1,1,1,1,1,1,1e-06,1
853094167670783,e9bb89576af6338e3ab7968729b4b23d1bac7c152938be829ebc279cc8f7cc53,1,0,0,1,1,1,,1
853176983880681,840ee3d91363294cab4dcd0e29580f48697130d10cb375ade4a5da146a5ba44d,1,3,3,1,1,1,6e-06,0
853268843736376,be9355deadfc41be9ee7d554619c584019e03cb3b86b345693a8736310285506,1,0,0,1,1,1,,1
853442544522561,5805a42bd382f76cac5e57962198c6621ef50b4a731382b8ffbe138bec04f3a8,1,2,2,1,1,1,1.1e-05,0
853445527188885,a0412dc2214435c2fa1020a4a8abbfad923fe0809be33e5b61dd2ce5d0463c5d,1,0,0,1,1,1,,1
853479960638229,14e7631d37ec03591743006f75d5d95d554c40cfe99504542ae75176f5281f79,1,0,0,1,1,1,,1
853782460677515,d881ad0ff88e9ab2f2cdd9dddc9caaa838d7ca20ccc0dc76cf03e4b1f233b69e,1,2,2,1,1,1,4e-06,0
853786010482468,f5af333028781da20054049bac69e3c4e3202b1edffe21a907d60715f691408c,1,1,1,1,1,1,2e-06,0
853835480659015,60317816952c61d9277633356c9bc1934a1fedde1018a35dd37e44e54b645276,1,1,1,1,1,1,1.1e-05,0
853920307372562,c523c0bbc8e20d310db46cf54b9c64ecf0314d28257277a9e7fb01e793d88a21,1,0,0,1,1,1,,1
853971067099545,d48d0cd4f655e35682de444f2481a6f3d5a2ef141bc9c4b9de7e68c79176aaf9,1,5,5,1,1,1,2.1e-05,0
854005284048193,7c6e756e822dae0bc1ed73b3cd04baf358fb76ff3101f414ff4301e9a3ec9211,1,0,0,1,1,1,,1
854112907063473,980828d986b0d226ffffef0555af7e868b7ade283cd7c70495943542b767a43d,1,0,0,1,1,1,,1
854464513592097,d181dbff78d29385dd3bb439d5610df316d33977f26b98c81a1982b850ccb906,1,4,4,1,1,1,2e-05,0
854559020355478,598994d1e4abad75530a8c993d9aef7d56cf71a8ae2113bfcb6a3a9c75de1913,1,4,4,1,1,1,7e-06,0
854645463720159,399b31425c38e3a7eefa6f310ce578728cf5fb4f98b0fb1af4ff9561b6e5ac54,1,4,4,1,1,1,1.9e-05,0
854669040837699,e52d1864dfe2cb16556f9a19ce6495157b5bc4b6e3bcfa58bc25d0d7019f8793,1,2,2,1,1,1,9e-06,0
854692207093667,3a4652bdaeebe3e8c53910d7ca015e163b61f548695440194110fa5ba5f92349,1,0,0,1,1,1,,1
854760550413772,4040450127046bf7b87a2334e8f301bf2e297597c77f15efd46d5ec2a42904b0,1,1,1,1,1,1,1.1e-05,0
854859060329724,56d582c8e1f57d62a5c19f4523a3581349a97b46fd1cee25dba447da09514fdf,1,0,0,1,1,1,,1
855049224056989,4d4d1a6b58ce5f137689c32617f1dc759044ff26b5409c9c7a3d71d0bdb345c6,1,0,0,1,1,1,,1
855058570230662,650114b815b4f6d691ca64553b25c31454fb434800785f75562885fae5b5b35f,1,5,5,1,1,1,1.8e-05,0
855098163883528,02b605619f45e1ab514e6316c0e0951c6b965a8c9ad6733bd40d165a8f47d296,1,1,1,1,1,1,1.2e-05,0
855210363676232,442e35e184c0f92450386353341650cedb1c60fb83fef4032874990a25b43714,1,2,2,1,1,1,1e-05,0
855257263616918,5488c77c2356869d4328fe697043d86a13c6350c4d3ef7eede602145139793f6,1,0,0,1,1,1,,1
855456570194215,805c5461d7fd84bfee2ef6de1c6c9bb47649491f7b2d219c679054a139db9e39,1,6,6,1,1,1,2.8e-05,0
855638280353422,a016a2c41224869186b567d2cd5149a5267967025b19ba5b0c4f39da158d239d,1,0,0,1,1,1,,1
855657297020139,b2039b40ee814326cc47235bcbb011efd9bccf8fb888152f388567e6d0c5cd95,1,0,0,1,1,1,,1
855668360269765,8544dd5654d5771dcafc477ac2189ce86e704ecf3ba09b3578d683939f254d66,1,1,1,1,1,1,5e-06,0
855822370146789,51d2cb3ca8f1d451305dca77587d9c35b37797059a864d7ac8b3023daf0f5bc5,1,2,2,1,1,1,2e-05,0
855871640328037,5768b499d966464b6d6bc2b2d338341513cf13a4c80ec09bc3d84d98d901a727,1,0,0,1,1,1,,1
855909906958083,c4312fd2dd2d5c0d002dbc110e8d78a9816289e171875c87cd72ff3e89638839,1,0,0,1,1,1,,1
855946100656836,623bffde70fef5541a1c66e573001742199e9b7b67f9ba7081a6209587985f25,1,1,1,1,1,1,7e-06,0
856061646879588,5e14b701f2f249ae81a34d641655899d50f7a4aec817069b62c50b11b1344277,1,10,10,1,1,1,3.4e-05,0
856088680277221,ce2a4711cfe729f8e5eddd811930d3c9752f7459222ef483e4164ded4cab00b8,1,2,2,1,1,1,7e-06,0
856184200916833,05f176b7b116d13bf1aa6676a0f86ace18c662ef812fb78a96bd5159854fbb5d,1,0,0,1,1,1,,1
856285717092786,c162cf1876196584e3be32b0fa5f8673b324f037ad97bf2bc608c771739593a5,1,0,0,1,1,1,,1
856326026751948,04cf5872dadc58db868918ab4e02981733f22e8cf2ee90a1cb81af1a6b382769,1,2,2,1,1,1,6e-06,0
856385263429385,7475491e7dae41f8f2417bca8d4d7512c3e02335dd1c856f84405af87d1f8488,1,0,0,1,1,1,,1
856413604224624,aea36b38dd69ff9a5856b1a1312106e5d7a4eff888a75faf916179f47c1cc007,1,0,0,1,1,1,,1
856462003604341,e24432229403752b2b14a13c95349e163ed25e4bbe85c7d3d96ac86e5fd26d3c,1,8,8,1,1,1,4.1e-05,0
856515360268569,4415efb7374ce52f6eb6c75f919900453b2e5dc79f9bc4ded13616e9f10a9ac2,1,3,3,1,1,1,1.5e-05,0
856930563490197,4e1b3f860a929ef996f32d100a38e1cbb4364cddf19b759bde050a34c525e2a5,1,1,1,1,1,1,8e-06,0
856965463501730,3b7f322494bf042af167b4bc244a75f4a727fdf02db749d362bf829d824df2ed,1,2,2,1,1,1,1.3e-05,0
856989693552058,331bca1d3bfca09c5d329df9aae46a2c00c81db13d20175e466d96448511b158,1,1,1,1,1,1,4e-06,0
857078100042746,602a02aa4f337332730b3d78f027e164165d8e64f84fb5e56fe46fb7e4519c0d,1,4,4,1,1,1,6e-06,0
857275289982414,d79a35d40f2d3813fa62d67d26ce61fc744a2d7fbdaece4d31896803b8aae0bb,1,0,0,1,1,1,,1
857316366759931,acf252f3e159c7bcd2e3f192cc8e10a7acc0bc379d54f56b2c939e49ae9860d3,1,0,0,1,1,1,,1
857392770097400,c1d60f4fc047bbc8bd9486cbc11183ada9b6ec2875bfb22868c3e29b50d92f6f,1,1,1,1,1,1,1.2e-05,0
857438333446124,015fc262d9b68f8177ec321bce2fa22848a278b4896bf08719b7f93c38d33537,1,4,4,1,1,1,1.6e-05,0
857487536624288,3309082009915e4c7091b24593bb18ea60bba45590713f1a69a45ea054ba5cf5,1,0,0,1,1,1,,1
857665973616644,5a78db95aa7a2657618d3f130d5a08b777f893da2e65cae9b485461a4fb6cf6c,1,2,2,1,1,1,2e-05,0
857680903383217,4a05f08a4aacde8c82f725bb97819e8c1b221f39916e607e22ddc6fef714f899,1,0,0,1,1,1,,1
857687216917089,b95ff6e8c4788b46273b2abf34d182a7fdd3ff77b22ea3b9be6d0d2081c2aa3e,1,0,0,1,1,1,,1
857784453651607,5cf0751c4c964d4b7633a3e6be9c8a1006057660ab5bd76b853e29a1539c448d,1,2,2,1,1,1,4e-06,0
858070246680971,2ae6e074ecb05001f169225f7060599945398db80ef6179925c755cec522c662,1,0,0,1,1,1,,1
858081853743118,10cec5795d8fa2627964b4cb41e5488bf6ada3c165bf2b0fe301cf44552f002a,1,3,3,1,1,1,1.3e-05,0
858089783573938,66e144be61c0cfe36b19949e1fb7a4d64a8f05a6bbdae308a75c9db543d84938,1,0,0,1,1,1,,1
858125493614092,f09706b4b466b797e8ebd6da8b36071842a0d8be7414fce34709abe9b06fe743,1,2,2,1,1,1,3.8e-05,0
858155343424209,3eea59916a34774cf5f3bf63207c478d6013adaf6490dd0562a8bfd210c29992,1,3,3,1,1,1,2.3e-05,0
858167746790460,28b1e8bd9bb5a1604bab34a711da2f21fd432e57e3f83f393b54fafc4340970b,1,1,1,1,1,1,8e-06,0
858298473422755,1ea3309895c8f69b45aeb1dacb603e8422c82a9542caf9091c253360e14c1443,1,3,3,1,1,1,9e-06,0
858362580174721,ed0f9bf8010b44f7702fc19f1c22643a5b48996f025882a8af9cead194ca2bde,1,0,0,1,1,1,,1
858428503813371,1178b7a1bb7bd8c4bb3456a984bf1fc7757fea7ea8ce2781bbb09d2e3b733dfb,1,0,0,1,1,1,,1
858486413526235,4a2de4ef29ece4d348b6c4ba723758964ab0982ddf3357c3f36dac210119749c,1,0,0,1,1,1,,1
858490026664840,e81de9f313ba6eedc2af880704f101109180bfc8ba66f32c4835a28df9d71c9d,1,4,4,1,1,1,1.7e-05,0
858658506503088,778d571c7d99e882f7b39c99d83586c1392788b189c947ce8a72c6661a5913e8,1,0,0,1,1,1,,1
858666043376609,c0257103d22344d0b8b7e902811c62e78c6cc2805402eed63081f543d14f551f,1,0,0,1,1,1,,1
858927170029071,a4042ba14ba3ce62471c4c3fd6f3360854b78b731dc8e5b029122bf44488d9e2,1,1,1,1,1,1,1.4e-05,0
858996096470187,3082fb236634c818ef549cf97e6553aa5bf545aefb4f5c026e327ad0bb51774e,1,0,0,1,1,1,,1
859015529905295,d0c8e8841cdbafc44664c93d2f857c5494936300eadf087cd52faca9d72d1827,1,0,0,1,1,1,,1
859100583282774,7db9bf239fbb47c2a194d3fa3eaaef043753f0532aed446d0088635edce798e8,1,0,0,1,1,1,,1
859142096553608,0b52c4b847b6676d2fdd0e39fd2ee321bfb8babb7ab6524d87806ebc59b3cf6b,1,0,0,1,1,1,,1
859142323142385,6380bbe5ccb72cb74e6edaa1e89a0e71c021a5b9f2abcc292bc235a0a47426ac,1,0,0,1,1,1,,1
859150306567588,714c1eff2329e3bd17f0bf7a43d137e9624a542a24edd17495bf369cc7bcb0dd,1,3,3,1,1,1,5e-06,0
859277473253115,38c20fb95d3eb44f4302a1e78f898b02f8c3779f236fea9cc3cc7ff422f97277,1,3,3,1,1,1,2e-05,0
859277673283764,711916a7f4a1dd3c8620c569986c74f7d9f0a42ab0928069863c4f73b3780449,1,3,3,1,1,1,1e-05,0
859291723292026,dd7349ef8546076a35a283c213d7a5c202c3f6da913511ea2c1f3f5d909c380b,1,0,0,1,1,1,,1
859345990596370,848a0cf68c5656263047eda4b742dad1a1e0e554be06fa17b87dd20a0f14647c,1,0,0,1,1,1,,1
859429723275492,ffb9f3c15b554a14d1989ee55e37d59f0bcf93baaca92d1622df1f915e0b28a4,1,1,1,1,1,1,6e-06,0
859459233262088,3b03593487396c85ae090664023e266e4c36fdc30321fabe482066a6db72b7d6,1,4,4,1,1,1,3e-06,0
859493679965711,413e5996b29981cea950ce1e59c15f5a7ef82ef01e25492335c15b2ec65b8563,1,0,0,1,1,1,,1
859723436595795,2eb2c154e28f98506de89e5120693120726a48fcb40c5654737e48b72b22d804,1,0,0,1,1,1,,1
859770599839331,627eeadafbbeda67be0506e50fa81874bbb27647e36c65f982e5e4bca867aae4,1,0,0,1,1,1,,1
859802676601301,a6a8a9b4706ec7b5070a49f193cf3d3f6dc173bb35d7dbb5330b7d12321b4d84,1,0,0,1,1,1,,1
859819513251733,ed1af3ae3951cef4c04475f81129faa991cb9b002b77676ec7e369214ea4a53b,1,0,0,1,1,1,,1
860056459811870,bda1123a642cbec987472bc70b6398d034d40f0cb23f26bc56de6015bb2f49b5,1,1,1,1,1,1,1e-06,1
860189286530613,7cf9a17f139f71bb3fa21de0390b8e596080aae5ffab09c65577769463492d88,1,2,2,1,1,1,3e-06,0
860483186580837,07aedd6af4d840f8e740f9e390f77b8bbc588771d57696431176daae4973c90a,1,1,1,1,1,1,8e-06,0
860602360125810,b9f29104dc4377db731b06a83bc45bc178ab4b5b4727e195a0d39d024e7131e2,1,1,1,1,1,1,7e-06,0
860650146580498,61ed9dec3785121e8d68d5f0ef1a044595431431b60b0e446e93a4144b018390,1,0,0,1,1,1,,1
860890813270671,8bc4d9a1be0e4280d0455462a15d26239d9831989ec26222d3c1401dc335666e,1,0,0,1,1,1,,1
861025186882491,d2678a9bbc1b1ff9f33458d82966a62e8424718ae19aa12709d679090e2f5fcb,1,1,1,1,1,1,7e-06,0
861067463138342,0bb8da647af405567c4f278c7901ae532ad473fe1ddc3babb7a490251106c8ba,1,1,1,1,1,1,2e-06,0
861108899764591,eeee73af37cfb4041395d0efba8af539d37ac1aa6de2e5d0d8ced0bd5758deec,1,4,4,1,1,1,1e-05,0
861110239648751,5167d40de2c37af0a53b9a371a5605547f889529f355fa728fa61616a5430203,1,1,1,1,1,1,1.4e-05,0
861155489653788,4158955f87c65914dd447d22eb13413dbb14d156507fd35eeea7da94fc85a65f,1,1,1,1,1,1,1e-05,0
861438272999457,3a0706f301d6a3cf672b5f8f149a0ec5b6cd70972955ae878e02335c974b85ac,1,9,9,1,1,1,2.2e-05,0
861458339885602,a32c5c3d6bcf31ab68c18cf82ede4366d7eae029f976a62357f48fab98a77415,1,0,0,1,1,1,,1
861484529680373,77735b945742cd44ab60b5528bf0b2fbf8e35622975bb49867acd0292dc005fe,1,1,1,1,1,1,1e-06,0
861489046826413,95e251bbfca67070af33c6847fd66ab3cbf464f17d75c689294746c20bfed86b,1,3,3,1,1,1,1e-05,0
861526672904119,f782cc3ee252cb332b16d4633ac076e5533a5728c62e19254b5b7009b44a22a3,1,0,0,1,1,1,,1
861539846824049,6bb12fb1702ef6e6ca4a56a7e1826287d3e95619887b1349e69405f2a559152a,1,1,1,1,1,1,1e-06,0
861557309660553,701ef4d90b9e9cb771c21447b57a3d4c0f17927dc6c4d239c47ec330df8028fb,1,0,0,1,1,1,,1
861646652873506,7d823976b87744d19ee5123ccd4c27325f5f4c7dc334a9a5266cf83e36fa71ed,1,4,4,1,1,1,8e-06,0
861711632992130,51aefd7b419a34ffd96ac59c6a0d10f89050724a14d825bb3bf5087d2ed46c1c,1,1,1,1,1,1,1e-05,0
861940679607852,f8fb9f2fb09e40d61dec2067371a298ac317edb0abdef2ef148e583f54a9dba1,1,0,0,1,1,1,,1
862087752865412,0db52ac9c0d46f602efe09e41f13a2080a9542057d072bdde2dc4cca6550d10f,1,2,2,1,1,1,1.1e-05,0
862180132817633,6291985c523a4efec96f2d567b50c11b8c580f121cbbd67224e0a6d95b6c462c,1,0,0,1,1,1,,1
862189829705247,3839f331ac2ddda9a284e198db1bbe419f1dd2c70a0f4bfe98655ece1b5ae1b2,1,1,1,1,1,1,1e-05,0
862229843034728,99a67325a5d960635c8bcf3ab726e62aeb04e4db06bf5091683241c1b0c1602d,1,1,1,1,1,1,4e-06,0
862351959706991,287d042322cad347583fd8f2f754b7248333f9bbc61d0c13024f477b14c60937,1,1,1,1,1,1,4e-06,0
862382559467265,68a5526ca73b676dfe473120b44af3161ee0526d511c60f87aace18bfb8ec770,1,0,0,1,1,1,,1
862599029557550,bee7ea1e23faad29eeb6e13b79b71662bf0688815c9cde19722d13dd482c3633,1,5,5,1,1,1,1.7e-05,0
862754669478460,1038954cb7ea6eacb26841567b6be6097901719d138b50d905a29a746cc64055,1,3,3,1,1,1,3.7e-05,0
862866672947158,5bfa8b43ca178c1564cf6ca4abaa25396ef2e4b5f6e77c927273ce29c57609d7,1,5,5,1,1,1,2e-05,0
862924856068792,da20c6771b0ac76dddf0c672ba2893375b769c7983a3bc5595e2999672f41cf0,1,2,2,1,1,1,1.2e-05,0
863049812726179,bd9c2b1030d23e56be1f5a64f5fa9412e2fde3654adbf18a7ed74ff5333e8301,1,0,0,1,1,1,,1
863228472949641,d926296d8912c660402cde998684e64caebdb818ff1f8400326ec31382fc305f,1,0,0,1,1,1,,1
863260499469423,a485958952082cecf5dfdd9b747d79a9f72aa43e5d0b2908518acec9013040a2,1,0,0,1,1,1,,1
863377529463953,0dc8101aca61b174d95a065b990fe2e139f5a3f999f2b751f1e6796f3be2efde,1,2,2,1,1,1,4e-06,0
863403399550159,ae6d2480d2b9781c6453c68e6fbff03baab0b1f1cefc31e2d4cc15157839f0e1,1,0,0,1,1,1,,1
863454262697815,db8422f6549e5f3442e7853acc9bdcb622054aa0b2e995ccbe99090e25635942,1,1,1,1,1,1,5e-06,0
863544142868481,4f16bdc114060a4beb382924b983e4295a16c8aeb8ee25e43405240d756d3d81,1,2,2,1,1,1,2.2e-05,0
863563026117853,7cf15e777f4b043adfc7182147adf2508956f6c98f7ddfa07ed5415fb3dbe704,1,3,3,1,1,1,4e-06,0
863683276242760,a9261f186d70da9e4019655f2903802e8ee4976c4de74b9671e90fc0303ce421,1,1,1,1,1,1,3e-06,0
863963252873129,5f4e468690db91eef8e44b6cd8271575d02ca1556113791112ba4e91c9a50056,1,1,1,1,1,1,8e-06,0
863979286156421,2ba2979b82e8a091c9c7e4886a115b03aaca5a46a2bf4bb7729675398c7f4952,1,2,2,1,1,1,2.5e-05,0
863999436067102,3df56d282a5ea77f36aa33e6a2560ff0fa76ef1c68a44659980b3ab0dcdae245,1,0,0,1,1,1,,1
864096092975770,d4f7eca872bb5e97532fd8dc2ef34a2f6e4575f7c9d1ada75ae03194a4a97aad,1,1,1,1,1,1,9e-06,0
864118516291240,33d0b70395bc41b304b90db3c12bd9b2df4152fa12bc9683fc54626a9c51151b,1,1,1,1,1,1,1.1e-05,0
864287502707770,7affae65259b968cc502526b2d3099965fe70b0d831ef743dd93bfd834c1ac96,1,1,1,1,1,1,5e-06,0
864293169335422,26ec8b6df5b91e070e37bdd6ec685b1e06187ea10e4c97a795c324cee723e0ff,1,0,0,1,1,1,,1
864306162774868,88665e2e17f226c0635e1f5b006a93ae0b96d3d1fb28f3809f7812c005330ef3,1,0,0,1,1,1,,1
864327192614791,00503cbe198d64bdc7d34a5f9a9e80841fe585a44d5d352d93bd463e8a029d72,1,0,0,1,1,1,,1
864361522829636,b455d8ef4a586c79bf5853447bdae0a8d8d40f5cb66a1b79456cd10e8c39252a,1,1,1,1,1,1,1e-05,0
864362526277873,68b7e4a65584b4660e1d838b77cae8b777274e5552a02771e5893eb071afb7ad,1,0,0,1,1,1,,1
864515429346425,b4f19e61d6b6c91fc14eb5b289b6348a209899e4f2e7777a9d36ad38cc1ef3b4,1,0,0,1,1,1,,1
864572215995250,9263b86ce2cd0ee3a3f12ab4ff67f3ec31f046e25fc09c9288e4ebc1159337b0,1,0,0,1,1,1,,1
864601616101019,68d4ff8aabbad97c30d4c7077b6d9b31c27fedfc754df502f1840377cf52dc4b,1,0,0,1,1,1,,1
864715486247462,bedc40440c2bc550b1dea6c1b92e73c3ffa7db6f8cd09154eeb52d60541dbda2,1,0,0,1,1,1,,1
864871992763677,84ebda1213757c717f9c1db63c0a3aadd9b7b239542141cb0afd9a89266d4464,1,2,2,1,1,1,3e-06,0
864873355992617,9ba65de74ff00dc8b293c549df4b42648f0154f71cdba0dd4dd4bb42bcab6fce,1,0,0,1,1,1,,1
864937992551041,63bbf010632cbf66272843a71a9b1443a396dac3fe1579969734c343add786ed,1,1,1,1,1,1,8e-06,0
865045869612876,a5b7945a356a540192ffa1c065ad95b11bc095002a49a7c6c6a0437ceb9cbf57,1,1,1,1,1,1,5e-06,0
865050239189278,8f688298812be2264fc2b99179584ea3ebdb317e660c9872281ace59e89e8048,1,0,0,1,1,1,,1
865108079539567,247b8329630fb2b142f1ba87578626e167f8e91f7771500717b097c1dfed4afa,1,1,1,1,1,1,0.0,1
865293299170107,961305228d9d7305dd5c57e8c89d07778a1c991bdcf307edab59c1e932739e3d,1,1,1,1,1,1,5e-06,0
865436182583700,2f19acc1a9438046b9790ef440613ef800eef8d5de0e3f1364a6f4e02224c78a,1,7,7,1,1,1,1.7e-05,0
865593109340187,6ff9cecca275268f8f9a7b403598b5c8221eaeec134c5bbcd5c886a1c409c6c5,1,1,1,1,1,1,1.1e-05,0
865824516020335,6dc12ea2c13bedf666eca221bad2005a73216c478c3d4cdd6dfd5fdf5deaa116,1,0,0,1,1,1,,1
865884072547786,f957bd20453f280b4b21467434509f881bca2ef6a76b77d52f2936d2dd657590,1,1,1,1,1,1,7e-06,0
866069912429269,dc27063d9abf87cd542214de86a037da20f1ec17615e7713b87fcf4bc5154f89,1,1,1,1,1,1,1.1e-05,0
866165749423782,a1a0112dca3e3d2aaf3a9d6be91ada5bb4a8f6853c523d7c63e328fceaee3bee,1,1,1,1,1,1,4e-06,0
866177349430078,7ac409ae59d207a113a682c9d6742e1ae9970f305b3610e56fc78858b52e5145,1,3,3,1,1,1,1.4e-05,0
866183882424797,d6e08e3bfc9d56948a4588ada8be131cc55d0586016aeef4c2ce153284ec4bb0,1,1,1,1,1,1,1.1e-05,0
866269689493430,30f6f3119eec80db53cc2783fcb232f568cf45f58ac242e82fcb2bb3ba9fb224,1,0,0,1,1,1,,1
866274342445783,18a90e878811ba6003abbc203ddaf58ef9eb9a89ac32496005680140b4c5473a,1,0,0,1,1,1,,1
866417959052279,9e1631f4da4d9022c9a79d8de5194768f12c3be980011cf52ae4a1a8155dcdb8,1,7,7,1,1,1,1.1e-05,0
866517409047086,4221ec7fb19e94a5c57f2d39d13316f979aed2e80dd2ac5819de9d139d887a05,1,0,0,1,1,1,,1
866737835879999,5ceaf01194c49b364814debf6a8c215cbba96ac4d7496b537c3599091dc4216b,1,0,0,1,1,1,,1
866777152442368,f52a1a2b761c09e61858305833473e0d6c1a3acf7d6668f905c0089f47feeef0,1,0,0,1,1,1,,1
866873935760921,a583ba00c8a927b17e0a75f412f7dfce7f6ee879bb756e66a6990acee6ab0399,1,4,4,1,1,1,2e-05,0
867082845661259,8aade17a955315792f3a78a67a5530fe8c73ad35e2092d72d03b84cf122e0408,1,0,0,1,1,1,,1
867118849154578,5f04dc6a4a2f79482832beaf5bdce3e01bb83d6e9a6a6e907a74617102a9aee5,1,0,0,1,1,1,,1
867237585911233,a5539a61ac9f5cfa1b0b3921a042fa4925e4c6b00581e0419a68eecf78f6331d,1,0,0,1,1,1,,1
867354962535233,b49dc2188d43470caf8a8a2472e80770bebb96caf7063655572a34920067852c,1,8,8,1,1,1,2.7e-05,0
867360175859604,4c3797e50f35e571e3f1bfcdd1c811e5e3a381b20ef7ea3d06f772c0d32bbf45,1,0,0,1,1,1,,1
867390956458582,e56133c6aae2b41569f21fb72c4f15a9edb673b2a347e1a14fcee624e1abc28a,1,1,1,1,1,1,4e-06,0
867404002290689,e63b2f08fc7ed51116ee5c6fb65f2a6d7e35d08029591b40f12f6379123fc632,1,7,7,1,1,1,1.6e-05,0
867467882459205,926fa6406af55a68bf1ca78a1c0140f9b499e2fedc362794f99cbdd5ec9e4d09,1,0,0,1,1,1,,1
867623242367176,081fe1f95664bda3627105607c9921679d0622eba6c3315395e49170ebe32aab,1,4,4,1,1,1,1.2e-05,0
867665199281469,14995803be0f2fbd4e42ce2c3a1172f23f854f2aab09154d9645004147a46601,1,4,4,1,1,1,8e-06,0
867671972494910,720b3b20ea29f66c93d60b679b621153f81711fd1c5c87a49e645531472503c2,1,1,1,1,1,1,5e-06,0
867731279053263,74d9f446c645d0dc551ed039401c79fe504206b61928d1170e0f146739482568,1,1,1,1,1,1,5e-06,0
867733165816567,de3bf2217fcdad5e5ad55ead13d08c31ae4ccee335629c7065f9f24a5f69ac2a,1,0,0,1,1,1,,1
867933785607694,d46e8c587caaf15177728b3b11b91453bc87fa55a1b2effeac8eb235fbc3eb96,1,3,3,1,1,1,2e-06,0
868117969231442,6ed459528ce168d0e552d5bb5b9d2438c8ec30554dd0e2f729ef535a24460303,1,2,2,1,1,1,2e-06,0
868313162431119,2a58abf31c5e2b3d16f7ef6433c2b0b456256ebacefbda3f34bc19d501ac2348,1,0,0,1,1,1,,1
868420009189084,af63f8f91491423b0e4cc6a28a0f6e14ac6751e7431b214a6a1e52325d355825,1,0,0,1,1,1,,1
868456299175660,e324fc47d4b4429cb102ec8e9bd47d131cf17d4ba8bda5bdd85774a3410c70ac,1,0,0,1,1,1,,1
868539832399684,2bed955963f846d4c5a412cc0cfbf9366715d034c07710b86a88c3106579a446,1,1,1,1,1,1,2e-06,0
868572642192274,bccbb6f54d9acb71d67524c66605a8ed240d00a55a358c7a7307b5d079500a6f,1,0,0,1,1,1,,1
868608065689733,866be606cbcaf1f6e56b74b34107d59b0dd045d8286bb411ec05d64b6ab94ce7,1,1,1,1,1,1,8e-06,0
868720885729473,9375b1b58222f5e7bb0926bd77aa1307c08c35a92bdca931642ce3824cf1c511,1,1,1,1,1,1,1.3e-05,0
868898699154127,0c8fa711cac721d0874594d0a64ee018db184cc74ade7cdb35ae23096a4d043d,1,3,3,1,1,1,1.4e-05,0
869099858799366,c4546aa63cd9f3798ceeac536d358d8c4be3d2ba9f1976d165f95b576f31b9e3,1,3,3,1,1,1,2e-05,0
869311505427090,1cf68e785d983bfe72a53387bee074bff9e1c5242ca2db4bad33b553559cf91b,1,0,0,1,1,1,,1
869400718758653,b1cc1de975d17f5712683beb18b91d4bf8a49b18e6b8c95ea969c1b9abaff07f,1,2,2,1,1,1,6e-06,0
869461475454016,f071e3229429e91dfb954f58e03f3131405a722bc91af2bfa05c59548bf9f31c,1,0,0,1,1,1,,1
869585882251238,eec77803d87bc3a8861437de91d55250a7100fb95aa4a6e69205b375c2a31de5,1,0,0,1,1,1,,1
869590755634196,d10e6ab3f0f11c97cae039c0f35cb05dbf9bae0acbc138357afb3fa6c1541882,1,2,2,1,1,1,2.6e-05,0
869645475511000,d2a678887e40fca8e2e16d70563d3c5e4e43e128079a4522b326d6c4319fadc6,1,1,1,1,1,1,1e-05,0
869761455609589,9db4c1209ecbaadb7a87a8ff8d4834bd8f2316c6c09e3212665d26a58fbd39e2,1,1,1,1,1,1,8e-06,0
869861862183926,0de098f115a73187794f140a34b774ae5ee36ead4025f5917bbe06c494b472fc,1,0,0,1,1,1,,1
869902655371239,44e9552efc05f34930970712af9c17b939843e24b181376d23ff2eb64d1a90c7,1,1,1,1,1,1,3e-06,0
869954135369499,c3fa88016841dd7c84f1d4a299092404f0a8bc09bd8db45e8f4f192a7fcb1e2a,1,3,3,1,1,1,9e-06,0
870323975420280,32da2ab181f85129f647a66e809e04449975f83f02a8fe2bdfed706e30719e5c,1,2,2,1,1,1,6e-06,0
870375902322053,73f795de05823b993d8d90d3b3058459b79af92237695a09bd3b612a28da5ecf,1,0,0,1,1,1,,1
870386908859588,507ae83059aa1a53b388e531deebfe80a681ab7d1b527b82327bb05a96ddf9f1,1,0,0,1,1,1,,1
870398255336361,772abf9f7f541f1df82f29bc4f2e029d562e3825245d3407069e21564857ec12,1,0,0,1,1,1,,1
870407491988901,e08fb246d2bc4f8cd540c339e7e105aa0701be38b273e75bdb37e8c0066d392a,1,2,2,1,1,1,6e-06,0
870646698985674,d540a4021967a48d56bb55d066d6ee58fa00d732f07c1ffd8468c198a2641ada,1,1,1,1,1,1,1e-06,0
870661538747833,f5bc79bbf26573656a91b49e8d56ef8dfa86a1f83c0ffd02da8e72d69b0248b5,1,2,2,1,1,1,8e-06,0
870693128813819,827ce47a32fd9dde8502fb64f04bcfc2692b87c6ca31cefa2330ae535db6d887,1,2,2,1,1,1,7e-06,0
870700445484502,67bbacfc5ae2e677062e23dc60f3cb7803daf1662e23c429ba0e4c120efcfb8b,1,0,0,1,1,1,,1
871164288813531,4a33ec3912e89a3780fdc0ecb738333eb726cf23a1c464c8936f9c9eccb02c21,1,2,2,1,1,1,8e-06,0
871203458895377,ea5a8b4487694510db260783bd297806840d41ed432a1aedc8c5942dfd98a338,1,0,0,1,1,1,,1
871218355340252,37129fa98e1714e833ee489ee9add4b103353ac124dbd7ba1085982e04c0facc,1,0,0,1,1,1,,1
871268721919071,6a360239e19732b56f192793c53d3c71274d2f75eda062088911d0c0f0a9c833,1,0,0,1,1,1,,1
871303485850206,3c62e95bb8acf3ccd0253133b8d941813531b0cb9d61c3b3141bbf63c88315cb,1,3,3,1,1,1,8e-06,0
871569692216454,b69c67daaed5ebd5118abd668ebf775307cf55817ee0869f1c293282b1ef3665,1,0,0,1,1,1,,1
871602278764519,107831a48ef60d7a85be8dbc32c4c1deeec6dfe2267cfe9e285406eb6f0d2240,1,0,0,1,1,1,,1
871681542087635,9389658655f308dd6c05e5f9781698613e06e02921cba72cb4b9449ff9d4989f,1,0,0,1,1,1,,1
871778722185099,d6d829aade03daad7a8b992af110346fd2d9bde9f8cb2e3d8c1531ea1450ca1b,1,0,0,1,1,1,,1
871847971853753,05efc108e248c10cfadedf7b09e6720aa781702affff37e7f6c07d8f7c25a692,1,1,1,1,1,1,5e-06,0
871906082180061,e819a5ec93b2ae2ed4457675dcd3ef7a22a15a5761a6a7db7cd91895d99813c0,1,2,2,1,1,1,3e-06,0
872285645305428,0c9c3a64f768c15fa9d69a534707005189c3a4a3aa9c39959b5af836105916e1,1,0,0,1,1,1,,1
872514458559762,2647ffe3267e4ee8b27e7ba9a8e316613b1d49cb19ba81a5fbf13d88a79c76ae,1,3,3,1,1,1,6e-06,0
872527411874793,a38d32bcded36c7bff21f065ccfe21ac323be7edb35e259795923c40c7172de6,1,0,0,1,1,1,,1
872547505296851,c489043689a155967f4c7996086db5ec106697db71b27434b6e196a7c6c7ade0,1,0,0,1,1,1,,1
872747658428637,29a0dd767a6067e2da93ae76ab37193ab64ab82781fd02e299a13ac386a65f4b,1,2,2,1,1,1,1.4e-05,0
872929675070513,c7cc04d178b39e1c42f64890ea6c8ccec1e9a87fa798b1793a51b23dae08060a,1,0,0,1,1,1,,1
873035335059816,c884090bee478a3449f870bc63ec177bc06cd607643217a5f1ba3be03c369668,1,0,0,1,1,1,,1
873137505387753,613454d74a142397d0697e8410b28bf63f11e355d7db3bf9141abcfd66c54f5e,1,2,2,1,1,1,3e-06,0
873212425151863,c382f55e2fa007fc0f444a154e169e5d3906dc507f0fa8403a60a65f1dc2155a,1,0,0,1,1,1,,1
873546498574101,ee2205d35ae3ba09608ab17ea1b6a965c456f1030835160f40065893a8b0dcbe,1,0,0,1,1,1,,1
873661651981409,bdc86e67f075b0ee73fb5bcdc5cabad31a5502cc8c9cb25313f4118ae3900c72,1,0,0,1,1,1,,1
873799438517285,a0385209795f284410d0cdb12ed9e15ded51594051d53b97bad503179a26b647,1,1,1,1,1,1,1.1e-05,0
874005555127657,1ee154c065a4b2295b01bcef3b089d3b4b3ed6e62fb80920f67fcc456a5251a4,1,1,1,1,1,1,5e-06,0
874636301749856,59c2ccecc426726411e3b9bd49c5e5b502d22c7425ff28c3e7175436ae4b0efc,1,0,0,1,1,1,,1
874708895122674,aef339af443f324f4d3eeb5b74901185c39fa1a8724b654f319266ed46cce50e,1,0,0,1,1,1,,1
874787258225758,301009a0b36c9fad8ad7b8c22d0dfcdffe7d1603302832853b3ee564842c9255,1,3,3,1,1,1,1.2e-05,0
874898291553736,9ee93043ac5639f3dfa05792d2688810ad3befe92bda353706a9d00c62e0fdaa,1,2,2,1,1,1,9e-06,0
875135438175101,e6d29043baf4c509b8341bb22b15f7c2165fa1884eb12457d7ffbb30ddd016c1,1,1,1,1,1,1,5e-06,0
875179074855724,15d5f6ec96a9c47cfb10d42ce9c327f63254e737d4b8ff228e21846667810057,1,0,0,1,1,1,,1
875583808459159,06a118a267a066a4e5862b6ef688f29e44437244143f20066adc58277cc4e21c,1,3,3,1,1,1,1.8e-05,0
875710918462834,bd10b570c24132b08e2b023a59be62f3c8c6d457eb87b3687de1a63edb90ba01,1,1,1,1,1,1,6e-06,0
875773831561083,52264b561921f22d86aea1416833d75677e166d5cba52e5851258e8df7047751,1,0,0,1,1,1,,1
876163361735856,982450d52a22b7e34dc7d91244096d5ac760c37ff5028c9e628c199f5f6e9b81,1,2,2,1,1,1,1e-05,0
876322038187595,5c919dbe68648e389e30976a76bce69c89421556fe8054b6804dea0457a6d66b,1,1,1,1,1,1,3e-06,0
876424428149286,c70f2aa3586afac59de31934bec3a428ac0738db2ca7981aa81df30560407ce9,1,0,0,1,1,1,,1
876468924945762,34d3c9b4f591a6b694b149d0275ff8a6a9e72ce80f853f68eced1aa2a94aff21,1,0,0,1,1,1,,1
876469671394726,cd3cba93a00e3c2e9990e23b3b69e970e10e026729c64680b80423a2b756cb40,1,1,1,1,1,1,0.0,1
876471288403724,6c1c3b9978e32f0551923b0da77e4f51ca08d837c6718b91050b9805cee6c626,1,0,0,1,1,1,,1
876653315048573,93191b0998da5af8734f9f037c38a2a1cdc4dd35ac8853cbd538504282ea9de5,1,4,4,1,1,1,1.2e-05,0
876807564682798,c9d42b2aa1f6b19c8c6cb39292ebda54ea627680e4800b3617b4ad7917964fb2,1,1,1,1,1,1,2e-06,0
876837481433684,44d07274d0986694526bf718e52e47b99bd40e7d50e6d4b16166861670608c88,1,4,4,1,1,1,1.5e-05,0
876965961863910,25b7c805f27c99c59565f91a9c5876ac35fc80789667e3b000ea36f24d4e4d0b,1,0,0,1,1,1,,1
877084565247124,fb4d0c676f1514e03d7f91f5cebd3802091e1b2ee81fd4b7fef453c0c8773c17,1,0,0,1,1,1,,1
877086741514638,a997d97a7a7b5fdb0901ff027fbaf87e4288d9ffd18919df8b9875f22b3c0f38,1,1,1,1,1,1,2e-06,0
877490461606078,ab49819e891de9c26a4d214f9094e20f6de08d93f150d69c107a9ec80e260d2c,1,1,1,1,1,1,1.3e-05,0
877580328035563,8d23200d8be9657f199e3482c2ef5e09c884d93dbd711c7525f405ba3ae046f2,1,2,2,1,1,1,9e-06,0
877880771849863,40e42108e4b317658c137d060fb1626ba7cdc64299329aea33f7c47924aab089,1,0,0,1,1,1,,1
877984158244095,c4bcd08a4c1bcd355a449cdd12af0ada98b77078440e02a97330a8d1de97caa8,1,0,0,1,1,1,,1
878091034978527,e6a366a1852148f278e9e4753530dc9ae74a45d3739c9f15e9798402986e250e,1,0,0,1,1,1,,1
878422481186005,bfe7c6f00906da3e7b58b8f2a62e160254736f60eeffed399de0af416bfc7685,1,4,4,1,1,1,9e-06,0
878809051147516,073dde1947de8ded48e0c6f84629cbd34e01ef1bde0a6dfd3efb1c127185f705,1,1,1,1,1,1,1.2e-05,0
878910375304252,ac481adfd0e1ea730148491e93a7bf3f17b382d030865af2ce9503c381a4b68b,1,2,2,1,1,1,1.1e-05,0
879133417985838,73d10c6b6a01a908f90771b07b6684ed38064cbfb1db2ee55dc2b56f3bd3c5bb,1,2,2,1,1,1,1.1e-05,0
880064511130928,3206d15913d362883e4b6e7c237e55940d95f1f77498bb164cad7b013edf8266,1,0,0,1,1,1,,1
880145511008952,694f763b6a539959eeae84205626f2f06a03ebaad342344b563f9d09f80e388f,1,1,1,1,1,1,3e-06,0
880622491057057,5b5487f2fcf7620a83d462c9e6d5650e660d966e65c1cde88f2e93b9233049b1,1,1,1,1,1,1,7e-06,0
881183240996685,1d5a470488b2048097adbbcf06a521eb43dff4a6e7d7b4eab60c5a72a94f30ce,1,1,1,1,1,1,9e-06,0
881373317888155,f9f1fe5172638d191c478bc8cf197d7bd5e1c71880b28f958b64c9277f43a17e,1,3,3,1,1,1,1e-05,0
881457574545365,d0724f4ee76e8b107a750c8f51b85fcf71ffc463765b82e10d503e658b572217,1,0,0,1,1,1,,1
881529167717279,337f6a1c78b7b51201f4f34060520f7c6e6301929646eb9536fa07c20f27c58e,1,0,0,1,1,1,,1
881798994185488,e71329c07dacc084ab268a520477c922471f467d56e5feff0a52a47277de3e34,1,1,1,1,1,1,1.6e-05,0
881906461074030,0e3850bdaebea394a15be0436612aa581b9aac073245eb1c2797fd2288b1c79f,1,6,6,1,1,1,1.4e-05,0
882091657486942,dda96ff0cb9e0c45a130d47c717430d6b68fb0a0bb08910b2647ede5affc7bc9,1,4,4,1,1,1,9e-06,0
882961364473129,6b8c774c9c08c2332f547fc0e1bb208f2cae6bfdfb089676e26b67a0d9a6b9e7,1,1,1,1,1,1,5e-06,0
882972047388399,5c7342da63c8794cfb5affb9337e2d8a29270bcb273c64fdbb9d1f38ec7f6af2,1,1,1,1,1,1,1.5e-05,0
883008831058477,27fbfa61b7e77cc88ecbb5655fd942ff7158fdbb01876fc8fb6380508f2fa331,1,2,2,1,1,1,1.8e-05,0
883435167682332,2529fde18b5ee4bcef15806690795a14254a4e09c21db3761c4f4bf1025e9231,1,2,2,1,1,1,1.1e-05,0
883568768167912,87a7a8152121e1ab25995df4d45664489ac1e5b1417d5b8a388f1c5894ec05da,1,1,1,1,1,1,3e-06,0
883632740658098,8d80a944a1eabf2f8b4d40a63da8f5d627d6d49cd42beff2d546cc8a5cf9f6dc,1,4,4,1,1,1,2.2e-05,0
883697104330985,d046edbf412d6b2f47062ece6c656850726f74097bcd7051285d5a2fcb8c32a3,1,0,0,1,1,1,,1
885142090745257,0e813333bc2e19dba5ab301f136b4f591f511296797592741512fb0b498228e2,1,2,2,1,1,1,7e-06,0
886090267172931,1020a97f43e623dc4411f915bfce7f297f9117e6bc03c62694ac23b1da75a75f,1,2,2,1,1,1,5e-06,0
886505937278913,725cdffc7647c85eeda266c0f57fd4e85f40c2374cd5ae19d72ef4a0a804059c,1,0,0,1,1,1,,1
887181060304024,8a56d907d8ac239b9c0f39c783a661877e001890cfd6849a81163b43b07a0d53,1,1,1,1,1,1,9e-06,0
887249503733800,b8d6d853062b22f28cda03bd021feb6e850b47ab2d8b200a0dafc6de46976b40,1,0,0,1,1,1,,1
887363116956587,a75497783837b58596c6b53b6aec2edca568a9e8fc277141cc8e7f390cfe8161,1,0,0,1,1,1,,1
889227250107968,1b72b47406caf600843e33387aa7a734bc06ad42cdcf43aca2ccae6a60116340,1,0,0,1,1,1,,1
890170996674376,6f521d0aa0a0bdd6b97c0f88b558967e105aba7d94c2d516f27f77b540e1ad0f,1,1,1,1,1,1,3e-06,0
890409360567170,b6294b79e99c385f2540fcaf87a9bf22eafc6cef2b3c2a85a4912ee11b4f4fc2,1,2,2,1,1,1,1.3e-05,0
890702896754410,b31bf32aa981a61f57b912111fea3547328a30bf236c59dbd7dd19d8ab22d680,1,1,1,1,1,1,6e-06,0
891425550479665,db86bf0918b9125d0d408bf3a36cd190ff97ba8b3894e9f037e6bea62d6b16db,1,0,0,1,1,1,,1
892897219737670,ce941ab8180186f8b9ae6f745cd24855697940452be557b529497da91cf96b13,1,0,0,1,1,1,,1
893086989707655,1140565b6a141627bbf96575f45d1a428f0034befb7dace1ab7938a235edd997,1,1,1,1,1,1,2e-06,0
893777446306958,0342e754a2011027410524b9b16a27e3ae572e4b76802875c0d01e55cddd9b9f,1,7,7,1,1,1,2.2e-05,0
894035716525733,841693417885bcfc7ecbf447b6fc66c5cada1933a5b740608742275d4a0cc733,1,0,0,1,1,1,,1
894213389936721,7ae272a741a5cb7fc17df6fccfeba63ee9c393ca4f4ae1ade2c7e885c8118074,1,0,0,1,1,1,,1
894252487101800,45ad852b4fc79ff1682f2e3170ec68e56a8d7bcc4c41dd9839ec3cf966510ec6,1,1,1,1,1,1,5e-06,0
895619262978375,3cc9f9d7d8235fed935798eb870f320c38fa2b1aef09e2d0befc7e3b117fc399,1,9,9,1,1,1,1.1e-05,0
897757249576158,167314390549b76a1ebb7bf2efeb85a5f71b333963dbda46f024913687d404d6,1,1,1,1,1,1,0.0,1
899023863292198,3b2a6e27b7ad498be6eb696909e673b8f8a72021627c7c58b152f871d552140f,1,0,0,1,1,1,,1
899293799094032,54547b64d8bff338863619cd3b58253a7a95926e3431e0965c483a2417eac0d4,1,2,2,1,1,1,6e-06,0
899401749416276,2b61dbe9b209c95cc3557e10159e3bbf96cd96ef82ff78634dc4000f9336d465,1,0,0,1,1,1,,1
901058522245376,1162c20bf9046e1a8c09d3baf17be773ec47b57bedced1b025fc512cd1dc5bff,1,1,1,1,1,1,1.6e-05,0
901568055778024,caeb5fc2134e0470b60e6fc48bb5a65ccb6f1edf75ca7120be364fdc58ca3406,1,1,1,1,1,1,0.0,1
902180295467332,d60d32fae364816cb85e6ee8037a868e77efc43ce3a5e2a24071aca919dbacf7,1,0,0,1,1,1,,1
903697942165993,03fd139427f876b09720e4fcd619f4e385a567ee3dde06175c3e8f2c7e4b7a98,1,1,1,1,1,1,4e-06,0
904028371957304,72dda89f729f2de52a0dc6d8e8a92ee4a6b71e32bfa2e3e2faccd14d8c1d4a1a,1,0,0,1,1,1,,1
904497932249147,82ed979b281f89ff83df717dfa320451d171ec3cff9f6e85611d0c1e129f9871,1,5,5,1,1,1,1.9e-05,0
905616365962173,f65349aa1d7b260b15c34186b2b998a559fbfb2967e804146cfdd5fc3071167f,1,1,1,1,1,1,1e-06,1
907352781614552,5951a2ade5634ac22e4d4365d86521774e420b28fc01334fb4368d595fc15203,1,0,0,1,1,1,,1
911728394619242,1b81f3772c9a8b11c773b82669b4208b09aba34c28ad4feeb68483176a6209c2,1,1,1,1,1,1,2e-06,0
911830547842261,62a3a0ddfa1029623ecd79653f7cf08ef81fe77e89b92246828da1fa0e9968a1,1,0,0,1,1,1,,1
913734150980422,ce6ffc83d13b2c04d7b266194be58966a4789b5be0fc37bbd1120228515b9388,1,0,0,1,1,1,,1
917465498108768,e6c445352e801bee04a4d16cb76c25c9ac6439b6308690e196c538831769e7f3,1,1,1,1,1,1,2e-06,0
919522137900454,092b7340998685cc756fb038b21bd614efe3a42ede331032c1e96d36cf2dc44e,1,0,0,1,1,1,,1
923663933321611,9e811d977713bd467a3a0c6633110689cd51ec5d830c2b9b38b90992f9f48154,1,4,4,1,1,1,2.2e-05,0
924589050729446,cc1cbbeb4dc128d8bb9f3e6775878e650d7531273fcf43d62cba8d19e3af65ab,1,1,1,1,1,1,9e-06,0
929072980280090,19680e44e98d42621604bbcf471d11accf5ee115f4bd4d4b9fa9431dea29377a,1,1,1,1,1,1,1e-06,0
9398074146983065,7512ec9ce9a24f74e29c1a1bcc02e4246184b7c4a806464c0584e81f1ff58b14,1,0,0,1,1,1,,1
943591288828330,657782e5927c434eedf8397fc7193a95c76e7ee20328b86e7933373c0c21b01d,1,4,4,1,1,1,5e-06,0
956066510097490,721f144ba70bf9809921ca30ba7941586c117dc5875b8e6316a033851e6dab66,1,0,0,1,1,1,,1
9640105249446500,c65cd0ca2fd79bf8cd6dd5fde01838801cc36a33379607667fb06404b714d93d,1,1,1,1,1,1,2e-06,0
9680790465378917,07143ecda40ee529839a797f121321992bf977fe9f37591aa4d959cd93bf0dcd,1,1,1,1,1,1,2e-06,0
991453489865907,9afc67c4710bcce2d7b2f0f8980f2dc1c12467b8299467d7ac500f5782fba743,1,1,1,1,1,1,2e-06,0
997053442625702,89d8299c3b6be9f3544359c0d287197f4de4d26158583a29e3916d2b1ee774b7,1,0,0,1,1,1,,1
