label_uid,city,pano_id,era,vouched,pose_source,t_pitch_deg,t_roll_deg,t_deg,diff_deg,confidence
gainesville:24921,gainesville,DRmINDVp4lZccQxg0tLhPw,post179,1,results.jsonl,-0.3300,-0.6797,-1.0096,-0.5493,0.8304
gainesville:24928,gainesville,_oHCPmXrt0djAr5BlicC2w,post179,1,results.jsonl,-1.2659,0.2155,-1.0504,-1.2085,0.8659
gainesville:24932,gainesville,_oHCPmXrt0djAr5BlicC2w,post179,1,results.jsonl,1.1644,-0.2284,0.9360,0.0220,0.8697
gainesville:24937,gainesville,8Cl997PGJoURgyn88vdqWw,post179,1,results.jsonl,0.2941,-1.0570,-0.7630,0.3296,0.7749
gainesville:24941,gainesville,Sh0RUWw0GZyWx4wjUVGoCg,post179,1,results.jsonl,-0.1239,-1.5147,-1.6386,-2.4609,0.9044
gainesville:24943,gainesville,YYELa1N-gPL5e9q7bUX4Ng,post179,1,results.jsonl,0.2222,0.3933,0.6155,2.0874,0.8982
gainesville:24945,gainesville,6EcCUl9LhLXnIT5Y6cDrPg,post179,1,results.jsonl,-0.2876,0.4691,0.1815,0.7031,0.8785
gainesville:24976,gainesville,8s-u7AKrJ66GR6bnJDgZ0g,post179,1,results.jsonl,-0.0357,0.4214,0.3857,5.7061,0.6632
gainesville:24977,gainesville,8s-u7AKrJ66GR6bnJDgZ0g,post179,1,results.jsonl,0.1137,-0.4174,-0.3037,-0.1893,0.8692
gainesville:24978,gainesville,8s-u7AKrJ66GR6bnJDgZ0g,post179,1,results.jsonl,-0.1280,-0.4162,-0.5443,-0.0270,0.7212
gainesville:24994,gainesville,4jcSVBC9oGyngar1lr_2vw,post179,1,results.jsonl,-0.2659,-1.6863,-1.9522,-2.6807,0.8735
gainesville:25009,gainesville,PLa9Z4UKDYwuNG0CXn-sNA,post179,1,results.jsonl,0.1571,0.7951,0.9522,2.7686,0.7962
gainesville:25013,gainesville,pUNSkyqKUD_zBXBuucwqYg,post179,1,results.jsonl,0.0972,0.1998,0.2970,0.1099,0.5735
gainesville:25024,gainesville,9-QdV6CmUWIoEpUHqtlnNQ,post179,1,results.jsonl,-0.6955,0.9170,0.2215,0.5713,0.8792
gainesville:25028,gainesville,L9oXBZPYfgJXnfUwfphhqQ,post179,1,results.jsonl,-0.2636,-1.2047,-1.4683,-2.3291,0.7978
gainesville:25029,gainesville,L9oXBZPYfgJXnfUwfphhqQ,post179,1,results.jsonl,-0.4827,0.8264,0.3437,0.9888,0.8709
gainesville:25031,gainesville,Ok75M_ynbe92NAuzx06iRw,post179,1,results.jsonl,0.3502,0.4560,0.8062,0.1978,0.9395
gainesville:25033,gainesville,Ok75M_ynbe92NAuzx06iRw,post179,1,results.jsonl,0.3927,0.1785,0.5713,-0.3735,0.7022
gainesville:25034,gainesville,8RPQY_PI0bvQ8y8iSrkQ1Q,post179,1,results.jsonl,-0.1990,1.0101,0.8112,0.2197,0.9478
gainesville:25036,gainesville,RYoOlv9qPUkOhrpOUiMs_A,post179,1,results.jsonl,0.1649,0.8181,0.9830,0.8789,0.9308
gainesville:25038,gainesville,LgSbwshnisyLZ99EyBTUbw,post179,1,results.jsonl,0.9067,-1.8056,-0.8990,0.6152,0.8169
gainesville:25039,gainesville,U59Ym5i0cijPzhX6Rdjfag,post179,1,results.jsonl,1.2680,0.1757,1.4437,3.0103,0.8830
gainesville:25042,gainesville,L6TVc-EyxTHPQaW4ebpRLw,post179,1,results.jsonl,2.0214,1.2537,3.2751,2.5928,0.7707
gainesville:25045,gainesville,M8vQFNkT0AkfgV133LJVOA,post179,1,results.jsonl,0.2099,-1.9161,-1.7062,-3.5697,0.8309
gainesville:25046,gainesville,M8vQFNkT0AkfgV133LJVOA,post179,1,results.jsonl,0.3134,0.9200,1.2335,0.0270,0.8239
gainesville:25048,gainesville,XWhHaUuheK2ypAkTt10B8A,post179,1,results.jsonl,-0.0363,-0.1893,-0.2257,-0.7251,0.8975
gainesville:25050,gainesville,XWhHaUuheK2ypAkTt10B8A,post179,1,results.jsonl,-0.0231,-0.3212,-0.3444,1.2085,0.7715
gainesville:25081,gainesville,EneZBjyW7g9KvZZTuvhW1w,post179,0,results.jsonl,-0.7646,-0.9123,-1.6769,-1.2305,0.7551
gainesville:25083,gainesville,KPnJu6pLFJ-Ueh6vWi57Cw,post179,0,results.jsonl,0.0448,-0.9705,-0.9257,-0.9448,0.6911
gainesville:25087,gainesville,p_rTIk90sdqEXlHjVefI2Q,post179,0,results.jsonl,-0.6035,0.0069,-0.5966,-0.5054,0.9002
gainesville:25088,gainesville,p_rTIk90sdqEXlHjVefI2Q,post179,0,results.jsonl,-0.1687,-0.1314,-0.3002,-0.7471,0.7167
gainesville:25091,gainesville,9bg2AWwKEvXqKb3gkXKMeg,post179,0,results.jsonl,0.0657,0.9601,1.0258,-0.5933,0.8258
gainesville:25092,gainesville,9bg2AWwKEvXqKb3gkXKMeg,post179,0,results.jsonl,-0.0381,0.9895,0.9514,1.7798,0.9018
gainesville:25096,gainesville,Z-P8jrn3ZS013GTGftdyow,post179,0,results.jsonl,-0.3419,0.1302,-0.2117,-0.5933,0.7722
gainesville:25098,gainesville,KWtBsmHNv9TpKK1Nj0D1Tw,post179,0,results.jsonl,-0.0330,-0.3411,-0.3741,-2.2192,0.7785
gainesville:25099,gainesville,LDtSK_z0-qWMqoC7ClOVCA,post179,0,results.jsonl,-0.0873,-0.9841,-1.0714,-1.4941,0.8085
gainesville:25102,gainesville,yk9cvzkmebLvUEii0Sp9vg,post179,0,results.jsonl,-0.1423,-0.9067,-1.0490,-0.1318,0.7387
gainesville:25104,gainesville,1sJtSEeacs_FarVOaqWOPg,post179,0,results.jsonl,0.1692,-0.9876,-0.8184,-3.1421,0.8901
gainesville:25105,gainesville,_Tri3g6Yhm0h57NTUnfjKQ,post179,0,results.jsonl,0.7260,0.6225,1.3486,-0.5933,0.7632
gainesville:25107,gainesville,vVbuwFUMe5wvq7vrBhUs4w,post179,0,results.jsonl,-1.0801,-0.3567,-1.4368,-1.7139,0.9106
gainesville:25108,gainesville,vVbuwFUMe5wvq7vrBhUs4w,post179,0,results.jsonl,0.5395,-0.5391,0.0004,-0.4834,0.8622
gainesville:25110,gainesville,vVbuwFUMe5wvq7vrBhUs4w,post179,1,results.jsonl,1.2628,0.2177,1.4805,1.0767,0.9380
gainesville:25118,gainesville,ahkMm2Tfqoa-wHFr-jXHCA,post179,0,results.jsonl,0.3842,0.1270,0.5112,-1.5956,0.6569
gainesville:25129,gainesville,JLht0z9mFhOvG2DgMEnHhw,post179,0,results.jsonl,1.8203,-0.6458,1.1746,-0.4327,0.9749
gainesville:25130,gainesville,JLht0z9mFhOvG2DgMEnHhw,post179,1,results.jsonl,-1.8420,-0.6370,-2.4790,-3.0559,0.9084
gainesville:25132,gainesville,rKBG2T_-5QdIp5cZKWmQ6Q,post179,0,results.jsonl,-0.2532,0.0792,-0.1740,0.6761,0.8793
gainesville:25134,gainesville,IiGTWjLQAwOVaXiMtMqXgA,post179,0,results.jsonl,-0.8288,0.7121,-0.1166,-0.1352,0.8619
gainesville:25135,gainesville,IiGTWjLQAwOVaXiMtMqXgA,post179,0,results.jsonl,0.6728,0.7816,1.4544,2.4609,0.8085
gainesville:25136,gainesville,x91KHArvfH-CqnRO_WWoqQ,post179,0,results.jsonl,-0.9082,-0.2609,-1.1691,-0.7031,0.8608
gainesville:25137,gainesville,JCyFH_9TJNTN_yp2aDQNEg,post179,0,results.jsonl,-0.3112,0.3327,0.0215,0.2163,0.7498
gainesville:25138,gainesville,jvxleg3jqFj_XSqksE3fSw,post179,0,results.jsonl,0.2584,0.6873,0.9458,0.7302,0.8397
gainesville:25139,gainesville,jvxleg3jqFj_XSqksE3fSw,post179,0,results.jsonl,-0.6940,0.5667,-0.1273,-1.8119,0.8747
gainesville:25140,gainesville,5VyXDjMd08mQZjcsEoJQkg,post179,0,results.jsonl,-0.3670,-0.0034,-0.3704,-2.1364,0.7975
gainesville:25141,gainesville,5VyXDjMd08mQZjcsEoJQkg,post179,0,results.jsonl,0.3691,-0.0034,0.3657,1.1899,0.6309
gainesville:25143,gainesville,zh6A-0tkjPJYWxdR0N7pCg,post179,0,results.jsonl,-1.0447,-0.0619,-1.1066,-0.8113,0.9370
gainesville:25144,gainesville,zh6A-0tkjPJYWxdR0N7pCg,post179,0,results.jsonl,-0.4828,0.0792,-0.4036,-3.5427,0.6614
gainesville:25145,gainesville,sRRI4XjopHXwMD-JgDUkOQ,post179,0,results.jsonl,0.6420,0.1982,0.8402,2.7466,0.9926
gainesville:25146,gainesville,sRRI4XjopHXwMD-JgDUkOQ,post179,0,results.jsonl,1.2542,-0.1859,1.0683,1.4062,0.9109
gainesville:25171,gainesville,pCNj52hbkuiADie3qBgG4g,post179,0,results.jsonl,-0.2112,0.5770,0.3658,0.1318,0.8388
gainesville:25173,gainesville,iomLClqjC8sjIuJ4VyndPg,post179,0,results.jsonl,0.8525,-0.3094,0.5431,1.1206,0.6729
gainesville:25175,gainesville,C2IoMhvmJcklayLkAAHuYQ,post179,0,results.jsonl,0.1566,-0.6170,-0.4604,1.4282,0.6930
gainesville:25177,gainesville,dVZiu68hwdQ_t3OHdm09OQ,post179,0,results.jsonl,0.4058,-0.4376,-0.0318,-0.5054,0.9851
gainesville:25178,gainesville,s8d0t1DKuTXVnWzJdQbgZw,post179,0,results.jsonl,1.3300,0.4332,1.7632,-0.1758,0.8760
gainesville:25181,gainesville,uIrjxdeapg0cEddRhJ-OMg,post179,0,results.jsonl,0.5306,0.6235,1.1541,1.1646,0.8753
gainesville:25183,gainesville,K6_5S1tIokqsF2cobaNQ6g,post179,1,results.jsonl,0.2087,-1.4189,-1.2101,-1.8457,0.6335
gainesville:25190,gainesville,QT-JEBo4wqEDeiL_sMKGVw,post179,0,results.jsonl,0.2615,-0.6307,-0.3691,-3.7354,0.5561
gainesville:25191,gainesville,MEVMlQGn045cwPsMdBc-Sg,post179,0,results.jsonl,-0.7503,-1.7434,-2.4937,-2.1313,0.8868
gainesville:25193,gainesville,fFJ2KKOJ8JeTLbgwC1D_CA,post179,0,results.jsonl,1.1923,-1.0483,0.1440,-1.5161,0.8439
gainesville:25197,gainesville,13K9NTVt7XHBuXMUgZWrHQ,post179,0,results.jsonl,-0.8927,-2.3087,-3.2015,-3.9771,0.8184
gainesville:25199,gainesville,13K9NTVt7XHBuXMUgZWrHQ,post179,0,results.jsonl,0.9519,2.2885,3.2404,2.4829,0.8163
gainesville:25208,gainesville,InNS-I1oou2eMX08p_UdAg,post179,0,results.jsonl,1.8972,0.5324,2.4296,1.6479,0.6424
gainesville:25210,gainesville,InNS-I1oou2eMX08p_UdAg,post179,0,results.jsonl,1.6029,1.1159,2.7189,3.7793,0.7776
gainesville:25215,gainesville,xx-9Uq3cYuEJZjqT1P7dnQ,post179,0,results.jsonl,0.2057,0.6481,0.8538,-0.5493,0.6839
gainesville:25217,gainesville,xx-9Uq3cYuEJZjqT1P7dnQ,post179,0,results.jsonl,0.1846,-0.8707,-0.6861,-1.8457,0.5756
gainesville:25220,gainesville,AV1VMBm2NFNhkftuatlaBg,post179,0,results.jsonl,0.0845,1.4237,1.5082,1.6040,0.9637
gainesville:25222,gainesville,orMHYZcfpk4vTLLG6ciKUA,post179,0,results.jsonl,0.4944,0.4965,0.9908,0.8789,0.8507
gainesville:25225,gainesville,IjD1fUhVuSxgU2xo0YTziA,post179,0,results.jsonl,0.6154,0.4993,1.1147,0.0000,0.5727
gainesville:25230,gainesville,ztEmEFczgKO1K8fGFubDQw,post179,0,results.jsonl,-0.2211,0.7865,0.5654,2.3291,0.8609
gainesville:25232,gainesville,ztEmEFczgKO1K8fGFubDQw,post179,1,results.jsonl,-0.1296,2.2786,2.1490,0.5054,0.9876
gainesville:25234,gainesville,xQCzgna0Z-6e_vXpapsKgg,post179,1,results.jsonl,-0.1737,0.4308,0.2571,0.8789,0.7628
gainesville:25235,gainesville,xQCzgna0Z-6e_vXpapsKgg,post179,0,results.jsonl,-0.1209,1.0668,0.9459,0.8789,0.9491
gainesville:25237,gainesville,qw4MQDl-Zax3cZQcTgNdNQ,post179,0,results.jsonl,-0.3799,0.9111,0.5312,-0.7471,0.8344
gainesville:25254,gainesville,Yf93INQQujSW3QTql67FrQ,post179,0,results.jsonl,0.5661,0.5302,1.0963,2.9443,0.8032
gainesville:25255,gainesville,Yf93INQQujSW3QTql67FrQ,post179,0,results.jsonl,-0.6674,0.5176,-0.1498,-0.3296,0.8909
gainesville:25257,gainesville,p_rTIk90sdqEXlHjVefI2Q,post179,0,results.jsonl,0.3076,0.1178,0.4254,-0.7690,0.7674
gainesville:25262,gainesville,JQS7ckh-R329DZNLr-MRVA,post179,0,results.jsonl,-0.9301,0.4045,-0.5257,-1.9336,0.9576
gainesville:25267,gainesville,Lh1ibh4E7jthoqBQu8w20A,post179,0,results.jsonl,0.0123,1.0078,1.0201,0.6812,0.9286
gainesville:25270,gainesville,Lh1ibh4E7jthoqBQu8w20A,post179,0,results.jsonl,-0.0064,1.0141,1.0077,2.6147,0.9621
gainesville:25271,gainesville,Lh1ibh4E7jthoqBQu8w20A,post179,0,results.jsonl,0.0024,-1.0160,-1.0137,-1.0767,0.9670
gainesville:25272,gainesville,Lh1ibh4E7jthoqBQu8w20A,post179,0,results.jsonl,-0.0237,-0.9841,-1.0078,1.0547,1.0023
gainesville:25283,gainesville,ED7lWC7pJhktHUHQYSzezQ,post179,0,results.jsonl,0.0015,-1.2121,-1.2106,-1.1646,0.7840
gainesville:25286,gainesville,ED7lWC7pJhktHUHQYSzezQ,post179,1,results.jsonl,-0.0562,0.3817,0.3255,-0.7690,0.8392
gainesville:25288,gainesville,5NW4QRJX8mlcP_Fd0Ejpfg,post179,0,results.jsonl,0.0541,-0.8942,-0.8402,-1.8018,0.9240
gainesville:25296,gainesville,Sp-v3aJTN68cywiS84YTQA,post179,0,results.jsonl,3.2682,-0.2686,2.9996,1.4603,0.9244
gainesville:25299,gainesville,vbR3YKQcLYH3NIcROqGBAA,post179,0,results.jsonl,1.1295,0.1114,1.2409,1.1088,0.8994
gainesville:25301,gainesville,vbR3YKQcLYH3NIcROqGBAA,post179,1,results.jsonl,0.5056,-0.2468,0.2588,0.8383,1.0044
gainesville:25302,gainesville,oW5q3rJu_8xh5gAQqtYjgA,post179,0,results.jsonl,-0.0211,-0.7333,-0.7544,0.3955,0.8897
gainesville:25304,gainesville,oW5q3rJu_8xh5gAQqtYjgA,post179,0,results.jsonl,0.0353,-0.6319,-0.5966,0.5713,0.8588
gainesville:25306,gainesville,iZNQ6GS0REOYhabViFbVlg,post179,0,results.jsonl,0.0206,-1.8506,-1.8300,-4.2847,0.8140
gainesville:25308,gainesville,iZNQ6GS0REOYhabViFbVlg,post179,0,results.jsonl,0.0419,1.6484,1.6903,1.2085,0.6656
gainesville:25312,gainesville,uWkh_zNHy_LkeS_yihCuVA,post179,0,results.jsonl,-0.1379,-0.4989,-0.6367,-0.1538,0.7908
gainesville:25314,gainesville,uWkh_zNHy_LkeS_yihCuVA,post179,0,results.jsonl,0.0857,-0.5533,-0.4676,-0.5713,0.9278
gainesville:25317,gainesville,SbRlZYQklOkdA-BtZwChMw,post179,0,results.jsonl,0.0664,-0.8258,-0.7593,-0.7251,0.9031
gainesville:25330,gainesville,FxO-lSJ1h1POzXWC8DS2Fw,post179,0,results.jsonl,-0.0057,-0.3768,-0.3825,0.9009,0.9492
gainesville:25354,gainesville,u1FmpAq9sPo1b88sylmSfg,post179,0,results.jsonl,0.4058,-1.0245,-0.6187,-2.5049,0.8223
gainesville:25360,gainesville,siZlZxaOih8SIA53h7LROQ,post179,0,results.jsonl,-0.0588,-1.2507,-1.3095,-2.5928,0.8672
gainesville:25362,gainesville,siZlZxaOih8SIA53h7LROQ,post179,0,results.jsonl,0.3591,-0.9559,-0.5968,-1.4282,0.8965
gainesville:25363,gainesville,30soEiwVc59q5zbu77vPlQ,post179,0,results.jsonl,1.5201,-1.8439,-0.3238,-0.0659,0.8690
gainesville:25366,gainesville,g2YtVi4hMh4EqCtCcuc4Qw,post179,0,results.jsonl,0.1401,-0.4892,-0.3491,-0.3955,0.8807
gainesville:25369,gainesville,g2YtVi4hMh4EqCtCcuc4Qw,post179,0,results.jsonl,0.1838,-0.2062,-0.0224,-0.8789,0.7976
gainesville:25371,gainesville,g2YtVi4hMh4EqCtCcuc4Qw,post179,0,results.jsonl,0.1710,0.3250,0.4960,0.5933,0.8802
gainesville:25385,gainesville,jcjsy30yXNRqJSL2TWDfBQ,post179,0,results.jsonl,-0.6992,-0.6019,-1.3011,-1.6699,0.5610
gainesville:25386,gainesville,jcjsy30yXNRqJSL2TWDfBQ,post179,1,results.jsonl,-0.7869,-0.2566,-1.0434,-1.6040,0.7637
gainesville:25406,gainesville,b5OPTLzjT6nfdF99GJmf0g,post179,0,results.jsonl,-1.1841,0.8506,-0.3335,-2.6367,0.8975
gainesville:25430,gainesville,QN0HO6m4wenPT7DzkTCFWw,post179,0,results.jsonl,-0.5338,3.2112,2.6774,3.4497,0.7916
gainesville:25434,gainesville,OxYgaPThgrACWyu1xTyXuw,post179,0,results.jsonl,0.1488,2.7192,2.8680,1.8457,0.8543
gainesville:25451,gainesville,E8KcUceO34kuIj91cYizmw,post179,0,results.jsonl,-0.4975,0.1566,-0.3409,-0.5054,0.8321
gainesville:25480,gainesville,25Bc1Cjkc0HgZxLN6GTaHQ,post179,0,results.jsonl,0.2648,1.7748,2.0396,2.0435,0.8467
gainesville:25482,gainesville,EM_5p0tfR2P17hIl7xAl4Q,post179,0,results.jsonl,-0.1264,1.9255,1.7991,-0.6372,0.6766
gainesville:25483,gainesville,6gjE3Lp78XtUHgULfzTBnw,post179,0,results.jsonl,-0.1553,-1.9996,-2.1549,-1.2085,0.8405
gainesville:25484,gainesville,6gjE3Lp78XtUHgULfzTBnw,post179,0,results.jsonl,-0.2266,1.1206,0.8940,-0.5054,0.9010
gainesville:25486,gainesville,nJgbApZNCFlaezdAMiuyCw,post179,0,results.jsonl,-0.6337,0.7765,0.1428,-2.0215,0.9372
gainesville:25487,gainesville,nJgbApZNCFlaezdAMiuyCw,post179,0,results.jsonl,-0.5831,-1.3099,-1.8930,-0.6592,0.7507
gainesville:25528,gainesville,D1Dao4Cd0HOZp9tA3kDjPQ,post179,0,results.jsonl,0.0647,-0.8134,-0.7487,-0.6152,0.6963
gainesville:25544,gainesville,13RRsmbgGiWkp5jyHQ-UiQ,post179,1,results.jsonl,1.3011,-1.0108,0.2903,0.9009,0.7101
gainesville:25547,gainesville,ZSWR26z9_rao_TAEvB4QvA,post179,0,results.jsonl,0.1650,0.2935,0.4585,0.9668,0.8055
gainesville:25549,gainesville,ZSWR26z9_rao_TAEvB4QvA,post179,0,results.jsonl,-0.1212,0.4549,0.3337,-0.0220,0.8928
gainesville:25552,gainesville,Coug0CM2LHBd4Tbz7eH5ig,post179,0,results.jsonl,1.7401,-0.9541,0.7860,-0.7910,0.8207
gainesville:25554,gainesville,Coug0CM2LHBd4Tbz7eH5ig,post179,0,results.jsonl,-1.9733,-0.7151,-2.6884,-3.0322,0.6484
gainesville:25558,gainesville,11gqQYwuMNJgSk789fBf1A,post179,0,results.jsonl,-0.0812,-0.8033,-0.8845,-1.6699,0.6254
gainesville:25591,gainesville,GBrRMa9XTZxlT1vGMKwTxQ,post179,0,results.jsonl,-0.0092,-0.5380,-0.5472,-3.3398,0.6168
gainesville:25600,gainesville,NMz20Ut1dGGEGu-xvze0cg,post179,1,results.jsonl,-0.3398,0.3761,0.0363,0.7251,0.8789
gainesville:25618,gainesville,ucjUqQgvksebJKe4B-ZvWg,post179,0,results.jsonl,-0.4439,-0.0533,-0.4972,-1.8896,0.8313
gainesville:25619,gainesville,ucjUqQgvksebJKe4B-ZvWg,post179,0,results.jsonl,0.2966,0.0630,0.3597,1.8896,0.7498
gainesville:25622,gainesville,J3rnf-kwjd6pCDnsenjIlg,post179,0,results.jsonl,0.1970,0.7506,0.9476,0.4834,0.9004
gainesville:25624,gainesville,7lEZslgDiR8eo4eaZMDzqA,post179,0,results.jsonl,-0.0009,1.6863,1.6854,1.2964,0.6598
gainesville:25626,gainesville,nls8qSW9H8jkYkKmKeh88g,post179,0,results.jsonl,-1.1143,0.5584,-0.5558,-1.1865,0.8321
gainesville:25627,gainesville,nls8qSW9H8jkYkKmKeh88g,post179,0,results.jsonl,0.8667,0.7094,1.5761,0.8130,0.9267
gainesville:25635,gainesville,wzrtKf7CCE9do8lf-t2N8g,post179,0,results.jsonl,-0.2606,0.6055,0.3449,-2.5049,0.7868
gainesville:25640,gainesville,9pGF_tiuGn1C_ViiRT_ecw,post179,0,results.jsonl,0.1711,0.1608,0.3318,0.2197,0.9003
gainesville:25641,gainesville,l6zL33QXndA9TUz0fgEdBw,post179,0,results.jsonl,0.0614,1.5852,1.6467,0.8569,0.9045
gainesville:25643,gainesville,l6zL33QXndA9TUz0fgEdBw,post179,0,results.jsonl,-0.4324,1.0014,0.5690,0.5493,0.6518
gainesville:25646,gainesville,hcmbNuz-OI7h0Z503uRXnA,post179,0,results.jsonl,2.1609,-0.9343,1.2266,0.9888,0.5976
gainesville:25647,gainesville,AfcMgUX7S6xQjEboqeZ4og,post179,0,results.jsonl,-0.0768,0.3947,0.3180,-0.9009,0.6721
gainesville:25652,gainesville,4fo6OQU-nHLtnnQb1BQ81A,post179,0,results.jsonl,0.9148,-0.0127,0.9021,-1.4722,0.9275
gainesville:25654,gainesville,4fo6OQU-nHLtnnQb1BQ81A,post179,0,results.jsonl,-0.1824,0.0144,-0.1680,-0.3076,0.9019
gainesville:25660,gainesville,x3UZRdCgA-frQhBBFvbMqg,post179,0,results.jsonl,-0.0711,1.4303,1.3592,-0.4834,0.7552
gainesville:25672,gainesville,qYVxfIMPXT2vJjV-tpiJ4A,post179,0,results.jsonl,0.6273,0.5087,1.1360,0.0220,0.6884
gainesville:25674,gainesville,qYVxfIMPXT2vJjV-tpiJ4A,post179,0,results.jsonl,-0.2791,1.3960,1.1169,0.9448,0.6457
gainesville:25685,gainesville,CW20rMEDZbpG8decnVHJzw,post179,0,results.jsonl,-0.6281,0.6928,0.0646,-0.9465,0.7850
gainesville:25686,gainesville,x6I6N2CpK2vSQf-v-e1Uow,post179,0,results.jsonl,0.4166,0.1043,0.5209,-1.1646,0.8580
gainesville:25688,gainesville,x6I6N2CpK2vSQf-v-e1Uow,post179,0,results.jsonl,0.6490,-0.0681,0.5809,0.5713,0.5516
gainesville:25689,gainesville,GXazDuYEeXGRk-GcL5-jhQ,post179,0,results.jsonl,-0.4428,-0.5476,-0.9903,-2.0874,0.8370
gainesville:25691,gainesville,GXazDuYEeXGRk-GcL5-jhQ,post179,0,results.jsonl,0.1803,-0.8531,-0.6728,-1.6699,0.6306
gainesville:25695,gainesville,G_ufdV3DIu1Sg5vW8jA-DQ,post179,0,results.jsonl,-0.9461,-0.6932,-1.6393,-1.6040,0.6824
gainesville:25696,gainesville,G_ufdV3DIu1Sg5vW8jA-DQ,post179,0,results.jsonl,-1.1477,0.4119,-0.7359,-2.4170,0.6210
gainesville:25714,gainesville,-7xaTUvdJ7DbiKMi1SKOvA,post179,0,results.jsonl,-0.1141,-0.1007,-0.2148,-0.4834,0.8128
gainesville:25716,gainesville,-7xaTUvdJ7DbiKMi1SKOvA,post179,0,results.jsonl,-0.0782,-0.3276,-0.4058,1.1426,0.9391
gainesville:25727,gainesville,0tCpMdbAFhNXWTGT-M6OIg,post179,0,results.jsonl,0.0447,-0.3515,-0.3068,-0.7031,0.8765
gainesville:25731,gainesville,0tCpMdbAFhNXWTGT-M6OIg,post179,0,results.jsonl,0.0606,0.2911,0.3517,-1.0327,0.5764
gainesville:25736,gainesville,Q5OYPWQPkFL-RB3SSsSeIQ,post179,0,results.jsonl,0.0660,0.3425,0.4085,1.9116,0.8053
gainesville:25741,gainesville,Q5OYPWQPkFL-RB3SSsSeIQ,post179,0,results.jsonl,-0.0120,0.4859,0.4739,-0.0439,0.7747
gainesville:25745,gainesville,TP1RAy1MmeU4w6GKQeYSqA,post179,0,results.jsonl,-0.1746,0.2880,0.1134,-0.5054,0.6894
gainesville:25751,gainesville,hbH-46bTwNo8oYeuHn2hlw,post179,0,results.jsonl,-0.0619,-1.1556,-1.2175,-1.8457,0.8940
gainesville:25752,gainesville,L9oXBZPYfgJXnfUwfphhqQ,post179,0,results.jsonl,-0.2484,-1.2198,-1.4682,-1.8237,0.7978
gainesville:25754,gainesville,L9oXBZPYfgJXnfUwfphhqQ,post179,0,results.jsonl,-0.4653,0.8721,0.4068,-0.4395,0.8709
gainesville:25755,gainesville,pd6fpDlUIos1NnWy1Ap8ew,post179,0,results.jsonl,-0.4250,0.9745,0.5495,0.4614,0.9187
gainesville:25756,gainesville,pd6fpDlUIos1NnWy1Ap8ew,post179,0,results.jsonl,0.6166,0.7315,1.3482,-0.7690,0.6926
gainesville:25758,gainesville,RYoOlv9qPUkOhrpOUiMs_A,post179,1,results.jsonl,-0.1422,0.9406,0.7983,1.6260,0.8059
gainesville:25759,gainesville,RYoOlv9qPUkOhrpOUiMs_A,post179,0,results.jsonl,0.1675,0.8011,0.9686,0.1758,0.9308
gainesville:25765,gainesville,wl_ttODFOGCc3SKDzi9hAA,post179,0,results.jsonl,-1.3015,0.8735,-0.4279,-1.9556,0.8302
gainesville:25767,gainesville,vDODGzJYCFKhNkCjfqyq3g,post179,1,results.jsonl,-1.2405,0.2789,-0.9615,-1.6919,0.9505
gainesville:25794,gainesville,GsQgSNwDYfjnQlP4vyhHUA,post179,0,results.jsonl,-0.0238,-1.9658,-1.9896,-1.3251,0.9716
gainesville:25796,gainesville,GsQgSNwDYfjnQlP4vyhHUA,post179,0,results.jsonl,-0.5692,1.5599,0.9907,-0.7302,0.8613
gainesville:25849,gainesville,2INrS90e1YuTfrBQIxQ_tQ,post179,0,results.jsonl,0.0496,-0.0720,-0.0225,-0.1538,0.8477
gainesville:25860,gainesville,DcsWbiZQFxULkrbxTUq7tA,post179,0,results.jsonl,-0.5838,0.2574,-0.3264,0.3786,0.7730
gainesville:25862,gainesville,DcsWbiZQFxULkrbxTUq7tA,post179,0,results.jsonl,-0.2934,0.5494,0.2560,0.5950,0.8912
gainesville:25908,gainesville,sPa51wqO7SqMLzd4-HdANQ,post179,0,results.jsonl,1.1082,0.2794,1.3877,0.9229,0.9289
gainesville:25928,gainesville,kzJ3sYG4GvbevVMpm69ajQ,post179,0,results.jsonl,0.6333,1.1894,1.8228,0.9668,0.8637
gainesville:25930,gainesville,kzJ3sYG4GvbevVMpm69ajQ,post179,0,results.jsonl,-0.5211,1.3956,0.8745,-0.0439,0.5501
gainesville:25938,gainesville,0cWO4C7dSuCTNKO2W4TLNw,post179,0,results.jsonl,0.0309,1.4009,1.4318,-0.7251,0.6871
gainesville:25942,gainesville,aFxfy9u9aKTqYzi-DeVaUg,post179,0,results.jsonl,-0.3457,0.9054,0.5597,0.7910,0.8061
gainesville:25943,gainesville,aFxfy9u9aKTqYzi-DeVaUg,post179,0,results.jsonl,0.2883,1.0278,1.3161,2.1753,0.8126
gainesville:26009,gainesville,clookYAWygItY7HJnPMlTg,post179,0,results.jsonl,0.2299,0.3078,0.5377,1.2744,0.8927
gainesville:26010,gainesville,clookYAWygItY7HJnPMlTg,post179,0,results.jsonl,0.1070,-0.5725,-0.4655,-1.0767,0.9269
gainesville:26013,gainesville,31qDTr878qHf2mf7Hgrqzg,post179,0,results.jsonl,-0.4988,0.6503,0.1514,-1.1646,0.7338
gainesville:26023,gainesville,ALRwktry_QAY7LSnRDzuug,post179,0,results.jsonl,0.6606,-0.2882,0.3724,0.8350,0.9034
gainesville:26024,gainesville,ALRwktry_QAY7LSnRDzuug,post179,0,results.jsonl,1.0867,-0.1724,0.9143,0.9009,0.9219
gainesville:26034,gainesville,9SdLRtRjPeHA7OlwRR9fcA,post179,0,results.jsonl,-0.1699,-0.0896,-0.2596,-1.1646,0.6674
gainesville:26398,gainesville,9reSmMrjUf5DxuYU7G_QkA,post179,0,results.jsonl,-0.1854,0.4684,0.2830,0.2637,0.7781
gainesville:26400,gainesville,9reSmMrjUf5DxuYU7G_QkA,post179,0,results.jsonl,-0.4471,0.4197,-0.0274,0.2637,0.5980
gainesville:26408,gainesville,gUzg-b2-5SiuUtJBO1wCVw,post179,0,results.jsonl,0.3509,-0.7044,-0.3535,-0.4395,0.8511
gainesville:26472,gainesville,du2HdIfVfwm8gt0q49KPMA,post179,0,results.jsonl,1.0482,0.9459,1.9942,2.3950,0.9328
gainesville:26474,gainesville,UDQ9xAM2p1jScn6ICWZjfg,post179,0,results.jsonl,0.7732,1.0732,1.8464,0.3516,0.7031
gainesville:26580,gainesville,XPUkfNJfpsJMMU0Au37RSg,post179,0,results.jsonl,-0.3071,0.5756,0.2685,-0.8569,0.7848
gainesville:26585,gainesville,Jb7RUgbhNl-B32FlaEOgQQ,post179,0,results.jsonl,-0.0741,0.9864,0.9123,0.9668,0.9263
gainesville:26586,gainesville,AQk90VZhmb15sFSXvsPTOw,post179,0,results.jsonl,1.3262,0.3205,1.6468,-0.0659,0.8864
gainesville:26593,gainesville,EM_5p0tfR2P17hIl7xAl4Q,post179,0,results.jsonl,0.3221,0.8799,1.2020,2.3730,0.8574
gainesville:26595,gainesville,EM_5p0tfR2P17hIl7xAl4Q,post179,0,results.jsonl,-0.1213,1.9365,1.8152,0.5713,0.6766
gainesville:26596,gainesville,EM_5p0tfR2P17hIl7xAl4Q,post179,0,results.jsonl,-0.3514,0.3389,-0.0125,2.0874,0.9210
gainesville:26600,gainesville,3gf2V7FfrBSzCUvI-EFDrA,post179,0,results.jsonl,-0.2853,0.5290,0.2437,-0.2637,0.7261
gainesville:26602,gainesville,3gf2V7FfrBSzCUvI-EFDrA,post179,0,results.jsonl,-0.3392,-0.2328,-0.5720,-0.4614,0.8262
gainesville:26607,gainesville,101X6uS2S_NCDJGhcavDyw,post179,0,results.jsonl,1.6745,-0.3289,1.3457,0.5273,0.6297
gainesville:26612,gainesville,dXNmCM3bRYfsvQ7xPivHaw,post179,1,results.jsonl,1.6134,0.0453,1.6587,0.8789,0.8721
gainesville:26614,gainesville,dXNmCM3bRYfsvQ7xPivHaw,post179,0,results.jsonl,-2.0616,-0.0233,-2.0849,-1.0547,0.9419
gainesville:26617,gainesville,Ev_tU992D4JBZVfW430I2A,post179,0,results.jsonl,0.3315,0.9650,1.2965,-0.6152,0.6439
gainesville:26633,gainesville,epkMz6gddfWgtsr1TlWR6w,post179,0,results.jsonl,5.0165,0.2506,5.2670,4.3726,0.9079
gainesville:26634,gainesville,epkMz6gddfWgtsr1TlWR6w,post179,0,results.jsonl,-2.9459,0.3547,-2.5912,-4.7681,0.8109
gainesville:26635,gainesville,X7Z2H8dVkN__y3GYBVzuWQ,post179,0,results.jsonl,1.3276,1.3979,2.7255,0.9448,0.8922
gainesville:26636,gainesville,X7Z2H8dVkN__y3GYBVzuWQ,post179,0,results.jsonl,-1.0407,2.0349,0.9941,0.0879,0.7521
gainesville:26637,gainesville,R4XKnNg0LUnWs_AzhHZwZw,post179,0,results.jsonl,-0.0314,-1.7223,-1.7537,-3.1860,0.8290
gainesville:26638,gainesville,R4XKnNg0LUnWs_AzhHZwZw,post179,1,results.jsonl,-0.0364,0.9563,0.9199,0.7690,0.8133
gainesville:26641,gainesville,c-0PfBcDcrHU_jkrswIMIA,post179,0,results.jsonl,-0.1112,0.1823,0.0711,-0.3076,0.9085
gainesville:26643,gainesville,c-0PfBcDcrHU_jkrswIMIA,post179,0,results.jsonl,-0.0232,-0.2237,-0.2469,-1.0327,0.9702
gainesville:26644,gainesville,O_Uo5GOaNSOAANNu-6rkZA,post179,0,results.jsonl,-0.0652,0.0754,0.0103,-0.8130,0.9588
gainesville:26645,gainesville,atNRAOdJgOa6p2TO6a1fmA,post179,0,results.jsonl,0.0387,0.9370,0.9757,1.3403,0.8914
gainesville:26646,gainesville,aO4k0cEnx85w5QGLnR69Pw,post179,0,results.jsonl,0.0577,-0.3190,-0.2613,1.2964,0.9427
gainesville:26647,gainesville,aO4k0cEnx85w5QGLnR69Pw,post179,0,results.jsonl,-0.2645,-0.1969,-0.4615,-0.6152,0.9155
gainesville:26656,gainesville,u1narSSfxDXYTNylyf3i8A,post179,0,results.jsonl,-1.3636,-0.0211,-1.3847,-2.3257,0.8689
gainesville:26658,gainesville,u1narSSfxDXYTNylyf3i8A,post179,0,results.jsonl,-0.1659,-0.4030,-0.5688,-0.7031,0.9173
gainesville:26659,gainesville,Zd5tkZV61xR9J6rixxqeDQ,post179,0,results.jsonl,-0.1830,1.3755,1.1925,1.6260,0.8369
gainesville:26674,gainesville,fDiLDOv6MJeE0XrlkleUow,post179,0,results.jsonl,-1.0171,0.9264,-0.0908,-1.4722,0.8813
gainesville:26676,gainesville,fDiLDOv6MJeE0XrlkleUow,post179,0,results.jsonl,1.0578,0.8614,1.9192,1.8677,0.9160
gainesville:26678,gainesville,iSxIjOtobmzK2zZ3t8T4CQ,post179,0,results.jsonl,-0.0169,1.9097,1.8927,0.1538,0.8665
gainesville:26681,gainesville,iSxIjOtobmzK2zZ3t8T4CQ,post179,0,results.jsonl,0.1432,1.4841,1.6273,2.3291,0.8536
gainesville:26683,gainesville,iSxIjOtobmzK2zZ3t8T4CQ,post179,0,results.jsonl,0.0488,-1.8701,-1.8213,-1.9556,0.8415
gainesville:26685,gainesville,iSxIjOtobmzK2zZ3t8T4CQ,post179,1,results.jsonl,-0.0280,-1.9004,-1.9283,-0.5933,0.7297
gainesville:26697,gainesville,d7oYu1v1i9QMkOBfh7mBlg,post179,0,results.jsonl,0.3160,-1.3736,-1.0575,-0.8350,0.8024
gainesville:26699,gainesville,d7oYu1v1i9QMkOBfh7mBlg,post179,0,results.jsonl,-1.1088,-0.5741,-1.6829,-2.5269,0.6977
gainesville:26700,gainesville,F03-4GzMlvNz30XRhDhoIA,post179,0,results.jsonl,-0.3135,-0.8202,-1.1337,-1.5161,0.8230
gainesville:26703,gainesville,F03-4GzMlvNz30XRhDhoIA,post179,0,results.jsonl,0.2323,1.1076,1.3399,0.8350,0.6022
gainesville:26706,gainesville,KpGfeMz58py8S-mbagK3HA,post179,0,results.jsonl,-0.2071,-1.5101,-1.7172,-1.9336,0.9132
gainesville:26707,gainesville,0VUCOpimDeMl44IL-2USVg,post179,0,results.jsonl,-0.5679,-1.1040,-1.6719,-2.2192,0.6180
gainesville:26709,gainesville,RAisi7q4-8uQQSSg0OoKIA,post179,0,results.jsonl,0.0037,-1.6111,-1.6074,-0.4175,0.8517
gainesville:26713,gainesville,RAisi7q4-8uQQSSg0OoKIA,post179,0,results.jsonl,-0.0037,1.6317,1.6280,0.6152,0.9078
gainesville:26714,gainesville,AhnGQ2P2haN13HytwUUJzA,post179,0,results.jsonl,0.5285,1.4002,1.9287,0.3955,0.8785
gainesville:26716,gainesville,6hjDXnFcsisZo_-ehwnAUQ,post179,0,results.jsonl,0.2484,-1.1823,-0.9338,0.0879,0.9347
gainesville:26718,gainesville,6hjDXnFcsisZo_-ehwnAUQ,post179,0,results.jsonl,-0.4753,-0.9063,-1.3816,-2.5049,0.7766
gainesville:26721,gainesville,j4i-fbNltVQ5kOIn3xvfrQ,post179,0,results.jsonl,0.0356,0.8312,0.8668,-0.1538,0.9159
gainesville:26722,gainesville,UC3RchZWKOjEjkM4MrAxjw,post179,0,results.jsonl,0.0557,-2.2754,-2.2198,-2.5488,0.8411
gainesville:26724,gainesville,UC3RchZWKOjEjkM4MrAxjw,post179,0,results.jsonl,-0.4916,2.1399,1.6483,-0.7471,0.9338
gainesville:26726,gainesville,xIUwAfElxmbBJlARYsJPRA,post179,0,results.jsonl,-0.1620,1.9729,1.8109,0.9229,0.8910
gainesville:26738,gainesville,Uwe6JmE3iIQ11VkAtln2Bw,post179,0,results.jsonl,-0.0670,1.3950,1.3280,2.4609,0.8186
gainesville:26740,gainesville,Uwe6JmE3iIQ11VkAtln2Bw,post179,0,results.jsonl,-0.5480,0.8881,0.3402,1.0107,0.6928
gainesville:26742,gainesville,9K1yWn8v8RNVrrvti8ocDA,post179,0,results.jsonl,0.0096,0.8968,0.9064,-1.7139,0.8650
gainesville:26743,gainesville,IYkC_sPdeHFIVGkGehakMA,post179,0,results.jsonl,0.0612,1.1236,1.1848,-2.0654,0.8048
gainesville:26748,gainesville,wk2BV6KnjJyZ2eE9iudvDA,post179,0,results.jsonl,0.1235,-0.7415,-0.6180,-0.8654,0.9060
gainesville:26754,gainesville,12RopkmXdGO7qxVk-0bnBg,post179,0,results.jsonl,-0.9341,-2.6296,-3.5637,-1.7308,0.8892
gainesville:26757,gainesville,Vl_23NeZ627k779VsSdXrQ,post179,0,results.jsonl,0.7194,0.3924,1.1118,2.0654,0.7482
gainesville:26760,gainesville,Vl_23NeZ627k779VsSdXrQ,post179,0,results.jsonl,-0.6978,0.4242,-0.2737,-1.1426,0.9357
gainesville:26766,gainesville,hEI9t13XtZ3HWYKkNg24dQ,post179,0,results.jsonl,0.7321,1.3932,2.1253,2.0874,0.9181
gainesville:26767,gainesville,Xz0Lxth4raEqsHmzynffbA,post179,0,results.jsonl,0.7092,-0.5704,0.1388,-1.1646,0.8850
gainesville:26773,gainesville,8g3Iotdv12DfuK03E4wcoA,post179,0,results.jsonl,4.8997,1.2910,6.1907,5.5811,0.8405
gainesville:26775,gainesville,8g3Iotdv12DfuK03E4wcoA,post179,0,results.jsonl,3.4243,-1.8673,1.5570,1.7358,0.6384
gainesville:26779,gainesville,PGYG5uZmVl8iExpYTs8QOw,post179,0,results.jsonl,-1.6083,-0.8352,-2.4435,-2.4880,0.9321
gainesville:26785,gainesville,6vjQOqhzKQvM1Xb0A4_RIQ,post179,0,results.jsonl,0.2101,1.1475,1.3577,-0.8569,0.8061
gainesville:26786,gainesville,6vjQOqhzKQvM1Xb0A4_RIQ,post179,0,results.jsonl,0.1760,1.2369,1.4129,1.2524,0.8041
gainesville:26788,gainesville,6vjQOqhzKQvM1Xb0A4_RIQ,post179,0,results.jsonl,-0.1727,-1.2444,-1.4171,-0.9009,0.8288
gainesville:26790,gainesville,7tgxcLyAxz_l3H9gvzbVbQ,post179,0,results.jsonl,0.4370,-0.1558,0.2812,0.0000,0.9597
gainesville:26791,gainesville,gIv3vA3o2n_7KvWlZfzuEA,post179,0,results.jsonl,-0.1707,0.6979,0.5272,0.4614,0.8093
gainesville:26793,gainesville,gIv3vA3o2n_7KvWlZfzuEA,post179,0,results.jsonl,-0.1141,-0.7931,-0.9072,-0.4614,0.9305
gainesville:26795,gainesville,xpqeRYhX5zN5BNpYYVjhbg,post179,0,results.jsonl,1.6977,-0.3465,1.3512,1.8018,0.8637
gainesville:26799,gainesville,FBWfu2rW76OaKnWR-SR2SA,post179,0,results.jsonl,-0.3081,-2.1559,-2.4640,-2.5269,0.8550
gainesville:26800,gainesville,FBWfu2rW76OaKnWR-SR2SA,post179,0,results.jsonl,0.0535,2.1814,2.2349,2.1094,0.8138
gainesville:26802,gainesville,-gtai8YzoCIJI6nk0XcbWw,post179,0,results.jsonl,0.0290,1.8996,1.9285,0.6372,0.9966
gainesville:26806,gainesville,RbXz54dT7WFoYbJCSBpieA,post179,0,results.jsonl,0.4395,-1.3844,-0.9449,-0.7251,0.9702
gainesville:26810,gainesville,zeZckpTKoCBeFr2Do2DJWA,post179,0,results.jsonl,1.3339,-1.5771,-0.2432,-0.0659,0.9407
gainesville:26811,gainesville,YLFeqaeLmPAakMXrnxOXrA,post179,0,results.jsonl,0.2275,1.7793,2.0068,1.7578,0.7458
gainesville:26813,gainesville,YLFeqaeLmPAakMXrnxOXrA,post179,0,results.jsonl,-1.3817,-1.5365,-2.9182,-4.8340,0.8306
gainesville:26814,gainesville,MHMtDF3uw4nMTIjBU4O5YA,post179,0,results.jsonl,-1.9484,1.3584,-0.5900,-1.6699,0.8351
gainesville:26815,gainesville,MHMtDF3uw4nMTIjBU4O5YA,post179,1,results.jsonl,2.0098,1.3208,3.3306,2.6147,0.9088
gainesville:26823,gainesville,Q0Xv85VGwnqfbcDyYBdhaA,post179,0,results.jsonl,-1.2501,0.4824,-0.7677,-0.9668,0.8679
gainesville:26830,gainesville,_hp2pty0gwTkRjemEwy5Aw,post179,0,results.jsonl,-0.3898,-1.0125,-1.4022,-2.7026,0.5697
gainesville:26900,gainesville,C1gvqir-QR2Epk6_9ab0LA,post179,0,results.jsonl,0.0654,0.7725,0.8379,0.1538,0.8775
gainesville:26901,gainesville,C1gvqir-QR2Epk6_9ab0LA,post179,0,results.jsonl,-0.0797,0.6873,0.6076,-1.4502,0.8030
gainesville:26902,gainesville,AIc7N8cNWENKM9SGaNfcAw,post179,1,results.jsonl,1.3094,0.0928,1.4022,-0.9009,0.8378
gainesville:26905,gainesville,3LTfl5zeCOu7KdH_mS6R6Q,post179,0,results.jsonl,-0.2068,1.0561,0.8493,2.1753,0.8383
gainesville:26907,gainesville,3LTfl5zeCOu7KdH_mS6R6Q,post179,0,results.jsonl,-0.0747,-1.5147,-1.5893,-3.5376,0.9567
gainesville:26908,gainesville,MjzLArMARsdMIAFV6bsu_g,post179,0,results.jsonl,0.0330,-0.9663,-0.9333,-2.6807,0.9533
gainesville:26911,gainesville,HQs2vk3RcfUXQ2yRT2z0Uw,post179,1,results.jsonl,-0.0196,-0.7868,-0.8064,-0.2417,0.9059
gainesville:26912,gainesville,Sh0RUWw0GZyWx4wjUVGoCg,post179,0,results.jsonl,-0.1304,-1.4995,-1.6300,-3.1641,0.9044
gainesville:26917,gainesville,6EcCUl9LhLXnIT5Y6cDrPg,post179,0,results.jsonl,-0.2842,0.5012,0.2170,-0.6152,0.8785
gainesville:26918,gainesville,hi3SlAnIzBFseEJvKGYkNQ,post179,0,results.jsonl,-0.0027,-1.4199,-1.4227,-1.1646,0.9350
gainesville:26925,gainesville,vMoCutCPF5Z0RIyNg6WJPA,post179,0,results.jsonl,0.2524,-1.7037,-1.4513,-2.7246,0.9509
gainesville:26926,gainesville,KXQBlaruX8xURUQw_R8zfg,post179,0,results.jsonl,-0.7605,-1.7962,-2.5566,-3.5427,0.9477
gainesville:26932,gainesville,bIGSay3JD-bXbAgK4oNKMg,post179,0,results.jsonl,-0.0610,-0.5752,-0.6363,-0.3076,0.9138
gainesville:26934,gainesville,bIGSay3JD-bXbAgK4oNKMg,post179,0,results.jsonl,0.1036,-0.3995,-0.2959,-2.2412,0.8720
gainesville:26936,gainesville,bIGSay3JD-bXbAgK4oNKMg,post179,0,results.jsonl,0.0969,0.4388,0.5357,0.7910,0.8545
gainesville:26937,gainesville,bIGSay3JD-bXbAgK4oNKMg,post179,0,results.jsonl,0.0153,0.6452,0.6605,1.4282,0.9072
gainesville:26938,gainesville,5GsQ4rdZvmTwTa2dG0T-pw,post179,0,results.jsonl,0.0392,0.4109,0.4501,1.3184,0.9153
gainesville:26940,gainesville,echLJ3x2BxXepNFRUOm6xg,post179,0,results.jsonl,0.5371,0.7085,1.2456,2.3730,0.8735
gainesville:26944,gainesville,ns-WkzOQgvHHv2w5dedt0A,post179,0,results.jsonl,0.0527,-0.9889,-0.9362,-0.0439,0.9737
gainesville:26947,gainesville,V7bw0QgsyryGGWauHUo91w,post179,0,results.jsonl,0.3108,1.0713,1.3821,0.8569,0.8986
gainesville:26951,gainesville,H4A8Tl2G-GO62Pej8gXsnw,post179,0,results.jsonl,-0.1939,2.1825,1.9886,2.1094,0.9025
gainesville:26960,gainesville,IIFU11JY8z9rcLjsdtWuUQ,post179,0,results.jsonl,-1.1010,0.1041,-0.9969,-0.4614,0.8081
gainesville:26964,gainesville,IIFU11JY8z9rcLjsdtWuUQ,post179,0,results.jsonl,1.5108,-0.0871,1.4237,2.0654,0.8962
gainesville:26965,gainesville,cOOhUbijZRlH08om7sdsTw,post179,0,results.jsonl,-1.5704,1.5937,0.0233,3.8452,0.7606
gainesville:26974,gainesville,CrHSTWhSbHtPqRQBpS-y6A,post179,0,results.jsonl,-1.1406,0.0243,-1.1163,-0.8569,0.7150
gainesville:26978,gainesville,iM1hXy97ckAlRZWfh_uNuA,post179,0,results.jsonl,-0.5949,0.1310,-0.4639,0.6592,0.7983
gainesville:26983,gainesville,56wJSd4p6O2Q4axwOtUtBg,post179,0,results.jsonl,-0.3134,1.8315,1.5181,-0.2637,0.7262
gainesville:26987,gainesville,6H_Qx7pWSe8D1d0UItTSAA,post179,0,results.jsonl,-0.2967,-0.9758,-1.2725,-2.3511,0.9370
gainesville:27019,gainesville,VWMApFeYDoQmO9taDRV-lg,post179,0,results.jsonl,0.0662,-1.3117,-1.2455,0.8113,0.5750
gainesville:27023,gainesville,jjl2xWA-8HEPItEkJt0qcQ,post179,0,results.jsonl,0.0093,-1.4170,-1.4077,-2.0012,0.9399
gainesville:27034,gainesville,gVtrXR9rny0Db5rKj7Vj4A,post179,0,results.jsonl,-1.8028,0.3754,-1.4274,-1.8457,0.8375
gainesville:27045,gainesville,OqZ3f2lm4jtKei0MvdC8rA,post179,0,results.jsonl,0.5515,-0.5394,0.0121,-0.8924,0.8397
gainesville:27056,gainesville,3xqC1bvoDnIq9VpU4jJVzg,post179,0,results.jsonl,-0.1654,-0.7802,-0.9455,-0.6761,0.6601
gainesville:27074,gainesville,iI3i1VPpLyeXMov80xwPZQ,post179,0,results.jsonl,-0.8342,0.8160,-0.0182,0.3735,0.6160
gainesville:27078,gainesville,3lYcSrG314mcHs2Tu6aJUQ,post179,0,results.jsonl,-0.4457,-0.8431,-1.2888,-3.3838,0.7650
gainesville:27080,gainesville,IO_f4y_DQZH3ItQUlK4odg,post179,0,results.jsonl,-0.0484,-1.9919,-2.0403,-2.5708,0.9440
gainesville:27082,gainesville,IO_f4y_DQZH3ItQUlK4odg,post179,0,results.jsonl,0.2765,1.9284,2.2049,1.0767,0.6512
gainesville:27084,gainesville,FVG0JiLGBZTpDH9tgAD0UQ,post179,0,results.jsonl,-0.4997,-0.5215,-1.0212,-2.2852,0.7299
gainesville:27086,gainesville,hTQx_7rJ5Sj0Oprn8UyNjg,post179,0,results.jsonl,-0.0097,-0.8083,-0.8180,-0.0879,0.8567
gainesville:27087,gainesville,-_gezTLhATd-JzF_y_HHCQ,post179,0,results.jsonl,0.7050,-0.7257,-0.0207,-0.8130,0.7983
gainesville:27090,gainesville,txb5tQJ14g_05KHd1sFi-Q,post179,0,results.jsonl,-0.4484,1.4301,0.9817,0.3516,0.6290
gainesville:27093,gainesville,3Eo-Z9lrFVlMG4sebUY3JA,post179,0,results.jsonl,-1.1177,1.2550,0.1373,0.0000,0.8335
gainesville:27097,gainesville,XpUQs-mjhuDRoZxP0U7Xyg,post179,0,results.jsonl,0.3207,0.6600,0.9807,0.7690,0.9454
gainesville:27101,gainesville,jC20RvmjYw-i6WsrFiUW9Q,post179,0,results.jsonl,0.4528,0.8532,1.3060,2.7246,0.8770
gainesville:27103,gainesville,bqL6hohl4KDjSvwj1FvZuA,post179,1,results.jsonl,0.0162,0.7004,0.7166,0.0659,0.8535
gainesville:27105,gainesville,V6J032OyKCMlB29AX_GONw,post179,0,results.jsonl,0.9678,0.5695,1.5373,1.2964,0.9349
gainesville:27115,gainesville,nfIhWpzmiqZ_RRG58aHVjw,post179,0,results.jsonl,-0.4217,2.8437,2.4220,0.9668,0.7309
gainesville:27117,gainesville,lEhYa23nSrvKFF1lwUSEww,post179,0,results.jsonl,-0.2639,1.5846,1.3207,0.6812,0.8280
gainesville:27124,gainesville,CHyg56SbQAEhv9cJkw2ovw,post179,0,results.jsonl,-0.3486,1.7334,1.3848,0.7690,0.9285
gainesville:27127,gainesville,CHyg56SbQAEhv9cJkw2ovw,post179,1,results.jsonl,0.5716,0.9741,1.5458,0.4175,0.9314
gainesville:27139,gainesville,8CncPVExU38zr_VfYUVm4g,post179,0,results.jsonl,0.2970,0.5769,0.8738,0.3516,0.8268
gainesville:27140,gainesville,8CncPVExU38zr_VfYUVm4g,post179,0,results.jsonl,-0.5899,0.4470,-0.1430,-1.0986,0.7727
gainesville:27142,gainesville,B_I_PdOauYz6UMTAJHENCw,post179,0,results.jsonl,-0.3199,-0.8602,-1.1801,-3.0103,0.8735
gainesville:27144,gainesville,B_I_PdOauYz6UMTAJHENCw,post179,0,results.jsonl,-0.5985,0.7815,0.1830,1.0547,0.7790
gainesville:27145,gainesville,_BoD9W5GhFwIitu7oHvCdw,post179,0,results.jsonl,-0.2602,-1.5303,-1.7905,-3.0542,0.7834
gainesville:27147,gainesville,_BoD9W5GhFwIitu7oHvCdw,post179,0,results.jsonl,1.8712,-0.8994,0.9718,0.5273,0.9056
gainesville:27148,gainesville,5EfGrF-bZQE2xk5aCh2OLw,post179,0,results.jsonl,0.6412,-0.9356,-0.2943,0.6812,0.8068
gainesville:27150,gainesville,U08lbDN8iIeMpYiSvZJlNA,post179,0,results.jsonl,0.9517,-1.1890,-0.2372,-1.3403,0.8600
gainesville:27155,gainesville,zuXJSvTfbUy6mT0LMpdKWw,post179,0,results.jsonl,0.8274,-0.8959,-0.0685,1.2305,0.9671
gainesville:27157,gainesville,zuXJSvTfbUy6mT0LMpdKWw,post179,0,results.jsonl,-1.0263,-0.8562,-1.8824,-1.6699,0.9344
gainesville:27167,gainesville,vwAtv2zvJ4ItKLcAEDQ5vQ,post179,0,results.jsonl,-1.9130,1.0594,-0.8535,-0.6372,0.9250
gainesville:27170,gainesville,-FK97HZNiHWuYpaWN5nvgg,post179,0,results.jsonl,-2.2094,-0.6986,-2.9080,-1.9742,0.8567
gainesville:27176,gainesville,l5HWJuyxctCr_0tqMTWZoA,post179,0,results.jsonl,-0.6285,1.0649,0.4364,-1.3251,0.7022
gainesville:27178,gainesville,IINjzM-XUP8ygGtjI-3s3g,post179,0,results.jsonl,-0.2632,-0.8493,-1.1125,-1.5144,0.9102
gainesville:27179,gainesville,1BGeg5A6lXH7fRt8DTnwlQ,post179,0,results.jsonl,-0.7528,0.4550,-0.2978,-2.3291,0.7881
gainesville:27181,gainesville,1BGeg5A6lXH7fRt8DTnwlQ,post179,0,results.jsonl,1.1197,0.2811,1.4008,-0.7251,0.9324
gainesville:27194,gainesville,vDODGzJYCFKhNkCjfqyq3g,post179,0,results.jsonl,-1.2349,0.2807,-0.9542,-1.3184,0.9505
gainesville:27196,gainesville,vDODGzJYCFKhNkCjfqyq3g,post179,1,results.jsonl,0.6590,0.3972,1.0562,-0.6592,0.7419
gainesville:27200,gainesville,zAD9j5yTpkuXeYb6N5QMzA,post179,0,results.jsonl,0.0352,0.8308,0.8660,-0.7251,0.7519
gainesville:27203,gainesville,g1Tx_CWC08AU7tHNIe_R0Q,post179,0,results.jsonl,0.0017,0.3761,0.3778,-1.1865,0.8461
gainesville:27205,gainesville,HIEU3MCKc_KwFzdz51_E3A,post179,0,results.jsonl,-0.0155,-0.7749,-0.7904,-0.1538,0.8424
gainesville:27206,gainesville,k-wqQlj0siUPIlxTxRk3lg,post179,0,results.jsonl,-0.7357,-0.9842,-1.7199,0.0220,0.8976
gainesville:27207,gainesville,2w5KnyXdBK2GJdRa_lGI3w,post179,0,results.jsonl,0.1539,1.2192,1.3731,-0.7031,0.7832
gainesville:27208,gainesville,d9Q9_pHOCXslLAbsGJb9Bg,post179,0,results.jsonl,0.4396,1.5024,1.9420,1.3843,0.6298
gainesville:27210,gainesville,d9Q9_pHOCXslLAbsGJb9Bg,post179,0,results.jsonl,-0.1272,-1.5825,-1.7098,-1.0327,0.8944
gainesville:27213,gainesville,hep4zdgvBq3K8z9h1nuqQQ,post179,0,results.jsonl,0.2361,-1.8134,-1.5773,-0.9888,0.7601
gainesville:27214,gainesville,QMrHJEtLINjPJLXfrdwvVw,post179,0,results.jsonl,0.6804,1.7072,2.3876,-0.4834,0.9500
gainesville:27220,gainesville,DjrBXUtn3SEGgvd49x9uDg,post179,0,results.jsonl,0.8667,-1.2122,-0.3455,-0.0659,0.9519
gainesville:27222,gainesville,DjrBXUtn3SEGgvd49x9uDg,post179,0,results.jsonl,-0.4157,-1.3109,-1.7266,-0.7690,0.9174
gainesville:27226,gainesville,_oHCPmXrt0djAr5BlicC2w,post179,0,results.jsonl,0.9949,0.2464,1.2413,0.6372,0.6664
gainesville:27229,gainesville,_oHCPmXrt0djAr5BlicC2w,post179,0,results.jsonl,1.1442,-0.2308,0.9134,-0.5273,0.8697
gainesville:27232,gainesville,eoU5YNdjuVYPzH3sSdS9ZQ,post179,0,results.jsonl,-0.0051,-1.3045,-1.3097,-3.3179,0.8407
gainesville:27234,gainesville,eoU5YNdjuVYPzH3sSdS9ZQ,post179,0,results.jsonl,-1.4620,-0.8445,-2.3065,-2.5269,0.6345
gainesville:27238,gainesville,ToH3-KaALaj32I-hZSBqoA,post179,0,results.jsonl,2.1253,0.3452,2.4704,2.9748,0.7455
gainesville:27239,gainesville,zNSaPzTykVzq_FPbkc19Yg,post179,0,results.jsonl,0.7944,-1.8626,-1.0683,-0.2197,0.8102
gainesville:27241,gainesville,zNSaPzTykVzq_FPbkc19Yg,post179,0,results.jsonl,1.0568,1.2779,2.3348,1.3623,0.5925
gainesville:27257,gainesville,E9g_pSL5oGj2DiTKvamTpA,post179,0,results.jsonl,2.1206,1.0661,3.1867,1.1646,0.5738
gainesville:27262,gainesville,E9g_pSL5oGj2DiTKvamTpA,post179,0,results.jsonl,1.8402,-1.3705,0.4697,1.5820,0.6684
gainesville:27269,gainesville,RU48ANm8Lfm40Mwquu-UfQ,post179,0,results.jsonl,-2.1722,-0.8622,-3.0345,-3.9771,0.7868
gainesville:27270,gainesville,RU48ANm8Lfm40Mwquu-UfQ,post179,0,results.jsonl,2.2085,-0.8461,1.3623,1.6040,0.7471
gainesville:27276,gainesville,hd3NcUmoj4D4mDdiokKvhw,post179,0,results.jsonl,0.7615,0.5432,1.3048,-1.2085,0.8162
gainesville:27278,gainesville,_cDH8xaxsnuDw2JuvLRkeg,post179,0,results.jsonl,1.0359,1.5536,2.5894,1.0276,0.7363
gainesville:27280,gainesville,_cDH8xaxsnuDw2JuvLRkeg,post179,0,results.jsonl,0.0587,-2.2259,-2.1673,-2.4339,0.9372
gainesville:27281,gainesville,y3rTdNgQg_crX1lqLpSpXg,post179,0,results.jsonl,-0.6050,1.6426,1.0376,-0.5493,0.8609
gainesville:27293,gainesville,p-7EbAaxorAar9fwjCUxKA,post179,0,results.jsonl,0.1123,1.7194,1.8318,-2.2192,0.6932
gainesville:27298,gainesville,DyyC0zEwmi1aypM2nunqFA,post179,0,results.jsonl,-0.0418,1.6986,1.6568,-1.0107,0.7184
gainesville:27303,gainesville,rSTGvHopjvIClaY82NIhLw,post179,0,results.jsonl,1.2976,0.5663,1.8639,1.8677,0.7512
gainesville:27307,gainesville,rSTGvHopjvIClaY82NIhLw,post179,0,results.jsonl,0.1824,-0.6615,-0.4791,-0.5273,0.8698
gainesville:27323,gainesville,7vcx_WHKAuUn854R8P85Tg,post179,0,results.jsonl,0.7417,0.7474,1.4892,1.5820,0.5647
gainesville:27324,gainesville,nTUUDe-THHZ9XG6tbN604A,post179,0,results.jsonl,-0.8287,0.6649,-0.1638,-0.3296,0.9614
gainesville:27331,gainesville,gUzg-b2-5SiuUtJBO1wCVw,post179,0,results.jsonl,0.3545,-0.7041,-0.3496,-0.7251,0.8511
gainesville:27346,gainesville,BF83nHVbkBjiejRryfz_mw,post179,0,results.jsonl,-0.1365,1.2494,1.1130,2.5928,0.7559
gainesville:27349,gainesville,kCa4AjPZ3dkvCIY2SjZECw,post179,0,results.jsonl,-0.5151,1.0196,0.5045,0.4834,0.8136
gainesville:27351,gainesville,STGhozfoCgaDyxPbFYmM3w,post179,0,results.jsonl,0.2287,0.8520,1.0807,1.4722,0.8715
gainesville:27352,gainesville,G_l5QBjLPgLR8nCIpHrVVg,post179,0,results.jsonl,0.2460,0.1109,0.3569,0.2637,0.7982
gainesville:27385,gainesville,8HhiytVqc5gdd-LIej0krQ,post179,0,results.jsonl,-0.2413,0.8122,0.5710,0.7031,0.8704
gainesville:27387,gainesville,8HhiytVqc5gdd-LIej0krQ,post179,0,results.jsonl,-0.4858,0.6083,0.1225,1.3184,0.9060
gainesville:27397,gainesville,SLng85gYhJ4E1Ggh0DSV9Q,post179,0,results.jsonl,0.4232,0.7468,1.1700,0.4175,0.8771
gainesville:27399,gainesville,SLng85gYhJ4E1Ggh0DSV9Q,post179,0,results.jsonl,0.0825,0.9543,1.0368,1.2305,0.7140
gainesville:27404,gainesville,EBoQCYNSgdQfweprlLKOBw,post179,0,results.jsonl,0.6632,0.3292,0.9924,0.8350,0.9612
gainesville:27405,gainesville,EBoQCYNSgdQfweprlLKOBw,post179,0,results.jsonl,-0.2012,-0.5006,-0.7018,-1.0986,0.8123
gainesville:27425,gainesville,kMF_exTIRL1nQIxL2qdGzA,post179,0,results.jsonl,0.5031,-0.9146,-0.4115,-1.9336,0.9163
gainesville:27480,gainesville,KJ8a0DgtXsNCcrm52hXcHA,post179,0,results.jsonl,0.6261,0.4314,1.0576,-1.2524,0.8948
gainesville:27484,gainesville,KJ8a0DgtXsNCcrm52hXcHA,post179,0,results.jsonl,-0.9753,-0.1761,-1.1513,-1.0547,0.7684
gainesville:27486,gainesville,KJ8a0DgtXsNCcrm52hXcHA,post179,0,results.jsonl,-0.7888,-0.3497,-1.1385,-2.1753,0.6183
gainesville:27490,gainesville,5ZMF5sq87Ynj05uXe3hs0Q,post179,0,results.jsonl,-0.1033,0.3096,0.2063,-0.4614,0.8215
gainesville:27496,gainesville,kf-jEd9_5OgC4QWcQkfKPQ,post179,0,results.jsonl,0.0343,-0.7019,-0.6675,-0.1758,0.9256
gainesville:27497,gainesville,kf-jEd9_5OgC4QWcQkfKPQ,post179,0,results.jsonl,0.0510,0.6445,0.6955,-0.6372,0.7720
gainesville:27498,gainesville,ns-WkzOQgvHHv2w5dedt0A,post179,0,results.jsonl,-0.9022,0.8883,-0.0139,-0.1538,0.8342
gainesville:27501,gainesville,echLJ3x2BxXepNFRUOm6xg,post179,0,results.jsonl,-0.9041,0.5092,-0.3949,1.2085,0.7139
gainesville:27505,gainesville,5GsQ4rdZvmTwTa2dG0T-pw,post179,0,results.jsonl,0.0383,-0.4148,-0.3764,-0.4614,0.6704
gainesville:27508,gainesville,5GsQ4rdZvmTwTa2dG0T-pw,post179,0,results.jsonl,0.0403,0.4061,0.4464,1.4502,0.9153
gainesville:27530,gainesville,cDApY9kZGTw18ZFxoHuZ6w,post179,0,results.jsonl,0.0602,-0.5857,-0.5256,0.7690,0.9272
gainesville:27538,gainesville,yQOkeKGLo1dFuhOO7BFRFg,post179,0,results.jsonl,1.1298,1.2550,2.3848,1.7578,0.9096
gainesville:27540,gainesville,yQOkeKGLo1dFuhOO7BFRFg,post179,0,results.jsonl,-0.8371,1.4375,0.6004,-0.4614,0.7970
gainesville:27541,gainesville,gdutBtC3aHGBj2tHDXqAyA,post179,0,results.jsonl,-0.1579,-0.1413,-0.2992,-1.3184,0.7886
gainesville:27545,gainesville,orILwQ4IpyXs1vJPdEusjg,post179,0,results.jsonl,-0.0036,0.0162,0.0126,-1.1426,0.7105
gainesville:27548,gainesville,XRU68o5ry-3ErgAc5g8JDw,post179,0,results.jsonl,0.0651,0.7063,0.7714,0.8569,0.8214
gainesville:27552,gainesville,XGGsAiZaHZsgl2A__x6LWg,post179,0,results.jsonl,-0.0082,-0.7212,-0.7294,-0.7251,0.9040
gainesville:27556,gainesville,bexaauQsHW20YEGxd25F4A,post179,0,results.jsonl,0.0952,-0.6760,-0.5807,-0.9009,0.8069
gainesville:27560,gainesville,bexaauQsHW20YEGxd25F4A,post179,0,results.jsonl,-0.2035,0.3634,0.1599,-0.5273,0.7895
gainesville:27585,gainesville,nfStRakr5dcCNuyAWDzhIQ,post179,0,results.jsonl,1.1316,0.8775,2.0091,2.8784,0.6871
gainesville:27588,gainesville,gYCcqQ5eAzje4xcC_hh5YA,post179,0,results.jsonl,0.3623,-1.1017,-0.7394,-0.9668,0.5693
gainesville:27591,gainesville,JNmRciwPcG1QGYmJo7bF7w,post179,1,results.jsonl,0.3860,0.5290,0.9150,0.1099,0.9168
gainesville:27592,gainesville,JNmRciwPcG1QGYmJo7bF7w,post179,0,results.jsonl,0.1384,-0.5572,-0.4188,-2.1313,0.9761
gainesville:27615,gainesville,Xp37qTw5JpPHTXTq-bsjEg,post179,0,results.jsonl,0.7205,0.9908,1.7113,2.0435,0.9534
gainesville:27618,gainesville,Xp37qTw5JpPHTXTq-bsjEg,post179,0,results.jsonl,-0.0974,-2.0262,-2.1237,-3.0542,0.8253
gainesville:27695,gainesville,9i1DQNIMQjIKMNLJrh0pcA,post179,0,results.jsonl,-0.1259,-1.2598,-1.3857,-2.3291,0.8789
gainesville:27696,gainesville,kj80gc0X_OrIBhbvNPm1IA,post179,0,results.jsonl,-0.5397,0.6710,0.1313,-1.7358,0.7098
gainesville:27698,gainesville,kj80gc0X_OrIBhbvNPm1IA,post179,0,results.jsonl,0.8497,0.4648,1.3145,0.7690,0.8931
gainesville:27701,gainesville,SQ8gSd5NGjFJcbsOrVonJw,post179,0,results.jsonl,0.9216,0.3582,1.2798,2.2632,0.9412
gainesville:27702,gainesville,SQ8gSd5NGjFJcbsOrVonJw,post179,1,results.jsonl,0.3851,-0.4271,-0.0420,-1.1206,0.8417
gainesville:27704,gainesville,SQ8gSd5NGjFJcbsOrVonJw,post179,0,results.jsonl,1.3156,-0.2456,1.0700,1.4062,0.6551
gainesville:27705,gainesville,K11Rra_0Du59wL8duI6PtQ,post179,0,results.jsonl,-0.3022,1.5783,1.2762,1.9995,0.8017
gainesville:27710,gainesville,WgWFW9wlFg-uuOvAqaA7_Q,post179,0,results.jsonl,-0.3236,-0.5488,-0.8725,-2.7246,0.8267
gainesville:27714,gainesville,p4AyMOGT1BanzHR3_QKiSg,post179,0,results.jsonl,-0.7437,0.3649,-0.3788,-0.9668,0.8761
gainesville:27727,gainesville,CY5hvT4tLSO7eB9YE-HnEQ,post179,0,results.jsonl,-0.5606,0.0695,-0.4911,0.6372,0.8671
gainesville:27728,gainesville,w6g3N7ElGLQG8hPcnjOpBQ,post179,0,results.jsonl,0.0210,-0.4615,-0.4405,0.5493,0.5547
gainesville:27806,gainesville,UsPcr9rlIbNpoX6xfGavrg,post179,0,results.jsonl,1.6436,0.7456,2.3892,2.2632,0.8760
gainesville:27807,gainesville,UsPcr9rlIbNpoX6xfGavrg,post179,0,results.jsonl,1.0138,-1.0878,-0.0740,-0.5493,0.9733
gainesville:27922,gainesville,qYVxfIMPXT2vJjV-tpiJ4A,post179,1,results.jsonl,0.6228,0.5376,1.1604,0.2197,0.6884
gainesville:27924,gainesville,qYVxfIMPXT2vJjV-tpiJ4A,post179,0,results.jsonl,-0.2687,1.4069,1.1382,0.9448,0.6457
gainesville:27928,gainesville,xo98JlHCr0Nc9EXxnjyZiQ,post179,0,results.jsonl,-0.5668,2.8962,2.3293,1.9775,0.8531
gainesville:27930,gainesville,BjvPMnJY5XXLR_pUYe2oPw,post179,0,results.jsonl,-1.3027,2.3750,1.0723,-0.0659,0.8184
gainesville:27958,gainesville,q2yX7pwQF7_3SFGxEqlDHQ,post179,0,results.jsonl,0.0795,-0.0620,0.0175,-1.4282,0.8114
gainesville:27961,gainesville,ltZnH2GEgduSgHuWfBp-Hw,post179,0,results.jsonl,1.7325,-0.2022,1.5303,2.5488,0.9454
gainesville:27963,gainesville,ltZnH2GEgduSgHuWfBp-Hw,post179,0,results.jsonl,1.0636,-0.3017,0.7619,0.6812,0.9268
gainesville:27965,gainesville,zIxmAEj_HI3Rocr5Yi7Mqg,post179,1,results.jsonl,0.5771,0.1143,0.6914,-0.0659,0.8273
gainesville:27967,gainesville,zIxmAEj_HI3Rocr5Yi7Mqg,post179,0,results.jsonl,0.4612,0.4173,0.8785,0.1758,0.8908
gainesville:27981,gainesville,0v6yoQLW3XwCxSBNyEQLjw,post179,0,results.jsonl,-0.1537,-1.4396,-1.5933,-0.4834,0.8219
gainesville:27982,gainesville,0v6yoQLW3XwCxSBNyEQLjw,post179,0,results.jsonl,-0.7510,0.3585,-0.3925,0.9448,0.8355
gainesville:27984,gainesville,qCw26q7z4RxCAUS8F0IpFA,post179,0,results.jsonl,-0.2529,-0.9406,-1.1935,-1.5161,0.7993
gainesville:27985,gainesville,qCw26q7z4RxCAUS8F0IpFA,post179,0,results.jsonl,-0.2861,-0.8972,-1.1833,0.0659,0.7440
gainesville:27994,gainesville,5JWxqaTAT-ZAX33raFouAw,post179,0,results.jsonl,0.0242,-1.6303,-1.6061,-1.3184,0.7959
gainesville:27998,gainesville,s5B3pz5kWKees0fl8MiikA,post179,0,results.jsonl,1.1165,0.9601,2.0765,1.2085,0.7598
gainesville:28001,gainesville,Lztt7C1p1ZBfH-vKZVIoNg,post179,0,results.jsonl,-0.0380,-0.1180,-0.1560,-1.6699,0.8465
gainesville:28002,gainesville,Lztt7C1p1ZBfH-vKZVIoNg,post179,0,results.jsonl,-0.3175,-0.1123,-0.4298,-0.4834,0.8228
gainesville:28010,gainesville,fQe7tFBBjdEJNINiWFc6Aw,post179,0,results.jsonl,-0.0940,1.5902,1.4962,0.2637,0.8091
gainesville:28011,gainesville,fQe7tFBBjdEJNINiWFc6Aw,post179,0,results.jsonl,0.0717,1.8543,1.9261,1.7798,0.8497
gainesville:28013,gainesville,b-XZ2ZU5X86BwYQhr3tjMg,post179,0,results.jsonl,0.3212,1.6144,1.9356,2.9883,0.8546
gainesville:28125,gainesville,BLFl5GFZRNsFptf39DW32g,post179,0,results.jsonl,-0.0036,0.1979,0.1943,-1.1646,0.8771
gainesville:28126,gainesville,BLFl5GFZRNsFptf39DW32g,post179,0,results.jsonl,0.0750,-0.1900,-0.1150,0.0000,0.7570
gainesville:28160,gainesville,pcs5lmGBPob1geEQlxLEAQ,post179,0,results.jsonl,0.5733,1.6347,2.2081,1.4941,0.8484
gainesville:28166,gainesville,JR7lwungXm3zrCJa1AgFvA,post179,0,results.jsonl,0.3949,-0.3863,0.0086,-0.5933,0.8872
gainesville:28167,gainesville,JR7lwungXm3zrCJa1AgFvA,post179,0,results.jsonl,0.3504,0.4405,0.7908,1.6699,0.8901
gainesville:28168,gainesville,6nrRnD5PU-gvky-PSVZOuQ,post179,0,results.jsonl,-0.9958,-0.1625,-1.1584,-3.7134,0.9444
gainesville:28170,gainesville,6nrRnD5PU-gvky-PSVZOuQ,post179,0,results.jsonl,-0.0337,0.1936,0.1599,-0.1538,0.9693
gainesville:28171,gainesville,TZK4s8TVyA-E-XAMh_rfuQ,post179,0,results.jsonl,0.0182,-0.8588,-0.8406,-1.1646,0.9260
gainesville:28173,gainesville,TZK4s8TVyA-E-XAMh_rfuQ,post179,0,results.jsonl,-0.1625,-0.7109,-0.8734,0.1318,0.6916
gainesville:28182,gainesville,7eQFS5b3EJL9bn-nesnHfw,post179,0,results.jsonl,0.0015,-0.9672,-0.9657,-1.7358,0.9586
gainesville:28184,gainesville,7eQFS5b3EJL9bn-nesnHfw,post179,0,results.jsonl,0.0156,0.8959,0.9115,-0.2197,0.9071
gainesville:28203,gainesville,K732QTWoB9RZwrfSmw7RYA,post179,0,results.jsonl,-0.4872,-0.5350,-1.0221,-0.8350,0.9527
gainesville:28205,gainesville,K732QTWoB9RZwrfSmw7RYA,post179,0,results.jsonl,0.3042,-0.5709,-0.2667,-2.1533,0.8893
gainesville:28224,gainesville,8eGB4a83ZPvd-LZqx8hmuA,post179,0,results.jsonl,-0.1513,0.3077,0.1564,1.2744,0.9240
gainesville:28238,gainesville,y7HrIxA1_a6FPD8fM5L0fg,post179,0,results.jsonl,-0.4731,-0.0063,-0.4794,-0.4834,0.7823
gainesville:28240,gainesville,y7HrIxA1_a6FPD8fM5L0fg,post179,0,results.jsonl,-0.4732,0.0063,-0.4669,-0.1978,0.9265
gainesville:28266,gainesville,5pNvOIBBQ-OeAdb4Q9K6hA,post179,0,results.jsonl,0.7452,0.4221,1.1673,1.0107,0.7201
gainesville:28267,gainesville,KJ8a0DgtXsNCcrm52hXcHA,post179,0,results.jsonl,0.5962,0.4431,1.0393,-1.5381,0.8948
gainesville:28269,gainesville,MmpDdya58BnhCg8P1dUM-g,post179,0,results.jsonl,0.2700,0.8156,1.0856,-0.8130,0.9420
gainesville:28271,gainesville,MmpDdya58BnhCg8P1dUM-g,post179,0,results.jsonl,-0.3168,0.5433,0.2265,-0.4175,0.9124
gainesville:28327,gainesville,zb_V__SOE-MppzRRHWrqxQ,post179,0,results.jsonl,-0.3457,-1.3631,-1.7087,-2.7686,0.8056
gainesville:28331,gainesville,bOipjobJUD4PBAOC3YPwKw,post179,0,results.jsonl,0.1484,-1.9811,-1.8327,-0.7251,0.6138
gainesville:28336,gainesville,nfStRakr5dcCNuyAWDzhIQ,post179,0,results.jsonl,1.0947,0.8851,1.9798,1.3403,0.6871
gainesville:28337,gainesville,hNoZiM5zm_aCPnFKyoA2ZA,post179,0,results.jsonl,-0.4403,0.1281,-0.3122,-0.0879,0.9201
gainesville:28339,gainesville,hNoZiM5zm_aCPnFKyoA2ZA,post179,0,results.jsonl,0.0139,0.1609,0.1748,-0.3296,0.9401
gainesville:28342,gainesville,U6UEbdynfsNKjVj7yA-9AQ,post179,0,results.jsonl,-0.1017,0.8132,0.7114,-0.3296,0.8138
gainesville:28354,gainesville,e7jtWwdcJhrwj3G1hgwC8w,post179,0,results.jsonl,0.0294,0.9408,0.9702,3.0322,0.6999
gainesville:28358,gainesville,gzRlCd0QVhBD2yUUiieUXA,post179,0,results.jsonl,-0.2628,0.3681,0.1052,-1.1646,0.8638
gainesville:28363,gainesville,gzRlCd0QVhBD2yUUiieUXA,post179,0,results.jsonl,-0.2473,-0.3906,-0.6379,-1.7139,0.7048
gainesville:28411,gainesville,ElTvfGRbvBxZPYyk0FV_7g,post179,0,results.jsonl,0.6390,-0.5376,0.1014,-0.4614,0.6977
gainesville:28428,gainesville,dIITAHhZ8uquBZHCAEytZg,post179,0,results.jsonl,0.8608,0.8614,1.7222,1.6260,0.7937
gainesville:28430,gainesville,dIITAHhZ8uquBZHCAEytZg,post179,0,results.jsonl,-0.5015,0.9217,0.4202,1.0986,0.9816
gainesville:28440,gainesville,_FEypqx8M7Gr5QmrkzhGxg,post179,0,results.jsonl,-0.3989,-0.4624,-0.8614,-2.6147,0.7032
gainesville:28441,gainesville,_FEypqx8M7Gr5QmrkzhGxg,post179,0,results.jsonl,-0.2879,-0.5412,-0.8290,-1.5381,0.6700
gainesville:28449,gainesville,FhherM8K8tMv_kUwhlBJAg,post179,0,results.jsonl,0.1690,0.4631,0.6321,2.3291,0.6991
gainesville:28450,gainesville,ov-q4jPBsMTaCyiB2F7Oig,post179,0,results.jsonl,-0.1227,1.0370,0.9143,0.0220,0.7106
gainesville:28477,gainesville,8HhiytVqc5gdd-LIej0krQ,post179,0,results.jsonl,-0.2462,0.8099,0.5637,0.7471,0.8704
gainesville:28479,gainesville,8HhiytVqc5gdd-LIej0krQ,post179,0,results.jsonl,-0.5013,0.5875,0.0863,1.4062,0.9060
gainesville:28490,gainesville,SLng85gYhJ4E1Ggh0DSV9Q,post179,0,results.jsonl,0.4166,0.7544,1.1710,0.4395,0.8771
gainesville:28491,gainesville,SLng85gYhJ4E1Ggh0DSV9Q,post179,0,results.jsonl,0.0804,0.9547,1.0351,1.1206,0.7140
gainesville:28521,gainesville,8-FF7V0ZHsTVEQH3ess1Pw,post179,0,results.jsonl,1.7208,0.5307,2.2515,-0.1538,0.7461
gainesville:28524,gainesville,8-FF7V0ZHsTVEQH3ess1Pw,post179,0,results.jsonl,0.9052,-1.0879,-0.1827,-1.6699,0.6469
gainesville:28554,gainesville,MAiqyDMWyoFx5r4XT6IdJQ,post179,1,results.jsonl,0.0743,-0.2055,-0.1312,-0.9668,0.8624
gainesville:28556,gainesville,MAiqyDMWyoFx5r4XT6IdJQ,post179,0,results.jsonl,1.7178,0.1262,1.8441,-0.1978,0.9156
gainesville:28593,gainesville,knk7Kt2oVUKljA3FsQCE2w,post179,0,results.jsonl,-0.6814,-0.6636,-1.3450,-0.7690,0.9013
gainesville:28594,gainesville,knk7Kt2oVUKljA3FsQCE2w,post179,0,results.jsonl,0.9717,-0.5134,0.4583,-0.0220,0.8345
gainesville:28596,gainesville,xPLDfWQ41eVwA45Xw3JfUw,post179,0,results.jsonl,0.3420,0.3580,0.7000,-1.0327,0.9222
gainesville:28598,gainesville,xPLDfWQ41eVwA45Xw3JfUw,post179,0,results.jsonl,0.0957,-0.3851,-0.2894,-0.9668,0.5788
gainesville:28633,gainesville,TnBFH3jJDgCsM7P4Pw5JVA,post179,0,results.jsonl,-0.2239,-1.8705,-2.0945,-4.4165,0.7937
gainesville:28642,gainesville,UkVB0R17pQ3KXlixgBIzhg,post179,0,results.jsonl,-0.5295,-0.6262,-1.1556,-2.3950,0.9346
gainesville:28644,gainesville,baccBykvVVOoyc1LnG7iJg,post179,1,results.jsonl,-0.5952,0.2089,-0.3863,0.3955,0.8310
gainesville:28653,gainesville,odGY5BsBhrni3AUqke3Fxg,post179,0,results.jsonl,-0.4260,0.7855,0.3595,-1.2305,0.7746
gainesville:28655,gainesville,odGY5BsBhrni3AUqke3Fxg,post179,0,results.jsonl,-0.3088,-0.8282,-1.1370,-0.2637,0.9090
gainesville:28656,gainesville,dIITAHhZ8uquBZHCAEytZg,post179,0,results.jsonl,0.8763,0.8580,1.7342,0.3735,0.7937
gainesville:28657,gainesville,dIITAHhZ8uquBZHCAEytZg,post179,0,results.jsonl,-0.4637,0.9260,0.4623,0.4614,0.9816
gainesville:28664,gainesville,qG5M3ktkjD_-x7HCdyTzdQ,post179,0,results.jsonl,0.0863,-0.7447,-0.6584,-0.5933,0.7664
gainesville:28792,gainesville,OPwqVZYqXTpC7eGBuqSmhw,post179,0,results.jsonl,-0.0096,0.7275,0.7179,1.0986,0.8012
gainesville:28795,gainesville,OPwqVZYqXTpC7eGBuqSmhw,post179,0,results.jsonl,-0.1182,0.3631,0.2449,-2.0215,0.6294
gainesville:28802,gainesville,RnQzaiZQC82guSrjbt9Q1A,post179,0,results.jsonl,0.5978,0.3077,0.9055,-0.1978,0.6327
gainesville:28804,gainesville,RnQzaiZQC82guSrjbt9Q1A,post179,0,results.jsonl,0.2879,-0.7357,-0.4479,0.3735,1.0139
gainesville:28936,gainesville,BjvPMnJY5XXLR_pUYe2oPw,post179,0,results.jsonl,2.0487,1.8855,3.9342,3.8013,0.8665
gainesville:28938,gainesville,BjvPMnJY5XXLR_pUYe2oPw,post179,0,results.jsonl,-1.2667,2.3912,1.1245,0.3296,0.8184
gainesville:28942,gainesville,g-3zKZAAwuxABXRuGlc_pA,post179,0,results.jsonl,-0.1215,0.8552,0.7337,-0.0439,0.8207
gainesville:28947,gainesville,-CtOg-xpSy2sc4bmc7co5Q,post179,0,results.jsonl,0.2899,0.9822,1.2722,-0.7251,0.9300
gainesville:28993,gainesville,J9OTgU1cmfb20KwVtEfSUQ,post179,0,results.jsonl,-0.3501,1.1091,0.7590,-0.6152,0.5550
gainesville:28995,gainesville,HfnJNvBCtJ0Devhofjx1FQ,post179,0,results.jsonl,0.1697,1.0787,1.2484,-0.7910,0.7727
gainesville:28998,gainesville,9DnrOQzRH7--NHfRY32_2Q,post179,0,results.jsonl,-0.4036,0.0781,-0.3255,0.7910,0.6842
gainesville:29026,gainesville,gbHMldEscFTaiziKXAKc8Q,post179,0,results.jsonl,-0.0257,-1.5502,-1.5759,-3.0542,0.7953
gainesville:29061,gainesville,qXsgiOIBG5NU7zfNfNdyaw,post179,0,results.jsonl,-0.0519,-0.4806,-0.5325,-1.1646,0.9085
gainesville:29084,gainesville,TZK4s8TVyA-E-XAMh_rfuQ,post179,0,results.jsonl,-0.1598,-0.7163,-0.8761,-0.0220,0.6916
gainesville:29086,gainesville,TZK4s8TVyA-E-XAMh_rfuQ,post179,0,results.jsonl,0.0145,-0.8595,-0.8450,-0.7910,0.9260
gainesville:29093,gainesville,yLtP30tNbuldiFvVYIKB9Q,post179,0,results.jsonl,1.2687,-0.2761,0.9925,0.8569,0.7865
gainesville:29103,gainesville,FyhIVU4fgxhKMpptywxdFg,post179,0,results.jsonl,0.0938,0.2040,0.2978,0.9668,0.6043
gainesville:29107,gainesville,4_bmxpi3InubVvwOh9Wb_w,post179,0,results.jsonl,0.3966,-0.0068,0.3898,-0.4175,0.5853
gainesville:29113,gainesville,zJOAb1rKiXotVWE-dFLwFg,post179,0,results.jsonl,-0.0744,-0.0572,-0.1316,-1.0107,0.7957
gainesville:29129,gainesville,guedsh66sYZpSTM_syl-Pg,post179,0,results.jsonl,-0.2677,-0.7005,-0.9682,-0.3735,0.8906
gainesville:29139,gainesville,76cPslV2Qhdan0bznNucyg,post179,0,results.jsonl,0.0007,1.2081,1.2088,1.2744,0.6743
gainesville:29150,gainesville,UHAtqJ83Tkfe59r9MjcFFQ,post179,1,results.jsonl,-0.5371,0.4794,-0.0577,-1.2964,0.8851
gainesville:29155,gainesville,wHZo32zBYYjwlXShHQvbCA,post179,0,results.jsonl,0.0399,-0.7119,-0.6720,-0.6812,0.7628
gainesville:29156,gainesville,wHZo32zBYYjwlXShHQvbCA,post179,0,results.jsonl,0.1323,-0.1715,-0.0392,-0.1538,0.9247
gainesville:29159,gainesville,zBrDpzakxZKiiOMvIfigqQ,post179,0,results.jsonl,-0.7115,0.4359,-0.2757,-2.9004,0.5598
gainesville:29180,gainesville,NHGTMOqr4dCYe1mjVkb6pg,post179,0,results.jsonl,0.2559,0.3936,0.6494,0.8569,0.7161
gainesville:29183,gainesville,MktPjt8aYOw6KnmMdQ2nAg,post179,0,results.jsonl,-0.8408,-0.0959,-0.9367,-2.0435,0.7607
gainesville:29185,gainesville,MktPjt8aYOw6KnmMdQ2nAg,post179,0,results.jsonl,0.5928,-0.1952,0.3976,-1.2964,0.5876
gainesville:29186,gainesville,r6Uj5twjuY6lzIP70MGK3g,post179,0,results.jsonl,0.3717,1.0285,1.4002,0.6152,0.7959
gainesville:29188,gainesville,r6Uj5twjuY6lzIP70MGK3g,post179,0,results.jsonl,0.0947,-1.0919,-0.9972,-3.1201,0.9143
gainesville:29209,gainesville,87Vrop01OczrxREyc2Vy5Q,post179,0,results.jsonl,0.0388,-0.4723,-0.4336,-3.3398,0.8256
gainesville:29211,gainesville,2GV-KpsJDeqMu100qGSGkQ,post179,0,results.jsonl,-0.2990,-0.4390,-0.7380,-1.3184,0.8866
gainesville:29214,gainesville,XeWqUcJ4l5w9JgXjCRRp_A,post179,0,results.jsonl,0.3590,0.0893,0.4482,0.4834,0.9159
gainesville:29219,gainesville,xZEKvGcEYnuZPOctaoNAfQ,post179,0,results.jsonl,0.8002,0.4710,1.2713,1.3623,0.9179
gainesville:29220,gainesville,zF_fiOHLBkV1s0eeQEz7zQ,post179,0,results.jsonl,0.6075,-0.5004,0.1070,-1.3184,0.7679
gainesville:29222,gainesville,ASXCJGbKYlAxySqFPEKhjA,post179,0,results.jsonl,0.0012,-0.5782,-0.5769,-2.1533,0.8836
gainesville:29224,gainesville,ASXCJGbKYlAxySqFPEKhjA,post179,0,results.jsonl,0.0008,0.5997,0.6005,-0.7690,0.5701
gainesville:29234,gainesville,cjFJW8xSpeA0ep0yaZSqQw,post179,0,results.jsonl,-0.8597,-0.2962,-1.1559,-1.0767,0.8707
gainesville:29235,gainesville,cjFJW8xSpeA0ep0yaZSqQw,post179,1,results.jsonl,0.0661,-0.4656,-0.3995,0.5713,0.6025
gainesville:29254,gainesville,SYTGKt0re6Y7gMZmwStO0w,post179,0,results.jsonl,-0.2660,0.3374,0.0714,-1.0767,0.8664
gainesville:29255,gainesville,SYTGKt0re6Y7gMZmwStO0w,post179,0,results.jsonl,0.1624,0.4114,0.5737,-1.9556,0.6560
gainesville:29259,gainesville,ddP_icK9rHxIWwMzKqIEOw,post179,0,results.jsonl,0.0759,0.0713,0.1472,-2.9443,0.8545
gainesville:29261,gainesville,ddP_icK9rHxIWwMzKqIEOw,post179,0,results.jsonl,-0.0648,-0.0792,-0.1440,0.2856,0.5535
gainesville:29262,gainesville,VxvbnZ9PeBXnGIv_S05v_w,post179,0,results.jsonl,2.6071,1.0685,3.6756,4.6143,0.5997
gainesville:29264,gainesville,VxvbnZ9PeBXnGIv_S05v_w,post179,0,results.jsonl,-2.2726,1.2435,-1.0291,-1.1206,0.7182
gainesville:29272,gainesville,Iru_Bez_BjRyOn62nzHzpA,post179,0,results.jsonl,-1.5007,0.3138,-1.1870,-1.0547,0.8973
gainesville:29276,gainesville,b8ttN531UOWiCPcTr5eBuA,post179,0,results.jsonl,-0.0675,0.4162,0.3487,-0.5713,0.6426
gainesville:29277,gainesville,b8ttN531UOWiCPcTr5eBuA,post179,0,results.jsonl,-0.0852,0.3971,0.3119,2.5269,0.9068
gainesville:29282,gainesville,tkXW1tXgy2v1LzH4qyFbeA,post179,0,results.jsonl,-0.0012,-0.3614,-0.3627,0.0000,0.6671
gainesville:29284,gainesville,0PA1gQAdt82mNkbthQ4ahg,post179,0,results.jsonl,-0.0976,-0.4666,-0.5643,-1.8237,0.8159
gainesville:29291,gainesville,umUjcGipFEUcwNFDoJQ13g,post179,0,results.jsonl,-0.2233,-0.4332,-0.6565,-1.6919,0.8600
gainesville:29292,gainesville,a9bo_lGuvc7p_eq5AUMP5A,post179,0,results.jsonl,0.0760,-1.6017,-1.5257,-2.4390,0.9248
gainesville:29296,gainesville,TJsiDyxR5C5ylNqHnMLpSg,post179,0,results.jsonl,-0.8333,0.3705,-0.4628,-1.5601,0.5858
gainesville:29311,gainesville,a7MYwealGUm0LGckeCWP1w,post179,0,results.jsonl,-0.0026,-0.7423,-0.7448,-1.9995,0.9289
gainesville:29316,gainesville,J2Bo9hC4ILfnpiiZLF409w,post179,0,results.jsonl,0.0489,-0.4923,-0.4433,-1.2085,0.8683
gainesville:29317,gainesville,bkWaNpBw3krQKCqk6LDkTg,post179,0,results.jsonl,0.0161,-0.1714,-0.1553,-0.8569,0.7374
gainesville:29326,gainesville,-C3fTxJuvplq8k1ll7FqFQ,post179,0,results.jsonl,-0.1221,1.3690,1.2470,1.2524,0.9595
gainesville:29329,gainesville,Z2p6unaCSIFFzbtaAIBJ0A,post179,0,results.jsonl,-0.3561,0.2058,-0.1503,0.8569,0.8948
gainesville:29388,gainesville,orILwQ4IpyXs1vJPdEusjg,post179,0,results.jsonl,0.0306,0.0162,0.0467,-1.9116,0.7105
gainesville:29391,gainesville,orILwQ4IpyXs1vJPdEusjg,post179,0,results.jsonl,0.0433,-0.0162,0.0272,0.6152,0.7636
gainesville:29393,gainesville,gdutBtC3aHGBj2tHDXqAyA,post179,0,results.jsonl,-0.1528,-0.1416,-0.2944,-1.4941,0.7886
gainesville:29402,gainesville,UT7IFyRSzJhkHlh-qoy0Pw,post179,0,results.jsonl,1.0042,-0.9642,0.0400,0.0000,0.8933
gainesville:29433,gainesville,yQOkeKGLo1dFuhOO7BFRFg,post179,0,results.jsonl,1.1448,1.2433,2.3881,1.0547,0.9096
gainesville:29434,gainesville,yQOkeKGLo1dFuhOO7BFRFg,post179,0,results.jsonl,-0.8365,1.4378,0.6013,-0.5493,0.7970
gainesville:29449,gainesville,k1-0JC1aqXO3KhBH9kN8Jw,post179,0,results.jsonl,-0.1157,-0.7917,-0.9075,-1.3403,0.6390
gainesville:29451,gainesville,JNmRciwPcG1QGYmJo7bF7w,post179,0,results.jsonl,0.4184,0.5232,0.9416,-0.0659,0.9168
gainesville:29453,gainesville,JNmRciwPcG1QGYmJo7bF7w,post179,0,results.jsonl,0.7201,-0.4390,0.2811,-0.3735,0.9067
gainesville:29454,gainesville,JNmRciwPcG1QGYmJo7bF7w,post179,0,results.jsonl,0.1472,-0.5567,-0.4095,-2.0654,0.9761
gainesville:29514,gainesville,prqemwzcKC42X-iJhJS8NQ,post179,0,results.jsonl,1.1623,-0.0952,1.0671,-0.2637,0.8379
gainesville:29516,gainesville,prqemwzcKC42X-iJhJS8NQ,post179,0,results.jsonl,1.3162,0.0838,1.4000,1.6919,0.9294
gainesville:29601,gainesville,jE7jfpgpMn1zP3_DMdvMTg,post179,0,results.jsonl,-0.0586,1.5434,1.4848,-1.1206,0.7330
gainesville:29603,gainesville,jE7jfpgpMn1zP3_DMdvMTg,post179,0,results.jsonl,-0.4922,0.4640,-0.0281,-1.0767,0.8063
gainesville:29624,gainesville,fbv7tS1mTqaztRNkWtg6ag,post179,0,results.jsonl,0.9949,-1.0902,-0.0952,1.2305,0.9390
gainesville:29626,gainesville,fbv7tS1mTqaztRNkWtg6ag,post179,0,results.jsonl,1.4449,0.7740,2.2189,2.5708,0.9030
gainesville:29652,gainesville,0ir-RNSgpk7wqgDtuf9pxw,post179,0,results.jsonl,-0.7990,0.7746,-0.0243,0.3516,0.8927
gainesville:29654,gainesville,0ir-RNSgpk7wqgDtuf9pxw,post179,0,results.jsonl,1.8256,0.4959,2.3216,2.0435,0.7278
gainesville:29655,gainesville,DyyC0zEwmi1aypM2nunqFA,post179,0,results.jsonl,-0.9711,0.6021,-0.3691,-2.1313,0.6288
gainesville:29657,gainesville,DyyC0zEwmi1aypM2nunqFA,post179,0,results.jsonl,-0.0171,1.6997,1.6826,-1.3843,0.7184
gainesville:29658,gainesville,fDiLDOv6MJeE0XrlkleUow,post179,0,results.jsonl,-0.9797,0.9803,0.0005,-1.4502,0.8813
gainesville:29688,gainesville,NUlmEAvNMpMSMyk22sWk3w,post179,0,results.jsonl,0.6248,-0.0882,0.5366,0.6372,0.8224
gainesville:29690,gainesville,NUlmEAvNMpMSMyk22sWk3w,post179,0,results.jsonl,0.8060,0.0819,0.8879,-0.5273,0.6847
gainesville:29697,gainesville,aONfoB73B53T3DYeHOBscA,post179,0,results.jsonl,0.0089,-0.6134,-0.6045,-3.1641,0.9107
gainesville:29756,gainesville,KuVX20UpchlRAZrNIg87bQ,post179,0,results.jsonl,0.0352,1.1266,1.1618,-2.2412,0.8408
gainesville:29799,gainesville,A4rmvGc4brbWfqQ23aoUhQ,post179,0,results.jsonl,0.2445,1.4750,1.7196,-3.4717,0.6195
gainesville:29805,gainesville,zb_V__SOE-MppzRRHWrqxQ,post179,0,results.jsonl,-0.3470,-1.3617,-1.7087,-3.0762,0.8056
gainesville:29812,gainesville,F03-4GzMlvNz30XRhDhoIA,post179,0,results.jsonl,0.2461,1.0696,1.3158,0.2637,0.6022
gainesville:29815,gainesville,urxBsJBhTkVN0XBFGLN_Mg,post179,0,results.jsonl,0.2474,-1.3315,-1.0841,-2.5928,0.8960
gainesville:29904,gainesville,IXM7pK1AzK3vhxnOVyTlYg,post179,0,results.jsonl,0.1080,0.7776,0.8856,1.5601,0.9039
gainesville:29906,gainesville,IXM7pK1AzK3vhxnOVyTlYg,post179,0,results.jsonl,-0.0676,-0.7842,-0.8518,-0.3955,0.8554
gainesville:29907,gainesville,ouHDWYBzeqcd-x1gEYhMzA,post179,0,results.jsonl,0.2187,0.8710,1.0897,0.7910,0.8263
gainesville:29909,gainesville,zar67aU2YEKlKSdLNA_PyQ,post179,0,results.jsonl,-0.0085,0.2150,0.2064,-0.3076,0.8925
gainesville:29912,gainesville,7SfhG3e7RTCHx-x-KfZv6g,post179,0,results.jsonl,0.2322,-0.5362,-0.3041,-0.7471,0.8699
gainesville:29935,gainesville,a0YUAGvYzY5bf9T62NTTsA,post179,0,results.jsonl,-0.7135,0.8984,0.1848,-0.4175,0.8423
gainesville:29953,gainesville,7gTpUGnzne5A8tgsFIMBhA,post179,0,results.jsonl,0.0086,0.4831,0.4917,0.5933,0.9410
gainesville:29955,gainesville,7gTpUGnzne5A8tgsFIMBhA,post179,0,results.jsonl,-0.0028,-0.5270,-0.5298,0.2856,0.9011
gainesville:29956,gainesville,hn2QgsBZwd6cn24bPoBQ6Q,post179,0,results.jsonl,0.0017,-0.0834,-0.0817,-0.4175,0.7141
gainesville:29999,gainesville,ysVFKo8LXH3P9icHPjMwUA,post179,0,results.jsonl,0.1469,1.7191,1.8660,2.3071,0.7924
gainesville:30000,gainesville,TrBYnqw8oMhw_vUHolDaQQ,post179,0,results.jsonl,-0.1457,1.1380,0.9922,-0.3296,0.7679
gainesville:30003,gainesville,TrBYnqw8oMhw_vUHolDaQQ,post179,0,results.jsonl,-0.1844,-1.1196,-1.3039,-1.3184,0.8154
gainesville:30004,gainesville,lRdTKbf-eqkIy-FQho57TQ,post179,0,results.jsonl,0.1607,-0.6657,-0.5050,-0.8569,0.8373
gainesville:30028,gainesville,F03-4GzMlvNz30XRhDhoIA,post179,0,results.jsonl,0.2270,1.1213,1.3483,0.9668,0.6022
gainesville:30041,gainesville,mY8y__Iwf3snKXUO09BkHA,post179,0,results.jsonl,0.1504,0.8355,0.9859,0.2856,0.9310
gainesville:30043,gainesville,mY8y__Iwf3snKXUO09BkHA,post179,0,results.jsonl,-0.1183,-0.8822,-1.0004,-2.8125,0.8357
gainesville:30046,gainesville,aH-Kh7C8Q_iVMjmnZEXLWw,post179,0,results.jsonl,-0.2940,-1.0897,-1.3837,0.2637,0.9177
gainesville:30152,gainesville,Ub5yVMfgh4rvGuxCsNtVag,post179,0,results.jsonl,0.6444,1.0209,1.6653,0.5054,0.8502
gainesville:30166,gainesville,AIhNzZDWy-oiWuCWVBuxXQ,post179,0,results.jsonl,0.1883,-3.4022,-3.2139,-3.5376,0.8836
gainesville:30167,gainesville,AIhNzZDWy-oiWuCWVBuxXQ,post179,0,results.jsonl,0.3482,2.1193,2.4675,1.9556,0.9282
gainesville:30170,gainesville,EAtkdN4w5tNL4OqJ-SmhNA,post179,1,results.jsonl,0.0353,3.3651,3.4004,3.0762,0.9153
gainesville:30264,gainesville,6qEdKw6GEJMEd4pHtgrB0g,post179,0,results.jsonl,0.0225,0.2291,0.2516,1.8677,0.5510
gainesville:30265,gainesville,eGXbQD7Bay5-lvSG9s1_lQ,post179,1,results.jsonl,0.0652,0.2347,0.2999,-0.4614,0.8482
gainesville:30267,gainesville,eGXbQD7Bay5-lvSG9s1_lQ,post179,1,results.jsonl,-0.1700,0.0877,-0.0823,0.8130,0.8152
gainesville:30268,gainesville,eGXbQD7Bay5-lvSG9s1_lQ,post179,1,results.jsonl,0.0264,-0.2488,-0.2224,0.0000,0.8981
gainesville:30271,gainesville,eGXbQD7Bay5-lvSG9s1_lQ,post179,1,results.jsonl,-0.1505,-0.1404,-0.2908,1.0107,0.9401
gainesville:30279,gainesville,hu6pM29EmkOAuRR2zX41Ng,post179,1,results.jsonl,0.3257,0.4640,0.7897,4.8137,0.5704
gainesville:30284,gainesville,IWe_PeQ9JzKSTvqvGXjRcw,post179,1,results.jsonl,0.0067,1.9506,1.9573,1.0767,0.9195
gainesville:30355,gainesville,s9ZOb_LrksjSMSOExDUfpg,post179,0,results.jsonl,0.1961,2.9717,3.1677,2.8125,0.8449
gainesville:30357,gainesville,s9ZOb_LrksjSMSOExDUfpg,post179,0,results.jsonl,0.2043,-2.9233,-2.7190,-3.2181,0.6368
gainesville:30361,gainesville,VLDcdsZfsvDrxZ0ciRizkg,post179,0,results.jsonl,0.9462,1.0611,2.0073,-0.5493,0.8696
gainesville:30363,gainesville,VLDcdsZfsvDrxZ0ciRizkg,post179,0,results.jsonl,0.8724,-1.2352,-0.3628,-0.3516,0.7204
gainesville:30364,gainesville,8vGhGMvW1Rmv1YvCLe_ykQ,post179,0,results.jsonl,0.3634,0.2044,0.5678,-0.5493,0.9287
gainesville:30376,gainesville,_W-_U3KQnOvxhqJOPf3UIw,post179,0,results.jsonl,0.0331,-2.8813,-2.8481,-3.7793,0.7692
gainesville:30377,gainesville,jS2EoxKG0wbIgKeB0_002g,post179,0,results.jsonl,0.4418,-2.6233,-2.1815,-3.3618,0.9073
gainesville:30379,gainesville,2CcZp1CLo9d1GXhNlS-6KA,post179,0,results.jsonl,-0.9827,1.3551,0.3724,-0.2856,0.7301
gainesville:30396,gainesville,FFx_BeZnUxusANvwHx1omA,post179,0,results.jsonl,-0.4524,0.6844,0.2319,0.5493,0.6889
gainesville:30399,gainesville,sGcnJR7zS5iLnpDMihDX3Q,post179,0,results.jsonl,-0.4852,2.0445,1.5594,0.9009,0.7171
gainesville:30400,gainesville,CHyg56SbQAEhv9cJkw2ovw,post179,0,results.jsonl,-0.3565,1.7171,1.3606,0.7251,0.9285
gainesville:30401,gainesville,CHyg56SbQAEhv9cJkw2ovw,post179,0,results.jsonl,-0.6319,0.4717,-0.1602,-1.2744,0.9460
gainesville:30404,gainesville,lEhYa23nSrvKFF1lwUSEww,post179,0,results.jsonl,-0.6254,0.4928,-0.1326,-2.5928,0.8477
gainesville:30413,gainesville,Prwu24pl8sNdT48JbcKNoA,post179,0,results.jsonl,0.0144,-1.0143,-1.0000,0.8569,0.6915
gainesville:30415,gainesville,rMJNveZxbAcucKaIpINfNA,post179,0,results.jsonl,0.2619,-1.7023,-1.4404,-1.1865,0.9329
gainesville:30417,gainesville,U-FnnL8qAtyS7ge8CSu1iw,post179,0,results.jsonl,-0.0248,1.2099,1.1851,0.6152,0.5763
gainesville:30418,gainesville,W6aKD8ZR5BHdv987e7nx4w,post179,0,results.jsonl,0.1221,-0.8022,-0.6801,-2.7026,0.8904
gainesville:30419,gainesville,W6aKD8ZR5BHdv987e7nx4w,post179,0,results.jsonl,0.0009,1.1353,1.1362,1.0327,0.9064
gainesville:30438,gainesville,OxYgaPThgrACWyu1xTyXuw,post179,0,results.jsonl,0.1478,2.7337,2.8815,2.8564,0.8543
gainesville:30445,gainesville,NT7KjzhFEgTrhZBsB6ItQw,post179,0,results.jsonl,0.1202,1.1853,1.3056,1.0986,0.6576
gainesville:30447,gainesville,h81gZN0kZ0ft_Wqk7MA4-w,post179,0,results.jsonl,-0.4817,0.9312,0.4495,0.4834,0.8103
gainesville:30457,gainesville,Pk4Ssb_HGiiQ_Owd9Mutiw,post179,0,results.jsonl,-0.1483,1.2197,1.0714,0.5054,0.8896
gainesville:30475,gainesville,cfqJf42U-dzuuZXwrOuc-Q,post179,0,results.jsonl,0.4884,1.1584,1.6468,3.0762,0.9021
gainesville:30478,gainesville,gy8L5tP9vxDubM-SPTcb8w,post179,0,results.jsonl,0.9751,0.3102,1.2853,2.2852,0.7602
gainesville:30511,gainesville,rIEWpWREvFJ_VEzDoKEFWw,post179,0,results.jsonl,-0.4580,-0.9993,-1.4574,-1.9556,0.8853
gainesville:30512,gainesville,rIEWpWREvFJ_VEzDoKEFWw,post179,1,results.jsonl,-0.3410,1.0163,0.6753,-0.7031,0.8624
gainesville:30550,gainesville,cBKvj-zJtsPSz_sBnm9xLQ,post179,0,results.jsonl,1.3964,-0.7952,0.6012,-0.6592,0.6540
gainesville:30555,gainesville,urxBsJBhTkVN0XBFGLN_Mg,post179,0,results.jsonl,0.2550,-1.3272,-1.0722,-2.1094,0.8960
gainesville:30728,gainesville,jT-vkaS1iaDLhQnkdIvbzQ,post179,0,results.jsonl,0.3208,-1.5395,-1.2186,-2.1313,0.8466
gainesville:30729,gainesville,A0p5QOoI166WTkA5O9Qnlw,post179,0,results.jsonl,-4.1496,0.3590,-3.7906,-3.0762,0.8548
gainesville:30732,gainesville,A0p5QOoI166WTkA5O9Qnlw,post179,0,results.jsonl,-1.1264,1.0550,-0.0714,-1.7139,0.7646
gainesville:30741,gainesville,4dOjL0IN4v-mJ-FNxDG-Iw,post179,0,results.jsonl,0.4596,-0.8074,-0.3478,-1.7139,0.9291
gainesville:30774,gainesville,PhG5G7OxTRKqtEsKuryA8Q,post179,0,results.jsonl,0.5444,-0.4952,0.0492,-1.4722,0.7005
gainesville:30794,gainesville,H85HXcbZxqdGMpdF5Z551g,post179,0,results.jsonl,-0.5628,0.1458,-0.4170,0.4614,0.7299
gainesville:30819,gainesville,w1ji7cRIbZU0l4MEUcDBGw,post179,0,results.jsonl,-0.0975,-0.4634,-0.5609,-1.4062,0.7154
gainesville:30825,gainesville,S2R_lbKYmP6fedplL8FA6w,post179,0,results.jsonl,-0.0488,0.0456,-0.0032,-0.4614,0.9727
gainesville:30827,gainesville,S2R_lbKYmP6fedplL8FA6w,post179,0,results.jsonl,-0.0697,-0.0321,-0.1019,-2.5928,0.9427
gainesville:30847,gainesville,c__e-e50dVwWVoWCBTU5Ig,post179,0,results.jsonl,-0.1236,1.0570,0.9334,0.5933,0.7015
gainesville:30848,gainesville,c__e-e50dVwWVoWCBTU5Ig,post179,0,results.jsonl,-0.5829,-0.3591,-0.9420,-1.2085,0.8213
gainesville:30859,gainesville,zb_V__SOE-MppzRRHWrqxQ,post179,0,results.jsonl,-0.3462,-1.3625,-1.7087,-2.4829,0.8056
gainesville:30862,gainesville,FeBFaLZREwSuFQJpmnFSLg,post179,0,results.jsonl,0.6859,0.9154,1.6012,1.9556,0.8630
gainesville:30864,gainesville,FeBFaLZREwSuFQJpmnFSLg,post179,0,results.jsonl,-0.1412,2.3248,2.1836,-0.9229,0.5918
gainesville:30865,gainesville,9D-oOS00uSg18nvfm8t9zQ,post179,0,results.jsonl,0.0745,-0.7631,-0.6886,-0.1099,0.7115
gainesville:30867,gainesville,df4VaRV_FV0bivWby0fD_Q,post179,0,results.jsonl,-0.1649,0.6928,0.5278,0.5273,0.6939
gainesville:30869,gainesville,df4VaRV_FV0bivWby0fD_Q,post179,0,results.jsonl,-0.1190,-0.7228,-0.8418,-1.0327,0.9244
gainesville:30871,gainesville,9D-oOS00uSg18nvfm8t9zQ,post179,0,results.jsonl,0.0734,0.7634,0.8368,0.1318,0.8294
gainesville:30873,gainesville,MXgOH_QayxTe_s0ll1ZGjg,post179,0,results.jsonl,0.9795,-0.7965,0.1830,-0.7251,0.6452
gainesville:30874,gainesville,MXgOH_QayxTe_s0ll1ZGjg,post179,0,results.jsonl,0.3510,-1.5304,-1.1794,-0.6372,0.5661
gainesville:30875,gainesville,UvwAT6Y5VGAhFyGuHqY-ew,post179,0,results.jsonl,0.7083,0.1789,0.8872,1.6919,0.9845
gainesville:30877,gainesville,UvwAT6Y5VGAhFyGuHqY-ew,post179,0,results.jsonl,0.3230,0.3672,0.6901,-1.2305,0.7387
gainesville:30895,gainesville,7AD7egLuL3i0WgFJ7dK5Og,post179,0,results.jsonl,-0.5102,-0.4320,-0.9422,-1.2964,0.9410
gainesville:30896,gainesville,b-0DnTU1BFzR1fq6SU_4qw,post179,0,results.jsonl,0.0035,-0.5091,-0.5056,-1.2524,0.7795
gainesville:30978,gainesville,BZGAo_Jn935fbRgyuHWPqw,post179,0,results.jsonl,0.4340,-0.0898,0.3442,-1.4062,0.8728
gainesville:30980,gainesville,YdhkYTV4VLEZgksg4cmtyQ,post179,0,results.jsonl,0.1676,-0.0383,0.1293,-2.3950,0.8466
gainesville:31029,gainesville,k5CP5ewmS-vXRxBY4PLsiw,post179,0,results.jsonl,0.0483,0.7184,0.7667,0.5933,0.8860
gainesville:31031,gainesville,k5CP5ewmS-vXRxBY4PLsiw,post179,0,results.jsonl,-0.0152,1.7092,1.6940,0.9229,0.8417
gainesville:31034,gainesville,p1rhaMIKuShTiJiAmLyR4g,post179,0,results.jsonl,0.4887,-0.1851,0.3037,-0.6812,0.7706
gainesville:31035,gainesville,p1rhaMIKuShTiJiAmLyR4g,post179,0,results.jsonl,0.7700,-0.0798,0.6901,1.1426,0.8576
gainesville:31196,gainesville,9e-0ngX9R54uefxarZjAwQ,post179,0,results.jsonl,-0.1365,0.6904,0.5540,0.5933,0.8227
gainesville:31207,gainesville,E38kXo7JZseF1aPJS2dsAw,post179,0,results.jsonl,0.9857,-0.0541,0.9316,-0.9009,0.9245
gainesville:31208,gainesville,E38kXo7JZseF1aPJS2dsAw,post179,0,results.jsonl,0.3374,-0.0838,0.2536,-0.4614,0.8475
gainesville:31211,gainesville,rIVGoN96-RsuR2UKYLL8Rg,post179,0,results.jsonl,-0.0353,-0.7789,-0.8143,-1.3623,0.9228
gainesville:31213,gainesville,rIVGoN96-RsuR2UKYLL8Rg,post179,0,results.jsonl,0.2624,0.7486,1.0109,0.9229,0.8412
gainesville:31214,gainesville,2IbX6A-a5RFPa13igTG1sQ,post179,0,results.jsonl,-1.0119,1.0191,0.0073,-0.4834,0.8863
gainesville:31216,gainesville,2IbX6A-a5RFPa13igTG1sQ,post179,0,results.jsonl,0.1522,2.1247,2.2769,0.8350,0.5569
gainesville:31227,gainesville,LmKlZsXkt5uc5wcGEsSNOg,post179,0,results.jsonl,1.6906,0.5294,2.2200,2.0435,0.8449
gainesville:31229,gainesville,LmKlZsXkt5uc5wcGEsSNOg,post179,0,results.jsonl,-1.2274,0.7779,-0.4495,-0.1318,0.7476
gainesville:31316,gainesville,VXYS250UVE-QSBJC7DkI7Q,post179,0,results.jsonl,-0.2787,2.2504,1.9717,1.6699,0.7142
gainesville:31353,gainesville,hUBkLaV1Y49rr53eS2LHvg,post179,0,results.jsonl,0.7896,0.6630,1.4527,1.3843,0.7625
gainesville:31385,gainesville,kuJnnhFrTi0ZR52V12InPg,post179,0,results.jsonl,-0.3577,0.7506,0.3929,-0.9229,0.8975
gainesville:31387,gainesville,hylL9n5U6qBxw9drE-tOvg,post179,0,results.jsonl,-0.4422,0.2903,-0.1519,-2.2632,0.6057
gainesville:31390,gainesville,hylL9n5U6qBxw9drE-tOvg,post179,0,results.jsonl,-0.5591,0.1063,-0.4529,-2.4170,0.9268
gainesville:31398,gainesville,b9lNrdugXlM7J446MLtlYQ,post179,0,results.jsonl,0.9588,0.2793,1.2381,0.4834,0.9054
gainesville:31400,gainesville,b9lNrdugXlM7J446MLtlYQ,post179,0,results.jsonl,-0.7601,0.5999,-0.1602,-2.5049,0.7670
gainesville:31420,gainesville,diPHsFm08mJ16t6MwrvAUQ,post179,0,results.jsonl,-0.6448,-0.3195,-0.9643,-2.0874,0.7320
gainesville:31425,gainesville,c__e-e50dVwWVoWCBTU5Ig,post179,0,results.jsonl,-0.5888,-0.3282,-0.9170,-1.7139,0.8213
gainesville:31446,gainesville,hgEKPC2kZnl2ePRgsRUSHQ,post179,0,results.jsonl,0.0548,-0.0439,0.0108,-3.5427,0.8108
gainesville:31490,gainesville,5-IOQ-lb4DTAlsTVr8NoWw,post179,0,results.jsonl,0.2481,-0.4092,-0.1611,-2.7246,0.8874
gainesville:31492,gainesville,5-IOQ-lb4DTAlsTVr8NoWw,post179,0,results.jsonl,-0.2330,-0.4397,-0.6727,-1.3623,0.6332
gainesville:31494,gainesville,5-IOQ-lb4DTAlsTVr8NoWw,post179,1,results.jsonl,-0.2484,0.4085,0.1601,0.8569,0.9203
gainesville:31554,gainesville,LrSPoZgOxGxMpWz3N6gFpw,post179,0,results.jsonl,-0.6468,0.6658,0.0190,-0.0439,0.9428
gainesville:31564,gainesville,lbiNMyop3Ihlw3tUSTF-dA,post179,0,results.jsonl,-0.2036,0.3145,0.1110,-0.9009,0.9615
gainesville:31594,gainesville,SkiAoDq-xvIFm_RQNIwI1w,post179,0,results.jsonl,-0.5802,0.2583,-0.3219,-1.4941,0.9045
gainesville:31605,gainesville,-88-6wUCtYG9-XwARiyJCg,post179,0,results.jsonl,1.6642,0.6721,2.3363,1.9556,0.8239
gainesville:31606,gainesville,1_e3k7FQdn_cpSKrEHHs2w,post179,0,results.jsonl,0.2001,0.0554,0.2556,-0.4395,0.9177
gainesville:31610,gainesville,7tmWRrYcsvfLfywmqu_RiA,post179,0,results.jsonl,1.0144,-0.4000,0.6144,0.3516,0.8056
gainesville:31615,gainesville,p-7EbAaxorAar9fwjCUxKA,post179,0,results.jsonl,0.1233,1.7021,1.8254,-1.6479,0.6932
gainesville:31629,gainesville,CbyP9NbJnnCudmk60-q23w,post179,0,results.jsonl,1.3000,0.5904,1.8904,0.4614,0.6596
gainesville:31631,gainesville,fv3E_tE5oFzeQV5zbVJ2dw,post179,0,results.jsonl,0.4737,-0.2579,0.2158,-1.1646,0.6047
gainesville:31634,gainesville,M5BZjsQVvluBVN8oDawFrg,post179,0,results.jsonl,-1.3117,0.1802,-1.1315,-2.2716,0.5531
gainesville:31636,gainesville,rCdbiSqQeI4bptXuTGv-Lg,post179,0,results.jsonl,0.0099,0.9940,1.0039,-1.6040,0.6616
gainesville:31637,gainesville,bYIi7TmXtEiAPfT1RO4ExQ,post179,0,results.jsonl,-0.0254,0.0428,0.0173,0.8789,0.6760
gainesville:31638,gainesville,hVULvEXHC-J5u9tWWe_RUg,post179,0,results.jsonl,0.4919,0.5818,1.0737,-0.8789,0.7776
gainesville:31639,gainesville,tCevVex-2Wv6-OzivEttWg,post179,0,results.jsonl,0.2699,0.3091,0.5791,-0.1978,0.9271
gainesville:31797,gainesville,zA-84wBacUtQscd9BAz82Q,post179,0,results.jsonl,0.2327,0.3377,0.5705,0.9229,0.9452
gainesville:31812,gainesville,b5OPTLzjT6nfdF99GJmf0g,post179,0,results.jsonl,-1.1818,0.8529,-0.3289,-2.0654,0.8975
gainesville:31820,gainesville,ALRwktry_QAY7LSnRDzuug,post179,0,results.jsonl,1.0805,-0.1751,0.9053,0.1978,0.9219
gainesville:31822,gainesville,ALRwktry_QAY7LSnRDzuug,post179,0,results.jsonl,0.6676,-0.2870,0.3806,0.7251,0.9034
gainesville:31836,gainesville,JH6AyRc_O-R-NIaMDabroQ,post179,0,results.jsonl,0.6562,0.3140,0.9702,-1.0986,0.7616
gainesville:31838,gainesville,EffMEWk1UTy7O1k8BAqOnQ,post179,0,results.jsonl,-0.6154,0.6377,0.0223,-0.0879,0.8598
gainesville:31840,gainesville,EffMEWk1UTy7O1k8BAqOnQ,post179,0,results.jsonl,0.6557,0.5132,1.1689,-0.0879,0.8590
gainesville:31841,gainesville,Fyi_aAoIHLiLYAuJKoSSKw,post179,0,results.jsonl,2.3568,-0.0121,2.3448,3.0103,0.8347
gainesville:31844,gainesville,FQV1uEEdwhETynnTFfKymA,post179,0,results.jsonl,-0.3402,0.7368,0.3966,-0.0879,0.6498
gainesville:31849,gainesville,Rfz47M9L6IC3cbsReMkIWA,post179,0,results.jsonl,0.3552,0.3309,0.6862,1.9995,0.5886
gainesville:31854,gainesville,2LfYhL1KWxDijVjnw5HDfg,post179,0,results.jsonl,-0.0491,1.4948,1.4456,-0.0220,0.7256
gainesville:31858,gainesville,uN3WiS_BzWoLtM562n842g,post179,0,results.jsonl,0.0062,1.4643,1.4705,-0.8789,0.7290
gainesville:31921,gainesville,NKj0dlbTLs9sdtTN6htWIQ,post179,0,results.jsonl,0.7184,1.3133,2.0316,1.2524,0.5521
gainesville:31922,gainesville,KMxqWMF65SF7-JD8Q7L3eQ,post179,0,results.jsonl,0.0660,1.4871,1.5532,1.7578,0.8727
gainesville:31924,gainesville,4agXptSENBgZrqdlfCVWfg,post179,0,results.jsonl,-0.0471,1.7763,1.7292,1.0107,0.8806
gainesville:31925,gainesville,idUMeFrCLXZEZmE2eGwyOw,post179,0,results.jsonl,1.9549,0.2069,2.1617,2.6807,0.8639
gainesville:31927,gainesville,idUMeFrCLXZEZmE2eGwyOw,post179,0,results.jsonl,-0.1333,-0.8088,-0.9420,-1.6919,0.6995
gainesville:31928,gainesville,idUMeFrCLXZEZmE2eGwyOw,post179,0,results.jsonl,0.9139,-0.7230,0.1909,0.2856,0.7510
gainesville:31935,gainesville,Zfw_3R9KlJgJq_7CxnT9_A,post179,0,results.jsonl,-0.2199,0.5040,0.2841,0.7251,0.8293
gainesville:31936,gainesville,Zfw_3R9KlJgJq_7CxnT9_A,post179,0,results.jsonl,0.6220,-0.3036,0.3184,-0.1099,0.9021
gainesville:31975,gainesville,IFjX2CatoqDwj1TaLYPX9A,post179,0,results.jsonl,-0.1527,-1.2960,-1.4487,-1.4282,0.9456
gainesville:31976,gainesville,IFjX2CatoqDwj1TaLYPX9A,post179,0,results.jsonl,-0.2412,-1.2537,-1.4949,-2.6147,0.7555
gainesville:31979,gainesville,IFjX2CatoqDwj1TaLYPX9A,post179,0,results.jsonl,-0.2354,1.2571,1.0217,-0.8789,0.6869
gainesville:31983,gainesville,kQzu8zEQkvK0fHnoSphIoQ,post179,0,results.jsonl,0.2149,-1.3271,-1.1122,-4.8779,0.6116
gainesville:31986,gainesville,IFjX2CatoqDwj1TaLYPX9A,post179,0,results.jsonl,-0.5490,-0.9049,-1.4539,-1.9995,0.8049
gainesville:31999,gainesville,NUukYF92yhUrjYv97_hAAA,post179,0,results.jsonl,0.9894,-0.3014,0.6880,0.4175,0.9085
gainesville:32001,gainesville,NUukYF92yhUrjYv97_hAAA,post179,0,results.jsonl,0.7422,0.4341,1.1763,0.1538,0.9818
gainesville:32002,gainesville,NUukYF92yhUrjYv97_hAAA,post179,0,results.jsonl,0.4583,0.5159,0.9742,1.0767,0.8963
gainesville:32004,gainesville,NUukYF92yhUrjYv97_hAAA,post179,0,results.jsonl,-0.8404,0.3912,-0.4492,-0.7690,0.9153
gainesville:32005,gainesville,NUukYF92yhUrjYv97_hAAA,post179,0,results.jsonl,-1.0981,0.1979,-0.9003,-0.4834,0.9774
gainesville:32007,gainesville,NUukYF92yhUrjYv97_hAAA,post179,0,results.jsonl,-1.1280,-0.1548,-1.2829,-1.9775,0.9203
gainesville:32033,gainesville,ZVafdaMeEjCdN7hnmBqb_w,post179,0,results.jsonl,-0.4552,-0.7013,-1.1565,-1.8457,0.8589
gainesville:32036,gainesville,aaOT6U3O_gFTwj5V6T0xqg,post179,0,results.jsonl,-0.0845,1.5721,1.4877,-0.0220,0.6143
gainesville:32044,gainesville,BqNxcW2jD1AnG0u8OYpizQ,post179,0,results.jsonl,-1.0924,1.1502,0.0578,0.3076,0.8645
gainesville:32050,gainesville,04DrRoEz9g98wUdjSZGqyw,post179,0,results.jsonl,0.7135,-2.0120,-1.2985,-1.0327,0.9025
gainesville:32052,gainesville,04DrRoEz9g98wUdjSZGqyw,post179,0,results.jsonl,1.2313,1.7457,2.9770,1.9775,0.7773
gainesville:32076,gainesville,zdhshJdVdws81TnJEs_t8w,post179,0,results.jsonl,0.1331,-1.7261,-1.5930,-1.9775,0.9415
gainesville:32078,gainesville,zdhshJdVdws81TnJEs_t8w,post179,0,results.jsonl,0.1707,1.4497,1.6203,1.1206,0.8698
gainesville:32110,gainesville,qmA-zp4CfYfoiaDmjN6MMA,post179,0,results.jsonl,0.1808,-1.3351,-1.1542,-2.7905,0.9056
gainesville:32112,gainesville,qmA-zp4CfYfoiaDmjN6MMA,post179,0,results.jsonl,-0.3198,-1.0586,-1.3783,-1.6919,0.9406
gainesville:32120,gainesville,Q7v_ZWuNtCL7_DziXbKNEQ,post179,0,results.jsonl,-0.0054,0.4406,0.4352,-0.2856,0.9159
gainesville:32122,gainesville,Q7v_ZWuNtCL7_DziXbKNEQ,post179,0,results.jsonl,-0.0056,-0.4287,-0.4343,0.5493,0.8066
gainesville:32125,gainesville,Q7v_ZWuNtCL7_DziXbKNEQ,post179,0,results.jsonl,0.0024,-0.5789,-0.5765,-1.2964,0.9136
gainesville:32137,gainesville,_-KZCiOUuvr6BOxHfH25lA,post179,0,results.jsonl,-0.1055,0.7980,0.6925,-1.0006,0.8630
gainesville:32140,gainesville,1vzhzrShi-b7_lw4IfiHtg,post179,0,results.jsonl,-0.3699,0.4910,0.1211,0.5679,0.7474
gainesville:32142,gainesville,EEwl-rbtxygbI5nbpLMX0g,post179,0,results.jsonl,-1.4664,-0.3321,-1.7986,-3.8131,0.8879
gainesville:32161,gainesville,8C8dCJrZDQ7vTCTUL5d0ug,post179,0,results.jsonl,0.0741,1.0312,1.1053,1.2305,0.9581
gainesville:32163,gainesville,DwvF_3NyiKcfzcT0Cs7p-A,post179,0,results.jsonl,0.6067,0.0062,0.6130,1.1646,0.8582
gainesville:32166,gainesville,8cOgb1C4nVGV60YrX6Psqw,post179,0,results.jsonl,0.3327,0.2928,0.6254,-0.1978,0.7391
gainesville:32215,gainesville,HReYikxBH2ShgMmgJnPISQ,post179,0,results.jsonl,0.4618,2.1065,2.5684,3.2300,0.9517
gainesville:32231,gainesville,0GgJmJL0bYuqKeOJgDpW8g,post179,0,results.jsonl,-1.5728,0.5021,-1.0706,-1.4722,0.8780
gainesville:32233,gainesville,vbW2W3-AE2tr1NJYHCuHgw,post179,0,results.jsonl,-0.8847,0.3119,-0.5728,0.5933,0.6590
gainesville:32239,gainesville,r3O3RWT9OL2bO6gUxcIN0w,post179,0,results.jsonl,0.2804,-0.0690,0.2113,0.7031,0.9668
gainesville:32251,gainesville,14MJ8XYZvjU1ODkWKl7YBg,post179,0,results.jsonl,0.2836,0.0641,0.3477,1.3623,0.8536
gainesville:32253,gainesville,14MJ8XYZvjU1ODkWKl7YBg,post179,0,results.jsonl,0.3372,-0.0458,0.2914,0.1318,0.8486
gainesville:32260,gainesville,mC7GmTRG_XhK317XZSZ1Ig,post179,0,results.jsonl,-0.6670,0.8289,0.1618,0.5933,0.7905
gainesville:32263,gainesville,8G1O_W8dRSwujhhxeg4WYw,post179,0,results.jsonl,-2.2073,0.2096,-1.9976,-1.7578,0.8259
gainesville:32267,gainesville,8G1O_W8dRSwujhhxeg4WYw,post179,0,results.jsonl,0.0876,-0.6814,-0.5938,-2.1094,0.8750
gainesville:32268,gainesville,8G1O_W8dRSwujhhxeg4WYw,post179,0,results.jsonl,-0.4504,-0.6689,-1.1193,-2.2446,0.9164
gainesville:32282,gainesville,ex2xM-YwlmgWMCthnbV7aQ,post179,0,results.jsonl,0.1446,0.5249,0.6695,-0.4614,0.7294
gainesville:32287,gainesville,pWYUmF0s9xCtseOKZUhQng,post179,0,results.jsonl,-0.0302,0.6682,0.6380,-1.0006,0.8617
gainesville:32302,gainesville,OpbklI22iSMHqLp-IgjchQ,post179,0,results.jsonl,-0.3449,-1.4903,-1.8352,0.3245,0.7436
gainesville:32305,gainesville,Q9659zhQfQ29Rv28BGs3Ag,post179,0,results.jsonl,0.2015,-0.5712,-0.3697,-0.3076,0.9284
gainesville:32307,gainesville,Q9659zhQfQ29Rv28BGs3Ag,post179,0,results.jsonl,0.3303,-0.2880,0.0423,0.3296,0.8325
gainesville:32309,gainesville,Q9659zhQfQ29Rv28BGs3Ag,post179,0,results.jsonl,0.3510,-0.1817,0.1693,0.1978,0.8447
gainesville:32311,gainesville,Q9659zhQfQ29Rv28BGs3Ag,post179,0,results.jsonl,0.3414,0.2380,0.5794,0.7251,0.6918
gainesville:32314,gainesville,bWbKa3zXnjZDO1eFx3IPsw,post179,0,results.jsonl,0.8716,-1.2188,-0.3472,-1.4874,0.8815
gainesville:32319,gainesville,y8ZRq9GGChlCn4Fi4B1sVA,post179,1,results.jsonl,0.1031,1.4798,1.5829,0.1099,0.9161
gainesville:32320,gainesville,y8ZRq9GGChlCn4Fi4B1sVA,post179,0,results.jsonl,0.1189,-1.3060,-1.1871,-0.1978,0.7559
gainesville:32344,gainesville,ZbvYzPp9CK47OCx04LUHsg,post179,0,results.jsonl,-0.0017,-1.7612,-1.7629,-1.9775,0.8677
gainesville:32379,gainesville,duipuRtuoF_wkLN8NXE_4Q,post179,0,results.jsonl,0.8711,-0.7125,0.1586,0.4614,0.9104
gainesville:32405,gainesville,f0R8kUjKFG7kzlL7wKMWWg,post179,0,results.jsonl,0.6371,-1.5075,-0.8704,-1.1646,0.9144
gainesville:32407,gainesville,f0R8kUjKFG7kzlL7wKMWWg,post179,0,results.jsonl,0.8396,-0.9382,-0.0987,0.8130,0.8307
gainesville:32408,gainesville,sWknDO8n4r8Udl4zxHxvNg,post179,0,results.jsonl,-0.1412,2.6850,2.5437,1.3623,0.7907
gainesville:32410,gainesville,sWknDO8n4r8Udl4zxHxvNg,post179,0,results.jsonl,0.2162,1.8516,2.0678,0.9448,0.7848
gainesville:32411,gainesville,sWknDO8n4r8Udl4zxHxvNg,post179,0,results.jsonl,0.1545,-2.5799,-2.4254,-4.6143,0.8323
gainesville:32416,gainesville,UTHRBkOHNjjQffvQ1unRlQ,post179,0,results.jsonl,0.2719,1.7176,1.9894,2.1533,0.6509
gainesville:32418,gainesville,DpAz8T_9V5hGuNLRF9-FTA,post179,0,results.jsonl,0.3684,1.2722,1.6405,0.8789,0.9164
gainesville:32428,gainesville,ubEuuNV6tkyHij6ACt4M5Q,post179,0,results.jsonl,-3.6980,1.5494,-2.1486,-2.3730,0.9307
gainesville:32429,gainesville,ubEuuNV6tkyHij6ACt4M5Q,post179,0,results.jsonl,4.3337,1.1907,5.5244,3.0542,0.9270
gainesville:32436,gainesville,sLS0JFLq8CldHmrEZCztkA,post179,0,results.jsonl,-1.1538,0.4882,-0.6656,-0.7910,0.8674
gainesville:32438,gainesville,sLS0JFLq8CldHmrEZCztkA,post179,0,results.jsonl,0.2090,0.8399,1.0489,-0.0439,0.9366
gainesville:32441,gainesville,oLCMQctize2hZVlklcs0Ww,post179,0,results.jsonl,0.1827,0.3733,0.5559,0.2856,0.5984
gainesville:32469,gainesville,TktqC6HI0o9l6KTj98VJuw,post179,0,results.jsonl,2.0934,0.8110,2.9044,1.4282,0.8369
gainesville:32535,gainesville,-7cRAciIV87iBdvXpKQ7dA,post179,0,results.jsonl,1.4216,0.4136,1.8353,0.2856,0.8683
gainesville:32541,gainesville,-7cRAciIV87iBdvXpKQ7dA,post179,0,results.jsonl,-0.7349,0.7673,0.0323,0.3735,0.8530
gainesville:32543,gainesville,M4NNkvixey54sWMilwTTGg,post179,0,results.jsonl,-0.0849,-1.1748,-1.2597,-1.3623,0.8666
gainesville:32545,gainesville,M4NNkvixey54sWMilwTTGg,post179,0,results.jsonl,-0.2611,-0.0880,-0.3491,-1.2085,0.9789
gainesville:32546,gainesville,srMhZIfkaO8mGHYnBJuDfg,post179,0,results.jsonl,0.1885,1.1368,1.3252,1.2710,0.9090
gainesville:32548,gainesville,srMhZIfkaO8mGHYnBJuDfg,post179,0,results.jsonl,-0.2362,-1.1161,-1.3522,-1.8660,0.6981
gainesville:32549,gainesville,65kxFTBgmbOPUQbC612rdg,post179,0,results.jsonl,-0.2898,-0.7453,-1.0352,-2.0435,0.9910
gainesville:32551,gainesville,65kxFTBgmbOPUQbC612rdg,post179,0,results.jsonl,-0.2152,0.7516,0.5364,0.3516,0.8089
gainesville:32553,gainesville,M4NNkvixey54sWMilwTTGg,post179,0,results.jsonl,0.1908,0.8501,1.0409,2.3291,0.9451
gainesville:32557,gainesville,1CvvANAk4EUbbRTMPRs5QQ,post179,0,results.jsonl,0.3861,1.5807,1.9668,-0.3786,0.8294
gainesville:32558,gainesville,1CvvANAk4EUbbRTMPRs5QQ,post179,0,results.jsonl,0.4781,-1.4602,-0.9821,-1.5685,0.8952
gainesville:32559,gainesville,M-UgNhaM8cAH1WnRZlQZlA,post179,0,results.jsonl,-1.3604,0.0635,-1.2969,-1.0986,0.8154
gainesville:32560,gainesville,qvC6yW1mJxj9hbBzxq5Vkg,post179,0,results.jsonl,0.5909,0.2107,0.8016,-0.7910,0.8698
gainesville:32561,gainesville,ji6_0H17i45-3vbsBztCnQ,post179,0,results.jsonl,-0.3455,1.4582,1.1127,-1.0107,0.6901
gainesville:32562,gainesville,ji6_0H17i45-3vbsBztCnQ,post179,0,results.jsonl,0.7866,0.9332,1.7198,-0.6152,0.9491
gainesville:32563,gainesville,HcRKAZu4TZwzHZGnVu1qRA,post179,0,results.jsonl,-0.9994,-0.1282,-1.1276,-2.6367,0.9872
gainesville:32568,gainesville,HcRKAZu4TZwzHZGnVu1qRA,post179,0,results.jsonl,1.1857,-0.0785,1.1073,1.5381,0.9120
gainesville:32569,gainesville,Tqb1XXnZs7Nk5MO-Z1WXCg,post179,0,results.jsonl,0.2986,-1.6408,-1.3422,-2.5928,0.8446
gainesville:32570,gainesville,Tqb1XXnZs7Nk5MO-Z1WXCg,post179,0,results.jsonl,-0.1655,-1.6909,-1.8564,-1.9775,0.7394
gainesville:32572,gainesville,T14UkVfwTGcHCjZBfUsExw,post179,0,results.jsonl,0.4614,3.6461,4.1075,2.5962,0.8361
gainesville:32585,gainesville,F6q8q7HFYOV0jK77DHZwag,post179,0,results.jsonl,0.3434,0.2454,0.5889,-2.1313,0.9100
gainesville:32593,gainesville,NYdDdvTWjeeWUyGhMrUDew,post179,0,results.jsonl,-0.0023,-0.1868,-0.1891,0.3076,0.8995
gainesville:32596,gainesville,xHsZmf-WhjJXh7SUjfZK_w,post179,0,results.jsonl,0.8147,-1.4413,-0.6265,0.2197,0.8650
gainesville:32597,gainesville,xHsZmf-WhjJXh7SUjfZK_w,post179,0,results.jsonl,1.4272,-0.1670,1.2602,2.8564,0.8160
gainesville:32599,gainesville,Z0FBlStEZs7ErZLC0QO0Vw,post179,0,results.jsonl,-2.2053,1.3559,-0.8494,-0.7690,0.8032
gainesville:32600,gainesville,Z0FBlStEZs7ErZLC0QO0Vw,post179,0,results.jsonl,3.0845,0.9958,4.0803,3.0542,0.6627
gainesville:32601,gainesville,Z0FBlStEZs7ErZLC0QO0Vw,post179,0,results.jsonl,1.7734,1.4667,3.2401,4.1968,0.9793
gainesville:32618,gainesville,CHyg56SbQAEhv9cJkw2ovw,post179,0,results.jsonl,-0.6310,0.4832,-0.1478,-0.4834,0.9460
gainesville:32619,gainesville,CHyg56SbQAEhv9cJkw2ovw,post179,0,results.jsonl,-0.3538,1.7227,1.3689,1.2085,0.9285
gainesville:32635,gainesville,gVtrXR9rny0Db5rKj7Vj4A,post179,0,results.jsonl,-1.8250,0.3634,-1.4616,-1.9336,0.8375
gainesville:32652,gainesville,S_TwOCDq5QyAVEaIxCuJWw,post179,0,results.jsonl,2.0175,-0.2211,1.7964,2.5488,0.9439
gainesville:32709,gainesville,Hb-0Bw-xfoHMho6e7H2S-Q,post179,0,results.jsonl,-0.3371,-1.6956,-2.0328,-3.7134,0.6375
gainesville:32713,gainesville,cfkKpV7ds3aDL6yoX-nWig,post179,0,results.jsonl,-0.8971,0.0383,-0.8588,-1.5144,0.8182
gainesville:32726,gainesville,5-IOQ-lb4DTAlsTVr8NoWw,post179,0,results.jsonl,0.2427,-0.4206,-0.1779,-3.2080,0.8874
gainesville:32728,gainesville,5-IOQ-lb4DTAlsTVr8NoWw,post179,0,results.jsonl,-0.2336,-0.4385,-0.6721,-1.2524,0.6332
gainesville:32730,gainesville,5-IOQ-lb4DTAlsTVr8NoWw,post179,0,results.jsonl,-0.2479,0.4096,0.1616,0.8569,0.9203
gainesville:32744,gainesville,AiL5ooVV82HHxyGpczTg6Q,post179,0,results.jsonl,-0.3438,1.3836,1.0398,-0.0879,0.8271
gainesville:32746,gainesville,VLDcdsZfsvDrxZ0ciRizkg,post179,0,results.jsonl,0.8860,-1.2061,-0.3201,-0.0879,0.7204
gainesville:32748,gainesville,VLDcdsZfsvDrxZ0ciRizkg,post179,0,results.jsonl,0.9490,1.0535,2.0026,-0.1318,0.8696
gainesville:32779,gainesville,uSGcD6wrN3imHT68LBggFA,post179,0,results.jsonl,0.5621,-0.2574,0.3047,-1.3403,0.6977
gainesville:32800,gainesville,hRGzyk1PAJvTLRS-tdUDLg,post179,0,results.jsonl,1.1303,0.1671,1.2974,1.2524,0.9054
gainesville:32803,gainesville,vee2nLoDdXUB3QOh7FFgow,post179,0,results.jsonl,0.6376,0.4717,1.1093,2.4609,0.9044
gainesville:32805,gainesville,vee2nLoDdXUB3QOh7FFgow,post179,0,results.jsonl,-0.1147,0.4989,0.3842,1.5161,0.7547
gainesville:32807,gainesville,BlePwtAMT2E0ZUlmwaZabQ,post179,0,results.jsonl,1.4170,0.0263,1.4434,1.1206,0.6454
gainesville:32816,gainesville,93gPx8D3XJ--XYBNLw89yg,post179,0,results.jsonl,-0.6866,0.3288,-0.3578,-2.0654,0.9139
gainesville:32817,gainesville,93gPx8D3XJ--XYBNLw89yg,post179,0,results.jsonl,-0.4576,-0.7607,-1.2182,-0.1538,0.8495
gainesville:32820,gainesville,sA5_unavnx8LbS6EGvjNIg,post179,0,results.jsonl,2.1530,-0.3749,1.7782,1.0547,0.5541
gainesville:32875,gainesville,YMoMgphoe4BSXE7BvPcbxQ,post179,0,results.jsonl,-0.0465,-2.6068,-2.6532,-1.6040,0.6623
gainesville:32881,gainesville,21YA1B3kijODHI4rpnR7oQ,post179,0,results.jsonl,0.0714,0.8841,0.9555,2.4609,0.7280
gainesville:32884,gainesville,g4XlRjhpBANOEPYHugpitA,post179,0,results.jsonl,0.3181,1.1755,1.4936,-0.5713,0.7161
gainesville:32888,gainesville,FKSRaCvKVEKh40wKEg85mA,post179,0,results.jsonl,-0.7662,0.3490,-0.4172,-0.8350,0.7906
gainesville:32891,gainesville,VQeR5b2F4GxQgbl8gUgvQg,post179,0,results.jsonl,-1.4944,0.0130,-1.4814,-1.8457,0.7077
gainesville:32895,gainesville,8yYenUSD95FmA-Un1AYIug,post179,0,results.jsonl,-2.3185,0.1994,-2.1191,-2.0874,0.8130
gainesville:32896,gainesville,8yYenUSD95FmA-Un1AYIug,post179,0,results.jsonl,-1.1217,-0.3635,-1.4851,-1.7578,0.7461
gainesville:32909,gainesville,KqZzM0v2PbaoxQmq6wk3Xw,post179,0,results.jsonl,-1.2669,-0.1028,-1.3696,-2.7686,0.6057
gainesville:32911,gainesville,2_N-SgsI8TkZFBnyr_WJCQ,post179,0,results.jsonl,-1.1134,-0.0549,-1.1683,-1.5601,0.7452
gainesville:32913,gainesville,2_N-SgsI8TkZFBnyr_WJCQ,post179,0,results.jsonl,-0.9018,0.0657,-0.8361,0.5273,0.8513
gainesville:32917,gainesville,7IdNI60aTlJq1JISb7poIA,post179,0,results.jsonl,0.0266,0.0053,0.0319,0.0879,0.6994
gainesville:32919,gainesville,7IdNI60aTlJq1JISb7poIA,post179,0,results.jsonl,0.0073,-0.0090,-0.0017,-1.2085,0.8320
gainesville:32920,gainesville,JAqQcyfymVkpcRWSZj-8YQ,post179,0,results.jsonl,0.0913,-0.6160,-0.5247,-1.3403,0.5902
gainesville:32958,gainesville,liYadV70hyyJtXqyVAUOgg,post179,0,results.jsonl,-1.2830,0.0770,-1.2060,0.7690,0.9020
gainesville:32964,gainesville,ugFXtCzYfvylhGZii71ckg,post179,0,results.jsonl,-1.5563,0.1774,-1.3790,-0.4395,0.7527
gainesville:32982,gainesville,e3PEX0QDgayA6mPKA4K6tw,post179,0,results.jsonl,0.5800,-0.9198,-0.3397,-0.5054,0.9137
gainesville:32985,gainesville,vnRjHmnyofYaLLqqeH0BmA,post179,0,results.jsonl,0.5014,-0.0503,0.4511,3.2520,0.8359
gainesville:32987,gainesville,vnRjHmnyofYaLLqqeH0BmA,post179,0,results.jsonl,-0.1797,0.0544,-0.1252,-0.0220,0.8312
gainesville:33068,gainesville,5tt1V0jzeahRFCPYdqYSBw,post179,0,results.jsonl,0.8622,-0.0137,0.8485,1.6260,0.8939
gainesville:33125,gainesville,eGXbQD7Bay5-lvSG9s1_lQ,post179,0,results.jsonl,0.0629,0.2359,0.2988,-1.3843,0.8482
gainesville:33126,gainesville,eGXbQD7Bay5-lvSG9s1_lQ,post179,0,results.jsonl,-0.1700,0.0876,-0.0824,-0.2856,0.8152
gainesville:33129,gainesville,eGXbQD7Bay5-lvSG9s1_lQ,post179,0,results.jsonl,-0.1510,-0.1393,-0.2903,0.5273,0.9401
gainesville:33131,gainesville,eGXbQD7Bay5-lvSG9s1_lQ,post179,0,results.jsonl,0.0259,-0.2489,-0.2230,-0.9668,0.8981
gainesville:33137,gainesville,NqG4FJwAd6G0LprkI_oObQ,post179,0,results.jsonl,-1.5575,0.5226,-1.0349,-2.1313,0.8596
gainesville:33138,gainesville,NqG4FJwAd6G0LprkI_oObQ,post179,0,results.jsonl,-1.7345,-0.4229,-2.1574,-1.9556,0.8366
gainesville:33207,gainesville,1Oacmefbn7e-3icZMljEsA,post179,0,results.jsonl,0.2731,0.1985,0.4716,-1.0547,0.8354
gainesville:33209,gainesville,1Oacmefbn7e-3icZMljEsA,post179,0,results.jsonl,0.1407,-0.2232,-0.0825,-0.6372,0.9875
gainesville:33225,gainesville,OaZYdikwZABfR39ZXG6hgw,post179,0,results.jsonl,0.5512,-0.1036,0.4476,-0.0439,0.6126
gainesville:33227,gainesville,FIWxeD_8xnQl5-GnA8LxyQ,post179,0,results.jsonl,-0.4813,-0.2615,-0.7427,-0.6812,0.6940
gainesville:33238,gainesville,CjXNw3pUsmuloTfeQQ6ndQ,post179,0,results.jsonl,0.8689,0.6940,1.5629,1.9995,0.6891
gainesville:33241,gainesville,CjXNw3pUsmuloTfeQQ6ndQ,post179,0,results.jsonl,0.5590,-0.7330,-0.1740,-0.5493,0.8714
gainesville:33258,gainesville,PoNwnmBy3Bug2w8cXNMseg,post179,0,results.jsonl,0.4899,0.3198,0.8097,-1.9116,0.7767
gainesville:33266,gainesville,R_yrsn1CxmEDjqXxbTHq7A,post179,0,results.jsonl,0.0305,0.6907,0.7212,0.2417,0.7238
gainesville:33287,gainesville,iHJSqGwaig5cxqLg7F0_iQ,post179,0,results.jsonl,0.7278,0.5112,1.2391,0.9736,0.8547
gainesville:33379,gainesville,pFSu2AKnI_y7xiZmN7OfkQ,post179,0,results.jsonl,-0.0476,0.3634,0.3158,-0.9888,0.7354
gainesville:33382,gainesville,l_H_TsiXTGoayuFzYU1njw,post179,0,results.jsonl,-0.0357,-0.9416,-0.9773,-1.8457,0.9355
gainesville:33384,gainesville,l_H_TsiXTGoayuFzYU1njw,post179,0,results.jsonl,-0.1863,0.8769,0.6906,-0.2856,0.6752
gainesville:33387,gainesville,nCaCaYcBx-OieYWVn31dGg,post179,0,results.jsonl,-0.8238,-0.1253,-0.9491,-1.4502,0.7636
gainesville:33416,gainesville,LAygDj_sfuYFW2oei1FQEw,post179,0,results.jsonl,0.1818,-0.1495,0.0323,0.1893,0.8766
gainesville:33417,gainesville,LAygDj_sfuYFW2oei1FQEw,post179,0,results.jsonl,0.2002,0.1436,0.3437,-1.2981,0.9176
gainesville:33419,gainesville,JpVAGnuMG7lJh6eb8XrUdw,post179,0,results.jsonl,0.2681,-0.4235,-0.1554,-1.5415,0.8385
gainesville:33421,gainesville,JpVAGnuMG7lJh6eb8XrUdw,post179,0,results.jsonl,0.5850,0.4049,0.9900,-0.7572,0.6803
gainesville:33424,gainesville,3GxEBIg1eXwtVSvUDkp5SQ,post179,0,results.jsonl,-0.0108,0.4602,0.4494,1.6040,0.9167
gainesville:33616,gainesville,eBo4P9smU6qPSYrxuz0mhA,post179,1,results.jsonl,-0.7661,-0.9002,-1.6663,-3.5376,0.8922
gainesville:33618,gainesville,deV5y3DC4Dn4S2EYSpChQg,post179,0,results.jsonl,-0.0467,-0.2774,-0.3240,-0.9009,0.9128
gainesville:33620,gainesville,t3ccRZlH3iCuUeZVYSsqnw,post179,0,results.jsonl,0.2985,-0.5842,-0.2857,-0.5054,0.9635
gainesville:33622,gainesville,t3ccRZlH3iCuUeZVYSsqnw,post179,0,results.jsonl,0.9246,0.5176,1.4422,1.4062,0.6137
gainesville:33631,gainesville,AfTQa_Xshb9q73xLs4_ykQ,post179,0,results.jsonl,0.2439,-3.1644,-2.9206,-4.5703,0.6743
gainesville:33638,gainesville,6DMMmrSSsAqOXNsDliAl0Q,post179,0,results.jsonl,-0.9223,-1.0840,-2.0063,-3.3179,0.8929
gainesville:33641,gainesville,onlGcKDcnUiytZgVS9yRyQ,post179,0,results.jsonl,0.3574,0.5690,0.9264,-0.3296,0.7753
gainesville:33644,gainesville,onlGcKDcnUiytZgVS9yRyQ,post179,0,results.jsonl,-0.2899,0.6561,0.3662,0.0220,0.8706
gainesville:33645,gainesville,Do05VFoA_yPQk2lsuVgLlg,post179,0,results.jsonl,0.0159,0.6812,0.6971,0.0000,0.6865
gainesville:33650,gainesville,aA3-XGG8sTb-ZBlweN1Wgw,post179,0,results.jsonl,0.0767,-1.0714,-0.9947,-0.1758,0.7965
gainesville:33661,gainesville,g4XlRjhpBANOEPYHugpitA,post179,0,results.jsonl,0.3330,1.1615,1.4945,-0.2417,0.7161
gainesville:33662,gainesville,21YA1B3kijODHI4rpnR7oQ,post179,0,results.jsonl,0.0718,0.8822,0.9541,2.2412,0.7280
gainesville:33667,gainesville,qZYwoOkVZDxhhbaEYTS9Ww,post179,0,results.jsonl,0.2079,-2.1590,-1.9511,-3.0322,0.6487
gainesville:33677,gainesville,soCPb9HFDAnGV-vXS72hcg,post179,0,results.jsonl,0.1032,1.3312,1.4344,-0.1538,0.8213
gainesville:33679,gainesville,AAFxUYV9qHMWtqLU-7fsUg,post179,0,results.jsonl,-0.0242,1.2719,1.2477,1.0986,0.6744
gainesville:33680,gainesville,n2fcy_iGohZw9h8B2xxJMw,post179,0,results.jsonl,-0.4423,0.4513,0.0091,-2.5488,0.8571
gainesville:33687,gainesville,vn3GN5lnBm7mwq4suWtE3Q,post179,0,results.jsonl,0.5591,-1.6944,-1.1353,-2.8784,0.8867
gainesville:33688,gainesville,vn3GN5lnBm7mwq4suWtE3Q,post179,0,results.jsonl,0.4945,2.1063,2.6008,4.9658,0.6163
gainesville:33690,gainesville,TQPLvTxsJIYeG0km7ZgU-g,post179,0,results.jsonl,-0.3625,1.4658,1.1033,-1.4502,0.8183
gainesville:33699,gainesville,KgHnhZ-6_yxJatGURDrPmg,post179,0,results.jsonl,-1.1051,0.5869,-0.5183,-0.5054,0.7158
gainesville:33720,gainesville,2xNvf7XTdWhzkGArOqjivQ,post179,0,results.jsonl,0.3022,-0.4313,-0.1291,0.1318,0.8242
gainesville:33723,gainesville,XvBaCu_b2PH0SP2efEp71A,post179,0,results.jsonl,0.3814,-0.0396,0.3417,-1.1865,0.9526
gainesville:33732,gainesville,1evIlYxoeC1LhSEfGv2G5g,post179,0,results.jsonl,-0.0780,-0.8168,-0.8948,-1.2305,0.9317
gainesville:33746,gainesville,knUexTFhkzr9higniTtrow,post179,0,results.jsonl,0.7540,-0.3976,0.3564,-0.0220,0.9859
gainesville:33757,gainesville,Is9aQ5ErocMZvOE78ZULqA,post179,0,results.jsonl,-0.2542,1.5334,1.2792,3.2739,0.8968
gainesville:33766,gainesville,i-UZ6UkOVAcAjfauJa5ikQ,post179,0,results.jsonl,0.1627,-1.1801,-1.0174,-3.4497,0.6217
gainesville:33830,gainesville,lbTDEABoV3VYx0KeZn9jQQ,post179,0,results.jsonl,0.5559,-1.2301,-0.6742,0.4834,1.0056
gainesville:33831,gainesville,lbTDEABoV3VYx0KeZn9jQQ,post179,0,results.jsonl,1.2894,1.0841,2.3735,1.1206,0.8815
gainesville:33842,gainesville,8C8dCJrZDQ7vTCTUL5d0ug,post179,0,results.jsonl,0.0871,1.0291,1.1162,1.4282,0.9581
gainesville:33843,gainesville,8C8dCJrZDQ7vTCTUL5d0ug,post179,0,results.jsonl,-0.1011,1.0265,0.9253,-0.6592,0.7684
gainesville:33858,gainesville,akPKkLHEruKZ6C64rnlDxA,post179,0,results.jsonl,0.2403,-0.0823,0.1580,0.7910,0.7592
gainesville:33926,gainesville,ubgROrNot8H3MnWjnuTDPg,post179,1,results.jsonl,-0.0955,2.4209,2.3254,2.3950,0.5558
gainesville:33965,gainesville,GDYCB4P8iOUKpOOJiVDqKg,post179,0,results.jsonl,0.6541,-1.4716,-0.8175,-1.8237,0.8628
gainesville:33966,gainesville,GDYCB4P8iOUKpOOJiVDqKg,post179,0,results.jsonl,0.7257,1.3359,2.0616,3.0322,0.7487
gainesville:33967,gainesville,IGgnnn8WbpEbWWsZrumU_w,post179,0,results.jsonl,-0.4044,-0.5620,-0.9665,1.2085,0.8737
gainesville:33969,gainesville,IGgnnn8WbpEbWWsZrumU_w,post179,0,results.jsonl,0.3125,-0.5845,-0.2720,-0.0220,0.8950
gainesville:33970,gainesville,IGgnnn8WbpEbWWsZrumU_w,post179,0,results.jsonl,0.3913,0.5657,0.9569,1.5820,0.9994
gainesville:33972,gainesville,IGgnnn8WbpEbWWsZrumU_w,post179,0,results.jsonl,-0.2865,0.5896,0.3031,1.4502,0.9585
gainesville:33979,gainesville,51n5qhPxDEC1XHlpQBvU_w,post179,1,results.jsonl,0.2343,-0.3865,-0.1522,-1.0986,0.8538
gainesville:33980,gainesville,51n5qhPxDEC1XHlpQBvU_w,post179,0,results.jsonl,0.1714,0.5172,0.6886,0.5713,0.9040
gainesville:33982,gainesville,JyYf8DWnbIvRTQmyVRSCRw,post179,0,results.jsonl,0.7648,0.3002,1.0649,1.3403,0.9737
gainesville:33985,gainesville,GSgMPWa0x8EzTg6TUNyY-g,post179,0,results.jsonl,-0.2167,-2.9322,-3.1489,-4.4604,0.8612
gainesville:33986,gainesville,GSgMPWa0x8EzTg6TUNyY-g,post179,0,results.jsonl,0.1107,4.0325,4.1433,2.8345,0.9224
gainesville:33987,gainesville,zPwwP1b-pa18Hk-LfjcHFQ,post179,0,results.jsonl,0.1959,1.0421,1.2380,0.1318,0.6712
gainesville:34031,gainesville,QjjeQVuK4Q9bZjInhwAhvQ,post179,0,results.jsonl,-1.0657,-0.0716,-1.1373,-3.1860,0.9355
gainesville:34035,gainesville,qW2UCqBNVybd9YwAuwF92A,post179,0,results.jsonl,0.1898,0.7225,0.9123,2.0654,0.8805
gainesville:34037,gainesville,qW2UCqBNVybd9YwAuwF92A,post179,0,results.jsonl,0.1314,-0.8044,-0.6730,-1.6699,0.8510
gainesville:34038,gainesville,H8iGdBgA1KH-4f4KZr7GZw,post179,0,results.jsonl,-0.4331,-0.0982,-0.5313,-0.8350,0.8911
gainesville:34040,gainesville,H8iGdBgA1KH-4f4KZr7GZw,post179,0,results.jsonl,-1.1251,-0.0360,-1.1611,-2.0874,0.8202
gainesville:34041,gainesville,OBFCFrOE83z7ijVr-OWt9g,post179,0,results.jsonl,-0.1848,0.1227,-0.0621,-1.0547,0.8537
gainesville:34043,gainesville,OBFCFrOE83z7ijVr-OWt9g,post179,0,results.jsonl,-0.0488,-0.1523,-0.2010,1.9556,1.0357
gainesville:34044,gainesville,4My9h4mmpjE82U1up3jWOA,post179,0,results.jsonl,0.6132,-1.1257,-0.5125,0.1099,0.8911
gainesville:34046,gainesville,4My9h4mmpjE82U1up3jWOA,post179,0,results.jsonl,-1.0101,-0.8056,-1.8157,-0.7251,0.7444
gainesville:34047,gainesville,4My9h4mmpjE82U1up3jWOA,post179,0,results.jsonl,-1.1678,-0.5653,-1.7331,-0.5933,0.7044
gainesville:34049,gainesville,x_wSdtZ55FrJnAtYc6C88A,post179,0,results.jsonl,-0.1231,-0.4493,-0.5724,0.1099,0.9410
gainesville:34051,gainesville,x_wSdtZ55FrJnAtYc6C88A,post179,0,results.jsonl,-0.7938,0.2707,-0.5231,-0.8569,0.8930
gainesville:34052,gainesville,mGeLnRSt6TZZcKp6pYP3qg,post179,0,results.jsonl,-0.5223,1.4389,0.9166,1.8457,0.7057
gainesville:34054,gainesville,GrGO57RAuYCud_IZQKJrDQ,post179,0,results.jsonl,-0.2994,1.3454,1.0459,0.9668,0.9042
gainesville:34056,gainesville,GrGO57RAuYCud_IZQKJrDQ,post179,0,results.jsonl,-0.4165,-1.3189,-1.7354,-2.4170,0.8640
gainesville:34057,gainesville,oXLhDsKZxWA_WNznGVkOcQ,post179,0,results.jsonl,-0.7083,-0.1103,-0.8186,-0.1538,0.9387
gainesville:34059,gainesville,oXLhDsKZxWA_WNznGVkOcQ,post179,0,results.jsonl,-1.8405,0.0295,-1.8110,-2.6367,0.7240
gainesville:34060,gainesville,pdOiJiNvws_3shPvsp7CIw,post179,0,results.jsonl,-0.0300,-1.2422,-1.2721,-2.5488,0.7915
gainesville:34063,gainesville,L3fC8LpyEP_aica800rR9g,post179,0,results.jsonl,0.1420,1.4850,1.6270,0.0659,0.9328
gainesville:34064,gainesville,zZzZ8Hk5anaiybRzoKDN4A,post179,0,results.jsonl,-0.3165,-1.7531,-2.0696,-2.1533,0.8545
gainesville:34065,gainesville,zZzZ8Hk5anaiybRzoKDN4A,post179,0,results.jsonl,-0.5384,-1.5875,-2.1259,-2.1094,0.9541
gainesville:34085,gainesville,pM_zjaOL4jt8_niIC0EU2Q,post179,0,results.jsonl,0.0409,-1.8229,-1.7821,-0.7471,0.8789
gainesville:34089,gainesville,fN5E5mVLq-gWaNYjMRjGRA,post179,0,results.jsonl,-0.7274,0.4631,-0.2644,-1.4722,0.8470
gainesville:34092,gainesville,tCkS6vhqMkdQp5x1GmViUQ,post179,0,results.jsonl,-0.2476,-0.2961,-0.5437,0.1352,0.7923
gainesville:34094,gainesville,tCkS6vhqMkdQp5x1GmViUQ,post179,0,results.jsonl,-0.1445,0.3207,0.1762,0.0541,0.8704
gainesville:34125,gainesville,LBn5iVUx9YIMPhFLp_i9Ig,post179,0,results.jsonl,0.2538,0.3205,0.5743,0.8789,0.9861
gainesville:34127,gainesville,Y263xN1JCpxLpNd9N3nkXA,post179,0,results.jsonl,-0.0216,-0.3059,-0.3275,-1.6479,0.8046
gainesville:34132,gainesville,NHz7O9UHXAFbv-Ez21jTMQ,post179,0,results.jsonl,0.5665,-0.7116,-0.1451,-0.0439,0.7670
gainesville:34136,gainesville,8GNkPkrBimzIa135pXG7fA,post179,0,results.jsonl,0.3683,-0.1147,0.2535,0.5933,0.8671
gainesville:34138,gainesville,8D9ekfFMSx0LX_7QTNJaTQ,post179,1,results.jsonl,-0.0777,-0.7507,-0.8284,-0.9009,0.5686
gainesville:34141,gainesville,lF8zv3BSQ9w1Anb-ZImyNg,post179,0,results.jsonl,0.6920,0.7879,1.4799,0.0879,0.9068
gainesville:34143,gainesville,lF8zv3BSQ9w1Anb-ZImyNg,post179,0,results.jsonl,0.2868,-0.9853,-0.6986,-0.3735,0.8628
gainesville:34145,gainesville,aAvzRn1XxArDvzFxO4LlBA,post179,0,results.jsonl,0.3107,-0.9096,-0.5988,-1.4333,0.9570
gainesville:34148,gainesville,aAvzRn1XxArDvzFxO4LlBA,post179,0,results.jsonl,0.3805,0.8954,1.2759,3.0559,0.8930
gainesville:34150,gainesville,QhD5EKfTifnDB_8PXdmkhg,post179,0,results.jsonl,0.8592,0.3633,1.2225,2.1753,0.7033
gainesville:34152,gainesville,QhD5EKfTifnDB_8PXdmkhg,post179,0,results.jsonl,0.6579,-0.7614,-0.1035,-0.9668,0.7589
gainesville:34153,gainesville,QhD5EKfTifnDB_8PXdmkhg,post179,0,results.jsonl,0.3334,1.0254,1.3588,0.9009,0.9050
gainesville:34155,gainesville,QhD5EKfTifnDB_8PXdmkhg,post179,0,results.jsonl,-0.5891,0.8400,0.2509,0.7031,0.7070
gainesville:34158,gainesville,4gHaUJlH2UE_IndyZtM1gw,post179,0,results.jsonl,0.2636,1.4839,1.7475,1.2169,0.8302
gainesville:34159,gainesville,4gHaUJlH2UE_IndyZtM1gw,post179,0,results.jsonl,0.3421,1.1511,1.4932,2.0282,0.9610
gainesville:34161,gainesville,4gHaUJlH2UE_IndyZtM1gw,post179,0,results.jsonl,0.2220,-1.6046,-1.3826,-0.8113,0.9045
gainesville:34163,gainesville,4gHaUJlH2UE_IndyZtM1gw,post179,0,results.jsonl,0.0144,-1.8655,-1.8512,-1.8660,0.9178
gainesville:34164,gainesville,4gHaUJlH2UE_IndyZtM1gw,post179,0,results.jsonl,-0.1018,-1.8146,-1.9164,-2.7584,0.8966
gainesville:34166,gainesville,4gHaUJlH2UE_IndyZtM1gw,post179,0,results.jsonl,-0.1568,1.7408,1.5840,1.2981,0.9357
gainesville:34167,gainesville,4gHaUJlH2UE_IndyZtM1gw,post179,0,results.jsonl,-0.0573,1.8503,1.7930,2.5421,0.7558
gainesville:34170,gainesville,yCRShuWAM2LkWB5j9Zy16A,post179,0,results.jsonl,0.4261,-0.4381,-0.0121,-0.3786,0.9277
gainesville:34212,gainesville,b-azHLq5uJSlywVqKYbgHA,post179,0,results.jsonl,0.5421,-1.1146,-0.5725,-2.3291,0.9154
gainesville:34213,gainesville,zuiFNvrAZxvxPGeacHPkPw,post179,0,results.jsonl,0.7732,-0.8572,-0.0840,0.0659,0.6529
gainesville:34215,gainesville,00_gWifLFKC3J4aXwLyzjg,post179,0,results.jsonl,-0.0752,-1.2789,-1.3542,-2.4829,0.6710
gainesville:34216,gainesville,00_gWifLFKC3J4aXwLyzjg,post179,0,results.jsonl,-0.3912,-0.9217,-1.3129,-1.2305,0.8937
gainesville:34221,gainesville,kBass4zmf1lvrtCBl164YQ,post179,0,results.jsonl,0.0840,-1.2785,-1.1945,-2.1094,0.7583
gainesville:34222,gainesville,rsTEtt5EkEvFetNBNCUgow,post179,0,results.jsonl,-0.3429,-1.1381,-1.4811,-2.5049,0.8462
gainesville:34226,gainesville,myq0Pe5WeWJOXtrYOYwsBQ,post179,0,results.jsonl,-0.7013,0.6291,-0.0722,-0.4614,0.8101
gainesville:34233,gainesville,RkIeFGKQF63tXQVc7EpFHw,post179,0,results.jsonl,0.0492,0.9076,0.9569,0.7690,0.9116
gainesville:34234,gainesville,RkIeFGKQF63tXQVc7EpFHw,post179,0,results.jsonl,-0.1872,0.7654,0.5782,0.1538,0.9039
gainesville:34236,gainesville,BOeTZrngkYC9XgAWAXy18w,post179,0,results.jsonl,-0.2059,0.9615,0.7556,0.7690,0.5512
gainesville:34238,gainesville,BOeTZrngkYC9XgAWAXy18w,post179,0,results.jsonl,-0.1203,-1.0159,-1.1362,-1.0547,0.8871
gainesville:34241,gainesville,HVylzG8nFBYKpnSC9sE7tg,post179,0,results.jsonl,0.5562,1.1678,1.7240,1.3184,0.8601
gainesville:34243,gainesville,c6dmCrPJQ5nMFDh50YisOw,post179,0,results.jsonl,0.0475,-0.8632,-0.8156,-1.8457,0.9318
gainesville:34245,gainesville,c6dmCrPJQ5nMFDh50YisOw,post179,0,results.jsonl,-0.1316,-0.3248,-0.4564,-0.7690,1.0044
gainesville:34249,gainesville,S3f-7T8_9_FBSYAX5rNipQ,post179,0,results.jsonl,-0.0393,-2.5115,-2.5509,-3.7793,0.7581
gainesville:34256,gainesville,S3f-7T8_9_FBSYAX5rNipQ,post179,0,results.jsonl,0.2158,1.2285,1.4443,2.4390,0.7898
gainesville:34258,gainesville,S3f-7T8_9_FBSYAX5rNipQ,post179,0,results.jsonl,0.0712,2.4357,2.5069,3.4058,0.8247
gainesville:34266,gainesville,Vp2JpopAs3D1ai0QD2M4dw,post179,0,results.jsonl,-1.4751,-0.1907,-1.6658,-1.0767,0.9930
gainesville:34273,gainesville,fa-wuI3keu_PN7pDXR7Z7w,post179,0,results.jsonl,-0.0118,-0.9896,-1.0014,-0.7251,0.9698
gainesville:34277,gainesville,fa-wuI3keu_PN7pDXR7Z7w,post179,0,results.jsonl,0.1549,0.6812,0.8362,0.1318,0.8541
gainesville:34279,gainesville,fa-wuI3keu_PN7pDXR7Z7w,post179,0,results.jsonl,-0.1337,0.7722,0.6385,-1.6260,0.8863
gainesville:34282,gainesville,9C1--YXbSEjTgqH1Khd1kw,post179,1,results.jsonl,-0.6107,0.0103,-0.6004,0.4834,0.9046
gainesville:34284,gainesville,9C1--YXbSEjTgqH1Khd1kw,post179,0,results.jsonl,0.0391,0.0164,0.0555,0.3296,0.9407
gainesville:34285,gainesville,9C1--YXbSEjTgqH1Khd1kw,post179,0,results.jsonl,0.1685,0.0161,0.1846,-0.7251,0.8739
gainesville:34286,gainesville,tpXT1P1XvE6MRhetCfWN_w,post179,0,results.jsonl,0.3686,1.6266,1.9952,1.5601,0.9436
gainesville:34291,gainesville,YXKEeA7uKDYh7uVSw7bvAQ,post179,0,results.jsonl,0.0987,0.4140,0.5127,1.4282,0.9236
gainesville:34295,gainesville,YXKEeA7uKDYh7uVSw7bvAQ,post179,0,results.jsonl,0.0332,-0.4267,-0.3934,1.2744,0.9508
gainesville:34299,gainesville,cnvOWNHdDq5aCeQ7U549VA,post179,0,results.jsonl,-0.5610,2.0119,1.4509,-0.3296,0.7467
gainesville:34305,gainesville,XXZTMfmQVFcKdCKZ-htloA,post179,0,results.jsonl,-0.9436,0.2256,-0.7180,-1.2744,0.8405
gainesville:34312,gainesville,smLXorjpTNrRlXJCKVZEhw,post179,0,results.jsonl,0.8258,0.3579,1.1837,0.9009,0.9209
gainesville:34333,gainesville,NUukYF92yhUrjYv97_hAAA,post179,0,results.jsonl,-1.1311,-0.1497,-1.2807,-1.9995,0.9203
gainesville:34335,gainesville,NUukYF92yhUrjYv97_hAAA,post179,0,results.jsonl,-1.0956,0.2011,-0.8945,-0.0879,0.9774
gainesville:34337,gainesville,NUukYF92yhUrjYv97_hAAA,post179,0,results.jsonl,-0.8372,0.3927,-0.4445,-0.7251,0.9153
gainesville:34339,gainesville,NUukYF92yhUrjYv97_hAAA,post179,0,results.jsonl,0.4566,0.5162,0.9729,1.1646,0.8963
gainesville:34340,gainesville,NUukYF92yhUrjYv97_hAAA,post179,0,results.jsonl,0.7512,0.4306,1.1818,0.6592,0.9818
gainesville:34342,gainesville,NUukYF92yhUrjYv97_hAAA,post179,0,results.jsonl,0.9928,-0.2989,0.6939,-0.1978,0.9085
gainesville:34363,gainesville,YY_xbPJeNwaeE-73X4HEPA,post179,0,results.jsonl,-0.7867,-0.5028,-1.2895,-3.1860,0.8664
gainesville:34365,gainesville,YY_xbPJeNwaeE-73X4HEPA,post179,0,results.jsonl,-0.8706,0.4029,-0.4677,-1.8677,0.9296
gainesville:34395,gainesville,SN4Q1qFAd_FvZin3tyARQA,post179,0,results.jsonl,0.8625,0.3142,1.1768,0.1758,0.9789
gainesville:34397,gainesville,SN4Q1qFAd_FvZin3tyARQA,post179,0,results.jsonl,1.3493,-0.0498,1.2996,1.2085,0.9487
gainesville:34413,gainesville,OtSyUkoD-Kd5DhlN_DZcuA,post179,0,results.jsonl,-0.6234,0.3393,-0.2840,1.0547,0.8733
gainesville:34415,gainesville,OtSyUkoD-Kd5DhlN_DZcuA,post179,0,results.jsonl,-0.5997,-0.5056,-1.1053,-0.9448,0.9387
gainesville:34419,gainesville,SAUziJtBSVPxlaTLwG3L9g,post179,0,results.jsonl,-0.9890,-0.8941,-1.8831,-2.2412,0.8525
gainesville:34420,gainesville,SAUziJtBSVPxlaTLwG3L9g,post179,0,results.jsonl,-0.8149,-1.4520,-2.2669,-2.1533,0.8597
gainesville:34422,gainesville,SAUziJtBSVPxlaTLwG3L9g,post179,0,results.jsonl,-1.0308,0.6693,-0.3614,0.5273,0.5587
gainesville:34425,gainesville,ysQdynYGI_Ca2jSf5yljzQ,post179,0,results.jsonl,-0.3000,0.0599,-0.2401,-0.5273,0.8412
gainesville:34426,gainesville,VCJ3tDg9wVt78gamp0sUOQ,post179,0,results.jsonl,0.7892,0.8975,1.6867,2.0435,0.8552
gainesville:34438,gainesville,ltZnH2GEgduSgHuWfBp-Hw,post179,0,results.jsonl,1.0890,-0.2993,0.7897,1.0107,0.9268
gainesville:34439,gainesville,ltZnH2GEgduSgHuWfBp-Hw,post179,0,results.jsonl,1.7415,-0.2002,1.5413,3.0322,0.9454
gainesville:34444,gainesville,IR1TMBciqooM0_02wBJEgg,post179,0,results.jsonl,-0.3882,1.2822,0.8940,-0.1538,0.7494
gainesville:34452,gainesville,oy9-zvRfnhtOVctlHmRMvQ,post179,0,results.jsonl,0.2954,-1.6325,-1.3370,-1.7798,0.8972
gainesville:34454,gainesville,oy9-zvRfnhtOVctlHmRMvQ,post179,0,results.jsonl,0.0657,2.1121,2.1779,0.7471,0.8927
gainesville:34496,gainesville,rKZZFAejCFUn_t20293lhw,post179,1,results.jsonl,0.4119,0.2097,0.6215,-0.1978,0.8133
gainesville:34498,gainesville,H-VoD9ZgVotLxtXb2pRj1w,post179,1,results.jsonl,-0.0166,0.4655,0.4489,-0.6592,0.8357
gainesville:34500,gainesville,tUhSqhA9OoXHaBgktozv1Q,post179,1,results.jsonl,0.0526,-0.4798,-0.4271,-1.3184,0.9626
gainesville:34501,gainesville,tUhSqhA9OoXHaBgktozv1Q,post179,1,results.jsonl,0.2766,0.0750,0.3516,-0.6592,0.8529
gainesville:34512,gainesville,HMTjYnnVmUb6O0OLP6lImw,post179,0,results.jsonl,-1.1665,-0.4050,-1.5715,-2.7686,0.7084
gainesville:34513,gainesville,HMTjYnnVmUb6O0OLP6lImw,post179,0,results.jsonl,-0.9122,0.4494,-0.4628,0.7251,0.8996
gainesville:34541,gainesville,qoVH8_-USuTZoCG6wqKNpQ,post179,0,results.jsonl,0.3696,1.7477,2.1173,1.0767,0.6328
gainesville:34544,gainesville,2h0PKk2VE2MJciDK7ijC_w,post179,0,results.jsonl,0.0369,-1.3566,-1.3197,-0.6812,0.9466
gainesville:34546,gainesville,2h0PKk2VE2MJciDK7ijC_w,post179,0,results.jsonl,0.0403,1.0090,1.0493,0.5713,0.9012
gainesville:34547,gainesville,YtZaT3QjdqoBkaIWrFOOqw,post179,0,results.jsonl,-0.4220,0.6452,0.2232,0.1099,0.8680
gainesville:34549,gainesville,YtZaT3QjdqoBkaIWrFOOqw,post179,0,results.jsonl,-0.9733,0.4214,-0.5519,0.6152,0.9492
gainesville:34551,gainesville,YtZaT3QjdqoBkaIWrFOOqw,post179,0,results.jsonl,1.2205,-0.0966,1.1240,1.4062,0.9593
gainesville:34553,gainesville,YtZaT3QjdqoBkaIWrFOOqw,post179,0,results.jsonl,0.8286,-0.5084,0.3202,-0.5273,0.8625
gainesville:34564,gainesville,Yb3VU4XUN1PWAcByhpQQXQ,post179,1,results.jsonl,-0.8647,-0.7601,-1.6248,-3.1201,0.8612
gainesville:34576,gainesville,DaUMm9P8tcrgHiamp-Z7pQ,post179,0,results.jsonl,1.5814,0.6154,2.1968,1.7578,0.9143
gainesville:34614,gainesville,bcNsOc7RlDm9L9VmIGXYpg,post179,0,results.jsonl,0.7404,-0.3504,0.3900,0.5493,0.9662
gainesville:34617,gainesville,QRO-kqyiyNO0smS-bWdybQ,post179,0,results.jsonl,0.0085,-1.3586,-1.3502,-0.7471,0.8951
gainesville:34626,gainesville,jXSb3Qfs7GjsxioBcq_Vyw,post179,0,results.jsonl,-0.0996,-2.1068,-2.2064,-3.9771,0.7464
gainesville:34628,gainesville,jXSb3Qfs7GjsxioBcq_Vyw,post179,0,results.jsonl,0.1349,1.9710,2.1059,3.1201,0.6804
gainesville:34629,gainesville,jXSb3Qfs7GjsxioBcq_Vyw,post179,0,results.jsonl,0.0275,2.2472,2.2748,1.7358,0.8808
gainesville:34636,gainesville,3EdTjAjwonnxRazZyznwUQ,post179,0,results.jsonl,0.6641,-1.0413,-0.3772,-0.4834,0.9246
gainesville:34650,gainesville,3lAocsa4U-Uu3s4JuVxWaw,post179,0,results.jsonl,0.2349,-0.2322,0.0026,0.8569,0.8216
gainesville:34668,gainesville,5Yj_L3bSxc5VmhQhWF9fCw,post179,0,results.jsonl,1.3921,-0.0097,1.3824,1.3843,0.9537
gainesville:34673,gainesville,Gkspm7N663pK0QKfU_HRBA,post179,0,results.jsonl,-0.9880,0.6581,-0.3299,-0.1099,0.7975
gainesville:34675,gainesville,Gkspm7N663pK0QKfU_HRBA,post179,0,results.jsonl,0.3937,1.0867,1.4804,1.4722,0.8940
gainesville:34687,gainesville,ieeutDJy_yNMQXomTxu0Fg,post179,0,results.jsonl,0.1189,0.5436,0.6626,0.8789,0.8185
gainesville:34689,gainesville,CuTb_4aCe6ptzwL44YjjVw,post179,1,results.jsonl,-0.1255,0.5798,0.4543,0.0220,0.8207
gainesville:34693,gainesville,pWZCAIGXBWxSEfuIgqslEA,post179,0,results.jsonl,1.4791,-0.0848,1.3943,0.7843,0.9662
gainesville:34694,gainesville,pWZCAIGXBWxSEfuIgqslEA,post179,0,results.jsonl,0.7004,0.3398,1.0403,1.0547,0.9106
gainesville:34695,gainesville,ilesLMI1rJuuOzJk4nihkg,post179,0,results.jsonl,-0.2001,0.5406,0.3405,1.3522,0.8837
gainesville:34711,gainesville,8eiupMrhuZk56AHbK9ExGw,post179,0,results.jsonl,-0.7082,-0.0339,-0.7422,-0.1318,0.6467
gainesville:34716,gainesville,pRTi3mSuUgDyKPb_rmFyDA,post179,0,results.jsonl,0.6324,0.7182,1.3505,-0.1099,0.8905
gainesville:34719,gainesville,-gF04VenXk18fceJ0k4rzA,post179,0,results.jsonl,-0.0862,0.6074,0.5212,0.3955,0.8720
gainesville:34720,gainesville,g6_wv2u53Tw_Yzw54p3cAw,post179,0,results.jsonl,-0.1308,-0.3503,-0.4811,-1.0107,0.7112
gainesville:34722,gainesville,xS7pM-RbaLZ64hC4E-1T5Q,post179,0,results.jsonl,-0.1490,-0.2260,-0.3750,-0.2856,0.9694
gainesville:34723,gainesville,xS7pM-RbaLZ64hC4E-1T5Q,post179,0,results.jsonl,0.0527,-0.2792,-0.2265,-0.1758,0.8985
gainesville:34726,gainesville,lY21RKe-lDYkjxy4IZXJzg,post179,0,results.jsonl,-0.0146,0.1551,0.1406,-0.2197,0.9478
gainesville:34727,gainesville,wGmSJNqgIRLcVusv92vl3g,post179,0,results.jsonl,-0.0006,-0.2803,-0.2809,-1.0107,0.9171
gainesville:34728,gainesville,wGmSJNqgIRLcVusv92vl3g,post179,0,results.jsonl,0.0045,-0.1995,-0.1950,-1.2744,0.7327
gainesville:34730,gainesville,AQcIoU2UGdIJhbZU6qlWzw,post179,0,results.jsonl,-0.4116,-0.6897,-1.1013,-3.8452,0.5853
gainesville:34738,gainesville,ymNkimC4_--UC319_Nt_bA,post179,0,results.jsonl,-0.8156,-0.1425,-0.9581,-0.4834,0.8643
gainesville:34741,gainesville,zuyC4NhTzrqiv4QVGOaFsw,post179,0,results.jsonl,0.0457,0.0084,0.0542,0.3735,0.8525
gainesville:34744,gainesville,bseUuCGkKBou6fzgqqfaeQ,post179,0,results.jsonl,0.2268,0.7875,1.0142,-0.9009,0.9413
gainesville:34745,gainesville,bseUuCGkKBou6fzgqqfaeQ,post179,0,results.jsonl,-0.2247,0.7893,0.5646,0.0439,0.8755
gainesville:34749,gainesville,UrIIaN0_GatdGEaYZMmRYg,post179,0,results.jsonl,0.7383,0.3013,1.0396,1.6260,0.9660
gainesville:34750,gainesville,UrIIaN0_GatdGEaYZMmRYg,post179,0,results.jsonl,0.1812,-1.9470,-1.7658,-1.9116,0.9516
gainesville:34751,gainesville,UrIIaN0_GatdGEaYZMmRYg,post179,0,results.jsonl,0.5440,-1.3749,-0.8309,-0.7251,0.9678
gainesville:34754,gainesville,q3RofRj5gnrrNie-8J54CA,post179,0,results.jsonl,0.5381,1.7988,2.3368,2.2852,0.9224
gainesville:34756,gainesville,q3RofRj5gnrrNie-8J54CA,post179,0,results.jsonl,-0.0091,4.3702,4.3612,5.3394,0.7386
gainesville:34766,gainesville,EgCocormBdX05woJ8RKqww,post179,0,results.jsonl,0.0595,-1.7487,-1.6892,-2.2852,0.8536
gainesville:34771,gainesville,6vrQORBmZ1JmbO-89o59rg,post179,0,results.jsonl,-0.0959,0.3215,0.2256,1.9775,0.7692
gainesville:34772,gainesville,4fSN_IZmMHHkm5aYpzRLkg,post179,0,results.jsonl,-0.1919,0.3903,0.1984,-0.1978,0.8185
gainesville:34774,gainesville,4fSN_IZmMHHkm5aYpzRLkg,post179,0,results.jsonl,-0.1206,-0.7634,-0.8841,0.6372,0.8289
gainesville:34778,gainesville,-oi_rqtu89i3E_m-WNi5yA,post179,0,results.jsonl,0.1744,0.9734,1.1479,1.8896,0.9197
gainesville:34779,gainesville,-oi_rqtu89i3E_m-WNi5yA,post179,0,results.jsonl,-0.2894,0.7840,0.4946,1.5381,0.7726
gainesville:34784,gainesville,FpU1CUPgR5hQvGrXn-5NPQ,post179,0,results.jsonl,-0.2619,-0.8391,-1.1010,-0.5713,0.8377
gainesville:34788,gainesville,FpU1CUPgR5hQvGrXn-5NPQ,post179,1,results.jsonl,-0.1152,1.0763,0.9612,-0.3955,0.7014
gainesville:34789,gainesville,IMSiqNkgQdeREAaMcSwIAg,post179,0,results.jsonl,-0.4568,0.5667,0.1099,0.1978,0.7564
gainesville:34791,gainesville,IMSiqNkgQdeREAaMcSwIAg,post179,0,results.jsonl,0.3781,0.7436,1.1217,0.3516,0.5918
gainesville:34800,gainesville,wytjzc00vnsEbGFusYLt-A,post179,0,results.jsonl,0.6413,0.4773,1.1187,1.5820,0.8846
gainesville:34808,gainesville,brN8t_KF72f0USAqS9akGw,post179,0,results.jsonl,0.0523,0.1569,0.2091,0.3296,0.8279
gainesville:34820,gainesville,oZJyM4OrkUKWJANf7wNPQQ,post179,0,results.jsonl,0.4184,-0.6731,-0.2547,-1.0327,0.8835
gainesville:34847,gainesville,KI_ks43p-sXjUV1QI-KhKQ,post179,0,results.jsonl,0.2539,0.8960,1.1499,0.6372,0.9235
gainesville:34849,gainesville,ZisNkD6fffUuE2lhcLetsg,post179,0,results.jsonl,-0.1328,0.6436,0.5108,0.1538,0.8622
gainesville:34927,gainesville,ubgROrNot8H3MnWjnuTDPg,post179,0,results.jsonl,-0.0964,2.4185,2.3221,1.8018,0.5558
gainesville:34928,gainesville,pMJWrfaq8JG3Tk_aShtq-w,post179,0,results.jsonl,-0.0144,0.0474,0.0330,1.0107,0.8736
gainesville:34929,gainesville,o5zkzHetTu52fl1dGY61ZA,post179,0,results.jsonl,1.1347,0.6168,1.7515,0.5054,0.5865
gainesville:34943,gainesville,UgNFRGjNVdoj7yhu3-J7wA,post179,0,results.jsonl,0.5050,0.7527,1.2577,-0.2197,0.8510
gainesville:34946,gainesville,akPKkLHEruKZ6C64rnlDxA,post179,0,results.jsonl,0.2359,-0.0826,0.1533,0.0220,0.7592
gainesville:34973,gainesville,GoSE0sue9qBnBSOPELr6yw,post179,0,results.jsonl,-1.1344,-0.8943,-2.0287,-2.6587,0.7464
gainesville:34974,gainesville,GoSE0sue9qBnBSOPELr6yw,post179,0,results.jsonl,-1.0228,0.9854,-0.0374,-0.0220,0.8430
gainesville:34976,gainesville,1ZaFCtPfwmvrrmAT_qD1JA,post179,0,results.jsonl,-0.0355,-1.2323,-1.2678,-0.1318,0.8368
gainesville:34979,gainesville,H-VoD9ZgVotLxtXb2pRj1w,post179,0,results.jsonl,-0.0197,0.4651,0.4454,-0.9448,0.8357
gainesville:34981,gainesville,itI1Ydvz1r_oP-DUQUaUdQ,post179,0,results.jsonl,-0.6051,1.5177,0.9126,0.9448,0.8496
gainesville:34985,gainesville,541A-S1Zmba5EMf64VhPDw,post179,0,results.jsonl,0.3790,0.5556,0.9346,0.3955,0.8472
gainesville:34989,gainesville,LcuoNRHqWakekezZt71dFg,post179,0,results.jsonl,1.0925,0.6432,1.7357,0.5273,0.6769
gainesville:34995,gainesville,mxd4QZXJWAgUAxgof2adSQ,post179,0,results.jsonl,-0.1198,-0.2593,-0.3791,-1.1865,0.9306
gainesville:34996,gainesville,mxd4QZXJWAgUAxgof2adSQ,post179,0,results.jsonl,-0.0274,0.3055,0.2781,-0.4834,0.7860
gainesville:35010,gainesville,zG8kMM449e2Z9t-UrxTq4A,post179,0,results.jsonl,-1.2138,0.6183,-0.5955,-1.5381,0.8457
gainesville:35017,gainesville,hqtp4xNzLd08P9zQgg7DcA,post179,0,results.jsonl,-0.0237,1.2296,1.2059,-0.8130,0.8471
gainesville:35019,gainesville,hqtp4xNzLd08P9zQgg7DcA,post179,1,results.jsonl,-0.0496,-1.2150,-1.2646,-2.8784,0.8123
gainesville:35024,gainesville,Gaedy05FN0KMmHk4cKbM7g,post179,0,results.jsonl,0.0159,1.5736,1.5895,0.8569,0.8373
gainesville:35025,gainesville,Gaedy05FN0KMmHk4cKbM7g,post179,0,results.jsonl,-0.1054,-0.4013,-0.5067,0.1099,0.6045
gainesville:35026,gainesville,Gaedy05FN0KMmHk4cKbM7g,post179,0,results.jsonl,0.0035,-1.5899,-1.5864,-1.4282,0.7027
gainesville:35028,gainesville,Riv_GWpnjTjZ_BwOlSkHbw,post179,0,results.jsonl,0.7432,0.7446,1.4878,0.0879,0.7732
gainesville:35033,gainesville,mIebEH6h60ThequzOmx90w,post179,0,results.jsonl,-0.6976,-0.9357,-1.6333,-2.5928,0.8539
gainesville:35046,gainesville,zuiStdqazH3GoawVqSTmVQ,post179,0,results.jsonl,0.3222,0.1613,0.4835,-0.0220,0.9581
gainesville:35047,gainesville,zuiStdqazH3GoawVqSTmVQ,post179,0,results.jsonl,0.0682,0.2000,0.2682,1.7139,0.9272
gainesville:35049,gainesville,zuiStdqazH3GoawVqSTmVQ,post179,0,results.jsonl,0.2342,-0.1814,0.0528,-0.3076,0.8716
gainesville:35051,gainesville,UPKLU5anfHNgbOiHFmhuHQ,post179,0,results.jsonl,-0.0677,-2.6281,-2.6958,-1.4941,0.9765
gainesville:35053,gainesville,Jh0WddAz6DISKPs3qnNk1w,post179,0,results.jsonl,0.2974,0.0796,0.3770,1.2305,0.9255
gainesville:35054,gainesville,Jh0WddAz6DISKPs3qnNk1w,post179,0,results.jsonl,-0.4544,0.0598,-0.3946,-1.6919,0.9469
gainesville:35055,gainesville,Jh0WddAz6DISKPs3qnNk1w,post179,0,results.jsonl,0.5490,0.0368,0.5858,0.8350,0.8995
gainesville:35057,gainesville,Jh0WddAz6DISKPs3qnNk1w,post179,0,results.jsonl,0.3956,-0.0689,0.3268,1.0547,0.8971
gainesville:35058,gainesville,mNiOLIdwJrFxZ1IxNag5FA,post179,0,results.jsonl,-0.3290,-0.6451,-0.9742,-1.1646,0.8853
gainesville:35059,gainesville,mNiOLIdwJrFxZ1IxNag5FA,post179,0,results.jsonl,-0.0320,0.8560,0.8240,0.4395,0.9193
gainesville:35061,gainesville,GDYpXWVwoDBlC048X4rRSw,post179,0,results.jsonl,0.2165,-1.1247,-0.9082,-0.1538,0.8925
gainesville:35068,gainesville,7eT4BMiUl1OTPX2ZBP-aag,post179,0,results.jsonl,-1.2218,-1.3457,-2.5675,-2.5708,0.9263
gainesville:35084,gainesville,szbp5PX7pCb2QCzZVkzx3A,post179,0,results.jsonl,0.6734,1.5024,2.1758,2.2632,0.7923
gainesville:35108,gainesville,d8Sv7fgnrvmpla87jgh9ig,post179,0,results.jsonl,0.4077,0.2475,0.6553,-1.0107,0.6938
gainesville:35142,gainesville,pijvTtkiL_IVBvV4aFQWog,post179,1,results.jsonl,-0.0634,-0.4352,-0.4986,-0.2856,0.8804
gainesville:35144,gainesville,AD857kjzfyudfY3_-frhIw,post179,0,results.jsonl,-0.9498,-0.3077,-1.2575,-1.2305,0.8038
gainesville:35145,gainesville,AD857kjzfyudfY3_-frhIw,post179,0,results.jsonl,0.1173,-0.3988,-0.2815,-0.1538,0.8806
gainesville:35148,gainesville,XBTUevj30ep7jGdjGpy6Kw,post179,0,results.jsonl,0.7367,-0.5788,0.1579,0.8350,1.0226
gainesville:35149,gainesville,XBTUevj30ep7jGdjGpy6Kw,post179,0,results.jsonl,0.2483,-1.1018,-0.8535,-1.4502,0.8899
gainesville:35164,gainesville,0qZTSreE8El2Kn1fIHY5cg,post179,0,results.jsonl,-0.5000,1.3155,0.8155,1.2085,0.5749
gainesville:35170,gainesville,UIF8qwharzBWiW1SzKPoEg,post179,0,results.jsonl,-0.1109,0.1470,0.0361,-0.4395,0.8378
gainesville:35174,gainesville,Q7v_ZWuNtCL7_DziXbKNEQ,post179,0,results.jsonl,-0.0055,-0.4371,-0.4426,1.0767,0.8066
gainesville:35175,gainesville,Q7v_ZWuNtCL7_DziXbKNEQ,post179,0,results.jsonl,0.0023,-0.5823,-0.5800,-0.3516,0.9136
gainesville:35179,gainesville,c_kMDKPCfgMKpPTShpLRdQ,post179,0,results.jsonl,0.2669,0.9123,1.1791,2.2192,0.6903
gainesville:35193,gainesville,BaFvfRcMEIdOcSN6UTgz3w,post179,0,results.jsonl,2.1495,-0.0203,2.1292,2.2632,0.8219
gainesville:35195,gainesville,BaFvfRcMEIdOcSN6UTgz3w,post179,0,results.jsonl,1.7546,0.0254,1.7799,0.2417,0.8898
gainesville:35202,gainesville,YIv0ArV9Qdct_dJXZ08elA,post179,0,results.jsonl,0.1119,0.3303,0.4421,0.6152,0.8142
gainesville:35203,gainesville,YIv0ArV9Qdct_dJXZ08elA,post179,0,results.jsonl,0.1973,0.1016,0.2989,2.0435,0.9292
gainesville:35205,gainesville,YIv0ArV9Qdct_dJXZ08elA,post179,0,results.jsonl,0.1748,-0.2041,-0.0294,1.2744,0.8874
gainesville:35206,gainesville,YIv0ArV9Qdct_dJXZ08elA,post179,0,results.jsonl,0.0694,-0.3713,-0.3018,0.1538,0.9443
gainesville:35216,gainesville,iu_dvDu6kc3FrEX69e6ufQ,post179,0,results.jsonl,-0.9237,0.1940,-0.7297,-1.5820,0.8782
gainesville:35217,gainesville,iu_dvDu6kc3FrEX69e6ufQ,post179,0,results.jsonl,-0.7136,-0.2404,-0.9540,-2.3730,0.6011
gainesville:35219,gainesville,6-tNVth5ck0axWmPuKpiXg,post179,0,results.jsonl,-0.8362,0.5851,-0.2511,-0.6812,0.6462
gainesville:35245,gainesville,aP05nuZgj-sZw85p-oG9Ug,post179,0,results.jsonl,0.0755,0.5186,0.5941,0.0220,0.9661
gainesville:35260,gainesville,ZCrIshCMRcuJ_uu1U8NbJw,post179,0,results.jsonl,0.7835,1.6441,2.4276,1.2305,0.8959
gainesville:35273,gainesville,oZ8MdNhmJ7tDs-u_tQePZw,post179,0,results.jsonl,0.6681,0.5742,1.2422,1.1646,0.9167
gainesville:35281,gainesville,Gyg5q3OjNzqBIqzQNHf23g,post179,0,results.jsonl,-1.8317,-0.1387,-1.9704,-2.1313,0.7212
gainesville:35288,gainesville,lKeldf1ZTHzuLTByyZGjWg,post179,0,results.jsonl,-0.4339,0.9346,0.5007,0.1978,0.7171
gainesville:35297,gainesville,OkPLroWd8wXAWvdHc_lW0w,post179,0,results.jsonl,-0.0306,-0.0784,-0.1090,-0.6152,0.9194
gainesville:35307,gainesville,hUBkLaV1Y49rr53eS2LHvg,post179,0,results.jsonl,0.7357,0.6696,1.4054,1.3403,0.7625
gainesville:35314,gainesville,ILxSA__WCH2yIv-A7kYiYA,post179,0,results.jsonl,0.0348,-0.1337,-0.0988,-1.2964,0.8581
gainesville:35316,gainesville,ILxSA__WCH2yIv-A7kYiYA,post179,0,results.jsonl,0.0328,0.1337,0.1666,1.3184,0.7196
gainesville:35317,gainesville,HjQaaE_eML4Y46VMHduhnA,post179,0,results.jsonl,1.1685,0.1759,1.3444,1.7139,0.8302
gainesville:35320,gainesville,HjQaaE_eML4Y46VMHduhnA,post179,0,results.jsonl,-1.0035,0.2065,-0.7970,-1.6919,0.8752
gainesville:35321,gainesville,q9bT5J2TGkXGEP49n-k9QA,post179,0,results.jsonl,0.2487,0.5737,0.8225,-0.3296,0.7402
gainesville:35324,gainesville,OR5nHgzpIYOqY-3gG71vAA,post179,0,results.jsonl,-0.1548,0.6216,0.4668,0.4614,0.7916
gainesville:35353,gainesville,1c6DmOEjEm3ICGOwFpGJaA,post179,0,results.jsonl,0.0201,-0.4426,-0.4225,-0.6812,0.9525
gainesville:35355,gainesville,1c6DmOEjEm3ICGOwFpGJaA,post179,0,results.jsonl,-0.0741,0.3609,0.2868,0.0220,0.8818
gainesville:35356,gainesville,Dmt8vV8Xgo70cgEjmGwRcQ,post179,0,results.jsonl,0.1090,-1.0055,-0.8965,-0.8569,0.8759
gainesville:35358,gainesville,Dmt8vV8Xgo70cgEjmGwRcQ,post179,0,results.jsonl,0.3888,0.9318,1.3206,1.3623,0.9130
gainesville:35363,gainesville,MY9yUmeR3NCTAmgW_e3ohQ,post179,0,results.jsonl,1.1230,0.5028,1.6258,1.0107,0.9324
gainesville:35364,gainesville,MY9yUmeR3NCTAmgW_e3ohQ,post179,0,results.jsonl,-1.1088,0.5607,-0.5481,-0.6372,0.6655
gainesville:35368,gainesville,y6Pq3DdEfFoWutl6zvfnkQ,post179,0,results.jsonl,0.6350,0.3999,1.0349,1.0107,0.8715
gainesville:35369,gainesville,PVegnD-wfMyI48UXiNtO2A,post179,0,results.jsonl,0.8784,1.0661,1.9445,1.5161,0.7780
gainesville:35375,gainesville,M1HI8e9yaLfmcDIPcjGGdg,post179,0,results.jsonl,0.0168,-0.6295,-0.6127,-1.6040,0.7662
gainesville:35383,gainesville,Y-BdNXN-269vt5-iJuVw6A,post179,0,results.jsonl,-0.5014,-0.0785,-0.5799,-0.7031,0.7904
gainesville:35398,gainesville,hzAEJ2bVWu7GFaHNXYEaew,post179,0,results.jsonl,-0.1653,0.4503,0.2850,0.2417,0.9017
gainesville:35406,gainesville,nVNm23lYHKTy5BR7TsAIMQ,post179,0,results.jsonl,0.0896,0.6295,0.7192,1.2305,0.7768
gainesville:35441,gainesville,PQosMWW9_fiqVmdikRa9xQ,post179,0,results.jsonl,0.4585,1.1708,1.6292,-0.1318,0.7036
gainesville:35443,gainesville,PQosMWW9_fiqVmdikRa9xQ,post179,0,results.jsonl,-0.6941,0.8497,0.1556,-1.5601,0.8955
gainesville:35444,gainesville,vAO8LyHbSKrvdboD4F49aA,post179,0,results.jsonl,0.3143,1.3687,1.6830,0.8569,0.9673
gainesville:35446,gainesville,vAO8LyHbSKrvdboD4F49aA,post179,0,results.jsonl,0.1183,-1.5756,-1.4573,-0.5054,0.9258
gainesville:35450,gainesville,XgziGnDAQhk3Ww5RHhsmhg,post179,0,results.jsonl,0.1939,0.1073,0.3012,0.6152,0.9304
gainesville:35457,gainesville,ndg8JyQrraBrIf6E5pzepA,post179,0,results.jsonl,-0.1969,-0.5226,-0.7195,-0.5493,0.7826
gainesville:35470,gainesville,ZX9dCulDY-q9Bm1LwJLXaQ,post179,0,results.jsonl,-0.0664,0.5002,0.4338,1.9556,0.9059
gainesville:35474,gainesville,dZEq1uTL3x7Rg4FJlNdkyw,post179,0,results.jsonl,0.0521,1.7194,1.7715,1.6479,0.5934
gainesville:35480,gainesville,UHULgRJndmzBUWC3DUHscA,post179,0,results.jsonl,0.7856,-0.1550,0.6306,0.5054,0.8220
gainesville:35497,gainesville,Eeu2qEYxSSOClsT_whY8iA,post179,0,results.jsonl,0.6216,-0.7815,-0.1598,-0.5713,0.8502
gainesville:35499,gainesville,Eeu2qEYxSSOClsT_whY8iA,post179,0,results.jsonl,-0.5790,-0.8498,-1.4287,-1.9336,0.7953
gainesville:35515,gainesville,Ij4VBDCwSo14_OkdOBLr_Q,post179,0,results.jsonl,-1.8759,0.3747,-1.5012,-0.5493,0.8727
gainesville:35522,gainesville,yD5LmamNHQ3Vdt4QHe2VKA,post179,0,results.jsonl,0.2712,0.3560,0.6273,1.6699,0.8457
gainesville:35527,gainesville,1sEvppoK0O3i0r7NeMiYAQ,post179,0,results.jsonl,-0.2244,-0.4430,-0.6674,-1.3184,0.7007
gainesville:35554,gainesville,mCEQKV5V8YMfa75k6W6g7g,post179,0,results.jsonl,1.4990,0.2648,1.7637,0.1318,0.5848
gainesville:35558,gainesville,HZsg1DEbHKLYVPwZhu2n8A,post179,0,results.jsonl,-0.3715,0.3973,0.0258,0.9888,0.9380
gainesville:35559,gainesville,HZsg1DEbHKLYVPwZhu2n8A,post179,0,results.jsonl,1.6039,-0.2443,1.3596,-0.1978,0.8652
gainesville:35570,gainesville,PETvNkMbDZ4_-PLTx4uk_Q,post179,0,results.jsonl,0.3545,0.7792,1.1336,2.5049,0.7783
gainesville:35593,gainesville,6dEwO_ku_Pc0ndbGMB4tSg,post179,0,results.jsonl,0.2615,-3.1693,-2.9078,-3.6255,0.9470
gainesville:35672,gainesville,iSj_ZPGQ4HNPW35D-UIvvA,post179,0,results.jsonl,1.1564,0.1266,1.2830,1.9556,0.7364
gainesville:35674,gainesville,iSj_ZPGQ4HNPW35D-UIvvA,post179,0,results.jsonl,0.7334,-0.1631,0.5703,0.7690,0.7472
gainesville:35675,gainesville,PLTXTv3f3Hmc0XcYct3PDA,post179,0,results.jsonl,-0.4408,0.8110,0.3702,0.6152,0.8218
gainesville:35677,gainesville,PLTXTv3f3Hmc0XcYct3PDA,post179,0,results.jsonl,0.5478,0.5489,1.0967,1.1206,0.8787
gainesville:35692,gainesville,1b6MMzS3ISX_vO0mLMaDEA,post179,0,results.jsonl,-0.5240,-0.3556,-0.8796,0.7572,0.5591
gainesville:35725,gainesville,Sny88ksMhJOQYw9U-ZOBFA,post179,0,results.jsonl,-0.0113,-1.1348,-1.1461,-0.3735,0.8550
gainesville:35727,gainesville,Sny88ksMhJOQYw9U-ZOBFA,post179,0,results.jsonl,0.0166,1.1212,1.1378,0.6592,0.8163
gainesville:35817,gainesville,PqiaeVF1BNusKP7vvKceBQ,post179,1,results.jsonl,-0.4025,1.6307,1.2282,1.6260,0.8282
gainesville:35832,gainesville,_6VmfgAfzG5hkemTFD9FcQ,post179,0,results.jsonl,-0.0440,-0.0630,-0.1070,0.0220,0.8368
gainesville:35833,gainesville,_6VmfgAfzG5hkemTFD9FcQ,post179,0,results.jsonl,-0.1766,0.0526,-0.1240,-0.7031,0.8186
gainesville:35846,gainesville,bnc-faNn9_aiyZumzE4t7A,post179,0,results.jsonl,-0.8207,0.1830,-0.6377,-0.9888,0.9417
gainesville:35850,gainesville,Wu5cEg8ghtVFaEuk4VDmgQ,post179,0,results.jsonl,-0.0388,-0.0648,-0.1036,-0.1538,0.9497
gainesville:35864,gainesville,poMPTzAXXghB_q5MHz98lw,post179,0,results.jsonl,-0.2782,0.3568,0.0786,0.8130,0.5913
gainesville:35866,gainesville,x0AZbU0lCYN4wehUnDFxaw,post179,0,results.jsonl,0.6581,0.0968,0.7549,1.1206,0.7411
gainesville:35922,gainesville,t-sBTgrRHcjysJXvEknTrA,post179,0,results.jsonl,-0.0037,-1.0807,-1.0844,-2.3730,0.5913
gainesville:35935,gainesville,KBEolTWLsbri4LpOuPF9qw,post179,0,results.jsonl,-0.3298,-1.4823,-1.8121,-2.9663,0.7863
gainesville:35943,gainesville,x909U3rSlSB57LX07R0XSg,post179,0,results.jsonl,2.4875,-0.0314,2.4561,0.8350,0.6078
gainesville:35964,gainesville,k4Olg4NSdwe9WxxaZcOnaQ,post179,0,results.jsonl,1.0598,0.2944,1.3541,2.3071,0.7597
gainesville:35966,gainesville,bktvwRjxZLl903Ztcc541w,post179,0,results.jsonl,-0.0562,-0.3897,-0.4460,-0.4395,0.6142
gainesville:36004,gainesville,1oot7ByAPcI6Y-XCyMkk5g,post179,0,results.jsonl,1.1686,-0.5972,0.5715,1.6040,0.7358
gainesville:36006,gainesville,OkPLroWd8wXAWvdHc_lW0w,post179,0,results.jsonl,-0.0282,-0.0786,-0.1067,-0.3076,0.9194
gainesville:36060,gainesville,ISpA1W5G1IWTZW62vl98ag,post179,0,results.jsonl,-0.6855,-0.0577,-0.7432,-1.9995,0.8973
gainesville:36061,gainesville,ISpA1W5G1IWTZW62vl98ag,post179,0,results.jsonl,0.2162,-0.0769,0.1393,-2.1753,0.8723
gainesville:36083,gainesville,sYyjz322kP5v-VQmRepUTQ,post179,0,results.jsonl,0.1806,-0.1178,0.0628,0.6592,0.8540
gainesville:36085,gainesville,sYyjz322kP5v-VQmRepUTQ,post179,0,results.jsonl,-0.2109,-0.0170,-0.2279,1.4722,0.8722
gainesville:36101,gainesville,ICUoYVV_dXvc9W3ge2PnWg,post179,0,results.jsonl,-0.2738,1.2637,0.9899,2.3071,0.8267
gainesville:36113,gainesville,xIJBYNfowLkIjhCuQZi0Vg,post179,1,results.jsonl,-2.0788,0.8544,-1.2244,-1.2744,0.8593
gainesville:36114,gainesville,xIJBYNfowLkIjhCuQZi0Vg,post179,0,results.jsonl,-2.6105,-0.3822,-2.9927,-2.5928,0.7079
gainesville:36136,gainesville,691eIdJqmsQeNEGjCeMszw,post179,0,results.jsonl,0.3367,-0.0321,0.3046,0.0220,0.8430
gainesville:36160,gainesville,5rWctnry9zfweYbN19zg5A,post179,0,results.jsonl,0.3015,1.0820,1.3834,1.5601,0.8299
gainesville:36211,gainesville,Ip2N2vIs1KigOw_9eMoC3A,post179,0,results.jsonl,0.4909,-0.5707,-0.0798,-1.3184,0.8385
gainesville:36212,gainesville,9WlX8SlphWTKsKJTc9MQwg,post179,0,results.jsonl,0.9658,0.6489,1.6147,0.1758,0.7067
gainesville:36214,gainesville,9WlX8SlphWTKsKJTc9MQwg,post179,0,results.jsonl,1.5498,-0.3500,1.1998,1.0767,0.6160
gainesville:36215,gainesville,9WlX8SlphWTKsKJTc9MQwg,post179,0,results.jsonl,0.7983,-0.6936,0.1046,0.2856,0.7963
gainesville:36218,gainesville,-2mYCA_v9qrSAg14qBZbuA,post179,0,results.jsonl,-0.5936,-1.5602,-2.1538,-3.0103,0.6850
gainesville:36220,gainesville,-2mYCA_v9qrSAg14qBZbuA,post179,0,results.jsonl,-0.5428,1.6007,1.0580,1.2524,0.9253
gainesville:36258,gainesville,2acn_vplkq_PDELmfkLWhQ,post179,0,results.jsonl,-0.0205,0.8696,0.8491,-0.1978,0.9237
gainesville:36261,gainesville,2acn_vplkq_PDELmfkLWhQ,post179,0,results.jsonl,-0.0784,-0.6959,-0.7743,-0.9668,0.9610
gainesville:36265,gainesville,vdEHhlytr8q_-h9loc-u7g,post179,0,results.jsonl,-0.5313,0.3389,-0.1924,0.0659,0.7508
gainesville:36291,gainesville,k5CP5ewmS-vXRxBY4PLsiw,post179,0,results.jsonl,-0.0142,1.7194,1.7052,1.0986,0.8417
gainesville:36293,gainesville,k5CP5ewmS-vXRxBY4PLsiw,post179,0,results.jsonl,0.0480,0.7359,0.7839,1.1426,0.8860
gainesville:36295,gainesville,k5CP5ewmS-vXRxBY4PLsiw,post179,0,results.jsonl,0.0348,-1.3400,-1.3052,-1.4282,0.9033
gainesville:36297,gainesville,p1rhaMIKuShTiJiAmLyR4g,post179,0,results.jsonl,0.7675,-0.0817,0.6859,0.5713,0.8576
gainesville:36310,gainesville,J6zsIQ-g_DLxPTq5BY4Pfw,post179,0,results.jsonl,0.3346,1.2938,1.6284,-0.6152,0.8481
gainesville:36312,gainesville,J6zsIQ-g_DLxPTq5BY4Pfw,post179,0,results.jsonl,-0.4744,0.8164,0.3420,-1.8896,0.8656
gainesville:36341,gainesville,b-0DnTU1BFzR1fq6SU_4qw,post179,0,results.jsonl,0.0033,-0.5118,-0.5085,-0.9448,0.7795
gainesville:36342,gainesville,b-0DnTU1BFzR1fq6SU_4qw,post179,0,results.jsonl,-0.0025,0.5200,0.5175,0.9448,1.0156
gainesville:36450,gainesville,hRGzyk1PAJvTLRS-tdUDLg,post179,0,results.jsonl,1.1195,0.1680,1.2875,2.1973,0.9054
gainesville:36453,gainesville,-GtqdgIp7XgkEZJ4-HoyOw,post179,0,results.jsonl,-0.4358,0.7951,0.3593,0.4395,0.8540
gainesville:36455,gainesville,-FLRGyHoCo1dIhxkCRS9pg,post179,0,results.jsonl,0.5098,-0.2817,0.2281,0.8130,0.9078
gainesville:36527,gainesville,QQ8YcDAoyUMtTIvkW78HqQ,post179,0,results.jsonl,0.5426,0.6271,1.1697,2.9224,0.6766
gainesville:36531,gainesville,M6aVaQPIEPu54QRH_HXy0g,post179,1,results.jsonl,-0.2608,0.2851,0.0243,0.1352,0.7325
gainesville:36532,gainesville,dJG0E7TrtkHGg-QMOxLecw,post179,0,results.jsonl,0.5086,0.5166,1.0252,1.1646,0.8607
gainesville:36534,gainesville,dJG0E7TrtkHGg-QMOxLecw,post179,1,results.jsonl,0.4866,-0.5263,-0.0397,-1.3843,0.8225
gainesville:36538,gainesville,7d5BdP3ntoii4OuUnqEFiQ,post179,0,results.jsonl,-1.2661,0.6739,-0.5922,-1.2524,0.8167
gainesville:36550,gainesville,7mguz_VOnGShrcfNUtNBPg,post179,0,results.jsonl,0.0468,0.1636,0.2104,0.3735,0.8201
gainesville:36552,gainesville,7mguz_VOnGShrcfNUtNBPg,post179,0,results.jsonl,0.1359,-0.1505,-0.0146,-0.0659,0.7841
gainesville:36562,gainesville,uks_yKAwfW3wKDl3tTYMsg,post179,0,results.jsonl,-0.0590,1.4992,1.4403,1.3184,0.9531
gainesville:36619,gainesville,dODrJV8O12J7ZDKc4m-Vsg,post179,0,results.jsonl,-0.1721,1.4614,1.2894,2.5269,0.7668
gainesville:36620,gainesville,vrGXyCDrXHbOtCXSpBGaAQ,post179,0,results.jsonl,-0.1534,1.5255,1.3720,2.8125,0.8173
gainesville:36714,gainesville,_6PxXaZzsbXnMUOLf86pkA,post179,0,results.jsonl,0.2853,-0.1090,0.1763,0.3516,0.7449
gainesville:36718,gainesville,hzAEJ2bVWu7GFaHNXYEaew,post179,0,results.jsonl,0.0979,-0.5172,-0.4193,-0.7031,0.6677
gainesville:36722,gainesville,BB7ZI4RlUFACr8-J_Lt8kg,post179,0,results.jsonl,1.2537,0.3186,1.5722,0.9888,0.9005
gainesville:36727,gainesville,bvPOceMj5K4cZqrAtNJXmg,post179,0,results.jsonl,0.1545,-0.3856,-0.2311,-0.5713,0.8181
gainesville:36790,gainesville,rk3BVezEGWPKOK7l_WcrKg,post179,0,results.jsonl,2.0724,-0.5537,1.5187,1.1206,0.8872
gainesville:36822,gainesville,WBKupTPSlHVbTQLmnpMW4Q,post179,0,results.jsonl,-1.6334,0.1948,-1.4386,-1.7798,0.8538
gainesville:36828,gainesville,CVM2msW8FZCKUiM7UUxobg,post179,0,results.jsonl,1.5637,1.6301,3.1938,3.5376,0.8822
gainesville:36843,gainesville,tkXW59Rv_kJOjgbbnCmpEA,post179,0,results.jsonl,-1.1886,0.7077,-0.4808,-0.1758,0.7664
gainesville:36845,gainesville,tkXW59Rv_kJOjgbbnCmpEA,post179,0,results.jsonl,1.1983,0.7010,1.8993,3.3838,0.8305
gainesville:36854,gainesville,LTypBWCZr0BoLiwTSbPjEg,post179,0,results.jsonl,-0.0172,-0.2641,-0.2813,-0.2417,0.7637
gainesville:36859,gainesville,aGT5oR6ZX4_lvj53v0OYwA,post179,0,results.jsonl,-0.4308,1.1537,0.7229,0.8350,0.8072
gainesville:36861,gainesville,7gzpWwPMb7eVv1Y9VTlkVA,post179,0,results.jsonl,0.4150,0.4595,0.8745,0.7690,0.8600
gainesville:36863,gainesville,FB4l5pOdt5zlmvYlnO-fQw,post179,0,results.jsonl,-0.6750,0.4856,-0.1893,-0.6812,0.6133
gainesville:36869,gainesville,n6HTXi6-uRKbyhlQpVdkBQ,post179,0,results.jsonl,0.0164,1.1725,1.1888,1.0547,0.8591
gainesville:36874,gainesville,fUmMUZmdGkgvg8S9kQDS7g,post179,0,results.jsonl,-0.5115,0.7130,0.2015,-0.5273,0.7820
gainesville:36888,gainesville,ZirBYa4puVL7ruhrEtDKhQ,post179,0,results.jsonl,0.6244,0.2344,0.8588,1.3403,0.8807
gainesville:37001,gainesville,SfUeR7s2CNLt8KVcFPqdWQ,post179,0,results.jsonl,-0.4158,-0.9101,-1.3260,-0.6372,0.7693
gainesville:37003,gainesville,xi3Scwb2jzPYyYZDYQJ2_A,post179,0,results.jsonl,-0.5308,0.1602,-0.3705,-0.4395,0.9327
gainesville:37005,gainesville,XZ5T5enwvg1IfdWxuPnLMQ,post179,0,results.jsonl,-0.5682,0.4685,-0.0997,1.7798,0.7842
gainesville:37037,gainesville,tpxDlXhQY71sEqF5SK3sWg,post179,0,results.jsonl,-0.1731,0.1422,-0.0309,-0.6812,0.7761
gainesville:37039,gainesville,tpxDlXhQY71sEqF5SK3sWg,post179,0,results.jsonl,-0.1512,-0.2165,-0.3677,0.2856,0.9698
gainesville:37080,gainesville,lT3h63jCCorq0SdKz8CjOA,post179,0,results.jsonl,-0.0324,0.1830,0.1506,0.7031,0.9133
gainesville:37116,gainesville,xXb3FXsr5ksKGNFMYzJ9wQ,post179,0,results.jsonl,0.3678,0.2593,0.6270,-0.4175,0.9141
gainesville:37117,gainesville,xXb3FXsr5ksKGNFMYzJ9wQ,post179,0,results.jsonl,0.2618,0.4462,0.7080,1.7578,0.8307
gainesville:37119,gainesville,xXb3FXsr5ksKGNFMYzJ9wQ,post179,0,results.jsonl,-0.3193,0.3647,0.0454,0.9448,0.9065
gainesville:37120,gainesville,xXb3FXsr5ksKGNFMYzJ9wQ,post179,0,results.jsonl,-0.3942,0.1656,-0.2286,0.0439,0.8980
gainesville:37122,gainesville,xXb3FXsr5ksKGNFMYzJ9wQ,post179,0,results.jsonl,-0.3486,-0.3072,-0.6558,0.3955,0.9482
gainesville:37123,gainesville,xXb3FXsr5ksKGNFMYzJ9wQ,post179,0,results.jsonl,-0.2749,-0.4304,-0.7053,0.5273,0.9328
gainesville:37125,gainesville,xXb3FXsr5ksKGNFMYzJ9wQ,post179,0,results.jsonl,0.1670,-0.5287,-0.3617,-0.3955,0.9568
gainesville:37126,gainesville,xXb3FXsr5ksKGNFMYzJ9wQ,post179,0,results.jsonl,0.2672,-0.4399,-0.1727,-0.0659,0.8288
gainesville:37128,gainesville,kX2URDsPyYMqpSdosNYhkg,post179,0,results.jsonl,0.6799,0.3874,1.0673,2.1973,0.8763
gainesville:37130,gainesville,kX2URDsPyYMqpSdosNYhkg,post179,1,results.jsonl,0.0591,0.7157,0.7748,0.8130,0.8468
gainesville:37131,gainesville,kX2URDsPyYMqpSdosNYhkg,post179,0,results.jsonl,0.6557,-0.4190,0.2367,-0.3735,0.9016
gainesville:37184,gainesville,qrxQ8LWjGy_1vdD4VOQe-g,post179,0,results.jsonl,0.1323,-0.6396,-0.5073,-0.6152,0.7501
gainesville:37188,gainesville,qrxQ8LWjGy_1vdD4VOQe-g,post179,0,results.jsonl,-0.2363,0.6191,0.3827,1.0547,0.8778
gainesville:37191,gainesville,4lUmUoXZDDr6hwP93BL3TA,post179,0,results.jsonl,0.0181,-0.6646,-0.6465,-1.2524,0.9248
gainesville:37196,gainesville,bMZBI07ues3rk3u0aSRPpQ,post179,0,results.jsonl,-0.1178,0.6609,0.5431,1.0547,0.7629
gainesville:37198,gainesville,37Meg5LU4cnAOBpv7ZikEw,post179,0,results.jsonl,-0.0802,0.5469,0.4667,1.8457,0.7958
gainesville:37200,gainesville,37Meg5LU4cnAOBpv7ZikEw,post179,0,results.jsonl,-1.4013,0.3534,-1.0479,-0.2856,0.9495
gainesville:37202,gainesville,nJYeix4W3AH9RCbAfs9Lpg,post179,0,results.jsonl,-0.4626,0.4027,-0.0599,-0.6152,0.7268
gainesville:37204,gainesville,_iU7VBLZHYytJ6DVKcoYPg,post179,0,results.jsonl,-0.2152,0.5648,0.3496,-0.7471,0.8157
gainesville:37206,gainesville,uUaYiNqAgqS7GfGePggRmQ,post179,0,results.jsonl,-0.7423,0.9147,0.1724,0.9668,0.8814
gainesville:37208,gainesville,klcGN2c8WgeyqI-xGRmMnA,post179,0,results.jsonl,-1.3675,0.6491,-0.7184,0.0659,0.8614
gainesville:37209,gainesville,JlKRRLTqHkOaLxfHZh5c_g,post179,0,results.jsonl,-1.1063,0.8926,-0.2138,1.5601,0.8540
gainesville:37211,gainesville,BaxdriYeFTTuoctoudMskA,post179,1,results.jsonl,-0.8975,0.9219,0.0244,-0.8350,0.8172
gainesville:37212,gainesville,AgtSHN4Y4xyTAXm99PHZog,post179,0,results.jsonl,-0.9013,0.8511,-0.0502,-1.2964,0.9216
gainesville:37219,gainesville,Sny88ksMhJOQYw9U-ZOBFA,post179,0,results.jsonl,-0.0123,-1.1327,-1.1450,-0.4614,0.8550
gainesville:37222,gainesville,Sny88ksMhJOQYw9U-ZOBFA,post179,0,results.jsonl,0.0175,1.1185,1.1360,0.6592,0.8163
gainesville:37262,gainesville,l8Jmokuc585fNOU_6bWsEQ,post179,0,results.jsonl,0.3220,1.2274,1.5493,1.6479,0.7253
gainesville:37270,gainesville,LpvWpDeHyo6KZO05ENq-uA,post179,0,results.jsonl,0.2281,-1.5144,-1.2863,-0.7251,0.8063
gainesville:37271,gainesville,LpvWpDeHyo6KZO05ENq-uA,post179,0,results.jsonl,-0.1755,-1.5757,-1.7512,-2.4829,0.6539
gainesville:37273,gainesville,LpvWpDeHyo6KZO05ENq-uA,post179,0,results.jsonl,-0.5510,0.2134,-0.3376,-0.6372,0.7928
gainesville:37274,gainesville,LpvWpDeHyo6KZO05ENq-uA,post179,0,results.jsonl,-0.3282,1.3400,1.0117,0.7690,0.6131
gainesville:37277,gainesville,kX2URDsPyYMqpSdosNYhkg,post179,0,results.jsonl,0.0520,0.7161,0.7681,0.7251,0.8468
gainesville:37280,gainesville,BRXqrYVi5aSK1HnVucUl2w,post179,0,results.jsonl,0.2123,0.5581,0.7704,0.0000,0.8692
gainesville:37281,gainesville,BRXqrYVi5aSK1HnVucUl2w,post179,0,results.jsonl,0.1552,-0.5707,-0.4155,0.0439,0.8798
gainesville:37282,gainesville,LC3sKtCVcphrpiGrhbJVPQ,post179,0,results.jsonl,0.0250,-1.1658,-1.1408,-0.9668,0.7434
gainesville:37286,gainesville,T-v5MdWtdn8nThPT47SB9A,post179,0,results.jsonl,-0.2781,0.2289,-0.0492,1.1206,0.8961
gainesville:37288,gainesville,T-v5MdWtdn8nThPT47SB9A,post179,0,results.jsonl,0.1340,-0.2507,-0.1167,-0.4175,0.6225
gainesville:37289,gainesville,T-v5MdWtdn8nThPT47SB9A,post179,0,results.jsonl,0.4049,-0.1928,0.2121,0.8789,0.8796
gainesville:37291,gainesville,xXb3FXsr5ksKGNFMYzJ9wQ,post179,0,results.jsonl,-0.3183,0.3665,0.0481,1.1206,0.9065
gainesville:37292,gainesville,xXb3FXsr5ksKGNFMYzJ9wQ,post179,0,results.jsonl,-0.3940,0.1666,-0.2273,-0.0439,0.8980
gainesville:37294,gainesville,xXb3FXsr5ksKGNFMYzJ9wQ,post179,0,results.jsonl,0.2556,0.4533,0.7089,1.9336,0.8307
gainesville:37295,gainesville,xXb3FXsr5ksKGNFMYzJ9wQ,post179,0,results.jsonl,0.3673,0.2607,0.6279,-0.4614,0.9141
gainesville:37297,gainesville,zAOumZVOd5CNIFWn1YOtFg,post179,0,results.jsonl,0.4485,-0.9174,-0.4689,-1.8018,0.7392
gainesville:37299,gainesville,zAOumZVOd5CNIFWn1YOtFg,post179,0,results.jsonl,-1.0494,-0.7663,-1.8157,-1.1865,0.9124
gainesville:37301,gainesville,92REmkimEvqUAMvLaHw-vA,post179,0,results.jsonl,0.5051,-0.6596,-0.1545,-0.9448,0.8747
gainesville:37302,gainesville,92REmkimEvqUAMvLaHw-vA,post179,1,results.jsonl,-0.1870,-0.7951,-0.9821,-1.0107,0.7072
gainesville:37340,gainesville,9MM5IMOW3mY2X8xCpFK56w,post179,0,results.jsonl,0.0164,-0.9741,-0.9578,-1.6699,0.8982
gainesville:37345,gainesville,wqZsN78PK4hWNIazHGWnMA,post179,0,results.jsonl,-0.4552,1.2500,0.7948,-0.3955,0.8993
gainesville:37354,gainesville,EuMfxrdrdOyX4vdC9pl6qA,post179,0,results.jsonl,-0.0025,1.1391,1.1366,1.1206,0.6890
gainesville:37357,gainesville,SYqX1pgP4WA9eNOY_X-Lkg,post179,0,results.jsonl,-0.1215,0.1404,0.0189,0.3296,0.8550
gainesville:37359,gainesville,A3Fm_SdA0EDdO-Ooc5q94w,post179,0,results.jsonl,0.5253,-1.8895,-1.3642,-2.5488,0.8242
gainesville:37364,gainesville,8Sqs2oDt9AjNTlWmi_LfFA,post179,0,results.jsonl,-0.1603,-1.0367,-1.1970,-2.1313,0.8957
gainesville:37369,gainesville,SYeYmPaaICfgxMlcXU-QnQ,post179,0,results.jsonl,-1.2156,-0.5691,-1.7848,-2.0435,0.8730
gainesville:37373,gainesville,bpfhcgfNvgP61mEPlXfMsw,post179,0,results.jsonl,-0.0642,-0.9857,-1.0498,-1.9995,0.5997
gainesville:37375,gainesville,bpfhcgfNvgP61mEPlXfMsw,post179,0,results.jsonl,0.2035,0.7991,1.0026,0.7031,0.8155
gainesville:37379,gainesville,FticUx72NBC0LPcYWkt2vg,post179,0,results.jsonl,0.0495,0.9127,0.9621,0.2637,0.5895
gainesville:37381,gainesville,FticUx72NBC0LPcYWkt2vg,post179,0,results.jsonl,-0.1559,0.8712,0.7153,0.8789,0.9306
gainesville:37383,gainesville,7K08z-d1aCI88zBZw7T72w,post179,0,results.jsonl,-0.1598,0.9303,0.7705,0.4614,0.5925
gainesville:37389,gainesville,8f3hk9jHzI67z--G1s53NA,post179,0,results.jsonl,-0.3659,1.0577,0.6918,1.9775,0.7428
gainesville:37390,gainesville,B03Fvr9Apr5E22F2xk0cig,post179,1,results.jsonl,-0.4266,0.7365,0.3099,0.6812,0.7370
gainesville:37391,gainesville,GyEplMgRF1P7QGjHBON2RQ,post179,0,results.jsonl,0.1435,-0.3130,-0.1695,-0.3735,0.9442
gainesville:37393,gainesville,GyEplMgRF1P7QGjHBON2RQ,post179,0,results.jsonl,0.2173,0.2819,0.4992,0.7690,0.7846
gainesville:37395,gainesville,y_-EZRAulNob9R14iKBc2A,post179,0,results.jsonl,-0.0696,0.1251,0.0555,-1.1865,0.8494
gainesville:37396,gainesville,tTMzaHDLupnCWlUZ0BAhhQ,post179,0,results.jsonl,-0.3295,0.4159,0.0863,0.1099,0.5789
gainesville:37397,gainesville,tTMzaHDLupnCWlUZ0BAhhQ,post179,0,results.jsonl,-0.4290,-0.3937,-0.8227,-1.7139,0.6539
gainesville:37398,gainesville,tTMzaHDLupnCWlUZ0BAhhQ,post179,0,results.jsonl,0.2789,-0.4246,-0.1457,-2.0435,0.9292
gainesville:37400,gainesville,SL2GoI1lzmMq-zAj42g73A,post179,0,results.jsonl,0.3938,0.8249,1.2187,1.4941,0.8492
gainesville:37401,gainesville,SL2GoI1lzmMq-zAj42g73A,post179,0,results.jsonl,-0.3922,0.8253,0.4331,-0.2637,0.8910
gainesville:37402,gainesville,SL2GoI1lzmMq-zAj42g73A,post179,0,results.jsonl,0.1647,-0.8740,-0.7093,-1.4062,0.9655
gainesville:37403,gainesville,LbB6t_yU2w5IaTm_BtKKEg,post179,1,results.jsonl,0.6121,0.2904,0.9025,-0.0659,0.9243
gainesville:37404,gainesville,LbB6t_yU2w5IaTm_BtKKEg,post179,0,results.jsonl,0.5458,-0.2992,0.2466,0.3955,0.9759
gainesville:37405,gainesville,bcqSD2JIwbIPqoWQBrAkxQ,post179,1,results.jsonl,0.0407,-0.8670,-0.8263,-0.4614,0.7037
gainesville:37406,gainesville,bcqSD2JIwbIPqoWQBrAkxQ,post179,0,results.jsonl,-0.0951,-0.7816,-0.8767,-1.2744,0.8806
gainesville:37407,gainesville,bcqSD2JIwbIPqoWQBrAkxQ,post179,0,results.jsonl,0.1559,0.5656,0.7215,0.1758,0.9245
gainesville:37412,gainesville,oTzvBSAf1wyEEExJGkStSA,post179,0,results.jsonl,0.5944,-0.2091,0.3852,0.2856,0.8134
gainesville:37425,gainesville,sokwVGy3E0MXJOsWCiBoTQ,post179,0,results.jsonl,0.1265,1.2832,1.4097,3.3179,0.8532
gainesville:37435,gainesville,fAmiRh6B7f_ebK1HVpSf-g,post179,0,results.jsonl,-0.0115,0.7128,0.7013,-0.5933,0.9271
gainesville:37436,gainesville,fAmiRh6B7f_ebK1HVpSf-g,post179,0,results.jsonl,0.0370,0.6789,0.7159,0.5273,0.9076
gainesville:37437,gainesville,fAmiRh6B7f_ebK1HVpSf-g,post179,0,results.jsonl,0.0995,0.3690,0.4685,0.7251,0.8747
gainesville:37438,gainesville,fAmiRh6B7f_ebK1HVpSf-g,post179,0,results.jsonl,-0.0200,-0.7057,-0.7257,-2.3291,0.9342
gainesville:37439,gainesville,wTTUxFcV6DCDpJqimxKAhg,post179,0,results.jsonl,0.9532,0.1696,1.1228,2.2412,0.8664
gainesville:37440,gainesville,wTTUxFcV6DCDpJqimxKAhg,post179,0,results.jsonl,0.7381,-0.2595,0.4786,1.5601,0.7437
gainesville:37441,gainesville,wTTUxFcV6DCDpJqimxKAhg,post179,0,results.jsonl,-0.0641,-0.3530,-0.4171,-0.6372,0.9546
gainesville:37442,gainesville,wTTUxFcV6DCDpJqimxKAhg,post179,0,results.jsonl,-0.8184,-0.2325,-1.0509,0.9229,0.9851
gainesville:37449,gainesville,GtXhl6Eg1yhaqV5-CYYvHA,post179,0,results.jsonl,-0.1473,1.9065,1.7592,2.0215,0.5772
gainesville:37450,gainesville,GtXhl6Eg1yhaqV5-CYYvHA,post179,0,results.jsonl,-0.1827,-1.8855,-2.0682,-2.9443,0.8754
gainesville:37453,gainesville,KxN_YL0tYKalU_47zIu8dg,post179,0,results.jsonl,1.0396,-0.2221,0.8175,0.5273,0.7964
gainesville:37457,gainesville,4C-GPyBFtRegO8IrVO-LAg,post179,0,results.jsonl,-0.7795,0.8508,0.0713,-1.2305,0.7605
gainesville:37458,gainesville,aSSYNz6BW6lv4nOqcQeUVg,post179,0,results.jsonl,1.0686,0.9007,1.9693,2.0435,0.8019
gainesville:37460,gainesville,lGGhUWMi4QnmQJvuMBwX5A,post179,0,results.jsonl,0.7043,-0.6638,0.0405,-0.4834,0.6090
gainesville:37464,gainesville,FbEhRIehpmgswlb8UTgFFQ,post179,0,results.jsonl,-0.3364,0.6539,0.3175,0.1318,0.8834
gainesville:37466,gainesville,P7w0EAcVfJm-DPKJ2F2aCw,post179,0,results.jsonl,0.6827,0.6064,1.2890,1.1206,0.8396
gainesville:37483,gainesville,5sWR2n9Vy7_e4x_IooV9bQ,post179,0,results.jsonl,0.0576,0.3102,0.3678,3.0762,0.6747
gainesville:37485,gainesville,5sWR2n9Vy7_e4x_IooV9bQ,post179,0,results.jsonl,0.0648,-0.3100,-0.2453,-0.7690,0.7059
gainesville:37514,gainesville,yuQYgFXHfT9nIsCade_ZAA,post179,0,results.jsonl,0.7352,-1.1477,-0.4125,1.3184,0.6602
gainesville:37516,gainesville,9SDXPWBUGqmsV_9hzkmbKQ,post179,0,results.jsonl,-0.2362,-0.6537,-0.8899,-2.7026,0.6567
gainesville:37525,gainesville,b3i-Ox35s9b_cvOgnaTM1w,post179,0,results.jsonl,0.2860,0.6849,0.9709,0.7031,0.7427
gainesville:37527,gainesville,b3i-Ox35s9b_cvOgnaTM1w,post179,0,results.jsonl,0.2440,-0.7052,-0.4611,-0.7251,0.7396
gainesville:37534,gainesville,Jhwkk08oFAgaVm5puGe2ng,post179,0,results.jsonl,0.0931,1.3529,1.4460,0.7910,0.7812
gainesville:37545,gainesville,SXdESbPJr7CL82sBW1QLRw,post179,0,results.jsonl,0.5714,2.7469,3.3182,4.1528,0.8421
gainesville:37562,gainesville,WaXjnCDZEqUrwfZHjMGYpA,post179,0,results.jsonl,0.3509,0.4330,0.7839,0.0879,0.8438
gainesville:37578,gainesville,nDgoS1lxj79bFZhW_a3p_A,post179,0,results.jsonl,0.2736,0.0648,0.3384,-0.5933,0.7607
gainesville:37580,gainesville,MG2QLuOGRX6iGr9UOipxPA,post179,0,results.jsonl,0.7046,-0.4559,0.2487,1.3843,0.8640
gainesville:37582,gainesville,E94ujiRjm9M8d_pGTfIEhQ,post179,0,results.jsonl,0.7955,-0.6112,0.1844,2.1313,0.7784
gainesville:37594,gainesville,mmon9perr8wFoXRvyBdf9g,post179,0,results.jsonl,-0.0019,1.2328,1.2310,-0.1978,0.7624
gainesville:37595,gainesville,ZisNkD6fffUuE2lhcLetsg,post179,0,results.jsonl,0.0943,0.8994,0.9937,1.2524,0.8144
gainesville:37596,gainesville,2dGdCfDdvZG81lfRRFLu8Q,post179,0,results.jsonl,0.3052,-0.0281,0.2771,1.5601,0.6929
gainesville:37598,gainesville,2dGdCfDdvZG81lfRRFLu8Q,post179,0,results.jsonl,-0.0729,0.0353,-0.0375,0.3955,0.8947
gainesville:37639,gainesville,oDUsglKlhGHtxhWiSKGFFQ,post179,0,results.jsonl,-0.2171,-0.4004,-0.6175,-2.2716,0.6377
gainesville:37681,gainesville,uXUHbpiM67RrjorqcYI8vQ,post179,0,results.jsonl,1.1128,0.3059,1.4187,1.7139,0.9299
gainesville:37706,gainesville,x5rLWUUtTr4CgPQqKsvFwQ,post179,0,results.jsonl,0.1865,0.6632,0.8497,0.5713,0.9337
gainesville:37708,gainesville,ZodDODxoUYsoE9VhSFfIlw,post179,0,results.jsonl,0.2252,-1.0607,-0.8355,0.5933,0.9293
gainesville:37709,gainesville,ZodDODxoUYsoE9VhSFfIlw,post179,0,results.jsonl,0.0503,1.2398,1.2901,0.3076,0.8700
gainesville:37715,gainesville,XR4uAOE4z4BcAmRj3mUayQ,post179,0,results.jsonl,0.3938,1.1925,1.5863,0.1318,0.5964
gainesville:37719,gainesville,NESZJ5g6cKW4Kw4qttil3g,post179,0,results.jsonl,-0.0554,0.8490,0.7937,0.6490,0.6835
gainesville:37783,gainesville,QcSFSse0AxuS553IzSOHXA,post179,0,results.jsonl,0.0824,-1.2497,-1.1673,-2.6367,0.8714
gainesville:37785,gainesville,QcSFSse0AxuS553IzSOHXA,post179,0,results.jsonl,-0.1258,-1.0938,-1.2196,0.4175,0.9113
gainesville:37790,gainesville,IXxcVkKs7EPYvuc6x0qr4Q,post179,0,results.jsonl,0.0346,1.6605,1.6952,-0.2417,0.9424
gainesville:37793,gainesville,IXxcVkKs7EPYvuc6x0qr4Q,post179,0,results.jsonl,-0.2423,-1.1622,-1.4045,-1.8018,0.9236
gainesville:37794,gainesville,PTBnG3l3GaqegixA0Mh-dQ,post179,0,results.jsonl,-0.0525,0.8293,0.7769,0.8789,0.6923
gainesville:37795,gainesville,PTBnG3l3GaqegixA0Mh-dQ,post179,0,results.jsonl,-0.0249,-0.8469,-0.8718,-1.1646,0.8479
gainesville:37797,gainesville,erUFIDcXUnEj57SHR3C3Dg,post179,0,results.jsonl,-0.0339,-0.0348,-0.0687,-0.1099,0.8949
gainesville:37799,gainesville,erUFIDcXUnEj57SHR3C3Dg,post179,0,results.jsonl,-0.5504,-0.0205,-0.5709,0.2197,0.8594
gainesville:37802,gainesville,STOvx-6jUvQasDLIfeg1Yw,post179,0,results.jsonl,0.2709,-0.7005,-0.4296,-0.5273,0.8995
gainesville:37804,gainesville,STOvx-6jUvQasDLIfeg1Yw,post179,0,results.jsonl,0.3740,0.5368,0.9108,0.3955,0.8386
gainesville:37808,gainesville,Udi5nLHtDnnMBcRkB9tL1w,post179,0,results.jsonl,0.2037,-0.4821,-0.2784,0.1978,0.9207
gainesville:37809,gainesville,Udi5nLHtDnnMBcRkB9tL1w,post179,0,results.jsonl,-0.0103,-0.8771,-0.8874,-3.0322,0.8952
gainesville:37812,gainesville,Udi5nLHtDnnMBcRkB9tL1w,post179,0,results.jsonl,-0.0058,0.8776,0.8718,1.3623,0.7211
gainesville:37815,gainesville,vMSgdCXz8epCYmRrXwsQzw,post179,0,results.jsonl,-0.2409,0.3912,0.1503,-1.4062,0.9064
gainesville:37817,gainesville,vMSgdCXz8epCYmRrXwsQzw,post179,0,results.jsonl,0.1084,-0.5536,-0.4452,-2.1753,0.8772
gainesville:37819,gainesville,vMSgdCXz8epCYmRrXwsQzw,post179,1,results.jsonl,0.3166,0.1144,0.4310,0.1758,0.8831
gainesville:37842,gainesville,J8ECS1VQpR1c-Ro4LqunsQ,post179,0,results.jsonl,0.6262,1.8952,2.5214,3.4277,0.6483
gainesville:37844,gainesville,vxJeCTXw3_1dhsIQNGk3bQ,post179,0,results.jsonl,0.4879,1.2583,1.7462,1.6040,0.6916
gainesville:37910,gainesville,VGnXChggEa58oD8wD6yGAA,post179,0,results.jsonl,0.6271,-1.2340,-0.6070,1.5820,0.7525
gainesville:37911,gainesville,VGnXChggEa58oD8wD6yGAA,post179,0,results.jsonl,-0.8215,-1.0361,-1.8575,-0.6152,0.7688
gainesville:37966,gainesville,xf2KuZqP-vNLg0Bz6o8bAQ,post179,0,results.jsonl,0.4273,0.2158,0.6432,-0.5713,0.8821
gainesville:37967,gainesville,xf2KuZqP-vNLg0Bz6o8bAQ,post179,0,results.jsonl,0.2762,-0.2291,0.0471,0.8130,0.8978
gainesville:37975,gainesville,7Uv08oFfPP2OR0D3ss6CGQ,post179,0,results.jsonl,-0.1659,0.8823,0.7163,1.4502,0.7973
gainesville:37984,gainesville,XwgXUBsT8oJK_WdsLA9Nlw,post179,0,results.jsonl,-0.0479,-0.4908,-0.5386,-2.1094,0.9636
gainesville:37985,gainesville,XwgXUBsT8oJK_WdsLA9Nlw,post179,0,results.jsonl,-0.0379,0.5734,0.5354,-0.4614,0.9410
gainesville:38006,gainesville,JDAwbf75HylYYRlUZZft8Q,post179,0,results.jsonl,-0.2470,0.0502,-0.1968,0.5054,0.5750
gainesville:38032,gainesville,v1FvaxwXcy1jpeh4FPHBQQ,post179,0,results.jsonl,-0.1162,-1.0928,-1.2090,-2.7246,0.9264
gainesville:38043,gainesville,VI6wFwApa0UrGcacNwGVBQ,post179,0,results.jsonl,0.6458,1.1755,1.8213,2.5708,0.9121
gainesville:38120,gainesville,nGxr22WtLpYpMNcacPfPKQ,post179,0,results.jsonl,1.0897,-0.0555,1.0342,1.3843,0.8705
gainesville:38121,gainesville,nGxr22WtLpYpMNcacPfPKQ,post179,0,results.jsonl,0.3577,-0.1473,0.2104,0.9668,0.9298
gainesville:38124,gainesville,wwkHiZsOXeX51K_ocd4gXw,post179,0,results.jsonl,1.1995,-0.0031,1.1964,0.4395,0.8965
gainesville:38126,gainesville,wwkHiZsOXeX51K_ocd4gXw,post179,0,results.jsonl,0.8364,0.0058,0.8422,1.0986,0.7551
gainesville:38142,gainesville,iRLXPtKBtfu9MHWcuUrDpA,post179,0,results.jsonl,0.5630,-0.0060,0.5570,1.2744,0.9280
gainesville:38222,gainesville,KZrXblmGxssFydcezlci4A,post179,0,results.jsonl,1.5363,-0.7379,0.7984,1.5601,0.6654
gainesville:38236,gainesville,w_uqadzuSDgdd7GTuZWLDA,post179,0,results.jsonl,0.1269,-0.1014,0.0255,-0.6812,0.9319
gainesville:38237,gainesville,w_uqadzuSDgdd7GTuZWLDA,post179,0,results.jsonl,0.1779,0.0984,0.2763,-1.0767,0.8905
gainesville:38244,gainesville,DOgIq1zI0XZ9reRr68XEeQ,post179,0,results.jsonl,-0.6324,-0.9477,-1.5801,-1.8237,0.8523
gainesville:38246,gainesville,DOgIq1zI0XZ9reRr68XEeQ,post179,0,results.jsonl,0.6583,-0.9143,-0.2560,-0.0439,0.8311
gainesville:38303,gainesville,2s3_D7SnTpBQ-rNznsevRw,post179,0,results.jsonl,-1.7852,0.6093,-1.1759,0.3516,0.5561
gainesville:38307,gainesville,Y36rA0dSDh6M8kyIqOKm4g,post179,0,results.jsonl,0.2913,-1.3794,-1.0881,-0.5950,0.7771
gainesville:38365,gainesville,xpO1wZLkreUoc7KfV3hSwg,post179,0,results.jsonl,0.2741,1.1737,1.4478,2.0874,0.7377
gainesville:38370,gainesville,QcXeAgLY4hgTLlmNyC-tww,post179,0,results.jsonl,0.8583,-0.3247,0.5336,1.3184,0.6067
gainesville:38378,gainesville,fl9cHgPKYaalulotIYKAyA,post179,0,results.jsonl,1.0489,0.9705,2.0193,1.6699,0.9093
gainesville:38380,gainesville,fl9cHgPKYaalulotIYKAyA,post179,0,results.jsonl,-1.1368,0.8702,-0.2666,-0.2197,0.7705
gainesville:38383,gainesville,CYyLj6ErCo5A_2t3Pqltjg,post179,0,results.jsonl,0.3523,0.6116,0.9639,1.4282,0.9111
gainesville:38388,gainesville,Ukr-Xi8UQOqazoAD0NMZtw,post179,0,results.jsonl,0.6941,1.2161,1.9102,1.1206,0.8426
gainesville:38390,gainesville,Ukr-Xi8UQOqazoAD0NMZtw,post179,0,results.jsonl,-0.8119,1.0602,0.2483,-0.8350,0.8958
gainesville:38396,gainesville,7pXXsb_pidfjVonkeZOm4g,post179,0,results.jsonl,-0.0214,-0.3604,-0.3818,-1.0547,0.6566
gainesville:38429,gainesville,8x3vfIA2k9cRxqHxIghUsQ,post179,0,results.jsonl,-0.4451,-0.7915,-1.2366,-1.1206,0.9010
gainesville:38431,gainesville,8x3vfIA2k9cRxqHxIghUsQ,post179,0,results.jsonl,-0.1733,1.0165,0.8432,0.2197,0.9653
gainesville:38482,gainesville,iBk3nH3w5g8nxABQqwupQg,post179,0,results.jsonl,-0.0447,-0.8245,-0.8692,-0.9229,0.8694
gainesville:38498,gainesville,UOm1qz-h27PzK_X2bzn14g,post179,0,results.jsonl,0.3456,-0.2115,0.1341,0.2197,0.9462
gainesville:38500,gainesville,UOm1qz-h27PzK_X2bzn14g,post179,0,results.jsonl,0.4721,0.2032,0.6752,2.0435,0.8929
gainesville:38541,gainesville,PeYfvs8Uwyfe3F-dCUgfGQ,post179,0,results.jsonl,0.1397,1.4564,1.5961,1.1646,0.9295
gainesville:38543,gainesville,PeYfvs8Uwyfe3F-dCUgfGQ,post179,0,results.jsonl,0.2147,-1.3911,-1.1763,0.1099,0.8688
gainesville:38560,gainesville,4eJYemMpuBTstXkliDVjRQ,post179,0,results.jsonl,-0.0068,0.5183,0.5115,-0.7251,0.7856
gainesville:38563,gainesville,OdPOSWXFUHRBLfzh0XXC_w,post179,0,results.jsonl,0.2127,0.5948,0.8075,0.2197,0.5693
gainesville:38565,gainesville,OdPOSWXFUHRBLfzh0XXC_w,post179,0,results.jsonl,0.1606,0.6597,0.8203,-0.0220,0.7190
gainesville:38570,gainesville,_pYma78m-bjuSfUpkJ-ASg,post179,0,results.jsonl,-0.0152,0.7993,0.7841,1.0107,0.6684
gainesville:38572,gainesville,_pYma78m-bjuSfUpkJ-ASg,post179,0,results.jsonl,0.0365,0.6465,0.6830,0.6812,0.5509
gainesville:38593,gainesville,lCZJczsmFwuZAgqsk-pORQ,post179,0,results.jsonl,0.7314,-0.3711,0.3603,0.9888,0.8792
gainesville:38595,gainesville,lCZJczsmFwuZAgqsk-pORQ,post179,0,results.jsonl,0.2722,0.3850,0.6573,1.0986,0.8434
gainesville:38596,gainesville,qFA8pN0x8d1IstfzcLtT_Q,post179,0,results.jsonl,0.5240,-1.0248,-0.5008,0.0659,0.8911
gainesville:38626,gainesville,1dg_dq1J-lVNI3Gpa5TQ8w,post179,0,results.jsonl,-0.1237,0.5080,0.3843,-0.1978,0.8463
gainesville:38627,gainesville,1dg_dq1J-lVNI3Gpa5TQ8w,post179,0,results.jsonl,-0.0514,-0.5333,-0.5847,-0.9229,0.7457
gainesville:38631,gainesville,gfq1OBWomhx8edgqNdSpig,post179,0,results.jsonl,1.5454,0.0120,1.5574,0.9888,0.7814
gainesville:38657,gainesville,JlgWvkvYCXybLuKNN_GAWg,post179,0,results.jsonl,3.3165,0.4002,3.7167,3.2080,0.8865
gainesville:38658,gainesville,JlgWvkvYCXybLuKNN_GAWg,post179,0,results.jsonl,-2.4718,-0.5983,-3.0701,-4.3726,0.8238
gainesville:38675,gainesville,lsMZB5_S94s5B9HgQUDHhQ,post179,0,results.jsonl,1.1543,-0.2819,0.8724,0.6372,0.8426
gainesville:38678,gainesville,qrxQ8LWjGy_1vdD4VOQe-g,post179,0,results.jsonl,-0.2186,0.6234,0.4048,1.1206,0.8778
gainesville:38681,gainesville,qrxQ8LWjGy_1vdD4VOQe-g,post179,0,results.jsonl,0.1430,-0.6380,-0.4950,-1.2305,0.7501
gainesville:38683,gainesville,bMZBI07ues3rk3u0aSRPpQ,post179,0,results.jsonl,-0.1163,0.6654,0.5491,1.3843,0.7629
gainesville:38685,gainesville,_iU7VBLZHYytJ6DVKcoYPg,post179,0,results.jsonl,-0.2099,0.5656,0.3557,-0.7471,0.8157
gainesville:38687,gainesville,8GyZfycVg9vdMQjSeZyfew,post179,0,results.jsonl,0.0750,0.5841,0.6591,0.9229,0.8553
gainesville:38689,gainesville,8GyZfycVg9vdMQjSeZyfew,post179,0,results.jsonl,-0.0362,0.7189,0.6827,0.3516,0.8496
gainesville:38690,gainesville,ih7Uhh7lgoAfiWIMRRqCSQ,post179,0,results.jsonl,0.5852,0.3028,0.8880,-1.4282,0.7312
gainesville:38692,gainesville,W7Wafx_Fh1tAeK9TsvunIA,post179,0,results.jsonl,-0.7663,1.2335,0.4672,-0.5493,0.7158
gainesville:38716,gainesville,BpyTiNqupkwstTD-Zhg8Ow,post179,0,results.jsonl,0.0076,0.4078,0.4154,2.5488,0.9001
gainesville:38717,gainesville,QYIDSbItHlX47Tp5bNq85w,post179,0,results.jsonl,-0.0131,-0.3014,-0.3145,-0.3076,0.8127
gainesville:38719,gainesville,7w3J2b3Rrwd3FRqchTuqdQ,post179,0,results.jsonl,-0.3918,1.0955,0.7037,-1.0547,0.8694
gainesville:38722,gainesville,H7JlWnM6GaoANam615mSnA,post179,0,results.jsonl,0.2764,0.7821,1.0586,1.9556,0.9369
gainesville:38735,gainesville,1MG0WtQ20k7dF49MZN-obg,post179,0,results.jsonl,1.1354,-0.1448,0.9906,0.8130,0.7295
gainesville:38737,gainesville,1MG0WtQ20k7dF49MZN-obg,post179,0,results.jsonl,0.2628,0.1935,0.4563,1.1646,0.9986
gainesville:38741,gainesville,EjyM0J-KxqFI0YDqQWTF5A,post179,0,results.jsonl,-0.7061,0.2829,-0.4232,-0.2417,0.8990
gainesville:38757,gainesville,lcSA0d1BwVmfXLVURsV-pg,post179,0,results.jsonl,-0.0390,1.2375,1.1985,0.2975,0.8864
gainesville:38762,gainesville,lcSA0d1BwVmfXLVURsV-pg,post179,0,results.jsonl,0.4795,0.7151,1.1946,1.3522,0.9058
gainesville:38772,gainesville,cQkh4Ewd8B0ldEETuaIoCQ,post179,0,results.jsonl,0.4722,2.8342,3.3065,3.0103,0.6712
gainesville:38773,gainesville,cQkh4Ewd8B0ldEETuaIoCQ,post179,0,results.jsonl,-0.9240,-2.1515,-3.0754,-4.2847,0.8823
gainesville:38774,gainesville,ymDxyp4jn2BfCTzSstWwHw,post179,0,results.jsonl,-0.1268,0.8733,0.7464,0.5054,0.6835
gainesville:38790,gainesville,4WWXGjsgY3AXx4YWdKmD1Q,post179,0,results.jsonl,0.3766,0.3845,0.7610,1.8677,0.6370
gainesville:38792,gainesville,4WWXGjsgY3AXx4YWdKmD1Q,post179,0,results.jsonl,-0.3874,0.3464,-0.0411,0.6152,0.7955
gainesville:38793,gainesville,3lNmJILRAnpct8IMUuafoQ,post179,0,results.jsonl,0.7625,0.7548,1.5172,1.4282,0.7243
gainesville:38795,gainesville,ahZMz8i9uZKd_Jfej6kWkQ,post179,0,results.jsonl,0.7590,0.5079,1.2669,0.0220,0.8000
gainesville:38796,gainesville,v19aulqcRhtkVQMXYcp2Gg,post179,0,results.jsonl,-0.0129,0.9875,0.9746,-1.0107,0.6108
gainesville:38804,gainesville,bwbdIXoC8EUnM6BZQWmmDQ,post179,0,results.jsonl,0.7401,0.5054,1.2454,1.0986,0.8156
gainesville:38805,gainesville,D5r25atf9F3B6dIUBF-Niw,post179,0,results.jsonl,0.3433,0.6274,0.9707,-0.1318,0.8791
gainesville:38852,gainesville,YOhHcCDH-BvxkSc24tTncg,post179,0,results.jsonl,-0.4955,0.7100,0.2145,0.2856,0.8671
gainesville:38855,gainesville,6vB3oGCa4nz2GAGQvThhTw,post179,0,results.jsonl,0.2127,-1.0872,-0.8745,-0.8569,0.9142
gainesville:38876,gainesville,boHpzbmW4TYaJeyip8BXsA,post179,0,results.jsonl,-0.6334,0.2740,-0.3594,-0.2637,0.8673
gainesville:38927,gainesville,xNEWXgP-OMLBvHhs4Is4nw,post179,0,results.jsonl,0.8357,-0.3326,0.5031,-0.3076,0.8694
gainesville:38934,gainesville,Q4OyHqSPq-G4i_OkKFdoLA,post179,0,results.jsonl,-1.1921,0.4871,-0.7049,-1.4502,0.8285
gainesville:38945,gainesville,6RBakCJ56K_VJKEjFJU2Xw,post179,0,results.jsonl,-0.5091,0.8262,0.3171,0.1099,0.6488
gainesville:38958,gainesville,LZtzEhCbQQAHU0vGW6FEXw,post179,0,results.jsonl,0.7036,-0.4876,0.2160,-0.7031,0.6216
gainesville:38959,gainesville,6CpEQYcyeKeVKmCWOcMHyQ,post179,0,results.jsonl,0.5614,-1.0958,-0.5344,-0.1893,0.8378
gainesville:38997,gainesville,WC2LPMORCGuARDwUtOxh_w,post179,0,results.jsonl,0.1760,-0.4240,-0.2480,-1.0547,0.8402
gainesville:38998,gainesville,og_ff5pZkydD91ZcW-p-_w,post179,0,results.jsonl,0.5791,-1.0521,-0.4731,0.3516,0.8320
gainesville:39005,gainesville,E4MHvo5y01dhy6PJujkxvw,post179,0,results.jsonl,-0.2873,-0.3455,-0.6328,-1.7139,0.9197
gainesville:39038,gainesville,QOpgKM-XXmLzY15YUOfu-Q,post179,0,results.jsonl,-0.1882,0.6207,0.4325,0.1099,0.9096
gainesville:39041,gainesville,0iDuaHMbDaCws0Sikz8PHQ,post179,0,results.jsonl,-0.4821,0.2355,-0.2466,1.1426,0.8860
gainesville:39045,gainesville,NV4my_xoD2ER8dfJx3RIQg,post179,0,results.jsonl,-0.0389,0.0729,0.0341,-0.6812,0.6007
gainesville:39048,gainesville,NV4my_xoD2ER8dfJx3RIQg,post179,0,results.jsonl,-0.0215,-0.0731,-0.0946,-0.4834,0.8543
gainesville:39072,gainesville,TOPOdjRZADRbQNcnoVUpcQ,post179,0,results.jsonl,0.7400,-0.6694,0.0706,-0.5493,0.7140
gainesville:39073,gainesville,TOPOdjRZADRbQNcnoVUpcQ,post179,0,results.jsonl,0.4971,0.7364,1.2335,-0.4395,0.8416
gainesville:39087,gainesville,ll6ImAbbGH0rLhr-BVVw1A,post179,0,results.jsonl,-0.0256,0.9923,0.9668,2.1313,0.8045
gainesville:39118,gainesville,tkXW59Rv_kJOjgbbnCmpEA,post179,0,results.jsonl,-1.2059,0.6957,-0.5101,-0.3735,0.7664
gainesville:39120,gainesville,tkXW59Rv_kJOjgbbnCmpEA,post179,0,results.jsonl,1.1987,0.7007,1.8994,3.3838,0.8305
gainesville:39138,gainesville,1PT7A-w8AXctaXw3s_PRKA,post179,0,results.jsonl,0.5924,0.9914,1.5839,0.6372,0.8500
gainesville:39140,gainesville,1PT7A-w8AXctaXw3s_PRKA,post179,1,results.jsonl,-0.6983,0.9083,0.2100,0.3516,0.8734
gainesville:39141,gainesville,1PT7A-w8AXctaXw3s_PRKA,post179,0,results.jsonl,-0.9993,0.4841,-0.5152,-0.6812,0.9172
gainesville:39155,gainesville,dIq-GXhnzvES3cPNTboaJw,post179,0,results.jsonl,0.7288,0.6570,1.3858,1.8018,0.8111
gainesville:39176,gainesville,GXhraM-EkSq6UVxwA9dC2Q,post179,0,results.jsonl,0.1862,0.4010,0.5872,-0.0439,0.5775
gainesville:39177,gainesville,GXhraM-EkSq6UVxwA9dC2Q,post179,0,results.jsonl,0.0753,-0.4092,-0.3339,-0.9668,0.8213
gainesville:39191,gainesville,7d5BdP3ntoii4OuUnqEFiQ,post179,0,results.jsonl,-1.2707,0.6699,-0.6008,-1.5161,0.8167
gainesville:39203,gainesville,nDgoS1lxj79bFZhW_a3p_A,post179,0,results.jsonl,0.2766,0.0647,0.3413,-0.2417,0.7607
gainesville:39215,gainesville,5sWR2n9Vy7_e4x_IooV9bQ,post179,0,results.jsonl,0.0764,0.3097,0.3861,2.0215,0.6747
gainesville:39216,gainesville,5sWR2n9Vy7_e4x_IooV9bQ,post179,0,results.jsonl,0.0696,-0.3099,-0.2403,-2.1313,0.7059
gainesville:39219,gainesville,f_96eJityA3rh1Tnp-la1Q,post179,0,results.jsonl,-0.5125,0.3597,-0.1527,-1.4282,0.8096
gainesville:39222,gainesville,ysq8c-eRmpCCNQtfsvx8HA,post179,0,results.jsonl,0.6702,0.3917,1.0619,-1.2085,0.7374
gainesville:39226,gainesville,2dGdCfDdvZG81lfRRFLu8Q,post179,0,results.jsonl,-0.0792,0.0353,-0.0439,-0.0439,0.8947
gainesville:39229,gainesville,2dGdCfDdvZG81lfRRFLu8Q,post179,0,results.jsonl,0.3030,-0.0282,0.2748,0.8130,0.6929
gainesville:39230,gainesville,ss6UNdSuDgLVoNRjDq4NIg,post179,0,results.jsonl,0.1820,0.2075,0.3895,-0.8789,0.9357
gainesville:39233,gainesville,ss6UNdSuDgLVoNRjDq4NIg,post179,0,results.jsonl,0.8754,0.1081,0.9835,0.3516,0.8455
gainesville:39234,gainesville,ss6UNdSuDgLVoNRjDq4NIg,post179,0,results.jsonl,0.7287,-0.1475,0.5812,-1.3623,0.8374
gainesville:39237,gainesville,pz7QX3b85MOKzcBTlM0lEA,post179,0,results.jsonl,-0.1681,-0.6570,-0.8251,0.1318,0.8199
gainesville:39238,gainesville,pz7QX3b85MOKzcBTlM0lEA,post179,0,results.jsonl,0.2484,-0.5808,-0.3324,1.0327,0.6287
gainesville:39239,gainesville,6U6ny889KfHe4BnTMwwb8Q,post179,0,results.jsonl,0.2534,0.3596,0.6130,-0.3076,0.6997
gainesville:39240,gainesville,hUp4BHEd3wJsiBVzqNFiQg,post179,1,results.jsonl,0.2397,0.3768,0.6165,-0.2637,0.8968
gainesville:39243,gainesville,hUp4BHEd3wJsiBVzqNFiQg,post179,0,results.jsonl,0.2174,-0.3923,-0.1748,-0.2417,0.7065
gainesville:39244,gainesville,hUp4BHEd3wJsiBVzqNFiQg,post179,1,results.jsonl,-0.2398,-0.3767,-0.6165,0.1758,0.6073
gainesville:39258,gainesville,sETdDdfrga6Hbe1sDCq3CQ,post179,0,results.jsonl,0.1101,0.1173,0.2273,0.3076,0.9305
gainesville:39259,gainesville,sETdDdfrga6Hbe1sDCq3CQ,post179,0,results.jsonl,0.4227,-0.1099,0.3127,-0.0659,0.9024
gainesville:39263,gainesville,agOoVVuicCJqfQBtdiyaVQ,post179,0,results.jsonl,-1.3161,1.7433,0.4272,1.8457,0.9085
gainesville:39265,gainesville,b-prp26oMt2J4_On9xdeJg,post179,0,results.jsonl,-0.5357,0.4120,-0.1237,-0.1978,0.5575
gainesville:39268,gainesville,tyF9IMG6m0aEhaj6tWWzhA,post179,0,results.jsonl,0.0622,-0.5433,-0.4811,-1.0547,0.6780
gainesville:39270,gainesville,tyF9IMG6m0aEhaj6tWWzhA,post179,0,results.jsonl,-0.3483,0.4210,0.0727,-0.8569,0.8900
gainesville:39290,gainesville,wm8lEwyz4hGIXZoe9fWtgQ,post179,0,results.jsonl,0.0299,1.0326,1.0625,0.6812,0.8460
gainesville:39296,gainesville,v-dgSM8rMbMmtwny7dg9zA,post179,0,results.jsonl,0.1004,1.3492,1.4496,2.9443,0.9237
gainesville:39339,gainesville,9cCFX_3_bVrC57P1mPW2Lw,post179,0,results.jsonl,-1.2644,0.1334,-1.1310,-2.2852,0.9257
gainesville:39342,gainesville,P8dszQTduIvrtKQyvgnn-A,post179,0,results.jsonl,1.0828,0.2752,1.3580,-0.5054,0.8104
gainesville:39345,gainesville,5bBLmpm4MqVE-LuFA7E7vg,post179,0,results.jsonl,-0.4784,-0.8737,-1.3520,-2.4390,0.8683
gainesville:39347,gainesville,5bBLmpm4MqVE-LuFA7E7vg,post179,0,results.jsonl,-0.6019,0.7346,0.1327,0.1099,0.9038
gainesville:39351,gainesville,xXb3FXsr5ksKGNFMYzJ9wQ,post179,0,results.jsonl,0.3673,0.2605,0.6278,0.0220,0.9141
gainesville:39353,gainesville,vm-k5caob21LGXziOZu25A,post179,0,results.jsonl,0.4491,-0.6314,-0.1822,-0.2197,0.9515
gainesville:39354,gainesville,T-v5MdWtdn8nThPT47SB9A,post179,0,results.jsonl,-0.2842,0.2276,-0.0566,0.6812,0.8961
gainesville:39356,gainesville,T-v5MdWtdn8nThPT47SB9A,post179,0,results.jsonl,0.1326,-0.2508,-0.1182,-0.2197,0.6225
gainesville:39357,gainesville,T-v5MdWtdn8nThPT47SB9A,post179,0,results.jsonl,0.4086,-0.1914,0.2171,0.8789,0.8796
gainesville:39360,gainesville,sJ00szQoyUaoIJfNWwXrDg,post179,0,results.jsonl,0.0043,0.9122,0.9165,0.5493,0.9350
gainesville:39362,gainesville,sJ00szQoyUaoIJfNWwXrDg,post179,0,results.jsonl,-0.0976,0.8599,0.7623,-0.1099,0.9327
gainesville:39388,gainesville,_47aXyF3fE80GC4XkM2OOQ,post179,0,results.jsonl,0.5574,-1.6227,-1.0653,-2.6587,0.7074
gainesville:39389,gainesville,_47aXyF3fE80GC4XkM2OOQ,post179,0,results.jsonl,0.2440,1.8227,2.0667,-0.1978,0.6352
gainesville:39391,gainesville,OMMOzuQZ1nihIvf2Zm0paQ,post179,0,results.jsonl,-0.0336,-2.4306,-2.4642,-3.0762,0.6474
gainesville:39398,gainesville,SqTGUIyDajzUtK3mRzDZVA,post179,0,results.jsonl,0.2705,0.1000,0.3705,-1.5601,0.5524
gainesville:39399,gainesville,SxMVl_DRQndQkQAvu9a01Q,post179,0,results.jsonl,0.4079,0.1810,0.5888,-0.6152,0.7850
gainesville:39407,gainesville,BLg7J-c1W_GtM3GTOCinow,post179,0,results.jsonl,-0.1104,-0.4419,-0.5523,-0.9009,0.5626
gainesville:39408,gainesville,BLg7J-c1W_GtM3GTOCinow,post179,1,results.jsonl,0.2713,-0.3977,-0.1264,0.0439,0.9747
gainesville:39409,gainesville,BLg7J-c1W_GtM3GTOCinow,post179,0,results.jsonl,-0.2102,0.4195,0.2093,-1.6260,0.8501
gainesville:39412,gainesville,wVKtThECAR4MY9WSpJz_BA,post179,0,results.jsonl,-0.3407,0.2682,-0.0725,2.3071,0.8230
gainesville:39414,gainesville,xoGuODQ5N2nxJA-nca2J6g,post179,0,results.jsonl,0.0388,-0.5485,-0.5098,0.5933,0.9026
gainesville:39421,gainesville,0rJrj19V-cya4HuXvr8FAg,post179,0,results.jsonl,-0.1275,0.8807,0.7533,0.5054,0.7059
gainesville:39423,gainesville,0rJrj19V-cya4HuXvr8FAg,post179,0,results.jsonl,-0.1677,-0.8789,-1.0466,-0.9668,0.9890
gainesville:39424,gainesville,B0GbY3eyskpIEXNzG7SEXg,post179,0,results.jsonl,0.3450,0.4234,0.7684,1.4062,0.6960
gainesville:39427,gainesville,P8MdusP7DnNU0njqH5NmTg,post179,0,results.jsonl,0.0890,0.0587,0.1476,-0.7031,0.8566
gainesville:39430,gainesville,Q9G84KKXRk7-7tEl9qprfg,post179,0,results.jsonl,0.1622,0.1582,0.3204,-0.7910,0.9410
gainesville:39431,gainesville,XhOooKH-LpQwME6NYx6OnQ,post179,0,results.jsonl,0.0296,0.2939,0.3234,-0.7251,0.9149
gainesville:39432,gainesville,XhOooKH-LpQwME6NYx6OnQ,post179,0,results.jsonl,-0.3764,-0.2434,-0.6199,-1.5161,0.8765
gainesville:39581,gainesville,C6pVsjH6nO_C7XaoDw8EQw,post179,0,results.jsonl,2.5621,-1.3791,1.1830,0.5713,0.7886
gainesville:39583,gainesville,C6pVsjH6nO_C7XaoDw8EQw,post179,0,results.jsonl,2.8419,1.1254,3.9673,4.0430,0.8254
gainesville:39587,gainesville,D5EoNl2EfMDG-qM0b1UiFw,post179,0,results.jsonl,0.0034,-1.9984,-1.9950,-2.8784,0.8662
gainesville:39590,gainesville,ja1BFFKMP9CUnHFGT2O5sA,post179,0,results.jsonl,0.2755,-2.2111,-1.9356,-3.1641,0.8061
gainesville:39592,gainesville,ja1BFFKMP9CUnHFGT2O5sA,post179,0,results.jsonl,0.0425,2.2507,2.2932,2.1973,0.8977
gainesville:39604,gainesville,xOL3idSckfj7SpqOgtB_Fg,post179,0,results.jsonl,-0.5263,-0.1479,-0.6742,-2.7686,0.7762
gainesville:39606,gainesville,xOL3idSckfj7SpqOgtB_Fg,post179,0,results.jsonl,0.3594,-0.1686,0.1908,-0.2856,0.7434
gainesville:39620,gainesville,jw5oemDvHGxEIUvUCDAqwg,post179,0,results.jsonl,0.3232,-1.0082,-0.6850,-0.4834,0.7917
gainesville:39621,gainesville,jw5oemDvHGxEIUvUCDAqwg,post179,0,results.jsonl,-0.2520,-1.1732,-1.4252,-1.0986,0.8734
gainesville:39622,gainesville,jw5oemDvHGxEIUvUCDAqwg,post179,0,results.jsonl,-0.3301,0.9881,0.6580,1.2524,0.8786
gainesville:39624,gainesville,jw5oemDvHGxEIUvUCDAqwg,post179,0,results.jsonl,0.3743,0.8384,1.2127,0.7690,0.8328
gainesville:39625,gainesville,WzAZu29OeHlgGsYWj-JSxA,post179,0,results.jsonl,1.3697,0.1101,1.4799,-0.3516,0.9635
gainesville:39628,gainesville,WzAZu29OeHlgGsYWj-JSxA,post179,0,results.jsonl,-0.9691,0.4599,-0.5092,-0.6592,0.8750
gainesville:39629,gainesville,LODuELsym1X9ugepflZG9g,post179,0,results.jsonl,0.0532,0.6052,0.6583,-0.3955,0.8200
gainesville:39671,gainesville,BlePwtAMT2E0ZUlmwaZabQ,post179,0,results.jsonl,1.4175,0.0263,1.4438,1.1426,0.6454
gainesville:39675,gainesville,-FLRGyHoCo1dIhxkCRS9pg,post179,0,results.jsonl,-0.1268,0.5520,0.4252,0.2856,0.6821
gainesville:39679,gainesville,hU-L7ItrtQfbWstCFNkQ3A,post179,0,results.jsonl,0.3521,-0.5200,-0.1679,0.9668,0.8109
gainesville:39682,gainesville,bh8DljTPtsgoBcg7ZNAKNQ,post179,0,results.jsonl,-0.5005,-0.5710,-1.0715,-0.4395,0.8397
gainesville:39684,gainesville,bh8DljTPtsgoBcg7ZNAKNQ,post179,0,results.jsonl,0.4630,-0.5976,-0.1346,-0.2197,0.7813
gainesville:39717,gainesville,9dCMxwkqwFzFnyMlzdn8fg,post179,0,results.jsonl,0.2078,-0.7555,-0.5477,-0.9448,0.8533
gainesville:39718,gainesville,9dCMxwkqwFzFnyMlzdn8fg,post179,1,results.jsonl,-0.5950,-0.6796,-1.2746,-1.8018,0.7957
gainesville:39723,gainesville,O3RY_HhhW6v0_6IqvsPaNA,post179,0,results.jsonl,0.9225,0.2973,1.2197,1.3843,0.7211
gainesville:39730,gainesville,WGj-MiMNuiuvB25TrmUH-g,post179,0,results.jsonl,2.1609,0.6943,2.8552,2.3511,0.8155
gainesville:39731,gainesville,QtgMWhj8i44asAdtJNnYng,post179,0,results.jsonl,0.6659,-0.3853,0.2805,-1.4502,0.6645
gainesville:39733,gainesville,hXJjGdZxe-wfgD74zRjxQg,post179,0,results.jsonl,-0.6474,-0.4289,-1.0763,-1.8896,0.8005
gainesville:39741,gainesville,b9HK31tbKhLHkRNLySx-2Q,post179,0,results.jsonl,0.0234,-0.1148,-0.0915,-0.2856,0.8931
gainesville:39745,gainesville,T4RAPrHS5vPwDqeC4lV1_w,post179,0,results.jsonl,0.4993,0.2000,0.6993,0.5054,0.8323
gainesville:39750,gainesville,3ueKNqv33_9mRenqDGnUFw,post179,0,results.jsonl,0.0461,0.6678,0.7139,0.1978,0.6690
gainesville:39751,gainesville,OzhQ9tFd8GJ6-mnDuw5-GQ,post179,0,results.jsonl,0.3858,0.8271,1.2129,-1.7139,0.7933
gainesville:39778,gainesville,gDwUCV_S9W8mv1ciozuNZg,post179,0,results.jsonl,1.9876,2.2231,4.2108,2.9443,0.8486
gainesville:39780,gainesville,gDwUCV_S9W8mv1ciozuNZg,post179,0,results.jsonl,1.4365,-2.7802,-1.3437,-1.1646,0.8158
gainesville:39890,gainesville,jefv2Pj3ZE39XmqaGmKcfQ,post179,0,results.jsonl,0.3628,-0.5454,-0.1826,0.8350,0.5944
gainesville:39896,gainesville,MyHclmtQJ_FSZzmbMzNVPg,post179,0,results.jsonl,-3.7835,-0.6339,-4.4174,-4.3286,0.5653
gainesville:39907,gainesville,ID3nIDbtbsQsxQnnu1irBA,post179,0,results.jsonl,0.4551,-0.1168,0.3383,-1.1865,0.9043
gainesville:39908,gainesville,PiXlNoR41xc2oJJvOwwxWQ,post179,0,results.jsonl,0.3471,-0.4490,-0.1019,-0.1978,0.9227
gainesville:39912,gainesville,ki2PL5RYM6NA3n_ihXZnSQ,post179,0,results.jsonl,-0.0886,-0.7749,-0.8636,-0.9888,0.9334
gainesville:39914,gainesville,mslzo9q1KABDNkMY52kgog,post179,0,results.jsonl,0.9373,-0.1538,0.7835,1.9556,0.8463
gainesville:39916,gainesville,mslzo9q1KABDNkMY52kgog,post179,0,results.jsonl,1.1466,0.1332,1.2798,0.1099,0.8931
gainesville:39935,gainesville,S853eC-5pT0UgdkxaGgb5w,post179,0,results.jsonl,0.9418,0.3575,1.2993,-0.1099,0.6551
gainesville:39992,gainesville,LvIwfSzBPkbyX6ZC2w77WA,post179,0,results.jsonl,0.6476,1.0887,1.7364,2.5049,0.8686
gainesville:40003,gainesville,d3o2bWEXL8DVuESVGZmoSA,post179,0,results.jsonl,-0.0697,-0.0452,-0.1149,-0.4614,0.9135
gainesville:40005,gainesville,phXp8K9C0DrZ5F5GphmC7w,post179,0,results.jsonl,-0.7249,0.1040,-0.6209,-0.1758,0.9032
gainesville:40008,gainesville,QJDBwPkoZkWYY1PhcYSLPw,post179,0,results.jsonl,-0.1851,-0.5117,-0.6969,-0.5273,0.7568
gainesville:40010,gainesville,QJDBwPkoZkWYY1PhcYSLPw,post179,0,results.jsonl,-0.2461,0.3468,0.1007,-0.6152,0.8560
gainesville:40016,gainesville,XRvnyevT_Ngity0lCrfXoA,post179,0,results.jsonl,0.0364,-0.9923,-0.9559,-0.7031,0.9137
gainesville:40017,gainesville,XRvnyevT_Ngity0lCrfXoA,post179,0,results.jsonl,-0.1156,0.8265,0.7109,1.4941,0.8984
gainesville:40023,gainesville,g-h6QGVB2YdFVxU_P3cYEA,post179,0,results.jsonl,-0.0422,-0.9774,-1.0195,-3.4497,0.7746
gainesville:40025,gainesville,3Vwb3lVBFkavmGL2WufqWg,post179,0,results.jsonl,0.0812,1.3897,1.4709,0.7251,0.8500
gainesville:40028,gainesville,vYZJgGKvUZLiojhI5P1yoQ,post179,0,results.jsonl,0.7192,-1.0030,-0.2838,0.0439,0.6564
gainesville:40029,gainesville,vYZJgGKvUZLiojhI5P1yoQ,post179,0,results.jsonl,0.6949,1.1087,1.8035,1.7798,0.9261
gainesville:40046,gainesville,twzDxx-I3pVvN0KkuKYOGQ,post179,0,results.jsonl,0.0909,0.2113,0.3022,0.2856,0.7562
gainesville:40048,gainesville,twzDxx-I3pVvN0KkuKYOGQ,post179,0,results.jsonl,0.0670,-0.5130,-0.4460,0.8130,0.7422
gainesville:40122,gainesville,udLw0jFWYbaU0ZM51eSS3Q,post179,0,results.jsonl,-0.6296,1.6691,1.0395,0.8350,0.8620
gainesville:40144,gainesville,H2XhihQSTuklK8sLRvHyDQ,post179,0,results.jsonl,0.2317,-0.5050,-0.2733,-0.5493,0.6571
gainesville:40145,gainesville,YVMWAsALkv5odRdUq6H0kA,post179,0,results.jsonl,-0.0661,-0.9182,-0.9844,-2.1094,0.9618
gainesville:40170,gainesville,xZVIVnJJiZGNwdN2im_xIQ,post179,0,results.jsonl,0.6261,-1.0709,-0.4448,0.8569,0.8091
gainesville:40172,gainesville,xZVIVnJJiZGNwdN2im_xIQ,post179,0,results.jsonl,-0.7214,-0.8517,-1.5731,-1.6699,0.9371
gainesville:40176,gainesville,Ld8gfuN4FjB-8IPmnlF5Fw,post179,0,results.jsonl,-0.1848,-0.8346,-1.0194,-1.3184,0.7240
gainesville:40243,gainesville,cE2HNcKIb6zYGW5EL_sJdA,post179,0,results.jsonl,1.2033,-0.6040,0.5993,0.3735,0.8273
gainesville:40279,gainesville,bo3cwRL5fMe5k64D4NZhxw,post179,0,results.jsonl,-0.8730,-0.3212,-1.1943,0.3516,0.8504
gainesville:40316,gainesville,69qqnqpxNcvq6KskekGsKQ,post179,0,results.jsonl,0.0714,1.2571,1.3285,-0.2637,0.7200
gainesville:40337,gainesville,i2F0kkJqZ_ugceTA8leBsA,post179,0,results.jsonl,0.1360,-1.0235,-0.8875,-0.3735,0.8846
gainesville:40347,gainesville,53lFpphd9CwcH7E4U9sVBQ,post179,0,results.jsonl,0.4590,-1.6796,-1.2206,-1.0986,0.8305
gainesville:40349,gainesville,53lFpphd9CwcH7E4U9sVBQ,post179,1,results.jsonl,1.4635,-0.5728,0.8907,1.4502,0.9087
gainesville:40408,gainesville,2nKIIhvHVEbumZEqvzqXeQ,post179,0,results.jsonl,-0.4644,0.3470,-0.1174,-0.6592,0.7586
gainesville:40413,gainesville,ymEIY2saYKsL77t5iF5JDg,post179,0,results.jsonl,-0.2432,0.8162,0.5730,0.0000,0.8012
gainesville:40419,gainesville,YqiEQbuOR19GHJ3haOmwAg,post179,0,results.jsonl,-0.2199,-0.8698,-1.0897,-2.5928,0.5581
gainesville:40432,gainesville,aLxnPJw4PC9u7ns94U_UCQ,post179,0,results.jsonl,0.0012,-1.2522,-1.2511,-0.3076,0.6268
gainesville:40463,gainesville,A2CrBvKn1K4rOfB5Daelbw,post179,0,results.jsonl,0.1006,0.0170,0.1176,-0.3955,0.8694
gainesville:40491,gainesville,yEpAXy6GloHd1QUlYDue4A,post179,0,results.jsonl,0.3032,1.1400,1.4433,2.9443,0.7712
gainesville:40493,gainesville,Q0Xv85VGwnqfbcDyYBdhaA,post179,0,results.jsonl,-0.6533,0.9855,0.3322,1.5161,0.7813
gainesville:40500,gainesville,P-0kEkEDO5vAsWvkoViUGw,post179,0,results.jsonl,0.1515,-1.3980,-1.2466,-2.2632,0.8772
gainesville:40509,gainesville,0E56EdbJ9u9QMax_EV6gHA,post179,0,results.jsonl,0.4637,-1.6950,-1.2313,-0.2417,0.7043
gainesville:40511,gainesville,0E56EdbJ9u9QMax_EV6gHA,post179,0,results.jsonl,0.5532,1.0343,1.5875,1.4282,0.8205
gainesville:40517,gainesville,yNjiMWq5eovCio6qs0-74g,post179,0,results.jsonl,0.2825,0.9722,1.2547,0.9668,0.9363
gainesville:40518,gainesville,6gjE3Lp78XtUHgULfzTBnw,post179,0,results.jsonl,0.1934,1.6313,1.8247,1.0767,0.9507
gainesville:40519,gainesville,6gjE3Lp78XtUHgULfzTBnw,post179,0,results.jsonl,-0.1559,-1.9948,-2.1507,-3.1860,0.8405
gainesville:40525,gainesville,AQk90VZhmb15sFSXvsPTOw,post179,0,results.jsonl,0.6423,1.1373,1.7795,0.7471,0.9333
gainesville:40527,gainesville,AQk90VZhmb15sFSXvsPTOw,post179,0,results.jsonl,1.3274,0.3162,1.6437,0.0879,0.8864
gainesville:40529,gainesville,25Bc1Cjkc0HgZxLN6GTaHQ,post179,0,results.jsonl,0.5357,0.7715,1.3073,0.6372,0.6638
gainesville:40531,gainesville,25Bc1Cjkc0HgZxLN6GTaHQ,post179,0,results.jsonl,0.2460,1.8064,2.0524,1.8457,0.8467
gainesville:40534,gainesville,FB_8GiuOv0LQybuQpC9nbw,post179,0,results.jsonl,0.3805,0.1071,0.4876,0.0220,0.7669
gainesville:40535,gainesville,I6t5j8oqexL7432Fq-uStg,post179,0,results.jsonl,-0.1714,0.6312,0.4597,1.3403,0.8909
gainesville:40537,gainesville,WXaQFTlCDznGOvhH6gKtXQ,post179,0,results.jsonl,0.5091,0.1802,0.6892,0.4175,0.7804
gainesville:40543,gainesville,oueBBHYCdEespzIDJcrIww,post179,1,results.jsonl,-0.1483,0.1675,0.0192,0.8569,0.8242
gainesville:40549,gainesville,usH4elUpSrIXYDucsxvM2Q,post179,0,results.jsonl,0.2919,-0.0020,0.2899,-1.3403,0.8578
gainesville:40555,gainesville,2aV0h9Cb52tr5IveeXr_1g,post179,0,results.jsonl,0.4294,0.9316,1.3610,2.5708,0.8599
gainesville:40557,gainesville,2aV0h9Cb52tr5IveeXr_1g,post179,0,results.jsonl,0.8301,-0.6568,0.1733,0.5273,0.8787
gainesville:40559,gainesville,ZPayD-Wpy9xWTrAnX8A1TA,post179,0,results.jsonl,0.3851,0.8803,1.2654,-0.4175,0.8036
gainesville:40567,gainesville,tPleF90M9PgNIJ546EuTBg,post179,0,results.jsonl,0.3452,-1.1620,-0.8169,-0.7031,0.6622
gainesville:40569,gainesville,n1wJqHqk6XARjPFu19SBfA,post179,0,results.jsonl,-0.0869,1.8449,1.7580,0.6812,0.8390
gainesville:40571,gainesville,Wzt4hIIXZvQd5rcqwgFpJQ,post179,0,results.jsonl,-0.4741,-1.3368,-1.8108,-2.2852,0.7169
gainesville:40573,gainesville,Coug0CM2LHBd4Tbz7eH5ig,post179,0,results.jsonl,1.7161,-0.9738,0.7423,-0.6372,0.8207
gainesville:40574,gainesville,wtqMhJPqpjtlL0PMx-jjJw,post179,0,results.jsonl,-0.0011,-1.4604,-1.4614,-2.1364,0.8536
gainesville:40576,gainesville,wtqMhJPqpjtlL0PMx-jjJw,post179,0,results.jsonl,0.1041,0.9869,1.0910,1.5144,0.8490
gainesville:40579,gainesville,D1Dao4Cd0HOZp9tA3kDjPQ,post179,0,results.jsonl,0.0551,-0.8137,-0.7586,-0.5273,0.6963
gainesville:40580,gainesville,w8T8tBbBjkGZJaBBapEI4g,post179,0,results.jsonl,0.9655,-0.3187,0.6468,-0.9448,0.9086
gainesville:40583,gainesville,NdYcENuYgOgCFznw_mJudg,post179,0,results.jsonl,0.8317,0.2105,1.0421,1.5161,0.9322
gainesville:40585,gainesville,NdYcENuYgOgCFznw_mJudg,post179,0,results.jsonl,-0.2226,0.2629,0.0403,-1.2964,0.8728
gainesville:40594,gainesville,DUPlQA3LmBpH1QGD4F1H_g,post179,0,results.jsonl,-0.5221,-0.7454,-1.2675,-1.6040,0.7370
gainesville:40599,gainesville,Z0-jz0iA46Z8iLRzm2qwrQ,post179,0,results.jsonl,-0.9815,0.7691,-0.2124,0.3076,0.8379
gainesville:40601,gainesville,vrU5XaM5kjU7NrE97Bs-4A,post179,0,results.jsonl,-1.1640,0.4826,-0.6814,-1.3623,0.9664
gainesville:40602,gainesville,TxoxB65mMOs5b7u2x-oYJw,post179,0,results.jsonl,-0.3977,0.8669,0.4691,0.6372,0.6888
gainesville:40608,gainesville,CwJDinx_wBARrqPo2sd2nA,post179,0,results.jsonl,0.0016,1.8744,1.8760,1.8457,0.7983
gainesville:40612,gainesville,CwJDinx_wBARrqPo2sd2nA,post179,0,results.jsonl,0.0602,0.5656,0.6257,0.5273,0.8590
gainesville:40617,gainesville,11gqQYwuMNJgSk789fBf1A,post179,0,results.jsonl,-0.0814,-0.8015,-0.8829,-1.5820,0.6254
gainesville:40619,gainesville,KO0Wu3F9U1O7ZK6kRRrtSw,post179,0,results.jsonl,-0.2840,-1.6593,-1.9433,-1.8660,0.7414
gainesville:40621,gainesville,KO0Wu3F9U1O7ZK6kRRrtSw,post179,0,results.jsonl,-0.1399,1.8468,1.7069,0.0000,0.9008
gainesville:40622,gainesville,KO0Wu3F9U1O7ZK6kRRrtSw,post179,0,results.jsonl,-0.5475,-0.6284,-1.1759,-1.5956,0.7190
gainesville:40624,gainesville,lG8HwQVPS4eL3o0hnmbWyw,post179,0,results.jsonl,-0.1365,0.5275,0.3910,0.5679,0.8449
gainesville:40625,gainesville,Se7502MKlfTypnmSlxlN2Q,post179,0,results.jsonl,-0.1694,0.6384,0.4690,-2.1313,0.8483
gainesville:40640,gainesville,bxb4RF0kPj-ZK9SsKlreFA,post179,0,results.jsonl,-0.0316,-0.6001,-0.6317,-0.0879,0.8119
gainesville:40685,gainesville,OxYgaPThgrACWyu1xTyXuw,post179,0,results.jsonl,0.1490,2.7173,2.8663,3.2739,0.8543
gainesville:40698,gainesville,ZYSreeUZxBXN3_ZAvlSHtw,post179,0,results.jsonl,-0.3950,1.6286,1.2337,-0.1099,0.7315
gainesville:40702,gainesville,NDu_AzYXWTh3EHjZ62wwTw,post179,0,results.jsonl,1.5065,1.6818,3.1883,1.8896,0.6679
gainesville:40725,gainesville,nnUoweA-BnKcVJbGCKoQmA,post179,0,results.jsonl,-0.4517,2.8989,2.4472,2.7026,0.8151
gainesville:40735,gainesville,dkpZE_XLQzogzcwO3yXu0g,post179,0,results.jsonl,-0.7161,0.1044,-0.6117,-0.2197,0.9107
gainesville:40737,gainesville,4I-WKm074ANg6g-tcKrdIA,post179,0,results.jsonl,0.0469,0.8846,0.9315,0.7251,0.8725
gainesville:40750,gainesville,D_xEbvD791IygPs_dSTK-Q,post179,1,results.jsonl,0.1254,1.3164,1.4417,-0.4834,0.8658
gainesville:40755,gainesville,mNnecT-XjLLa__rc9Girrg,post179,0,results.jsonl,-0.5332,0.7929,0.2597,0.8789,0.5851
gainesville:40756,gainesville,Ph_lT1P5PM-imS9iG8fZ8Q,post179,0,results.jsonl,-0.0366,1.3987,1.3621,1.4062,0.7573
gainesville:40758,gainesville,Ph_lT1P5PM-imS9iG8fZ8Q,post179,0,results.jsonl,0.0108,1.6959,1.7067,1.3184,0.7312
gainesville:40763,gainesville,exv_W8tWfs3-y8uNrMsFdw,post179,0,results.jsonl,0.5953,2.4475,3.0428,3.3179,0.9139
gainesville:40765,gainesville,TYKdknQrUzQZ-eRSt2DlRQ,post179,0,results.jsonl,0.7198,2.3076,3.0274,3.0542,0.8937
gainesville:40777,gainesville,rFxM6b9BSwj_u8-z1-LgLA,post179,0,results.jsonl,-0.0918,-2.3637,-2.4555,-1.6479,0.7055
gainesville:40803,gainesville,a5Pc96FaGST7Y-0RTCS37A,post179,0,results.jsonl,-1.2323,0.9348,-0.2975,-0.9009,0.7365
gainesville:40820,gainesville,zA-84wBacUtQscd9BAz82Q,post179,0,results.jsonl,0.2332,0.3344,0.5677,0.6152,0.9452
gainesville:40824,gainesville,aqxze0sgtoCq-H-2w5zx-Q,post179,0,results.jsonl,-0.0350,0.6930,0.6580,1.9775,0.8415
gainesville:40826,gainesville,TyUoVmKYOYf3YufYgOhWPg,post179,0,results.jsonl,0.5918,0.2913,0.8831,0.9009,0.8464
gainesville:40843,gainesville,b5OPTLzjT6nfdF99GJmf0g,post179,0,results.jsonl,-1.1790,0.8555,-0.3235,-1.5820,0.8975
gainesville:40846,gainesville,YDTr8LXPDt5ieA8MA6ZXLA,post179,0,results.jsonl,0.0232,1.1971,1.2203,1.8896,0.8601
gainesville:40848,gainesville,KMxqWMF65SF7-JD8Q7L3eQ,post179,0,results.jsonl,0.0673,1.4714,1.5387,2.3730,0.8727
gainesville:40849,gainesville,32ffmQSh2Q_kydmSOzSiGQ,post179,0,results.jsonl,0.5159,-0.8780,-0.3621,0.1538,0.6738
gainesville:40889,gainesville,iTkV3cvpXiAZ8he2qkq9fg,post179,0,results.jsonl,-0.4945,1.8610,1.3665,0.2856,0.8627
gainesville:40890,gainesville,3SeQjXbchQpsRZfdMZYj9w,post179,0,results.jsonl,-0.8173,1.5601,0.7428,-0.6592,0.8589
gainesville:40891,gainesville,PTJLUAqRUO3rfkg64n5tEQ,post179,0,results.jsonl,-0.6938,2.0712,1.3774,1.8896,0.9648
gainesville:40893,gainesville,TYKdknQrUzQZ-eRSt2DlRQ,post179,0,results.jsonl,-0.9282,2.0712,1.1429,0.9448,0.8226
gainesville:40894,gainesville,46IaK1-ExofZeHyzehnLdQ,post179,0,results.jsonl,0.0212,0.6110,0.6322,-0.7031,0.5886
gainesville:40895,gainesville,ms3iYcwPiSQrYyzZBHMxZg,post179,0,results.jsonl,0.3506,0.2246,0.5752,0.0439,0.8756
gainesville:40910,gainesville,iEvQjxgHw3i1EhH6dQiCDg,post179,0,results.jsonl,2.1754,-0.9251,1.2503,0.2856,0.6603
gainesville:40915,gainesville,0cWO4C7dSuCTNKO2W4TLNw,post179,0,results.jsonl,0.0320,1.4001,1.4321,-0.4614,0.6871
gainesville:41159,gainesville,Fq6X5wPMpQRXXBknKSYFQQ,post179,0,results.jsonl,-0.8846,-0.2602,-1.1448,0.3955,0.8509
gainesville:41160,gainesville,Fq6X5wPMpQRXXBknKSYFQQ,post179,0,results.jsonl,-0.9029,-0.2442,-1.1471,-2.1973,0.8509
gainesville:41161,gainesville,xrtmHUEiOPHmfv1vDaY_pQ,post179,0,results.jsonl,0.8105,1.6178,2.4283,2.9663,0.9519
gainesville:41163,gainesville,xrtmHUEiOPHmfv1vDaY_pQ,post179,0,results.jsonl,-0.9823,-1.4967,-2.4789,-3.9990,0.8645
