pano_uid,group,reading,n_pixels,median_offset_m
bend:-6wL7HzdK7t8DTC_zDPOLw,sidewalk,measured,1206,0.0174838
bend:-6wL7HzdK7t8DTC_zDPOLw,sidewalk,with_standins,1206,0.0174838
bend:-6wL7HzdK7t8DTC_zDPOLw,sidewalk,measured_ref_road,717,0.0539849
bend:-6wL7HzdK7t8DTC_zDPOLw,walk,measured,1500,0.023035
bend:-6wL7HzdK7t8DTC_zDPOLw,walk,with_standins,1500,0.023035
bend:-6wL7HzdK7t8DTC_zDPOLw,walk,measured_ref_road,1018,0.0472514
bend:-6wL7HzdK7t8DTC_zDPOLw,road,measured,1500,0.00867259
bend:-6wL7HzdK7t8DTC_zDPOLw,road,with_standins,1500,0.00867259
bend:-6wL7HzdK7t8DTC_zDPOLw,road,measured_ref_road,1497,0.00858948
bend:0FMaNGiSOoTGqLgh8jHfYQ,sidewalk,measured,585,0.124172
bend:0FMaNGiSOoTGqLgh8jHfYQ,sidewalk,with_standins,1495,0.0405662
bend:0FMaNGiSOoTGqLgh8jHfYQ,sidewalk,measured_ref_road,377,0.193497
bend:0FMaNGiSOoTGqLgh8jHfYQ,walk,measured,647,0.110378
bend:0FMaNGiSOoTGqLgh8jHfYQ,walk,with_standins,1493,0.037935
bend:0FMaNGiSOoTGqLgh8jHfYQ,walk,measured_ref_road,463,0.156827
bend:0FMaNGiSOoTGqLgh8jHfYQ,road,measured,1080,0.0375774
bend:0FMaNGiSOoTGqLgh8jHfYQ,road,with_standins,1206,0.0355966
bend:0FMaNGiSOoTGqLgh8jHfYQ,road,measured_ref_road,1073,0.0377233
bend:0SgaioiGd5Yi_5wc6m-nJg,sidewalk,measured,1004,0.0687982
bend:0SgaioiGd5Yi_5wc6m-nJg,sidewalk,with_standins,1004,0.0687982
bend:0SgaioiGd5Yi_5wc6m-nJg,sidewalk,measured_ref_road,119,0.109004
bend:0SgaioiGd5Yi_5wc6m-nJg,walk,measured,1179,0.0569343
bend:0SgaioiGd5Yi_5wc6m-nJg,walk,with_standins,1179,0.0569343
bend:0SgaioiGd5Yi_5wc6m-nJg,walk,measured_ref_road,275,0.0657454
bend:0SgaioiGd5Yi_5wc6m-nJg,road,measured,1456,-0.0238915
bend:0SgaioiGd5Yi_5wc6m-nJg,road,with_standins,1500,-0.0221207
bend:0SgaioiGd5Yi_5wc6m-nJg,road,measured_ref_road,1453,-0.0239206
bend:1k8PFgEWlZnrY-j007WMAQ,sidewalk,measured,628,-0.136338
bend:1k8PFgEWlZnrY-j007WMAQ,sidewalk,with_standins,628,-0.136338
bend:1k8PFgEWlZnrY-j007WMAQ,sidewalk,measured_ref_road,566,-0.152271
bend:1k8PFgEWlZnrY-j007WMAQ,walk,measured,713,-0.138894
bend:1k8PFgEWlZnrY-j007WMAQ,walk,with_standins,717,-0.137616
bend:1k8PFgEWlZnrY-j007WMAQ,walk,measured_ref_road,651,-0.152992
bend:1k8PFgEWlZnrY-j007WMAQ,road,measured,525,-0.0930924
bend:1k8PFgEWlZnrY-j007WMAQ,road,with_standins,1500,0.0137538
bend:1k8PFgEWlZnrY-j007WMAQ,road,measured_ref_road,525,-0.0930924
bend:2S_Fj0bq7qkdKUBw9-g1XA,sidewalk,measured,1093,0.0802694
bend:2S_Fj0bq7qkdKUBw9-g1XA,sidewalk,with_standins,1500,0.05645
bend:2S_Fj0bq7qkdKUBw9-g1XA,sidewalk,measured_ref_road,809,0.11664
bend:2S_Fj0bq7qkdKUBw9-g1XA,walk,measured,1105,0.0953256
bend:2S_Fj0bq7qkdKUBw9-g1XA,walk,with_standins,1500,0.0585914
bend:2S_Fj0bq7qkdKUBw9-g1XA,walk,measured_ref_road,874,0.108964
bend:2S_Fj0bq7qkdKUBw9-g1XA,road,measured,1401,0.0736222
bend:2S_Fj0bq7qkdKUBw9-g1XA,road,with_standins,1500,0.0721215
bend:2S_Fj0bq7qkdKUBw9-g1XA,road,measured_ref_road,1278,0.0733154
bend:3EUb8DGIsQCcw8z9LOBnAA,sidewalk,measured,193,-0.0575335
bend:3EUb8DGIsQCcw8z9LOBnAA,sidewalk,with_standins,247,-0.034628
bend:3EUb8DGIsQCcw8z9LOBnAA,sidewalk,measured_ref_road,100,-0.199199
bend:3EUb8DGIsQCcw8z9LOBnAA,walk,measured,945,-0.0341134
bend:3EUb8DGIsQCcw8z9LOBnAA,walk,with_standins,1026,-0.0303592
bend:3EUb8DGIsQCcw8z9LOBnAA,walk,measured_ref_road,834,-0.0371337
bend:3EUb8DGIsQCcw8z9LOBnAA,road,measured,1491,0.00957316
bend:3EUb8DGIsQCcw8z9LOBnAA,road,with_standins,1500,0.00949928
bend:3EUb8DGIsQCcw8z9LOBnAA,road,measured_ref_road,1491,0.00957316
bend:4ijauQusmQIJgw4YLTkYsA,sidewalk,measured,636,0.085845
bend:4ijauQusmQIJgw4YLTkYsA,sidewalk,with_standins,636,0.085845
bend:4ijauQusmQIJgw4YLTkYsA,sidewalk,measured_ref_road,62,0.325009
bend:4ijauQusmQIJgw4YLTkYsA,walk,measured,1470,0.0744309
bend:4ijauQusmQIJgw4YLTkYsA,walk,with_standins,1470,0.0744309
bend:4ijauQusmQIJgw4YLTkYsA,walk,measured_ref_road,881,0.0745814
bend:4ijauQusmQIJgw4YLTkYsA,road,measured,1500,0.0177807
bend:4ijauQusmQIJgw4YLTkYsA,road,with_standins,1500,0.0177807
bend:4ijauQusmQIJgw4YLTkYsA,road,measured_ref_road,1500,0.0177807
bend:5NVgLhChZXnD_D-z3SLZyQ,sidewalk,measured,1231,0.0730897
bend:5NVgLhChZXnD_D-z3SLZyQ,sidewalk,with_standins,1401,0.0710286
bend:5NVgLhChZXnD_D-z3SLZyQ,sidewalk,measured_ref_road,146,-0.10642
bend:5NVgLhChZXnD_D-z3SLZyQ,walk,measured,1276,0.0622091
bend:5NVgLhChZXnD_D-z3SLZyQ,walk,with_standins,1500,0.0628658
bend:5NVgLhChZXnD_D-z3SLZyQ,walk,measured_ref_road,287,-0.00925605
bend:5NVgLhChZXnD_D-z3SLZyQ,road,measured,1050,-0.0313754
bend:5NVgLhChZXnD_D-z3SLZyQ,road,with_standins,1500,-0.00532495
bend:5NVgLhChZXnD_D-z3SLZyQ,road,measured_ref_road,1049,-0.0314592
bend:5U3KS0M2Y8w3qsDGGV610g,sidewalk,measured,50,-0.0361024
bend:5U3KS0M2Y8w3qsDGGV610g,sidewalk,with_standins,239,0.115755
bend:5U3KS0M2Y8w3qsDGGV610g,walk,measured,91,0.0150654
bend:5U3KS0M2Y8w3qsDGGV610g,walk,with_standins,532,0.0964554
bend:5U3KS0M2Y8w3qsDGGV610g,walk,measured_ref_road,25,0.0234437
bend:5U3KS0M2Y8w3qsDGGV610g,road,measured,599,0.0598276
bend:5U3KS0M2Y8w3qsDGGV610g,road,with_standins,1500,0.0216986
bend:5U3KS0M2Y8w3qsDGGV610g,road,measured_ref_road,599,0.0598276
bend:62TiKmlmxt_xn_68w1lgAw,sidewalk,measured,1442,0.0342969
bend:62TiKmlmxt_xn_68w1lgAw,sidewalk,with_standins,1500,0.0366019
bend:62TiKmlmxt_xn_68w1lgAw,sidewalk,measured_ref_road,552,0.140527
bend:62TiKmlmxt_xn_68w1lgAw,walk,measured,1419,0.0501112
bend:62TiKmlmxt_xn_68w1lgAw,walk,with_standins,1500,0.0533604
bend:62TiKmlmxt_xn_68w1lgAw,walk,measured_ref_road,718,0.0738836
bend:62TiKmlmxt_xn_68w1lgAw,road,measured,1308,0.0211087
bend:62TiKmlmxt_xn_68w1lgAw,road,with_standins,1500,0.0253915
bend:62TiKmlmxt_xn_68w1lgAw,road,measured_ref_road,1304,0.0210466
bend:7B5Vphda5PDmZJ5q1RQWdg,sidewalk,measured,1029,-0.0265498
bend:7B5Vphda5PDmZJ5q1RQWdg,sidewalk,with_standins,1500,0.00501028
bend:7B5Vphda5PDmZJ5q1RQWdg,sidewalk,measured_ref_road,642,-0.053136
bend:7B5Vphda5PDmZJ5q1RQWdg,walk,measured,1135,-0.0196832
bend:7B5Vphda5PDmZJ5q1RQWdg,walk,with_standins,1500,0.000697121
bend:7B5Vphda5PDmZJ5q1RQWdg,walk,measured_ref_road,803,-0.0369077
bend:7B5Vphda5PDmZJ5q1RQWdg,road,measured,1386,-0.0294837
bend:7B5Vphda5PDmZJ5q1RQWdg,road,with_standins,1500,-0.0245114
bend:7B5Vphda5PDmZJ5q1RQWdg,road,measured_ref_road,1386,-0.0294837
bend:87nWq0hrTZLm2_UXRgPhZQ,sidewalk,measured,1446,-0.0513364
bend:87nWq0hrTZLm2_UXRgPhZQ,sidewalk,with_standins,1500,-0.0427452
bend:87nWq0hrTZLm2_UXRgPhZQ,sidewalk,measured_ref_road,760,-0.114128
bend:87nWq0hrTZLm2_UXRgPhZQ,walk,measured,1441,-0.0112408
bend:87nWq0hrTZLm2_UXRgPhZQ,walk,with_standins,1500,-0.00857896
bend:87nWq0hrTZLm2_UXRgPhZQ,walk,measured_ref_road,971,-0.0125362
bend:87nWq0hrTZLm2_UXRgPhZQ,road,measured,1470,0.00124064
bend:87nWq0hrTZLm2_UXRgPhZQ,road,with_standins,1500,0.00173714
bend:87nWq0hrTZLm2_UXRgPhZQ,road,measured_ref_road,1179,-0.0220135
bend:8H6LgNn56hay95HiBYrhHw,sidewalk,measured,442,0.0988503
bend:8H6LgNn56hay95HiBYrhHw,sidewalk,with_standins,442,0.0988503
bend:8H6LgNn56hay95HiBYrhHw,sidewalk,measured_ref_road,157,0.0987117
bend:8H6LgNn56hay95HiBYrhHw,walk,measured,1488,0.0535302
bend:8H6LgNn56hay95HiBYrhHw,walk,with_standins,1500,0.0527619
bend:8H6LgNn56hay95HiBYrhHw,walk,measured_ref_road,1016,0.0448263
bend:8H6LgNn56hay95HiBYrhHw,road,measured,1497,0.025301
bend:8H6LgNn56hay95HiBYrhHw,road,with_standins,1500,0.0252638
bend:8H6LgNn56hay95HiBYrhHw,road,measured_ref_road,1445,0.025301
bend:8KtYwvo9b34f3zm-afipNg,sidewalk,measured,73,-0.0232327
bend:8KtYwvo9b34f3zm-afipNg,sidewalk,with_standins,154,-0.0181652
bend:8KtYwvo9b34f3zm-afipNg,walk,measured,159,-2.54016e-05
bend:8KtYwvo9b34f3zm-afipNg,walk,with_standins,276,-0.0112685
bend:8KtYwvo9b34f3zm-afipNg,walk,measured_ref_road,58,0.019164
bend:8KtYwvo9b34f3zm-afipNg,road,measured,690,0.0140988
bend:8KtYwvo9b34f3zm-afipNg,road,with_standins,1199,0.00141957
bend:8KtYwvo9b34f3zm-afipNg,road,measured_ref_road,586,0.0132103
bend:8VPbrd8XBzDOIVoo5Xwz8g,sidewalk,measured,1128,0.0623253
bend:8VPbrd8XBzDOIVoo5Xwz8g,sidewalk,with_standins,1500,0.0651203
bend:8VPbrd8XBzDOIVoo5Xwz8g,sidewalk,measured_ref_road,344,0.0799281
bend:8VPbrd8XBzDOIVoo5Xwz8g,walk,measured,1207,0.055854
bend:8VPbrd8XBzDOIVoo5Xwz8g,walk,with_standins,1500,0.0578675
bend:8VPbrd8XBzDOIVoo5Xwz8g,walk,measured_ref_road,575,0.0639519
bend:8VPbrd8XBzDOIVoo5Xwz8g,road,measured,1456,0.00315841
bend:8VPbrd8XBzDOIVoo5Xwz8g,road,with_standins,1500,0.00633752
bend:8VPbrd8XBzDOIVoo5Xwz8g,road,measured_ref_road,1451,0.00168899
bend:8cphEWdm85w5CwOw4rm0_A,sidewalk,measured,1086,0.0659104
bend:8cphEWdm85w5CwOw4rm0_A,sidewalk,with_standins,1086,0.0659104
bend:8cphEWdm85w5CwOw4rm0_A,sidewalk,measured_ref_road,184,0.0696681
bend:8cphEWdm85w5CwOw4rm0_A,walk,measured,1488,0.0657181
bend:8cphEWdm85w5CwOw4rm0_A,walk,with_standins,1488,0.0657181
bend:8cphEWdm85w5CwOw4rm0_A,walk,measured_ref_road,364,0.0674375
bend:8cphEWdm85w5CwOw4rm0_A,road,measured,1500,0.0645059
bend:8cphEWdm85w5CwOw4rm0_A,road,with_standins,1500,0.0645059
bend:8cphEWdm85w5CwOw4rm0_A,road,measured_ref_road,1179,0.0639631
bend:9DA1aapwjQcdUP2HEfrhfg,sidewalk,measured,951,-0.00750594
bend:9DA1aapwjQcdUP2HEfrhfg,sidewalk,with_standins,1164,2.88737e-05
bend:9DA1aapwjQcdUP2HEfrhfg,sidewalk,measured_ref_road,326,-0.0120748
bend:9DA1aapwjQcdUP2HEfrhfg,walk,measured,1103,-0.00523146
bend:9DA1aapwjQcdUP2HEfrhfg,walk,with_standins,1500,0.0128111
bend:9DA1aapwjQcdUP2HEfrhfg,walk,measured_ref_road,464,-0.00406009
bend:9DA1aapwjQcdUP2HEfrhfg,road,measured,518,0.0103288
bend:9DA1aapwjQcdUP2HEfrhfg,road,with_standins,1500,0.0283838
bend:9DA1aapwjQcdUP2HEfrhfg,road,measured_ref_road,468,0.0114156
bend:A5AVKFhm7unr9Rs55aQ1Tw,sidewalk,measured,944,-0.0220818
bend:A5AVKFhm7unr9Rs55aQ1Tw,sidewalk,with_standins,944,-0.0220818
bend:A5AVKFhm7unr9Rs55aQ1Tw,sidewalk,measured_ref_road,670,0.0300002
bend:A5AVKFhm7unr9Rs55aQ1Tw,walk,measured,1500,0.0404311
bend:A5AVKFhm7unr9Rs55aQ1Tw,walk,with_standins,1500,0.0404311
bend:A5AVKFhm7unr9Rs55aQ1Tw,walk,measured_ref_road,1273,0.053535
bend:A5AVKFhm7unr9Rs55aQ1Tw,road,measured,1500,0.0357255
bend:A5AVKFhm7unr9Rs55aQ1Tw,road,with_standins,1500,0.0357255
bend:A5AVKFhm7unr9Rs55aQ1Tw,road,measured_ref_road,1354,0.0324558
bend:BfLStXTTg1-0FjTrZcvYWg,sidewalk,measured,480,-0.117072
bend:BfLStXTTg1-0FjTrZcvYWg,sidewalk,with_standins,625,-0.0886601
bend:BfLStXTTg1-0FjTrZcvYWg,sidewalk,measured_ref_road,40,-0.0010763
bend:BfLStXTTg1-0FjTrZcvYWg,walk,measured,1248,-0.0195121
bend:BfLStXTTg1-0FjTrZcvYWg,walk,with_standins,1500,0.0143177
bend:BfLStXTTg1-0FjTrZcvYWg,walk,measured_ref_road,742,0.0348804
bend:BfLStXTTg1-0FjTrZcvYWg,road,measured,1412,-0.0939122
bend:BfLStXTTg1-0FjTrZcvYWg,road,with_standins,1500,-0.0894687
bend:BfLStXTTg1-0FjTrZcvYWg,road,measured_ref_road,636,0.0148093
bend:CIdYXefgwcZw4L9PqIpuHQ,sidewalk,measured,1187,-0.0730386
bend:CIdYXefgwcZw4L9PqIpuHQ,sidewalk,with_standins,1500,-0.0439088
bend:CIdYXefgwcZw4L9PqIpuHQ,sidewalk,measured_ref_road,861,-0.0939074
bend:CIdYXefgwcZw4L9PqIpuHQ,walk,measured,1293,-0.0701203
bend:CIdYXefgwcZw4L9PqIpuHQ,walk,with_standins,1500,-0.0477633
bend:CIdYXefgwcZw4L9PqIpuHQ,walk,measured_ref_road,987,-0.0864201
bend:CIdYXefgwcZw4L9PqIpuHQ,road,measured,1380,0.0634743
bend:CIdYXefgwcZw4L9PqIpuHQ,road,with_standins,1500,0.0654978
bend:CIdYXefgwcZw4L9PqIpuHQ,road,measured_ref_road,872,0.0325517
bend:DFx_w62mJn4Qm4upFTXytQ,sidewalk,measured,1251,0.0499655
bend:DFx_w62mJn4Qm4upFTXytQ,sidewalk,with_standins,1500,0.0480642
bend:DFx_w62mJn4Qm4upFTXytQ,walk,measured,1215,0.0451809
bend:DFx_w62mJn4Qm4upFTXytQ,walk,with_standins,1500,0.0450903
bend:DFx_w62mJn4Qm4upFTXytQ,road,measured,355,0.028163
bend:DFx_w62mJn4Qm4upFTXytQ,road,with_standins,1500,0.0177834
bend:DFx_w62mJn4Qm4upFTXytQ,road,measured_ref_road,307,0.0246286
bend:DJ8Zp111zu6KnMZz-0PHgQ,sidewalk,measured,1152,-0.103038
bend:DJ8Zp111zu6KnMZz-0PHgQ,sidewalk,with_standins,1222,-0.0971394
bend:DJ8Zp111zu6KnMZz-0PHgQ,sidewalk,measured_ref_road,1002,-0.111986
bend:DJ8Zp111zu6KnMZz-0PHgQ,walk,measured,1323,-0.0902999
bend:DJ8Zp111zu6KnMZz-0PHgQ,walk,with_standins,1500,-0.0786074
bend:DJ8Zp111zu6KnMZz-0PHgQ,walk,measured_ref_road,1183,-0.0977822
bend:DJ8Zp111zu6KnMZz-0PHgQ,road,measured,1081,-0.0376107
bend:DJ8Zp111zu6KnMZz-0PHgQ,road,with_standins,1500,-0.01504
bend:DJ8Zp111zu6KnMZz-0PHgQ,road,measured_ref_road,1081,-0.0376107
bend:E15SCY6RTiDuNUu_trZk4Q,sidewalk,measured,286,-0.0446975
bend:E15SCY6RTiDuNUu_trZk4Q,sidewalk,with_standins,1500,0.047978
bend:E15SCY6RTiDuNUu_trZk4Q,sidewalk,measured_ref_road,47,-0.0534601
bend:E15SCY6RTiDuNUu_trZk4Q,walk,measured,308,-0.0575383
bend:E15SCY6RTiDuNUu_trZk4Q,walk,with_standins,1500,0.0385983
bend:E15SCY6RTiDuNUu_trZk4Q,walk,measured_ref_road,122,-0.059984
bend:E15SCY6RTiDuNUu_trZk4Q,road,measured,740,-0.0800995
bend:E15SCY6RTiDuNUu_trZk4Q,road,with_standins,1500,-0.0669601
bend:E15SCY6RTiDuNUu_trZk4Q,road,measured_ref_road,735,-0.0794337
bend:E1wxX3pnvZdWrWnUkfkNkA,sidewalk,measured,1334,-0.0155824
bend:E1wxX3pnvZdWrWnUkfkNkA,sidewalk,with_standins,1500,-0.0127021
bend:E1wxX3pnvZdWrWnUkfkNkA,sidewalk,measured_ref_road,1061,-0.0205887
bend:E1wxX3pnvZdWrWnUkfkNkA,walk,measured,1365,-0.0164854
bend:E1wxX3pnvZdWrWnUkfkNkA,walk,with_standins,1500,-0.0144059
bend:E1wxX3pnvZdWrWnUkfkNkA,walk,measured_ref_road,1135,-0.020418
bend:E1wxX3pnvZdWrWnUkfkNkA,road,measured,1448,-0.0113722
bend:E1wxX3pnvZdWrWnUkfkNkA,road,with_standins,1500,-0.010833
bend:E1wxX3pnvZdWrWnUkfkNkA,road,measured_ref_road,1411,-0.011043
bend:HraXxn_y7_j4o8_4iS_JDQ,sidewalk,measured,1367,0.113853
bend:HraXxn_y7_j4o8_4iS_JDQ,sidewalk,with_standins,1500,0.111955
bend:HraXxn_y7_j4o8_4iS_JDQ,sidewalk,measured_ref_road,996,0.137573
bend:HraXxn_y7_j4o8_4iS_JDQ,walk,measured,1368,0.114779
bend:HraXxn_y7_j4o8_4iS_JDQ,walk,with_standins,1500,0.114685
bend:HraXxn_y7_j4o8_4iS_JDQ,walk,measured_ref_road,1064,0.131672
bend:HraXxn_y7_j4o8_4iS_JDQ,road,measured,1303,0.0668169
bend:HraXxn_y7_j4o8_4iS_JDQ,road,with_standins,1500,0.0640832
bend:HraXxn_y7_j4o8_4iS_JDQ,road,measured_ref_road,1300,0.0668422
bend:IQT-DUkA06hxOus4rPb47A,sidewalk,measured,1500,-0.0203582
bend:IQT-DUkA06hxOus4rPb47A,sidewalk,with_standins,1500,-0.0203582
bend:IQT-DUkA06hxOus4rPb47A,sidewalk,measured_ref_road,1291,-0.0275598
bend:IQT-DUkA06hxOus4rPb47A,walk,measured,1500,-0.00877956
bend:IQT-DUkA06hxOus4rPb47A,walk,with_standins,1500,-0.00877956
bend:IQT-DUkA06hxOus4rPb47A,walk,measured_ref_road,1295,-0.018872
bend:IQT-DUkA06hxOus4rPb47A,road,measured,1498,0.0417776
bend:IQT-DUkA06hxOus4rPb47A,road,with_standins,1500,0.0415367
bend:IQT-DUkA06hxOus4rPb47A,road,measured_ref_road,1497,0.0419705
bend:I_t9Bp1OzV2m-ZKFHssOdg,sidewalk,measured,1500,-0.0171624
bend:I_t9Bp1OzV2m-ZKFHssOdg,sidewalk,with_standins,1500,-0.0171624
bend:I_t9Bp1OzV2m-ZKFHssOdg,sidewalk,measured_ref_road,429,0.0215336
bend:I_t9Bp1OzV2m-ZKFHssOdg,walk,measured,1500,-0.0103127
bend:I_t9Bp1OzV2m-ZKFHssOdg,walk,with_standins,1500,-0.0103127
bend:I_t9Bp1OzV2m-ZKFHssOdg,walk,measured_ref_road,720,0.0186899
bend:I_t9Bp1OzV2m-ZKFHssOdg,road,measured,1500,0.0503509
bend:I_t9Bp1OzV2m-ZKFHssOdg,road,with_standins,1500,0.0503509
bend:I_t9Bp1OzV2m-ZKFHssOdg,road,measured_ref_road,1499,0.0504155
bend:JliGuAWGKCyOS1LBoywZlA,sidewalk,measured,1223,0.0687677
bend:JliGuAWGKCyOS1LBoywZlA,sidewalk,with_standins,1223,0.0687677
bend:JliGuAWGKCyOS1LBoywZlA,sidewalk,measured_ref_road,881,0.076585
bend:JliGuAWGKCyOS1LBoywZlA,walk,measured,1500,0.0488087
bend:JliGuAWGKCyOS1LBoywZlA,walk,with_standins,1500,0.0488087
bend:JliGuAWGKCyOS1LBoywZlA,walk,measured_ref_road,1257,0.0544642
bend:JliGuAWGKCyOS1LBoywZlA,road,measured,1500,0.0140223
bend:JliGuAWGKCyOS1LBoywZlA,road,with_standins,1500,0.0140223
bend:JliGuAWGKCyOS1LBoywZlA,road,measured_ref_road,1498,0.0140366
bend:Jv7Zl2erbO_g10pRN-IS_Q,sidewalk,measured,1408,0.0118496
bend:Jv7Zl2erbO_g10pRN-IS_Q,sidewalk,with_standins,1500,0.012828
bend:Jv7Zl2erbO_g10pRN-IS_Q,sidewalk,measured_ref_road,665,0.0288513
bend:Jv7Zl2erbO_g10pRN-IS_Q,walk,measured,1390,0.011394
bend:Jv7Zl2erbO_g10pRN-IS_Q,walk,with_standins,1500,0.0125474
bend:Jv7Zl2erbO_g10pRN-IS_Q,walk,measured_ref_road,824,0.0188544
bend:Jv7Zl2erbO_g10pRN-IS_Q,road,measured,1351,0.0123507
bend:Jv7Zl2erbO_g10pRN-IS_Q,road,with_standins,1500,0.0145154
bend:Jv7Zl2erbO_g10pRN-IS_Q,road,measured_ref_road,1341,0.0124482
bend:Kv2haiYlkJCiaO61RVWwQA,sidewalk,measured,209,-0.0209279
bend:Kv2haiYlkJCiaO61RVWwQA,sidewalk,with_standins,1187,0.307628
bend:Kv2haiYlkJCiaO61RVWwQA,sidewalk,measured_ref_road,82,-0.0846887
bend:Kv2haiYlkJCiaO61RVWwQA,walk,measured,294,-0.0293954
bend:Kv2haiYlkJCiaO61RVWwQA,walk,with_standins,1500,0.274908
bend:Kv2haiYlkJCiaO61RVWwQA,walk,measured_ref_road,176,-0.0549549
bend:Kv2haiYlkJCiaO61RVWwQA,road,measured,223,-0.0198752
bend:Kv2haiYlkJCiaO61RVWwQA,road,with_standins,1500,0.0311201
bend:Kv2haiYlkJCiaO61RVWwQA,road,measured_ref_road,222,-0.0199529
bend:LMwVmdxU9opG4yzbotuw6g,sidewalk,measured,1471,0.327318
bend:LMwVmdxU9opG4yzbotuw6g,sidewalk,with_standins,1500,0.321183
bend:LMwVmdxU9opG4yzbotuw6g,sidewalk,measured_ref_road,1395,0.342147
bend:LMwVmdxU9opG4yzbotuw6g,walk,measured,1466,0.264465
bend:LMwVmdxU9opG4yzbotuw6g,walk,with_standins,1500,0.262045
bend:LMwVmdxU9opG4yzbotuw6g,walk,measured_ref_road,1398,0.274855
bend:LMwVmdxU9opG4yzbotuw6g,road,measured,1407,0.0436629
bend:LMwVmdxU9opG4yzbotuw6g,road,with_standins,1500,0.0422462
bend:LMwVmdxU9opG4yzbotuw6g,road,measured_ref_road,1407,0.0436629
bend:LhpYKYMPIDXskyHjHW1nOQ,sidewalk,measured,1348,0.0844414
bend:LhpYKYMPIDXskyHjHW1nOQ,sidewalk,with_standins,1500,0.12039
bend:LhpYKYMPIDXskyHjHW1nOQ,sidewalk,measured_ref_road,755,0.342385
bend:LhpYKYMPIDXskyHjHW1nOQ,walk,measured,1340,0.202831
bend:LhpYKYMPIDXskyHjHW1nOQ,walk,with_standins,1500,0.189319
bend:LhpYKYMPIDXskyHjHW1nOQ,walk,measured_ref_road,845,0.305314
bend:LhpYKYMPIDXskyHjHW1nOQ,road,measured,1474,-0.0387935
bend:LhpYKYMPIDXskyHjHW1nOQ,road,with_standins,1500,-0.0372426
bend:LhpYKYMPIDXskyHjHW1nOQ,road,measured_ref_road,836,-0.011109
bend:NS7lT-itv0JiN6UHVvBxsg,sidewalk,measured,258,0.0461942
bend:NS7lT-itv0JiN6UHVvBxsg,sidewalk,with_standins,356,0.0550951
bend:NS7lT-itv0JiN6UHVvBxsg,sidewalk,measured_ref_road,85,0.141647
bend:NS7lT-itv0JiN6UHVvBxsg,walk,measured,455,0.0473303
bend:NS7lT-itv0JiN6UHVvBxsg,walk,with_standins,691,0.0909286
bend:NS7lT-itv0JiN6UHVvBxsg,walk,measured_ref_road,251,0.0980517
bend:NS7lT-itv0JiN6UHVvBxsg,road,measured,1128,-0.0148592
bend:NS7lT-itv0JiN6UHVvBxsg,road,with_standins,1500,-0.00445499
bend:NS7lT-itv0JiN6UHVvBxsg,road,measured_ref_road,1123,-0.0148085
bend:Noi7DhIT3xbCjA2Ip4QOyg,sidewalk,measured,1209,-0.0146246
bend:Noi7DhIT3xbCjA2Ip4QOyg,sidewalk,with_standins,1211,-0.0145074
bend:Noi7DhIT3xbCjA2Ip4QOyg,sidewalk,measured_ref_road,513,-0.095291
bend:Noi7DhIT3xbCjA2Ip4QOyg,walk,measured,1498,-0.0564152
bend:Noi7DhIT3xbCjA2Ip4QOyg,walk,with_standins,1500,-0.0558982
bend:Noi7DhIT3xbCjA2Ip4QOyg,walk,measured_ref_road,916,-0.0833755
bend:Noi7DhIT3xbCjA2Ip4QOyg,road,measured,1496,-0.086818
bend:Noi7DhIT3xbCjA2Ip4QOyg,road,with_standins,1500,-0.0866379
bend:Noi7DhIT3xbCjA2Ip4QOyg,road,measured_ref_road,1488,-0.0869265
bend:NzRL8weHSGkfduBHnrgd5g,sidewalk,measured,1410,-0.0714186
bend:NzRL8weHSGkfduBHnrgd5g,sidewalk,with_standins,1500,-0.0687863
bend:NzRL8weHSGkfduBHnrgd5g,sidewalk,measured_ref_road,958,-0.0801044
bend:NzRL8weHSGkfduBHnrgd5g,walk,measured,1396,-0.0673002
bend:NzRL8weHSGkfduBHnrgd5g,walk,with_standins,1500,-0.0640487
bend:NzRL8weHSGkfduBHnrgd5g,walk,measured_ref_road,1027,-0.0717737
bend:NzRL8weHSGkfduBHnrgd5g,road,measured,1350,-0.0432476
bend:NzRL8weHSGkfduBHnrgd5g,road,with_standins,1500,-0.0391279
bend:NzRL8weHSGkfduBHnrgd5g,road,measured_ref_road,1273,-0.0435095
bend:OedGesfk606bGhg4OQESiQ,sidewalk,measured,1282,0.052911
bend:OedGesfk606bGhg4OQESiQ,sidewalk,with_standins,1500,0.0594884
bend:OedGesfk606bGhg4OQESiQ,sidewalk,measured_ref_road,234,0.136908
bend:OedGesfk606bGhg4OQESiQ,walk,measured,1263,0.0592357
bend:OedGesfk606bGhg4OQESiQ,walk,with_standins,1500,0.0630328
bend:OedGesfk606bGhg4OQESiQ,walk,measured_ref_road,279,0.131451
bend:OedGesfk606bGhg4OQESiQ,road,measured,1042,0.0300257
bend:OedGesfk606bGhg4OQESiQ,road,with_standins,1500,0.0358297
bend:OedGesfk606bGhg4OQESiQ,road,measured_ref_road,1037,0.0300143
bend:PX5zU_2KkKO0Gr4FiSe9aw,sidewalk,measured,1213,0.0251466
bend:PX5zU_2KkKO0Gr4FiSe9aw,sidewalk,with_standins,1500,0.0233725
bend:PX5zU_2KkKO0Gr4FiSe9aw,sidewalk,measured_ref_road,328,0.123453
bend:PX5zU_2KkKO0Gr4FiSe9aw,walk,measured,1324,0.0306555
bend:PX5zU_2KkKO0Gr4FiSe9aw,walk,with_standins,1500,0.0292342
bend:PX5zU_2KkKO0Gr4FiSe9aw,walk,measured_ref_road,673,0.0750407
bend:PX5zU_2KkKO0Gr4FiSe9aw,road,measured,1478,0.0218417
bend:PX5zU_2KkKO0Gr4FiSe9aw,road,with_standins,1500,0.0222256
bend:PX5zU_2KkKO0Gr4FiSe9aw,road,measured_ref_road,1466,0.0222568
bend:PgOXmiCTtEV4ip7AJDqf2Q,sidewalk,measured,1360,0.0747576
bend:PgOXmiCTtEV4ip7AJDqf2Q,sidewalk,with_standins,1500,0.0767641
bend:PgOXmiCTtEV4ip7AJDqf2Q,sidewalk,measured_ref_road,531,0.0719817
bend:PgOXmiCTtEV4ip7AJDqf2Q,walk,measured,1347,0.0669722
bend:PgOXmiCTtEV4ip7AJDqf2Q,walk,with_standins,1500,0.0691808
bend:PgOXmiCTtEV4ip7AJDqf2Q,walk,measured_ref_road,569,0.0643786
bend:PgOXmiCTtEV4ip7AJDqf2Q,road,measured,1302,0.0124293
bend:PgOXmiCTtEV4ip7AJDqf2Q,road,with_standins,1500,0.0143235
bend:PgOXmiCTtEV4ip7AJDqf2Q,road,measured_ref_road,881,0.00995325
bend:RS0LXKWETF8PhWMbaexYlg,sidewalk,measured,1243,0.177984
bend:RS0LXKWETF8PhWMbaexYlg,sidewalk,with_standins,1500,0.127692
bend:RS0LXKWETF8PhWMbaexYlg,sidewalk,measured_ref_road,789,0.254384
bend:RS0LXKWETF8PhWMbaexYlg,walk,measured,1232,0.133909
bend:RS0LXKWETF8PhWMbaexYlg,walk,with_standins,1500,0.108399
bend:RS0LXKWETF8PhWMbaexYlg,walk,measured_ref_road,934,0.184738
bend:RS0LXKWETF8PhWMbaexYlg,road,measured,1402,0.0456444
bend:RS0LXKWETF8PhWMbaexYlg,road,with_standins,1500,0.0451539
bend:RS0LXKWETF8PhWMbaexYlg,road,measured_ref_road,1402,0.0456444
bend:Ro8ZmvW9hyxIS4GVq1cpMQ,sidewalk,measured,652,0.037416
bend:Ro8ZmvW9hyxIS4GVq1cpMQ,sidewalk,with_standins,674,0.036755
bend:Ro8ZmvW9hyxIS4GVq1cpMQ,sidewalk,measured_ref_road,561,0.0374943
bend:Ro8ZmvW9hyxIS4GVq1cpMQ,walk,measured,1436,0.0213735
bend:Ro8ZmvW9hyxIS4GVq1cpMQ,walk,with_standins,1500,0.0195726
bend:Ro8ZmvW9hyxIS4GVq1cpMQ,walk,measured_ref_road,1309,0.0196787
bend:Ro8ZmvW9hyxIS4GVq1cpMQ,road,measured,1497,-0.0834463
bend:Ro8ZmvW9hyxIS4GVq1cpMQ,road,with_standins,1500,-0.0834087
bend:Ro8ZmvW9hyxIS4GVq1cpMQ,road,measured_ref_road,1495,-0.0835067
bend:SM4RUwTVtTzgSm3LWvzwqA,sidewalk,measured,1071,0.167872
bend:SM4RUwTVtTzgSm3LWvzwqA,sidewalk,with_standins,1087,0.166703
bend:SM4RUwTVtTzgSm3LWvzwqA,sidewalk,measured_ref_road,845,0.228398
bend:SM4RUwTVtTzgSm3LWvzwqA,walk,measured,1347,0.156488
bend:SM4RUwTVtTzgSm3LWvzwqA,walk,with_standins,1364,0.147858
bend:SM4RUwTVtTzgSm3LWvzwqA,walk,measured_ref_road,1114,0.197541
bend:SM4RUwTVtTzgSm3LWvzwqA,road,measured,1347,0.0742374
bend:SM4RUwTVtTzgSm3LWvzwqA,road,with_standins,1500,0.0661776
bend:SM4RUwTVtTzgSm3LWvzwqA,road,measured_ref_road,1277,0.0717827
bend:ScnPNQ2cah0xzWlH28uoOw,sidewalk,measured,1124,0.127576
bend:ScnPNQ2cah0xzWlH28uoOw,sidewalk,with_standins,1129,0.127726
bend:ScnPNQ2cah0xzWlH28uoOw,sidewalk,measured_ref_road,894,0.132665
bend:ScnPNQ2cah0xzWlH28uoOw,walk,measured,1496,0.084898
bend:ScnPNQ2cah0xzWlH28uoOw,walk,with_standins,1500,0.0851189
bend:ScnPNQ2cah0xzWlH28uoOw,walk,measured_ref_road,1302,0.0879762
bend:ScnPNQ2cah0xzWlH28uoOw,road,measured,1500,0.0127696
bend:ScnPNQ2cah0xzWlH28uoOw,road,with_standins,1500,0.0127696
bend:ScnPNQ2cah0xzWlH28uoOw,road,measured_ref_road,1496,0.0128634
bend:ShaAxuhgD3rK5__gON66zA,sidewalk,measured,242,0.374619
bend:ShaAxuhgD3rK5__gON66zA,sidewalk,with_standins,249,0.374437
bend:ShaAxuhgD3rK5__gON66zA,sidewalk,measured_ref_road,213,0.385104
bend:ShaAxuhgD3rK5__gON66zA,walk,measured,596,0.180521
bend:ShaAxuhgD3rK5__gON66zA,walk,with_standins,621,0.17736
bend:ShaAxuhgD3rK5__gON66zA,walk,measured_ref_road,565,0.18437
bend:ShaAxuhgD3rK5__gON66zA,road,measured,1420,0.00425729
bend:ShaAxuhgD3rK5__gON66zA,road,with_standins,1500,0.00646539
bend:ShaAxuhgD3rK5__gON66zA,road,measured_ref_road,1403,0.00435006
bend:TzKDX5ADk6lqRtZ-F8r6XQ,sidewalk,measured,1355,-0.0126621
bend:TzKDX5ADk6lqRtZ-F8r6XQ,sidewalk,with_standins,1388,-0.0110264
bend:TzKDX5ADk6lqRtZ-F8r6XQ,sidewalk,measured_ref_road,975,-0.0258327
bend:TzKDX5ADk6lqRtZ-F8r6XQ,walk,measured,1464,-0.0143046
bend:TzKDX5ADk6lqRtZ-F8r6XQ,walk,with_standins,1500,-0.0125439
bend:TzKDX5ADk6lqRtZ-F8r6XQ,walk,measured_ref_road,1094,-0.0281437
bend:TzKDX5ADk6lqRtZ-F8r6XQ,road,measured,1490,-0.024515
bend:TzKDX5ADk6lqRtZ-F8r6XQ,road,with_standins,1500,-0.0240507
bend:TzKDX5ADk6lqRtZ-F8r6XQ,road,measured_ref_road,1067,-0.00237441
bend:UdLzRf1Yi67NOSMn6IZjHQ,sidewalk,measured,1369,0.122212
bend:UdLzRf1Yi67NOSMn6IZjHQ,sidewalk,with_standins,1500,0.142361
bend:UdLzRf1Yi67NOSMn6IZjHQ,sidewalk,measured_ref_road,955,0.180905
bend:UdLzRf1Yi67NOSMn6IZjHQ,walk,measured,1284,0.097003
bend:UdLzRf1Yi67NOSMn6IZjHQ,walk,with_standins,1500,0.128393
bend:UdLzRf1Yi67NOSMn6IZjHQ,walk,measured_ref_road,989,0.134666
bend:UdLzRf1Yi67NOSMn6IZjHQ,road,measured,754,0.0726744
bend:UdLzRf1Yi67NOSMn6IZjHQ,road,with_standins,1500,0.0670799
bend:UdLzRf1Yi67NOSMn6IZjHQ,road,measured_ref_road,729,0.0726305
bend:VIMFndX_oqm7vJJD8gDyEA,sidewalk,measured,1326,0.0347518
bend:VIMFndX_oqm7vJJD8gDyEA,sidewalk,with_standins,1500,0.0386432
bend:VIMFndX_oqm7vJJD8gDyEA,sidewalk,measured_ref_road,36,0.0707744
bend:VIMFndX_oqm7vJJD8gDyEA,walk,measured,1332,0.00779262
bend:VIMFndX_oqm7vJJD8gDyEA,walk,with_standins,1500,0.0147846
bend:VIMFndX_oqm7vJJD8gDyEA,walk,measured_ref_road,476,-0.00980771
bend:VIMFndX_oqm7vJJD8gDyEA,road,measured,1379,-0.0238403
bend:VIMFndX_oqm7vJJD8gDyEA,road,with_standins,1500,-0.0196613
bend:VIMFndX_oqm7vJJD8gDyEA,road,measured_ref_road,1334,-0.0230007
bend:VMjtxZNqxl9E6oUXnsdI8Q,sidewalk,measured,1177,-0.0150473
bend:VMjtxZNqxl9E6oUXnsdI8Q,sidewalk,with_standins,1500,0.0117142
bend:VMjtxZNqxl9E6oUXnsdI8Q,sidewalk,measured_ref_road,314,-0.0296455
bend:VMjtxZNqxl9E6oUXnsdI8Q,walk,measured,1169,-0.0270513
bend:VMjtxZNqxl9E6oUXnsdI8Q,walk,with_standins,1500,-0.00598572
bend:VMjtxZNqxl9E6oUXnsdI8Q,walk,measured_ref_road,578,-0.0389574
bend:VMjtxZNqxl9E6oUXnsdI8Q,road,measured,1336,0.0860553
bend:VMjtxZNqxl9E6oUXnsdI8Q,road,with_standins,1500,0.0744311
bend:VMjtxZNqxl9E6oUXnsdI8Q,road,measured_ref_road,1333,0.0860917
bend:VgWpqFkTwCIROvM0z-DkOw,sidewalk,measured,1500,-0.0107625
bend:VgWpqFkTwCIROvM0z-DkOw,sidewalk,with_standins,1500,-0.0107625
bend:VgWpqFkTwCIROvM0z-DkOw,sidewalk,measured_ref_road,1127,-0.022488
bend:VgWpqFkTwCIROvM0z-DkOw,walk,measured,1500,-0.013961
bend:VgWpqFkTwCIROvM0z-DkOw,walk,with_standins,1500,-0.013961
bend:VgWpqFkTwCIROvM0z-DkOw,walk,measured_ref_road,1188,-0.0232563
bend:VgWpqFkTwCIROvM0z-DkOw,road,measured,1500,0.0441246
bend:VgWpqFkTwCIROvM0z-DkOw,road,with_standins,1500,0.0441246
bend:VgWpqFkTwCIROvM0z-DkOw,road,measured_ref_road,1457,0.046558
bend:WGdZz7jOkmmmyQYpbw3F8w,sidewalk,measured,1108,0.111145
bend:WGdZz7jOkmmmyQYpbw3F8w,sidewalk,with_standins,1244,0.10664
bend:WGdZz7jOkmmmyQYpbw3F8w,sidewalk,measured_ref_road,1049,0.111864
bend:WGdZz7jOkmmmyQYpbw3F8w,walk,measured,1381,0.0949665
bend:WGdZz7jOkmmmyQYpbw3F8w,walk,with_standins,1500,0.0923092
bend:WGdZz7jOkmmmyQYpbw3F8w,walk,measured_ref_road,1251,0.0951064
bend:WGdZz7jOkmmmyQYpbw3F8w,road,measured,1334,0.0377819
bend:WGdZz7jOkmmmyQYpbw3F8w,road,with_standins,1500,0.0384893
bend:WGdZz7jOkmmmyQYpbw3F8w,road,measured_ref_road,1192,0.030097
bend:Wnu3AyufxG1XD9JvU5K-hg,sidewalk,measured,998,0.0929864
bend:Wnu3AyufxG1XD9JvU5K-hg,sidewalk,with_standins,1291,0.10033
bend:Wnu3AyufxG1XD9JvU5K-hg,sidewalk,measured_ref_road,598,0.116061
bend:Wnu3AyufxG1XD9JvU5K-hg,walk,measured,1068,0.0820193
bend:Wnu3AyufxG1XD9JvU5K-hg,walk,with_standins,1500,0.0858022
bend:Wnu3AyufxG1XD9JvU5K-hg,walk,measured_ref_road,734,0.0942705
bend:Wnu3AyufxG1XD9JvU5K-hg,road,measured,466,0.0215595
bend:Wnu3AyufxG1XD9JvU5K-hg,road,with_standins,1500,0.0260528
bend:Wnu3AyufxG1XD9JvU5K-hg,road,measured_ref_road,462,0.0213002
bend:X3HUl4G0JyP3fwNYcFAXVw,sidewalk,measured,100,0.07749
bend:X3HUl4G0JyP3fwNYcFAXVw,sidewalk,with_standins,1500,0.0723335
bend:X3HUl4G0JyP3fwNYcFAXVw,sidewalk,measured_ref_road,37,0.0775625
bend:X3HUl4G0JyP3fwNYcFAXVw,walk,measured,132,0.0793487
bend:X3HUl4G0JyP3fwNYcFAXVw,walk,with_standins,1500,0.0592515
bend:X3HUl4G0JyP3fwNYcFAXVw,walk,measured_ref_road,82,0.0788493
bend:X3HUl4G0JyP3fwNYcFAXVw,road,measured,881,0.0133453
bend:X3HUl4G0JyP3fwNYcFAXVw,road,with_standins,1500,0.0162426
bend:X3HUl4G0JyP3fwNYcFAXVw,road,measured_ref_road,837,0.0129937
bend:ZO7V6RR9LtZT8l9-SjIQUg,sidewalk,measured,188,0.0668065
bend:ZO7V6RR9LtZT8l9-SjIQUg,sidewalk,with_standins,1214,0.0403222
bend:ZO7V6RR9LtZT8l9-SjIQUg,walk,measured,206,0.0541827
bend:ZO7V6RR9LtZT8l9-SjIQUg,walk,with_standins,1353,0.0370672
bend:ZO7V6RR9LtZT8l9-SjIQUg,road,measured,557,0.0445231
bend:ZO7V6RR9LtZT8l9-SjIQUg,road,with_standins,1500,0.0465034
bend:ZO7V6RR9LtZT8l9-SjIQUg,road,measured_ref_road,510,0.0457555
bend:ZlXmdBYkhIpp-wNfPlSIFw,sidewalk,measured,72,0.0376552
bend:ZlXmdBYkhIpp-wNfPlSIFw,sidewalk,with_standins,640,0.0934624
bend:ZlXmdBYkhIpp-wNfPlSIFw,walk,measured,92,0.0370246
bend:ZlXmdBYkhIpp-wNfPlSIFw,walk,with_standins,1000,0.0730521
bend:ZlXmdBYkhIpp-wNfPlSIFw,road,measured,165,-0.00844264
bend:ZlXmdBYkhIpp-wNfPlSIFw,road,with_standins,1500,0.020308
bend:ZlXmdBYkhIpp-wNfPlSIFw,road,measured_ref_road,164,-0.00865653
bend:bCoStRGdrZB6z6QXF9w0yQ,sidewalk,measured,639,-0.0264168
bend:bCoStRGdrZB6z6QXF9w0yQ,sidewalk,with_standins,726,-0.0119044
bend:bCoStRGdrZB6z6QXF9w0yQ,sidewalk,measured_ref_road,543,-0.0385804
bend:bCoStRGdrZB6z6QXF9w0yQ,walk,measured,1052,-0.0191919
bend:bCoStRGdrZB6z6QXF9w0yQ,walk,with_standins,1149,-0.0089448
bend:bCoStRGdrZB6z6QXF9w0yQ,walk,measured_ref_road,870,-0.034084
bend:bCoStRGdrZB6z6QXF9w0yQ,road,measured,1493,0.019154
bend:bCoStRGdrZB6z6QXF9w0yQ,road,with_standins,1500,0.0191848
bend:bCoStRGdrZB6z6QXF9w0yQ,road,measured_ref_road,1027,0.000502217
bend:bTkyJpLDQ7HCw4yOdqdNCg,sidewalk,measured,555,0.0289143
bend:bTkyJpLDQ7HCw4yOdqdNCg,sidewalk,with_standins,555,0.0289143
bend:bTkyJpLDQ7HCw4yOdqdNCg,sidewalk,measured_ref_road,205,0.0887909
bend:bTkyJpLDQ7HCw4yOdqdNCg,walk,measured,859,0.0433701
bend:bTkyJpLDQ7HCw4yOdqdNCg,walk,with_standins,859,0.0433701
bend:bTkyJpLDQ7HCw4yOdqdNCg,walk,measured_ref_road,421,0.0739392
bend:bTkyJpLDQ7HCw4yOdqdNCg,road,measured,1500,0.0136482
bend:bTkyJpLDQ7HCw4yOdqdNCg,road,with_standins,1500,0.0136482
bend:bTkyJpLDQ7HCw4yOdqdNCg,road,measured_ref_road,1480,0.0134122
bend:bVadNrPq_zXgbJjhhDSwDw,sidewalk,measured,1236,0.179382
bend:bVadNrPq_zXgbJjhhDSwDw,sidewalk,with_standins,1500,0.174515
bend:bVadNrPq_zXgbJjhhDSwDw,sidewalk,measured_ref_road,1234,0.179416
bend:bVadNrPq_zXgbJjhhDSwDw,walk,measured,1237,0.171433
bend:bVadNrPq_zXgbJjhhDSwDw,walk,with_standins,1500,0.165321
bend:bVadNrPq_zXgbJjhhDSwDw,walk,measured_ref_road,1228,0.171971
bend:bVadNrPq_zXgbJjhhDSwDw,road,measured,717,0.107114
bend:bVadNrPq_zXgbJjhhDSwDw,road,with_standins,1500,0.0820162
bend:bVadNrPq_zXgbJjhhDSwDw,road,measured_ref_road,714,0.107168
bend:cqb7v_2KGHMeSy8VpvkcDQ,sidewalk,measured,1043,0.130473
bend:cqb7v_2KGHMeSy8VpvkcDQ,sidewalk,with_standins,1188,0.116751
bend:cqb7v_2KGHMeSy8VpvkcDQ,sidewalk,measured_ref_road,837,0.149055
bend:cqb7v_2KGHMeSy8VpvkcDQ,walk,measured,1236,0.117621
bend:cqb7v_2KGHMeSy8VpvkcDQ,walk,with_standins,1500,0.101601
bend:cqb7v_2KGHMeSy8VpvkcDQ,walk,measured_ref_road,1035,0.134165
bend:cqb7v_2KGHMeSy8VpvkcDQ,road,measured,1238,0.0296088
bend:cqb7v_2KGHMeSy8VpvkcDQ,road,with_standins,1500,0.0307243
bend:cqb7v_2KGHMeSy8VpvkcDQ,road,measured_ref_road,1232,0.02957
bend:dUy9p1NputrGH7SFDmbCpg,sidewalk,measured,1040,0.0397736
bend:dUy9p1NputrGH7SFDmbCpg,sidewalk,with_standins,1458,0.0713534
bend:dUy9p1NputrGH7SFDmbCpg,sidewalk,measured_ref_road,525,0.133489
bend:dUy9p1NputrGH7SFDmbCpg,walk,measured,1033,0.0420997
bend:dUy9p1NputrGH7SFDmbCpg,walk,with_standins,1500,0.0663362
bend:dUy9p1NputrGH7SFDmbCpg,walk,measured_ref_road,609,0.091425
bend:dUy9p1NputrGH7SFDmbCpg,road,measured,1084,0.00652609
bend:dUy9p1NputrGH7SFDmbCpg,road,with_standins,1500,0.0263166
bend:dUy9p1NputrGH7SFDmbCpg,road,measured_ref_road,1075,0.00641715
bend:f8KWeNBZLlwJXVSj5_0RAg,sidewalk,measured,185,0.00284319
bend:f8KWeNBZLlwJXVSj5_0RAg,sidewalk,with_standins,1500,0.231251
bend:f8KWeNBZLlwJXVSj5_0RAg,sidewalk,measured_ref_road,53,-0.232372
bend:f8KWeNBZLlwJXVSj5_0RAg,walk,measured,213,-0.0208772
bend:f8KWeNBZLlwJXVSj5_0RAg,walk,with_standins,1500,0.218515
bend:f8KWeNBZLlwJXVSj5_0RAg,walk,measured_ref_road,81,-0.214758
bend:f8KWeNBZLlwJXVSj5_0RAg,road,measured,94,-0.039829
bend:f8KWeNBZLlwJXVSj5_0RAg,road,with_standins,1500,0.0487124
bend:f8KWeNBZLlwJXVSj5_0RAg,road,measured_ref_road,93,-0.0401012
bend:gTM14tSsKuUwbSxtTb4xoQ,sidewalk,measured,1264,0.0814162
bend:gTM14tSsKuUwbSxtTb4xoQ,sidewalk,with_standins,1500,0.0728485
bend:gTM14tSsKuUwbSxtTb4xoQ,sidewalk,measured_ref_road,843,0.108249
bend:gTM14tSsKuUwbSxtTb4xoQ,walk,measured,1316,0.0822497
bend:gTM14tSsKuUwbSxtTb4xoQ,walk,with_standins,1500,0.0764258
bend:gTM14tSsKuUwbSxtTb4xoQ,walk,measured_ref_road,995,0.100923
bend:gTM14tSsKuUwbSxtTb4xoQ,road,measured,1484,0.0814588
bend:gTM14tSsKuUwbSxtTb4xoQ,road,with_standins,1500,0.0811083
bend:gTM14tSsKuUwbSxtTb4xoQ,road,measured_ref_road,1484,0.0814588
bend:hKMeDFlSe7fPsZpi4kS-aA,sidewalk,measured,782,0.0715542
bend:hKMeDFlSe7fPsZpi4kS-aA,sidewalk,with_standins,1266,0.047318
bend:hKMeDFlSe7fPsZpi4kS-aA,sidewalk,measured_ref_road,505,0.0851521
bend:hKMeDFlSe7fPsZpi4kS-aA,walk,measured,920,0.0640219
bend:hKMeDFlSe7fPsZpi4kS-aA,walk,with_standins,1500,0.0468461
bend:hKMeDFlSe7fPsZpi4kS-aA,walk,measured_ref_road,691,0.073129
bend:hKMeDFlSe7fPsZpi4kS-aA,road,measured,1141,0.0131854
bend:hKMeDFlSe7fPsZpi4kS-aA,road,with_standins,1500,0.0139504
bend:hKMeDFlSe7fPsZpi4kS-aA,road,measured_ref_road,1141,0.0131854
bend:h_1bUHhTLKugR5XhzA1-nA,sidewalk,measured,1275,0.0239864
bend:h_1bUHhTLKugR5XhzA1-nA,sidewalk,with_standins,1500,0.0343052
bend:h_1bUHhTLKugR5XhzA1-nA,sidewalk,measured_ref_road,241,0.0357197
bend:h_1bUHhTLKugR5XhzA1-nA,walk,measured,1195,0.0239864
bend:h_1bUHhTLKugR5XhzA1-nA,walk,with_standins,1500,0.0392595
bend:h_1bUHhTLKugR5XhzA1-nA,walk,measured_ref_road,283,0.0336291
bend:h_1bUHhTLKugR5XhzA1-nA,road,measured,1081,0.0212038
bend:h_1bUHhTLKugR5XhzA1-nA,road,with_standins,1500,0.0217269
bend:h_1bUHhTLKugR5XhzA1-nA,road,measured_ref_road,1081,0.0212038
bend:hu3-VWXlGi42PkY38XPJzQ,sidewalk,measured,832,0.0412862
bend:hu3-VWXlGi42PkY38XPJzQ,sidewalk,with_standins,1198,0.0639018
bend:hu3-VWXlGi42PkY38XPJzQ,sidewalk,measured_ref_road,622,0.0538965
bend:hu3-VWXlGi42PkY38XPJzQ,walk,measured,1046,0.0371088
bend:hu3-VWXlGi42PkY38XPJzQ,walk,with_standins,1500,0.0606474
bend:hu3-VWXlGi42PkY38XPJzQ,walk,measured_ref_road,850,0.0458868
bend:hu3-VWXlGi42PkY38XPJzQ,road,measured,1392,0.0259346
bend:hu3-VWXlGi42PkY38XPJzQ,road,with_standins,1500,0.0288159
bend:hu3-VWXlGi42PkY38XPJzQ,road,measured_ref_road,1392,0.0259346
bend:kjNgQrRlUM8VkFMli6aIPQ,sidewalk,measured,987,0.0559806
bend:kjNgQrRlUM8VkFMli6aIPQ,sidewalk,with_standins,1350,0.0367092
bend:kjNgQrRlUM8VkFMli6aIPQ,sidewalk,measured_ref_road,385,0.082919
bend:kjNgQrRlUM8VkFMli6aIPQ,walk,measured,1112,0.0650463
bend:kjNgQrRlUM8VkFMli6aIPQ,walk,with_standins,1500,0.0504305
bend:kjNgQrRlUM8VkFMli6aIPQ,walk,measured_ref_road,549,0.0757663
bend:kjNgQrRlUM8VkFMli6aIPQ,road,measured,1404,0.0127515
bend:kjNgQrRlUM8VkFMli6aIPQ,road,with_standins,1500,0.0131375
bend:kjNgQrRlUM8VkFMli6aIPQ,road,measured_ref_road,1404,0.0127515
bend:kkDJcaa4ZmOKSqhbnM1MvQ,sidewalk,measured,1191,0.0470167
bend:kkDJcaa4ZmOKSqhbnM1MvQ,sidewalk,with_standins,1250,0.0586427
bend:kkDJcaa4ZmOKSqhbnM1MvQ,sidewalk,measured_ref_road,528,0.11873
bend:kkDJcaa4ZmOKSqhbnM1MvQ,walk,measured,1450,0.0358089
bend:kkDJcaa4ZmOKSqhbnM1MvQ,walk,with_standins,1500,0.0371852
bend:kkDJcaa4ZmOKSqhbnM1MvQ,walk,measured_ref_road,946,0.0502658
bend:kkDJcaa4ZmOKSqhbnM1MvQ,road,measured,1419,0.012996
bend:kkDJcaa4ZmOKSqhbnM1MvQ,road,with_standins,1500,0.0144743
bend:kkDJcaa4ZmOKSqhbnM1MvQ,road,measured_ref_road,1399,0.0129296
bend:kmEwK3ZUn80IJAPqjc4nnA,sidewalk,measured,1481,-0.0329199
bend:kmEwK3ZUn80IJAPqjc4nnA,sidewalk,with_standins,1500,-0.0318717
bend:kmEwK3ZUn80IJAPqjc4nnA,sidewalk,measured_ref_road,1092,-0.0342307
bend:kmEwK3ZUn80IJAPqjc4nnA,walk,measured,1484,-0.019415
bend:kmEwK3ZUn80IJAPqjc4nnA,walk,with_standins,1500,-0.0182137
bend:kmEwK3ZUn80IJAPqjc4nnA,walk,measured_ref_road,1155,0.00616287
bend:kmEwK3ZUn80IJAPqjc4nnA,road,measured,1371,-0.00394211
bend:kmEwK3ZUn80IJAPqjc4nnA,road,with_standins,1500,-0.00181017
bend:kmEwK3ZUn80IJAPqjc4nnA,road,measured_ref_road,1351,-0.00378277
bend:lWmcJJwTxnbJ5OUloRKphA,sidewalk,measured,957,-0.00212079
bend:lWmcJJwTxnbJ5OUloRKphA,sidewalk,with_standins,1025,0.000499409
bend:lWmcJJwTxnbJ5OUloRKphA,sidewalk,measured_ref_road,163,0.0193502
bend:lWmcJJwTxnbJ5OUloRKphA,walk,measured,1231,-0.000850667
bend:lWmcJJwTxnbJ5OUloRKphA,walk,with_standins,1328,0.00253605
bend:lWmcJJwTxnbJ5OUloRKphA,walk,measured_ref_road,415,0.0153583
bend:lWmcJJwTxnbJ5OUloRKphA,road,measured,1458,-0.0537279
bend:lWmcJJwTxnbJ5OUloRKphA,road,with_standins,1500,-0.0521781
bend:lWmcJJwTxnbJ5OUloRKphA,road,measured_ref_road,1442,-0.0541748
bend:lijNEguHL6T106ODEBcylQ,sidewalk,measured,1481,0.0959959
bend:lijNEguHL6T106ODEBcylQ,sidewalk,with_standins,1500,0.0956598
bend:lijNEguHL6T106ODEBcylQ,sidewalk,measured_ref_road,1242,0.120555
bend:lijNEguHL6T106ODEBcylQ,walk,measured,1487,0.0892563
bend:lijNEguHL6T106ODEBcylQ,walk,with_standins,1500,0.0884333
bend:lijNEguHL6T106ODEBcylQ,walk,measured_ref_road,1331,0.103308
bend:lijNEguHL6T106ODEBcylQ,road,measured,1489,0.0329715
bend:lijNEguHL6T106ODEBcylQ,road,with_standins,1500,0.0328039
bend:lijNEguHL6T106ODEBcylQ,road,measured_ref_road,1489,0.0329715
bend:mVwc04XB9DxuIb05ExnrdA,sidewalk,measured,169,-0.0470643
bend:mVwc04XB9DxuIb05ExnrdA,sidewalk,with_standins,169,-0.0470643
bend:mVwc04XB9DxuIb05ExnrdA,sidewalk,measured_ref_road,111,-0.054705
bend:mVwc04XB9DxuIb05ExnrdA,walk,measured,434,-0.0404282
bend:mVwc04XB9DxuIb05ExnrdA,walk,with_standins,434,-0.0404282
bend:mVwc04XB9DxuIb05ExnrdA,walk,measured_ref_road,341,-0.03703
bend:mVwc04XB9DxuIb05ExnrdA,road,measured,1486,0.00178121
bend:mVwc04XB9DxuIb05ExnrdA,road,with_standins,1500,0.00222036
bend:mVwc04XB9DxuIb05ExnrdA,road,measured_ref_road,849,-0.0280751
bend:mdQY8aMSdYrnHfHNXqj6GQ,sidewalk,measured,1500,0.15598
bend:mdQY8aMSdYrnHfHNXqj6GQ,sidewalk,with_standins,1500,0.15598
bend:mdQY8aMSdYrnHfHNXqj6GQ,sidewalk,measured_ref_road,1430,0.164042
bend:mdQY8aMSdYrnHfHNXqj6GQ,walk,measured,1500,0.134759
bend:mdQY8aMSdYrnHfHNXqj6GQ,walk,with_standins,1500,0.134759
bend:mdQY8aMSdYrnHfHNXqj6GQ,walk,measured_ref_road,1444,0.137408
bend:mdQY8aMSdYrnHfHNXqj6GQ,road,measured,1500,0.0505856
bend:mdQY8aMSdYrnHfHNXqj6GQ,road,with_standins,1500,0.0505856
bend:mdQY8aMSdYrnHfHNXqj6GQ,road,measured_ref_road,1500,0.0505856
bend:nd-z43_liOX80bmhO15urg,sidewalk,measured,1008,0.0128788
bend:nd-z43_liOX80bmhO15urg,sidewalk,with_standins,1061,0.0133184
bend:nd-z43_liOX80bmhO15urg,sidewalk,measured_ref_road,139,-0.0122366
bend:nd-z43_liOX80bmhO15urg,walk,measured,1108,0.0118798
bend:nd-z43_liOX80bmhO15urg,walk,with_standins,1500,0.013826
bend:nd-z43_liOX80bmhO15urg,walk,measured_ref_road,249,0.00133635
bend:nd-z43_liOX80bmhO15urg,road,measured,1023,-0.0169064
bend:nd-z43_liOX80bmhO15urg,road,with_standins,1500,0.000133642
bend:nd-z43_liOX80bmhO15urg,road,measured_ref_road,1021,-0.0171872
bend:oKUCusv3jdVCLmevp-P3zw,sidewalk,measured,831,-0.170001
bend:oKUCusv3jdVCLmevp-P3zw,sidewalk,with_standins,1500,-0.0303376
bend:oKUCusv3jdVCLmevp-P3zw,sidewalk,measured_ref_road,689,-0.185289
bend:oKUCusv3jdVCLmevp-P3zw,walk,measured,950,-0.145199
bend:oKUCusv3jdVCLmevp-P3zw,walk,with_standins,1500,-0.0485914
bend:oKUCusv3jdVCLmevp-P3zw,walk,measured_ref_road,823,-0.160872
bend:oKUCusv3jdVCLmevp-P3zw,road,measured,1412,-0.0879165
bend:oKUCusv3jdVCLmevp-P3zw,road,with_standins,1500,-0.0838366
bend:oKUCusv3jdVCLmevp-P3zw,road,measured_ref_road,1404,-0.088531
bend:pIcQQrFa8_XDG7-VSRhAfQ,sidewalk,measured,1233,-0.0462126
bend:pIcQQrFa8_XDG7-VSRhAfQ,sidewalk,with_standins,1500,-0.0226476
bend:pIcQQrFa8_XDG7-VSRhAfQ,sidewalk,measured_ref_road,790,-0.0632055
bend:pIcQQrFa8_XDG7-VSRhAfQ,walk,measured,1300,-0.0386631
bend:pIcQQrFa8_XDG7-VSRhAfQ,walk,with_standins,1500,-0.0224329
bend:pIcQQrFa8_XDG7-VSRhAfQ,walk,measured_ref_road,963,-0.0502433
bend:pIcQQrFa8_XDG7-VSRhAfQ,road,measured,1259,-0.00968924
bend:pIcQQrFa8_XDG7-VSRhAfQ,road,with_standins,1500,-0.00522686
bend:pIcQQrFa8_XDG7-VSRhAfQ,road,measured_ref_road,1164,-0.00879268
bend:qNYRurrxEhqZvO8GrwE9nA,sidewalk,measured,865,0.0319038
bend:qNYRurrxEhqZvO8GrwE9nA,sidewalk,with_standins,934,0.0323151
bend:qNYRurrxEhqZvO8GrwE9nA,sidewalk,measured_ref_road,151,0.0838089
bend:qNYRurrxEhqZvO8GrwE9nA,walk,measured,1429,0.0256888
bend:qNYRurrxEhqZvO8GrwE9nA,walk,with_standins,1500,0.0267005
bend:qNYRurrxEhqZvO8GrwE9nA,walk,measured_ref_road,701,0.0213495
bend:qNYRurrxEhqZvO8GrwE9nA,road,measured,1412,0.014892
bend:qNYRurrxEhqZvO8GrwE9nA,road,with_standins,1500,0.0154907
bend:qNYRurrxEhqZvO8GrwE9nA,road,measured_ref_road,1296,0.0149375
bend:rQtHh0Wai-D1FvbvqBlWdw,sidewalk,measured,1446,-0.0232584
bend:rQtHh0Wai-D1FvbvqBlWdw,sidewalk,with_standins,1500,-0.0212094
bend:rQtHh0Wai-D1FvbvqBlWdw,sidewalk,measured_ref_road,1192,-0.0312953
bend:rQtHh0Wai-D1FvbvqBlWdw,walk,measured,1413,-0.0155104
bend:rQtHh0Wai-D1FvbvqBlWdw,walk,with_standins,1500,-0.0112939
bend:rQtHh0Wai-D1FvbvqBlWdw,walk,measured_ref_road,1157,-0.0258586
bend:rQtHh0Wai-D1FvbvqBlWdw,road,measured,1466,0.0800685
bend:rQtHh0Wai-D1FvbvqBlWdw,road,with_standins,1500,0.0800217
bend:rQtHh0Wai-D1FvbvqBlWdw,road,measured_ref_road,709,0.0443784
bend:rvwbAGgi-7mNlZHKSPC8WQ,sidewalk,measured,1033,-0.00462386
bend:rvwbAGgi-7mNlZHKSPC8WQ,sidewalk,with_standins,1500,0.0130666
bend:rvwbAGgi-7mNlZHKSPC8WQ,sidewalk,measured_ref_road,81,0.178197
bend:rvwbAGgi-7mNlZHKSPC8WQ,walk,measured,1057,-0.0238248
bend:rvwbAGgi-7mNlZHKSPC8WQ,walk,with_standins,1500,0.00631769
bend:rvwbAGgi-7mNlZHKSPC8WQ,walk,measured_ref_road,196,-0.134627
bend:rvwbAGgi-7mNlZHKSPC8WQ,road,measured,1292,-0.141059
bend:rvwbAGgi-7mNlZHKSPC8WQ,road,with_standins,1500,-0.124075
bend:rvwbAGgi-7mNlZHKSPC8WQ,road,measured_ref_road,511,-0.101369
bend:rxF0qBiSbOEnMR9wwxpjEw,sidewalk,measured,1319,0.0582447
bend:rxF0qBiSbOEnMR9wwxpjEw,sidewalk,with_standins,1500,0.0573783
bend:rxF0qBiSbOEnMR9wwxpjEw,sidewalk,measured_ref_road,818,0.0841617
bend:rxF0qBiSbOEnMR9wwxpjEw,walk,measured,1347,0.050381
bend:rxF0qBiSbOEnMR9wwxpjEw,walk,with_standins,1500,0.0503889
bend:rxF0qBiSbOEnMR9wwxpjEw,walk,measured_ref_road,978,0.0637055
bend:rxF0qBiSbOEnMR9wwxpjEw,road,measured,1412,0.0174824
bend:rxF0qBiSbOEnMR9wwxpjEw,road,with_standins,1500,0.0182035
bend:rxF0qBiSbOEnMR9wwxpjEw,road,measured_ref_road,1412,0.0174824
bend:s4e-NVzTyqcyZ6_5npv6Ow,sidewalk,measured,1474,-0.0510322
bend:s4e-NVzTyqcyZ6_5npv6Ow,sidewalk,with_standins,1500,-0.0500398
bend:s4e-NVzTyqcyZ6_5npv6Ow,sidewalk,measured_ref_road,492,0.0945458
bend:s4e-NVzTyqcyZ6_5npv6Ow,walk,measured,1467,-0.0453895
bend:s4e-NVzTyqcyZ6_5npv6Ow,walk,with_standins,1500,-0.0428839
bend:s4e-NVzTyqcyZ6_5npv6Ow,walk,measured_ref_road,601,0.108004
bend:s4e-NVzTyqcyZ6_5npv6Ow,road,measured,1454,-0.0133765
bend:s4e-NVzTyqcyZ6_5npv6Ow,road,with_standins,1500,-0.0123978
bend:s4e-NVzTyqcyZ6_5npv6Ow,road,measured_ref_road,1042,0.0138914
bend:sLysKXt4_iSuR_gUCdxe5g,sidewalk,measured,493,0.0876556
bend:sLysKXt4_iSuR_gUCdxe5g,sidewalk,with_standins,655,0.177191
bend:sLysKXt4_iSuR_gUCdxe5g,sidewalk,measured_ref_road,114,-0.0636273
bend:sLysKXt4_iSuR_gUCdxe5g,walk,measured,878,0.045701
bend:sLysKXt4_iSuR_gUCdxe5g,walk,with_standins,1105,0.102972
bend:sLysKXt4_iSuR_gUCdxe5g,walk,measured_ref_road,459,-0.0409833
bend:sLysKXt4_iSuR_gUCdxe5g,road,measured,1292,0.0326714
bend:sLysKXt4_iSuR_gUCdxe5g,road,with_standins,1500,0.0387255
bend:sLysKXt4_iSuR_gUCdxe5g,road,measured_ref_road,1272,0.0324176
bend:tvNqBlxdm0rdkZgBOGVfog,sidewalk,measured,981,-0.0105737
bend:tvNqBlxdm0rdkZgBOGVfog,sidewalk,with_standins,1060,0.00117665
bend:tvNqBlxdm0rdkZgBOGVfog,sidewalk,measured_ref_road,80,0.0719024
bend:tvNqBlxdm0rdkZgBOGVfog,walk,measured,1234,-0.0144579
bend:tvNqBlxdm0rdkZgBOGVfog,walk,with_standins,1500,-0.000338268
bend:tvNqBlxdm0rdkZgBOGVfog,walk,measured_ref_road,547,-0.012356
bend:tvNqBlxdm0rdkZgBOGVfog,road,measured,1111,-0.054686
bend:tvNqBlxdm0rdkZgBOGVfog,road,with_standins,1500,-0.0366968
bend:tvNqBlxdm0rdkZgBOGVfog,road,measured_ref_road,1110,-0.0547062
bend:vX7HB8heH18fb_VkIUAagA,sidewalk,measured,1256,-0.0314776
bend:vX7HB8heH18fb_VkIUAagA,sidewalk,with_standins,1500,0.0085769
bend:vX7HB8heH18fb_VkIUAagA,sidewalk,measured_ref_road,975,-0.0637027
bend:vX7HB8heH18fb_VkIUAagA,walk,measured,1259,-0.0324991
bend:vX7HB8heH18fb_VkIUAagA,walk,with_standins,1500,0.00571164
bend:vX7HB8heH18fb_VkIUAagA,walk,measured_ref_road,1050,-0.0563793
bend:vX7HB8heH18fb_VkIUAagA,road,measured,1237,0.00507254
bend:vX7HB8heH18fb_VkIUAagA,road,with_standins,1500,0.01807
bend:vX7HB8heH18fb_VkIUAagA,road,measured_ref_road,1237,0.00507254
bend:vwNiakvhRASLUkJZwdRB4A,sidewalk,measured,1263,0.0739735
bend:vwNiakvhRASLUkJZwdRB4A,sidewalk,with_standins,1500,0.0749328
bend:vwNiakvhRASLUkJZwdRB4A,sidewalk,measured_ref_road,1052,0.0758764
bend:vwNiakvhRASLUkJZwdRB4A,walk,measured,1266,0.0658964
bend:vwNiakvhRASLUkJZwdRB4A,walk,with_standins,1500,0.0686865
bend:vwNiakvhRASLUkJZwdRB4A,walk,measured_ref_road,1096,0.067294
bend:vwNiakvhRASLUkJZwdRB4A,road,measured,1342,0.0362989
bend:vwNiakvhRASLUkJZwdRB4A,road,with_standins,1500,0.0383073
bend:vwNiakvhRASLUkJZwdRB4A,road,measured_ref_road,1336,0.0362331
bend:vxefPfMvnutF5i07I8rnuw,sidewalk,measured,81,-0.084257
bend:vxefPfMvnutF5i07I8rnuw,sidewalk,with_standins,509,0.138636
bend:vxefPfMvnutF5i07I8rnuw,sidewalk,measured_ref_road,52,-0.0609151
bend:vxefPfMvnutF5i07I8rnuw,walk,measured,350,-0.0166985
bend:vxefPfMvnutF5i07I8rnuw,walk,with_standins,1345,0.156016
bend:vxefPfMvnutF5i07I8rnuw,walk,measured_ref_road,291,0.0102062
bend:vxefPfMvnutF5i07I8rnuw,road,measured,1071,-0.0011009
bend:vxefPfMvnutF5i07I8rnuw,road,with_standins,1500,0.0287463
bend:vxefPfMvnutF5i07I8rnuw,road,measured_ref_road,629,0.0464298
bend:wuFHDmC43ImDlZMS6-opJQ,sidewalk,measured,40,0.0291791
bend:wuFHDmC43ImDlZMS6-opJQ,sidewalk,with_standins,56,0.0249524
bend:wuFHDmC43ImDlZMS6-opJQ,walk,measured,50,0.0291791
bend:wuFHDmC43ImDlZMS6-opJQ,walk,with_standins,67,0.024566
bend:wuFHDmC43ImDlZMS6-opJQ,road,measured,96,0.00245075
bend:wuFHDmC43ImDlZMS6-opJQ,road,with_standins,343,0.0112224
bend:wuFHDmC43ImDlZMS6-opJQ,road,measured_ref_road,95,0.00254426
bend:xKoseQiPNzFwaWfw9Rl6hg,sidewalk,measured,1485,0.0810047
bend:xKoseQiPNzFwaWfw9Rl6hg,sidewalk,with_standins,1500,0.0818895
bend:xKoseQiPNzFwaWfw9Rl6hg,sidewalk,measured_ref_road,634,0.0979948
bend:xKoseQiPNzFwaWfw9Rl6hg,walk,measured,1474,0.051315
bend:xKoseQiPNzFwaWfw9Rl6hg,walk,with_standins,1500,0.0520665
bend:xKoseQiPNzFwaWfw9Rl6hg,walk,measured_ref_road,916,0.0463048
bend:xKoseQiPNzFwaWfw9Rl6hg,road,measured,1433,-0.069682
bend:xKoseQiPNzFwaWfw9Rl6hg,road,with_standins,1500,-0.0637935
bend:xKoseQiPNzFwaWfw9Rl6hg,road,measured_ref_road,1410,-0.0696173
bend:xU7xT5kREy_Jnq_vYaXc8w,sidewalk,measured,1137,0.00682314
bend:xU7xT5kREy_Jnq_vYaXc8w,sidewalk,with_standins,1500,0.011252
bend:xU7xT5kREy_Jnq_vYaXc8w,sidewalk,measured_ref_road,128,-0.0605875
bend:xU7xT5kREy_Jnq_vYaXc8w,walk,measured,1068,0.00534733
bend:xU7xT5kREy_Jnq_vYaXc8w,walk,with_standins,1500,0.0116764
bend:xU7xT5kREy_Jnq_vYaXc8w,walk,measured_ref_road,328,-0.0244555
bend:xU7xT5kREy_Jnq_vYaXc8w,road,measured,1148,-0.00489632
bend:xU7xT5kREy_Jnq_vYaXc8w,road,with_standins,1500,0.00363942
bend:xU7xT5kREy_Jnq_vYaXc8w,road,measured_ref_road,1133,-0.00493175
bend:yDV1n1O4f0QHWG869hAzbQ,sidewalk,measured,977,0.10949
bend:yDV1n1O4f0QHWG869hAzbQ,sidewalk,with_standins,1500,0.0785054
bend:yDV1n1O4f0QHWG869hAzbQ,sidewalk,measured_ref_road,174,0.0635064
bend:yDV1n1O4f0QHWG869hAzbQ,walk,measured,1047,0.0949983
bend:yDV1n1O4f0QHWG869hAzbQ,walk,with_standins,1500,0.045295
bend:yDV1n1O4f0QHWG869hAzbQ,walk,measured_ref_road,390,-0.0824532
bend:yDV1n1O4f0QHWG869hAzbQ,road,measured,1395,0.0158169
bend:yDV1n1O4f0QHWG869hAzbQ,road,with_standins,1500,0.0158937
bend:yDV1n1O4f0QHWG869hAzbQ,road,measured_ref_road,1391,0.0152242
bend:yPUv9rk8acshJKXa9_jMag,sidewalk,measured,1179,-0.00435483
bend:yPUv9rk8acshJKXa9_jMag,sidewalk,with_standins,1500,0.0158249
bend:yPUv9rk8acshJKXa9_jMag,sidewalk,measured_ref_road,283,-0.0297662
bend:yPUv9rk8acshJKXa9_jMag,walk,measured,1004,-0.00450756
bend:yPUv9rk8acshJKXa9_jMag,walk,with_standins,1500,0.0252418
bend:yPUv9rk8acshJKXa9_jMag,walk,measured_ref_road,250,-0.0243129
bend:yPUv9rk8acshJKXa9_jMag,road,measured,1280,-0.00365818
bend:yPUv9rk8acshJKXa9_jMag,road,with_standins,1500,0.00355517
bend:yPUv9rk8acshJKXa9_jMag,road,measured_ref_road,849,0.0146154
bend:yuwkp3XCUwSbB8q7Og99GQ,sidewalk,measured,985,-0.0231683
bend:yuwkp3XCUwSbB8q7Og99GQ,sidewalk,with_standins,1500,-0.00326871
bend:yuwkp3XCUwSbB8q7Og99GQ,sidewalk,measured_ref_road,596,-0.035909
bend:yuwkp3XCUwSbB8q7Og99GQ,walk,measured,941,-0.021744
bend:yuwkp3XCUwSbB8q7Og99GQ,walk,with_standins,1500,0.00128411
bend:yuwkp3XCUwSbB8q7Og99GQ,walk,measured_ref_road,633,-0.0320793
bend:yuwkp3XCUwSbB8q7Og99GQ,road,measured,627,-0.00415566
bend:yuwkp3XCUwSbB8q7Og99GQ,road,with_standins,1500,0.0167193
bend:yuwkp3XCUwSbB8q7Og99GQ,road,measured_ref_road,604,-0.00426662
bend:zcVgeJb6FkDw1z__YhM1tg,sidewalk,measured,1232,0.00535054
bend:zcVgeJb6FkDw1z__YhM1tg,sidewalk,with_standins,1500,0.0237378
bend:zcVgeJb6FkDw1z__YhM1tg,sidewalk,measured_ref_road,613,-0.0361652
bend:zcVgeJb6FkDw1z__YhM1tg,walk,measured,1310,-0.0364779
bend:zcVgeJb6FkDw1z__YhM1tg,walk,with_standins,1500,-0.0236119
bend:zcVgeJb6FkDw1z__YhM1tg,walk,measured_ref_road,981,-0.04234
bend:zcVgeJb6FkDw1z__YhM1tg,road,measured,1039,-0.060837
bend:zcVgeJb6FkDw1z__YhM1tg,road,with_standins,1500,0.00292406
bend:zcVgeJb6FkDw1z__YhM1tg,road,measured_ref_road,1016,-0.0609941
gainesville:--xM_B9BVXSNT9IcytVKug,sidewalk,measured,1357,0.0525465
gainesville:--xM_B9BVXSNT9IcytVKug,sidewalk,with_standins,1357,0.0525465
gainesville:--xM_B9BVXSNT9IcytVKug,sidewalk,measured_ref_road,1173,0.0548678
gainesville:--xM_B9BVXSNT9IcytVKug,walk,measured,1500,0.00956212
gainesville:--xM_B9BVXSNT9IcytVKug,walk,with_standins,1500,0.00956212
gainesville:--xM_B9BVXSNT9IcytVKug,walk,measured_ref_road,1385,0.012128
gainesville:--xM_B9BVXSNT9IcytVKug,road,measured,1500,-0.0195425
gainesville:--xM_B9BVXSNT9IcytVKug,road,with_standins,1500,-0.0195425
gainesville:--xM_B9BVXSNT9IcytVKug,road,measured_ref_road,1500,-0.0195425
gainesville:-FMeOe5iGG-5JFxSF0lxaQ,walk,measured,33,-0.00551262
gainesville:-FMeOe5iGG-5JFxSF0lxaQ,walk,with_standins,33,-0.00551262
gainesville:-FMeOe5iGG-5JFxSF0lxaQ,walk,measured_ref_road,26,0.00163336
gainesville:-FMeOe5iGG-5JFxSF0lxaQ,road,measured,294,-0.00774863
gainesville:-FMeOe5iGG-5JFxSF0lxaQ,road,with_standins,296,-0.00774863
gainesville:-FMeOe5iGG-5JFxSF0lxaQ,road,measured_ref_road,220,-0.00801316
gainesville:-Thw-Y56uiaGEg8I_zZwgw,sidewalk,measured,866,-0.00689598
gainesville:-Thw-Y56uiaGEg8I_zZwgw,sidewalk,with_standins,866,-0.00689598
gainesville:-Thw-Y56uiaGEg8I_zZwgw,walk,measured,866,-0.00689598
gainesville:-Thw-Y56uiaGEg8I_zZwgw,walk,with_standins,866,-0.00689598
gainesville:-Thw-Y56uiaGEg8I_zZwgw,road,measured,607,-0.00551142
gainesville:-Thw-Y56uiaGEg8I_zZwgw,road,with_standins,607,-0.00551142
gainesville:-Thw-Y56uiaGEg8I_zZwgw,road,measured_ref_road,593,-0.00529995
gainesville:-zi5tN6Qyyeq8B1mczYfOg,sidewalk,measured,675,-0.0530166
gainesville:-zi5tN6Qyyeq8B1mczYfOg,sidewalk,with_standins,690,-0.0501958
gainesville:-zi5tN6Qyyeq8B1mczYfOg,sidewalk,measured_ref_road,354,-0.143286
gainesville:-zi5tN6Qyyeq8B1mczYfOg,walk,measured,1132,-0.126491
gainesville:-zi5tN6Qyyeq8B1mczYfOg,walk,with_standins,1148,-0.12625
gainesville:-zi5tN6Qyyeq8B1mczYfOg,walk,measured_ref_road,562,-0.134519
gainesville:-zi5tN6Qyyeq8B1mczYfOg,road,measured,1451,-0.119621
gainesville:-zi5tN6Qyyeq8B1mczYfOg,road,with_standins,1500,-0.119169
gainesville:-zi5tN6Qyyeq8B1mczYfOg,road,measured_ref_road,1304,-0.118005
gainesville:1n-U7MQVuboJf00fwh9UBg,sidewalk,measured,550,0.104003
gainesville:1n-U7MQVuboJf00fwh9UBg,sidewalk,with_standins,565,0.1035
gainesville:1n-U7MQVuboJf00fwh9UBg,sidewalk,measured_ref_road,409,0.11078
gainesville:1n-U7MQVuboJf00fwh9UBg,walk,measured,1297,0.0304781
gainesville:1n-U7MQVuboJf00fwh9UBg,walk,with_standins,1312,0.0301438
gainesville:1n-U7MQVuboJf00fwh9UBg,walk,measured_ref_road,818,0.0622328
gainesville:1n-U7MQVuboJf00fwh9UBg,road,measured,1481,-0.0227146
gainesville:1n-U7MQVuboJf00fwh9UBg,road,with_standins,1500,-0.0222726
gainesville:1n-U7MQVuboJf00fwh9UBg,road,measured_ref_road,1285,-0.0234008
gainesville:21qHYEKoNSGw9O3wF_dvBg,sidewalk,measured,581,0.033022
gainesville:21qHYEKoNSGw9O3wF_dvBg,sidewalk,with_standins,584,0.0332609
gainesville:21qHYEKoNSGw9O3wF_dvBg,sidewalk,measured_ref_road,274,-0.039558
gainesville:21qHYEKoNSGw9O3wF_dvBg,walk,measured,1044,0.0079511
gainesville:21qHYEKoNSGw9O3wF_dvBg,walk,with_standins,1048,0.00805155
gainesville:21qHYEKoNSGw9O3wF_dvBg,walk,measured_ref_road,720,-0.0024578
gainesville:21qHYEKoNSGw9O3wF_dvBg,road,measured,1500,-0.00388893
gainesville:21qHYEKoNSGw9O3wF_dvBg,road,with_standins,1500,-0.00388893
gainesville:21qHYEKoNSGw9O3wF_dvBg,road,measured_ref_road,1488,-0.00417064
gainesville:2ZG41STPUADAWUJD-Rc4sA,sidewalk,measured,1293,0.00955671
gainesville:2ZG41STPUADAWUJD-Rc4sA,sidewalk,with_standins,1312,0.0098755
gainesville:2ZG41STPUADAWUJD-Rc4sA,sidewalk,measured_ref_road,565,0.121786
gainesville:2ZG41STPUADAWUJD-Rc4sA,walk,measured,1484,0.0105317
gainesville:2ZG41STPUADAWUJD-Rc4sA,walk,with_standins,1500,0.011263
gainesville:2ZG41STPUADAWUJD-Rc4sA,walk,measured_ref_road,796,0.105018
gainesville:2ZG41STPUADAWUJD-Rc4sA,road,measured,1500,0.00204275
gainesville:2ZG41STPUADAWUJD-Rc4sA,road,with_standins,1500,0.00204275
gainesville:2ZG41STPUADAWUJD-Rc4sA,road,measured_ref_road,1490,0.00232948
gainesville:2xfTrO6eZbF0hKmvjGzN0A,sidewalk,measured,1500,0.0167776
gainesville:2xfTrO6eZbF0hKmvjGzN0A,sidewalk,with_standins,1500,0.0167776
gainesville:2xfTrO6eZbF0hKmvjGzN0A,sidewalk,measured_ref_road,289,0.013866
gainesville:2xfTrO6eZbF0hKmvjGzN0A,walk,measured,1500,0.0233537
gainesville:2xfTrO6eZbF0hKmvjGzN0A,walk,with_standins,1500,0.0233537
gainesville:2xfTrO6eZbF0hKmvjGzN0A,walk,measured_ref_road,502,0.0418331
gainesville:2xfTrO6eZbF0hKmvjGzN0A,road,measured,1500,0.01324
gainesville:2xfTrO6eZbF0hKmvjGzN0A,road,with_standins,1500,0.01324
gainesville:2xfTrO6eZbF0hKmvjGzN0A,road,measured_ref_road,701,0.00666882
gainesville:3CbLaqDP3N3z64brBrC0eA,sidewalk,measured,87,0.0399327
gainesville:3CbLaqDP3N3z64brBrC0eA,sidewalk,with_standins,87,0.0399327
gainesville:3CbLaqDP3N3z64brBrC0eA,sidewalk,measured_ref_road,31,0.0449077
gainesville:3CbLaqDP3N3z64brBrC0eA,walk,measured,289,0.055653
gainesville:3CbLaqDP3N3z64brBrC0eA,walk,with_standins,289,0.055653
gainesville:3CbLaqDP3N3z64brBrC0eA,walk,measured_ref_road,123,0.107437
gainesville:3CbLaqDP3N3z64brBrC0eA,road,measured,893,0.076822
gainesville:3CbLaqDP3N3z64brBrC0eA,road,with_standins,893,0.076822
gainesville:3CbLaqDP3N3z64brBrC0eA,road,measured_ref_road,792,0.0698905
gainesville:4My9h4mmpjE82U1up3jWOA,sidewalk,measured,394,-0.0117879
gainesville:4My9h4mmpjE82U1up3jWOA,sidewalk,with_standins,394,-0.0117879
gainesville:4My9h4mmpjE82U1up3jWOA,sidewalk,measured_ref_road,215,0.139127
gainesville:4My9h4mmpjE82U1up3jWOA,walk,measured,1500,0.0339926
gainesville:4My9h4mmpjE82U1up3jWOA,walk,with_standins,1500,0.0339926
gainesville:4My9h4mmpjE82U1up3jWOA,walk,measured_ref_road,1116,0.0623426
gainesville:4My9h4mmpjE82U1up3jWOA,road,measured,1500,-0.117704
gainesville:4My9h4mmpjE82U1up3jWOA,road,with_standins,1500,-0.117704
gainesville:4My9h4mmpjE82U1up3jWOA,road,measured_ref_road,789,-0.110456
gainesville:5vEoUj3H3aRkW-2h1B0JAQ,sidewalk,measured,1500,0.0723748
gainesville:5vEoUj3H3aRkW-2h1B0JAQ,sidewalk,with_standins,1500,0.0723748
gainesville:5vEoUj3H3aRkW-2h1B0JAQ,sidewalk,measured_ref_road,688,0.150006
gainesville:5vEoUj3H3aRkW-2h1B0JAQ,walk,measured,1500,0.0718659
gainesville:5vEoUj3H3aRkW-2h1B0JAQ,walk,with_standins,1500,0.0718659
gainesville:5vEoUj3H3aRkW-2h1B0JAQ,walk,measured_ref_road,801,0.123939
gainesville:5vEoUj3H3aRkW-2h1B0JAQ,road,measured,1500,0.0457208
gainesville:5vEoUj3H3aRkW-2h1B0JAQ,road,with_standins,1500,0.0457208
gainesville:5vEoUj3H3aRkW-2h1B0JAQ,road,measured_ref_road,1465,0.0438342
gainesville:6-tNVth5ck0axWmPuKpiXg,sidewalk,measured,614,-0.0122029
gainesville:6-tNVth5ck0axWmPuKpiXg,sidewalk,with_standins,664,-0.0118473
gainesville:6-tNVth5ck0axWmPuKpiXg,sidewalk,measured_ref_road,44,0.0112485
gainesville:6-tNVth5ck0axWmPuKpiXg,walk,measured,897,-0.0114882
gainesville:6-tNVth5ck0axWmPuKpiXg,walk,with_standins,971,-0.010802
gainesville:6-tNVth5ck0axWmPuKpiXg,walk,measured_ref_road,139,-0.0094115
gainesville:6-tNVth5ck0axWmPuKpiXg,road,measured,625,0.0337716
gainesville:6-tNVth5ck0axWmPuKpiXg,road,with_standins,776,0.0328328
gainesville:6-tNVth5ck0axWmPuKpiXg,road,measured_ref_road,598,0.0362855
gainesville:65kxFTBgmbOPUQbC612rdg,sidewalk,measured,860,0.0699719
gainesville:65kxFTBgmbOPUQbC612rdg,sidewalk,with_standins,1500,0.0510186
gainesville:65kxFTBgmbOPUQbC612rdg,sidewalk,measured_ref_road,706,0.0699719
gainesville:65kxFTBgmbOPUQbC612rdg,walk,measured,886,0.0716194
gainesville:65kxFTBgmbOPUQbC612rdg,walk,with_standins,1500,0.054607
gainesville:65kxFTBgmbOPUQbC612rdg,walk,measured_ref_road,767,0.0736891
gainesville:65kxFTBgmbOPUQbC612rdg,road,measured,1240,0.00520109
gainesville:65kxFTBgmbOPUQbC612rdg,road,with_standins,1500,0.00915356
gainesville:65kxFTBgmbOPUQbC612rdg,road,measured_ref_road,1210,0.00439257
gainesville:6HfrzDBSveHUN1NpGsF31Q,walk,measured,34,-0.0529127
gainesville:6HfrzDBSveHUN1NpGsF31Q,walk,with_standins,34,-0.0529127
gainesville:6HfrzDBSveHUN1NpGsF31Q,walk,measured_ref_road,20,-0.0534594
gainesville:6KnaArlg4nGEGAGNkIw9NA,sidewalk,measured,1481,-0.0185485
gainesville:6KnaArlg4nGEGAGNkIw9NA,sidewalk,with_standins,1500,-0.0184162
gainesville:6KnaArlg4nGEGAGNkIw9NA,sidewalk,measured_ref_road,290,-0.00596412
gainesville:6KnaArlg4nGEGAGNkIw9NA,walk,measured,1463,-0.016964
gainesville:6KnaArlg4nGEGAGNkIw9NA,walk,with_standins,1500,-0.0166702
gainesville:6KnaArlg4nGEGAGNkIw9NA,walk,measured_ref_road,384,-0.00504199
gainesville:6KnaArlg4nGEGAGNkIw9NA,road,measured,1470,-0.00669753
gainesville:6KnaArlg4nGEGAGNkIw9NA,road,with_standins,1500,-0.00652946
gainesville:6KnaArlg4nGEGAGNkIw9NA,road,measured_ref_road,610,0.0303646
gainesville:6mZXrVGoxQ2H1k8Jx2OZHA,sidewalk,measured,745,-0.0720533
gainesville:6mZXrVGoxQ2H1k8Jx2OZHA,sidewalk,with_standins,845,-0.0740827
gainesville:6mZXrVGoxQ2H1k8Jx2OZHA,sidewalk,measured_ref_road,745,-0.0720533
gainesville:6mZXrVGoxQ2H1k8Jx2OZHA,walk,measured,1139,-0.0709548
gainesville:6mZXrVGoxQ2H1k8Jx2OZHA,walk,with_standins,1341,-0.0740636
gainesville:6mZXrVGoxQ2H1k8Jx2OZHA,walk,measured_ref_road,1128,-0.0711577
gainesville:6mZXrVGoxQ2H1k8Jx2OZHA,road,measured,1434,-0.0514806
gainesville:6mZXrVGoxQ2H1k8Jx2OZHA,road,with_standins,1500,-0.0520849
gainesville:6mZXrVGoxQ2H1k8Jx2OZHA,road,measured_ref_road,1378,-0.0519897
gainesville:7U40JKd7HiOpFrTHa0-yQQ,road,measured,1500,-0.0419584
gainesville:7U40JKd7HiOpFrTHa0-yQQ,road,with_standins,1500,-0.0419584
gainesville:7U40JKd7HiOpFrTHa0-yQQ,road,measured_ref_road,519,-0.0126305
gainesville:7dme7qsPcOTglSlmpGp9Rw,walk,measured,289,-0.00619184
gainesville:7dme7qsPcOTglSlmpGp9Rw,walk,with_standins,518,0.0350003
gainesville:7dme7qsPcOTglSlmpGp9Rw,walk,measured_ref_road,273,-0.00587334
gainesville:7dme7qsPcOTglSlmpGp9Rw,road,measured,692,0.0802616
gainesville:7dme7qsPcOTglSlmpGp9Rw,road,with_standins,1500,0.0757202
gainesville:7dme7qsPcOTglSlmpGp9Rw,road,measured_ref_road,686,0.0805163
gainesville:82y6sIvPm-_shG58klusgw,sidewalk,measured,806,-0.0103117
gainesville:82y6sIvPm-_shG58klusgw,sidewalk,with_standins,806,-0.0103117
gainesville:82y6sIvPm-_shG58klusgw,sidewalk,measured_ref_road,181,-0.126768
gainesville:82y6sIvPm-_shG58klusgw,walk,measured,1009,-0.0118409
gainesville:82y6sIvPm-_shG58klusgw,walk,with_standins,1009,-0.0118409
gainesville:82y6sIvPm-_shG58klusgw,walk,measured_ref_road,338,-0.0884165
gainesville:82y6sIvPm-_shG58klusgw,road,measured,1482,-0.0238759
gainesville:82y6sIvPm-_shG58klusgw,road,with_standins,1500,-0.0230319
gainesville:82y6sIvPm-_shG58klusgw,road,measured_ref_road,1379,-0.0280276
gainesville:89lilp2BlhppxL-oQ0gLNg,sidewalk,measured,471,0.049671
gainesville:89lilp2BlhppxL-oQ0gLNg,sidewalk,with_standins,471,0.049671
gainesville:89lilp2BlhppxL-oQ0gLNg,sidewalk,measured_ref_road,226,0.122595
gainesville:89lilp2BlhppxL-oQ0gLNg,walk,measured,1116,0.0398313
gainesville:89lilp2BlhppxL-oQ0gLNg,walk,with_standins,1116,0.0398313
gainesville:89lilp2BlhppxL-oQ0gLNg,walk,measured_ref_road,817,0.0574183
gainesville:89lilp2BlhppxL-oQ0gLNg,road,measured,1500,0.0386169
gainesville:89lilp2BlhppxL-oQ0gLNg,road,with_standins,1500,0.0386169
gainesville:89lilp2BlhppxL-oQ0gLNg,road,measured_ref_road,1422,0.0382144
gainesville:8FPxXspDHn_FNxmQkr0j-g,sidewalk,measured,240,0.0352513
gainesville:8FPxXspDHn_FNxmQkr0j-g,sidewalk,with_standins,240,0.0352513
gainesville:8FPxXspDHn_FNxmQkr0j-g,sidewalk,measured_ref_road,55,0.040827
gainesville:8FPxXspDHn_FNxmQkr0j-g,walk,measured,240,0.0352513
gainesville:8FPxXspDHn_FNxmQkr0j-g,walk,with_standins,240,0.0352513
gainesville:8FPxXspDHn_FNxmQkr0j-g,walk,measured_ref_road,55,0.040827
gainesville:8FPxXspDHn_FNxmQkr0j-g,road,measured,1500,0.00718548
gainesville:8FPxXspDHn_FNxmQkr0j-g,road,with_standins,1500,0.00718548
gainesville:8FPxXspDHn_FNxmQkr0j-g,road,measured_ref_road,1500,0.00718548
gainesville:9D-oOS00uSg18nvfm8t9zQ,sidewalk,measured,1445,0.0247861
gainesville:9D-oOS00uSg18nvfm8t9zQ,sidewalk,with_standins,1500,0.025932
gainesville:9D-oOS00uSg18nvfm8t9zQ,sidewalk,measured_ref_road,873,0.0302054
gainesville:9D-oOS00uSg18nvfm8t9zQ,walk,measured,1451,0.0244756
gainesville:9D-oOS00uSg18nvfm8t9zQ,walk,with_standins,1500,0.0254317
gainesville:9D-oOS00uSg18nvfm8t9zQ,walk,measured_ref_road,949,0.0268686
gainesville:9D-oOS00uSg18nvfm8t9zQ,road,measured,1500,0.00768849
gainesville:9D-oOS00uSg18nvfm8t9zQ,road,with_standins,1500,0.00768849
gainesville:9D-oOS00uSg18nvfm8t9zQ,road,measured_ref_road,1493,0.00769318
gainesville:9QF3VpTsXpZei70YvA-H6w,sidewalk,measured,1303,0.0662358
gainesville:9QF3VpTsXpZei70YvA-H6w,sidewalk,with_standins,1303,0.0662358
gainesville:9QF3VpTsXpZei70YvA-H6w,sidewalk,measured_ref_road,837,0.0725917
gainesville:9QF3VpTsXpZei70YvA-H6w,walk,measured,1500,0.0610181
gainesville:9QF3VpTsXpZei70YvA-H6w,walk,with_standins,1500,0.0610181
gainesville:9QF3VpTsXpZei70YvA-H6w,walk,measured_ref_road,1082,0.0664051
gainesville:9QF3VpTsXpZei70YvA-H6w,road,measured,1500,0.0141636
gainesville:9QF3VpTsXpZei70YvA-H6w,road,with_standins,1500,0.0141636
gainesville:9QF3VpTsXpZei70YvA-H6w,road,measured_ref_road,1500,0.0141636
gainesville:9tS6faHm3jFdOth84XlbEQ,sidewalk,measured,715,0.0729858
gainesville:9tS6faHm3jFdOth84XlbEQ,sidewalk,with_standins,715,0.0729858
gainesville:9tS6faHm3jFdOth84XlbEQ,sidewalk,measured_ref_road,575,0.0801166
gainesville:9tS6faHm3jFdOth84XlbEQ,walk,measured,1179,0.0671155
gainesville:9tS6faHm3jFdOth84XlbEQ,walk,with_standins,1179,0.0671155
gainesville:9tS6faHm3jFdOth84XlbEQ,walk,measured_ref_road,1019,0.0707813
gainesville:9tS6faHm3jFdOth84XlbEQ,road,measured,1084,0.0296012
gainesville:9tS6faHm3jFdOth84XlbEQ,road,with_standins,1084,0.0296012
gainesville:9tS6faHm3jFdOth84XlbEQ,road,measured_ref_road,1084,0.0296012
gainesville:A44roYJy6tdzAK9yLNS_qQ,sidewalk,measured,656,0.00995819
gainesville:A44roYJy6tdzAK9yLNS_qQ,sidewalk,with_standins,657,0.00985738
gainesville:A44roYJy6tdzAK9yLNS_qQ,sidewalk,measured_ref_road,159,0.065021
gainesville:A44roYJy6tdzAK9yLNS_qQ,walk,measured,776,0.012643
gainesville:A44roYJy6tdzAK9yLNS_qQ,walk,with_standins,777,0.0124485
gainesville:A44roYJy6tdzAK9yLNS_qQ,walk,measured_ref_road,269,0.0518797
gainesville:A44roYJy6tdzAK9yLNS_qQ,road,measured,1077,0.00394725
gainesville:A44roYJy6tdzAK9yLNS_qQ,road,with_standins,1077,0.00394725
gainesville:A44roYJy6tdzAK9yLNS_qQ,road,measured_ref_road,1008,0.0012125
gainesville:BtYzecFoq3-H5qaGzBh4iw,sidewalk,measured,1372,0.000299123
gainesville:BtYzecFoq3-H5qaGzBh4iw,sidewalk,with_standins,1424,0.00451472
gainesville:BtYzecFoq3-H5qaGzBh4iw,sidewalk,measured_ref_road,301,0.0247005
gainesville:BtYzecFoq3-H5qaGzBh4iw,walk,measured,1310,-0.00273043
gainesville:BtYzecFoq3-H5qaGzBh4iw,walk,with_standins,1374,-0.00134198
gainesville:BtYzecFoq3-H5qaGzBh4iw,walk,measured_ref_road,647,-0.00127332
gainesville:BtYzecFoq3-H5qaGzBh4iw,road,measured,1087,-0.0263903
gainesville:BtYzecFoq3-H5qaGzBh4iw,road,with_standins,1100,-0.0263843
gainesville:BtYzecFoq3-H5qaGzBh4iw,road,measured_ref_road,1024,-0.0265162
gainesville:BzXolOMX-XSEGwyXQpIsrA,sidewalk,measured,1493,-0.034533
gainesville:BzXolOMX-XSEGwyXQpIsrA,sidewalk,with_standins,1500,-0.0341337
gainesville:BzXolOMX-XSEGwyXQpIsrA,sidewalk,measured_ref_road,365,0.0747828
gainesville:BzXolOMX-XSEGwyXQpIsrA,walk,measured,1496,-0.0290563
gainesville:BzXolOMX-XSEGwyXQpIsrA,walk,with_standins,1500,-0.0286132
gainesville:BzXolOMX-XSEGwyXQpIsrA,walk,measured_ref_road,436,0.070997
gainesville:BzXolOMX-XSEGwyXQpIsrA,road,measured,1500,-0.0101533
gainesville:BzXolOMX-XSEGwyXQpIsrA,road,with_standins,1500,-0.0101533
gainesville:BzXolOMX-XSEGwyXQpIsrA,road,measured_ref_road,1429,-0.00898316
gainesville:CaClPAIWuWDFsoftxxmRig,sidewalk,measured,996,0.149164
gainesville:CaClPAIWuWDFsoftxxmRig,sidewalk,with_standins,996,0.149164
gainesville:CaClPAIWuWDFsoftxxmRig,sidewalk,measured_ref_road,700,0.196984
gainesville:CaClPAIWuWDFsoftxxmRig,walk,measured,1499,0.0962388
gainesville:CaClPAIWuWDFsoftxxmRig,walk,with_standins,1500,0.0962521
gainesville:CaClPAIWuWDFsoftxxmRig,walk,measured_ref_road,1139,0.120319
gainesville:CaClPAIWuWDFsoftxxmRig,road,measured,1498,0.0190638
gainesville:CaClPAIWuWDFsoftxxmRig,road,with_standins,1500,0.0190638
gainesville:CaClPAIWuWDFsoftxxmRig,road,measured_ref_road,1391,0.0207559
gainesville:CabndIEXzzs5FAENnrsEug,sidewalk,measured,395,0.0642808
gainesville:CabndIEXzzs5FAENnrsEug,sidewalk,with_standins,509,0.0704669
gainesville:CabndIEXzzs5FAENnrsEug,sidewalk,measured_ref_road,341,0.0681925
gainesville:CabndIEXzzs5FAENnrsEug,walk,measured,776,0.0550258
gainesville:CabndIEXzzs5FAENnrsEug,walk,with_standins,1014,0.0617693
gainesville:CabndIEXzzs5FAENnrsEug,walk,measured_ref_road,716,0.0573266
gainesville:CabndIEXzzs5FAENnrsEug,road,measured,1170,0.0116417
gainesville:CabndIEXzzs5FAENnrsEug,road,with_standins,1500,0.0149712
gainesville:CabndIEXzzs5FAENnrsEug,road,measured_ref_road,1170,0.0116417
gainesville:D5NlzcW2s95DlOUPY0cVAw,walk,measured,43,0.142334
gainesville:D5NlzcW2s95DlOUPY0cVAw,walk,with_standins,43,0.142334
gainesville:D5NlzcW2s95DlOUPY0cVAw,walk,measured_ref_road,41,0.14723
gainesville:D5NlzcW2s95DlOUPY0cVAw,road,measured,490,-0.0189861
gainesville:D5NlzcW2s95DlOUPY0cVAw,road,with_standins,499,-0.0183916
gainesville:D5NlzcW2s95DlOUPY0cVAw,road,measured_ref_road,393,-0.0172828
gainesville:DXKg24FIKMrGUX6ilHn5Ew,sidewalk,measured,795,-0.0822943
gainesville:DXKg24FIKMrGUX6ilHn5Ew,sidewalk,with_standins,795,-0.0822943
gainesville:DXKg24FIKMrGUX6ilHn5Ew,sidewalk,measured_ref_road,661,-0.112362
gainesville:DXKg24FIKMrGUX6ilHn5Ew,walk,measured,1432,-0.0582242
gainesville:DXKg24FIKMrGUX6ilHn5Ew,walk,with_standins,1432,-0.0582242
gainesville:DXKg24FIKMrGUX6ilHn5Ew,walk,measured_ref_road,1254,-0.079766
gainesville:DXKg24FIKMrGUX6ilHn5Ew,road,measured,1500,0.0306996
gainesville:DXKg24FIKMrGUX6ilHn5Ew,road,with_standins,1500,0.0306996
gainesville:DXKg24FIKMrGUX6ilHn5Ew,road,measured_ref_road,1477,0.0309137
gainesville:E2YAOGNgsJYuHjnUBvnjFg,walk,measured,20,-0.0682188
gainesville:E2YAOGNgsJYuHjnUBvnjFg,walk,with_standins,20,-0.0682188
gainesville:E2YAOGNgsJYuHjnUBvnjFg,road,measured,1500,-0.0226242
gainesville:E2YAOGNgsJYuHjnUBvnjFg,road,with_standins,1500,-0.0226242
gainesville:E2YAOGNgsJYuHjnUBvnjFg,road,measured_ref_road,1482,-0.0224898
gainesville:EhBhDcmWUDV5CaBKoAqi0A,sidewalk,measured,1408,0.149162
gainesville:EhBhDcmWUDV5CaBKoAqi0A,sidewalk,with_standins,1500,0.150325
gainesville:EhBhDcmWUDV5CaBKoAqi0A,sidewalk,measured_ref_road,931,0.204857
gainesville:EhBhDcmWUDV5CaBKoAqi0A,walk,measured,1379,0.122786
gainesville:EhBhDcmWUDV5CaBKoAqi0A,walk,with_standins,1500,0.127541
gainesville:EhBhDcmWUDV5CaBKoAqi0A,walk,measured_ref_road,885,0.157359
gainesville:EhBhDcmWUDV5CaBKoAqi0A,road,measured,1400,-0.0343391
gainesville:EhBhDcmWUDV5CaBKoAqi0A,road,with_standins,1500,-0.0299588
gainesville:EhBhDcmWUDV5CaBKoAqi0A,road,measured_ref_road,873,-0.0207088
gainesville:FZOcjvm34N_9JGZyXQf7dg,sidewalk,measured,153,0.0412303
gainesville:FZOcjvm34N_9JGZyXQf7dg,sidewalk,with_standins,160,0.0438265
gainesville:FZOcjvm34N_9JGZyXQf7dg,sidewalk,measured_ref_road,137,0.0467038
gainesville:FZOcjvm34N_9JGZyXQf7dg,walk,measured,195,0.034225
gainesville:FZOcjvm34N_9JGZyXQf7dg,walk,with_standins,206,0.038196
gainesville:FZOcjvm34N_9JGZyXQf7dg,walk,measured_ref_road,175,0.0407091
gainesville:FZOcjvm34N_9JGZyXQf7dg,road,measured,1320,-0.0101603
gainesville:FZOcjvm34N_9JGZyXQf7dg,road,with_standins,1500,-0.00796941
gainesville:FZOcjvm34N_9JGZyXQf7dg,road,measured_ref_road,752,-0.00629701
gainesville:G7ttNgjW4KU9LJVeD1Ivdg,sidewalk,measured,224,0.0386485
gainesville:G7ttNgjW4KU9LJVeD1Ivdg,sidewalk,with_standins,224,0.0386485
gainesville:G7ttNgjW4KU9LJVeD1Ivdg,sidewalk,measured_ref_road,89,-0.0902739
gainesville:G7ttNgjW4KU9LJVeD1Ivdg,walk,measured,895,0.00121038
gainesville:G7ttNgjW4KU9LJVeD1Ivdg,walk,with_standins,895,0.00121038
gainesville:G7ttNgjW4KU9LJVeD1Ivdg,walk,measured_ref_road,732,-0.0356994
gainesville:G7ttNgjW4KU9LJVeD1Ivdg,road,measured,1500,-0.00965377
gainesville:G7ttNgjW4KU9LJVeD1Ivdg,road,with_standins,1500,-0.00965377
gainesville:G7ttNgjW4KU9LJVeD1Ivdg,road,measured_ref_road,1476,-0.00997575
gainesville:GJ9IMVsb4ULLwoTYEUCZtA,sidewalk,measured,1500,-0.00532088
gainesville:GJ9IMVsb4ULLwoTYEUCZtA,sidewalk,with_standins,1500,-0.00532088
gainesville:GJ9IMVsb4ULLwoTYEUCZtA,sidewalk,measured_ref_road,341,-0.00564861
gainesville:GJ9IMVsb4ULLwoTYEUCZtA,walk,measured,1500,-0.00561622
gainesville:GJ9IMVsb4ULLwoTYEUCZtA,walk,with_standins,1500,-0.00561622
gainesville:GJ9IMVsb4ULLwoTYEUCZtA,walk,measured_ref_road,339,-0.0058467
gainesville:GJ9IMVsb4ULLwoTYEUCZtA,road,measured,1500,0.0022917
gainesville:GJ9IMVsb4ULLwoTYEUCZtA,road,with_standins,1500,0.0022917
gainesville:GJ9IMVsb4ULLwoTYEUCZtA,road,measured_ref_road,1048,0.00508883
gainesville:GRTC3zOCFSc8QMIrAtwtzw,sidewalk,measured,1459,0.0134364
gainesville:GRTC3zOCFSc8QMIrAtwtzw,sidewalk,with_standins,1500,0.0136955
gainesville:GRTC3zOCFSc8QMIrAtwtzw,sidewalk,measured_ref_road,474,0.0165702
gainesville:GRTC3zOCFSc8QMIrAtwtzw,walk,measured,1316,0.0128304
gainesville:GRTC3zOCFSc8QMIrAtwtzw,walk,with_standins,1500,0.015111
gainesville:GRTC3zOCFSc8QMIrAtwtzw,walk,measured_ref_road,519,0.0137443
gainesville:GRTC3zOCFSc8QMIrAtwtzw,road,measured,1373,-0.00576781
gainesville:GRTC3zOCFSc8QMIrAtwtzw,road,with_standins,1500,-0.00368148
gainesville:GRTC3zOCFSc8QMIrAtwtzw,road,measured_ref_road,1180,-0.00722433
gainesville:GhbzPi4bva0g3AlMDcioOg,sidewalk,measured,127,0.0137103
gainesville:GhbzPi4bva0g3AlMDcioOg,sidewalk,with_standins,186,0.0191043
gainesville:GhbzPi4bva0g3AlMDcioOg,sidewalk,measured_ref_road,20,-0.1322
gainesville:GhbzPi4bva0g3AlMDcioOg,walk,measured,143,0.0122208
gainesville:GhbzPi4bva0g3AlMDcioOg,walk,with_standins,204,0.0179108
gainesville:GhbzPi4bva0g3AlMDcioOg,walk,measured_ref_road,36,-0.00219437
gainesville:GhbzPi4bva0g3AlMDcioOg,road,measured,1461,-0.0391836
gainesville:GhbzPi4bva0g3AlMDcioOg,road,with_standins,1500,-0.0378105
gainesville:GhbzPi4bva0g3AlMDcioOg,road,measured_ref_road,1451,-0.0392543
gainesville:HLLOIKVLXvOkBCREUvcBzg,sidewalk,measured,1500,-0.0474774
gainesville:HLLOIKVLXvOkBCREUvcBzg,sidewalk,with_standins,1500,-0.0474774
gainesville:HLLOIKVLXvOkBCREUvcBzg,sidewalk,measured_ref_road,905,0.241366
gainesville:HLLOIKVLXvOkBCREUvcBzg,walk,measured,1490,-0.0405869
gainesville:HLLOIKVLXvOkBCREUvcBzg,walk,with_standins,1500,-0.0404369
gainesville:HLLOIKVLXvOkBCREUvcBzg,walk,measured_ref_road,951,0.213037
gainesville:HLLOIKVLXvOkBCREUvcBzg,road,measured,1493,0.0502148
gainesville:HLLOIKVLXvOkBCREUvcBzg,road,with_standins,1500,0.0504383
gainesville:HLLOIKVLXvOkBCREUvcBzg,road,measured_ref_road,1486,0.0507414
gainesville:HoOapW5g53qbEFjLA7yv3Q,sidewalk,measured,170,0.0443245
gainesville:HoOapW5g53qbEFjLA7yv3Q,sidewalk,with_standins,232,0.0579176
gainesville:HoOapW5g53qbEFjLA7yv3Q,sidewalk,measured_ref_road,59,0.138604
gainesville:HoOapW5g53qbEFjLA7yv3Q,walk,measured,248,0.0387884
gainesville:HoOapW5g53qbEFjLA7yv3Q,walk,with_standins,312,0.0499495
gainesville:HoOapW5g53qbEFjLA7yv3Q,walk,measured_ref_road,110,0.107573
gainesville:HoOapW5g53qbEFjLA7yv3Q,road,measured,183,0.0144363
gainesville:HoOapW5g53qbEFjLA7yv3Q,road,with_standins,227,0.0196212
gainesville:HoOapW5g53qbEFjLA7yv3Q,road,measured_ref_road,97,0.0228391
gainesville:ICUoYVV_dXvc9W3ge2PnWg,sidewalk,measured,1089,0.0357665
gainesville:ICUoYVV_dXvc9W3ge2PnWg,sidewalk,with_standins,1095,0.0355728
gainesville:ICUoYVV_dXvc9W3ge2PnWg,sidewalk,measured_ref_road,455,0.0142408
gainesville:ICUoYVV_dXvc9W3ge2PnWg,walk,measured,1499,0.0506378
gainesville:ICUoYVV_dXvc9W3ge2PnWg,walk,with_standins,1500,0.0506136
gainesville:ICUoYVV_dXvc9W3ge2PnWg,walk,measured_ref_road,1027,0.0682724
gainesville:ICUoYVV_dXvc9W3ge2PnWg,road,measured,1487,0.0140933
gainesville:ICUoYVV_dXvc9W3ge2PnWg,road,with_standins,1500,0.0141926
gainesville:ICUoYVV_dXvc9W3ge2PnWg,road,measured_ref_road,1434,0.014401
gainesville:Idfm_UDnRFcD78ZVeNnhVg,sidewalk,measured,1120,-0.00841491
gainesville:Idfm_UDnRFcD78ZVeNnhVg,sidewalk,with_standins,1120,-0.00841491
gainesville:Idfm_UDnRFcD78ZVeNnhVg,sidewalk,measured_ref_road,157,-0.0154867
gainesville:Idfm_UDnRFcD78ZVeNnhVg,walk,measured,1426,-0.00667942
gainesville:Idfm_UDnRFcD78ZVeNnhVg,walk,with_standins,1426,-0.00667942
gainesville:Idfm_UDnRFcD78ZVeNnhVg,walk,measured_ref_road,340,-0.00678201
gainesville:Idfm_UDnRFcD78ZVeNnhVg,road,measured,1499,0.0611434
gainesville:Idfm_UDnRFcD78ZVeNnhVg,road,with_standins,1500,0.0612107
gainesville:Idfm_UDnRFcD78ZVeNnhVg,road,measured_ref_road,1467,0.0661173
gainesville:JlYp0BtvGCVeIqBady7pGg,sidewalk,measured,107,0.0152118
gainesville:JlYp0BtvGCVeIqBady7pGg,sidewalk,with_standins,137,0.0169492
gainesville:JlYp0BtvGCVeIqBady7pGg,sidewalk,measured_ref_road,25,0.0599835
gainesville:JlYp0BtvGCVeIqBady7pGg,walk,measured,129,0.00967176
gainesville:JlYp0BtvGCVeIqBady7pGg,walk,with_standins,159,0.0143307
gainesville:JlYp0BtvGCVeIqBady7pGg,walk,measured_ref_road,38,0.0541196
gainesville:JlYp0BtvGCVeIqBady7pGg,road,measured,1141,-0.016176
gainesville:JlYp0BtvGCVeIqBady7pGg,road,with_standins,1141,-0.016176
gainesville:JlYp0BtvGCVeIqBady7pGg,road,measured_ref_road,688,-0.0104784
gainesville:K732QTWoB9RZwrfSmw7RYA,sidewalk,measured,1279,0.0399398
gainesville:K732QTWoB9RZwrfSmw7RYA,sidewalk,with_standins,1279,0.0399398
gainesville:K732QTWoB9RZwrfSmw7RYA,sidewalk,measured_ref_road,999,0.0428832
gainesville:K732QTWoB9RZwrfSmw7RYA,walk,measured,1500,0.0196809
gainesville:K732QTWoB9RZwrfSmw7RYA,walk,with_standins,1500,0.0196809
gainesville:K732QTWoB9RZwrfSmw7RYA,walk,measured_ref_road,1288,0.0203038
gainesville:K732QTWoB9RZwrfSmw7RYA,road,measured,1500,-0.00180501
gainesville:K732QTWoB9RZwrfSmw7RYA,road,with_standins,1500,-0.00180501
gainesville:K732QTWoB9RZwrfSmw7RYA,road,measured_ref_road,1494,-0.00180501
gainesville:KEwb17BzIjKVur60MpItuA,sidewalk,measured,260,0.0308196
gainesville:KEwb17BzIjKVur60MpItuA,sidewalk,with_standins,302,0.0320592
gainesville:KEwb17BzIjKVur60MpItuA,sidewalk,measured_ref_road,162,0.034687
gainesville:KEwb17BzIjKVur60MpItuA,walk,measured,890,0.0441101
gainesville:KEwb17BzIjKVur60MpItuA,walk,with_standins,932,0.0441101
gainesville:KEwb17BzIjKVur60MpItuA,walk,measured_ref_road,642,0.0583255
gainesville:KEwb17BzIjKVur60MpItuA,road,measured,1485,0.0630357
gainesville:KEwb17BzIjKVur60MpItuA,road,with_standins,1500,0.0628696
gainesville:KEwb17BzIjKVur60MpItuA,road,measured_ref_road,1298,0.0630674
gainesville:KbZFzQai9wfXijoQDscWFw,sidewalk,measured,690,0.0100669
gainesville:KbZFzQai9wfXijoQDscWFw,sidewalk,with_standins,690,0.0100669
gainesville:KbZFzQai9wfXijoQDscWFw,sidewalk,measured_ref_road,281,0.0227986
gainesville:KbZFzQai9wfXijoQDscWFw,walk,measured,893,0.0108225
gainesville:KbZFzQai9wfXijoQDscWFw,walk,with_standins,893,0.0108225
gainesville:KbZFzQai9wfXijoQDscWFw,walk,measured_ref_road,461,0.0191892
gainesville:KbZFzQai9wfXijoQDscWFw,road,measured,1500,0.00450203
gainesville:KbZFzQai9wfXijoQDscWFw,road,with_standins,1500,0.00450203
gainesville:KbZFzQai9wfXijoQDscWFw,road,measured_ref_road,1480,0.00447952
gainesville:KqZzM0v2PbaoxQmq6wk3Xw,sidewalk,measured,598,0.000187394
gainesville:KqZzM0v2PbaoxQmq6wk3Xw,sidewalk,with_standins,598,0.000187394
gainesville:KqZzM0v2PbaoxQmq6wk3Xw,sidewalk,measured_ref_road,342,0.0145927
gainesville:KqZzM0v2PbaoxQmq6wk3Xw,walk,measured,832,-0.00551791
gainesville:KqZzM0v2PbaoxQmq6wk3Xw,walk,with_standins,832,-0.00551791
gainesville:KqZzM0v2PbaoxQmq6wk3Xw,walk,measured_ref_road,530,0.00483405
gainesville:KqZzM0v2PbaoxQmq6wk3Xw,road,measured,1500,-0.0303823
gainesville:KqZzM0v2PbaoxQmq6wk3Xw,road,with_standins,1500,-0.0303823
gainesville:KqZzM0v2PbaoxQmq6wk3Xw,road,measured_ref_road,1484,-0.0304359
gainesville:LDICnJgAhCSszYwolm8JRA,sidewalk,measured,1500,0.00784259
gainesville:LDICnJgAhCSszYwolm8JRA,sidewalk,with_standins,1500,0.00784259
gainesville:LDICnJgAhCSszYwolm8JRA,sidewalk,measured_ref_road,83,0.0696342
gainesville:LDICnJgAhCSszYwolm8JRA,walk,measured,1500,0.00897952
gainesville:LDICnJgAhCSszYwolm8JRA,walk,with_standins,1500,0.00897952
gainesville:LDICnJgAhCSszYwolm8JRA,walk,measured_ref_road,219,0.0383428
gainesville:LDICnJgAhCSszYwolm8JRA,road,measured,1500,0.00841911
gainesville:LDICnJgAhCSszYwolm8JRA,road,with_standins,1500,0.00841911
gainesville:LDICnJgAhCSszYwolm8JRA,road,measured_ref_road,1488,0.00829854
gainesville:LEM6UenW5sPkdj5aaW4thw,road,measured,373,-0.00855681
gainesville:LEM6UenW5sPkdj5aaW4thw,road,with_standins,388,-0.00698684
gainesville:LEM6UenW5sPkdj5aaW4thw,road,measured_ref_road,372,-0.00851658
gainesville:LLc383eAyneHduBTInH9nw,sidewalk,measured,271,0.216151
gainesville:LLc383eAyneHduBTInH9nw,sidewalk,with_standins,271,0.216151
gainesville:LLc383eAyneHduBTInH9nw,sidewalk,measured_ref_road,210,0.269548
gainesville:LLc383eAyneHduBTInH9nw,walk,measured,707,0.0985121
gainesville:LLc383eAyneHduBTInH9nw,walk,with_standins,707,0.0985121
gainesville:LLc383eAyneHduBTInH9nw,walk,measured_ref_road,631,0.106334
gainesville:LLc383eAyneHduBTInH9nw,road,measured,1500,-0.0120984
gainesville:LLc383eAyneHduBTInH9nw,road,with_standins,1500,-0.0120984
gainesville:LLc383eAyneHduBTInH9nw,road,measured_ref_road,1500,-0.0120984
gainesville:MTDJakccuk6hQfnZ3QEjxQ,sidewalk,measured,1033,-0.05375
gainesville:MTDJakccuk6hQfnZ3QEjxQ,sidewalk,with_standins,1033,-0.05375
gainesville:MTDJakccuk6hQfnZ3QEjxQ,sidewalk,measured_ref_road,891,-0.0555592
gainesville:MTDJakccuk6hQfnZ3QEjxQ,walk,measured,1500,-0.0425406
gainesville:MTDJakccuk6hQfnZ3QEjxQ,walk,with_standins,1500,-0.0425406
gainesville:MTDJakccuk6hQfnZ3QEjxQ,walk,measured_ref_road,1363,-0.0431018
gainesville:MTDJakccuk6hQfnZ3QEjxQ,road,measured,1500,-0.0143703
gainesville:MTDJakccuk6hQfnZ3QEjxQ,road,with_standins,1500,-0.0143703
gainesville:MTDJakccuk6hQfnZ3QEjxQ,road,measured_ref_road,1250,-0.0118463
gainesville:MVFGRGfew07C0mMkeXxhCA,walk,measured,531,0.0123203
gainesville:MVFGRGfew07C0mMkeXxhCA,walk,with_standins,531,0.0123203
gainesville:MVFGRGfew07C0mMkeXxhCA,walk,measured_ref_road,525,0.0123186
gainesville:MVFGRGfew07C0mMkeXxhCA,road,measured,1500,0.0051163
gainesville:MVFGRGfew07C0mMkeXxhCA,road,with_standins,1500,0.0051163
gainesville:MVFGRGfew07C0mMkeXxhCA,road,measured_ref_road,1495,0.00513147
gainesville:Mg3-OQnBkIqnfi4qnO5KbQ,road,measured,313,-0.00976274
gainesville:Mg3-OQnBkIqnfi4qnO5KbQ,road,with_standins,313,-0.00976274
gainesville:Mg3-OQnBkIqnfi4qnO5KbQ,road,measured_ref_road,282,-0.00929693
gainesville:Mm5gyUYqmJmjeGopC1IgKg,sidewalk,measured,807,0.0325934
gainesville:Mm5gyUYqmJmjeGopC1IgKg,sidewalk,with_standins,807,0.0325934
gainesville:Mm5gyUYqmJmjeGopC1IgKg,sidewalk,measured_ref_road,165,0.090105
gainesville:Mm5gyUYqmJmjeGopC1IgKg,walk,measured,983,0.0283605
gainesville:Mm5gyUYqmJmjeGopC1IgKg,walk,with_standins,983,0.0283605
gainesville:Mm5gyUYqmJmjeGopC1IgKg,walk,measured_ref_road,317,-0.00426112
gainesville:Mm5gyUYqmJmjeGopC1IgKg,road,measured,1500,-0.00520412
gainesville:Mm5gyUYqmJmjeGopC1IgKg,road,with_standins,1500,-0.00520412
gainesville:Mm5gyUYqmJmjeGopC1IgKg,road,measured_ref_road,1441,-0.00488292
gainesville:PSS2iz32Sj0nE2ILJ6i8rA,sidewalk,measured,324,-0.120415
gainesville:PSS2iz32Sj0nE2ILJ6i8rA,sidewalk,with_standins,407,-0.114199
gainesville:PSS2iz32Sj0nE2ILJ6i8rA,sidewalk,measured_ref_road,242,-0.128394
gainesville:PSS2iz32Sj0nE2ILJ6i8rA,walk,measured,1422,-0.0778293
gainesville:PSS2iz32Sj0nE2ILJ6i8rA,walk,with_standins,1500,-0.0761493
gainesville:PSS2iz32Sj0nE2ILJ6i8rA,walk,measured_ref_road,1257,-0.081529
gainesville:PSS2iz32Sj0nE2ILJ6i8rA,road,measured,1494,0.0474774
gainesville:PSS2iz32Sj0nE2ILJ6i8rA,road,with_standins,1500,0.0474497
gainesville:PSS2iz32Sj0nE2ILJ6i8rA,road,measured_ref_road,1487,0.047858
gainesville:P_bUUx5CIFcylFd9UAZRug,sidewalk,measured,946,0.129551
gainesville:P_bUUx5CIFcylFd9UAZRug,sidewalk,with_standins,1012,0.129458
gainesville:P_bUUx5CIFcylFd9UAZRug,sidewalk,measured_ref_road,64,0.0761446
gainesville:P_bUUx5CIFcylFd9UAZRug,walk,measured,1387,0.0916293
gainesville:P_bUUx5CIFcylFd9UAZRug,walk,with_standins,1500,0.0916108
gainesville:P_bUUx5CIFcylFd9UAZRug,walk,measured_ref_road,401,0.0635143
gainesville:P_bUUx5CIFcylFd9UAZRug,road,measured,1080,0.065194
gainesville:P_bUUx5CIFcylFd9UAZRug,road,with_standins,1500,0.0674204
gainesville:P_bUUx5CIFcylFd9UAZRug,road,measured_ref_road,1031,0.0662831
gainesville:SxMVl_DRQndQkQAvu9a01Q,sidewalk,measured,1164,0.0749226
gainesville:SxMVl_DRQndQkQAvu9a01Q,sidewalk,with_standins,1164,0.0749226
gainesville:SxMVl_DRQndQkQAvu9a01Q,sidewalk,measured_ref_road,673,0.0819754
gainesville:SxMVl_DRQndQkQAvu9a01Q,walk,measured,1500,0.0718743
gainesville:SxMVl_DRQndQkQAvu9a01Q,walk,with_standins,1500,0.0718743
gainesville:SxMVl_DRQndQkQAvu9a01Q,walk,measured_ref_road,1049,0.0753664
gainesville:SxMVl_DRQndQkQAvu9a01Q,road,measured,1500,0.018527
gainesville:SxMVl_DRQndQkQAvu9a01Q,road,with_standins,1500,0.018527
gainesville:SxMVl_DRQndQkQAvu9a01Q,road,measured_ref_road,1500,0.018527
gainesville:TsU9TS4hpMHXVwv-YIrvCQ,sidewalk,measured,1500,-0.0113149
gainesville:TsU9TS4hpMHXVwv-YIrvCQ,sidewalk,with_standins,1500,-0.0113149
gainesville:TsU9TS4hpMHXVwv-YIrvCQ,sidewalk,measured_ref_road,35,-0.0458542
gainesville:TsU9TS4hpMHXVwv-YIrvCQ,walk,measured,1498,-0.0125146
gainesville:TsU9TS4hpMHXVwv-YIrvCQ,walk,with_standins,1500,-0.0125146
gainesville:TsU9TS4hpMHXVwv-YIrvCQ,walk,measured_ref_road,49,-0.026943
gainesville:TsU9TS4hpMHXVwv-YIrvCQ,road,measured,1500,-0.0194247
gainesville:TsU9TS4hpMHXVwv-YIrvCQ,road,with_standins,1500,-0.0194247
gainesville:TsU9TS4hpMHXVwv-YIrvCQ,road,measured_ref_road,877,-0.00838982
gainesville:UPTPPrW6iUFocod220aq8g,sidewalk,measured,226,0.0364802
gainesville:UPTPPrW6iUFocod220aq8g,sidewalk,with_standins,281,0.0338675
gainesville:UPTPPrW6iUFocod220aq8g,sidewalk,measured_ref_road,118,0.0479836
gainesville:UPTPPrW6iUFocod220aq8g,walk,measured,355,0.0345538
gainesville:UPTPPrW6iUFocod220aq8g,walk,with_standins,418,0.0326283
gainesville:UPTPPrW6iUFocod220aq8g,walk,measured_ref_road,218,0.0394291
gainesville:UPTPPrW6iUFocod220aq8g,road,measured,1377,0.0172559
gainesville:UPTPPrW6iUFocod220aq8g,road,with_standins,1500,0.0188733
gainesville:UPTPPrW6iUFocod220aq8g,road,measured_ref_road,1377,0.0172559
gainesville:UrwK5NxGtb1p1lGv2EIgdg,sidewalk,measured,193,0.00224816
gainesville:UrwK5NxGtb1p1lGv2EIgdg,sidewalk,with_standins,193,0.00224816
gainesville:UrwK5NxGtb1p1lGv2EIgdg,walk,measured,198,0.00209161
gainesville:UrwK5NxGtb1p1lGv2EIgdg,walk,with_standins,198,0.00209161
gainesville:UrwK5NxGtb1p1lGv2EIgdg,road,measured,153,0.0874003
gainesville:UrwK5NxGtb1p1lGv2EIgdg,road,with_standins,153,0.0874003
gainesville:UrwK5NxGtb1p1lGv2EIgdg,road,measured_ref_road,132,0.0732546
gainesville:V1ze8IkgvM7tXueCGVfzbw,sidewalk,measured,1138,0.0624123
gainesville:V1ze8IkgvM7tXueCGVfzbw,sidewalk,with_standins,1138,0.0624123
gainesville:V1ze8IkgvM7tXueCGVfzbw,sidewalk,measured_ref_road,830,0.0723743
gainesville:V1ze8IkgvM7tXueCGVfzbw,walk,measured,1500,0.030492
gainesville:V1ze8IkgvM7tXueCGVfzbw,walk,with_standins,1500,0.030492
gainesville:V1ze8IkgvM7tXueCGVfzbw,walk,measured_ref_road,1228,0.0421006
gainesville:V1ze8IkgvM7tXueCGVfzbw,road,measured,1500,0.0113601
gainesville:V1ze8IkgvM7tXueCGVfzbw,road,with_standins,1500,0.0113601
gainesville:V1ze8IkgvM7tXueCGVfzbw,road,measured_ref_road,1498,0.0113601
gainesville:VYsAOBkJ-7hdoDBIOhr-nQ,sidewalk,measured,203,0.0308265
gainesville:VYsAOBkJ-7hdoDBIOhr-nQ,sidewalk,with_standins,274,0.0403207
gainesville:VYsAOBkJ-7hdoDBIOhr-nQ,sidewalk,measured_ref_road,65,0.0448269
gainesville:VYsAOBkJ-7hdoDBIOhr-nQ,walk,measured,805,0.0281883
gainesville:VYsAOBkJ-7hdoDBIOhr-nQ,walk,with_standins,878,0.0332885
gainesville:VYsAOBkJ-7hdoDBIOhr-nQ,walk,measured_ref_road,652,0.0334499
gainesville:VYsAOBkJ-7hdoDBIOhr-nQ,road,measured,1094,0.0733021
gainesville:VYsAOBkJ-7hdoDBIOhr-nQ,road,with_standins,1107,0.0734099
gainesville:VYsAOBkJ-7hdoDBIOhr-nQ,road,measured_ref_road,1094,0.0733021
gainesville:WVSHD61mDgZmv8fnzj3i6Q,sidewalk,measured,77,-0.0267751
gainesville:WVSHD61mDgZmv8fnzj3i6Q,sidewalk,with_standins,77,-0.0267751
gainesville:WVSHD61mDgZmv8fnzj3i6Q,walk,measured,77,-0.0267751
gainesville:WVSHD61mDgZmv8fnzj3i6Q,walk,with_standins,77,-0.0267751
gainesville:WVSHD61mDgZmv8fnzj3i6Q,road,measured,1129,0.0101788
gainesville:WVSHD61mDgZmv8fnzj3i6Q,road,with_standins,1129,0.0101788
gainesville:WVSHD61mDgZmv8fnzj3i6Q,road,measured_ref_road,1000,0.0097927
gainesville:X45JWReulQB2gYvNrbUKGA,sidewalk,measured,123,-0.0478125
gainesville:X45JWReulQB2gYvNrbUKGA,sidewalk,with_standins,141,-0.0457291
gainesville:X45JWReulQB2gYvNrbUKGA,sidewalk,measured_ref_road,123,-0.0478125
gainesville:X45JWReulQB2gYvNrbUKGA,walk,measured,123,-0.0478125
gainesville:X45JWReulQB2gYvNrbUKGA,walk,with_standins,141,-0.0457291
gainesville:X45JWReulQB2gYvNrbUKGA,walk,measured_ref_road,123,-0.0478125
gainesville:X45JWReulQB2gYvNrbUKGA,road,measured,1417,0.00147275
gainesville:X45JWReulQB2gYvNrbUKGA,road,with_standins,1500,0.00484083
gainesville:X45JWReulQB2gYvNrbUKGA,road,measured_ref_road,1417,0.00147275
gainesville:XRcpuzY4BC5AypmNXaQuyQ,sidewalk,measured,688,-0.00786529
gainesville:XRcpuzY4BC5AypmNXaQuyQ,sidewalk,with_standins,694,-0.00737786
gainesville:XRcpuzY4BC5AypmNXaQuyQ,sidewalk,measured_ref_road,158,-0.226251
gainesville:XRcpuzY4BC5AypmNXaQuyQ,walk,measured,727,-0.00623972
gainesville:XRcpuzY4BC5AypmNXaQuyQ,walk,with_standins,733,-0.00618131
gainesville:XRcpuzY4BC5AypmNXaQuyQ,walk,measured_ref_road,158,-0.226251
gainesville:XRcpuzY4BC5AypmNXaQuyQ,road,measured,609,0.0793661
gainesville:XRcpuzY4BC5AypmNXaQuyQ,road,with_standins,610,0.0793579
gainesville:XRcpuzY4BC5AypmNXaQuyQ,road,measured_ref_road,574,0.0802329
gainesville:XWhHaUuheK2ypAkTt10B8A,sidewalk,measured,530,-0.143288
gainesville:XWhHaUuheK2ypAkTt10B8A,sidewalk,with_standins,530,-0.143288
gainesville:XWhHaUuheK2ypAkTt10B8A,sidewalk,measured_ref_road,530,-0.143288
gainesville:XWhHaUuheK2ypAkTt10B8A,walk,measured,1049,-0.112782
gainesville:XWhHaUuheK2ypAkTt10B8A,walk,with_standins,1049,-0.112782
gainesville:XWhHaUuheK2ypAkTt10B8A,walk,measured_ref_road,1049,-0.112782
gainesville:XWhHaUuheK2ypAkTt10B8A,road,measured,1500,-0.0213943
gainesville:XWhHaUuheK2ypAkTt10B8A,road,with_standins,1500,-0.0213943
gainesville:XWhHaUuheK2ypAkTt10B8A,road,measured_ref_road,1500,-0.0213943
gainesville:XuX3LCIaNmEI9FSBenjToA,sidewalk,measured,57,0.0483128
gainesville:XuX3LCIaNmEI9FSBenjToA,sidewalk,with_standins,57,0.0483128
gainesville:XuX3LCIaNmEI9FSBenjToA,walk,measured,65,0.04626
gainesville:XuX3LCIaNmEI9FSBenjToA,walk,with_standins,65,0.04626
gainesville:XuX3LCIaNmEI9FSBenjToA,road,measured,76,0.0299754
gainesville:XuX3LCIaNmEI9FSBenjToA,road,with_standins,76,0.0299754
gainesville:XuX3LCIaNmEI9FSBenjToA,road,measured_ref_road,72,0.0291789
gainesville:YDTr8LXPDt5ieA8MA6ZXLA,sidewalk,measured,252,0.134401
gainesville:YDTr8LXPDt5ieA8MA6ZXLA,sidewalk,with_standins,252,0.134401
gainesville:YDTr8LXPDt5ieA8MA6ZXLA,sidewalk,measured_ref_road,165,0.166559
gainesville:YDTr8LXPDt5ieA8MA6ZXLA,walk,measured,1232,0.0886233
gainesville:YDTr8LXPDt5ieA8MA6ZXLA,walk,with_standins,1239,0.0883915
gainesville:YDTr8LXPDt5ieA8MA6ZXLA,walk,measured_ref_road,1057,0.091324
gainesville:YDTr8LXPDt5ieA8MA6ZXLA,road,measured,1500,0.0379101
gainesville:YDTr8LXPDt5ieA8MA6ZXLA,road,with_standins,1500,0.0379101
gainesville:YDTr8LXPDt5ieA8MA6ZXLA,road,measured_ref_road,1491,0.0377356
gainesville:YckCrqJ_I8sBF8wU5FpITw,sidewalk,measured,1485,-0.0593538
gainesville:YckCrqJ_I8sBF8wU5FpITw,sidewalk,with_standins,1500,-0.0582037
gainesville:YckCrqJ_I8sBF8wU5FpITw,sidewalk,measured_ref_road,681,-0.0664941
gainesville:YckCrqJ_I8sBF8wU5FpITw,walk,measured,1492,-0.0384667
gainesville:YckCrqJ_I8sBF8wU5FpITw,walk,with_standins,1500,-0.0382318
gainesville:YckCrqJ_I8sBF8wU5FpITw,walk,measured_ref_road,942,-0.0404095
gainesville:YckCrqJ_I8sBF8wU5FpITw,road,measured,1500,-0.00855933
gainesville:YckCrqJ_I8sBF8wU5FpITw,road,with_standins,1500,-0.00855933
gainesville:YckCrqJ_I8sBF8wU5FpITw,road,measured_ref_road,1493,-0.00860965
gainesville:_2GSllZzac7Zfd02VoVgCA,sidewalk,measured,461,0.0193704
gainesville:_2GSllZzac7Zfd02VoVgCA,sidewalk,with_standins,461,0.0193704
gainesville:_2GSllZzac7Zfd02VoVgCA,sidewalk,measured_ref_road,227,-0.0275179
gainesville:_2GSllZzac7Zfd02VoVgCA,walk,measured,1500,-0.039242
gainesville:_2GSllZzac7Zfd02VoVgCA,walk,with_standins,1500,-0.039242
gainesville:_2GSllZzac7Zfd02VoVgCA,walk,measured_ref_road,1109,-0.0502298
gainesville:_2GSllZzac7Zfd02VoVgCA,road,measured,1500,-0.018789
gainesville:_2GSllZzac7Zfd02VoVgCA,road,with_standins,1500,-0.018789
gainesville:_2GSllZzac7Zfd02VoVgCA,road,measured_ref_road,1427,-0.0190646
gainesville:b-azHLq5uJSlywVqKYbgHA,sidewalk,measured,599,0.0186258
gainesville:b-azHLq5uJSlywVqKYbgHA,sidewalk,with_standins,1500,0.0749303
gainesville:b-azHLq5uJSlywVqKYbgHA,sidewalk,measured_ref_road,435,0.0506547
gainesville:b-azHLq5uJSlywVqKYbgHA,walk,measured,529,0.0189168
gainesville:b-azHLq5uJSlywVqKYbgHA,walk,with_standins,1500,0.0664698
gainesville:b-azHLq5uJSlywVqKYbgHA,walk,measured_ref_road,410,0.0409753
gainesville:b-azHLq5uJSlywVqKYbgHA,road,measured,473,-0.00502872
gainesville:b-azHLq5uJSlywVqKYbgHA,road,with_standins,1500,0.0125825
gainesville:b-azHLq5uJSlywVqKYbgHA,road,measured_ref_road,472,-0.00496375
gainesville:bcNsOc7RlDm9L9VmIGXYpg,sidewalk,measured,861,-0.0280222
gainesville:bcNsOc7RlDm9L9VmIGXYpg,sidewalk,with_standins,866,-0.0279386
gainesville:bcNsOc7RlDm9L9VmIGXYpg,sidewalk,measured_ref_road,402,-0.0544122
gainesville:bcNsOc7RlDm9L9VmIGXYpg,walk,measured,1484,0.0110721
gainesville:bcNsOc7RlDm9L9VmIGXYpg,walk,with_standins,1500,0.0120395
gainesville:bcNsOc7RlDm9L9VmIGXYpg,walk,measured_ref_road,954,0.0174822
gainesville:bcNsOc7RlDm9L9VmIGXYpg,road,measured,1477,0.00884219
gainesville:bcNsOc7RlDm9L9VmIGXYpg,road,with_standins,1500,0.00997835
gainesville:bcNsOc7RlDm9L9VmIGXYpg,road,measured_ref_road,1414,0.00642356
gainesville:dVrNCxUTFAfeyVNMXQ1LTw,sidewalk,measured,1469,0.0592567
gainesville:dVrNCxUTFAfeyVNMXQ1LTw,sidewalk,with_standins,1500,0.0604275
gainesville:dVrNCxUTFAfeyVNMXQ1LTw,sidewalk,measured_ref_road,135,0.0604481
gainesville:dVrNCxUTFAfeyVNMXQ1LTw,walk,measured,1456,0.0549005
gainesville:dVrNCxUTFAfeyVNMXQ1LTw,walk,with_standins,1500,0.0560069
gainesville:dVrNCxUTFAfeyVNMXQ1LTw,walk,measured_ref_road,278,0.048432
gainesville:dVrNCxUTFAfeyVNMXQ1LTw,road,measured,1468,0.0146328
gainesville:dVrNCxUTFAfeyVNMXQ1LTw,road,with_standins,1500,0.0154222
gainesville:dVrNCxUTFAfeyVNMXQ1LTw,road,measured_ref_road,843,0.00280062
gainesville:dXNmCM3bRYfsvQ7xPivHaw,sidewalk,measured,150,0.0904534
gainesville:dXNmCM3bRYfsvQ7xPivHaw,sidewalk,with_standins,401,0.184124
gainesville:dXNmCM3bRYfsvQ7xPivHaw,sidewalk,measured_ref_road,58,0.0876211
gainesville:dXNmCM3bRYfsvQ7xPivHaw,walk,measured,1286,-0.0838861
gainesville:dXNmCM3bRYfsvQ7xPivHaw,walk,with_standins,1500,-0.0693514
gainesville:dXNmCM3bRYfsvQ7xPivHaw,walk,measured_ref_road,730,-0.0688527
gainesville:dXNmCM3bRYfsvQ7xPivHaw,road,measured,1362,-0.0367611
gainesville:dXNmCM3bRYfsvQ7xPivHaw,road,with_standins,1500,-0.0299582
gainesville:dXNmCM3bRYfsvQ7xPivHaw,road,measured_ref_road,1060,-0.0348866
gainesville:dvMvyySAGHbGLfSDgYWHsw,walk,measured,839,0.213129
gainesville:dvMvyySAGHbGLfSDgYWHsw,walk,with_standins,839,0.213129
gainesville:dvMvyySAGHbGLfSDgYWHsw,walk,measured_ref_road,828,0.214654
gainesville:dvMvyySAGHbGLfSDgYWHsw,road,measured,802,0.0343741
gainesville:dvMvyySAGHbGLfSDgYWHsw,road,with_standins,802,0.0343741
gainesville:dvMvyySAGHbGLfSDgYWHsw,road,measured_ref_road,796,0.0347593
gainesville:eW6Mi_5E32tMqZTu_731bw,road,measured,56,-0.00589424
gainesville:eW6Mi_5E32tMqZTu_731bw,road,with_standins,56,-0.00589424
gainesville:eW6Mi_5E32tMqZTu_731bw,road,measured_ref_road,56,-0.00589424
gainesville:fOc-SxUHjTYKCGN83egiYA,sidewalk,measured,657,0.0443014
gainesville:fOc-SxUHjTYKCGN83egiYA,sidewalk,with_standins,657,0.0443014
gainesville:fOc-SxUHjTYKCGN83egiYA,walk,measured,777,0.0464067
gainesville:fOc-SxUHjTYKCGN83egiYA,walk,with_standins,777,0.0464067
gainesville:fOc-SxUHjTYKCGN83egiYA,walk,measured_ref_road,50,0.0578128
gainesville:fOc-SxUHjTYKCGN83egiYA,road,measured,1500,0.0200969
gainesville:fOc-SxUHjTYKCGN83egiYA,road,with_standins,1500,0.0200969
gainesville:fOc-SxUHjTYKCGN83egiYA,road,measured_ref_road,1463,0.0206644
gainesville:g7ZWUQeOp1Kl0LrWi0qrWw,sidewalk,measured,1440,0.0454501
gainesville:g7ZWUQeOp1Kl0LrWi0qrWw,sidewalk,with_standins,1500,0.0485405
gainesville:g7ZWUQeOp1Kl0LrWi0qrWw,sidewalk,measured_ref_road,1259,0.0530094
gainesville:g7ZWUQeOp1Kl0LrWi0qrWw,walk,measured,1439,0.0430337
gainesville:g7ZWUQeOp1Kl0LrWi0qrWw,walk,with_standins,1500,0.0466355
gainesville:g7ZWUQeOp1Kl0LrWi0qrWw,walk,measured_ref_road,1281,0.0503198
gainesville:g7ZWUQeOp1Kl0LrWi0qrWw,road,measured,1435,0.016673
gainesville:g7ZWUQeOp1Kl0LrWi0qrWw,road,with_standins,1500,0.0177849
gainesville:g7ZWUQeOp1Kl0LrWi0qrWw,road,measured_ref_road,1433,0.0167023
gainesville:g8Jd1uL_FE_9eave1z2OpA,sidewalk,measured,565,-0.0201675
gainesville:g8Jd1uL_FE_9eave1z2OpA,sidewalk,with_standins,565,-0.0201675
gainesville:g8Jd1uL_FE_9eave1z2OpA,sidewalk,measured_ref_road,389,-0.0302774
gainesville:g8Jd1uL_FE_9eave1z2OpA,walk,measured,934,-0.0199404
gainesville:g8Jd1uL_FE_9eave1z2OpA,walk,with_standins,934,-0.0199404
gainesville:g8Jd1uL_FE_9eave1z2OpA,walk,measured_ref_road,740,-0.0280751
gainesville:g8Jd1uL_FE_9eave1z2OpA,road,measured,1500,-0.00771092
gainesville:g8Jd1uL_FE_9eave1z2OpA,road,with_standins,1500,-0.00771092
gainesville:g8Jd1uL_FE_9eave1z2OpA,road,measured_ref_road,1427,-0.00766654
gainesville:gcAfPhmNaIDewoRc5O6yZQ,sidewalk,measured,40,0.0429155
gainesville:gcAfPhmNaIDewoRc5O6yZQ,sidewalk,with_standins,40,0.0429155
gainesville:gcAfPhmNaIDewoRc5O6yZQ,walk,measured,43,0.0432816
gainesville:gcAfPhmNaIDewoRc5O6yZQ,walk,with_standins,43,0.0432816
gainesville:gcAfPhmNaIDewoRc5O6yZQ,road,measured,1500,0.0201991
gainesville:gcAfPhmNaIDewoRc5O6yZQ,road,with_standins,1500,0.0201991
gainesville:gcAfPhmNaIDewoRc5O6yZQ,road,measured_ref_road,1478,0.0198596
gainesville:h7I_Gn2mXFsjt09ESdkoOg,sidewalk,measured,75,0.0301573
gainesville:h7I_Gn2mXFsjt09ESdkoOg,sidewalk,with_standins,75,0.0301573
gainesville:h7I_Gn2mXFsjt09ESdkoOg,walk,measured,94,0.0056866
gainesville:h7I_Gn2mXFsjt09ESdkoOg,walk,with_standins,94,0.0056866
gainesville:h7I_Gn2mXFsjt09ESdkoOg,road,measured,801,-0.0187976
gainesville:h7I_Gn2mXFsjt09ESdkoOg,road,with_standins,801,-0.0187976
gainesville:h7I_Gn2mXFsjt09ESdkoOg,road,measured_ref_road,796,-0.0190785
gainesville:hlYnMGBEa12Ajij0iL7yxg,sidewalk,measured,749,-0.00612139
gainesville:hlYnMGBEa12Ajij0iL7yxg,sidewalk,with_standins,749,-0.00612139
gainesville:hlYnMGBEa12Ajij0iL7yxg,sidewalk,measured_ref_road,541,-0.00953121
gainesville:hlYnMGBEa12Ajij0iL7yxg,walk,measured,1028,-0.00682871
gainesville:hlYnMGBEa12Ajij0iL7yxg,walk,with_standins,1028,-0.00682871
gainesville:hlYnMGBEa12Ajij0iL7yxg,walk,measured_ref_road,798,-0.0100541
gainesville:hlYnMGBEa12Ajij0iL7yxg,road,measured,1500,0.0841917
gainesville:hlYnMGBEa12Ajij0iL7yxg,road,with_standins,1500,0.0841917
gainesville:hlYnMGBEa12Ajij0iL7yxg,road,measured_ref_road,1016,0.0564713
gainesville:ipoVm9spHhQGCMROwSdmmA,sidewalk,measured,184,-0.0127588
gainesville:ipoVm9spHhQGCMROwSdmmA,sidewalk,with_standins,797,0.0526976
gainesville:ipoVm9spHhQGCMROwSdmmA,walk,measured,204,-0.0250791
gainesville:ipoVm9spHhQGCMROwSdmmA,walk,with_standins,1500,0.0712016
gainesville:ipoVm9spHhQGCMROwSdmmA,walk,measured_ref_road,37,-0.122189
gainesville:ipoVm9spHhQGCMROwSdmmA,road,measured,321,-0.0710536
gainesville:ipoVm9spHhQGCMROwSdmmA,road,with_standins,1500,0.0129374
gainesville:ipoVm9spHhQGCMROwSdmmA,road,measured_ref_road,319,-0.0711358
gainesville:jE7jfpgpMn1zP3_DMdvMTg,sidewalk,measured,955,-0.0120482
gainesville:jE7jfpgpMn1zP3_DMdvMTg,sidewalk,with_standins,955,-0.0120482
gainesville:jE7jfpgpMn1zP3_DMdvMTg,sidewalk,measured_ref_road,657,-0.037106
gainesville:jE7jfpgpMn1zP3_DMdvMTg,walk,measured,1500,-0.0116521
gainesville:jE7jfpgpMn1zP3_DMdvMTg,walk,with_standins,1500,-0.0116521
gainesville:jE7jfpgpMn1zP3_DMdvMTg,walk,measured_ref_road,1185,-0.0257683
gainesville:jE7jfpgpMn1zP3_DMdvMTg,road,measured,1500,-0.00253189
gainesville:jE7jfpgpMn1zP3_DMdvMTg,road,with_standins,1500,-0.00253189
gainesville:jE7jfpgpMn1zP3_DMdvMTg,road,measured_ref_road,1483,-0.00303103
gainesville:jL3wxV95A0lO2xKUQukpIg,sidewalk,measured,1500,-0.0259047
gainesville:jL3wxV95A0lO2xKUQukpIg,sidewalk,with_standins,1500,-0.0259047
gainesville:jL3wxV95A0lO2xKUQukpIg,sidewalk,measured_ref_road,912,-0.0267482
gainesville:jL3wxV95A0lO2xKUQukpIg,walk,measured,1500,-0.0270119
gainesville:jL3wxV95A0lO2xKUQukpIg,walk,with_standins,1500,-0.0270119
gainesville:jL3wxV95A0lO2xKUQukpIg,walk,measured_ref_road,1028,-0.0280737
gainesville:jL3wxV95A0lO2xKUQukpIg,road,measured,1500,-0.0360358
gainesville:jL3wxV95A0lO2xKUQukpIg,road,with_standins,1500,-0.0360358
gainesville:jL3wxV95A0lO2xKUQukpIg,road,measured_ref_road,1495,-0.0360513
gainesville:jqZrc8lSwNpLZbLrixSduQ,sidewalk,measured,1395,0.166922
gainesville:jqZrc8lSwNpLZbLrixSduQ,sidewalk,with_standins,1395,0.166922
gainesville:jqZrc8lSwNpLZbLrixSduQ,sidewalk,measured_ref_road,1255,0.170463
gainesville:jqZrc8lSwNpLZbLrixSduQ,walk,measured,1500,0.154658
gainesville:jqZrc8lSwNpLZbLrixSduQ,walk,with_standins,1500,0.154658
gainesville:jqZrc8lSwNpLZbLrixSduQ,walk,measured_ref_road,1390,0.157921
gainesville:jqZrc8lSwNpLZbLrixSduQ,road,measured,1500,0.0870141
gainesville:jqZrc8lSwNpLZbLrixSduQ,road,with_standins,1500,0.0870141
gainesville:jqZrc8lSwNpLZbLrixSduQ,road,measured_ref_road,1500,0.0870141
gainesville:kU1NFVXyUkQzaPpROkDVNg,sidewalk,measured,451,-0.0353576
gainesville:kU1NFVXyUkQzaPpROkDVNg,sidewalk,with_standins,451,-0.0353576
gainesville:kU1NFVXyUkQzaPpROkDVNg,sidewalk,measured_ref_road,432,-0.0374317
gainesville:kU1NFVXyUkQzaPpROkDVNg,walk,measured,644,-0.0270299
gainesville:kU1NFVXyUkQzaPpROkDVNg,walk,with_standins,644,-0.0270299
gainesville:kU1NFVXyUkQzaPpROkDVNg,walk,measured_ref_road,609,-0.0296353
gainesville:kU1NFVXyUkQzaPpROkDVNg,road,measured,1500,0.00223972
gainesville:kU1NFVXyUkQzaPpROkDVNg,road,with_standins,1500,0.00223972
gainesville:kU1NFVXyUkQzaPpROkDVNg,road,measured_ref_road,1480,0.00208735
gainesville:ki1YlBoTB-ARFE17nF4PPg,sidewalk,measured,1500,0.0256453
gainesville:ki1YlBoTB-ARFE17nF4PPg,sidewalk,with_standins,1500,0.0256453
gainesville:ki1YlBoTB-ARFE17nF4PPg,sidewalk,measured_ref_road,692,-0.0499926
gainesville:ki1YlBoTB-ARFE17nF4PPg,walk,measured,1499,0.043032
gainesville:ki1YlBoTB-ARFE17nF4PPg,walk,with_standins,1500,0.0430404
gainesville:ki1YlBoTB-ARFE17nF4PPg,walk,measured_ref_road,875,-0.0388799
gainesville:ki1YlBoTB-ARFE17nF4PPg,road,measured,1499,-0.0362559
gainesville:ki1YlBoTB-ARFE17nF4PPg,road,with_standins,1500,-0.0362484
gainesville:ki1YlBoTB-ARFE17nF4PPg,road,measured_ref_road,1366,-0.0384466
gainesville:kjXjoHf2E-tZuI7RwMPgsw,sidewalk,measured,1500,0.0732749
gainesville:kjXjoHf2E-tZuI7RwMPgsw,sidewalk,with_standins,1500,0.0732749
gainesville:kjXjoHf2E-tZuI7RwMPgsw,sidewalk,measured_ref_road,441,0.135853
gainesville:kjXjoHf2E-tZuI7RwMPgsw,walk,measured,1500,0.0584592
gainesville:kjXjoHf2E-tZuI7RwMPgsw,walk,with_standins,1500,0.0584592
gainesville:kjXjoHf2E-tZuI7RwMPgsw,walk,measured_ref_road,593,0.0876844
gainesville:kjXjoHf2E-tZuI7RwMPgsw,road,measured,1500,-0.0625869
gainesville:kjXjoHf2E-tZuI7RwMPgsw,road,with_standins,1500,-0.0625869
gainesville:kjXjoHf2E-tZuI7RwMPgsw,road,measured_ref_road,1474,-0.0635257
gainesville:kozsgHrge4ofusqK2D_Hlw,sidewalk,measured,62,-0.0171861
gainesville:kozsgHrge4ofusqK2D_Hlw,sidewalk,with_standins,62,-0.0171861
gainesville:kozsgHrge4ofusqK2D_Hlw,walk,measured,621,0.0045268
gainesville:kozsgHrge4ofusqK2D_Hlw,walk,with_standins,621,0.0045268
gainesville:kozsgHrge4ofusqK2D_Hlw,walk,measured_ref_road,410,0.0451342
gainesville:kozsgHrge4ofusqK2D_Hlw,road,measured,1500,-0.00421846
gainesville:kozsgHrge4ofusqK2D_Hlw,road,with_standins,1500,-0.00421846
gainesville:kozsgHrge4ofusqK2D_Hlw,road,measured_ref_road,1449,-0.00331719
gainesville:ld_LKRyg3hte-YCeFY3avQ,sidewalk,measured,294,0.180193
gainesville:ld_LKRyg3hte-YCeFY3avQ,sidewalk,with_standins,294,0.180193
gainesville:ld_LKRyg3hte-YCeFY3avQ,walk,measured,376,0.130163
gainesville:ld_LKRyg3hte-YCeFY3avQ,walk,with_standins,376,0.130163
gainesville:ld_LKRyg3hte-YCeFY3avQ,walk,measured_ref_road,76,-0.0242613
gainesville:ld_LKRyg3hte-YCeFY3avQ,road,measured,1500,-0.0500463
gainesville:ld_LKRyg3hte-YCeFY3avQ,road,with_standins,1500,-0.0500463
gainesville:ld_LKRyg3hte-YCeFY3avQ,road,measured_ref_road,1493,-0.0500861
gainesville:mMSFxX8cKDjvaOmsrguJEA,sidewalk,measured,1500,0.00238016
gainesville:mMSFxX8cKDjvaOmsrguJEA,sidewalk,with_standins,1500,0.00238016
gainesville:mMSFxX8cKDjvaOmsrguJEA,sidewalk,measured_ref_road,1448,0.00258934
gainesville:mMSFxX8cKDjvaOmsrguJEA,walk,measured,1500,0.00256338
gainesville:mMSFxX8cKDjvaOmsrguJEA,walk,with_standins,1500,0.00256338
gainesville:mMSFxX8cKDjvaOmsrguJEA,walk,measured_ref_road,1458,0.00273815
gainesville:mMSFxX8cKDjvaOmsrguJEA,road,measured,1500,0.0122809
gainesville:mMSFxX8cKDjvaOmsrguJEA,road,with_standins,1500,0.0122809
gainesville:mMSFxX8cKDjvaOmsrguJEA,road,measured_ref_road,1500,0.0122809
gainesville:orMHYZcfpk4vTLLG6ciKUA,sidewalk,measured,79,0.133352
gainesville:orMHYZcfpk4vTLLG6ciKUA,sidewalk,with_standins,158,0.0854109
gainesville:orMHYZcfpk4vTLLG6ciKUA,sidewalk,measured_ref_road,69,0.138187
gainesville:orMHYZcfpk4vTLLG6ciKUA,walk,measured,177,0.108926
gainesville:orMHYZcfpk4vTLLG6ciKUA,walk,with_standins,376,0.0823734
gainesville:orMHYZcfpk4vTLLG6ciKUA,walk,measured_ref_road,167,0.112264
gainesville:orMHYZcfpk4vTLLG6ciKUA,road,measured,1170,0.0316502
gainesville:orMHYZcfpk4vTLLG6ciKUA,road,with_standins,1500,0.0206751
gainesville:orMHYZcfpk4vTLLG6ciKUA,road,measured_ref_road,1170,0.0316502
gainesville:oyTDvou4dK-Hm3v-cIaToQ,road,measured,67,0.00791225
gainesville:oyTDvou4dK-Hm3v-cIaToQ,road,with_standins,67,0.00791225
gainesville:oyTDvou4dK-Hm3v-cIaToQ,road,measured_ref_road,57,0.00779888
gainesville:pM_zjaOL4jt8_niIC0EU2Q,sidewalk,measured,1500,0.0458199
gainesville:pM_zjaOL4jt8_niIC0EU2Q,sidewalk,with_standins,1500,0.0458199
gainesville:pM_zjaOL4jt8_niIC0EU2Q,sidewalk,measured_ref_road,1220,0.0468495
gainesville:pM_zjaOL4jt8_niIC0EU2Q,walk,measured,1500,0.0432874
gainesville:pM_zjaOL4jt8_niIC0EU2Q,walk,with_standins,1500,0.0432874
gainesville:pM_zjaOL4jt8_niIC0EU2Q,walk,measured_ref_road,1176,0.0436772
gainesville:pM_zjaOL4jt8_niIC0EU2Q,road,measured,1500,0.0121158
gainesville:pM_zjaOL4jt8_niIC0EU2Q,road,with_standins,1500,0.0121158
gainesville:pM_zjaOL4jt8_niIC0EU2Q,road,measured_ref_road,1433,0.0116155
gainesville:q2yX7pwQF7_3SFGxEqlDHQ,sidewalk,measured,257,0.0541398
gainesville:q2yX7pwQF7_3SFGxEqlDHQ,sidewalk,with_standins,257,0.0541398
gainesville:q2yX7pwQF7_3SFGxEqlDHQ,sidewalk,measured_ref_road,183,0.056694
gainesville:q2yX7pwQF7_3SFGxEqlDHQ,walk,measured,572,0.0301142
gainesville:q2yX7pwQF7_3SFGxEqlDHQ,walk,with_standins,572,0.0301142
gainesville:q2yX7pwQF7_3SFGxEqlDHQ,walk,measured_ref_road,480,0.023617
gainesville:q2yX7pwQF7_3SFGxEqlDHQ,road,measured,1500,0.0702078
gainesville:q2yX7pwQF7_3SFGxEqlDHQ,road,with_standins,1500,0.0702078
gainesville:q2yX7pwQF7_3SFGxEqlDHQ,road,measured_ref_road,1466,0.070945
gainesville:qAP6awcZVDK19stGxM31jQ,sidewalk,measured,1499,0.035374
gainesville:qAP6awcZVDK19stGxM31jQ,sidewalk,with_standins,1500,0.0353704
gainesville:qAP6awcZVDK19stGxM31jQ,sidewalk,measured_ref_road,36,-0.0299107
gainesville:qAP6awcZVDK19stGxM31jQ,walk,measured,1499,0.0356695
gainesville:qAP6awcZVDK19stGxM31jQ,walk,with_standins,1500,0.0356631
gainesville:qAP6awcZVDK19stGxM31jQ,walk,measured_ref_road,76,-0.00614836
gainesville:qAP6awcZVDK19stGxM31jQ,road,measured,1491,0.0278337
gainesville:qAP6awcZVDK19stGxM31jQ,road,with_standins,1500,0.0277921
gainesville:qAP6awcZVDK19stGxM31jQ,road,measured_ref_road,610,0.0391776
gainesville:r2EDHivQkQoWWelu3IZOxg,sidewalk,measured,1500,-0.0102851
gainesville:r2EDHivQkQoWWelu3IZOxg,sidewalk,with_standins,1500,-0.0102851
gainesville:r2EDHivQkQoWWelu3IZOxg,sidewalk,measured_ref_road,611,0.0201772
gainesville:r2EDHivQkQoWWelu3IZOxg,walk,measured,1500,-0.00594092
gainesville:r2EDHivQkQoWWelu3IZOxg,walk,with_standins,1500,-0.00594092
gainesville:r2EDHivQkQoWWelu3IZOxg,walk,measured_ref_road,893,0.00313446
gainesville:r2EDHivQkQoWWelu3IZOxg,road,measured,1500,0.00994041
gainesville:r2EDHivQkQoWWelu3IZOxg,road,with_standins,1500,0.00994041
gainesville:r2EDHivQkQoWWelu3IZOxg,road,measured_ref_road,1493,0.00995268
gainesville:rFa5e9WO2AombOfKxw1GzA,sidewalk,measured,597,-0.00838469
gainesville:rFa5e9WO2AombOfKxw1GzA,sidewalk,with_standins,597,-0.00838469
gainesville:rFa5e9WO2AombOfKxw1GzA,sidewalk,measured_ref_road,364,-0.0135543
gainesville:rFa5e9WO2AombOfKxw1GzA,walk,measured,884,-0.00676997
gainesville:rFa5e9WO2AombOfKxw1GzA,walk,with_standins,884,-0.00676997
gainesville:rFa5e9WO2AombOfKxw1GzA,walk,measured_ref_road,597,-0.0115675
gainesville:rFa5e9WO2AombOfKxw1GzA,road,measured,1500,-0.00395785
gainesville:rFa5e9WO2AombOfKxw1GzA,road,with_standins,1500,-0.00395785
gainesville:rFa5e9WO2AombOfKxw1GzA,road,measured_ref_road,1489,-0.00403018
gainesville:s7wxqo3wnK-LD6bUkCRGzA,sidewalk,measured,104,-0.0081078
gainesville:s7wxqo3wnK-LD6bUkCRGzA,sidewalk,with_standins,104,-0.0081078
gainesville:s7wxqo3wnK-LD6bUkCRGzA,walk,measured,131,-0.00849695
gainesville:s7wxqo3wnK-LD6bUkCRGzA,walk,with_standins,132,-0.00840045
gainesville:s7wxqo3wnK-LD6bUkCRGzA,road,measured,1259,0.0163228
gainesville:s7wxqo3wnK-LD6bUkCRGzA,road,with_standins,1260,0.0161906
gainesville:s7wxqo3wnK-LD6bUkCRGzA,road,measured_ref_road,1210,0.0197834
gainesville:sIW4u-Mq7TORFHbsswcCzQ,sidewalk,measured,1396,0.0592189
gainesville:sIW4u-Mq7TORFHbsswcCzQ,sidewalk,with_standins,1406,0.0594455
gainesville:sIW4u-Mq7TORFHbsswcCzQ,sidewalk,measured_ref_road,921,0.0655482
gainesville:sIW4u-Mq7TORFHbsswcCzQ,walk,measured,1478,0.0533147
gainesville:sIW4u-Mq7TORFHbsswcCzQ,walk,with_standins,1500,0.053765
gainesville:sIW4u-Mq7TORFHbsswcCzQ,walk,measured_ref_road,1070,0.0517704
gainesville:sIW4u-Mq7TORFHbsswcCzQ,road,measured,913,0.0292808
gainesville:sIW4u-Mq7TORFHbsswcCzQ,road,with_standins,1500,0.0601391
gainesville:sIW4u-Mq7TORFHbsswcCzQ,road,measured_ref_road,205,0.0382665
gainesville:scWBbnWIHdaaBRanRNRa4Q,sidewalk,measured,1357,0.104766
gainesville:scWBbnWIHdaaBRanRNRa4Q,sidewalk,with_standins,1358,0.104742
gainesville:scWBbnWIHdaaBRanRNRa4Q,sidewalk,measured_ref_road,863,0.11069
gainesville:scWBbnWIHdaaBRanRNRa4Q,walk,measured,1499,0.0796956
gainesville:scWBbnWIHdaaBRanRNRa4Q,walk,with_standins,1500,0.0796656
gainesville:scWBbnWIHdaaBRanRNRa4Q,walk,measured_ref_road,1118,0.0891104
gainesville:scWBbnWIHdaaBRanRNRa4Q,road,measured,1500,0.0248254
gainesville:scWBbnWIHdaaBRanRNRa4Q,road,with_standins,1500,0.0248254
gainesville:scWBbnWIHdaaBRanRNRa4Q,road,measured_ref_road,1500,0.0248254
gainesville:smIcY196GPbaTpEbjkA7aA,sidewalk,measured,1201,0.0392347
gainesville:smIcY196GPbaTpEbjkA7aA,sidewalk,with_standins,1201,0.0392347
gainesville:smIcY196GPbaTpEbjkA7aA,sidewalk,measured_ref_road,720,0.0467973
gainesville:smIcY196GPbaTpEbjkA7aA,walk,measured,1500,0.0442522
gainesville:smIcY196GPbaTpEbjkA7aA,walk,with_standins,1500,0.0442522
gainesville:smIcY196GPbaTpEbjkA7aA,walk,measured_ref_road,1040,0.0530624
gainesville:smIcY196GPbaTpEbjkA7aA,road,measured,1500,0.0273059
gainesville:smIcY196GPbaTpEbjkA7aA,road,with_standins,1500,0.0273059
gainesville:smIcY196GPbaTpEbjkA7aA,road,measured_ref_road,1424,0.0281853
gainesville:tD8uJ0wHWy0RNPwb73S7Og,sidewalk,measured,1500,-0.0296068
gainesville:tD8uJ0wHWy0RNPwb73S7Og,sidewalk,with_standins,1500,-0.0296068
gainesville:tD8uJ0wHWy0RNPwb73S7Og,sidewalk,measured_ref_road,88,-0.159926
gainesville:tD8uJ0wHWy0RNPwb73S7Og,walk,measured,1493,-0.0258212
gainesville:tD8uJ0wHWy0RNPwb73S7Og,walk,with_standins,1500,-0.0255975
gainesville:tD8uJ0wHWy0RNPwb73S7Og,walk,measured_ref_road,234,-0.019925
gainesville:tD8uJ0wHWy0RNPwb73S7Og,road,measured,1494,-0.0584585
gainesville:tD8uJ0wHWy0RNPwb73S7Og,road,with_standins,1500,-0.058377
gainesville:tD8uJ0wHWy0RNPwb73S7Og,road,measured_ref_road,1453,-0.0585568
gainesville:taAM_J38w0t7x9p1iOGptw,sidewalk,measured,32,-0.0643734
gainesville:taAM_J38w0t7x9p1iOGptw,sidewalk,with_standins,32,-0.0643734
gainesville:taAM_J38w0t7x9p1iOGptw,walk,measured,38,-0.0648476
gainesville:taAM_J38w0t7x9p1iOGptw,walk,with_standins,38,-0.0648476
gainesville:taAM_J38w0t7x9p1iOGptw,road,measured,1500,-0.00627639
gainesville:taAM_J38w0t7x9p1iOGptw,road,with_standins,1500,-0.00627639
gainesville:taAM_J38w0t7x9p1iOGptw,road,measured_ref_road,1433,-0.00555218
gainesville:u0S_61wv1Q10xayttHdcbg,sidewalk,measured,67,-0.0382466
gainesville:u0S_61wv1Q10xayttHdcbg,sidewalk,with_standins,73,-0.0348991
gainesville:u0S_61wv1Q10xayttHdcbg,sidewalk,measured_ref_road,67,-0.0382466
gainesville:u0S_61wv1Q10xayttHdcbg,walk,measured,67,-0.0382466
gainesville:u0S_61wv1Q10xayttHdcbg,walk,with_standins,73,-0.0348991
gainesville:u0S_61wv1Q10xayttHdcbg,walk,measured_ref_road,67,-0.0382466
gainesville:u0S_61wv1Q10xayttHdcbg,road,measured,1253,0.010566
gainesville:u0S_61wv1Q10xayttHdcbg,road,with_standins,1254,0.0105026
gainesville:u0S_61wv1Q10xayttHdcbg,road,measured_ref_road,1253,0.010566
gainesville:vbW2W3-AE2tr1NJYHCuHgw,sidewalk,measured,1500,0.032597
gainesville:vbW2W3-AE2tr1NJYHCuHgw,sidewalk,with_standins,1500,0.032597
gainesville:vbW2W3-AE2tr1NJYHCuHgw,sidewalk,measured_ref_road,547,0.0473505
gainesville:vbW2W3-AE2tr1NJYHCuHgw,walk,measured,1500,0.0335716
gainesville:vbW2W3-AE2tr1NJYHCuHgw,walk,with_standins,1500,0.0335716
gainesville:vbW2W3-AE2tr1NJYHCuHgw,walk,measured_ref_road,706,0.0454778
gainesville:vbW2W3-AE2tr1NJYHCuHgw,road,measured,1500,0.0257704
gainesville:vbW2W3-AE2tr1NJYHCuHgw,road,with_standins,1500,0.0257704
gainesville:vbW2W3-AE2tr1NJYHCuHgw,road,measured_ref_road,1464,0.0264816
gainesville:wwbkgmoKv4MS5sMy3PGhqA,sidewalk,measured,423,0.0196867
gainesville:wwbkgmoKv4MS5sMy3PGhqA,sidewalk,with_standins,423,0.0196867
gainesville:wwbkgmoKv4MS5sMy3PGhqA,sidewalk,measured_ref_road,76,-0.609921
gainesville:wwbkgmoKv4MS5sMy3PGhqA,walk,measured,907,-9.10067e-05
gainesville:wwbkgmoKv4MS5sMy3PGhqA,walk,with_standins,907,-9.10067e-05
gainesville:wwbkgmoKv4MS5sMy3PGhqA,walk,measured_ref_road,550,-0.065125
gainesville:wwbkgmoKv4MS5sMy3PGhqA,road,measured,1500,0.00390573
gainesville:wwbkgmoKv4MS5sMy3PGhqA,road,with_standins,1500,0.00390573
gainesville:wwbkgmoKv4MS5sMy3PGhqA,road,measured_ref_road,1494,0.00392067
gainesville:xExZyWexGcwGNf5LNhQBRg,sidewalk,measured,828,-0.0146125
gainesville:xExZyWexGcwGNf5LNhQBRg,sidewalk,with_standins,828,-0.0146125
gainesville:xExZyWexGcwGNf5LNhQBRg,sidewalk,measured_ref_road,457,0.0315853
gainesville:xExZyWexGcwGNf5LNhQBRg,walk,measured,1201,0.00108558
gainesville:xExZyWexGcwGNf5LNhQBRg,walk,with_standins,1201,0.00108558
gainesville:xExZyWexGcwGNf5LNhQBRg,walk,measured_ref_road,781,0.0226525
gainesville:xExZyWexGcwGNf5LNhQBRg,road,measured,1500,0.0392133
gainesville:xExZyWexGcwGNf5LNhQBRg,road,with_standins,1500,0.0392133
gainesville:xExZyWexGcwGNf5LNhQBRg,road,measured_ref_road,1489,0.0394504
gainesville:xMY6EkmbN9OZqwHeC_S7Zg,sidewalk,measured,403,0.070095
gainesville:xMY6EkmbN9OZqwHeC_S7Zg,sidewalk,with_standins,403,0.070095
gainesville:xMY6EkmbN9OZqwHeC_S7Zg,sidewalk,measured_ref_road,399,0.0704113
gainesville:xMY6EkmbN9OZqwHeC_S7Zg,walk,measured,786,0.0661198
gainesville:xMY6EkmbN9OZqwHeC_S7Zg,walk,with_standins,786,0.0661198
gainesville:xMY6EkmbN9OZqwHeC_S7Zg,walk,measured_ref_road,781,0.0663128
gainesville:xMY6EkmbN9OZqwHeC_S7Zg,road,measured,1500,0.0402727
gainesville:xMY6EkmbN9OZqwHeC_S7Zg,road,with_standins,1500,0.0402727
gainesville:xMY6EkmbN9OZqwHeC_S7Zg,road,measured_ref_road,1500,0.0402727
gainesville:yQOkeKGLo1dFuhOO7BFRFg,sidewalk,measured,780,0.0596921
gainesville:yQOkeKGLo1dFuhOO7BFRFg,sidewalk,with_standins,780,0.0596921
gainesville:yQOkeKGLo1dFuhOO7BFRFg,sidewalk,measured_ref_road,357,-0.0117191
gainesville:yQOkeKGLo1dFuhOO7BFRFg,walk,measured,1236,0.0625186
gainesville:yQOkeKGLo1dFuhOO7BFRFg,walk,with_standins,1236,0.0625186
gainesville:yQOkeKGLo1dFuhOO7BFRFg,walk,measured_ref_road,568,0.000367753
gainesville:yQOkeKGLo1dFuhOO7BFRFg,road,measured,1500,0.0675041
gainesville:yQOkeKGLo1dFuhOO7BFRFg,road,with_standins,1500,0.0675041
gainesville:yQOkeKGLo1dFuhOO7BFRFg,road,measured_ref_road,554,0.0211407
paterson:-2so4d79_XMQZkVRS5c0dw,sidewalk,measured,1272,-0.00443659
paterson:-2so4d79_XMQZkVRS5c0dw,sidewalk,with_standins,1500,0.0194814
paterson:-2so4d79_XMQZkVRS5c0dw,sidewalk,measured_ref_road,796,-0.165156
paterson:-2so4d79_XMQZkVRS5c0dw,walk,measured,1288,-0.00669086
paterson:-2so4d79_XMQZkVRS5c0dw,walk,with_standins,1500,0.0116833
paterson:-2so4d79_XMQZkVRS5c0dw,walk,measured_ref_road,872,-0.126168
paterson:-2so4d79_XMQZkVRS5c0dw,road,measured,1408,0.0136678
paterson:-2so4d79_XMQZkVRS5c0dw,road,with_standins,1500,0.0138968
paterson:-2so4d79_XMQZkVRS5c0dw,road,measured_ref_road,1403,0.013416
paterson:0-zmUwLwl5ENJgqxheDklQ,sidewalk,measured,1048,0.0772624
paterson:0-zmUwLwl5ENJgqxheDklQ,sidewalk,with_standins,1363,0.115081
paterson:0-zmUwLwl5ENJgqxheDklQ,sidewalk,measured_ref_road,378,0.165228
paterson:0-zmUwLwl5ENJgqxheDklQ,walk,measured,1124,0.0305123
paterson:0-zmUwLwl5ENJgqxheDklQ,walk,with_standins,1500,0.0670377
paterson:0-zmUwLwl5ENJgqxheDklQ,walk,measured_ref_road,391,0.0977859
paterson:0-zmUwLwl5ENJgqxheDklQ,road,measured,1386,-0.049865
paterson:0-zmUwLwl5ENJgqxheDklQ,road,with_standins,1500,-0.0435489
paterson:0-zmUwLwl5ENJgqxheDklQ,road,measured_ref_road,250,0.00254684
paterson:0Drku25sOlOlWGiVf7uetw,sidewalk,measured,516,-0.0660928
paterson:0Drku25sOlOlWGiVf7uetw,sidewalk,with_standins,804,-0.0338673
paterson:0Drku25sOlOlWGiVf7uetw,sidewalk,measured_ref_road,249,-0.0715273
paterson:0Drku25sOlOlWGiVf7uetw,walk,measured,631,-0.0686262
paterson:0Drku25sOlOlWGiVf7uetw,walk,with_standins,1029,-0.0293265
paterson:0Drku25sOlOlWGiVf7uetw,walk,measured_ref_road,355,-0.0722157
paterson:0Drku25sOlOlWGiVf7uetw,road,measured,294,-0.0509474
paterson:0Drku25sOlOlWGiVf7uetw,road,with_standins,1500,0.0489895
paterson:0Drku25sOlOlWGiVf7uetw,road,measured_ref_road,294,-0.0509474
paterson:0fCPhcB0ZF3dHQ7nEIWABA,sidewalk,measured,660,0.0861695
paterson:0fCPhcB0ZF3dHQ7nEIWABA,sidewalk,with_standins,660,0.0861695
paterson:0fCPhcB0ZF3dHQ7nEIWABA,sidewalk,measured_ref_road,296,0.110176
paterson:0fCPhcB0ZF3dHQ7nEIWABA,walk,measured,1500,0.0414136
paterson:0fCPhcB0ZF3dHQ7nEIWABA,walk,with_standins,1500,0.0414136
paterson:0fCPhcB0ZF3dHQ7nEIWABA,walk,measured_ref_road,1050,0.0465001
paterson:0fCPhcB0ZF3dHQ7nEIWABA,road,measured,1500,-0.00772817
paterson:0fCPhcB0ZF3dHQ7nEIWABA,road,with_standins,1500,-0.00772817
paterson:0fCPhcB0ZF3dHQ7nEIWABA,road,measured_ref_road,1414,-0.00688886
paterson:0s94i47Wdggc9cHmBjEe8w,sidewalk,measured,744,-0.0248944
paterson:0s94i47Wdggc9cHmBjEe8w,sidewalk,with_standins,919,-0.00684178
paterson:0s94i47Wdggc9cHmBjEe8w,sidewalk,measured_ref_road,209,0.0106285
paterson:0s94i47Wdggc9cHmBjEe8w,walk,measured,976,-0.0231152
paterson:0s94i47Wdggc9cHmBjEe8w,walk,with_standins,1214,-0.00346663
paterson:0s94i47Wdggc9cHmBjEe8w,walk,measured_ref_road,398,-0.00300926
paterson:0s94i47Wdggc9cHmBjEe8w,road,measured,170,-0.0103003
paterson:0s94i47Wdggc9cHmBjEe8w,road,with_standins,1416,0.0287609
paterson:0s94i47Wdggc9cHmBjEe8w,road,measured_ref_road,149,-0.0115391
paterson:0uNeulmg68uHO_WKDIuqZw,sidewalk,measured,1475,0.0720808
paterson:0uNeulmg68uHO_WKDIuqZw,sidewalk,with_standins,1500,0.0712786
paterson:0uNeulmg68uHO_WKDIuqZw,sidewalk,measured_ref_road,496,0.101935
paterson:0uNeulmg68uHO_WKDIuqZw,walk,measured,1479,0.0715291
paterson:0uNeulmg68uHO_WKDIuqZw,walk,with_standins,1500,0.0710753
paterson:0uNeulmg68uHO_WKDIuqZw,walk,measured_ref_road,567,0.0955374
paterson:0uNeulmg68uHO_WKDIuqZw,road,measured,1499,0.0326073
paterson:0uNeulmg68uHO_WKDIuqZw,road,with_standins,1500,0.0325495
paterson:0uNeulmg68uHO_WKDIuqZw,road,measured_ref_road,1471,0.0317049
paterson:1FJQJxlHdC_TzHOH9ynMFw,sidewalk,measured,731,0.014574
paterson:1FJQJxlHdC_TzHOH9ynMFw,sidewalk,with_standins,731,0.014574
paterson:1FJQJxlHdC_TzHOH9ynMFw,sidewalk,measured_ref_road,268,0.00232314
paterson:1FJQJxlHdC_TzHOH9ynMFw,walk,measured,1022,0.0125538
paterson:1FJQJxlHdC_TzHOH9ynMFw,walk,with_standins,1022,0.0125538
paterson:1FJQJxlHdC_TzHOH9ynMFw,walk,measured_ref_road,488,0.0106185
paterson:1FJQJxlHdC_TzHOH9ynMFw,road,measured,1500,0.00330486
paterson:1FJQJxlHdC_TzHOH9ynMFw,road,with_standins,1500,0.00330486
paterson:1FJQJxlHdC_TzHOH9ynMFw,road,measured_ref_road,1390,0.00373963
paterson:21Gw_VuYrSK42PCF32UGUw,sidewalk,measured,759,0.0669971
paterson:21Gw_VuYrSK42PCF32UGUw,sidewalk,with_standins,759,0.0669971
paterson:21Gw_VuYrSK42PCF32UGUw,sidewalk,measured_ref_road,534,0.0645611
paterson:21Gw_VuYrSK42PCF32UGUw,walk,measured,1001,0.0604821
paterson:21Gw_VuYrSK42PCF32UGUw,walk,with_standins,1001,0.0604821
paterson:21Gw_VuYrSK42PCF32UGUw,walk,measured_ref_road,771,0.0586589
paterson:21Gw_VuYrSK42PCF32UGUw,road,measured,1500,0.038187
paterson:21Gw_VuYrSK42PCF32UGUw,road,with_standins,1500,0.038187
paterson:21Gw_VuYrSK42PCF32UGUw,road,measured_ref_road,1500,0.038187
paterson:2lovLRC7Pv6S94tMW3mDug,sidewalk,measured,827,0.0397279
paterson:2lovLRC7Pv6S94tMW3mDug,sidewalk,with_standins,827,0.0397279
paterson:2lovLRC7Pv6S94tMW3mDug,sidewalk,measured_ref_road,366,0.0721847
paterson:2lovLRC7Pv6S94tMW3mDug,walk,measured,1500,0.0199208
paterson:2lovLRC7Pv6S94tMW3mDug,walk,with_standins,1500,0.0199208
paterson:2lovLRC7Pv6S94tMW3mDug,walk,measured_ref_road,1083,0.0249799
paterson:2lovLRC7Pv6S94tMW3mDug,road,measured,1500,0.0210949
paterson:2lovLRC7Pv6S94tMW3mDug,road,with_standins,1500,0.0210949
paterson:2lovLRC7Pv6S94tMW3mDug,road,measured_ref_road,1349,0.0192244
paterson:3BTAarqIRrxbpFHUFJhtSQ,sidewalk,measured,1339,0.0151851
paterson:3BTAarqIRrxbpFHUFJhtSQ,sidewalk,with_standins,1339,0.0151851
paterson:3BTAarqIRrxbpFHUFJhtSQ,sidewalk,measured_ref_road,110,-0.0886036
paterson:3BTAarqIRrxbpFHUFJhtSQ,walk,measured,1500,0.0142018
paterson:3BTAarqIRrxbpFHUFJhtSQ,walk,with_standins,1500,0.0142018
paterson:3BTAarqIRrxbpFHUFJhtSQ,walk,measured_ref_road,218,-0.0204515
paterson:3BTAarqIRrxbpFHUFJhtSQ,road,measured,1500,0.016185
paterson:3BTAarqIRrxbpFHUFJhtSQ,road,with_standins,1500,0.016185
paterson:3BTAarqIRrxbpFHUFJhtSQ,road,measured_ref_road,688,0.003481
paterson:3Tw1W-lv133l2efDeoEAYQ,sidewalk,measured,1026,0.0458807
paterson:3Tw1W-lv133l2efDeoEAYQ,sidewalk,with_standins,1026,0.0458807
paterson:3Tw1W-lv133l2efDeoEAYQ,sidewalk,measured_ref_road,293,-0.0377616
paterson:3Tw1W-lv133l2efDeoEAYQ,walk,measured,1218,0.0318798
paterson:3Tw1W-lv133l2efDeoEAYQ,walk,with_standins,1218,0.0318798
paterson:3Tw1W-lv133l2efDeoEAYQ,walk,measured_ref_road,482,-0.0410239
paterson:3Tw1W-lv133l2efDeoEAYQ,road,measured,1500,-0.0166399
paterson:3Tw1W-lv133l2efDeoEAYQ,road,with_standins,1500,-0.0166399
paterson:3Tw1W-lv133l2efDeoEAYQ,road,measured_ref_road,1500,-0.0166399
paterson:3dq9TqRXzopD0yvztHg8rg,sidewalk,measured,1485,0.133564
paterson:3dq9TqRXzopD0yvztHg8rg,sidewalk,with_standins,1500,0.131662
paterson:3dq9TqRXzopD0yvztHg8rg,sidewalk,measured_ref_road,1120,0.155035
paterson:3dq9TqRXzopD0yvztHg8rg,walk,measured,1493,0.0572356
paterson:3dq9TqRXzopD0yvztHg8rg,walk,with_standins,1500,0.0568189
paterson:3dq9TqRXzopD0yvztHg8rg,walk,measured_ref_road,1122,0.0984782
paterson:3dq9TqRXzopD0yvztHg8rg,road,measured,1499,0.0253602
paterson:3dq9TqRXzopD0yvztHg8rg,road,with_standins,1500,0.0253367
paterson:3dq9TqRXzopD0yvztHg8rg,road,measured_ref_road,1338,0.0252855
paterson:4H5JBCKRb_RegGCUdvxVqQ,sidewalk,measured,432,0.00774918
paterson:4H5JBCKRb_RegGCUdvxVqQ,sidewalk,with_standins,1022,0.111005
paterson:4H5JBCKRb_RegGCUdvxVqQ,sidewalk,measured_ref_road,201,-0.0446901
paterson:4H5JBCKRb_RegGCUdvxVqQ,walk,measured,741,-0.00608225
paterson:4H5JBCKRb_RegGCUdvxVqQ,walk,with_standins,1392,0.0926726
paterson:4H5JBCKRb_RegGCUdvxVqQ,walk,measured_ref_road,454,-0.0776021
paterson:4H5JBCKRb_RegGCUdvxVqQ,road,measured,1007,0.105238
paterson:4H5JBCKRb_RegGCUdvxVqQ,road,with_standins,1500,0.0601356
paterson:4H5JBCKRb_RegGCUdvxVqQ,road,measured_ref_road,561,-0.00698223
paterson:4cXVf74zyKLTQLiQtBObww,sidewalk,measured,1500,0.0377901
paterson:4cXVf74zyKLTQLiQtBObww,sidewalk,with_standins,1500,0.0377901
paterson:4cXVf74zyKLTQLiQtBObww,sidewalk,measured_ref_road,190,0.0220887
paterson:4cXVf74zyKLTQLiQtBObww,walk,measured,1500,0.0352507
paterson:4cXVf74zyKLTQLiQtBObww,walk,with_standins,1500,0.0352507
paterson:4cXVf74zyKLTQLiQtBObww,walk,measured_ref_road,254,0.0032781
paterson:4cXVf74zyKLTQLiQtBObww,road,measured,1500,0.0181104
paterson:4cXVf74zyKLTQLiQtBObww,road,with_standins,1500,0.0181104
paterson:4cXVf74zyKLTQLiQtBObww,road,measured_ref_road,1212,0.0150992
paterson:5M-GzTlVe-lrOqHmypJqTA,sidewalk,measured,513,8.41623e-05
paterson:5M-GzTlVe-lrOqHmypJqTA,sidewalk,with_standins,640,0.0158857
paterson:5M-GzTlVe-lrOqHmypJqTA,walk,measured,558,-0.00116793
paterson:5M-GzTlVe-lrOqHmypJqTA,walk,with_standins,705,0.00860724
paterson:5M-GzTlVe-lrOqHmypJqTA,walk,measured_ref_road,55,-0.123485
paterson:5M-GzTlVe-lrOqHmypJqTA,road,measured,342,0.022882
paterson:5M-GzTlVe-lrOqHmypJqTA,road,with_standins,1448,0.0160039
paterson:5M-GzTlVe-lrOqHmypJqTA,road,measured_ref_road,316,0.0218223
paterson:5PJhqjhMTDTN_54DwP35Xw,sidewalk,measured,1384,-0.0789761
paterson:5PJhqjhMTDTN_54DwP35Xw,sidewalk,with_standins,1500,-0.0623333
paterson:5PJhqjhMTDTN_54DwP35Xw,sidewalk,measured_ref_road,1063,-0.104983
paterson:5PJhqjhMTDTN_54DwP35Xw,walk,measured,1379,-0.0619524
paterson:5PJhqjhMTDTN_54DwP35Xw,walk,with_standins,1500,-0.0483409
paterson:5PJhqjhMTDTN_54DwP35Xw,walk,measured_ref_road,1068,-0.0935314
paterson:5PJhqjhMTDTN_54DwP35Xw,road,measured,1482,-0.0022721
paterson:5PJhqjhMTDTN_54DwP35Xw,road,with_standins,1500,-0.00197329
paterson:5PJhqjhMTDTN_54DwP35Xw,road,measured_ref_road,1307,0.00146782
paterson:60amgEGA1TEcbtRBTtxUTg,sidewalk,measured,1500,0.0243127
paterson:60amgEGA1TEcbtRBTtxUTg,sidewalk,with_standins,1500,0.0243127
paterson:60amgEGA1TEcbtRBTtxUTg,sidewalk,measured_ref_road,1113,0.0276803
paterson:60amgEGA1TEcbtRBTtxUTg,walk,measured,1500,0.0192519
paterson:60amgEGA1TEcbtRBTtxUTg,walk,with_standins,1500,0.0192519
paterson:60amgEGA1TEcbtRBTtxUTg,walk,measured_ref_road,1127,0.0218906
paterson:60amgEGA1TEcbtRBTtxUTg,road,measured,1500,0.0213604
paterson:60amgEGA1TEcbtRBTtxUTg,road,with_standins,1500,0.0213604
paterson:60amgEGA1TEcbtRBTtxUTg,road,measured_ref_road,885,0.0115056
paterson:75T9ZXImSNQMpkN794zWRQ,sidewalk,measured,1492,0.0868932
paterson:75T9ZXImSNQMpkN794zWRQ,sidewalk,with_standins,1500,0.086713
paterson:75T9ZXImSNQMpkN794zWRQ,sidewalk,measured_ref_road,1243,0.0851167
paterson:75T9ZXImSNQMpkN794zWRQ,walk,measured,1491,0.0832095
paterson:75T9ZXImSNQMpkN794zWRQ,walk,with_standins,1500,0.0831362
paterson:75T9ZXImSNQMpkN794zWRQ,walk,measured_ref_road,1277,0.0812631
paterson:75T9ZXImSNQMpkN794zWRQ,road,measured,1498,-0.00261598
paterson:75T9ZXImSNQMpkN794zWRQ,road,with_standins,1500,-0.00262312
paterson:75T9ZXImSNQMpkN794zWRQ,road,measured_ref_road,1056,-5.2962e-05
paterson:7ZSHYN4Na-esoxvqvTzjwQ,sidewalk,measured,1188,-0.0105855
paterson:7ZSHYN4Na-esoxvqvTzjwQ,sidewalk,with_standins,1500,0.0164382
paterson:7ZSHYN4Na-esoxvqvTzjwQ,sidewalk,measured_ref_road,581,-0.247848
paterson:7ZSHYN4Na-esoxvqvTzjwQ,walk,measured,1007,-0.00945326
paterson:7ZSHYN4Na-esoxvqvTzjwQ,walk,with_standins,1500,0.0129013
paterson:7ZSHYN4Na-esoxvqvTzjwQ,walk,measured_ref_road,522,-0.0333218
paterson:7ZSHYN4Na-esoxvqvTzjwQ,road,measured,1281,0.0564653
paterson:7ZSHYN4Na-esoxvqvTzjwQ,road,with_standins,1500,0.0572196
paterson:7ZSHYN4Na-esoxvqvTzjwQ,road,measured_ref_road,559,-0.00739225
paterson:80E3CRwZRxGtczZCQX3JNg,sidewalk,measured,129,0.0561708
paterson:80E3CRwZRxGtczZCQX3JNg,sidewalk,with_standins,221,0.059259
paterson:80E3CRwZRxGtczZCQX3JNg,sidewalk,measured_ref_road,95,0.0597558
paterson:80E3CRwZRxGtczZCQX3JNg,walk,measured,221,0.0484057
paterson:80E3CRwZRxGtczZCQX3JNg,walk,with_standins,356,0.0516054
paterson:80E3CRwZRxGtczZCQX3JNg,walk,measured_ref_road,183,0.0519145
paterson:80E3CRwZRxGtczZCQX3JNg,road,measured,1395,0.0261673
paterson:80E3CRwZRxGtczZCQX3JNg,road,with_standins,1500,0.0266975
paterson:80E3CRwZRxGtczZCQX3JNg,road,measured_ref_road,1395,0.0261673
paterson:8NBnsxnKT5lNnv4ToKfO1Q,sidewalk,measured,1201,0.21357
paterson:8NBnsxnKT5lNnv4ToKfO1Q,sidewalk,with_standins,1212,0.205102
paterson:8NBnsxnKT5lNnv4ToKfO1Q,sidewalk,measured_ref_road,1077,0.235688
paterson:8NBnsxnKT5lNnv4ToKfO1Q,walk,measured,1487,0.215935
paterson:8NBnsxnKT5lNnv4ToKfO1Q,walk,with_standins,1500,0.211247
paterson:8NBnsxnKT5lNnv4ToKfO1Q,walk,measured_ref_road,1363,0.222223
paterson:8NBnsxnKT5lNnv4ToKfO1Q,road,measured,1497,0.062618
paterson:8NBnsxnKT5lNnv4ToKfO1Q,road,with_standins,1500,0.0624567
paterson:8NBnsxnKT5lNnv4ToKfO1Q,road,measured_ref_road,1494,0.0624567
paterson:8_b_fPkaKLKL1NpmMe3OMQ,sidewalk,measured,184,-0.0187714
paterson:8_b_fPkaKLKL1NpmMe3OMQ,sidewalk,with_standins,1500,0.0277124
paterson:8_b_fPkaKLKL1NpmMe3OMQ,sidewalk,measured_ref_road,21,0.0230954
paterson:8_b_fPkaKLKL1NpmMe3OMQ,walk,measured,163,-0.017821
paterson:8_b_fPkaKLKL1NpmMe3OMQ,walk,with_standins,1500,0.0255941
paterson:8_b_fPkaKLKL1NpmMe3OMQ,walk,measured_ref_road,30,-0.00422708
paterson:8_b_fPkaKLKL1NpmMe3OMQ,road,measured,217,-0.0144609
paterson:8_b_fPkaKLKL1NpmMe3OMQ,road,with_standins,1500,0.0103285
paterson:8_b_fPkaKLKL1NpmMe3OMQ,road,measured_ref_road,193,-0.00376059
paterson:9AZrydWz7yu5OFJmBXIzDg,sidewalk,measured,137,0.0168021
paterson:9AZrydWz7yu5OFJmBXIzDg,sidewalk,with_standins,137,0.0168021
paterson:9AZrydWz7yu5OFJmBXIzDg,walk,measured,361,0.00927496
paterson:9AZrydWz7yu5OFJmBXIzDg,walk,with_standins,361,0.00927496
paterson:9AZrydWz7yu5OFJmBXIzDg,road,measured,1500,0.0517983
paterson:9AZrydWz7yu5OFJmBXIzDg,road,with_standins,1500,0.0517983
paterson:9AZrydWz7yu5OFJmBXIzDg,road,measured_ref_road,465,0.0249792
paterson:ATosj02dIzTybtsR5ecUPA,sidewalk,measured,936,-0.0709669
paterson:ATosj02dIzTybtsR5ecUPA,sidewalk,with_standins,1500,-0.0741113
paterson:ATosj02dIzTybtsR5ecUPA,walk,measured,895,-0.0714138
paterson:ATosj02dIzTybtsR5ecUPA,walk,with_standins,1500,-0.0748883
paterson:ATosj02dIzTybtsR5ecUPA,walk,measured_ref_road,41,-0.0124572
paterson:ATosj02dIzTybtsR5ecUPA,road,measured,1014,-0.047657
paterson:ATosj02dIzTybtsR5ecUPA,road,with_standins,1500,-0.0768377
paterson:ATosj02dIzTybtsR5ecUPA,road,measured_ref_road,1014,-0.047657
paterson:AYBFFp06z_3m70ETRK2Jtw,sidewalk,measured,1500,0.012038
paterson:AYBFFp06z_3m70ETRK2Jtw,sidewalk,with_standins,1500,0.012038
paterson:AYBFFp06z_3m70ETRK2Jtw,sidewalk,measured_ref_road,194,-0.033153
paterson:AYBFFp06z_3m70ETRK2Jtw,walk,measured,1500,0.010669
paterson:AYBFFp06z_3m70ETRK2Jtw,walk,with_standins,1500,0.010669
paterson:AYBFFp06z_3m70ETRK2Jtw,walk,measured_ref_road,231,-0.026504
paterson:AYBFFp06z_3m70ETRK2Jtw,road,measured,1500,0.0080709
paterson:AYBFFp06z_3m70ETRK2Jtw,road,with_standins,1500,0.0080709
paterson:AYBFFp06z_3m70ETRK2Jtw,road,measured_ref_road,1368,0.00700255
paterson:AhV3GKVFnENcHwhG45WN2g,sidewalk,measured,1500,0.0240535
paterson:AhV3GKVFnENcHwhG45WN2g,sidewalk,with_standins,1500,0.0240535
paterson:AhV3GKVFnENcHwhG45WN2g,sidewalk,measured_ref_road,275,-0.0109953
paterson:AhV3GKVFnENcHwhG45WN2g,walk,measured,1500,0.0104044
paterson:AhV3GKVFnENcHwhG45WN2g,walk,with_standins,1500,0.0104044
paterson:AhV3GKVFnENcHwhG45WN2g,walk,measured_ref_road,453,-0.0122979
paterson:AhV3GKVFnENcHwhG45WN2g,road,measured,1500,-0.0551543
paterson:AhV3GKVFnENcHwhG45WN2g,road,with_standins,1500,-0.0551543
paterson:AhV3GKVFnENcHwhG45WN2g,road,measured_ref_road,1468,-0.0553401
paterson:BjV06xLkvfHDCTJMA5WK6Q,sidewalk,measured,221,0.0649707
paterson:BjV06xLkvfHDCTJMA5WK6Q,sidewalk,with_standins,221,0.0649707
paterson:BjV06xLkvfHDCTJMA5WK6Q,sidewalk,measured_ref_road,108,0.125456
paterson:BjV06xLkvfHDCTJMA5WK6Q,walk,measured,440,0.0209573
paterson:BjV06xLkvfHDCTJMA5WK6Q,walk,with_standins,440,0.0209573
paterson:BjV06xLkvfHDCTJMA5WK6Q,walk,measured_ref_road,305,0.0415748
paterson:BjV06xLkvfHDCTJMA5WK6Q,road,measured,1487,0.0734177
paterson:BjV06xLkvfHDCTJMA5WK6Q,road,with_standins,1500,0.0751575
paterson:BjV06xLkvfHDCTJMA5WK6Q,road,measured_ref_road,1483,0.0743746
paterson:Bv3GagtdyKXz2JVeZMpjrA,sidewalk,measured,424,0.0179164
paterson:Bv3GagtdyKXz2JVeZMpjrA,sidewalk,with_standins,1089,0.0411173
paterson:Bv3GagtdyKXz2JVeZMpjrA,sidewalk,measured_ref_road,105,0.0493846
paterson:Bv3GagtdyKXz2JVeZMpjrA,walk,measured,496,0.0160267
paterson:Bv3GagtdyKXz2JVeZMpjrA,walk,with_standins,1282,0.0397853
paterson:Bv3GagtdyKXz2JVeZMpjrA,walk,measured_ref_road,159,0.0277714
paterson:Bv3GagtdyKXz2JVeZMpjrA,road,measured,605,0.0206798
paterson:Bv3GagtdyKXz2JVeZMpjrA,road,with_standins,1500,0.0287864
paterson:Bv3GagtdyKXz2JVeZMpjrA,road,measured_ref_road,409,0.012277
paterson:BvnpSlTjHxKyBiX5tQ02Mg,sidewalk,measured,1457,0.0218145
paterson:BvnpSlTjHxKyBiX5tQ02Mg,sidewalk,with_standins,1457,0.0218145
paterson:BvnpSlTjHxKyBiX5tQ02Mg,sidewalk,measured_ref_road,1031,0.0311362
paterson:BvnpSlTjHxKyBiX5tQ02Mg,walk,measured,1500,0.025713
paterson:BvnpSlTjHxKyBiX5tQ02Mg,walk,with_standins,1500,0.025713
paterson:BvnpSlTjHxKyBiX5tQ02Mg,walk,measured_ref_road,1130,0.034185
paterson:BvnpSlTjHxKyBiX5tQ02Mg,road,measured,1500,0.0516952
paterson:BvnpSlTjHxKyBiX5tQ02Mg,road,with_standins,1500,0.0516952
paterson:BvnpSlTjHxKyBiX5tQ02Mg,road,measured_ref_road,1500,0.0516952
paterson:BwpJfUUUcWanSPtttY4KJw,sidewalk,measured,1369,0.0250761
paterson:BwpJfUUUcWanSPtttY4KJw,sidewalk,with_standins,1369,0.0250761
paterson:BwpJfUUUcWanSPtttY4KJw,sidewalk,measured_ref_road,361,0.146656
paterson:BwpJfUUUcWanSPtttY4KJw,walk,measured,1500,0.0257724
paterson:BwpJfUUUcWanSPtttY4KJw,walk,with_standins,1500,0.0257724
paterson:BwpJfUUUcWanSPtttY4KJw,walk,measured_ref_road,443,0.109975
paterson:BwpJfUUUcWanSPtttY4KJw,road,measured,1497,-0.00570978
paterson:BwpJfUUUcWanSPtttY4KJw,road,with_standins,1500,-0.00553956
paterson:BwpJfUUUcWanSPtttY4KJw,road,measured_ref_road,1395,-0.00907384
paterson:C-d-iXNcQ_LYqEup9COaOA,sidewalk,measured,1269,-0.0283576
paterson:C-d-iXNcQ_LYqEup9COaOA,sidewalk,with_standins,1269,-0.0283576
paterson:C-d-iXNcQ_LYqEup9COaOA,sidewalk,measured_ref_road,809,-0.0546449
paterson:C-d-iXNcQ_LYqEup9COaOA,walk,measured,1447,-0.021302
paterson:C-d-iXNcQ_LYqEup9COaOA,walk,with_standins,1447,-0.021302
paterson:C-d-iXNcQ_LYqEup9COaOA,walk,measured_ref_road,982,-0.0448317
paterson:C-d-iXNcQ_LYqEup9COaOA,road,measured,1500,0.0383675
paterson:C-d-iXNcQ_LYqEup9COaOA,road,with_standins,1500,0.0383675
paterson:C-d-iXNcQ_LYqEup9COaOA,road,measured_ref_road,1500,0.0383675
paterson:DjvAQ4p-Q78PR-6ohIs5kA,sidewalk,measured,435,0.0537433
paterson:DjvAQ4p-Q78PR-6ohIs5kA,sidewalk,with_standins,764,0.0624386
paterson:DjvAQ4p-Q78PR-6ohIs5kA,walk,measured,492,0.0407984
paterson:DjvAQ4p-Q78PR-6ohIs5kA,walk,with_standins,866,0.0537914
paterson:DjvAQ4p-Q78PR-6ohIs5kA,walk,measured_ref_road,70,-0.016281
paterson:DjvAQ4p-Q78PR-6ohIs5kA,road,measured,151,0.00075743
paterson:DjvAQ4p-Q78PR-6ohIs5kA,road,with_standins,284,0.0179608
paterson:DjvAQ4p-Q78PR-6ohIs5kA,road,measured_ref_road,148,0.00177239
paterson:EIUNEZz3tbipOJ72-2dQzg,sidewalk,measured,1500,0.0746657
paterson:EIUNEZz3tbipOJ72-2dQzg,sidewalk,with_standins,1500,0.0746657
paterson:EIUNEZz3tbipOJ72-2dQzg,sidewalk,measured_ref_road,206,0.0465198
paterson:EIUNEZz3tbipOJ72-2dQzg,walk,measured,1500,0.0839574
paterson:EIUNEZz3tbipOJ72-2dQzg,walk,with_standins,1500,0.0839574
paterson:EIUNEZz3tbipOJ72-2dQzg,walk,measured_ref_road,337,0.0446436
paterson:EIUNEZz3tbipOJ72-2dQzg,road,measured,1500,0.0138681
paterson:EIUNEZz3tbipOJ72-2dQzg,road,with_standins,1500,0.0138681
paterson:EIUNEZz3tbipOJ72-2dQzg,road,measured_ref_road,1425,0.0127197
paterson:G2Cvex9yWgd38gTaLEXxtA,sidewalk,measured,1212,0.0287947
paterson:G2Cvex9yWgd38gTaLEXxtA,sidewalk,with_standins,1500,0.0359565
paterson:G2Cvex9yWgd38gTaLEXxtA,sidewalk,measured_ref_road,386,0.0942482
paterson:G2Cvex9yWgd38gTaLEXxtA,walk,measured,1204,0.0318112
paterson:G2Cvex9yWgd38gTaLEXxtA,walk,with_standins,1500,0.0404025
paterson:G2Cvex9yWgd38gTaLEXxtA,walk,measured_ref_road,515,0.0650028
paterson:G2Cvex9yWgd38gTaLEXxtA,road,measured,1157,0.041464
paterson:G2Cvex9yWgd38gTaLEXxtA,road,with_standins,1500,0.0405255
paterson:G2Cvex9yWgd38gTaLEXxtA,road,measured_ref_road,1119,0.0418396
paterson:G7_klPoeLoxXAdoW6affDA,sidewalk,measured,1084,0.11522
paterson:G7_klPoeLoxXAdoW6affDA,sidewalk,with_standins,1084,0.11522
paterson:G7_klPoeLoxXAdoW6affDA,sidewalk,measured_ref_road,945,0.126019
paterson:G7_klPoeLoxXAdoW6affDA,walk,measured,1356,0.0998209
paterson:G7_klPoeLoxXAdoW6affDA,walk,with_standins,1356,0.0998209
paterson:G7_klPoeLoxXAdoW6affDA,walk,measured_ref_road,1214,0.107596
paterson:G7_klPoeLoxXAdoW6affDA,road,measured,1500,0.0498615
paterson:G7_klPoeLoxXAdoW6affDA,road,with_standins,1500,0.0498615
paterson:G7_klPoeLoxXAdoW6affDA,road,measured_ref_road,1500,0.0498615
paterson:GBSPMaXXCAqOdrozYcHR3w,sidewalk,measured,1186,0.135026
paterson:GBSPMaXXCAqOdrozYcHR3w,sidewalk,with_standins,1186,0.135026
paterson:GBSPMaXXCAqOdrozYcHR3w,sidewalk,measured_ref_road,998,0.151428
paterson:GBSPMaXXCAqOdrozYcHR3w,walk,measured,1348,0.126476
paterson:GBSPMaXXCAqOdrozYcHR3w,walk,with_standins,1348,0.126476
paterson:GBSPMaXXCAqOdrozYcHR3w,walk,measured_ref_road,1156,0.145468
paterson:GBSPMaXXCAqOdrozYcHR3w,road,measured,1500,0.0506539
paterson:GBSPMaXXCAqOdrozYcHR3w,road,with_standins,1500,0.0506539
paterson:GBSPMaXXCAqOdrozYcHR3w,road,measured_ref_road,1498,0.0508447
paterson:HFYowXmV7u1c0TMp-p_pgQ,sidewalk,measured,1454,0.0385636
paterson:HFYowXmV7u1c0TMp-p_pgQ,sidewalk,with_standins,1500,0.0415837
paterson:HFYowXmV7u1c0TMp-p_pgQ,sidewalk,measured_ref_road,930,0.0754637
paterson:HFYowXmV7u1c0TMp-p_pgQ,walk,measured,1461,0.0431051
paterson:HFYowXmV7u1c0TMp-p_pgQ,walk,with_standins,1500,0.0437816
paterson:HFYowXmV7u1c0TMp-p_pgQ,walk,measured_ref_road,1009,0.0706937
paterson:HFYowXmV7u1c0TMp-p_pgQ,road,measured,1484,0.01997
paterson:HFYowXmV7u1c0TMp-p_pgQ,road,with_standins,1500,0.0199855
paterson:HFYowXmV7u1c0TMp-p_pgQ,road,measured_ref_road,1436,0.0195541
paterson:HHjmf0kWHmcwWAOfg7b4tw,sidewalk,measured,250,0.0460587
paterson:HHjmf0kWHmcwWAOfg7b4tw,sidewalk,with_standins,1006,0.101535
paterson:HHjmf0kWHmcwWAOfg7b4tw,sidewalk,measured_ref_road,62,0.0496442
paterson:HHjmf0kWHmcwWAOfg7b4tw,walk,measured,322,0.032167
paterson:HHjmf0kWHmcwWAOfg7b4tw,walk,with_standins,1333,0.0976553
paterson:HHjmf0kWHmcwWAOfg7b4tw,walk,measured_ref_road,131,0.0260883
paterson:HHjmf0kWHmcwWAOfg7b4tw,road,measured,548,-0.0408169
paterson:HHjmf0kWHmcwWAOfg7b4tw,road,with_standins,1500,-0.017399
paterson:HHjmf0kWHmcwWAOfg7b4tw,road,measured_ref_road,547,-0.0409675
paterson:IXCSjRuAqY4_iyOU_2rxeQ,sidewalk,measured,173,0.0940385
paterson:IXCSjRuAqY4_iyOU_2rxeQ,sidewalk,with_standins,1500,0.107258
paterson:IXCSjRuAqY4_iyOU_2rxeQ,sidewalk,measured_ref_road,111,0.105151
paterson:IXCSjRuAqY4_iyOU_2rxeQ,walk,measured,148,0.093733
paterson:IXCSjRuAqY4_iyOU_2rxeQ,walk,with_standins,1500,0.101746
paterson:IXCSjRuAqY4_iyOU_2rxeQ,walk,measured_ref_road,94,0.103598
paterson:IXCSjRuAqY4_iyOU_2rxeQ,road,measured,132,-0.0251403
paterson:IXCSjRuAqY4_iyOU_2rxeQ,road,with_standins,1500,0.01335
paterson:IXCSjRuAqY4_iyOU_2rxeQ,road,measured_ref_road,132,-0.0251403
paterson:L8lyOJwUI8j3Mk_cV-R80Q,sidewalk,measured,276,0.0135057
paterson:L8lyOJwUI8j3Mk_cV-R80Q,sidewalk,with_standins,505,0.0243922
paterson:L8lyOJwUI8j3Mk_cV-R80Q,sidewalk,measured_ref_road,203,0.0181058
paterson:L8lyOJwUI8j3Mk_cV-R80Q,walk,measured,364,0.0135258
paterson:L8lyOJwUI8j3Mk_cV-R80Q,walk,with_standins,676,0.025682
paterson:L8lyOJwUI8j3Mk_cV-R80Q,walk,measured_ref_road,288,0.0166768
paterson:L8lyOJwUI8j3Mk_cV-R80Q,road,measured,1208,0.0312785
paterson:L8lyOJwUI8j3Mk_cV-R80Q,road,with_standins,1500,0.0340245
paterson:L8lyOJwUI8j3Mk_cV-R80Q,road,measured_ref_road,1208,0.0312785
paterson:NqOWmuzYX0M4vXF6ioTD7Q,sidewalk,measured,269,0.0854502
paterson:NqOWmuzYX0M4vXF6ioTD7Q,sidewalk,with_standins,269,0.0854502
paterson:NqOWmuzYX0M4vXF6ioTD7Q,sidewalk,measured_ref_road,126,0.153542
paterson:NqOWmuzYX0M4vXF6ioTD7Q,walk,measured,569,0.0921277
paterson:NqOWmuzYX0M4vXF6ioTD7Q,walk,with_standins,569,0.0921277
paterson:NqOWmuzYX0M4vXF6ioTD7Q,walk,measured_ref_road,410,0.101852
paterson:NqOWmuzYX0M4vXF6ioTD7Q,road,measured,1500,-0.0131815
paterson:NqOWmuzYX0M4vXF6ioTD7Q,road,with_standins,1500,-0.0131815
paterson:NqOWmuzYX0M4vXF6ioTD7Q,road,measured_ref_road,1496,-0.013121
paterson:OhdI54JArKc1UopNZiFoZg,sidewalk,measured,990,0.0745923
paterson:OhdI54JArKc1UopNZiFoZg,sidewalk,with_standins,1128,0.0802479
paterson:OhdI54JArKc1UopNZiFoZg,sidewalk,measured_ref_road,862,0.0769216
paterson:OhdI54JArKc1UopNZiFoZg,walk,measured,1177,0.0681773
paterson:OhdI54JArKc1UopNZiFoZg,walk,with_standins,1357,0.075226
paterson:OhdI54JArKc1UopNZiFoZg,walk,measured_ref_road,1048,0.0716337
paterson:OhdI54JArKc1UopNZiFoZg,road,measured,566,0.0308052
paterson:OhdI54JArKc1UopNZiFoZg,road,with_standins,622,0.0314238
paterson:OhdI54JArKc1UopNZiFoZg,road,measured_ref_road,566,0.0308052
paterson:PM92O1ji0i42GTuhT_ll5A,sidewalk,measured,1224,-0.00172416
paterson:PM92O1ji0i42GTuhT_ll5A,sidewalk,with_standins,1275,0.0024518
paterson:PM92O1ji0i42GTuhT_ll5A,sidewalk,measured_ref_road,436,-0.105041
paterson:PM92O1ji0i42GTuhT_ll5A,walk,measured,1432,-0.0145018
paterson:PM92O1ji0i42GTuhT_ll5A,walk,with_standins,1500,-0.00844096
paterson:PM92O1ji0i42GTuhT_ll5A,walk,measured_ref_road,634,-0.0828502
paterson:PM92O1ji0i42GTuhT_ll5A,road,measured,1448,-0.057476
paterson:PM92O1ji0i42GTuhT_ll5A,road,with_standins,1500,-0.0551742
paterson:PM92O1ji0i42GTuhT_ll5A,road,measured_ref_road,669,-0.0325302
paterson:PS-Atz2shq5v6QtlJs6OlA,sidewalk,measured,1419,0.0652469
paterson:PS-Atz2shq5v6QtlJs6OlA,sidewalk,with_standins,1500,0.0649425
paterson:PS-Atz2shq5v6QtlJs6OlA,sidewalk,measured_ref_road,536,0.0668082
paterson:PS-Atz2shq5v6QtlJs6OlA,walk,measured,1438,0.0607812
paterson:PS-Atz2shq5v6QtlJs6OlA,walk,with_standins,1500,0.0607024
paterson:PS-Atz2shq5v6QtlJs6OlA,walk,measured_ref_road,777,0.061714
paterson:PS-Atz2shq5v6QtlJs6OlA,road,measured,1491,0.0175749
paterson:PS-Atz2shq5v6QtlJs6OlA,road,with_standins,1500,0.0174895
paterson:PS-Atz2shq5v6QtlJs6OlA,road,measured_ref_road,1473,0.0180019
paterson:Q5D74UJFt5D2PVhGxRh1sw,sidewalk,measured,655,-0.145334
paterson:Q5D74UJFt5D2PVhGxRh1sw,sidewalk,with_standins,946,0.00518185
paterson:Q5D74UJFt5D2PVhGxRh1sw,sidewalk,measured_ref_road,195,-0.345417
paterson:Q5D74UJFt5D2PVhGxRh1sw,walk,measured,761,-0.132615
paterson:Q5D74UJFt5D2PVhGxRh1sw,walk,with_standins,1186,0.0163077
paterson:Q5D74UJFt5D2PVhGxRh1sw,walk,measured_ref_road,297,-0.229076
paterson:Q5D74UJFt5D2PVhGxRh1sw,road,measured,1077,0.0485815
paterson:Q5D74UJFt5D2PVhGxRh1sw,road,with_standins,1500,0.0480343
paterson:Q5D74UJFt5D2PVhGxRh1sw,road,measured_ref_road,1076,0.0486102
paterson:QBTZFMjfQRfbiv9e7gAG2g,sidewalk,measured,1144,0.100886
paterson:QBTZFMjfQRfbiv9e7gAG2g,sidewalk,with_standins,1487,0.102445
paterson:QBTZFMjfQRfbiv9e7gAG2g,sidewalk,measured_ref_road,705,0.163171
paterson:QBTZFMjfQRfbiv9e7gAG2g,walk,measured,1119,0.0951913
paterson:QBTZFMjfQRfbiv9e7gAG2g,walk,with_standins,1483,0.101164
paterson:QBTZFMjfQRfbiv9e7gAG2g,walk,measured_ref_road,739,0.141167
paterson:QBTZFMjfQRfbiv9e7gAG2g,road,measured,423,-0.00628501
paterson:QBTZFMjfQRfbiv9e7gAG2g,road,with_standins,1237,0.0230007
paterson:QBTZFMjfQRfbiv9e7gAG2g,road,measured_ref_road,423,-0.00628501
paterson:R9WHDEVRAq5IdtLkLFhL_A,sidewalk,measured,975,-0.0133403
paterson:R9WHDEVRAq5IdtLkLFhL_A,sidewalk,with_standins,1222,0.00150482
paterson:R9WHDEVRAq5IdtLkLFhL_A,sidewalk,measured_ref_road,154,-0.0613891
paterson:R9WHDEVRAq5IdtLkLFhL_A,walk,measured,1262,-0.031235
paterson:R9WHDEVRAq5IdtLkLFhL_A,walk,with_standins,1500,-0.023183
paterson:R9WHDEVRAq5IdtLkLFhL_A,walk,measured_ref_road,699,-0.0466615
paterson:R9WHDEVRAq5IdtLkLFhL_A,road,measured,967,-0.0101049
paterson:R9WHDEVRAq5IdtLkLFhL_A,road,with_standins,1500,-0.00147392
paterson:R9WHDEVRAq5IdtLkLFhL_A,road,measured_ref_road,967,-0.0101049
paterson:RGAxlzGeyK3ncjFZ9VXpBA,sidewalk,measured,1004,0.053944
paterson:RGAxlzGeyK3ncjFZ9VXpBA,sidewalk,with_standins,1004,0.053944
paterson:RGAxlzGeyK3ncjFZ9VXpBA,sidewalk,measured_ref_road,362,0.0346109
paterson:RGAxlzGeyK3ncjFZ9VXpBA,walk,measured,1500,0.0377163
paterson:RGAxlzGeyK3ncjFZ9VXpBA,walk,with_standins,1500,0.0377163
paterson:RGAxlzGeyK3ncjFZ9VXpBA,walk,measured_ref_road,871,0.00642824
paterson:RGAxlzGeyK3ncjFZ9VXpBA,road,measured,1500,0.0174597
paterson:RGAxlzGeyK3ncjFZ9VXpBA,road,with_standins,1500,0.0174597
paterson:RGAxlzGeyK3ncjFZ9VXpBA,road,measured_ref_road,1491,0.0180465
paterson:S06PQMrwEby-_62F0U4Oww,sidewalk,measured,1498,-0.0071969
paterson:S06PQMrwEby-_62F0U4Oww,sidewalk,with_standins,1500,-0.00692811
paterson:S06PQMrwEby-_62F0U4Oww,sidewalk,measured_ref_road,434,-0.130527
paterson:S06PQMrwEby-_62F0U4Oww,walk,measured,1497,-0.0156015
paterson:S06PQMrwEby-_62F0U4Oww,walk,with_standins,1500,-0.0154427
paterson:S06PQMrwEby-_62F0U4Oww,walk,measured_ref_road,532,-0.111714
paterson:S06PQMrwEby-_62F0U4Oww,road,measured,1475,-0.0216551
paterson:S06PQMrwEby-_62F0U4Oww,road,with_standins,1500,-0.0215984
paterson:S06PQMrwEby-_62F0U4Oww,road,measured_ref_road,1457,-0.0216613
paterson:TFX8xO7By2dnr_cYK59_Gw,sidewalk,measured,1422,0.291109
paterson:TFX8xO7By2dnr_cYK59_Gw,sidewalk,with_standins,1500,0.272121
paterson:TFX8xO7By2dnr_cYK59_Gw,sidewalk,measured_ref_road,1418,0.292677
paterson:TFX8xO7By2dnr_cYK59_Gw,walk,measured,1432,0.26257
paterson:TFX8xO7By2dnr_cYK59_Gw,walk,with_standins,1500,0.252274
paterson:TFX8xO7By2dnr_cYK59_Gw,walk,measured_ref_road,1426,0.264535
paterson:TFX8xO7By2dnr_cYK59_Gw,road,measured,807,-0.00656212
paterson:TFX8xO7By2dnr_cYK59_Gw,road,with_standins,1500,0.0225471
paterson:TFX8xO7By2dnr_cYK59_Gw,road,measured_ref_road,807,-0.00656212
paterson:TO2IeKCGXF_kk9hxE-_Nkg,sidewalk,measured,1500,-0.0267999
paterson:TO2IeKCGXF_kk9hxE-_Nkg,sidewalk,with_standins,1500,-0.0267999
paterson:TO2IeKCGXF_kk9hxE-_Nkg,sidewalk,measured_ref_road,1363,-0.0238242
paterson:TO2IeKCGXF_kk9hxE-_Nkg,walk,measured,1500,-0.0230924
paterson:TO2IeKCGXF_kk9hxE-_Nkg,walk,with_standins,1500,-0.0230924
paterson:TO2IeKCGXF_kk9hxE-_Nkg,walk,measured_ref_road,1373,-0.0209707
paterson:TO2IeKCGXF_kk9hxE-_Nkg,road,measured,1500,-0.0614494
paterson:TO2IeKCGXF_kk9hxE-_Nkg,road,with_standins,1500,-0.0614494
paterson:TO2IeKCGXF_kk9hxE-_Nkg,road,measured_ref_road,1500,-0.0614494
paterson:Tt-ZblLT07az2ybbNYiaKg,sidewalk,measured,827,0.169128
paterson:Tt-ZblLT07az2ybbNYiaKg,sidewalk,with_standins,827,0.169128
paterson:Tt-ZblLT07az2ybbNYiaKg,sidewalk,measured_ref_road,487,0.235441
paterson:Tt-ZblLT07az2ybbNYiaKg,walk,measured,1009,0.140633
paterson:Tt-ZblLT07az2ybbNYiaKg,walk,with_standins,1009,0.140633
paterson:Tt-ZblLT07az2ybbNYiaKg,walk,measured_ref_road,654,0.191584
paterson:Tt-ZblLT07az2ybbNYiaKg,road,measured,1500,-0.0663112
paterson:Tt-ZblLT07az2ybbNYiaKg,road,with_standins,1500,-0.0663112
paterson:Tt-ZblLT07az2ybbNYiaKg,road,measured_ref_road,1500,-0.0663112
paterson:Tyc7Xoi2Qu6tNrHVre2kNA,sidewalk,measured,1422,-0.0607886
paterson:Tyc7Xoi2Qu6tNrHVre2kNA,sidewalk,with_standins,1500,-0.0537714
paterson:Tyc7Xoi2Qu6tNrHVre2kNA,sidewalk,measured_ref_road,1294,-0.0634857
paterson:Tyc7Xoi2Qu6tNrHVre2kNA,walk,measured,1390,-0.0607178
paterson:Tyc7Xoi2Qu6tNrHVre2kNA,walk,with_standins,1500,-0.0523598
paterson:Tyc7Xoi2Qu6tNrHVre2kNA,walk,measured_ref_road,1199,-0.065498
paterson:Tyc7Xoi2Qu6tNrHVre2kNA,road,measured,639,0.00453126
paterson:Tyc7Xoi2Qu6tNrHVre2kNA,road,with_standins,848,0.00942507
paterson:Tyc7Xoi2Qu6tNrHVre2kNA,road,measured_ref_road,615,0.00418616
paterson:U6iQcIYtWc0Xbflaeshkdg,sidewalk,measured,1500,0.0215624
paterson:U6iQcIYtWc0Xbflaeshkdg,sidewalk,with_standins,1500,0.0215624
paterson:U6iQcIYtWc0Xbflaeshkdg,walk,measured,1500,0.0213692
paterson:U6iQcIYtWc0Xbflaeshkdg,walk,with_standins,1500,0.0213692
paterson:U6iQcIYtWc0Xbflaeshkdg,walk,measured_ref_road,21,0.219876
paterson:U6iQcIYtWc0Xbflaeshkdg,road,measured,1500,0.0875697
paterson:U6iQcIYtWc0Xbflaeshkdg,road,with_standins,1500,0.0875697
paterson:U6iQcIYtWc0Xbflaeshkdg,road,measured_ref_road,463,0.0117336
paterson:UHcgUZHk3c4QDbrWSH--rw,sidewalk,measured,1500,0.0144774
paterson:UHcgUZHk3c4QDbrWSH--rw,sidewalk,with_standins,1500,0.0144774
paterson:UHcgUZHk3c4QDbrWSH--rw,sidewalk,measured_ref_road,175,0.0784777
paterson:UHcgUZHk3c4QDbrWSH--rw,walk,measured,1500,0.0138164
paterson:UHcgUZHk3c4QDbrWSH--rw,walk,with_standins,1500,0.0138164
paterson:UHcgUZHk3c4QDbrWSH--rw,walk,measured_ref_road,214,0.0900036
paterson:UHcgUZHk3c4QDbrWSH--rw,road,measured,1500,0.0275977
paterson:UHcgUZHk3c4QDbrWSH--rw,road,with_standins,1500,0.0275977
paterson:UHcgUZHk3c4QDbrWSH--rw,road,measured_ref_road,1352,0.0265584
paterson:UOMaPWpm2CRHbfqMgY_hbQ,sidewalk,measured,1500,0.0907977
paterson:UOMaPWpm2CRHbfqMgY_hbQ,sidewalk,with_standins,1500,0.0907977
paterson:UOMaPWpm2CRHbfqMgY_hbQ,sidewalk,measured_ref_road,1078,0.132813
paterson:UOMaPWpm2CRHbfqMgY_hbQ,walk,measured,1500,0.094387
paterson:UOMaPWpm2CRHbfqMgY_hbQ,walk,with_standins,1500,0.094387
paterson:UOMaPWpm2CRHbfqMgY_hbQ,walk,measured_ref_road,1153,0.120376
paterson:UOMaPWpm2CRHbfqMgY_hbQ,road,measured,1500,0.0457925
paterson:UOMaPWpm2CRHbfqMgY_hbQ,road,with_standins,1500,0.0457925
paterson:UOMaPWpm2CRHbfqMgY_hbQ,road,measured_ref_road,1451,0.0466146
paterson:Uh1qGHtgaFQVFpiBQyeN8Q,sidewalk,measured,75,0.117239
paterson:Uh1qGHtgaFQVFpiBQyeN8Q,sidewalk,with_standins,75,0.117239
paterson:Uh1qGHtgaFQVFpiBQyeN8Q,sidewalk,measured_ref_road,73,0.11882
paterson:Uh1qGHtgaFQVFpiBQyeN8Q,walk,measured,265,0.130539
paterson:Uh1qGHtgaFQVFpiBQyeN8Q,walk,with_standins,368,0.133802
paterson:Uh1qGHtgaFQVFpiBQyeN8Q,walk,measured_ref_road,262,0.13115
paterson:Uh1qGHtgaFQVFpiBQyeN8Q,road,measured,1439,0.123169
paterson:Uh1qGHtgaFQVFpiBQyeN8Q,road,with_standins,1500,0.12307
paterson:Uh1qGHtgaFQVFpiBQyeN8Q,road,measured_ref_road,1322,0.124244
paterson:WDlpinKjYLWq0r40CkoGrw,sidewalk,measured,538,0.0224645
paterson:WDlpinKjYLWq0r40CkoGrw,sidewalk,with_standins,538,0.0224645
paterson:WDlpinKjYLWq0r40CkoGrw,sidewalk,measured_ref_road,297,-0.0304214
paterson:WDlpinKjYLWq0r40CkoGrw,walk,measured,588,0.0240607
paterson:WDlpinKjYLWq0r40CkoGrw,walk,with_standins,588,0.0240607
paterson:WDlpinKjYLWq0r40CkoGrw,walk,measured_ref_road,346,-0.0194607
paterson:WDlpinKjYLWq0r40CkoGrw,road,measured,1500,-0.032761
paterson:WDlpinKjYLWq0r40CkoGrw,road,with_standins,1500,-0.032761
paterson:WDlpinKjYLWq0r40CkoGrw,road,measured_ref_road,1479,-0.0342097
paterson:WNiUHjkafGBEnMc0nc4wkQ,sidewalk,measured,806,0.0299256
paterson:WNiUHjkafGBEnMc0nc4wkQ,sidewalk,with_standins,1058,0.0528978
paterson:WNiUHjkafGBEnMc0nc4wkQ,sidewalk,measured_ref_road,320,-0.117641
paterson:WNiUHjkafGBEnMc0nc4wkQ,walk,measured,990,0.0295464
paterson:WNiUHjkafGBEnMc0nc4wkQ,walk,with_standins,1286,0.0508461
paterson:WNiUHjkafGBEnMc0nc4wkQ,walk,measured_ref_road,492,0.02277
paterson:WNiUHjkafGBEnMc0nc4wkQ,road,measured,640,0.0358848
paterson:WNiUHjkafGBEnMc0nc4wkQ,road,with_standins,1500,0.00297778
paterson:WNiUHjkafGBEnMc0nc4wkQ,road,measured_ref_road,634,0.0361249
paterson:WX-82gCn8WVM76EBN-JjlQ,sidewalk,measured,984,0.00351712
paterson:WX-82gCn8WVM76EBN-JjlQ,sidewalk,with_standins,1500,0.0722108
paterson:WX-82gCn8WVM76EBN-JjlQ,sidewalk,measured_ref_road,692,0.019972
paterson:WX-82gCn8WVM76EBN-JjlQ,walk,measured,969,0.00331098
paterson:WX-82gCn8WVM76EBN-JjlQ,walk,with_standins,1500,0.0759005
paterson:WX-82gCn8WVM76EBN-JjlQ,walk,measured_ref_road,704,0.0128645
paterson:WX-82gCn8WVM76EBN-JjlQ,road,measured,617,0.0189166
paterson:WX-82gCn8WVM76EBN-JjlQ,road,with_standins,1500,0.0277492
paterson:WX-82gCn8WVM76EBN-JjlQ,road,measured_ref_road,617,0.0189166
paterson:WoAP6tTVMjKMFEwdCi7YaQ,sidewalk,measured,207,-0.026916
paterson:WoAP6tTVMjKMFEwdCi7YaQ,sidewalk,with_standins,207,-0.026916
paterson:WoAP6tTVMjKMFEwdCi7YaQ,walk,measured,210,-0.0265474
paterson:WoAP6tTVMjKMFEwdCi7YaQ,walk,with_standins,210,-0.0265474
paterson:WoAP6tTVMjKMFEwdCi7YaQ,road,measured,247,0.0361783
paterson:WoAP6tTVMjKMFEwdCi7YaQ,road,with_standins,247,0.0361783
paterson:WoAP6tTVMjKMFEwdCi7YaQ,road,measured_ref_road,247,0.0361783
paterson:X3ppzLhvsS7aGu9Lv8GdBA,sidewalk,measured,1492,0.0825516
paterson:X3ppzLhvsS7aGu9Lv8GdBA,sidewalk,with_standins,1492,0.0825516
paterson:X3ppzLhvsS7aGu9Lv8GdBA,sidewalk,measured_ref_road,644,0.468401
paterson:X3ppzLhvsS7aGu9Lv8GdBA,walk,measured,1500,0.0684286
paterson:X3ppzLhvsS7aGu9Lv8GdBA,walk,with_standins,1500,0.0684286
paterson:X3ppzLhvsS7aGu9Lv8GdBA,walk,measured_ref_road,712,0.399062
paterson:X3ppzLhvsS7aGu9Lv8GdBA,road,measured,1500,-0.0387438
paterson:X3ppzLhvsS7aGu9Lv8GdBA,road,with_standins,1500,-0.0387438
paterson:X3ppzLhvsS7aGu9Lv8GdBA,road,measured_ref_road,1475,-0.0388714
paterson:XRsv_X3jYvAM1BPI-oQJUg,sidewalk,measured,165,0.0197391
paterson:XRsv_X3jYvAM1BPI-oQJUg,sidewalk,with_standins,165,0.0197391
paterson:XRsv_X3jYvAM1BPI-oQJUg,sidewalk,measured_ref_road,85,0.0321008
paterson:XRsv_X3jYvAM1BPI-oQJUg,walk,measured,194,0.0218557
paterson:XRsv_X3jYvAM1BPI-oQJUg,walk,with_standins,194,0.0218557
paterson:XRsv_X3jYvAM1BPI-oQJUg,walk,measured_ref_road,114,0.0298459
paterson:XRsv_X3jYvAM1BPI-oQJUg,road,measured,1500,0.000127036
paterson:XRsv_X3jYvAM1BPI-oQJUg,road,with_standins,1500,0.000127036
paterson:XRsv_X3jYvAM1BPI-oQJUg,road,measured_ref_road,1459,-0.000156834
paterson:Xs3lDDc1o50wJmW9eGx_WA,sidewalk,measured,1279,0.0980191
paterson:Xs3lDDc1o50wJmW9eGx_WA,sidewalk,with_standins,1500,0.0922143
paterson:Xs3lDDc1o50wJmW9eGx_WA,sidewalk,measured_ref_road,808,0.186661
paterson:Xs3lDDc1o50wJmW9eGx_WA,walk,measured,1267,0.108425
paterson:Xs3lDDc1o50wJmW9eGx_WA,walk,with_standins,1500,0.106169
paterson:Xs3lDDc1o50wJmW9eGx_WA,walk,measured_ref_road,889,0.185443
paterson:Xs3lDDc1o50wJmW9eGx_WA,road,measured,1244,-0.123886
paterson:Xs3lDDc1o50wJmW9eGx_WA,road,with_standins,1500,-0.0286351
paterson:Xs3lDDc1o50wJmW9eGx_WA,road,measured_ref_road,746,0.00895924
paterson:Yg0X7I5adOM5rem7YVbwAg,sidewalk,measured,259,0.159008
paterson:Yg0X7I5adOM5rem7YVbwAg,sidewalk,with_standins,259,0.159008
paterson:Yg0X7I5adOM5rem7YVbwAg,sidewalk,measured_ref_road,211,0.166463
paterson:Yg0X7I5adOM5rem7YVbwAg,walk,measured,318,0.15557
paterson:Yg0X7I5adOM5rem7YVbwAg,walk,with_standins,318,0.15557
paterson:Yg0X7I5adOM5rem7YVbwAg,walk,measured_ref_road,269,0.163722
paterson:Yg0X7I5adOM5rem7YVbwAg,road,measured,1500,0.0340173
paterson:Yg0X7I5adOM5rem7YVbwAg,road,with_standins,1500,0.0340173
paterson:Yg0X7I5adOM5rem7YVbwAg,road,measured_ref_road,1108,0.025759
paterson:Z929dNP7sDp8cU6sjIeKAw,sidewalk,measured,1206,0.0138032
paterson:Z929dNP7sDp8cU6sjIeKAw,sidewalk,with_standins,1500,0.0392608
paterson:Z929dNP7sDp8cU6sjIeKAw,sidewalk,measured_ref_road,314,0.0908486
paterson:Z929dNP7sDp8cU6sjIeKAw,walk,measured,1192,0.0218476
paterson:Z929dNP7sDp8cU6sjIeKAw,walk,with_standins,1500,0.0418114
paterson:Z929dNP7sDp8cU6sjIeKAw,walk,measured_ref_road,362,0.0879122
paterson:Z929dNP7sDp8cU6sjIeKAw,road,measured,1426,0.00288166
paterson:Z929dNP7sDp8cU6sjIeKAw,road,with_standins,1500,0.00507279
paterson:Z929dNP7sDp8cU6sjIeKAw,road,measured_ref_road,551,0.0597982
paterson:ZcGyifqcyvUwLtCYGTr3oA,sidewalk,measured,1500,0.0338922
paterson:ZcGyifqcyvUwLtCYGTr3oA,sidewalk,with_standins,1500,0.0338922
paterson:ZcGyifqcyvUwLtCYGTr3oA,sidewalk,measured_ref_road,250,-0.0537922
paterson:ZcGyifqcyvUwLtCYGTr3oA,walk,measured,1500,0.026012
paterson:ZcGyifqcyvUwLtCYGTr3oA,walk,with_standins,1500,0.026012
paterson:ZcGyifqcyvUwLtCYGTr3oA,walk,measured_ref_road,381,-0.055984
paterson:ZcGyifqcyvUwLtCYGTr3oA,road,measured,1500,-0.111298
paterson:ZcGyifqcyvUwLtCYGTr3oA,road,with_standins,1500,-0.111298
paterson:ZcGyifqcyvUwLtCYGTr3oA,road,measured_ref_road,1483,-0.111848
paterson:Zu314hB3XfshUEt2hsd0RQ,sidewalk,measured,1500,-0.0690361
paterson:Zu314hB3XfshUEt2hsd0RQ,sidewalk,with_standins,1500,-0.0690361
paterson:Zu314hB3XfshUEt2hsd0RQ,sidewalk,measured_ref_road,92,-0.0792425
paterson:Zu314hB3XfshUEt2hsd0RQ,walk,measured,1500,-0.0746852
paterson:Zu314hB3XfshUEt2hsd0RQ,walk,with_standins,1500,-0.0746852
paterson:Zu314hB3XfshUEt2hsd0RQ,walk,measured_ref_road,124,-0.0350893
paterson:Zu314hB3XfshUEt2hsd0RQ,road,measured,1500,0.0799022
paterson:Zu314hB3XfshUEt2hsd0RQ,road,with_standins,1500,0.0799022
paterson:Zu314hB3XfshUEt2hsd0RQ,road,measured_ref_road,1034,0.0361403
paterson:_8m5h_Iu713wwh652Kq9VQ,sidewalk,measured,1500,-0.0134023
paterson:_8m5h_Iu713wwh652Kq9VQ,sidewalk,with_standins,1500,-0.0134023
paterson:_8m5h_Iu713wwh652Kq9VQ,sidewalk,measured_ref_road,529,-0.0376344
paterson:_8m5h_Iu713wwh652Kq9VQ,walk,measured,1500,-0.00578368
paterson:_8m5h_Iu713wwh652Kq9VQ,walk,with_standins,1500,-0.00578368
paterson:_8m5h_Iu713wwh652Kq9VQ,walk,measured_ref_road,569,-0.0331804
paterson:_8m5h_Iu713wwh652Kq9VQ,road,measured,1491,0.133044
paterson:_8m5h_Iu713wwh652Kq9VQ,road,with_standins,1500,0.132432
paterson:_8m5h_Iu713wwh652Kq9VQ,road,measured_ref_road,280,-0.00845164
paterson:_FfdhRGlkbTABymQR3t1_A,sidewalk,measured,447,-0.0146458
paterson:_FfdhRGlkbTABymQR3t1_A,sidewalk,with_standins,447,-0.0146458
paterson:_FfdhRGlkbTABymQR3t1_A,sidewalk,measured_ref_road,93,0.197908
paterson:_FfdhRGlkbTABymQR3t1_A,walk,measured,1092,-0.0247805
paterson:_FfdhRGlkbTABymQR3t1_A,walk,with_standins,1092,-0.0247805
paterson:_FfdhRGlkbTABymQR3t1_A,walk,measured_ref_road,568,-0.0274212
paterson:_FfdhRGlkbTABymQR3t1_A,road,measured,1500,-0.0475866
paterson:_FfdhRGlkbTABymQR3t1_A,road,with_standins,1500,-0.0475866
paterson:_FfdhRGlkbTABymQR3t1_A,road,measured_ref_road,1466,-0.0482499
paterson:aZxwqPZnkC3sv5dTZOEomA,sidewalk,measured,1500,0.0386787
paterson:aZxwqPZnkC3sv5dTZOEomA,sidewalk,with_standins,1500,0.0386787
paterson:aZxwqPZnkC3sv5dTZOEomA,sidewalk,measured_ref_road,1020,0.0489877
paterson:aZxwqPZnkC3sv5dTZOEomA,walk,measured,1500,0.0352569
paterson:aZxwqPZnkC3sv5dTZOEomA,walk,with_standins,1500,0.0352569
paterson:aZxwqPZnkC3sv5dTZOEomA,walk,measured_ref_road,1030,0.0436758
paterson:aZxwqPZnkC3sv5dTZOEomA,road,measured,1500,0.0428564
paterson:aZxwqPZnkC3sv5dTZOEomA,road,with_standins,1500,0.0428564
paterson:aZxwqPZnkC3sv5dTZOEomA,road,measured_ref_road,1500,0.0428564
paterson:aon4zuny7-LGeKV7JympCw,sidewalk,measured,1008,0.0436828
paterson:aon4zuny7-LGeKV7JympCw,sidewalk,with_standins,1500,0.0531961
paterson:aon4zuny7-LGeKV7JympCw,sidewalk,measured_ref_road,499,0.0458506
paterson:aon4zuny7-LGeKV7JympCw,walk,measured,993,0.0422123
paterson:aon4zuny7-LGeKV7JympCw,walk,with_standins,1500,0.0517665
paterson:aon4zuny7-LGeKV7JympCw,walk,measured_ref_road,536,0.0444059
paterson:aon4zuny7-LGeKV7JympCw,road,measured,333,-0.0945864
paterson:aon4zuny7-LGeKV7JympCw,road,with_standins,1500,-0.0275883
paterson:aon4zuny7-LGeKV7JympCw,road,measured_ref_road,332,-0.0941419
paterson:as5xCAJAYMT35sgs0rx2_w,sidewalk,measured,407,0.00596749
paterson:as5xCAJAYMT35sgs0rx2_w,sidewalk,with_standins,734,0.0169806
paterson:as5xCAJAYMT35sgs0rx2_w,sidewalk,measured_ref_road,154,0.0156583
paterson:as5xCAJAYMT35sgs0rx2_w,walk,measured,1052,0.0290597
paterson:as5xCAJAYMT35sgs0rx2_w,walk,with_standins,1500,0.0497247
paterson:as5xCAJAYMT35sgs0rx2_w,walk,measured_ref_road,729,0.0518523
paterson:as5xCAJAYMT35sgs0rx2_w,road,measured,1357,0.0291514
paterson:as5xCAJAYMT35sgs0rx2_w,road,with_standins,1500,0.0295277
paterson:as5xCAJAYMT35sgs0rx2_w,road,measured_ref_road,1227,0.0321978
paterson:bfc5Mq-kfwj29vGpOPKS2A,sidewalk,measured,502,0.0152619
paterson:bfc5Mq-kfwj29vGpOPKS2A,sidewalk,with_standins,1500,0.0583141
paterson:bfc5Mq-kfwj29vGpOPKS2A,sidewalk,measured_ref_road,181,-0.120835
paterson:bfc5Mq-kfwj29vGpOPKS2A,walk,measured,547,0.0181403
paterson:bfc5Mq-kfwj29vGpOPKS2A,walk,with_standins,1500,0.0547527
paterson:bfc5Mq-kfwj29vGpOPKS2A,walk,measured_ref_road,204,-0.120069
paterson:bfc5Mq-kfwj29vGpOPKS2A,road,measured,615,-0.0883567
paterson:bfc5Mq-kfwj29vGpOPKS2A,road,with_standins,1500,0.00112308
paterson:bfc5Mq-kfwj29vGpOPKS2A,road,measured_ref_road,606,-0.0888731
paterson:bwpW8jgnlIbAQC0HRy99JA,sidewalk,measured,318,-0.0127576
paterson:bwpW8jgnlIbAQC0HRy99JA,sidewalk,with_standins,318,-0.0127576
paterson:bwpW8jgnlIbAQC0HRy99JA,sidewalk,measured_ref_road,48,-0.0148387
paterson:bwpW8jgnlIbAQC0HRy99JA,walk,measured,708,-0.0282574
paterson:bwpW8jgnlIbAQC0HRy99JA,walk,with_standins,708,-0.0282574
paterson:bwpW8jgnlIbAQC0HRy99JA,walk,measured_ref_road,387,-0.0460348
paterson:bwpW8jgnlIbAQC0HRy99JA,road,measured,1495,-0.0377394
paterson:bwpW8jgnlIbAQC0HRy99JA,road,with_standins,1500,-0.0376454
paterson:bwpW8jgnlIbAQC0HRy99JA,road,measured_ref_road,1424,-0.0355031
paterson:bxdL0Guz_zm-8O1E1Gn78A,sidewalk,measured,494,-0.00162993
paterson:bxdL0Guz_zm-8O1E1Gn78A,sidewalk,with_standins,494,-0.00162993
paterson:bxdL0Guz_zm-8O1E1Gn78A,sidewalk,measured_ref_road,352,-0.00315053
paterson:bxdL0Guz_zm-8O1E1Gn78A,walk,measured,861,-0.00310136
paterson:bxdL0Guz_zm-8O1E1Gn78A,walk,with_standins,861,-0.00310136
paterson:bxdL0Guz_zm-8O1E1Gn78A,walk,measured_ref_road,706,-0.00412003
paterson:bxdL0Guz_zm-8O1E1Gn78A,road,measured,1500,-0.00876258
paterson:bxdL0Guz_zm-8O1E1Gn78A,road,with_standins,1500,-0.00876258
paterson:bxdL0Guz_zm-8O1E1Gn78A,road,measured_ref_road,1500,-0.00876258
paterson:cuFkPrv4UsqzeJCdibl1FQ,sidewalk,measured,1254,-0.0124891
paterson:cuFkPrv4UsqzeJCdibl1FQ,sidewalk,with_standins,1500,0.025302
paterson:cuFkPrv4UsqzeJCdibl1FQ,sidewalk,measured_ref_road,511,0.0769032
paterson:cuFkPrv4UsqzeJCdibl1FQ,walk,measured,1251,-0.00797789
paterson:cuFkPrv4UsqzeJCdibl1FQ,walk,with_standins,1500,0.0306798
paterson:cuFkPrv4UsqzeJCdibl1FQ,walk,measured_ref_road,564,0.0742008
paterson:cuFkPrv4UsqzeJCdibl1FQ,road,measured,1357,-0.0159477
paterson:cuFkPrv4UsqzeJCdibl1FQ,road,with_standins,1500,0.00380359
paterson:cuFkPrv4UsqzeJCdibl1FQ,road,measured_ref_road,886,0.0369369
paterson:eGWz6exPVDlv_S_DowBPfA,sidewalk,measured,968,0.0721537
paterson:eGWz6exPVDlv_S_DowBPfA,sidewalk,with_standins,1058,0.075437
paterson:eGWz6exPVDlv_S_DowBPfA,sidewalk,measured_ref_road,898,0.0753705
paterson:eGWz6exPVDlv_S_DowBPfA,walk,measured,1148,0.0668073
paterson:eGWz6exPVDlv_S_DowBPfA,walk,with_standins,1257,0.0698188
paterson:eGWz6exPVDlv_S_DowBPfA,walk,measured_ref_road,1077,0.0692434
paterson:eGWz6exPVDlv_S_DowBPfA,road,measured,1289,0.0412249
paterson:eGWz6exPVDlv_S_DowBPfA,road,with_standins,1500,0.0392217
paterson:eGWz6exPVDlv_S_DowBPfA,road,measured_ref_road,1274,0.0412841
paterson:eIw8Y1zl7qgUW6bTPzk3gA,sidewalk,measured,478,0.0243227
paterson:eIw8Y1zl7qgUW6bTPzk3gA,sidewalk,with_standins,1346,0.0391627
paterson:eIw8Y1zl7qgUW6bTPzk3gA,sidewalk,measured_ref_road,194,0.0383202
paterson:eIw8Y1zl7qgUW6bTPzk3gA,walk,measured,852,0.0740203
paterson:eIw8Y1zl7qgUW6bTPzk3gA,walk,with_standins,1500,0.0525838
paterson:eIw8Y1zl7qgUW6bTPzk3gA,walk,measured_ref_road,539,0.106508
paterson:eIw8Y1zl7qgUW6bTPzk3gA,road,measured,1450,-0.00268221
paterson:eIw8Y1zl7qgUW6bTPzk3gA,road,with_standins,1500,-0.00136884
paterson:eIw8Y1zl7qgUW6bTPzk3gA,road,measured_ref_road,1426,-0.00385321
paterson:fGd6JE4qvoG1uOVvOjBBmg,sidewalk,measured,1260,-0.0217629
paterson:fGd6JE4qvoG1uOVvOjBBmg,sidewalk,with_standins,1264,-0.0216833
paterson:fGd6JE4qvoG1uOVvOjBBmg,sidewalk,measured_ref_road,484,-0.0275177
paterson:fGd6JE4qvoG1uOVvOjBBmg,walk,measured,1468,-0.0198085
paterson:fGd6JE4qvoG1uOVvOjBBmg,walk,with_standins,1472,-0.0197551
paterson:fGd6JE4qvoG1uOVvOjBBmg,walk,measured_ref_road,683,-0.0214001
paterson:fGd6JE4qvoG1uOVvOjBBmg,road,measured,1500,-0.000110363
paterson:fGd6JE4qvoG1uOVvOjBBmg,road,with_standins,1500,-0.000110363
paterson:fGd6JE4qvoG1uOVvOjBBmg,road,measured_ref_road,1497,-0.000147602
paterson:fSQ5B3z1vT-Ym1-siL8iOA,sidewalk,measured,475,0.0185995
paterson:fSQ5B3z1vT-Ym1-siL8iOA,sidewalk,with_standins,487,0.0223664
paterson:fSQ5B3z1vT-Ym1-siL8iOA,sidewalk,measured_ref_road,228,0.084358
paterson:fSQ5B3z1vT-Ym1-siL8iOA,walk,measured,828,0.0193768
paterson:fSQ5B3z1vT-Ym1-siL8iOA,walk,with_standins,845,0.0214966
paterson:fSQ5B3z1vT-Ym1-siL8iOA,walk,measured_ref_road,486,0.0550316
paterson:fSQ5B3z1vT-Ym1-siL8iOA,road,measured,1115,0.0126925
paterson:fSQ5B3z1vT-Ym1-siL8iOA,road,with_standins,1128,0.0132019
paterson:fSQ5B3z1vT-Ym1-siL8iOA,road,measured_ref_road,1025,0.0139742
paterson:gZ3Acgi38PrzOVBkW-Il4Q,sidewalk,measured,22,0.00322253
paterson:gZ3Acgi38PrzOVBkW-Il4Q,sidewalk,with_standins,22,0.00322253
paterson:gZ3Acgi38PrzOVBkW-Il4Q,walk,measured,68,0.0311445
paterson:gZ3Acgi38PrzOVBkW-Il4Q,walk,with_standins,68,0.0311445
paterson:gZ3Acgi38PrzOVBkW-Il4Q,walk,measured_ref_road,46,0.145223
paterson:gZ3Acgi38PrzOVBkW-Il4Q,road,measured,1500,0.0433214
paterson:gZ3Acgi38PrzOVBkW-Il4Q,road,with_standins,1500,0.0433214
paterson:gZ3Acgi38PrzOVBkW-Il4Q,road,measured_ref_road,1484,0.0433859
paterson:hMx_5PxQtlixa9LRSNnKFQ,sidewalk,measured,1315,0.0228505
paterson:hMx_5PxQtlixa9LRSNnKFQ,sidewalk,with_standins,1500,0.0256829
paterson:hMx_5PxQtlixa9LRSNnKFQ,sidewalk,measured_ref_road,716,0.0617826
paterson:hMx_5PxQtlixa9LRSNnKFQ,walk,measured,1305,0.0208638
paterson:hMx_5PxQtlixa9LRSNnKFQ,walk,with_standins,1500,0.0237879
paterson:hMx_5PxQtlixa9LRSNnKFQ,walk,measured_ref_road,726,0.0498365
paterson:hMx_5PxQtlixa9LRSNnKFQ,road,measured,1250,0.0171392
paterson:hMx_5PxQtlixa9LRSNnKFQ,road,with_standins,1500,0.0197749
paterson:hMx_5PxQtlixa9LRSNnKFQ,road,measured_ref_road,1247,0.0172509
paterson:hV6LwTvkCzyX_vQF3ZG5qQ,sidewalk,measured,1427,-0.0925036
paterson:hV6LwTvkCzyX_vQF3ZG5qQ,sidewalk,with_standins,1500,-0.0869582
paterson:hV6LwTvkCzyX_vQF3ZG5qQ,sidewalk,measured_ref_road,156,-0.183889
paterson:hV6LwTvkCzyX_vQF3ZG5qQ,walk,measured,1349,-0.0639411
paterson:hV6LwTvkCzyX_vQF3ZG5qQ,walk,with_standins,1500,-0.0550243
paterson:hV6LwTvkCzyX_vQF3ZG5qQ,walk,measured_ref_road,399,-0.0555967
paterson:hV6LwTvkCzyX_vQF3ZG5qQ,road,measured,1001,-0.0181334
paterson:hV6LwTvkCzyX_vQF3ZG5qQ,road,with_standins,1500,0.00847556
paterson:hV6LwTvkCzyX_vQF3ZG5qQ,road,measured_ref_road,427,-0.0244152
paterson:hvegP5rTGyRrsRQb3h-rog,sidewalk,measured,149,0.0547799
paterson:hvegP5rTGyRrsRQb3h-rog,sidewalk,with_standins,149,0.0547799
paterson:hvegP5rTGyRrsRQb3h-rog,sidewalk,measured_ref_road,51,0.0598479
paterson:hvegP5rTGyRrsRQb3h-rog,walk,measured,269,0.0432764
paterson:hvegP5rTGyRrsRQb3h-rog,walk,with_standins,298,0.0423547
paterson:hvegP5rTGyRrsRQb3h-rog,walk,measured_ref_road,170,0.0446633
paterson:hvegP5rTGyRrsRQb3h-rog,road,measured,1500,-0.0138349
paterson:hvegP5rTGyRrsRQb3h-rog,road,with_standins,1500,-0.0138349
paterson:hvegP5rTGyRrsRQb3h-rog,road,measured_ref_road,1500,-0.0138349
paterson:iPgLrrQ5XDrWWlTXzI5MLQ,sidewalk,measured,535,-0.0616296
paterson:iPgLrrQ5XDrWWlTXzI5MLQ,sidewalk,with_standins,1500,0.244313
paterson:iPgLrrQ5XDrWWlTXzI5MLQ,sidewalk,measured_ref_road,25,-0.132843
paterson:iPgLrrQ5XDrWWlTXzI5MLQ,walk,measured,567,-0.0275313
paterson:iPgLrrQ5XDrWWlTXzI5MLQ,walk,with_standins,1500,0.0880953
paterson:iPgLrrQ5XDrWWlTXzI5MLQ,walk,measured_ref_road,50,-0.0306982
paterson:iPgLrrQ5XDrWWlTXzI5MLQ,road,measured,332,-0.0281641
paterson:iPgLrrQ5XDrWWlTXzI5MLQ,road,with_standins,1500,0.0746224
paterson:iPgLrrQ5XDrWWlTXzI5MLQ,road,measured_ref_road,258,-0.02795
paterson:ijlwBkjXDfD2wCO_jSjCGA,sidewalk,measured,379,0.0247465
paterson:ijlwBkjXDfD2wCO_jSjCGA,sidewalk,with_standins,380,0.0245962
paterson:ijlwBkjXDfD2wCO_jSjCGA,sidewalk,measured_ref_road,234,0.0651475
paterson:ijlwBkjXDfD2wCO_jSjCGA,walk,measured,491,0.0381092
paterson:ijlwBkjXDfD2wCO_jSjCGA,walk,with_standins,492,0.037903
paterson:ijlwBkjXDfD2wCO_jSjCGA,walk,measured_ref_road,343,0.0608326
paterson:ijlwBkjXDfD2wCO_jSjCGA,road,measured,1497,-0.00758564
paterson:ijlwBkjXDfD2wCO_jSjCGA,road,with_standins,1500,-0.00751962
paterson:ijlwBkjXDfD2wCO_jSjCGA,road,measured_ref_road,1494,-0.00757654
paterson:ivSZN64YSxp5R8Kqf1vr1A,sidewalk,measured,1497,0.0967442
paterson:ivSZN64YSxp5R8Kqf1vr1A,sidewalk,with_standins,1500,0.0966408
paterson:ivSZN64YSxp5R8Kqf1vr1A,sidewalk,measured_ref_road,1381,0.106861
paterson:ivSZN64YSxp5R8Kqf1vr1A,walk,measured,1498,0.0926786
paterson:ivSZN64YSxp5R8Kqf1vr1A,walk,with_standins,1500,0.092646
paterson:ivSZN64YSxp5R8Kqf1vr1A,walk,measured_ref_road,1379,0.0999963
paterson:ivSZN64YSxp5R8Kqf1vr1A,road,measured,1500,0.0233681
paterson:ivSZN64YSxp5R8Kqf1vr1A,road,with_standins,1500,0.0233681
paterson:ivSZN64YSxp5R8Kqf1vr1A,road,measured_ref_road,1500,0.0233681
paterson:ixm9RoZTI443YB7QoJ6nLQ,sidewalk,measured,1387,0.0293553
paterson:ixm9RoZTI443YB7QoJ6nLQ,sidewalk,with_standins,1387,0.0293553
paterson:ixm9RoZTI443YB7QoJ6nLQ,sidewalk,measured_ref_road,1115,0.0419249
paterson:ixm9RoZTI443YB7QoJ6nLQ,walk,measured,1361,0.0291621
paterson:ixm9RoZTI443YB7QoJ6nLQ,walk,with_standins,1361,0.0291621
paterson:ixm9RoZTI443YB7QoJ6nLQ,walk,measured_ref_road,1124,0.0392651
paterson:ixm9RoZTI443YB7QoJ6nLQ,road,measured,736,0.00944324
paterson:ixm9RoZTI443YB7QoJ6nLQ,road,with_standins,736,0.00944324
paterson:ixm9RoZTI443YB7QoJ6nLQ,road,measured_ref_road,723,0.00957564
paterson:j2HS3aVFBaq_x66hiHVVRg,sidewalk,measured,838,0.247841
paterson:j2HS3aVFBaq_x66hiHVVRg,sidewalk,with_standins,838,0.247841
paterson:j2HS3aVFBaq_x66hiHVVRg,sidewalk,measured_ref_road,660,0.364548
paterson:j2HS3aVFBaq_x66hiHVVRg,walk,measured,970,0.26427
paterson:j2HS3aVFBaq_x66hiHVVRg,walk,with_standins,970,0.26427
paterson:j2HS3aVFBaq_x66hiHVVRg,walk,measured_ref_road,792,0.321289
paterson:j2HS3aVFBaq_x66hiHVVRg,road,measured,1500,0.0181674
paterson:j2HS3aVFBaq_x66hiHVVRg,road,with_standins,1500,0.0181674
paterson:j2HS3aVFBaq_x66hiHVVRg,road,measured_ref_road,1499,0.0182817
paterson:jpunVR46zc0yifTPUihF2A,sidewalk,measured,469,0.181689
paterson:jpunVR46zc0yifTPUihF2A,sidewalk,with_standins,656,0.150889
paterson:jpunVR46zc0yifTPUihF2A,sidewalk,measured_ref_road,297,0.227753
paterson:jpunVR46zc0yifTPUihF2A,walk,measured,758,0.174365
paterson:jpunVR46zc0yifTPUihF2A,walk,with_standins,992,0.152167
paterson:jpunVR46zc0yifTPUihF2A,walk,measured_ref_road,586,0.200947
paterson:jpunVR46zc0yifTPUihF2A,road,measured,1298,0.0221906
paterson:jpunVR46zc0yifTPUihF2A,road,with_standins,1500,0.0260951
paterson:jpunVR46zc0yifTPUihF2A,road,measured_ref_road,1296,0.0222472
paterson:jtPd8YX0gkDeQe6dq9mk4A,sidewalk,measured,1432,0.0920215
paterson:jtPd8YX0gkDeQe6dq9mk4A,sidewalk,with_standins,1432,0.0920215
paterson:jtPd8YX0gkDeQe6dq9mk4A,sidewalk,measured_ref_road,393,0.111302
paterson:jtPd8YX0gkDeQe6dq9mk4A,walk,measured,1500,0.091421
paterson:jtPd8YX0gkDeQe6dq9mk4A,walk,with_standins,1500,0.091421
paterson:jtPd8YX0gkDeQe6dq9mk4A,walk,measured_ref_road,491,0.111218
paterson:jtPd8YX0gkDeQe6dq9mk4A,road,measured,1500,0.0643173
paterson:jtPd8YX0gkDeQe6dq9mk4A,road,with_standins,1500,0.0643173
paterson:jtPd8YX0gkDeQe6dq9mk4A,road,measured_ref_road,1500,0.0643173
paterson:k3ipUDBk_fu7EXSVSNGaig,sidewalk,measured,1109,0.0476742
paterson:k3ipUDBk_fu7EXSVSNGaig,sidewalk,with_standins,1137,0.0523874
paterson:k3ipUDBk_fu7EXSVSNGaig,sidewalk,measured_ref_road,300,-0.0792346
paterson:k3ipUDBk_fu7EXSVSNGaig,walk,measured,1236,0.0383355
paterson:k3ipUDBk_fu7EXSVSNGaig,walk,with_standins,1264,0.041373
paterson:k3ipUDBk_fu7EXSVSNGaig,walk,measured_ref_road,414,-0.0682521
paterson:k3ipUDBk_fu7EXSVSNGaig,road,measured,1500,-0.00290266
paterson:k3ipUDBk_fu7EXSVSNGaig,road,with_standins,1500,-0.00290266
paterson:k3ipUDBk_fu7EXSVSNGaig,road,measured_ref_road,1478,-0.00365495
paterson:kGSkdgo9loUlSNdyjW-qZw,sidewalk,measured,1393,0.0420185
paterson:kGSkdgo9loUlSNdyjW-qZw,sidewalk,with_standins,1500,0.0477013
paterson:kGSkdgo9loUlSNdyjW-qZw,sidewalk,measured_ref_road,589,0.238312
paterson:kGSkdgo9loUlSNdyjW-qZw,walk,measured,1398,0.0481108
paterson:kGSkdgo9loUlSNdyjW-qZw,walk,with_standins,1500,0.0640238
paterson:kGSkdgo9loUlSNdyjW-qZw,walk,measured_ref_road,663,0.205874
paterson:kGSkdgo9loUlSNdyjW-qZw,road,measured,1474,0.0371663
paterson:kGSkdgo9loUlSNdyjW-qZw,road,with_standins,1500,0.0380448
paterson:kGSkdgo9loUlSNdyjW-qZw,road,measured_ref_road,1436,0.0356933
paterson:kJpIgjL0BDI74K-jbGnbow,sidewalk,measured,550,-0.0169676
paterson:kJpIgjL0BDI74K-jbGnbow,sidewalk,with_standins,1500,0.106363
paterson:kJpIgjL0BDI74K-jbGnbow,sidewalk,measured_ref_road,136,0.0225371
paterson:kJpIgjL0BDI74K-jbGnbow,walk,measured,493,-0.016975
paterson:kJpIgjL0BDI74K-jbGnbow,walk,with_standins,1500,0.097558
paterson:kJpIgjL0BDI74K-jbGnbow,walk,measured_ref_road,127,0.0164983
paterson:kJpIgjL0BDI74K-jbGnbow,road,measured,216,-0.00533016
paterson:kJpIgjL0BDI74K-jbGnbow,road,with_standins,1500,0.0571059
paterson:kJpIgjL0BDI74K-jbGnbow,road,measured_ref_road,129,-0.0393377
paterson:lswzBhE0aaemfGKiH3fIYA,sidewalk,measured,234,-0.00305005
paterson:lswzBhE0aaemfGKiH3fIYA,sidewalk,with_standins,234,-0.00305005
paterson:lswzBhE0aaemfGKiH3fIYA,sidewalk,measured_ref_road,173,0.114874
paterson:lswzBhE0aaemfGKiH3fIYA,walk,measured,541,0.0865418
paterson:lswzBhE0aaemfGKiH3fIYA,walk,with_standins,541,0.0865418
paterson:lswzBhE0aaemfGKiH3fIYA,walk,measured_ref_road,430,0.108766
paterson:lswzBhE0aaemfGKiH3fIYA,road,measured,1500,-0.0202457
paterson:lswzBhE0aaemfGKiH3fIYA,road,with_standins,1500,-0.0202457
paterson:lswzBhE0aaemfGKiH3fIYA,road,measured_ref_road,1500,-0.0202457
paterson:mB1B8XeH3F7RpuvOP0-Klg,road,measured,1500,0.0432954
paterson:mB1B8XeH3F7RpuvOP0-Klg,road,with_standins,1500,0.0432954
paterson:mB1B8XeH3F7RpuvOP0-Klg,road,measured_ref_road,1492,0.0438554
paterson:nqA7oH-86S2CmsGA9hyVtA,sidewalk,measured,969,0.0510757
paterson:nqA7oH-86S2CmsGA9hyVtA,sidewalk,with_standins,1039,0.055411
paterson:nqA7oH-86S2CmsGA9hyVtA,sidewalk,measured_ref_road,808,0.0618012
paterson:nqA7oH-86S2CmsGA9hyVtA,walk,measured,1140,0.0489009
paterson:nqA7oH-86S2CmsGA9hyVtA,walk,with_standins,1237,0.053648
paterson:nqA7oH-86S2CmsGA9hyVtA,walk,measured_ref_road,975,0.058836
paterson:nqA7oH-86S2CmsGA9hyVtA,road,measured,853,0.0180645
paterson:nqA7oH-86S2CmsGA9hyVtA,road,with_standins,1500,0.0191843
paterson:nqA7oH-86S2CmsGA9hyVtA,road,measured_ref_road,840,0.0187112
paterson:oqI2cRuz9LMxtKdmQugqJw,sidewalk,measured,779,0.0103213
paterson:oqI2cRuz9LMxtKdmQugqJw,sidewalk,with_standins,875,0.0114858
paterson:oqI2cRuz9LMxtKdmQugqJw,sidewalk,measured_ref_road,136,0.0263636
paterson:oqI2cRuz9LMxtKdmQugqJw,walk,measured,859,0.00965171
paterson:oqI2cRuz9LMxtKdmQugqJw,walk,with_standins,1040,0.0118286
paterson:oqI2cRuz9LMxtKdmQugqJw,walk,measured_ref_road,209,0.0203419
paterson:oqI2cRuz9LMxtKdmQugqJw,road,measured,267,0.00650305
paterson:oqI2cRuz9LMxtKdmQugqJw,road,with_standins,1500,0.0135846
paterson:oqI2cRuz9LMxtKdmQugqJw,road,measured_ref_road,265,0.0064752
paterson:q10dxfl-oC7RkRFUVKU_RA,sidewalk,measured,987,-0.0291183
paterson:q10dxfl-oC7RkRFUVKU_RA,sidewalk,with_standins,987,-0.0291183
paterson:q10dxfl-oC7RkRFUVKU_RA,sidewalk,measured_ref_road,497,-0.125096
paterson:q10dxfl-oC7RkRFUVKU_RA,walk,measured,1069,-0.0341195
paterson:q10dxfl-oC7RkRFUVKU_RA,walk,with_standins,1069,-0.0341195
paterson:q10dxfl-oC7RkRFUVKU_RA,walk,measured_ref_road,579,-0.110397
paterson:q10dxfl-oC7RkRFUVKU_RA,road,measured,164,-0.0171274
paterson:q10dxfl-oC7RkRFUVKU_RA,road,with_standins,164,-0.0171274
paterson:q10dxfl-oC7RkRFUVKU_RA,road,measured_ref_road,164,-0.0171274
paterson:qL5hz8oXZM0g4pKxGR3Yyw,sidewalk,measured,1336,0.0267019
paterson:qL5hz8oXZM0g4pKxGR3Yyw,sidewalk,with_standins,1500,0.0277105
paterson:qL5hz8oXZM0g4pKxGR3Yyw,sidewalk,measured_ref_road,552,0.0268631
paterson:qL5hz8oXZM0g4pKxGR3Yyw,walk,measured,1331,0.0281522
paterson:qL5hz8oXZM0g4pKxGR3Yyw,walk,with_standins,1500,0.0294021
paterson:qL5hz8oXZM0g4pKxGR3Yyw,walk,measured_ref_road,608,0.027181
paterson:qL5hz8oXZM0g4pKxGR3Yyw,road,measured,1286,-0.0225021
paterson:qL5hz8oXZM0g4pKxGR3Yyw,road,with_standins,1500,-0.00900797
paterson:qL5hz8oXZM0g4pKxGR3Yyw,road,measured_ref_road,1192,-0.0208461
paterson:sZDQ4gAO200kPfWhz1st9g,sidewalk,measured,1011,0.0982111
paterson:sZDQ4gAO200kPfWhz1st9g,sidewalk,with_standins,1434,0.0750135
paterson:sZDQ4gAO200kPfWhz1st9g,sidewalk,measured_ref_road,603,0.110519
paterson:sZDQ4gAO200kPfWhz1st9g,walk,measured,1097,0.0493828
paterson:sZDQ4gAO200kPfWhz1st9g,walk,with_standins,1500,0.047398
paterson:sZDQ4gAO200kPfWhz1st9g,walk,measured_ref_road,823,0.0827058
paterson:sZDQ4gAO200kPfWhz1st9g,road,measured,1126,0.0100633
paterson:sZDQ4gAO200kPfWhz1st9g,road,with_standins,1500,0.00810192
paterson:sZDQ4gAO200kPfWhz1st9g,road,measured_ref_road,1098,0.0100633
paterson:tekhQ4HQ9pcOqs_kGGpGaw,sidewalk,measured,1125,0.109039
paterson:tekhQ4HQ9pcOqs_kGGpGaw,sidewalk,with_standins,1500,0.110578
paterson:tekhQ4HQ9pcOqs_kGGpGaw,sidewalk,measured_ref_road,308,0.0992531
paterson:tekhQ4HQ9pcOqs_kGGpGaw,walk,measured,987,0.109616
paterson:tekhQ4HQ9pcOqs_kGGpGaw,walk,with_standins,1500,0.10735
paterson:tekhQ4HQ9pcOqs_kGGpGaw,walk,measured_ref_road,276,0.0992531
paterson:tekhQ4HQ9pcOqs_kGGpGaw,road,measured,471,0.0387496
paterson:tekhQ4HQ9pcOqs_kGGpGaw,road,with_standins,1500,0.03088
paterson:tekhQ4HQ9pcOqs_kGGpGaw,road,measured_ref_road,444,0.0327674
paterson:vRVQrenH_9eL4n4O4Gp_oQ,sidewalk,measured,1077,-0.013112
paterson:vRVQrenH_9eL4n4O4Gp_oQ,sidewalk,with_standins,1500,0.00588645
paterson:vRVQrenH_9eL4n4O4Gp_oQ,sidewalk,measured_ref_road,439,-0.0572161
paterson:vRVQrenH_9eL4n4O4Gp_oQ,walk,measured,1057,-0.0144451
paterson:vRVQrenH_9eL4n4O4Gp_oQ,walk,with_standins,1500,0.00798094
paterson:vRVQrenH_9eL4n4O4Gp_oQ,walk,measured_ref_road,493,-0.0484171
paterson:vRVQrenH_9eL4n4O4Gp_oQ,road,measured,1315,-0.0328938
paterson:vRVQrenH_9eL4n4O4Gp_oQ,road,with_standins,1500,-0.0257642
paterson:vRVQrenH_9eL4n4O4Gp_oQ,road,measured_ref_road,1315,-0.0328938
paterson:wNcM5HCEQeGv8ndYe9HMmw,sidewalk,measured,1257,0.012229
paterson:wNcM5HCEQeGv8ndYe9HMmw,sidewalk,with_standins,1500,0.0259429
paterson:wNcM5HCEQeGv8ndYe9HMmw,sidewalk,measured_ref_road,786,-0.0332317
paterson:wNcM5HCEQeGv8ndYe9HMmw,walk,measured,1202,0.0144526
paterson:wNcM5HCEQeGv8ndYe9HMmw,walk,with_standins,1500,0.029212
paterson:wNcM5HCEQeGv8ndYe9HMmw,walk,measured_ref_road,785,-0.0208498
paterson:wNcM5HCEQeGv8ndYe9HMmw,road,measured,1334,-0.00889177
paterson:wNcM5HCEQeGv8ndYe9HMmw,road,with_standins,1500,-0.00317685
paterson:wNcM5HCEQeGv8ndYe9HMmw,road,measured_ref_road,1326,-0.00902798
paterson:wVWZk8xcqrpV0l1CKpK45w,sidewalk,measured,1494,0.0141347
paterson:wVWZk8xcqrpV0l1CKpK45w,sidewalk,with_standins,1500,0.0141347
paterson:wVWZk8xcqrpV0l1CKpK45w,sidewalk,measured_ref_road,1020,0.0108435
paterson:wVWZk8xcqrpV0l1CKpK45w,walk,measured,1491,0.0189978
paterson:wVWZk8xcqrpV0l1CKpK45w,walk,with_standins,1500,0.0190309
paterson:wVWZk8xcqrpV0l1CKpK45w,walk,measured_ref_road,1076,0.0169995
paterson:wVWZk8xcqrpV0l1CKpK45w,road,measured,1500,0.0280429
paterson:wVWZk8xcqrpV0l1CKpK45w,road,with_standins,1500,0.0280429
paterson:wVWZk8xcqrpV0l1CKpK45w,road,measured_ref_road,1467,0.0282559
paterson:y2Ec-NEfLgOTuhI_riqUHQ,sidewalk,measured,1464,0.282755
paterson:y2Ec-NEfLgOTuhI_riqUHQ,sidewalk,with_standins,1500,0.27672
paterson:y2Ec-NEfLgOTuhI_riqUHQ,sidewalk,measured_ref_road,1178,0.344503
paterson:y2Ec-NEfLgOTuhI_riqUHQ,walk,measured,1457,0.264296
paterson:y2Ec-NEfLgOTuhI_riqUHQ,walk,with_standins,1500,0.25775
paterson:y2Ec-NEfLgOTuhI_riqUHQ,walk,measured_ref_road,1187,0.316893
paterson:y2Ec-NEfLgOTuhI_riqUHQ,road,measured,1280,0.0113849
paterson:y2Ec-NEfLgOTuhI_riqUHQ,road,with_standins,1500,0.0227161
paterson:y2Ec-NEfLgOTuhI_riqUHQ,road,measured_ref_road,1278,0.0114623
paterson:y8Q6XDfEoPt5K6ONqi406w,sidewalk,measured,1487,0.0579482
paterson:y8Q6XDfEoPt5K6ONqi406w,sidewalk,with_standins,1500,0.0580984
paterson:y8Q6XDfEoPt5K6ONqi406w,sidewalk,measured_ref_road,436,-0.172409
paterson:y8Q6XDfEoPt5K6ONqi406w,walk,measured,1486,0.0472808
paterson:y8Q6XDfEoPt5K6ONqi406w,walk,with_standins,1500,0.0475387
paterson:y8Q6XDfEoPt5K6ONqi406w,walk,measured_ref_road,665,-0.16471
paterson:y8Q6XDfEoPt5K6ONqi406w,road,measured,1498,-0.0880412
paterson:y8Q6XDfEoPt5K6ONqi406w,road,with_standins,1500,-0.0880097
paterson:y8Q6XDfEoPt5K6ONqi406w,road,measured_ref_road,1474,-0.0883934
paterson:yc2j9hm9FtM1LXTmsXTcWA,sidewalk,measured,1455,0.00280354
paterson:yc2j9hm9FtM1LXTmsXTcWA,sidewalk,with_standins,1500,0.00240028
paterson:yc2j9hm9FtM1LXTmsXTcWA,sidewalk,measured_ref_road,254,-0.0657994
paterson:yc2j9hm9FtM1LXTmsXTcWA,walk,measured,1465,0.0104987
paterson:yc2j9hm9FtM1LXTmsXTcWA,walk,with_standins,1500,0.00878465
paterson:yc2j9hm9FtM1LXTmsXTcWA,walk,measured_ref_road,352,-0.0439063
paterson:yc2j9hm9FtM1LXTmsXTcWA,road,measured,1500,0.0281636
paterson:yc2j9hm9FtM1LXTmsXTcWA,road,with_standins,1500,0.0281636
paterson:yc2j9hm9FtM1LXTmsXTcWA,road,measured_ref_road,778,0.0111977
paterson:yd34YwObnIjHhBZvTmK3UQ,sidewalk,measured,864,0.0721797
paterson:yd34YwObnIjHhBZvTmK3UQ,sidewalk,with_standins,1197,0.0488155
paterson:yd34YwObnIjHhBZvTmK3UQ,sidewalk,measured_ref_road,427,0.155307
paterson:yd34YwObnIjHhBZvTmK3UQ,walk,measured,927,0.085532
paterson:yd34YwObnIjHhBZvTmK3UQ,walk,with_standins,1382,0.0512576
paterson:yd34YwObnIjHhBZvTmK3UQ,walk,measured_ref_road,487,0.151648
paterson:yd34YwObnIjHhBZvTmK3UQ,road,measured,750,0.0298189
paterson:yd34YwObnIjHhBZvTmK3UQ,road,with_standins,1500,0.0188866
paterson:yd34YwObnIjHhBZvTmK3UQ,road,measured_ref_road,747,0.0298976
paterson:yeR5wU5cy_CvQFTUyBhO1Q,walk,measured,27,0.3345
paterson:yeR5wU5cy_CvQFTUyBhO1Q,walk,with_standins,27,0.3345
paterson:yeR5wU5cy_CvQFTUyBhO1Q,walk,measured_ref_road,21,0.338521
paterson:yeR5wU5cy_CvQFTUyBhO1Q,road,measured,1465,-0.00306943
paterson:yeR5wU5cy_CvQFTUyBhO1Q,road,with_standins,1500,-0.00198648
paterson:yeR5wU5cy_CvQFTUyBhO1Q,road,measured_ref_road,1360,-0.000857786
paterson:zB7_9mtLQuVbRyZrttlMXg,sidewalk,measured,1041,-0.0122082
paterson:zB7_9mtLQuVbRyZrttlMXg,sidewalk,with_standins,1041,-0.0122082
paterson:zB7_9mtLQuVbRyZrttlMXg,sidewalk,measured_ref_road,78,-0.0605445
paterson:zB7_9mtLQuVbRyZrttlMXg,walk,measured,1164,-0.00872843
paterson:zB7_9mtLQuVbRyZrttlMXg,walk,with_standins,1164,-0.00872843
paterson:zB7_9mtLQuVbRyZrttlMXg,walk,measured_ref_road,180,0.0426767
paterson:zB7_9mtLQuVbRyZrttlMXg,road,measured,1500,0.00794625
paterson:zB7_9mtLQuVbRyZrttlMXg,road,with_standins,1500,0.00794625
paterson:zB7_9mtLQuVbRyZrttlMXg,road,measured_ref_road,1494,0.00790255
paterson:zzWJ9LWjpfDZLBT7W8o8zw,sidewalk,measured,1013,0.0411032
paterson:zzWJ9LWjpfDZLBT7W8o8zw,sidewalk,with_standins,1500,0.0775127
paterson:zzWJ9LWjpfDZLBT7W8o8zw,sidewalk,measured_ref_road,425,0.0190973
paterson:zzWJ9LWjpfDZLBT7W8o8zw,walk,measured,1015,0.0279536
paterson:zzWJ9LWjpfDZLBT7W8o8zw,walk,with_standins,1500,0.0697069
paterson:zzWJ9LWjpfDZLBT7W8o8zw,walk,measured_ref_road,534,-0.0592768
paterson:zzWJ9LWjpfDZLBT7W8o8zw,road,measured,1125,-0.0177978
paterson:zzWJ9LWjpfDZLBT7W8o8zw,road,with_standins,1500,-0.0117322
paterson:zzWJ9LWjpfDZLBT7W8o8zw,road,measured_ref_road,1117,-0.0180153
sao_paulo:-pcHlrGDC4hPPRHVxU3W3Q,sidewalk,measured,1302,0.0313039
sao_paulo:-pcHlrGDC4hPPRHVxU3W3Q,sidewalk,with_standins,1500,0.0430549
sao_paulo:-pcHlrGDC4hPPRHVxU3W3Q,sidewalk,measured_ref_road,28,-0.0649717
sao_paulo:-pcHlrGDC4hPPRHVxU3W3Q,walk,measured,1242,0.0267403
sao_paulo:-pcHlrGDC4hPPRHVxU3W3Q,walk,with_standins,1500,0.0422417
sao_paulo:-pcHlrGDC4hPPRHVxU3W3Q,walk,measured_ref_road,168,-0.053939
sao_paulo:-pcHlrGDC4hPPRHVxU3W3Q,road,measured,986,0.0325032
sao_paulo:-pcHlrGDC4hPPRHVxU3W3Q,road,with_standins,1500,0.0628176
sao_paulo:-pcHlrGDC4hPPRHVxU3W3Q,road,measured_ref_road,985,0.0325467
sao_paulo:-uqS0QNM8aUFtP5gwTMu4w,sidewalk,measured,1330,0.045521
sao_paulo:-uqS0QNM8aUFtP5gwTMu4w,sidewalk,with_standins,1500,0.0469277
sao_paulo:-uqS0QNM8aUFtP5gwTMu4w,sidewalk,measured_ref_road,932,0.0550843
sao_paulo:-uqS0QNM8aUFtP5gwTMu4w,walk,measured,1320,0.0397033
sao_paulo:-uqS0QNM8aUFtP5gwTMu4w,walk,with_standins,1500,0.041423
sao_paulo:-uqS0QNM8aUFtP5gwTMu4w,walk,measured_ref_road,967,0.0486485
sao_paulo:-uqS0QNM8aUFtP5gwTMu4w,road,measured,1344,-0.0125883
sao_paulo:-uqS0QNM8aUFtP5gwTMu4w,road,with_standins,1500,-0.00894651
sao_paulo:-uqS0QNM8aUFtP5gwTMu4w,road,measured_ref_road,1343,-0.0125215
sao_paulo:0aJabNkZdyIHXbiruS_yLw,sidewalk,measured,1475,-0.0365248
sao_paulo:0aJabNkZdyIHXbiruS_yLw,sidewalk,with_standins,1500,-0.035488
sao_paulo:0aJabNkZdyIHXbiruS_yLw,sidewalk,measured_ref_road,1143,-0.0414639
sao_paulo:0aJabNkZdyIHXbiruS_yLw,walk,measured,1480,-0.037442
sao_paulo:0aJabNkZdyIHXbiruS_yLw,walk,with_standins,1500,-0.0365555
sao_paulo:0aJabNkZdyIHXbiruS_yLw,walk,measured_ref_road,1199,-0.0395468
sao_paulo:0aJabNkZdyIHXbiruS_yLw,road,measured,1459,0.00988537
sao_paulo:0aJabNkZdyIHXbiruS_yLw,road,with_standins,1500,0.0114438
sao_paulo:0aJabNkZdyIHXbiruS_yLw,road,measured_ref_road,1220,0.0198103
sao_paulo:0rG2QcmPAKBBec7NcS_SUw,sidewalk,measured,169,0.0230885
sao_paulo:0rG2QcmPAKBBec7NcS_SUw,sidewalk,with_standins,285,0.135125
sao_paulo:0rG2QcmPAKBBec7NcS_SUw,sidewalk,measured_ref_road,122,0.0333555
sao_paulo:0rG2QcmPAKBBec7NcS_SUw,walk,measured,706,0.0191425
sao_paulo:0rG2QcmPAKBBec7NcS_SUw,walk,with_standins,864,0.0256437
sao_paulo:0rG2QcmPAKBBec7NcS_SUw,walk,measured_ref_road,603,0.0239187
sao_paulo:0rG2QcmPAKBBec7NcS_SUw,road,measured,1355,0.050009
sao_paulo:0rG2QcmPAKBBec7NcS_SUw,road,with_standins,1500,0.04996
sao_paulo:0rG2QcmPAKBBec7NcS_SUw,road,measured_ref_road,1237,0.0530784
sao_paulo:1bF6KihYF1Rw8PIg_ZTh6g,sidewalk,measured,1436,-0.0608701
sao_paulo:1bF6KihYF1Rw8PIg_ZTh6g,sidewalk,with_standins,1463,-0.0599121
sao_paulo:1bF6KihYF1Rw8PIg_ZTh6g,sidewalk,measured_ref_road,780,-0.0744244
sao_paulo:1bF6KihYF1Rw8PIg_ZTh6g,walk,measured,1475,-0.0609194
sao_paulo:1bF6KihYF1Rw8PIg_ZTh6g,walk,with_standins,1500,-0.0602562
sao_paulo:1bF6KihYF1Rw8PIg_ZTh6g,walk,measured_ref_road,873,-0.0711724
sao_paulo:1bF6KihYF1Rw8PIg_ZTh6g,road,measured,1496,-0.0733048
sao_paulo:1bF6KihYF1Rw8PIg_ZTh6g,road,with_standins,1500,-0.073602
sao_paulo:1bF6KihYF1Rw8PIg_ZTh6g,road,measured_ref_road,1455,-0.0752574
sao_paulo:23nSVF67ExPhVWfty9-4Qw,sidewalk,measured,1108,-0.0405761
sao_paulo:23nSVF67ExPhVWfty9-4Qw,sidewalk,with_standins,1500,-0.0317006
sao_paulo:23nSVF67ExPhVWfty9-4Qw,sidewalk,measured_ref_road,662,-0.0379014
sao_paulo:23nSVF67ExPhVWfty9-4Qw,walk,measured,1122,-0.041515
sao_paulo:23nSVF67ExPhVWfty9-4Qw,walk,with_standins,1500,-0.0324897
sao_paulo:23nSVF67ExPhVWfty9-4Qw,walk,measured_ref_road,727,-0.0398995
sao_paulo:23nSVF67ExPhVWfty9-4Qw,road,measured,1050,-0.0616491
sao_paulo:23nSVF67ExPhVWfty9-4Qw,road,with_standins,1500,-0.0350825
sao_paulo:23nSVF67ExPhVWfty9-4Qw,road,measured_ref_road,1045,-0.0616702
sao_paulo:2XdWe9r6z5m-9SmNQq7TGQ,sidewalk,measured,432,-0.00999153
sao_paulo:2XdWe9r6z5m-9SmNQq7TGQ,sidewalk,with_standins,1500,0.0566218
sao_paulo:2XdWe9r6z5m-9SmNQq7TGQ,sidewalk,measured_ref_road,142,0.1163
sao_paulo:2XdWe9r6z5m-9SmNQq7TGQ,walk,measured,437,-0.00951726
sao_paulo:2XdWe9r6z5m-9SmNQq7TGQ,walk,with_standins,1500,0.0624316
sao_paulo:2XdWe9r6z5m-9SmNQq7TGQ,walk,measured_ref_road,175,-0.0203857
sao_paulo:2XdWe9r6z5m-9SmNQq7TGQ,road,measured,827,-0.126906
sao_paulo:2XdWe9r6z5m-9SmNQq7TGQ,road,with_standins,1500,-0.0174231
sao_paulo:2XdWe9r6z5m-9SmNQq7TGQ,road,measured_ref_road,244,-0.0332721
sao_paulo:2vVoZEbjn1wxGCCvCmgeUQ,sidewalk,measured,374,0.0222265
sao_paulo:2vVoZEbjn1wxGCCvCmgeUQ,sidewalk,with_standins,1370,0.0320749
sao_paulo:2vVoZEbjn1wxGCCvCmgeUQ,sidewalk,measured_ref_road,174,0.0826862
sao_paulo:2vVoZEbjn1wxGCCvCmgeUQ,walk,measured,483,0.0568578
sao_paulo:2vVoZEbjn1wxGCCvCmgeUQ,walk,with_standins,1500,0.0327002
sao_paulo:2vVoZEbjn1wxGCCvCmgeUQ,walk,measured_ref_road,284,0.0759954
sao_paulo:2vVoZEbjn1wxGCCvCmgeUQ,road,measured,995,0.0715256
sao_paulo:2vVoZEbjn1wxGCCvCmgeUQ,road,with_standins,1500,0.0616396
sao_paulo:2vVoZEbjn1wxGCCvCmgeUQ,road,measured_ref_road,933,0.0714373
sao_paulo:3SnxAqXSf1WzcWlp76h_2Q,sidewalk,measured,24,-0.0291918
sao_paulo:3SnxAqXSf1WzcWlp76h_2Q,sidewalk,with_standins,145,0.124579
sao_paulo:3SnxAqXSf1WzcWlp76h_2Q,walk,measured,67,0.0577268
sao_paulo:3SnxAqXSf1WzcWlp76h_2Q,walk,with_standins,197,0.0804545
sao_paulo:3SnxAqXSf1WzcWlp76h_2Q,walk,measured_ref_road,35,0.0735943
sao_paulo:3SnxAqXSf1WzcWlp76h_2Q,road,measured,1227,-0.0656241
sao_paulo:3SnxAqXSf1WzcWlp76h_2Q,road,with_standins,1500,-0.0553684
sao_paulo:3SnxAqXSf1WzcWlp76h_2Q,road,measured_ref_road,1222,-0.0655377
sao_paulo:4RXNxzYjFwN0EBvKh8aHSQ,sidewalk,measured,1138,0.171581
sao_paulo:4RXNxzYjFwN0EBvKh8aHSQ,sidewalk,with_standins,1500,0.171346
sao_paulo:4RXNxzYjFwN0EBvKh8aHSQ,sidewalk,measured_ref_road,312,0.120499
sao_paulo:4RXNxzYjFwN0EBvKh8aHSQ,walk,measured,1114,0.156696
sao_paulo:4RXNxzYjFwN0EBvKh8aHSQ,walk,with_standins,1500,0.15894
sao_paulo:4RXNxzYjFwN0EBvKh8aHSQ,walk,measured_ref_road,351,0.117268
sao_paulo:4RXNxzYjFwN0EBvKh8aHSQ,road,measured,1368,-0.0172247
sao_paulo:4RXNxzYjFwN0EBvKh8aHSQ,road,with_standins,1500,-0.00200357
sao_paulo:4RXNxzYjFwN0EBvKh8aHSQ,road,measured_ref_road,571,-0.0220222
sao_paulo:4Z4bj21zN62_fBZJzoF6Xg,sidewalk,measured,1490,-0.00417121
sao_paulo:4Z4bj21zN62_fBZJzoF6Xg,sidewalk,with_standins,1500,-0.00406109
sao_paulo:4Z4bj21zN62_fBZJzoF6Xg,sidewalk,measured_ref_road,812,0.264132
sao_paulo:4Z4bj21zN62_fBZJzoF6Xg,walk,measured,1484,-0.00284471
sao_paulo:4Z4bj21zN62_fBZJzoF6Xg,walk,with_standins,1500,-0.00172355
sao_paulo:4Z4bj21zN62_fBZJzoF6Xg,walk,measured_ref_road,950,0.13049
sao_paulo:4Z4bj21zN62_fBZJzoF6Xg,road,measured,1485,0.044026
sao_paulo:4Z4bj21zN62_fBZJzoF6Xg,road,with_standins,1500,0.0442251
sao_paulo:4Z4bj21zN62_fBZJzoF6Xg,road,measured_ref_road,1479,0.044026
sao_paulo:4n8b3OMdbJZgeJXz_TxNBA,sidewalk,measured,1062,-0.13623
sao_paulo:4n8b3OMdbJZgeJXz_TxNBA,sidewalk,with_standins,1500,-0.119853
sao_paulo:4n8b3OMdbJZgeJXz_TxNBA,sidewalk,measured_ref_road,792,-0.14583
sao_paulo:4n8b3OMdbJZgeJXz_TxNBA,walk,measured,1073,-0.123946
sao_paulo:4n8b3OMdbJZgeJXz_TxNBA,walk,with_standins,1500,-0.109379
sao_paulo:4n8b3OMdbJZgeJXz_TxNBA,walk,measured_ref_road,817,-0.134739
sao_paulo:4n8b3OMdbJZgeJXz_TxNBA,road,measured,1244,-0.0428911
sao_paulo:4n8b3OMdbJZgeJXz_TxNBA,road,with_standins,1500,-0.036165
sao_paulo:4n8b3OMdbJZgeJXz_TxNBA,road,measured_ref_road,1238,-0.0429901
sao_paulo:52VthEdI90oCcFRLa9Wy5g,sidewalk,measured,318,0.058041
sao_paulo:52VthEdI90oCcFRLa9Wy5g,sidewalk,with_standins,318,0.058041
sao_paulo:52VthEdI90oCcFRLa9Wy5g,sidewalk,measured_ref_road,147,0.0557824
sao_paulo:52VthEdI90oCcFRLa9Wy5g,walk,measured,358,0.0584934
sao_paulo:52VthEdI90oCcFRLa9Wy5g,walk,with_standins,358,0.0584934
sao_paulo:52VthEdI90oCcFRLa9Wy5g,walk,measured_ref_road,183,0.0564285
sao_paulo:52VthEdI90oCcFRLa9Wy5g,road,measured,1500,0.0377241
sao_paulo:52VthEdI90oCcFRLa9Wy5g,road,with_standins,1500,0.0377241
sao_paulo:52VthEdI90oCcFRLa9Wy5g,road,measured_ref_road,1479,0.0369871
sao_paulo:53l0gQcJPK4NrZhJZhtKlg,sidewalk,measured,1422,-0.126154
sao_paulo:53l0gQcJPK4NrZhJZhtKlg,sidewalk,with_standins,1500,-0.114404
sao_paulo:53l0gQcJPK4NrZhJZhtKlg,sidewalk,measured_ref_road,1141,-0.166862
sao_paulo:53l0gQcJPK4NrZhJZhtKlg,walk,measured,1444,-0.128451
sao_paulo:53l0gQcJPK4NrZhJZhtKlg,walk,with_standins,1500,-0.120412
sao_paulo:53l0gQcJPK4NrZhJZhtKlg,walk,measured_ref_road,1220,-0.159536
sao_paulo:53l0gQcJPK4NrZhJZhtKlg,road,measured,1481,-0.0374182
sao_paulo:53l0gQcJPK4NrZhJZhtKlg,road,with_standins,1500,-0.0356624
sao_paulo:53l0gQcJPK4NrZhJZhtKlg,road,measured_ref_road,1481,-0.0374182
sao_paulo:5IK4jyU16o627F2yDHu6Gw,sidewalk,measured,405,-0.029061
sao_paulo:5IK4jyU16o627F2yDHu6Gw,sidewalk,with_standins,731,0.0269636
sao_paulo:5IK4jyU16o627F2yDHu6Gw,sidewalk,measured_ref_road,249,-0.0104403
sao_paulo:5IK4jyU16o627F2yDHu6Gw,walk,measured,554,-0.0168944
sao_paulo:5IK4jyU16o627F2yDHu6Gw,walk,with_standins,973,0.0384366
sao_paulo:5IK4jyU16o627F2yDHu6Gw,walk,measured_ref_road,389,0.0131188
sao_paulo:5IK4jyU16o627F2yDHu6Gw,road,measured,1116,-0.0142267
sao_paulo:5IK4jyU16o627F2yDHu6Gw,road,with_standins,1500,0.00920397
sao_paulo:5IK4jyU16o627F2yDHu6Gw,road,measured_ref_road,1113,-0.0139747
sao_paulo:5b-MNFZDk9yhziWPr2u7Hg,sidewalk,measured,119,0.13077
sao_paulo:5b-MNFZDk9yhziWPr2u7Hg,sidewalk,with_standins,119,0.13077
sao_paulo:5b-MNFZDk9yhziWPr2u7Hg,sidewalk,measured_ref_road,86,0.137261
sao_paulo:5b-MNFZDk9yhziWPr2u7Hg,walk,measured,1453,0.11093
sao_paulo:5b-MNFZDk9yhziWPr2u7Hg,walk,with_standins,1465,0.111145
sao_paulo:5b-MNFZDk9yhziWPr2u7Hg,walk,measured_ref_road,1280,0.114087
sao_paulo:5b-MNFZDk9yhziWPr2u7Hg,road,measured,1497,-0.0274737
sao_paulo:5b-MNFZDk9yhziWPr2u7Hg,road,with_standins,1500,-0.0272253
sao_paulo:5b-MNFZDk9yhziWPr2u7Hg,road,measured_ref_road,1472,-0.0271262
sao_paulo:6a_UTgidEGA0mlGKPlurNw,sidewalk,measured,1041,0.0404315
sao_paulo:6a_UTgidEGA0mlGKPlurNw,sidewalk,with_standins,1500,0.0622012
sao_paulo:6a_UTgidEGA0mlGKPlurNw,sidewalk,measured_ref_road,515,0.0489462
sao_paulo:6a_UTgidEGA0mlGKPlurNw,walk,measured,1063,0.030708
sao_paulo:6a_UTgidEGA0mlGKPlurNw,walk,with_standins,1500,0.0469767
sao_paulo:6a_UTgidEGA0mlGKPlurNw,walk,measured_ref_road,582,0.0330096
sao_paulo:6a_UTgidEGA0mlGKPlurNw,road,measured,1177,0.0311703
sao_paulo:6a_UTgidEGA0mlGKPlurNw,road,with_standins,1500,0.0325813
sao_paulo:6a_UTgidEGA0mlGKPlurNw,road,measured_ref_road,1163,0.0308892
sao_paulo:7O-o_5mVjT3KdC0SV0shUw,sidewalk,measured,1489,-0.0314785
sao_paulo:7O-o_5mVjT3KdC0SV0shUw,sidewalk,with_standins,1500,-0.0311506
sao_paulo:7O-o_5mVjT3KdC0SV0shUw,sidewalk,measured_ref_road,229,-0.0932202
sao_paulo:7O-o_5mVjT3KdC0SV0shUw,walk,measured,1483,-0.0287732
sao_paulo:7O-o_5mVjT3KdC0SV0shUw,walk,with_standins,1500,-0.0285338
sao_paulo:7O-o_5mVjT3KdC0SV0shUw,walk,measured_ref_road,260,-0.111639
sao_paulo:7O-o_5mVjT3KdC0SV0shUw,road,measured,1495,-0.0910815
sao_paulo:7O-o_5mVjT3KdC0SV0shUw,road,with_standins,1500,-0.0909066
sao_paulo:7O-o_5mVjT3KdC0SV0shUw,road,measured_ref_road,1326,-0.0981172
sao_paulo:7UTz_5Xfnx4Hz_0gfN2WZA,sidewalk,measured,1398,0.122978
sao_paulo:7UTz_5Xfnx4Hz_0gfN2WZA,sidewalk,with_standins,1500,0.126656
sao_paulo:7UTz_5Xfnx4Hz_0gfN2WZA,sidewalk,measured_ref_road,499,0.106819
sao_paulo:7UTz_5Xfnx4Hz_0gfN2WZA,walk,measured,1325,0.114687
sao_paulo:7UTz_5Xfnx4Hz_0gfN2WZA,walk,with_standins,1500,0.115696
sao_paulo:7UTz_5Xfnx4Hz_0gfN2WZA,walk,measured_ref_road,538,0.0973058
sao_paulo:7UTz_5Xfnx4Hz_0gfN2WZA,road,measured,1276,0.0604521
sao_paulo:7UTz_5Xfnx4Hz_0gfN2WZA,road,with_standins,1500,0.0565371
sao_paulo:7UTz_5Xfnx4Hz_0gfN2WZA,road,measured_ref_road,506,0.0336188
sao_paulo:7um0A6G_bSJ3Hn6nRbixvA,sidewalk,measured,1420,-0.000337454
sao_paulo:7um0A6G_bSJ3Hn6nRbixvA,sidewalk,with_standins,1500,0.00146685
sao_paulo:7um0A6G_bSJ3Hn6nRbixvA,sidewalk,measured_ref_road,655,0.00576963
sao_paulo:7um0A6G_bSJ3Hn6nRbixvA,walk,measured,1411,0.000244438
sao_paulo:7um0A6G_bSJ3Hn6nRbixvA,walk,with_standins,1500,0.00174467
sao_paulo:7um0A6G_bSJ3Hn6nRbixvA,walk,measured_ref_road,749,0.00513364
sao_paulo:7um0A6G_bSJ3Hn6nRbixvA,road,measured,1494,0.00620291
sao_paulo:7um0A6G_bSJ3Hn6nRbixvA,road,with_standins,1500,0.00631463
sao_paulo:7um0A6G_bSJ3Hn6nRbixvA,road,measured_ref_road,1433,0.00657191
sao_paulo:8PunOGXWhLW2Jcp-z1kSNg,sidewalk,measured,1369,0.137151
sao_paulo:8PunOGXWhLW2Jcp-z1kSNg,sidewalk,with_standins,1369,0.137151
sao_paulo:8PunOGXWhLW2Jcp-z1kSNg,sidewalk,measured_ref_road,428,0.344619
sao_paulo:8PunOGXWhLW2Jcp-z1kSNg,walk,measured,1500,0.192521
sao_paulo:8PunOGXWhLW2Jcp-z1kSNg,walk,with_standins,1500,0.192521
sao_paulo:8PunOGXWhLW2Jcp-z1kSNg,walk,measured_ref_road,552,0.309371
sao_paulo:8PunOGXWhLW2Jcp-z1kSNg,road,measured,1500,0.0110428
sao_paulo:8PunOGXWhLW2Jcp-z1kSNg,road,with_standins,1500,0.0110428
sao_paulo:8PunOGXWhLW2Jcp-z1kSNg,road,measured_ref_road,934,0.0695614
sao_paulo:9e52qBoSx6RlPRP2VHBTqA,sidewalk,measured,1500,-0.0563435
sao_paulo:9e52qBoSx6RlPRP2VHBTqA,sidewalk,with_standins,1500,-0.0563435
sao_paulo:9e52qBoSx6RlPRP2VHBTqA,sidewalk,measured_ref_road,68,-0.140496
sao_paulo:9e52qBoSx6RlPRP2VHBTqA,walk,measured,1500,-0.0558075
sao_paulo:9e52qBoSx6RlPRP2VHBTqA,walk,with_standins,1500,-0.0558075
sao_paulo:9e52qBoSx6RlPRP2VHBTqA,walk,measured_ref_road,92,-0.111735
sao_paulo:9e52qBoSx6RlPRP2VHBTqA,road,measured,1500,-0.0724549
sao_paulo:9e52qBoSx6RlPRP2VHBTqA,road,with_standins,1500,-0.0724549
sao_paulo:9e52qBoSx6RlPRP2VHBTqA,road,measured_ref_road,470,-0.0644463
sao_paulo:9ogLSXwqkmRsXUlTLya0uQ,sidewalk,measured,1459,0.175471
sao_paulo:9ogLSXwqkmRsXUlTLya0uQ,sidewalk,with_standins,1459,0.175471
sao_paulo:9ogLSXwqkmRsXUlTLya0uQ,sidewalk,measured_ref_road,920,0.238562
sao_paulo:9ogLSXwqkmRsXUlTLya0uQ,walk,measured,1425,0.194384
sao_paulo:9ogLSXwqkmRsXUlTLya0uQ,walk,with_standins,1425,0.194384
sao_paulo:9ogLSXwqkmRsXUlTLya0uQ,walk,measured_ref_road,1004,0.220711
sao_paulo:9ogLSXwqkmRsXUlTLya0uQ,road,measured,820,0.0386784
sao_paulo:9ogLSXwqkmRsXUlTLya0uQ,road,with_standins,820,0.0386784
sao_paulo:9ogLSXwqkmRsXUlTLya0uQ,road,measured_ref_road,817,0.0391871
sao_paulo:AJVnpStT1x3aP5rNLkUUyA,sidewalk,measured,939,-0.0165919
sao_paulo:AJVnpStT1x3aP5rNLkUUyA,sidewalk,with_standins,1369,0.0106603
sao_paulo:AJVnpStT1x3aP5rNLkUUyA,sidewalk,measured_ref_road,271,-0.0665369
sao_paulo:AJVnpStT1x3aP5rNLkUUyA,walk,measured,775,-0.0165919
sao_paulo:AJVnpStT1x3aP5rNLkUUyA,walk,with_standins,1500,0.0299742
sao_paulo:AJVnpStT1x3aP5rNLkUUyA,walk,measured_ref_road,241,-0.0686158
sao_paulo:AJVnpStT1x3aP5rNLkUUyA,road,measured,1183,0.0150788
sao_paulo:AJVnpStT1x3aP5rNLkUUyA,road,with_standins,1500,0.024562
sao_paulo:AJVnpStT1x3aP5rNLkUUyA,road,measured_ref_road,1183,0.0150788
sao_paulo:AyVE6TqZxahbZyzOG8KhPg,sidewalk,measured,126,-0.0226765
sao_paulo:AyVE6TqZxahbZyzOG8KhPg,sidewalk,with_standins,459,0.073755
sao_paulo:AyVE6TqZxahbZyzOG8KhPg,walk,measured,135,-0.0201186
sao_paulo:AyVE6TqZxahbZyzOG8KhPg,walk,with_standins,555,0.0803638
sao_paulo:AyVE6TqZxahbZyzOG8KhPg,walk,measured_ref_road,23,0.12971
sao_paulo:AyVE6TqZxahbZyzOG8KhPg,road,measured,285,-0.0460494
sao_paulo:AyVE6TqZxahbZyzOG8KhPg,road,with_standins,1500,0.0118805
sao_paulo:AyVE6TqZxahbZyzOG8KhPg,road,measured_ref_road,285,-0.0460494
sao_paulo:BK29yXSNmXidi-3ggxm_Zg,sidewalk,measured,864,0.0180999
sao_paulo:BK29yXSNmXidi-3ggxm_Zg,sidewalk,with_standins,1500,0.058416
sao_paulo:BK29yXSNmXidi-3ggxm_Zg,sidewalk,measured_ref_road,313,0.0244379
sao_paulo:BK29yXSNmXidi-3ggxm_Zg,walk,measured,828,0.0101162
sao_paulo:BK29yXSNmXidi-3ggxm_Zg,walk,with_standins,1500,0.0615342
sao_paulo:BK29yXSNmXidi-3ggxm_Zg,walk,measured_ref_road,334,0.00903393
sao_paulo:BK29yXSNmXidi-3ggxm_Zg,road,measured,724,-0.0212923
sao_paulo:BK29yXSNmXidi-3ggxm_Zg,road,with_standins,1500,0.00209177
sao_paulo:BK29yXSNmXidi-3ggxm_Zg,road,measured_ref_road,402,-0.0182564
sao_paulo:Cuj3qJDAZnTKnMhQLXy1ig,sidewalk,measured,1402,0.0584992
sao_paulo:Cuj3qJDAZnTKnMhQLXy1ig,sidewalk,with_standins,1500,0.0590663
sao_paulo:Cuj3qJDAZnTKnMhQLXy1ig,sidewalk,measured_ref_road,649,0.0635185
sao_paulo:Cuj3qJDAZnTKnMhQLXy1ig,walk,measured,1404,0.0578102
sao_paulo:Cuj3qJDAZnTKnMhQLXy1ig,walk,with_standins,1500,0.0586099
sao_paulo:Cuj3qJDAZnTKnMhQLXy1ig,walk,measured_ref_road,690,0.0638101
sao_paulo:Cuj3qJDAZnTKnMhQLXy1ig,road,measured,1480,0.0622296
sao_paulo:Cuj3qJDAZnTKnMhQLXy1ig,road,with_standins,1500,0.0619886
sao_paulo:Cuj3qJDAZnTKnMhQLXy1ig,road,measured_ref_road,1456,0.0625576
sao_paulo:DSdxd4wO-H8l4g-O_IGfkg,sidewalk,measured,1431,0.0337672
sao_paulo:DSdxd4wO-H8l4g-O_IGfkg,sidewalk,with_standins,1500,0.0361971
sao_paulo:DSdxd4wO-H8l4g-O_IGfkg,sidewalk,measured_ref_road,52,-0.314606
sao_paulo:DSdxd4wO-H8l4g-O_IGfkg,walk,measured,1434,0.0239162
sao_paulo:DSdxd4wO-H8l4g-O_IGfkg,walk,with_standins,1500,0.0277085
sao_paulo:DSdxd4wO-H8l4g-O_IGfkg,walk,measured_ref_road,80,-0.230949
sao_paulo:DSdxd4wO-H8l4g-O_IGfkg,road,measured,1499,-0.0423374
sao_paulo:DSdxd4wO-H8l4g-O_IGfkg,road,with_standins,1500,-0.0423075
sao_paulo:DSdxd4wO-H8l4g-O_IGfkg,road,measured_ref_road,1324,-0.0397059
sao_paulo:E2-oeApmq0sW_GDdLFbnCQ,sidewalk,measured,1218,0.0238498
sao_paulo:E2-oeApmq0sW_GDdLFbnCQ,sidewalk,with_standins,1297,0.0285586
sao_paulo:E2-oeApmq0sW_GDdLFbnCQ,sidewalk,measured_ref_road,830,0.0675708
sao_paulo:E2-oeApmq0sW_GDdLFbnCQ,walk,measured,1169,0.0211316
sao_paulo:E2-oeApmq0sW_GDdLFbnCQ,walk,with_standins,1246,0.0269667
sao_paulo:E2-oeApmq0sW_GDdLFbnCQ,walk,measured_ref_road,878,0.0503708
sao_paulo:E2-oeApmq0sW_GDdLFbnCQ,road,measured,879,0.0244158
sao_paulo:E2-oeApmq0sW_GDdLFbnCQ,road,with_standins,914,0.0242
sao_paulo:E2-oeApmq0sW_GDdLFbnCQ,road,measured_ref_road,661,0.0259367
sao_paulo:FRKJomHWa7nYfbmGJRNuvA,sidewalk,measured,1497,0.0763032
sao_paulo:FRKJomHWa7nYfbmGJRNuvA,sidewalk,with_standins,1500,0.0771999
sao_paulo:FRKJomHWa7nYfbmGJRNuvA,sidewalk,measured_ref_road,752,0.241114
sao_paulo:FRKJomHWa7nYfbmGJRNuvA,walk,measured,1498,0.0598575
sao_paulo:FRKJomHWa7nYfbmGJRNuvA,walk,with_standins,1500,0.0599051
sao_paulo:FRKJomHWa7nYfbmGJRNuvA,walk,measured_ref_road,722,0.213181
sao_paulo:FRKJomHWa7nYfbmGJRNuvA,road,measured,1500,-0.0119719
sao_paulo:FRKJomHWa7nYfbmGJRNuvA,road,with_standins,1500,-0.0119719
sao_paulo:FRKJomHWa7nYfbmGJRNuvA,road,measured_ref_road,858,-0.00703765
sao_paulo:GnxqQAq5GVonmVKfcMcr6w,sidewalk,measured,107,0.0126713
sao_paulo:GnxqQAq5GVonmVKfcMcr6w,sidewalk,with_standins,412,0.291233
sao_paulo:GnxqQAq5GVonmVKfcMcr6w,walk,measured,113,0.015874
sao_paulo:GnxqQAq5GVonmVKfcMcr6w,walk,with_standins,514,0.298843
sao_paulo:GnxqQAq5GVonmVKfcMcr6w,road,measured,168,-0.0782412
sao_paulo:GnxqQAq5GVonmVKfcMcr6w,road,with_standins,1500,0.0679978
sao_paulo:GnxqQAq5GVonmVKfcMcr6w,road,measured_ref_road,168,-0.0782412
sao_paulo:H2cEJygbNd56-362PsICjA,sidewalk,measured,1485,0.0151178
sao_paulo:H2cEJygbNd56-362PsICjA,sidewalk,with_standins,1500,0.015964
sao_paulo:H2cEJygbNd56-362PsICjA,sidewalk,measured_ref_road,524,-0.136542
sao_paulo:H2cEJygbNd56-362PsICjA,walk,measured,1488,0.0134412
sao_paulo:H2cEJygbNd56-362PsICjA,walk,with_standins,1500,0.0138025
sao_paulo:H2cEJygbNd56-362PsICjA,walk,measured_ref_road,644,-0.112254
sao_paulo:H2cEJygbNd56-362PsICjA,road,measured,1499,-0.0247936
sao_paulo:H2cEJygbNd56-362PsICjA,road,with_standins,1500,-0.0246744
sao_paulo:H2cEJygbNd56-362PsICjA,road,measured_ref_road,1495,-0.0250338
sao_paulo:I0LGgFwBsGIYNbIsIaLgpQ,sidewalk,measured,1458,-0.00682053
sao_paulo:I0LGgFwBsGIYNbIsIaLgpQ,sidewalk,with_standins,1500,-0.00605411
sao_paulo:I0LGgFwBsGIYNbIsIaLgpQ,sidewalk,measured_ref_road,843,-0.011936
sao_paulo:I0LGgFwBsGIYNbIsIaLgpQ,walk,measured,1453,-0.00782144
sao_paulo:I0LGgFwBsGIYNbIsIaLgpQ,walk,with_standins,1500,-0.00664505
sao_paulo:I0LGgFwBsGIYNbIsIaLgpQ,walk,measured_ref_road,985,-0.0127281
sao_paulo:I0LGgFwBsGIYNbIsIaLgpQ,road,measured,1487,0.0104326
sao_paulo:I0LGgFwBsGIYNbIsIaLgpQ,road,with_standins,1500,0.0126597
sao_paulo:I0LGgFwBsGIYNbIsIaLgpQ,road,measured_ref_road,1478,0.0092306
sao_paulo:IAF46f7Lfz65Y2vjckHeMA,sidewalk,measured,789,0.0721879
sao_paulo:IAF46f7Lfz65Y2vjckHeMA,sidewalk,with_standins,1500,0.0645329
sao_paulo:IAF46f7Lfz65Y2vjckHeMA,sidewalk,measured_ref_road,552,0.0727738
sao_paulo:IAF46f7Lfz65Y2vjckHeMA,walk,measured,691,0.0689477
sao_paulo:IAF46f7Lfz65Y2vjckHeMA,walk,with_standins,1500,0.0626415
sao_paulo:IAF46f7Lfz65Y2vjckHeMA,walk,measured_ref_road,511,0.0686055
sao_paulo:IAF46f7Lfz65Y2vjckHeMA,road,measured,993,0.0195081
sao_paulo:IAF46f7Lfz65Y2vjckHeMA,road,with_standins,1500,0.0233668
sao_paulo:IAF46f7Lfz65Y2vjckHeMA,road,measured_ref_road,876,0.0182616
sao_paulo:JAwR7rGXLysrpeYgTzkLCQ,sidewalk,measured,425,-0.111139
sao_paulo:JAwR7rGXLysrpeYgTzkLCQ,sidewalk,with_standins,507,-0.0965968
sao_paulo:JAwR7rGXLysrpeYgTzkLCQ,walk,measured,460,-0.113479
sao_paulo:JAwR7rGXLysrpeYgTzkLCQ,walk,with_standins,685,-0.0779199
sao_paulo:JAwR7rGXLysrpeYgTzkLCQ,road,measured,709,-0.13583
sao_paulo:JAwR7rGXLysrpeYgTzkLCQ,road,with_standins,1500,0.0318678
sao_paulo:JAwR7rGXLysrpeYgTzkLCQ,road,measured_ref_road,561,-0.115305
sao_paulo:KD-uKFrh3oLPfzbwOStEWA,sidewalk,measured,1495,-0.0227403
sao_paulo:KD-uKFrh3oLPfzbwOStEWA,sidewalk,with_standins,1500,-0.0224812
sao_paulo:KD-uKFrh3oLPfzbwOStEWA,sidewalk,measured_ref_road,560,-0.00978173
sao_paulo:KD-uKFrh3oLPfzbwOStEWA,walk,measured,1496,-0.0225604
sao_paulo:KD-uKFrh3oLPfzbwOStEWA,walk,with_standins,1500,-0.0223851
sao_paulo:KD-uKFrh3oLPfzbwOStEWA,walk,measured_ref_road,697,-0.0148282
sao_paulo:KD-uKFrh3oLPfzbwOStEWA,road,measured,1474,-0.0285456
sao_paulo:KD-uKFrh3oLPfzbwOStEWA,road,with_standins,1500,-0.0280252
sao_paulo:KD-uKFrh3oLPfzbwOStEWA,road,measured_ref_road,1463,-0.0280404
sao_paulo:LUW-LxIfrK_j7kCq16WoyQ,sidewalk,measured,1322,-0.0275043
sao_paulo:LUW-LxIfrK_j7kCq16WoyQ,sidewalk,with_standins,1500,-0.0171967
sao_paulo:LUW-LxIfrK_j7kCq16WoyQ,sidewalk,measured_ref_road,436,0.242737
sao_paulo:LUW-LxIfrK_j7kCq16WoyQ,walk,measured,1355,-0.030138
sao_paulo:LUW-LxIfrK_j7kCq16WoyQ,walk,with_standins,1500,-0.0230461
sao_paulo:LUW-LxIfrK_j7kCq16WoyQ,walk,measured_ref_road,676,-0.027565
sao_paulo:LUW-LxIfrK_j7kCq16WoyQ,road,measured,1446,-0.0209847
sao_paulo:LUW-LxIfrK_j7kCq16WoyQ,road,with_standins,1500,-0.0191736
sao_paulo:LUW-LxIfrK_j7kCq16WoyQ,road,measured_ref_road,1416,-0.0222938
sao_paulo:M5mjc-BAtPFJppa9npq4xA,sidewalk,measured,206,0.118736
sao_paulo:M5mjc-BAtPFJppa9npq4xA,sidewalk,with_standins,809,0.0172128
sao_paulo:M5mjc-BAtPFJppa9npq4xA,sidewalk,measured_ref_road,134,0.123239
sao_paulo:M5mjc-BAtPFJppa9npq4xA,walk,measured,277,0.118544
sao_paulo:M5mjc-BAtPFJppa9npq4xA,walk,with_standins,1029,0.0208036
sao_paulo:M5mjc-BAtPFJppa9npq4xA,walk,measured_ref_road,201,0.121982
sao_paulo:M5mjc-BAtPFJppa9npq4xA,road,measured,756,0.0877975
sao_paulo:M5mjc-BAtPFJppa9npq4xA,road,with_standins,1500,0.0757165
sao_paulo:M5mjc-BAtPFJppa9npq4xA,road,measured_ref_road,744,0.0876093
sao_paulo:MBuniYPiSz9apm9agSpqPw,sidewalk,measured,1348,-0.0290645
sao_paulo:MBuniYPiSz9apm9agSpqPw,sidewalk,with_standins,1393,-0.0234257
sao_paulo:MBuniYPiSz9apm9agSpqPw,sidewalk,measured_ref_road,1109,0.00527872
sao_paulo:MBuniYPiSz9apm9agSpqPw,walk,measured,1314,-0.0125307
sao_paulo:MBuniYPiSz9apm9agSpqPw,walk,with_standins,1364,-0.00724389
sao_paulo:MBuniYPiSz9apm9agSpqPw,walk,measured_ref_road,1133,0.00715138
sao_paulo:MBuniYPiSz9apm9agSpqPw,road,measured,1099,-0.00510601
sao_paulo:MBuniYPiSz9apm9agSpqPw,road,with_standins,1110,-0.00420659
sao_paulo:MBuniYPiSz9apm9agSpqPw,road,measured_ref_road,978,0.00338504
sao_paulo:MO1IiuyyjHfY4uBuEsgoeg,sidewalk,measured,1392,0.015809
sao_paulo:MO1IiuyyjHfY4uBuEsgoeg,sidewalk,with_standins,1500,0.031198
sao_paulo:MO1IiuyyjHfY4uBuEsgoeg,sidewalk,measured_ref_road,746,0.346875
sao_paulo:MO1IiuyyjHfY4uBuEsgoeg,walk,measured,1393,0.0433835
sao_paulo:MO1IiuyyjHfY4uBuEsgoeg,walk,with_standins,1500,0.0645312
sao_paulo:MO1IiuyyjHfY4uBuEsgoeg,walk,measured_ref_road,880,0.224602
sao_paulo:MO1IiuyyjHfY4uBuEsgoeg,road,measured,1430,-0.0409926
sao_paulo:MO1IiuyyjHfY4uBuEsgoeg,road,with_standins,1500,-0.0385803
sao_paulo:MO1IiuyyjHfY4uBuEsgoeg,road,measured_ref_road,1430,-0.0409926
sao_paulo:MTKGGsTjIZqzb5CJ4L_zKw,sidewalk,measured,738,-0.0611591
sao_paulo:MTKGGsTjIZqzb5CJ4L_zKw,sidewalk,with_standins,1500,0.0155977
sao_paulo:MTKGGsTjIZqzb5CJ4L_zKw,sidewalk,measured_ref_road,622,-0.0684671
sao_paulo:MTKGGsTjIZqzb5CJ4L_zKw,walk,measured,766,-0.0678752
sao_paulo:MTKGGsTjIZqzb5CJ4L_zKw,walk,with_standins,1500,0.00653454
sao_paulo:MTKGGsTjIZqzb5CJ4L_zKw,walk,measured_ref_road,690,-0.0723379
sao_paulo:MTKGGsTjIZqzb5CJ4L_zKw,road,measured,1171,-0.056258
sao_paulo:MTKGGsTjIZqzb5CJ4L_zKw,road,with_standins,1500,-0.0497765
sao_paulo:MTKGGsTjIZqzb5CJ4L_zKw,road,measured_ref_road,1171,-0.056258
sao_paulo:MjzhJxGXvpsFuKgE1Mh-Xg,sidewalk,measured,1460,0.0433278
sao_paulo:MjzhJxGXvpsFuKgE1Mh-Xg,sidewalk,with_standins,1500,0.0440437
sao_paulo:MjzhJxGXvpsFuKgE1Mh-Xg,sidewalk,measured_ref_road,563,0.154403
sao_paulo:MjzhJxGXvpsFuKgE1Mh-Xg,walk,measured,1463,0.0398649
sao_paulo:MjzhJxGXvpsFuKgE1Mh-Xg,walk,with_standins,1500,0.0406997
sao_paulo:MjzhJxGXvpsFuKgE1Mh-Xg,walk,measured_ref_road,651,0.132465
sao_paulo:MjzhJxGXvpsFuKgE1Mh-Xg,road,measured,1479,0.0457884
sao_paulo:MjzhJxGXvpsFuKgE1Mh-Xg,road,with_standins,1500,0.0473688
sao_paulo:MjzhJxGXvpsFuKgE1Mh-Xg,road,measured_ref_road,1479,0.0457884
sao_paulo:NiIR-hk3d6gP7qp4s1BM4w,sidewalk,measured,1469,0.122326
sao_paulo:NiIR-hk3d6gP7qp4s1BM4w,sidewalk,with_standins,1500,0.128712
sao_paulo:NiIR-hk3d6gP7qp4s1BM4w,sidewalk,measured_ref_road,1080,0.213222
sao_paulo:NiIR-hk3d6gP7qp4s1BM4w,walk,measured,1456,0.129786
sao_paulo:NiIR-hk3d6gP7qp4s1BM4w,walk,with_standins,1500,0.137257
sao_paulo:NiIR-hk3d6gP7qp4s1BM4w,walk,measured_ref_road,1143,0.204655
sao_paulo:NiIR-hk3d6gP7qp4s1BM4w,road,measured,1482,0.0958977
sao_paulo:NiIR-hk3d6gP7qp4s1BM4w,road,with_standins,1500,0.0960435
sao_paulo:NiIR-hk3d6gP7qp4s1BM4w,road,measured_ref_road,1478,0.096126
sao_paulo:Nn8w6mmD-cbG_XScCiIjwA,sidewalk,measured,474,0.00104045
sao_paulo:Nn8w6mmD-cbG_XScCiIjwA,sidewalk,with_standins,509,0.0211647
sao_paulo:Nn8w6mmD-cbG_XScCiIjwA,sidewalk,measured_ref_road,49,-0.124593
sao_paulo:Nn8w6mmD-cbG_XScCiIjwA,walk,measured,489,-0.00116743
sao_paulo:Nn8w6mmD-cbG_XScCiIjwA,walk,with_standins,529,0.0184055
sao_paulo:Nn8w6mmD-cbG_XScCiIjwA,walk,measured_ref_road,57,-0.108346
sao_paulo:Nn8w6mmD-cbG_XScCiIjwA,road,measured,407,-0.0344975
sao_paulo:Nn8w6mmD-cbG_XScCiIjwA,road,with_standins,486,-0.0146012
sao_paulo:Nn8w6mmD-cbG_XScCiIjwA,road,measured_ref_road,364,-0.038656
sao_paulo:NoadtY-SJzlUAlm7E74VLw,sidewalk,measured,574,-0.00780521
sao_paulo:NoadtY-SJzlUAlm7E74VLw,sidewalk,with_standins,831,0.0250416
sao_paulo:NoadtY-SJzlUAlm7E74VLw,sidewalk,measured_ref_road,32,-0.0186058
sao_paulo:NoadtY-SJzlUAlm7E74VLw,walk,measured,658,-0.00810458
sao_paulo:NoadtY-SJzlUAlm7E74VLw,walk,with_standins,924,0.0201584
sao_paulo:NoadtY-SJzlUAlm7E74VLw,walk,measured_ref_road,101,-0.0160373
sao_paulo:NoadtY-SJzlUAlm7E74VLw,road,measured,1465,0.0598778
sao_paulo:NoadtY-SJzlUAlm7E74VLw,road,with_standins,1500,0.0613827
sao_paulo:NoadtY-SJzlUAlm7E74VLw,road,measured_ref_road,1459,0.0603353
sao_paulo:OwHITjkTQwapTUEqLaf_HA,sidewalk,measured,982,-0.0339926
sao_paulo:OwHITjkTQwapTUEqLaf_HA,sidewalk,with_standins,1500,-0.00265715
sao_paulo:OwHITjkTQwapTUEqLaf_HA,sidewalk,measured_ref_road,717,-0.0391079
sao_paulo:OwHITjkTQwapTUEqLaf_HA,walk,measured,955,-0.0360747
sao_paulo:OwHITjkTQwapTUEqLaf_HA,walk,with_standins,1500,-0.00397962
sao_paulo:OwHITjkTQwapTUEqLaf_HA,walk,measured_ref_road,735,-0.041623
sao_paulo:OwHITjkTQwapTUEqLaf_HA,road,measured,1100,-0.0256233
sao_paulo:OwHITjkTQwapTUEqLaf_HA,road,with_standins,1500,-0.0132966
sao_paulo:OwHITjkTQwapTUEqLaf_HA,road,measured_ref_road,1089,-0.0255953
sao_paulo:PLxw5KV6VDCzoMS7hmL8yw,sidewalk,measured,1448,0.0910384
sao_paulo:PLxw5KV6VDCzoMS7hmL8yw,sidewalk,with_standins,1500,0.0946229
sao_paulo:PLxw5KV6VDCzoMS7hmL8yw,sidewalk,measured_ref_road,760,0.163848
sao_paulo:PLxw5KV6VDCzoMS7hmL8yw,walk,measured,1441,0.0938104
sao_paulo:PLxw5KV6VDCzoMS7hmL8yw,walk,with_standins,1500,0.0968572
sao_paulo:PLxw5KV6VDCzoMS7hmL8yw,walk,measured_ref_road,810,0.158129
sao_paulo:PLxw5KV6VDCzoMS7hmL8yw,road,measured,1475,0.0394465
sao_paulo:PLxw5KV6VDCzoMS7hmL8yw,road,with_standins,1500,0.0395391
sao_paulo:PLxw5KV6VDCzoMS7hmL8yw,road,measured_ref_road,601,0.0139834
sao_paulo:Pj3oiYfbY1b71tzLockamw,sidewalk,measured,1455,-0.0632052
sao_paulo:Pj3oiYfbY1b71tzLockamw,sidewalk,with_standins,1500,-0.0619592
sao_paulo:Pj3oiYfbY1b71tzLockamw,sidewalk,measured_ref_road,1027,-0.0720376
sao_paulo:Pj3oiYfbY1b71tzLockamw,walk,measured,1443,-0.0677826
sao_paulo:Pj3oiYfbY1b71tzLockamw,walk,with_standins,1500,-0.0659154
sao_paulo:Pj3oiYfbY1b71tzLockamw,walk,measured_ref_road,1050,-0.0754972
sao_paulo:Pj3oiYfbY1b71tzLockamw,road,measured,1468,-0.0624301
sao_paulo:Pj3oiYfbY1b71tzLockamw,road,with_standins,1500,-0.0618938
sao_paulo:Pj3oiYfbY1b71tzLockamw,road,measured_ref_road,1428,-0.06269
sao_paulo:Pvs7VOQJOX9mw2Ru9PrQZw,sidewalk,measured,863,0.059923
sao_paulo:Pvs7VOQJOX9mw2Ru9PrQZw,sidewalk,with_standins,863,0.059923
sao_paulo:Pvs7VOQJOX9mw2Ru9PrQZw,sidewalk,measured_ref_road,191,0.0606849
sao_paulo:Pvs7VOQJOX9mw2Ru9PrQZw,walk,measured,930,0.0605982
sao_paulo:Pvs7VOQJOX9mw2Ru9PrQZw,walk,with_standins,930,0.0605982
sao_paulo:Pvs7VOQJOX9mw2Ru9PrQZw,walk,measured_ref_road,242,0.0623456
sao_paulo:Pvs7VOQJOX9mw2Ru9PrQZw,road,measured,1494,0.100267
sao_paulo:Pvs7VOQJOX9mw2Ru9PrQZw,road,with_standins,1500,0.100267
sao_paulo:Pvs7VOQJOX9mw2Ru9PrQZw,road,measured_ref_road,1492,0.10029
sao_paulo:PyBg7R0KLocC6zqVFijKSg,sidewalk,measured,518,-0.00832827
sao_paulo:PyBg7R0KLocC6zqVFijKSg,sidewalk,with_standins,586,-0.00558679
sao_paulo:PyBg7R0KLocC6zqVFijKSg,sidewalk,measured_ref_road,45,0.0646154
sao_paulo:PyBg7R0KLocC6zqVFijKSg,walk,measured,603,-0.00489348
sao_paulo:PyBg7R0KLocC6zqVFijKSg,walk,with_standins,836,0.00184592
sao_paulo:PyBg7R0KLocC6zqVFijKSg,walk,measured_ref_road,130,0.0514146
sao_paulo:PyBg7R0KLocC6zqVFijKSg,road,measured,1249,-0.0117412
sao_paulo:PyBg7R0KLocC6zqVFijKSg,road,with_standins,1500,-0.00252465
sao_paulo:PyBg7R0KLocC6zqVFijKSg,road,measured_ref_road,1246,-0.0118011
sao_paulo:S2IuBk3pE9q76j1Z4hQC8A,sidewalk,measured,388,0.0852491
sao_paulo:S2IuBk3pE9q76j1Z4hQC8A,sidewalk,with_standins,447,0.0788863
sao_paulo:S2IuBk3pE9q76j1Z4hQC8A,sidewalk,measured_ref_road,283,0.104246
sao_paulo:S2IuBk3pE9q76j1Z4hQC8A,walk,measured,460,0.0770015
sao_paulo:S2IuBk3pE9q76j1Z4hQC8A,walk,with_standins,530,0.0720516
sao_paulo:S2IuBk3pE9q76j1Z4hQC8A,walk,measured_ref_road,328,0.0964954
sao_paulo:S2IuBk3pE9q76j1Z4hQC8A,road,measured,1405,-0.054524
sao_paulo:S2IuBk3pE9q76j1Z4hQC8A,road,with_standins,1500,-0.0479565
sao_paulo:S2IuBk3pE9q76j1Z4hQC8A,road,measured_ref_road,1394,-0.0549816
sao_paulo:S4WdqpLlooYt4ODkL03k5g,sidewalk,measured,1031,-0.0394435
sao_paulo:S4WdqpLlooYt4ODkL03k5g,sidewalk,with_standins,1500,-0.0159978
sao_paulo:S4WdqpLlooYt4ODkL03k5g,sidewalk,measured_ref_road,98,-0.0509182
sao_paulo:S4WdqpLlooYt4ODkL03k5g,walk,measured,1014,-0.0429337
sao_paulo:S4WdqpLlooYt4ODkL03k5g,walk,with_standins,1500,-0.0175362
sao_paulo:S4WdqpLlooYt4ODkL03k5g,walk,measured_ref_road,179,-0.0897128
sao_paulo:S4WdqpLlooYt4ODkL03k5g,road,measured,771,-0.045454
sao_paulo:S4WdqpLlooYt4ODkL03k5g,road,with_standins,1500,0.0159976
sao_paulo:S4WdqpLlooYt4ODkL03k5g,road,measured_ref_road,767,-0.0459256
sao_paulo:SL1kkNP2VXfJkTD7YQf4tQ,sidewalk,measured,1248,-0.00771792
sao_paulo:SL1kkNP2VXfJkTD7YQf4tQ,sidewalk,with_standins,1335,-0.00659098
sao_paulo:SL1kkNP2VXfJkTD7YQf4tQ,sidewalk,measured_ref_road,545,-0.0178219
sao_paulo:SL1kkNP2VXfJkTD7YQf4tQ,walk,measured,1389,-0.00722567
sao_paulo:SL1kkNP2VXfJkTD7YQf4tQ,walk,with_standins,1500,-0.00591206
sao_paulo:SL1kkNP2VXfJkTD7YQf4tQ,walk,measured_ref_road,729,-0.013591
sao_paulo:SL1kkNP2VXfJkTD7YQf4tQ,road,measured,1490,0.0481026
sao_paulo:SL1kkNP2VXfJkTD7YQf4tQ,road,with_standins,1500,0.0477483
sao_paulo:SL1kkNP2VXfJkTD7YQf4tQ,road,measured_ref_road,1460,0.0484039
sao_paulo:Sg0GiqhXxeFwuhRVQZGWfw,sidewalk,with_standins,276,0.11244
sao_paulo:Sg0GiqhXxeFwuhRVQZGWfw,walk,with_standins,358,0.115948
sao_paulo:Sg0GiqhXxeFwuhRVQZGWfw,road,with_standins,941,0.0984524
sao_paulo:SkpVKN34vuC9ItNhaZfFwQ,sidewalk,with_standins,25,0.19257
sao_paulo:SkpVKN34vuC9ItNhaZfFwQ,walk,with_standins,33,0.0718686
sao_paulo:SkpVKN34vuC9ItNhaZfFwQ,road,measured,1373,0.00592914
sao_paulo:SkpVKN34vuC9ItNhaZfFwQ,road,with_standins,1500,0.0113074
sao_paulo:SkpVKN34vuC9ItNhaZfFwQ,road,measured_ref_road,1367,0.00592914
sao_paulo:VEIsNEdoZ793WdrHU57t2g,sidewalk,measured,1060,0.0334012
sao_paulo:VEIsNEdoZ793WdrHU57t2g,sidewalk,with_standins,1500,0.0509148
sao_paulo:VEIsNEdoZ793WdrHU57t2g,sidewalk,measured_ref_road,524,0.0821474
sao_paulo:VEIsNEdoZ793WdrHU57t2g,walk,measured,1033,0.0288615
sao_paulo:VEIsNEdoZ793WdrHU57t2g,walk,with_standins,1500,0.0496611
sao_paulo:VEIsNEdoZ793WdrHU57t2g,walk,measured_ref_road,579,0.0642504
sao_paulo:VEIsNEdoZ793WdrHU57t2g,road,measured,1004,-0.0116085
sao_paulo:VEIsNEdoZ793WdrHU57t2g,road,with_standins,1500,0.00943315
sao_paulo:VEIsNEdoZ793WdrHU57t2g,road,measured_ref_road,1004,-0.0116085
sao_paulo:WC5s83YNe-hRPVOd0KZQrA,sidewalk,measured,1388,0.105806
sao_paulo:WC5s83YNe-hRPVOd0KZQrA,sidewalk,with_standins,1428,0.106798
sao_paulo:WC5s83YNe-hRPVOd0KZQrA,sidewalk,measured_ref_road,887,0.139356
sao_paulo:WC5s83YNe-hRPVOd0KZQrA,walk,measured,1445,0.0905713
sao_paulo:WC5s83YNe-hRPVOd0KZQrA,walk,with_standins,1500,0.093735
sao_paulo:WC5s83YNe-hRPVOd0KZQrA,walk,measured_ref_road,992,0.121135
sao_paulo:WC5s83YNe-hRPVOd0KZQrA,road,measured,1491,0.0229381
sao_paulo:WC5s83YNe-hRPVOd0KZQrA,road,with_standins,1500,0.0231391
sao_paulo:WC5s83YNe-hRPVOd0KZQrA,road,measured_ref_road,1166,0.0168595
sao_paulo:WShTUyMV7KcYdpINkKU6zw,sidewalk,measured,604,-0.117223
sao_paulo:WShTUyMV7KcYdpINkKU6zw,sidewalk,with_standins,604,-0.117223
sao_paulo:WShTUyMV7KcYdpINkKU6zw,sidewalk,measured_ref_road,382,-0.17063
sao_paulo:WShTUyMV7KcYdpINkKU6zw,walk,measured,946,-0.0847564
sao_paulo:WShTUyMV7KcYdpINkKU6zw,walk,with_standins,946,-0.0847564
sao_paulo:WShTUyMV7KcYdpINkKU6zw,walk,measured_ref_road,648,-0.125994
sao_paulo:WShTUyMV7KcYdpINkKU6zw,road,measured,1365,-0.0229314
sao_paulo:WShTUyMV7KcYdpINkKU6zw,road,with_standins,1453,-0.0182491
sao_paulo:WShTUyMV7KcYdpINkKU6zw,road,measured_ref_road,1204,-0.0195055
sao_paulo:XnnGXt94GGVxBt_3oSk2Uw,sidewalk,measured,1476,0.0928625
sao_paulo:XnnGXt94GGVxBt_3oSk2Uw,sidewalk,with_standins,1500,0.0934853
sao_paulo:XnnGXt94GGVxBt_3oSk2Uw,sidewalk,measured_ref_road,915,0.197193
sao_paulo:XnnGXt94GGVxBt_3oSk2Uw,walk,measured,1275,0.0958404
sao_paulo:XnnGXt94GGVxBt_3oSk2Uw,walk,with_standins,1500,0.10544
sao_paulo:XnnGXt94GGVxBt_3oSk2Uw,walk,measured_ref_road,885,0.146541
sao_paulo:XnnGXt94GGVxBt_3oSk2Uw,road,measured,344,-0.00320459
sao_paulo:XnnGXt94GGVxBt_3oSk2Uw,road,with_standins,1181,0.014623
sao_paulo:XnnGXt94GGVxBt_3oSk2Uw,road,measured_ref_road,336,-0.00461238
sao_paulo:ZdSe6D-Wu285r762n01uOg,sidewalk,measured,1070,-0.0126094
sao_paulo:ZdSe6D-Wu285r762n01uOg,sidewalk,with_standins,1500,-0.00685475
sao_paulo:ZdSe6D-Wu285r762n01uOg,sidewalk,measured_ref_road,54,0.150278
sao_paulo:ZdSe6D-Wu285r762n01uOg,walk,measured,1029,-0.011961
sao_paulo:ZdSe6D-Wu285r762n01uOg,walk,with_standins,1500,-0.00549812
sao_paulo:ZdSe6D-Wu285r762n01uOg,walk,measured_ref_road,96,0.116285
sao_paulo:ZdSe6D-Wu285r762n01uOg,road,measured,1276,-0.0367954
sao_paulo:ZdSe6D-Wu285r762n01uOg,road,with_standins,1500,-0.0306884
sao_paulo:ZdSe6D-Wu285r762n01uOg,road,measured_ref_road,471,-0.018177
sao_paulo:Zx5RLbncodJhmxWdJwAaEA,sidewalk,measured,1472,-0.0170597
sao_paulo:Zx5RLbncodJhmxWdJwAaEA,sidewalk,with_standins,1500,-0.016736
sao_paulo:Zx5RLbncodJhmxWdJwAaEA,sidewalk,measured_ref_road,827,-0.022074
sao_paulo:Zx5RLbncodJhmxWdJwAaEA,walk,measured,1469,-0.0153499
sao_paulo:Zx5RLbncodJhmxWdJwAaEA,walk,with_standins,1500,-0.0149518
sao_paulo:Zx5RLbncodJhmxWdJwAaEA,walk,measured_ref_road,866,-0.0187283
sao_paulo:Zx5RLbncodJhmxWdJwAaEA,road,measured,1314,-0.00598708
sao_paulo:Zx5RLbncodJhmxWdJwAaEA,road,with_standins,1500,-0.00509734
sao_paulo:Zx5RLbncodJhmxWdJwAaEA,road,measured_ref_road,1256,-0.00601903
sao_paulo:_E3aWogWLo5SoGkPdihyAQ,sidewalk,measured,1075,0.00403046
sao_paulo:_E3aWogWLo5SoGkPdihyAQ,sidewalk,with_standins,1500,0.0339849
sao_paulo:_E3aWogWLo5SoGkPdihyAQ,sidewalk,measured_ref_road,405,-0.0531551
sao_paulo:_E3aWogWLo5SoGkPdihyAQ,walk,measured,1085,-0.00636173
sao_paulo:_E3aWogWLo5SoGkPdihyAQ,walk,with_standins,1500,0.0247091
sao_paulo:_E3aWogWLo5SoGkPdihyAQ,walk,measured_ref_road,479,-0.0503995
sao_paulo:_E3aWogWLo5SoGkPdihyAQ,road,measured,1399,-0.0464212
sao_paulo:_E3aWogWLo5SoGkPdihyAQ,road,with_standins,1500,-0.0411355
sao_paulo:_E3aWogWLo5SoGkPdihyAQ,road,measured_ref_road,1394,-0.0466757
sao_paulo:_fPo4iIbhE1HLT_ixD57_Q,sidewalk,measured,1179,0.00934119
sao_paulo:_fPo4iIbhE1HLT_ixD57_Q,sidewalk,with_standins,1277,0.0138992
sao_paulo:_fPo4iIbhE1HLT_ixD57_Q,sidewalk,measured_ref_road,606,0.0183351
sao_paulo:_fPo4iIbhE1HLT_ixD57_Q,walk,measured,1364,0.0153022
sao_paulo:_fPo4iIbhE1HLT_ixD57_Q,walk,with_standins,1500,0.0212068
sao_paulo:_fPo4iIbhE1HLT_ixD57_Q,walk,measured_ref_road,821,0.0202498
sao_paulo:_fPo4iIbhE1HLT_ixD57_Q,road,measured,1446,0.0371466
sao_paulo:_fPo4iIbhE1HLT_ixD57_Q,road,with_standins,1500,0.0382856
sao_paulo:_fPo4iIbhE1HLT_ixD57_Q,road,measured_ref_road,1396,0.0381136
sao_paulo:_zoPpzbkTA4aS166T26J_Q,sidewalk,measured,1459,0.0511191
sao_paulo:_zoPpzbkTA4aS166T26J_Q,sidewalk,with_standins,1500,0.0518296
sao_paulo:_zoPpzbkTA4aS166T26J_Q,sidewalk,measured_ref_road,1012,0.057481
sao_paulo:_zoPpzbkTA4aS166T26J_Q,walk,measured,1459,0.0540586
sao_paulo:_zoPpzbkTA4aS166T26J_Q,walk,with_standins,1500,0.0543565
sao_paulo:_zoPpzbkTA4aS166T26J_Q,walk,measured_ref_road,1085,0.0607087
sao_paulo:_zoPpzbkTA4aS166T26J_Q,road,measured,1493,0.107971
sao_paulo:_zoPpzbkTA4aS166T26J_Q,road,with_standins,1500,0.107733
sao_paulo:_zoPpzbkTA4aS166T26J_Q,road,measured_ref_road,616,0.0788533
sao_paulo:a70PDmeTUAplnAAszg96rQ,sidewalk,measured,504,-0.0981985
sao_paulo:a70PDmeTUAplnAAszg96rQ,sidewalk,with_standins,959,0.00794107
sao_paulo:a70PDmeTUAplnAAszg96rQ,sidewalk,measured_ref_road,413,-0.0987829
sao_paulo:a70PDmeTUAplnAAszg96rQ,walk,measured,606,-0.09735
sao_paulo:a70PDmeTUAplnAAszg96rQ,walk,with_standins,1286,0.0499089
sao_paulo:a70PDmeTUAplnAAszg96rQ,walk,measured_ref_road,502,-0.0975002
sao_paulo:a70PDmeTUAplnAAszg96rQ,road,measured,759,-0.0805469
sao_paulo:a70PDmeTUAplnAAszg96rQ,road,with_standins,1500,0.0203756
sao_paulo:a70PDmeTUAplnAAszg96rQ,road,measured_ref_road,745,-0.0804615
sao_paulo:bNHPwV-rN_X3TENKUQgmNg,sidewalk,measured,1124,0.0136807
sao_paulo:bNHPwV-rN_X3TENKUQgmNg,sidewalk,with_standins,1124,0.0136807
sao_paulo:bNHPwV-rN_X3TENKUQgmNg,sidewalk,measured_ref_road,539,0.0521059
sao_paulo:bNHPwV-rN_X3TENKUQgmNg,walk,measured,1447,0.0160301
sao_paulo:bNHPwV-rN_X3TENKUQgmNg,walk,with_standins,1500,0.0181098
sao_paulo:bNHPwV-rN_X3TENKUQgmNg,walk,measured_ref_road,837,0.050973
sao_paulo:bNHPwV-rN_X3TENKUQgmNg,road,measured,1392,-0.00640532
sao_paulo:bNHPwV-rN_X3TENKUQgmNg,road,with_standins,1500,-0.00302797
sao_paulo:bNHPwV-rN_X3TENKUQgmNg,road,measured_ref_road,1391,-0.00636969
sao_paulo:bhyqT91fwl6p064hY4GxSA,sidewalk,measured,816,0.083086
sao_paulo:bhyqT91fwl6p064hY4GxSA,sidewalk,with_standins,1500,0.0858138
sao_paulo:bhyqT91fwl6p064hY4GxSA,sidewalk,measured_ref_road,540,0.0971343
sao_paulo:bhyqT91fwl6p064hY4GxSA,walk,measured,833,0.0807543
sao_paulo:bhyqT91fwl6p064hY4GxSA,walk,with_standins,1500,0.0818423
sao_paulo:bhyqT91fwl6p064hY4GxSA,walk,measured_ref_road,569,0.0924786
sao_paulo:bhyqT91fwl6p064hY4GxSA,road,measured,1392,0.0187827
sao_paulo:bhyqT91fwl6p064hY4GxSA,road,with_standins,1500,0.0181259
sao_paulo:bhyqT91fwl6p064hY4GxSA,road,measured_ref_road,1391,0.0187871
sao_paulo:dZ3b0KCyXPcdVPHv5lCR2Q,sidewalk,measured,1277,0.0833354
sao_paulo:dZ3b0KCyXPcdVPHv5lCR2Q,sidewalk,with_standins,1500,0.0939572
sao_paulo:dZ3b0KCyXPcdVPHv5lCR2Q,sidewalk,measured_ref_road,789,0.0977099
sao_paulo:dZ3b0KCyXPcdVPHv5lCR2Q,walk,measured,1210,0.0776781
sao_paulo:dZ3b0KCyXPcdVPHv5lCR2Q,walk,with_standins,1500,0.0885139
sao_paulo:dZ3b0KCyXPcdVPHv5lCR2Q,walk,measured_ref_road,796,0.0887205
sao_paulo:dZ3b0KCyXPcdVPHv5lCR2Q,road,measured,1183,0.0431334
sao_paulo:dZ3b0KCyXPcdVPHv5lCR2Q,road,with_standins,1500,0.0412058
sao_paulo:dZ3b0KCyXPcdVPHv5lCR2Q,road,measured_ref_road,1174,0.045231
sao_paulo:dZHjPLWAOhyUatavJJEPzA,sidewalk,measured,1474,0.0194442
sao_paulo:dZHjPLWAOhyUatavJJEPzA,sidewalk,with_standins,1500,0.0181942
sao_paulo:dZHjPLWAOhyUatavJJEPzA,sidewalk,measured_ref_road,636,0.0943689
sao_paulo:dZHjPLWAOhyUatavJJEPzA,walk,measured,1479,0.0226079
sao_paulo:dZHjPLWAOhyUatavJJEPzA,walk,with_standins,1500,0.0221022
sao_paulo:dZHjPLWAOhyUatavJJEPzA,walk,measured_ref_road,817,0.0681829
sao_paulo:dZHjPLWAOhyUatavJJEPzA,road,measured,1312,-0.0239487
sao_paulo:dZHjPLWAOhyUatavJJEPzA,road,with_standins,1500,-0.013846
sao_paulo:dZHjPLWAOhyUatavJJEPzA,road,measured_ref_road,1312,-0.0239487
sao_paulo:e6i7jzmjStkNCJ7jp_KV5Q,sidewalk,measured,1500,-0.040844
sao_paulo:e6i7jzmjStkNCJ7jp_KV5Q,sidewalk,with_standins,1500,-0.040844
sao_paulo:e6i7jzmjStkNCJ7jp_KV5Q,sidewalk,measured_ref_road,1122,-0.0498769
sao_paulo:e6i7jzmjStkNCJ7jp_KV5Q,walk,measured,1500,-0.0312826
sao_paulo:e6i7jzmjStkNCJ7jp_KV5Q,walk,with_standins,1500,-0.0312826
sao_paulo:e6i7jzmjStkNCJ7jp_KV5Q,walk,measured_ref_road,1186,-0.0387131
sao_paulo:e6i7jzmjStkNCJ7jp_KV5Q,road,measured,1499,0.0473523
sao_paulo:e6i7jzmjStkNCJ7jp_KV5Q,road,with_standins,1500,0.0473191
sao_paulo:e6i7jzmjStkNCJ7jp_KV5Q,road,measured_ref_road,1493,0.0473523
sao_paulo:el13lYhzqKSZJwWb5w5vUg,sidewalk,measured,1248,-0.00898478
sao_paulo:el13lYhzqKSZJwWb5w5vUg,sidewalk,with_standins,1468,-0.00624831
sao_paulo:el13lYhzqKSZJwWb5w5vUg,sidewalk,measured_ref_road,469,-0.00377842
sao_paulo:el13lYhzqKSZJwWb5w5vUg,walk,measured,1419,-0.00716885
sao_paulo:el13lYhzqKSZJwWb5w5vUg,walk,with_standins,1500,-0.00579416
sao_paulo:el13lYhzqKSZJwWb5w5vUg,walk,measured_ref_road,673,-0.00725305
sao_paulo:el13lYhzqKSZJwWb5w5vUg,road,measured,1439,-0.0253571
sao_paulo:el13lYhzqKSZJwWb5w5vUg,road,with_standins,1500,-0.0210661
sao_paulo:el13lYhzqKSZJwWb5w5vUg,road,measured_ref_road,1426,-0.02678
sao_paulo:fwvaPMif_uwbx3U5SrHM2Q,sidewalk,measured,1341,0.35167
sao_paulo:fwvaPMif_uwbx3U5SrHM2Q,sidewalk,with_standins,1500,0.307576
sao_paulo:fwvaPMif_uwbx3U5SrHM2Q,sidewalk,measured_ref_road,1031,0.416174
sao_paulo:fwvaPMif_uwbx3U5SrHM2Q,walk,measured,1359,0.33762
sao_paulo:fwvaPMif_uwbx3U5SrHM2Q,walk,with_standins,1500,0.309566
sao_paulo:fwvaPMif_uwbx3U5SrHM2Q,walk,measured_ref_road,1083,0.389545
sao_paulo:fwvaPMif_uwbx3U5SrHM2Q,road,measured,1203,0.0900398
sao_paulo:fwvaPMif_uwbx3U5SrHM2Q,road,with_standins,1500,0.0728824
sao_paulo:fwvaPMif_uwbx3U5SrHM2Q,road,measured_ref_road,1203,0.0900398
sao_paulo:gcGy5uR3kxFRCiUdSal-Nw,sidewalk,measured,91,0.0873546
sao_paulo:gcGy5uR3kxFRCiUdSal-Nw,sidewalk,with_standins,169,0.153606
sao_paulo:gcGy5uR3kxFRCiUdSal-Nw,walk,measured,436,-0.0245863
sao_paulo:gcGy5uR3kxFRCiUdSal-Nw,walk,with_standins,658,0.0542301
sao_paulo:gcGy5uR3kxFRCiUdSal-Nw,walk,measured_ref_road,192,-0.0292684
sao_paulo:gcGy5uR3kxFRCiUdSal-Nw,road,measured,940,0.0534233
sao_paulo:gcGy5uR3kxFRCiUdSal-Nw,road,with_standins,1500,0.0562818
sao_paulo:gcGy5uR3kxFRCiUdSal-Nw,road,measured_ref_road,213,0.0363687
sao_paulo:iGerSDCCTaZmeNVguzT7mg,sidewalk,measured,939,0.000477302
sao_paulo:iGerSDCCTaZmeNVguzT7mg,sidewalk,with_standins,991,0.00161292
sao_paulo:iGerSDCCTaZmeNVguzT7mg,walk,measured,1315,0.00512177
sao_paulo:iGerSDCCTaZmeNVguzT7mg,walk,with_standins,1500,0.00952016
sao_paulo:iGerSDCCTaZmeNVguzT7mg,road,measured,1407,-0.0323334
sao_paulo:iGerSDCCTaZmeNVguzT7mg,road,with_standins,1500,-0.0293377
sao_paulo:iGerSDCCTaZmeNVguzT7mg,road,measured_ref_road,1316,-0.0335807
sao_paulo:iXAvtzzMg2Vh5aZPuGIk_Q,sidewalk,measured,1500,0.040738
sao_paulo:iXAvtzzMg2Vh5aZPuGIk_Q,sidewalk,with_standins,1500,0.040738
sao_paulo:iXAvtzzMg2Vh5aZPuGIk_Q,sidewalk,measured_ref_road,1217,0.0401401
sao_paulo:iXAvtzzMg2Vh5aZPuGIk_Q,walk,measured,1500,0.031544
sao_paulo:iXAvtzzMg2Vh5aZPuGIk_Q,walk,with_standins,1500,0.031544
sao_paulo:iXAvtzzMg2Vh5aZPuGIk_Q,walk,measured_ref_road,1253,0.0295211
sao_paulo:iXAvtzzMg2Vh5aZPuGIk_Q,road,measured,1495,0.0252063
sao_paulo:iXAvtzzMg2Vh5aZPuGIk_Q,road,with_standins,1500,0.0253139
sao_paulo:iXAvtzzMg2Vh5aZPuGIk_Q,road,measured_ref_road,1493,0.025147
sao_paulo:ieZ8VA3zKLMrd7to7HHB5A,sidewalk,measured,1463,0.0336751
sao_paulo:ieZ8VA3zKLMrd7to7HHB5A,sidewalk,with_standins,1500,0.0370551
sao_paulo:ieZ8VA3zKLMrd7to7HHB5A,sidewalk,measured_ref_road,569,0.179656
sao_paulo:ieZ8VA3zKLMrd7to7HHB5A,walk,measured,1470,0.0222078
sao_paulo:ieZ8VA3zKLMrd7to7HHB5A,walk,with_standins,1500,0.0254272
sao_paulo:ieZ8VA3zKLMrd7to7HHB5A,walk,measured_ref_road,677,0.121965
sao_paulo:ieZ8VA3zKLMrd7to7HHB5A,road,measured,1500,0.00383329
sao_paulo:ieZ8VA3zKLMrd7to7HHB5A,road,with_standins,1500,0.00383329
sao_paulo:ieZ8VA3zKLMrd7to7HHB5A,road,measured_ref_road,1205,0.00504423
sao_paulo:ilpqlnL95rHOAj1Q46fLuw,sidewalk,measured,1500,0.0845309
sao_paulo:ilpqlnL95rHOAj1Q46fLuw,sidewalk,with_standins,1500,0.0845309
sao_paulo:ilpqlnL95rHOAj1Q46fLuw,sidewalk,measured_ref_road,1353,0.0920462
sao_paulo:ilpqlnL95rHOAj1Q46fLuw,walk,measured,1500,0.075646
sao_paulo:ilpqlnL95rHOAj1Q46fLuw,walk,with_standins,1500,0.075646
sao_paulo:ilpqlnL95rHOAj1Q46fLuw,walk,measured_ref_road,1363,0.0826825
sao_paulo:ilpqlnL95rHOAj1Q46fLuw,road,measured,1500,0.0173803
sao_paulo:ilpqlnL95rHOAj1Q46fLuw,road,with_standins,1500,0.0173803
sao_paulo:ilpqlnL95rHOAj1Q46fLuw,road,measured_ref_road,1456,0.0174604
sao_paulo:jtmPZ_CIVoN69mYjj_JlFw,sidewalk,measured,1486,0.0175042
sao_paulo:jtmPZ_CIVoN69mYjj_JlFw,sidewalk,with_standins,1500,0.0182001
sao_paulo:jtmPZ_CIVoN69mYjj_JlFw,sidewalk,measured_ref_road,86,-0.0356334
sao_paulo:jtmPZ_CIVoN69mYjj_JlFw,walk,measured,1472,0.0112092
sao_paulo:jtmPZ_CIVoN69mYjj_JlFw,walk,with_standins,1500,0.0120897
sao_paulo:jtmPZ_CIVoN69mYjj_JlFw,walk,measured_ref_road,107,-0.0380754
sao_paulo:jtmPZ_CIVoN69mYjj_JlFw,road,measured,1485,0.0632877
sao_paulo:jtmPZ_CIVoN69mYjj_JlFw,road,with_standins,1500,0.0635851
sao_paulo:jtmPZ_CIVoN69mYjj_JlFw,road,measured_ref_road,1278,0.0563725
sao_paulo:kJesVaz2BfulGS7gWiNsNg,sidewalk,measured,769,-0.00059617
sao_paulo:kJesVaz2BfulGS7gWiNsNg,sidewalk,with_standins,773,-0.000222467
sao_paulo:kJesVaz2BfulGS7gWiNsNg,sidewalk,measured_ref_road,312,-0.122861
sao_paulo:kJesVaz2BfulGS7gWiNsNg,walk,measured,934,-0.0115266
sao_paulo:kJesVaz2BfulGS7gWiNsNg,walk,with_standins,960,-0.00759079
sao_paulo:kJesVaz2BfulGS7gWiNsNg,walk,measured_ref_road,472,-0.112866
sao_paulo:kJesVaz2BfulGS7gWiNsNg,road,measured,1473,0.00718394
sao_paulo:kJesVaz2BfulGS7gWiNsNg,road,with_standins,1500,0.00784793
sao_paulo:kJesVaz2BfulGS7gWiNsNg,road,measured_ref_road,1464,0.00698792
sao_paulo:lASBXjG5VnksPRJajz2FKw,sidewalk,measured,1182,0.0070656
sao_paulo:lASBXjG5VnksPRJajz2FKw,sidewalk,with_standins,1500,0.0259411
sao_paulo:lASBXjG5VnksPRJajz2FKw,sidewalk,measured_ref_road,508,0.0394707
sao_paulo:lASBXjG5VnksPRJajz2FKw,walk,measured,1167,0.0115428
sao_paulo:lASBXjG5VnksPRJajz2FKw,walk,with_standins,1500,0.0274483
sao_paulo:lASBXjG5VnksPRJajz2FKw,walk,measured_ref_road,575,0.0275723
sao_paulo:lASBXjG5VnksPRJajz2FKw,road,measured,1214,0.01254
sao_paulo:lASBXjG5VnksPRJajz2FKw,road,with_standins,1500,0.0162014
sao_paulo:lASBXjG5VnksPRJajz2FKw,road,measured_ref_road,1199,0.0128276
sao_paulo:lOAN4VLX5ttywD8N5Be0wg,sidewalk,measured,1500,0.0198769
sao_paulo:lOAN4VLX5ttywD8N5Be0wg,sidewalk,with_standins,1500,0.0198769
sao_paulo:lOAN4VLX5ttywD8N5Be0wg,sidewalk,measured_ref_road,171,0.0846769
sao_paulo:lOAN4VLX5ttywD8N5Be0wg,walk,measured,1500,0.0212676
sao_paulo:lOAN4VLX5ttywD8N5Be0wg,walk,with_standins,1500,0.0212676
sao_paulo:lOAN4VLX5ttywD8N5Be0wg,walk,measured_ref_road,294,0.0685866
sao_paulo:lOAN4VLX5ttywD8N5Be0wg,road,measured,1500,0.00801984
sao_paulo:lOAN4VLX5ttywD8N5Be0wg,road,with_standins,1500,0.00801984
sao_paulo:lOAN4VLX5ttywD8N5Be0wg,road,measured_ref_road,1457,0.00908042
sao_paulo:loCxSX72-DYrDrDwY0cVGw,sidewalk,measured,714,-0.0859249
sao_paulo:loCxSX72-DYrDrDwY0cVGw,sidewalk,with_standins,758,-0.0848168
sao_paulo:loCxSX72-DYrDrDwY0cVGw,sidewalk,measured_ref_road,242,-0.0496662
sao_paulo:loCxSX72-DYrDrDwY0cVGw,walk,measured,1061,-0.0834799
sao_paulo:loCxSX72-DYrDrDwY0cVGw,walk,with_standins,1109,-0.0812767
sao_paulo:loCxSX72-DYrDrDwY0cVGw,walk,measured_ref_road,564,-0.0504364
sao_paulo:loCxSX72-DYrDrDwY0cVGw,road,measured,1405,-0.0458408
sao_paulo:loCxSX72-DYrDrDwY0cVGw,road,with_standins,1500,-0.0238162
sao_paulo:loCxSX72-DYrDrDwY0cVGw,road,measured_ref_road,1381,-0.0513848
sao_paulo:n-DwmldMs-ZZVYS1gF_qYQ,sidewalk,measured,1343,0.0310806
sao_paulo:n-DwmldMs-ZZVYS1gF_qYQ,sidewalk,with_standins,1488,0.0366709
sao_paulo:n-DwmldMs-ZZVYS1gF_qYQ,sidewalk,measured_ref_road,302,0.0726846
sao_paulo:n-DwmldMs-ZZVYS1gF_qYQ,walk,measured,1354,0.0304955
sao_paulo:n-DwmldMs-ZZVYS1gF_qYQ,walk,with_standins,1500,0.0359496
sao_paulo:n-DwmldMs-ZZVYS1gF_qYQ,walk,measured_ref_road,395,0.0582427
sao_paulo:n-DwmldMs-ZZVYS1gF_qYQ,road,measured,1416,-0.00467589
sao_paulo:n-DwmldMs-ZZVYS1gF_qYQ,road,with_standins,1500,-0.00222852
sao_paulo:n-DwmldMs-ZZVYS1gF_qYQ,road,measured_ref_road,1305,-0.00561686
sao_paulo:nBEV4rFOanW4bZa31JM0Sw,sidewalk,measured,587,-0.115424
sao_paulo:nBEV4rFOanW4bZa31JM0Sw,sidewalk,with_standins,1175,0.0849094
sao_paulo:nBEV4rFOanW4bZa31JM0Sw,sidewalk,measured_ref_road,386,-0.146422
sao_paulo:nBEV4rFOanW4bZa31JM0Sw,walk,measured,694,-0.113943
sao_paulo:nBEV4rFOanW4bZa31JM0Sw,walk,with_standins,1436,0.121698
sao_paulo:nBEV4rFOanW4bZa31JM0Sw,walk,measured_ref_road,491,-0.139405
sao_paulo:nBEV4rFOanW4bZa31JM0Sw,road,measured,611,0.0751346
sao_paulo:nBEV4rFOanW4bZa31JM0Sw,road,with_standins,1500,0.0756607
sao_paulo:nBEV4rFOanW4bZa31JM0Sw,road,measured_ref_road,611,0.0751346
sao_paulo:oV7Q7EUJPH-5ZMAT16aI7A,sidewalk,measured,867,0.00879097
sao_paulo:oV7Q7EUJPH-5ZMAT16aI7A,sidewalk,with_standins,867,0.00879097
sao_paulo:oV7Q7EUJPH-5ZMAT16aI7A,sidewalk,measured_ref_road,199,-0.00635248
sao_paulo:oV7Q7EUJPH-5ZMAT16aI7A,walk,measured,963,0.0141412
sao_paulo:oV7Q7EUJPH-5ZMAT16aI7A,walk,with_standins,963,0.0141412
sao_paulo:oV7Q7EUJPH-5ZMAT16aI7A,walk,measured_ref_road,286,0.0109875
sao_paulo:oV7Q7EUJPH-5ZMAT16aI7A,road,measured,1500,0.0409409
sao_paulo:oV7Q7EUJPH-5ZMAT16aI7A,road,with_standins,1500,0.0409409
sao_paulo:oV7Q7EUJPH-5ZMAT16aI7A,road,measured_ref_road,1464,0.0424784
sao_paulo:oubzmEZebW0xt9hWWIgN3Q,sidewalk,measured,796,-0.0537064
sao_paulo:oubzmEZebW0xt9hWWIgN3Q,sidewalk,with_standins,1451,0.000168204
sao_paulo:oubzmEZebW0xt9hWWIgN3Q,sidewalk,measured_ref_road,471,-0.0876579
sao_paulo:oubzmEZebW0xt9hWWIgN3Q,walk,measured,755,-0.0493822
sao_paulo:oubzmEZebW0xt9hWWIgN3Q,walk,with_standins,1500,0.0182717
sao_paulo:oubzmEZebW0xt9hWWIgN3Q,walk,measured_ref_road,495,-0.0747877
sao_paulo:oubzmEZebW0xt9hWWIgN3Q,road,measured,1213,-0.0630317
sao_paulo:oubzmEZebW0xt9hWWIgN3Q,road,with_standins,1500,-0.0494279
sao_paulo:oubzmEZebW0xt9hWWIgN3Q,road,measured_ref_road,1213,-0.0630317
sao_paulo:p3WPC3r3OZij0pZr8jyR-A,sidewalk,measured,1500,0.0465002
sao_paulo:p3WPC3r3OZij0pZr8jyR-A,sidewalk,with_standins,1500,0.0465002
sao_paulo:p3WPC3r3OZij0pZr8jyR-A,sidewalk,measured_ref_road,943,0.064097
sao_paulo:p3WPC3r3OZij0pZr8jyR-A,walk,measured,1500,0.0502472
sao_paulo:p3WPC3r3OZij0pZr8jyR-A,walk,with_standins,1500,0.0502472
sao_paulo:p3WPC3r3OZij0pZr8jyR-A,walk,measured_ref_road,989,0.061303
sao_paulo:p3WPC3r3OZij0pZr8jyR-A,road,measured,1500,0.0382335
sao_paulo:p3WPC3r3OZij0pZr8jyR-A,road,with_standins,1500,0.0382335
sao_paulo:p3WPC3r3OZij0pZr8jyR-A,road,measured_ref_road,1483,0.0381978
sao_paulo:pEfwvmb_FBOmLOnckeIGFA,sidewalk,measured,854,-0.0290114
sao_paulo:pEfwvmb_FBOmLOnckeIGFA,sidewalk,with_standins,870,-0.0254933
sao_paulo:pEfwvmb_FBOmLOnckeIGFA,sidewalk,measured_ref_road,434,-0.131776
sao_paulo:pEfwvmb_FBOmLOnckeIGFA,walk,measured,1092,-0.0276022
sao_paulo:pEfwvmb_FBOmLOnckeIGFA,walk,with_standins,1108,-0.0254933
sao_paulo:pEfwvmb_FBOmLOnckeIGFA,walk,measured_ref_road,641,-0.0979328
sao_paulo:pEfwvmb_FBOmLOnckeIGFA,road,measured,1500,0.082902
sao_paulo:pEfwvmb_FBOmLOnckeIGFA,road,with_standins,1500,0.082902
sao_paulo:pEfwvmb_FBOmLOnckeIGFA,road,measured_ref_road,1499,0.0829381
sao_paulo:pTT4eaIPPMz9c1LU7IbE-w,sidewalk,measured,1365,-0.0322923
sao_paulo:pTT4eaIPPMz9c1LU7IbE-w,sidewalk,with_standins,1500,-0.0268559
sao_paulo:pTT4eaIPPMz9c1LU7IbE-w,sidewalk,measured_ref_road,1085,-0.0326305
sao_paulo:pTT4eaIPPMz9c1LU7IbE-w,walk,measured,1344,-0.0309478
sao_paulo:pTT4eaIPPMz9c1LU7IbE-w,walk,with_standins,1500,-0.0210687
sao_paulo:pTT4eaIPPMz9c1LU7IbE-w,walk,measured_ref_road,1113,-0.031018
sao_paulo:pTT4eaIPPMz9c1LU7IbE-w,road,measured,1426,-0.0348606
sao_paulo:pTT4eaIPPMz9c1LU7IbE-w,road,with_standins,1500,-0.0319492
sao_paulo:pTT4eaIPPMz9c1LU7IbE-w,road,measured_ref_road,1426,-0.0348606
sao_paulo:qZhtfaweaHDmUgGJtgVKTQ,sidewalk,measured,1498,-0.015255
sao_paulo:qZhtfaweaHDmUgGJtgVKTQ,sidewalk,with_standins,1500,-0.0151851
sao_paulo:qZhtfaweaHDmUgGJtgVKTQ,walk,measured,1407,-0.0153745
sao_paulo:qZhtfaweaHDmUgGJtgVKTQ,walk,with_standins,1500,-0.0136325
sao_paulo:qZhtfaweaHDmUgGJtgVKTQ,road,measured,1287,-0.0327609
sao_paulo:qZhtfaweaHDmUgGJtgVKTQ,road,with_standins,1500,-0.0247262
sao_paulo:qZhtfaweaHDmUgGJtgVKTQ,road,measured_ref_road,404,-0.00143491
sao_paulo:r0oKhyEUSiK2FMKwXE7Z4g,sidewalk,measured,1458,-0.0392897
sao_paulo:r0oKhyEUSiK2FMKwXE7Z4g,sidewalk,with_standins,1500,-0.038572
sao_paulo:r0oKhyEUSiK2FMKwXE7Z4g,sidewalk,measured_ref_road,259,-0.0768235
sao_paulo:r0oKhyEUSiK2FMKwXE7Z4g,walk,measured,1461,-0.040033
sao_paulo:r0oKhyEUSiK2FMKwXE7Z4g,walk,with_standins,1500,-0.0389352
sao_paulo:r0oKhyEUSiK2FMKwXE7Z4g,walk,measured_ref_road,391,-0.0671551
sao_paulo:r0oKhyEUSiK2FMKwXE7Z4g,road,measured,1487,-0.0234477
sao_paulo:r0oKhyEUSiK2FMKwXE7Z4g,road,with_standins,1500,-0.0232418
sao_paulo:r0oKhyEUSiK2FMKwXE7Z4g,road,measured_ref_road,1467,-0.023051
sao_paulo:rtBqqxWOVVb3_RFgloXeAA,sidewalk,measured,374,-0.0226496
sao_paulo:rtBqqxWOVVb3_RFgloXeAA,sidewalk,with_standins,410,-0.0206008
sao_paulo:rtBqqxWOVVb3_RFgloXeAA,walk,measured,388,-0.023623
sao_paulo:rtBqqxWOVVb3_RFgloXeAA,walk,with_standins,424,-0.0213115
sao_paulo:rtBqqxWOVVb3_RFgloXeAA,walk,measured_ref_road,27,-0.0363619
sao_paulo:rtBqqxWOVVb3_RFgloXeAA,road,measured,453,-0.0864163
sao_paulo:rtBqqxWOVVb3_RFgloXeAA,road,with_standins,558,-0.0785586
sao_paulo:rtBqqxWOVVb3_RFgloXeAA,road,measured_ref_road,451,-0.0864658
sao_paulo:thO-ovLo5h3IcEIBiZSBmA,sidewalk,measured,1479,0.27574
sao_paulo:thO-ovLo5h3IcEIBiZSBmA,sidewalk,with_standins,1500,0.273082
sao_paulo:thO-ovLo5h3IcEIBiZSBmA,sidewalk,measured_ref_road,1256,0.303594
sao_paulo:thO-ovLo5h3IcEIBiZSBmA,walk,measured,1487,0.253962
sao_paulo:thO-ovLo5h3IcEIBiZSBmA,walk,with_standins,1500,0.251157
sao_paulo:thO-ovLo5h3IcEIBiZSBmA,walk,measured_ref_road,1308,0.273459
sao_paulo:thO-ovLo5h3IcEIBiZSBmA,road,measured,1496,0.0537496
sao_paulo:thO-ovLo5h3IcEIBiZSBmA,road,with_standins,1500,0.0535539
sao_paulo:thO-ovLo5h3IcEIBiZSBmA,road,measured_ref_road,1489,0.0535139
sao_paulo:uVUc_s2SzXj8SYWwiFlbzA,sidewalk,measured,1485,0.00288538
sao_paulo:uVUc_s2SzXj8SYWwiFlbzA,sidewalk,with_standins,1500,0.00331378
sao_paulo:uVUc_s2SzXj8SYWwiFlbzA,sidewalk,measured_ref_road,31,-0.162069
sao_paulo:uVUc_s2SzXj8SYWwiFlbzA,walk,measured,1482,0.00361396
sao_paulo:uVUc_s2SzXj8SYWwiFlbzA,walk,with_standins,1500,0.00446818
sao_paulo:uVUc_s2SzXj8SYWwiFlbzA,walk,measured_ref_road,41,-0.105686
sao_paulo:uVUc_s2SzXj8SYWwiFlbzA,road,measured,1432,-0.000267178
sao_paulo:uVUc_s2SzXj8SYWwiFlbzA,road,with_standins,1500,1.22066e-05
sao_paulo:uVUc_s2SzXj8SYWwiFlbzA,road,measured_ref_road,1167,-5.0735e-05
sao_paulo:vR2DJ0kQMRDnmCk0ICH3mQ,sidewalk,measured,1133,-0.0182829
sao_paulo:vR2DJ0kQMRDnmCk0ICH3mQ,sidewalk,with_standins,1500,-0.00636865
sao_paulo:vR2DJ0kQMRDnmCk0ICH3mQ,sidewalk,measured_ref_road,148,-0.0664916
sao_paulo:vR2DJ0kQMRDnmCk0ICH3mQ,walk,measured,1106,-0.0188767
sao_paulo:vR2DJ0kQMRDnmCk0ICH3mQ,walk,with_standins,1500,-0.00560862
sao_paulo:vR2DJ0kQMRDnmCk0ICH3mQ,walk,measured_ref_road,194,-0.0478296
sao_paulo:vR2DJ0kQMRDnmCk0ICH3mQ,road,measured,1294,0.0611963
sao_paulo:vR2DJ0kQMRDnmCk0ICH3mQ,road,with_standins,1500,0.0423846
sao_paulo:vR2DJ0kQMRDnmCk0ICH3mQ,road,measured_ref_road,1290,0.061507
sao_paulo:vsYI9YRnGs7H2rchsFS44A,sidewalk,measured,1348,0.0416263
sao_paulo:vsYI9YRnGs7H2rchsFS44A,sidewalk,with_standins,1500,0.0461848
sao_paulo:vsYI9YRnGs7H2rchsFS44A,sidewalk,measured_ref_road,622,0.0249219
sao_paulo:vsYI9YRnGs7H2rchsFS44A,walk,measured,1380,0.0384591
sao_paulo:vsYI9YRnGs7H2rchsFS44A,walk,with_standins,1500,0.0410993
sao_paulo:vsYI9YRnGs7H2rchsFS44A,walk,measured_ref_road,658,0.0226794
sao_paulo:vsYI9YRnGs7H2rchsFS44A,road,measured,1463,0.0133402
sao_paulo:vsYI9YRnGs7H2rchsFS44A,road,with_standins,1500,0.0138332
sao_paulo:vsYI9YRnGs7H2rchsFS44A,road,measured_ref_road,612,0.00593693
sao_paulo:wX8uKBQfioiFHogENC9FbQ,sidewalk,measured,1230,0.0871222
sao_paulo:wX8uKBQfioiFHogENC9FbQ,sidewalk,with_standins,1500,0.112176
sao_paulo:wX8uKBQfioiFHogENC9FbQ,sidewalk,measured_ref_road,1016,0.142135
sao_paulo:wX8uKBQfioiFHogENC9FbQ,walk,measured,1252,0.078111
sao_paulo:wX8uKBQfioiFHogENC9FbQ,walk,with_standins,1500,0.095787
sao_paulo:wX8uKBQfioiFHogENC9FbQ,walk,measured_ref_road,1050,0.109156
sao_paulo:wX8uKBQfioiFHogENC9FbQ,road,measured,1186,0.100097
sao_paulo:wX8uKBQfioiFHogENC9FbQ,road,with_standins,1500,0.0937124
sao_paulo:wX8uKBQfioiFHogENC9FbQ,road,measured_ref_road,1184,0.100097
sao_paulo:xfnPV8p9liS6w_thn5Juqw,sidewalk,measured,1490,0.0951648
sao_paulo:xfnPV8p9liS6w_thn5Juqw,sidewalk,with_standins,1500,0.0937688
sao_paulo:xfnPV8p9liS6w_thn5Juqw,sidewalk,measured_ref_road,907,0.149886
sao_paulo:xfnPV8p9liS6w_thn5Juqw,walk,measured,1493,0.0917945
sao_paulo:xfnPV8p9liS6w_thn5Juqw,walk,with_standins,1500,0.0913986
sao_paulo:xfnPV8p9liS6w_thn5Juqw,walk,measured_ref_road,967,0.137092
sao_paulo:xfnPV8p9liS6w_thn5Juqw,road,measured,1490,0.0178847
sao_paulo:xfnPV8p9liS6w_thn5Juqw,road,with_standins,1500,0.0180964
sao_paulo:xfnPV8p9liS6w_thn5Juqw,road,measured_ref_road,1463,0.0185941
sao_paulo:xyyjv_yjywf2p-XYB-9qDg,sidewalk,measured,376,-0.0459419
sao_paulo:xyyjv_yjywf2p-XYB-9qDg,sidewalk,with_standins,1500,0.0427097
sao_paulo:xyyjv_yjywf2p-XYB-9qDg,sidewalk,measured_ref_road,313,-0.0554155
sao_paulo:xyyjv_yjywf2p-XYB-9qDg,walk,measured,491,-0.0223341
sao_paulo:xyyjv_yjywf2p-XYB-9qDg,walk,with_standins,1500,0.0263917
sao_paulo:xyyjv_yjywf2p-XYB-9qDg,walk,measured_ref_road,418,-0.0255019
sao_paulo:xyyjv_yjywf2p-XYB-9qDg,road,measured,1364,-0.00375953
sao_paulo:xyyjv_yjywf2p-XYB-9qDg,road,with_standins,1500,-0.00248432
sao_paulo:xyyjv_yjywf2p-XYB-9qDg,road,measured_ref_road,1357,-0.00382759
sao_paulo:zo9eQGzGOdA57uZQE89rOA,sidewalk,measured,1299,0.128397
sao_paulo:zo9eQGzGOdA57uZQE89rOA,sidewalk,with_standins,1500,0.149207
sao_paulo:zo9eQGzGOdA57uZQE89rOA,sidewalk,measured_ref_road,1151,0.146405
sao_paulo:zo9eQGzGOdA57uZQE89rOA,walk,measured,1287,0.109398
sao_paulo:zo9eQGzGOdA57uZQE89rOA,walk,with_standins,1500,0.128795
sao_paulo:zo9eQGzGOdA57uZQE89rOA,walk,measured_ref_road,1180,0.120948
sao_paulo:zo9eQGzGOdA57uZQE89rOA,road,measured,697,-0.00205123
sao_paulo:zo9eQGzGOdA57uZQE89rOA,road,with_standins,1500,0.037008
sao_paulo:zo9eQGzGOdA57uZQE89rOA,road,measured_ref_road,696,-0.00204211
sao_paulo:zrChULSCpDxHp7XG9HdGzw,sidewalk,measured,1363,0.0169834
sao_paulo:zrChULSCpDxHp7XG9HdGzw,sidewalk,with_standins,1500,0.0189975
sao_paulo:zrChULSCpDxHp7XG9HdGzw,sidewalk,measured_ref_road,736,0.0173881
sao_paulo:zrChULSCpDxHp7XG9HdGzw,walk,measured,1364,0.0129418
sao_paulo:zrChULSCpDxHp7XG9HdGzw,walk,with_standins,1500,0.0167748
sao_paulo:zrChULSCpDxHp7XG9HdGzw,walk,measured_ref_road,813,0.00489342
sao_paulo:zrChULSCpDxHp7XG9HdGzw,road,measured,1455,-0.0100373
sao_paulo:zrChULSCpDxHp7XG9HdGzw,road,with_standins,1500,-0.00896066
sao_paulo:zrChULSCpDxHp7XG9HdGzw,road,measured_ref_road,1437,-0.0105351
