city,pano_id,kind,det_index,x,y,confidence,gt_group,seg_group,seg_class,direct_group,direct_class,direct4096_group,direct4096_class,depth_class,plane_tilt_deg,offset_local_m,range_flat_2p6_m,on_camera_rig
bend,-6wL7HzdK7t8DTC_zDPOLw,det,0,0.371094,0.554688,0.930977,true,WALK,Sidewalk,WALK,Sidewalk,WALK,Sidewalk,floor,1.88045,-0.0681137,14.9842,0
bend,-6wL7HzdK7t8DTC_zDPOLw,missed,0,0.443958,0.543538,,unsure_missed,WALK,Curb Cut,ROAD,Road,WALK,Curb Cut,floor,1.38451,-0.0727739,18.89,0
bend,-6wL7HzdK7t8DTC_zDPOLw,missed,1,0.46535,0.539495,,unsure_missed,WALK,Sidewalk,OTHER,Terrain,WALK,Sidewalk,floor,1.81251,-0.0539165,20.8471,0
bend,0FMaNGiSOoTGqLgh8jHfYQ,det,0,0.15918,0.539062,0.960934,true,OTHER,Terrain,OTHER,Terrain,OTHER,Terrain,floor,1.61919,-0.424812,21.0802,0
bend,0FMaNGiSOoTGqLgh8jHfYQ,det,1,0.237305,0.568359,0.941125,true,WALK,Curb Cut,WALK,Sidewalk,WALK,Curb Cut,floor,1.61919,-0.0804431,11.92,0
bend,0FMaNGiSOoTGqLgh8jHfYQ,det,2,0.0195312,0.552734,0.928624,true,WALK,Sidewalk,WALK,Sidewalk,WALK,Sidewalk,floor,0.0197823,0.0223231,15.55,0
bend,0FMaNGiSOoTGqLgh8jHfYQ,det,3,0.331055,0.662109,0.887985,true,WALK,Curb Cut,WALK,Sidewalk,WALK,Curb Cut,floor,3.08699,0.158628,4.65603,0
bend,0FMaNGiSOoTGqLgh8jHfYQ,det,4,0.957031,0.554688,0.875033,true,WALK,Sidewalk,WALK,Sidewalk,WALK,Sidewalk,floor_standin,0,0.101304,14.9842,0
bend,0FMaNGiSOoTGqLgh8jHfYQ,det,5,0.120117,0.554688,0.772835,false,WALK,Curb,WALK,Sidewalk,WALK,Sidewalk,floor,1.61919,-0.244663,14.9842,0
bend,0FMaNGiSOoTGqLgh8jHfYQ,det,6,0.0966797,0.552734,0.736436,true,WALK,Curb,WALK,Curb,WALK,Curb,floor,1.61919,-0.251747,15.55,0
bend,0FMaNGiSOoTGqLgh8jHfYQ,det,7,0.760742,0.724609,0.718609,true,WALK,Curb Cut,WALK,Sidewalk,WALK,Curb Cut,floor_standin,0,0.00988014,3.05178,0
bend,0FMaNGiSOoTGqLgh8jHfYQ,det,8,0.878906,0.599609,0.690429,true,WALK,Sidewalk,WALK,Sidewalk,WALK,Sidewalk,floor,1.16449,0.126083,8.03552,0
bend,0SgaioiGd5Yi_5wc6m-nJg,det,0,0.558594,0.537109,0.678918,true,OTHER,Terrain,ROAD,Road,OTHER,Terrain,floor,1.1103,0.0194503,22.2007,0
bend,0SgaioiGd5Yi_5wc6m-nJg,missed,0,0.478788,0.540202,,missed,WALK,Sidewalk,WALK,Curb,WALK,Curb Cut,floor,3.74706,-0.569541,20.4766,0
bend,0SgaioiGd5Yi_5wc6m-nJg,missed,1,0.463246,0.534655,,missed,WALK,Sidewalk,WALK,Sidewalk,WALK,Sidewalk,floor,2.11461,0.00205638,23.7869,0
bend,0SgaioiGd5Yi_5wc6m-nJg,missed,2,0.480596,0.520879,,unsure_missed,WALK,Sidewalk,WALK,Curb,WALK,Sidewalk,floor,1.99125,0.0173664,39.5818,0
bend,0SgaioiGd5Yi_5wc6m-nJg,missed,3,0.494902,0.52092,,unsure_missed,WALK,Curb,WALK,Curb,WALK,Sidewalk,floor,1.28176,0.451242,39.5032,0
bend,0SgaioiGd5Yi_5wc6m-nJg,missed,4,0.536933,0.521809,,missed,WALK,Curb,WALK,Curb,WALK,Curb,floor,1.15572,0.0580972,37.8882,0
bend,0SgaioiGd5Yi_5wc6m-nJg,missed,5,0.563194,0.524893,,missed,WALK,Sidewalk,WALK,Curb,WALK,Sidewalk,floor_standin,0,0.122398,33.1781,0
bend,0SgaioiGd5Yi_5wc6m-nJg,missed,6,0.579911,0.533266,,missed,WALK,Sidewalk,WALK,Sidewalk,WALK,Sidewalk,floor,1.1103,-0.0547072,24.7875,0
bend,2S_Fj0bq7qkdKUBw9-g1XA,det,0,0.831055,0.646484,0.959889,true,WALK,Curb Cut,WALK,Curb Cut,WALK,Sidewalk,ground,0.600683,,5.24521,0
bend,2S_Fj0bq7qkdKUBw9-g1XA,det,1,0.206055,0.570312,0.899091,true,WALK,Sidewalk,WALK,Curb Cut,WALK,Curb Cut,floor_standin,0,0.0522122,11.5783,0
bend,2S_Fj0bq7qkdKUBw9-g1XA,missed,0,0.116162,0.698182,,missed,ROAD,Lane Marking - Crosswalk,ROAD,Lane Marking - Crosswalk,ROAD,Lane Marking - Crosswalk,ground,0.600683,,3.62192,0
bend,2S_Fj0bq7qkdKUBw9-g1XA,missed,1,0.151313,0.650909,,missed,ROAD,Lane Marking - Crosswalk,ROAD,Lane Marking - Crosswalk,ROAD,Lane Marking - Crosswalk,ground,0.600683,,5.06696,0
bend,3EUb8DGIsQCcw8z9LOBnAA,det,0,0.604492,0.583984,0.856346,true,WALK,Curb Cut,WALK,Curb Cut,WALK,Curb Cut,ground,1.463,,9.62455,0
bend,3EUb8DGIsQCcw8z9LOBnAA,det,1,0.518555,0.539062,0.850418,true,STRUCTURE,Wall,WALK,Sidewalk,STRUCTURE,Wall,floor_standin,0,0.0450649,21.0802,0
bend,5NVgLhChZXnD_D-z3SLZyQ,det,0,0.0810547,0.554688,0.99553,true,WALK,Sidewalk,WALK,Curb Cut,WALK,Sidewalk,floor,1.25585,-0.11533,14.9842,0
bend,5NVgLhChZXnD_D-z3SLZyQ,det,1,0.949219,0.554688,0.95789,true,WALK,Sidewalk,WALK,Sidewalk,WALK,Sidewalk,floor,1.99204,0.11998,14.9842,0
bend,5NVgLhChZXnD_D-z3SLZyQ,det,2,0.120117,0.554688,0.95622,true,WALK,Sidewalk,WALK,Sidewalk,WALK,Sidewalk,floor,1.25585,-0.146168,14.9842,0
bend,5NVgLhChZXnD_D-z3SLZyQ,det,3,0.261719,0.583984,0.946299,true,WALK,Curb Cut,WALK,Curb Cut,WALK,Curb Cut,ground,0.192814,,9.62455,0
bend,5NVgLhChZXnD_D-z3SLZyQ,det,4,0.628906,0.648438,0.910447,true,WALK,Curb Cut,WALK,Sidewalk,WALK,Curb Cut,ground,0.192814,,5.16531,0
bend,5NVgLhChZXnD_D-z3SLZyQ,det,5,0.31543,0.585938,0.902873,true,WALK,Curb Cut,WALK,Sidewalk,WALK,Curb Cut,floor,2.75015,-0.00757264,9.39519,0
bend,5NVgLhChZXnD_D-z3SLZyQ,det,6,0.722656,0.617188,0.890621,true,WALK,Curb Cut,WALK,Sidewalk,WALK,Curb Cut,ground,0.192814,,6.74025,0
bend,5NVgLhChZXnD_D-z3SLZyQ,det,7,0.910156,0.568359,0.875384,true,WALK,Curb Cut,WALK,Curb Cut,WALK,Curb Cut,floor_standin,0,0.00665221,11.92,0
bend,5U3KS0M2Y8w3qsDGGV610g,det,0,0.316406,0.583984,0.946506,true,WALK,Curb Cut,WALK,Curb Cut,WALK,Curb Cut,floor_standin,0,0.0510854,9.62455,0
bend,5U3KS0M2Y8w3qsDGGV610g,det,1,0.183594,0.583984,0.886272,true,WALK,Curb Cut,WALK,Sidewalk,WALK,Curb Cut,floor_standin,0,0.0678144,9.62455,0
bend,62TiKmlmxt_xn_68w1lgAw,det,0,0.394531,0.630859,1.00761,true,WALK,Curb Cut,WALK,Sidewalk,WALK,Curb Cut,ground,1.10959,,5.96402,0
bend,62TiKmlmxt_xn_68w1lgAw,det,1,0.574219,0.539062,0.978935,true,WALK,Sidewalk,WALK,Sidewalk,WALK,Sidewalk,floor,0.335718,0.174679,21.0802,0
bend,62TiKmlmxt_xn_68w1lgAw,det,2,0.612305,0.632812,0.956967,true,WALK,Sidewalk,WALK,Sidewalk,WALK,Sidewalk,floor,0.335718,0.0679185,5.86551,0
bend,62TiKmlmxt_xn_68w1lgAw,missed,0,0.621616,0.56,,missed,WALK,Sidewalk,WALK,Curb,WALK,Sidewalk,floor,0.335718,0.213893,13.6297,0
bend,7B5Vphda5PDmZJ5q1RQWdg,det,0,0.510742,0.539062,0.838428,true,WALK,Sidewalk,WALK,Sidewalk,WALK,Sidewalk,floor,1.92132,0.302964,21.0802,0
bend,7B5Vphda5PDmZJ5q1RQWdg,missed,0,0.588692,0.621046,,unsure_missed,WALK,Curb,WALK,Curb,WALK,Curb,floor_standin,0,0.0414887,6.50434,0
bend,87nWq0hrTZLm2_UXRgPhZQ,det,0,0.949219,0.570312,0.845492,true,WALK,Curb Cut,WALK,Sidewalk,WALK,Sidewalk,floor,2.415,0.0336904,11.5783,0
bend,87nWq0hrTZLm2_UXRgPhZQ,missed,0,0.0563636,0.574141,,missed,WALK,Curb Cut,WALK,Curb Cut,WALK,Curb Cut,floor,0.616438,-0.064381,10.9599,0
bend,87nWq0hrTZLm2_UXRgPhZQ,missed,1,0.144649,0.552699,,missed,ROAD,Lane Marking - Crosswalk,ROAD,Lane Marking - Crosswalk,ROAD,Lane Marking - Crosswalk,floor,2.86717,0.0367522,15.5607,0
bend,8H6LgNn56hay95HiBYrhHw,det,0,0.34668,0.552734,0.828064,true,WALK,Sidewalk,WALK,Sidewalk,WALK,Sidewalk,floor,2.64538,0.0683618,15.55,0
bend,8H6LgNn56hay95HiBYrhHw,det,1,0.838867,0.539062,0.785657,true,WALK,Curb Cut,WALK,Curb,WALK,Curb Cut,floor,1.73449,0.2454,21.0802,0
bend,8H6LgNn56hay95HiBYrhHw,missed,0,0.466061,0.525657,,unsure_missed,WALK,Sidewalk,OBJECT,Bicycle,WALK,Sidewalk,floor_standin,0,0.0594712,32.1872,0
bend,8H6LgNn56hay95HiBYrhHw,missed,1,0.481212,0.525657,,unsure_missed,OTHER,Terrain,OTHER,Terrain,OTHER,Terrain,floor_standin,0,0.101421,32.1872,0
bend,8H6LgNn56hay95HiBYrhHw,missed,2,0.586061,0.531717,,unsure_missed,WALK,Curb Cut,WALK,Curb,WALK,Curb,floor,1.26269,0.271633,26.0069,0
bend,8H6LgNn56hay95HiBYrhHw,missed,3,0.82722,0.56482,,unsure_missed,ROAD,Catch Basin,ROAD,Road,ROAD,Catch Basin,floor,1.73449,0.106973,12.5908,0
bend,8H6LgNn56hay95HiBYrhHw,missed,4,0.716768,0.574242,,unsure_missed,WALK,Crosswalk - Plain,WALK,Crosswalk - Plain,WALK,Crosswalk - Plain,floor,1.36759,0.0323624,10.9445,0
bend,8KtYwvo9b34f3zm-afipNg,det,0,0.760742,0.554688,0.560725,true,WALK,Sidewalk,WALK,Sidewalk,WALK,Sidewalk,floor,0.956749,-0.0203801,14.9842,0
bend,8KtYwvo9b34f3zm-afipNg,missed,0,0.649697,0.540202,,missed,WALK,Sidewalk,WALK,Sidewalk,WALK,Sidewalk,floor,2.20105,-0.0619288,20.4766,0
bend,8VPbrd8XBzDOIVoo5Xwz8g,det,0,0.0966797,0.552734,0.883981,true,WALK,Sidewalk,WALK,Sidewalk,WALK,Sidewalk,floor,1.44537,0.083389,15.55,0
bend,8VPbrd8XBzDOIVoo5Xwz8g,det,1,0.957031,0.552734,0.702013,true,WALK,Sidewalk,WALK,Sidewalk,WALK,Sidewalk,floor,1.44537,0.0419962,15.55,0
bend,8cphEWdm85w5CwOw4rm0_A,det,0,0.40918,0.585938,0.836517,true,WALK,Sidewalk,WALK,Curb Cut,WALK,Curb Cut,ground,0.545722,,9.39519,0
bend,8cphEWdm85w5CwOw4rm0_A,det,1,0.558594,0.630859,0.691788,true,WALK,Curb Cut,WALK,Curb Cut,WALK,Curb Cut,ground,0.545722,,5.96402,0
bend,8cphEWdm85w5CwOw4rm0_A,missed,0,0.377374,0.568485,,missed,WALK,Curb Cut,WALK,Curb Cut,WALK,Curb Cut,ground,0.545722,,11.8975,0
bend,8cphEWdm85w5CwOw4rm0_A,missed,1,0.358586,0.544242,,missed,WALK,Sidewalk,WALK,Sidewalk,WALK,Sidewalk,floor,0.201741,0.0795665,18.5855,0
bend,9DA1aapwjQcdUP2HEfrhfg,det,0,0.933594,0.570312,0.855321,true,WALK,Curb Cut,WALK,Sidewalk,WALK,Curb Cut,floor,1.21644,-0.000327802,11.5783,0
bend,9DA1aapwjQcdUP2HEfrhfg,det,1,0.566406,0.539062,0.845305,true,WALK,Sidewalk,WALK,Sidewalk,WALK,Sidewalk,floor,3.82157,0.0144284,21.0802,0
bend,9DA1aapwjQcdUP2HEfrhfg,det,2,0.135742,0.554688,0.835735,true,WALK,Sidewalk,WALK,Curb Cut,WALK,Curb Cut,floor_standin,0,0.0526378,14.9842,0
bend,9DA1aapwjQcdUP2HEfrhfg,det,3,0.0498047,0.570312,0.829629,true,WALK,Sidewalk,WALK,Sidewalk,WALK,Sidewalk,floor,1.21644,-0.0032972,11.5783,0
bend,9DA1aapwjQcdUP2HEfrhfg,det,4,0.75293,0.601562,0.710139,true,WALK,Curb Cut,WALK,Sidewalk,WALK,Curb Cut,ground,1.55457,,7.87031,0
bend,9DA1aapwjQcdUP2HEfrhfg,det,5,0.769531,0.617188,0.699946,duplicate,WALK,Curb Cut,WALK,Sidewalk,WALK,Curb Cut,ground,1.55457,,6.74025,0
bend,9DA1aapwjQcdUP2HEfrhfg,missed,0,0.0707071,0.569293,,missed,ROAD,Lane Marking - Crosswalk,ROAD,Lane Marking - Crosswalk,ROAD,Lane Marking - Crosswalk,floor,1.21644,-0.0085984,11.7543,0
bend,A5AVKFhm7unr9Rs55aQ1Tw,det,0,0.449219,0.537109,0.563046,true,WALK,Sidewalk,WALK,Sidewalk,WALK,Sidewalk,floor,1.58486,-0.129516,22.2007,0
bend,A5AVKFhm7unr9Rs55aQ1Tw,missed,0,0.532727,0.530505,,missed,WALK,Curb,WALK,Curb,WALK,Curb,floor,4.4165,0.0571674,27.047,0
bend,BfLStXTTg1-0FjTrZcvYWg,det,0,0.589844,0.539062,0.836147,true,WALK,Sidewalk,WALK,Sidewalk,WALK,Sidewalk,floor,2.85691,0.00935421,21.0802,0
bend,BfLStXTTg1-0FjTrZcvYWg,missed,0,0.68303,0.566869,,missed,STRUCTURE,Wall,WALK,Curb,WALK,Curb,ground,3.1988,,12.194,0
bend,CIdYXefgwcZw4L9PqIpuHQ,det,0,0.957031,0.554688,0.976822,false,WALK,Sidewalk,WALK,Sidewalk,WALK,Sidewalk,floor,2.79785,-0.240611,14.9842,0
bend,DFx_w62mJn4Qm4upFTXytQ,det,0,0.964844,0.537109,0.561221,true,WALK,Sidewalk,WALK,Sidewalk,WALK,Sidewalk,floor,3.16186,-0.0239308,22.2007,0
bend,DJ8Zp111zu6KnMZz-0PHgQ,det,0,0.917969,0.632812,0.969377,true,WALK,Sidewalk,WALK,Sidewalk,WALK,Sidewalk,floor,0.828271,-0.10014,5.86551,0
bend,DJ8Zp111zu6KnMZz-0PHgQ,det,1,0.308594,0.599609,0.933269,true,WALK,Sidewalk,WALK,Sidewalk,WALK,Sidewalk,floor,3.43131,-0.0245058,8.03552,0
bend,DJ8Zp111zu6KnMZz-0PHgQ,det,2,0.862305,0.617188,0.919785,true,WALK,Sidewalk,WALK,Sidewalk,WALK,Sidewalk,floor,0.828271,-0.122078,6.74025,0
bend,DJ8Zp111zu6KnMZz-0PHgQ,det,3,0.260742,0.601562,0.856933,true,WALK,Sidewalk,WALK,Sidewalk,WALK,Sidewalk,floor,1.30011,0.0254082,7.87031,0
bend,E15SCY6RTiDuNUu_trZk4Q,det,0,0.94043,0.554688,1.00264,true,WALK,Curb Cut,WALK,Sidewalk,WALK,Curb Cut,floor,2.78045,-0.0233041,14.9842,0
bend,E15SCY6RTiDuNUu_trZk4Q,det,1,0.893555,0.570312,0.907129,true,WALK,Curb Cut,WALK,Sidewalk,WALK,Curb Cut,floor,1.11925,-0.0792332,11.5783,0
bend,E15SCY6RTiDuNUu_trZk4Q,det,2,0.691406,0.615234,0.876138,true,WALK,Curb Cut,WALK,Sidewalk,WALK,Curb Cut,floor_standin,0,-0.0627419,6.86541,0
bend,E15SCY6RTiDuNUu_trZk4Q,det,3,0.174805,0.552734,0.86856,true,WALK,Curb Cut,WALK,Curb Cut,WALK,Curb Cut,floor_standin,0,0.0968487,15.55,0
bend,E15SCY6RTiDuNUu_trZk4Q,det,4,0.28418,0.554688,0.86322,true,WALK,Sidewalk,WALK,Sidewalk,WALK,Sidewalk,floor,3.13925,0.0608552,14.9842,0
bend,E15SCY6RTiDuNUu_trZk4Q,det,5,0.457031,0.585938,0.792183,true,ROAD,Lane Marking - Crosswalk,ROAD,Lane Marking - Crosswalk,ROAD,Lane Marking - Crosswalk,floor_standin,0,0.0517845,9.39519,0
bend,E15SCY6RTiDuNUu_trZk4Q,det,6,0.582031,0.583984,0.776101,true,WALK,Curb Cut,WALK,Curb Cut,WALK,Curb Cut,floor_standin,0,0.0336257,9.62455,0
bend,E15SCY6RTiDuNUu_trZk4Q,det,7,0.113281,0.539062,0.669129,true,WALK,Sidewalk,WALK,Sidewalk,WALK,Sidewalk,floor_standin,0,0.109906,21.0802,0
bend,E15SCY6RTiDuNUu_trZk4Q,det,8,0.386719,0.648438,0.657401,false,WALK,Sidewalk,OBJECT,Barrier,WALK,Sidewalk,ground,0.957362,,5.16531,0
bend,E15SCY6RTiDuNUu_trZk4Q,missed,0,0.360404,0.553535,,missed,WALK,Sidewalk,WALK,Sidewalk,WALK,Sidewalk,floor,1.44848,0.0496457,15.313,0
bend,E15SCY6RTiDuNUu_trZk4Q,missed,1,0.433737,0.577778,,missed,WALK,Curb Cut,ROAD,Road,ROAD,Lane Marking - Crosswalk,floor_standin,0,0.0612319,10.428,0
bend,E1wxX3pnvZdWrWnUkfkNkA,det,0,0.56543,0.632812,0.900665,true,WALK,Sidewalk,WALK,Sidewalk,WALK,Sidewalk,floor,1.08643,-0.0539328,5.86551,0
bend,E1wxX3pnvZdWrWnUkfkNkA,det,1,0.59668,0.554688,0.853477,true,ROAD,Road,WALK,Sidewalk,ROAD,Road,floor,1.38692,-0.0242294,14.9842,0
bend,HraXxn_y7_j4o8_4iS_JDQ,det,0,0.238281,0.554688,0.994214,true,WALK,Sidewalk,WALK,Sidewalk,WALK,Sidewalk,floor_standin,0,0.125966,14.9842,0
bend,HraXxn_y7_j4o8_4iS_JDQ,missed,0,0.341212,0.549899,,unsure_missed,ROAD,Road,WALK,Curb,WALK,Curb Cut,floor_standin,0,0.156918,16.4495,0
bend,IQT-DUkA06hxOus4rPb47A,det,0,0.0419922,0.523438,0.69747,true,WALK,Sidewalk,WALK,Sidewalk,WALK,Sidewalk,floor,3.00192,0.278795,35.2473,0
bend,I_t9Bp1OzV2m-ZKFHssOdg,det,0,0.972656,0.539062,0.794321,true,WALK,Sidewalk,WALK,Sidewalk,WALK,Sidewalk,floor,1.28937,0.00189672,21.0802,0
bend,I_t9Bp1OzV2m-ZKFHssOdg,det,1,0.0654297,0.539062,0.751176,true,WALK,Sidewalk,WALK,Sidewalk,WALK,Sidewalk,floor,0.743095,0.00372321,21.0802,0
bend,I_t9Bp1OzV2m-ZKFHssOdg,missed,0,0.946375,0.531961,,unsure_missed,WALK,Sidewalk,WALK,Sidewalk,WALK,Sidewalk,floor,2.24053,-0.135787,25.8073,0
bend,I_t9Bp1OzV2m-ZKFHssOdg,missed,1,0.964839,0.518323,,unsure_missed,WALK,Sidewalk,ROAD,Road,WALK,Sidewalk,floor,2.94643,0.298828,45.1186,0
bend,JliGuAWGKCyOS1LBoywZlA,det,0,0.838867,0.648438,0.603324,false,OTHER,Terrain,ROAD,Road,WALK,Sidewalk,floor,1.09396,0.0456264,5.16531,0
bend,Jv7Zl2erbO_g10pRN-IS_Q,det,0,0.0898438,0.554688,0.940184,true,OTHER,Terrain,WALK,Sidewalk,OTHER,Terrain,floor_standin,0,0.239739,14.9842,0
bend,Jv7Zl2erbO_g10pRN-IS_Q,det,1,0.206055,0.662109,0.872048,true,WALK,Sidewalk,WALK,Sidewalk,WALK,Sidewalk,ground,0.601659,,4.65603,0
bend,Jv7Zl2erbO_g10pRN-IS_Q,det,2,0.0341797,0.552734,0.769875,true,WALK,Sidewalk,WALK,Sidewalk,WALK,Sidewalk,floor_standin,0,0.305583,15.55,0
bend,Jv7Zl2erbO_g10pRN-IS_Q,det,3,0.160156,0.583984,0.706562,true,WALK,Sidewalk,WALK,Sidewalk,WALK,Sidewalk,floor,2.78741,-0.0216752,9.62455,0
bend,Jv7Zl2erbO_g10pRN-IS_Q,det,4,0.823242,0.710938,0.692993,true,WALK,Curb Cut,WALK,Curb Cut,WALK,Curb Cut,floor,1.39016,0.000685477,3.33159,0
bend,Kv2haiYlkJCiaO61RVWwQA,det,0,0.963867,0.537109,1.02041,true,OTHER,Terrain,OTHER,Terrain,OTHER,Terrain,floor,2.72893,0.0014581,22.2007,0
bend,Kv2haiYlkJCiaO61RVWwQA,det,1,0.121094,0.554688,0.96053,true,WALK,Sidewalk,WALK,Sidewalk,WALK,Sidewalk,floor_standin,0,0.23381,14.9842,0
bend,Kv2haiYlkJCiaO61RVWwQA,det,2,0.299805,0.615234,0.911736,true,WALK,Curb Cut,WALK,Curb Cut,WALK,Curb Cut,floor_standin,0,0.250304,6.86541,0
bend,Kv2haiYlkJCiaO61RVWwQA,det,3,0.916992,0.554688,0.889865,true,WALK,Sidewalk,WALK,Sidewalk,WALK,Sidewalk,floor,3.53679,0.223799,14.9842,0
bend,Kv2haiYlkJCiaO61RVWwQA,det,4,0.0742188,0.539062,0.866402,true,WALK,Sidewalk,WALK,Sidewalk,WALK,Sidewalk,floor,2.80679,-0.0769113,21.0802,0
bend,Kv2haiYlkJCiaO61RVWwQA,det,5,0.65918,0.677734,0.863598,true,WALK,Sidewalk,WALK,Sidewalk,WALK,Curb Cut,ground,1.11592,,4.16213,0
bend,Kv2haiYlkJCiaO61RVWwQA,det,6,0.230469,0.583984,0.858595,true,WALK,Sidewalk,WALK,Sidewalk,WALK,Sidewalk,floor_standin,0,0.321661,9.62455,0
bend,Kv2haiYlkJCiaO61RVWwQA,det,7,0.78418,0.630859,0.840424,true,WALK,Sidewalk,WALK,Curb Cut,WALK,Sidewalk,ground,1.11592,,5.96402,0
bend,Kv2haiYlkJCiaO61RVWwQA,det,8,0.160156,0.539062,0.700184,false,WALK,Sidewalk,WALK,Sidewalk,WALK,Sidewalk,floor_standin,0,0.279406,21.0802,0
bend,LMwVmdxU9opG4yzbotuw6g,det,0,0.518555,0.537109,0.890615,true,WALK,Sidewalk,WALK,Sidewalk,WALK,Sidewalk,floor,2.2684,0.698735,22.2007,0
bend,LMwVmdxU9opG4yzbotuw6g,det,1,0.401367,0.539062,0.837422,true,WALK,Sidewalk,WALK,Sidewalk,WALK,Sidewalk,floor_standin,0,0.204482,21.0802,0
bend,LMwVmdxU9opG4yzbotuw6g,missed,0,0.421858,0.518064,,unsure_missed,WALK,Sidewalk,WALK,Sidewalk,WALK,Sidewalk,floor,2.81084,0.333972,45.765,0
bend,LhpYKYMPIDXskyHjHW1nOQ,det,0,0.479492,0.552734,0.847226,true,WALK,Curb,WALK,Curb,WALK,Curb Cut,floor,0.870656,-0.0543389,15.55,0
bend,LhpYKYMPIDXskyHjHW1nOQ,missed,0,0.563636,0.520808,,missed,WALK,Sidewalk,WALK,Sidewalk,WALK,Sidewalk,floor,2.10859,0.396713,39.7166,0
bend,LhpYKYMPIDXskyHjHW1nOQ,missed,1,0.58303,0.534141,,unsure_missed,WALK,Crosswalk - Plain,ROAD,Road,WALK,Crosswalk - Plain,floor_standin,0,0.0437774,24.1475,0
bend,LhpYKYMPIDXskyHjHW1nOQ,missed,2,0.563636,0.549899,,missed,WALK,Curb Cut,ROAD,Road,ROAD,Road,floor,2.88324,-0.0859537,16.4495,0
bend,NS7lT-itv0JiN6UHVvBxsg,det,0,0.604492,0.585938,0.883375,true,WALK,Curb Cut,WALK,Sidewalk,WALK,Curb Cut,ground,0.733287,,9.39519,0
bend,NS7lT-itv0JiN6UHVvBxsg,det,1,0.933594,0.554688,0.749149,true,WALK,Curb Cut,WALK,Sidewalk,WALK,Curb Cut,floor,1.33721,0.120282,14.9842,0
bend,NS7lT-itv0JiN6UHVvBxsg,det,2,0.956055,0.552734,0.651083,true,ROAD,Road,ROAD,Road,ROAD,Road,floor,1.33721,0.124255,15.55,0
bend,NS7lT-itv0JiN6UHVvBxsg,missed,0,0.099798,0.540606,,missed,OBJECT,Vegetation,WALK,Sidewalk,OBJECT,Vegetation,floor,2.28978,0.0999612,20.2707,0
bend,NS7lT-itv0JiN6UHVvBxsg,missed,1,0.0482828,0.541818,,missed,ROAD,Road,ROAD,Road,ROAD,Road,floor,1.71075,-0.0289843,19.6766,0
bend,NS7lT-itv0JiN6UHVvBxsg,missed,2,0.0234343,0.549091,,missed,ROAD,Road,ROAD,Road,ROAD,Road,floor,1.33721,0.0998495,16.7248,0
bend,Noi7DhIT3xbCjA2Ip4QOyg,det,0,0.456055,0.537109,0.951311,true,WALK,Curb Cut,WALK,Sidewalk,WALK,Curb Cut,floor,1.1189,0.37361,22.2007,0
bend,Noi7DhIT3xbCjA2Ip4QOyg,det,1,0.40918,0.539062,0.915194,true,WALK,Sidewalk,WALK,Sidewalk,WALK,Sidewalk,floor,2.32279,0.0396869,21.0802,0
bend,Noi7DhIT3xbCjA2Ip4QOyg,det,2,0.324219,0.646484,0.89402,true,WALK,Curb Cut,WALK,Curb Cut,WALK,Curb Cut,ground,1.03722,,5.24521,0
bend,Noi7DhIT3xbCjA2Ip4QOyg,det,3,0.56543,0.539062,0.877194,true,WALK,Sidewalk,WALK,Sidewalk,WALK,Sidewalk,floor,4.0438,0.0374812,21.0802,0
bend,Noi7DhIT3xbCjA2Ip4QOyg,det,4,0.643555,0.664062,0.854144,true,WALK,Curb Cut,WALK,Curb Cut,WALK,Curb Cut,ground,1.03722,,4.58964,0
bend,Noi7DhIT3xbCjA2Ip4QOyg,det,5,0.519531,0.523438,0.800592,true,OTHER,Terrain,OTHER,Terrain,OTHER,Terrain,floor,5.73832,0.0502733,35.2473,0
bend,Noi7DhIT3xbCjA2Ip4QOyg,det,6,0.347656,0.568359,0.704915,true,WALK,Sidewalk,WALK,Sidewalk,WALK,Sidewalk,floor,1.41734,-0.0460458,11.92,0
bend,Noi7DhIT3xbCjA2Ip4QOyg,det,7,0.597656,0.539062,0.650798,false,WALK,Curb Cut,WALK,Curb,WALK,Curb Cut,floor,1.75089,-0.0896836,21.0802,0
bend,Noi7DhIT3xbCjA2Ip4QOyg,missed,0,0.623434,0.568081,,missed,OBJECT,Vegetation,OBJECT,Vegetation,OBJECT,Vegetation,ground,1.03722,,11.9703,0
bend,NzRL8weHSGkfduBHnrgd5g,det,0,0.31543,0.570312,0.895792,true,WALK,Sidewalk,WALK,Curb Cut,WALK,Sidewalk,floor_standin,0,0.10403,11.5783,0
bend,NzRL8weHSGkfduBHnrgd5g,missed,0,0.0109091,0.540202,,missed,ROAD,Lane Marking - Crosswalk,ROAD,Road,ROAD,Lane Marking - Crosswalk,floor,1.94652,0.0128387,20.4766,0
bend,NzRL8weHSGkfduBHnrgd5g,missed,1,0.0357576,0.53899,,missed,ROAD,Road,ROAD,Road,ROAD,Road,floor,1.94652,0.0234567,21.1199,0
bend,NzRL8weHSGkfduBHnrgd5g,missed,2,0.070303,0.534141,,missed,OTHER,Terrain,OTHER,Terrain,OTHER,Terrain,floor_standin,0,0.0147262,24.1475,0
bend,NzRL8weHSGkfduBHnrgd5g,missed,3,0.969697,0.537778,,missed,WALK,Sidewalk,WALK,Sidewalk,WALK,Sidewalk,floor,3.66164,-0.139009,21.8043,0
bend,NzRL8weHSGkfduBHnrgd5g,missed,4,0.574545,0.612929,,unsure_missed,WALK,Sidewalk,WALK,Sidewalk,WALK,Sidewalk,floor,0.965098,-0.0658614,7.01844,0
bend,OedGesfk606bGhg4OQESiQ,det,0,0.549805,0.570312,0.880522,true,WALK,Sidewalk,WALK,Sidewalk,WALK,Sidewalk,floor,4.98967,0.0176281,11.5783,0
bend,OedGesfk606bGhg4OQESiQ,det,1,0.370117,0.554688,0.876546,true,WALK,Sidewalk,WALK,Sidewalk,WALK,Sidewalk,floor,1.67655,0.207848,14.9842,0
bend,OedGesfk606bGhg4OQESiQ,missed,0,0.442954,0.516894,,missed,WALK,Curb,WALK,Curb,WALK,Curb,floor,2.47915,0.151842,48.943,0
bend,OedGesfk606bGhg4OQESiQ,missed,1,0.533958,0.518588,,missed,WALK,Curb,WALK,Sidewalk,WALK,Curb,horizontal_nonfloor,3.7588,,44.4728,0
bend,OedGesfk606bGhg4OQESiQ,missed,2,0.504299,0.515507,,missed,WALK,Sidewalk,WALK,Sidewalk,WALK,Sidewalk,horizontal_nonfloor,3.7588,,53.329,0
bend,OedGesfk606bGhg4OQESiQ,missed,3,0.413914,0.518283,,unsure_missed,WALK,Sidewalk,WALK,Sidewalk,WALK,Sidewalk,floor,2.47915,0.12763,45.2171,0
bend,PX5zU_2KkKO0Gr4FiSe9aw,det,0,0.31543,0.583984,0.937754,true,WALK,Curb Cut,WALK,Sidewalk,WALK,Curb Cut,floor,1.89837,0.0356985,9.62455,0
bend,PX5zU_2KkKO0Gr4FiSe9aw,det,1,0.56543,0.615234,0.904958,true,WALK,Curb Cut,WALK,Curb Cut,WALK,Curb Cut,floor,3.35071,0.00585656,6.86541,0
bend,PX5zU_2KkKO0Gr4FiSe9aw,det,2,0.401367,0.539062,0.781839,true,WALK,Curb Cut,WALK,Curb Cut,ROAD,Road,floor,1.89837,0.0073928,21.0802,0
bend,PgOXmiCTtEV4ip7AJDqf2Q,det,0,0.97168,0.539062,0.951742,true,WALK,Curb Cut,WALK,Sidewalk,WALK,Sidewalk,ground,2.58778,,21.0802,0
bend,PgOXmiCTtEV4ip7AJDqf2Q,det,1,0.230469,0.554688,0.827825,true,WALK,Sidewalk,WALK,Sidewalk,WALK,Sidewalk,floor_standin,0,0.1279,14.9842,0
bend,PgOXmiCTtEV4ip7AJDqf2Q,missed,0,0.139394,0.551111,,unsure_missed,WALK,Sidewalk,WALK,Sidewalk,WALK,Sidewalk,floor_standin,0,0.0536806,16.0529,0
bend,PgOXmiCTtEV4ip7AJDqf2Q,missed,1,0.0909091,0.540202,,missed,WALK,Curb Cut,WALK,Curb Cut,WALK,Curb Cut,floor,1.28603,0.0632874,20.4766,0
bend,PgOXmiCTtEV4ip7AJDqf2Q,missed,2,0.0246608,0.542483,,missed,ROAD,Lane Marking - Crosswalk,WALK,Curb,ROAD,Lane Marking - Crosswalk,ground,2.58778,,19.3652,0
bend,PgOXmiCTtEV4ip7AJDqf2Q,missed,3,0.0444445,0.539495,,missed,ROAD,Road,ROAD,Lane Marking - General,ROAD,Road,floor,1.28603,0.0105728,20.8471,0
bend,RS0LXKWETF8PhWMbaexYlg,missed,0,0.531111,0.534141,,unsure_missed,WALK,Curb,WALK,Sidewalk,WALK,Curb,floor,4.16871,0.0267728,24.1475,0
bend,RS0LXKWETF8PhWMbaexYlg,missed,1,0.546355,0.527881,,unsure_missed,WALK,Sidewalk,ROAD,Road,WALK,Sidewalk,floor,4.16871,-0.0982495,29.6077,0
bend,RS0LXKWETF8PhWMbaexYlg,missed,2,0.535509,0.519555,,unsure_missed,WALK,Curb Cut,WALK,Curb,WALK,Sidewalk,floor,2.68795,0.130496,42.2685,0
bend,RS0LXKWETF8PhWMbaexYlg,missed,3,0.507479,0.518882,,unsure_missed,WALK,Curb Cut,WALK,Sidewalk,WALK,Sidewalk,floor,1.77806,-0.100538,43.7791,0
bend,RS0LXKWETF8PhWMbaexYlg,missed,4,0.458715,0.521621,,unsure_missed,WALK,Curb Cut,WALK,Sidewalk,WALK,Sidewalk,floor,1.50584,-0.0374782,38.2198,0
bend,RS0LXKWETF8PhWMbaexYlg,missed,5,0.429552,0.528839,,unsure_missed,ROAD,Road,ROAD,Road,ROAD,Road,floor,1.46594,-0.03568,28.6185,0
bend,RS0LXKWETF8PhWMbaexYlg,missed,6,0.437518,0.536648,,unsure_missed,WALK,Curb Cut,WALK,Curb Cut,WALK,Curb,floor,0.314658,-0.00921896,22.4826,0
bend,Ro8ZmvW9hyxIS4GVq1cpMQ,det,0,0.902344,0.617188,0.88136,true,WALK,Curb Cut,WALK,Sidewalk,WALK,Sidewalk,floor,0.683569,0.0211497,6.74025,0
bend,Ro8ZmvW9hyxIS4GVq1cpMQ,det,1,0.120117,0.615234,0.859811,true,WALK,Curb Cut,WALK,Sidewalk,WALK,Sidewalk,floor,1.09629,-0.0388917,6.86541,0
bend,SM4RUwTVtTzgSm3LWvzwqA,det,0,0.557617,0.554688,0.661369,true,WALK,Sidewalk,WALK,Sidewalk,WALK,Sidewalk,ground,0.356083,,14.9842,0
bend,SM4RUwTVtTzgSm3LWvzwqA,det,1,0.40918,0.554688,0.652828,true,WALK,Sidewalk,WALK,Sidewalk,WALK,Sidewalk,floor,3.68955,-0.0684456,14.9842,0
bend,ScnPNQ2cah0xzWlH28uoOw,det,0,0.56543,0.539062,1.00111,true,WALK,Sidewalk,WALK,Sidewalk,WALK,Sidewalk,floor,1.55494,-0.0200446,21.0802,0
bend,ScnPNQ2cah0xzWlH28uoOw,det,1,0.636719,0.617188,0.948526,true,WALK,Curb Cut,WALK,Curb Cut,WALK,Curb Cut,floor,1.57408,0.086967,6.74025,0
bend,ScnPNQ2cah0xzWlH28uoOw,det,2,0.62793,0.568359,0.799968,true,WALK,Curb Cut,WALK,Sidewalk,WALK,Curb Cut,floor,1.57408,0.193575,11.92,0
bend,ShaAxuhgD3rK5__gON66zA,det,0,0.34668,0.552734,0.949591,true,WALK,Sidewalk,WALK,Sidewalk,WALK,Sidewalk,floor,3.07358,0.478953,15.55,0
bend,ShaAxuhgD3rK5__gON66zA,det,1,0.518555,0.568359,0.823636,true,ROAD,Road,WALK,Sidewalk,WALK,Sidewalk,floor,1.47459,-0.0144749,11.92,0
bend,TzKDX5ADk6lqRtZ-F8r6XQ,det,0,0.807617,0.615234,0.914069,true,WALK,Curb Cut,WALK,Curb Cut,WALK,Curb Cut,floor,0.926196,-0.088453,6.86541,0
bend,TzKDX5ADk6lqRtZ-F8r6XQ,det,1,0.238281,0.554688,0.867259,true,WALK,Curb,WALK,Sidewalk,WALK,Curb,floor,1.35002,-0.0474464,14.9842,0
bend,TzKDX5ADk6lqRtZ-F8r6XQ,missed,0,0.105455,0.520808,,unsure_missed,WALK,Curb Cut,WALK,Curb,WALK,Sidewalk,floor,3.05364,0.273367,39.7166,0
bend,TzKDX5ADk6lqRtZ-F8r6XQ,missed,1,0.94101,0.524949,,missed,WALK,Sidewalk,WALK,Curb,WALK,Sidewalk,floor,3.16391,-0.045456,33.1033,0
bend,UdLzRf1Yi67NOSMn6IZjHQ,det,0,0.949219,0.552734,0.607323,unsure,WALK,Sidewalk,WALK,Sidewalk,WALK,Sidewalk,floor,2.52716,-0.250417,15.55,0
bend,VIMFndX_oqm7vJJD8gDyEA,det,0,0.651367,0.710938,0.750333,true,WALK,Curb Cut,WALK,Sidewalk,WALK,Curb Cut,ground,1.54408,,3.33159,0
bend,VIMFndX_oqm7vJJD8gDyEA,det,1,0.269531,0.554688,0.660793,true,WALK,Sidewalk,WALK,Sidewalk,WALK,Curb,floor,7.6789,0.112455,14.9842,0
bend,VIMFndX_oqm7vJJD8gDyEA,missed,0,0.301818,0.701414,,missed,WALK,Sidewalk,WALK,Sidewalk,WALK,Sidewalk,ground,1.54408,,3.54536,0
bend,VIMFndX_oqm7vJJD8gDyEA,missed,1,0.272727,0.621414,,missed,WALK,Sidewalk,WALK,Sidewalk,WALK,Curb Cut,ground,1.54408,,6.48256,0
bend,VMjtxZNqxl9E6oUXnsdI8Q,det,0,0.324219,0.632812,0.998291,true,WALK,Sidewalk,WALK,Curb Cut,WALK,Curb Cut,floor,0.975183,-0.0304244,5.86551,0
bend,VMjtxZNqxl9E6oUXnsdI8Q,det,1,0.34668,0.570312,0.96941,true,WALK,Curb Cut,WALK,Sidewalk,WALK,Curb Cut,floor,1.33163,0.248298,11.5783,0
bend,VMjtxZNqxl9E6oUXnsdI8Q,det,2,0.40918,0.539062,0.926053,true,OTHER,Terrain,OTHER,Terrain,OTHER,Terrain,floor,2.88615,0.130018,21.0802,0
bend,VMjtxZNqxl9E6oUXnsdI8Q,det,3,0.628906,0.583984,0.865694,true,WALK,Sidewalk,WALK,Sidewalk,WALK,Sidewalk,floor,2.24298,-0.0653117,9.62455,0
bend,VMjtxZNqxl9E6oUXnsdI8Q,det,4,0.643555,0.664062,0.836215,true,WALK,Sidewalk,WALK,Sidewalk,WALK,Curb Cut,ground,1.2061,,4.58964,0
bend,VMjtxZNqxl9E6oUXnsdI8Q,det,5,0.56543,0.552734,0.755902,true,ROAD,Road,WALK,Curb,ROAD,Road,floor_standin,0,0.223658,15.55,0
bend,VgWpqFkTwCIROvM0z-DkOw,det,0,0.15918,0.554688,0.894605,true,WALK,Sidewalk,WALK,Sidewalk,WALK,Sidewalk,floor,0.253338,0.543187,14.9842,0
bend,VgWpqFkTwCIROvM0z-DkOw,det,1,0.636719,0.646484,0.862707,true,WALK,Sidewalk,WALK,Sidewalk,WALK,Sidewalk,floor,2.13203,-0.0592177,5.24521,0
bend,VgWpqFkTwCIROvM0z-DkOw,det,2,0.308594,0.585938,0.80627,true,WALK,Curb Cut,WALK,Curb Cut,WALK,Curb Cut,floor,0.253338,0.208462,9.39519,0
bend,VgWpqFkTwCIROvM0z-DkOw,missed,0,0.0721717,0.534646,,unsure_missed,WALK,Sidewalk,WALK,Sidewalk,WALK,Sidewalk,floor,0.0442347,0.0392707,23.7928,0
bend,WGdZz7jOkmmmyQYpbw3F8w,det,0,0.331055,0.664062,0.84604,true,WALK,Sidewalk,WALK,Sidewalk,WALK,Sidewalk,floor,2.3743,0.0558278,4.58964,0
bend,WGdZz7jOkmmmyQYpbw3F8w,missed,0,0.227273,0.552323,,missed,WALK,Sidewalk,WALK,Sidewalk,WALK,Sidewalk,floor,2.3743,0.337954,15.6745,0
bend,WGdZz7jOkmmmyQYpbw3F8w,missed,1,0.924457,0.551396,,missed,WALK,Sidewalk,ROAD,Road,WALK,Sidewalk,floor_standin,0,0.0640358,15.9623,0
bend,Wnu3AyufxG1XD9JvU5K-hg,det,0,0.855469,0.583984,0.897869,true,WALK,Sidewalk,WALK,Sidewalk,WALK,Sidewalk,floor,4.05096,0.128902,9.62455,0
bend,Wnu3AyufxG1XD9JvU5K-hg,det,1,0.620117,0.585938,0.879454,true,WALK,Curb Cut,WALK,Curb Cut,WALK,Sidewalk,floor,2.56834,0.0326092,9.39519,0
bend,Wnu3AyufxG1XD9JvU5K-hg,det,2,0.425781,0.552734,0.644372,true,ROAD,Road,ROAD,Road,ROAD,Road,floor,0.968336,0.0354503,15.55,0
bend,X3HUl4G0JyP3fwNYcFAXVw,det,0,0.222656,0.615234,0.66262,true,WALK,Sidewalk,WALK,Sidewalk,WALK,Sidewalk,ground,1.42875,,6.86541,0
bend,X3HUl4G0JyP3fwNYcFAXVw,det,1,0.19043,0.679688,0.564565,true,WALK,Curb Cut,WALK,Sidewalk,WALK,Curb Cut,ground,1.42875,,4.10585,0
bend,X3HUl4G0JyP3fwNYcFAXVw,missed,0,0.285455,0.542626,,missed,WALK,Curb Cut,WALK,Curb Cut,WALK,Curb Cut,floor,1.76503,0.0725491,19.2992,0
bend,X3HUl4G0JyP3fwNYcFAXVw,missed,1,0.812121,0.690505,,missed,WALK,Curb Cut,WALK,Curb Cut,WALK,Curb Cut,floor_standin,0,0.0156807,3.81276,0
bend,ZO7V6RR9LtZT8l9-SjIQUg,det,0,0.308594,0.601562,0.977891,true,WALK,Sidewalk,WALK,Curb Cut,WALK,Curb Cut,ground,2.07462,,7.87031,0
bend,ZO7V6RR9LtZT8l9-SjIQUg,det,1,0.84668,0.695312,0.835836,true,WALK,Sidewalk,WALK,Sidewalk,WALK,Curb Cut,ground,2.07462,,3.69172,0
bend,ZO7V6RR9LtZT8l9-SjIQUg,det,2,0.871094,0.570312,0.787974,true,WALK,Sidewalk,WALK,Sidewalk,WALK,Curb Cut,floor_standin,0,0.152205,11.5783,0
bend,ZO7V6RR9LtZT8l9-SjIQUg,missed,0,0.931424,0.553583,,missed,ROAD,Road,WALK,Curb,ROAD,Road,floor_standin,0,0.0685051,15.2991,0
bend,ZlXmdBYkhIpp-wNfPlSIFw,det,0,0.34668,0.585938,0.93338,true,WALK,Curb Cut,WALK,Sidewalk,WALK,Curb Cut,ground,1.37814,,9.39519,0
bend,ZlXmdBYkhIpp-wNfPlSIFw,det,1,0.136719,0.570312,0.925013,true,WALK,Curb Cut,WALK,Sidewalk,WALK,Curb Cut,ground,1.37814,,11.5783,0
bend,ZlXmdBYkhIpp-wNfPlSIFw,det,2,0.40918,0.583984,0.902778,true,WALK,Curb Cut,WALK,Sidewalk,WALK,Curb Cut,ground,1.37814,,9.62455,0
bend,ZlXmdBYkhIpp-wNfPlSIFw,det,3,0.902344,0.583984,0.899637,true,ROAD,Road,WALK,Curb Cut,ROAD,Road,ground,1.37814,,9.62455,0
bend,ZlXmdBYkhIpp-wNfPlSIFw,det,4,0.0820312,0.570312,0.855775,true,WALK,Curb Cut,WALK,Sidewalk,WALK,Curb Cut,ground,1.37814,,11.5783,0
bend,ZlXmdBYkhIpp-wNfPlSIFw,det,5,0.605469,0.585938,0.83483,true,WALK,Curb Cut,WALK,Curb Cut,WALK,Curb Cut,floor_standin,0,0.0866284,9.39519,0
bend,bTkyJpLDQ7HCw4yOdqdNCg,det,0,0.229492,0.552734,1.00214,true,WALK,Curb Cut,WALK,Sidewalk,WALK,Curb Cut,floor,1.0306,0.0612119,15.55,0
bend,bTkyJpLDQ7HCw4yOdqdNCg,det,1,0.838867,0.583984,0.875658,true,WALK,Curb Cut,WALK,Curb Cut,WALK,Curb Cut,ground,0.674927,,9.62455,0
bend,bTkyJpLDQ7HCw4yOdqdNCg,det,2,0.285156,0.585938,0.765892,true,WALK,Sidewalk,WALK,Sidewalk,WALK,Sidewalk,floor,3.99787,0.00951816,9.39519,0
bend,bTkyJpLDQ7HCw4yOdqdNCg,det,3,0.729492,0.708984,0.700743,true,WALK,Curb Cut,WALK,Sidewalk,WALK,Curb Cut,ground,0.674927,,3.37407,0
bend,bTkyJpLDQ7HCw4yOdqdNCg,missed,0,0.0864646,0.535354,,unsure_missed,ROAD,Road,WALK,Curb,ROAD,Road,floor,0.266879,-0.133584,23.3131,0
bend,bTkyJpLDQ7HCw4yOdqdNCg,missed,1,0.943838,0.542727,,missed,WALK,Curb,WALK,Sidewalk,WALK,Curb,floor,0.816133,0.105595,19.253,0
bend,bTkyJpLDQ7HCw4yOdqdNCg,missed,2,0.136162,0.537071,,missed,WALK,Sidewalk,WALK,Sidewalk,WALK,Sidewalk,floor,0.266879,-0.168188,22.224,0
bend,bVadNrPq_zXgbJjhhDSwDw,det,0,0.910156,0.568359,0.941949,true,WALK,Sidewalk,WALK,Sidewalk,WALK,Sidewalk,floor,3.47378,0.361622,11.92,0
bend,bVadNrPq_zXgbJjhhDSwDw,missed,0,0.00727273,0.525657,,missed,WALK,Sidewalk,WALK,Sidewalk,WALK,Sidewalk,floor,5.45154,0.172237,32.1872,0
bend,bVadNrPq_zXgbJjhhDSwDw,missed,1,0.995152,0.528081,,unsure_missed,WALK,Sidewalk,WALK,Sidewalk,WALK,Sidewalk,floor,5.45154,0.122544,29.3958,0
bend,cqb7v_2KGHMeSy8VpvkcDQ,det,0,0.394531,0.554688,0.662583,true,WALK,Sidewalk,WALK,Sidewalk,WALK,Sidewalk,floor_standin,0,-0.129091,14.9842,0
bend,cqb7v_2KGHMeSy8VpvkcDQ,det,1,0.541992,0.523438,0.573744,true,STRUCTURE,Wall,WALK,Sidewalk,STRUCTURE,Wall,floor,1.59851,0.127119,35.2473,0
bend,cqb7v_2KGHMeSy8VpvkcDQ,det,2,0.456055,0.523438,0.571104,true,WALK,Sidewalk,WALK,Sidewalk,WALK,Sidewalk,floor_standin,0,0.279818,35.2473,0
bend,cqb7v_2KGHMeSy8VpvkcDQ,det,3,0.573242,0.554688,0.562623,unsure,WALK,Sidewalk,WALK,Sidewalk,WALK,Sidewalk,floor,1.84356,-0.0321414,14.9842,0
bend,dUy9p1NputrGH7SFDmbCpg,det,0,0.573242,0.599609,0.95594,true,WALK,Sidewalk,WALK,Sidewalk,WALK,Sidewalk,floor,3.42863,-0.0922661,8.03552,0
bend,dUy9p1NputrGH7SFDmbCpg,det,1,0.386719,0.568359,0.818651,true,WALK,Sidewalk,WALK,Sidewalk,WALK,Sidewalk,floor,4.65198,0.00536223,11.92,0
bend,dUy9p1NputrGH7SFDmbCpg,det,2,0.448242,0.523438,0.583389,true,WALK,Sidewalk,WALK,Sidewalk,WALK,Sidewalk,floor,2.91134,0.198613,35.2473,0
bend,f8KWeNBZLlwJXVSj5_0RAg,det,0,0.0664062,0.552734,0.822529,true,WALK,Sidewalk,WALK,Sidewalk,WALK,Sidewalk,floor,2.87385,0.0203454,15.55,0
bend,f8KWeNBZLlwJXVSj5_0RAg,det,1,0.933594,0.554688,0.729921,unsure,WALK,Sidewalk,WALK,Sidewalk,WALK,Sidewalk,floor_standin,0,0.333419,14.9842,0
bend,gTM14tSsKuUwbSxtTb4xoQ,det,0,0.464844,0.537109,0.749902,true,WALK,Sidewalk,WALK,Sidewalk,WALK,Sidewalk,floor,0.635198,0.474818,22.2007,0
bend,gTM14tSsKuUwbSxtTb4xoQ,missed,0,0.457463,0.531594,,missed,WALK,Sidewalk,WALK,Sidewalk,WALK,Sidewalk,floor,0.635198,0.536459,26.1085,0
bend,gTM14tSsKuUwbSxtTb4xoQ,missed,1,0.478033,0.522008,,unsure_missed,WALK,Curb,WALK,Curb,WALK,Curb,floor,2.77495,0.169009,37.5442,0
bend,gTM14tSsKuUwbSxtTb4xoQ,missed,2,0.558667,0.522873,,unsure_missed,WALK,Sidewalk,WALK,Sidewalk,WALK,Sidewalk,floor,1.89775,-0.0273763,36.1207,0
bend,hKMeDFlSe7fPsZpi4kS-aA,det,0,0.268555,0.632812,0.951864,true,WALK,Sidewalk,WALK,Sidewalk,WALK,Sidewalk,floor_standin,0,0.00623208,5.86551,0
bend,hKMeDFlSe7fPsZpi4kS-aA,det,1,0.635742,0.601562,0.736456,true,WALK,Sidewalk,WALK,Sidewalk,WALK,Sidewalk,floor,1.75858,0.0752724,7.87031,0
bend,h_1bUHhTLKugR5XhzA1-nA,det,0,0.972656,0.554688,0.911069,false,WALK,Sidewalk,WALK,Sidewalk,WALK,Sidewalk,floor,3.33724,0.0632822,14.9842,0
bend,h_1bUHhTLKugR5XhzA1-nA,missed,0,0.958182,0.51596,,unsure_missed,ROAD,Road,WALK,Sidewalk,ROAD,Road,floor,3.33724,0.326383,51.8129,0
bend,h_1bUHhTLKugR5XhzA1-nA,missed,1,0.0351515,0.520808,,missed,ROAD,Road,ROAD,Road,ROAD,Road,floor,1.94461,0.103873,39.7166,0
bend,h_1bUHhTLKugR5XhzA1-nA,missed,2,0.977768,0.522355,,unsure_missed,WALK,Sidewalk,WALK,Sidewalk,WALK,Sidewalk,floor,3.33724,0.378506,36.9602,0
bend,hu3-VWXlGi42PkY38XPJzQ,det,0,0.901367,0.585938,0.946829,true,WALK,Sidewalk,WALK,Sidewalk,WALK,Sidewalk,floor_standin,0,0.162688,9.39519,0
bend,hu3-VWXlGi42PkY38XPJzQ,det,1,0.347656,0.570312,0.881278,true,WALK,Sidewalk,WALK,Sidewalk,WALK,Sidewalk,floor,2.07754,0.03402,11.5783,0
bend,hu3-VWXlGi42PkY38XPJzQ,det,2,0.620117,0.601562,0.874274,true,WALK,Sidewalk,WALK,Sidewalk,WALK,Sidewalk,floor,0.923869,0.131493,7.87031,0
bend,hu3-VWXlGi42PkY38XPJzQ,det,3,0.128906,0.568359,0.868578,true,WALK,Curb Cut,WALK,Curb Cut,WALK,Curb Cut,ground,1.39746,,11.92,0
bend,kjNgQrRlUM8VkFMli6aIPQ,det,0,0.886719,0.583984,0.81262,true,ROAD,Road,WALK,Curb Cut,ROAD,Road,floor,1.56298,-0.0391693,9.62455,0
bend,kjNgQrRlUM8VkFMli6aIPQ,det,1,0.62793,0.583984,0.773861,true,WALK,Curb Cut,WALK,Curb Cut,WALK,Curb Cut,floor,0.460552,0.072339,9.62455,0
bend,kkDJcaa4ZmOKSqhbnM1MvQ,det,0,0.0585938,0.552734,0.733214,true,WALK,Curb Cut,WALK,Curb,WALK,Curb Cut,floor_standin,0,0.114028,15.55,0
bend,kmEwK3ZUn80IJAPqjc4nnA,det,0,0.90918,0.599609,0.908077,true,WALK,Curb Cut,WALK,Curb Cut,WALK,Curb Cut,floor,3.48768,0.0400772,8.03552,0
bend,kmEwK3ZUn80IJAPqjc4nnA,det,1,0.0976562,0.568359,0.833021,true,WALK,Sidewalk,WALK,Sidewalk,WALK,Sidewalk,floor,0.0442347,-0.0820846,11.92,0
bend,lijNEguHL6T106ODEBcylQ,det,0,0.59668,0.662109,0.857794,true,WALK,Sidewalk,WALK,Sidewalk,WALK,Curb Cut,ground,1.56173,,4.65603,0
bend,mVwc04XB9DxuIb05ExnrdA,det,0,0.832031,0.568359,0.947834,true,WALK,Sidewalk,WALK,Sidewalk,WALK,Sidewalk,ground,0.425666,,11.92,0
bend,mVwc04XB9DxuIb05ExnrdA,det,1,0.925781,0.539062,0.734795,true,ROAD,Road,ROAD,Road,ROAD,Road,floor,0.833687,-0.0419922,21.0802,0
bend,mdQY8aMSdYrnHfHNXqj6GQ,missed,0,0.523838,0.528081,,unsure_missed,ROAD,Road,ROAD,Road,ROAD,Road,floor,2.67511,-0.00729929,29.3958,0
bend,mdQY8aMSdYrnHfHNXqj6GQ,missed,1,0.537911,0.520581,,unsure_missed,WALK,Sidewalk,ROAD,Road,WALK,Sidewalk,floor,3.37574,-0.156416,40.1558,0
bend,mdQY8aMSdYrnHfHNXqj6GQ,missed,2,0.548894,0.524656,,unsure_missed,WALK,Sidewalk,WALK,Sidewalk,WALK,Sidewalk,floor,2.67511,-0.0446679,33.4988,0
bend,mdQY8aMSdYrnHfHNXqj6GQ,missed,3,0.476364,0.532222,,missed,WALK,Curb,WALK,Curb,WALK,Sidewalk,ground,0.218503,,25.5965,0
bend,nd-z43_liOX80bmhO15urg,det,0,0.105469,0.539062,0.85226,true,WALK,Sidewalk,ROAD,Road,WALK,Sidewalk,floor_standin,0,0.556514,21.0802,0
bend,nd-z43_liOX80bmhO15urg,det,1,0.933594,0.552734,0.818673,true,WALK,Sidewalk,WALK,Sidewalk,WALK,Sidewalk,floor_standin,0,-0.0768528,15.55,0
bend,nd-z43_liOX80bmhO15urg,missed,0,0.0698569,0.520168,,unsure_missed,ROAD,Lane Marking - General,ROAD,Road,WALK,Curb,floor_standin,0,1.27591,40.9799,0
bend,nd-z43_liOX80bmhO15urg,missed,1,0.922909,0.536453,,missed,WALK,Crosswalk - Plain,ROAD,Road,WALK,Crosswalk - Plain,floor,0.59116,0.0204661,22.6043,0
bend,nd-z43_liOX80bmhO15urg,missed,2,0.965691,0.516662,,unsure_missed,WALK,Sidewalk,OBJECT,Pole,WALK,Sidewalk,floor_standin,0,1.29852,49.6248,0
bend,oKUCusv3jdVCLmevp-P3zw,det,0,0.550781,0.568359,0.795769,true,WALK,Sidewalk,WALK,Sidewalk,WALK,Sidewalk,floor,1.10553,-0.0140324,11.92,0
bend,oKUCusv3jdVCLmevp-P3zw,missed,0,0.560606,0.532929,,missed,ROAD,Road,ROAD,Road,ROAD,Road,floor,3.95607,-0.0175872,25.0431,0
bend,oKUCusv3jdVCLmevp-P3zw,missed,1,0.5,0.51596,,unsure_missed,ROAD,Road,ROAD,Road,ROAD,Road,floor,2.49944,0.049661,51.8129,0
bend,pIcQQrFa8_XDG7-VSRhAfQ,det,0,0.588867,0.615234,0.873752,true,WALK,Curb Cut,WALK,Curb Cut,WALK,Curb Cut,floor,2.86437,0.0647934,6.86541,0
bend,pIcQQrFa8_XDG7-VSRhAfQ,det,1,0.424805,0.585938,0.822144,true,WALK,Sidewalk,ROAD,Lane Marking - Crosswalk,WALK,Curb Cut,floor,0.444994,-0.111904,9.39519,0
bend,pIcQQrFa8_XDG7-VSRhAfQ,det,2,0.166992,0.539062,0.727909,unsure,WALK,Sidewalk,WALK,Sidewalk,WALK,Sidewalk,floor,0.444994,-0.306868,21.0802,0
bend,pIcQQrFa8_XDG7-VSRhAfQ,missed,0,0.289495,0.530909,,missed,WALK,Sidewalk,WALK,Sidewalk,WALK,Sidewalk,floor,0.728199,-0.039466,26.6913,0
bend,pIcQQrFa8_XDG7-VSRhAfQ,missed,1,0.332525,0.549091,,missed,ROAD,Lane Marking - Crosswalk,ROAD,Lane Marking - General,WALK,Curb Cut,floor,0.728199,0.0346519,16.7248,0
bend,qNYRurrxEhqZvO8GrwE9nA,det,0,0.0820312,0.552734,0.997778,true,WALK,Sidewalk,WALK,Sidewalk,WALK,Sidewalk,floor_standin,0,0.154824,15.55,0
bend,qNYRurrxEhqZvO8GrwE9nA,missed,0,0.0581818,0.535354,,missed,WALK,Curb Cut,ROAD,Road,ROAD,Road,floor_standin,0,0.405563,23.3131,0
bend,qNYRurrxEhqZvO8GrwE9nA,missed,1,0.0969697,0.541414,,unsure_missed,ROAD,Road,ROAD,Road,ROAD,Road,floor_standin,0,0.176285,19.8708,0
bend,qNYRurrxEhqZvO8GrwE9nA,missed,2,0.450909,0.532929,,unsure_missed,WALK,Sidewalk,WALK,Sidewalk,WALK,Sidewalk,floor,1.95184,0.0348394,25.0431,0
bend,qNYRurrxEhqZvO8GrwE9nA,missed,3,0.42528,0.52941,,unsure_missed,WALK,Sidewalk,WALK,Sidewalk,WALK,Sidewalk,floor,0.527119,0.0966699,28.0601,0
bend,qNYRurrxEhqZvO8GrwE9nA,missed,4,0.457523,0.516927,,unsure_missed,WALK,Curb Cut,WALK,Curb,WALK,Sidewalk,floor,2.98085,-0.0397461,48.8471,0
bend,rQtHh0Wai-D1FvbvqBlWdw,det,0,0.831055,0.632812,0.603718,true,WALK,Sidewalk,WALK,Sidewalk,WALK,Sidewalk,floor,1.23305,-0.0485465,5.86551,0
bend,rQtHh0Wai-D1FvbvqBlWdw,missed,0,0.318788,0.605657,,missed,WALK,Sidewalk,WALK,Sidewalk,WALK,Sidewalk,floor,1.44726,-0.21345,7.54317,0
bend,rQtHh0Wai-D1FvbvqBlWdw,missed,1,0.144848,0.554747,,unsure_missed,WALK,Sidewalk,WALK,Sidewalk,WALK,Sidewalk,floor,0.760018,0.138316,14.9674,0
bend,rQtHh0Wai-D1FvbvqBlWdw,missed,2,0.0121212,0.56202,,missed,WALK,Curb Cut,WALK,Sidewalk,WALK,Sidewalk,floor,0.760018,0.231592,13.1748,0
bend,rQtHh0Wai-D1FvbvqBlWdw,missed,3,0.993939,0.56202,,unsure_missed,WALK,Sidewalk,WALK,Sidewalk,WALK,Sidewalk,floor,0.760018,0.238708,13.1748,0
bend,rvwbAGgi-7mNlZHKSPC8WQ,det,0,0.519531,0.539062,0.978297,true,WALK,Sidewalk,WALK,Sidewalk,WALK,Curb Cut,floor,0.657897,0.00728098,21.0802,0
bend,rvwbAGgi-7mNlZHKSPC8WQ,det,1,0.441406,0.539062,0.942315,true,WALK,Sidewalk,WALK,Sidewalk,WALK,Sidewalk,floor_standin,0,0.779047,21.0802,0
bend,rxF0qBiSbOEnMR9wwxpjEw,det,0,0.113281,0.554688,0.972794,true,WALK,Sidewalk,WALK,Sidewalk,WALK,Sidewalk,ground,0.96975,,14.9842,0
bend,rxF0qBiSbOEnMR9wwxpjEw,det,1,0.0419922,0.554688,0.935661,true,WALK,Sidewalk,WALK,Sidewalk,WALK,Sidewalk,ground,0.96975,,14.9842,0
bend,rxF0qBiSbOEnMR9wwxpjEw,det,2,0.206055,0.583984,0.923889,true,WALK,Sidewalk,WALK,Sidewalk,WALK,Sidewalk,floor,2.66594,0.0389199,9.62455,0
bend,rxF0qBiSbOEnMR9wwxpjEw,det,3,0.307617,0.648438,0.923194,true,WALK,Curb Cut,WALK,Sidewalk,WALK,Curb Cut,floor,2.66594,0.0578518,5.16531,0
bend,rxF0qBiSbOEnMR9wwxpjEw,det,4,0.957031,0.552734,0.906556,true,WALK,Sidewalk,WALK,Sidewalk,WALK,Curb Cut,floor,0.771771,0.176648,15.55,0
bend,rxF0qBiSbOEnMR9wwxpjEw,det,5,0.683594,0.710938,0.657486,true,WALK,Curb Cut,WALK,Sidewalk,WALK,Curb Cut,floor,0.771771,0.0512381,3.33159,0
bend,s4e-NVzTyqcyZ6_5npv6Ow,det,0,0.44043,0.554688,0.957677,true,WALK,Sidewalk,WALK,Sidewalk,WALK,Sidewalk,floor_standin,0,0.0717985,14.9842,0
bend,s4e-NVzTyqcyZ6_5npv6Ow,det,1,0.362305,0.570312,0.906208,true,WALK,Sidewalk,WALK,Sidewalk,WALK,Sidewalk,floor,2.1313,-0.256665,11.5783,0
bend,sLysKXt4_iSuR_gUCdxe5g,det,0,0.300781,0.552734,0.716704,true,OTHER,Terrain,OTHER,Terrain,OTHER,Terrain,floor,11.3077,-0.526643,15.55,0
bend,tvNqBlxdm0rdkZgBOGVfog,det,0,0.144531,0.554688,0.713082,true,ROAD,Road,ROAD,Road,ROAD,Road,floor,1.471,0.00938528,14.9842,0
bend,tvNqBlxdm0rdkZgBOGVfog,det,1,0.0810547,0.539062,0.690698,true,WALK,Curb Cut,WALK,Curb,WALK,Curb Cut,floor_standin,0,0.201911,21.0802,0
bend,vX7HB8heH18fb_VkIUAagA,det,0,0.87793,0.568359,0.835871,true,WALK,Sidewalk,WALK,Sidewalk,WALK,Sidewalk,floor_standin,0,0.0217902,11.92,0
bend,vX7HB8heH18fb_VkIUAagA,missed,0,0.941212,0.535354,,unsure_missed,WALK,Sidewalk,WALK,Curb,WALK,Sidewalk,floor_standin,0,0.534826,23.3131,0
bend,vwNiakvhRASLUkJZwdRB4A,det,0,0.299805,0.599609,0.836239,true,WALK,Sidewalk,WALK,Sidewalk,WALK,Sidewalk,floor_standin,0,0.0774494,8.03552,0
bend,vwNiakvhRASLUkJZwdRB4A,det,1,0.675781,0.630859,0.647802,true,WALK,Sidewalk,WALK,Sidewalk,WALK,Sidewalk,floor,1.93128,0.127075,5.96402,0
bend,vwNiakvhRASLUkJZwdRB4A,missed,0,0.542424,0.540202,,unsure_missed,WALK,Sidewalk,WALK,Sidewalk,WALK,Sidewalk,floor,3.56365,0.118745,20.4766,0
bend,vwNiakvhRASLUkJZwdRB4A,missed,1,0.397576,0.552323,,unsure_missed,WALK,Sidewalk,WALK,Sidewalk,WALK,Sidewalk,floor_standin,0,0.291201,15.6745,0
bend,vwNiakvhRASLUkJZwdRB4A,missed,2,0.424242,0.551111,,unsure_missed,WALK,Curb Cut,ROAD,Road,WALK,Curb Cut,floor_standin,0,0.271588,16.0529,0
bend,wuFHDmC43ImDlZMS6-opJQ,missed,0,0.450505,0.528081,,unsure_missed,WALK,Sidewalk,WALK,Sidewalk,WALK,Sidewalk,ground,0.494956,,29.3958,0
bend,wuFHDmC43ImDlZMS6-opJQ,missed,1,0.521414,0.531717,,unsure_missed,WALK,Sidewalk,WALK,Sidewalk,WALK,Sidewalk,ground,0.494956,,26.0069,0
bend,wuFHDmC43ImDlZMS6-opJQ,missed,2,0.448537,0.518946,,unsure_missed,WALK,Curb Cut,WALK,Curb,WALK,Curb Cut,floor,0.684999,0.123346,43.6306,0
bend,wuFHDmC43ImDlZMS6-opJQ,missed,3,0.472177,0.516587,,unsure_missed,WALK,Curb,ROAD,Road,WALK,Curb,floor,0.684999,0.193023,49.8504,0
bend,wuFHDmC43ImDlZMS6-opJQ,missed,4,0.514212,0.517742,,unsure_missed,WALK,Sidewalk,WALK,Sidewalk,WALK,Sidewalk,floor,0.310274,0.0827967,46.5973,0
bend,wuFHDmC43ImDlZMS6-opJQ,missed,5,0.433768,0.52416,,unsure_missed,WALK,Sidewalk,WALK,Sidewalk,WALK,Sidewalk,ground,0.494956,,34.1889,0
bend,xKoseQiPNzFwaWfw9Rl6hg,det,0,0.948242,0.554688,0.728859,true,WALK,Curb Cut,WALK,Sidewalk,WALK,Curb Cut,floor,0.668225,-0.105467,14.9842,0
bend,xKoseQiPNzFwaWfw9Rl6hg,missed,0,0.0290909,0.549899,,unsure_missed,WALK,Curb Cut,WALK,Curb,WALK,Curb Cut,floor,0.668225,-0.00969846,16.4495,0
bend,xKoseQiPNzFwaWfw9Rl6hg,missed,1,0.0468536,0.532278,,unsure_missed,ROAD,Road,WALK,Sidewalk,ROAD,Road,floor,1.8591,0.0172187,25.5521,0
bend,xKoseQiPNzFwaWfw9Rl6hg,missed,2,0.0274471,0.527656,,unsure_missed,WALK,Curb Cut,WALK,Curb,WALK,Curb Cut,floor_standin,0,0.115153,29.8495,0
bend,xKoseQiPNzFwaWfw9Rl6hg,missed,3,0.918384,0.543535,,missed,WALK,Sidewalk,WALK,Sidewalk,WALK,Sidewalk,floor,1.99194,-0.102357,18.8913,0
bend,xU7xT5kREy_Jnq_vYaXc8w,det,0,0.839844,0.570312,0.932807,true,WALK,Curb Cut,WALK,Curb Cut,WALK,Curb Cut,floor_standin,0,0.120883,11.5783,0
bend,xU7xT5kREy_Jnq_vYaXc8w,det,1,0.261719,0.630859,0.908344,true,WALK,Curb Cut,WALK,Curb Cut,WALK,Curb Cut,ground,1.79526,,5.96402,0
bend,xU7xT5kREy_Jnq_vYaXc8w,det,2,0.738281,0.585938,0.856167,true,WALK,Curb Cut,ROAD,Lane Marking - Crosswalk,WALK,Curb Cut,floor_standin,0,0.0850528,9.39519,0
bend,xU7xT5kREy_Jnq_vYaXc8w,det,3,0.402344,0.537109,0.844358,true,WALK,Curb Cut,WALK,Sidewalk,WALK,Curb Cut,floor,2.56208,0.196594,22.2007,0
bend,xU7xT5kREy_Jnq_vYaXc8w,det,4,0.323242,0.554688,0.82121,true,WALK,Curb Cut,WALK,Sidewalk,WALK,Curb Cut,floor,2.56208,0.0584964,14.9842,0
bend,xU7xT5kREy_Jnq_vYaXc8w,det,5,0.729492,0.742188,0.686446,true,WALK,Sidewalk,WALK,Sidewalk,WALK,Curb Cut,floor,1.11592,0.00342249,2.73087,0
bend,yDV1n1O4f0QHWG869hAzbQ,det,0,0.0732422,0.539062,0.772458,true,ROAD,Lane Marking - Crosswalk,ROAD,Lane Marking - Crosswalk,ROAD,Lane Marking - Crosswalk,floor,1.79679,0.0759692,21.0802,0
bend,yDV1n1O4f0QHWG869hAzbQ,det,1,0.948242,0.539062,0.706006,true,WALK,Sidewalk,WALK,Sidewalk,WALK,Sidewalk,floor,0.723346,0.00544111,21.0802,0
bend,yDV1n1O4f0QHWG869hAzbQ,missed,0,0.030303,0.514747,,unsure_missed,WALK,Sidewalk,WALK,Sidewalk,WALK,Sidewalk,floor,2.37537,0.020439,56.0783,0
bend,yDV1n1O4f0QHWG869hAzbQ,missed,1,0.0454545,0.514747,,unsure_missed,WALK,Sidewalk,WALK,Sidewalk,WALK,Sidewalk,non_horizontal,89.4464,,56.0783,0
bend,yPUv9rk8acshJKXa9_jMag,det,0,0.0576172,0.537109,0.744977,true,WALK,Curb,WALK,Curb,WALK,Curb,floor_standin,0,0.191072,22.2007,0
bend,yPUv9rk8acshJKXa9_jMag,det,1,0.160156,0.570312,0.734708,true,WALK,Sidewalk,WALK,Sidewalk,WALK,Sidewalk,floor,1.22828,0.0195491,11.5783,0
bend,yuwkp3XCUwSbB8q7Og99GQ,det,0,0.885742,0.599609,0.915721,true,WALK,Curb Cut,WALK,Curb Cut,WALK,Curb Cut,floor,0.408304,-0.0507827,8.03552,0
bend,yuwkp3XCUwSbB8q7Og99GQ,det,1,0.112305,0.568359,0.876833,true,WALK,Sidewalk,WALK,Sidewalk,WALK,Sidewalk,floor,0.820915,0.0742458,11.92,0
bend,zcVgeJb6FkDw1z__YhM1tg,det,0,0.893555,0.554688,0.88116,true,ROAD,Catch Basin,ROAD,Catch Basin,ROAD,Catch Basin,floor,5.60151,0.119545,14.9842,0
bend,zcVgeJb6FkDw1z__YhM1tg,det,1,0.393555,0.539062,0.655625,true,WALK,Sidewalk,WALK,Sidewalk,WALK,Sidewalk,floor_standin,0,0.163812,21.0802,0
bend,zcVgeJb6FkDw1z__YhM1tg,missed,0,0.632121,0.629899,,unsure_missed,WALK,Curb Cut,STRUCTURE,Wall,WALK,Curb Cut,floor,4.0717,0.0565453,6.01348,0
bend,zcVgeJb6FkDw1z__YhM1tg,missed,1,0.949091,0.530505,,unsure_missed,WALK,Sidewalk,WALK,Sidewalk,WALK,Sidewalk,floor,3.6056,0.038795,27.047,0
paterson,0-zmUwLwl5ENJgqxheDklQ,det,0,0.925781,0.583984,0.912294,true,WALK,Sidewalk,WALK,Sidewalk,WALK,Sidewalk,ground,1.19255,,9.62455,0
paterson,0-zmUwLwl5ENJgqxheDklQ,det,1,0.12793,0.570312,0.710148,true,WALK,Curb Cut,WALK,Sidewalk,WALK,Curb Cut,floor_standin,0,0.234274,11.5783,0
paterson,0-zmUwLwl5ENJgqxheDklQ,det,2,0.964844,0.523438,0.569982,true,WALK,Sidewalk,WALK,Sidewalk,WALK,Sidewalk,floor,1.4571,-0.135708,35.2473,0
paterson,0-zmUwLwl5ENJgqxheDklQ,det,3,0.0585938,0.537109,0.567226,true,ROAD,Road,ROAD,Road,ROAD,Road,floor,2.74424,-0.136296,22.2007,0
paterson,0-zmUwLwl5ENJgqxheDklQ,missed,0,0.125394,0.588422,,missed,WALK,Curb Cut,WALK,Curb Cut,WALK,Curb Cut,floor_standin,0,0.124355,9.11778,0
paterson,0-zmUwLwl5ENJgqxheDklQ,missed,1,0.0494109,0.531041,,unsure_missed,WALK,Sidewalk,WALK,Sidewalk,WALK,Sidewalk,floor,5.26879,-0.0315612,26.5771,0
paterson,0-zmUwLwl5ENJgqxheDklQ,missed,2,0.917678,0.568847,,missed,WALK,Crosswalk - Plain,WALK,Crosswalk - Plain,WALK,Curb Cut,ground,1.19255,,11.8329,0
paterson,0-zmUwLwl5ENJgqxheDklQ,missed,3,0.975817,0.528078,,unsure_missed,WALK,Sidewalk,WALK,Curb Cut,WALK,Curb Cut,floor,1.4571,-0.226767,29.3989,0
paterson,0Drku25sOlOlWGiVf7uetw,det,0,0.542969,0.554688,0.925599,true,OTHER,Terrain,OTHER,Terrain,OTHER,Terrain,floor_standin,0,0.48551,14.9842,0
paterson,0Drku25sOlOlWGiVf7uetw,det,1,0.15918,0.583984,0.897758,true,WALK,Curb Cut,WALK,Curb Cut,WALK,Curb Cut,ground,2.37273,,9.62455,0
paterson,0Drku25sOlOlWGiVf7uetw,det,2,0.566406,0.568359,0.887648,true,WALK,Curb Cut,WALK,Sidewalk,WALK,Sidewalk,floor_standin,0,0.346079,11.92,0
paterson,0Drku25sOlOlWGiVf7uetw,det,3,0.863281,0.601562,0.875872,true,WALK,Sidewalk,WALK,Sidewalk,WALK,Sidewalk,floor,1.94652,-0.0854388,7.87031,0
paterson,0Drku25sOlOlWGiVf7uetw,det,4,0.182617,0.583984,0.869027,true,ROAD,Road,WALK,Curb Cut,ROAD,Road,ground,2.37273,,9.62455,0
paterson,0Drku25sOlOlWGiVf7uetw,det,5,0.401367,0.554688,0.831325,true,WALK,Sidewalk,WALK,Sidewalk,WALK,Sidewalk,floor_standin,0,0.371695,14.9842,0
paterson,0Drku25sOlOlWGiVf7uetw,det,6,0.894531,0.601562,0.77164,true,WALK,Sidewalk,WALK,Curb Cut,WALK,Sidewalk,ground,2.37273,,7.87031,0
paterson,0Drku25sOlOlWGiVf7uetw,det,7,0.416992,0.568359,0.691888,true,ROAD,Road,ROAD,Road,ROAD,Road,floor_standin,0,0.302911,11.92,0
paterson,0fCPhcB0ZF3dHQ7nEIWABA,det,0,0.980469,0.554688,0.914233,true,WALK,Sidewalk,WALK,Sidewalk,WALK,Sidewalk,floor,2.19473,0.0321898,14.9842,0
paterson,0fCPhcB0ZF3dHQ7nEIWABA,det,1,0.291992,0.583984,0.911496,true,WALK,Sidewalk,WALK,Sidewalk,ROAD,Manhole,floor,1.84833,0.135446,9.62455,0
paterson,0s94i47Wdggc9cHmBjEe8w,det,0,0.0888672,0.554688,0.880589,true,WALK,Sidewalk,WALK,Sidewalk,WALK,Sidewalk,floor_standin,0,,14.9842,0
paterson,0s94i47Wdggc9cHmBjEe8w,det,1,0.933594,0.554688,0.878618,true,ROAD,Road,WALK,Sidewalk,ROAD,Road,floor,2.42059,-0.174583,14.9842,0
paterson,0s94i47Wdggc9cHmBjEe8w,det,2,0.0498047,0.523438,0.558731,true,STRUCTURE,Building,STRUCTURE,Building,STRUCTURE,Building,floor_standin,0,0.0514311,35.2473,0
paterson,0s94i47Wdggc9cHmBjEe8w,det,3,0.97168,0.523438,0.316865,band_0p30,WALK,Sidewalk,WALK,Sidewalk,WALK,Sidewalk,floor,4.65997,0.126162,35.2473,0
paterson,0s94i47Wdggc9cHmBjEe8w,missed,0,0.083623,0.566855,,missed,WALK,Curb Cut,WALK,Sidewalk,WALK,Curb Cut,floor_standin,0,,12.1966,0
paterson,0s94i47Wdggc9cHmBjEe8w,missed,1,0.936006,0.569328,,missed,WALK,Sidewalk,WALK,Sidewalk,WALK,Sidewalk,floor,4.80367,0.194719,11.7482,0
paterson,0s94i47Wdggc9cHmBjEe8w,missed,2,0.963358,0.52879,,missed,WALK,Sidewalk,WALK,Sidewalk,WALK,Sidewalk,floor,2.42059,-0.310882,28.6682,0
paterson,0s94i47Wdggc9cHmBjEe8w,missed,3,0.973672,0.527481,,missed,WALK,Sidewalk,WALK,Sidewalk,WALK,Sidewalk,floor,2.42059,-0.248908,30.0405,0
paterson,0uNeulmg68uHO_WKDIuqZw,det,0,0.28418,0.630859,0.915284,true,WALK,Sidewalk,WALK,Sidewalk,WALK,Curb Cut,ground,0.887132,,5.96402,0
paterson,0uNeulmg68uHO_WKDIuqZw,det,1,0.487305,0.554688,0.376863,band_0p30,WALK,Sidewalk,WALK,Sidewalk,WALK,Sidewalk,floor,0.989129,-0.0780581,14.9842,0
paterson,0uNeulmg68uHO_WKDIuqZw,det,2,0.854492,0.599609,0.318901,band_0p30,OBJECT,Car,OBJECT,Car,OBJECT,Car,floor,2.85629,0.0435699,8.03552,0
paterson,1FJQJxlHdC_TzHOH9ynMFw,det,0,0.549805,0.523438,0.846017,true,OBJECT,Person,OBJECT,Bicycle,OBJECT,Person,floor,1.14535,0.0551443,35.2473,0
paterson,1FJQJxlHdC_TzHOH9ynMFw,det,1,0.699219,0.615234,0.807078,true,WALK,Curb Cut,WALK,Curb Cut,WALK,Curb Cut,floor,1.14535,0.0140089,6.86541,0
paterson,1FJQJxlHdC_TzHOH9ynMFw,det,2,0.28418,0.554688,0.798622,true,WALK,Sidewalk,WALK,Sidewalk,WALK,Curb Cut,floor,0.846035,-0.026602,14.9842,0
paterson,1FJQJxlHdC_TzHOH9ynMFw,det,3,0.416992,0.523438,0.769399,true,WALK,Sidewalk,WALK,Sidewalk,WALK,Sidewalk,floor,0.846035,-0.132825,35.2473,0
paterson,1FJQJxlHdC_TzHOH9ynMFw,missed,0,0.266664,0.568712,,missed,WALK,Sidewalk,WALK,Sidewalk,WALK,Curb Cut,floor,0.846035,-0.0100974,11.857,0
paterson,1FJQJxlHdC_TzHOH9ynMFw,missed,1,0.409638,0.526919,,missed,WALK,Sidewalk,WALK,Sidewalk,WALK,Sidewalk,floor,0.846035,-0.115159,30.6707,0
paterson,1FJQJxlHdC_TzHOH9ynMFw,missed,2,0.538544,0.527109,,missed,WALK,Sidewalk,WALK,Sidewalk,WALK,Sidewalk,floor,1.14535,0.0349083,30.4545,0
paterson,1FJQJxlHdC_TzHOH9ynMFw,missed,3,0.677172,0.584747,,missed,WALK,Sidewalk,WALK,Sidewalk,WALK,Sidewalk,floor,3.02705,0.0316655,9.53371,0
paterson,21Gw_VuYrSK42PCF32UGUw,det,0,0.535156,0.539062,0.903849,true,WALK,Sidewalk,WALK,Sidewalk,WALK,Sidewalk,floor,1.09361,0.170049,21.0802,0
paterson,21Gw_VuYrSK42PCF32UGUw,det,1,0.69043,0.599609,0.864258,true,WALK,Sidewalk,WALK,Sidewalk,WALK,Sidewalk,floor,1.09361,0.0708009,8.03552,0
paterson,21Gw_VuYrSK42PCF32UGUw,det,2,0.713867,0.615234,0.821492,true,WALK,Sidewalk,WALK,Curb Cut,WALK,Sidewalk,floor,1.09361,0.0513637,6.86541,0
paterson,21Gw_VuYrSK42PCF32UGUw,det,3,0.378906,0.523438,0.775713,true,OTHER,Terrain,OTHER,Terrain,OTHER,Terrain,floor,0.336882,0.0874947,35.2473,0
paterson,21Gw_VuYrSK42PCF32UGUw,det,4,0.253906,0.568359,0.738812,true,WALK,Sidewalk,WALK,Curb Cut,WALK,Sidewalk,ground,0.20463,,11.92,0
paterson,21Gw_VuYrSK42PCF32UGUw,det,5,0.238281,0.568359,0.720657,true,WALK,Sidewalk,WALK,Curb Cut,WALK,Sidewalk,ground,0.20463,,11.92,0
paterson,21Gw_VuYrSK42PCF32UGUw,missed,0,0.38771,0.532937,,missed,WALK,Curb Cut,WALK,Sidewalk,WALK,Sidewalk,ground,0.20463,,25.0375,0
paterson,21Gw_VuYrSK42PCF32UGUw,missed,1,0.544412,0.540386,,missed,WALK,Sidewalk,WALK,Curb,WALK,Sidewalk,floor,1.09361,0.17312,20.3824,0
paterson,2lovLRC7Pv6S94tMW3mDug,det,0,0.441406,0.507812,0.967371,true,OTHER,Terrain,WALK,Sidewalk,WALK,Sidewalk,floor,4.78098,0.0662506,105.912,0
paterson,2lovLRC7Pv6S94tMW3mDug,det,1,0.31543,0.570312,0.895549,true,WALK,Sidewalk,WALK,Sidewalk,WALK,Curb Cut,floor,2.28122,0.0921883,11.5783,0
paterson,2lovLRC7Pv6S94tMW3mDug,det,2,0.667969,0.585938,0.87488,true,WALK,Sidewalk,WALK,Sidewalk,WALK,Curb Cut,ground,1.15504,,9.39519,0
paterson,2lovLRC7Pv6S94tMW3mDug,det,3,0.549805,0.507812,0.845814,true,STRUCTURE,Wall,STRUCTURE,Fence,STRUCTURE,Wall,horizontal_nonfloor,11.4421,,105.912,0
paterson,2lovLRC7Pv6S94tMW3mDug,missed,0,0.323178,0.558149,,missed,WALK,Sidewalk,WALK,Sidewalk,WALK,Sidewalk,floor,2.28122,0.120022,14.0739,0
paterson,2lovLRC7Pv6S94tMW3mDug,missed,1,0.433414,0.513805,,missed,WALK,Sidewalk,WALK,Sidewalk,WALK,Sidewalk,floor,3.24631,0.214678,59.914,0
paterson,2lovLRC7Pv6S94tMW3mDug,missed,2,0.539194,0.512993,,missed,WALK,Sidewalk,WALK,Sidewalk,WALK,Sidewalk,floor,3.24631,0.240785,63.6627,0
paterson,2lovLRC7Pv6S94tMW3mDug,missed,3,0.656202,0.567951,,missed,WALK,Sidewalk,WALK,Sidewalk,WALK,Sidewalk,ground,1.15504,,11.9938,0
paterson,3BTAarqIRrxbpFHUFJhtSQ,det,0,0.152344,0.552734,0.864085,true,WALK,Sidewalk,WALK,Curb Cut,WALK,Curb Cut,floor,1.41361,-0.107074,15.55,0
paterson,3BTAarqIRrxbpFHUFJhtSQ,det,1,0.457031,0.552734,0.796938,true,WALK,Curb Cut,WALK,Curb,WALK,Curb Cut,floor,1.0911,-0.0797026,15.55,0
paterson,3BTAarqIRrxbpFHUFJhtSQ,det,2,0.277344,0.537109,0.559703,unsure,ROAD,Road,ROAD,Road,ROAD,Road,ground,0.820676,,22.2007,0
paterson,3BTAarqIRrxbpFHUFJhtSQ,det,3,0.72168,0.679688,0.396793,band_0p30,WALK,Curb Cut,WALK,Curb Cut,WALK,Curb Cut,ground,0.820676,,4.10585,0
paterson,3BTAarqIRrxbpFHUFJhtSQ,missed,0,0.441714,0.54725,,missed,WALK,Curb Cut,WALK,Curb,WALK,Curb Cut,floor,0.634582,0.000489865,17.3866,0
paterson,3BTAarqIRrxbpFHUFJhtSQ,missed,1,0.703838,0.694647,,missed,WALK,Curb Cut,WALK,Curb Cut,WALK,Curb Cut,ground,0.820676,,3.70817,0
paterson,3Tw1W-lv133l2efDeoEAYQ,det,0,0.416992,0.523438,0.886943,true,ROAD,Road,ROAD,Lane Marking - General,ROAD,Road,floor,4.20002,0.190925,35.2473,0
paterson,3Tw1W-lv133l2efDeoEAYQ,det,1,0.535156,0.523438,0.80237,true,ROAD,Lane Marking - Crosswalk,ROAD,Lane Marking - Crosswalk,ROAD,Lane Marking - Crosswalk,floor,1.49331,-0.0765786,35.2473,0
paterson,3Tw1W-lv133l2efDeoEAYQ,missed,0,0.448663,0.514793,,missed,WALK,Sidewalk,WALK,Sidewalk,WALK,Sidewalk,floor,0.755629,-0.284037,55.9058,0
paterson,3Tw1W-lv133l2efDeoEAYQ,missed,1,0.461346,0.513341,,unsure_missed,WALK,Sidewalk,WALK,Sidewalk,WALK,Sidewalk,floor,1.49331,-0.340316,61.9995,0
paterson,3Tw1W-lv133l2efDeoEAYQ,missed,2,0.513397,0.510305,,unsure_missed,OTHER,Terrain,ROAD,Road,OTHER,Terrain,floor,3.59134,-0.143925,80.2852,0
paterson,3Tw1W-lv133l2efDeoEAYQ,missed,3,0.522193,0.510392,,missed,WALK,Sidewalk,OTHER,Terrain,WALK,Sidewalk,floor,3.59134,-0.166329,79.6112,0
paterson,3Tw1W-lv133l2efDeoEAYQ,missed,4,0.543495,0.52467,,unsure_missed,ROAD,Lane Marking - Crosswalk,ROAD,Lane Marking - General,ROAD,Road,floor,1.49331,0.00646435,33.4795,0
paterson,3dq9TqRXzopD0yvztHg8rg,det,0,0.988281,0.523438,0.918965,true,WALK,Sidewalk,WALK,Sidewalk,WALK,Sidewalk,floor,1.31997,0.334358,35.2473,0
paterson,3dq9TqRXzopD0yvztHg8rg,det,1,0.933594,0.599609,0.857847,true,WALK,Curb Cut,WALK,Sidewalk,WALK,Curb Cut,floor,1.48174,-0.0925475,8.03552,0
paterson,3dq9TqRXzopD0yvztHg8rg,det,2,0.166992,0.568359,0.842011,true,WALK,Sidewalk,WALK,Sidewalk,WALK,Sidewalk,floor,0.0791294,-0.0602947,11.92,0
paterson,3dq9TqRXzopD0yvztHg8rg,missed,0,0.158568,0.55874,,missed,WALK,Curb Cut,WALK,Sidewalk,WALK,Curb Cut,floor,0.0791294,-0.0808711,13.9291,0
paterson,3dq9TqRXzopD0yvztHg8rg,missed,1,0.937909,0.579157,,missed,WALK,Curb Cut,WALK,Curb Cut,WALK,Curb Cut,floor,1.31997,-0.0270441,10.2388,0
paterson,3dq9TqRXzopD0yvztHg8rg,missed,2,0.997933,0.528875,,missed,WALK,Sidewalk,WALK,Sidewalk,WALK,Sidewalk,floor,1.31997,0.291754,28.5834,0
paterson,4cXVf74zyKLTQLiQtBObww,det,0,0.0507812,0.537109,0.823223,true,WALK,Curb Cut,WALK,Curb Cut,WALK,Curb Cut,floor,1.03571,-0.265348,22.2007,0
paterson,4cXVf74zyKLTQLiQtBObww,det,1,0.174805,0.523438,0.782205,true,WALK,Sidewalk,ROAD,Lane Marking - Crosswalk,WALK,Sidewalk,floor,1.03571,-0.105633,35.2473,0
paterson,4cXVf74zyKLTQLiQtBObww,det,2,0.831055,0.617188,0.684217,true,WALK,Curb Cut,WALK,Sidewalk,WALK,Curb Cut,floor,1.28588,0.000607184,6.74025,0
paterson,4cXVf74zyKLTQLiQtBObww,det,3,0.785156,0.646484,0.440729,band_0p30,WALK,Curb Cut,WALK,Curb Cut,WALK,Curb Cut,floor,1.28588,-0.0380953,5.24521,0
paterson,4cXVf74zyKLTQLiQtBObww,missed,0,0.0582171,0.531364,,missed,WALK,Sidewalk,WALK,Curb Cut,WALK,Sidewalk,floor,1.03571,-0.308271,26.302,0
paterson,4cXVf74zyKLTQLiQtBObww,missed,1,0.184778,0.524323,,missed,WALK,Sidewalk,ROAD,Lane Marking - Crosswalk,WALK,Curb Cut,floor,1.03571,-0.0716436,33.9596,0
paterson,4cXVf74zyKLTQLiQtBObww,missed,2,0.786551,0.645189,,missed,WALK,Curb Cut,WALK,Curb Cut,WALK,Curb Cut,floor,1.28588,-0.0365994,5.29929,0
paterson,5M-GzTlVe-lrOqHmypJqTA,det,0,0.542969,0.537109,0.715961,true,OBJECT,Pole,OBJECT,Pole,OBJECT,Pole,floor,0.624323,-0.260813,22.2007,0
paterson,5M-GzTlVe-lrOqHmypJqTA,det,1,0.425781,0.537109,0.457702,band_0p30,WALK,Sidewalk,OBJECT,Car,WALK,Sidewalk,floor_standin,0,-0.0607016,22.2007,0
paterson,5M-GzTlVe-lrOqHmypJqTA,missed,0,0.430189,0.536328,,unsure_missed,WALK,Sidewalk,OBJECT,Car,WALK,Sidewalk,floor_standin,0,-0.0818674,22.6822,0
paterson,5PJhqjhMTDTN_54DwP35Xw,det,0,0.0585938,0.552734,0.702419,true,WALK,Curb Cut,WALK,Sidewalk,WALK,Sidewalk,floor_standin,0,0.120522,15.55,0
paterson,5PJhqjhMTDTN_54DwP35Xw,missed,0,0.038712,0.534706,,unsure_missed,WALK,Curb Cut,WALK,Curb Cut,WALK,Curb Cut,floor_standin,0,0.303216,23.7519,0
paterson,60amgEGA1TEcbtRBTtxUTg,det,0,0.53418,0.523438,0.916808,true,WALK,Sidewalk,WALK,Sidewalk,WALK,Sidewalk,floor,2.75349,-0.642272,35.2473,0
paterson,60amgEGA1TEcbtRBTtxUTg,det,1,0.56543,0.570312,0.818677,true,WALK,Sidewalk,WALK,Curb Cut,WALK,Sidewalk,floor,4.39302,0.049396,11.5783,0
paterson,75T9ZXImSNQMpkN794zWRQ,det,0,0.238281,0.570312,0.794571,unsure,WALK,Sidewalk,WALK,Sidewalk,WALK,Sidewalk,ground,3.01844,,11.5783,0
paterson,7ZSHYN4Na-esoxvqvTzjwQ,det,0,0.0507812,0.539062,0.910455,true,WALK,Sidewalk,WALK,Sidewalk,WALK,Sidewalk,floor_standin,0,0.138195,21.0802,0
paterson,7ZSHYN4Na-esoxvqvTzjwQ,det,1,0.949219,0.554688,0.90463,true,WALK,Curb Cut,WALK,Curb Cut,WALK,Curb Cut,floor_standin,0,0.0575674,14.9842,0
paterson,7ZSHYN4Na-esoxvqvTzjwQ,det,2,0.182617,0.630859,0.903511,true,WALK,Sidewalk,WALK,Sidewalk,WALK,Sidewalk,floor,2.63091,-0.0281223,5.96402,0
paterson,7ZSHYN4Na-esoxvqvTzjwQ,det,3,0.838867,0.630859,0.834527,true,WALK,Sidewalk,WALK,Sidewalk,WALK,Curb Cut,floor_standin,0,0.0994386,5.96402,0
paterson,7ZSHYN4Na-esoxvqvTzjwQ,missed,0,0.848296,0.60778,,missed,WALK,Sidewalk,WALK,Sidewalk,WALK,Sidewalk,floor_standin,0,0.202248,7.38291,0
paterson,7ZSHYN4Na-esoxvqvTzjwQ,missed,1,0.966801,0.550583,,missed,WALK,Sidewalk,WALK,Sidewalk,WALK,Sidewalk,floor_standin,0,0.0307862,16.2235,0
paterson,80E3CRwZRxGtczZCQX3JNg,det,0,0.549805,0.554688,0.893112,true,WALK,Curb Cut,WALK,Sidewalk,WALK,Sidewalk,ground,1.51852,,14.9842,0
paterson,8_b_fPkaKLKL1NpmMe3OMQ,det,0,0.964844,0.552734,0.558856,unsure,WALK,Sidewalk,WALK,Sidewalk,WALK,Sidewalk,floor,0.200769,0.00543495,15.55,0
paterson,8_b_fPkaKLKL1NpmMe3OMQ,missed,0,0.0397475,0.521115,,missed,WALK,Sidewalk,WALK,Sidewalk,WALK,Sidewalk,floor,1.61519,-0.0134201,39.1382,0
paterson,8_b_fPkaKLKL1NpmMe3OMQ,missed,1,0.0529414,0.532763,,unsure_missed,WALK,Sidewalk,WALK,Sidewalk,WALK,Sidewalk,floor,1.25383,-0.0025085,25.1715,0
paterson,9AZrydWz7yu5OFJmBXIzDg,det,0,0.526367,0.521484,1.03462,true,WALK,Sidewalk,WALK,Sidewalk,WALK,Sidewalk,floor,1.08787,0.406552,38.4628,0
paterson,9AZrydWz7yu5OFJmBXIzDg,det,1,0.808594,0.601562,0.952168,true,WALK,Curb Cut,WALK,Curb Cut,WALK,Curb Cut,ground,0.73887,,7.87031,0
paterson,9AZrydWz7yu5OFJmBXIzDg,det,2,0.355469,0.554688,0.922789,true,WALK,Sidewalk,WALK,Sidewalk,WALK,Curb Cut,floor,1.08787,0.00847333,14.9842,0
paterson,AYBFFp06z_3m70ETRK2Jtw,det,0,0.112305,0.552734,0.730501,true,WALK,Sidewalk,WALK,Sidewalk,WALK,Sidewalk,floor,1.71726,0.00770485,15.55,0
paterson,AYBFFp06z_3m70ETRK2Jtw,missed,0,0.295744,0.567426,,missed,WALK,Sidewalk,WALK,Sidewalk,WALK,Sidewalk,ground,3.68616,,12.0902,0
paterson,AhV3GKVFnENcHwhG45WN2g,det,0,0.237305,0.615234,0.91618,true,WALK,Sidewalk,WALK,Curb Cut,WALK,Sidewalk,floor,1.2921,-0.0318998,6.86541,0
paterson,AhV3GKVFnENcHwhG45WN2g,det,1,0.56543,0.552734,0.901645,true,WALK,Curb,WALK,Sidewalk,WALK,Curb,floor,1.63051,-0.111498,15.55,0
paterson,AhV3GKVFnENcHwhG45WN2g,det,2,0.277344,0.599609,0.875565,true,OBJECT,Utility Pole,OBJECT,Utility Pole,OBJECT,Utility Pole,floor,1.2921,-0.0392154,8.03552,0
paterson,AhV3GKVFnENcHwhG45WN2g,det,3,0.62793,0.539062,0.867046,true,WALK,Sidewalk,WALK,Sidewalk,WALK,Sidewalk,floor,0.533025,-0.0370578,21.0802,0
paterson,AhV3GKVFnENcHwhG45WN2g,det,4,0.769531,0.615234,0.862787,true,WALK,Sidewalk,WALK,Sidewalk,WALK,Sidewalk,floor,6.78024,-0.0233786,6.86541,0
paterson,AhV3GKVFnENcHwhG45WN2g,det,5,0.44043,0.552734,0.832867,duplicate,ROAD,Lane Marking - General,ROAD,Road,ROAD,Lane Marking - General,floor,0.794508,0.0751178,15.55,0
paterson,AhV3GKVFnENcHwhG45WN2g,det,6,0.589844,0.554688,0.768555,unsure,WALK,Curb,WALK,Curb Cut,WALK,Curb,floor,1.63051,-0.0876024,14.9842,0
paterson,AhV3GKVFnENcHwhG45WN2g,det,7,0.410156,0.552734,0.692441,true,WALK,Crosswalk - Plain,WALK,Curb Cut,WALK,Crosswalk - Plain,floor,1.933,0.0589392,15.55,0
paterson,AhV3GKVFnENcHwhG45WN2g,det,8,0.479492,0.539062,0.615998,false,ROAD,Road,ROAD,Road,ROAD,Road,floor,1.933,0.093767,21.0802,0
paterson,AhV3GKVFnENcHwhG45WN2g,det,9,0.745117,0.554688,0.582836,true,WALK,Sidewalk,OBJECT,Pole,WALK,Sidewalk,floor,1.49606,0.165337,14.9842,0
paterson,BjV06xLkvfHDCTJMA5WK6Q,det,0,0.105469,0.539062,0.891351,true,ROAD,Road,WALK,Sidewalk,WALK,Crosswalk - Plain,floor,1.60985,0.557793,21.0802,0
paterson,BjV06xLkvfHDCTJMA5WK6Q,det,1,0.957031,0.523438,0.54494,band_0p30,OTHER,Terrain,OTHER,Terrain,OTHER,Terrain,floor,3.36668,-0.27013,35.2473,0
paterson,BjV06xLkvfHDCTJMA5WK6Q,missed,0,0.0587949,0.527105,,missed,WALK,Sidewalk,WALK,Curb Cut,WALK,Curb Cut,floor,0.676375,0.730689,30.4595,0
paterson,BvnpSlTjHxKyBiX5tQ02Mg,det,0,0.948242,0.568359,0.994418,true,WALK,Sidewalk,WALK,Sidewalk,WALK,Sidewalk,ground,0.906118,,11.92,0
paterson,BvnpSlTjHxKyBiX5tQ02Mg,det,1,0.893555,0.570312,0.94043,true,WALK,Sidewalk,WALK,Sidewalk,WALK,Sidewalk,floor,1.3663,0.0127172,11.5783,0
paterson,BvnpSlTjHxKyBiX5tQ02Mg,det,2,0.291992,0.568359,0.932273,true,WALK,Curb Cut,WALK,Curb Cut,WALK,Curb Cut,ground,0.906118,,11.92,0
paterson,BvnpSlTjHxKyBiX5tQ02Mg,det,3,0.698242,0.615234,0.823201,true,WALK,Sidewalk,WALK,Sidewalk,WALK,Curb Cut,floor,0.463938,0.0517252,6.86541,0
paterson,BvnpSlTjHxKyBiX5tQ02Mg,det,4,0.666992,0.617188,0.723255,true,WALK,Sidewalk,WALK,Sidewalk,WALK,Sidewalk,floor,0.463938,0.0466169,6.74025,0
paterson,BwpJfUUUcWanSPtttY4KJw,det,0,0.556641,0.521484,1.00277,true,OTHER,Terrain,OTHER,Terrain,OTHER,Terrain,floor,4.31965,0.162432,38.4628,0
paterson,BwpJfUUUcWanSPtttY4KJw,det,1,0.40918,0.537109,0.920263,true,WALK,Sidewalk,WALK,Sidewalk,WALK,Sidewalk,floor,1.86551,0.0999596,22.2007,0
paterson,BwpJfUUUcWanSPtttY4KJw,det,2,0.246094,0.583984,0.910458,true,WALK,Curb Cut,WALK,Curb Cut,WALK,Curb Cut,floor,1.86551,0.116841,9.62455,0
paterson,BwpJfUUUcWanSPtttY4KJw,det,3,0.706055,0.601562,0.899831,true,WALK,Curb Cut,WALK,Curb Cut,WALK,Curb Cut,floor,1.9031,0.0330166,7.87031,0
paterson,BwpJfUUUcWanSPtttY4KJw,det,4,0.276367,0.568359,0.881607,true,WALK,Curb Cut,WALK,Curb Cut,WALK,Curb Cut,floor,1.86551,0.156222,11.92,0
paterson,BwpJfUUUcWanSPtttY4KJw,det,5,0.53418,0.523438,0.784665,true,WALK,Sidewalk,WALK,Sidewalk,WALK,Sidewalk,floor,4.31965,0.117324,35.2473,0
paterson,BwpJfUUUcWanSPtttY4KJw,det,6,0.761719,0.648438,0.694885,true,WALK,Curb Cut,WALK,Curb Cut,WALK,Curb Cut,ground,1.66236,,5.16531,0
paterson,BwpJfUUUcWanSPtttY4KJw,missed,0,0.426667,0.537879,,missed,WALK,Curb Cut,WALK,Sidewalk,WALK,Curb Cut,floor,2.03278,0.0738413,21.7456,0
paterson,C-d-iXNcQ_LYqEup9COaOA,det,0,0.0742188,0.537109,0.738033,true,WALK,Sidewalk,WALK,Sidewalk,WALK,Sidewalk,floor,0.709967,0.109175,22.2007,0
paterson,C-d-iXNcQ_LYqEup9COaOA,det,1,0.0429688,0.523438,0.332904,band_0p30,WALK,Curb Cut,ROAD,Road,WALK,Curb Cut,floor,0.709967,0.820983,35.2473,0
paterson,C-d-iXNcQ_LYqEup9COaOA,missed,0,0.0400189,0.522944,,missed,WALK,Sidewalk,WALK,Sidewalk,WALK,Sidewalk,floor,0.709967,0.872192,36.008,0
paterson,DjvAQ4p-Q78PR-6ohIs5kA,det,0,0.15918,0.568359,0.983872,true,WALK,Sidewalk,WALK,Sidewalk,WALK,Sidewalk,floor,1.04922,0.000378799,11.92,0
paterson,DjvAQ4p-Q78PR-6ohIs5kA,det,1,0.0820312,0.539062,0.838625,true,WALK,Curb Cut,ROAD,Road,WALK,Curb Cut,floor,1.39704,-0.0732254,21.0802,0
paterson,DjvAQ4p-Q78PR-6ohIs5kA,det,2,0.963867,0.521484,0.738634,true,ROAD,Road,WALK,Curb Cut,ROAD,Road,floor,2.92897,-0.0854657,38.4628,0
paterson,DjvAQ4p-Q78PR-6ohIs5kA,det,3,0.0664062,0.537109,0.734802,true,WALK,Curb Cut,WALK,Curb Cut,ROAD,Road,floor,2.82099,0.0066678,22.2007,0
paterson,EIUNEZz3tbipOJ72-2dQzg,det,0,0.956055,0.539062,0.859065,true,WALK,Sidewalk,WALK,Sidewalk,WALK,Sidewalk,floor,3.55518,0.181186,21.0802,0
paterson,EIUNEZz3tbipOJ72-2dQzg,missed,0,0.911698,0.587303,,missed,ROAD,Road,ROAD,Road,ROAD,Road,floor,3.55518,0.0130963,9.24076,0
paterson,G7_klPoeLoxXAdoW6affDA,det,0,0.831055,0.599609,0.909887,true,WALK,Sidewalk,WALK,Sidewalk,WALK,Curb Cut,floor,5.14769,0.0462878,8.03552,0
paterson,G7_klPoeLoxXAdoW6affDA,det,1,0.214844,0.568359,0.908867,true,WALK,Curb Cut,WALK,Curb Cut,WALK,Curb Cut,floor,1.7863,0.0621811,11.92,0
paterson,GBSPMaXXCAqOdrozYcHR3w,det,0,0.605469,0.552734,0.875092,true,WALK,Sidewalk,WALK,Sidewalk,WALK,Sidewalk,floor,1.85382,-0.108593,15.55,0
paterson,GBSPMaXXCAqOdrozYcHR3w,missed,0,0.56069,0.526668,,missed,WALK,Sidewalk,WALK,Sidewalk,WALK,Sidewalk,floor,1.80992,-0.0167438,30.9613,0
paterson,HFYowXmV7u1c0TMp-p_pgQ,det,0,0.457031,0.537109,0.731488,true,OBJECT,Utility Pole,OBJECT,Pole,OBJECT,Utility Pole,floor,1.49972,0.00909576,22.2007,0
paterson,HFYowXmV7u1c0TMp-p_pgQ,det,1,0.53418,0.523438,0.642561,true,WALK,Curb Cut,WALK,Sidewalk,WALK,Sidewalk,floor,2.60639,0.282249,35.2473,0
paterson,HFYowXmV7u1c0TMp-p_pgQ,missed,0,0.449232,0.532554,,missed,ROAD,Road,ROAD,Road,ROAD,Road,floor,1.49972,0.0342398,25.3338,0
paterson,HFYowXmV7u1c0TMp-p_pgQ,missed,1,0.465766,0.520934,,missed,WALK,Sidewalk,WALK,Sidewalk,WALK,Sidewalk,floor,2.60639,0.133603,39.4762,0
paterson,HFYowXmV7u1c0TMp-p_pgQ,missed,2,0.473543,0.519864,,missed,WALK,Curb Cut,WALK,Curb Cut,WALK,Sidewalk,floor,2.60639,0.140831,41.6093,0
paterson,HHjmf0kWHmcwWAOfg7b4tw,det,0,0.410156,0.539062,0.962645,true,ROAD,Road,ROAD,Road,ROAD,Road,floor_standin,0,0.585109,21.0802,0
paterson,HHjmf0kWHmcwWAOfg7b4tw,det,1,0.550781,0.552734,0.70356,true,OBJECT,Pole,OTHER,Terrain,OBJECT,Pole,floor,0.941076,0.143864,15.55,0
paterson,IXCSjRuAqY4_iyOU_2rxeQ,det,0,0.527344,0.539062,0.640942,true,WALK,Curb,ROAD,Road,WALK,Curb,floor,4.97291,-0.340271,21.0802,0
paterson,IXCSjRuAqY4_iyOU_2rxeQ,missed,0,0.524055,0.527609,,missed,WALK,Curb Cut,ROAD,Lane Marking - Crosswalk,ROAD,Lane Marking - Crosswalk,floor_standin,0,0.235005,29.901,0
paterson,IXCSjRuAqY4_iyOU_2rxeQ,missed,1,0.517694,0.527438,,missed,WALK,Curb Cut,ROAD,Road,WALK,Curb Cut,floor_standin,0,0.335314,30.0882,0
paterson,IXCSjRuAqY4_iyOU_2rxeQ,missed,2,0.460251,0.529502,,unsure_missed,WALK,Sidewalk,WALK,Sidewalk,WALK,Sidewalk,floor_standin,0,0.277196,27.972,0
paterson,IXCSjRuAqY4_iyOU_2rxeQ,missed,3,0.452075,0.538486,,unsure_missed,OBJECT,Car,OBJECT,Car,OBJECT,Car,floor_standin,0,0.214872,21.3991,0
paterson,L8lyOJwUI8j3Mk_cV-R80Q,det,0,0.0732422,0.539062,0.939157,true,OBJECT,Fire Hydrant,OTHER,Terrain,OBJECT,Fire Hydrant,floor_standin,0,0.28512,21.0802,0
paterson,L8lyOJwUI8j3Mk_cV-R80Q,det,1,0.143555,0.583984,0.912895,true,WALK,Sidewalk,WALK,Sidewalk,WALK,Sidewalk,floor_standin,0,0.0762316,9.62455,0
paterson,L8lyOJwUI8j3Mk_cV-R80Q,det,2,0.941406,0.539062,0.893976,true,OTHER,Terrain,OTHER,Terrain,OTHER,Terrain,floor_standin,0,0.0452456,21.0802,0
paterson,NqOWmuzYX0M4vXF6ioTD7Q,det,0,0.0351562,0.521484,1.00949,true,OTHER,Terrain,OTHER,Terrain,OTHER,Terrain,floor,1.85688,-0.0715803,38.4628,0
paterson,NqOWmuzYX0M4vXF6ioTD7Q,det,1,0.175781,0.568359,0.897077,true,WALK,Curb Cut,WALK,Sidewalk,WALK,Curb Cut,floor,0.444994,0.153986,11.92,0
paterson,OhdI54JArKc1UopNZiFoZg,det,0,0.135742,0.552734,0.892977,true,WALK,Curb Cut,WALK,Sidewalk,WALK,Sidewalk,floor_standin,0,0.287611,15.55,0
paterson,OhdI54JArKc1UopNZiFoZg,det,1,0.916992,0.552734,0.648234,true,WALK,Curb Cut,WALK,Curb Cut,WALK,Curb Cut,ground,1.48727,,15.55,0
paterson,OhdI54JArKc1UopNZiFoZg,missed,0,0.927526,0.536337,,unsure_missed,ROAD,Lane Marking - Crosswalk,WALK,Sidewalk,ROAD,Lane Marking - Crosswalk,floor,1.58152,0.0437922,22.6767,0
paterson,PM92O1ji0i42GTuhT_ll5A,det,0,0.730469,0.552734,0.884925,true,WALK,Sidewalk,WALK,Sidewalk,WALK,Sidewalk,floor,1.85983,0.241574,15.55,0
paterson,PM92O1ji0i42GTuhT_ll5A,det,1,0.416992,0.537109,0.845332,true,WALK,Sidewalk,WALK,Sidewalk,WALK,Curb Cut,floor_standin,0,0.145891,22.2007,0
paterson,PM92O1ji0i42GTuhT_ll5A,det,2,0.621094,0.568359,0.46494,band_0p30,ROAD,Road,ROAD,Lane Marking - Crosswalk,WALK,Curb Cut,floor,3.50867,-0.685854,11.92,0
paterson,PM92O1ji0i42GTuhT_ll5A,det,3,0.550781,0.537109,0.351432,band_0p30,ROAD,Road,ROAD,Road,ROAD,Road,floor_standin,0,0.0934389,22.2007,0
paterson,PM92O1ji0i42GTuhT_ll5A,missed,0,0.552616,0.529671,,missed,WALK,Curb Cut,WALK,Sidewalk,WALK,Curb Cut,floor_standin,0,0.140778,27.812,0
paterson,PS-Atz2shq5v6QtlJs6OlA,det,0,0.441406,0.523438,0.976335,true,WALK,Sidewalk,WALK,Sidewalk,WALK,Sidewalk,floor,2.8848,-0.779162,35.2473,0
paterson,PS-Atz2shq5v6QtlJs6OlA,det,1,0.924805,0.539062,0.8903,true,WALK,Curb Cut,WALK,Curb Cut,WALK,Curb Cut,floor,3.54077,0.0733838,21.0802,0
paterson,PS-Atz2shq5v6QtlJs6OlA,det,2,0.183594,0.648438,0.824178,true,WALK,Curb Cut,WALK,Sidewalk,WALK,Curb Cut,ground,0.396635,,5.16531,0
paterson,PS-Atz2shq5v6QtlJs6OlA,det,3,0.0341797,0.539062,0.80814,true,WALK,Sidewalk,WALK,Sidewalk,WALK,Sidewalk,floor,2.19713,0.0438215,21.0802,0
paterson,PS-Atz2shq5v6QtlJs6OlA,det,4,0.0195312,0.539062,0.784466,true,WALK,Sidewalk,WALK,Sidewalk,WALK,Sidewalk,floor,2.19713,0.0444425,21.0802,0
paterson,PS-Atz2shq5v6QtlJs6OlA,det,5,0.777344,0.585938,0.776675,true,WALK,Sidewalk,WALK,Sidewalk,WALK,Sidewalk,floor,5.2689,0.153959,9.39519,0
paterson,PS-Atz2shq5v6QtlJs6OlA,det,6,0.167969,0.617188,0.737225,true,WALK,Curb Cut,WALK,Sidewalk,WALK,Curb Cut,ground,0.396635,,6.74025,0
paterson,PS-Atz2shq5v6QtlJs6OlA,det,7,0.753906,0.617188,0.729934,true,WALK,Curb Cut,WALK,Sidewalk,WALK,Curb Cut,floor,1.1525,0.0503033,6.74025,0
paterson,PS-Atz2shq5v6QtlJs6OlA,det,8,0.402344,0.554688,0.718645,true,WALK,Sidewalk,WALK,Sidewalk,WALK,Sidewalk,floor,0.659975,0.0467324,14.9842,0
paterson,PS-Atz2shq5v6QtlJs6OlA,missed,0,0.910822,0.539948,,missed,WALK,Curb Cut,WALK,Curb Cut,WALK,Curb Cut,floor,3.54077,0.0795866,20.608,0
paterson,Q5D74UJFt5D2PVhGxRh1sw,det,0,0.34668,0.568359,0.92044,true,WALK,Curb Cut,WALK,Curb Cut,WALK,Curb Cut,ground,0.822581,,11.92,0
paterson,Q5D74UJFt5D2PVhGxRh1sw,det,1,0.558594,0.539062,0.918702,true,WALK,Sidewalk,WALK,Sidewalk,WALK,Sidewalk,floor,0.704711,0.0898079,21.0802,0
paterson,Q5D74UJFt5D2PVhGxRh1sw,det,2,0.628906,0.583984,0.909829,true,WALK,Sidewalk,WALK,Sidewalk,WALK,Sidewalk,floor,2.88941,-0.567389,9.62455,0
paterson,Q5D74UJFt5D2PVhGxRh1sw,det,3,0.410156,0.537109,0.904016,true,WALK,Sidewalk,WALK,Curb Cut,WALK,Sidewalk,floor,2.96187,0.120267,22.2007,0
paterson,R9WHDEVRAq5IdtLkLFhL_A,det,0,0.738281,0.646484,0.913524,true,WALK,Curb Cut,WALK,Curb Cut,WALK,Curb Cut,floor,1.06386,-0.0217573,5.24521,0
paterson,R9WHDEVRAq5IdtLkLFhL_A,det,1,0.925781,0.554688,0.907647,true,WALK,Sidewalk,WALK,Sidewalk,WALK,Sidewalk,floor,2.04143,0.0747092,14.9842,0
paterson,RGAxlzGeyK3ncjFZ9VXpBA,det,0,0.12793,0.554688,0.848767,true,WALK,Sidewalk,WALK,Sidewalk,WALK,Sidewalk,floor,1.04773,-0.133965,14.9842,0
paterson,RGAxlzGeyK3ncjFZ9VXpBA,det,1,0.924805,0.568359,0.837893,true,WALK,Sidewalk,WALK,Sidewalk,WALK,Sidewalk,ground,1.54738,,11.92,0
paterson,RGAxlzGeyK3ncjFZ9VXpBA,missed,0,0.0683347,0.52702,,unsure_missed,WALK,Sidewalk,WALK,Sidewalk,WALK,Sidewalk,floor,0.336882,-0.0370122,30.5561,0
paterson,RGAxlzGeyK3ncjFZ9VXpBA,missed,1,0.123491,0.547138,,missed,WALK,Sidewalk,WALK,Sidewalk,WALK,Sidewalk,floor,1.04773,-0.192449,17.4285,0
paterson,RGAxlzGeyK3ncjFZ9VXpBA,missed,2,0.922845,0.551568,,missed,ROAD,Road,ROAD,Road,ROAD,Road,floor,0.753295,-0.00626545,15.9081,0
paterson,RGAxlzGeyK3ncjFZ9VXpBA,missed,3,0.969104,0.527338,,unsure_missed,WALK,Sidewalk,WALK,Sidewalk,WALK,Sidewalk,floor,0.866375,-0.162919,30.1983,0
paterson,RGAxlzGeyK3ncjFZ9VXpBA,missed,4,0.982563,0.525762,,unsure_missed,WALK,Curb,WALK,Sidewalk,WALK,Sidewalk,floor,0.962662,-0.0555315,32.0551,0
paterson,S06PQMrwEby-_62F0U4Oww,missed,0,0.970348,0.542059,,unsure_missed,WALK,Sidewalk,WALK,Sidewalk,WALK,Sidewalk,floor,1.95765,0.14126,19.5626,0
paterson,TFX8xO7By2dnr_cYK59_Gw,det,0,0.0341797,0.537109,0.855727,true,ROAD,Road,ROAD,Road,ROAD,Road,floor,0.785841,0.00518542,22.2007,0
paterson,TFX8xO7By2dnr_cYK59_Gw,det,1,0.963867,0.539062,0.679561,unsure,WALK,Sidewalk,WALK,Sidewalk,WALK,Sidewalk,floor,2.4912,0.975344,21.0802,0
paterson,TFX8xO7By2dnr_cYK59_Gw,det,2,0.0664062,0.568359,0.350543,band_0p30,STRUCTURE,Fence,STRUCTURE,Fence,STRUCTURE,Fence,floor,5.95177,-0.0733817,11.92,0
paterson,TFX8xO7By2dnr_cYK59_Gw,missed,0,0.0756383,0.555492,,unsure_missed,STRUCTURE,Fence,STRUCTURE,Fence,STRUCTURE,Fence,floor_standin,0,0.185419,14.7625,0
paterson,TO2IeKCGXF_kk9hxE-_Nkg,det,0,0.549805,0.523438,0.551539,true,ROAD,Lane Marking - Crosswalk,ROAD,Lane Marking - Crosswalk,ROAD,Lane Marking - Crosswalk,floor,1.20382,0.252104,35.2473,0
paterson,TO2IeKCGXF_kk9hxE-_Nkg,det,1,0.425781,0.523438,0.418288,band_0p30,ROAD,Lane Marking - Crosswalk,ROAD,Road,ROAD,Lane Marking - Crosswalk,floor,2.77834,-0.0397879,35.2473,0
paterson,TO2IeKCGXF_kk9hxE-_Nkg,missed,0,0.531759,0.510966,,unsure_missed,WALK,Curb Cut,WALK,Sidewalk,WALK,Sidewalk,floor,1.20382,0.823468,75.4413,0
paterson,TO2IeKCGXF_kk9hxE-_Nkg,missed,1,0.464511,0.51141,,unsure_missed,WALK,Curb Cut,WALK,Sidewalk,WALK,Curb Cut,floor,0.909137,-0.173649,72.5015,0
paterson,Tyc7Xoi2Qu6tNrHVre2kNA,det,0,0.643555,0.570312,0.687318,true,WALK,Sidewalk,WALK,Sidewalk,WALK,Sidewalk,floor,3.24105,0.0204891,11.5783,0
paterson,Tyc7Xoi2Qu6tNrHVre2kNA,det,1,0.924805,0.539062,0.350221,band_0p30,WALK,Curb,OBJECT,Vegetation,WALK,Curb,floor_standin,0,0.624905,21.0802,0
paterson,U6iQcIYtWc0Xbflaeshkdg,det,0,0.588867,0.552734,0.872991,true,WALK,Sidewalk,WALK,Sidewalk,WALK,Sidewalk,floor,1.88917,0.315801,15.55,0
paterson,U6iQcIYtWc0Xbflaeshkdg,missed,0,0.393038,0.528965,,unsure_missed,WALK,Curb,WALK,Curb,WALK,Curb,floor,2.51653,0.551102,28.4936,0
paterson,UOMaPWpm2CRHbfqMgY_hbQ,det,0,0.112305,0.539062,0.865078,true,WALK,Sidewalk,WALK,Sidewalk,WALK,Sidewalk,floor,1.20366,0.0361435,21.0802,0
paterson,UOMaPWpm2CRHbfqMgY_hbQ,det,1,0.917969,0.568359,0.859623,true,WALK,Sidewalk,WALK,Sidewalk,WALK,Sidewalk,floor,1.20366,0.490435,11.92,0
paterson,UOMaPWpm2CRHbfqMgY_hbQ,missed,0,0.969028,0.528089,,missed,WALK,Curb Cut,WALK,Curb Cut,WALK,Curb Cut,floor,2.23248,-0.199245,29.3877,0
paterson,UOMaPWpm2CRHbfqMgY_hbQ,missed,1,0.915378,0.551658,,missed,WALK,Sidewalk,WALK,Sidewalk,WALK,Sidewalk,floor,1.20366,0.673044,15.8801,0
paterson,Uh1qGHtgaFQVFpiBQyeN8Q,det,0,0.269531,0.539062,0.957499,true,WALK,Sidewalk,WALK,Sidewalk,WALK,Sidewalk,floor,2.05747,0.199794,21.0802,0
paterson,Uh1qGHtgaFQVFpiBQyeN8Q,missed,0,0.387907,0.528838,,missed,WALK,Sidewalk,WALK,Sidewalk,WALK,Sidewalk,floor,8.49366,0.0889831,28.6202,0
paterson,WNiUHjkafGBEnMc0nc4wkQ,det,0,0.0742188,0.539062,0.98393,true,WALK,Sidewalk,WALK,Sidewalk,WALK,Sidewalk,floor,1.96593,-0.00127917,21.0802,0
paterson,WNiUHjkafGBEnMc0nc4wkQ,det,1,0.948242,0.539062,0.930168,true,ROAD,Road,ROAD,Road,ROAD,Road,ground,0.337462,,21.0802,0
paterson,WNiUHjkafGBEnMc0nc4wkQ,missed,0,0.0402982,0.518016,,missed,WALK,Sidewalk,WALK,Sidewalk,WALK,Sidewalk,floor,2.8358,-0.0721341,45.8876,0
paterson,WNiUHjkafGBEnMc0nc4wkQ,missed,1,0.941928,0.542824,,missed,ROAD,Road,WALK,Sidewalk,WALK,Sidewalk,ground,0.337462,,19.2089,0
paterson,WNiUHjkafGBEnMc0nc4wkQ,missed,2,0.964985,0.518465,,missed,WALK,Sidewalk,STRUCTURE,Fence,WALK,Sidewalk,floor,2.44809,0.0834799,44.7699,0
paterson,WNiUHjkafGBEnMc0nc4wkQ,missed,3,0.973666,0.518241,,missed,WALK,Sidewalk,OTHER,Terrain,WALK,Sidewalk,floor,2.44809,0.0579022,45.3215,0
paterson,WoAP6tTVMjKMFEwdCi7YaQ,det,0,0.105469,0.539062,0.797424,true,ROAD,Road,ROAD,Road,ROAD,Road,ground,1.32426,,21.0802,0
paterson,WoAP6tTVMjKMFEwdCi7YaQ,det,1,0.0585938,0.523438,0.785009,true,OTHER,Terrain,OTHER,Terrain,OTHER,Terrain,floor,0.20463,0.360644,35.2473,0
paterson,X3ppzLhvsS7aGu9Lv8GdBA,det,0,0.0888672,0.570312,0.832518,true,WALK,Sidewalk,WALK,Sidewalk,WALK,Sidewalk,floor,1.16197,0.0822375,11.5783,0
paterson,XRsv_X3jYvAM1BPI-oQJUg,det,0,0.0576172,0.523438,0.806668,true,WALK,Sidewalk,WALK,Sidewalk,WALK,Sidewalk,floor,0.81301,0.048556,35.2473,0
paterson,XRsv_X3jYvAM1BPI-oQJUg,missed,0,0.0426096,0.529745,,missed,WALK,Curb Cut,WALK,Curb,WALK,Curb Cut,floor,1.14141,0.00523107,27.742,0
paterson,Xs3lDDc1o50wJmW9eGx_WA,det,0,0.260742,0.615234,0.918161,true,WALK,Curb Cut,WALK,Curb Cut,WALK,Sidewalk,floor,2.59518,0.0290663,6.86541,0
paterson,Xs3lDDc1o50wJmW9eGx_WA,det,1,0.0976562,0.554688,0.910979,true,WALK,Sidewalk,WALK,Curb Cut,WALK,Curb Cut,floor_standin,0,0.257852,14.9842,0
paterson,Xs3lDDc1o50wJmW9eGx_WA,det,2,0.791992,0.630859,0.890039,true,WALK,Sidewalk,WALK,Sidewalk,WALK,Sidewalk,ground,1.49384,,5.96402,0
paterson,Xs3lDDc1o50wJmW9eGx_WA,det,3,0.737305,0.664062,0.884038,true,WALK,Sidewalk,WALK,Sidewalk,WALK,Sidewalk,ground,1.49384,,4.58964,0
paterson,Xs3lDDc1o50wJmW9eGx_WA,det,4,0.94043,0.552734,0.799378,true,WALK,Curb Cut,ROAD,Road,WALK,Curb Cut,floor,3.7691,0.345695,15.55,0
paterson,Xs3lDDc1o50wJmW9eGx_WA,det,5,0.0810547,0.552734,0.729929,true,WALK,Sidewalk,WALK,Sidewalk,WALK,Curb Cut,floor_standin,0,0.226604,15.55,0
paterson,Xs3lDDc1o50wJmW9eGx_WA,missed,0,0.232338,0.596984,,missed,OBJECT,Car,OBJECT,Car,OBJECT,Car,floor_standin,0,0.0722596,8.26767,0
paterson,Xs3lDDc1o50wJmW9eGx_WA,missed,1,0.96227,0.549591,,missed,WALK,Sidewalk,WALK,Sidewalk,WALK,Sidewalk,floor,3.7691,0.355235,16.5535,0
paterson,Yg0X7I5adOM5rem7YVbwAg,det,0,0.956055,0.537109,0.60759,true,ROAD,Road,ROAD,Lane Marking - Crosswalk,ROAD,Road,floor,1.9701,0.126298,22.2007,0
paterson,Z929dNP7sDp8cU6sjIeKAw,det,0,0.308594,0.615234,0.993346,true,WALK,Curb Cut,WALK,Sidewalk,WALK,Curb Cut,floor,1.52226,0.00170626,6.86541,0
paterson,Z929dNP7sDp8cU6sjIeKAw,det,1,0.660156,0.632812,0.951151,true,WALK,Sidewalk,WALK,Sidewalk,WALK,Sidewalk,floor,1.76658,0.0404528,5.86551,0
paterson,Z929dNP7sDp8cU6sjIeKAw,det,2,0.550781,0.539062,0.890298,true,WALK,Sidewalk,WALK,Sidewalk,WALK,Sidewalk,floor,6.32592,0.0477807,21.0802,0
paterson,Z929dNP7sDp8cU6sjIeKAw,det,3,0.424805,0.539062,0.808901,true,WALK,Sidewalk,WALK,Sidewalk,WALK,Sidewalk,floor,2.04622,-0.0609045,21.0802,0
paterson,Z929dNP7sDp8cU6sjIeKAw,det,4,0.441406,0.539062,0.777896,true,WALK,Sidewalk,WALK,Curb Cut,WALK,Sidewalk,floor,2.04622,-0.139637,21.0802,0
paterson,Z929dNP7sDp8cU6sjIeKAw,missed,0,0.330101,0.583939,,missed,ROAD,Road,ROAD,Road,ROAD,Road,floor,1.52226,0.326082,9.62995,0
paterson,Z929dNP7sDp8cU6sjIeKAw,missed,1,0.535719,0.539868,,missed,WALK,Sidewalk,WALK,Sidewalk,WALK,Sidewalk,floor,2.5267,-0.0329391,20.6498,0
paterson,Z929dNP7sDp8cU6sjIeKAw,missed,2,0.648889,0.588788,,missed,ROAD,Road,ROAD,Road,ROAD,Road,floor,1.76658,0.225343,9.07815,0
paterson,ZcGyifqcyvUwLtCYGTr3oA,det,0,0.916992,0.539062,0.894419,true,WALK,Sidewalk,WALK,Sidewalk,WALK,Sidewalk,floor,1.64008,0.297492,21.0802,0
paterson,ZcGyifqcyvUwLtCYGTr3oA,det,1,0.0273438,0.539062,0.884398,true,WALK,Sidewalk,WALK,Sidewalk,WALK,Sidewalk,ground,0.761818,,21.0802,0
paterson,ZcGyifqcyvUwLtCYGTr3oA,det,2,0.128906,0.615234,0.859973,true,WALK,Curb Cut,WALK,Sidewalk,WALK,Curb Cut,ground,0.761818,,6.86541,0
paterson,ZcGyifqcyvUwLtCYGTr3oA,det,3,0.824219,0.601562,0.827757,true,WALK,Sidewalk,WALK,Sidewalk,WALK,Sidewalk,floor,2.49842,0.0995228,7.87031,0
paterson,ZcGyifqcyvUwLtCYGTr3oA,missed,0,0.123478,0.590367,,missed,WALK,Sidewalk,WALK,Sidewalk,WALK,Curb Cut,ground,0.761818,,8.91091,0
paterson,ZcGyifqcyvUwLtCYGTr3oA,missed,1,0.0370501,0.54299,,missed,WALK,Curb Cut,WALK,Curb Cut,WALK,Curb Cut,ground,0.761818,,19.1339,0
paterson,ZcGyifqcyvUwLtCYGTr3oA,missed,2,0.834868,0.592262,,missed,WALK,Sidewalk,WALK,Sidewalk,WALK,Sidewalk,floor,2.49842,0.115313,8.71757,0
paterson,ZcGyifqcyvUwLtCYGTr3oA,missed,3,0.927472,0.539448,,missed,WALK,Sidewalk,WALK,Sidewalk,WALK,Sidewalk,floor,1.64008,0.250314,20.8719,0
paterson,Zu314hB3XfshUEt2hsd0RQ,det,0,0.338867,0.568359,0.984627,true,WALK,Sidewalk,WALK,Sidewalk,WALK,Curb Cut,floor,2.25099,0.672129,11.92,0
paterson,Zu314hB3XfshUEt2hsd0RQ,det,1,0.949219,0.523438,0.426158,band_0p30,ROAD,Road,ROAD,Road,ROAD,Road,floor,3.1132,0.34306,35.2473,0
paterson,Zu314hB3XfshUEt2hsd0RQ,missed,0,0.889697,0.63404,,missed,WALK,Curb Cut,WALK,Sidewalk,WALK,Curb Cut,floor,6.21634,-0.334726,5.80496,0
paterson,_FfdhRGlkbTABymQR3t1_A,det,0,0.371094,0.554688,0.9239,true,WALK,Sidewalk,WALK,Sidewalk,WALK,Sidewalk,floor,0.744147,0.246719,14.9842,0
paterson,_FfdhRGlkbTABymQR3t1_A,det,1,0.613281,0.554688,0.87887,true,WALK,Curb Cut,WALK,Sidewalk,WALK,Sidewalk,floor,3.22968,0.126352,14.9842,0
paterson,_FfdhRGlkbTABymQR3t1_A,det,2,0.557617,0.523438,0.490397,band_0p30,WALK,Sidewalk,WALK,Sidewalk,WALK,Sidewalk,floor,1.67199,0.0957844,35.2473,0
paterson,_FfdhRGlkbTABymQR3t1_A,det,3,0.448242,0.523438,0.488931,band_0p30,WALK,Sidewalk,WALK,Sidewalk,WALK,Sidewalk,floor,6.15867,0.231998,35.2473,0
paterson,_FfdhRGlkbTABymQR3t1_A,missed,0,0.534813,0.526181,,missed,WALK,Curb,WALK,Curb,WALK,Curb,floor,0.744147,0.0729158,31.5392,0
paterson,_FfdhRGlkbTABymQR3t1_A,missed,1,0.557116,0.527233,,missed,WALK,Sidewalk,WALK,Sidewalk,WALK,Sidewalk,floor,1.67199,0.0557903,30.3159,0
paterson,_FfdhRGlkbTABymQR3t1_A,missed,2,0.453366,0.528628,,missed,WALK,Sidewalk,WALK,Curb,WALK,Curb Cut,floor,6.45598,0.063942,28.8309,0
paterson,aZxwqPZnkC3sv5dTZOEomA,det,0,0.378906,0.539062,0.915945,true,WALK,Sidewalk,WALK,Sidewalk,ROAD,Road,floor,1.54636,0.0332996,21.0802,0
paterson,aZxwqPZnkC3sv5dTZOEomA,det,1,0.550781,0.570312,0.894117,true,WALK,Sidewalk,WALK,Sidewalk,WALK,Sidewalk,ground,3.75572,,11.5783,0
paterson,aZxwqPZnkC3sv5dTZOEomA,det,2,0.44043,0.521484,0.802868,true,WALK,Curb Cut,WALK,Sidewalk,WALK,Curb Cut,floor,1.54636,0.0604528,38.4628,0
paterson,aZxwqPZnkC3sv5dTZOEomA,missed,0,0.383047,0.551455,,missed,WALK,Curb Cut,WALK,Curb Cut,WALK,Curb Cut,floor,1.54636,0.0136506,15.9438,0
paterson,aon4zuny7-LGeKV7JympCw,det,0,0.299805,0.646484,0.940907,true,WALK,Sidewalk,WALK,Sidewalk,WALK,Curb Cut,floor,1.56135,0.0233831,5.24521,0
paterson,aon4zuny7-LGeKV7JympCw,det,1,0.707031,0.630859,0.91358,true,WALK,Curb Cut,WALK,Sidewalk,WALK,Curb Cut,floor,1.71349,0.0815288,5.96402,0
paterson,aon4zuny7-LGeKV7JympCw,det,2,0.441406,0.554688,0.907395,true,WALK,Sidewalk,WALK,Sidewalk,WALK,Sidewalk,floor_standin,0,0.129983,14.9842,0
paterson,aon4zuny7-LGeKV7JympCw,det,3,0.558594,0.568359,0.683518,true,ROAD,Road,ROAD,Road,ROAD,Road,floor_standin,0,0.150422,11.92,0
paterson,as5xCAJAYMT35sgs0rx2_w,det,0,0.541992,0.523438,0.976107,true,WALK,Sidewalk,WALK,Sidewalk,WALK,Sidewalk,floor,1.77982,0.120626,35.2473,0
paterson,as5xCAJAYMT35sgs0rx2_w,det,1,0.324219,0.570312,0.873542,true,WALK,Sidewalk,WALK,Sidewalk,WALK,Sidewalk,floor,1.77982,0.0157071,11.5783,0
paterson,as5xCAJAYMT35sgs0rx2_w,det,2,0.635742,0.599609,0.798288,true,WALK,Sidewalk,WALK,Sidewalk,WALK,Sidewalk,ground,1.52713,,8.03552,0
paterson,as5xCAJAYMT35sgs0rx2_w,det,3,0.424805,0.523438,0.70942,true,OTHER,Terrain,STRUCTURE,Fence,OTHER,Terrain,floor,5.30858,-0.00349712,35.2473,0
paterson,as5xCAJAYMT35sgs0rx2_w,missed,0,0.33585,0.565398,,missed,WALK,Sidewalk,WALK,Sidewalk,WALK,Sidewalk,floor,1.77982,0.0181368,12.4764,0
paterson,as5xCAJAYMT35sgs0rx2_w,missed,1,0.435886,0.529933,,missed,WALK,Sidewalk,WALK,Sidewalk,WALK,Sidewalk,ground,1.52713,,27.5672,0
paterson,as5xCAJAYMT35sgs0rx2_w,missed,2,0.534672,0.526364,,missed,WALK,Sidewalk,WALK,Sidewalk,WALK,Sidewalk,floor,1.77982,0.111328,31.3201,0
paterson,as5xCAJAYMT35sgs0rx2_w,missed,3,0.628773,0.574165,,missed,WALK,Sidewalk,WALK,Sidewalk,WALK,Sidewalk,ground,1.52713,,10.9564,0
paterson,bfc5Mq-kfwj29vGpOPKS2A,det,0,0.964844,0.523438,0.9712,true,OTHER,Terrain,WALK,Sidewalk,OTHER,Terrain,floor,4.022,0.100161,35.2473,0
paterson,bfc5Mq-kfwj29vGpOPKS2A,det,1,0.910156,0.599609,0.699374,true,WALK,Sidewalk,WALK,Sidewalk,WALK,Sidewalk,floor,3.56156,0.0679577,8.03552,0
paterson,bfc5Mq-kfwj29vGpOPKS2A,det,2,0.0576172,0.539062,0.636128,true,ROAD,Road,ROAD,Road,ROAD,Road,floor,3.23858,0.0273461,21.0802,0
paterson,bfc5Mq-kfwj29vGpOPKS2A,det,3,0.12793,0.585938,0.538612,band_0p30,WALK,Curb Cut,WALK,Sidewalk,WALK,Sidewalk,floor_standin,0,-0.00808364,9.39519,0
paterson,bfc5Mq-kfwj29vGpOPKS2A,missed,0,0.125786,0.585848,,missed,ROAD,Road,ROAD,Road,ROAD,Road,floor_standin,0,-0.0109563,9.40553,0
paterson,bfc5Mq-kfwj29vGpOPKS2A,missed,1,0.138564,0.61464,,missed,WALK,Curb,WALK,Curb,WALK,Curb,floor_standin,0,-0.0134042,6.90433,0
paterson,bfc5Mq-kfwj29vGpOPKS2A,missed,2,0.903045,0.57991,,missed,ROAD,Road,WALK,Curb,WALK,Curb Cut,floor,3.56156,0.145501,10.1383,0
paterson,bfc5Mq-kfwj29vGpOPKS2A,missed,3,0.0663889,0.538081,,unsure_missed,WALK,Sidewalk,WALK,Curb Cut,WALK,Sidewalk,floor,3.23858,0.0355795,21.6291,0
paterson,bwpW8jgnlIbAQC0HRy99JA,det,0,0.22168,0.568359,0.924714,true,WALK,Curb Cut,WALK,Sidewalk,WALK,Sidewalk,ground,0.311533,,11.92,0
paterson,bwpW8jgnlIbAQC0HRy99JA,det,1,0.800781,0.585938,0.908359,true,WALK,Sidewalk,WALK,Sidewalk,WALK,Curb Cut,floor,1.02507,-0.0125,9.39519,0
paterson,bwpW8jgnlIbAQC0HRy99JA,det,2,0.0810547,0.537109,0.841938,true,WALK,Curb Cut,WALK,Curb Cut,WALK,Curb Cut,floor,0.635198,-0.0201436,22.2007,0
paterson,bwpW8jgnlIbAQC0HRy99JA,det,3,0.941406,0.539062,0.462245,band_0p30,WALK,Curb Cut,WALK,Curb Cut,WALK,Curb Cut,floor,1.02507,-0.181842,21.0802,0
paterson,bwpW8jgnlIbAQC0HRy99JA,missed,0,0.0712177,0.533934,,missed,WALK,Sidewalk,WALK,Sidewalk,WALK,Sidewalk,floor,0.635198,-0.00677963,24.2961,0
paterson,bwpW8jgnlIbAQC0HRy99JA,missed,1,0.931128,0.540058,,missed,WALK,Curb Cut,WALK,Crosswalk - Plain,WALK,Sidewalk,floor,1.02507,-0.174592,20.551,0
paterson,bwpW8jgnlIbAQC0HRy99JA,missed,2,0.947598,0.539159,,missed,WALK,Curb Cut,ROAD,Road,WALK,Curb Cut,floor,1.02507,-0.181081,21.0275,0
paterson,bxdL0Guz_zm-8O1E1Gn78A,det,0,0.0966797,0.523438,0.703551,true,WALK,Sidewalk,WALK,Sidewalk,WALK,Sidewalk,floor,1.3429,0.0880608,35.2473,0
paterson,bxdL0Guz_zm-8O1E1Gn78A,det,1,0.933594,0.537109,0.581752,true,WALK,Sidewalk,WALK,Sidewalk,WALK,Sidewalk,floor,1.48911,-0.0357869,22.2007,0
paterson,bxdL0Guz_zm-8O1E1Gn78A,missed,0,0.967084,0.51993,,missed,ROAD,Lane Marking - Crosswalk,ROAD,Road,WALK,Curb Cut,floor,2.74745,-0.659388,41.4716,0
paterson,bxdL0Guz_zm-8O1E1Gn78A,missed,1,0.973033,0.513653,,unsure_missed,WALK,Sidewalk,WALK,Sidewalk,WALK,Sidewalk,floor,1.02029,0.00502601,60.5781,0
paterson,cuFkPrv4UsqzeJCdibl1FQ,det,0,0.56543,0.554688,0.907336,true,WALK,Sidewalk,WALK,Sidewalk,WALK,Sidewalk,floor,2.0934,0.260309,14.9842,0
paterson,cuFkPrv4UsqzeJCdibl1FQ,det,1,0.433594,0.537109,0.320111,band_0p30,ROAD,Road,ROAD,Lane Marking - General,ROAD,Road,floor_standin,0,0.34245,22.2007,0
paterson,cuFkPrv4UsqzeJCdibl1FQ,missed,0,0.469903,0.530104,,missed,WALK,Curb Cut,WALK,Sidewalk,WALK,Curb Cut,floor,1.467,-0.00733439,27.4097,0
paterson,eGWz6exPVDlv_S_DowBPfA,det,0,0.933594,0.554688,0.622066,unsure,WALK,Sidewalk,WALK,Sidewalk,WALK,Sidewalk,ground,1.03967,,14.9842,0
paterson,eGWz6exPVDlv_S_DowBPfA,det,1,0.0742188,0.552734,0.511827,band_0p30,WALK,Sidewalk,OTHER,Terrain,WALK,Sidewalk,ground,1.03967,,15.55,0
paterson,eGWz6exPVDlv_S_DowBPfA,missed,0,0.0427148,0.525374,,unsure_missed,WALK,Sidewalk,WALK,Sidewalk,WALK,Sidewalk,floor,1.02679,-0.0376749,32.5466,0
paterson,eGWz6exPVDlv_S_DowBPfA,missed,1,0.0747141,0.558673,,unsure_missed,WALK,Curb Cut,WALK,Curb Cut,WALK,Curb Cut,ground,1.03967,,13.9452,0
paterson,eIw8Y1zl7qgUW6bTPzk3gA,det,0,0.893555,0.568359,0.937094,true,WALK,Sidewalk,WALK,Sidewalk,WALK,Sidewalk,floor,1.42065,0.076952,11.92,0
paterson,eIw8Y1zl7qgUW6bTPzk3gA,det,1,0.0898438,0.570312,0.866097,true,WALK,Sidewalk,WALK,Sidewalk,WALK,Sidewalk,floor,1.31269,0.18443,11.5783,0
paterson,eIw8Y1zl7qgUW6bTPzk3gA,det,2,0.0273438,0.523438,0.812914,true,WALK,Sidewalk,WALK,Sidewalk,WALK,Sidewalk,floor,1.74507,0.0883928,35.2473,0
paterson,eIw8Y1zl7qgUW6bTPzk3gA,missed,0,0.0342333,0.52959,,missed,WALK,Curb Cut,WALK,Sidewalk,WALK,Sidewalk,floor,2.84035,-0.279805,27.888,0
paterson,eIw8Y1zl7qgUW6bTPzk3gA,missed,1,0.0947741,0.55908,,missed,ROAD,Road,ROAD,Road,ROAD,Road,floor,1.31269,0.244819,13.847,0
paterson,fGd6JE4qvoG1uOVvOjBBmg,det,0,0.230469,0.568359,0.909427,true,WALK,Sidewalk,WALK,Curb Cut,WALK,Curb Cut,floor,1.17719,-0.0175376,11.92,0
paterson,fGd6JE4qvoG1uOVvOjBBmg,det,1,0.206055,0.583984,0.885098,true,WALK,Curb Cut,WALK,Curb Cut,WALK,Curb Cut,floor,1.17719,-0.00249912,9.62455,0
paterson,fGd6JE4qvoG1uOVvOjBBmg,det,2,0.683594,0.632812,0.863342,true,WALK,Curb Cut,WALK,Curb Cut,WALK,Curb Cut,ground,0.425206,,5.86551,0
paterson,fGd6JE4qvoG1uOVvOjBBmg,det,3,0.385742,0.523438,0.854612,true,WALK,Sidewalk,WALK,Sidewalk,WALK,Sidewalk,floor,2.63856,0.0892056,35.2473,0
paterson,fGd6JE4qvoG1uOVvOjBBmg,det,4,0.510742,0.537109,0.832679,true,ROAD,Lane Marking - Crosswalk,ROAD,Lane Marking - Crosswalk,ROAD,Lane Marking - Crosswalk,floor,1.41527,-0.0918859,22.2007,0
paterson,fGd6JE4qvoG1uOVvOjBBmg,missed,0,0.372023,0.530494,,missed,WALK,Curb Cut,WALK,Curb Cut,WALK,Curb Cut,floor,2.63856,0.0226614,27.0571,0
paterson,fGd6JE4qvoG1uOVvOjBBmg,missed,1,0.500519,0.528215,,missed,WALK,Sidewalk,WALK,Sidewalk,WALK,Sidewalk,floor,2.52507,0.0290401,29.2551,0
paterson,fGd6JE4qvoG1uOVvOjBBmg,missed,2,0.722424,0.660707,,missed,WALK,Curb Cut,WALK,Curb Cut,WALK,Curb Cut,ground,0.425206,,4.7046,0
paterson,fSQ5B3z1vT-Ym1-siL8iOA,det,0,0.558594,0.554688,0.921778,true,WALK,Sidewalk,WALK,Sidewalk,WALK,Sidewalk,floor,0.966921,0.140776,14.9842,0
paterson,fSQ5B3z1vT-Ym1-siL8iOA,det,1,0.394531,0.552734,0.763211,true,WALK,Curb Cut,WALK,Curb Cut,WALK,Curb Cut,floor,2.81007,0.109436,15.55,0
paterson,fSQ5B3z1vT-Ym1-siL8iOA,det,2,0.213867,0.568359,0.684471,true,WALK,Curb Cut,WALK,Curb Cut,WALK,Curb Cut,floor,1.75625,-0.0668129,11.92,0
paterson,fSQ5B3z1vT-Ym1-siL8iOA,missed,0,0.187617,0.565198,,missed,WALK,Sidewalk,WALK,Sidewalk,WALK,Sidewalk,floor,1.75625,-0.0943138,12.5156,0
paterson,fSQ5B3z1vT-Ym1-siL8iOA,missed,1,0.38285,0.551455,,missed,WALK,Curb Cut,WALK,Curb Cut,WALK,Curb Cut,floor,2.81007,0.0893659,15.9437,0
paterson,gZ3Acgi38PrzOVBkW-Il4Q,det,0,0.893555,0.599609,0.904797,true,WALK,Sidewalk,WALK,Sidewalk,WALK,Sidewalk,ground,1.30776,,8.03552,0
paterson,gZ3Acgi38PrzOVBkW-Il4Q,missed,0,0.990703,0.534039,,missed,WALK,Sidewalk,WALK,Sidewalk,WALK,Sidewalk,floor,0.836499,0.225807,24.2204,0
paterson,hMx_5PxQtlixa9LRSNnKFQ,det,0,0.237305,0.583984,0.971973,true,WALK,Sidewalk,WALK,Sidewalk,WALK,Sidewalk,ground,2.84407,,9.62455,0
paterson,hMx_5PxQtlixa9LRSNnKFQ,det,1,0.0820312,0.523438,0.912715,true,WALK,Sidewalk,WALK,Sidewalk,WALK,Sidewalk,ground,2.84407,,35.2473,0
paterson,hMx_5PxQtlixa9LRSNnKFQ,det,2,0.832031,0.662109,0.870329,true,WALK,Sidewalk,WALK,Sidewalk,WALK,Curb Cut,floor,3.03802,0.0255432,4.65603,0
paterson,hV6LwTvkCzyX_vQF3ZG5qQ,det,0,0.597656,0.585938,0.88624,true,WALK,Sidewalk,WALK,Sidewalk,WALK,Sidewalk,floor,3.33025,-0.0168287,9.39519,0
paterson,hV6LwTvkCzyX_vQF3ZG5qQ,det,1,0.269531,0.554688,0.836749,true,WALK,Curb Cut,WALK,Curb Cut,WALK,Sidewalk,floor_standin,0,0.653493,14.9842,0
paterson,hV6LwTvkCzyX_vQF3ZG5qQ,missed,0,0.264027,0.553978,,missed,ROAD,Lane Marking - General,ROAD,Road,ROAD,Lane Marking - General,floor_standin,0,0.676305,15.185,0
paterson,hV6LwTvkCzyX_vQF3ZG5qQ,missed,1,0.219339,0.549692,,missed,WALK,Curb Cut,WALK,Curb,WALK,Sidewalk,floor_standin,0,0.818622,16.5192,0
paterson,hV6LwTvkCzyX_vQF3ZG5qQ,missed,2,0.495206,0.519236,,missed,WALK,Curb Cut,WALK,Curb,WALK,Sidewalk,floor,4.40713,0.0160542,42.9715,0
paterson,hV6LwTvkCzyX_vQF3ZG5qQ,missed,3,0.322696,0.542367,,unsure_missed,ROAD,Lane Marking - Crosswalk,WALK,Curb,ROAD,Lane Marking - General,floor_standin,0,0.660914,19.4187,0
paterson,hvegP5rTGyRrsRQb3h-rog,det,0,0.19043,0.554688,0.919274,true,WALK,Sidewalk,WALK,Sidewalk,WALK,Sidewalk,ground,1.01914,,14.9842,0
paterson,hvegP5rTGyRrsRQb3h-rog,det,1,0.354492,0.539062,0.879943,true,WALK,Sidewalk,WALK,Sidewalk,WALK,Sidewalk,floor,1.64639,0.0524247,21.0802,0
paterson,iPgLrrQ5XDrWWlTXzI5MLQ,det,0,0.980469,0.523438,0.907675,true,WALK,Sidewalk,WALK,Sidewalk,WALK,Sidewalk,ground,3.38443,,35.2473,0
paterson,iPgLrrQ5XDrWWlTXzI5MLQ,det,1,0.25293,0.615234,0.877503,true,WALK,Sidewalk,WALK,Curb Cut,WALK,Sidewalk,floor_standin,0,0.184684,6.86541,0
paterson,iPgLrrQ5XDrWWlTXzI5MLQ,det,2,0.230469,0.599609,0.850707,true,WALK,Sidewalk,WALK,Curb Cut,WALK,Sidewalk,floor_standin,0,0.19342,8.03552,0
paterson,iPgLrrQ5XDrWWlTXzI5MLQ,det,3,0.871094,0.632812,0.807,true,WALK,Curb Cut,WALK,Curb Cut,WALK,Curb Cut,ground,3.38443,,5.86551,0
paterson,iPgLrrQ5XDrWWlTXzI5MLQ,det,4,0.854492,0.679688,0.615261,true,WALK,Curb Cut,WALK,Curb Cut,WALK,Curb Cut,ground,3.38443,,4.10585,0
paterson,iPgLrrQ5XDrWWlTXzI5MLQ,missed,0,0.990701,0.528969,,missed,WALK,Sidewalk,WALK,Sidewalk,WALK,Sidewalk,ground,3.38443,,28.4899,0
paterson,ijlwBkjXDfD2wCO_jSjCGA,det,0,0.0742188,0.539062,0.859666,true,WALK,Sidewalk,ROAD,Lane Marking - Crosswalk,WALK,Sidewalk,floor,0,0.0776287,21.0802,0
paterson,ijlwBkjXDfD2wCO_jSjCGA,det,1,0.941406,0.537109,0.836705,true,ROAD,Road,ROAD,Lane Marking - Crosswalk,ROAD,Road,floor,0.879378,0.112555,22.2007,0
paterson,ijlwBkjXDfD2wCO_jSjCGA,missed,0,0.0503061,0.525415,,missed,WALK,Curb Cut,WALK,Sidewalk,WALK,Curb Cut,floor,1.51012,-0.0153348,32.4948,0
paterson,ijlwBkjXDfD2wCO_jSjCGA,missed,1,0.0378998,0.524751,,unsure_missed,OTHER,Terrain,WALK,Curb,OTHER,Terrain,floor,0.828035,-0.0188393,33.3697,0
paterson,ijlwBkjXDfD2wCO_jSjCGA,missed,2,0.085423,0.537465,,unsure_missed,WALK,Sidewalk,WALK,Sidewalk,WALK,Sidewalk,floor,1.40388,-0.0445428,21.988,0
paterson,ijlwBkjXDfD2wCO_jSjCGA,missed,3,0.925578,0.53847,,unsure_missed,WALK,Sidewalk,WALK,Sidewalk,ROAD,Lane Marking - Crosswalk,floor,0.879378,-0.531364,21.4083,0
paterson,ijlwBkjXDfD2wCO_jSjCGA,missed,4,0.954077,0.525819,,missed,WALK,Curb Cut,WALK,Sidewalk,WALK,Curb Cut,floor,0.879378,1.01974,31.9842,0
paterson,ijlwBkjXDfD2wCO_jSjCGA,missed,5,0.968355,0.525004,,unsure_missed,WALK,Curb,WALK,Curb,OTHER,Terrain,floor,0.879378,-0.411169,33.031,0
paterson,ixm9RoZTI443YB7QoJ6nLQ,det,0,0.574219,0.539062,0.94119,true,WALK,Crosswalk - Plain,ROAD,Road,WALK,Crosswalk - Plain,floor,0.388158,-0.0759342,21.0802,0
paterson,ixm9RoZTI443YB7QoJ6nLQ,det,1,0.424805,0.539062,0.918533,true,WALK,Crosswalk - Plain,ROAD,Road,WALK,Crosswalk - Plain,floor,2.88615,0.0223194,21.0802,0
paterson,ixm9RoZTI443YB7QoJ6nLQ,det,2,0.457031,0.523438,0.335393,band_0p30,WALK,Curb Cut,WALK,Curb Cut,WALK,Curb Cut,floor,1.34901,0.0770634,35.2473,0
paterson,ixm9RoZTI443YB7QoJ6nLQ,missed,0,0.456715,0.523845,,unsure_missed,WALK,Curb Cut,WALK,Curb Cut,WALK,Curb Cut,floor,1.34901,0.0639509,34.6429,0
paterson,ixm9RoZTI443YB7QoJ6nLQ,missed,1,0.466036,0.522234,,unsure_missed,WALK,Curb Cut,WALK,Sidewalk,WALK,Sidewalk,floor,1.67526,0.0436979,37.1623,0
paterson,ixm9RoZTI443YB7QoJ6nLQ,missed,2,0.532413,0.520882,,unsure_missed,WALK,Curb Cut,WALK,Curb Cut,WALK,Curb Cut,floor,1.67526,-0.150823,39.576,0
paterson,ixm9RoZTI443YB7QoJ6nLQ,missed,3,0.544229,0.521344,,unsure_missed,WALK,Sidewalk,WALK,Sidewalk,WALK,Sidewalk,floor,1.34901,0.00209695,38.7163,0
paterson,ixm9RoZTI443YB7QoJ6nLQ,missed,4,0.574052,0.55215,,missed,WALK,Sidewalk,WALK,Curb Cut,WALK,Sidewalk,ground,0.867504,,15.7276,0
paterson,ixm9RoZTI443YB7QoJ6nLQ,missed,5,0.426575,0.556173,,missed,WALK,Curb Cut,WALK,Sidewalk,WALK,Curb Cut,floor,2.78902,,14.5799,0
paterson,jpunVR46zc0yifTPUihF2A,det,0,0.371094,0.568359,0.995045,true,WALK,Sidewalk,WALK,Sidewalk,WALK,Sidewalk,floor_standin,0,-0.0321371,11.92,0
paterson,jpunVR46zc0yifTPUihF2A,det,1,0.581055,0.583984,0.964396,true,WALK,Sidewalk,WALK,Sidewalk,WALK,Sidewalk,floor_standin,0,0.059468,9.62455,0
paterson,jpunVR46zc0yifTPUihF2A,missed,0,0.449083,0.53678,,unsure_missed,WALK,Sidewalk,WALK,Sidewalk,WALK,Sidewalk,floor_standin,0,0.204311,22.4011,0
paterson,jtPd8YX0gkDeQe6dq9mk4A,det,0,0.40918,0.537109,0.921898,true,WALK,Curb Cut,WALK,Curb,WALK,Curb Cut,floor,1.87878,0.037052,22.2007,0
paterson,jtPd8YX0gkDeQe6dq9mk4A,det,1,0.566406,0.539062,0.881335,true,WALK,Sidewalk,WALK,Sidewalk,WALK,Sidewalk,floor,1.53582,0.650018,21.0802,0
paterson,jtPd8YX0gkDeQe6dq9mk4A,missed,0,0.456143,0.515478,,missed,WALK,Curb Cut,WALK,Curb,WALK,Sidewalk,floor,1.61143,-0.0461249,53.4294,0
paterson,jtPd8YX0gkDeQe6dq9mk4A,missed,1,0.521925,0.513416,,missed,WALK,Sidewalk,WALK,Curb,WALK,Sidewalk,floor,2.24236,0.040693,61.6524,0
paterson,jtPd8YX0gkDeQe6dq9mk4A,missed,2,0.5342,0.514418,,missed,WALK,Curb Cut,WALK,Sidewalk,WALK,Curb Cut,floor,2.24236,0.026528,57.3605,0
paterson,jtPd8YX0gkDeQe6dq9mk4A,missed,3,0.570623,0.53346,,missed,ROAD,Lane Marking - Crosswalk,WALK,Sidewalk,ROAD,Road,floor,1.53582,0.847925,24.6429,0
paterson,k3ipUDBk_fu7EXSVSNGaig,det,0,0.316406,0.570312,0.891647,true,WALK,Sidewalk,WALK,Sidewalk,WALK,Sidewalk,floor,2.53898,-0.130305,11.5783,0
paterson,k3ipUDBk_fu7EXSVSNGaig,det,1,0.651367,0.585938,0.867217,true,WALK,Sidewalk,WALK,Sidewalk,WALK,Sidewalk,floor,4.06043,0.0320796,9.39519,0
paterson,k3ipUDBk_fu7EXSVSNGaig,det,2,0.557617,0.537109,0.820794,true,ROAD,Lane Marking - Crosswalk,WALK,Curb Cut,ROAD,Lane Marking - Crosswalk,floor,2.19802,-0.0800708,22.2007,0
paterson,k3ipUDBk_fu7EXSVSNGaig,det,3,0.425781,0.537109,0.735265,true,WALK,Curb Cut,WALK,Curb Cut,WALK,Curb Cut,floor,1.31997,-0.0316446,22.2007,0
paterson,k3ipUDBk_fu7EXSVSNGaig,missed,0,0.420246,0.535156,,missed,WALK,Sidewalk,WALK,Sidewalk,WALK,Sidewalk,floor,1.31997,-0.0316933,23.445,0
paterson,k3ipUDBk_fu7EXSVSNGaig,missed,1,0.543192,0.532318,,missed,WALK,Sidewalk,WALK,Sidewalk,WALK,Sidewalk,floor,3.79194,0.0735155,25.5205,0
paterson,k3ipUDBk_fu7EXSVSNGaig,missed,2,0.335354,0.566162,,missed,ROAD,Lane Marking - Crosswalk,ROAD,Lane Marking - Crosswalk,ROAD,Lane Marking - Crosswalk,floor,2.53898,-0.142255,12.3282,0
paterson,k3ipUDBk_fu7EXSVSNGaig,missed,3,0.648285,0.564136,,missed,ROAD,Road,ROAD,Lane Marking - Crosswalk,ROAD,Lane Marking - Crosswalk,floor,4.06043,0.1362,12.7288,0
paterson,kJpIgjL0BDI74K-jbGnbow,det,0,0.979492,0.523438,0.609617,true,WALK,Sidewalk,WALK,Sidewalk,WALK,Sidewalk,floor,4.82893,0.228703,35.2473,0
paterson,kJpIgjL0BDI74K-jbGnbow,det,1,0.0419922,0.523438,0.424399,band_0p30,OTHER,Terrain,OTHER,Terrain,OTHER,Terrain,floor,0.887573,-0.0302947,35.2473,0
paterson,kJpIgjL0BDI74K-jbGnbow,missed,0,0.944352,0.551844,,missed,WALK,Sidewalk,WALK,Sidewalk,WALK,Sidewalk,floor,2.15059,0.150399,15.8219,0
paterson,lswzBhE0aaemfGKiH3fIYA,det,0,0.674805,0.523438,0.975301,true,WALK,Sidewalk,WALK,Sidewalk,WALK,Sidewalk,floor,4.1329,-0.0854975,35.2473,0
paterson,lswzBhE0aaemfGKiH3fIYA,missed,0,0.768243,0.530569,,missed,WALK,Sidewalk,WALK,Sidewalk,WALK,Sidewalk,floor,1.09325,0.0405673,26.9903,0
paterson,nqA7oH-86S2CmsGA9hyVtA,det,0,0.0976562,0.537109,0.95571,true,WALK,Sidewalk,WALK,Sidewalk,WALK,Sidewalk,floor,0.394657,-0.0661559,22.2007,0
paterson,nqA7oH-86S2CmsGA9hyVtA,det,1,0.808594,0.539062,0.897135,true,WALK,Sidewalk,WALK,Sidewalk,WALK,Sidewalk,floor,2.62801,0.139119,21.0802,0
paterson,nqA7oH-86S2CmsGA9hyVtA,det,2,0.791992,0.552734,0.894637,true,ROAD,Road,WALK,Curb Cut,ROAD,Road,floor,0.951416,0.136488,15.55,0
paterson,nqA7oH-86S2CmsGA9hyVtA,det,3,0.683594,0.599609,0.826181,true,WALK,Sidewalk,WALK,Sidewalk,WALK,Sidewalk,floor,0.949769,0.0572453,8.03552,0
paterson,nqA7oH-86S2CmsGA9hyVtA,det,4,0.277344,0.617188,0.713035,true,WALK,Sidewalk,WALK,Sidewalk,WALK,Sidewalk,ground,0.974581,,6.74025,0
paterson,nqA7oH-86S2CmsGA9hyVtA,det,5,0.979492,0.539062,0.698357,true,WALK,Sidewalk,WALK,Sidewalk,WALK,Sidewalk,floor,2.62152,0.38022,21.0802,0
paterson,nqA7oH-86S2CmsGA9hyVtA,det,6,0.183594,0.568359,0.687875,false,WALK,Sidewalk,WALK,Sidewalk,WALK,Sidewalk,ground,0.974581,,11.92,0
paterson,nqA7oH-86S2CmsGA9hyVtA,det,7,0.917969,0.537109,0.651682,false,ROAD,Road,ROAD,Road,ROAD,Road,floor,1.93016,-0.129418,22.2007,0
paterson,nqA7oH-86S2CmsGA9hyVtA,det,8,0.160156,0.523438,0.628393,true,WALK,Sidewalk,WALK,Sidewalk,WALK,Sidewalk,floor,5.80573,0.170747,35.2473,0
paterson,q10dxfl-oC7RkRFUVKU_RA,det,0,0.44043,0.523438,0.811582,true,WALK,Sidewalk,ROAD,Lane Marking - Crosswalk,WALK,Sidewalk,floor,2.5688,0.0518249,35.2473,0
paterson,q10dxfl-oC7RkRFUVKU_RA,missed,0,0.4311,0.521461,,missed,WALK,Crosswalk - Plain,WALK,Sidewalk,WALK,Crosswalk - Plain,floor,2.5688,0.0256389,38.5044,0
paterson,qL5hz8oXZM0g4pKxGR3Yyw,det,0,0.331055,0.585938,0.931754,true,WALK,Sidewalk,WALK,Sidewalk,WALK,Sidewalk,ground,1.4662,,9.39519,0
paterson,qL5hz8oXZM0g4pKxGR3Yyw,det,1,0.542969,0.554688,0.908521,true,WALK,Curb Cut,WALK,Curb Cut,WALK,Curb Cut,floor_standin,0,0.0973266,14.9842,0
paterson,qL5hz8oXZM0g4pKxGR3Yyw,det,2,0.432617,0.554688,0.788374,true,WALK,Curb Cut,WALK,Curb Cut,WALK,Sidewalk,floor_standin,0,0.161803,14.9842,0
paterson,qL5hz8oXZM0g4pKxGR3Yyw,det,3,0.636719,0.630859,0.712096,true,WALK,Sidewalk,WALK,Sidewalk,WALK,Sidewalk,ground,1.4662,,5.96402,0
paterson,qL5hz8oXZM0g4pKxGR3Yyw,missed,0,0.526313,0.551566,,missed,WALK,Curb Cut,WALK,Curb,WALK,Curb Cut,floor_standin,0,0.137588,15.9089,0
paterson,qL5hz8oXZM0g4pKxGR3Yyw,missed,1,0.626367,0.596905,,missed,WALK,Curb Cut,WALK,Curb,WALK,Curb Cut,ground,1.4662,,8.27488,0
paterson,sZDQ4gAO200kPfWhz1st9g,det,0,0.957031,0.537109,0.895375,true,WALK,Curb Cut,WALK,Curb Cut,WALK,Curb Cut,floor,3.41868,-0.507654,22.2007,0
paterson,sZDQ4gAO200kPfWhz1st9g,det,1,0.90918,0.570312,0.84681,false,WALK,Sidewalk,WALK,Sidewalk,WALK,Sidewalk,floor,4.88776,-0.135711,11.5783,0
paterson,sZDQ4gAO200kPfWhz1st9g,det,2,0.0654297,0.568359,0.464329,band_0p30,WALK,Curb Cut,WALK,Curb Cut,WALK,Curb Cut,floor,1.65788,-0.0459729,11.92,0
paterson,sZDQ4gAO200kPfWhz1st9g,missed,0,0.97694,0.537377,,missed,WALK,Curb,WALK,Curb,WALK,Curb,floor_standin,0,0.126984,22.0401,0
paterson,sZDQ4gAO200kPfWhz1st9g,missed,1,0.0337731,0.540578,,missed,OBJECT,Vegetation,ROAD,Lane Marking - Crosswalk,OBJECT,Vegetation,floor_standin,0,0.216702,20.2849,0
paterson,tekhQ4HQ9pcOqs_kGGpGaw,det,0,0.198242,0.599609,0.984059,true,WALK,Sidewalk,WALK,Sidewalk,WALK,Sidewalk,floor,1.52123,0.137556,8.03552,0
paterson,tekhQ4HQ9pcOqs_kGGpGaw,det,1,0.839844,0.646484,0.965194,true,WALK,Sidewalk,WALK,Sidewalk,WALK,Curb Cut,ground,1.44821,,5.24521,0
paterson,tekhQ4HQ9pcOqs_kGGpGaw,det,2,0.386719,0.554688,0.901549,true,WALK,Sidewalk,WALK,Sidewalk,WALK,Sidewalk,floor_standin,0,0.184386,14.9842,0
paterson,tekhQ4HQ9pcOqs_kGGpGaw,det,3,0.410156,0.554688,0.885345,true,WALK,Sidewalk,WALK,Sidewalk,WALK,Sidewalk,floor_standin,0,0.203029,14.9842,0
paterson,tekhQ4HQ9pcOqs_kGGpGaw,det,4,0.230469,0.599609,0.877227,true,WALK,Sidewalk,WALK,Sidewalk,WALK,Sidewalk,floor,1.52123,0.0948592,8.03552,0
paterson,tekhQ4HQ9pcOqs_kGGpGaw,det,5,0.769531,0.630859,0.860587,true,WALK,Sidewalk,WALK,Sidewalk,WALK,Sidewalk,ground,1.44821,,5.96402,0
paterson,tekhQ4HQ9pcOqs_kGGpGaw,det,6,0.605469,0.554688,0.785305,true,WALK,Sidewalk,WALK,Sidewalk,WALK,Sidewalk,floor,1.45172,0.0374993,14.9842,0
paterson,tekhQ4HQ9pcOqs_kGGpGaw,det,7,0.558594,0.568359,0.740899,true,WALK,Curb Cut,WALK,Curb Cut,WALK,Curb Cut,floor_standin,0,0.0836341,11.92,0
paterson,tekhQ4HQ9pcOqs_kGGpGaw,det,8,0.574219,0.568359,0.725851,true,WALK,Curb Cut,WALK,Curb Cut,WALK,Curb Cut,floor_standin,0,0.0653133,11.92,0
paterson,vRVQrenH_9eL4n4O4Gp_oQ,det,0,0.535156,0.537109,0.750353,true,WALK,Sidewalk,WALK,Sidewalk,WALK,Sidewalk,floor,2.56247,0.147819,22.2007,0
paterson,vRVQrenH_9eL4n4O4Gp_oQ,det,1,0.417969,0.539062,0.383565,band_0p30,ROAD,Lane Marking - General,WALK,Crosswalk - Plain,WALK,Crosswalk - Plain,floor_standin,0,-0.372185,21.0802,0
paterson,vRVQrenH_9eL4n4O4Gp_oQ,missed,0,0.523729,0.522146,,missed,WALK,Sidewalk,WALK,Sidewalk,WALK,Sidewalk,floor,2.56247,0.639933,37.3093,0
paterson,vRVQrenH_9eL4n4O4Gp_oQ,missed,1,0.413422,0.540249,,unsure_missed,WALK,Sidewalk,WALK,Sidewalk,WALK,Curb,floor_standin,0,0.185352,20.4524,0
paterson,vRVQrenH_9eL4n4O4Gp_oQ,missed,2,0.453891,0.527203,,unsure_missed,ROAD,Road,ROAD,Road,ROAD,Lane Marking - General,floor_standin,0,1.1168,30.3492,0
paterson,vRVQrenH_9eL4n4O4Gp_oQ,missed,3,0.539009,0.533884,,missed,WALK,Sidewalk,WALK,Crosswalk - Plain,WALK,Crosswalk - Plain,floor,2.56247,0.179962,24.3324,0
paterson,wNcM5HCEQeGv8ndYe9HMmw,det,0,0.612305,0.583984,0.981028,true,WALK,Sidewalk,WALK,Sidewalk,WALK,Sidewalk,ground,1.48675,,9.62455,0
paterson,wNcM5HCEQeGv8ndYe9HMmw,det,1,0.417969,0.552734,0.764962,true,WALK,Sidewalk,WALK,Sidewalk,WALK,Sidewalk,floor_standin,0,0.197125,15.55,0
paterson,wVWZk8xcqrpV0l1CKpK45w,det,0,0.292969,0.570312,0.779199,true,WALK,Sidewalk,WALK,Sidewalk,WALK,Sidewalk,floor,3.37974,0.170626,11.5783,0
paterson,wVWZk8xcqrpV0l1CKpK45w,det,1,0.0966797,0.554688,0.630362,true,WALK,Curb Cut,WALK,Curb,WALK,Curb Cut,floor,0.402025,0.0195014,14.9842,0
paterson,y8Q6XDfEoPt5K6ONqi406w,det,0,0.75293,0.599609,0.90755,true,WALK,Sidewalk,WALK,Sidewalk,WALK,Sidewalk,floor,2.15059,0.0659432,8.03552,0
paterson,y8Q6XDfEoPt5K6ONqi406w,det,1,0.886719,0.583984,0.87774,true,WALK,Sidewalk,WALK,Sidewalk,WALK,Sidewalk,floor,0.911716,-0.187392,9.62455,0
paterson,y8Q6XDfEoPt5K6ONqi406w,det,2,0.557617,0.537109,0.829935,false,WALK,Sidewalk,WALK,Sidewalk,WALK,Sidewalk,floor,3.92221,0.178898,22.2007,0
paterson,yc2j9hm9FtM1LXTmsXTcWA,det,0,0.260742,0.537109,0.819196,true,WALK,Sidewalk,WALK,Sidewalk,WALK,Sidewalk,floor,1.9884,-0.0644685,22.2007,0
paterson,yc2j9hm9FtM1LXTmsXTcWA,missed,0,0.330936,0.524519,,missed,WALK,Curb Cut,WALK,Sidewalk,WALK,Sidewalk,floor,1.71555,-0.0511205,33.6874,0
paterson,yd34YwObnIjHhBZvTmK3UQ,det,0,0.0351562,0.537109,0.367409,band_0p30,ROAD,Road,ROAD,Road,ROAD,Road,floor_standin,0,0.172125,22.2007,0
paterson,zB7_9mtLQuVbRyZrttlMXg,det,0,0.0664062,0.552734,0.902853,true,WALK,Sidewalk,WALK,Sidewalk,WALK,Sidewalk,floor,4.73727,-0.456764,15.55,0
paterson,zB7_9mtLQuVbRyZrttlMXg,det,1,0.0341797,0.523438,0.705114,true,WALK,Sidewalk,WALK,Sidewalk,WALK,Sidewalk,floor,2.45471,0.124694,35.2473,0
paterson,zB7_9mtLQuVbRyZrttlMXg,missed,0,0.0264348,0.526455,,missed,WALK,Sidewalk,WALK,Sidewalk,WALK,Sidewalk,floor,2.45471,-0.00772152,31.2113,0
paterson,zB7_9mtLQuVbRyZrttlMXg,missed,1,0.0760404,0.547688,,missed,ROAD,Lane Marking - Crosswalk,WALK,Sidewalk,WALK,Curb Cut,floor,2.93718,0.0600382,17.2244,0
paterson,zB7_9mtLQuVbRyZrttlMXg,missed,2,0.966682,0.524214,,missed,WALK,Curb Cut,WALK,Curb Cut,WALK,Curb Cut,floor,0.409261,-0.393889,34.1127,0
paterson,zzWJ9LWjpfDZLBT7W8o8zw,det,0,0.932617,0.554688,0.910109,true,WALK,Sidewalk,WALK,Sidewalk,WALK,Sidewalk,floor,3.43177,0.173602,14.9842,0
paterson,zzWJ9LWjpfDZLBT7W8o8zw,det,1,0.956055,0.554688,0.877325,true,WALK,Sidewalk,WALK,Sidewalk,WALK,Sidewalk,floor,3.43177,0.0956569,14.9842,0
paterson,zzWJ9LWjpfDZLBT7W8o8zw,det,2,0.316406,0.615234,0.870862,true,WALK,Curb Cut,WALK,Curb Cut,WALK,Curb Cut,floor_standin,0,0.160019,6.86541,0
paterson,zzWJ9LWjpfDZLBT7W8o8zw,det,3,0.666992,0.664062,0.804522,true,WALK,Sidewalk,WALK,Sidewalk,WALK,Sidewalk,floor,1.92346,-0.0652955,4.58964,0
paterson,zzWJ9LWjpfDZLBT7W8o8zw,det,4,0.713867,0.648438,0.802347,true,WALK,Sidewalk,WALK,Sidewalk,WALK,Curb Cut,floor,4.54515,0.0294841,5.16531,0
paterson,zzWJ9LWjpfDZLBT7W8o8zw,det,5,0.105469,0.568359,0.801813,true,WALK,Sidewalk,WALK,Sidewalk,WALK,Sidewalk,floor_standin,0,0.317028,11.92,0
paterson,zzWJ9LWjpfDZLBT7W8o8zw,det,6,0.292969,0.601562,0.704828,true,WALK,Sidewalk,WALK,Sidewalk,WALK,Sidewalk,floor_standin,0,0.226032,7.87031,0
paterson,zzWJ9LWjpfDZLBT7W8o8zw,missed,0,0.0907576,0.565051,,missed,WALK,Curb Cut,WALK,Curb Cut,WALK,Curb Cut,floor,3.28855,0.0315777,12.5449,0
gainesville,-FMeOe5iGG-5JFxSF0lxaQ,det,0,0.425781,0.523438,0.610808,true,ROAD,Lane Marking - Crosswalk,ROAD,Lane Marking - Crosswalk,ROAD,Lane Marking - Crosswalk,ground,1.48279,,35.2473,0
gainesville,-FMeOe5iGG-5JFxSF0lxaQ,missed,0,0.446625,0.508315,,unsure_missed,ROAD,Road,ROAD,Road,ROAD,Road,floor,1.7472,-0.057762,99.5033,0
gainesville,-zi5tN6Qyyeq8B1mczYfOg,det,0,0.237305,0.599609,0.918099,true,WALK,Sidewalk,WALK,Sidewalk,WALK,Sidewalk,floor,1.13401,-0.135851,8.03552,0
gainesville,-zi5tN6Qyyeq8B1mczYfOg,det,1,0.878906,0.648438,0.831939,true,WALK,Curb Cut,WALK,Curb Cut,WALK,Curb Cut,ground,1.04997,,5.16531,0
gainesville,-zi5tN6Qyyeq8B1mczYfOg,det,2,0.0898438,0.523438,0.479124,band_0p30,OTHER,Terrain,OTHER,Terrain,OTHER,Terrain,floor,1.42615,0.104656,35.2473,0
gainesville,1n-U7MQVuboJf00fwh9UBg,det,0,0.870117,0.554688,0.826766,true,WALK,Sidewalk,WALK,Sidewalk,WALK,Sidewalk,floor,2.3541,0.0960329,14.9842,0
gainesville,1n-U7MQVuboJf00fwh9UBg,missed,0,0.284385,0.52485,,unsure_missed,WALK,Sidewalk,WALK,Sidewalk,WALK,Sidewalk,floor,1.15301,0.181743,33.2365,0
gainesville,1n-U7MQVuboJf00fwh9UBg,missed,1,0.305455,0.527374,,missed,WALK,Crosswalk - Plain,ROAD,Road,ROAD,Road,floor,2.30758,-0.0143909,30.1589,0
gainesville,1n-U7MQVuboJf00fwh9UBg,missed,2,0.193695,0.528182,,unsure_missed,ROAD,Road,ROAD,Road,ROAD,Road,floor_standin,0,0.232233,29.2899,0
gainesville,1n-U7MQVuboJf00fwh9UBg,missed,3,0.88271,0.533829,,unsure_missed,WALK,Sidewalk,WALK,Curb,WALK,Sidewalk,floor,2.3541,0.250147,24.3723,0
gainesville,1n-U7MQVuboJf00fwh9UBg,missed,4,0.94068,0.523962,,unsure_missed,ROAD,Road,ROAD,Road,ROAD,Road,floor,1.54497,-0.130787,34.4723,0
gainesville,1n-U7MQVuboJf00fwh9UBg,missed,5,0.962679,0.522495,,unsure_missed,WALK,Curb Cut,ROAD,Road,ROAD,Road,floor_standin,0,0.0326277,36.7296,0
gainesville,21qHYEKoNSGw9O3wF_dvBg,det,0,0.932617,0.539062,0.75608,true,WALK,Sidewalk,WALK,Sidewalk,WALK,Sidewalk,floor,1.3653,-0.152491,21.0802,0
gainesville,21qHYEKoNSGw9O3wF_dvBg,det,1,0.253906,0.523438,0.441024,band_0p30,WALK,Sidewalk,WALK,Sidewalk,WALK,Sidewalk,floor,1.89734,0.371194,35.2473,0
gainesville,2ZG41STPUADAWUJD-Rc4sA,det,0,0.0585938,0.539062,0.564085,true,ROAD,Road,WALK,Sidewalk,ROAD,Road,floor,1.21241,0.0798002,21.0802,0
gainesville,2ZG41STPUADAWUJD-Rc4sA,det,1,0.94043,0.539062,0.382933,band_0p30,WALK,Sidewalk,WALK,Crosswalk - Plain,WALK,Sidewalk,floor,1.21241,0.0509514,21.0802,0
gainesville,2ZG41STPUADAWUJD-Rc4sA,missed,0,0.0439487,0.524596,,unsure_missed,WALK,Sidewalk,OTHER,Terrain,WALK,Sidewalk,floor,0.431147,0.0539333,33.5807,0
gainesville,2ZG41STPUADAWUJD-Rc4sA,missed,1,0.961391,0.523389,,missed,WALK,Sidewalk,WALK,Curb Cut,WALK,Sidewalk,floor,1.68957,0.00331088,35.3207,0
gainesville,2xfTrO6eZbF0hKmvjGzN0A,det,0,0.916992,0.601562,0.704925,false,ROAD,Road,ROAD,Road,ROAD,Road,floor,3.26003,-0.00235057,7.87031,0
gainesville,3CbLaqDP3N3z64brBrC0eA,det,0,0.0732422,0.554688,0.716525,true,WALK,Sidewalk,WALK,Sidewalk,WALK,Sidewalk,floor,2.82861,0.0493068,14.9842,0
gainesville,3CbLaqDP3N3z64brBrC0eA,det,1,0.791992,0.648438,0.686656,true,WALK,Curb Cut,WALK,Sidewalk,WALK,Curb Cut,ground,2.90488,,5.16531,0
gainesville,3CbLaqDP3N3z64brBrC0eA,det,2,0.0976562,0.539062,0.614156,unsure,WALK,Sidewalk,WALK,Sidewalk,WALK,Sidewalk,floor,1.73325,0.00275239,21.0802,0
gainesville,3CbLaqDP3N3z64brBrC0eA,det,3,0.682617,0.630859,0.362673,band_0p30,WALK,Sidewalk,WALK,Sidewalk,WALK,Sidewalk,ground,2.90488,,5.96402,0
gainesville,4My9h4mmpjE82U1up3jWOA,det,0,0.667969,0.554688,0.891068,true,WALK,Sidewalk,WALK,Sidewalk,WALK,Sidewalk,floor,1.34305,-0.0216743,14.9842,0
gainesville,4My9h4mmpjE82U1up3jWOA,det,1,0.332031,0.539062,0.74571,true,WALK,Curb Cut,WALK,Curb Cut,WALK,Curb Cut,floor,1.3219,0.025103,21.0802,0
gainesville,4My9h4mmpjE82U1up3jWOA,det,2,0.885742,0.539062,0.74438,true,WALK,Sidewalk,WALK,Sidewalk,WALK,Sidewalk,floor,1.34305,-0.345596,21.0802,0
gainesville,4My9h4mmpjE82U1up3jWOA,det,3,0.620117,0.568359,0.725314,true,WALK,Curb Cut,WALK,Curb Cut,WALK,Curb Cut,floor,1.3219,0.113918,11.92,0
gainesville,4My9h4mmpjE82U1up3jWOA,det,4,0.932617,0.539062,0.704389,true,OTHER,Terrain,OTHER,Terrain,OTHER,Terrain,floor,1.34305,-0.378899,21.0802,0
gainesville,4My9h4mmpjE82U1up3jWOA,det,5,0.307617,0.537109,0.668231,true,WALK,Curb Cut,WALK,Curb Cut,WALK,Curb Cut,floor,0.638271,-0.130667,22.2007,0
gainesville,4My9h4mmpjE82U1up3jWOA,det,6,0.121094,0.537109,0.653006,true,WALK,Crosswalk - Plain,WALK,Curb Cut,WALK,Crosswalk - Plain,floor,1.05795,0.0174425,22.2007,0
gainesville,4My9h4mmpjE82U1up3jWOA,det,7,0.910156,0.539062,0.626464,duplicate,WALK,Sidewalk,WALK,Sidewalk,WALK,Sidewalk,floor,1.34305,-0.366322,21.0802,0
gainesville,4My9h4mmpjE82U1up3jWOA,det,8,0.777344,0.552734,0.483461,band_0p30,WALK,Curb,ROAD,Catch Basin,WALK,Curb,floor,1.34305,-0.169165,15.55,0
gainesville,4My9h4mmpjE82U1up3jWOA,missed,0,0.142976,0.534959,,missed,WALK,Sidewalk,WALK,Sidewalk,WALK,Sidewalk,floor,1.05795,0.0159846,23.5785,0
gainesville,5vEoUj3H3aRkW-2h1B0JAQ,det,0,0.503906,0.523438,0.890391,true,WALK,Sidewalk,WALK,Sidewalk,WALK,Sidewalk,floor,1.79504,0.0542041,35.2473,0
gainesville,5vEoUj3H3aRkW-2h1B0JAQ,det,1,0.643555,0.648438,0.80214,true,WALK,Curb Cut,WALK,Sidewalk,WALK,Curb Cut,ground,1.43981,,5.16531,0
gainesville,5vEoUj3H3aRkW-2h1B0JAQ,det,2,0.0576172,0.554688,0.569404,unsure,WALK,Sidewalk,WALK,Sidewalk,WALK,Sidewalk,floor,1.04717,0.0592311,14.9842,0
gainesville,6-tNVth5ck0axWmPuKpiXg,det,0,0.957031,0.570312,0.646246,true,WALK,Sidewalk,WALK,Sidewalk,WALK,Sidewalk,floor,2.14448,-0.0421808,11.5783,0
gainesville,6-tNVth5ck0axWmPuKpiXg,missed,0,0.0331515,0.571311,,unsure_missed,WALK,Curb Cut,WALK,Curb Cut,WALK,Curb Cut,floor,2.14448,0.0446684,11.4108,0
gainesville,6-tNVth5ck0axWmPuKpiXg,missed,1,0.0731313,0.558889,,unsure_missed,WALK,Sidewalk,ROAD,Road,WALK,Sidewalk,floor,2.14448,0.022168,13.893,0
gainesville,65kxFTBgmbOPUQbC612rdg,det,0,0.277344,0.632812,0.991004,true,WALK,Sidewalk,WALK,Sidewalk,WALK,Sidewalk,floor_standin,0,0.0158495,5.86551,0
gainesville,65kxFTBgmbOPUQbC612rdg,det,1,0.582031,0.539062,0.96759,true,WALK,Curb,WALK,Sidewalk,WALK,Curb,floor,2.55321,0.0524655,21.0802,0
gainesville,65kxFTBgmbOPUQbC612rdg,det,2,0.682617,0.583984,0.96647,true,WALK,Curb Cut,WALK,Sidewalk,WALK,Curb Cut,floor,1.87607,0.125499,9.62455,0
gainesville,65kxFTBgmbOPUQbC612rdg,det,3,0.324219,0.570312,0.959498,true,OTHER,Terrain,OTHER,Terrain,OTHER,Terrain,floor_standin,0,0.08328,11.5783,0
gainesville,65kxFTBgmbOPUQbC612rdg,det,4,0.417969,0.552734,0.913491,true,WALK,Curb Cut,WALK,Curb Cut,WALK,Curb Cut,floor_standin,0,0.0880354,15.55,0
gainesville,65kxFTBgmbOPUQbC612rdg,det,5,0.457031,0.539062,0.847359,true,OTHER,Terrain,OTHER,Terrain,OTHER,Terrain,floor_standin,0,0.0934603,21.0802,0
gainesville,65kxFTBgmbOPUQbC612rdg,det,6,0.729492,0.646484,0.808941,true,WALK,Curb Cut,WALK,Sidewalk,WALK,Curb Cut,floor,1.87607,0.118926,5.24521,0
gainesville,65kxFTBgmbOPUQbC612rdg,det,7,0.542969,0.539062,0.592607,true,OTHER,Terrain,OTHER,Terrain,OTHER,Terrain,floor_standin,0,0.0868507,21.0802,0
gainesville,6HfrzDBSveHUN1NpGsF31Q,missed,0,0.526278,0.5148,,missed,WALK,Sidewalk,ROAD,Road,ROAD,Road,ground,0.913431,,55.8801,0
gainesville,6HfrzDBSveHUN1NpGsF31Q,missed,1,0.55789,0.536426,,missed,ROAD,Road,ROAD,Road,ROAD,Road,ground,0.913431,,22.6211,0
gainesville,6KnaArlg4nGEGAGNkIw9NA,det,0,0.957031,0.570312,0.945089,true,WALK,Sidewalk,WALK,Sidewalk,WALK,Sidewalk,floor,2.35526,0.00213013,11.5783,0
gainesville,6KnaArlg4nGEGAGNkIw9NA,det,1,0.0742188,0.539062,0.859712,true,OTHER,Terrain,OTHER,Terrain,OTHER,Terrain,floor,3.42028,-0.230534,21.0802,0
gainesville,6KnaArlg4nGEGAGNkIw9NA,det,2,0.698242,0.568359,0.836421,true,ROAD,Lane Marking - Crosswalk,ROAD,Lane Marking - Crosswalk,ROAD,Lane Marking - Crosswalk,floor_standin,0,0.060788,11.92,0
gainesville,6KnaArlg4nGEGAGNkIw9NA,det,3,0.643555,0.554688,0.592528,true,WALK,Curb Cut,ROAD,Road,WALK,Sidewalk,floor_standin,0,0.0798686,14.9842,0
gainesville,6mZXrVGoxQ2H1k8Jx2OZHA,det,0,0.84668,0.585938,0.644621,true,WALK,Sidewalk,WALK,Sidewalk,WALK,Sidewalk,floor,0.487386,-0.0522023,9.39519,0
gainesville,7dme7qsPcOTglSlmpGp9Rw,det,0,0.457031,0.539062,0.72766,false,WALK,Curb Cut,ROAD,Parking,WALK,Curb Cut,floor,2.4923,0.397583,21.0802,0
gainesville,82y6sIvPm-_shG58klusgw,det,0,0.964844,0.554688,0.783698,true,WALK,Curb Cut,WALK,Sidewalk,WALK,Curb Cut,floor,2.88724,0.0331216,14.9842,0
gainesville,82y6sIvPm-_shG58klusgw,missed,0,0.983838,0.529215,,missed,WALK,Sidewalk,WALK,Curb Cut,WALK,Sidewalk,floor,2.57542,0.12071,28.2482,0
gainesville,89lilp2BlhppxL-oQ0gLNg,det,0,0.199219,0.539062,1.00225,true,WALK,Sidewalk,WALK,Sidewalk,WALK,Sidewalk,floor,0.690122,-0.076742,21.0802,0
gainesville,89lilp2BlhppxL-oQ0gLNg,det,1,0.957031,0.552734,0.895081,true,WALK,Sidewalk,WALK,Sidewalk,WALK,Curb Cut,floor,1.37899,0.115578,15.55,0
gainesville,89lilp2BlhppxL-oQ0gLNg,det,2,0.300781,0.539062,0.876072,true,WALK,Curb,WALK,Curb,WALK,Sidewalk,floor,0.690122,-0.0450577,21.0802,0
gainesville,89lilp2BlhppxL-oQ0gLNg,det,3,0.854492,0.554688,0.871471,true,WALK,Sidewalk,WALK,Sidewalk,WALK,Sidewalk,floor,1.37899,0.0710491,14.9842,0
gainesville,89lilp2BlhppxL-oQ0gLNg,det,4,0.53418,0.552734,0.867292,true,WALK,Sidewalk,WALK,Sidewalk,WALK,Sidewalk,ground,0.306467,,15.55,0
gainesville,89lilp2BlhppxL-oQ0gLNg,det,5,0.120117,0.539062,0.797467,true,WALK,Sidewalk,WALK,Sidewalk,WALK,Sidewalk,floor,1.37899,0.0215573,21.0802,0
gainesville,89lilp2BlhppxL-oQ0gLNg,det,6,0.652344,0.568359,0.583206,true,WALK,Curb Cut,WALK,Curb,WALK,Curb Cut,ground,0.306467,,11.92,0
gainesville,89lilp2BlhppxL-oQ0gLNg,det,7,0.378906,0.539062,0.561056,true,WALK,Sidewalk,OTHER,Terrain,WALK,Sidewalk,floor,1.07538,-0.0720469,21.0802,0
gainesville,89lilp2BlhppxL-oQ0gLNg,det,8,0.760742,0.552734,0.303784,band_0p30,ROAD,Manhole,WALK,Curb,ROAD,Manhole,ground,0.306467,,15.55,0
gainesville,9D-oOS00uSg18nvfm8t9zQ,det,0,0.0664062,0.539062,0.911288,true,WALK,Sidewalk,WALK,Sidewalk,WALK,Sidewalk,floor,1.26393,0.0168532,21.0802,0
gainesville,9D-oOS00uSg18nvfm8t9zQ,det,1,0.269531,0.585938,0.829389,true,WALK,Sidewalk,WALK,Sidewalk,WALK,Sidewalk,ground,1.38931,,9.39519,0
gainesville,9D-oOS00uSg18nvfm8t9zQ,det,2,0.933594,0.554688,0.785553,true,WALK,Curb Cut,WALK,Curb Cut,WALK,Curb Cut,floor,3.81203,0.0624643,14.9842,0
gainesville,9D-oOS00uSg18nvfm8t9zQ,det,3,0.957031,0.552734,0.766087,duplicate,WALK,Curb Cut,WALK,Curb Cut,WALK,Curb Cut,floor,3.81203,0.103467,15.55,0
gainesville,9D-oOS00uSg18nvfm8t9zQ,det,4,0.72168,0.617188,0.711479,true,WALK,Sidewalk,WALK,Sidewalk,WALK,Sidewalk,floor,0.70914,0.0253125,6.74025,0
gainesville,9D-oOS00uSg18nvfm8t9zQ,det,5,0.105469,0.539062,0.439258,band_0p30,WALK,Sidewalk,WALK,Sidewalk,WALK,Sidewalk,floor,1.26393,0.019259,21.0802,0
gainesville,9D-oOS00uSg18nvfm8t9zQ,det,6,0.238281,0.570312,0.402433,band_0p30,WALK,Sidewalk,WALK,Sidewalk,WALK,Sidewalk,ground,1.38931,,11.5783,0
gainesville,9QF3VpTsXpZei70YvA-H6w,det,0,0.863281,0.568359,0.623264,false,WALK,Sidewalk,WALK,Sidewalk,WALK,Sidewalk,ground,0.972168,,11.92,0
gainesville,9QF3VpTsXpZei70YvA-H6w,det,1,0.949219,0.537109,0.569832,unsure,ROAD,Road,ROAD,Road,ROAD,Road,floor,1.14859,0.0565259,22.2007,0
gainesville,9tS6faHm3jFdOth84XlbEQ,det,0,0.206055,0.568359,0.985081,true,WALK,Sidewalk,WALK,Sidewalk,WALK,Sidewalk,floor,0.860256,0.0939164,11.92,0
gainesville,9tS6faHm3jFdOth84XlbEQ,det,1,0.90918,0.583984,0.952847,true,WALK,Curb Cut,WALK,Curb Cut,WALK,Curb Cut,ground,0.648007,,9.62455,0
gainesville,9tS6faHm3jFdOth84XlbEQ,det,2,0.838867,0.583984,0.901913,true,WALK,Curb Cut,WALK,Curb Cut,WALK,Curb,ground,0.648007,,9.62455,0
gainesville,9tS6faHm3jFdOth84XlbEQ,det,3,0.34668,0.554688,0.894436,true,WALK,Sidewalk,WALK,Sidewalk,WALK,Sidewalk,floor,0.860256,0.0877004,14.9842,0
gainesville,9tS6faHm3jFdOth84XlbEQ,det,4,0.121094,0.583984,0.863639,true,WALK,Curb Cut,WALK,Curb Cut,WALK,Curb Cut,floor,0.860256,0.00798031,9.62455,0
gainesville,9tS6faHm3jFdOth84XlbEQ,det,5,0.402344,0.554688,0.772064,true,WALK,Sidewalk,WALK,Sidewalk,WALK,Sidewalk,floor,0.860256,0.0102532,14.9842,0
gainesville,9tS6faHm3jFdOth84XlbEQ,det,6,0.557617,0.570312,0.746277,true,WALK,Sidewalk,WALK,Sidewalk,WALK,Sidewalk,ground,0.648007,,11.5783,0
gainesville,9tS6faHm3jFdOth84XlbEQ,det,7,0.651367,0.568359,0.655256,true,WALK,Curb Cut,WALK,Sidewalk,WALK,Curb Cut,ground,0.648007,,11.92,0
gainesville,A44roYJy6tdzAK9yLNS_qQ,det,0,0.135742,0.554688,0.652641,true,WALK,Sidewalk,WALK,Sidewalk,WALK,Sidewalk,ground,1.28024,,14.9842,0
gainesville,A44roYJy6tdzAK9yLNS_qQ,missed,0,0.205657,0.573434,,missed,ROAD,Catch Basin,ROAD,Manhole,ROAD,Catch Basin,ground,1.28024,,11.0693,0
gainesville,BtYzecFoq3-H5qaGzBh4iw,det,0,0.53418,0.537109,0.565709,true,OTHER,Terrain,WALK,Sidewalk,WALK,Sidewalk,floor,4.88724,0.000191762,22.2007,0
gainesville,BtYzecFoq3-H5qaGzBh4iw,missed,0,0.514146,0.513618,,missed,WALK,Sidewalk,WALK,Sidewalk,WALK,Sidewalk,floor,5.51043,0.00757223,60.7348,0
gainesville,BzXolOMX-XSEGwyXQpIsrA,det,0,0.370117,0.552734,0.917044,true,WALK,Sidewalk,WALK,Sidewalk,WALK,Sidewalk,floor,1.89414,-0.0863501,15.55,0
gainesville,BzXolOMX-XSEGwyXQpIsrA,det,1,0.581055,0.552734,0.834949,true,ROAD,Catch Basin,WALK,Sidewalk,ROAD,Catch Basin,ground,1.6957,,15.55,0
gainesville,BzXolOMX-XSEGwyXQpIsrA,det,2,0.535156,0.523438,0.789214,true,WALK,Curb Cut,WALK,Curb Cut,WALK,Sidewalk,floor,2.88466,0.0116628,35.2473,0
gainesville,BzXolOMX-XSEGwyXQpIsrA,det,3,0.441406,0.523438,0.524898,band_0p30,WALK,Curb Cut,WALK,Curb Cut,WALK,Curb Cut,floor,1.53799,0.38085,35.2473,0
gainesville,BzXolOMX-XSEGwyXQpIsrA,missed,0,0.435152,0.524949,,missed,WALK,Sidewalk,WALK,Curb Cut,WALK,Curb Cut,floor,1.53799,0.370661,33.1033,0
gainesville,CabndIEXzzs5FAENnrsEug,det,0,0.901367,0.539062,0.894621,true,WALK,Sidewalk,WALK,Sidewalk,WALK,Sidewalk,floor,3.49973,0.0431489,21.0802,0
gainesville,CabndIEXzzs5FAENnrsEug,missed,0,0.954806,0.516702,,missed,WALK,Sidewalk,ROAD,Road,WALK,Curb Cut,floor_standin,0,-0.764161,49.5064,0
gainesville,DXKg24FIKMrGUX6ilHn5Ew,det,0,0.917969,0.568359,0.565247,false,WALK,Curb,WALK,Curb,WALK,Sidewalk,floor,2.28096,0.00677183,11.92,0
gainesville,DXKg24FIKMrGUX6ilHn5Ew,det,1,0.128906,0.583984,0.405596,band_0p30,WALK,Curb Cut,WALK,Curb Cut,WALK,Curb Cut,floor,3.25588,-0.0237647,9.62455,0
gainesville,DXKg24FIKMrGUX6ilHn5Ew,missed,0,0.126522,0.58364,,missed,WALK,Curb Cut,WALK,Curb Cut,WALK,Curb Cut,floor,3.25588,-0.0221451,9.66611,0
gainesville,DXKg24FIKMrGUX6ilHn5Ew,missed,1,0.0440262,0.530456,,missed,WALK,Sidewalk,WALK,Curb,WALK,Sidewalk,floor,0.792288,0.0124247,27.0912,0
gainesville,EhBhDcmWUDV5CaBKoAqi0A,det,0,0.0117188,0.523438,0.939219,true,OTHER,Terrain,OTHER,Terrain,OTHER,Terrain,floor,4.67261,-0.297949,35.2473,0
gainesville,EhBhDcmWUDV5CaBKoAqi0A,det,1,0.0742188,0.537109,0.481964,band_0p30,WALK,Sidewalk,WALK,Sidewalk,WALK,Sidewalk,non_horizontal,88.1337,,22.2007,0
gainesville,EhBhDcmWUDV5CaBKoAqi0A,det,2,0.566406,0.583984,0.423755,band_0p30,WALK,Curb Cut,WALK,Curb Cut,WALK,Curb Cut,floor,2.76527,0.457533,9.62455,0
gainesville,EhBhDcmWUDV5CaBKoAqi0A,missed,0,0.0796176,0.531913,,missed,WALK,Sidewalk,WALK,Sidewalk,WALK,Sidewalk,non_horizontal,88.1337,,25.8464,0
gainesville,EhBhDcmWUDV5CaBKoAqi0A,missed,1,0.383177,0.56848,,missed,WALK,Sidewalk,WALK,Sidewalk,WALK,Sidewalk,floor_standin,0,0.238952,11.8983,0
gainesville,EhBhDcmWUDV5CaBKoAqi0A,missed,2,0.471415,0.541322,,unsure_missed,ROAD,Road,ROAD,Road,ROAD,Road,floor_standin,0,0.0445901,19.9157,0
gainesville,EhBhDcmWUDV5CaBKoAqi0A,missed,3,0.557608,0.540552,,unsure_missed,ROAD,Road,WALK,Curb Cut,ROAD,Road,floor,2.01848,-0.0522309,20.2982,0
gainesville,G7ttNgjW4KU9LJVeD1Ivdg,det,0,0.253906,0.570312,0.944805,true,WALK,Sidewalk,WALK,Sidewalk,WALK,Sidewalk,floor,1.47618,0.0426631,11.5783,0
gainesville,G7ttNgjW4KU9LJVeD1Ivdg,det,1,0.331055,0.537109,0.720555,true,WALK,Curb Cut,WALK,Curb Cut,WALK,Curb Cut,floor,1.47618,0.120628,22.2007,0
gainesville,G7ttNgjW4KU9LJVeD1Ivdg,det,2,0.535156,0.568359,0.551343,true,WALK,Sidewalk,WALK,Sidewalk,WALK,Sidewalk,floor,1.21386,-0.0794896,11.92,0
gainesville,GRTC3zOCFSc8QMIrAtwtzw,det,0,0.386719,0.554688,0.928087,true,WALK,Curb Cut,WALK,Curb Cut,WALK,Curb Cut,floor,1.00347,0.99981,14.9842,0
gainesville,GRTC3zOCFSc8QMIrAtwtzw,det,1,0.566406,0.583984,0.769921,true,WALK,Curb Cut,WALK,Curb Cut,WALK,Curb Cut,floor,1.00347,1.12609,9.62455,0
gainesville,GRTC3zOCFSc8QMIrAtwtzw,det,2,0.425781,0.537109,0.579403,true,WALK,Crosswalk - Plain,ROAD,Road,WALK,Crosswalk - Plain,floor,1.00347,0.936091,22.2007,0
gainesville,GRTC3zOCFSc8QMIrAtwtzw,det,3,0.59668,0.554688,0.409843,band_0p30,WALK,Sidewalk,WALK,Sidewalk,WALK,Sidewalk,floor,2.47441,0.0567123,14.9842,0
gainesville,GRTC3zOCFSc8QMIrAtwtzw,missed,0,0.553863,0.528754,,missed,WALK,Sidewalk,WALK,Sidewalk,WALK,Sidewalk,floor,1.00347,1.05682,28.704,0
gainesville,GRTC3zOCFSc8QMIrAtwtzw,missed,1,0.59769,0.551698,,missed,WALK,Sidewalk,WALK,Curb,ROAD,Road,floor,2.47441,0.0610048,15.8675,0
gainesville,GhbzPi4bva0g3AlMDcioOg,det,0,0.291992,0.554688,0.696536,true,WALK,Sidewalk,WALK,Sidewalk,WALK,Sidewalk,floor,3.33548,-0.0825575,14.9842,0
gainesville,GhbzPi4bva0g3AlMDcioOg,det,1,0.370117,0.539062,0.59168,true,WALK,Curb Cut,WALK,Curb Cut,WALK,Curb Cut,floor,5.22187,0.0233297,21.0802,0
gainesville,HLLOIKVLXvOkBCREUvcBzg,det,0,0.0976562,0.568359,0.976637,true,WALK,Sidewalk,WALK,Sidewalk,WALK,Sidewalk,floor,1.83888,0.25819,11.92,0
gainesville,HLLOIKVLXvOkBCREUvcBzg,det,1,0.94043,0.570312,0.798041,true,WALK,Sidewalk,WALK,Sidewalk,WALK,Sidewalk,floor,1.00542,-0.122813,11.5783,0
gainesville,HLLOIKVLXvOkBCREUvcBzg,missed,0,0.041123,0.529697,,missed,WALK,Sidewalk,ROAD,Road,WALK,Sidewalk,floor,1.32957,-0.0618846,27.7875,0
gainesville,HLLOIKVLXvOkBCREUvcBzg,missed,1,0.96908,0.533855,,missed,WALK,Sidewalk,WALK,Curb,WALK,Sidewalk,floor,1.32957,-0.116194,24.353,0
gainesville,HoOapW5g53qbEFjLA7yv3Q,det,0,0.449219,0.552734,0.939887,true,WALK,Sidewalk,WALK,Sidewalk,WALK,Sidewalk,ground,2.66102,,15.55,0
gainesville,HoOapW5g53qbEFjLA7yv3Q,det,1,0.644531,0.570312,0.914862,true,WALK,Sidewalk,WALK,Sidewalk,WALK,Sidewalk,ground,2.66102,,11.5783,0
gainesville,HoOapW5g53qbEFjLA7yv3Q,missed,0,0.543832,0.518656,,missed,WALK,Sidewalk,WALK,Curb,WALK,Curb,ground,2.66102,,44.3116,0
gainesville,HoOapW5g53qbEFjLA7yv3Q,missed,1,0.496452,0.515335,,missed,WALK,Sidewalk,WALK,Sidewalk,WALK,Sidewalk,ground,2.66102,,53.9255,0
gainesville,ICUoYVV_dXvc9W3ge2PnWg,det,0,0.666992,0.552734,0.941149,true,WALK,Sidewalk,WALK,Sidewalk,WALK,Sidewalk,floor,2.87004,-0.239141,15.55,0
gainesville,ICUoYVV_dXvc9W3ge2PnWg,det,1,0.355469,0.539062,0.826736,true,WALK,Sidewalk,WALK,Sidewalk,WALK,Sidewalk,floor,3.90906,0.0404065,21.0802,0
gainesville,ICUoYVV_dXvc9W3ge2PnWg,missed,0,0.557292,0.520833,,unsure_missed,WALK,Sidewalk,WALK,Sidewalk,WALK,Sidewalk,floor,2.84648,-0.126414,39.6682,0
gainesville,Idfm_UDnRFcD78ZVeNnhVg,det,0,0.636719,0.585938,0.811352,true,ROAD,Manhole,ROAD,Catch Basin,ROAD,Manhole,ground,2.10989,,9.39519,0
gainesville,Idfm_UDnRFcD78ZVeNnhVg,det,1,0.22168,0.537109,0.6769,true,WALK,Curb Cut,WALK,Sidewalk,WALK,Curb Cut,floor,0.840699,0.0179074,22.2007,0
gainesville,Idfm_UDnRFcD78ZVeNnhVg,det,2,0.557617,0.539062,0.390745,band_0p30,ROAD,Road,ROAD,Road,ROAD,Road,floor,1.90238,-0.0746412,21.0802,0
gainesville,Idfm_UDnRFcD78ZVeNnhVg,missed,0,0.325264,0.529647,,unsure_missed,WALK,Curb Cut,WALK,Sidewalk,WALK,Curb Cut,floor,1.80048,-0.0712291,27.8341,0
gainesville,Idfm_UDnRFcD78ZVeNnhVg,missed,1,0.555953,0.537245,,missed,WALK,Curb Cut,WALK,Curb,WALK,Curb Cut,floor,1.90238,-0.0781482,22.1191,0
gainesville,Idfm_UDnRFcD78ZVeNnhVg,missed,2,0.523941,0.513969,,missed,WALK,Sidewalk,WALK,Sidewalk,WALK,Sidewalk,floor,1.90238,-0.186749,59.2089,0
gainesville,Idfm_UDnRFcD78ZVeNnhVg,missed,3,0.533188,0.517311,,unsure_missed,ROAD,Road,WALK,Sidewalk,ROAD,Road,floor,1.90238,-0.154779,47.7618,0
gainesville,JlYp0BtvGCVeIqBady7pGg,det,0,0.581055,0.583984,0.638318,true,WALK,Sidewalk,WALK,Sidewalk,WALK,Sidewalk,ground,1.87972,,9.62455,0
gainesville,JlYp0BtvGCVeIqBady7pGg,det,1,0.308594,0.537109,0.335526,band_0p30,OTHER,Terrain,OTHER,Terrain,OTHER,Terrain,floor,1.22876,0.0498333,22.2007,0
gainesville,JlYp0BtvGCVeIqBady7pGg,missed,0,0.523622,0.525203,,missed,WALK,Curb Cut,ROAD,Road,ROAD,Road,ground,1.87972,,32.7689,0
gainesville,K732QTWoB9RZwrfSmw7RYA,det,0,0.182617,0.570312,0.952655,true,WALK,Sidewalk,ROAD,Road,WALK,Sidewalk,floor,0.929359,-0.00378842,11.5783,0
gainesville,K732QTWoB9RZwrfSmw7RYA,det,1,0.292969,0.583984,0.889251,true,WALK,Curb,WALK,Curb,WALK,Curb,floor,0.929359,-0.0510333,9.62455,0
gainesville,K732QTWoB9RZwrfSmw7RYA,det,2,0.94043,0.537109,0.848916,true,WALK,Curb Cut,WALK,Sidewalk,WALK,Curb Cut,floor,1.54522,0.0587958,22.2007,0
gainesville,K732QTWoB9RZwrfSmw7RYA,det,3,0.871094,0.568359,0.765742,true,WALK,Sidewalk,WALK,Sidewalk,WALK,Sidewalk,floor,1.54522,0.0523533,11.92,0
gainesville,KEwb17BzIjKVur60MpItuA,det,0,0.339844,0.539062,0.973585,true,WALK,Sidewalk,WALK,Sidewalk,WALK,Sidewalk,floor,2.02246,0.00364441,21.0802,0
gainesville,KEwb17BzIjKVur60MpItuA,det,1,0.557617,0.554688,0.892575,true,WALK,Sidewalk,WALK,Sidewalk,WALK,Sidewalk,ground,2.72189,,14.9842,0
gainesville,KEwb17BzIjKVur60MpItuA,missed,0,0.414945,0.520171,,missed,WALK,Sidewalk,WALK,Sidewalk,WALK,Sidewalk,floor,3.12631,0.221836,40.974,0
gainesville,KEwb17BzIjKVur60MpItuA,missed,1,0.528219,0.51063,,missed,WALK,Sidewalk,ROAD,Lane Marking - Crosswalk,WALK,Sidewalk,floor,1.61568,-0.0850944,77.8299,0
gainesville,KEwb17BzIjKVur60MpItuA,missed,2,0.560995,0.525576,,missed,WALK,Sidewalk,WALK,Sidewalk,WALK,Sidewalk,floor,1.24191,-0.0155955,32.2891,0
gainesville,KEwb17BzIjKVur60MpItuA,missed,3,0.168249,0.554651,,missed,WALK,Sidewalk,WALK,Sidewalk,WALK,Sidewalk,floor,7.14691,0.0916853,14.9944,0
gainesville,KEwb17BzIjKVur60MpItuA,missed,4,0.0606025,0.531777,,missed,WALK,Sidewalk,WALK,Sidewalk,WALK,Sidewalk,floor_standin,0,0.312287,25.9573,0
gainesville,KbZFzQai9wfXijoQDscWFw,det,0,0.597656,0.568359,0.899847,true,WALK,Curb Cut,WALK,Sidewalk,WALK,Curb Cut,ground,1.46219,,11.92,0
gainesville,KbZFzQai9wfXijoQDscWFw,det,1,0.557617,0.523438,0.450756,band_0p30,WALK,Sidewalk,ROAD,Road,WALK,Sidewalk,floor,1.85393,0.00603222,35.2473,0
gainesville,KbZFzQai9wfXijoQDscWFw,det,2,0.410156,0.554688,0.414623,band_0p30,WALK,Sidewalk,WALK,Sidewalk,WALK,Sidewalk,floor,1.62666,0.024342,14.9842,0
gainesville,KbZFzQai9wfXijoQDscWFw,missed,0,0.414545,0.554849,,missed,WALK,Sidewalk,WALK,Sidewalk,WALK,Curb Cut,floor,1.62666,0.0240704,14.9393,0
gainesville,KbZFzQai9wfXijoQDscWFw,missed,1,0.551057,0.524239,,missed,WALK,Curb Cut,ROAD,Road,WALK,Curb Cut,floor,1.85393,0.00197003,34.0775,0
gainesville,KbZFzQai9wfXijoQDscWFw,missed,2,0.473189,0.519594,,missed,WALK,Curb,WALK,Curb,WALK,Curb,floor,1.79395,0.0291308,42.1853,0
gainesville,KbZFzQai9wfXijoQDscWFw,missed,3,0.527599,0.518842,,missed,WALK,Curb,OTHER,Terrain,WALK,Curb,floor,1.79395,0.034667,43.8725,0
gainesville,KqZzM0v2PbaoxQmq6wk3Xw,det,0,0.932617,0.568359,0.60573,true,WALK,Curb Cut,WALK,Curb Cut,ROAD,Road,ground,0.812529,,11.92,0
gainesville,KqZzM0v2PbaoxQmq6wk3Xw,det,1,0.105469,0.554688,0.464103,band_0p30,WALK,Curb Cut,WALK,Curb,WALK,Curb Cut,ground,0.812529,,14.9842,0
gainesville,KqZzM0v2PbaoxQmq6wk3Xw,missed,0,0.103571,0.553518,,missed,WALK,Curb Cut,WALK,Curb,WALK,Curb Cut,ground,0.812529,,15.318,0
gainesville,LDICnJgAhCSszYwolm8JRA,det,0,0.0507812,0.570312,0.581284,unsure,WALK,Curb,WALK,Curb,WALK,Curb,floor,3.14417,0.0374549,11.5783,0
gainesville,LDICnJgAhCSszYwolm8JRA,det,1,0.949219,0.552734,0.52036,band_0p30,ROAD,Road,ROAD,Road,ROAD,Road,floor,3.14417,0.00372184,15.55,0
gainesville,LDICnJgAhCSszYwolm8JRA,det,2,0.0341797,0.539062,0.473479,band_0p30,OTHER,Terrain,OTHER,Terrain,OTHER,Terrain,floor,3.14417,0.0761667,21.0802,0
gainesville,LDICnJgAhCSszYwolm8JRA,missed,0,0.909325,0.594402,,missed,WALK,Curb Cut,WALK,Curb,WALK,Curb Cut,floor,2.61629,0.0776139,8.50824,0
gainesville,LDICnJgAhCSszYwolm8JRA,missed,1,0.886465,0.562121,,unsure_missed,ROAD,Road,ROAD,Road,ROAD,Road,floor,2.61629,0.118662,13.1529,0
gainesville,LLc383eAyneHduBTInH9nw,det,0,0.582031,0.521484,0.643133,true,WALK,Curb,ROAD,Lane Marking - General,WALK,Curb,floor,1.62233,0.553586,38.4628,0
gainesville,LLc383eAyneHduBTInH9nw,missed,0,0.542056,0.509251,,unsure_missed,OTHER,Terrain,ROAD,Road,WALK,Sidewalk,ground,0.903956,,89.4409,0
gainesville,MTDJakccuk6hQfnZ3QEjxQ,det,0,0.558594,0.523438,0.573303,true,WALK,Sidewalk,WALK,Sidewalk,WALK,Sidewalk,floor,3.44276,0.165221,35.2473,0
gainesville,MTDJakccuk6hQfnZ3QEjxQ,missed,0,0.535805,0.509068,,unsure_missed,WALK,Sidewalk,WALK,Sidewalk,WALK,Curb Cut,floor,0.98576,0.373624,91.2395,0
gainesville,Mm5gyUYqmJmjeGopC1IgKg,det,0,0.410156,0.552734,0.909571,true,WALK,Sidewalk,WALK,Sidewalk,WALK,Sidewalk,floor,2.11452,0.196477,15.55,0
gainesville,Mm5gyUYqmJmjeGopC1IgKg,missed,0,0.546667,0.543535,,missed,ROAD,Road,ROAD,Road,ROAD,Road,floor,1.69731,-0.0413431,18.8913,0
gainesville,Mm5gyUYqmJmjeGopC1IgKg,missed,1,0.425628,0.525978,,missed,ROAD,Road,ROAD,Road,WALK,Sidewalk,floor,3.64508,0.115755,31.7875,0
gainesville,Mm5gyUYqmJmjeGopC1IgKg,missed,2,0.51082,0.530155,,missed,WALK,Curb,OTHER,Terrain,WALK,Curb,floor,1.22253,0.108138,27.3625,0
gainesville,PSS2iz32Sj0nE2ILJ6i8rA,det,0,0.324219,0.523438,0.940046,true,WALK,Sidewalk,WALK,Sidewalk,WALK,Sidewalk,floor,6.47941,0.0547218,35.2473,0
gainesville,PSS2iz32Sj0nE2ILJ6i8rA,det,1,0.941406,0.539062,0.789625,true,WALK,Sidewalk,WALK,Sidewalk,WALK,Sidewalk,floor,2.0324,-0.129442,21.0802,0
gainesville,PSS2iz32Sj0nE2ILJ6i8rA,det,2,0.612305,0.568359,0.359362,band_0p30,WALK,Curb Cut,WALK,Curb Cut,WALK,Curb Cut,floor,1.15691,-0.110316,11.92,0
gainesville,PSS2iz32Sj0nE2ILJ6i8rA,det,3,0.371094,0.523438,0.34443,band_0p30,ROAD,Road,ROAD,Road,OBJECT,Barrier,floor,3.31948,0.328414,35.2473,0
gainesville,PSS2iz32Sj0nE2ILJ6i8rA,missed,0,0.394045,0.521886,,missed,WALK,Curb Cut,WALK,Curb Cut,WALK,Curb Cut,floor,2.46379,0.00431773,37.755,0
gainesville,PSS2iz32Sj0nE2ILJ6i8rA,missed,1,0.626263,0.567778,,missed,WALK,Curb Cut,WALK,Sidewalk,WALK,Sidewalk,floor,1.15691,-0.112343,12.0255,0
gainesville,P_bUUx5CIFcylFd9UAZRug,det,0,0.738281,0.585938,0.571374,false,ROAD,Catch Basin,ROAD,Catch Basin,ROAD,Catch Basin,floor,2.2093,0.183764,9.39519,0
gainesville,P_bUUx5CIFcylFd9UAZRug,det,1,0.222656,0.554688,0.469803,band_0p30,OTHER,Terrain,OTHER,Terrain,OTHER,Terrain,floor_standin,0,0.102068,14.9842,0
gainesville,SxMVl_DRQndQkQAvu9a01Q,det,0,0.956055,0.552734,0.905307,true,WALK,Curb Cut,WALK,Curb Cut,WALK,Curb Cut,ground,0.958588,,15.55,0
gainesville,SxMVl_DRQndQkQAvu9a01Q,det,1,0.675781,0.615234,0.784955,true,WALK,Sidewalk,WALK,Sidewalk,WALK,Sidewalk,floor,1.49331,0.0687763,6.86541,0
gainesville,TsU9TS4hpMHXVwv-YIrvCQ,det,0,0.59668,0.568359,0.931576,true,WALK,Curb Cut,WALK,Sidewalk,WALK,Curb Cut,floor,1.52251,-0.0792633,11.92,0
gainesville,TsU9TS4hpMHXVwv-YIrvCQ,det,1,0.519531,0.507812,0.425855,band_0p30,WALK,Sidewalk,WALK,Sidewalk,WALK,Sidewalk,floor,2.59178,0.05215,105.912,0
gainesville,TsU9TS4hpMHXVwv-YIrvCQ,missed,0,0.52131,0.511494,,missed,WALK,Sidewalk,WALK,Sidewalk,WALK,Sidewalk,floor,2.59178,0.0483057,71.9711,0
gainesville,TsU9TS4hpMHXVwv-YIrvCQ,missed,1,0.27882,0.52276,,missed,OTHER,Terrain,OTHER,Terrain,WALK,Sidewalk,floor,1.20122,0.0193161,36.3006,0
gainesville,UPTPPrW6iUFocod220aq8g,det,0,0.488281,0.523438,0.959399,true,WALK,Sidewalk,WALK,Sidewalk,WALK,Sidewalk,floor,1.54129,-0.00743219,35.2473,0
gainesville,UPTPPrW6iUFocod220aq8g,det,1,0.652344,0.617188,0.699937,true,WALK,Sidewalk,WALK,Sidewalk,WALK,Curb Cut,ground,1.83707,,6.74025,0
gainesville,UrwK5NxGtb1p1lGv2EIgdg,det,0,0.332031,0.537109,0.823379,true,WALK,Sidewalk,WALK,Sidewalk,WALK,Sidewalk,floor,2.371,-0.0637575,22.2007,0
gainesville,UrwK5NxGtb1p1lGv2EIgdg,det,1,0.604492,0.552734,0.545168,band_0p30,WALK,Sidewalk,WALK,Sidewalk,WALK,Sidewalk,ground,2.23852,,15.55,0
gainesville,UrwK5NxGtb1p1lGv2EIgdg,missed,0,0.593921,0.555019,,missed,WALK,Curb,WALK,Curb,WALK,Curb,ground,2.23852,,14.8922,0
gainesville,V1ze8IkgvM7tXueCGVfzbw,det,0,0.183594,0.585938,0.881583,true,ROAD,Catch Basin,ROAD,Catch Basin,WALK,Curb Cut,floor,1.76214,-0.0953158,9.39519,0
gainesville,V1ze8IkgvM7tXueCGVfzbw,det,1,0.785156,0.617188,0.877535,true,WALK,Curb Cut,WALK,Sidewalk,WALK,Curb Cut,floor,0.943568,0.03593,6.74025,0
gainesville,VYsAOBkJ-7hdoDBIOhr-nQ,det,0,0.402344,0.568359,0.796325,false,WALK,Sidewalk,WALK,Sidewalk,WALK,Sidewalk,floor_standin,0,0.0348875,11.92,0
gainesville,X45JWReulQB2gYvNrbUKGA,det,0,0.541992,0.523438,0.762685,true,WALK,Sidewalk,WALK,Sidewalk,WALK,Sidewalk,floor,2.49881,0.281592,35.2473,0
gainesville,X45JWReulQB2gYvNrbUKGA,det,1,0.628906,0.554688,0.635897,true,WALK,Curb Cut,WALK,Sidewalk,WALK,Curb Cut,ground,1.81445,,14.9842,0
gainesville,XRcpuzY4BC5AypmNXaQuyQ,det,0,0.449219,0.554688,0.860507,true,WALK,Sidewalk,WALK,Curb,WALK,Sidewalk,floor,3.14149,0.0546126,14.9842,0
gainesville,XWhHaUuheK2ypAkTt10B8A,det,0,0.417969,0.539062,0.897509,true,WALK,Curb Cut,WALK,Curb Cut,WALK,Curb Cut,floor,0.982181,-0.0847839,21.0802,0
gainesville,XWhHaUuheK2ypAkTt10B8A,det,1,0.34668,0.554688,0.771513,true,WALK,Curb,WALK,Curb,ROAD,Road,floor,0.982181,-0.147872,14.9842,0
gainesville,XWhHaUuheK2ypAkTt10B8A,det,2,0.143555,0.585938,0.392773,band_0p30,WALK,Sidewalk,WALK,Sidewalk,WALK,Sidewalk,floor,0.982181,-0.107272,9.39519,0
gainesville,XWhHaUuheK2ypAkTt10B8A,missed,0,0.929293,0.609798,,unsure_missed,WALK,Curb Cut,WALK,Sidewalk,WALK,Curb Cut,ground,0.27052,,7.23618,0
gainesville,XWhHaUuheK2ypAkTt10B8A,missed,1,0.144242,0.600101,,unsure_missed,WALK,Curb Cut,WALK,Curb Cut,WALK,Curb Cut,floor,0.982181,-0.0858921,7.99334,0
gainesville,XuX3LCIaNmEI9FSBenjToA,det,0,0.722656,0.632812,0.88861,true,ROAD,Manhole,WALK,Sidewalk,WALK,Curb Cut,ground,1.84441,,5.86551,0
gainesville,XuX3LCIaNmEI9FSBenjToA,det,1,0.206055,0.568359,0.396968,band_0p30,ROAD,Catch Basin,WALK,Curb,ROAD,Catch Basin,ground,1.84441,,11.92,0
gainesville,XuX3LCIaNmEI9FSBenjToA,missed,0,0.19829,0.578527,,missed,WALK,Curb Cut,WALK,Curb,WALK,Curb Cut,ground,1.84441,,10.3245,0
gainesville,XuX3LCIaNmEI9FSBenjToA,missed,1,0.371633,0.541733,,missed,ROAD,Road,ROAD,Road,WALK,Curb,ground,1.84441,,19.7174,0
gainesville,YDTr8LXPDt5ieA8MA6ZXLA,det,0,0.871094,0.554688,0.86015,true,WALK,Sidewalk,WALK,Sidewalk,WALK,Sidewalk,floor,3.78377,0.1759,14.9842,0
gainesville,YDTr8LXPDt5ieA8MA6ZXLA,det,1,0.566406,0.537109,0.561848,true,ROAD,Lane Marking - General,ROAD,Lane Marking - General,ROAD,Lane Marking - General,ground,1.00794,,22.2007,0
gainesville,YckCrqJ_I8sBF8wU5FpITw,det,0,0.0976562,0.523438,0.6922,true,ROAD,Lane Marking - Crosswalk,ROAD,Parking,ROAD,Lane Marking - Crosswalk,floor,1.60572,0.270787,35.2473,0
gainesville,Z0pMjC8iJ6EDQzsBBrr_5Q,det,0,0.37793,0.601562,0.919111,true,WALK,Sidewalk,WALK,Sidewalk,WALK,Sidewalk,ground,1.59569,,7.87031,0
gainesville,Z0pMjC8iJ6EDQzsBBrr_5Q,det,1,0.574219,0.630859,0.840211,true,WALK,Sidewalk,WALK,Sidewalk,WALK,Sidewalk,ground,1.59569,,5.96402,0
gainesville,_2GSllZzac7Zfd02VoVgCA,det,0,0.956055,0.539062,0.674423,true,WALK,Curb,WALK,Curb,WALK,Sidewalk,floor,1.96413,-0.0426486,21.0802,0
gainesville,_2GSllZzac7Zfd02VoVgCA,missed,0,0.0769912,0.533604,,missed,WALK,Curb,WALK,Curb,WALK,Curb Cut,floor,1.96413,-0.121614,24.5368,0
gainesville,b-azHLq5uJSlywVqKYbgHA,det,0,0.160156,0.615234,0.915445,true,WALK,Curb Cut,WALK,Sidewalk,WALK,Curb Cut,floor_standin,0,0.119767,6.86541,0
gainesville,b-azHLq5uJSlywVqKYbgHA,det,1,0.0654297,0.554688,0.651278,true,WALK,Curb Cut,WALK,Sidewalk,WALK,Sidewalk,floor,0.79031,0.0285895,14.9842,0
gainesville,b-azHLq5uJSlywVqKYbgHA,det,2,0.97168,0.539062,0.504867,band_0p30,WALK,Sidewalk,WALK,Sidewalk,WALK,Sidewalk,floor,2.90906,-0.270124,21.0802,0
gainesville,bcNsOc7RlDm9L9VmIGXYpg,det,0,0.31543,0.554688,0.966209,true,WALK,Sidewalk,WALK,Sidewalk,WALK,Sidewalk,floor,3.48919,-0.194782,14.9842,0
gainesville,bcNsOc7RlDm9L9VmIGXYpg,det,1,0.964844,0.554688,0.620106,true,ROAD,Road,ROAD,Road,ROAD,Road,floor,2.30274,-0.0265798,14.9842,0
gainesville,bcNsOc7RlDm9L9VmIGXYpg,det,2,0.0742188,0.583984,0.568578,false,WALK,Sidewalk,WALK,Sidewalk,WALK,Sidewalk,floor,2.34134,-0.041267,9.62455,0
gainesville,bcNsOc7RlDm9L9VmIGXYpg,det,3,0.19043,0.585938,0.548408,band_0p30,WALK,Sidewalk,WALK,Sidewalk,WALK,Sidewalk,floor,3.48919,-0.152929,9.39519,0
gainesville,bcNsOc7RlDm9L9VmIGXYpg,missed,0,0.71224,0.604927,,missed,WALK,Sidewalk,WALK,Sidewalk,ROAD,Manhole,ground,1.67281,,7.59967,0
gainesville,dVrNCxUTFAfeyVNMXQ1LTw,det,0,0.25293,0.554688,0.609105,true,ROAD,Road,WALK,Sidewalk,WALK,Sidewalk,floor_standin,0,0.15036,14.9842,0
gainesville,dVrNCxUTFAfeyVNMXQ1LTw,det,1,0.760742,0.570312,0.466792,band_0p30,WALK,Curb Cut,WALK,Curb Cut,WALK,Curb Cut,floor,2.97137,0.188959,11.5783,0
gainesville,dVrNCxUTFAfeyVNMXQ1LTw,missed,0,0.213366,0.55171,,missed,ROAD,Road,ROAD,Road,ROAD,Road,floor_standin,0,0.253566,15.8636,0
gainesville,dVrNCxUTFAfeyVNMXQ1LTw,missed,1,0.608889,0.659091,,missed,WALK,Sidewalk,OTHER,Terrain,WALK,Sidewalk,floor,2.97137,0.0548153,4.76154,0
gainesville,dVrNCxUTFAfeyVNMXQ1LTw,missed,2,0.762704,0.577284,,missed,WALK,Curb Cut,WALK,Curb Cut,WALK,Curb Cut,floor,2.97137,0.173423,10.4974,0
gainesville,dVrNCxUTFAfeyVNMXQ1LTw,missed,3,0.917265,0.534875,,missed,WALK,Sidewalk,WALK,Sidewalk,WALK,Sidewalk,floor,2.22008,0.0767107,23.6357,0
gainesville,dXNmCM3bRYfsvQ7xPivHaw,det,0,0.557617,0.554688,0.941924,true,WALK,Sidewalk,WALK,Sidewalk,WALK,Sidewalk,floor_standin,0,0.401484,14.9842,0
gainesville,dXNmCM3bRYfsvQ7xPivHaw,det,1,0.120117,0.552734,0.872147,true,WALK,Curb Cut,WALK,Curb Cut,WALK,Curb Cut,floor,1.19599,-0.649662,15.55,0
gainesville,dXNmCM3bRYfsvQ7xPivHaw,det,2,0.980469,0.523438,0.601603,true,OBJECT,Fire Hydrant,OBJECT,Person,OBJECT,Fire Hydrant,floor,1.37459,0.185861,35.2473,0
gainesville,dXNmCM3bRYfsvQ7xPivHaw,det,3,0.605469,0.552734,0.365496,band_0p30,WALK,Sidewalk,WALK,Sidewalk,WALK,Sidewalk,floor_standin,0,0.526558,15.55,0
gainesville,dXNmCM3bRYfsvQ7xPivHaw,det,4,0.246094,0.552734,0.314774,band_0p30,ROAD,Road,ROAD,Road,ROAD,Road,floor,1.50467,0.0190687,15.55,0
gainesville,dXNmCM3bRYfsvQ7xPivHaw,missed,0,0.769074,0.557119,,missed,WALK,Curb Cut,ROAD,Road,WALK,Curb Cut,floor_standin,0,0.265443,14.3334,0
gainesville,fOc-SxUHjTYKCGN83egiYA,det,0,0.924805,0.554688,0.882591,true,WALK,Curb Cut,ROAD,Bike Lane,WALK,Curb Cut,floor,2.02825,0.062518,14.9842,0
gainesville,fOc-SxUHjTYKCGN83egiYA,missed,0,0.981792,0.521963,,unsure_missed,ROAD,Lane Marking - Crosswalk,ROAD,Lane Marking - Crosswalk,ROAD,Lane Marking - Crosswalk,floor,0.225554,0.128442,37.6214,0
gainesville,fOc-SxUHjTYKCGN83egiYA,missed,1,0.316766,0.52774,,unsure_missed,ROAD,Lane Marking - Crosswalk,ROAD,Lane Marking - Crosswalk,ROAD,Lane Marking - Crosswalk,floor,1.06606,0.0737442,29.7592,0
gainesville,fOc-SxUHjTYKCGN83egiYA,missed,2,0.175529,0.527192,,unsure_missed,WALK,Curb Cut,WALK,Sidewalk,WALK,Sidewalk,floor,1.06606,0.00308655,30.3615,0
gainesville,g7ZWUQeOp1Kl0LrWi0qrWw,det,0,0.573242,0.539062,0.842847,true,WALK,Sidewalk,WALK,Sidewalk,WALK,Sidewalk,floor,1.751,0.139188,21.0802,0
gainesville,g7ZWUQeOp1Kl0LrWi0qrWw,missed,0,0.530581,0.516212,,missed,ROAD,Lane Marking - Crosswalk,ROAD,Lane Marking - Crosswalk,ROAD,Lane Marking - Crosswalk,floor,1.48028,-0.063773,51.0044,0
gainesville,g8Jd1uL_FE_9eave1z2OpA,det,0,0.285156,0.552734,0.45109,band_0p30,WALK,Curb Cut,OTHER,Terrain,WALK,Curb Cut,floor,0.874692,0.020871,15.55,0
gainesville,g8Jd1uL_FE_9eave1z2OpA,missed,0,0.289419,0.551992,,missed,WALK,Sidewalk,OTHER,Terrain,WALK,Sidewalk,floor,0.874692,0.0238684,15.7763,0
gainesville,g8Jd1uL_FE_9eave1z2OpA,missed,1,0.329293,0.586364,,unsure_missed,WALK,Sidewalk,WALK,Sidewalk,WALK,Sidewalk,ground,1.65162,,9.3465,0
gainesville,g8Jd1uL_FE_9eave1z2OpA,missed,2,0.40202,0.63,,unsure_missed,WALK,Curb Cut,WALK,Curb Cut,WALK,Curb Cut,ground,1.65162,,6.00825,0
gainesville,g8Jd1uL_FE_9eave1z2OpA,missed,3,0.650505,0.596061,,missed,ROAD,Road,ROAD,Road,ROAD,Lane Marking - Crosswalk,ground,1.65162,,8.35231,0
gainesville,hlYnMGBEa12Ajij0iL7yxg,det,0,0.136719,0.570312,0.81258,true,WALK,Curb Cut,WALK,Sidewalk,WALK,Curb Cut,floor,0.716552,-0.0455121,11.5783,0
gainesville,hlYnMGBEa12Ajij0iL7yxg,missed,0,0.0457135,0.545538,,missed,WALK,Crosswalk - Plain,ROAD,Road,WALK,Crosswalk - Plain,floor,1.19419,-0.0216295,18.05,0
gainesville,ipoVm9spHhQGCMROwSdmmA,det,0,0.902344,0.554688,0.832185,true,WALK,Curb,WALK,Curb,WALK,Curb Cut,ground,1.07009,,14.9842,0
gainesville,ipoVm9spHhQGCMROwSdmmA,det,1,0.527344,0.537109,0.444462,band_0p30,WALK,Curb,WALK,Curb,WALK,Curb Cut,floor,2.63485,-0.384781,22.2007,0
gainesville,ipoVm9spHhQGCMROwSdmmA,det,2,0.425781,0.537109,0.365324,band_0p30,WALK,Sidewalk,WALK,Sidewalk,WALK,Sidewalk,floor_standin,0,0.155948,22.2007,0
gainesville,ipoVm9spHhQGCMROwSdmmA,missed,0,0.843702,0.58517,,missed,ROAD,Road,ROAD,Road,WALK,Curb Cut,ground,1.07009,,9.48407,0
gainesville,jE7jfpgpMn1zP3_DMdvMTg,det,0,0.948242,0.552734,0.806277,true,WALK,Curb Cut,WALK,Sidewalk,WALK,Curb Cut,floor,1.70835,0.139982,15.55,0
gainesville,jE7jfpgpMn1zP3_DMdvMTg,det,1,0.769531,0.615234,0.733003,true,WALK,Curb Cut,WALK,Curb Cut,WALK,Curb Cut,floor,0.903523,-0.00315484,6.86541,0
gainesville,jL3wxV95A0lO2xKUQukpIg,det,0,0.53418,0.537109,0.72887,true,WALK,Curb Cut,WALK,Sidewalk,WALK,Curb Cut,ground,2.26986,,22.2007,0
gainesville,jL3wxV95A0lO2xKUQukpIg,det,1,0.456055,0.537109,0.338568,band_0p30,ROAD,Road,ROAD,Road,ROAD,Road,ground,2.26986,,22.2007,0
gainesville,jL3wxV95A0lO2xKUQukpIg,missed,0,0.452802,0.544208,,missed,WALK,Curb,WALK,Curb,WALK,Curb,ground,2.26986,,18.6,0
gainesville,jL3wxV95A0lO2xKUQukpIg,missed,1,0.429241,0.537424,,missed,OTHER,Terrain,WALK,Sidewalk,OTHER,Terrain,ground,2.26986,,22.0125,0
gainesville,jL3wxV95A0lO2xKUQukpIg,missed,2,0.453533,0.526327,,unsure_missed,WALK,Curb Cut,OTHER,Terrain,WALK,Curb Cut,ground,2.26986,,31.3633,0
gainesville,jL3wxV95A0lO2xKUQukpIg,missed,3,0.539673,0.521422,,missed,ROAD,Lane Marking - General,ROAD,Road,ROAD,Lane Marking - General,ground,2.26986,,38.5748,0
gainesville,jL3wxV95A0lO2xKUQukpIg,missed,4,0.523398,0.514804,,unsure_missed,WALK,Sidewalk,ROAD,Road,WALK,Sidewalk,floor,2.65188,0.0424518,55.8625,0
gainesville,kU1NFVXyUkQzaPpROkDVNg,det,0,0.737305,0.570312,0.91346,true,WALK,Sidewalk,WALK,Sidewalk,WALK,Sidewalk,ground,0.268341,,11.5783,0
gainesville,kU1NFVXyUkQzaPpROkDVNg,det,1,0.582031,0.523438,0.783093,true,WALK,Sidewalk,WALK,Sidewalk,WALK,Sidewalk,floor,0.930411,0.0433712,35.2473,0
gainesville,kU1NFVXyUkQzaPpROkDVNg,det,2,0.285156,0.552734,0.742355,true,WALK,Sidewalk,WALK,Sidewalk,WALK,Sidewalk,floor,0.930411,-0.0345225,15.55,0
gainesville,kU1NFVXyUkQzaPpROkDVNg,missed,0,0.391702,0.531639,,missed,ROAD,Lane Marking - Crosswalk,ROAD,Lane Marking - Crosswalk,ROAD,Lane Marking - Crosswalk,floor,0.930411,-0.129137,26.0719,0
gainesville,ki1YlBoTB-ARFE17nF4PPg,det,0,0.362305,0.583984,1.00176,true,WALK,Curb Cut,WALK,Curb Cut,WALK,Curb Cut,ground,0.807213,,9.62455,0
gainesville,ki1YlBoTB-ARFE17nF4PPg,det,1,0.449219,0.523438,0.783299,true,OBJECT,Pole,OTHER,Terrain,OBJECT,Pole,floor,1.23083,0.169113,35.2473,0
gainesville,ki1YlBoTB-ARFE17nF4PPg,det,2,0.62793,0.599609,0.727197,true,WALK,Sidewalk,WALK,Sidewalk,WALK,Sidewalk,floor,0.836031,0.0472234,8.03552,0
gainesville,ki1YlBoTB-ARFE17nF4PPg,det,3,0.53418,0.523438,0.561754,true,STRUCTURE,Wall,STRUCTURE,Wall,STRUCTURE,Wall,floor,0.836031,0.142916,35.2473,0
gainesville,kjXjoHf2E-tZuI7RwMPgsw,det,0,0.863281,0.568359,0.784766,true,OTHER,Terrain,WALK,Sidewalk,OTHER,Terrain,floor,3.73717,0.0420149,11.92,0
gainesville,kjXjoHf2E-tZuI7RwMPgsw,det,1,0.183594,0.554688,0.764808,true,WALK,Sidewalk,WALK,Sidewalk,WALK,Sidewalk,floor,1.84547,-0.336616,14.9842,0
gainesville,kjXjoHf2E-tZuI7RwMPgsw,det,2,0.963867,0.523438,0.539674,band_0p30,WALK,Sidewalk,WALK,Sidewalk,WALK,Sidewalk,floor,2.56277,0.112123,35.2473,0
gainesville,kjXjoHf2E-tZuI7RwMPgsw,missed,0,0.0774068,0.536892,,missed,WALK,Sidewalk,WALK,Sidewalk,WALK,Sidewalk,floor,1.49606,0.232735,22.3329,0
gainesville,kjXjoHf2E-tZuI7RwMPgsw,missed,1,0.949424,0.535739,,missed,ROAD,Road,ROAD,Road,WALK,Curb,floor,1.49606,0.107997,23.0596,0
gainesville,kozsgHrge4ofusqK2D_Hlw,det,0,0.581055,0.537109,0.787665,true,OTHER,Terrain,WALK,Sidewalk,OTHER,Terrain,floor,1.7637,0.00404161,22.2007,0
gainesville,kozsgHrge4ofusqK2D_Hlw,det,1,0.362305,0.570312,0.387052,band_0p30,WALK,Crosswalk - Plain,OBJECT,Barrier,OBJECT,Barrier,floor,1.86404,-0.0318694,11.5783,0
gainesville,kozsgHrge4ofusqK2D_Hlw,missed,0,0.538098,0.512868,,missed,WALK,Crosswalk - Plain,ROAD,Lane Marking - General,WALK,Crosswalk - Plain,floor,1.7637,0.116282,64.2785,0
gainesville,ld_LKRyg3hte-YCeFY3avQ,det,0,0.932617,0.552734,0.757504,unsure,WALK,Sidewalk,WALK,Sidewalk,WALK,Sidewalk,floor,5.58072,0.00895106,15.55,0
gainesville,ld_LKRyg3hte-YCeFY3avQ,missed,0,0.923652,0.539045,,missed,WALK,Sidewalk,WALK,Sidewalk,WALK,Sidewalk,floor,5.58072,0.154284,21.0897,0
gainesville,ld_LKRyg3hte-YCeFY3avQ,missed,1,0.979285,0.533951,,missed,WALK,Curb,WALK,Curb,WALK,Curb,ground,1.79602,,24.284,0
gainesville,mMSFxX8cKDjvaOmsrguJEA,det,0,0.34668,0.539062,0.75222,true,WALK,Sidewalk,WALK,Sidewalk,WALK,Sidewalk,floor,1.35089,0.108444,21.0802,0
gainesville,orMHYZcfpk4vTLLG6ciKUA,det,0,0.299805,0.539062,0.884609,true,WALK,Sidewalk,ROAD,Road,WALK,Curb Cut,floor_standin,0,0.218762,21.0802,0
gainesville,orMHYZcfpk4vTLLG6ciKUA,det,1,0.933594,0.554688,0.850697,true,WALK,Sidewalk,WALK,Sidewalk,WALK,Sidewalk,floor,0.47929,0.125259,14.9842,0
gainesville,orMHYZcfpk4vTLLG6ciKUA,det,2,0.683594,0.615234,0.737353,true,WALK,Curb Cut,WALK,Curb Cut,WALK,Curb Cut,ground,0.634582,,6.86541,0
gainesville,orMHYZcfpk4vTLLG6ciKUA,missed,0,0.378205,0.534572,,missed,WALK,Curb Cut,WALK,Curb Cut,WALK,Curb Cut,floor_standin,0,0.170944,23.8447,0
gainesville,oyTDvou4dK-Hm3v-cIaToQ,det,0,0.371094,0.583984,0.585794,true,WALK,Sidewalk,WALK,Sidewalk,WALK,Sidewalk,ground,2.06213,,9.62455,0
gainesville,oyTDvou4dK-Hm3v-cIaToQ,missed,0,0.570505,0.593636,,missed,WALK,Curb Cut,WALK,Sidewalk,WALK,Curb Cut,ground,2.06213,,8.58208,0
gainesville,pM_zjaOL4jt8_niIC0EU2Q,det,0,0.324219,0.601562,0.878897,true,WALK,Sidewalk,WALK,Sidewalk,WALK,Sidewalk,floor,4.22503,-0.0860759,7.87031,0
gainesville,pM_zjaOL4jt8_niIC0EU2Q,det,1,0.566406,0.539062,0.767962,true,WALK,Curb Cut,WALK,Crosswalk - Plain,WALK,Curb Cut,floor,2.3551,0.0395923,21.0802,0
gainesville,pM_zjaOL4jt8_niIC0EU2Q,det,2,0.120117,0.583984,0.725531,true,WALK,Sidewalk,WALK,Sidewalk,WALK,Sidewalk,ground,0.965908,,9.62455,0
gainesville,pM_zjaOL4jt8_niIC0EU2Q,det,3,0.69043,0.646484,0.660874,true,WALK,Sidewalk,WALK,Sidewalk,WALK,Sidewalk,floor,0.205584,0.0392519,5.24521,0
gainesville,pM_zjaOL4jt8_niIC0EU2Q,det,4,0.0429688,0.537109,0.615689,true,WALK,Sidewalk,ROAD,Road,WALK,Curb Cut,ground,0.965908,,22.2007,0
gainesville,pM_zjaOL4jt8_niIC0EU2Q,det,5,0.53418,0.537109,0.614296,true,ROAD,Road,ROAD,Road,ROAD,Road,floor,2.3551,0.120603,22.2007,0
gainesville,pM_zjaOL4jt8_niIC0EU2Q,det,6,0.416992,0.539062,0.510483,band_0p30,WALK,Sidewalk,ROAD,Lane Marking - Crosswalk,WALK,Sidewalk,floor,3.62283,0.351836,21.0802,0
gainesville,pM_zjaOL4jt8_niIC0EU2Q,det,7,0.463867,0.537109,0.417811,band_0p30,ROAD,Road,ROAD,Road,ROAD,Road,floor,1.27518,-0.0656753,22.2007,0
gainesville,pM_zjaOL4jt8_niIC0EU2Q,det,8,0.604492,0.539062,0.393329,band_0p30,ROAD,Road,ROAD,Road,ROAD,Road,floor,2.40875,0.234681,21.0802,0
gainesville,pM_zjaOL4jt8_niIC0EU2Q,missed,0,0.413737,0.546768,,missed,WALK,Curb Cut,WALK,Crosswalk - Plain,WALK,Curb,floor,3.62283,0.23008,17.5686,0
gainesville,pM_zjaOL4jt8_niIC0EU2Q,missed,1,0.462314,0.533124,,missed,WALK,Sidewalk,WALK,Curb,WALK,Sidewalk,floor,1.27518,-0.0914196,24.8948,0
gainesville,q2yX7pwQF7_3SFGxEqlDHQ,det,0,0.738281,0.568359,0.811376,true,WALK,Curb Cut,WALK,Curb Cut,WALK,Curb Cut,floor,1.53672,-8.24996e-05,11.92,0
gainesville,q2yX7pwQF7_3SFGxEqlDHQ,det,1,0.253906,0.523438,0.800069,true,OBJECT,Pole,WALK,Sidewalk,OBJECT,Pole,floor,1.10358,0.0426866,35.2473,0
gainesville,q2yX7pwQF7_3SFGxEqlDHQ,missed,0,0.269582,0.526453,,missed,WALK,Curb,WALK,Curb,WALK,Curb,floor,1.23654,0.0895977,31.2143,0
gainesville,q2yX7pwQF7_3SFGxEqlDHQ,missed,1,0.419404,0.50828,,unsure_missed,OTHER,Terrain,ROAD,Road,WALK,Sidewalk,floor,0.742304,-0.390954,99.9254,0
gainesville,q2yX7pwQF7_3SFGxEqlDHQ,missed,2,0.543317,0.510652,,missed,WALK,Sidewalk,ROAD,Road,WALK,Curb Cut,floor,0.94812,0.0276069,77.6652,0
gainesville,qAP6awcZVDK19stGxM31jQ,det,0,0.980469,0.537109,0.580943,true,WALK,Sidewalk,WALK,Sidewalk,WALK,Sidewalk,floor,1.4899,-0.0876094,22.2007,0
gainesville,qAP6awcZVDK19stGxM31jQ,missed,0,0.373737,0.705152,,missed,WALK,Sidewalk,WALK,Sidewalk,WALK,Sidewalk,ground,1.97883,,3.45944,0
gainesville,r2EDHivQkQoWWelu3IZOxg,det,0,0.59668,0.552734,1.01356,true,WALK,Sidewalk,WALK,Curb,WALK,Curb,floor,3.23047,0.0973828,15.55,0
gainesville,r2EDHivQkQoWWelu3IZOxg,det,1,0.362305,0.539062,0.991978,true,WALK,Sidewalk,WALK,Sidewalk,WALK,Sidewalk,floor,1.07283,-0.0395824,21.0802,0
gainesville,r2EDHivQkQoWWelu3IZOxg,det,2,0.549805,0.552734,0.934969,true,WALK,Sidewalk,WALK,Sidewalk,WALK,Sidewalk,floor,3.55622,0.00975128,15.55,0
gainesville,r2EDHivQkQoWWelu3IZOxg,det,3,0.707031,0.599609,0.915003,true,WALK,Sidewalk,WALK,Sidewalk,WALK,Sidewalk,floor,1.74428,0.00579276,8.03552,0
gainesville,r2EDHivQkQoWWelu3IZOxg,det,4,0.432617,0.554688,0.891274,true,WALK,Sidewalk,WALK,Sidewalk,WALK,Sidewalk,floor,1.07283,-0.0204639,14.9842,0
gainesville,r2EDHivQkQoWWelu3IZOxg,det,5,0.808594,0.630859,0.837651,true,WALK,Curb Cut,WALK,Sidewalk,WALK,Curb Cut,floor,1.56798,-0.0472064,5.96402,0
gainesville,r2EDHivQkQoWWelu3IZOxg,det,6,0.15918,0.632812,0.803386,true,WALK,Curb Cut,WALK,Curb Cut,WALK,Curb Cut,floor,1.35393,-0.0473453,5.86551,0
gainesville,r2EDHivQkQoWWelu3IZOxg,det,7,0.253906,0.583984,0.722581,true,WALK,Sidewalk,WALK,Sidewalk,WALK,Sidewalk,ground,1.49868,,9.62455,0
gainesville,r2EDHivQkQoWWelu3IZOxg,det,8,0.269531,0.599609,0.656598,false,WALK,Sidewalk,WALK,Sidewalk,WALK,Sidewalk,ground,1.49868,,8.03552,0
gainesville,rFa5e9WO2AombOfKxw1GzA,det,0,0.745117,0.617188,0.935199,true,WALK,Curb Cut,WALK,Sidewalk,WALK,Sidewalk,ground,1.87179,,6.74025,0
gainesville,rFa5e9WO2AombOfKxw1GzA,det,1,0.916992,0.570312,0.911027,true,WALK,Sidewalk,WALK,Sidewalk,WALK,Sidewalk,floor,2.10989,-0.0083021,11.5783,0
gainesville,rFa5e9WO2AombOfKxw1GzA,det,2,0.0820312,0.568359,0.901795,true,ROAD,Road,ROAD,Road,ROAD,Road,floor,2.10989,-0.0160984,11.92,0
gainesville,rFa5e9WO2AombOfKxw1GzA,det,3,0.253906,0.583984,0.888285,true,WALK,Sidewalk,WALK,Sidewalk,WALK,Curb Cut,ground,1.87179,,9.62455,0
gainesville,s7wxqo3wnK-LD6bUkCRGzA,det,0,0.518555,0.523438,0.567441,false,WALK,Sidewalk,WALK,Sidewalk,WALK,Sidewalk,floor,5.12965,0.278801,35.2473,0
gainesville,s7wxqo3wnK-LD6bUkCRGzA,det,1,0.457031,0.523438,0.39354,band_0p30,WALK,Sidewalk,WALK,Sidewalk,WALK,Sidewalk,floor,2.99519,-0.110404,35.2473,0
gainesville,s7wxqo3wnK-LD6bUkCRGzA,det,2,0.987305,0.539062,0.318857,band_0p30,WALK,Curb,OTHER,Terrain,WALK,Curb,floor,6.8802,-0.420071,21.0802,0
gainesville,sIW4u-Mq7TORFHbsswcCzQ,det,0,0.902344,0.568359,0.992694,true,WALK,Sidewalk,WALK,Sidewalk,WALK,Sidewalk,floor,0.618972,0.0576132,11.92,0
gainesville,sIW4u-Mq7TORFHbsswcCzQ,missed,0,0.129406,0.5436,,missed,WALK,Curb Cut,WALK,Curb Cut,WALK,Curb Cut,floor,0.469806,-0.0183489,18.863,0
gainesville,smIcY196GPbaTpEbjkA7aA,det,0,0.464844,0.523438,0.939385,true,WALK,Sidewalk,WALK,Sidewalk,WALK,Sidewalk,floor,3.85026,0.0676755,35.2473,0
gainesville,smIcY196GPbaTpEbjkA7aA,det,1,0.0966797,0.539062,0.373588,band_0p30,WALK,Curb Cut,WALK,Curb,WALK,Curb Cut,floor,1.35075,0.0540062,21.0802,0
gainesville,smIcY196GPbaTpEbjkA7aA,det,2,0.175781,0.552734,0.364471,band_0p30,ROAD,Road,ROAD,Road,ROAD,Road,floor,2.02632,0.053107,15.55,0
gainesville,smIcY196GPbaTpEbjkA7aA,missed,0,0.093092,0.540685,,missed,WALK,Sidewalk,WALK,Curb,WALK,Sidewalk,floor,1.35075,0.0533142,20.2311,0
gainesville,smIcY196GPbaTpEbjkA7aA,missed,1,0.178182,0.555657,,missed,WALK,Sidewalk,WALK,Sidewalk,WALK,Sidewalk,floor,2.02632,0.0468237,14.718,0
gainesville,smIcY196GPbaTpEbjkA7aA,missed,2,0.53242,0.531123,,unsure_missed,ROAD,Road,ROAD,Road,ROAD,Road,floor,1.12187,0.0188749,26.5069,0
gainesville,tD8uJ0wHWy0RNPwb73S7Og,det,0,0.62793,0.539062,0.914544,true,WALK,Curb Cut,WALK,Curb Cut,WALK,Curb Cut,ground,1.74395,,21.0802,0
gainesville,tD8uJ0wHWy0RNPwb73S7Og,det,1,0.78418,0.539062,0.735783,true,WALK,Sidewalk,WALK,Sidewalk,WALK,Sidewalk,floor,4.87411,0.22557,21.0802,0
gainesville,taAM_J38w0t7x9p1iOGptw,det,0,0.948242,0.554688,0.722101,true,WALK,Curb Cut,WALK,Curb Cut,WALK,Sidewalk,ground,0.612936,,14.9842,0
gainesville,vbW2W3-AE2tr1NJYHCuHgw,det,0,0.166992,0.554688,0.658981,true,WALK,Sidewalk,WALK,Sidewalk,WALK,Sidewalk,ground,1.97179,,14.9842,0
gainesville,vbW2W3-AE2tr1NJYHCuHgw,det,1,0.0351562,0.537109,0.407236,band_0p30,WALK,Curb,ROAD,Road,WALK,Curb,floor,1.00891,0.0813651,22.2007,0
gainesville,vbW2W3-AE2tr1NJYHCuHgw,missed,0,0.738586,0.691414,,missed,WALK,Curb Cut,WALK,Curb Cut,WALK,Curb Cut,ground,1.97179,,3.78946,0
gainesville,wwbkgmoKv4MS5sMy3PGhqA,det,0,0.65918,0.537109,0.608435,true,WALK,Sidewalk,WALK,Sidewalk,WALK,Sidewalk,floor,0.644981,0.0221869,22.2007,0
gainesville,wwbkgmoKv4MS5sMy3PGhqA,missed,0,0.598935,0.520835,,missed,WALK,Sidewalk,WALK,Curb Cut,WALK,Sidewalk,floor,1.27825,-0.0109334,39.666,0
gainesville,xExZyWexGcwGNf5LNhQBRg,det,0,0.386719,0.537109,0.876269,true,WALK,Sidewalk,WALK,Sidewalk,WALK,Sidewalk,floor,1.85625,-0.0894505,22.2007,0
gainesville,xMY6EkmbN9OZqwHeC_S7Zg,det,0,0.792969,0.630859,0.761278,true,WALK,Sidewalk,WALK,Sidewalk,WALK,Sidewalk,floor,0.882487,0.0535201,5.96402,0
gainesville,xMY6EkmbN9OZqwHeC_S7Zg,det,1,0.44043,0.615234,0.33503,band_0p30,WALK,Curb Cut,WALK,Curb Cut,WALK,Curb Cut,ground,2.48837,,6.86541,0
gainesville,xMY6EkmbN9OZqwHeC_S7Zg,missed,0,0.388283,0.607374,,missed,WALK,Curb Cut,WALK,Curb,WALK,Curb Cut,ground,2.48837,,7.41312,0
gainesville,yQOkeKGLo1dFuhOO7BFRFg,det,0,0.636719,0.568359,0.909617,true,WALK,Curb Cut,WALK,Curb,WALK,Curb Cut,ground,2.22061,,11.92,0
gainesville,yQOkeKGLo1dFuhOO7BFRFg,det,1,0.824219,0.599609,0.797031,true,WALK,Curb Cut,WALK,Curb Cut,WALK,Curb Cut,floor,1.54775,0.0651739,8.03552,0
sao_paulo,-pcHlrGDC4hPPRHVxU3W3Q,det,0,0.730469,0.662109,0.933173,true,WALK,Curb Cut,WALK,Sidewalk,WALK,Curb Cut,ground,2.2588,,4.65603,0
sao_paulo,-pcHlrGDC4hPPRHVxU3W3Q,det,1,0.78418,0.615234,0.855563,true,WALK,Sidewalk,WALK,Sidewalk,WALK,Curb Cut,floor,3.4122,-0.0218665,6.86541,0
sao_paulo,-pcHlrGDC4hPPRHVxU3W3Q,det,2,0.0820312,0.552734,0.782343,true,WALK,Curb Cut,WALK,Sidewalk,WALK,Curb Cut,floor_standin,0,0.399249,15.55,0
sao_paulo,-pcHlrGDC4hPPRHVxU3W3Q,det,3,0.957031,0.554688,0.699251,true,WALK,Sidewalk,WALK,Sidewalk,WALK,Sidewalk,floor_standin,0,0.251469,14.9842,0
sao_paulo,-pcHlrGDC4hPPRHVxU3W3Q,missed,0,0.0651947,0.552201,,missed,WALK,Curb Cut,WALK,Curb,WALK,Sidewalk,floor_standin,0,0.40819,15.712,0
sao_paulo,-pcHlrGDC4hPPRHVxU3W3Q,missed,1,0.211133,0.587447,,unsure_missed,WALK,Curb,WALK,Sidewalk,WALK,Curb Cut,floor_standin,0,0.02731,9.22474,0
sao_paulo,-pcHlrGDC4hPPRHVxU3W3Q,missed,2,0.971241,0.555233,,missed,WALK,Curb,WALK,Curb,WALK,Curb,floor_standin,0,0.277151,14.8332,0
sao_paulo,-pcHlrGDC4hPPRHVxU3W3Q,missed,3,0.263434,0.607374,,unsure_missed,OBJECT,Car,OBJECT,Car,OBJECT,Car,ground,2.2588,,7.41312,0
sao_paulo,-uqS0QNM8aUFtP5gwTMu4w,det,0,0.886719,0.552734,1.00008,true,WALK,Sidewalk,WALK,Sidewalk,WALK,Sidewalk,floor,1.658,0.0125115,15.55,0
sao_paulo,-uqS0QNM8aUFtP5gwTMu4w,det,1,0.932617,0.552734,1.00088,true,WALK,Sidewalk,WALK,Curb Cut,WALK,Sidewalk,floor_standin,0,0.0765585,15.55,0
sao_paulo,-uqS0QNM8aUFtP5gwTMu4w,det,2,0.214844,0.646484,0.939222,true,WALK,Curb Cut,WALK,Sidewalk,WALK,Curb Cut,ground,1.26424,,5.24521,0
sao_paulo,-uqS0QNM8aUFtP5gwTMu4w,det,3,0.0351562,0.552734,0.895756,true,WALK,Sidewalk,WALK,Sidewalk,WALK,Curb Cut,floor_standin,0,0.21997,15.55,0
sao_paulo,-uqS0QNM8aUFtP5gwTMu4w,det,4,0.0585938,0.554688,0.880988,true,WALK,Sidewalk,WALK,Sidewalk,WALK,Sidewalk,floor_standin,0,0.174204,14.9842,0
sao_paulo,-uqS0QNM8aUFtP5gwTMu4w,det,5,0.760742,0.599609,0.799778,true,WALK,Sidewalk,WALK,Sidewalk,WALK,Sidewalk,floor,2.50523,0.0799851,8.03552,0
sao_paulo,-uqS0QNM8aUFtP5gwTMu4w,det,6,0.166992,0.585938,0.671519,true,WALK,Sidewalk,WALK,Sidewalk,OBJECT,Utility Pole,floor_standin,0,0.0136693,9.39519,0
sao_paulo,-uqS0QNM8aUFtP5gwTMu4w,det,7,0.691406,0.646484,0.618756,true,WALK,Curb Cut,WALK,Curb Cut,WALK,Curb Cut,floor,2.50523,0.0292913,5.24521,0
sao_paulo,0aJabNkZdyIHXbiruS_yLw,det,0,0.0966797,0.554688,0.581835,true,WALK,Sidewalk,WALK,Sidewalk,WALK,Sidewalk,floor,1.34465,0.075889,14.9842,0
sao_paulo,0aJabNkZdyIHXbiruS_yLw,det,1,0.0498047,0.539062,0.465896,band_0p30,ROAD,Road,ROAD,Road,ROAD,Road,floor,1.34465,0.382819,21.0802,0
sao_paulo,0aJabNkZdyIHXbiruS_yLw,missed,0,0.0434127,0.534665,,unsure_missed,WALK,Sidewalk,WALK,Sidewalk,WALK,Sidewalk,floor,1.3814,0.107697,23.7799,0
sao_paulo,1bF6KihYF1Rw8PIg_ZTh6g,det,0,0.362305,0.617188,0.854875,true,WALK,Sidewalk,WALK,Sidewalk,WALK,Sidewalk,ground,1.34392,,6.74025,0
sao_paulo,1bF6KihYF1Rw8PIg_ZTh6g,det,1,0.557617,0.539062,0.66726,false,WALK,Sidewalk,WALK,Sidewalk,WALK,Sidewalk,floor,1.32264,-0.0841919,21.0802,0
sao_paulo,1bF6KihYF1Rw8PIg_ZTh6g,det,2,0.464844,0.539062,0.559793,false,WALK,Curb,WALK,Curb,WALK,Curb,floor,0.261696,-0.0252671,21.0802,0
sao_paulo,1bF6KihYF1Rw8PIg_ZTh6g,det,3,0.651367,0.601562,0.329821,band_0p30,OBJECT,Pole,OBJECT,Pole,OBJECT,Pole,floor,0.261696,-0.12224,7.87031,0
sao_paulo,23nSVF67ExPhVWfty9-4Qw,det,0,0.424805,0.539062,0.780826,unsure,ROAD,Lane Marking - Crosswalk,ROAD,Lane Marking - Crosswalk,ROAD,Lane Marking - Crosswalk,floor,2.74566,-0.208325,21.0802,0
sao_paulo,23nSVF67ExPhVWfty9-4Qw,det,1,0.542969,0.552734,0.596074,false,ROAD,Road,WALK,Curb,ROAD,Road,floor_standin,0,0.188625,15.55,0
sao_paulo,2XdWe9r6z5m-9SmNQq7TGQ,det,0,0.448242,0.552734,0.623728,false,WALK,Curb,ROAD,Lane Marking - Crosswalk,WALK,Curb Cut,floor,1.61058,0.234649,15.55,0
sao_paulo,2vVoZEbjn1wxGCCvCmgeUQ,det,0,0.339844,0.617188,0.962284,true,WALK,Sidewalk,WALK,Sidewalk,WALK,Curb Cut,ground,0.44013,,6.74025,0
sao_paulo,2vVoZEbjn1wxGCCvCmgeUQ,det,1,0.605469,0.601562,0.899641,true,WALK,Curb Cut,WALK,Sidewalk,WALK,Curb Cut,floor,0.64589,0.0776875,7.87031,0
sao_paulo,2vVoZEbjn1wxGCCvCmgeUQ,det,2,0.558594,0.539062,0.859963,true,WALK,Sidewalk,WALK,Curb Cut,WALK,Sidewalk,floor,1.58437,0.0678435,21.0802,0
sao_paulo,2vVoZEbjn1wxGCCvCmgeUQ,det,3,0.456055,0.539062,0.782474,true,WALK,Curb,WALK,Curb,WALK,Curb,floor,0.64589,0.142389,21.0802,0
sao_paulo,2vVoZEbjn1wxGCCvCmgeUQ,det,4,0.535156,0.539062,0.721064,true,WALK,Curb Cut,WALK,Curb Cut,WALK,Curb Cut,floor,1.58437,0.0313319,21.0802,0
sao_paulo,2vVoZEbjn1wxGCCvCmgeUQ,det,5,0.417969,0.539062,0.414735,band_0p30,WALK,Sidewalk,WALK,Curb Cut,WALK,Sidewalk,floor,0.64589,0.105908,21.0802,0
sao_paulo,2vVoZEbjn1wxGCCvCmgeUQ,missed,0,0.425416,0.539212,,missed,WALK,Sidewalk,WALK,Sidewalk,WALK,Sidewalk,floor,0.64589,0.113166,20.9993,0
sao_paulo,2vVoZEbjn1wxGCCvCmgeUQ,missed,1,0.623658,0.562796,,unsure_missed,OBJECT,Utility Pole,OBJECT,Utility Pole,OBJECT,Utility Pole,floor,1.58437,0.00744106,13.0078,0
sao_paulo,3SnxAqXSf1WzcWlp76h_2Q,det,0,0.792969,0.583984,0.926314,true,WALK,Curb Cut,WALK,Sidewalk,WALK,Curb Cut,ground,3.08838,,9.62455,0
sao_paulo,3SnxAqXSf1WzcWlp76h_2Q,det,1,0.253906,0.617188,0.870617,true,WALK,Sidewalk,WALK,Sidewalk,WALK,Sidewalk,ground,3.08838,,6.74025,0
sao_paulo,3SnxAqXSf1WzcWlp76h_2Q,det,2,0.636719,0.523438,0.668753,true,ROAD,Road,ROAD,Road,ROAD,Road,floor,2.6189,0.157738,35.2473,0
sao_paulo,3SnxAqXSf1WzcWlp76h_2Q,det,3,0.535156,0.507812,0.548652,band_0p30,WALK,Curb,WALK,Curb,WALK,Curb,floor,2.68,-0.134545,105.912,0
sao_paulo,3SnxAqXSf1WzcWlp76h_2Q,det,4,0.338867,0.583984,0.433252,band_0p30,ROAD,Bike Lane,ROAD,Bike Lane,ROAD,Bike Lane,ground,3.08838,,9.62455,0
sao_paulo,3SnxAqXSf1WzcWlp76h_2Q,det,5,0.831055,0.583984,0.41045,band_0p30,WALK,Sidewalk,WALK,Sidewalk,WALK,Sidewalk,ground,3.08838,,9.62455,0
sao_paulo,3SnxAqXSf1WzcWlp76h_2Q,missed,0,0.243928,0.589578,,missed,WALK,Sidewalk,WALK,Sidewalk,WALK,Sidewalk,ground,3.08838,,8.99376,0
sao_paulo,3SnxAqXSf1WzcWlp76h_2Q,missed,1,0.318332,0.580049,,missed,WALK,Curb Cut,WALK,Sidewalk,WALK,Sidewalk,ground,3.08838,,10.1199,0
sao_paulo,3SnxAqXSf1WzcWlp76h_2Q,missed,2,0.761546,0.556511,,missed,WALK,Sidewalk,WALK,Curb,WALK,Curb,floor,5.20259,-0.060446,14.4907,0
sao_paulo,3SnxAqXSf1WzcWlp76h_2Q,missed,3,0.640242,0.532601,,missed,WALK,Curb Cut,ROAD,Lane Marking - Crosswalk,WALK,Curb Cut,floor,2.6189,0.103066,25.2968,0
sao_paulo,3SnxAqXSf1WzcWlp76h_2Q,missed,4,0.594844,0.513137,,missed,WALK,Curb,WALK,Sidewalk,WALK,Curb Cut,floor,3.73235,0.0486522,62.9608,0
sao_paulo,3SnxAqXSf1WzcWlp76h_2Q,missed,5,0.537386,0.508069,,unsure_missed,WALK,Sidewalk,WALK,Sidewalk,WALK,Sidewalk,floor,2.68,-0.124052,102.548,0
sao_paulo,4RXNxzYjFwN0EBvKh8aHSQ,det,0,0.362305,0.583984,1.00377,true,WALK,Sidewalk,WALK,Sidewalk,WALK,Sidewalk,floor_standin,0,0.0558706,9.62455,0
sao_paulo,4RXNxzYjFwN0EBvKh8aHSQ,det,1,0.636719,0.630859,0.87112,true,WALK,Curb Cut,WALK,Curb Cut,WALK,Curb Cut,floor,2.23957,0.114067,5.96402,0
sao_paulo,4RXNxzYjFwN0EBvKh8aHSQ,det,2,0.910156,0.552734,0.863358,true,WALK,Curb Cut,WALK,Curb Cut,ROAD,Lane Marking - Crosswalk,floor,1.50909,-0.16178,15.55,0
sao_paulo,4RXNxzYjFwN0EBvKh8aHSQ,det,3,0.769531,0.585938,0.842396,true,WALK,Sidewalk,WALK,Sidewalk,WALK,Sidewalk,floor,2.23957,0.292854,9.39519,0
sao_paulo,4RXNxzYjFwN0EBvKh8aHSQ,det,4,0.105469,0.568359,0.800192,true,WALK,Sidewalk,WALK,Sidewalk,WALK,Sidewalk,floor_standin,0,0.13189,11.92,0
sao_paulo,4RXNxzYjFwN0EBvKh8aHSQ,det,5,0.307617,0.570312,0.794803,true,WALK,Curb,WALK,Sidewalk,STRUCTURE,Wall,floor_standin,0,0.233011,11.5783,0
sao_paulo,4RXNxzYjFwN0EBvKh8aHSQ,det,6,0.963867,0.539062,0.703251,true,WALK,Sidewalk,WALK,Sidewalk,WALK,Sidewalk,floor,1.50909,0.13737,21.0802,0
sao_paulo,4RXNxzYjFwN0EBvKh8aHSQ,det,7,0.166992,0.568359,0.637404,true,WALK,Sidewalk,WALK,Curb,WALK,Curb Cut,floor_standin,0,0.333863,11.92,0
sao_paulo,4n8b3OMdbJZgeJXz_TxNBA,det,0,0.229492,0.615234,0.974202,true,WALK,Curb Cut,WALK,Sidewalk,WALK,Curb Cut,floor_standin,0,0.154258,6.86541,0
sao_paulo,4n8b3OMdbJZgeJXz_TxNBA,det,1,0.53418,0.523438,0.944374,true,WALK,Sidewalk,WALK,Sidewalk,WALK,Sidewalk,floor,2.84076,-0.199999,35.2473,0
sao_paulo,4n8b3OMdbJZgeJXz_TxNBA,det,2,0.738281,0.662109,0.850647,true,WALK,Sidewalk,WALK,Sidewalk,WALK,Curb Cut,floor,1.47512,-0.124507,4.65603,0
sao_paulo,4n8b3OMdbJZgeJXz_TxNBA,det,3,0.675781,0.615234,0.776503,true,WALK,Curb Cut,WALK,Sidewalk,WALK,Curb Cut,floor,2.44577,0.0022687,6.86541,0
sao_paulo,4n8b3OMdbJZgeJXz_TxNBA,det,4,0.566406,0.523438,0.74882,true,WALK,Sidewalk,WALK,Sidewalk,ROAD,Parking,floor,2.84076,0.0441313,35.2473,0
sao_paulo,4n8b3OMdbJZgeJXz_TxNBA,det,5,0.285156,0.568359,0.732044,true,OBJECT,Pole,OBJECT,Utility Pole,OBJECT,Utility Pole,floor,2.62391,0.0144914,11.92,0
sao_paulo,4n8b3OMdbJZgeJXz_TxNBA,det,6,0.432617,0.523438,0.704096,true,WALK,Sidewalk,WALK,Sidewalk,WALK,Sidewalk,floor,2.84076,-0.199431,35.2473,0
sao_paulo,4n8b3OMdbJZgeJXz_TxNBA,det,7,0.706055,0.630859,0.561531,false,WALK,Sidewalk,WALK,Sidewalk,WALK,Sidewalk,floor,1.47512,-0.146081,5.96402,0
sao_paulo,52VthEdI90oCcFRLa9Wy5g,det,0,0.0195312,0.539062,0.831149,true,ROAD,Manhole,WALK,Sidewalk,ROAD,Manhole,floor,3.6688,0.360558,21.0802,0
sao_paulo,52VthEdI90oCcFRLa9Wy5g,det,1,0.113281,0.617188,0.81884,true,WALK,Sidewalk,WALK,Sidewalk,WALK,Sidewalk,ground,2.56247,,6.74025,0
sao_paulo,53l0gQcJPK4NrZhJZhtKlg,det,0,0.0507812,0.539062,0.79494,unsure,ROAD,Road,ROAD,Road,ROAD,Road,floor,0.901355,0.162942,21.0802,0
sao_paulo,53l0gQcJPK4NrZhJZhtKlg,det,1,0.957031,0.554688,0.493696,band_0p30,WALK,Curb Cut,WALK,Sidewalk,WALK,Curb Cut,floor,2.51715,0.0269616,14.9842,0
sao_paulo,5IK4jyU16o627F2yDHu6Gw,det,0,0.0585938,0.554688,0.747711,true,WALK,Sidewalk,WALK,Sidewalk,WALK,Sidewalk,floor_standin,0,0.151629,14.9842,0
sao_paulo,5IK4jyU16o627F2yDHu6Gw,det,1,0.588867,0.537109,0.742693,true,WALK,Sidewalk,WALK,Sidewalk,WALK,Sidewalk,floor,1.50896,-0.144523,22.2007,0
sao_paulo,5IK4jyU16o627F2yDHu6Gw,det,2,0.385742,0.539062,0.303095,band_0p30,WALK,Sidewalk,WALK,Sidewalk,WALK,Sidewalk,floor,5.93544,-0.167619,21.0802,0
sao_paulo,5IK4jyU16o627F2yDHu6Gw,missed,0,0.48116,0.5099,,unsure_missed,WALK,Curb,WALK,Curb,WALK,Curb,floor,4.60096,-0.130651,83.5733,0
sao_paulo,5IK4jyU16o627F2yDHu6Gw,missed,1,0.52483,0.509314,,unsure_missed,WALK,Sidewalk,WALK,Sidewalk,WALK,Sidewalk,floor,2.7328,0.0649264,88.8313,0
sao_paulo,5IK4jyU16o627F2yDHu6Gw,missed,2,0.557431,0.516639,,unsure_missed,WALK,Curb,ROAD,Lane Marking - Crosswalk,WALK,Curb,floor,2.7328,0.0424979,49.6928,0
sao_paulo,5IK4jyU16o627F2yDHu6Gw,missed,3,0.932198,0.555696,,missed,WALK,Sidewalk,WALK,Sidewalk,WALK,Sidewalk,floor_standin,0,0.174525,14.7074,0
sao_paulo,5b-MNFZDk9yhziWPr2u7Hg,det,0,0.666992,0.523438,0.562281,false,WALK,Sidewalk,WALK,Sidewalk,WALK,Sidewalk,floor,2.76074,-0.0527961,35.2473,0
sao_paulo,6a_UTgidEGA0mlGKPlurNw,det,0,0.37793,0.662109,1.01257,true,WALK,Sidewalk,WALK,Sidewalk,WALK,Curb Cut,floor,2.07556,0.0154311,4.65603,0
sao_paulo,6a_UTgidEGA0mlGKPlurNw,det,1,0.0820312,0.554688,0.972526,true,WALK,Sidewalk,WALK,Sidewalk,WALK,Sidewalk,non_horizontal,88.8926,,14.9842,0
sao_paulo,6a_UTgidEGA0mlGKPlurNw,det,2,0.269531,0.630859,0.888942,true,WALK,Sidewalk,WALK,Sidewalk,WALK,Sidewalk,floor,2.07556,0.0164719,5.96402,0
sao_paulo,6a_UTgidEGA0mlGKPlurNw,det,3,0.855469,0.585938,0.875575,true,WALK,Sidewalk,WALK,Sidewalk,WALK,Sidewalk,floor_standin,0,0.205407,9.39519,0
sao_paulo,6a_UTgidEGA0mlGKPlurNw,det,4,0.0351562,0.552734,0.769273,true,WALK,Sidewalk,WALK,Sidewalk,WALK,Sidewalk,floor,1.19058,0.0118801,15.55,0
sao_paulo,6a_UTgidEGA0mlGKPlurNw,det,5,0.932617,0.539062,0.646958,unsure,WALK,Sidewalk,WALK,Sidewalk,WALK,Sidewalk,floor_standin,0,0.304032,21.0802,0
sao_paulo,6a_UTgidEGA0mlGKPlurNw,missed,0,0.789899,0.637273,,missed,WALK,Sidewalk,WALK,Sidewalk,WALK,Curb Cut,floor_standin,0,0.112874,5.65044,0
sao_paulo,7O-o_5mVjT3KdC0SV0shUw,det,0,0.597656,0.585938,0.566305,true,WALK,Sidewalk,WALK,Curb Cut,WALK,Curb Cut,floor,4.55918,-0.233016,9.39519,0
sao_paulo,7UTz_5Xfnx4Hz_0gfN2WZA,det,0,0.635742,0.585938,0.651661,true,WALK,Sidewalk,WALK,Sidewalk,WALK,Sidewalk,floor,0.0625573,0.400172,9.39519,0
sao_paulo,7UTz_5Xfnx4Hz_0gfN2WZA,missed,0,0.172525,0.725354,,missed,WALK,Sidewalk,WALK,Sidewalk,WALK,Curb Cut,floor,6.43818,0.125614,3.03737,0
sao_paulo,7um0A6G_bSJ3Hn6nRbixvA,det,0,0.823242,0.539062,0.758846,true,WALK,Sidewalk,WALK,Sidewalk,WALK,Sidewalk,floor_standin,0,0.12631,21.0802,0
sao_paulo,7um0A6G_bSJ3Hn6nRbixvA,det,1,0.245117,0.585938,0.729472,true,WALK,Sidewalk,WALK,Curb,WALK,Sidewalk,ground,0.26467,,9.39519,0
sao_paulo,7um0A6G_bSJ3Hn6nRbixvA,det,2,0.347656,0.552734,0.666145,true,ROAD,Bike Lane,ROAD,Bike Lane,ROAD,Bike Lane,floor,0.48092,-0.0275213,15.55,0
sao_paulo,7um0A6G_bSJ3Hn6nRbixvA,det,3,0.761719,0.552734,0.547212,band_0p30,ROAD,Lane Marking - Crosswalk,ROAD,Lane Marking - Crosswalk,ROAD,Lane Marking - Crosswalk,floor,1.12657,-0.131966,15.55,0
sao_paulo,7um0A6G_bSJ3Hn6nRbixvA,det,4,0.174805,0.552734,0.355141,band_0p30,ROAD,Bike Lane,ROAD,Bike Lane,ROAD,Bike Lane,ground,0.26467,,15.55,0
sao_paulo,7um0A6G_bSJ3Hn6nRbixvA,missed,0,0.784242,0.77303,,missed,WALK,Sidewalk,WALK,Curb Cut,WALK,Sidewalk,ground,0.26467,,2.24858,1
sao_paulo,7um0A6G_bSJ3Hn6nRbixvA,missed,1,0.776162,0.656667,,missed,WALK,Sidewalk,WALK,Sidewalk,WALK,Sidewalk,ground,0.26467,,4.84898,0
sao_paulo,7um0A6G_bSJ3Hn6nRbixvA,missed,2,0.762865,0.547892,,missed,WALK,Sidewalk,WALK,Sidewalk,WALK,Sidewalk,floor,1.12657,-0.159934,17.15,0
sao_paulo,7um0A6G_bSJ3Hn6nRbixvA,missed,3,0.228281,0.522806,,unsure_missed,WALK,Curb,ROAD,Lane Marking - Crosswalk,WALK,Curb Cut,floor_standin,0,-0.0374466,36.2263,0
sao_paulo,8PunOGXWhLW2Jcp-z1kSNg,det,0,0.0810547,0.539062,0.747285,false,OTHER,Terrain,WALK,Sidewalk,WALK,Curb Cut,floor,5.85139,0.497829,21.0802,0
sao_paulo,9e52qBoSx6RlPRP2VHBTqA,det,0,0.448242,0.552734,0.970331,true,WALK,Curb Cut,WALK,Sidewalk,WALK,Sidewalk,ground,2.14457,,15.55,0
sao_paulo,9e52qBoSx6RlPRP2VHBTqA,det,1,0.69043,0.570312,0.83447,true,WALK,Curb Cut,WALK,Sidewalk,WALK,Curb Cut,floor,2.91497,0.0660844,11.5783,0
sao_paulo,9e52qBoSx6RlPRP2VHBTqA,missed,0,0.596125,0.538211,,unsure_missed,WALK,Sidewalk,WALK,Sidewalk,WALK,Sidewalk,ground,2.14457,,21.5547,0
sao_paulo,9ogLSXwqkmRsXUlTLya0uQ,det,0,0.566406,0.552734,1.00712,true,WALK,Curb Cut,WALK,Sidewalk,WALK,Curb Cut,floor,3.13269,-0.0165178,15.55,0
sao_paulo,9ogLSXwqkmRsXUlTLya0uQ,det,1,0.206055,0.615234,1.00414,true,WALK,Sidewalk,WALK,Sidewalk,WALK,Curb Cut,ground,0.705266,,6.86541,0
sao_paulo,9ogLSXwqkmRsXUlTLya0uQ,det,2,0.519531,0.539062,0.985382,true,WALK,Sidewalk,WALK,Sidewalk,WALK,Sidewalk,floor,3.13269,0.105702,21.0802,0
sao_paulo,9ogLSXwqkmRsXUlTLya0uQ,det,3,0.386719,0.539062,0.945785,true,WALK,Sidewalk,WALK,Sidewalk,WALK,Sidewalk,floor,0.493768,-0.102161,21.0802,0
sao_paulo,9ogLSXwqkmRsXUlTLya0uQ,det,4,0.425781,0.539062,0.923288,true,WALK,Sidewalk,OBJECT,Pole,OBJECT,Pole,ground,0.705266,,21.0802,0
sao_paulo,9ogLSXwqkmRsXUlTLya0uQ,det,5,0.746094,0.648438,0.906956,true,WALK,Sidewalk,WALK,Sidewalk,WALK,Sidewalk,floor,3.76754,0.220165,5.16531,0
sao_paulo,9ogLSXwqkmRsXUlTLya0uQ,det,6,0.253906,0.585938,0.901973,true,WALK,Sidewalk,WALK,Sidewalk,WALK,Sidewalk,floor,8.44539,0.034612,9.39519,0
sao_paulo,9ogLSXwqkmRsXUlTLya0uQ,det,7,0.691406,0.599609,0.852998,true,WALK,Sidewalk,WALK,Sidewalk,WALK,Sidewalk,floor,5.89368,-0.0239807,8.03552,0
sao_paulo,AJVnpStT1x3aP5rNLkUUyA,det,0,0.964844,0.570312,0.624944,false,WALK,Sidewalk,WALK,Sidewalk,WALK,Sidewalk,floor,5.5335,-0.169498,11.5783,0
sao_paulo,AJVnpStT1x3aP5rNLkUUyA,det,1,0.362305,0.568359,0.613246,false,WALK,Sidewalk,WALK,Sidewalk,WALK,Sidewalk,floor_standin,0,0.0180905,11.92,0
sao_paulo,AJVnpStT1x3aP5rNLkUUyA,det,2,0.526367,0.523438,0.352826,band_0p30,OBJECT,Utility Pole,OBJECT,Utility Pole,OBJECT,Utility Pole,ground,4.71094,,35.2473,0
sao_paulo,AJVnpStT1x3aP5rNLkUUyA,missed,0,0.525408,0.545511,,missed,WALK,Curb Cut,WALK,Sidewalk,WALK,Curb Cut,ground,4.71094,,18.0608,0
sao_paulo,AJVnpStT1x3aP5rNLkUUyA,missed,1,0.418316,0.531452,,missed,WALK,Curb Cut,ROAD,Road,WALK,Curb Cut,floor_standin,0,0.0200718,26.2278,0
sao_paulo,AyVE6TqZxahbZyzOG8KhPg,det,0,0.105469,0.583984,0.792556,false,WALK,Sidewalk,WALK,Sidewalk,WALK,Sidewalk,floor_standin,0,0.0909845,9.62455,0
sao_paulo,AyVE6TqZxahbZyzOG8KhPg,det,1,0.97168,0.539062,0.602062,unsure,WALK,Sidewalk,WALK,Sidewalk,WALK,Sidewalk,floor_standin,0,0.616403,21.0802,0
sao_paulo,AyVE6TqZxahbZyzOG8KhPg,det,2,0.0585938,0.539062,0.433728,band_0p30,WALK,Sidewalk,WALK,Sidewalk,WALK,Sidewalk,floor_standin,0,0.557752,21.0802,0
sao_paulo,BK29yXSNmXidi-3ggxm_Zg,det,0,0.378906,0.617188,0.881135,true,WALK,Sidewalk,WALK,Sidewalk,WALK,Sidewalk,floor_standin,0,0.181257,6.74025,0
sao_paulo,BK29yXSNmXidi-3ggxm_Zg,det,1,0.925781,0.568359,0.831925,false,WALK,Sidewalk,WALK,Sidewalk,WALK,Sidewalk,floor_standin,0,0.116829,11.92,0
sao_paulo,BK29yXSNmXidi-3ggxm_Zg,det,2,0.0888672,0.570312,0.822264,false,ROAD,Road,ROAD,Road,ROAD,Road,floor_standin,0,0.371629,11.5783,0
sao_paulo,BK29yXSNmXidi-3ggxm_Zg,det,3,0.268555,0.617188,0.673283,true,WALK,Sidewalk,WALK,Sidewalk,WALK,Sidewalk,floor_standin,0,0.21573,6.74025,0
sao_paulo,BK29yXSNmXidi-3ggxm_Zg,missed,0,0.624187,0.623199,,unsure_missed,WALK,Curb Cut,WALK,Curb Cut,WALK,Sidewalk,floor,3.51736,0.0105124,6.3788,0
sao_paulo,Cuj3qJDAZnTKnMhQLXy1ig,det,0,0.894531,0.662109,0.8709,true,WALK,Sidewalk,WALK,Sidewalk,WALK,Sidewalk,floor,1.22669,0.0118531,4.65603,0
sao_paulo,Cuj3qJDAZnTKnMhQLXy1ig,missed,0,0.296126,0.606788,,missed,WALK,Sidewalk,WALK,Curb Cut,WALK,Curb Cut,ground,0.301316,,7.45703,0
sao_paulo,DSdxd4wO-H8l4g-O_IGfkg,det,0,0.574219,0.568359,0.820438,true,WALK,Sidewalk,WALK,Sidewalk,WALK,Sidewalk,floor,3.35229,0.138924,11.92,0
sao_paulo,DSdxd4wO-H8l4g-O_IGfkg,det,1,0.432617,0.539062,0.30628,band_0p30,WALK,Curb,WALK,Sidewalk,WALK,Curb,floor_standin,0,0.0963143,21.0802,0
sao_paulo,DSdxd4wO-H8l4g-O_IGfkg,missed,0,0.434013,0.537886,,unsure_missed,WALK,Sidewalk,WALK,Sidewalk,WALK,Sidewalk,floor_standin,0,0.140108,21.7414,0
sao_paulo,E2-oeApmq0sW_GDdLFbnCQ,det,0,0.533203,0.552734,1.00794,true,OBJECT,Pole,OBJECT,Pole,OBJECT,Pole,floor_standin,0,-0.0026456,15.55,0
sao_paulo,E2-oeApmq0sW_GDdLFbnCQ,det,1,0.300781,0.599609,0.890784,true,WALK,Sidewalk,WALK,Sidewalk,WALK,Sidewalk,floor,1.65481,-0.0991437,8.03552,0
sao_paulo,E2-oeApmq0sW_GDdLFbnCQ,det,2,0.410156,0.539062,0.884855,true,WALK,Sidewalk,WALK,Sidewalk,WALK,Sidewalk,floor,1.65481,0.129983,21.0802,0
sao_paulo,E2-oeApmq0sW_GDdLFbnCQ,det,3,0.714844,0.601562,0.849217,true,WALK,Curb Cut,WALK,Curb Cut,WALK,Curb Cut,floor,0.660864,,7.87031,0
sao_paulo,E2-oeApmq0sW_GDdLFbnCQ,det,4,0.449219,0.539062,0.822801,true,WALK,Sidewalk,WALK,Sidewalk,WALK,Sidewalk,floor,1.65481,0.115716,21.0802,0
sao_paulo,E2-oeApmq0sW_GDdLFbnCQ,det,5,0.558594,0.568359,0.546625,band_0p30,WALK,Curb Cut,ROAD,Lane Marking - Crosswalk,WALK,Curb Cut,floor_standin,0,0.0649812,11.92,0
sao_paulo,E2-oeApmq0sW_GDdLFbnCQ,missed,0,0.317421,0.566446,,missed,WALK,Sidewalk,WALK,Sidewalk,WALK,Sidewalk,floor,1.65481,-0.14962,12.274,0
sao_paulo,E2-oeApmq0sW_GDdLFbnCQ,missed,1,0.563589,0.566631,,missed,OBJECT,Bicycle,OBJECT,Wheeled Slow,OBJECT,Bicycle,floor_standin,0,0.0319043,12.2387,0
sao_paulo,E2-oeApmq0sW_GDdLFbnCQ,missed,2,0.754343,0.673636,,missed,WALK,Sidewalk,WALK,Sidewalk,WALK,Sidewalk,floor,0.660864,,4.2839,0
sao_paulo,FRKJomHWa7nYfbmGJRNuvA,det,0,0.526367,0.523438,0.630242,unsure,ROAD,Lane Marking - Crosswalk,ROAD,Road,ROAD,Lane Marking - Crosswalk,floor,1.27932,0.0382927,35.2473,0
sao_paulo,GnxqQAq5GVonmVKfcMcr6w,det,0,0.963867,0.539062,0.735833,unsure,ROAD,Road,ROAD,Road,ROAD,Road,floor_standin,0,0.0410357,21.0802,0
sao_paulo,GnxqQAq5GVonmVKfcMcr6w,missed,0,0.969532,0.528434,,unsure_missed,WALK,Sidewalk,WALK,Sidewalk,WALK,Sidewalk,floor_standin,0,0.300703,29.0284,0
sao_paulo,GnxqQAq5GVonmVKfcMcr6w,missed,1,0.073324,0.557188,,missed,WALK,Curb Cut,ROAD,Bike Lane,WALK,Curb Cut,floor_standin,0,0.665852,14.3155,0
sao_paulo,H2cEJygbNd56-362PsICjA,det,0,0.589844,0.585938,0.928867,true,WALK,Sidewalk,WALK,Sidewalk,WALK,Sidewalk,floor,4.4312,0.111676,9.39519,0
sao_paulo,H2cEJygbNd56-362PsICjA,det,1,0.363281,0.570312,0.925489,true,WALK,Sidewalk,WALK,Sidewalk,WALK,Sidewalk,floor,2.68992,-0.108493,11.5783,0
sao_paulo,H2cEJygbNd56-362PsICjA,missed,0,0.43296,0.536179,,missed,WALK,Sidewalk,WALK,Curb,WALK,Sidewalk,floor,1.13263,0.522954,22.7768,0
sao_paulo,H2cEJygbNd56-362PsICjA,missed,1,0.549166,0.52992,,missed,WALK,Sidewalk,WALK,Sidewalk,WALK,Sidewalk,floor,2.64479,0.0884398,27.5788,0
sao_paulo,H2cEJygbNd56-362PsICjA,missed,2,0.594597,0.566097,,missed,ROAD,Road,WALK,Sidewalk,ROAD,Road,floor,4.4312,0.213431,12.3407,0
sao_paulo,H2cEJygbNd56-362PsICjA,missed,3,0.358553,0.563757,,missed,WALK,Sidewalk,WALK,Sidewalk,WALK,Sidewalk,floor,2.68992,-0.1506,12.8066,0
sao_paulo,I0LGgFwBsGIYNbIsIaLgpQ,det,0,0.737305,0.630859,0.964174,true,WALK,Sidewalk,WALK,Sidewalk,WALK,Sidewalk,floor,2.10003,-0.225895,5.96402,0
sao_paulo,I0LGgFwBsGIYNbIsIaLgpQ,det,1,0.582031,0.539062,0.93136,true,WALK,Sidewalk,WALK,Sidewalk,WALK,Sidewalk,floor,1.78958,0.568399,21.0802,0
sao_paulo,I0LGgFwBsGIYNbIsIaLgpQ,det,2,0.308594,0.664062,0.899228,true,WALK,Sidewalk,WALK,Sidewalk,WALK,Sidewalk,floor,1.7587,-0.00920965,4.58964,0
sao_paulo,I0LGgFwBsGIYNbIsIaLgpQ,det,3,0.417969,0.554688,0.898627,true,STRUCTURE,Building,STRUCTURE,Building,STRUCTURE,Building,floor,1.7587,0.0929281,14.9842,0
sao_paulo,I0LGgFwBsGIYNbIsIaLgpQ,det,4,0.557617,0.539062,0.839742,true,WALK,Sidewalk,WALK,Sidewalk,WALK,Sidewalk,floor,1.7587,0.0133106,21.0802,0
sao_paulo,I0LGgFwBsGIYNbIsIaLgpQ,det,5,0.706055,0.599609,0.784562,true,WALK,Sidewalk,WALK,Sidewalk,WALK,Sidewalk,floor,2.3546,-0.00369241,8.03552,0
sao_paulo,I0LGgFwBsGIYNbIsIaLgpQ,det,6,0.441406,0.568359,0.571068,true,ROAD,Road,ROAD,Road,ROAD,Road,floor,1.7587,0.0546629,11.92,0
sao_paulo,I0LGgFwBsGIYNbIsIaLgpQ,det,7,0.355469,0.615234,0.515533,band_0p30,WALK,Sidewalk,WALK,Sidewalk,WALK,Sidewalk,floor,1.7587,0.0193319,6.86541,0
sao_paulo,I0LGgFwBsGIYNbIsIaLgpQ,missed,0,0.360576,0.609466,,missed,WALK,Sidewalk,WALK,Sidewalk,ROAD,Road,floor,1.7587,0.0237467,7.26,0
sao_paulo,IAF46f7Lfz65Y2vjckHeMA,det,0,0.214844,0.585938,0.404453,band_0p30,ROAD,Bike Lane,ROAD,Bike Lane,ROAD,Bike Lane,floor_standin,0,0.10603,9.39519,0
sao_paulo,IAF46f7Lfz65Y2vjckHeMA,det,1,0.152344,0.583984,0.314107,band_0p30,ROAD,Lane Marking - Crosswalk,ROAD,Lane Marking - Crosswalk,ROAD,Lane Marking - Crosswalk,floor_standin,0,0.16443,9.62455,0
sao_paulo,IAF46f7Lfz65Y2vjckHeMA,det,2,0.777344,0.599609,0.310998,band_0p30,WALK,Sidewalk,ROAD,Lane Marking - Crosswalk,OBJECT,Barrier,floor,2.44352,0.051885,8.03552,0
sao_paulo,IAF46f7Lfz65Y2vjckHeMA,missed,0,0.211187,0.641953,,missed,WALK,Curb Cut,ROAD,Lane Marking - Crosswalk,WALK,Curb Cut,floor_standin,0,0.0219693,5.43844,0
sao_paulo,IAF46f7Lfz65Y2vjckHeMA,missed,1,0.223119,0.605739,,missed,WALK,Sidewalk,WALK,Sidewalk,WALK,Sidewalk,floor_standin,0,0.0689728,7.53681,0
sao_paulo,IAF46f7Lfz65Y2vjckHeMA,missed,2,0.209749,0.555778,,missed,WALK,Curb Cut,WALK,Curb Cut,WALK,Curb Cut,floor_standin,0,0.214506,14.6852,0
sao_paulo,IAF46f7Lfz65Y2vjckHeMA,missed,3,0.780615,0.592618,,missed,WALK,Curb Cut,WALK,Curb Cut,WALK,Curb Cut,floor,2.44352,0.0598527,8.68205,0
sao_paulo,JAwR7rGXLysrpeYgTzkLCQ,det,0,0.885742,0.664062,0.95386,true,WALK,Sidewalk,WALK,Sidewalk,WALK,Sidewalk,ground,1.72601,,4.58964,0
sao_paulo,JAwR7rGXLysrpeYgTzkLCQ,det,1,0.136719,0.677734,0.89568,true,WALK,Sidewalk,WALK,Sidewalk,WALK,Sidewalk,ground,1.72601,,4.16213,0
sao_paulo,KD-uKFrh3oLPfzbwOStEWA,det,0,0.151367,0.599609,0.677001,true,WALK,Curb Cut,WALK,Curb Cut,WALK,Sidewalk,floor,0.962865,0.00102027,8.03552,0
sao_paulo,KD-uKFrh3oLPfzbwOStEWA,det,1,0.191406,0.568359,0.405625,band_0p30,WALK,Sidewalk,WALK,Sidewalk,WALK,Sidewalk,floor,0.987545,0.0634765,11.92,0
sao_paulo,LUW-LxIfrK_j7kCq16WoyQ,det,0,0.910156,0.554688,0.912952,true,WALK,Sidewalk,WALK,Sidewalk,WALK,Sidewalk,floor,3.5761,-0.0417785,14.9842,0
sao_paulo,LUW-LxIfrK_j7kCq16WoyQ,det,1,0.956055,0.552734,0.879398,true,WALK,Curb Cut,WALK,Sidewalk,WALK,Curb Cut,floor,2.52739,0.0620535,15.55,0
sao_paulo,LUW-LxIfrK_j7kCq16WoyQ,det,2,0.81543,0.599609,0.874848,true,WALK,Sidewalk,WALK,Sidewalk,WALK,Curb Cut,floor,5.39757,-0.161086,8.03552,0
sao_paulo,LUW-LxIfrK_j7kCq16WoyQ,det,3,0.245117,0.583984,0.619835,true,WALK,Curb Cut,WALK,Sidewalk,WALK,Curb Cut,floor,4.62016,0.247378,9.62455,0
sao_paulo,M5mjc-BAtPFJppa9npq4xA,det,0,0.261719,0.599609,0.903082,true,WALK,Sidewalk,WALK,Sidewalk,WALK,Sidewalk,ground,0.51129,,8.03552,0
sao_paulo,M5mjc-BAtPFJppa9npq4xA,det,1,0.636719,0.646484,0.721706,true,WALK,Sidewalk,WALK,Curb Cut,WALK,Sidewalk,ground,0.51129,,5.24521,0
sao_paulo,M5mjc-BAtPFJppa9npq4xA,det,2,0.104492,0.554688,0.627257,false,WALK,Sidewalk,WALK,Sidewalk,WALK,Sidewalk,non_horizontal,89.2522,,14.9842,0
sao_paulo,M5mjc-BAtPFJppa9npq4xA,det,3,0.50293,0.552734,0.617851,false,WALK,Curb,WALK,Curb,WALK,Curb,floor_standin,0,0.0603737,15.55,0
sao_paulo,M5mjc-BAtPFJppa9npq4xA,det,4,0.807617,0.554688,0.516467,band_0p30,WALK,Sidewalk,WALK,Sidewalk,WALK,Sidewalk,floor,0.795001,0.123651,14.9842,0
sao_paulo,M5mjc-BAtPFJppa9npq4xA,missed,0,0.638384,0.577475,,missed,WALK,Sidewalk,WALK,Curb,ROAD,Road,floor_standin,0,0.0359266,10.4705,0
sao_paulo,M5mjc-BAtPFJppa9npq4xA,missed,1,0.497695,0.530452,,missed,ROAD,Road,OBJECT,Car,WALK,Sidewalk,floor_standin,0,0.138565,27.0948,0
sao_paulo,M5mjc-BAtPFJppa9npq4xA,missed,2,0.527085,0.554428,,missed,WALK,Curb,WALK,Curb,WALK,Sidewalk,floor_standin,0,0.0664169,15.057,0
sao_paulo,M5mjc-BAtPFJppa9npq4xA,missed,3,0.51903,0.54784,,missed,ROAD,Lane Marking - Crosswalk,ROAD,Lane Marking - Crosswalk,ROAD,Lane Marking - Crosswalk,floor_standin,0,0.0795476,17.1688,0
sao_paulo,M5mjc-BAtPFJppa9npq4xA,missed,4,0.683969,0.571271,,missed,WALK,Sidewalk,ROAD,Road,WALK,Curb Cut,floor_standin,0,0.0326686,11.4173,0
sao_paulo,M5mjc-BAtPFJppa9npq4xA,missed,5,0.698489,0.527949,,missed,WALK,Sidewalk,OBJECT,Pole,WALK,Sidewalk,floor_standin,0,0.0415594,29.5349,0
sao_paulo,MBuniYPiSz9apm9agSpqPw,det,0,0.62793,0.570312,0.83199,true,WALK,Sidewalk,WALK,Sidewalk,WALK,Sidewalk,floor_standin,0,0.0162578,11.5783,0
sao_paulo,MBuniYPiSz9apm9agSpqPw,det,1,0.557617,0.539062,0.691345,true,ROAD,Lane Marking - Crosswalk,ROAD,Road,ROAD,Lane Marking - Crosswalk,floor,1.14586,-0.00862427,21.0802,0
sao_paulo,MBuniYPiSz9apm9agSpqPw,det,2,0.393555,0.599609,0.422582,band_0p30,WALK,Sidewalk,WALK,Sidewalk,WALK,Sidewalk,floor,0.463938,0.0206983,8.03552,0
sao_paulo,MBuniYPiSz9apm9agSpqPw,missed,0,0.543398,0.535285,,missed,WALK,Curb Cut,WALK,Curb Cut,WALK,Curb Cut,floor,1.14586,-0.0388204,23.3584,0
sao_paulo,MBuniYPiSz9apm9agSpqPw,missed,1,0.627798,0.561013,,missed,WALK,Sidewalk,WALK,Curb,WALK,Curb Cut,floor_standin,0,0.0440584,13.3979,0
sao_paulo,MBuniYPiSz9apm9agSpqPw,missed,2,0.395838,0.601732,,missed,WALK,Sidewalk,WALK,Sidewalk,WALK,Sidewalk,floor,0.463938,0.0213414,7.85624,0
sao_paulo,MO1IiuyyjHfY4uBuEsgoeg,det,0,0.941406,0.570312,0.819563,true,WALK,Curb Cut,WALK,Curb Cut,WALK,Curb Cut,floor_standin,0,0.137151,11.5783,0
sao_paulo,MO1IiuyyjHfY4uBuEsgoeg,det,1,0.722656,0.646484,0.760505,true,WALK,Sidewalk,WALK,Sidewalk,WALK,Sidewalk,floor,2.5827,-0.0349366,5.24521,0
sao_paulo,MTKGGsTjIZqzb5CJ4L_zKw,det,0,0.47168,0.523438,0.781377,unsure,ROAD,Road,ROAD,Road,ROAD,Road,floor,2.9198,0.162118,35.2473,0
sao_paulo,MTKGGsTjIZqzb5CJ4L_zKw,det,1,0.535156,0.537109,0.591941,unsure,ROAD,Road,ROAD,Road,ROAD,Road,floor,1.65185,0.231419,22.2007,0
sao_paulo,MTKGGsTjIZqzb5CJ4L_zKw,missed,0,0.539789,0.518747,,missed,WALK,Sidewalk,WALK,Sidewalk,WALK,Sidewalk,floor,6.60438,0.20724,44.0956,0
sao_paulo,MTKGGsTjIZqzb5CJ4L_zKw,missed,1,0.525415,0.515485,,missed,WALK,Sidewalk,WALK,Sidewalk,WALK,Curb Cut,floor,6.60438,0.163588,53.4027,0
sao_paulo,MTKGGsTjIZqzb5CJ4L_zKw,missed,2,0.471288,0.510404,,unsure_missed,WALK,Sidewalk,WALK,Sidewalk,WALK,Sidewalk,floor,4.8686,0.074325,79.5183,0
sao_paulo,MTKGGsTjIZqzb5CJ4L_zKw,missed,3,0.556616,0.531869,,unsure_missed,WALK,Sidewalk,OBJECT,Utility Pole,WALK,Sidewalk,floor_standin,0,-0.0678922,25.8824,0
sao_paulo,MTKGGsTjIZqzb5CJ4L_zKw,missed,4,0.458552,0.522928,,unsure_missed,ROAD,Lane Marking - Crosswalk,ROAD,Lane Marking - Crosswalk,ROAD,Lane Marking - Crosswalk,non_horizontal,89.0156,,36.033,0
sao_paulo,MjzhJxGXvpsFuKgE1Mh-Xg,det,0,0.535156,0.523438,0.558236,unsure,ROAD,Lane Marking - Crosswalk,ROAD,Road,ROAD,Lane Marking - Crosswalk,floor,1.96672,0.0397578,35.2473,0
sao_paulo,MjzhJxGXvpsFuKgE1Mh-Xg,det,1,0.456055,0.523438,0.476396,band_0p30,OBJECT,Person,OBJECT,Person,OBJECT,Person,floor,1.48293,0.346957,35.2473,0
sao_paulo,MjzhJxGXvpsFuKgE1Mh-Xg,missed,0,0.450165,0.534402,,missed,WALK,Sidewalk,WALK,Sidewalk,WALK,Sidewalk,floor,1.48293,-0.0300862,23.9635,0
sao_paulo,MjzhJxGXvpsFuKgE1Mh-Xg,missed,1,0.439642,0.528244,,unsure_missed,WALK,Sidewalk,WALK,Sidewalk,WALK,Sidewalk,floor,1.48293,0.110395,29.225,0
sao_paulo,MjzhJxGXvpsFuKgE1Mh-Xg,missed,2,0.459089,0.515549,,missed,WALK,Sidewalk,OBJECT,Person,WALK,Sidewalk,floor,4.4705,-0.0606574,53.1829,0
sao_paulo,MjzhJxGXvpsFuKgE1Mh-Xg,missed,3,0.528158,0.515686,,missed,ROAD,Road,ROAD,Lane Marking - Crosswalk,ROAD,Road,floor,1.96672,0.222615,52.7192,0
sao_paulo,NiIR-hk3d6gP7qp4s1BM4w,det,0,0.972656,0.552734,0.575215,unsure,ROAD,Road,ROAD,Road,ROAD,Road,floor_standin,0,0.156646,15.55,0
sao_paulo,NiIR-hk3d6gP7qp4s1BM4w,det,1,0.84668,0.646484,0.39446,band_0p30,WALK,Curb Cut,WALK,Curb Cut,WALK,Curb Cut,floor,4.64452,0.118837,5.24521,0
sao_paulo,NiIR-hk3d6gP7qp4s1BM4w,missed,0,0.841502,0.63406,,missed,WALK,Sidewalk,WALK,Sidewalk,WALK,Sidewalk,floor,4.64452,0.143853,5.80399,0
sao_paulo,Nn8w6mmD-cbG_XScCiIjwA,det,0,0.972656,0.537109,0.719008,unsure,ROAD,Road,ROAD,Road,ROAD,Road,floor,1.62847,-0.265342,22.2007,0
sao_paulo,Nn8w6mmD-cbG_XScCiIjwA,missed,0,0.0351908,0.530639,,unsure_missed,WALK,Sidewalk,WALK,Sidewalk,WALK,Sidewalk,floor,2.9819,0.0323151,26.9283,0
sao_paulo,NoadtY-SJzlUAlm7E74VLw,det,0,0.0742188,0.539062,0.699439,unsure,WALK,Sidewalk,WALK,Sidewalk,WALK,Sidewalk,floor_standin,0,0.765109,21.0802,0
sao_paulo,NoadtY-SJzlUAlm7E74VLw,det,1,0.144531,0.568359,0.328347,band_0p30,STRUCTURE,Fence,STRUCTURE,Fence,STRUCTURE,Fence,floor_standin,0,0.192017,11.92,0
sao_paulo,NoadtY-SJzlUAlm7E74VLw,missed,0,0.0799642,0.551709,,unsure_missed,WALK,Sidewalk,ROAD,Road,OBJECT,Car,floor_standin,0,0.456295,15.864,0
sao_paulo,OwHITjkTQwapTUEqLaf_HA,det,0,0.94043,0.585938,0.991281,true,WALK,Sidewalk,WALK,Sidewalk,WALK,Sidewalk,floor_standin,0,0.276139,9.39519,0
sao_paulo,OwHITjkTQwapTUEqLaf_HA,det,1,0.307617,0.601562,0.948067,true,WALK,Sidewalk,WALK,Sidewalk,WALK,Sidewalk,floor,2.54099,-0.0786586,7.87031,0
sao_paulo,OwHITjkTQwapTUEqLaf_HA,det,2,0.651367,0.617188,0.947027,true,WALK,Sidewalk,WALK,Sidewalk,WALK,Sidewalk,floor,3.20143,-0.0147855,6.74025,0
sao_paulo,OwHITjkTQwapTUEqLaf_HA,det,3,0.87793,0.585938,0.940387,true,WALK,Curb Cut,WALK,Curb Cut,WALK,Curb Cut,floor_standin,0,0.257972,9.39519,0
sao_paulo,OwHITjkTQwapTUEqLaf_HA,det,4,0.72168,0.601562,0.904589,true,WALK,Sidewalk,WALK,Sidewalk,WALK,Sidewalk,floor,3.20143,-0.105823,7.87031,0
sao_paulo,OwHITjkTQwapTUEqLaf_HA,det,5,0.15918,0.554688,0.84342,true,WALK,Curb Cut,WALK,Curb Cut,WALK,Curb Cut,floor_standin,0,-0.0457252,14.9842,0
sao_paulo,OwHITjkTQwapTUEqLaf_HA,det,6,0.0742188,0.568359,0.663824,true,ROAD,Lane Marking - Crosswalk,ROAD,Lane Marking - Crosswalk,ROAD,Lane Marking - Crosswalk,floor_standin,0,0.149247,11.92,0
sao_paulo,OwHITjkTQwapTUEqLaf_HA,det,7,0.238281,0.568359,0.483378,band_0p30,WALK,Sidewalk,WALK,Sidewalk,WALK,Sidewalk,floor,2.54099,0.0258318,11.92,0
sao_paulo,OwHITjkTQwapTUEqLaf_HA,missed,0,0.232893,0.559164,,missed,WALK,Sidewalk,WALK,Sidewalk,WALK,Sidewalk,floor,2.54099,0.0655301,13.8269,0
sao_paulo,PLxw5KV6VDCzoMS7hmL8yw,det,0,0.541992,0.554688,0.69391,unsure,WALK,Sidewalk,WALK,Sidewalk,WALK,Sidewalk,floor,3.1315,0.0321467,14.9842,0
sao_paulo,PLxw5KV6VDCzoMS7hmL8yw,det,1,0.448242,0.552734,0.315714,band_0p30,ROAD,Lane Marking - Crosswalk,WALK,Curb Cut,ROAD,Lane Marking - Crosswalk,floor,3.1315,0.150633,15.55,0
sao_paulo,PLxw5KV6VDCzoMS7hmL8yw,missed,0,0.555008,0.537254,,unsure_missed,ROAD,Road,ROAD,Road,ROAD,Road,floor,5.14879,0.0581987,22.1137,0
sao_paulo,Pvs7VOQJOX9mw2Ru9PrQZw,det,0,0.964844,0.539062,0.619714,unsure,ROAD,Lane Marking - Crosswalk,ROAD,Road,ROAD,Lane Marking - Crosswalk,floor,1.32101,-0.00549725,21.0802,0
sao_paulo,PyBg7R0KLocC6zqVFijKSg,det,0,0.963867,0.537109,0.690989,unsure,ROAD,Road,ROAD,Road,ROAD,Road,floor,2.4504,0.0899549,22.2007,0
sao_paulo,PyBg7R0KLocC6zqVFijKSg,det,1,0.0576172,0.537109,0.394224,band_0p30,ROAD,Lane Marking - Crosswalk,WALK,Curb,WALK,Curb,floor,2.4504,0.0236083,22.2007,0
sao_paulo,S2IuBk3pE9q76j1Z4hQC8A,det,0,0.416992,0.570312,0.797623,true,WALK,Curb Cut,WALK,Curb Cut,WALK,Curb Cut,floor,1.16885,-0.00153841,11.5783,0
sao_paulo,S2IuBk3pE9q76j1Z4hQC8A,det,1,0.457031,0.537109,0.472659,band_0p30,ROAD,Road,ROAD,Road,ROAD,Road,floor,1.68074,0.350047,22.2007,0
sao_paulo,S2IuBk3pE9q76j1Z4hQC8A,det,2,0.573242,0.552734,0.471256,band_0p30,WALK,Curb,WALK,Sidewalk,WALK,Curb Cut,floor,2.17799,0.093275,15.55,0
sao_paulo,S2IuBk3pE9q76j1Z4hQC8A,det,3,0.527344,0.523438,0.448528,band_0p30,WALK,Sidewalk,WALK,Sidewalk,WALK,Sidewalk,floor,2.87024,-0.037104,35.2473,0
sao_paulo,S2IuBk3pE9q76j1Z4hQC8A,missed,0,0.406557,0.558318,,missed,WALK,Sidewalk,WALK,Sidewalk,WALK,Sidewalk,floor,2.51334,0.026121,14.0322,0
sao_paulo,S2IuBk3pE9q76j1Z4hQC8A,missed,1,0.44574,0.532632,,missed,WALK,Curb Cut,WALK,Sidewalk,WALK,Sidewalk,floor,1.68074,0.413274,25.2726,0
sao_paulo,S2IuBk3pE9q76j1Z4hQC8A,missed,2,0.463898,0.529562,,missed,WALK,Curb Cut,WALK,Sidewalk,WALK,Curb Cut,floor,1.68074,-0.273665,27.9151,0
sao_paulo,S2IuBk3pE9q76j1Z4hQC8A,missed,3,0.526768,0.526973,,missed,WALK,Sidewalk,WALK,Sidewalk,WALK,Sidewalk,floor,2.87024,-0.0131289,30.6089,0
sao_paulo,S2IuBk3pE9q76j1Z4hQC8A,missed,4,0.545058,0.528158,,missed,WALK,Sidewalk,ROAD,Road,WALK,Curb Cut,floor,1.77399,0.069161,29.3153,0
sao_paulo,S2IuBk3pE9q76j1Z4hQC8A,missed,5,0.58308,0.551908,,missed,WALK,Sidewalk,WALK,Sidewalk,WALK,Sidewalk,floor,4.09868,0.0677278,15.802,0
sao_paulo,S2IuBk3pE9q76j1Z4hQC8A,missed,6,0.565931,0.564655,,unsure_missed,WALK,Curb,ROAD,Road,ROAD,Road,floor,2.17799,0.0704161,12.6237,0
sao_paulo,S4WdqpLlooYt4ODkL03k5g,det,0,0.948242,0.585938,0.918289,true,WALK,Sidewalk,WALK,Curb Cut,WALK,Sidewalk,floor_standin,0,0.279428,9.39519,0
sao_paulo,S4WdqpLlooYt4ODkL03k5g,det,1,0.588867,0.583984,0.901383,true,WALK,Sidewalk,WALK,Sidewalk,WALK,Curb Cut,floor,1.86676,-0.265817,9.62455,0
sao_paulo,S4WdqpLlooYt4ODkL03k5g,det,2,0.729492,0.539062,0.574096,unsure,ROAD,Lane Marking - Crosswalk,WALK,Sidewalk,ROAD,Lane Marking - Crosswalk,floor_standin,0,0.0711254,21.0802,0
sao_paulo,S4WdqpLlooYt4ODkL03k5g,det,3,0.31543,0.726562,0.565723,true,WALK,Curb Cut,WALK,Curb Cut,WALK,Curb Cut,ground,2.39996,,3.01412,0
sao_paulo,S4WdqpLlooYt4ODkL03k5g,det,4,0.198242,0.708984,0.400437,band_0p30,WALK,Sidewalk,WALK,Sidewalk,WALK,Sidewalk,ground,2.39996,,3.37407,0
sao_paulo,SL1kkNP2VXfJkTD7YQf4tQ,det,0,0.40918,0.568359,0.84455,true,WALK,Curb Cut,WALK,Sidewalk,WALK,Curb Cut,floor,1.20837,0.366412,11.92,0
sao_paulo,SL1kkNP2VXfJkTD7YQf4tQ,det,1,0.59668,0.585938,0.829561,true,ROAD,Manhole,WALK,Sidewalk,ROAD,Manhole,floor,1.20837,0.165421,9.39519,0
sao_paulo,SL1kkNP2VXfJkTD7YQf4tQ,det,2,0.472656,0.523438,0.420989,band_0p30,WALK,Curb,WALK,Curb,WALK,Curb Cut,floor,2.61254,0.23381,35.2473,0
sao_paulo,SL1kkNP2VXfJkTD7YQf4tQ,missed,0,0.588791,0.523615,,missed,WALK,Sidewalk,ROAD,Road,WALK,Sidewalk,floor,1.16012,-0.148543,34.9814,0
sao_paulo,SL1kkNP2VXfJkTD7YQf4tQ,missed,1,0.403594,0.546341,,missed,WALK,Sidewalk,ROAD,Lane Marking - Crosswalk,ROAD,Lane Marking - Crosswalk,floor,1.20837,0.639862,17.7326,0
sao_paulo,SL1kkNP2VXfJkTD7YQf4tQ,missed,2,0.468803,0.522983,,unsure_missed,WALK,Sidewalk,WALK,Sidewalk,WALK,Sidewalk,floor,2.61254,0.235656,35.9473,0
sao_paulo,Sg0GiqhXxeFwuhRVQZGWfw,det,0,0.448242,0.537109,0.818737,true,WALK,Curb Cut,WALK,Curb Cut,WALK,Curb Cut,ground,2.20265,,22.2007,0
sao_paulo,Sg0GiqhXxeFwuhRVQZGWfw,det,1,0.292969,0.539062,0.544578,band_0p30,WALK,Sidewalk,ROAD,Road,WALK,Sidewalk,ground,2.20265,,21.0802,0
sao_paulo,Sg0GiqhXxeFwuhRVQZGWfw,missed,0,0.358796,0.569291,,unsure_missed,WALK,Sidewalk,ROAD,Road,WALK,Sidewalk,ground,2.20265,,11.7546,0
sao_paulo,Sg0GiqhXxeFwuhRVQZGWfw,missed,1,0.295739,0.544885,,unsure_missed,WALK,Sidewalk,ROAD,Road,WALK,Sidewalk,ground,2.20265,,18.3161,0
sao_paulo,Sg0GiqhXxeFwuhRVQZGWfw,missed,2,0.56861,0.535764,,missed,WALK,Sidewalk,WALK,Curb,WALK,Sidewalk,ground,2.20265,,23.0431,0
sao_paulo,VEIsNEdoZ793WdrHU57t2g,det,0,0.535156,0.537109,0.733339,unsure,ROAD,Road,ROAD,Road,ROAD,Road,floor,1.78882,-0.0109392,22.2007,0
sao_paulo,VEIsNEdoZ793WdrHU57t2g,det,1,0.441406,0.539062,0.573795,unsure,WALK,Sidewalk,WALK,Sidewalk,WALK,Sidewalk,floor_standin,0,0.221784,21.0802,0
sao_paulo,VEIsNEdoZ793WdrHU57t2g,det,2,0.933594,0.568359,0.305855,band_0p30,WALK,Sidewalk,WALK,Sidewalk,WALK,Sidewalk,non_horizontal,19.7334,,11.92,0
sao_paulo,VEIsNEdoZ793WdrHU57t2g,missed,0,0.541489,0.516399,,unsure_missed,WALK,Sidewalk,WALK,Sidewalk,WALK,Sidewalk,floor,5.26366,0.183361,50.4219,0
sao_paulo,VEIsNEdoZ793WdrHU57t2g,missed,1,0.446902,0.525001,,unsure_missed,WALK,Sidewalk,WALK,Sidewalk,WALK,Sidewalk,floor_standin,0,0.877195,33.0349,0
sao_paulo,WC5s83YNe-hRPVOd0KZQrA,det,0,0.854492,0.583984,0.923272,true,WALK,Curb Cut,WALK,Sidewalk,WALK,Curb Cut,floor,3.27823,-0.190809,9.62455,0
sao_paulo,WC5s83YNe-hRPVOd0KZQrA,det,1,0.941406,0.539062,0.908085,true,WALK,Curb Cut,WALK,Curb Cut,WALK,Curb Cut,floor_standin,0,0.0505459,21.0802,0
sao_paulo,WC5s83YNe-hRPVOd0KZQrA,det,2,0.151367,0.570312,0.895179,true,WALK,Sidewalk,WALK,Sidewalk,WALK,Sidewalk,floor,1.58066,-0.105874,11.5783,0
sao_paulo,WC5s83YNe-hRPVOd0KZQrA,det,3,0.0498047,0.537109,0.701476,true,ROAD,Road,ROAD,Road,ROAD,Road,floor,1.51633,0.023787,22.2007,0
sao_paulo,WC5s83YNe-hRPVOd0KZQrA,det,4,0.0732422,0.539062,0.590353,true,ROAD,Lane Marking - Crosswalk,ROAD,Lane Marking - Crosswalk,ROAD,Lane Marking - Crosswalk,floor,0.882931,0.0515089,21.0802,0
sao_paulo,WC5s83YNe-hRPVOd0KZQrA,det,5,0.44043,0.552734,0.45319,band_0p30,WALK,Curb Cut,WALK,Curb Cut,WALK,Curb Cut,floor,2.64826,0.0959438,15.55,0
sao_paulo,WC5s83YNe-hRPVOd0KZQrA,missed,0,0.15173,0.582643,,missed,WALK,Sidewalk,WALK,Sidewalk,WALK,Sidewalk,floor,1.58066,-0.0384685,9.78818,0
sao_paulo,WC5s83YNe-hRPVOd0KZQrA,missed,1,0.857969,0.57407,,missed,WALK,Sidewalk,WALK,Curb Cut,WALK,Sidewalk,floor,3.27823,-0.287285,10.9709,0
sao_paulo,WC5s83YNe-hRPVOd0KZQrA,missed,2,0.948618,0.534561,,missed,WALK,Sidewalk,WALK,Sidewalk,WALK,Sidewalk,floor,2.73903,0.104823,23.8523,0
sao_paulo,XnnGXt94GGVxBt_3oSk2Uw,det,0,0.0273438,0.537109,0.757193,true,WALK,Curb,WALK,Curb,WALK,Sidewalk,floor,3.42228,0.0356327,22.2007,0
sao_paulo,XnnGXt94GGVxBt_3oSk2Uw,det,1,0.964844,0.537109,0.304483,band_0p30,ROAD,Lane Marking - Crosswalk,WALK,Curb,ROAD,Lane Marking - Crosswalk,floor_standin,0,0.537942,22.2007,0
sao_paulo,XnnGXt94GGVxBt_3oSk2Uw,missed,0,0.962674,0.535799,,unsure_missed,WALK,Curb,WALK,Curb,WALK,Sidewalk,floor_standin,0,0.575279,23.0207,0
sao_paulo,ZdSe6D-Wu285r762n01uOg,det,0,0.0498047,0.539062,0.78838,unsure,WALK,Sidewalk,WALK,Sidewalk,WALK,Sidewalk,floor,4.31103,0.168007,21.0802,0
sao_paulo,ZdSe6D-Wu285r762n01uOg,det,1,0.120117,0.583984,0.72312,unsure,WALK,Sidewalk,WALK,Sidewalk,WALK,Sidewalk,floor,3.44253,-0.0497187,9.62455,0
sao_paulo,ZdSe6D-Wu285r762n01uOg,det,2,0.643555,0.583984,0.614795,unsure,ROAD,Lane Marking - Crosswalk,ROAD,Lane Marking - Crosswalk,ROAD,Lane Marking - Crosswalk,floor_standin,0,0.365195,9.62455,0
sao_paulo,ZdSe6D-Wu285r762n01uOg,det,3,0.862305,0.599609,0.596495,false,WALK,Sidewalk,WALK,Sidewalk,WALK,Sidewalk,floor_standin,0,0.277197,8.03552,0
sao_paulo,Zx5RLbncodJhmxWdJwAaEA,det,0,0.917969,0.585938,0.850456,true,WALK,Sidewalk,WALK,Sidewalk,WALK,Sidewalk,ground,1.2035,,9.39519,0
sao_paulo,Zx5RLbncodJhmxWdJwAaEA,det,1,0.222656,0.552734,0.715543,true,WALK,Curb Cut,WALK,Sidewalk,WALK,Curb Cut,floor_standin,0,0.0555749,15.55,0
sao_paulo,Zx5RLbncodJhmxWdJwAaEA,missed,0,0.97822,0.521647,,missed,ROAD,Lane Marking - General,ROAD,Lane Marking - Crosswalk,ROAD,Lane Marking - Crosswalk,floor,2.55489,0.218362,38.1734,0
sao_paulo,_E3aWogWLo5SoGkPdihyAQ,det,0,0.588867,0.568359,0.860763,false,WALK,Sidewalk,WALK,Sidewalk,WALK,Sidewalk,floor,2.99728,0.00879318,11.92,0
sao_paulo,_E3aWogWLo5SoGkPdihyAQ,det,1,0.363281,0.583984,0.653816,unsure,WALK,Sidewalk,WALK,Sidewalk,WALK,Sidewalk,floor_standin,0,0.115711,9.62455,0
sao_paulo,_E3aWogWLo5SoGkPdihyAQ,det,2,0.542969,0.523438,0.445367,band_0p30,WALK,Sidewalk,WALK,Curb Cut,WALK,Sidewalk,floor,2.99728,0.475031,35.2473,0
sao_paulo,_fPo4iIbhE1HLT_ixD57_Q,det,0,0.714844,0.583984,0.786872,unsure,WALK,Sidewalk,WALK,Sidewalk,WALK,Sidewalk,floor,1.43381,0.0877377,9.62455,0
sao_paulo,_fPo4iIbhE1HLT_ixD57_Q,det,1,0.50293,0.537109,0.444316,band_0p30,ROAD,Road,WALK,Curb Cut,ROAD,Road,floor,1.43381,0.124152,22.2007,0
sao_paulo,_fPo4iIbhE1HLT_ixD57_Q,det,2,0.924805,0.537109,0.434054,band_0p30,WALK,Sidewalk,WALK,Sidewalk,WALK,Sidewalk,floor_standin,0,0.597267,22.2007,0
sao_paulo,_zoPpzbkTA4aS166T26J_Q,det,0,0.549805,0.539062,0.833383,true,WALK,Sidewalk,ROAD,Road,WALK,Sidewalk,floor,0.821153,-0.0557109,21.0802,0
sao_paulo,_zoPpzbkTA4aS166T26J_Q,det,1,0.456055,0.539062,0.810715,true,WALK,Curb Cut,WALK,Curb Cut,WALK,Curb Cut,floor,0.821153,-0.0834888,21.0802,0
sao_paulo,_zoPpzbkTA4aS166T26J_Q,det,2,0.62793,0.554688,0.808467,true,WALK,Sidewalk,WALK,Pedestrian Area,ROAD,Manhole,floor,1.5357,0.146542,14.9842,0
sao_paulo,_zoPpzbkTA4aS166T26J_Q,det,3,0.0507812,0.539062,0.300392,band_0p30,ROAD,Lane Marking - General,ROAD,Road,ROAD,Lane Marking - General,floor,2.37891,0.228221,21.0802,0
sao_paulo,a70PDmeTUAplnAAszg96rQ,det,0,0.56543,0.552734,0.734343,unsure,ROAD,Road,WALK,Curb,ROAD,Road,floor_standin,0,-0.0980168,15.55,0
sao_paulo,a70PDmeTUAplnAAszg96rQ,det,1,0.230469,0.583984,0.521185,band_0p30,WALK,Curb Cut,WALK,Curb,WALK,Curb Cut,floor_standin,0,0.231224,9.62455,0
sao_paulo,a70PDmeTUAplnAAszg96rQ,det,2,0.870117,0.615234,0.425662,band_0p30,WALK,Sidewalk,WALK,Sidewalk,WALK,Sidewalk,floor,1.73449,-0.0961635,6.86541,0
sao_paulo,a70PDmeTUAplnAAszg96rQ,missed,0,0.232793,0.582523,,missed,WALK,Curb Cut,WALK,Curb,WALK,Curb Cut,floor_standin,0,0.238612,9.80304,0
sao_paulo,bNHPwV-rN_X3TENKUQgmNg,det,0,0.143555,0.568359,0.883511,true,WALK,Curb Cut,WALK,Curb Cut,WALK,Curb Cut,floor,0.694925,0.0982381,11.92,0
sao_paulo,bNHPwV-rN_X3TENKUQgmNg,det,1,0.90918,0.599609,0.345162,band_0p30,WALK,Sidewalk,WALK,Sidewalk,WALK,Sidewalk,floor,4.28907,-0.056444,8.03552,0
sao_paulo,bNHPwV-rN_X3TENKUQgmNg,missed,0,0.46854,0.524644,,unsure_missed,WALK,Sidewalk,WALK,Sidewalk,WALK,Sidewalk,floor,1.23035,-0.0605604,33.5159,0
sao_paulo,dZ3b0KCyXPcdVPHv5lCR2Q,det,0,0.581055,0.554688,0.981269,true,WALK,Sidewalk,WALK,Sidewalk,WALK,Sidewalk,floor,1.04755,-0.0491774,14.9842,0
sao_paulo,dZ3b0KCyXPcdVPHv5lCR2Q,det,1,0.707031,0.615234,0.967948,true,WALK,Curb Cut,WALK,Sidewalk,WALK,Sidewalk,floor,3.06567,0.0999293,6.86541,0
sao_paulo,dZ3b0KCyXPcdVPHv5lCR2Q,det,2,0.549805,0.554688,0.794608,false,WALK,Sidewalk,WALK,Sidewalk,WALK,Sidewalk,floor,1.87357,0.00402085,14.9842,0
sao_paulo,dZHjPLWAOhyUatavJJEPzA,det,0,0.972656,0.539062,0.691422,true,WALK,Sidewalk,WALK,Sidewalk,WALK,Sidewalk,non_horizontal,89.5377,,21.0802,0
sao_paulo,dZHjPLWAOhyUatavJJEPzA,det,1,0.0507812,0.552734,0.491946,band_0p30,WALK,Curb,WALK,Curb,WALK,Curb,floor_standin,0,-0.0482935,15.55,0
sao_paulo,dZHjPLWAOhyUatavJJEPzA,missed,0,0.0505051,0.542727,,missed,ROAD,Lane Marking - Crosswalk,ROAD,Lane Marking - Crosswalk,ROAD,Lane Marking - Crosswalk,floor_standin,0,-0.0755839,19.253,0
sao_paulo,e6i7jzmjStkNCJ7jp_KV5Q,det,0,0.0419922,0.539062,0.816435,unsure,ROAD,Road,ROAD,Road,ROAD,Road,floor,4.54196,0.292453,21.0802,0
sao_paulo,e6i7jzmjStkNCJ7jp_KV5Q,det,1,0.964844,0.537109,0.703611,unsure,WALK,Sidewalk,WALK,Sidewalk,WALK,Sidewalk,floor,6.76869,0.233315,22.2007,0
sao_paulo,el13lYhzqKSZJwWb5w5vUg,det,0,0.635742,0.617188,0.817625,true,WALK,Sidewalk,WALK,Pedestrian Area,WALK,Sidewalk,floor,0.353878,-0.00512143,6.74025,0
sao_paulo,el13lYhzqKSZJwWb5w5vUg,det,1,0.371094,0.601562,0.813515,true,WALK,Sidewalk,WALK,Pedestrian Area,WALK,Sidewalk,floor,0.515483,-0.00395682,7.87031,0
sao_paulo,el13lYhzqKSZJwWb5w5vUg,det,2,0.838867,0.537109,0.624075,true,WALK,Curb Cut,ROAD,Road,WALK,Curb Cut,ground,0.530818,,22.2007,0
sao_paulo,el13lYhzqKSZJwWb5w5vUg,det,3,0.901367,0.537109,0.539833,band_0p30,WALK,Curb,WALK,Curb,WALK,Curb,ground,0.530818,,22.2007,0
sao_paulo,el13lYhzqKSZJwWb5w5vUg,det,4,0.910156,0.601562,0.462115,band_0p30,WALK,Sidewalk,WALK,Pedestrian Area,WALK,Pedestrian Area,ground,0.530818,,7.87031,0
sao_paulo,el13lYhzqKSZJwWb5w5vUg,missed,0,0.762245,0.570415,,missed,WALK,Sidewalk,WALK,Pedestrian Area,WALK,Sidewalk,floor,0.800642,0.00317305,11.5609,0
sao_paulo,el13lYhzqKSZJwWb5w5vUg,missed,1,0.111515,0.596061,,missed,WALK,Curb Cut,WALK,Curb Cut,WALK,Curb Cut,floor,0.968942,0.0117271,8.3523,0
sao_paulo,fwvaPMif_uwbx3U5SrHM2Q,det,0,0.527344,0.523438,0.812977,unsure,ROAD,Road,ROAD,Road,ROAD,Road,floor,1.04474,0.152791,35.2473,0
sao_paulo,iGerSDCCTaZmeNVguzT7mg,det,0,0.729492,0.539062,0.723985,true,WALK,Sidewalk,WALK,Sidewalk,WALK,Sidewalk,floor,8.31205,0.102503,21.0802,0
sao_paulo,iGerSDCCTaZmeNVguzT7mg,det,1,0.425781,0.630859,0.367116,band_0p30,WALK,Sidewalk,WALK,Sidewalk,WALK,Sidewalk,ground,5.18788,,5.96402,0
sao_paulo,iGerSDCCTaZmeNVguzT7mg,missed,0,0.465859,0.611414,,unsure_missed,WALK,Sidewalk,WALK,Sidewalk,WALK,Sidewalk,ground,5.18788,,7.12233,0
sao_paulo,iXAvtzzMg2Vh5aZPuGIk_Q,det,0,0.87793,0.632812,0.911529,true,WALK,Sidewalk,WALK,Sidewalk,WALK,Sidewalk,floor,1.17803,0.0423,5.86551,0
sao_paulo,ieZ8VA3zKLMrd7to7HHB5A,det,0,0.378906,0.632812,0.827741,false,ROAD,Manhole,ROAD,Manhole,ROAD,Manhole,ground,0.57946,,5.86551,0
sao_paulo,ieZ8VA3zKLMrd7to7HHB5A,det,1,0.457031,0.539062,0.662259,true,WALK,Curb,WALK,Curb,WALK,Curb Cut,floor,0.611658,0.081802,21.0802,0
sao_paulo,ieZ8VA3zKLMrd7to7HHB5A,det,2,0.393555,0.585938,0.377594,band_0p30,WALK,Sidewalk,WALK,Sidewalk,WALK,Sidewalk,floor,3.80323,-0.00920209,9.39519,0
sao_paulo,ieZ8VA3zKLMrd7to7HHB5A,missed,0,0.389556,0.57805,,missed,WALK,Sidewalk,WALK,Sidewalk,WALK,Sidewalk,floor,3.80323,0.0440475,10.3901,0
sao_paulo,ilpqlnL95rHOAj1Q46fLuw,det,0,0.113281,0.599609,0.958265,true,WALK,Curb Cut,WALK,Curb Cut,WALK,Curb Cut,floor,1.60498,0.00646425,8.03552,0
sao_paulo,ilpqlnL95rHOAj1Q46fLuw,det,1,0.878906,0.554688,0.844485,true,WALK,Sidewalk,ROAD,Road,WALK,Sidewalk,ground,0.489789,,14.9842,0
sao_paulo,ilpqlnL95rHOAj1Q46fLuw,missed,0,0.859093,0.545295,,missed,OBJECT,Vegetation,OBJECT,Vegetation,OBJECT,Vegetation,ground,0.489789,,18.1481,0
sao_paulo,ilpqlnL95rHOAj1Q46fLuw,missed,1,0.839451,0.530088,,unsure_missed,ROAD,Lane Marking - Crosswalk,ROAD,Road,ROAD,Lane Marking - Crosswalk,floor_standin,0,-0.0162099,27.4238,0
sao_paulo,kJesVaz2BfulGS7gWiNsNg,det,0,0.862305,0.539062,0.616998,true,OBJECT,Person,OBJECT,Motorcycle,OBJECT,Person,floor,0.588174,0.106447,21.0802,0
sao_paulo,lASBXjG5VnksPRJajz2FKw,det,0,0.198242,0.583984,0.873291,true,WALK,Sidewalk,WALK,Sidewalk,WALK,Sidewalk,floor_standin,0,0.195528,9.62455,0
sao_paulo,lASBXjG5VnksPRJajz2FKw,det,1,0.121094,0.583984,0.48713,band_0p30,WALK,Sidewalk,WALK,Sidewalk,WALK,Sidewalk,floor_standin,0,0.250084,9.62455,0
sao_paulo,lASBXjG5VnksPRJajz2FKw,det,2,0.425781,0.585938,0.395429,band_0p30,OBJECT,Vegetation,WALK,Sidewalk,OBJECT,Vegetation,ground,3.01292,,9.39519,0
sao_paulo,lASBXjG5VnksPRJajz2FKw,missed,0,0.354748,0.565354,,missed,ROAD,Road,WALK,Sidewalk,ROAD,Road,floor,2.38129,0.0306721,12.4851,0
sao_paulo,loCxSX72-DYrDrDwY0cVGw,det,0,0.378906,0.599609,0.911741,true,WALK,Sidewalk,WALK,Curb Cut,WALK,Curb Cut,ground,1.24096,,8.03552,0
sao_paulo,loCxSX72-DYrDrDwY0cVGw,det,1,0.737305,0.708984,0.540445,band_0p30,WALK,Sidewalk,WALK,Sidewalk,WALK,Sidewalk,ground,1.24096,,3.37407,0
sao_paulo,loCxSX72-DYrDrDwY0cVGw,missed,0,0.720404,0.710808,,missed,WALK,Sidewalk,WALK,Sidewalk,WALK,Sidewalk,ground,1.24096,,3.33439,0
sao_paulo,n-DwmldMs-ZZVYS1gF_qYQ,det,0,0.549805,0.554688,0.710258,false,WALK,Sidewalk,WALK,Sidewalk,WALK,Sidewalk,floor,3.91261,-0.039426,14.9842,0
sao_paulo,n-DwmldMs-ZZVYS1gF_qYQ,det,1,0.472656,0.539062,0.43749,band_0p30,WALK,Sidewalk,WALK,Sidewalk,WALK,Sidewalk,floor,4.97134,0.0651131,21.0802,0
sao_paulo,nBEV4rFOanW4bZa31JM0Sw,det,0,0.386719,0.583984,0.918478,true,WALK,Curb Cut,WALK,Curb Cut,WALK,Curb Cut,ground,3.22901,,9.62455,0
sao_paulo,nBEV4rFOanW4bZa31JM0Sw,det,1,0.151367,0.554688,0.897457,true,WALK,Sidewalk,WALK,Sidewalk,WALK,Sidewalk,non_horizontal,88.7359,,14.9842,0
sao_paulo,nBEV4rFOanW4bZa31JM0Sw,det,2,0.285156,0.568359,0.749758,true,WALK,Curb,WALK,Sidewalk,WALK,Curb,ground,3.22901,,11.92,0
sao_paulo,nBEV4rFOanW4bZa31JM0Sw,det,3,0.0810547,0.570312,0.692346,true,WALK,Sidewalk,WALK,Sidewalk,WALK,Sidewalk,floor_standin,0,0.355036,11.5783,0
sao_paulo,nBEV4rFOanW4bZa31JM0Sw,det,4,0.948242,0.583984,0.46887,band_0p30,WALK,Curb Cut,WALK,Curb,WALK,Curb Cut,floor_standin,0,0.392366,9.62455,0
sao_paulo,nBEV4rFOanW4bZa31JM0Sw,det,5,0.644531,0.585938,0.364405,band_0p30,WALK,Sidewalk,WALK,Sidewalk,WALK,Sidewalk,floor,4.54502,-0.146497,9.39519,0
sao_paulo,nBEV4rFOanW4bZa31JM0Sw,missed,0,0.581395,0.579673,,missed,WALK,Sidewalk,WALK,Curb Cut,WALK,Sidewalk,floor,4.46484,0.194098,10.1697,0
sao_paulo,nBEV4rFOanW4bZa31JM0Sw,missed,1,0.948243,0.580979,,missed,WALK,Curb Cut,WALK,Curb,WALK,Curb Cut,floor_standin,0,0.412472,9.99852,0
sao_paulo,oV7Q7EUJPH-5ZMAT16aI7A,det,0,0.542969,0.537109,0.580491,true,WALK,Sidewalk,WALK,Curb Cut,WALK,Sidewalk,floor,0.812529,-0.233912,22.2007,0
sao_paulo,oV7Q7EUJPH-5ZMAT16aI7A,missed,0,0.531942,0.51689,,unsure_missed,ROAD,Road,WALK,Sidewalk,ROAD,Road,floor,1.21531,-0.163539,48.9534,0
sao_paulo,oV7Q7EUJPH-5ZMAT16aI7A,missed,1,0.555669,0.5284,,unsure_missed,WALK,Sidewalk,WALK,Sidewalk,ROAD,Lane Marking - Crosswalk,floor,0.812529,-0.412923,29.0632,0
sao_paulo,oubzmEZebW0xt9hWWIgN3Q,det,0,0.40918,0.539062,0.858584,true,ROAD,Road,ROAD,Road,ROAD,Road,floor_standin,0,0.11997,21.0802,0
sao_paulo,oubzmEZebW0xt9hWWIgN3Q,det,1,0.566406,0.539062,0.643357,unsure,ROAD,Bike Lane,ROAD,Bike Lane,ROAD,Bike Lane,floor_standin,0,0.958536,21.0802,0
sao_paulo,p3WPC3r3OZij0pZr8jyR-A,det,0,0.956055,0.552734,0.634602,true,ROAD,Road,ROAD,Road,ROAD,Road,floor,0.914502,0.034393,15.55,0
sao_paulo,p3WPC3r3OZij0pZr8jyR-A,det,1,0.0351562,0.554688,0.387609,band_0p30,ROAD,Road,OBJECT,Person,ROAD,Road,floor,0.914502,0.0943228,14.9842,0
sao_paulo,p3WPC3r3OZij0pZr8jyR-A,missed,0,0.0476394,0.552609,,missed,WALK,Sidewalk,ROAD,Lane Marking - Crosswalk,WALK,Sidewalk,floor,0.914502,0.101617,15.5876,0
sao_paulo,pEfwvmb_FBOmLOnckeIGFA,det,0,0.291992,0.554688,0.869594,true,WALK,Curb,WALK,Curb,WALK,Curb,floor,1.62654,0.167043,14.9842,0
sao_paulo,pEfwvmb_FBOmLOnckeIGFA,det,1,0.666992,0.568359,0.838887,true,WALK,Sidewalk,WALK,Sidewalk,WALK,Sidewalk,floor,1.80103,0.0613669,11.92,0
sao_paulo,pEfwvmb_FBOmLOnckeIGFA,det,2,0.574219,0.523438,0.38652,band_0p30,WALK,Curb,WALK,Curb,WALK,Curb,floor,1.80103,0.0426934,35.2473,0
sao_paulo,pEfwvmb_FBOmLOnckeIGFA,missed,0,0.572763,0.525563,,unsure_missed,WALK,Curb Cut,WALK,Curb,WALK,Curb Cut,floor,1.80103,0.0335829,32.3055,0
sao_paulo,pEfwvmb_FBOmLOnckeIGFA,missed,1,0.419305,0.52822,,unsure_missed,ROAD,Lane Marking - Crosswalk,WALK,Curb,WALK,Curb Cut,floor,1.62654,1.01413,29.2497,0
sao_paulo,r0oKhyEUSiK2FMKwXE7Z4g,det,0,0.925781,0.585938,0.859583,unsure,WALK,Sidewalk,WALK,Sidewalk,WALK,Sidewalk,floor,2.47804,0.280452,9.39519,0
sao_paulo,r0oKhyEUSiK2FMKwXE7Z4g,det,1,0.97168,0.539062,0.660058,unsure,WALK,Sidewalk,WALK,Curb Cut,WALK,Sidewalk,floor,1.1742,0.0136023,21.0802,0
sao_paulo,r0oKhyEUSiK2FMKwXE7Z4g,det,2,0.0664062,0.554688,0.431985,band_0p30,ROAD,Road,ROAD,Road,WALK,Sidewalk,floor,1.51427,-0.140197,14.9842,0
sao_paulo,thO-ovLo5h3IcEIBiZSBmA,det,0,0.924805,0.570312,0.948364,true,WALK,Sidewalk,WALK,Sidewalk,WALK,Sidewalk,floor,1.16382,0.0709729,11.5783,0
sao_paulo,thO-ovLo5h3IcEIBiZSBmA,det,1,0.0664062,0.554688,0.943462,true,WALK,Sidewalk,WALK,Sidewalk,WALK,Sidewalk,floor,0.883374,0.338002,14.9842,0
sao_paulo,thO-ovLo5h3IcEIBiZSBmA,missed,0,0.961929,0.533533,,missed,WALK,Curb Cut,WALK,Curb,WALK,Curb Cut,floor,0.883374,-0.132306,24.5886,0
sao_paulo,thO-ovLo5h3IcEIBiZSBmA,missed,1,0.907304,0.553549,,unsure_missed,WALK,Sidewalk,ROAD,Road,ROAD,Road,floor,1.16382,0.0776697,15.3091,0
sao_paulo,uVUc_s2SzXj8SYWwiFlbzA,det,0,0.574219,0.568359,0.846228,true,WALK,Sidewalk,WALK,Sidewalk,WALK,Sidewalk,floor,1.50493,-0.377463,11.92,0
sao_paulo,uVUc_s2SzXj8SYWwiFlbzA,det,1,0.268555,0.617188,0.824168,true,WALK,Sidewalk,WALK,Sidewalk,ROAD,Manhole,floor,1.39858,0.0327404,6.74025,0
sao_paulo,vsYI9YRnGs7H2rchsFS44A,det,0,0.557617,0.476562,0.718781,true,WALK,Curb Cut,ROAD,Road,ROAD,Road,non_horizontal,36.3237,,,0
sao_paulo,vsYI9YRnGs7H2rchsFS44A,det,1,0.635742,0.554688,0.552963,false,WALK,Sidewalk,WALK,Sidewalk,WALK,Sidewalk,floor,16.245,0.0910094,14.9842,0
sao_paulo,vsYI9YRnGs7H2rchsFS44A,det,2,0.988281,0.601562,0.370774,band_0p30,OBJECT,Person,OBJECT,Person,OBJECT,Person,floor_standin,0,0.6973,7.87031,0
sao_paulo,vsYI9YRnGs7H2rchsFS44A,det,3,0.0117188,0.615234,0.324907,band_0p30,ROAD,Road,ROAD,Road,ROAD,Road,floor_standin,0,0.529592,6.86541,0
sao_paulo,vsYI9YRnGs7H2rchsFS44A,missed,0,0.368829,0.672303,,missed,WALK,Curb Cut,WALK,Curb Cut,WALK,Curb Cut,floor,16.245,0.000745112,4.32463,0
sao_paulo,wX8uKBQfioiFHogENC9FbQ,det,0,0.917969,0.583984,0.866108,false,WALK,Curb Cut,WALK,Curb Cut,WALK,Curb Cut,floor_standin,0,0.10107,9.62455,0
sao_paulo,xfnPV8p9liS6w_thn5Juqw,det,0,0.433594,0.554688,0.916618,true,WALK,Sidewalk,WALK,Sidewalk,WALK,Sidewalk,floor,1.26098,-0.108059,14.9842,0
sao_paulo,xfnPV8p9liS6w_thn5Juqw,det,1,0.855469,0.599609,0.829671,true,WALK,Sidewalk,WALK,Sidewalk,WALK,Sidewalk,floor,2.32364,0.0914737,8.03552,0
sao_paulo,xfnPV8p9liS6w_thn5Juqw,det,2,0.56543,0.554688,0.818316,true,WALK,Sidewalk,WALK,Sidewalk,WALK,Sidewalk,floor,1.26098,-0.268912,14.9842,0
sao_paulo,xfnPV8p9liS6w_thn5Juqw,det,3,0.229492,0.583984,0.48559,band_0p30,WALK,Sidewalk,WALK,Pedestrian Area,WALK,Sidewalk,floor,0.678974,-0.0157623,9.62455,0
sao_paulo,xfnPV8p9liS6w_thn5Juqw,det,4,0.957031,0.539062,0.453578,band_0p30,WALK,Sidewalk,ROAD,Road,WALK,Sidewalk,floor,1.12012,0.198169,21.0802,0
sao_paulo,xfnPV8p9liS6w_thn5Juqw,det,5,0.0742188,0.552734,0.428742,band_0p30,WALK,Sidewalk,ROAD,Road,WALK,Sidewalk,ground,0.26393,,15.55,0
sao_paulo,xfnPV8p9liS6w_thn5Juqw,missed,0,0.0777599,0.554804,,missed,WALK,Sidewalk,ROAD,Road,WALK,Sidewalk,ground,0.26393,,14.9517,0
sao_paulo,xfnPV8p9liS6w_thn5Juqw,missed,1,0.92,0.548384,,missed,WALK,Sidewalk,WALK,Curb Cut,WALK,Sidewalk,floor,1.12012,0.130799,16.9731,0
sao_paulo,xfnPV8p9liS6w_thn5Juqw,missed,2,0.952727,0.546768,,missed,WALK,Sidewalk,ROAD,Road,WALK,Sidewalk,floor,1.12012,0.139268,17.5686,0
sao_paulo,xfnPV8p9liS6w_thn5Juqw,missed,3,0.591688,0.527418,,unsure_missed,WALK,Curb Cut,WALK,Curb,WALK,Curb Cut,floor,3.49978,-0.651335,30.1098,0
sao_paulo,xfnPV8p9liS6w_thn5Juqw,missed,4,0.629621,0.535642,,unsure_missed,WALK,Sidewalk,ROAD,Lane Marking - Crosswalk,WALK,Sidewalk,floor,10.7575,0.372715,23.1225,0
sao_paulo,xyyjv_yjywf2p-XYB-9qDg,det,0,0.268555,0.585938,0.904819,true,WALK,Sidewalk,WALK,Sidewalk,WALK,Sidewalk,ground,2.35044,,9.39519,0
sao_paulo,xyyjv_yjywf2p-XYB-9qDg,det,1,0.206055,0.570312,0.814392,unsure,ROAD,Bike Lane,ROAD,Bike Lane,WALK,Sidewalk,ground,2.35044,,11.5783,0
sao_paulo,xyyjv_yjywf2p-XYB-9qDg,det,2,0.894531,0.599609,0.790024,unsure,ROAD,Bike Lane,ROAD,Bike Lane,ROAD,Bike Lane,floor_standin,0,0.0102472,8.03552,0
sao_paulo,xyyjv_yjywf2p-XYB-9qDg,det,3,0.824219,0.646484,0.357623,band_0p30,WALK,Sidewalk,WALK,Sidewalk,WALK,Sidewalk,floor,4.95159,0.0331808,5.24521,0
sao_paulo,xyyjv_yjywf2p-XYB-9qDg,missed,0,0.828283,0.647778,,missed,WALK,Sidewalk,WALK,Sidewalk,WALK,Sidewalk,floor_standin,0,-0.0420209,5.19208,0
sao_paulo,xyyjv_yjywf2p-XYB-9qDg,missed,1,0.947071,0.539209,,missed,WALK,Sidewalk,ROAD,Road,WALK,Sidewalk,floor_standin,0,0.389729,21.0006,0
sao_paulo,xyyjv_yjywf2p-XYB-9qDg,missed,2,0.880223,0.552191,,missed,WALK,Sidewalk,ROAD,Lane Marking - Crosswalk,WALK,Sidewalk,floor_standin,0,0.0273381,15.715,0
sao_paulo,zo9eQGzGOdA57uZQE89rOA,det,0,0.924805,0.554688,0.913733,true,WALK,Sidewalk,WALK,Sidewalk,WALK,Sidewalk,floor_standin,0,0.219681,14.9842,0
sao_paulo,zo9eQGzGOdA57uZQE89rOA,det,1,0.269531,0.615234,0.793122,true,WALK,Curb Cut,WALK,Sidewalk,ROAD,Manhole,floor,4.33097,0.115543,6.86541,0
sao_paulo,zo9eQGzGOdA57uZQE89rOA,det,2,0.128906,0.552734,0.674398,true,ROAD,Lane Marking - Crosswalk,ROAD,Lane Marking - Crosswalk,ROAD,Lane Marking - Crosswalk,floor_standin,0,0.176876,15.55,0
sao_paulo,zo9eQGzGOdA57uZQE89rOA,det,3,0.0810547,0.539062,0.588156,true,WALK,Sidewalk,WALK,Sidewalk,WALK,Sidewalk,floor_standin,0,0.393756,21.0802,0
sao_paulo,zo9eQGzGOdA57uZQE89rOA,det,4,0.957031,0.552734,0.566231,true,WALK,Curb Cut,ROAD,Lane Marking - Crosswalk,WALK,Curb Cut,floor_standin,0,0.271155,15.55,0
sao_paulo,zo9eQGzGOdA57uZQE89rOA,det,5,0.691406,0.617188,0.311953,band_0p30,ROAD,Manhole,ROAD,Manhole,ROAD,Manhole,ground,1.69824,,6.74025,0
sao_paulo,zo9eQGzGOdA57uZQE89rOA,det,6,0.746094,0.583984,0.308331,band_0p30,WALK,Sidewalk,WALK,Sidewalk,WALK,Sidewalk,ground,1.69824,,9.62455,0
sao_paulo,zrChULSCpDxHp7XG9HdGzw,det,0,0.682617,0.630859,0.822156,true,WALK,Sidewalk,WALK,Sidewalk,WALK,Sidewalk,floor,3.89214,-0.0215553,5.96402,0
sao_paulo,zrChULSCpDxHp7XG9HdGzw,det,1,0.308594,0.585938,0.71365,true,WALK,Sidewalk,ROAD,Road,WALK,Sidewalk,floor,1.05406,-0.00374482,9.39519,0
sao_paulo,zrChULSCpDxHp7XG9HdGzw,det,2,0.433594,0.552734,0.454677,band_0p30,ROAD,Road,ROAD,Lane Marking - General,ROAD,Road,floor,1.05406,-0.0853922,15.55,0
sao_paulo,zrChULSCpDxHp7XG9HdGzw,det,3,0.276367,0.632812,0.35711,band_0p30,WALK,Sidewalk,WALK,Sidewalk,WALK,Sidewalk,floor,0.713267,0.0252247,5.86551,0
sao_paulo,zrChULSCpDxHp7XG9HdGzw,det,4,0.542969,0.539062,0.356448,band_0p30,OBJECT,Pole,ROAD,Lane Marking - Crosswalk,WALK,Curb,floor,1.05406,-0.0557731,21.0802,0
sao_paulo,zrChULSCpDxHp7XG9HdGzw,missed,0,0.271919,0.646162,,missed,WALK,Curb Cut,WALK,Curb Cut,WALK,Curb Cut,floor,3.89214,-0.039972,5.2586,0
sao_paulo,zrChULSCpDxHp7XG9HdGzw,missed,1,0.530623,0.527204,,missed,WALK,Curb Cut,WALK,Sidewalk,WALK,Sidewalk,floor_standin,0,0.093559,30.3481,0
sao_paulo,zrChULSCpDxHp7XG9HdGzw,missed,2,0.662571,0.597107,,missed,WALK,Curb Cut,WALK,Sidewalk,WALK,Sidewalk,floor,3.89214,-0.078595,8.25656,0
