city,pano_id,correct__ground__WALK,correct__ground__ROAD,correct__ground__OBJECT,correct__ground__STRUCTURE,correct__ground__SKY,correct__ground__OTHER,correct__floor__WALK,correct__floor__ROAD,correct__floor__OBJECT,correct__floor__STRUCTURE,correct__floor__SKY,correct__floor__OTHER,correct__floor_standin__WALK,correct__floor_standin__ROAD,correct__floor_standin__OBJECT,correct__floor_standin__STRUCTURE,correct__floor_standin__SKY,correct__floor_standin__OTHER,correct__horizontal_nonfloor__WALK,correct__horizontal_nonfloor__ROAD,correct__horizontal_nonfloor__OBJECT,correct__horizontal_nonfloor__STRUCTURE,correct__horizontal_nonfloor__SKY,correct__horizontal_nonfloor__OTHER,correct__non_horizontal__WALK,correct__non_horizontal__ROAD,correct__non_horizontal__OBJECT,correct__non_horizontal__STRUCTURE,correct__non_horizontal__SKY,correct__non_horizontal__OTHER,correct__no_plane__WALK,correct__no_plane__ROAD,correct__no_plane__OBJECT,correct__no_plane__STRUCTURE,correct__no_plane__SKY,correct__no_plane__OTHER,yaw180__ground__WALK,yaw180__ground__ROAD,yaw180__ground__OBJECT,yaw180__ground__STRUCTURE,yaw180__ground__SKY,yaw180__ground__OTHER,yaw180__floor__WALK,yaw180__floor__ROAD,yaw180__floor__OBJECT,yaw180__floor__STRUCTURE,yaw180__floor__SKY,yaw180__floor__OTHER,yaw180__floor_standin__WALK,yaw180__floor_standin__ROAD,yaw180__floor_standin__OBJECT,yaw180__floor_standin__STRUCTURE,yaw180__floor_standin__SKY,yaw180__floor_standin__OTHER,yaw180__horizontal_nonfloor__WALK,yaw180__horizontal_nonfloor__ROAD,yaw180__horizontal_nonfloor__OBJECT,yaw180__horizontal_nonfloor__STRUCTURE,yaw180__horizontal_nonfloor__SKY,yaw180__horizontal_nonfloor__OTHER,yaw180__non_horizontal__WALK,yaw180__non_horizontal__ROAD,yaw180__non_horizontal__OBJECT,yaw180__non_horizontal__STRUCTURE,yaw180__non_horizontal__SKY,yaw180__non_horizontal__OTHER,yaw180__no_plane__WALK,yaw180__no_plane__ROAD,yaw180__no_plane__OBJECT,yaw180__no_plane__STRUCTURE,yaw180__no_plane__SKY,yaw180__no_plane__OTHER,mirror__ground__WALK,mirror__ground__ROAD,mirror__ground__OBJECT,mirror__ground__STRUCTURE,mirror__ground__SKY,mirror__ground__OTHER,mirror__floor__WALK,mirror__floor__ROAD,mirror__floor__OBJECT,mirror__floor__STRUCTURE,mirror__floor__SKY,mirror__floor__OTHER,mirror__floor_standin__WALK,mirror__floor_standin__ROAD,mirror__floor_standin__OBJECT,mirror__floor_standin__STRUCTURE,mirror__floor_standin__SKY,mirror__floor_standin__OTHER,mirror__horizontal_nonfloor__WALK,mirror__horizontal_nonfloor__ROAD,mirror__horizontal_nonfloor__OBJECT,mirror__horizontal_nonfloor__STRUCTURE,mirror__horizontal_nonfloor__SKY,mirror__horizontal_nonfloor__OTHER,mirror__non_horizontal__WALK,mirror__non_horizontal__ROAD,mirror__non_horizontal__OBJECT,mirror__non_horizontal__STRUCTURE,mirror__non_horizontal__SKY,mirror__non_horizontal__OTHER,mirror__no_plane__WALK,mirror__no_plane__ROAD,mirror__no_plane__OBJECT,mirror__no_plane__STRUCTURE,mirror__no_plane__SKY,mirror__no_plane__OTHER
bend,-6wL7HzdK7t8DTC_zDPOLw,2647,31076,195,75,0,1886,1770,11911,862,1356,0,1822,0,0,0,0,0,0,0,0,0,0,0,0,0,0,0,0,0,0,0,0,0,0,0,0,690,34717,0,347,0,125,3727,8270,1057,1084,0,3583,0,0,0,0,0,0,0,0,0,0,0,0,0,0,0,0,0,0,0,0,0,0,0,0,616,34813,0,404,0,46,3801,8174,1057,1027,0,3662,0,0,0,0,0,0,0,0,0,0,0,0,0,0,0,0,0,0,0,0,0,0,0,0
bend,0FMaNGiSOoTGqLgh8jHfYQ,217,16621,0,0,0,0,3284,23650,2441,0,705,1015,2406,2436,334,11,166,133,0,0,0,0,0,0,0,0,0,0,181,0,0,0,0,0,0,0,0,16838,0,0,0,0,5569,21210,2519,11,1052,734,323,4518,256,0,0,389,0,0,0,0,0,0,15,141,0,0,0,25,0,0,0,0,0,0,0,16838,0,0,0,0,4325,23054,2353,11,1052,300,1524,2795,325,0,0,842,0,0,0,0,0,0,58,20,97,0,0,6,0,0,0,0,0,0
bend,0SgaioiGd5Yi_5wc6m-nJg,1423,39418,907,0,0,815,1180,2504,4488,272,0,2105,0,38,0,0,0,0,0,0,0,0,0,0,0,0,235,197,0,18,0,0,0,0,0,0,328,39471,2524,0,0,240,2176,2451,2965,457,0,2500,0,38,0,0,0,0,0,0,0,0,0,0,99,0,141,12,0,198,0,0,0,0,0,0,401,39644,2203,0,0,315,2086,2299,3314,452,0,2398,8,17,0,0,0,13,0,0,0,0,0,0,108,0,113,17,0,212,0,0,0,0,0,0
bend,1k8PFgEWlZnrY-j007WMAQ,124,8870,4,7,0,0,741,25999,3468,725,0,139,0,13511,0,0,0,0,0,0,0,0,0,0,0,0,12,0,0,0,0,0,0,0,0,0,3,8465,166,370,0,1,862,26404,3306,362,0,138,0,13511,0,0,0,0,0,0,0,0,0,0,0,0,12,0,0,0,0,0,0,0,0,0,0,7945,897,163,0,0,865,26924,2575,569,0,139,0,13511,0,0,0,0,0,0,0,0,0,0,0,0,12,0,0,0,0,0,0,0,0,0
bend,2S_Fj0bq7qkdKUBw9-g1XA,3444,24376,169,0,0,208,3372,17148,494,437,0,163,1029,1171,189,1064,0,1,0,0,0,0,0,0,0,0,0,335,0,0,0,0,0,0,0,0,3272,24476,243,48,0,158,3370,17520,450,76,0,198,1053,530,143,1712,0,16,0,0,0,0,0,0,150,169,16,0,0,0,0,0,0,0,0,0,2068,25595,323,72,0,139,4455,16456,381,94,0,228,1116,532,131,1670,0,5,0,0,0,0,0,0,206,112,17,0,0,0,0,0,0,0,0,0
bend,3EUb8DGIsQCcw8z9LOBnAA,699,21596,222,0,0,1793,945,23181,1981,5,0,2831,81,167,5,46,0,24,0,0,0,0,0,0,0,0,20,4,0,0,0,0,0,0,0,0,105,23730,475,0,0,0,1599,21044,1597,55,0,4648,21,170,132,0,0,0,0,0,0,0,0,0,0,0,24,0,0,0,0,0,0,0,0,0,59,24036,215,0,0,0,1658,20625,1964,55,0,4641,8,283,25,0,0,7,0,0,0,0,0,0,0,0,24,0,0,0,0,0,0,0,0,0
bend,4ijauQusmQIJgw4YLTkYsA,34,28050,2420,0,0,8,1470,12647,3738,1841,0,3233,0,0,0,0,0,0,0,0,0,0,0,0,0,0,0,159,0,0,0,0,0,0,0,0,604,27282,1729,0,0,897,900,13415,4429,1841,0,2344,0,0,0,0,0,0,0,0,0,0,0,0,0,0,0,159,0,0,0,0,0,0,0,0,618,27280,1295,0,0,1319,886,13417,4849,1922,0,1855,0,0,0,0,0,0,0,0,0,0,0,0,0,0,14,78,0,67,0,0,0,0,0,0
bend,5NVgLhChZXnD_D-z3SLZyQ,1222,45784,3,0,0,434,1524,1733,718,235,0,696,226,743,81,45,0,156,0,0,0,0,0,0,0,0,0,0,0,0,0,0,0,0,0,0,1487,45452,16,0,0,488,1150,2650,512,120,0,474,335,158,274,160,0,324,0,0,0,0,0,0,0,0,0,0,0,0,0,0,0,0,0,0,1317,45826,1,0,0,299,1438,1669,669,252,0,878,217,765,132,28,0,109,0,0,0,0,0,0,0,0,0,0,0,0,0,0,0,0,0,0
bend,5U3KS0M2Y8w3qsDGGV610g,0,19823,193,0,0,0,216,13109,5155,49,0,55,316,10529,1580,89,0,269,0,0,0,0,0,0,437,5,1099,212,0,464,0,0,0,0,0,0,0,20008,8,0,0,0,287,15801,2131,78,0,287,627,6221,5185,249,0,501,0,0,0,0,0,0,55,1436,703,23,0,0,0,0,0,0,0,0,0,20005,11,0,0,0,256,16310,1725,73,0,220,524,5533,6014,256,0,456,0,0,0,0,0,0,189,1618,277,21,0,112,0,0,0,0,0,0
bend,62TiKmlmxt_xn_68w1lgAw,2123,34585,23,0,0,1681,2855,8035,953,52,0,3087,2,26,0,0,0,0,0,0,0,0,0,0,0,0,106,68,0,4,0,0,0,0,0,0,1263,34975,1,0,0,2173,3711,7643,971,103,0,2554,0,26,0,0,0,2,0,0,0,0,0,0,6,2,110,17,0,43,0,0,0,0,0,0,1343,34889,13,0,0,2167,3637,7728,964,107,0,2546,0,27,0,0,0,1,0,0,0,0,0,0,0,2,105,13,0,58,0,0,0,0,0,0
bend,7B5Vphda5PDmZJ5q1RQWdg,1839,24367,297,0,0,266,2617,16720,1896,56,0,650,742,1161,2539,0,0,428,0,0,0,0,0,0,0,0,22,0,0,0,0,0,0,0,0,0,1602,24634,206,0,0,327,2444,15944,2817,0,0,734,1140,1670,1731,56,0,273,0,0,0,0,0,0,12,0,0,0,0,10,0,0,0,0,0,0,1889,24299,262,0,0,319,2154,16322,2712,0,0,751,1145,1627,1768,56,0,274,0,0,0,0,0,0,10,0,12,0,0,0,0,0,0,0,0,0
bend,87nWq0hrTZLm2_UXRgPhZQ,810,10405,1067,0,0,904,5404,26218,2622,0,0,5022,35,110,951,0,0,52,0,0,0,0,0,0,0,0,0,0,0,0,0,0,0,0,0,0,1526,9202,65,0,0,2393,4661,27504,3516,0,0,3585,62,27,1059,0,0,0,0,0,0,0,0,0,0,0,0,0,0,0,0,0,0,0,0,0,1552,9089,108,0,0,2437,4657,27617,3452,0,0,3540,40,27,1080,0,0,1,0,0,0,0,0,0,0,0,0,0,0,0,0,0,0,0,0,0
bend,8H6LgNn56hay95HiBYrhHw,535,37244,507,0,0,18,1534,11071,1372,170,0,1041,12,27,69,0,0,0,0,0,0,0,0,0,0,0,0,0,0,0,0,0,0,0,0,0,533,37216,388,0,0,167,1534,11050,1560,170,0,874,14,76,0,0,0,18,0,0,0,0,0,0,0,0,0,0,0,0,0,0,0,0,0,0,650,36771,716,0,0,167,1398,11496,1232,170,0,892,33,75,0,0,0,0,0,0,0,0,0,0,0,0,0,0,0,0,0,0,0,0,0,0
bend,8KtYwvo9b34f3zm-afipNg,544,48900,689,0,0,768,160,690,669,9,0,232,117,509,177,9,0,127,0,0,0,0,0,0,0,0,0,0,0,0,0,0,0,0,0,0,512,48490,1359,0,0,540,189,1120,96,0,0,355,120,489,80,18,0,232,0,0,0,0,0,0,0,0,0,0,0,0,0,0,0,0,0,0,556,48605,1103,0,0,637,196,1065,104,3,0,392,69,429,328,15,0,98,0,0,0,0,0,0,0,0,0,0,0,0,0,0,0,0,0,0
bend,8VPbrd8XBzDOIVoo5Xwz8g,724,22427,1,296,0,1244,2927,21055,519,893,0,2500,164,293,0,0,0,50,0,0,0,0,0,0,11,0,94,399,0,3,0,0,0,0,0,0,867,23456,59,0,0,310,2761,20202,341,1407,0,3183,142,117,0,0,0,248,0,0,0,0,0,0,56,0,214,181,0,56,0,0,0,0,0,0,552,23619,57,15,0,449,3138,19980,333,1396,0,3047,79,176,0,0,0,252,0,0,0,0,0,0,57,0,224,177,0,49,0,0,0,0,0,0
bend,8cphEWdm85w5CwOw4rm0_A,10447,37192,1051,0,0,773,1488,1546,665,0,0,438,0,0,0,0,0,0,0,0,0,0,0,0,0,0,0,0,0,0,0,0,0,0,0,0,10996,37290,501,0,0,676,939,1448,1215,0,0,535,0,0,0,0,0,0,0,0,0,0,0,0,0,0,0,0,0,0,0,0,0,0,0,0,10863,37414,537,0,0,649,1072,1324,1179,0,0,562,0,0,0,0,0,0,0,0,0,0,0,0,0,0,0,0,0,0,0,0,0,0,0,0
bend,9DA1aapwjQcdUP2HEfrhfg,1461,41965,116,20,0,66,1336,2325,134,460,0,224,467,4098,463,5,0,460,0,0,0,0,0,0,0,0,0,0,0,0,0,0,0,0,0,0,1040,42091,295,3,0,199,199,3635,253,56,0,336,2025,2662,165,426,0,215,0,0,0,0,0,0,0,0,0,0,0,0,0,0,0,0,0,0,627,42506,300,5,0,190,1277,2608,246,0,0,348,1360,3274,167,480,0,212,0,0,0,0,0,0,0,0,0,0,0,0,0,0,0,0,0,0
bend,A5AVKFhm7unr9Rs55aQ1Tw,266,16453,3,0,0,66,1983,27388,4079,24,0,3338,0,0,0,0,0,0,0,0,0,0,0,0,0,0,0,0,0,0,0,0,0,0,0,0,342,14800,1292,0,0,354,1907,29041,2790,24,0,3050,0,0,0,0,0,0,0,0,0,0,0,0,0,0,0,0,0,0,0,0,0,0,0,0,385,14773,550,0,0,1080,1864,29068,3532,24,0,2324,0,0,0,0,0,0,0,0,0,0,0,0,0,0,0,0,0,0,0,0,0,0,0,0
bend,BfLStXTTg1-0FjTrZcvYWg,302,18398,1061,74,0,101,1793,21762,4582,119,0,3236,301,1143,453,60,0,215,0,0,0,0,0,0,0,0,0,0,0,0,0,0,0,0,0,0,1017,16153,721,0,0,2045,1157,24325,4724,67,0,1219,222,825,651,186,0,288,0,0,0,0,0,0,0,0,0,0,0,0,0,0,0,0,0,0,639,16242,2458,0,0,597,1559,24641,2614,84,0,2594,198,420,1024,169,0,361,0,0,0,0,0,0,0,0,0,0,0,0,0,0,0,0,0,0
bend,CIdYXefgwcZw4L9PqIpuHQ,159,21203,87,0,0,0,2762,22152,3108,14,0,160,295,1297,868,186,0,412,0,0,0,0,0,0,5,3,276,583,0,30,0,0,0,0,0,0,272,20726,451,0,0,0,2208,21819,2845,783,0,541,566,1477,954,0,0,61,0,0,0,0,0,0,175,633,89,0,0,0,0,0,0,0,0,0,449,20312,688,0,0,0,1867,22706,2691,588,0,344,723,1146,813,157,0,219,0,0,0,0,0,0,182,491,147,38,0,39,0,0,0,0,0,0
bend,DFx_w62mJn4Qm4upFTXytQ,2422,36533,1579,0,0,5,1486,2069,4756,62,0,41,220,2124,862,39,0,0,0,0,0,0,0,0,64,0,315,1023,0,0,0,0,0,0,0,0,347,36311,3824,57,0,0,2509,2139,3140,626,0,0,993,2062,124,27,0,39,0,0,0,0,0,0,343,214,424,414,0,7,0,0,0,0,0,0,2227,36369,1926,17,0,0,1540,2149,4154,548,0,23,182,2104,930,13,0,16,0,0,0,0,0,0,243,104,502,546,0,7,0,0,0,0,0,0
bend,DJ8Zp111zu6KnMZz-0PHgQ,27,39845,0,0,0,0,1697,6028,1655,7,0,1225,208,2116,249,0,0,543,0,0,0,0,0,0,0,0,0,0,0,0,0,0,0,0,0,0,210,39432,230,0,0,0,1017,7374,1357,7,0,857,705,1183,317,0,0,911,0,0,0,0,0,0,0,0,0,0,0,0,0,0,0,0,0,0,774,38882,29,0,0,187,940,7540,857,0,0,1275,218,1567,1018,7,0,306,0,0,0,0,0,0,0,0,0,0,0,0,0,0,0,0,0,0
bend,E15SCY6RTiDuNUu_trZk4Q,396,30520,27,0,0,0,1465,10168,294,23,0,776,816,8710,292,0,0,106,0,0,0,0,0,0,0,0,0,7,0,0,0,0,0,0,0,0,242,30670,31,0,0,0,1690,10101,456,7,0,472,743,8623,125,23,0,410,0,0,0,0,0,0,2,4,1,0,0,0,0,0,0,0,0,0,120,30760,0,0,0,63,1100,10840,389,4,0,393,1457,7798,219,26,0,424,0,0,0,0,0,0,0,0,5,0,0,2,0,0,0,0,0,0
bend,E1wxX3pnvZdWrWnUkfkNkA,2310,25336,580,0,0,627,3533,15036,2940,144,0,1561,350,451,502,31,0,48,0,0,0,0,0,0,0,0,89,62,0,0,0,0,0,0,0,0,4253,22440,714,0,0,1446,1847,18307,2207,202,0,651,83,76,1055,35,0,133,0,0,0,0,0,0,10,0,135,0,0,6,0,0,0,0,0,0,3337,23071,1312,0,0,1133,2750,17523,1693,208,0,1040,106,229,960,24,0,63,0,0,0,0,0,0,0,0,146,5,0,0,0,0,0,0,0,0
bend,HraXxn_y7_j4o8_4iS_JDQ,79,29079,179,0,0,23,2001,16728,249,0,0,837,205,2255,1431,86,0,448,0,0,0,0,0,0,0,0,0,0,0,0,0,0,0,0,0,0,1237,28039,9,0,0,75,115,19303,384,0,0,13,933,720,1466,86,0,1220,0,0,0,0,0,0,0,0,0,0,0,0,0,0,0,0,0,0,1302,27758,33,0,0,267,47,19542,226,0,0,0,936,762,1600,86,0,1041,0,0,0,0,0,0,0,0,0,0,0,0,0,0,0,0,0,0
bend,IQT-DUkA06hxOus4rPb47A,51,25074,203,0,0,40,4851,19539,1671,16,235,1735,0,20,0,0,0,0,0,0,0,0,0,0,18,0,54,88,5,0,0,0,0,0,0,0,78,25290,0,0,0,0,4754,19323,1879,78,240,1773,0,20,0,0,0,0,0,0,0,0,0,0,88,0,49,26,0,2,0,0,0,0,0,0,31,25316,0,0,21,0,4833,19297,1846,77,219,1775,0,20,0,0,0,0,0,0,0,0,0,0,56,0,82,27,0,0,0,0,0,0,0,0
bend,I_t9Bp1OzV2m-ZKFHssOdg,967,25085,0,0,0,2276,2165,18212,693,143,0,3530,0,0,1,85,0,0,0,0,0,0,0,0,0,0,280,161,0,2,0,0,0,0,0,0,155,27950,2,0,0,221,2905,15347,710,356,0,5425,0,0,50,0,0,36,0,0,0,0,0,0,72,0,212,33,0,126,0,0,0,0,0,0,138,27967,0,1,0,222,2875,15330,779,354,0,5405,54,0,0,0,0,32,0,0,0,0,0,0,65,0,195,34,0,149,0,0,0,0,0,0
bend,JliGuAWGKCyOS1LBoywZlA,189,27150,252,7,0,298,2058,16593,1318,1744,0,3990,0,0,0,0,0,0,0,0,0,0,0,0,0,0,0,1,0,0,0,0,0,0,0,0,157,27486,0,0,0,253,2090,16257,1570,1751,0,4035,0,0,0,0,0,0,0,0,0,0,0,0,0,0,0,1,0,0,0,0,0,0,0,0,149,26937,559,67,0,184,2098,16806,1011,1684,0,4104,0,0,0,0,0,0,0,0,0,0,0,0,0,0,0,1,0,0,0,0,0,0,0,0
bend,Jv7Zl2erbO_g10pRN-IS_Q,2148,32491,346,252,0,2085,2533,7274,1382,132,0,2788,204,873,354,37,0,323,0,0,0,0,0,0,0,0,268,110,0,0,0,0,0,0,0,0,2752,30562,1160,75,0,2773,1904,9330,512,212,0,2151,193,691,549,118,0,240,0,0,0,0,0,0,36,55,129,126,0,32,0,0,0,0,0,0,2889,30776,770,117,0,2770,1794,9301,725,252,0,2037,179,492,705,69,0,346,0,0,0,0,0,0,23,69,150,93,0,43,0,0,0,0,0,0
bend,Kv2haiYlkJCiaO61RVWwQA,2012,16809,381,1,0,1315,564,4848,100,59,0,742,1075,24312,614,92,0,539,0,0,0,0,0,0,2,0,109,26,0,0,0,0,0,0,0,0,625,19660,60,0,0,173,343,4950,525,165,0,330,2612,21351,616,13,0,2040,0,0,0,0,0,0,73,8,3,0,0,53,0,0,0,0,0,0,853,18945,275,20,0,425,496,5106,461,55,0,195,2303,21918,368,67,0,1976,0,0,0,0,0,0,1,0,100,36,0,0,0,0,0,0,0,0
bend,LMwVmdxU9opG4yzbotuw6g,1176,27448,218,15,0,804,2569,16790,1206,76,0,1911,57,862,331,0,0,3,0,0,0,0,0,0,0,0,53,79,0,2,0,0,0,0,0,0,1529,26434,320,0,0,1378,1927,18082,1335,107,0,1101,346,584,90,55,0,178,0,0,0,0,0,0,0,0,63,8,0,63,0,0,0,0,0,0,1521,26748,339,11,0,1042,1623,17901,1262,151,0,1615,643,451,111,0,0,48,0,0,0,0,0,0,15,0,96,8,0,15,0,0,0,0,0,0
bend,LhpYKYMPIDXskyHjHW1nOQ,0,22477,38,0,0,0,1686,23401,3916,2,0,807,197,370,371,2,0,12,0,0,0,0,0,0,0,0,313,8,0,0,0,0,0,0,0,0,0,21610,905,0,0,0,1422,24569,3519,12,0,290,440,69,200,0,0,243,0,0,0,0,0,0,21,0,14,0,0,286,0,0,0,0,0,0,402,21307,806,0,0,0,1427,24846,3065,12,0,462,19,95,721,0,0,117,0,0,0,0,0,0,35,0,46,0,0,240,0,0,0,0,0,0
bend,NS7lT-itv0JiN6UHVvBxsg,391,40799,16,0,0,99,535,7091,967,63,0,688,156,2116,497,2,0,159,0,0,0,0,0,0,0,0,6,15,0,0,0,0,0,0,0,0,360,40622,312,0,0,11,481,7257,1081,80,0,445,240,2116,84,0,0,490,0,0,0,0,0,0,1,11,9,0,0,0,0,0,0,0,0,0,41,41104,157,0,0,3,576,7060,1255,80,0,373,463,1837,62,0,0,568,0,0,0,0,0,0,2,5,12,0,0,2,0,0,0,0,0,0
bend,Noi7DhIT3xbCjA2Ip4QOyg,2128,29229,448,0,0,2604,1948,12981,1400,58,0,2536,2,41,71,5,0,0,0,0,0,0,0,0,0,0,139,3,0,7,0,0,0,0,0,0,1674,30379,206,0,0,2150,2370,11740,1767,66,0,2980,9,51,57,0,0,2,0,0,0,0,0,0,25,81,28,0,0,15,0,0,0,0,0,0,2256,30105,332,0,0,1716,1821,12132,1510,53,0,3407,1,14,80,0,0,24,0,0,0,0,0,0,0,0,136,13,0,0,0,0,0,0,0,0
bend,NzRL8weHSGkfduBHnrgd5g,4075,25580,0,128,0,554,8318,9686,802,344,0,1022,635,1214,409,0,0,571,0,0,0,0,0,0,0,0,68,194,0,0,0,0,0,0,0,0,4693,25549,1,0,0,94,8020,10498,464,88,0,1102,298,432,570,578,0,951,0,0,0,0,0,0,17,1,244,0,0,0,0,0,0,0,0,0,4750,25478,9,0,0,100,7904,10493,571,26,0,1178,306,509,517,640,0,857,0,0,0,0,0,0,68,0,182,0,0,12,0,0,0,0,0,0
bend,OedGesfk606bGhg4OQESiQ,1981,34997,280,0,0,1,2455,6476,614,1945,0,273,465,2926,145,584,0,4,0,22,0,0,0,0,0,0,62,370,0,0,0,0,0,0,0,0,46,37213,0,0,0,0,3566,5204,1055,1824,0,114,1289,1982,22,668,0,163,0,22,0,0,0,0,0,0,24,407,0,1,0,0,0,0,0,0,134,36969,27,125,0,4,3863,5298,202,2162,0,238,904,2132,818,234,0,36,0,22,0,0,0,0,0,0,54,378,0,0,0,0,0,0,0,0
bend,PX5zU_2KkKO0Gr4FiSe9aw,1417,29948,3,109,0,3377,2031,11392,483,685,0,2380,301,126,35,874,0,404,0,0,0,0,0,0,0,0,23,0,0,12,0,0,0,0,0,0,1346,31084,13,0,0,2411,2127,9932,470,917,0,3525,276,450,51,726,0,237,0,0,0,0,0,0,0,0,10,25,0,0,0,0,0,0,0,0,1021,31391,0,0,0,2442,2594,10075,321,954,0,3027,134,0,220,682,0,704,0,0,0,0,0,0,0,0,3,32,0,0,0,0,0,0,0,0
bend,PgOXmiCTtEV4ip7AJDqf2Q,2970,24563,2159,4,0,14,5034,15344,169,8,0,17,534,2107,379,126,0,62,0,0,0,0,0,0,40,20,50,0,0,0,0,0,0,0,0,0,5293,23970,390,19,0,38,2180,16923,1378,67,0,24,1074,1141,982,4,0,7,0,0,0,0,0,0,31,0,7,48,0,24,0,0,0,0,0,0,5351,23844,412,96,0,7,2751,16684,1083,10,0,44,429,1502,1255,4,0,18,0,0,0,0,0,0,47,4,7,28,0,24,0,0,0,0,0,0
bend,RS0LXKWETF8PhWMbaexYlg,132,32006,5,0,0,264,3571,11464,292,63,0,4826,85,727,9,0,0,57,0,0,0,0,0,0,0,0,45,54,0,0,0,0,0,0,0,0,419,31302,3,0,0,683,2876,12769,343,117,0,4111,493,126,5,0,0,254,0,0,0,0,0,0,0,0,0,0,0,99,0,0,0,0,0,0,461,31215,26,0,0,705,2850,12883,325,117,0,4041,477,99,0,0,0,302,0,0,0,0,0,0,0,0,0,0,0,99,0,0,0,0,0,0
bend,Ro8ZmvW9hyxIS4GVq1cpMQ,65,30271,0,0,0,27,1640,18775,2195,99,0,303,66,5,152,0,0,2,0,0,0,0,0,0,0,0,0,0,0,0,0,0,0,0,0,0,327,29541,493,0,0,2,1442,19444,1697,99,0,330,2,66,157,0,0,0,0,0,0,0,0,0,0,0,0,0,0,0,0,0,0,0,0,0,152,30141,70,0,0,0,1605,18880,2114,99,0,314,14,30,163,0,0,18,0,0,0,0,0,0,0,0,0,0,0,0,0,0,0,0,0,0
bend,SM4RUwTVtTzgSm3LWvzwqA,2449,41726,1520,3,0,476,1355,3902,1181,7,0,434,9,283,30,0,0,22,0,0,0,0,0,0,0,0,149,51,0,3,0,0,0,0,0,0,1634,43704,622,0,0,214,2125,1848,2162,61,0,683,54,244,43,0,0,3,0,0,0,0,0,0,0,115,53,0,0,35,0,0,0,0,0,0,1728,43789,594,0,0,63,2038,1803,2146,61,0,831,47,232,57,0,0,8,0,0,0,0,0,0,0,87,83,0,0,33,0,0,0,0,0,0
bend,ScnPNQ2cah0xzWlH28uoOw,0,34626,12,3338,0,1425,1870,6252,1366,3657,0,1022,1,0,0,0,0,0,0,0,0,0,0,0,0,0,25,6,0,0,0,0,0,0,0,0,955,37823,302,45,0,276,916,3055,1101,6955,0,2140,0,0,0,1,0,0,0,0,0,0,0,0,0,0,0,0,0,31,0,0,0,0,0,0,802,37445,261,163,0,730,1069,3433,1134,6837,0,1694,0,0,0,1,0,0,0,0,0,0,0,0,0,0,8,0,0,23,0,0,0,0,0,0
bend,ShaAxuhgD3rK5__gON66zA,3508,32815,456,21,0,33,616,14006,533,3,0,974,5,83,3,0,0,0,0,0,0,0,0,0,16,21,236,271,0,0,0,0,0,0,0,0,956,35384,0,0,0,493,3006,11454,1186,295,0,191,5,86,0,0,0,0,0,0,0,0,0,0,178,1,42,0,0,323,0,0,0,0,0,0,1662,34595,348,0,0,228,2313,12197,838,295,0,489,3,86,0,0,0,2,0,0,0,0,0,0,167,47,42,0,0,288,0,0,0,0,0,0
bend,TzKDX5ADk6lqRtZ-F8r6XQ,231,28234,61,0,0,0,1819,20566,1583,55,0,692,32,83,183,11,0,16,0,0,0,0,0,0,0,0,21,13,0,0,0,0,0,0,0,0,1629,25588,771,16,0,522,381,23142,963,52,0,177,65,147,104,9,0,0,0,0,0,0,0,0,7,6,10,2,0,9,0,0,0,0,0,0,1653,25643,780,11,0,439,373,23174,844,55,0,269,56,66,190,13,0,0,0,0,0,0,0,0,0,0,34,0,0,0,0,0,0,0,0,0
bend,UdLzRf1Yi67NOSMn6IZjHQ,704,24347,78,0,0,546,4040,17545,1179,9,0,2615,30,2507,0,0,0,0,0,0,0,0,0,0,0,0,0,0,0,0,0,0,0,0,0,0,493,25161,21,0,0,0,4278,16704,1236,9,0,3161,3,2534,0,0,0,0,0,0,0,0,0,0,0,0,0,0,0,0,0,0,0,0,0,0,458,25126,13,4,0,74,4312,16740,1244,5,0,3087,4,2533,0,0,0,0,0,0,0,0,0,0,0,0,0,0,0,0,0,0,0,0,0,0
bend,VIMFndX_oqm7vJJD8gDyEA,5434,28274,435,0,0,1546,2598,7987,4566,0,0,1590,299,680,70,0,0,42,0,0,0,0,0,0,0,0,79,0,0,0,0,0,0,0,0,0,3995,26721,2704,0,0,2269,4181,9879,1893,0,0,788,135,341,526,0,0,89,0,0,0,0,0,0,20,0,27,0,0,32,0,0,0,0,0,0,6066,27092,985,0,0,1546,1962,9324,3906,0,0,1549,298,525,224,0,0,44,0,0,0,0,0,0,5,0,35,0,0,39,0,0,0,0,0,0
bend,VMjtxZNqxl9E6oUXnsdI8Q,1724,22256,1704,4,0,380,1786,19141,1080,58,0,1355,462,2262,686,21,0,362,0,0,0,0,0,0,0,0,201,118,0,0,0,0,0,0,0,0,897,24459,48,0,0,664,2629,16974,2718,147,0,952,419,2092,812,54,0,416,0,0,0,0,0,0,27,134,93,0,0,65,0,0,0,0,0,0,743,24452,26,5,0,842,2813,16902,2690,59,0,956,416,2301,659,118,0,299,0,0,0,0,0,0,0,4,296,19,0,0,0,0,0,0,0,0
bend,VgWpqFkTwCIROvM0z-DkOw,2085,31494,0,554,0,2,2319,14587,637,975,0,742,0,0,0,0,0,0,0,0,0,0,0,0,0,0,18,187,0,0,0,0,0,0,0,0,563,33529,0,0,0,43,3837,12528,585,1716,0,594,0,0,0,0,0,0,0,0,0,0,0,0,4,24,70,0,0,107,0,0,0,0,0,0,511,33587,2,0,0,35,3874,12475,616,1716,0,579,0,0,0,0,0,0,0,0,0,0,0,0,19,19,37,0,0,130,0,0,0,0,0,0
bend,WGdZz7jOkmmmyQYpbw3F8w,671,41063,1654,0,0,41,1690,3924,1622,152,0,1158,147,502,137,32,0,34,0,0,0,0,0,0,37,1,139,577,0,19,0,0,0,0,0,0,2056,38293,1736,172,0,1172,418,6380,1253,439,0,56,42,420,360,16,0,14,0,0,0,0,0,0,29,397,203,134,0,10,0,0,0,0,0,0,1829,38957,1142,329,0,1172,556,5878,1848,259,0,5,147,319,273,79,0,34,0,0,0,0,0,0,13,336,289,94,0,41,0,0,0,0,0,0
bend,Wnu3AyufxG1XD9JvU5K-hg,27,42218,0,0,0,0,1804,3340,544,0,0,2152,43,3389,31,0,0,52,0,0,0,0,0,0,0,0,0,0,0,0,0,0,0,0,0,0,1562,38466,157,0,0,2060,280,7001,418,0,0,141,32,3480,0,0,0,3,0,0,0,0,0,0,0,0,0,0,0,0,0,0,0,0,0,0,1497,38597,180,0,0,1971,307,7061,239,0,0,233,70,3289,156,0,0,0,0,0,0,0,0,0,0,0,0,0,0,0,0,0,0,0,0,0
bend,X3HUl4G0JyP3fwNYcFAXVw,5347,38278,41,0,0,0,884,1859,151,89,0,0,3849,1198,65,1721,0,0,0,0,0,0,0,0,0,0,0,118,0,0,0,0,0,0,0,0,5043,37146,104,1373,0,0,829,1489,110,555,0,0,4186,2604,43,0,0,0,0,0,0,0,0,0,22,96,0,0,0,0,0,0,0,0,0,0,5724,36448,54,1440,0,0,548,1824,123,488,0,0,3742,3016,75,0,0,0,0,0,0,0,0,0,66,47,5,0,0,0,0,0,0,0,0,0
bend,ZO7V6RR9LtZT8l9-SjIQUg,1977,42140,248,0,0,411,229,1047,1383,32,0,1217,1124,1162,429,12,0,2189,0,0,0,0,0,0,0,0,0,0,0,0,0,0,0,0,0,0,2459,38691,513,6,0,3107,484,2190,858,37,0,339,387,3468,689,1,0,371,0,0,0,0,0,0,0,0,0,0,0,0,0,0,0,0,0,0,2770,38650,617,0,0,2739,292,1794,855,44,0,923,268,3905,588,0,0,155,0,0,0,0,0,0,0,0,0,0,0,0,0,0,0,0,0,0
bend,ZlXmdBYkhIpp-wNfPlSIFw,1561,45768,230,0,0,215,92,259,161,56,0,159,908,1603,583,47,0,1925,0,0,0,0,0,0,0,0,28,5,0,0,0,0,0,0,0,0,1525,43646,592,85,0,1926,81,254,168,13,0,211,955,3730,222,10,0,149,0,0,0,0,0,0,0,0,20,0,0,13,0,0,0,0,0,0,1335,43774,561,45,0,2059,98,243,193,23,0,170,1127,3613,222,34,0,70,0,0,0,0,0,0,1,0,26,6,0,0,0,0,0,0,0,0
bend,bCoStRGdrZB6z6QXF9w0yQ,1075,16054,460,227,0,612,1066,30523,1859,106,0,200,82,78,4,107,0,17,0,0,0,0,0,0,70,0,178,879,0,3,0,0,0,0,0,0,692,17277,319,55,0,85,1585,28779,1424,1264,0,702,0,80,186,0,0,22,0,0,0,0,0,0,16,519,572,0,0,23,0,0,0,0,0,0,387,16939,823,18,0,261,1852,29060,1050,1301,0,491,48,136,24,0,0,80,0,0,0,0,0,0,6,520,604,0,0,0,0,0,0,0,0,0
bend,bTkyJpLDQ7HCw4yOdqdNCg,3175,41195,911,909,0,368,858,4987,75,661,0,281,0,1,0,0,0,0,0,0,0,0,0,0,0,0,47,132,0,0,0,0,0,0,0,0,2895,42707,426,265,0,265,1109,3326,607,1436,0,384,0,0,0,1,0,0,0,0,0,0,0,0,29,150,0,0,0,0,0,0,0,0,0,0,3126,42413,478,238,0,303,906,3761,554,1313,0,328,0,1,0,0,0,0,0,0,0,0,0,0,1,8,1,151,0,18,0,0,0,0,0,0
bend,bVadNrPq_zXgbJjhhDSwDw,0,33429,168,0,0,0,3333,5866,3884,0,0,360,236,5829,328,0,0,167,0,0,0,0,0,0,0,0,0,0,0,0,0,0,0,0,0,0,2689,28822,2073,0,0,13,345,10745,2037,0,0,316,535,5557,270,0,0,198,0,0,0,0,0,0,0,0,0,0,0,0,0,0,0,0,0,0,2920,28584,2068,0,0,25,271,10983,1887,0,0,302,378,5557,425,0,0,200,0,0,0,0,0,0,0,0,0,0,0,0,0,0,0,0,0,0
bend,cqb7v_2KGHMeSy8VpvkcDQ,3131,35812,833,0,0,843,1462,7443,1058,436,0,1047,94,771,117,0,0,58,0,0,0,0,0,0,6,0,349,139,0,1,0,0,0,0,0,0,974,38449,347,397,0,452,3318,5411,1488,19,0,1210,394,160,231,0,0,255,0,0,0,0,0,0,7,6,291,159,0,32,0,0,0,0,0,0,978,38461,292,399,0,489,3537,5195,1480,12,0,1222,169,370,289,0,0,212,0,0,0,0,0,0,9,0,296,164,0,26,0,0,0,0,0,0
bend,dUy9p1NputrGH7SFDmbCpg,60,29685,32,0,0,43,1445,14230,1010,16,0,899,493,5188,227,60,0,212,0,0,0,0,0,0,0,0,0,0,0,0,0,0,0,0,0,0,0,29820,0,0,0,0,617,16027,587,76,0,293,1381,3256,682,0,0,861,0,0,0,0,0,0,0,0,0,0,0,0,0,0,0,0,0,0,130,29690,0,0,0,0,1045,15259,914,14,0,368,823,4154,355,62,0,786,0,0,0,0,0,0,0,0,0,0,0,0,0,0,0,0,0,0
bend,f8KWeNBZLlwJXVSj5_0RAg,3075,32774,292,6,0,910,350,823,229,70,0,406,2123,10975,278,707,0,296,0,0,0,0,0,0,2,0,58,174,0,52,0,0,0,0,0,0,1878,34417,63,484,0,215,221,1056,213,307,0,81,3347,9091,502,73,0,1366,0,0,0,0,0,0,104,8,79,93,0,2,0,0,0,0,0,0,1900,34414,61,429,0,253,169,1091,222,353,0,43,3426,9065,507,75,0,1306,0,0,0,0,0,0,55,2,67,100,0,62,0,0,0,0,0,0
bend,gTM14tSsKuUwbSxtTb4xoQ,281,31892,81,0,0,46,3063,12342,1497,801,0,616,365,22,1235,597,0,0,0,0,0,0,0,0,0,0,432,330,0,0,0,0,0,0,0,0,312,31851,71,22,0,44,2421,12390,2388,893,0,227,976,15,504,333,0,391,0,0,0,0,0,0,0,0,282,480,0,0,0,0,0,0,0,0,238,31843,219,0,0,0,2313,12379,2109,1006,0,512,1156,34,520,359,0,150,0,0,0,0,0,0,2,0,397,363,0,0,0,0,0,0,0,0
bend,hKMeDFlSe7fPsZpi4kS-aA,17,38699,0,0,0,0,1382,7485,727,269,0,1902,500,1903,202,4,0,383,0,0,0,0,0,0,0,0,45,71,0,11,0,0,0,0,0,0,379,38044,30,0,0,263,1062,8087,873,109,0,1634,429,1933,42,227,0,361,0,0,0,0,0,0,29,23,29,8,0,38,0,0,0,0,0,0,173,38329,0,0,0,214,1169,7963,788,253,0,1592,545,1742,184,57,0,464,0,0,0,0,0,0,12,53,2,34,0,26,0,0,0,0,0,0
bend,h_1bUHhTLKugR5XhzA1-nA,1608,32299,712,0,0,250,3165,8408,1339,3,0,480,544,3130,843,16,0,281,0,0,0,0,0,0,70,0,395,55,0,2,0,0,0,0,0,0,46,34700,115,0,0,8,2153,8698,1973,65,0,506,2943,439,933,0,0,499,0,0,0,0,0,0,245,0,268,9,0,0,0,0,0,0,0,0,49,34757,55,0,0,8,1983,8795,1867,66,0,684,3176,285,1032,0,0,321,0,0,0,0,0,0,179,0,335,8,0,0,0,0,0,0,0,0
bend,hu3-VWXlGi42PkY38XPJzQ,72,28666,0,0,0,0,1180,19789,314,1,0,839,483,1402,349,4,0,501,0,0,0,0,0,0,0,0,0,0,0,0,0,0,0,0,0,0,497,28049,28,0,0,164,780,20045,499,5,0,794,458,1763,136,0,0,382,0,0,0,0,0,0,0,0,0,0,0,0,0,0,0,0,0,0,352,28303,0,0,0,83,1012,19674,529,5,0,903,371,1880,134,0,0,354,0,0,0,0,0,0,0,0,0,0,0,0,0,0,0,0,0,0
bend,kjNgQrRlUM8VkFMli6aIPQ,908,26918,61,0,0,11,1451,20288,788,47,0,997,361,1331,98,0,0,205,0,0,0,0,0,0,0,0,68,10,0,58,0,0,0,0,0,0,87,27811,0,0,0,0,2027,19755,778,47,0,964,575,923,191,10,0,296,0,0,0,0,0,0,31,48,46,0,0,11,0,0,0,0,0,0,109,27789,0,0,0,0,2092,19792,831,0,0,856,517,905,116,57,0,400,0,0,0,0,0,0,2,51,68,0,0,15,0,0,0,0,0,0
bend,kkDJcaa4ZmOKSqhbnM1MvQ,341,34650,1,1,1,252,2263,8709,3091,668,0,2736,75,488,118,13,0,193,0,0,0,0,0,0,0,0,0,0,0,0,0,0,0,0,0,0,525,33848,586,5,0,282,2114,9621,2382,513,1,2836,40,378,242,164,0,63,0,0,0,0,0,0,0,0,0,0,0,0,0,0,0,0,0,0,593,34003,456,0,0,194,1988,9550,2440,522,1,2966,98,294,314,160,0,21,0,0,0,0,0,0,0,0,0,0,0,0,0,0,0,0,0,0
bend,kmEwK3ZUn80IJAPqjc4nnA,368,40672,42,1,0,64,4024,3367,2178,98,0,2167,42,290,27,0,0,0,0,0,0,0,0,0,0,0,213,47,0,0,0,0,0,0,0,0,772,39394,253,0,0,728,3662,4574,1961,134,0,1503,0,359,0,0,0,0,0,0,0,0,0,0,0,2,246,12,0,0,0,0,0,0,0,0,887,39412,160,0,0,688,3496,4754,1988,99,0,1497,42,162,109,0,0,46,0,0,0,0,0,0,9,1,203,47,0,0,0,0,0,0,0,0
bend,lWmcJJwTxnbJ5OUloRKphA,2209,41978,295,0,0,1311,1244,2776,587,413,0,1356,84,70,35,218,0,138,0,0,0,0,0,0,0,0,560,208,0,118,0,0,0,0,0,0,2428,41893,81,0,0,1391,1026,2893,1058,123,0,1276,32,38,310,128,0,37,0,0,0,0,0,0,51,0,28,588,0,219,0,0,0,0,0,0,2428,41868,64,5,0,1428,1044,2926,1014,165,0,1227,13,30,375,64,0,63,0,0,0,0,0,0,52,0,24,605,0,205,0,0,0,0,0,0
bend,lijNEguHL6T106ODEBcylQ,1195,24597,19,0,0,490,3809,16590,4219,0,0,1414,44,152,489,18,0,564,0,0,0,0,0,0,0,0,0,0,0,0,0,0,0,0,0,0,3317,20628,2049,0,0,307,1714,20499,1879,18,0,1922,17,212,799,0,0,239,0,0,0,0,0,0,0,0,0,0,0,0,0,0,0,0,0,0,3487,20428,1950,0,0,436,1516,20786,1906,18,0,1806,45,125,871,0,0,226,0,0,0,0,0,0,0,0,0,0,0,0,0,0,0,0,0,0
bend,mVwc04XB9DxuIb05ExnrdA,2496,38315,4456,379,0,488,434,3705,3016,3,0,60,0,6,7,29,0,4,0,0,0,0,0,0,0,0,6,196,0,0,0,0,0,0,0,0,1766,37325,7037,0,0,6,1005,4658,427,607,0,521,32,3,11,0,0,0,0,0,0,0,0,0,127,40,10,0,0,25,0,0,0,0,0,0,1738,37496,6895,0,0,5,1031,4470,589,607,0,521,32,13,1,0,0,0,0,0,0,0,0,0,129,47,0,0,0,26,0,0,0,0,0,0
bend,mdQY8aMSdYrnHfHNXqj6GQ,236,39921,2622,357,0,457,4479,2753,541,475,0,1415,0,0,0,0,0,0,0,0,0,0,0,0,76,0,60,208,0,0,0,0,0,0,0,0,3922,38905,220,47,0,499,821,3769,2907,819,0,1347,0,0,0,0,0,0,0,0,0,0,0,0,48,0,96,174,0,26,0,0,0,0,0,0,3771,38909,32,19,0,862,968,3765,3105,823,0,1002,0,0,0,0,0,0,0,0,0,0,0,0,52,0,86,198,0,8,0,0,0,0,0,0
bend,nd-z43_liOX80bmhO15urg,743,42691,0,0,0,96,1167,3958,409,7,0,966,395,1924,175,0,0,335,0,0,0,0,0,0,2,0,169,211,0,352,0,0,0,0,0,0,1125,41726,57,0,0,622,642,5521,51,0,0,293,535,975,498,218,0,603,0,0,0,0,0,0,5,351,147,0,0,231,0,0,0,0,0,0,1049,41980,282,8,0,211,586,5523,35,0,0,363,666,721,289,210,0,943,0,0,0,0,0,0,6,349,147,0,0,232,0,0,0,0,0,0
bend,oKUCusv3jdVCLmevp-P3zw,315,17963,135,0,0,1,3604,24591,337,0,0,207,2061,1346,2634,0,0,406,0,0,0,0,0,0,0,0,0,0,0,0,0,0,0,0,0,0,2867,13314,1951,0,0,282,2492,24951,971,0,0,325,621,5635,184,0,0,7,0,0,0,0,0,0,0,0,0,0,0,0,0,0,0,0,0,0,3315,12955,1677,0,0,467,2367,24967,1268,0,0,137,298,5978,161,0,0,10,0,0,0,0,0,0,0,0,0,0,0,0,0,0,0,0,0,0
bend,pIcQQrFa8_XDG7-VSRhAfQ,351,34268,0,0,0,0,6089,6032,116,19,0,2825,914,1040,1304,199,0,443,0,0,0,0,0,0,0,0,0,0,0,0,0,0,0,0,0,0,855,33222,0,0,0,542,4811,5991,1384,218,0,2677,1688,2127,36,0,0,49,0,0,0,0,0,0,0,0,0,0,0,0,0,0,0,0,0,0,645,33299,107,0,0,568,4941,6032,1191,218,0,2699,1768,2009,122,0,0,1,0,0,0,0,0,0,0,0,0,0,0,0,0,0,0,0,0,0
bend,qNYRurrxEhqZvO8GrwE9nA,1796,35172,16,0,0,341,1777,4013,2781,711,0,6147,89,257,69,0,0,47,0,0,0,0,0,0,0,0,2,382,0,0,0,0,0,0,0,0,2721,29852,1169,7,0,3576,937,9429,1474,1010,0,2579,4,56,217,0,0,185,0,0,0,0,0,0,0,105,8,76,0,195,0,0,0,0,0,0,2723,29890,1447,0,0,3265,934,9423,1330,839,0,2903,5,23,81,207,0,146,0,0,0,0,0,0,0,106,10,47,0,221,0,0,0,0,0,0
bend,rQtHh0Wai-D1FvbvqBlWdw,492,15540,96,0,0,839,2064,30972,1201,7,0,1394,111,291,208,13,0,332,0,0,0,0,0,0,0,0,38,2,0,0,0,0,0,0,0,0,274,16196,120,0,0,377,2099,30529,1391,22,0,1597,270,73,30,0,0,582,0,0,0,0,0,0,24,5,2,0,0,9,0,0,0,0,0,0,230,15610,536,0,0,591,2225,30632,972,22,0,1787,211,524,35,0,0,185,0,0,0,0,0,0,1,37,0,0,0,2,0,0,0,0,0,0
bend,rvwbAGgi-7mNlZHKSPC8WQ,292,21607,0,0,0,0,1791,21269,1572,3,0,698,636,3225,746,1094,0,667,0,0,0,0,0,0,0,0,0,0,0,0,0,0,0,0,0,0,0,21899,0,0,0,0,1624,21387,758,988,0,576,1095,2815,1560,109,0,789,0,0,0,0,0,0,0,0,0,0,0,0,0,0,0,0,0,0,0,21899,0,0,0,0,1618,21422,677,1045,0,571,1101,2780,1641,52,0,794,0,0,0,0,0,0,0,0,0,0,0,0,0,0,0,0,0,0
bend,rxF0qBiSbOEnMR9wwxpjEw,242,26075,0,0,0,56,5371,13663,2069,208,0,2134,515,692,276,930,0,1189,0,0,0,0,0,0,3,0,96,80,0,1,0,0,0,0,0,0,2117,22377,92,284,0,1503,3494,15502,2225,930,0,1294,483,2551,15,3,0,550,0,0,0,0,0,0,37,0,109,1,0,33,0,0,0,0,0,0,2549,22657,1016,91,0,60,2695,16251,1233,1123,0,2143,882,1372,192,3,0,1153,0,0,0,0,0,0,5,150,0,1,0,24,0,0,0,0,0,0
bend,s4e-NVzTyqcyZ6_5npv6Ow,239,13430,20,0,0,555,6596,25772,754,119,0,4757,139,763,27,3,0,177,0,0,0,0,0,0,0,0,162,87,0,0,0,0,0,0,0,0,103,14020,2,0,0,119,6646,25594,763,164,0,4831,175,325,129,0,0,480,0,0,0,0,0,0,50,26,69,45,0,59,0,0,0,0,0,0,7,14234,0,0,0,3,6699,25215,791,181,0,5112,248,516,53,3,0,289,0,0,0,0,0,0,20,0,119,25,0,85,0,0,0,0,0,0
bend,sLysKXt4_iSuR_gUCdxe5g,0,29267,0,0,0,436,900,14463,2465,39,0,2983,205,1704,610,21,0,484,0,0,0,0,0,0,0,0,23,0,0,0,0,0,0,0,0,0,176,29271,70,0,0,186,692,14284,2752,57,0,3065,233,1865,271,3,0,652,0,0,0,0,0,0,4,14,5,0,0,0,0,0,0,0,0,0,152,29394,55,0,0,102,741,13899,2545,55,0,3610,212,2141,480,5,0,186,0,0,0,0,0,0,0,0,18,0,0,5,0,0,0,0,0,0
bend,tvNqBlxdm0rdkZgBOGVfog,771,24045,0,0,0,1307,1965,19385,470,544,0,3603,79,1188,42,0,0,201,0,0,0,0,0,0,0,0,0,0,0,0,0,0,0,0,0,0,332,25357,7,0,0,427,2324,18671,386,371,0,4215,159,590,119,173,0,469,0,0,0,0,0,0,0,0,0,0,0,0,0,0,0,0,0,0,358,25307,0,0,0,458,2308,18679,345,375,0,4260,149,632,167,169,0,393,0,0,0,0,0,0,0,0,0,0,0,0,0,0,0,0,0,0
bend,vX7HB8heH18fb_VkIUAagA,636,20701,288,1,0,393,2334,21290,641,27,0,1546,462,4148,217,9,0,211,0,0,0,0,0,0,23,1,251,170,0,251,0,0,0,0,0,0,526,20902,11,3,0,577,2340,21536,671,63,0,1228,547,3665,352,33,0,450,0,0,0,0,0,0,42,37,363,108,0,146,0,0,0,0,0,0,525,20902,0,12,0,580,2313,21149,1028,71,0,1277,499,4071,41,34,0,402,0,0,0,0,0,0,118,18,328,90,0,142,0,0,0,0,0,0
bend,vwNiakvhRASLUkJZwdRB4A,150,30926,0,0,0,20,2680,14268,1480,55,0,1434,466,1364,453,8,0,231,0,0,0,0,0,0,0,0,55,10,0,0,0,0,0,0,0,0,4,31091,1,0,0,0,2849,15304,1171,52,0,541,432,124,801,21,0,1144,0,0,0,0,0,0,11,39,15,0,0,0,0,0,0,0,0,0,62,31032,0,0,0,2,2882,14395,1164,52,0,1424,352,1131,824,21,0,194,0,0,0,0,0,0,0,0,0,0,0,65,0,0,0,0,0,0
bend,vxefPfMvnutF5i07I8rnuw,48,15294,0,0,0,11,429,23804,214,265,0,1227,916,7563,58,9,0,3762,0,0,0,0,0,0,0,0,0,0,0,0,0,0,0,0,0,0,39,15275,0,0,0,39,1138,20354,242,19,0,4186,216,11032,30,255,0,775,0,0,0,0,0,0,0,0,0,0,0,0,0,0,0,0,0,0,66,15287,0,0,0,0,1089,20350,240,78,0,4182,238,11024,32,196,0,818,0,0,0,0,0,0,0,0,0,0,0,0,0,0,0,0,0,0
bend,wuFHDmC43ImDlZMS6-opJQ,4249,45218,323,731,0,1346,55,179,202,346,0,164,12,164,92,80,0,106,0,0,0,0,0,0,1,11,56,263,0,2,0,0,0,0,0,0,3707,45163,482,1332,0,1183,276,334,49,87,0,200,283,67,25,1,0,78,0,0,0,0,0,0,51,8,117,0,0,157,0,0,0,0,0,0,3705,45164,469,1347,0,1182,297,303,59,73,0,214,219,105,78,0,0,52,0,0,0,0,0,0,96,0,67,0,0,170,0,0,0,0,0,0
bend,xKoseQiPNzFwaWfw9Rl6hg,173,29491,0,0,0,291,2754,13837,441,1148,0,5118,0,240,0,13,0,1,0,0,0,0,0,0,0,0,17,76,0,0,0,0,0,0,0,0,535,29150,0,0,0,270,2357,14208,420,1201,0,5112,35,210,2,0,0,7,0,0,0,0,0,0,0,0,36,36,0,21,0,0,0,0,0,0,526,29214,0,0,0,215,2352,14164,437,1211,0,5134,49,190,10,1,0,4,0,0,0,0,0,0,0,0,11,25,0,57,0,0,0,0,0,0
bend,xU7xT5kREy_Jnq_vYaXc8w,1604,28432,59,0,0,740,2324,12275,888,0,0,102,939,3461,2201,20,0,367,0,0,0,0,0,0,12,27,73,76,0,0,0,0,0,0,0,0,1561,29263,0,0,0,11,1554,11373,1414,96,0,1152,1738,3398,1806,0,0,46,0,0,0,0,0,0,26,161,1,0,0,0,0,0,0,0,0,0,2459,26603,906,0,0,867,499,14287,697,17,0,89,1899,3305,1452,79,0,253,0,0,0,0,0,0,22,0,166,0,0,0,0,0,0,0,0,0
bend,yDV1n1O4f0QHWG869hAzbQ,1410,40275,1986,2,0,59,1721,4496,276,57,0,24,495,330,25,39,0,29,0,0,0,0,0,0,7,0,779,1586,0,4,0,0,0,0,0,0,2121,41083,73,383,0,72,1273,3751,1526,13,0,11,173,255,462,0,0,28,0,0,0,0,0,0,66,12,1005,1288,0,5,0,0,0,0,0,0,2194,41135,93,277,0,33,1394,3669,1410,21,0,80,38,297,581,0,0,2,0,0,0,0,0,0,7,0,982,1386,0,1,0,0,0,0,0,0
bend,yPUv9rk8acshJKXa9_jMag,1895,13827,112,4,0,750,2207,26258,510,46,0,1317,958,4288,79,10,0,1316,0,0,0,0,0,0,0,0,18,0,0,5,0,0,0,0,0,0,472,15657,20,0,0,439,1082,27563,160,49,0,1484,3506,1153,534,11,0,1447,0,0,0,0,0,0,0,0,5,0,0,18,0,0,0,0,0,0,531,15578,0,6,0,473,1103,27581,228,43,0,1383,3419,1201,488,11,0,1532,0,0,0,0,0,0,7,13,3,0,0,0,0,0,0,0,0,0
bend,yuwkp3XCUwSbB8q7Og99GQ,538,38405,0,0,0,66,1899,3799,1197,152,0,1857,619,3969,268,308,0,278,0,0,0,0,0,0,0,0,138,107,0,0,0,0,0,0,0,0,24,38985,0,0,0,0,1968,3786,640,536,0,1974,1064,3402,749,20,0,207,0,0,0,0,0,0,0,0,214,11,0,20,0,0,0,0,0,0,93,38916,0,0,0,0,1780,4224,1400,449,0,1051,1183,3033,63,14,0,1149,0,0,0,0,0,0,0,0,140,104,0,1,0,0,0,0,0,0
bend,zcVgeJb6FkDw1z__YhM1tg,614,26999,0,0,0,0,4619,10389,2165,0,0,2913,742,4470,174,493,0,22,0,0,0,0,0,0,0,0,0,0,0,0,0,0,0,0,0,0,3256,22539,1429,0,0,389,1137,17799,478,493,0,179,1582,1520,432,0,0,2367,0,0,0,0,0,0,0,0,0,0,0,0,0,0,0,0,0,0,2403,23179,1835,0,0,196,2658,16730,70,493,0,135,914,1949,434,0,0,2604,0,0,0,0,0,0,0,0,0,0,0,0,0,0,0,0,0,0
paterson,-2so4d79_XMQZkVRS5c0dw,0,28294,706,0,0,0,1735,13346,5295,1138,0,420,223,640,247,34,0,1,0,0,0,0,0,0,13,1,220,1285,0,2,0,0,0,0,0,0,0,27158,1842,0,0,0,1803,14615,4030,1174,0,312,115,477,350,117,0,86,0,0,0,0,0,0,53,31,246,1166,0,25,0,0,0,0,0,0,121,27642,1131,0,0,106,1531,13960,4897,1285,0,261,234,654,220,20,0,17,0,0,0,0,0,0,85,25,220,1152,0,39,0,0,0,0,0,0
paterson,0-zmUwLwl5ENJgqxheDklQ,2139,19176,3,308,0,57,1634,22636,144,1921,0,544,498,1960,1592,539,0,385,0,0,0,0,0,0,0,0,11,12,0,41,0,0,0,0,0,0,56,20504,992,93,0,38,1467,23042,690,964,0,716,2748,226,68,1659,0,273,0,0,0,0,0,0,0,0,0,64,0,0,0,0,0,0,0,0,541,20807,91,7,0,237,1062,22861,1631,904,0,421,2668,104,28,1805,0,369,0,0,0,0,0,0,0,0,0,64,0,0,0,0,0,0,0,0
paterson,0Drku25sOlOlWGiVf7uetw,396,39576,161,166,0,69,631,2293,177,238,0,253,398,8548,319,82,0,99,0,0,0,0,0,0,0,0,148,46,0,0,0,0,0,0,0,0,172,39964,161,5,0,66,226,3065,192,102,0,7,987,7340,397,399,0,323,0,0,0,0,0,0,40,48,55,26,0,25,0,0,0,0,0,0,706,39088,132,143,0,299,320,2781,270,199,0,22,393,8548,348,59,0,98,0,0,0,0,0,0,6,0,55,131,0,2,0,0,0,0,0,0
paterson,0fCPhcB0ZF3dHQ7nEIWABA,19,42537,320,0,0,0,2148,6791,1158,4,0,623,0,0,0,0,0,0,0,0,0,0,0,0,0,0,0,0,0,0,0,0,0,0,0,0,1517,40945,250,0,0,164,650,8383,1228,4,0,459,0,0,0,0,0,0,0,0,0,0,0,0,0,0,0,0,0,0,0,0,0,0,0,0,1134,41400,240,0,0,102,1033,7928,1238,4,0,521,0,0,0,0,0,0,0,0,0,0,0,0,0,0,0,0,0,0,0,0,0,0,0,0
paterson,0s94i47Wdggc9cHmBjEe8w,114,15086,1330,0,0,61,977,17995,4615,944,0,171,279,8347,2094,479,0,271,0,0,0,0,0,0,0,0,10,827,0,0,0,0,0,0,0,0,0,16490,101,0,0,0,386,18860,4103,1015,0,338,981,5943,3758,623,0,165,0,0,0,0,0,0,3,135,87,612,0,0,0,0,0,0,0,0,0,16476,115,0,0,0,554,19108,3638,1033,0,369,813,5723,4244,556,0,134,0,0,0,0,0,0,3,121,52,661,0,0,0,0,0,0,0,0
paterson,0uNeulmg68uHO_WKDIuqZw,1286,37546,136,0,0,0,1866,7614,3197,1233,0,219,16,6,8,5,0,0,0,0,0,0,0,0,4,0,17,447,0,0,0,0,0,0,0,0,1128,36029,1744,67,0,0,1946,8952,1445,1584,0,202,9,13,6,3,0,4,0,0,0,0,0,0,89,172,163,31,0,13,0,0,0,0,0,0,760,36304,1855,49,0,0,2308,8740,1341,1521,0,219,10,19,5,1,0,0,0,0,0,0,0,0,94,103,157,114,0,0,0,0,0,0,0,0
paterson,1FJQJxlHdC_TzHOH9ynMFw,4,37704,1584,0,0,0,1022,8918,3214,128,0,972,0,0,0,0,0,0,0,0,0,0,0,0,0,0,27,14,0,13,0,0,0,0,0,0,23,38673,596,0,0,0,1003,7895,4229,142,0,985,0,0,0,0,0,0,0,0,0,0,0,0,0,54,0,0,0,0,0,0,0,0,0,0,29,36454,2809,0,0,0,997,10168,1976,128,0,985,0,0,0,0,0,0,0,0,0,0,0,0,0,0,40,14,0,0,0,0,0,0,0,0
paterson,21Gw_VuYrSK42PCF32UGUw,202,43431,35,0,0,109,1001,6809,909,4,0,1100,0,0,0,0,0,0,0,0,0,0,0,0,0,0,0,0,0,0,0,0,0,0,0,0,892,41563,395,4,0,923,311,8677,549,0,0,286,0,0,0,0,0,0,0,0,0,0,0,0,0,0,0,0,0,0,0,0,0,0,0,0,723,42256,122,0,0,676,480,7984,822,4,0,533,0,0,0,0,0,0,0,0,0,0,0,0,0,0,0,0,0,0,0,0,0,0,0,0
paterson,2lovLRC7Pv6S94tMW3mDug,1969,35721,155,0,0,110,3726,8056,2144,791,0,894,0,0,0,0,0,0,0,0,0,0,0,0,0,0,25,9,0,0,0,0,0,0,0,0,4460,33358,6,0,0,131,1235,10399,2318,800,0,859,0,0,0,0,0,0,0,0,0,0,0,0,0,20,0,0,0,14,0,0,0,0,0,0,1560,35603,792,0,0,0,4135,8174,1532,766,0,1004,0,0,0,0,0,0,0,0,0,0,0,0,0,0,0,34,0,0,0,0,0,0,0,0
paterson,3BTAarqIRrxbpFHUFJhtSQ,4967,20023,286,0,0,250,1522,24264,406,1,0,1881,0,0,0,0,0,0,0,0,0,0,0,0,0,0,0,0,0,0,0,0,0,0,0,0,304,24208,123,0,0,891,6185,20079,569,1,0,1240,0,0,0,0,0,0,0,0,0,0,0,0,0,0,0,0,0,0,0,0,0,0,0,0,390,24547,290,1,0,298,6099,19740,402,0,0,1833,0,0,0,0,0,0,0,0,0,0,0,0,0,0,0,0,0,0,0,0,0,0,0,0
paterson,3Tw1W-lv133l2efDeoEAYQ,2518,38752,61,40,688,5,1218,7850,677,605,0,298,0,0,0,0,0,0,0,0,0,0,0,0,86,0,31,771,0,0,0,0,0,0,0,0,1246,39763,79,18,688,270,2521,6839,664,592,0,32,0,0,0,0,0,0,0,0,0,0,0,0,55,0,26,806,0,1,0,0,0,0,0,0,1227,39814,39,22,688,274,2542,6788,695,594,0,29,0,0,0,0,0,0,0,0,0,0,0,0,53,0,35,800,0,0,0,0,0,0,0,0
paterson,3dq9TqRXzopD0yvztHg8rg,197,30856,901,0,0,82,3635,11901,654,54,0,4098,20,8,4,0,0,19,0,0,0,0,0,0,59,0,499,514,0,99,0,0,0,0,0,0,2362,27079,5,0,0,2590,1387,15456,1812,325,0,1362,0,51,0,0,0,0,0,0,0,0,0,0,162,179,241,243,0,346,0,0,0,0,0,0,1740,27692,150,3,0,2451,2063,15064,1437,21,0,1757,24,9,0,0,0,18,0,0,0,0,0,0,84,0,471,544,0,72,0,0,0,0,0,0
paterson,4H5JBCKRb_RegGCUdvxVqQ,1194,14179,276,341,0,1275,1192,26286,1584,245,0,1178,200,5362,152,2,0,9,0,0,0,0,0,0,4,0,90,31,0,0,0,0,0,0,0,0,480,15943,790,31,0,21,1599,25077,1229,588,0,1992,511,4807,25,0,0,382,0,0,0,0,0,0,0,0,58,0,0,67,0,0,0,0,0,0,252,15928,920,0,0,165,2018,25065,997,519,0,1886,320,4834,152,77,0,342,0,0,0,0,0,0,0,0,33,23,0,69,0,0,0,0,0,0
paterson,4cXVf74zyKLTQLiQtBObww,2893,23653,1092,0,0,0,3649,18248,3056,681,0,98,0,0,0,0,0,0,0,0,0,0,0,0,0,0,0,230,0,0,0,0,0,0,0,0,6117,20118,766,582,0,55,425,21553,3382,329,0,43,0,0,0,0,0,0,0,0,0,0,0,0,0,230,0,0,0,0,0,0,0,0,0,0,6352,20191,472,568,0,55,190,21499,3657,343,0,43,0,0,0,0,0,0,0,0,0,0,0,0,0,211,19,0,0,0,0,0,0,0,0,0
paterson,5M-GzTlVe-lrOqHmypJqTA,94,14463,27098,0,0,0,571,358,2999,1401,0,276,134,1090,2487,786,0,124,0,0,0,0,0,0,3,0,213,1503,0,0,0,0,0,0,0,0,205,14615,26787,48,0,0,241,889,3462,811,0,202,322,398,2308,1470,0,123,0,0,0,0,0,0,34,9,240,1361,0,75,0,0,0,0,0,0,156,14685,26773,0,0,41,210,982,3225,1034,0,154,429,244,2393,1350,0,205,0,0,0,0,0,0,7,0,406,1306,0,0,0,0,0,0,0,0
paterson,5PJhqjhMTDTN_54DwP35Xw,1578,16873,266,215,0,0,3489,25214,2009,1160,0,126,282,321,24,6,0,0,0,0,0,0,0,0,0,0,219,1818,0,0,0,0,0,0,0,0,1944,16755,142,91,0,0,3134,25418,1845,1584,0,17,267,235,2,67,0,62,0,0,0,0,0,0,4,0,529,1457,0,47,0,0,0,0,0,0,1962,16739,138,93,0,0,3109,25508,1753,1544,0,84,276,159,112,70,0,16,0,0,0,0,0,0,2,2,515,1492,0,26,0,0,0,0,0,0
paterson,60amgEGA1TEcbtRBTtxUTg,32,18087,0,0,0,0,5425,17693,17,5898,0,3020,0,0,0,0,0,0,0,0,0,0,0,0,8,0,0,3420,0,0,0,0,0,0,0,0,6,18113,0,0,0,0,5459,17667,17,8439,0,471,0,0,0,0,0,0,0,0,0,0,0,0,0,0,0,879,0,2549,0,0,0,0,0,0,0,18119,0,0,0,0,5465,17661,17,8371,0,539,0,0,0,0,0,0,0,0,0,0,0,0,0,0,0,947,0,2481,0,0,0,0,0,0
paterson,75T9ZXImSNQMpkN794zWRQ,265,20801,102,0,0,98,2807,27551,1009,406,0,283,14,4,0,4,0,12,0,0,0,0,0,0,0,0,206,38,0,0,0,0,0,0,0,0,1146,20037,64,3,0,16,1915,28173,1194,424,0,350,24,6,2,2,0,0,0,0,0,0,0,0,1,140,57,19,0,27,0,0,0,0,0,0,463,20675,72,56,0,0,2562,27517,1192,392,0,393,5,19,10,0,0,0,0,0,0,0,0,0,56,145,43,0,0,0,0,0,0,0,0,0
paterson,7ZSHYN4Na-esoxvqvTzjwQ,55,16351,58,0,0,0,5132,22963,1174,853,0,951,2158,2126,306,190,0,214,0,0,0,0,0,0,32,2,375,660,0,0,0,0,0,0,0,0,1880,14584,0,0,0,0,4503,23738,1250,878,0,704,840,2741,384,662,0,367,0,0,0,0,0,0,154,379,279,163,0,94,0,0,0,0,0,0,61,16403,0,0,0,0,4934,22755,1562,801,0,1021,2372,2284,113,108,0,117,0,0,0,0,0,0,10,0,238,794,0,27,0,0,0,0,0,0
paterson,80E3CRwZRxGtczZCQX3JNg,331,38771,0,0,0,6,221,12296,400,19,0,0,135,998,333,35,0,0,0,0,0,0,0,0,0,0,42,13,0,0,0,0,0,0,0,0,0,39087,21,0,0,0,546,11870,447,67,0,6,109,1108,284,0,0,0,0,0,0,0,0,0,32,0,23,0,0,0,0,0,0,0,0,0,149,38954,5,0,0,0,400,11979,484,67,0,6,138,1089,274,0,0,0,0,0,0,0,0,0,0,43,12,0,0,0,0,0,0,0,0,0
paterson,8NBnsxnKT5lNnv4ToKfO1Q,3151,29854,242,13,0,41,1558,16596,231,242,0,245,13,11,47,5,0,22,0,0,0,0,0,0,7,2,25,1295,0,0,0,0,0,0,0,0,1001,31465,112,689,0,34,3519,14562,194,401,0,196,71,0,0,27,0,0,0,0,0,0,0,0,138,436,239,438,0,78,0,0,0,0,0,0,984,31555,9,753,0,0,3565,14444,363,308,0,192,8,6,34,0,0,50,0,0,0,0,0,0,172,458,139,494,0,66,0,0,0,0,0,0
paterson,8_b_fPkaKLKL1NpmMe3OMQ,1972,35886,0,4335,0,5,1582,2575,13,3707,0,83,920,2109,2,388,0,22,0,0,0,0,0,0,0,0,0,1,0,0,0,0,0,0,0,0,1544,38485,0,2165,0,4,2655,1494,15,3706,0,90,275,591,0,2559,0,16,0,0,0,0,0,0,0,0,0,1,0,0,0,0,0,0,0,0,1424,38667,0,2107,0,0,2784,1440,13,3644,0,79,266,463,2,2679,0,31,0,0,0,0,0,0,0,0,0,1,0,0,0,0,0,0,0,0
paterson,9AZrydWz7yu5OFJmBXIzDg,19657,21387,5716,67,0,21,361,4564,1431,0,0,2,0,0,0,0,0,0,0,0,0,0,0,0,22,0,65,304,0,3,0,0,0,0,0,0,19305,21328,6178,37,0,0,648,4417,935,334,0,24,0,0,0,0,0,0,0,0,0,0,0,0,87,206,99,0,0,2,0,0,0,0,0,0,18159,22446,6066,153,0,24,1824,3364,963,207,0,0,0,0,0,0,0,0,0,0,0,0,0,0,57,141,183,11,0,2,0,0,0,0,0,0
paterson,ATosj02dIzTybtsR5ecUPA,4191,8397,0,2563,0,0,6038,7308,141,2137,0,0,4033,3754,76,1693,0,0,0,0,0,0,0,0,75,11376,34,1784,0,0,0,0,0,0,0,0,1874,12668,248,361,0,0,2192,13073,0,359,0,0,3135,386,3,6032,0,0,0,0,0,0,0,0,7136,4708,0,1425,0,0,0,0,0,0,0,0,2551,12432,0,168,0,0,3258,11721,175,470,0,0,2115,1446,25,5970,0,0,0,0,0,0,0,0,6413,5236,51,1569,0,0,0,0,0,0,0,0
paterson,AYBFFp06z_3m70ETRK2Jtw,6144,11146,0,120,0,0,10298,24001,943,152,0,272,2,0,2,0,0,0,0,0,0,0,0,0,0,0,374,146,0,0,0,0,0,0,0,0,9242,7774,394,0,0,0,7180,27373,729,113,0,271,0,0,2,2,0,0,0,0,0,0,0,0,22,0,194,303,0,1,0,0,0,0,0,0,9502,7500,408,0,0,0,6913,27643,712,127,0,271,0,0,4,0,0,0,0,0,0,0,0,0,29,4,195,291,0,1,0,0,0,0,0,0
paterson,AhV3GKVFnENcHwhG45WN2g,1333,29910,35,0,0,0,3421,17382,670,487,0,117,0,0,0,0,0,0,0,0,0,0,0,0,0,0,18,227,0,0,0,0,0,0,0,0,979,30270,29,0,0,0,3692,16893,669,706,0,117,0,0,0,0,0,0,0,0,0,0,0,0,83,129,25,8,0,0,0,0,0,0,0,0,1278,29979,21,0,0,0,3476,17313,655,586,0,47,0,0,0,0,0,0,0,0,0,0,0,0,0,0,47,128,0,70,0,0,0,0,0,0
paterson,BjV06xLkvfHDCTJMA5WK6Q,543,39099,465,249,0,530,440,9758,1445,171,0,819,0,12,0,0,0,0,0,0,0,0,0,0,0,0,66,3,0,0,0,0,0,0,0,0,0,40579,307,0,0,0,975,8281,1606,423,0,1348,2,9,0,0,0,1,0,0,0,0,0,0,6,0,63,0,0,0,0,0,0,0,0,0,66,40585,209,0,0,26,916,8274,1744,423,0,1276,1,10,0,0,0,1,0,0,0,0,0,0,0,0,23,0,0,46,0,0,0,0,0,0
paterson,Bv3GagtdyKXz2JVeZMpjrA,1625,43983,440,26,0,1054,646,1138,670,365,0,615,636,1574,43,236,0,375,0,0,0,0,0,0,0,0,100,70,0,4,0,0,0,0,0,0,1698,44359,195,133,0,743,494,1313,483,459,0,685,708,995,498,57,0,606,0,0,0,0,0,0,7,28,77,48,0,14,0,0,0,0,0,0,1245,44248,599,51,0,985,657,1393,277,562,0,545,1003,1032,316,14,0,499,0,0,0,0,0,0,2,22,61,70,0,19,0,0,0,0,0,0
paterson,BvnpSlTjHxKyBiX5tQ02Mg,653,44364,562,0,0,0,1777,4620,233,125,0,0,0,1,0,0,0,0,0,0,0,0,0,0,426,0,174,665,0,0,0,0,0,0,0,0,1660,43484,198,237,0,0,935,5279,323,218,0,0,0,1,0,0,0,0,0,0,0,0,0,0,261,221,448,335,0,0,0,0,0,0,0,0,1725,43355,218,281,0,0,625,5243,675,212,0,0,0,1,0,0,0,0,0,0,0,0,0,0,506,386,76,297,0,0,0,0,0,0,0,0
paterson,BwpJfUUUcWanSPtttY4KJw,8149,24783,8,0,0,205,1795,16429,798,0,0,1431,0,2,0,0,0,0,0,0,0,0,0,0,0,0,0,0,0,0,0,0,0,0,0,0,5463,27682,0,0,0,0,4479,13532,806,0,0,1636,2,0,0,0,0,0,0,0,0,0,0,0,0,0,0,0,0,0,0,0,0,0,0,0,4729,28383,7,0,0,26,5215,12829,799,0,0,1610,0,2,0,0,0,0,0,0,0,0,0,0,0,0,0,0,0,0,0,0,0,0,0,0
paterson,C-d-iXNcQ_LYqEup9COaOA,3,30855,75,0,0,1,1447,15316,4899,244,0,1,0,0,0,0,0,0,0,0,0,0,0,0,20,0,549,190,0,0,0,0,0,0,0,0,127,30687,120,0,0,0,1278,15384,5061,182,0,2,0,0,0,0,0,0,0,0,0,0,0,0,65,100,342,252,0,0,0,0,0,0,0,0,0,30612,322,0,0,0,1367,15459,4931,148,0,2,0,0,0,0,0,0,0,0,0,0,0,0,103,100,270,286,0,0,0,0,0,0,0,0
paterson,DjvAQ4p-Q78PR-6ohIs5kA,1814,29114,1014,17,0,10,1293,15480,1574,77,0,224,349,1184,388,4,0,0,0,0,0,0,0,0,95,0,112,808,0,43,0,0,0,0,0,0,1953,29093,921,0,0,2,861,15992,1113,682,0,0,667,349,437,198,0,274,0,0,0,0,0,0,70,344,617,26,0,1,0,0,0,0,0,0,1982,29088,835,0,0,64,719,16106,915,725,0,183,735,262,740,159,0,29,0,0,0,0,0,0,115,322,598,22,0,1,0,0,0,0,0,0
paterson,EIUNEZz3tbipOJ72-2dQzg,2784,21685,0,0,0,5089,3371,13383,2450,771,0,4030,0,0,0,0,0,0,0,0,0,0,0,0,0,0,24,12,0,1,0,0,0,0,0,0,3153,22640,0,0,0,3765,3002,12428,2473,760,0,5342,0,0,0,0,0,0,0,0,0,0,0,0,0,0,1,23,0,13,0,0,0,0,0,0,3054,22179,1,0,0,4324,3101,12888,2473,774,0,4769,0,0,0,0,0,0,0,0,0,0,0,0,0,1,0,9,0,27,0,0,0,0,0,0
paterson,G2Cvex9yWgd38gTaLEXxtA,1046,27605,0,0,30,0,2888,13066,1292,576,888,1062,605,3404,257,225,2,75,0,0,0,0,0,0,3,7,315,188,62,4,0,0,0,0,0,0,592,27989,0,0,0,100,3715,12428,1349,932,345,1003,228,3660,183,21,448,28,0,0,0,0,0,0,7,5,332,36,189,10,0,0,0,0,0,0,364,28010,10,4,0,293,3630,12844,1332,542,830,594,539,3222,193,370,0,244,0,0,0,0,0,0,9,6,329,73,152,10,0,0,0,0,0,0
paterson,G7_klPoeLoxXAdoW6affDA,0,44536,50,0,0,0,1356,6129,1177,29,0,163,0,0,0,0,0,0,0,0,0,0,0,0,12,0,24,124,0,0,0,0,0,0,0,0,93,44435,51,0,0,7,1275,6070,1200,153,0,156,0,0,0,0,0,0,0,0,0,0,0,0,0,160,0,0,0,0,0,0,0,0,0,0,520,43601,459,0,0,6,787,7064,764,95,0,144,0,0,0,0,0,0,0,0,0,0,0,0,61,0,28,58,0,13,0,0,0,0,0,0
paterson,GBSPMaXXCAqOdrozYcHR3w,1199,28545,984,45,0,0,1348,18846,1629,240,0,4,0,0,0,0,0,0,0,0,0,0,0,0,3,0,248,509,0,0,0,0,0,0,0,0,1543,29230,0,0,0,0,698,18126,2640,603,0,0,0,0,0,0,0,0,0,0,0,0,0,0,309,35,221,191,0,4,0,0,0,0,0,0,1529,29129,115,0,0,0,767,18262,2463,575,0,0,0,0,0,0,0,0,0,0,0,0,0,0,254,0,283,219,0,4,0,0,0,0,0,0
paterson,HFYowXmV7u1c0TMp-p_pgQ,51,34543,5,0,0,119,3990,8917,2300,245,0,944,97,75,101,2,0,0,0,0,0,0,0,0,11,0,211,1982,0,7,0,0,0,0,0,0,242,34476,0,0,0,0,3574,8290,2094,1526,0,912,128,126,21,0,0,0,0,0,0,0,0,0,205,643,502,703,0,158,0,0,0,0,0,0,266,34452,0,0,0,0,3649,8342,2089,1486,0,830,68,110,44,0,0,53,0,0,0,0,0,0,166,631,484,743,0,187,0,0,0,0,0,0
paterson,HHjmf0kWHmcwWAOfg7b4tw,406,31437,4100,216,0,466,435,5127,416,822,0,1112,898,6513,36,0,0,692,0,0,0,0,0,0,0,0,22,889,0,13,0,0,0,0,0,0,723,33603,1162,131,0,1006,475,5406,470,803,0,758,541,4068,2910,148,0,472,0,0,0,0,0,0,0,0,32,845,0,47,0,0,0,0,0,0,768,34195,456,413,0,793,493,5305,559,835,0,720,478,3577,3527,2,0,555,0,0,0,0,0,0,0,0,32,677,0,215,0,0,0,0,0,0
paterson,IXCSjRuAqY4_iyOU_2rxeQ,33,23089,838,2,0,3,1795,6612,6643,2420,0,92,516,9040,1164,144,0,29,0,0,0,0,0,0,0,0,204,932,0,44,0,0,0,0,0,0,45,22785,1135,0,0,0,1941,9116,3806,2559,0,140,358,6795,3626,89,0,25,0,0,0,0,0,0,0,45,282,850,0,3,0,0,0,0,0,0,111,22223,1623,4,0,4,1847,9143,3979,2492,0,101,386,7375,2930,139,0,63,0,0,0,0,0,0,0,0,317,863,0,0,0,0,0,0,0,0
paterson,L8lyOJwUI8j3Mk_cV-R80Q,347,36809,1660,17,0,10,364,6665,3763,50,0,312,312,1524,108,20,0,185,0,0,0,0,0,0,0,6,636,798,0,14,0,0,0,0,0,0,381,35523,2643,9,0,287,503,8620,1662,157,0,212,45,612,1360,118,0,14,0,0,0,0,0,0,94,249,502,601,0,8,0,0,0,0,0,0,296,35361,2949,16,0,221,603,8517,1792,75,0,167,121,1126,773,6,0,123,0,0,0,0,0,0,3,0,653,788,0,10,0,0,0,0,0,0
paterson,NqOWmuzYX0M4vXF6ioTD7Q,29,32710,584,0,0,155,569,15730,2061,165,0,1119,0,0,204,218,0,56,0,0,0,0,0,0,0,0,0,0,0,0,0,0,0,0,0,0,23,33452,3,0,0,0,453,14960,2764,377,0,1090,122,28,82,6,0,240,0,0,0,0,0,0,0,0,0,0,0,0,0,0,0,0,0,0,7,33471,0,0,0,0,523,14891,2762,377,0,1091,68,78,87,6,0,239,0,0,0,0,0,0,0,0,0,0,0,0,0,0,0,0,0,0
paterson,OhdI54JArKc1UopNZiFoZg,133,21220,10,1,0,2,1189,27372,171,767,0,551,168,1302,466,13,0,162,0,0,0,0,0,0,0,0,1,58,0,14,0,0,0,0,0,0,0,21366,0,0,0,0,827,28240,506,231,0,246,660,288,123,594,0,446,0,0,0,0,0,0,3,0,19,14,0,37,0,0,0,0,0,0,0,21366,0,0,0,0,893,28196,521,123,0,317,597,332,125,690,0,367,0,0,0,0,0,0,0,0,2,26,0,45,0,0,0,0,0,0
paterson,PM92O1ji0i42GTuhT_ll5A,0,21674,398,0,0,0,1564,25845,2374,271,0,466,55,753,199,0,0,1,0,0,0,0,0,0,0,0,0,0,0,0,0,0,0,0,0,0,0,22053,19,0,0,0,1477,25606,2760,271,0,406,142,613,192,0,0,61,0,0,0,0,0,0,0,0,0,0,0,0,0,0,0,0,0,0,82,21416,574,0,0,0,1512,26241,2029,271,0,467,25,615,368,0,0,0,0,0,0,0,0,0,0,0,0,0,0,0,0,0,0,0,0,0
paterson,PS-Atz2shq5v6QtlJs6OlA,1762,30115,56,13,0,5,2473,15463,1468,64,0,1,81,101,44,4,0,0,0,0,0,0,0,0,246,17,177,1510,0,0,0,0,0,0,0,0,547,30863,479,62,0,0,3017,14108,993,1346,0,5,14,23,49,144,0,0,0,0,0,0,0,0,984,702,224,39,0,1,0,0,0,0,0,0,466,31314,171,0,0,0,3494,14175,1268,527,0,5,20,161,48,1,0,0,0,0,0,0,0,0,582,46,258,1063,0,1,0,0,0,0,0,0
paterson,Q5D74UJFt5D2PVhGxRh1sw,132,35565,268,0,0,115,831,9240,2424,222,0,89,355,2359,200,366,0,457,0,0,0,0,0,0,3,1,352,621,0,0,0,0,0,0,0,0,147,33806,2046,61,0,20,313,11173,536,371,0,413,709,2066,533,348,0,81,0,0,0,0,0,0,152,120,129,429,0,147,0,0,0,0,0,0,561,34198,1265,56,0,0,426,11553,178,170,0,479,208,1414,1748,337,0,30,0,0,0,0,0,0,126,0,53,646,0,152,0,0,0,0,0,0
paterson,QBTZFMjfQRfbiv9e7gAG2g,579,16566,132,1,0,0,2388,21320,2814,558,0,4,318,5733,403,196,0,0,0,0,0,0,0,0,137,0,607,1844,0,0,0,0,0,0,0,0,1259,14870,670,479,0,0,590,23345,2524,625,0,0,826,5354,134,332,0,4,0,0,0,0,0,0,747,50,628,1163,0,0,0,0,0,0,0,0,1113,14445,1264,456,0,0,1430,23991,827,832,0,4,132,5125,1102,291,0,0,0,0,0,0,0,0,747,58,763,1020,0,0,0,0,0,0,0,0
paterson,R9WHDEVRAq5IdtLkLFhL_A,288,43006,758,0,0,560,1936,2303,162,0,0,2458,309,1045,114,0,0,661,0,0,0,0,0,0,0,0,0,0,0,0,0,0,0,0,0,0,1462,42008,727,0,0,415,694,3981,201,0,0,1983,377,365,106,0,0,1281,0,0,0,0,0,0,0,0,0,0,0,0,0,0,0,0,0,0,1491,41562,728,0,0,831,651,3995,226,0,0,1987,391,797,80,0,0,861,0,0,0,0,0,0,0,0,0,0,0,0,0,0,0,0,0,0
paterson,RGAxlzGeyK3ncjFZ9VXpBA,389,29895,957,92,0,224,1609,17189,506,1250,0,1189,0,0,0,0,0,0,0,0,0,0,0,0,0,0,160,140,0,0,0,0,0,0,0,0,909,29031,60,544,0,1013,1089,18044,1562,648,0,400,0,0,0,0,0,0,0,0,0,0,0,0,0,9,1,290,0,0,0,0,0,0,0,0,916,28887,48,543,0,1163,1082,18197,1575,639,0,250,0,0,0,0,0,0,0,0,0,0,0,0,0,0,0,300,0,0,0,0,0,0,0,0
paterson,S06PQMrwEby-_62F0U4Oww,1899,28274,1904,3,0,59,2325,12366,3637,1373,0,33,4,171,388,2,0,0,0,0,0,0,0,0,0,0,247,915,0,0,0,0,0,0,0,0,826,29354,1925,31,0,3,3157,11017,4118,1353,0,89,241,256,45,23,0,0,0,0,0,0,0,0,4,184,88,886,0,0,0,0,0,0,0,0,934,28896,2217,33,0,59,3097,11611,3663,1330,0,33,193,139,199,34,0,0,0,0,0,0,0,0,4,165,97,896,0,0,0,0,0,0,0,0
paterson,TFX8xO7By2dnr_cYK59_Gw,27,24391,31,440,0,116,2476,10880,3923,1226,0,0,3,5445,46,1076,0,0,0,0,0,0,0,0,312,0,83,3125,0,0,0,0,0,0,0,0,662,21010,3333,0,0,0,878,14692,514,2305,0,116,1149,5013,171,237,0,0,0,0,0,0,0,0,129,1,65,3325,0,0,0,0,0,0,0,0,1131,21491,2382,1,0,0,974,14862,228,2325,0,116,558,4363,1376,273,0,0,0,0,0,0,0,0,155,0,97,3268,0,0,0,0,0,0,0,0
paterson,TO2IeKCGXF_kk9hxE-_Nkg,50,34417,723,33,0,13,2105,13251,1603,29,0,40,0,0,0,0,0,0,0,0,0,0,0,0,148,0,352,836,0,0,0,0,0,0,0,0,217,34876,142,0,0,1,1827,12786,1758,605,0,52,0,0,0,0,0,0,0,0,0,0,0,0,259,6,778,293,0,0,0,0,0,0,0,0,100,34478,656,0,0,2,2020,13190,1161,606,0,51,0,0,0,0,0,0,0,0,0,0,0,0,183,0,861,292,0,0,0,0,0,0,0,0
paterson,Tt-ZblLT07az2ybbNYiaKg,0,30702,18,0,0,0,1009,16332,4012,860,0,573,0,0,64,19,0,0,0,0,0,0,0,0,2,0,3,2,0,4,0,0,0,0,0,0,0,30191,529,0,0,0,1011,16843,3498,874,0,560,0,0,66,0,0,17,0,0,0,0,0,0,0,0,4,7,0,0,0,0,0,0,0,0,1,30342,373,0,0,4,1010,16692,3704,855,0,525,0,0,9,26,0,48,0,0,0,0,0,0,0,0,11,0,0,0,0,0,0,0,0,0
paterson,Tyc7Xoi2Qu6tNrHVre2kNA,703,13703,450,8,0,0,5758,23553,670,259,0,1,462,3661,283,708,0,1,0,0,0,0,0,0,613,2,21,2729,0,15,0,0,0,0,0,0,2655,11691,0,518,0,0,2127,26616,291,1206,0,1,2251,1587,152,1110,0,15,0,0,0,0,0,0,503,1025,981,870,0,1,0,0,0,0,0,0,2771,11655,0,438,0,0,3134,25888,599,604,0,16,1237,2169,13,1695,0,1,0,0,0,0,0,0,394,1207,812,967,0,0,0,0,0,0,0,0
paterson,U6iQcIYtWc0Xbflaeshkdg,15120,9940,999,328,0,182,2166,20411,3612,463,0,379,0,0,0,0,0,0,0,0,0,0,0,0,0,0,0,0,0,0,0,0,0,0,0,0,3778,21659,1111,0,0,21,13508,8692,3500,791,0,540,0,0,0,0,0,0,0,0,0,0,0,0,0,0,0,0,0,0,0,0,0,0,0,0,4024,21542,996,7,0,0,13262,8809,3615,784,0,561,0,0,0,0,0,0,0,0,0,0,0,0,0,0,0,0,0,0,0,0,0,0,0,0
paterson,UHcgUZHk3c4QDbrWSH--rw,5899,24915,0,0,0,0,6527,13363,1120,1068,0,708,0,0,0,0,0,0,0,0,0,0,0,0,0,0,0,0,0,0,0,0,0,0,0,0,11293,19075,10,257,0,179,1133,19203,1110,811,0,529,0,0,0,0,0,0,0,0,0,0,0,0,0,0,0,0,0,0,0,0,0,0,0,0,10997,19089,15,444,0,269,1429,19189,1105,624,0,439,0,0,0,0,0,0,0,0,0,0,0,0,0,0,0,0,0,0,0,0,0,0,0,0
paterson,UOMaPWpm2CRHbfqMgY_hbQ,1565,20581,0,111,0,49,3804,24327,639,1045,0,479,0,0,0,0,0,0,0,0,0,0,0,0,28,0,26,946,0,0,0,0,0,0,0,0,1096,20593,565,51,0,1,4296,24315,97,1102,0,484,0,0,0,0,0,0,0,0,0,0,0,0,5,0,3,949,0,43,0,0,0,0,0,0,1311,20359,610,25,0,1,4039,24549,52,1182,0,472,0,0,0,0,0,0,0,0,0,0,0,0,47,0,3,895,0,55,0,0,0,0,0,0
paterson,Uh1qGHtgaFQVFpiBQyeN8Q,0,35320,5029,0,0,0,265,9887,1157,0,0,41,103,550,1201,23,0,23,0,0,0,0,0,0,0,0,1,0,0,0,0,0,0,0,0,0,117,36207,3981,0,0,44,76,8040,3211,23,0,0,175,1509,196,0,0,20,0,0,0,0,0,0,0,1,0,0,0,0,0,0,0,0,0,0,98,36026,4225,0,0,0,97,8442,2724,23,0,64,173,1288,439,0,0,0,0,0,0,0,0,0,0,1,0,0,0,0,0,0,0,0,0,0
paterson,WDlpinKjYLWq0r40CkoGrw,24,25418,5436,104,0,58,588,13102,5161,1942,0,177,0,0,0,0,0,0,0,0,0,0,0,0,24,171,307,1088,0,0,0,0,0,0,0,0,288,25725,4767,189,0,71,348,12773,5734,1951,0,164,0,0,0,0,0,0,0,0,0,0,0,0,0,193,403,994,0,0,0,0,0,0,0,0,112,25585,5269,25,0,49,460,12698,5566,2071,0,175,0,0,0,0,0,0,0,0,0,0,0,0,64,408,69,1038,0,11,0,0,0,0,0,0
paterson,WNiUHjkafGBEnMc0nc4wkQ,359,37225,771,2,0,48,1275,5189,4311,236,0,338,11,2704,319,0,0,4,0,0,0,0,0,0,47,0,383,378,0,0,0,0,0,0,0,0,378,37610,380,13,0,24,1160,5553,3919,353,0,364,61,1952,998,25,0,2,0,0,0,0,0,0,93,3,487,225,0,0,0,0,0,0,0,0,381,37341,619,0,0,64,1058,5557,4153,264,0,317,184,2202,633,10,0,9,0,0,0,0,0,0,69,18,379,342,0,0,0,0,0,0,0,0
paterson,WX-82gCn8WVM76EBN-JjlQ,204,21739,4155,4,0,20,1994,11341,3330,894,0,151,33,6851,852,17,0,7,0,0,0,0,0,0,34,0,546,1416,0,12,0,0,0,0,0,0,1733,23936,256,119,0,78,439,8845,7574,785,0,67,72,7130,558,0,0,0,0,0,0,0,0,0,21,20,495,1427,0,45,0,0,0,0,0,0,1285,23495,1155,89,0,98,899,9580,6346,849,0,36,75,6848,826,4,0,7,0,0,0,0,0,0,6,8,556,1389,0,49,0,0,0,0,0,0
paterson,WoAP6tTVMjKMFEwdCi7YaQ,917,46167,2930,62,0,1086,210,247,942,526,0,95,0,0,143,237,0,0,0,0,0,0,0,0,0,0,0,22,0,16,0,0,0,0,0,0,551,45650,3669,749,0,543,527,749,259,19,0,466,49,15,49,79,0,188,0,0,0,0,0,0,0,0,38,0,0,0,0,0,0,0,0,0,574,45671,3662,696,0,559,485,739,309,30,0,457,68,4,44,83,0,181,0,0,0,0,0,0,0,0,0,38,0,0,0,0,0,0,0,0
paterson,X3ppzLhvsS7aGu9Lv8GdBA,0,26887,854,0,0,0,1664,14591,6835,946,0,1,0,0,0,0,0,0,0,0,0,0,0,0,65,2,186,1561,0,8,0,0,0,0,0,0,0,26727,1014,0,0,0,1547,14621,6072,1797,0,0,0,0,0,0,0,0,0,0,0,0,0,0,182,132,789,710,0,9,0,0,0,0,0,0,135,27419,187,0,0,0,1472,13947,6927,1682,0,9,0,0,0,0,0,0,0,0,0,0,0,0,122,114,761,825,0,0,0,0,0,0,0,0
paterson,XRsv_X3jYvAM1BPI-oQJUg,670,46936,1246,0,0,7,194,2221,2280,0,0,7,0,0,14,0,0,0,0,0,0,0,0,0,0,0,25,0,0,0,0,0,0,0,0,0,96,47143,1614,0,0,6,768,2014,1912,0,0,8,0,0,14,0,0,0,0,0,0,0,0,0,0,0,25,0,0,0,0,0,0,0,0,0,67,47157,1629,0,0,6,797,2000,1897,0,0,8,0,0,14,0,0,0,0,0,0,0,0,0,0,0,25,0,0,0,0,0,0,0,0,0
paterson,Xs3lDDc1o50wJmW9eGx_WA,1732,10577,111,3,0,2,2599,31371,550,278,0,15,474,3662,1110,49,0,80,0,0,0,0,0,0,39,0,1,943,0,4,0,0,0,0,0,0,564,11623,211,15,0,12,2066,31240,940,544,0,23,2162,2381,145,678,0,9,0,0,0,0,0,0,52,366,476,36,0,57,0,0,0,0,0,0,268,11475,682,0,0,0,2990,30466,845,411,0,101,1443,3669,228,35,0,0,0,0,0,0,0,0,143,0,17,827,0,0,0,0,0,0,0,0
paterson,Yg0X7I5adOM5rem7YVbwAg,3,25158,1313,5,0,0,318,20356,3950,101,0,0,0,0,0,0,0,0,0,0,0,0,0,0,17,0,1562,817,0,0,0,0,0,0,0,0,74,25547,858,0,0,0,240,19967,4365,153,0,0,0,0,0,0,0,0,0,0,0,0,0,0,24,0,1602,770,0,0,0,0,0,0,0,0,0,25355,1124,0,0,0,320,20159,4113,133,0,0,0,0,0,0,0,0,0,0,0,0,0,0,18,0,1588,790,0,0,0,0,0,0,0,0
paterson,Z929dNP7sDp8cU6sjIeKAw,502,15377,893,0,0,0,2837,29588,1644,132,0,3,568,363,49,40,0,1,0,0,0,0,0,0,36,0,47,1520,0,0,0,0,0,0,0,0,40,16732,0,0,0,0,3062,27907,2375,857,0,3,374,65,86,496,0,0,0,0,0,0,0,0,467,624,172,339,0,1,0,0,0,0,0,0,50,16722,0,0,0,0,3063,28403,2411,323,0,4,578,203,190,50,0,0,0,0,0,0,0,0,252,0,32,1319,0,0,0,0,0,0,0,0
paterson,ZcGyifqcyvUwLtCYGTr3oA,2011,36964,167,140,0,0,1891,6756,3120,1340,0,17,0,0,0,0,0,0,0,0,0,0,0,0,0,0,0,1194,0,0,0,0,0,0,0,0,954,35089,2672,554,0,13,2813,8520,263,1524,0,4,0,0,0,0,0,0,0,0,0,0,0,0,135,111,352,596,0,0,0,0,0,0,0,0,710,36196,2305,59,0,12,3061,7501,754,1803,0,5,0,0,0,0,0,0,0,0,0,0,0,0,131,23,228,812,0,0,0,0,0,0,0,0
paterson,Zu314hB3XfshUEt2hsd0RQ,17718,11904,1779,0,0,0,7931,10794,1975,1184,0,3,0,0,0,123,0,0,0,0,0,0,0,0,10,1,143,33,0,2,0,0,0,0,0,0,20532,8469,2400,0,0,0,5084,13973,1485,1340,0,5,0,123,0,0,0,0,0,0,0,0,0,0,43,134,12,0,0,0,0,0,0,0,0,0,17474,11300,2627,0,0,0,8182,11184,1177,1339,0,5,3,115,5,0,0,0,0,0,0,0,0,0,0,100,88,1,0,0,0,0,0,0,0,0
paterson,_8m5h_Iu713wwh652Kq9VQ,132,22257,27,0,0,17,2136,24303,1535,1203,0,1884,0,64,0,0,0,0,0,0,0,0,0,0,0,0,0,42,0,0,0,0,0,0,0,0,711,21228,91,0,0,403,1557,25340,1463,1203,0,1498,0,56,8,0,0,0,0,0,0,0,0,0,0,0,0,42,0,0,0,0,0,0,0,0,543,21225,129,0,0,536,1725,25350,1406,1215,0,1365,0,49,15,0,0,0,0,0,0,0,0,0,0,0,12,30,0,0,0,0,0,0,0,0
paterson,_FfdhRGlkbTABymQR3t1_A,213,30118,3004,0,0,0,1092,10050,6827,655,0,4,0,0,2,0,0,0,0,0,0,0,0,0,13,9,1067,546,0,0,0,0,0,0,0,0,160,29995,3180,0,0,0,1142,10063,6638,781,0,4,0,2,0,0,0,0,0,0,0,0,0,0,16,117,1082,420,0,0,0,0,0,0,0,0,0,29767,3568,0,0,0,1262,10389,6288,686,0,3,0,1,1,0,0,0,0,0,0,0,0,0,56,20,1043,515,0,1,0,0,0,0,0,0
paterson,aZxwqPZnkC3sv5dTZOEomA,13877,23569,123,1438,0,126,1916,10521,497,573,0,8,0,0,0,0,0,0,0,0,0,0,0,0,10,0,143,799,0,0,0,0,0,0,0,0,9083,29536,268,238,0,8,6717,4530,317,1830,0,121,0,0,0,0,0,0,0,0,0,0,0,0,3,24,178,742,0,5,0,0,0,0,0,0,7177,31412,473,64,0,7,8625,2678,240,1852,0,120,0,0,0,0,0,0,0,0,0,0,0,0,1,0,50,894,0,7,0,0,0,0,0,0
paterson,aon4zuny7-LGeKV7JympCw,223,26926,82,24,0,0,3114,6851,2722,906,0,22,555,9587,556,410,0,1,0,0,0,0,0,0,3,0,6,1612,0,0,0,0,0,0,0,0,88,26947,180,40,0,0,2976,7683,1480,1464,0,12,459,8286,1190,1163,0,11,0,0,0,0,0,0,372,448,516,285,0,0,0,0,0,0,0,0,51,26323,870,11,0,0,3302,7318,1852,1132,0,11,541,9720,456,386,0,6,0,0,0,0,0,0,1,3,188,1423,0,6,0,0,0,0,0,0
paterson,as5xCAJAYMT35sgs0rx2_w,1887,27635,4425,8,0,1542,1137,11749,362,796,0,899,484,1428,188,822,0,238,0,0,0,0,0,0,0,0,0,0,0,0,0,0,0,0,0,0,1074,28538,4803,391,0,691,1691,10888,119,651,0,1594,743,1386,53,584,0,394,0,0,0,0,0,0,0,0,0,0,0,0,0,0,0,0,0,0,1688,29206,4508,2,0,93,1468,10973,142,820,0,1540,352,633,325,804,0,1046,0,0,0,0,0,0,0,0,0,0,0,0,0,0,0,0,0,0
paterson,bfc5Mq-kfwj29vGpOPKS2A,1042,32861,326,0,0,11,1135,5117,629,31,0,71,2044,6654,357,557,0,13,0,0,0,0,0,0,149,3,133,2461,0,6,0,0,0,0,0,0,1020,32692,27,491,0,10,1009,5357,254,363,0,0,2118,6302,745,418,0,42,0,0,0,0,0,0,223,284,419,1777,0,49,0,0,0,0,0,0,1133,32791,127,168,0,21,851,5627,98,405,0,2,2182,6191,950,226,0,76,0,0,0,0,0,0,204,26,270,2250,0,2,0,0,0,0,0,0
paterson,bwpW8jgnlIbAQC0HRy99JA,904,46264,252,3,0,435,708,3154,741,381,0,646,0,2,0,0,0,0,0,0,0,0,0,0,1,0,2,93,0,14,0,0,0,0,0,0,939,45662,223,252,0,782,674,3669,761,225,0,301,0,2,0,0,0,0,0,0,0,0,0,0,0,87,11,0,0,12,0,0,0,0,0,0,852,45400,515,248,0,843,761,4018,480,119,0,252,0,2,0,0,0,0,0,0,0,0,0,0,0,0,0,110,0,0,0,0,0,0,0,0
paterson,bxdL0Guz_zm-8O1E1Gn78A,624,45213,588,221,0,7,861,4748,669,588,0,81,0,0,0,0,0,0,0,0,0,0,0,0,0,0,0,0,0,0,0,0,0,0,0,0,914,45331,395,9,0,4,571,4630,862,800,0,84,0,0,0,0,0,0,0,0,0,0,0,0,0,0,0,0,0,0,0,0,0,0,0,0,851,45362,401,9,0,30,634,4599,856,800,0,58,0,0,0,0,0,0,0,0,0,0,0,0,0,0,0,0,0,0,0,0,0,0,0,0
paterson,cuFkPrv4UsqzeJCdibl1FQ,576,31200,5195,54,0,0,1765,5403,4237,456,0,0,372,527,135,54,0,0,0,0,0,0,0,0,23,6,186,3411,0,0,0,0,0,0,0,0,958,30875,5137,55,0,0,1501,5898,3856,606,0,0,201,333,454,100,0,0,0,0,0,0,0,0,76,30,306,3214,0,0,0,0,0,0,0,0,1403,31970,3571,81,0,0,1164,4923,5232,542,0,0,105,235,642,106,0,0,0,0,0,0,0,0,64,8,308,3246,0,0,0,0,0,0,0,0
paterson,eGWz6exPVDlv_S_DowBPfA,135,37576,3223,99,0,25,1155,5304,1251,2467,0,546,102,806,700,39,0,28,0,0,0,0,0,0,0,0,12,132,0,0,0,0,0,0,0,0,813,38840,884,219,0,302,529,3331,4239,2407,0,217,50,1515,7,23,0,80,0,0,0,0,0,0,0,0,56,88,0,0,0,0,0,0,0,0,671,39153,693,175,0,366,517,3187,4412,2426,0,181,204,1346,23,50,0,52,0,0,0,0,0,0,0,0,58,86,0,0,0,0,0,0,0,0
paterson,eIw8Y1zl7qgUW6bTPzk3gA,681,31492,1092,4,0,0,1238,10791,4055,486,0,56,954,382,22,15,0,6,0,0,0,0,0,0,65,19,140,2102,0,0,0,0,0,0,0,0,159,30005,3087,0,0,18,2394,12536,1091,580,0,25,347,21,843,167,0,1,0,0,0,0,0,0,38,122,288,1860,0,18,0,0,0,0,0,0,383,29889,2908,76,0,13,2356,12728,975,557,0,10,190,62,1052,54,0,21,0,0,0,0,0,0,9,5,374,1920,0,18,0,0,0,0,0,0
paterson,fGd6JE4qvoG1uOVvOjBBmg,12302,31321,171,0,1404,0,1471,6236,240,224,0,14,1,0,0,0,0,0,0,0,0,0,0,0,84,0,15,117,0,0,0,0,0,0,0,0,11359,32246,126,62,1404,1,2499,5105,289,279,0,13,0,1,0,0,0,0,0,0,0,0,0,0,0,205,11,0,0,0,0,0,0,0,0,0,10849,32919,25,0,1404,1,2947,4637,365,236,0,0,1,0,0,0,0,0,0,0,0,0,0,0,61,1,36,105,0,13,0,0,0,0,0,0
paterson,fSQ5B3z1vT-Ym1-siL8iOA,2043,47201,715,59,0,0,843,1126,661,206,0,0,2,2,0,0,0,0,0,0,0,0,0,0,11,0,130,601,0,0,0,0,0,0,0,0,2300,47040,419,259,0,0,495,1037,776,528,0,0,0,1,2,1,0,0,0,0,0,0,0,0,104,251,309,78,0,0,0,0,0,0,0,0,2112,47276,554,76,0,0,600,824,782,630,0,0,1,0,1,2,0,0,0,0,0,0,0,0,186,229,169,158,0,0,0,0,0,0,0,0
paterson,gZ3Acgi38PrzOVBkW-Il4Q,11877,27197,213,341,0,0,68,12599,199,64,0,421,0,0,0,0,0,0,0,0,0,0,0,0,19,46,57,499,0,0,0,0,0,0,0,0,7907,31486,84,0,0,151,4057,8057,321,903,0,13,0,0,0,0,0,0,0,0,0,0,0,0,0,299,64,1,0,257,0,0,0,0,0,0,5001,34574,8,0,0,45,6963,4782,457,904,0,245,0,0,0,0,0,0,0,0,0,0,0,0,0,486,4,0,0,131,0,0,0,0,0,0
paterson,hMx_5PxQtlixa9LRSNnKFQ,866,31258,39,0,0,0,1883,13222,417,16,0,18,280,2383,251,63,0,1,0,0,0,0,0,0,186,81,173,2463,0,0,0,0,0,0,0,0,226,30140,7,1789,0,1,2241,12341,457,517,0,0,177,2515,121,165,0,0,0,0,0,0,0,0,571,1948,295,71,0,18,0,0,0,0,0,0,1746,29818,279,320,0,0,79,13888,33,1555,0,1,449,2418,106,5,0,0,0,0,0,0,0,0,941,820,462,662,0,18,0,0,0,0,0,0
paterson,hV6LwTvkCzyX_vQF3ZG5qQ,387,17255,16,0,0,0,6377,15895,1471,23,0,1438,679,8631,1152,17,0,152,2,0,0,23,0,6,0,0,25,49,0,2,0,0,0,0,0,0,560,17098,0,0,0,0,2511,21483,1013,3,0,194,4358,3155,1610,109,0,1399,10,19,2,0,0,0,6,26,39,0,0,5,0,0,0,0,0,0,175,17478,5,0,0,0,2226,22496,455,2,0,25,5044,1807,2166,110,0,1504,0,0,30,0,0,1,0,0,8,0,0,68,0,0,0,0,0,0
paterson,hvegP5rTGyRrsRQb3h-rog,104,34718,0,0,0,63,269,14095,15,10,0,1415,29,0,1525,3,0,1351,0,0,0,0,0,0,0,0,1,0,0,2,0,0,0,0,0,0,50,31822,699,2,0,2312,31,14686,830,1,0,256,321,2302,12,10,0,263,0,0,0,0,0,0,0,3,0,0,0,0,0,0,0,0,0,0,75,31772,783,0,0,2255,5,14737,746,3,0,313,322,2301,12,10,0,263,0,0,0,0,0,0,0,3,0,0,0,0,0,0,0,0,0,0
paterson,iPgLrrQ5XDrWWlTXzI5MLQ,6659,25797,6488,163,0,282,1177,1757,837,1498,0,112,1778,5719,425,249,0,35,0,0,0,0,0,0,28,0,4,592,0,0,0,0,0,0,0,0,4847,26595,7336,551,0,60,1585,3029,133,587,0,47,2968,3504,129,1287,0,318,0,0,0,0,0,0,242,145,156,77,0,4,0,0,0,0,0,0,4074,27797,7416,0,0,102,2042,2236,280,764,0,59,3526,3240,58,1114,0,268,0,0,0,0,0,0,0,0,0,624,0,0,0,0,0,0,0,0
paterson,ijlwBkjXDfD2wCO_jSjCGA,11,34147,457,0,0,49,492,12995,4008,0,0,1297,0,0,2,0,0,1,0,0,0,0,0,0,0,0,55,0,0,86,0,0,0,0,0,0,23,34609,0,0,0,32,480,12533,4465,0,0,1314,0,0,1,0,0,2,0,0,0,0,0,0,0,0,56,0,0,85,0,0,0,0,0,0,2,34591,71,0,0,0,501,12551,4390,0,0,1350,0,0,3,0,0,0,0,0,0,0,0,0,0,0,58,0,0,83,0,0,0,0,0,0
paterson,ivSZN64YSxp5R8Kqf1vr1A,481,39867,757,13,0,214,2358,7438,658,858,0,310,7,0,27,11,0,0,0,0,0,0,0,0,0,0,477,124,0,0,0,0,0,0,0,0,1705,38771,175,261,0,420,1119,8506,1654,239,0,104,0,0,38,7,0,0,0,0,0,0,0,0,22,28,52,499,0,0,0,0,0,0,0,0,1916,38865,61,258,0,232,826,8371,1786,347,0,292,36,1,0,8,0,0,0,0,0,0,0,0,68,68,72,393,0,0,0,0,0,0,0,0
paterson,ixm9RoZTI443YB7QoJ6nLQ,148,18160,1769,0,0,0,2758,25445,2875,1322,0,49,0,0,0,0,0,0,0,0,0,0,0,0,0,0,722,352,0,0,0,0,0,0,0,0,805,19134,3,134,0,1,2085,24462,5312,546,0,44,0,0,0,0,0,0,0,0,0,0,0,0,16,9,51,994,0,4,0,0,0,0,0,0,867,19140,17,47,0,6,2039,24465,5303,603,0,39,0,0,0,0,0,0,0,0,0,0,0,0,0,0,46,1024,0,4,0,0,0,0,0,0
paterson,j2HS3aVFBaq_x66hiHVVRg,40,21046,207,15,12,0,970,22659,6798,265,0,16,0,1,0,0,0,0,0,0,0,0,0,0,91,0,852,628,0,0,0,0,0,0,0,0,0,20758,550,0,12,0,1047,22947,6543,155,0,16,0,0,1,0,0,0,0,0,0,0,0,0,54,1,763,753,0,0,0,0,0,0,0,0,2,20109,1197,0,12,0,1041,23597,5605,449,0,16,0,0,1,0,0,0,0,0,0,0,0,0,58,0,1054,459,0,0,0,0,0,0,0,0
paterson,jpunVR46zc0yifTPUihF2A,1286,25902,196,24,0,2869,759,17093,119,72,0,1481,233,2602,272,16,0,189,0,0,0,0,0,0,0,0,64,363,0,60,0,0,0,0,0,0,614,29000,24,0,0,639,1343,14217,531,130,0,3303,252,2220,50,345,0,445,0,0,0,0,0,0,69,160,46,0,0,212,0,0,0,0,0,0,678,28859,4,0,0,736,1420,14135,346,338,0,3285,156,2603,271,0,0,282,0,0,0,0,0,0,24,0,30,137,0,296,0,0,0,0,0,0
paterson,jtPd8YX0gkDeQe6dq9mk4A,194,33202,354,0,0,518,1567,11792,2682,63,0,2082,0,0,0,0,0,0,0,0,0,0,0,0,0,0,30,1026,0,90,0,0,0,0,0,0,343,33530,66,0,0,329,1356,11447,2247,1089,0,2047,0,0,0,0,0,0,0,0,0,0,0,0,62,17,753,0,0,314,0,0,0,0,0,0,253,33827,64,0,0,124,1457,11167,2375,1089,0,2098,0,0,0,0,0,0,0,0,0,0,0,0,51,0,627,0,0,468,0,0,0,0,0,0
paterson,k3ipUDBk_fu7EXSVSNGaig,213,43762,211,0,0,209,1263,4705,1190,369,0,1662,1,0,1,0,0,10,0,0,0,0,0,0,0,0,0,0,0,4,0,0,0,0,0,0,241,43973,32,0,0,149,1236,4482,1370,365,0,1736,0,12,0,0,0,0,0,0,0,0,0,0,0,0,0,4,0,0,0,0,0,0,0,0,127,43942,44,0,0,282,1350,4513,1358,365,0,1603,0,12,0,0,0,0,0,0,0,0,0,0,0,0,0,4,0,0,0,0,0,0,0,0
paterson,kGSkdgo9loUlSNdyjW-qZw,822,25322,244,0,0,0,1700,14838,6636,888,0,139,128,288,481,184,0,0,0,0,0,0,0,0,5,0,675,1250,0,0,0,0,0,0,0,0,853,24654,881,0,0,0,1778,15442,5669,1173,0,139,23,352,618,88,0,0,0,0,0,0,0,0,1,0,868,1061,0,0,0,0,0,0,0,0,721,25016,651,0,0,0,1563,15096,6200,1203,0,139,320,336,324,101,0,0,0,0,0,0,0,0,51,0,861,1018,0,0,0,0,0,0,0,0
paterson,kJpIgjL0BDI74K-jbGnbow,1164,20505,0,0,0,137,2754,8197,1149,376,0,357,973,14955,1677,451,0,4,0,0,0,0,0,0,15,6,381,452,0,47,0,0,0,0,0,0,653,20896,36,0,0,221,1663,8456,1894,756,0,64,2545,14214,734,354,0,213,0,0,0,0,0,0,45,97,543,169,0,47,0,0,0,0,0,0,883,20875,48,0,0,0,1625,8502,1907,593,0,206,2392,14228,735,366,0,339,0,0,0,0,0,0,6,58,517,320,0,0,0,0,0,0,0,0
paterson,lswzBhE0aaemfGKiH3fIYA,0,27256,0,0,0,0,541,24972,615,95,0,49,0,0,0,0,0,0,0,0,0,0,0,0,0,0,40,32,0,0,0,0,0,0,0,0,0,27256,0,0,0,0,535,24906,655,127,0,49,0,0,0,0,0,0,0,0,0,0,0,0,6,66,0,0,0,0,0,0,0,0,0,0,0,27256,0,0,0,0,541,24900,655,127,0,49,0,0,0,0,0,0,0,0,0,0,0,0,0,72,0,0,0,0,0,0,0,0,0,0
paterson,mB1B8XeH3F7RpuvOP0-Klg,0,45283,529,0,0,0,15,5428,1580,0,0,765,0,0,0,0,0,0,0,0,0,0,0,0,0,0,0,0,0,0,0,0,0,0,0,0,0,45688,0,0,0,124,15,5023,2109,0,0,641,0,0,0,0,0,0,0,0,0,0,0,0,0,0,0,0,0,0,0,0,0,0,0,0,0,45702,0,0,0,110,15,5009,2109,0,0,655,0,0,0,0,0,0,0,0,0,0,0,0,0,0,0,0,0,0,0,0,0,0,0,0
paterson,nqA7oH-86S2CmsGA9hyVtA,1570,39674,118,440,0,73,1237,6577,367,301,0,61,0,2679,0,0,0,0,0,0,0,0,0,0,11,0,32,460,0,0,0,0,0,0,0,0,305,41344,226,0,0,0,2136,4799,277,1197,0,134,281,2385,10,3,0,0,0,0,0,0,0,0,96,402,4,1,0,0,0,0,0,0,0,0,1098,40020,101,580,0,76,1480,5985,413,621,0,44,176,2503,0,0,0,0,0,0,0,0,0,0,64,422,3,0,0,14,0,0,0,0,0,0
paterson,oqI2cRuz9LMxtKdmQugqJw,26,36748,259,0,0,0,1040,13670,1392,217,0,12,0,0,0,0,0,0,0,0,0,0,0,0,152,40,3,41,0,0,0,0,0,0,0,0,0,37028,5,0,0,0,1218,13361,1562,178,0,12,0,0,0,0,0,0,0,0,0,0,0,0,0,69,87,80,0,0,0,0,0,0,0,0,0,36865,168,0,0,0,1218,13524,1402,175,0,12,0,0,0,0,0,0,0,0,0,0,0,0,0,69,84,83,0,0,0,0,0,0,0,0
paterson,q10dxfl-oC7RkRFUVKU_RA,326,23585,1718,131,0,135,1069,22498,3598,96,0,239,0,0,0,0,0,0,0,0,0,0,0,0,0,0,205,0,0,0,0,0,0,0,0,0,1039,21106,3439,90,0,221,330,24977,1924,131,0,138,0,0,0,0,0,0,0,0,0,0,0,0,26,0,158,6,0,15,0,0,0,0,0,0,1069,21150,3341,96,0,239,326,24933,1975,131,0,135,0,0,0,0,0,0,0,0,0,0,0,0,0,0,205,0,0,0,0,0,0,0,0,0
paterson,qL5hz8oXZM0g4pKxGR3Yyw,621,34360,2,0,0,2,2755,10614,1275,134,0,5,241,1644,990,57,0,155,0,0,0,0,0,0,38,3,417,285,0,2,0,0,0,0,0,0,842,33898,245,0,0,0,2094,10661,1642,281,0,105,588,1878,399,182,0,40,0,0,0,0,0,0,131,184,398,13,0,19,0,0,0,0,0,0,814,34152,19,0,0,0,2198,10259,1964,312,0,50,635,1895,323,120,0,114,0,0,0,0,0,0,8,315,378,44,0,0,0,0,0,0,0,0
paterson,sZDQ4gAO200kPfWhz1st9g,16,37531,140,0,0,0,1746,5448,190,205,0,3945,578,1562,1252,423,0,488,0,0,0,0,0,0,0,0,0,43,0,33,0,0,0,0,0,0,783,35535,0,0,0,1369,811,8222,1377,418,0,706,746,784,140,248,0,2385,0,0,0,0,0,0,0,0,65,5,0,6,0,0,0,0,0,0,825,35553,7,0,0,1302,841,8032,1407,401,0,853,674,956,136,226,0,2311,0,0,0,0,0,0,0,0,32,44,0,0,0,0,0,0,0,0
paterson,tekhQ4HQ9pcOqs_kGGpGaw,4760,39329,176,4,0,36,2168,1675,373,690,0,115,695,2884,241,196,0,53,0,0,0,0,0,0,0,0,2,203,0,0,0,0,0,0,0,0,4583,39559,50,71,0,42,1438,2573,260,588,0,162,1569,1639,467,394,0,0,0,0,0,0,0,0,33,117,15,40,0,0,0,0,0,0,0,0,4460,39623,183,39,0,0,1826,1844,435,759,0,157,1315,2421,131,155,0,47,0,0,0,0,0,0,22,0,43,140,0,0,0,0,0,0,0,0
paterson,vRVQrenH_9eL4n4O4Gp_oQ,708,25656,0,0,0,0,3648,15432,299,1600,0,89,1539,1728,19,993,0,68,0,0,0,0,0,0,0,0,59,1762,0,0,0,0,0,0,0,0,1250,25114,0,0,0,0,2428,17166,48,1403,0,23,2158,408,285,1496,0,0,0,0,0,0,0,0,59,128,44,1456,0,134,0,0,0,0,0,0,1177,25187,0,0,0,0,2493,17086,43,1446,0,0,2155,404,289,1499,0,0,0,0,0,0,0,0,70,139,45,1410,0,157,0,0,0,0,0,0
paterson,wNcM5HCEQeGv8ndYe9HMmw,548,36040,3434,5,0,129,1753,6761,1726,14,0,588,363,838,561,157,0,0,0,0,0,0,0,0,125,0,147,411,0,0,0,0,0,0,0,0,735,35681,3585,155,0,0,1338,7160,1835,432,0,77,635,745,214,0,0,325,0,0,0,0,0,0,81,53,234,0,0,315,0,0,0,0,0,0,394,35429,4169,164,0,0,1675,7296,1177,423,0,271,656,907,325,0,0,31,0,0,0,0,0,0,64,7,197,0,0,415,0,0,0,0,0,0
paterson,wVWZk8xcqrpV0l1CKpK45w,1642,38117,168,0,0,0,2686,8623,947,196,0,34,16,5,12,0,0,1,0,0,0,0,0,0,249,55,0,849,0,0,0,0,0,0,0,0,1371,38388,168,0,0,0,2822,7988,599,1044,0,33,32,1,0,1,0,0,0,0,0,0,0,0,368,423,360,0,0,2,0,0,0,0,0,0,1168,38591,168,0,0,0,3168,7786,487,1012,0,33,0,0,1,33,0,0,0,0,0,0,0,0,257,423,471,0,0,2,0,0,0,0,0,0
paterson,y2Ec-NEfLgOTuhI_riqUHQ,61,35942,952,0,0,0,2162,8090,2445,652,0,0,67,1172,611,46,0,0,0,0,0,0,0,0,0,14,285,1101,0,0,0,0,0,0,0,0,313,36585,57,0,0,0,1871,7853,3051,574,0,0,106,634,757,399,0,0,0,0,0,0,0,0,0,146,428,826,0,0,0,0,0,0,0,0,155,35928,872,0,0,0,1841,8674,2336,498,0,0,294,580,612,410,0,0,0,0,0,0,0,0,0,36,473,891,0,0,0,0,0,0,0,0
paterson,y8Q6XDfEoPt5K6ONqi406w,1691,33478,25,0,0,0,4489,12143,1147,95,0,433,34,29,25,0,0,10,0,0,0,0,0,0,1,0,0,0,0,0,0,0,0,0,0,0,3560,31506,127,0,0,1,2606,14139,1055,95,0,412,48,5,15,0,0,30,0,0,0,0,0,0,1,0,0,0,0,0,0,0,0,0,0,0,3325,31713,75,0,0,81,2852,13885,1117,95,0,358,37,52,5,0,0,4,0,0,0,0,0,0,1,0,0,0,0,0,0,0,0,0,0,0
paterson,yc2j9hm9FtM1LXTmsXTcWA,10212,12788,0,0,0,0,4077,24129,653,114,0,1488,94,0,40,5,0,0,0,0,0,0,0,0,0,0,0,0,0,0,0,0,0,0,0,0,1019,21890,0,0,0,91,13269,14983,693,119,0,1397,95,44,0,0,0,0,0,0,0,0,0,0,0,0,0,0,0,0,0,0,0,0,0,0,4351,18514,0,0,0,135,9980,18390,678,105,0,1308,52,13,15,14,0,45,0,0,0,0,0,0,0,0,0,0,0,0,0,0,0,0,0,0
paterson,yd34YwObnIjHhBZvTmK3UQ,0,16201,76,0,0,0,953,13920,6870,1153,0,414,429,11288,460,148,0,103,0,0,0,0,0,0,25,0,149,1407,0,4,0,0,0,0,0,0,5,16253,19,0,0,0,1108,16486,4129,1196,0,391,288,8670,3126,231,0,113,0,0,0,0,0,0,6,0,281,1281,0,17,0,0,0,0,0,0,6,16247,19,0,0,5,753,16005,5015,1311,0,226,581,9157,2303,114,0,273,0,0,0,0,0,0,67,0,218,1283,0,17,0,0,0,0,0,0
paterson,yeR5wU5cy_CvQFTUyBhO1Q,0,11427,543,0,0,0,27,32846,1427,0,0,3884,0,961,1837,21,0,417,0,137,15,0,0,58,0,0,0,0,0,0,0,0,0,0,0,0,0,11765,8,0,0,197,21,30821,3458,21,0,3863,6,2785,146,0,0,299,0,0,210,0,0,0,0,0,0,0,0,0,0,0,0,0,0,0,0,11031,30,0,0,909,27,33154,1898,0,0,3105,0,976,1894,21,0,345,0,210,0,0,0,0,0,0,0,0,0,0,0,0,0,0,0,0
paterson,zB7_9mtLQuVbRyZrttlMXg,232,35645,1233,0,0,16,1164,7544,5979,935,0,308,0,0,0,0,0,0,0,0,0,0,0,0,0,0,363,181,0,0,0,0,0,0,0,0,175,36123,810,0,0,18,1221,7063,6432,908,0,306,0,0,0,0,0,0,0,0,0,0,0,0,0,3,333,208,0,0,0,0,0,0,0,0,1,35064,2061,0,0,0,1367,8125,5426,756,0,256,0,0,0,0,0,0,0,0,0,0,0,0,28,0,88,360,0,68,0,0,0,0,0,0
paterson,zzWJ9LWjpfDZLBT7W8o8zw,471,21782,104,0,0,22,2531,18771,596,69,0,51,1102,5187,2580,221,0,84,0,0,0,0,0,0,1,0,0,28,0,0,0,0,0,0,0,0,556,21519,156,144,0,4,1097,18106,2607,126,0,82,2447,6103,509,48,0,67,0,0,0,0,0,0,5,12,8,0,0,4,0,0,0,0,0,0,296,21458,585,34,0,6,1252,18271,2140,270,0,85,2544,6011,553,0,0,66,0,0,0,0,0,0,13,0,2,14,0,0,0,0,0,0,0,0
gainesville,--xM_B9BVXSNT9IcytVKug,0,33023,0,0,0,0,2551,14859,129,501,0,2524,0,0,0,13,0,0,0,0,0,0,0,0,0,0,0,0,0,0,0,0,0,0,0,0,1016,31243,0,0,0,764,1535,16631,124,514,0,1760,0,8,5,0,0,0,0,0,0,0,0,0,0,0,0,0,0,0,0,0,0,0,0,0,960,31232,0,0,0,831,1591,16637,129,514,0,1693,0,13,0,0,0,0,0,0,0,0,0,0,0,0,0,0,0,0,0,0,0,0,0,0
gainesville,-FMeOe5iGG-5JFxSF0lxaQ,2203,44031,92,292,0,3108,33,295,125,2986,0,427,0,1,1,0,0,0,0,0,0,0,0,0,0,0,0,6,0,0,0,0,0,0,0,0,1936,42913,3,2599,0,2275,299,1411,215,684,0,1257,0,0,0,1,0,1,0,0,0,0,0,0,1,3,0,0,0,2,0,0,0,0,0,0,1896,42964,2,2598,0,2266,340,1357,216,685,0,1268,0,0,0,1,0,1,0,0,0,0,0,0,0,6,0,0,0,0,0,0,0,0,0,0
gainesville,-Thw-Y56uiaGEg8I_zZwgw,4301,37552,367,7,0,7207,866,607,452,0,0,2241,0,0,0,0,0,0,0,0,0,0,0,0,0,0,0,0,0,0,0,0,0,0,0,0,4269,37191,317,0,0,7657,898,968,502,7,0,1791,0,0,0,0,0,0,0,0,0,0,0,0,0,0,0,0,0,0,0,0,0,0,0,0,4068,36883,357,0,0,8126,1099,1276,462,7,0,1322,0,0,0,0,0,0,0,0,0,0,0,0,0,0,0,0,0,0,0,0,0,0,0,0
gainesville,-zi5tN6Qyyeq8B1mczYfOg,4941,36383,181,157,0,2244,1132,4405,39,1032,0,2222,16,166,7,433,0,192,0,0,0,0,0,0,0,0,0,50,0,0,0,0,0,0,0,0,4309,37034,15,464,0,2084,1744,3481,125,1072,0,2408,34,427,84,131,0,138,0,0,0,0,0,0,2,12,3,5,0,28,0,0,0,0,0,0,4924,38302,67,0,0,613,1115,2450,159,1268,0,3838,50,202,1,354,0,207,0,0,0,0,0,0,0,0,0,50,0,0,0,0,0,0,0,0
gainesville,1n-U7MQVuboJf00fwh9UBg,2095,45369,65,0,0,0,1297,3342,755,2,0,574,15,25,37,0,0,24,0,0,0,0,0,0,0,0,0,0,0,0,0,0,0,0,0,0,2102,45171,191,0,0,65,1305,3464,666,2,0,533,0,101,0,0,0,0,0,0,0,0,0,0,0,0,0,0,0,0,0,0,0,0,0,0,2081,45138,254,0,0,56,1303,3520,603,2,0,542,23,78,0,0,0,0,0,0,0,0,0,0,0,0,0,0,0,0,0,0,0,0,0,0
gainesville,21qHYEKoNSGw9O3wF_dvBg,9922,17762,22,0,0,3237,1048,20309,17,1,0,1281,0,1,0,0,0,0,0,0,0,0,0,0,0,0,0,0,0,0,0,0,0,0,0,0,4840,26103,0,0,0,0,6130,11969,39,1,0,4517,0,0,0,0,0,1,0,0,0,0,0,0,0,0,0,0,0,0,0,0,0,0,0,0,5500,25368,2,0,0,73,5470,12704,37,1,0,4444,0,0,0,0,0,1,0,0,0,0,0,0,0,0,0,0,0,0,0,0,0,0,0,0
gainesville,2ZG41STPUADAWUJD-Rc4sA,497,33161,432,50,0,382,1585,13628,2355,393,0,704,0,0,0,0,0,6,0,0,0,0,0,0,0,0,117,255,0,35,0,0,0,0,0,0,291,32453,1568,0,0,210,1782,14336,1239,456,0,852,2,0,4,0,0,0,0,0,0,0,0,0,7,0,93,242,0,65,0,0,0,0,0,0,482,32401,1569,0,0,70,1598,14388,1209,432,0,1038,2,0,4,0,0,0,0,0,0,0,0,0,0,0,122,266,0,19,0,0,0,0,0,0
gainesville,2xfTrO6eZbF0hKmvjGzN0A,3600,10500,165,0,0,1259,2973,26497,939,0,0,7667,0,0,0,0,0,0,0,0,0,0,0,0,0,0,0,0,0,0,0,0,0,0,0,0,1409,13312,506,0,0,297,5164,23685,598,0,0,8629,0,0,0,0,0,0,0,0,0,0,0,0,0,0,0,0,0,0,0,0,0,0,0,0,94,15146,0,0,0,284,6479,21851,1104,0,0,8642,0,0,0,0,0,0,0,0,0,0,0,0,0,0,0,0,0,0,0,0,0,0,0,0
gainesville,3CbLaqDP3N3z64brBrC0eA,4584,45577,103,0,0,1395,289,893,103,0,0,648,0,0,8,0,0,0,0,0,0,0,0,0,0,0,0,0,0,0,0,0,0,0,0,0,3680,45955,214,0,0,1810,1186,514,0,0,0,233,7,1,0,0,0,0,0,0,0,0,0,0,0,0,0,0,0,0,0,0,0,0,0,0,4429,45292,210,0,0,1728,436,1178,4,0,0,315,8,0,0,0,0,0,0,0,0,0,0,0,0,0,0,0,0,0,0,0,0,0,0,0
gainesville,4My9h4mmpjE82U1up3jWOA,11,21753,247,0,0,0,2155,28865,258,12,0,299,0,0,0,0,0,0,0,0,0,0,0,0,0,0,0,0,0,0,0,0,0,0,0,0,222,21750,34,0,0,5,1944,28868,471,12,0,294,0,0,0,0,0,0,0,0,0,0,0,0,0,0,0,0,0,0,0,0,0,0,0,0,230,21729,52,0,0,0,1936,28889,453,12,0,299,0,0,0,0,0,0,0,0,0,0,0,0,0,0,0,0,0,0,0,0,0,0,0,0
gainesville,5vEoUj3H3aRkW-2h1B0JAQ,11444,31445,7,0,0,1092,2274,3887,266,101,0,2967,0,0,0,0,0,0,0,0,0,0,0,0,20,0,0,88,0,9,0,0,0,0,0,0,11572,31372,4,0,0,1040,2166,3960,267,178,0,2924,0,0,0,0,0,0,0,0,0,0,0,0,0,0,2,11,0,104,0,0,0,0,0,0,11344,31874,2,0,0,768,2391,3398,247,185,0,3274,0,0,0,0,0,0,0,0,0,0,0,0,3,60,24,4,0,26,0,0,0,0,0,0
gainesville,6-tNVth5ck0axWmPuKpiXg,7127,33237,5565,11,0,81,902,635,1209,2,0,16,69,141,1013,66,0,8,0,0,0,0,0,0,966,0,546,2006,0,0,0,0,0,0,0,0,7877,32908,4649,490,0,97,1005,639,1054,66,0,0,106,1,143,1047,0,0,0,0,0,0,0,0,76,465,2487,482,0,8,0,0,0,0,0,0,8200,32919,4500,321,0,81,689,617,1135,307,0,16,97,1,220,979,0,0,0,0,0,0,0,0,78,476,2478,478,0,8,0,0,0,0,0,0
gainesville,65kxFTBgmbOPUQbC612rdg,1242,30717,44,4,0,309,2017,11404,403,0,0,1785,1310,2355,132,204,0,1305,0,0,0,0,0,0,0,0,61,308,0,0,0,0,0,0,0,0,1097,31164,3,0,0,52,1608,11829,196,516,0,1460,1736,1302,413,0,0,1855,0,0,0,0,0,0,128,181,28,0,0,32,0,0,0,0,0,0,1486,30271,129,0,0,430,1551,11783,234,516,0,1525,1532,2422,180,0,0,1172,0,0,0,0,0,0,0,0,97,0,0,272,0,0,0,0,0,0
gainesville,6HfrzDBSveHUN1NpGsF31Q,3615,32604,9061,161,0,6099,34,5,264,8,0,1749,0,0,0,0,0,0,0,0,0,0,0,0,0,0,0,0,0,0,0,0,0,0,0,0,3394,32597,9263,8,0,6278,255,12,62,161,0,1570,0,0,0,0,0,0,0,0,0,0,0,0,0,0,0,0,0,0,0,0,0,0,0,0,3539,32609,9259,8,0,6125,110,0,66,161,0,1723,0,0,0,0,0,0,0,0,0,0,0,0,0,0,0,0,0,0,0,0,0,0,0,0
gainesville,6KnaArlg4nGEGAGNkIw9NA,1637,19124,5,0,0,273,3951,23244,711,35,0,1672,104,428,63,0,0,31,0,0,0,0,0,0,72,44,152,1884,0,170,0,0,0,0,0,0,2397,18626,0,0,0,16,3098,22317,474,1919,0,1805,79,198,290,0,0,59,0,0,0,0,0,0,190,1699,167,0,0,266,0,0,0,0,0,0,2593,18441,0,0,0,5,2934,22569,325,1919,0,1866,80,306,66,0,0,174,0,0,0,0,0,0,157,1524,540,0,0,101,0,0,0,0,0,0
gainesville,6mZXrVGoxQ2H1k8Jx2OZHA,1607,38492,3340,0,0,1,1139,6379,729,0,0,1184,202,266,145,0,0,116,0,0,0,0,0,0,0,0,0,0,0,0,0,0,0,0,0,0,1794,39257,2041,0,0,348,1154,5827,1715,0,0,735,0,53,458,0,0,218,0,0,0,0,0,0,0,0,0,0,0,0,0,0,0,0,0,0,2292,38893,1778,0,0,477,656,6121,2114,0,0,540,0,123,322,0,0,284,0,0,0,0,0,0,0,0,0,0,0,0,0,0,0,0,0,0
gainesville,7U40JKd7HiOpFrTHa0-yQQ,0,22694,0,0,0,0,0,24536,1187,2193,0,802,0,0,0,0,0,0,0,0,0,0,0,0,0,0,875,1313,0,0,0,0,0,0,0,0,0,22694,0,0,0,0,0,24515,1948,1459,0,796,0,0,0,0,0,0,0,0,0,0,0,0,0,21,114,2047,0,6,0,0,0,0,0,0,0,22690,4,0,0,0,0,24538,1965,1413,0,802,0,0,0,0,0,0,0,0,0,0,0,0,0,2,93,2093,0,0,0,0,0,0,0,0
gainesville,7dme7qsPcOTglSlmpGp9Rw,289,45286,430,0,0,771,298,1909,244,0,0,875,220,1835,315,0,0,1128,0,0,0,0,0,0,0,0,0,0,0,0,0,0,0,0,0,0,299,45841,27,0,0,609,295,1772,153,0,0,1106,213,1417,809,0,0,1059,0,0,0,0,0,0,0,0,0,0,0,0,0,0,0,0,0,0,295,45428,76,0,0,977,364,2056,87,0,0,819,148,1546,826,0,0,978,0,0,0,0,0,0,0,0,0,0,0,0,0,0,0,0,0,0
gainesville,82y6sIvPm-_shG58klusgw,11098,29062,2767,0,0,1424,1009,4440,2109,12,0,1461,0,46,14,4,0,51,0,0,0,0,0,0,0,0,17,62,0,24,0,0,0,0,0,0,10694,29269,2659,0,0,1729,1402,4180,2193,78,0,1178,0,72,43,0,0,0,0,0,0,0,0,0,11,27,12,0,0,53,0,0,0,0,0,0,11213,28983,2535,0,0,1620,891,4446,2316,78,0,1300,3,70,2,0,0,40,0,0,0,0,0,0,0,49,54,0,0,0,0,0,0,0,0,0
gainesville,89lilp2BlhppxL-oQ0gLNg,847,47992,27,0,0,52,1116,2915,126,47,0,427,0,0,0,0,0,0,0,0,0,0,0,0,0,0,0,51,0,0,0,0,0,0,0,0,503,48368,3,30,0,14,1426,2539,143,68,0,455,0,0,0,0,0,0,0,0,0,0,0,0,34,0,7,0,0,10,0,0,0,0,0,0,331,48514,0,0,0,73,1607,2393,153,98,0,380,0,0,0,0,0,0,0,0,0,0,0,0,25,0,0,0,0,26,0,0,0,0,0,0
gainesville,8FPxXspDHn_FNxmQkr0j-g,0,28941,178,0,0,4593,240,12161,1335,95,0,6057,0,0,0,0,0,0,0,0,0,0,0,0,0,0,0,0,0,0,0,0,0,0,0,0,0,30894,254,0,0,2564,240,10208,1259,95,0,8086,0,0,0,0,0,0,0,0,0,0,0,0,0,0,0,0,0,0,0,0,0,0,0,0,0,32190,718,0,0,804,240,8912,795,95,0,9846,0,0,0,0,0,0,0,0,0,0,0,0,0,0,0,0,0,0,0,0,0,0,0,0
gainesville,9D-oOS00uSg18nvfm8t9zQ,1732,36722,58,0,0,728,2439,11238,264,185,0,223,4,1,0,0,0,1,0,0,0,0,0,0,0,0,0,5,0,0,0,0,0,0,0,0,2629,36102,178,107,0,224,1546,11848,144,83,0,728,0,6,0,0,0,0,0,0,0,0,0,0,0,5,0,0,0,0,0,0,0,0,0,0,2543,36156,292,190,0,59,1631,11801,30,0,0,887,1,4,0,0,0,1,0,0,0,0,0,0,0,0,0,0,0,5,0,0,0,0,0,0
gainesville,9QF3VpTsXpZei70YvA-H6w,659,39834,15,0,0,601,1742,9415,65,954,0,0,0,0,0,0,0,0,0,0,0,0,0,0,60,0,0,218,0,37,0,0,0,0,0,0,1096,39470,35,508,0,0,1365,9779,42,352,0,638,0,0,0,0,0,0,0,0,0,0,0,0,0,0,3,312,0,0,0,0,0,0,0,0,1159,39507,36,407,0,0,1302,9742,31,463,0,638,0,0,0,0,0,0,0,0,0,0,0,0,0,0,13,302,0,0,0,0,0,0,0,0
gainesville,9tS6faHm3jFdOth84XlbEQ,1952,47759,123,0,0,938,1179,1084,145,79,0,292,0,0,0,0,0,0,0,0,0,0,0,0,0,0,20,29,0,0,0,0,0,0,0,0,2165,47803,198,79,0,527,966,1040,78,29,0,666,0,0,0,0,0,0,0,0,0,0,0,0,0,0,12,0,0,37,0,0,0,0,0,0,2136,47838,175,105,0,518,986,1005,107,3,0,678,0,0,0,0,0,0,0,0,0,0,0,0,9,0,6,0,0,34,0,0,0,0,0,0
gainesville,A44roYJy6tdzAK9yLNS_qQ,11826,35911,1464,24,0,1471,776,1077,308,155,0,275,1,0,1,0,0,0,0,0,0,0,0,0,46,24,86,126,0,29,0,0,0,0,0,0,11659,36255,1245,37,0,1500,960,668,526,164,0,273,0,0,0,2,0,0,0,0,0,0,0,0,30,89,88,102,0,2,0,0,0,0,0,0,11995,36285,1201,26,0,1189,605,674,530,213,0,569,0,0,0,1,0,1,0,0,0,0,0,0,49,53,128,65,0,16,0,0,0,0,0,0
gainesville,BtYzecFoq3-H5qaGzBh4iw,481,17351,82,0,0,931,3918,21744,925,0,0,7272,165,114,181,312,0,124,0,0,0,0,0,0,0,0,0,0,0,0,0,0,0,0,0,0,1522,16341,30,0,0,952,3042,22868,1089,312,0,6548,0,0,69,0,0,827,0,0,0,0,0,0,0,0,0,0,0,0,0,0,0,0,0,0,1512,16340,0,0,0,993,3052,22869,1120,312,0,6506,0,0,68,0,0,828,0,0,0,0,0,0,0,0,0,0,0,0,0,0,0,0,0,0
gainesville,BzXolOMX-XSEGwyXQpIsrA,6094,33533,10,39,0,381,3943,7432,271,21,0,1120,16,10,102,0,0,14,0,0,0,0,0,0,0,0,55,505,0,54,0,0,0,0,0,0,6001,33985,5,0,0,66,4042,6914,113,520,0,1198,10,41,4,45,0,42,0,0,0,0,0,0,0,35,316,0,0,263,0,0,0,0,0,0,5236,34787,2,0,0,32,4788,6183,211,505,0,1100,14,2,0,60,0,66,0,0,0,0,0,0,15,3,225,0,0,371,0,0,0,0,0,0
gainesville,CaClPAIWuWDFsoftxxmRig,2524,38731,2166,0,0,2695,1525,3684,726,27,0,1521,0,1,0,0,0,0,0,0,0,0,0,0,0,0,0,0,0,0,0,0,0,0,0,0,3001,40293,1090,0,0,1732,1047,2123,1802,27,0,2484,1,0,0,0,0,0,0,0,0,0,0,0,0,0,0,0,0,0,0,0,0,0,0,0,3149,39988,431,0,0,2548,899,2428,2461,27,0,1668,1,0,0,0,0,0,0,0,0,0,0,0,0,0,0,0,0,0,0,0,0,0,0,0
gainesville,CabndIEXzzs5FAENnrsEug,62,36997,2337,0,0,0,776,8875,506,0,0,727,238,2475,455,0,0,152,0,0,0,0,0,0,0,0,0,0,0,0,0,0,0,0,0,0,17,38551,827,0,0,1,640,7839,1987,0,0,418,419,1957,484,0,0,460,0,0,0,0,0,0,0,0,0,0,0,0,0,0,0,0,0,0,61,38640,695,0,0,0,577,7926,2044,0,0,337,438,1781,559,0,0,542,0,0,0,0,0,0,0,0,0,0,0,0,0,0,0,0,0,0
gainesville,D5NlzcW2s95DlOUPY0cVAw,2118,47707,117,115,0,2624,43,490,75,0,0,3,0,9,0,0,0,0,0,0,0,0,0,0,0,0,24,251,0,24,0,0,0,0,0,0,2107,47998,110,0,0,2466,11,1,56,359,0,184,0,0,2,7,0,0,0,0,0,0,0,0,43,207,48,0,0,1,0,0,0,0,0,0,2111,48008,94,0,0,2468,11,1,54,366,0,179,0,0,6,0,0,3,0,0,0,0,0,0,39,197,62,0,0,1,0,0,0,0,0,0
gainesville,DXKg24FIKMrGUX6ilHn5Ew,2106,19387,622,0,0,2034,1432,24171,1218,97,0,1651,0,0,792,90,0,0,0,0,0,0,0,0,0,0,0,0,0,0,0,0,0,0,0,0,2160,21245,335,169,0,240,1378,22308,1512,14,0,3357,0,5,785,4,0,88,0,0,0,0,0,0,0,0,0,0,0,0,0,0,0,0,0,0,2199,21242,567,0,0,141,1339,22316,1221,183,0,3510,0,0,844,4,0,34,0,0,0,0,0,0,0,0,0,0,0,0,0,0,0,0,0,0
gainesville,E2YAOGNgsJYuHjnUBvnjFg,3913,34715,3088,38,0,4736,20,2269,1470,182,0,2876,0,0,0,0,0,0,0,0,0,0,0,0,0,0,149,139,0,5,0,0,0,0,0,0,2708,34464,2235,118,0,6965,1216,2520,2293,186,0,602,0,0,0,0,0,0,0,0,0,0,0,0,9,0,179,55,0,50,0,0,0,0,0,0,3657,34403,3371,106,0,4953,242,2581,1188,195,0,2611,0,0,0,0,0,0,0,0,0,0,0,0,34,0,148,58,0,53,0,0,0,0,0,0
gainesville,EhBhDcmWUDV5CaBKoAqi0A,457,22079,300,0,0,2,5154,19349,965,38,0,1977,479,1197,234,43,0,91,0,0,0,0,0,0,243,0,92,129,0,771,0,0,0,0,0,0,1412,21189,0,0,0,237,3717,20972,919,172,0,1703,609,464,220,3,0,748,0,0,0,0,0,0,595,0,452,35,0,153,0,0,0,0,0,0,1314,21289,0,0,0,235,3911,20856,937,172,0,1607,1090,480,182,38,0,254,0,0,0,0,0,0,18,0,472,0,0,745,0,0,0,0,0,0
gainesville,FZOcjvm34N_9JGZyXQf7dg,152,27082,19,0,0,201,206,24877,571,14,0,322,0,19,0,0,0,0,0,0,0,0,0,0,59,0,38,33,0,7,0,0,0,0,0,0,4,27407,43,0,0,0,413,24495,541,47,0,494,0,19,0,0,0,0,0,0,0,0,0,0,0,57,44,0,0,36,0,0,0,0,0,0,87,27086,43,36,0,202,322,24805,543,11,0,309,0,19,0,0,0,0,0,0,0,0,0,0,8,68,42,0,0,19,0,0,0,0,0,0
gainesville,G7ttNgjW4KU9LJVeD1Ivdg,112,36428,81,0,0,290,895,13510,988,23,0,722,0,0,0,0,0,6,0,0,0,0,0,0,15,0,485,30,0,15,0,0,0,0,0,0,148,36641,49,0,0,73,758,12980,1435,30,0,935,0,0,6,0,0,0,0,0,0,0,0,0,116,317,64,23,0,25,0,0,0,0,0,0,110,36631,73,0,0,97,808,12984,1387,30,0,929,0,0,6,0,0,0,0,0,0,0,0,0,104,323,88,23,0,7,0,0,0,0,0,0
gainesville,GJ9IMVsb4ULLwoTYEUCZtA,4153,15943,1338,565,0,10397,11000,3802,2704,137,0,3561,0,0,0,0,0,0,0,0,0,0,0,0,0,0,0,0,0,0,0,0,0,0,0,0,15153,8257,2822,210,0,5954,0,11488,1220,492,0,8004,0,0,0,0,0,0,0,0,0,0,0,0,0,0,0,0,0,0,0,0,0,0,0,0,7435,15635,3291,0,0,6035,7718,4110,751,702,0,7923,0,0,0,0,0,0,0,0,0,0,0,0,0,0,0,0,0,0,0,0,0,0,0,0
gainesville,GRTC3zOCFSc8QMIrAtwtzw,3769,27617,6,0,0,259,4290,11048,962,0,0,5565,10,66,0,0,0,8,0,0,0,0,0,0,0,0,0,0,0,0,0,0,0,0,0,0,3454,28168,0,0,0,29,4606,10517,968,0,0,5774,9,46,0,0,0,29,0,0,0,0,0,0,0,0,0,0,0,0,0,0,0,0,0,0,3535,28113,0,0,0,3,4520,10571,967,0,0,5807,14,47,1,0,0,22,0,0,0,0,0,0,0,0,0,0,0,0,0,0,0,0,0,0
gainesville,GhbzPi4bva0g3AlMDcioOg,1830,43610,1506,0,0,3033,143,1939,412,8,0,681,61,50,65,202,0,60,0,0,0,0,0,0,0,0,0,0,0,0,0,0,0,0,0,0,2005,44705,403,164,0,2702,29,894,1167,46,0,1047,0,0,413,0,0,25,0,0,0,0,0,0,0,0,0,0,0,0,0,0,0,0,0,0,1983,44750,354,84,0,2808,51,849,1191,126,0,966,0,0,438,0,0,0,0,0,0,0,0,0,0,0,0,0,0,0,0,0,0,0,0,0
gainesville,HLLOIKVLXvOkBCREUvcBzg,1711,29114,1,76,0,0,4949,11802,425,2800,0,1757,11,20,38,7,0,8,0,0,0,0,0,0,0,0,26,823,0,32,0,0,0,0,0,0,0,30902,0,0,0,0,6522,9886,352,3705,0,1268,10,22,16,1,0,35,0,0,0,0,0,0,139,126,122,0,0,494,0,0,0,0,0,0,56,30844,0,0,0,2,6470,9932,356,3705,0,1270,1,30,7,1,0,45,0,0,0,0,0,0,144,130,127,0,0,480,0,0,0,0,0,0
gainesville,HoOapW5g53qbEFjLA7yv3Q,7172,43546,80,107,0,7,248,183,171,10,0,164,64,44,242,95,0,7,0,0,0,0,0,0,346,0,8,1106,0,0,0,0,0,0,0,0,6616,43429,72,642,0,153,587,72,18,99,0,0,0,0,1,451,0,0,0,0,0,0,0,0,627,272,410,126,0,25,0,0,0,0,0,0,6741,43415,71,534,0,151,482,76,12,206,0,0,0,0,0,452,0,0,0,0,0,0,0,0,607,282,418,126,0,27,0,0,0,0,0,0
gainesville,ICUoYVV_dXvc9W3ge2PnWg,1734,31776,1124,0,0,84,2528,13462,1634,3,0,1031,6,185,11,5,0,0,0,0,0,0,0,0,0,10,2,5,0,0,0,0,0,0,0,0,2549,30535,1629,0,0,5,1715,14898,1127,13,0,905,4,0,15,0,0,188,0,0,0,0,0,0,0,0,0,0,0,17,0,0,0,0,0,0,1690,31745,1140,0,0,143,2561,13688,1616,13,0,780,17,0,14,0,0,176,0,0,0,0,0,0,0,0,1,0,0,16,0,0,0,0,0,0
gainesville,Idfm_UDnRFcD78ZVeNnhVg,2906,40793,403,0,0,282,1426,6235,183,0,0,1283,0,1,0,0,0,1,0,0,0,0,0,0,0,0,70,1,0,16,0,0,0,0,0,0,2415,41549,419,0,0,1,1895,5413,237,1,0,1581,2,0,0,0,0,0,0,0,0,0,0,0,20,67,0,0,0,0,0,0,0,0,0,0,1849,42145,390,0,0,0,2441,4853,266,1,0,1566,0,2,0,0,0,0,0,0,0,0,0,0,42,29,0,0,0,16,0,0,0,0,0,0
gainesville,JlYp0BtvGCVeIqBady7pGg,5446,37756,836,4,0,7449,129,1141,120,0,0,583,30,0,28,0,0,78,0,0,0,0,0,0,0,0,0,0,0,0,0,0,0,0,0,0,5384,38569,716,0,0,6822,221,296,232,4,0,1220,0,32,36,0,0,68,0,0,0,0,0,0,0,0,0,0,0,0,0,0,0,0,0,0,5494,38609,718,0,0,6670,111,288,223,0,0,1351,0,0,43,4,0,89,0,0,0,0,0,0,0,0,0,0,0,0,0,0,0,0,0,0
gainesville,K732QTWoB9RZwrfSmw7RYA,994,24830,87,4,0,504,2213,20377,1607,102,0,2363,0,0,0,0,0,0,0,0,0,0,0,0,4,0,196,229,0,90,0,0,0,0,0,0,945,24381,844,0,0,249,2235,20692,728,310,0,2697,0,0,0,0,0,0,0,0,0,0,0,0,31,134,318,25,0,11,0,0,0,0,0,0,1050,24842,132,0,0,395,2089,20222,1509,291,0,2551,0,0,0,0,0,0,0,0,0,0,0,0,72,143,249,44,0,11,0,0,0,0,0,0
gainesville,KEwb17BzIjKVur60MpItuA,2190,37781,286,0,0,3280,890,7801,458,0,0,560,42,67,126,77,0,42,0,0,0,0,0,0,0,0,0,0,0,0,0,0,0,0,0,0,2133,40445,477,7,0,475,899,5175,338,70,0,3227,90,29,55,0,0,180,0,0,0,0,0,0,0,0,0,0,0,0,0,0,0,0,0,0,1681,40672,491,70,0,623,1436,4851,335,7,0,3080,5,126,44,0,0,179,0,0,0,0,0,0,0,0,0,0,0,0,0,0,0,0,0,0
gainesville,KbZFzQai9wfXijoQDscWFw,807,42150,2790,0,0,770,893,2776,2001,264,0,784,0,0,0,0,0,0,0,0,0,0,0,0,33,0,195,87,0,50,0,0,0,0,0,0,982,43195,1425,0,0,915,690,1699,3515,134,0,680,0,0,0,0,0,0,0,0,0,0,0,0,61,32,46,217,0,9,0,0,0,0,0,0,417,42856,3062,0,0,182,1300,2057,1801,140,0,1420,0,0,0,0,0,0,0,0,0,0,0,0,16,13,123,211,0,2,0,0,0,0,0,0
gainesville,KqZzM0v2PbaoxQmq6wk3Xw,1339,46729,73,0,0,621,832,2439,927,158,0,482,0,0,0,0,0,0,0,0,0,0,0,0,0,0,0,0,0,0,0,0,0,0,0,0,1155,46590,476,0,0,541,1016,2578,524,158,0,562,0,0,0,0,0,0,0,0,0,0,0,0,0,0,0,0,0,0,0,0,0,0,0,0,1386,46381,346,0,0,649,785,2787,654,158,0,454,0,0,0,0,0,0,0,0,0,0,0,0,0,0,0,0,0,0,0,0,0,0,0,0
gainesville,LDICnJgAhCSszYwolm8JRA,4029,12250,2288,16,0,78,6859,19452,6188,1062,0,1378,0,0,0,0,0,0,0,0,0,0,0,0,0,0,0,0,0,0,0,0,0,0,0,0,6887,9568,1622,467,0,117,4001,22134,6854,611,0,1339,0,0,0,0,0,0,0,0,0,0,0,0,0,0,0,0,0,0,0,0,0,0,0,0,6612,9831,1621,467,0,130,4276,21871,6855,611,0,1326,0,0,0,0,0,0,0,0,0,0,0,0,0,0,0,0,0,0,0,0,0,0,0,0
gainesville,LEM6UenW5sPkdj5aaW4thw,0,24764,761,258,0,20178,0,373,1844,16,0,4962,0,15,278,0,0,151,0,0,0,0,0,0,0,0,0,0,0,0,0,0,0,0,0,0,0,24790,134,0,0,21037,0,346,2508,274,0,4067,0,16,241,0,0,187,0,0,0,0,0,0,0,0,0,0,0,0,0,0,0,0,0,0,0,24658,347,0,0,20956,0,459,2170,274,0,4292,0,35,366,0,0,43,0,0,0,0,0,0,0,0,0,0,0,0,0,0,0,0,0,0
gainesville,LLc383eAyneHduBTInH9nw,180,47156,889,0,0,0,707,3640,176,0,0,852,0,0,0,0,0,0,0,0,0,0,0,0,0,0,0,0,0,0,0,0,0,0,0,0,372,47643,1,0,0,209,515,3153,1064,0,0,643,0,0,0,0,0,0,0,0,0,0,0,0,0,0,0,0,0,0,0,0,0,0,0,0,450,47416,138,0,0,221,437,3380,927,0,0,631,0,0,0,0,0,0,0,0,0,0,0,0,0,0,0,0,0,0,0,0,0,0,0,0
gainesville,MTDJakccuk6hQfnZ3QEjxQ,9541,33008,3227,0,0,1266,1693,2647,690,274,0,626,0,0,0,0,0,0,0,0,0,0,0,0,14,0,228,221,0,165,0,0,0,0,0,0,10784,34640,680,15,0,923,398,851,3159,401,0,1121,0,0,0,0,0,0,0,0,0,0,0,0,66,164,306,79,0,13,0,0,0,0,0,0,10845,34520,1064,0,0,613,346,984,2751,416,0,1433,0,0,0,0,0,0,0,0,0,0,0,0,57,151,330,79,0,11,0,0,0,0,0,0
gainesville,MVFGRGfew07C0mMkeXxhCA,664,37544,1318,0,0,2749,531,4943,3052,13,0,2786,0,0,0,0,0,0,0,0,0,0,0,0,0,0,0,0,0,0,0,0,0,0,0,0,529,38286,1696,13,0,1751,666,4201,2674,0,0,3784,0,0,0,0,0,0,0,0,0,0,0,0,0,0,0,0,0,0,0,0,0,0,0,0,585,38022,1640,0,0,2028,610,4465,2730,13,0,3507,0,0,0,0,0,0,0,0,0,0,0,0,0,0,0,0,0,0,0,0,0,0,0,0
gainesville,Mg3-OQnBkIqnfi4qnO5KbQ,20989,16531,4136,2031,0,8523,0,313,538,10,0,129,0,0,0,0,0,0,0,0,0,0,0,0,0,0,281,119,0,0,0,0,0,0,0,0,20989,16663,3883,2144,0,8531,0,160,693,16,0,121,0,0,0,0,0,0,0,0,0,0,0,0,0,21,379,0,0,0,0,0,0,0,0,0,20989,16426,4261,2160,0,8374,0,418,294,0,0,278,0,0,0,0,0,0,0,0,0,0,0,0,0,0,400,0,0,0,0,0,0,0,0,0
gainesville,Mm5gyUYqmJmjeGopC1IgKg,0,31830,2161,464,0,10375,983,2982,374,386,0,3967,0,0,0,0,0,0,0,0,0,0,0,0,0,0,6,70,0,2,0,0,0,0,0,0,702,32370,383,0,0,11375,281,2436,2148,905,0,2922,0,0,0,0,0,0,0,0,0,0,0,0,0,6,10,15,0,47,0,0,0,0,0,0,502,32142,268,93,0,11825,481,2670,2225,797,0,2519,0,0,0,0,0,0,0,0,0,0,0,0,0,0,48,30,0,0,0,0,0,0,0,0
gainesville,PSS2iz32Sj0nE2ILJ6i8rA,435,35715,7,0,0,0,1845,14839,56,75,0,456,96,54,6,16,0,0,0,0,0,0,0,0,0,0,0,0,0,0,0,0,0,0,0,0,1790,34061,13,18,0,275,538,16546,45,53,0,89,48,1,11,20,0,92,0,0,0,0,0,0,0,0,0,0,0,0,0,0,0,0,0,0,1842,33891,24,30,0,370,529,16630,25,50,0,37,5,87,20,11,0,49,0,0,0,0,0,0,0,0,0,0,0,0,0,0,0,0,0,0
gainesville,P_bUUx5CIFcylFd9UAZRug,793,43849,77,0,0,578,1404,1502,903,355,0,2493,117,553,556,0,0,420,0,0,0,0,0,0,0,0,0,0,0,0,0,0,0,0,0,0,1438,41238,540,0,0,2081,609,4367,647,0,0,1034,267,299,349,355,0,376,0,0,0,0,0,0,0,0,0,0,0,0,0,0,0,0,0,0,1347,41204,325,97,0,2324,536,4537,479,178,0,927,431,163,732,80,0,240,0,0,0,0,0,0,0,0,0,0,0,0,0,0,0,0,0,0
gainesville,SxMVl_DRQndQkQAvu9a01Q,1467,36657,57,0,0,113,1669,10332,460,12,0,2832,0,0,0,0,0,0,0,0,0,0,0,0,0,0,0,0,0,1,0,0,0,0,0,0,750,37540,0,0,0,4,2386,9448,517,12,0,2942,0,0,0,0,0,0,0,0,0,0,0,0,0,1,0,0,0,0,0,0,0,0,0,0,798,37372,10,0,0,114,2338,9617,507,12,0,2831,0,0,0,0,0,0,0,0,0,0,0,0,0,0,0,0,0,1,0,0,0,0,0,0
gainesville,TsU9TS4hpMHXVwv-YIrvCQ,8865,3090,14,0,0,1736,9297,21790,7327,170,0,1307,2,0,0,0,0,2,0,0,0,0,0,0,0,0,0,0,0,0,0,0,0,0,0,0,3125,8127,2442,0,0,11,15039,16749,4899,170,0,3034,0,4,0,0,0,0,0,0,0,0,0,0,0,0,0,0,0,0,0,0,0,0,0,0,3064,8960,1681,0,0,0,15100,15916,5660,170,0,3045,0,4,0,0,0,0,0,0,0,0,0,0,0,0,0,0,0,0,0,0,0,0,0,0
gainesville,UPTPPrW6iUFocod220aq8g,2074,46318,5,0,0,1974,365,1940,90,35,0,658,53,10,7,0,0,71,0,0,0,0,0,0,0,0,0,0,0,0,0,0,0,0,0,0,2167,45573,98,33,0,2500,299,2668,0,0,0,121,26,27,4,2,0,82,0,0,0,0,0,0,0,0,0,0,0,0,0,0,0,0,0,0,2265,45734,74,26,0,2272,227,2522,19,0,0,320,0,12,9,9,0,111,0,0,0,0,0,0,0,0,0,0,0,0,0,0,0,0,0,0
gainesville,UrwK5NxGtb1p1lGv2EIgdg,3924,42624,166,0,0,2911,198,153,43,46,0,3303,0,0,47,106,0,79,0,0,0,0,0,0,0,0,0,0,0,0,0,0,0,0,0,0,3665,40943,206,92,0,4719,433,1626,50,60,0,1574,24,208,0,0,0,0,0,0,0,0,0,0,0,0,0,0,0,0,0,0,0,0,0,0,3914,41062,162,0,0,4487,208,1595,84,152,0,1704,0,120,10,0,0,102,0,0,0,0,0,0,0,0,0,0,0,0,0,0,0,0,0,0
gainesville,V1ze8IkgvM7tXueCGVfzbw,396,23424,0,0,598,827,1786,23384,624,105,0,2402,0,0,0,0,0,0,0,0,0,0,0,0,0,0,0,46,0,8,0,0,0,0,0,0,768,23400,31,0,598,448,1414,23359,588,151,0,2789,0,0,0,0,0,0,0,0,0,0,0,0,0,49,5,0,0,0,0,0,0,0,0,0,672,23001,46,0,598,928,1510,23800,542,151,0,2298,0,0,0,0,0,0,0,0,0,0,0,0,0,7,36,0,0,11,0,0,0,0,0,0
gainesville,VYsAOBkJ-7hdoDBIOhr-nQ,1232,10041,644,0,0,1116,1518,33160,1107,0,0,4383,76,109,21,0,0,193,0,0,0,0,0,0,0,0,0,0,0,0,0,0,0,0,0,0,367,10408,181,0,0,2077,2424,32885,1434,0,0,3425,35,17,157,0,0,190,0,0,0,0,0,0,0,0,0,0,0,0,0,0,0,0,0,0,337,10474,72,0,0,2150,2449,32811,1508,0,0,3400,40,25,192,0,0,142,0,0,0,0,0,0,0,0,0,0,0,0,0,0,0,0,0,0
gainesville,WVSHD61mDgZmv8fnzj3i6Q,6071,7968,7922,1266,0,23638,77,1129,3363,341,0,199,0,0,18,25,0,0,0,0,0,0,0,0,0,0,1027,556,0,0,0,0,0,0,0,0,6085,8627,7763,764,0,23626,63,139,3343,1361,0,203,0,0,3,40,0,0,0,0,0,0,0,0,0,331,1221,23,0,8,0,0,0,0,0,0,6046,8785,7468,962,0,23604,102,97,3626,1051,0,233,0,0,43,0,0,0,0,0,0,0,0,0,0,215,1193,175,0,0,0,0,0,0,0,0
gainesville,X45JWReulQB2gYvNrbUKGA,2769,31599,150,0,0,2674,141,11780,882,0,0,3584,0,21,0,0,0,0,0,0,0,0,0,0,0,0,0,0,0,0,0,0,0,0,0,0,1214,34106,611,0,0,1261,1687,9284,421,0,0,4995,9,10,0,0,0,2,0,0,0,0,0,0,0,0,0,0,0,0,0,0,0,0,0,0,948,34790,469,0,0,985,1958,8597,560,0,0,5272,4,13,3,0,0,1,0,0,0,0,0,0,0,0,0,0,0,0,0,0,0,0,0,0
gainesville,XRcpuzY4BC5AypmNXaQuyQ,1815,14349,0,0,0,3023,727,22171,1833,20,0,9632,6,18,0,0,0,6,0,0,0,0,0,0,0,0,0,0,0,0,0,0,0,0,0,0,0,14631,314,0,0,4242,2548,21878,1519,20,0,8418,0,29,0,0,0,1,0,0,0,0,0,0,0,0,0,0,0,0,0,0,0,0,0,0,0,14636,67,0,0,4484,2548,21884,1761,20,0,8170,0,18,5,0,0,7,0,0,0,0,0,0,0,0,0,0,0,0,0,0,0,0,0,0
gainesville,XWhHaUuheK2ypAkTt10B8A,2824,34259,341,0,0,4092,1049,9314,279,0,0,1442,0,0,0,0,0,0,0,0,0,0,0,0,0,0,0,0,0,0,0,0,0,0,0,0,1187,38768,189,0,0,1372,2686,4805,431,0,0,4162,0,0,0,0,0,0,0,0,0,0,0,0,0,0,0,0,0,0,0,0,0,0,0,0,1105,38961,196,0,0,1254,2768,4612,424,0,0,4280,0,0,0,0,0,0,0,0,0,0,0,0,0,0,0,0,0,0,0,0,0,0,0,0
gainesville,XuX3LCIaNmEI9FSBenjToA,1802,48867,1057,0,0,1578,65,76,85,0,0,70,0,0,0,0,0,0,0,0,0,0,0,0,0,0,0,0,0,0,0,0,0,0,0,0,1787,48817,1061,0,0,1639,80,126,81,0,0,9,0,0,0,0,0,0,0,0,0,0,0,0,0,0,0,0,0,0,0,0,0,0,0,0,1848,48940,892,0,0,1624,19,3,250,0,0,24,0,0,0,0,0,0,0,0,0,0,0,0,0,0,0,0,0,0,0,0,0,0,0,0
gainesville,YDTr8LXPDt5ieA8MA6ZXLA,0,44711,0,0,0,0,1232,7244,10,0,0,396,7,0,0,0,0,0,0,0,0,0,0,0,0,0,0,0,0,0,0,0,0,0,0,0,729,43952,0,0,0,30,510,8003,9,0,0,360,0,0,1,0,0,6,0,0,0,0,0,0,0,0,0,0,0,0,0,0,0,0,0,0,378,44333,0,0,0,0,860,7616,10,0,0,396,1,6,0,0,0,0,0,0,0,0,0,0,0,0,0,0,0,0,0,0,0,0,0,0
gainesville,YckCrqJ_I8sBF8wU5FpITw,288,35686,19,0,0,769,2261,7611,131,10,0,5880,16,0,21,0,0,908,0,0,0,0,0,0,0,0,0,0,0,0,0,0,0,0,0,0,2146,30380,0,0,0,4236,410,12764,162,3,0,2554,9,153,9,7,0,767,0,0,0,0,0,0,0,0,0,0,0,0,0,0,0,0,0,0,2143,30388,0,0,0,4231,386,12909,101,3,0,2494,36,0,70,7,0,832,0,0,0,0,0,0,0,0,0,0,0,0,0,0,0,0,0,0
gainesville,Z0pMjC8iJ6EDQzsBBrr_5Q,2107,44620,4099,6,0,2267,10,0,474,0,0,17,0,0,0,0,0,0,0,0,0,0,0,0,0,0,0,0,0,0,0,0,0,0,0,0,2079,44484,4403,6,0,2127,38,136,170,0,0,157,0,0,0,0,0,0,0,0,0,0,0,0,0,0,0,0,0,0,0,0,0,0,0,0,2093,44564,4371,6,0,2065,24,56,202,0,0,219,0,0,0,0,0,0,0,0,0,0,0,0,0,0,0,0,0,0,0,0,0,0,0,0
gainesville,_2GSllZzac7Zfd02VoVgCA,9823,20541,2,0,0,2412,1610,14464,625,66,0,4057,0,0,0,0,0,0,0,0,0,0,0,0,0,0,0,0,0,0,0,0,0,0,0,0,5203,26262,65,0,0,1248,6230,8743,562,66,0,5221,0,0,0,0,0,0,0,0,0,0,0,0,0,0,0,0,0,0,0,0,0,0,0,0,2969,28316,15,0,0,1478,8464,6689,612,66,0,4991,0,0,0,0,0,0,0,0,0,0,0,0,0,0,0,0,0,0,0,0,0,0,0,0
gainesville,b-azHLq5uJSlywVqKYbgHA,4055,22113,2535,44,0,7,1318,9203,1108,312,0,241,2088,8718,279,5,0,1562,0,0,0,0,0,0,0,0,2,5,0,5,0,0,0,0,0,0,1751,25860,119,0,0,1024,1380,9738,430,10,0,624,4324,4435,3375,356,0,162,0,0,0,0,0,0,6,1,0,0,0,5,0,0,0,0,0,0,1720,25765,154,3,0,1112,1417,9800,305,116,0,544,4324,4469,3465,235,0,159,0,0,0,0,0,0,0,0,0,12,0,0,0,0,0,0,0,0
gainesville,bcNsOc7RlDm9L9VmIGXYpg,1156,34178,176,9,0,948,2561,12632,905,93,0,549,28,193,106,12,0,54,0,0,0,0,0,0,0,0,0,0,0,0,0,0,0,0,0,0,1129,34748,567,0,0,23,2600,12206,383,42,0,1509,16,49,237,72,0,19,0,0,0,0,0,0,0,0,0,0,0,0,0,0,0,0,0,0,1330,35010,40,0,0,87,2358,11746,1138,73,0,1425,57,247,9,41,0,39,0,0,0,0,0,0,0,0,0,0,0,0,0,0,0,0,0,0
gainesville,dVrNCxUTFAfeyVNMXQ1LTw,0,21540,448,0,0,0,2298,24050,1374,3,2,2690,67,693,282,31,0,122,0,0,0,0,0,0,0,0,0,0,0,0,0,0,0,0,0,0,763,21188,20,0,0,17,1471,24959,1892,34,2,2059,131,136,192,0,0,736,0,0,0,0,0,0,0,0,0,0,0,0,0,0,0,0,0,0,1467,19827,19,0,0,675,826,25609,2012,34,2,1934,72,847,73,0,0,203,0,0,0,0,0,0,0,0,0,0,0,0,0,0,0,0,0,0
gainesville,dXNmCM3bRYfsvQ7xPivHaw,1415,23886,0,0,0,0,5763,18424,135,0,0,120,1035,2174,348,150,0,143,0,7,0,0,0,0,0,0,0,0,0,0,0,0,0,0,0,0,4635,20606,60,0,0,0,2479,21259,411,150,0,143,1099,2619,12,0,0,120,0,7,0,0,0,0,0,0,0,0,0,0,0,0,0,0,0,0,5771,19530,0,0,0,0,2253,21593,299,150,0,147,182,3368,184,0,0,116,7,0,0,0,0,0,0,0,0,0,0,0,0,0,0,0,0,0
gainesville,dvMvyySAGHbGLfSDgYWHsw,176,16274,0,0,0,423,936,30735,51,0,0,5005,0,0,0,0,0,0,0,0,0,0,0,0,0,0,0,0,0,0,0,0,0,0,0,0,499,14878,0,0,0,1496,613,32131,51,0,0,3932,0,0,0,0,0,0,0,0,0,0,0,0,0,0,0,0,0,0,0,0,0,0,0,0,536,14779,0,0,0,1558,576,32230,51,0,0,3870,0,0,0,0,0,0,0,0,0,0,0,0,0,0,0,0,0,0,0,0,0,0,0,0
gainesville,eW6Mi_5E32tMqZTu_731bw,3392,35849,281,30,0,11626,1,56,464,174,0,1637,0,0,0,0,0,0,0,0,0,0,0,0,0,0,21,69,0,0,0,0,0,0,0,0,3393,35850,270,147,0,11518,0,55,493,126,0,1658,0,0,0,0,0,0,0,0,0,0,0,0,0,0,3,0,0,87,0,0,0,0,0,0,3393,35867,326,98,0,11494,0,38,436,175,0,1683,0,0,0,0,0,0,0,0,0,0,0,0,0,0,4,0,0,86,0,0,0,0,0,0
gainesville,fOc-SxUHjTYKCGN83egiYA,621,46996,68,0,0,455,777,3128,217,0,0,1121,0,0,0,0,0,0,0,0,0,0,0,0,0,0,110,79,0,28,0,0,0,0,0,0,686,46934,27,0,0,493,712,2973,368,79,0,1111,0,0,0,0,0,0,0,0,0,0,0,0,0,217,0,0,0,0,0,0,0,0,0,0,642,46898,54,0,0,546,756,3009,341,79,0,1058,0,0,0,0,0,0,0,0,0,0,0,0,0,217,0,0,0,0,0,0,0,0,0,0
gainesville,g7ZWUQeOp1Kl0LrWi0qrWw,0,18528,0,0,0,0,3092,29739,1193,33,0,773,7,53,29,0,0,0,0,0,0,0,0,0,9,0,140,4,0,0,0,0,0,0,0,0,1293,17211,0,0,0,24,1781,31080,1243,9,0,717,6,29,22,0,0,32,0,0,0,0,0,0,28,0,97,28,0,0,0,0,0,0,0,0,1130,17380,0,0,0,18,1962,30911,1198,4,0,755,5,29,55,0,0,0,0,0,0,0,0,0,11,0,109,33,0,0,0,0,0,0,0,0
gainesville,g8Jd1uL_FE_9eave1z2OpA,4010,32577,1990,0,0,9958,934,2506,461,0,0,1164,0,0,0,0,0,0,0,0,0,0,0,0,0,0,0,0,0,0,0,0,0,0,0,0,3978,33154,1879,0,0,9524,966,1929,572,0,0,1598,0,0,0,0,0,0,0,0,0,0,0,0,0,0,0,0,0,0,0,0,0,0,0,0,4453,33151,1278,0,0,9653,491,1932,1173,0,0,1469,0,0,0,0,0,0,0,0,0,0,0,0,0,0,0,0,0,0,0,0,0,0,0,0
gainesville,gcAfPhmNaIDewoRc5O6yZQ,1939,37065,324,40,0,3008,43,6142,542,879,0,3609,0,0,0,0,0,0,0,0,0,0,0,0,0,0,0,8,0,1,0,0,0,0,0,0,1655,38252,43,510,0,1916,327,4955,822,412,0,4699,0,0,0,0,0,0,0,0,0,0,0,0,0,0,1,5,0,3,0,0,0,0,0,0,1108,39001,47,179,0,2041,874,4206,819,739,0,4577,0,0,0,0,0,0,0,0,0,0,0,0,0,0,0,9,0,0,0,0,0,0,0,0
gainesville,h7I_Gn2mXFsjt09ESdkoOg,65,7422,96,0,0,12560,181,24589,592,12,0,8083,0,0,0,0,0,0,0,0,0,0,0,0,0,0,0,0,0,0,0,0,0,0,0,0,52,16882,136,0,0,3073,194,15129,552,12,0,17570,0,0,0,0,0,0,0,0,0,0,0,0,0,0,0,0,0,0,0,0,0,0,0,0,0,16679,203,0,0,3261,246,15332,485,12,0,17382,0,0,0,0,0,0,0,0,0,0,0,0,0,0,0,0,0,0,0,0,0,0,0,0
gainesville,hlYnMGBEa12Ajij0iL7yxg,0,17615,0,0,0,76,1028,31868,194,60,0,2759,0,0,0,0,0,0,0,0,0,0,0,0,0,0,0,0,0,0,0,0,0,0,0,0,17,17661,0,0,0,13,1011,31822,194,60,0,2822,0,0,0,0,0,0,0,0,0,0,0,0,0,0,0,0,0,0,0,0,0,0,0,0,0,17392,0,0,0,299,1028,32091,194,60,0,2536,0,0,0,0,0,0,0,0,0,0,0,0,0,0,0,0,0,0,0,0,0,0,0,0
gainesville,ipoVm9spHhQGCMROwSdmmA,2956,41327,25,889,0,3792,243,376,2,391,0,361,1582,1360,94,164,0,38,0,0,0,0,0,0,0,0,0,0,0,0,0,0,0,0,0,0,3459,41863,59,9,0,3599,324,853,35,155,0,6,998,347,27,1280,0,586,0,0,0,0,0,0,0,0,0,0,0,0,0,0,0,0,0,0,3267,41837,84,164,0,3637,549,756,10,0,0,58,965,470,27,1280,0,496,0,0,0,0,0,0,0,0,0,0,0,0,0,0,0,0,0,0
gainesville,jE7jfpgpMn1zP3_DMdvMTg,107,39286,114,0,0,121,1693,9655,188,370,0,2066,0,0,0,0,0,0,0,0,0,0,0,0,0,0,0,0,0,0,0,0,0,0,0,0,606,38458,25,0,0,539,1194,10483,277,370,0,1648,0,0,0,0,0,0,0,0,0,0,0,0,0,0,0,0,0,0,0,0,0,0,0,0,1098,37288,1,226,0,1015,702,11653,301,144,0,1172,0,0,0,0,0,0,0,0,0,0,0,0,0,0,0,0,0,0,0,0,0,0,0,0
gainesville,jL3wxV95A0lO2xKUQukpIg,1741,35805,108,0,0,2399,2298,7397,1334,284,0,1993,0,0,0,0,0,0,0,0,0,0,0,0,0,0,241,0,0,0,0,0,0,0,0,0,2371,35513,241,179,0,1749,1668,7527,1417,104,0,2590,0,0,0,0,0,0,0,0,0,0,0,0,0,162,25,1,0,53,0,0,0,0,0,0,2765,35430,148,0,0,1710,1274,7607,1495,284,0,2646,0,0,0,0,0,0,0,0,0,0,0,0,0,165,40,0,0,36,0,0,0,0,0,0
gainesville,jqZrc8lSwNpLZbLrixSduQ,1567,30360,1307,434,0,3149,1950,10499,445,1964,0,1780,0,0,0,0,0,0,0,0,0,0,0,0,6,0,90,49,0,0,0,0,0,0,0,0,1952,31402,356,1380,0,1727,1563,9457,1403,1013,0,3202,0,0,0,0,0,0,0,0,0,0,0,0,8,0,83,54,0,0,0,0,0,0,0,0,1992,31365,167,1425,0,1868,1531,9494,1607,945,0,3061,0,0,0,0,0,0,0,0,0,0,0,0,0,0,68,77,0,0,0,0,0,0,0,0
gainesville,kU1NFVXyUkQzaPpROkDVNg,5417,16420,805,11,0,0,644,29278,837,80,0,24,0,0,0,0,0,0,0,0,0,0,0,0,29,0,26,29,0,0,0,0,0,0,0,0,2841,19740,57,15,0,0,3202,25933,1601,103,0,24,0,0,0,0,0,0,0,0,0,0,0,0,47,25,10,2,0,0,0,0,0,0,0,0,3079,19206,321,47,0,0,2987,26492,1339,21,0,24,0,0,0,0,0,0,0,0,0,0,0,0,24,0,8,52,0,0,0,0,0,0,0,0
gainesville,ki1YlBoTB-ARFE17nF4PPg,3314,34795,95,197,0,49,3256,8682,188,1868,0,659,0,1,0,0,0,0,0,0,0,0,0,0,0,0,6,490,0,0,0,0,0,0,0,0,3442,34474,87,159,0,288,3100,8902,132,2133,0,386,0,0,0,1,0,0,0,0,0,0,0,0,28,102,70,262,0,34,0,0,0,0,0,0,3659,34386,86,132,0,187,2910,9092,178,1953,0,520,1,0,0,0,0,0,0,0,0,0,0,0,0,0,25,470,0,1,0,0,0,0,0,0
gainesville,kjXjoHf2E-tZuI7RwMPgsw,1034,41243,0,0,0,0,2752,6255,801,0,0,1515,0,0,0,0,0,0,0,0,0,0,0,0,0,0,0,0,0,0,0,0,0,0,0,0,0,42275,2,0,0,0,3786,5223,799,0,0,1515,0,0,0,0,0,0,0,0,0,0,0,0,0,0,0,0,0,0,0,0,0,0,0,0,19,42258,0,0,0,0,3767,5240,801,0,0,1515,0,0,0,0,0,0,0,0,0,0,0,0,0,0,0,0,0,0,0,0,0,0,0,0
gainesville,kozsgHrge4ofusqK2D_Hlw,3707,33986,0,0,0,1050,621,13377,563,0,0,296,0,0,0,0,0,0,0,0,0,0,0,0,0,0,0,0,0,0,0,0,0,0,0,0,529,37738,422,0,0,54,3799,9625,141,0,0,1292,0,0,0,0,0,0,0,0,0,0,0,0,0,0,0,0,0,0,0,0,0,0,0,0,537,37603,535,0,0,68,3791,9760,28,0,0,1278,0,0,0,0,0,0,0,0,0,0,0,0,0,0,0,0,0,0,0,0,0,0,0,0
gainesville,ld_LKRyg3hte-YCeFY3avQ,9994,29521,11,0,0,2882,376,8580,141,0,0,2095,0,0,0,0,0,0,0,0,0,0,0,0,0,0,0,0,0,0,0,0,0,0,0,0,7336,33901,33,0,0,1138,3034,4200,119,0,0,3839,0,0,0,0,0,0,0,0,0,0,0,0,0,0,0,0,0,0,0,0,0,0,0,0,10138,30135,30,0,0,2105,232,7966,122,0,0,2872,0,0,0,0,0,0,0,0,0,0,0,0,0,0,0,0,0,0,0,0,0,0,0,0
gainesville,mMSFxX8cKDjvaOmsrguJEA,746,28710,2,1,0,16,3107,19980,813,0,0,199,0,0,0,0,0,0,0,0,0,0,0,0,0,15,10,1,0,0,0,0,0,0,0,0,763,28695,0,0,0,17,3080,19994,825,2,0,198,0,0,0,0,0,0,0,0,0,0,0,0,10,16,0,0,0,0,0,0,0,0,0,0,660,28295,331,0,0,189,3193,20410,468,2,0,26,0,0,0,0,0,0,0,0,0,0,0,0,0,0,26,0,0,0,0,0,0,0,0,0
gainesville,orMHYZcfpk4vTLLG6ciKUA,754,35720,403,2,0,477,180,11852,56,0,0,222,196,3176,21,0,0,474,0,0,0,0,0,0,0,0,61,6,0,0,0,0,0,0,0,0,152,36798,2,0,0,404,265,11933,34,0,0,78,704,2005,505,8,0,645,0,0,0,0,0,0,9,12,0,0,0,46,0,0,0,0,0,0,125,36952,28,0,0,251,186,11820,8,0,0,296,805,1925,503,8,0,626,0,0,0,0,0,0,14,51,2,0,0,0,0,0,0,0,0,0
gainesville,oyTDvou4dK-Hm3v-cIaToQ,533,42100,1453,2165,0,7251,2,67,29,0,0,0,0,0,0,0,0,0,0,0,0,0,0,0,0,0,0,0,0,0,0,0,0,0,0,0,535,42167,1475,2150,0,7175,0,0,7,15,0,76,0,0,0,0,0,0,0,0,0,0,0,0,0,0,0,0,0,0,0,0,0,0,0,0,535,42147,1446,2123,0,7251,0,20,36,42,0,0,0,0,0,0,0,0,0,0,0,0,0,0,0,0,0,0,0,0,0,0,0,0,0,0
gainesville,pM_zjaOL4jt8_niIC0EU2Q,2724,33668,99,8,0,538,4041,9651,597,8,0,2266,0,0,0,0,0,0,0,0,0,0,0,0,0,0,0,0,0,0,0,0,0,0,0,0,3866,32863,36,0,0,272,2899,10456,660,16,0,2532,0,0,0,0,0,0,0,0,0,0,0,0,0,0,0,0,0,0,0,0,0,0,0,0,3783,31798,121,0,0,1335,2982,11521,575,16,0,1469,0,0,0,0,0,0,0,0,0,0,0,0,0,0,0,0,0,0,0,0,0,0,0,0
gainesville,q2yX7pwQF7_3SFGxEqlDHQ,28,45394,79,0,0,0,572,6462,311,15,0,739,0,0,0,0,0,0,0,0,0,0,0,0,0,0,0,0,0,0,0,0,0,0,0,0,265,44900,192,0,0,144,335,6956,198,15,0,595,0,0,0,0,0,0,0,0,0,0,0,0,0,0,0,0,0,0,0,0,0,0,0,0,246,45130,11,0,0,114,354,6726,379,15,0,625,0,0,0,0,0,0,0,0,0,0,0,0,0,0,0,0,0,0,0,0,0,0,0,0
gainesville,qAP6awcZVDK19stGxM31jQ,35278,2578,1262,0,0,7655,1651,2781,468,0,0,601,1,20,76,1,0,0,0,0,0,0,0,0,6,0,613,422,0,187,0,0,0,0,0,0,36271,3290,604,95,0,6513,596,1302,1410,328,0,1865,4,45,44,0,0,5,0,0,0,0,0,0,65,742,361,0,0,60,0,0,0,0,0,0,35155,2175,1238,257,0,7948,1685,2911,580,16,0,309,0,0,3,93,0,2,0,0,0,0,0,0,96,293,598,57,0,184,0,0,0,0,0,0
gainesville,r2EDHivQkQoWWelu3IZOxg,1354,38035,0,0,0,17,3840,7668,465,482,0,1739,0,0,0,0,0,0,0,0,0,0,0,0,0,0,0,0,0,0,0,0,0,0,0,0,1674,37022,16,192,0,502,3520,8681,449,290,0,1254,0,0,0,0,0,0,0,0,0,0,0,0,0,0,0,0,0,0,0,0,0,0,0,0,1466,37822,5,0,0,113,3728,7881,460,482,0,1643,0,0,0,0,0,0,0,0,0,0,0,0,0,0,0,0,0,0,0,0,0,0,0,0
gainesville,rFa5e9WO2AombOfKxw1GzA,3360,43162,194,0,0,1025,884,3823,312,463,0,366,0,0,0,0,0,0,0,0,0,0,0,0,0,0,0,11,0,0,0,0,0,0,0,0,2740,44329,136,302,0,234,1504,2656,368,172,0,1148,0,0,0,0,0,0,0,0,0,0,0,0,0,0,2,0,0,9,0,0,0,0,0,0,2969,43405,290,0,0,1077,1275,3580,210,469,0,314,0,0,0,0,0,0,0,0,0,0,0,0,0,0,6,5,0,0,0,0,0,0,0,0
gainesville,s7wxqo3wnK-LD6bUkCRGzA,28130,12628,2021,1323,0,5567,131,1259,546,1481,0,53,1,1,20,0,0,10,0,0,0,0,0,0,2,0,130,259,0,38,0,0,0,0,0,0,27964,12588,1174,2703,0,5240,288,964,1430,360,0,428,0,32,0,0,0,0,0,0,0,0,0,0,12,304,113,0,0,0,0,0,0,0,0,0,28100,12669,1441,2437,0,5022,164,1210,1173,289,0,634,0,9,23,0,0,0,0,0,0,0,0,0,0,0,80,337,0,12,0,0,0,0,0,0
gainesville,sIW4u-Mq7TORFHbsswcCzQ,1332,19602,61,31,0,1210,2148,23580,577,482,0,4478,0,89,0,0,0,10,0,0,0,0,0,0,0,0,0,0,0,0,0,0,0,0,0,0,773,20363,104,0,0,996,2685,22840,534,513,0,4693,22,68,0,0,0,9,0,0,0,0,0,0,0,0,0,0,0,0,0,0,0,0,0,0,814,20081,9,56,0,1276,2642,23119,629,457,0,4418,24,71,0,0,0,4,0,0,0,0,0,0,0,0,0,0,0,0,0,0,0,0,0,0
gainesville,scWBbnWIHdaaBRanRNRa4Q,249,33331,0,0,0,168,2236,13795,80,0,0,3739,1,1,0,0,0,0,0,0,0,0,0,0,0,0,0,0,0,0,0,0,0,0,0,0,820,32115,45,0,0,768,1666,15011,35,0,0,3138,0,1,0,0,0,1,0,0,0,0,0,0,0,0,0,0,0,0,0,0,0,0,0,0,852,32001,46,0,0,849,1634,15125,34,0,0,3057,0,1,0,0,0,1,0,0,0,0,0,0,0,0,0,0,0,0,0,0,0,0,0,0
gainesville,smIcY196GPbaTpEbjkA7aA,4384,27217,417,0,0,894,1763,10781,2428,10,0,5681,0,0,0,0,0,0,0,0,0,0,0,0,0,0,21,0,0,4,0,0,0,0,0,0,5474,24217,238,0,0,2983,673,13781,2621,10,0,3578,0,0,0,0,0,0,0,0,0,0,0,0,0,0,7,0,0,18,0,0,0,0,0,0,5498,24293,40,0,0,3081,649,13704,2802,10,0,3498,0,0,0,0,0,0,0,0,0,0,0,0,0,1,24,0,0,0,0,0,0,0,0,0
gainesville,tD8uJ0wHWy0RNPwb73S7Og,13784,18566,38,0,0,151,6024,12498,416,229,0,1798,20,61,7,0,0,0,0,0,0,0,0,0,0,0,0,8,0,0,0,0,0,0,0,0,10581,21664,59,0,0,235,9189,9461,399,237,0,1679,51,0,3,0,0,34,0,0,0,0,0,0,7,0,0,0,0,1,0,0,0,0,0,0,14053,18282,47,0,0,157,5773,12836,409,165,0,1782,0,1,5,72,0,10,0,0,0,0,0,0,2,6,0,0,0,0,0,0,0,0,0,0
gainesville,taAM_J38w0t7x9p1iOGptw,18405,18271,6697,175,228,4953,38,1520,1839,99,0,1375,0,0,0,0,0,0,0,0,0,0,0,0,0,0,0,0,0,0,0,0,0,0,0,0,17634,18694,6930,270,228,4973,809,1097,1606,4,0,1355,0,0,0,0,0,0,0,0,0,0,0,0,0,0,0,0,0,0,0,0,0,0,0,0,18427,18283,6975,224,228,4592,16,1508,1561,50,0,1736,0,0,0,0,0,0,0,0,0,0,0,0,0,0,0,0,0,0,0,0,0,0,0,0
gainesville,u0S_61wv1Q10xayttHdcbg,2045,37787,0,56,0,6493,67,1253,3,848,0,3440,6,1,0,364,0,56,0,0,0,0,0,0,60,17,193,880,0,31,0,0,0,0,0,0,2052,38286,6,1012,0,5025,126,772,189,1136,0,3388,0,0,1,0,0,426,0,0,0,0,0,0,0,0,0,0,0,1181,0,0,0,0,0,0,2178,38446,54,792,0,4911,0,612,142,1355,0,3502,0,0,0,1,0,426,0,0,0,0,0,0,0,0,0,0,0,1181,0,0,0,0,0,0
gainesville,vbW2W3-AE2tr1NJYHCuHgw,1975,41716,30,0,0,2181,2189,3269,79,5,0,2156,0,0,0,0,0,0,0,0,0,0,0,0,0,0,0,0,0,0,0,0,0,0,0,0,2824,40815,28,0,0,2235,1340,4170,81,5,0,2102,0,0,0,0,0,0,0,0,0,0,0,0,0,0,0,0,0,0,0,0,0,0,0,0,3162,39939,31,0,0,2770,1002,5046,78,5,0,1567,0,0,0,0,0,0,0,0,0,0,0,0,0,0,0,0,0,0,0,0,0,0,0,0
gainesville,wwbkgmoKv4MS5sMy3PGhqA,24,42476,15,0,0,0,907,9001,698,0,0,479,0,0,0,0,0,0,0,0,0,0,0,0,0,0,0,0,0,0,0,0,0,0,0,0,66,42347,102,0,0,0,865,9130,611,0,0,479,0,0,0,0,0,0,0,0,0,0,0,0,0,0,0,0,0,0,0,0,0,0,0,0,19,42474,22,0,0,0,912,9003,691,0,0,479,0,0,0,0,0,0,0,0,0,0,0,0,0,0,0,0,0,0,0,0,0,0,0,0
gainesville,xExZyWexGcwGNf5LNhQBRg,1076,36831,0,287,0,0,1201,9171,313,599,0,4095,0,0,0,0,0,0,0,0,0,0,0,0,0,0,0,24,0,3,0,0,0,0,0,0,486,36372,77,0,0,1259,1791,9629,227,910,0,2822,0,0,0,0,0,0,0,0,0,0,0,0,0,1,9,0,0,17,0,0,0,0,0,0,493,36146,0,0,0,1555,1784,9856,313,910,0,2516,0,0,0,0,0,0,0,0,0,0,0,0,0,0,0,0,0,27,0,0,0,0,0,0
gainesville,xMY6EkmbN9OZqwHeC_S7Zg,3962,42540,276,296,0,850,786,2430,975,0,0,1485,0,0,0,0,0,0,0,0,0,0,0,0,0,0,0,0,0,0,0,0,0,0,0,0,4062,41037,1017,2,0,1806,686,3933,234,294,0,529,0,0,0,0,0,0,0,0,0,0,0,0,0,0,0,0,0,0,0,0,0,0,0,0,4552,40250,1156,296,0,1670,196,4720,95,0,0,665,0,0,0,0,0,0,0,0,0,0,0,0,0,0,0,0,0,0,0,0,0,0,0,0
gainesville,yQOkeKGLo1dFuhOO7BFRFg,830,22419,124,0,0,296,1236,26725,455,17,6,1143,0,0,0,0,0,0,0,0,0,0,0,0,0,3,264,76,0,6,0,0,0,0,0,0,321,22581,312,82,6,367,1682,26566,457,10,0,867,0,0,0,0,0,0,0,0,0,0,0,0,63,0,74,1,0,211,0,0,0,0,0,0,169,23044,66,1,0,389,1867,26103,613,11,6,982,0,0,0,0,0,0,0,0,0,0,0,0,30,0,164,81,0,74,0,0,0,0,0,0
sao_paulo,-pcHlrGDC4hPPRHVxU3W3Q,1388,32465,3232,0,0,0,1594,7580,1401,1162,0,341,326,3178,535,141,0,1,0,0,0,0,0,0,0,0,61,195,0,0,0,0,0,0,0,0,1664,32687,2726,4,0,4,873,8631,1885,674,0,15,733,1731,588,806,0,323,0,0,0,0,0,0,38,174,30,14,0,0,0,0,0,0,0,0,1630,32357,3085,0,0,13,1288,7451,1876,1147,0,316,384,3415,229,140,0,13,0,0,0,0,0,0,6,0,39,211,0,0,0,0,0,0,0,0
sao_paulo,-uqS0QNM8aUFtP5gwTMu4w,856,34862,203,0,0,0,2344,10330,1215,328,0,29,275,1144,164,57,0,0,0,0,0,0,0,0,131,0,290,1372,0,0,0,0,0,0,0,0,700,35071,123,2,0,25,1934,10020,1256,1032,0,4,573,555,81,431,0,0,0,0,0,0,0,0,399,690,412,292,0,0,0,0,0,0,0,0,471,35433,9,6,0,2,2525,9448,1388,860,0,25,348,1149,70,73,0,0,0,0,0,0,0,0,262,306,405,818,0,2,0,0,0,0,0,0
sao_paulo,0aJabNkZdyIHXbiruS_yLw,990,14840,2115,80,0,0,3566,22249,4932,387,0,0,45,506,686,0,0,0,0,0,0,0,0,0,66,0,562,2576,0,0,0,0,0,0,0,0,80,15813,2095,37,0,0,3888,21040,5609,597,0,0,328,689,220,0,0,0,0,0,0,0,0,0,371,53,371,2409,0,0,0,0,0,0,0,0,41,14198,3680,106,0,0,4052,22525,3986,571,0,0,253,777,207,0,0,0,0,0,0,0,0,0,321,95,422,2366,0,0,0,0,0,0,0,0
sao_paulo,0rG2QcmPAKBBec7NcS_SUw,552,37796,342,0,0,637,717,8990,1823,0,0,942,147,949,611,30,0,64,0,0,0,0,0,0,0,0,0,0,0,0,0,0,0,0,0,0,85,38625,600,0,0,17,885,8608,1865,30,0,1084,446,502,311,0,0,542,0,0,0,0,0,0,0,0,0,0,0,0,0,0,0,0,0,0,86,38886,338,0,0,17,849,8494,2042,30,0,1057,481,355,396,0,0,569,0,0,0,0,0,0,0,0,0,0,0,0,0,0,0,0,0,0
sao_paulo,1bF6KihYF1Rw8PIg_ZTh6g,3757,39819,192,142,0,0,1654,3076,398,335,0,0,20,11,7,25,0,0,0,0,0,0,0,0,199,11,229,3725,0,0,0,0,0,0,0,0,2817,40871,26,196,0,0,2457,1652,205,1149,0,0,1,62,0,0,0,0,0,0,0,0,0,0,355,332,595,2882,0,0,0,0,0,0,0,0,3577,40073,117,143,0,0,1889,2828,455,291,0,0,20,12,0,31,0,0,0,0,0,0,0,0,144,4,254,3762,0,0,0,0,0,0,0,0
sao_paulo,23nSVF67ExPhVWfty9-4Qw,1528,31809,509,71,0,203,1796,6944,2016,641,0,132,473,2790,1860,390,0,211,0,0,0,0,0,0,41,7,74,2105,0,0,0,0,0,0,0,0,370,32385,1125,0,0,240,1592,6521,1824,1307,0,285,1753,2618,357,976,0,20,0,0,0,0,0,0,123,26,1153,924,0,1,0,0,0,0,0,0,494,32258,1174,0,0,194,1675,6994,1449,1279,0,132,1547,2285,670,1003,0,219,0,0,0,0,0,0,122,13,1166,925,0,1,0,0,0,0,0,0
sao_paulo,2XdWe9r6z5m-9SmNQq7TGQ,1600,12677,1382,44,0,0,2695,19330,592,276,0,0,1428,9107,1527,0,0,0,0,0,0,0,0,0,353,0,488,2101,0,0,0,0,0,0,0,0,1372,14319,4,8,0,0,1983,17328,3141,441,0,0,2165,9441,59,397,0,0,0,0,0,0,0,0,556,26,785,1575,0,0,0,0,0,0,0,0,1695,13401,181,426,0,0,2351,17598,2737,207,0,0,1395,10020,554,93,0,0,0,0,0,0,0,0,635,95,517,1695,0,0,0,0,0,0,0,0
sao_paulo,2vVoZEbjn1wxGCCvCmgeUQ,1968,37224,1656,231,0,0,938,2154,251,309,0,0,624,1039,3868,53,0,0,0,0,0,0,0,0,225,9,730,2321,0,0,0,0,0,0,0,0,1263,33742,5519,555,0,0,817,1717,360,758,0,0,1015,4509,42,18,0,0,0,0,0,0,0,0,660,458,584,1583,0,0,0,0,0,0,0,0,1302,33935,5479,363,0,0,723,2497,327,105,0,0,1386,3967,184,47,0,0,0,0,0,0,0,0,344,27,515,2399,0,0,0,0,0,0,0,0
sao_paulo,3SnxAqXSf1WzcWlp76h_2Q,1114,41427,2405,133,0,0,67,5149,259,34,0,0,130,997,1553,297,0,35,0,0,0,0,0,0,0,0,0,0,0,0,0,0,0,0,0,0,1078,42381,1505,115,0,0,197,2447,2481,349,0,35,36,2745,231,0,0,0,0,0,0,0,0,0,0,0,0,0,0,0,0,0,0,0,0,0,642,42283,2135,19,0,0,377,4490,553,89,0,0,292,800,1529,356,0,35,0,0,0,0,0,0,0,0,0,0,0,0,0,0,0,0,0,0
sao_paulo,4RXNxzYjFwN0EBvKh8aHSQ,63,10392,36,0,0,0,1591,34469,1093,426,0,72,526,3041,260,130,0,223,0,0,0,0,0,0,126,29,141,982,0,0,0,0,0,0,0,0,14,10362,113,2,0,0,779,35660,694,238,0,280,1306,1640,306,913,0,15,0,0,0,0,0,0,207,269,417,385,0,0,0,0,0,0,0,0,40,10331,120,0,0,0,963,35320,809,557,0,2,936,2036,217,981,0,10,0,0,0,0,0,0,367,244,384,0,0,283,0,0,0,0,0,0
sao_paulo,4Z4bj21zN62_fBZJzoF6Xg,1240,30575,797,383,0,0,2032,14360,1508,1633,0,113,3,41,6,0,0,0,0,0,0,0,0,0,0,0,41,868,0,0,0,0,0,0,0,0,587,32045,153,116,0,94,2479,12834,2027,2287,0,19,21,13,16,0,0,0,0,0,0,0,0,0,188,84,156,481,0,0,0,0,0,0,0,0,808,31775,204,208,0,0,2380,13122,2028,2003,0,113,6,8,14,22,0,0,0,0,0,0,0,0,81,71,106,651,0,0,0,0,0,0,0,0
sao_paulo,4n8b3OMdbJZgeJXz_TxNBA,0,22255,156,0,0,0,2360,17851,2400,5,0,0,717,3711,1383,154,0,0,0,0,0,0,0,0,486,8,949,1165,0,0,0,0,0,0,0,0,0,22411,0,0,0,0,1790,15781,4021,1024,0,0,1268,4621,63,13,0,0,0,0,0,0,0,0,505,1012,804,287,0,0,0,0,0,0,0,0,0,22411,0,0,0,0,935,18473,3173,35,0,0,1967,2923,987,88,0,0,0,0,0,0,0,0,661,18,728,1201,0,0,0,0,0,0,0,0
sao_paulo,52VthEdI90oCcFRLa9Wy5g,7536,31652,838,1111,0,38,358,2219,2365,4922,0,3,0,0,0,595,0,0,0,0,0,0,0,0,146,1,603,1213,0,0,0,0,0,0,0,0,3227,31211,2126,4611,0,0,4798,2656,1398,974,0,41,15,5,282,293,0,0,0,0,0,0,0,0,0,0,0,1963,0,0,0,0,0,0,0,0,3382,30848,2202,4743,0,0,4654,3003,1161,1008,0,41,4,5,305,281,0,0,0,0,0,0,0,0,0,16,138,1809,0,0,0,0,0,0,0,0
sao_paulo,53l0gQcJPK4NrZhJZhtKlg,1019,16922,79,0,0,0,3445,26095,1645,208,0,0,110,23,12,2,0,0,0,0,0,0,0,0,579,5,760,2696,0,0,0,0,0,0,0,0,0,17210,810,0,0,0,4508,25813,719,353,0,0,91,12,37,7,0,0,0,0,0,0,0,0,554,10,930,2546,0,0,0,0,0,0,0,0,378,17637,5,0,0,0,4321,25374,1346,352,0,0,80,15,37,15,0,0,0,0,0,0,0,0,374,19,1108,2539,0,0,0,0,0,0,0,0
sao_paulo,5IK4jyU16o627F2yDHu6Gw,4386,41452,159,608,0,57,554,3314,22,183,0,28,419,1131,45,16,0,0,0,0,0,0,0,0,89,35,154,948,0,0,0,0,0,0,0,0,4355,41251,82,974,0,0,572,3193,81,255,0,0,350,1164,83,14,0,0,0,0,0,0,0,0,171,324,134,512,0,85,0,0,0,0,0,0,4400,41051,195,1008,0,8,456,3450,21,146,0,28,440,917,69,185,0,0,0,0,0,0,0,0,152,514,95,416,0,49,0,0,0,0,0,0
sao_paulo,5b-MNFZDk9yhziWPr2u7Hg,0,16243,298,0,0,0,1459,29568,4321,0,0,900,6,83,722,0,0,0,0,0,0,0,0,0,0,0,0,0,0,0,0,0,0,0,0,0,22,14984,1525,0,0,10,1443,30260,3655,0,0,890,0,650,161,0,0,0,0,0,0,0,0,0,0,0,0,0,0,0,0,0,0,0,0,0,339,16019,17,0,0,166,1126,29228,5160,0,0,734,0,647,164,0,0,0,0,0,0,0,0,0,0,0,0,0,0,0,0,0,0,0,0,0
sao_paulo,6a_UTgidEGA0mlGKPlurNw,18,24482,258,0,0,0,3812,16755,1557,449,0,0,1171,3365,189,13,0,0,0,0,0,0,0,0,119,667,132,613,0,0,0,0,0,0,0,0,0,24696,62,0,0,0,2181,18316,1354,722,0,0,2676,1519,325,218,0,0,0,0,0,0,0,0,263,738,395,135,0,0,0,0,0,0,0,0,0,24579,179,0,0,0,4327,16097,1509,640,0,0,509,3879,213,137,0,0,0,0,0,0,0,0,284,714,235,298,0,0,0,0,0,0,0,0
sao_paulo,7O-o_5mVjT3KdC0SV0shUw,21873,9709,820,376,0,0,4037,11314,3193,394,0,0,53,45,24,58,0,0,0,0,0,0,0,0,79,13,255,1357,0,0,0,0,0,0,0,0,13268,17459,1798,253,0,0,12300,3511,2342,785,0,0,0,0,1,179,0,0,0,0,0,0,0,0,474,111,151,968,0,0,0,0,0,0,0,0,22137,9584,819,238,0,0,3398,11332,3151,1057,0,0,45,135,0,0,0,0,0,0,0,0,0,0,462,30,322,890,0,0,0,0,0,0,0,0
sao_paulo,7UTz_5Xfnx4Hz_0gfN2WZA,375,7642,8015,0,0,0,3855,17590,10291,445,0,30,445,2943,229,142,0,0,0,0,0,0,0,0,0,0,212,1386,0,0,0,0,0,0,0,0,0,5313,10719,0,0,0,3695,20232,7144,1135,0,5,831,1643,559,706,0,20,0,0,0,0,0,0,149,987,325,132,0,5,0,0,0,0,0,0,0,9404,6628,0,0,0,3472,16968,10551,1195,0,25,1034,743,1279,703,0,0,0,0,0,0,0,0,169,1060,289,75,0,5,0,0,0,0,0,0
sao_paulo,7um0A6G_bSJ3Hn6nRbixvA,4329,28292,987,0,0,40,3153,13436,2899,0,0,91,207,80,84,0,0,2,0,0,0,0,0,0,0,0,0,0,0,0,0,0,0,0,0,0,4573,26606,2469,0,0,0,2965,15102,1382,0,0,130,151,100,119,0,0,3,0,0,0,0,0,0,0,0,0,0,0,0,0,0,0,0,0,0,4467,28147,1034,0,0,0,3065,13602,2852,0,0,60,157,59,84,0,0,73,0,0,0,0,0,0,0,0,0,0,0,0,0,0,0,0,0,0
sao_paulo,8PunOGXWhLW2Jcp-z1kSNg,452,11253,1984,358,0,122,1529,26390,7797,2230,0,51,0,0,0,0,0,0,0,0,0,0,0,0,83,76,315,960,0,0,0,0,0,0,0,0,333,11397,1860,553,0,26,1692,25810,7976,2372,0,147,0,0,0,0,0,0,0,0,0,0,0,0,39,512,260,623,0,0,0,0,0,0,0,0,483,11524,1596,556,0,10,1495,26003,8056,2280,0,163,0,0,0,0,0,0,0,0,0,0,0,0,86,192,444,712,0,0,0,0,0,0,0,0
sao_paulo,9e52qBoSx6RlPRP2VHBTqA,11407,15613,358,0,0,0,4263,17210,3348,713,0,102,0,0,282,2,0,0,0,0,0,0,0,0,0,0,148,154,0,0,0,0,0,0,0,0,5508,18906,2703,208,0,53,9885,13668,1373,661,0,49,129,140,15,0,0,0,0,0,0,0,0,0,148,109,45,0,0,0,0,0,0,0,0,0,2050,24302,1026,0,0,0,13277,8499,3020,772,0,68,171,3,45,31,0,34,0,0,0,0,0,0,172,19,45,66,0,0,0,0,0,0,0,0
sao_paulo,9ogLSXwqkmRsXUlTLya0uQ,296,19432,10,0,0,0,2840,27444,1675,720,0,2,0,0,0,0,0,0,0,0,0,0,0,0,203,0,117,861,0,0,0,0,0,0,0,0,1721,16733,980,304,0,0,1293,29595,639,1152,0,2,0,0,0,0,0,0,0,0,0,0,0,0,325,548,183,125,0,0,0,0,0,0,0,0,1300,18268,150,20,0,0,1754,28504,1289,1134,0,0,0,0,0,0,0,0,0,0,0,0,0,0,285,104,363,427,0,2,0,0,0,0,0,0
sao_paulo,AJVnpStT1x3aP5rNLkUUyA,24654,18846,1009,468,0,0,965,2663,114,113,0,0,900,711,1355,273,0,0,0,0,0,0,0,0,0,0,245,1284,0,0,0,0,0,0,0,0,23775,19742,1154,306,0,0,1432,2098,323,2,0,0,965,81,569,1624,0,0,0,0,0,0,0,0,347,299,677,206,0,0,0,0,0,0,0,0,23821,19963,1192,1,0,0,1510,2043,286,16,0,0,752,60,563,1864,0,0,0,0,0,0,0,0,436,154,682,257,0,0,0,0,0,0,0,0
sao_paulo,AyVE6TqZxahbZyzOG8KhPg,482,37383,3636,2,0,0,135,1053,1587,32,0,0,420,4406,474,26,0,0,0,0,0,0,0,0,314,119,892,2639,0,0,0,0,0,0,0,0,767,36978,3429,329,0,0,237,1888,489,193,0,0,99,3981,1119,127,0,0,0,0,0,0,0,0,248,114,1552,2050,0,0,0,0,0,0,0,0,554,36689,4001,259,0,0,51,1597,903,256,0,0,425,4532,240,129,0,0,0,0,0,0,0,0,321,143,1445,2055,0,0,0,0,0,0,0,0
sao_paulo,BK29yXSNmXidi-3ggxm_Zg,913,20963,0,0,0,0,2658,12233,68,1,0,0,1853,11257,188,131,0,2,0,0,0,0,0,0,504,2,256,2571,0,0,0,0,0,0,0,0,354,21507,15,0,0,0,825,13814,158,162,0,1,3884,8645,106,796,0,0,0,0,0,0,0,0,865,489,233,1745,0,1,0,0,0,0,0,0,0,21876,0,0,0,0,1351,13206,136,267,0,0,3779,8731,27,894,0,0,0,0,0,0,0,0,798,642,349,1542,0,2,0,0,0,0,0,0
sao_paulo,Cuj3qJDAZnTKnMhQLXy1ig,2364,31631,5,0,0,0,6500,10254,1275,714,0,11,284,147,79,253,0,2,0,0,0,0,0,0,0,0,2,79,0,0,0,0,0,0,0,0,5987,27787,9,214,0,3,3142,13644,1207,751,0,10,19,571,94,81,0,0,0,0,0,0,0,0,0,30,51,0,0,0,0,0,0,0,0,0,6177,27398,269,148,0,8,2862,13953,1052,882,0,5,109,605,35,16,0,0,0,0,0,0,0,0,0,76,5,0,0,0,0,0,0,0,0,0
sao_paulo,DSdxd4wO-H8l4g-O_IGfkg,1940,22195,1355,0,0,0,2405,16739,6770,547,0,0,112,8,163,36,0,0,0,0,0,0,0,0,14,0,109,1207,0,0,0,0,0,0,0,0,1184,21124,3182,0,0,0,3233,17707,4883,638,0,0,53,91,121,54,0,0,0,0,0,0,0,0,1,20,211,1098,0,0,0,0,0,0,0,0,1176,22355,1959,0,0,0,3200,16512,6165,584,0,0,87,61,71,100,0,0,0,0,0,0,0,0,8,14,202,1106,0,0,0,0,0,0,0,0
sao_paulo,E2-oeApmq0sW_GDdLFbnCQ,310,18975,65,0,0,0,3432,25591,1824,1377,0,0,143,437,146,34,0,0,0,0,0,0,0,0,171,2,342,751,0,0,0,0,0,0,0,0,1239,18004,107,0,0,0,2618,26642,1352,1612,0,0,57,77,564,62,0,0,0,0,0,0,0,0,142,282,354,488,0,0,0,0,0,0,0,0,1326,17960,0,64,0,0,2434,26067,2266,1457,0,0,59,671,18,12,0,0,0,0,0,0,0,0,237,307,93,629,0,0,0,0,0,0,0,0
sao_paulo,FRKJomHWa7nYfbmGJRNuvA,2,23320,967,0,0,0,2972,15834,7505,415,0,655,0,1,2,0,0,0,0,0,0,0,0,0,34,0,706,1187,0,0,0,0,0,0,0,0,233,19422,4359,0,0,275,2762,19733,3941,565,0,380,2,0,1,0,0,0,0,0,0,0,0,0,11,0,879,1037,0,0,0,0,0,0,0,0,196,18947,4888,0,0,258,2810,20208,3491,475,0,397,2,0,1,0,0,0,0,0,0,0,0,0,0,0,800,1127,0,0,0,0,0,0,0,0
sao_paulo,GnxqQAq5GVonmVKfcMcr6w,2870,33243,459,2131,0,52,150,1108,363,168,0,18,364,9196,1904,226,0,1,0,0,0,0,0,0,0,0,255,1092,0,0,0,0,0,0,0,0,365,35231,1918,1241,0,0,210,1218,231,77,0,71,2809,7098,635,1149,0,0,0,0,0,0,0,0,0,0,197,1150,0,0,0,0,0,0,0,0,329,35263,1922,1241,0,0,135,1290,305,77,0,0,2920,6994,530,1176,0,71,0,0,0,0,0,0,0,0,224,1123,0,0,0,0,0,0,0,0
sao_paulo,H2cEJygbNd56-362PsICjA,1325,22967,2,0,0,0,4643,20633,1331,500,0,13,26,67,82,0,0,0,0,0,0,0,0,0,42,4,712,1253,0,0,0,0,0,0,0,0,45,24249,0,0,0,0,5838,19351,1386,532,0,13,4,0,171,0,0,0,0,0,0,0,0,0,149,71,570,1221,0,0,0,0,0,0,0,0,38,24256,0,0,0,0,5852,19317,1414,524,0,13,21,29,83,42,0,0,0,0,0,0,0,0,125,69,630,1187,0,0,0,0,0,0,0,0
sao_paulo,I0LGgFwBsGIYNbIsIaLgpQ,237,26701,0,0,0,0,3811,17493,1044,783,0,0,68,119,48,11,0,0,0,0,0,0,0,0,12,0,102,3171,0,0,0,0,0,0,0,0,0,26884,54,0,0,0,3392,16357,942,2440,0,0,23,218,5,0,0,0,0,0,0,0,0,0,713,854,193,1525,0,0,0,0,0,0,0,0,53,26885,0,0,0,0,3361,17089,1023,1658,0,0,63,145,38,0,0,0,0,0,0,0,0,0,651,194,133,2307,0,0,0,0,0,0,0,0
sao_paulo,IAF46f7Lfz65Y2vjckHeMA,29,38625,1604,0,0,0,1696,5080,352,350,0,287,1503,2659,290,295,0,259,0,0,0,0,0,0,0,0,48,523,0,0,0,0,0,0,0,0,169,38552,1537,0,0,0,1869,5190,232,215,0,259,1041,2548,366,764,0,287,0,0,0,0,0,0,149,74,159,189,0,0,0,0,0,0,0,0,115,38465,1574,0,0,104,1925,5064,198,231,0,347,1071,2723,356,761,0,95,0,0,0,0,0,0,117,112,166,176,0,0,0,0,0,0,0,0
sao_paulo,JAwR7rGXLysrpeYgTzkLCQ,7661,29736,6313,196,0,25,460,1126,48,96,0,0,225,1264,326,1,0,41,0,0,0,0,0,0,484,58,168,5372,0,0,0,0,0,0,0,0,7073,30584,5323,899,0,52,320,185,470,755,0,0,197,250,349,1060,0,1,0,0,0,0,0,0,1240,1165,713,2951,0,13,0,0,0,0,0,0,7412,29750,5331,1413,0,25,568,859,256,47,0,0,190,1419,203,4,0,41,0,0,0,0,0,0,660,156,1065,4201,0,0,0,0,0,0,0,0
sao_paulo,KD-uKFrh3oLPfzbwOStEWA,1204,30846,42,0,0,0,3962,14575,1093,398,0,14,1,53,0,1,0,0,0,0,0,0,0,0,75,0,158,1159,0,19,0,0,0,0,0,0,1970,29788,203,131,0,0,3268,14448,866,1427,0,33,1,54,0,0,0,0,0,0,0,0,0,0,3,1184,224,0,0,0,0,0,0,0,0,0,2218,29743,126,5,0,0,2691,14947,1054,1323,0,27,1,54,0,0,0,0,0,0,0,0,0,0,332,730,113,230,0,6,0,0,0,0,0,0
sao_paulo,LUW-LxIfrK_j7kCq16WoyQ,13,25807,279,0,5,0,2071,20845,530,1165,0,2,216,759,181,532,0,3,0,0,0,0,0,0,234,340,322,296,0,0,0,0,0,0,0,0,0,26099,0,0,5,0,1866,20429,1043,1270,0,5,370,715,147,459,0,0,0,0,0,0,0,0,298,508,122,264,0,0,0,0,0,0,0,0,81,25748,270,0,5,0,1826,21210,798,779,0,0,480,776,172,258,0,5,0,0,0,0,0,0,147,17,72,956,0,0,0,0,0,0,0,0
sao_paulo,M5mjc-BAtPFJppa9npq4xA,2019,43910,418,82,0,11,277,2348,506,47,0,0,752,1967,336,66,0,3,0,0,0,0,0,0,158,9,102,589,0,0,0,0,0,0,0,0,1894,44200,314,32,0,0,434,2030,492,222,0,0,806,1397,394,516,0,11,0,0,0,0,0,0,72,607,162,14,0,3,0,0,0,0,0,0,1719,44246,432,40,0,3,1092,1282,348,456,0,0,145,2490,389,89,0,11,0,0,0,0,0,0,250,216,193,199,0,0,0,0,0,0,0,0
sao_paulo,MBuniYPiSz9apm9agSpqPw,52,11694,742,9,0,0,3893,30716,2532,723,0,299,94,256,49,0,0,0,0,0,0,0,0,0,83,13,470,1975,0,0,0,0,0,0,0,0,191,11499,807,0,0,0,3805,30995,2343,721,0,299,36,3,71,289,0,0,0,0,0,0,0,0,90,182,572,1697,0,0,0,0,0,0,0,0,508,11646,240,103,0,0,3353,30785,3037,689,0,299,44,204,87,64,0,0,0,0,0,0,0,0,217,44,429,1851,0,0,0,0,0,0,0,0
sao_paulo,MO1IiuyyjHfY4uBuEsgoeg,858,30571,37,225,0,0,3153,14861,1429,1084,0,0,247,630,206,78,0,0,0,0,0,0,0,0,0,0,46,175,0,0,0,0,0,0,0,0,1249,30147,2,293,0,0,2989,15215,1192,1131,0,0,17,684,374,86,0,0,0,0,0,0,0,0,3,16,150,52,0,0,0,0,0,0,0,0,1337,30006,62,286,0,0,2848,15435,1140,1104,0,0,34,620,393,114,0,0,0,0,0,0,0,0,39,1,123,58,0,0,0,0,0,0,0,0
sao_paulo,MTKGGsTjIZqzb5CJ4L_zKw,523,27228,170,0,0,0,2789,11889,118,218,0,0,2742,3213,440,168,0,0,0,0,0,0,0,0,666,0,459,2975,0,2,0,0,0,0,0,0,639,27282,0,0,0,0,1876,12424,485,227,0,2,3544,2621,195,203,0,0,0,0,0,0,0,0,661,3,507,2931,0,0,0,0,0,0,0,0,586,27268,67,0,0,0,1985,12551,332,146,0,0,3480,2502,349,232,0,0,0,0,0,0,0,0,669,9,439,2983,0,2,0,0,0,0,0,0
sao_paulo,MjzhJxGXvpsFuKgE1Mh-Xg,423,36256,1915,42,0,2,1879,4554,4550,886,0,0,36,45,53,18,0,0,0,0,0,0,0,0,0,0,338,2603,0,0,0,0,0,0,0,0,1134,33576,3642,286,0,0,1057,7194,2505,1111,0,2,45,85,10,12,0,0,0,0,0,0,0,0,102,0,699,2140,0,0,0,0,0,0,0,0,1109,33642,3643,244,0,0,1120,7168,2514,1065,0,2,24,45,40,43,0,0,0,0,0,0,0,0,85,0,659,2197,0,0,0,0,0,0,0,0
sao_paulo,NiIR-hk3d6gP7qp4s1BM4w,809,25450,0,25,0,0,4348,17328,1297,1038,0,0,116,247,107,54,0,0,0,0,0,0,0,0,139,482,370,1790,0,0,0,0,0,0,0,0,195,26087,2,0,0,0,4386,17075,1105,1445,0,0,89,146,187,102,0,0,0,0,0,0,0,0,742,199,480,1360,0,0,0,0,0,0,0,0,188,25915,166,15,0,0,4481,17162,1062,1306,0,0,58,215,146,105,0,0,0,0,0,0,0,0,685,215,400,1481,0,0,0,0,0,0,0,0
sao_paulo,Nn8w6mmD-cbG_XScCiIjwA,595,17671,25339,80,0,0,515,461,2678,30,0,0,14,25,232,0,0,0,0,0,0,0,0,0,353,7,2015,3585,0,0,0,0,0,0,0,0,511,17712,25294,168,0,0,483,426,2652,123,0,0,3,24,223,21,0,0,0,0,0,0,0,0,480,2,2095,3383,0,0,0,0,0,0,0,0,464,17677,25378,166,0,0,532,464,2563,125,0,0,10,20,212,29,0,0,0,0,0,0,0,0,471,3,2111,3375,0,0,0,0,0,0,0,0
sao_paulo,NoadtY-SJzlUAlm7E74VLw,233,24549,4633,23,0,0,658,10948,9006,779,0,0,266,280,1885,337,0,3,0,0,0,0,0,0,0,0,0,0,0,0,0,0,0,0,0,0,32,25851,3555,0,0,0,724,9532,10304,828,0,3,401,394,1665,311,0,0,0,0,0,0,0,0,0,0,0,0,0,0,0,0,0,0,0,0,0,25391,4047,0,0,0,663,10155,9774,799,0,0,494,231,1703,340,0,3,0,0,0,0,0,0,0,0,0,0,0,0,0,0,0,0,0,0
sao_paulo,OwHITjkTQwapTUEqLaf_HA,647,33595,1792,148,0,0,1150,8860,467,385,0,0,656,3430,930,390,0,0,0,0,0,0,0,0,211,0,269,670,0,0,0,0,0,0,0,0,820,33530,1437,395,0,0,506,8977,1204,175,0,0,1084,3220,517,585,0,0,0,0,0,0,0,0,254,158,300,438,0,0,0,0,0,0,0,0,963,34811,349,59,0,0,865,8596,1078,323,0,0,616,2478,1752,560,0,0,0,0,0,0,0,0,220,0,279,651,0,0,0,0,0,0,0,0
sao_paulo,PLxw5KV6VDCzoMS7hmL8yw,2410,16043,56,4,0,0,4561,22700,2547,246,0,0,125,182,403,215,0,0,0,0,0,0,0,0,172,4,402,3530,0,0,0,0,0,0,0,0,76,17772,665,0,0,0,6556,21052,1553,893,0,0,333,83,86,423,0,0,0,0,0,0,0,0,303,22,1104,2679,0,0,0,0,0,0,0,0,68,17797,648,0,0,0,6571,21065,1596,822,0,0,266,65,134,460,0,0,0,0,0,0,0,0,363,2,1030,2713,0,0,0,0,0,0,0,0
sao_paulo,Pj3oiYfbY1b71tzLockamw,2400,26481,321,149,0,1,2525,16307,1220,158,0,0,95,347,370,61,0,0,0,0,0,0,0,0,3,0,236,2926,0,0,0,0,0,0,0,0,2589,26338,284,141,0,0,2028,16256,1442,483,0,1,255,541,77,0,0,0,0,0,0,0,0,0,151,0,344,2670,0,0,0,0,0,0,0,0,2358,25896,1001,97,0,0,2393,16920,683,214,0,0,269,319,141,143,0,1,0,0,0,0,0,0,3,0,322,2840,0,0,0,0,0,0,0,0
sao_paulo,Pvs7VOQJOX9mw2Ru9PrQZw,1164,35800,1776,20,0,15,930,4767,5402,605,0,177,0,9,3,41,0,0,0,0,0,0,0,0,126,0,556,2194,0,15,0,0,0,0,0,0,399,31305,6431,459,0,181,829,9271,1086,681,0,14,16,0,30,7,0,0,0,0,0,0,0,0,976,0,190,1713,0,12,0,0,0,0,0,0,382,31276,6416,592,0,109,997,9296,985,526,0,77,6,1,46,0,0,0,0,0,0,0,0,0,835,3,290,1742,0,21,0,0,0,0,0,0
sao_paulo,PyBg7R0KLocC6zqVFijKSg,1510,41560,2074,28,0,38,603,3644,940,327,0,16,233,754,350,31,0,453,0,0,0,0,0,0,0,0,73,966,0,0,0,0,0,0,0,0,1421,42187,1496,0,0,106,445,3185,1531,0,0,369,368,0,130,1321,0,2,0,0,0,0,0,0,112,586,280,31,0,30,0,0,0,0,0,0,1149,42321,1646,0,0,94,720,3027,1385,0,0,398,370,0,128,1321,0,2,0,0,0,0,0,0,107,610,278,31,0,13,0,0,0,0,0,0
sao_paulo,S2IuBk3pE9q76j1Z4hQC8A,506,26389,2769,1,0,0,460,10360,8163,83,0,0,70,450,122,31,0,0,0,0,0,0,0,0,131,4,1186,2875,0,0,0,0,0,0,0,0,123,28037,1488,17,0,0,736,8333,8831,1166,0,0,29,612,30,2,0,0,0,0,0,0,0,0,279,221,1891,1805,0,0,0,0,0,0,0,0,13,27847,1789,16,0,0,1077,8985,7860,1144,0,0,20,371,273,9,0,0,0,0,0,0,0,0,57,0,2318,1821,0,0,0,0,0,0,0,0
sao_paulo,S4WdqpLlooYt4ODkL03k5g,2323,30842,33,0,0,0,3318,7368,312,594,0,0,1126,6428,81,87,0,0,0,0,0,0,0,0,89,0,40,959,0,0,0,0,0,0,0,0,916,32255,10,17,0,0,3728,6217,364,1283,0,0,1786,5752,83,101,0,0,0,0,0,0,0,0,426,414,9,239,0,0,0,0,0,0,0,0,1059,32076,20,43,0,0,4232,6472,267,621,0,0,1309,5663,101,649,0,0,0,0,0,0,0,0,256,427,78,327,0,0,0,0,0,0,0,0
sao_paulo,SL1kkNP2VXfJkTD7YQf4tQ,2806,38774,156,23,0,0,1557,4583,301,209,0,0,74,26,53,11,0,0,0,0,0,0,0,0,446,55,784,3742,0,0,0,0,0,0,0,0,2700,38414,239,406,0,0,1140,4740,370,400,0,0,26,71,43,24,0,0,0,0,0,0,0,0,1017,213,642,3155,0,0,0,0,0,0,0,0,2653,38395,331,380,0,0,1129,4941,357,223,0,0,76,0,19,69,0,0,0,0,0,0,0,0,1025,102,587,3313,0,0,0,0,0,0,0,0
sao_paulo,Sg0GiqhXxeFwuhRVQZGWfw,2488,47649,94,205,0,535,0,0,0,109,0,0,358,941,27,98,0,14,0,0,0,0,0,0,64,81,102,835,0,0,0,0,0,0,0,0,2247,46865,147,1174,0,538,51,54,4,0,0,0,336,1066,13,23,0,0,0,0,0,0,0,0,276,686,59,50,0,11,0,0,0,0,0,0,2396,46876,147,1024,0,528,79,23,7,0,0,0,148,1113,18,152,0,7,0,0,0,0,0,0,287,659,51,71,0,14,0,0,0,0,0,0
sao_paulo,SkpVKN34vuC9ItNhaZfFwQ,193,40762,41,224,0,0,18,6633,958,388,0,0,15,701,1518,1855,0,0,0,0,0,0,0,0,0,0,27,266,0,0,0,0,1,0,0,0,62,40990,22,146,0,0,164,5273,1357,1203,0,0,0,1833,1159,1097,0,0,0,0,0,0,0,0,0,0,6,287,0,0,0,0,1,0,0,0,58,41089,61,12,0,0,149,5910,622,1316,0,0,19,1096,1856,1118,0,0,0,0,0,0,0,0,0,0,6,287,0,0,0,1,0,0,0,0
sao_paulo,VEIsNEdoZ793WdrHU57t2g,2,25385,0,0,0,0,1600,14445,1290,1527,0,1,410,6107,1035,34,0,9,0,0,0,0,0,0,140,216,777,622,0,0,0,0,0,0,0,0,0,25387,0,0,0,0,980,13876,2628,1369,0,10,874,6560,92,69,0,0,0,0,0,0,0,0,298,330,382,745,0,0,0,0,0,0,0,0,0,25387,0,0,0,0,1528,13752,2131,1442,0,10,592,6774,164,65,0,0,0,0,0,0,0,0,32,240,807,676,0,0,0,0,0,0,0,0
sao_paulo,WC5s83YNe-hRPVOd0KZQrA,858,24820,216,0,0,0,1762,21797,2684,641,0,5,57,157,3,0,0,1,0,0,0,0,0,0,13,0,55,531,0,0,0,0,0,0,0,0,631,24527,505,226,0,5,2007,22237,1802,843,0,0,30,0,93,95,0,0,0,0,0,0,0,0,22,10,558,8,0,1,0,0,0,0,0,0,668,24494,462,265,0,5,2000,22076,1913,899,0,1,13,204,1,0,0,0,0,0,0,0,0,0,9,0,582,8,0,0,0,0,0,0,0,0
sao_paulo,WShTUyMV7KcYdpINkKU6zw,759,18753,5,256,0,247,996,2123,347,187,0,420,0,139,93,0,0,0,0,0,0,0,0,0,8007,15029,239,6000,0,0,0,0,0,0,0,0,7205,9706,130,2979,0,0,620,631,89,2733,0,0,0,0,0,232,0,0,0,0,0,0,0,0,1937,25707,465,499,0,667,0,0,0,0,0,0,6817,9918,82,3203,0,0,601,869,102,2501,0,0,0,0,12,220,0,0,0,0,0,0,0,0,2344,25257,488,519,0,667,0,0,0,0,0,0
sao_paulo,XnnGXt94GGVxBt_3oSk2Uw,88,16113,207,0,0,0,3193,23280,1841,1602,0,16,15,6692,120,15,0,0,0,0,0,0,0,0,1,0,21,394,0,2,0,0,0,0,0,0,488,15920,0,0,0,0,2785,23387,2017,1725,0,18,10,6778,54,0,0,0,0,0,0,0,0,0,14,0,118,286,0,0,0,0,0,0,0,0,383,15976,49,0,0,0,2742,23382,2065,1725,0,18,109,6727,6,0,0,0,0,0,0,0,0,0,63,0,69,286,0,0,0,0,0,0,0,0
sao_paulo,ZdSe6D-Wu285r762n01uOg,1097,12905,10554,0,0,0,1473,13407,5699,705,0,0,659,2412,2663,419,0,5,0,0,0,0,0,0,83,34,327,1158,0,0,0,0,0,0,0,0,0,15722,8834,0,0,0,1136,11896,8075,177,0,0,2033,677,1790,1658,0,0,0,0,0,0,0,0,143,463,544,447,0,5,0,0,0,0,0,0,0,13674,10882,0,0,0,1011,13941,6270,62,0,0,2159,625,1583,1791,0,0,0,0,0,0,0,0,142,518,508,429,0,5,0,0,0,0,0,0
sao_paulo,Zx5RLbncodJhmxWdJwAaEA,1370,39066,16,1,0,4,7181,3850,380,248,0,71,138,520,49,13,0,43,0,0,0,0,0,0,120,0,0,530,0,0,0,0,0,0,0,0,7832,32217,186,222,0,0,501,10859,177,175,0,18,312,24,39,388,0,0,0,0,0,0,0,0,164,336,43,7,0,100,0,0,0,0,0,0,7910,32183,182,182,0,0,590,10866,181,88,0,5,177,33,38,515,0,0,0,0,0,0,0,0,132,354,44,7,0,113,0,0,0,0,0,0
sao_paulo,_E3aWogWLo5SoGkPdihyAQ,1740,24216,44,0,0,0,1593,15593,3920,572,0,0,640,956,688,167,0,0,0,0,0,0,0,0,173,8,224,3066,0,0,0,0,0,0,0,0,807,23084,2109,0,0,0,2428,16744,2081,425,0,0,591,749,141,970,0,0,0,0,0,0,0,0,320,196,545,2410,0,0,0,0,0,0,0,0,665,24778,557,0,0,0,2536,15606,3021,515,0,0,647,306,670,828,0,0,0,0,0,0,0,0,298,83,628,2462,0,0,0,0,0,0,0,0
sao_paulo,_fPo4iIbhE1HLT_ixD57_Q,1368,28838,1255,150,0,0,1612,15202,1790,196,0,1,162,518,90,29,0,0,0,0,0,0,0,0,197,75,230,1884,0,3,0,0,0,0,0,0,1761,27484,2042,320,0,4,1309,16121,818,553,0,0,21,562,216,0,0,0,0,0,0,0,0,0,248,466,289,1386,0,0,0,0,0,0,0,0,1002,29047,1537,25,0,0,1831,14482,1468,1019,0,1,136,386,107,167,0,3,0,0,0,0,0,0,370,718,253,1048,0,0,0,0,0,0,0,0
sao_paulo,_zoPpzbkTA4aS166T26J_Q,176,24946,61,52,0,1,2937,23557,665,642,0,5,75,77,107,78,0,0,0,0,0,0,0,0,0,0,15,206,0,0,0,0,0,0,0,0,148,25055,33,0,0,0,2896,23374,764,766,0,6,80,151,29,77,0,0,0,0,0,0,0,0,64,0,22,135,0,0,0,0,0,0,0,0,112,25079,27,18,0,0,3036,23133,673,958,0,6,25,258,52,2,0,0,0,0,0,0,0,0,15,110,96,0,0,0,0,0,0,0,0,0
sao_paulo,a70PDmeTUAplnAAszg96rQ,0,28978,1158,0,0,0,651,5007,7090,9,0,0,635,5268,2986,574,0,15,0,0,0,0,0,0,84,0,768,377,0,0,0,0,0,0,0,0,0,28476,1660,0,0,0,318,8563,3672,192,0,12,726,2053,6352,347,0,0,0,0,0,0,0,0,326,161,318,421,0,3,0,0,0,0,0,0,0,28942,1194,0,0,0,269,8060,4141,285,0,2,765,2001,6344,368,0,0,0,0,0,0,0,0,336,250,323,307,0,13,0,0,0,0,0,0
sao_paulo,bNHPwV-rN_X3TENKUQgmNg,2913,28848,105,316,0,0,1526,14912,277,2515,0,1,0,655,4,12,0,0,0,0,0,0,0,0,16,29,80,1391,0,0,0,0,0,0,0,0,0,32182,0,0,0,0,4037,11300,443,3450,0,1,61,566,12,32,0,0,0,0,0,0,0,0,357,396,11,752,0,0,0,0,0,0,0,0,0,32182,0,0,0,0,4095,11035,414,3686,0,1,0,657,2,12,0,0,0,0,0,0,0,0,360,570,50,536,0,0,0,0,0,0,0,0
sao_paulo,bhyqT91fwl6p064hY4GxSA,0,25764,1541,0,0,0,1933,10137,4056,541,0,0,1223,729,4431,32,0,0,0,0,0,0,0,0,167,0,529,2517,0,0,0,0,0,0,0,0,0,26953,352,0,0,0,2156,4677,9118,716,0,0,670,5000,745,0,0,0,0,0,0,0,0,0,497,0,342,2374,0,0,0,0,0,0,0,0,0,26877,428,0,0,0,2247,5095,8708,617,0,0,622,4658,1125,10,0,0,0,0,0,0,0,0,454,0,296,2463,0,0,0,0,0,0,0,0
sao_paulo,dZ3b0KCyXPcdVPHv5lCR2Q,0,23023,0,0,0,0,3141,18878,527,1011,0,104,682,4144,1072,898,0,116,0,0,0,0,0,0,0,0,0,4,0,0,0,0,0,0,0,0,0,23023,0,0,0,0,1793,18894,1307,1461,0,206,2030,4128,292,448,0,14,0,0,0,0,0,0,0,0,0,4,0,0,0,0,0,0,0,0,0,23023,0,0,0,0,1486,19385,1166,1422,0,202,2337,3637,429,491,0,18,0,0,0,0,0,0,0,0,4,0,0,0,0,0,0,0,0,0
sao_paulo,dZHjPLWAOhyUatavJJEPzA,1883,31031,225,1,0,0,3207,6620,1149,190,0,0,42,708,34,7,0,0,0,0,0,0,0,0,2083,25,2482,3913,0,0,0,0,0,0,0,0,3591,28922,477,150,0,0,2700,7408,171,887,0,0,133,582,2,74,0,0,0,0,0,0,0,0,791,1472,3240,3000,0,0,0,0,0,0,0,0,3526,28974,474,166,0,0,2672,7369,247,878,0,0,145,558,13,75,0,0,0,0,0,0,0,0,872,1483,3156,2992,0,0,0,0,0,0,0,0
sao_paulo,e6i7jzmjStkNCJ7jp_KV5Q,2808,25156,78,410,0,4,3830,14191,618,634,0,1,0,4,0,0,0,0,0,0,0,0,0,0,14,0,616,5236,0,0,0,0,0,0,0,0,2473,25553,298,132,0,0,4149,13790,409,921,0,5,0,4,0,0,0,0,0,0,0,0,0,0,30,4,605,5227,0,0,0,0,0,0,0,0,2426,25553,389,88,0,0,4180,13783,293,1013,0,5,0,4,0,0,0,0,0,0,0,0,0,0,46,11,630,5179,0,0,0,0,0,0,0,0
sao_paulo,el13lYhzqKSZJwWb5w5vUg,2087,32293,319,0,0,0,4355,11585,469,81,0,2,249,424,21,6,0,0,0,0,0,0,0,0,597,0,538,574,0,0,0,0,0,0,0,0,1857,32467,194,179,0,2,4341,11007,732,412,0,0,271,312,117,0,0,0,0,0,0,0,0,0,819,516,304,70,0,0,0,0,0,0,0,0,1489,32671,351,188,0,0,5095,10355,620,420,0,2,17,648,35,0,0,0,0,0,0,0,0,0,687,628,341,53,0,0,0,0,0,0,0,0
sao_paulo,fwvaPMif_uwbx3U5SrHM2Q,0,24095,771,0,0,0,2112,13629,5218,643,0,0,232,2719,920,14,0,0,0,0,0,0,0,0,77,0,525,2645,0,0,0,0,0,0,0,0,758,22815,1291,2,0,0,1361,15533,4106,602,0,0,205,2095,1486,99,0,0,0,0,0,0,0,0,97,0,551,2599,0,0,0,0,0,0,0,0,835,22862,1169,0,0,0,1441,15706,3857,598,0,0,85,1875,1723,202,0,0,0,0,0,0,0,0,60,0,685,2502,0,0,0,0,0,0,0,0
sao_paulo,gcGy5uR3kxFRCiUdSal-Nw,39,20866,812,0,0,0,509,14612,4984,496,0,36,149,9225,1636,168,0,10,0,0,0,0,0,0,0,0,2,56,0,0,0,0,0,0,0,0,15,18579,3114,0,0,9,459,15733,3908,518,0,19,217,10391,360,202,0,18,0,0,0,0,0,0,6,0,52,0,0,0,0,0,0,0,0,0,11,21242,464,0,0,0,568,15910,3680,443,0,36,118,7537,3246,277,0,10,0,0,0,0,0,0,0,14,44,0,0,0,0,0,0,0,0,0
sao_paulo,iGerSDCCTaZmeNVguzT7mg,38456,7394,99,0,0,0,4128,1528,202,545,0,8,587,103,502,48,0,0,0,0,0,0,0,0,0,0,0,0,0,0,0,0,0,0,0,0,40655,4866,408,12,0,8,2073,3387,370,581,0,0,443,772,25,0,0,0,0,0,0,0,0,0,0,0,0,0,0,0,0,0,0,0,0,0,39175,6723,51,0,0,0,3402,2301,393,307,0,8,594,1,359,286,0,0,0,0,0,0,0,0,0,0,0,0,0,0,0,0,0,0,0,0
sao_paulo,iXAvtzzMg2Vh5aZPuGIk_Q,25,23369,1053,56,0,0,4821,16902,3706,1393,0,0,0,87,19,0,0,0,0,0,0,0,0,0,297,8,327,1537,0,0,0,0,0,0,0,0,2313,22158,32,0,0,0,2538,18036,4390,1858,0,0,11,95,0,0,0,0,0,0,0,0,0,0,281,77,683,1128,0,0,0,0,0,0,0,0,2358,22020,125,0,0,0,2552,18102,4299,1869,0,0,1,59,24,22,0,0,0,0,0,0,0,0,232,185,657,1095,0,0,0,0,0,0,0,0
sao_paulo,ieZ8VA3zKLMrd7to7HHB5A,3061,23303,188,26,0,0,3277,18373,1611,1851,0,0,11,8,52,0,0,0,0,0,0,0,0,0,40,2,241,1556,0,0,0,0,0,0,0,0,1164,24932,482,0,0,0,4897,16683,1477,2055,0,0,0,71,0,0,0,0,0,0,0,0,0,0,328,0,133,1378,0,0,0,0,0,0,0,0,941,25584,53,0,0,0,5128,16058,1852,2074,0,0,0,42,29,0,0,0,0,0,0,0,0,0,320,2,158,1359,0,0,0,0,0,0,0,0
sao_paulo,ilpqlnL95rHOAj1Q46fLuw,324,40548,542,0,0,0,3315,6737,1256,71,0,806,0,1,0,0,0,0,0,0,0,0,0,0,0,0,0,0,0,0,0,0,0,0,0,0,1772,39381,53,2,0,206,1867,7904,1745,69,0,600,0,1,0,0,0,0,0,0,0,0,0,0,0,0,0,0,0,0,0,0,0,0,0,0,1644,39045,381,6,0,338,1995,8241,1416,65,0,468,0,0,1,0,0,0,0,0,0,0,0,0,0,0,0,0,0,0,0,0,0,0,0,0
sao_paulo,jtmPZ_CIVoN69mYjj_JlFw,10475,12695,2764,0,598,326,3171,15529,3837,99,93,2733,32,106,585,0,0,32,0,0,0,0,0,525,0,0,0,0,0,0,0,0,0,0,0,0,2669,22264,1234,0,691,0,10890,6045,5426,99,0,3002,119,21,1,0,0,614,0,0,525,0,0,0,0,0,0,0,0,0,0,0,0,0,0,0,1771,22586,1810,0,691,0,11883,5724,4906,88,0,2861,11,4,5,11,0,724,13,16,465,0,0,31,0,0,0,0,0,0,0,0,0,0,0,0
sao_paulo,kJesVaz2BfulGS7gWiNsNg,0,28980,367,0,0,0,934,20160,2457,54,0,0,26,294,206,0,0,0,0,0,0,0,0,0,5,0,41,76,0,0,0,0,0,0,0,0,13,29303,31,0,0,0,701,20122,2766,16,0,0,247,0,165,114,0,0,0,0,0,0,0,0,4,9,109,0,0,0,0,0,0,0,0,0,14,29333,0,0,0,0,817,19992,2695,101,0,0,119,76,302,29,0,0,0,0,0,0,0,0,15,33,74,0,0,0,0,0,0,0,0,0
sao_paulo,lASBXjG5VnksPRJajz2FKw,792,35090,130,0,0,0,3419,9300,1753,198,0,433,304,1905,174,0,0,0,0,0,0,0,0,0,0,0,61,41,0,0,0,0,0,0,0,0,785,35147,80,0,0,0,2649,10025,1771,239,0,419,1081,1110,180,0,0,12,0,0,0,0,0,0,0,13,87,0,0,2,0,0,0,0,0,0,1065,34873,74,0,0,0,2647,10295,1587,195,0,379,788,1095,410,44,0,46,0,0,0,0,0,0,15,32,47,0,0,8,0,0,0,0,0,0
sao_paulo,lOAN4VLX5ttywD8N5Be0wg,2487,29863,4592,92,0,0,3324,7093,2643,931,0,13,0,0,0,0,0,0,0,0,0,0,0,0,143,37,272,2110,0,0,0,0,0,0,0,0,1633,30893,4508,0,0,0,4275,6067,2619,1033,0,10,0,0,0,0,0,0,0,0,0,0,0,0,46,33,380,2100,0,3,0,0,0,0,0,0,1292,30465,5277,0,0,0,4554,6489,1937,1011,0,13,0,0,0,0,0,0,0,0,0,0,0,0,108,39,293,2122,0,0,0,0,0,0,0,0
sao_paulo,loCxSX72-DYrDrDwY0cVGw,3959,38355,486,345,0,2378,1105,3089,217,88,0,1224,4,9,0,0,0,0,0,0,0,0,0,0,58,0,101,2178,0,4,0,0,0,0,0,0,4551,37048,340,1333,0,2251,312,3313,259,1275,0,564,0,12,1,0,0,0,0,0,0,0,0,0,263,1080,204,3,0,791,0,0,0,0,0,0,4187,37665,404,1319,0,1948,583,2968,195,1289,0,688,0,12,0,0,0,1,0,0,0,0,0,0,356,808,205,3,0,969,0,0,0,0,0,0
sao_paulo,n-DwmldMs-ZZVYS1gF_qYQ,6875,26281,5371,695,0,40,1551,2596,1879,595,0,0,167,147,625,547,0,6,0,0,0,0,0,0,11,0,274,5940,0,0,0,0,0,0,0,0,6127,26376,6182,531,0,46,2096,2343,1242,940,0,0,283,194,49,966,0,0,0,0,0,0,0,0,98,111,676,5340,0,0,0,0,0,0,0,0,6070,26205,6301,646,0,40,2075,2760,1100,680,0,6,412,41,149,890,0,0,0,0,0,0,0,0,47,18,599,5561,0,0,0,0,0,0,0,0
sao_paulo,nBEV4rFOanW4bZa31JM0Sw,506,36488,185,0,0,0,771,5871,372,179,0,0,665,6760,419,237,0,0,0,0,0,0,0,0,118,0,214,815,0,0,0,0,0,0,0,0,400,36486,138,155,0,0,769,5606,526,292,0,0,690,6999,245,147,0,0,0,0,0,0,0,0,201,28,281,637,0,0,0,0,0,0,0,0,520,36512,75,72,0,0,642,5923,431,197,0,0,653,6684,497,247,0,0,0,0,0,0,0,0,245,0,187,715,0,0,0,0,0,0,0,0
sao_paulo,oV7Q7EUJPH-5ZMAT16aI7A,1104,25073,10718,67,0,0,963,3478,10337,572,0,0,0,0,4,0,0,0,0,0,0,0,0,0,0,1,143,1140,0,0,0,0,0,0,0,0,0,22587,14375,0,0,0,2063,5965,5543,1779,0,0,4,0,0,0,0,0,0,0,0,0,0,0,0,0,1284,0,0,0,0,0,0,0,0,0,19,22779,14164,0,0,0,2040,5773,5758,1779,0,0,1,0,3,0,0,0,0,0,0,0,0,0,7,0,1277,0,0,0,0,0,0,0,0,0
sao_paulo,oubzmEZebW0xt9hWWIgN3Q,417,31971,3013,232,0,0,991,9106,624,594,0,0,966,2182,199,243,0,25,0,0,0,0,0,0,155,0,370,2512,0,0,0,0,0,0,0,0,216,35367,13,37,0,0,908,7353,2788,242,0,24,762,444,1263,1146,0,0,0,0,0,0,0,0,643,95,142,2156,0,1,0,0,0,0,0,0,216,35400,0,17,0,0,1379,7306,2297,326,0,7,547,524,1507,1022,0,15,0,0,0,0,0,0,387,29,402,2216,0,3,0,0,0,0,0,0
sao_paulo,p3WPC3r3OZij0pZr8jyR-A,974,29150,4563,154,0,0,1978,7278,4401,167,0,0,0,0,0,0,0,0,0,0,0,0,0,0,10,7,2240,2678,0,0,0,0,0,0,0,0,1481,29147,4204,9,0,0,1453,7274,4647,450,0,0,0,0,0,0,0,0,0,0,0,0,0,0,28,14,2353,2540,0,0,0,0,0,0,0,0,1327,29384,4113,17,0,0,1620,7048,4756,400,0,0,0,0,0,0,0,0,0,0,0,0,0,0,15,3,2335,2582,0,0,0,0,0,0,0,0
sao_paulo,pEfwvmb_FBOmLOnckeIGFA,349,30463,1208,0,1315,0,1092,14137,4328,496,0,14,16,0,182,0,0,0,0,0,0,0,0,0,0,0,0,0,0,0,0,0,0,0,0,0,333,30541,1146,0,1315,0,1124,13863,4570,496,0,14,0,196,2,0,0,0,0,0,0,0,0,0,0,0,0,0,0,0,0,0,0,0,0,0,333,29691,1996,0,1315,0,1083,14909,3584,477,0,14,41,0,138,19,0,0,0,0,0,0,0,0,0,0,0,0,0,0,0,0,0,0,0,0
sao_paulo,pTT4eaIPPMz9c1LU7IbE-w,75,29699,2982,37,0,0,3469,10688,1838,1064,0,55,289,331,64,220,0,0,0,0,0,0,0,0,0,0,223,2566,0,0,0,0,0,0,0,0,405,31900,482,6,0,0,3323,8720,3920,1096,0,55,79,98,522,205,0,0,0,0,0,0,0,0,26,0,183,2580,0,0,0,0,0,0,0,0,450,31278,1053,12,0,0,3217,9356,3433,1053,0,55,165,84,435,220,0,0,0,0,0,0,0,0,1,0,186,2602,0,0,0,0,0,0,0,0
sao_paulo,qZhtfaweaHDmUgGJtgVKTQ,1910,13982,4416,0,0,0,2834,18600,4621,0,71,0,221,3140,3560,21,0,0,0,0,0,0,0,0,0,210,14,0,0,0,0,0,0,0,0,0,4311,15389,537,0,71,0,478,17631,8009,8,0,0,176,2912,3841,13,0,0,0,0,0,0,0,0,0,0,224,0,0,0,0,0,0,0,0,0,3807,10585,5916,0,0,0,975,22501,2579,0,71,0,183,2817,3921,21,0,0,0,0,0,0,0,0,0,29,195,0,0,0,0,0,0,0,0,0
sao_paulo,r0oKhyEUSiK2FMKwXE7Z4g,2045,29185,1444,0,0,0,2210,10621,4573,491,0,0,64,93,13,6,0,0,0,0,0,0,0,0,108,40,457,2250,0,0,0,0,0,0,0,0,969,30602,1103,0,0,0,3181,9203,4438,1073,0,0,32,0,130,14,0,0,0,0,0,0,0,0,245,134,816,1660,0,0,0,0,0,0,0,0,636,29836,2202,0,0,0,3392,9948,3515,1040,0,0,41,114,17,4,0,0,0,0,0,0,0,0,358,41,753,1703,0,0,0,0,0,0,0,0
sao_paulo,rtBqqxWOVVb3_RFgloXeAA,2906,38274,6042,867,0,2,413,496,1091,53,0,0,11,62,55,0,0,0,0,0,0,0,0,0,66,0,722,2540,0,0,0,0,0,0,0,0,2693,38237,6806,355,0,0,581,521,740,209,0,2,5,74,49,0,0,0,0,0,0,0,0,0,117,0,315,2896,0,0,0,0,0,0,0,0,2733,38300,6536,522,0,0,571,482,765,233,0,2,4,50,74,0,0,0,0,0,0,0,0,0,88,0,535,2705,0,0,0,0,0,0,0,0
sao_paulo,thO-ovLo5h3IcEIBiZSBmA,1536,25306,1726,146,0,3,3397,16949,848,451,0,36,30,52,15,0,0,0,0,0,0,0,0,0,38,36,642,2389,0,0,0,0,0,0,0,0,2673,25210,79,719,0,36,2033,17091,2242,312,0,3,19,0,75,3,0,0,0,0,0,0,0,0,276,42,835,1952,0,0,0,0,0,0,0,0,2724,25209,43,705,0,36,2008,17006,2314,350,0,3,15,78,4,0,0,0,0,0,0,0,0,0,254,50,870,1931,0,0,0,0,0,0,0,0
sao_paulo,uVUc_s2SzXj8SYWwiFlbzA,7650,14087,39,24,0,39,12638,13958,786,197,0,0,169,592,717,11,0,0,0,0,0,0,0,0,399,0,192,2102,0,0,0,0,0,0,0,0,12889,8860,90,0,0,0,7355,18452,742,991,0,39,49,514,425,501,0,0,0,0,0,0,0,0,563,811,477,842,0,0,0,0,0,0,0,0,12897,8862,80,0,0,0,7003,18850,927,760,0,39,454,399,167,469,0,0,0,0,0,0,0,0,502,526,560,1105,0,0,0,0,0,0,0,0
sao_paulo,vR2DJ0kQMRDnmCk0ICH3mQ,1413,33851,330,3,0,0,2626,6313,3563,522,0,54,720,771,603,67,0,0,0,0,0,0,0,0,0,0,551,2213,0,0,0,0,0,0,0,0,1309,33882,388,0,0,18,1650,6962,3460,970,0,36,1533,61,153,414,0,0,0,0,0,0,0,0,267,30,1046,1421,0,0,0,0,0,0,0,0,930,33234,1411,0,0,22,2160,7565,2217,1104,0,32,1390,106,302,363,0,0,0,0,0,0,0,0,279,30,1117,1338,0,0,0,0,0,0,0,0
sao_paulo,vsYI9YRnGs7H2rchsFS44A,3957,17910,14,1000,0,0,2908,19035,1113,570,0,0,257,409,273,1164,0,3,38,1,77,5,0,0,369,18,5,4474,0,0,0,0,0,0,0,0,1764,20241,382,494,0,0,3923,13922,375,5403,0,3,2,1782,291,31,0,0,0,0,0,121,0,0,1840,1428,434,1164,0,0,0,0,0,0,0,0,2549,19699,0,633,0,0,3573,17176,1110,1767,0,0,445,498,271,889,0,3,79,0,42,0,0,0,883,0,59,3924,0,0,0,0,0,0,0,0
sao_paulo,wX8uKBQfioiFHogENC9FbQ,2877,25137,1420,0,0,0,4226,11405,580,535,0,0,917,2753,715,71,0,0,0,0,0,0,0,0,81,0,216,2667,0,0,0,0,0,0,0,0,2832,24921,1651,30,0,0,3757,10982,1038,969,0,0,967,3392,97,0,0,0,0,0,0,0,0,0,545,0,145,2274,0,0,0,0,0,0,0,0,3129,26275,25,5,0,0,4187,10518,1502,539,0,0,647,2502,1241,66,0,0,0,0,0,0,0,0,138,0,163,2663,0,0,0,0,0,0,0,0
sao_paulo,xfnPV8p9liS6w_thn5Juqw,744,29607,6,0,0,0,5977,16084,343,118,0,524,33,119,12,1,0,0,0,0,0,0,0,0,4,0,6,22,0,0,0,0,0,0,0,0,3341,27003,13,0,0,0,3269,18769,343,141,0,524,148,7,10,0,0,0,0,0,0,0,0,0,0,31,1,0,0,0,0,0,0,0,0,0,2893,27443,21,0,0,0,3784,18260,337,141,0,524,50,107,8,0,0,0,0,0,0,0,0,0,31,0,1,0,0,0,0,0,0,0,0,0
sao_paulo,xyyjv_yjywf2p-XYB-9qDg,950,19802,60,0,0,0,1419,24380,101,10,14,0,2673,2117,668,1406,0,0,0,0,0,0,0,0,0,0,0,0,0,0,0,0,0,0,0,0,1631,18239,0,942,0,0,1810,22948,703,463,0,0,1601,5112,126,11,14,0,0,0,0,0,0,0,0,0,0,0,0,0,0,0,0,0,0,0,1500,18345,0,967,0,0,2086,23242,147,449,0,0,1456,4712,682,0,14,0,0,0,0,0,0,0,0,0,0,0,0,0,0,0,0,0,0,0
sao_paulo,zo9eQGzGOdA57uZQE89rOA,1790,41189,162,2,0,0,2105,3195,277,330,0,0,368,3554,46,141,0,0,0,0,0,0,0,0,6,0,44,391,0,0,0,0,0,0,0,0,1570,41340,118,115,0,0,1439,4265,102,101,0,0,1176,2048,295,590,0,0,0,0,0,0,0,0,84,285,14,58,0,0,0,0,0,0,0,0,1856,40793,175,319,0,0,1821,3591,247,248,0,0,358,3554,48,149,0,0,0,0,0,0,0,0,234,0,59,148,0,0,0,0,0,0,0,0
sao_paulo,zrChULSCpDxHp7XG9HdGzw,2860,26867,1027,164,0,0,1589,17884,622,50,0,0,160,503,69,0,0,9,0,0,0,0,0,0,150,322,370,954,0,0,0,0,0,0,0,0,1645,29231,41,1,0,0,2750,15378,1563,454,0,0,21,13,115,592,0,0,0,0,0,0,0,0,343,954,369,121,0,9,0,0,0,0,0,0,2781,27316,778,43,0,0,1577,17147,865,547,0,9,64,329,187,161,0,0,0,0,0,0,0,0,337,784,258,417,0,0,0,0,0,0,0,0
