city,pano_id,n_seen_px_le25m,le25m_n,le25m_p_surface,le25m_p_walkroad,le25m_p_object,le25m_p_structure,le25m_p_wall,le25m_p_walkroad_given_surface,le25m_p_surface_given_walkroad,le25m_p_object_given_surface,le25m_p_object_given_surface_excl_ego,le25m_p_surface_given_object,le25m_p_surface_given_object_excl_ego,le25m_ego_share_of_surface_object,le25m_p_structure_given_surface,le25m_p_other_given_surface,le25m_p_structure_given_wall,le25m_p_walkroad_given_wall,le25m_kappa,le25m_lift_walkroad_given_surface,le25m_lift_surface_given_object,le25m_lift_structure_given_wall,n_sidewalk_px,n_sidewalk_floor_px,n_sidewalk_ground_px,n_walk_px,n_walk_floor_px,n_walk_ground_px,n_road_px,n_road_floor_px,n_road_ground_px
bend,-6wL7HzdK7t8DTC_zDPOLw,53600,53600,1,0.884403,0.0197201,0.0266978,0,0.884403,1,0.0197201,0.0197201,1,1,0,0.0266978,0.0691791,,,0,1,1,,3144,1206,1938,4417,1770,2647,42987,11911,31076
bend,0FMaNGiSOoTGqLgh8jHfYQ,53600,53600,0.996623,0.906978,0.0517724,0.000205224,0.00337687,0.910051,1,0.0519478,0.0514424,1,1,0.00972973,0.000205919,0.0214905,0,0,0.0419377,1.00339,1.00339,0,3859,3859,0,5907,5690,217,42707,26086,16621
bend,0SgaioiGd5Yi_5wc6m-nJg,53600,53600,0.991604,0.831399,0.105037,0.00875,0.00839552,0.838438,1,0.101505,0.101505,0.958259,0.958259,0,0.00511759,0.0549389,0.437778,0,0.0883694,1.00847,0.966373,50.0317,1902,1005,897,2603,1180,1423,41960,2542,39418
bend,1k8PFgEWlZnrY-j007WMAQ,53600,53600,0.999776,0.91875,0.065,0.0136567,0.000223881,0.918956,1,0.0647906,0.0647906,0.996556,0.996556,0,0.0136598,0.00259386,0,0,0.00257689,1.00022,0.996779,0,767,654,113,865,741,124,48380,39510,8870
bend,2S_Fj0bq7qkdKUBw9-g1XA,53600,53600,0.99375,0.94291,0.0158955,0.0342537,0.00625,0.948841,1,0.0159955,0.0159955,1,1,0,0.0281799,0.00698395,1,0,0.214285,1.00629,1.00629,29.1939,5744,3450,2294,7845,4401,3444,42695,18319,24376
bend,3EUb8DGIsQCcw8z9LOBnAA,53600,53600,0.999552,0.87069,0.0415672,0.00102612,0.000447761,0.87108,1,0.0412125,0.0412125,0.991023,0.991023,0,0.000951919,0.0867553,0.166667,0,0.0116885,1.00045,0.991467,162.424,425,247,178,1725,1026,699,44944,23348,21596
bend,4ijauQusmQIJgw4YLTkYsA,53600,53600,0.997034,0.787332,0.114888,0.0373134,0.00296642,0.789675,1,0.11523,0.11523,1,1,0,0.0344492,0.0606463,1,0,0.0347378,1.00298,1.00298,26.8,636,636,0,1504,1470,34,40697,12647,28050
bend,5NVgLhChZXnD_D-z3SLZyQ,53600,53600,1,0.955821,0.0149627,0.00522388,0,0.955821,1,0.0149627,0.0149627,1,1,0,0.00522388,0.0239925,,,0,1,1,,2131,1403,728,2972,1750,1222,48260,2476,45784
bend,5U3KS0M2Y8w3qsDGGV610g,53600,53600,0.958638,0.829011,0.149757,0.00652985,0.0413619,0.856178,0.990053,0.134831,0.134831,0.863087,0.863087,0,0.00268571,0.00630559,0.0956247,0.199369,0.113557,1.03277,0.900326,14.6442,658,239,0,969,532,0,43466,23638,19823
bend,62TiKmlmxt_xn_68w1lgAw,53600,53600,0.996679,0.888545,0.0201866,0.00223881,0.0033209,0.891505,1,0.0182696,0.0182696,0.902033,0.902033,0,0.000973382,0.0892516,0.382022,0,0.172731,1.00333,0.905039,170.637,3612,2193,1419,4980,2857,2123,42646,8061,34585
bend,7B5Vphda5PDmZJ5q1RQWdg,53600,53600,0.99959,0.885187,0.088694,0.00104478,0.000410448,0.88555,1,0.0883198,0.0883198,0.995372,0.995372,0,0.00104521,0.0250849,0,0,0.00414136,1.00041,0.995781,0,3387,2143,1244,5198,3359,1839,42248,17881,24367
bend,87nWq0hrTZLm2_UXRgPhZQ,53600,53600,1,0.801903,0.0865672,0,0,0.801903,1,0.0865672,0.0865672,1,1,0,0,0.11153,,,0,1,1,,3702,3383,319,6249,5439,810,36733,26328,10405
bend,8H6LgNn56hay95HiBYrhHw,53600,53600,1,0.940728,0.0363433,0.00317164,0,0.940728,1,0.0363433,0.0363433,1,1,0,0.00317164,0.0197575,,,0,1,1,,498,441,57,2081,1546,535,48342,11098,37244
bend,8KtYwvo9b34f3zm-afipNg,53600,53600,1,0.95,0.0286381,0.000335821,0,0.95,1,0.0286381,0.0286381,1,1,0,0.000335821,0.0210261,,,0,1,1,,203,155,48,821,277,544,50099,1199,48900
bend,8VPbrd8XBzDOIVoo5Xwz8g,53600,53600,0.990541,0.888078,0.0114552,0.0296269,0.00945896,0.896352,0.999769,0.00979413,0.00979413,0.846906,0.846906,0,0.0223947,0.0714595,0.786982,0.0216963,0.320278,1.00932,0.854993,26.5631,2697,2309,377,3826,3091,724,43775,21348,22427
bend,8cphEWdm85w5CwOw4rm0_A,53600,53600,1,0.945392,0.0320149,0,0,0.945392,1,0.0320149,0.0320149,1,1,0,0,0.0225933,,,0,1,1,,9820,1086,8734,11935,1488,10447,38738,1546,37192
bend,9DA1aapwjQcdUP2HEfrhfg,53600,53600,1,0.963657,0.0133022,0.00904851,0,0.963657,1,0.0133022,0.0133022,1,1,0,0.00904851,0.0139925,,,0,1,1,,2108,1165,943,3264,1803,1461,48388,6423,41965
bend,A5AVKFhm7unr9Rs55aQ1Tw,53600,53600,1,0.859888,0.0761567,0.000447761,0,0.859888,1,0.0761567,0.0761567,1,1,0,0.000447761,0.0635075,,,0,1,1,,1133,943,190,2249,1983,266,43841,27388,16453
bend,BfLStXTTg1-0FjTrZcvYWg,53600,53600,1,0.81528,0.113731,0.00472015,0,0.81528,1,0.113731,0.113731,1,1,0,0.00472015,0.0662687,,,0,1,1,,624,624,0,2396,2094,302,41303,22905,18398
bend,CIdYXefgwcZw4L9PqIpuHQ,53600,53600,0.983265,0.893209,0.0809515,0.0146082,0.0167351,0.908259,0.999833,0.0770924,0.0770924,0.936391,0.936391,0,0.00379485,0.0108533,0.649944,0.00891862,0.226882,1.01685,0.952328,44.4917,1931,1926,0,3221,3057,159,44655,23449,21203
bend,DFx_w62mJn4Qm4upFTXytQ,53600,53600,0.973843,0.838022,0.140149,0.0209701,0.0261567,0.859305,0.998575,0.137879,0.137879,0.958067,0.958067,0,0.00193494,0.00088126,0.729672,0.0456491,0.215248,1.0254,0.9838,34.7957,3631,1607,1960,4192,1706,2422,40726,4193,36533
bend,DJ8Zp111zu6KnMZz-0PHgQ,53600,53600,1,0.931362,0.0355224,0.000130597,0,0.931362,1,0.0355224,0.0355224,1,1,0,0.000130597,0.0329851,,,0,1,1,,1222,1222,0,1932,1905,27,47989,8144,39845
bend,E15SCY6RTiDuNUu_trZk4Q,53600,53600,0.999869,0.971549,0.0114366,0.000559701,0.000130597,0.971675,1,0.0114381,0.0114381,1,1,0,0.000429161,0.0164574,1,0,0.0214061,1.00013,1.00013,1786.67,1765,1506,259,2677,2281,396,49398,18878,30520
bend,E1wxX3pnvZdWrWnUkfkNkA,53600,53600,0.997183,0.877164,0.0766978,0.00442164,0.00281716,0.879642,1,0.0752493,0.0752493,0.978351,0.978351,0,0.00327415,0.0418343,0.410596,0,0.0446009,1.00283,0.981115,92.8605,4618,3011,1607,6193,3883,2310,40823,15487,25336
bend,HraXxn_y7_j4o8_4iS_JDQ,53600,53600,1,0.93931,0.0346828,0.00160448,0,0.93931,1,0.0346828,0.0346828,1,1,0,0.00160448,0.024403,,,0,1,1,,1738,1702,36,2285,2206,79,48062,18983,29079
bend,IQT-DUkA06hxOus4rPb47A,53600,53600,0.996922,0.924496,0.0359701,0.0019403,0.00307836,0.927014,0.999637,0.0350706,0.0350706,0.971992,0.971992,0,0.000299429,0.0332179,0.533333,0.109091,0.09371,1.00272,0.974993,274.872,4049,4031,0,4920,4851,51,44633,19559,25074
bend,I_t9Bp1OzV2m-ZKFHssOdg,53600,53600,0.991735,0.866213,0.0181716,0.00725746,0.00826493,0.873432,1,0.0130557,0.0130557,0.712526,0.712526,0,0.00428918,0.109224,0.363431,0,0.327945,1.00833,0.718464,50.0769,1845,1559,286,3132,2165,967,43297,18212,25085
bend,JliGuAWGKCyOS1LBoywZlA,53600,53600,0.999981,0.858022,0.029291,0.0326866,1.86567e-05,0.858038,1,0.0292916,0.0292916,1,1,0,0.0326685,0.0800015,1,0,0.000573395,1.00002,1.00002,30.5936,1298,1223,75,2247,2058,189,43743,16593,27150
bend,Jv7Zl2erbO_g10pRN-IS_Q,53600,53600,0.992948,0.84931,0.0438433,0.00990672,0.00705224,0.855342,1,0.0391192,0.0391192,0.885957,0.885957,0,0.00791026,0.0976288,0.291005,0,0.143415,1.0071,0.89225,29.3745,2964,1714,1250,4885,2737,2148,40638,8147,32491
bend,Kv2haiYlkJCiaO61RVWwQA,53600,53600,0.997444,0.925784,0.0224627,0.0033209,0.00255597,0.928119,0.99996,0.0204815,0.0204815,0.909468,0.909468,0,0.00284309,0.0485569,0.189781,0.0145985,0.103638,1.00252,0.911799,57.1475,2796,1187,1607,3653,1639,2012,45969,29160,16809
bend,LMwVmdxU9opG4yzbotuw6g,53600,53600,0.9975,0.912351,0.0337313,0.00317164,0.0025,0.914637,1,0.0328246,0.0328246,0.970686,0.970686,0,0.00170202,0.050836,0.589552,0,0.0976109,1.00251,0.973119,185.882,3036,2046,990,3802,2626,1176,45100,17652,27448
bend,LhpYKYMPIDXskyHjHW1nOQ,53600,53600,0.994011,0.897966,0.0865299,0.000223881,0.00598881,0.903377,1,0.0811764,0.0811764,0.932514,0.932514,0,7.50765e-05,0.0153719,0.0249221,0,0.0609094,1.00602,0.938132,111.319,1527,1527,0,1883,1883,0,46248,23771,22477
bend,NS7lT-itv0JiN6UHVvBxsg,53600,53600,0.999608,0.953134,0.0277239,0.00149254,0.000391791,0.953508,1,0.0276228,0.0276228,0.995962,0.995962,0,0.00121316,0.0176562,0.714286,0,0.022287,1.00039,0.996353,478.571,555,356,199,1082,691,391,50006,9207,40799
bend,Noi7DhIT3xbCjA2Ip4QOyg,53600,53600,0.99722,0.864347,0.0383955,0.00123134,0.00277985,0.866756,1,0.035902,0.035902,0.932459,0.932459,0,0.00117865,0.0961628,0.0201342,0,0.0612781,1.00279,0.935058,16.3514,2356,1211,1145,4078,1950,2128,42251,13022,29229
bend,NzRL8weHSGkfduBHnrgd5g,53600,53600,0.995112,0.923657,0.0238619,0.0124254,0.00488806,0.928194,1,0.0227043,0.0227043,0.946833,0.946833,0,0.00884923,0.0402527,0.740458,0,0.202001,1.00491,0.951484,59.5924,9946,6842,3104,13028,8953,4075,36480,10900,25580
bend,OedGesfk606bGhg4OQESiQ,53600,53600,0.99153,0.920187,0.020541,0.0540858,0.0080597,0.927633,0.999554,0.0195499,0.0195499,0.943688,0.943688,0,0.0475859,0.00523087,0.856481,0,0.169302,1.00809,0.951749,15.8356,3849,2564,1285,4901,2920,1981,44421,9402,34997
bend,PX5zU_2KkKO0Gr4FiSe9aw,53600,53600,0.999347,0.843563,0.0101493,0.0311194,0.000652985,0.844115,1,0.0097265,0.0097265,0.957721,0.957721,0,0.0311397,0.115019,0,0,0.00911861,1.00065,0.958346,0,2119,1568,551,3749,2332,1417,41466,11518,29948
bend,PgOXmiCTtEV4ip7AJDqf2Q,53600,53600,0.997948,0.944254,0.0514366,0.00257463,0.00205224,0.945074,0.998815,0.0506076,0.0506076,0.981864,0.981864,0,0.00257992,0.00173864,0,0.545455,0.0145978,1.00087,0.983884,0,5248,3418,1830,8578,5568,2970,42034,17451,24563
bend,RS0LXKWETF8PhWMbaexYlg,53600,53600,0.998153,0.895243,0.00654851,0.00218284,0.00184701,0.896899,1,0.00571952,0.00571952,0.871795,0.871795,0,0.00117755,0.0962038,0.545455,0,0.268447,1.00185,0.873408,249.883,2643,2581,62,3788,3656,132,44197,12191,32006
bend,Ro8ZmvW9hyxIS4GVq1cpMQ,53600,53600,1,0.948172,0.0437873,0.00184701,0,0.948172,1,0.0437873,0.0437873,1,1,0,0.00184701,0.00619403,,,0,1,1,,676,674,2,1771,1706,65,49051,18780,30271
bend,SM4RUwTVtTzgSm3LWvzwqA,53600,53600,0.996213,0.927687,0.0537313,0.00113806,0.00378731,0.931213,1,0.0511452,0.0511452,0.948264,0.948264,0,0.000187276,0.0174542,0.251232,0,0.076495,1.0038,0.951869,220.754,3086,1087,1999,3813,1364,2449,45911,4185,41726
bend,ScnPNQ2cah0xzWlH28uoOw,53600,53600,0.999422,0.797556,0.0261754,0.130616,0.000578358,0.798018,1,0.0257238,0.0257238,0.982181,0.982181,0,0.130579,0.0456794,0.193548,0,0.00333374,1.00058,0.982749,1.48182,1129,1129,0,1871,1871,0,40878,6252,34626
bend,ShaAxuhgD3rK5__gON66zA,53600,53600,0.989851,0.952799,0.0229104,0.00550373,0.0101493,0.96187,0.999276,0.0186972,0.0186972,0.807818,0.807818,0,0.000452352,0.0189799,0.498162,0.0680147,0.370774,1.00952,0.8161,90.5135,3203,249,2944,4145,621,3508,46925,14089,32815
bend,TzKDX5ADk6lqRtZ-F8r6XQ,53600,53600,0.999366,0.95084,0.0344776,0.00147388,0.000634328,0.951443,1,0.0341075,0.0341075,0.988636,0.988636,0,0.00123212,0.0132173,0.382353,0,0.0233336,1.00063,0.989264,259.419,1533,1388,145,2082,1851,231,48883,20649,28234
bend,UdLzRf1Yi67NOSMn6IZjHQ,53600,53600,1,0.917407,0.0234515,0.00016791,0,0.917407,1,0.0234515,0.0234515,1,1,0,0.00016791,0.0589739,,,0,1,1,,2946,2692,254,4774,4070,704,44399,20052,24347
bend,VIMFndX_oqm7vJJD8gDyEA,53600,53600,0.998526,0.844627,0.0960821,0,0.00147388,0.845874,1,0.0947479,0.0947479,0.98466,0.98466,0,0,0.0593786,0,0,0.0136763,1.00148,0.986114,,5449,1865,3584,8331,2897,5434,36941,8667,28274
bend,VMjtxZNqxl9E6oUXnsdI8Q,53600,53600,0.994049,0.888638,0.0684888,0.00375,0.00595149,0.893958,1,0.0651264,0.0651264,0.945247,0.945247,0,0.00155778,0.0393574,0.369906,0,0.0990601,1.00599,0.950906,98.6416,2513,1504,1009,3972,2248,1724,43659,21403,22256
bend,VgWpqFkTwCIROvM0z-DkOw,53600,53600,0.996175,0.941884,0.0122201,0.0320149,0.00382463,0.945501,1,0.01193,0.01193,0.972519,0.972519,0,0.0286356,0.0139339,0.912195,0,0.146998,1.00384,0.976253,28.4928,3396,1723,1673,4404,2319,2085,46081,14587,31494
bend,WGdZz7jOkmmmyQYpbw3F8w,53600,53600,0.985578,0.896175,0.0662687,0.0141978,0.0144216,0.908569,0.999209,0.0646071,0.0646071,0.960867,0.960867,0,0.00348307,0.0233403,0.746442,0.0491591,0.243341,1.01383,0.974927,52.5747,1281,1244,0,2545,1837,671,45490,4426,41063
bend,Wnu3AyufxG1XD9JvU5K-hg,53600,53600,1,0.948153,0.0107276,0,0,0.948153,1,0.0107276,0.0107276,1,1,0,0,0.0411194,,,0,1,1,,1302,1291,11,1874,1847,27,48947,6729,42218
bend,X3HUl4G0JyP3fwNYcFAXVw,53600,53600,0.997799,0.959235,0.00479478,0.0359701,0.00220149,0.961351,1,0.00480536,0.00480536,1,1,0,0.0338432,0,1,0,0.0989323,1.00221,1.00221,27.8008,6799,3816,2983,10080,4733,5347,41335,3057,38278
bend,ZO7V6RR9LtZT8l9-SjIQUg,53600,53600,1,0.889534,0.0384328,0.000820896,0,0.889534,1,0.0384328,0.0384328,1,1,0,0.000820896,0.0712127,,,0,1,1,,2166,1214,952,3330,1353,1977,44349,2209,42140
bend,ZlXmdBYkhIpp-wNfPlSIFw,53600,53600,0.999384,0.936399,0.018694,0.00201493,0.000615672,0.936976,1,0.0181828,0.0181828,0.972056,0.972056,0,0.00192283,0.0429182,0.151515,0,0.0326112,1.00062,0.972655,75.1964,1710,640,1070,2561,1000,1561,47630,1862,45768
bend,bCoStRGdrZB6z6QXF9w0yQ,53600,53600,0.978918,0.913209,0.0466604,0.0246082,0.0210821,0.931542,0.99857,0.0442729,0.0442729,0.928828,0.928828,0,0.00838574,0.0157995,0.777876,0.0619469,0.377486,1.02008,0.948832,31.6104,1451,725,656,2293,1148,1075,46655,30601,16054
bend,bTkyJpLDQ7HCw4yOdqdNCg,53600,53600,0.99666,0.936866,0.0192724,0.0317537,0.00333955,0.940005,1,0.0184572,0.0184572,0.954501,0.954501,0,0.0293892,0.0121488,0.73743,0,0.102161,1.00335,0.9577,23.2234,2600,555,2045,4033,858,3175,46183,4988,41195
bend,bVadNrPq_zXgbJjhhDSwDw,53600,53600,1,0.908451,0.0817164,0,0,0.908451,1,0.0817164,0.0817164,1,1,0,0,0.00983209,,,0,1,1,,2618,2618,0,3569,3569,0,45124,11695,33429
bend,cqb7v_2KGHMeSy8VpvkcDQ,53600,53600,0.990765,0.908937,0.0439739,0.0107276,0.00923507,0.917296,0.999877,0.0378119,0.0378119,0.85193,0.85193,0,0.00821015,0.036682,0.280808,0.0121212,0.175164,1.0092,0.859871,26.1762,3767,1187,2574,4693,1556,3131,44026,8214,35812
bend,dUy9p1NputrGH7SFDmbCpg,53600,53600,1,0.953377,0.0236754,0.00141791,0,0.953377,1,0.0236754,0.0236754,1,1,0,0.00141791,0.0215299,,,0,1,1,,1457,1457,0,1998,1938,60,49103,19418,29685
bend,f8KWeNBZLlwJXVSj5_0RAg,53600,53600,0.994664,0.935112,0.0159888,0.0178545,0.00533582,0.940091,0.99996,0.0149867,0.0149867,0.932322,0.932322,0,0.0146866,0.030236,0.608392,0.00699301,0.187614,1.00532,0.937323,34.075,4106,2044,2062,5550,2473,3075,44572,11798,32774
bend,gTM14tSsKuUwbSxtTb4xoQ,53600,53600,0.985784,0.894869,0.060541,0.0322388,0.0142164,0.907775,1,0.0532382,0.0532382,0.866872,0.866872,0,0.0264582,0.0125289,0.433071,0,0.176734,1.01442,0.879374,13.4332,2575,2452,123,3709,3428,281,44256,12364,31892
bend,hKMeDFlSe7fPsZpi4kS-aA,53600,53600,0.997631,0.932575,0.0181716,0.00641791,0.0023694,0.93479,1,0.0173733,0.0173733,0.953799,0.953799,0,0.00510538,0.0427318,0.559055,0,0.127033,1.00238,0.956064,87.1086,1266,1266,0,1899,1882,17,48087,9388,38699
bend,h_1bUHhTLKugR5XhzA1-nA,53600,53600,0.990261,0.918358,0.0613619,0.0013806,0.00973881,0.926071,0.998578,0.0545235,0.0537134,0.879903,0.878312,0.0148583,0.000357964,0.0190474,0.105364,0.1341,0.122426,1.0084,0.888556,76.3177,4610,3295,1245,5387,3709,1608,43837,11538,32299
bend,hu3-VWXlGi42PkY38XPJzQ,53600,53600,1,0.962537,0.0123694,9.32836e-05,0,0.962537,1,0.0123694,0.0123694,1,1,0,9.32836e-05,0.025,,,0,1,1,,1232,1198,34,1735,1663,72,49857,21191,28666
bend,kjNgQrRlUM8VkFMli6aIPQ,53600,53600,0.997463,0.956287,0.0189366,0.00106343,0.00253731,0.95872,1,0.0177129,0.0177129,0.933005,0.933005,0,0.000879096,0.0226882,0.0735294,0,0.0706438,1.00254,0.935378,69.1434,2141,1350,791,2720,1812,908,48537,21619,26918
bend,kkDJcaa4ZmOKSqhbnM1MvQ,53600,53600,1,0.868022,0.0598881,0.0127239,0,0.868022,1,0.0598881,0.0598881,1,1,0,0.0127239,0.059347,,,0,1,1,,1381,1250,131,2679,2338,341,43847,9197,34650
bend,kmEwK3ZUn80IJAPqjc4nnA,53600,53600,0.995149,0.909757,0.0458955,0.00272388,0.00485075,0.914192,1,0.042126,0.042126,0.913415,0.913415,0,0.00185602,0.041826,0.180769,0,0.10294,1.00487,0.917867,66.3646,3094,2817,277,4434,4066,368,44329,3657,40672
bend,lWmcJJwTxnbJ5OUloRKphA,53600,53600,0.98347,0.902257,0.027556,0.015653,0.0165299,0.917422,1,0.0173958,0.0173958,0.620853,0.620853,0,0.0119703,0.0532117,0.234763,0,0.293299,1.01681,0.631288,14.998,2322,1025,1297,3537,1328,2209,44824,2846,41978
bend,lijNEguHL6T106ODEBcylQ,53600,53600,1,0.865429,0.0881903,0.000335821,0,0.865429,1,0.0881903,0.0881903,1,1,0,0.000335821,0.0460448,,,0,1,1,,3517,2754,763,5048,3853,1195,41339,16742,24597
bend,mVwc04XB9DxuIb05ExnrdA,53600,53600,0.996231,0.838731,0.139646,0.0113246,0.00376866,0.841904,1,0.140061,0.140061,0.999198,0.999198,0,0.00769692,0.0103375,0.970297,0,0.0442086,1.00378,1.00298,85.6803,1004,169,835,2930,434,2496,42026,3711,38315
bend,mdQY8aMSdYrnHfHNXqj6GQ,53600,53600,0.993582,0.885541,0.0601306,0.019403,0.00641791,0.889834,0.998399,0.0593924,0.0593924,0.981384,0.981384,0,0.0156227,0.035151,0.604651,0.22093,0.0966475,1.00485,0.987723,31.1628,4095,3848,171,4791,4479,236,42674,2753,39921
bend,nd-z43_liOX80bmhO15urg,53600,53600,0.986306,0.949254,0.0140485,0.00406716,0.013694,0.962395,0.999961,0.0110468,0.0110468,0.775564,0.775564,0,0.00013241,0.0264253,0.287466,0.0027248,0.340328,1.01384,0.786332,70.6797,1355,1061,292,2307,1562,743,48573,5882,42691
bend,oKUCusv3jdVCLmevp-P3zw,53600,53600,1,0.930597,0.0579478,0,0,0.930597,1,0.0579478,0.0579478,1,1,0,0,0.0114552,,,0,1,1,,4343,4343,0,5980,5665,315,43900,25937,17963
bend,pIcQQrFa8_XDG7-VSRhAfQ,53600,53600,1,0.90847,0.0264925,0.00406716,0,0.90847,1,0.0264925,0.0264925,1,1,0,0.00406716,0.0609701,,,0,1,1,,4791,4649,142,7354,7003,351,41340,7072,34268
bend,qNYRurrxEhqZvO8GrwE9nA,53600,53600,0.992836,0.804179,0.0535075,0.0203918,0.00716418,0.809982,1,0.053856,0.053856,0.999303,0.999303,0,0.0133606,0.122801,0.994792,0,0.169373,1.00722,1.00651,48.7839,1756,934,822,3662,1866,1796,39442,4270,35172
bend,rQtHh0Wai-D1FvbvqBlWdw,53600,53600,0.999254,0.922948,0.0287873,0.000410448,0.000746269,0.923637,1,0.0280993,0.0280993,0.975373,0.975373,0,0.000373413,0.0478902,0.05,0,0.0254491,1.00075,0.976101,121.818,1858,1569,289,2667,2175,492,46803,31263,15540
bend,rvwbAGgi-7mNlZHKSPC8WQ,53600,53600,1,0.910821,0.0432463,0.0204664,0,0.910821,1,0.0432463,0.0432463,1,1,0,0.0204664,0.0254664,,,0,1,1,,1953,1804,149,2719,2427,292,46101,24494,21607
bend,rxF0qBiSbOEnMR9wwxpjEw,53600,53600,0.996642,0.868675,0.045541,0.0227239,0.00335821,0.871546,0.999936,0.0438974,0.0438974,0.960672,0.960672,0,0.0213029,0.0632535,0.444444,0.0166667,0.0626852,1.0033,0.963909,19.5585,4280,4104,173,6131,5886,242,40430,14355,26075
bend,s4e-NVzTyqcyZ6_5npv6Ow,53600,53600,0.995354,0.875728,0.0179664,0.00389925,0.00464552,0.879815,1,0.0150138,0.0150138,0.831776,0.831776,0,0.00228674,0.102885,0.349398,0,0.23299,1.00467,0.835658,89.6063,5536,5477,59,6974,6735,239,39965,26535,13430
bend,sLysKXt4_iSuR_gUCdxe5g,53600,53600,0.999571,0.868265,0.0577985,0.0011194,0.000429104,0.868638,1,0.057394,0.057394,0.992576,0.992576,0,0.00111988,0.0728484,0,0,0.00679929,1.00043,0.993002,0,655,655,0,1105,1105,0,45434,16167,29267
bend,tvNqBlxdm0rdkZgBOGVfog,53600,53600,1,0.884944,0.00955224,0.0101493,0,0.884944,1,0.00955224,0.00955224,1,1,0,0.0101493,0.0953545,,,0,1,1,,1245,1060,185,2815,2044,771,44618,20573,24045
bend,vX7HB8heH18fb_VkIUAagA,53600,53600,0.987015,0.92528,0.0260634,0.00386194,0.0129851,0.936999,0.999516,0.0216619,0.0216619,0.820329,0.820329,0,0.00069938,0.0406396,0.244253,0.0344828,0.249281,1.01267,0.831121,63.2462,2681,2206,452,3455,2796,636,46140,25438,20701
bend,vwNiakvhRASLUkJZwdRB4A,53600,53600,0.998787,0.930112,0.0370896,0.00136194,0.00121269,0.931241,1,0.0361072,0.0361072,0.972334,0.972334,0,0.0011768,0.0314747,0.153846,0,0.0341018,1.00121,0.973515,112.961,2460,2374,86,3296,3146,150,46558,15632,30926
bend,vxefPfMvnutF5i07I8rnuw,53600,53600,1,0.89653,0.00507463,0.00511194,0,0.89653,1,0.00507463,0.00507463,1,1,0,0.00511194,0.0932836,,,0,1,1,,538,509,29,1393,1345,48,46661,31367,15294
bend,wuFHDmC43ImDlZMS6-opJQ,53600,53600,0.993787,0.930765,0.012556,0.0264925,0.00621269,0.936358,0.999759,0.0115832,0.0115832,0.91679,0.91679,0,0.0217208,0.0303377,0.78979,0.036036,0.233001,1.00601,0.922522,29.8118,3290,56,3233,4317,67,4249,45572,343,45218
bend,xKoseQiPNzFwaWfw9Rl6hg,53600,53600,0.998265,0.867444,0.00854478,0.0230784,0.00173507,0.868952,1,0.00824191,0.00824191,0.962882,0.962882,0,0.0216981,0.101108,0.817204,0,0.0919354,1.00174,0.964556,35.41,1574,1574,0,2927,2754,173,43568,14077,29491
bend,xU7xT5kREy_Jnq_vYaXc8w,53600,53600,0.996493,0.91556,0.0600933,0.00179104,0.00350746,0.918052,0.999205,0.0589381,0.0589381,0.977336,0.977336,0,0.000374448,0.0226354,0.404255,0.207447,0.0609869,1.00272,0.980776,225.709,2864,2181,674,4879,3263,1604,44195,15736,28432
bend,yDV1n1O4f0QHWG869hAzbQ,53600,53600,0.955672,0.909216,0.0572015,0.0314179,0.0443284,0.951253,0.999856,0.044647,0.044647,0.745923,0.745923,0,0.00191317,0.00218648,0.667508,0.00294613,0.535872,1.04623,0.780522,21.2461,2694,1797,890,3633,2216,1410,45101,4826,40275
bend,yPUv9rk8acshJKXa9_jMag,53600,53600,0.999571,0.922257,0.0134142,0.0011194,0.000429104,0.922653,1,0.013084,0.013084,0.974965,0.974965,0,0.00111988,0.0631428,0,0,0.0220049,1.00043,0.975384,0,4050,2540,1510,5060,3165,1895,44373,30546,13827
bend,yuwkp3XCUwSbB8q7Og99GQ,53600,53600,0.995429,0.918451,0.0299067,0.0105784,0.0045709,0.922669,1,0.0274576,0.0274576,0.913911,0.913911,0,0.0086215,0.041252,0.436735,0,0.141307,1.00459,0.918108,41.2857,2367,2015,352,3056,2518,538,46173,7768,38405
bend,zcVgeJb6FkDw1z__YhM1tg,53600,53600,1,0.892407,0.0436381,0.00919776,0,0.892407,1,0.0436381,0.0436381,1,1,0,0.00919776,0.0547575,,,0,1,1,,2578,2211,367,5975,5361,614,41858,14859,26999
paterson,-2so4d79_XMQZkVRS5c0dw,53600,53600,0.971623,0.825597,0.120672,0.0458396,0.0283769,0.84944,0.999684,0.119972,0.119972,0.965986,0.965986,0,0.0225043,0.00808387,0.844839,0.00920447,0.243704,1.02888,0.994199,18.4303,1588,1575,0,1971,1958,0,42281,13986,28294
paterson,0-zmUwLwl5ENJgqxheDklQ,53600,53600,0.998806,0.896325,0.0326493,0.0518657,0.00119403,0.897396,1,0.0324828,0.0324828,0.993714,0.993714,0,0.0517035,0.0184175,0.1875,0,0.00572957,1.0012,0.994902,3.61511,2958,1363,1595,4271,2132,2139,43772,24596,19176
paterson,0Drku25sOlOlWGiVf7uetw,53600,53600,0.996381,0.967201,0.0150187,0.00992537,0.0036194,0.970715,1,0.012302,0.012302,0.816149,0.816149,0,0.0091001,0.00788301,0.237113,0,0.153018,1.00363,0.819114,23.8896,1028,804,224,1425,1029,396,50417,10841,39576
paterson,0fCPhcB0ZF3dHQ7nEIWABA,53600,53600,1,0.960728,0.0275746,7.46269e-05,0,0.960728,1,0.0275746,0.0272948,1,1,0.0101488,7.46269e-05,0.0116231,,,0,1,1,,664,660,4,2167,2148,19,49328,6791,42537
paterson,0s94i47Wdggc9cHmBjEe8w,53600,53600,0.984384,0.79847,0.150168,0.0419776,0.0156157,0.811137,1,0.152361,0.152361,0.998758,0.998758,0,0.0269697,0.0095332,0.988053,0,0.13419,1.01586,1.0146,23.5376,1017,941,76,1370,1256,114,41428,26342,15086
paterson,0uNeulmg68uHO_WKDIuqZw,53600,53600,0.991269,0.901828,0.0626493,0.0314366,0.00873134,0.909697,0.999917,0.0628811,0.0628811,0.994937,0.994937,0,0.0233005,0.00412181,0.955128,0.00854701,0.156312,1.00872,1.0037,30.3827,2114,1699,411,3172,1882,1286,45166,7620,37546
paterson,1FJQJxlHdC_TzHOH9ynMFw,53600,53600,0.998993,0.888955,0.0900187,0.00264925,0.00100746,0.889852,1,0.0896052,0.0833676,0.994404,0.993988,0.0696123,0.00239047,0.0181526,0.259259,0,0.00993906,1.00101,0.995407,97.8612,731,731,0,1026,1022,4,46622,8918,37704
paterson,21Gw_VuYrSK42PCF32UGUw,53600,53600,1,0.959757,0.0176119,7.46269e-05,0,0.959757,1,0.0176119,0.0176119,1,1,0,7.46269e-05,0.022556,,,0,1,1,,900,759,141,1203,1001,202,50240,6809,43431
paterson,2lovLRC7Pv6S94tMW3mDug,53600,53600,0.999366,0.922985,0.0433582,0.0149254,0.000634328,0.923571,1,0.042919,0.042919,0.989243,0.989243,0,0.0147668,0.0187432,0.264706,0,0.0128381,1.00063,0.989871,17.7353,928,827,101,5695,3726,1969,43777,8056,35721
paterson,3BTAarqIRrxbpFHUFJhtSQ,53600,53600,1,0.947313,0.0129104,1.86567e-05,0,0.947313,1,0.0129104,0.00912313,1,1,0.293353,1.86567e-05,0.0397575,,,0,1,1,,5847,1339,4508,6489,1522,4967,44287,24264,20023
paterson,3Tw1W-lv133l2efDeoEAYQ,53600,53600,0.983433,0.940746,0.014347,0.0264179,0.0165672,0.954963,0.998294,0.0140006,0.0140006,0.959688,0.959688,0,0.0122363,0.00574822,0.868243,0.0968468,0.407037,1.01511,0.975855,32.8657,3304,1026,2192,3822,1218,2518,46602,7850,38752
paterson,3dq9TqRXzopD0yvztHg8rg,53600,53600,0.978153,0.870821,0.0383955,0.010597,0.021847,0.889145,0.998736,0.0297355,0.0297355,0.757532,0.757532,0,0.00102996,0.0800893,0.438941,0.0503843,0.390967,1.02104,0.774451,41.4212,2160,2033,68,3911,3655,197,42765,11909,30856
paterson,4H5JBCKRb_RegGCUdvxVqQ,53600,53600,0.997668,0.903302,0.0392164,0.0115485,0.00233209,0.905339,0.999917,0.0376251,0.0352127,0.957184,0.980219,0.0641153,0.0109958,0.0460402,0.248,0.032,0.0508105,1.00225,0.959421,21.4746,1897,1022,871,2590,1392,1194,45827,31648,14179
paterson,4cXVf74zyKLTQLiQtBObww,53600,53600,0.995709,0.903787,0.0773881,0.0169963,0.00429104,0.907682,1,0.0777216,0.0776279,1,1,0.0012054,0.01276,0.00183624,1,0,0.0825291,1.00431,1.00431,58.8364,6154,3261,2893,6542,3649,2893,41901,18248,23653
paterson,5M-GzTlVe-lrOqHmypJqTA,53600,53600,0.967929,0.31181,0.611884,0.0688433,0.0320709,0.322083,0.99982,0.628053,0.548525,0.993506,0.992571,0.126627,0.0421542,0.00770995,0.874346,0.0017452,0.052292,1.03295,1.02642,12.7005,717,640,74,802,705,94,15911,1448,14463
paterson,5PJhqjhMTDTN_54DwP35Xw,53600,53600,0.961996,0.890989,0.0469776,0.0596828,0.0380037,0.926187,1,0.0445862,0.0445862,0.913026,0.913026,0,0.0267828,0.00244361,0.892489,0,0.474185,1.03951,0.949095,14.9539,4556,3245,1311,5349,3771,1578,42408,25535,16873
paterson,60amgEGA1TEcbtRBTtxUTg,53600,53600,0.936045,0.769496,0.000317164,0.173843,0.0639552,0.821913,0.999806,0.000338834,0.000338834,1,1,0,0.117556,0.0601929,0.997666,0.00233372,0.488075,1.06812,1.06832,5.73888,4426,4418,0,5465,5425,32,35780,17693,18087
paterson,75T9ZXImSNQMpkN794zWRQ,53600,53600,0.995448,0.959739,0.0245709,0.00835821,0.00455224,0.964128,1,0.0208224,0.0205788,0.843584,0.842025,0.0117012,0.00768423,0.00736562,0.155738,0,0.136036,1.00457,0.847442,18.6329,2627,2429,198,3086,2821,265,48356,27555,20801
paterson,7ZSHYN4Na-esoxvqvTzjwQ,53600,53600,0.980056,0.910802,0.0356903,0.0317724,0.019944,0.92869,0.999304,0.029278,0.029278,0.803973,0.803973,0,0.0198549,0.0221774,0.617399,0.0318054,0.347007,1.01964,0.820334,19.4319,3021,2989,0,7377,7290,55,41442,25089,16351
paterson,80E3CRwZRxGtczZCQX3JNg,53600,53600,0.998974,0.984179,0.014459,0.00125,0.00102612,0.98519,1,0.0136894,0.0136894,0.945806,0.945806,0,0.0010085,0.000112055,0.236364,0,0.0748462,1.00103,0.946778,189.091,428,221,207,687,356,331,52065,13294,38771
paterson,8NBnsxnKT5lNnv4ToKfO1Q,53600,53600,0.975205,0.955075,0.0101679,0.0290112,0.0247948,0.979185,0.999824,0.00994815,0.00994815,0.954128,0.954128,0,0.00497408,0.00589237,0.974417,0.00677201,0.756169,1.02524,0.978387,33.5876,4000,1212,2781,4729,1571,3151,46463,16607,29854
paterson,8_b_fPkaKLKL1NpmMe3OMQ,53600,53600,0.999981,0.840373,0.000279851,0.157295,1.86567e-05,0.840389,1,0.000279856,0.000279856,1,1,0,0.157279,0.00205228,1,0,0.000199502,1.00002,1.00002,6.35749,2445,2164,281,4474,2502,1972,40570,4684,35886
paterson,9AZrydWz7yu5OFJmBXIzDg,53600,53600,0.992649,0.858041,0.134552,0.00692164,0.00735075,0.863982,0.999522,0.134327,0.0193023,0.990987,0.940476,0.856303,0.00125926,0.000432282,0.771574,0.0558376,0.0776068,1.00692,0.998326,111.473,4837,137,4678,20040,361,19657,25951,4564,21387
paterson,ATosj02dIzTybtsR5ecUPA,53600,53600,0.752444,0.842761,0.00468284,0.152556,0.247556,0.836106,0.746502,0.00538048,0.00530609,0.864542,0.862903,0.0138249,0.158513,0,0.134449,0.862989,-0.028924,0.992103,1.14898,0.881307,12860,9162,3649,14337,10071,4191,30835,11062,8397
paterson,AYBFFp06z_3m70ETRK2Jtw,53600,53600,0.990299,0.962519,0.0246082,0.00779851,0.00970149,0.971948,1,0.0178033,0.0178033,0.716452,0.716452,0,0.00512434,0.00512434,0.280769,0,0.288491,1.0098,0.723471,36.0029,16069,9992,6077,16444,10300,6144,35147,24001,11146
paterson,AhV3GKVFnENcHwhG45WN2g,53600,53600,0.995429,0.971007,0.0134888,0.0133209,0.0045709,0.975466,1,0.0132134,0.0126699,0.975104,0.974063,0.0411348,0.00912754,0.00219286,0.926531,0,0.276388,1.00459,0.979581,69.5547,2485,2389,96,4754,3421,1333,47292,17382,29910
paterson,BjV06xLkvfHDCTJMA5WK6Q,53600,53600,0.998713,0.930075,0.0368657,0.00789179,0.00128731,0.931273,1,0.0356803,0.0356803,0.966599,0.966599,0,0.00784592,0.0252004,0.0434783,0,0.0277423,1.00129,0.967845,5.5093,462,221,241,983,440,543,48869,9770,39099
paterson,Bv3GagtdyKXz2JVeZMpjrA,53600,53600,0.996754,0.92541,0.0233769,0.0130037,0.00324627,0.928424,1,0.0215813,0.0215813,0.920192,0.920192,0,0.0117359,0.0382585,0.402299,0,0.109391,1.00326,0.923188,30.9372,2330,1089,1241,2907,1282,1625,46695,2712,43983
paterson,BvnpSlTjHxKyBiX5tQ02Mg,53600,53600,0.976399,0.967183,0.0180784,0.0147388,0.0236007,0.982421,0.991783,0.0151906,0.0151906,0.820433,0.820433,0,0.00238846,0,0.525692,0.336759,0.487152,1.01576,0.840264,35.6672,2289,1457,406,2856,1777,653,48985,4621,44364
paterson,BwpJfUUUcWanSPtttY4KJw,53600,53600,1,0.95444,0.0150373,0,0,0.95444,1,0.0150373,0.0150373,1,1,0,0,0.0305224,,,0,1,1,,9237,1369,7868,9944,1795,8149,41214,16431,24783
paterson,C-d-iXNcQ_LYqEup9COaOA,53600,53600,0.98584,0.888825,0.103041,0.00809701,0.0141604,0.901213,0.99958,0.0941315,0.0941315,0.900598,0.900598,0,0.00461763,3.78494e-05,0.250329,0.0263505,0.126557,1.01394,0.913534,30.9163,1289,1269,0,1470,1447,3,46171,15316,30855
paterson,DjvAQ4p-Q78PR-6ohIs5kA,53600,53600,0.980261,0.920317,0.0576119,0.016903,0.0197388,0.937041,0.998074,0.0566404,0.0566404,0.963731,0.963731,0,0.00186517,0.00445358,0.763705,0.0897921,0.3292,1.01817,0.983137,45.1817,3092,1401,1596,3551,1642,1814,45778,16664,29114
paterson,EIUNEZz3tbipOJ72-2dQzg,53600,53600,0.99931,0.769086,0.0461567,0.0146082,0.000690299,0.769617,1,0.0457405,0.0457405,0.990299,0.990299,0,0.0143943,0.170248,0.324324,0,0.0137369,1.00069,0.990983,22.2015,5717,2943,2774,6155,3371,2784,35068,13383,21685
paterson,G2Cvex9yWgd38gTaLEXxtA,53600,53600,0.989198,0.907164,0.0347761,0.0184515,0.0108022,0.916882,0.999794,0.0292148,0.0282152,0.831009,0.826063,0.0342156,0.0151072,0.0214443,0.324698,0.0172712,0.160685,1.01071,0.840083,17.5974,3657,2882,775,4542,3493,1046,44082,16470,27605
paterson,G7_klPoeLoxXAdoW6affDA,53600,53600,0.997015,0.970765,0.0233396,0.00285448,0.00298507,0.973447,0.999769,0.0229603,0.0229603,0.980815,0.980815,0,0.000542665,0.00305015,0.775,0.075,0.171451,1.00276,0.983752,271.503,1096,1084,0,1368,1356,0,50665,6129,44536
paterson,GBSPMaXXCAqOdrozYcHR3w,53600,53600,0.985821,0.931735,0.0533769,0.0148134,0.0141791,0.945079,0.99994,0.0494512,0.049243,0.913317,0.912982,0.00420972,0.00539364,7.57002e-05,0.669737,0.00394737,0.276411,1.01432,0.926453,45.2115,2267,1186,1078,2550,1348,1199,47391,18846,28545
paterson,HFYowXmV7u1c0TMp-p_pgQ,53600,53600,0.95875,0.889627,0.0488246,0.0415858,0.04125,0.927689,0.999769,0.0468194,0.0468194,0.919373,0.919373,0,0.00480648,0.0206854,0.896427,0.00497512,0.573994,1.04278,0.958929,21.5561,3604,3593,0,4149,4087,51,43535,8992,34543
paterson,HHjmf0kWHmcwWAOfg7b4tw,53600,53600,0.982761,0.836119,0.0853358,0.0359515,0.0172388,0.850786,1,0.0864151,0.0864151,0.99519,0.99519,0,0.0197054,0.0430936,0.962121,0,0.227305,1.01754,1.01265,26.7616,1287,1006,281,1739,1333,406,43077,11640,31437
paterson,IXCSjRuAqY4_iyOU_2rxeQ,53600,53600,0.977985,0.766511,0.165093,0.0652612,0.0220149,0.783766,1,0.164918,0.164918,0.976947,0.976947,0,0.0489508,0.00236551,0.789831,0,0.130456,1.02251,0.998938,12.1026,2126,2111,15,2344,2311,33,38741,15652,23089
paterson,L8lyOJwUI8j3Mk_cV-R80Q,53600,53600,0.972873,0.858713,0.115056,0.0165112,0.0271269,0.882541,0.99987,0.106068,0.106068,0.89687,0.89687,0,0.00166839,0.0097227,0.548831,0.00412655,0.243248,1.02775,0.921878,33.2399,730,505,225,1023,676,347,45004,8189,36809
paterson,NqOWmuzYX0M4vXF6ioTD7Q,53600,53600,1,0.914888,0.053153,0.00714552,0,0.914888,1,0.053153,0.053153,1,1,0,0.00714552,0.0248134,,,0,1,1,,269,269,0,598,569,29,48440,15730,32710
paterson,OhdI54JArKc1UopNZiFoZg,53600,53600,0.998638,0.958657,0.0120896,0.015653,0.00136194,0.959964,1,0.0120874,0.0120874,0.998457,0.998457,0,0.0145908,0.0133577,0.794521,0,0.0731178,1.00136,0.999818,50.7584,1217,1128,89,1490,1357,133,49894,28674,21220
paterson,PM92O1ji0i42GTuhT_ll5A,53600,53600,1,0.930802,0.0554291,0.00505597,0,0.930802,1,0.0554291,0.0554291,1,1,0,0.00505597,0.00871269,,,0,1,1,,1275,1275,0,1619,1619,0,48272,26598,21674
paterson,PS-Atz2shq5v6QtlJs6OlA,53600,53600,0.963619,0.937649,0.032556,0.0296828,0.0363806,0.967957,0.994767,0.0303582,0.0303582,0.898567,0.898567,0,0.00156825,0.000116167,0.774359,0.134872,0.590934,1.03232,0.932492,26.0878,3247,1711,1290,4562,2554,1762,45696,15564,30115
paterson,Q5D74UJFt5D2PVhGxRh1sw,53600,53600,0.981772,0.90459,0.0605224,0.022556,0.0182276,0.921308,0.999918,0.054957,0.054957,0.891492,0.891492,0,0.0111738,0.012561,0.635619,0.00409417,0.279867,1.01848,0.908043,28.1796,1026,946,77,1321,1186,132,47165,11599,35565
paterson,QBTZFMjfQRfbiv9e7gAG2g,53600,53600,0.951716,0.877631,0.073806,0.0484888,0.0482836,0.91947,0.997088,0.0656512,0.0656512,0.846562,0.846562,0,0.0148004,7.84129e-05,0.712519,0.0529366,0.442823,1.04767,0.889511,14.6945,2850,2241,472,3422,2706,579,43619,27053,16566
paterson,R9WHDEVRAq5IdtLkLFhL_A,53600,53600,1,0.912071,0.019291,0,0,0.912071,1,0.019291,0.00578358,1,1,0.700193,0,0.0686381,,,0,1,1,,1254,1222,32,2533,2245,288,46354,3348,43006
paterson,RGAxlzGeyK3ncjFZ9VXpBA,53600,53600,0.994403,0.915709,0.0302799,0.0276493,0.00559701,0.920863,1,0.0274484,0.0274484,0.901417,0.901417,0,0.0251782,0.0265103,0.466667,0,0.122606,1.00563,0.906491,16.8781,1271,1004,267,1998,1609,389,47084,17189,29895
paterson,S06PQMrwEby-_62F0U4Oww,53600,53600,0.978321,0.84028,0.115224,0.0427799,0.0216791,0.8589,1,0.113067,0.113067,0.960006,0.960006,0,0.0262787,0.00175445,0.787435,0,0.196185,1.02216,0.98128,18.4067,3446,2099,1347,4228,2329,1899,40811,12537,28274
paterson,TFX8xO7By2dnr_cYK59_Gw,53600,53600,0.934328,0.812201,0.0761754,0.109459,0.0656716,0.863059,0.992833,0.0798722,0.0798722,0.979672,0.979672,0,0.0547524,0.00231629,0.887784,0.0886364,0.425883,1.06262,1.04853,8.11066,2581,2269,0,2818,2479,27,40716,16325,24391
paterson,TO2IeKCGXF_kk9hxE-_Nkg,53600,53600,0.975075,0.932295,0.0499627,0.0167537,0.0249254,0.953295,0.997038,0.0445048,0.0445048,0.868559,0.868559,0,0.00118629,0.00101408,0.625749,0.110778,0.398394,1.02253,0.890761,37.3498,2039,1860,31,2303,2105,50,47668,13251,34417
paterson,Tt-ZblLT07az2ybbNYiaKg,53600,53600,0.999795,0.896362,0.0764366,0.0164366,0.000205224,0.896509,0.999958,0.0763963,0.076191,0.999268,0.999266,0.00268686,0.0164026,0.0106925,0.181818,0.181818,0.00116236,1.00016,0.999473,11.0618,829,827,0,1011,1009,0,47034,16332,30702
paterson,Tyc7Xoi2Qu6tNrHVre2kNA,53600,53600,0.93694,0.904011,0.0265672,0.0691045,0.0630597,0.952609,0.987308,0.0279371,0.0279371,0.985253,0.985253,0,0.0194146,3.98248e-05,0.807396,0.181953,0.619044,1.05376,1.05156,11.6837,5933,5651,65,7536,6220,703,40919,27214,13703
paterson,U6iQcIYtWc0Xbflaeshkdg,53600,53600,1,0.88875,0.0860261,0.0147575,0,0.88875,1,0.0860261,0.0860261,1,1,0,0.0147575,0.0104664,,,0,1,1,,17177,2069,15108,17286,2166,15120,30351,20411,9940
paterson,UHcgUZHk3c4QDbrWSH--rw,53600,53600,1,0.94597,0.0208955,0.0199254,0,0.94597,1,0.0208955,0.0208022,1,1,0.00446429,0.0199254,0.013209,,,0,1,1,,12004,6105,5899,12426,6527,5899,38278,13363,24915
paterson,UOMaPWpm2CRHbfqMgY_hbQ,53600,53600,0.981343,0.938526,0.0124067,0.0392164,0.0186567,0.955837,0.999443,0.0121483,0.0121483,0.960902,0.960902,0,0.0219772,0.010038,0.946,0.028,0.49703,1.01844,0.97917,24.1225,4211,3023,1160,5397,3804,1565,44908,24327,20581
paterson,Uh1qGHtgaFQVFpiBQyeN8Q,53600,53600,0.999981,0.860541,0.137836,0.000429104,1.86567e-05,0.860557,1,0.13782,0.13782,0.999865,0.999865,0,0.000429112,0.00119405,0,0,0.000116206,1.00002,0.999883,0,75,75,0,368,368,0,45757,10437,35320
paterson,WDlpinKjYLWq0r40CkoGrw,53600,53600,0.970336,0.733713,0.203433,0.0584701,0.0296642,0.752394,0.995042,0.203749,0.203749,0.971845,0.971845,0,0.0393386,0.00451836,0.684277,0.122642,0.130542,1.02546,1.00156,11.703,586,538,24,636,588,24,38691,13102,25418
paterson,WNiUHjkafGBEnMc0nc4wkQ,53600,53600,0.984925,0.873321,0.10791,0.0114925,0.0150746,0.885797,0.998996,0.102307,0.0960373,0.933783,0.935597,0.0612849,0.00450826,0.00738748,0.467822,0.0581683,0.14548,1.01429,0.948075,40.7066,1328,1058,223,1692,1286,359,45118,7893,37225
paterson,WX-82gCn8WVM76EBN-JjlQ,53600,53600,0.962537,0.787239,0.165728,0.0434888,0.0374627,0.81722,0.999194,0.161595,0.161595,0.938534,0.938534,0,0.0177353,0.00345015,0.705179,0.0169323,0.22577,1.03808,0.975063,16.2152,2038,1801,203,2265,2027,204,39931,18192,21739
paterson,WoAP6tTVMjKMFEwdCi7YaQ,53600,53600,0.999291,0.886959,0.0749067,0.0158022,0.000708955,0.887588,1,0.0749599,0.0749599,1,1,0,0.0154027,0.0220492,0.578947,0,0.00816033,1.00071,1.00071,36.637,862,207,655,1127,210,917,46414,247,46167
paterson,X3ppzLhvsS7aGu9Lv8GdBA,53600,53600,0.966007,0.806138,0.146922,0.0467724,0.0339925,0.833211,0.998449,0.148499,0.148499,0.976381,0.976381,0,0.0182703,1.93132e-05,0.856751,0.0367728,0.243915,1.03358,1.01074,18.3174,1557,1492,0,1729,1664,0,41480,14591,26887
paterson,XRsv_X3jYvAM1BPI-oQJUg,53600,53600,0.999534,0.933228,0.0665112,0,0.000466418,0.933663,1,0.0660756,0.0660756,0.992987,0.992987,0,0,0.000261316,0,0,0.00650363,1.00047,0.993451,,747,165,582,864,194,670,49157,2221,46936
paterson,Xs3lDDc1o50wJmW9eGx_WA,53600,53600,0.981586,0.941306,0.0330597,0.02375,0.0184142,0.958223,0.999227,0.0336609,0.0336609,0.999436,0.999436,0,0.00627221,0.00184365,0.95542,0.0395137,0.457304,1.01797,1.01818,40.2282,3622,2399,1184,4844,3073,1732,45610,35033,10577
paterson,Yg0X7I5adOM5rem7YVbwAg,53600,53600,0.955299,0.855448,0.127332,0.0172201,0.0447015,0.895145,0.999629,0.102785,0.102785,0.771136,0.771136,0,0.00207015,0,0.340985,0.00709516,0.287852,1.04641,0.807219,19.8015,279,259,3,338,318,3,45514,20356,25158
paterson,Z929dNP7sDp8cU6sjIeKAw,53600,53600,0.970093,0.919235,0.0491231,0.0315672,0.0299067,0.946882,0.999269,0.0497336,0.0497336,0.98215,0.98215,0,0.00330788,7.69275e-05,0.948222,0.0224579,0.505746,1.03008,1.01243,30.0382,3435,3039,360,3943,3405,502,45328,29951,15377
paterson,ZcGyifqcyvUwLtCYGTr3oA,53600,53600,0.977724,0.88847,0.0613246,0.0498881,0.0222761,0.908713,1,0.0627218,0.0627218,1,1,0,0.028241,0.00032439,1,0,0.315346,1.02278,1.02278,20.0449,3169,1589,1580,3902,1891,2011,43720,6756,36964
paterson,Zu314hB3XfshUEt2hsd0RQ,53600,53600,0.996474,0.902201,0.0727052,0.025,0.00352612,0.905188,0.999773,0.0702851,0.0181423,0.963305,0.871403,0.741875,0.0244706,5.61682e-05,0.174603,0.0582011,0.0343911,1.00331,0.966714,6.98413,25018,7369,17639,25659,7931,17718,22699,10794,11904
paterson,_8m5h_Iu713wwh652Kq9VQ,53600,53600,0.999216,0.912164,0.0291418,0.0232276,0.000783582,0.912879,1,0.0291646,0.0291646,1,1,0,0.0224616,0.0354942,1,0,0.0284012,1.00078,1.00078,43.0522,1593,1544,49,2268,2136,132,46624,24367,22257
paterson,_FfdhRGlkbTABymQR3t1_A,53600,53600,0.969496,0.77416,0.203358,0.0224067,0.0305037,0.798095,0.99947,0.189224,0.117444,0.90211,0.851185,0.379335,0.0126046,7.69749e-05,0.333945,0.0134557,0.131523,1.03092,0.930494,14.9038,625,447,166,1318,1092,213,40177,10050,30118
paterson,aZxwqPZnkC3sv5dTZOEomA,53600,53600,0.982239,0.93084,0.0142351,0.0524254,0.0177612,0.947481,0.9998,0.0117763,0.00944005,0.812582,0.776563,0.198387,0.0381971,0.00254521,0.839286,0.0105042,0.368941,1.01788,0.827275,16.0092,14787,1648,13129,15803,1916,13877,34090,10521,23569
paterson,aon4zuny7-LGeKV7JympCw,53600,53600,0.969757,0.881698,0.0627985,0.0550746,0.0302425,0.909136,0.999937,0.0646415,0.0646415,0.998217,0.998217,0,0.0257796,0.000442486,0.994448,0.00185071,0.38514,1.03112,1.02935,18.0564,3230,3078,149,3895,3669,223,43364,16438,26926
paterson,as5xCAJAYMT35sgs0rx2_w,53600,53600,1,0.826866,0.0928172,0.0303358,0,0.826866,1,0.0928172,0.0650373,1,1,0.299296,0.0303358,0.0499813,,,0,1,1,,1423,734,689,3508,1621,1887,40812,13177,27635
paterson,bfc5Mq-kfwj29vGpOPKS2A,53600,53600,0.948657,0.914272,0.026959,0.0568843,0.0513433,0.960765,0.996898,0.0258024,0.0258024,0.907958,0.907958,0,0.0115639,0.00186831,0.894259,0.0552326,0.680553,1.05085,0.957099,15.7207,3908,2768,994,4370,3179,1042,44635,11771,32861
paterson,bwpW8jgnlIbAQC0HRy99JA,53600,53600,0.997948,0.952108,0.0185634,0.00889925,0.00205224,0.954047,0.99998,0.0185642,0.0185642,0.99799,0.99799,0,0.00717891,0.0202094,0.845455,0.00909091,0.116603,1.00204,1.00004,95.0029,858,318,539,1613,708,904,49420,3156,46264
paterson,bxdL0Guz_zm-8O1E1Gn78A,53600,53600,1,0.959813,0.0234515,0.0150933,0,0.959813,1,0.0234515,0.0234515,1,1,0,0.0150933,0.00164179,,,0,1,1,,796,494,302,1485,861,624,49961,4748,45213
paterson,cuFkPrv4UsqzeJCdibl1FQ,53600,53600,0.932351,0.743881,0.181959,0.0741604,0.0676493,0.797275,0.999273,0.19144,0.1538,0.980929,0.976372,0.196613,0.0112859,0,0.940706,0.00799779,0.359635,1.07178,1.0521,12.6847,2468,1934,511,2736,2137,576,37136,5930,31200
paterson,eGWz6exPVDlv_S_DowBPfA,53600,53600,0.997313,0.841007,0.0967537,0.0510634,0.00268657,0.843273,1,0.0967899,0.0943767,0.997686,0.997627,0.0249324,0.0487317,0.0112055,0.916667,0,0.0307726,1.00269,1.00037,17.9515,1161,1058,103,1392,1257,135,43686,6110,37576
paterson,eIw8Y1zl7qgUW6bTPzk3gA,53600,53600,0.956604,0.851157,0.0990485,0.0486381,0.0433955,0.88813,0.998159,0.100811,0.100811,0.97363,0.97363,0,0.00984905,0.00120919,0.903697,0.0361135,0.397262,1.04344,1.0178,18.58,1948,1346,537,2938,2192,681,42684,11173,31492
paterson,fGd6JE4qvoG1uOVvOjBBmg,53600,53600,0.99597,0.959235,0.00794776,0.00636194,0.00402985,0.961543,0.998366,0.00769894,0.00769894,0.964789,0.964789,0,0.00419601,0.000262251,0.541667,0.388889,0.1005,1.00241,0.968692,85.1417,13300,1264,11952,13858,1472,12302,37557,6236,31321
paterson,fSQ5B3z1vT-Ym1-siL8iOA,53600,53600,0.986157,0.955746,0.028097,0.0161567,0.0138433,0.968955,0.999785,0.026032,0.026032,0.913679,0.913679,0,0.00501343,0,0.809973,0.0148248,0.419388,1.01382,0.926504,50.1323,1287,487,789,2899,845,2043,48329,1128,47201
paterson,gZ3Acgi38PrzOVBkW-Il4Q,53600,53600,0.988414,0.96653,0.00875,0.0168657,0.0115858,0.976632,0.998745,0.00777667,0.00777667,0.878465,0.878465,0,0.00764454,0.00794654,0.803543,0.10467,0.522773,1.01045,0.888762,47.6437,11327,22,11286,11964,68,11877,39842,12599,27197
paterson,hMx_5PxQtlixa9LRSNnKFQ,53600,53600,0.94584,0.935802,0.0164179,0.0474254,0.0541604,0.984121,0.994677,0.0139456,0.0139456,0.803409,0.803409,0,0.00155828,0.000374776,0.848433,0.0919738,0.795734,1.05163,0.849414,17.8898,2725,2046,493,3215,2163,866,46944,15605,31258
paterson,hV6LwTvkCzyX_vQF3ZG5qQ,53600,53600,0.998004,0.918396,0.0497015,0.00208955,0.00141791,0.920195,0.999959,0.0493336,0.0493336,0.990616,0.990616,0,0.000747761,0.0297235,0.644737,0,0.0482512,1.00196,0.992597,308.553,4655,4655,0,7445,7056,387,41781,24526,17255
paterson,hvegP5rTGyRrsRQb3h-rog,53600,53600,0.999944,0.91819,0.02875,0.000242537,5.59701e-05,0.918242,1,0.028733,0.028733,0.999351,0.999351,0,0.000242551,0.0527828,0,0,0.000585964,1.00006,0.999407,0,191,149,42,402,298,104,48813,14095,34718
paterson,iPgLrrQ5XDrWWlTXzI5MLQ,53600,53600,0.988358,0.800653,0.144664,0.0466791,0.0116418,0.809555,0.999348,0.146293,0.0738259,0.999484,0.998978,0.495355,0.0360541,0.00809801,0.948718,0.0448718,0.0968622,1.01112,1.01126,20.3243,5849,1653,4168,9642,2955,6659,33273,7476,25797
paterson,ijlwBkjXDfD2wCO_jSjCGA,53600,53600,0.997369,0.888899,0.0843657,0,0.0026306,0.891244,1,0.0835594,0.0835594,0.987837,0.987837,0,0,0.0251969,0,0,0.00926757,1.00264,0.990443,,380,380,0,503,492,11,47142,12995,34147
paterson,ivSZN64YSxp5R8Kqf1vr1A,53600,53600,0.988787,0.935653,0.0358022,0.0187687,0.0112127,0.946263,1,0.0272081,0.0272081,0.751433,0.751433,0,0.0166418,0.00988698,0.206323,0,0.195559,1.01134,0.759954,10.9929,2554,2125,429,2846,2365,481,47305,7438,39867
paterson,ixm9RoZTI443YB7QoJ6nLQ,53600,53600,0.979963,0.867743,0.100112,0.0312313,0.0200373,0.885485,1,0.0884134,0.0884134,0.865449,0.865449,0,0.0251685,0.000932871,0.327747,0,0.157618,1.02045,0.883145,10.4942,2181,2163,18,2906,2758,148,43605,25445,18160
paterson,j2HS3aVFBaq_x66hiHVVRg,53600,53600,0.97069,0.835951,0.146586,0.0169403,0.0293097,0.859444,0.997969,0.134636,0.134175,0.891562,0.891229,0.00342612,0.00538161,0.000307521,0.399745,0.0579249,0.181251,1.0281,0.918482,23.5973,969,838,40,1101,970,40,43706,22660,21046
paterson,jpunVR46zc0yifTPUihF2A,53600,53600,0.990914,0.89319,0.0121455,0.00886194,0.00908582,0.90138,1,0.0110519,0.0110519,0.90169,0.90169,0,0.00210871,0.0854593,0.74538,0,0.485127,1.00917,0.909957,84.1102,1480,656,824,2278,992,1286,45597,19695,25902
paterson,jtPd8YX0gkDeQe6dq9mk4A,53600,53600,0.978619,0.872295,0.0572015,0.0203172,0.0213806,0.891352,1,0.0578793,0.0578793,0.990215,0.990215,0,0.00120105,0.0495672,0.895288,0,0.379635,1.02185,1.01185,44.0656,1439,1432,7,1761,1567,194,44994,11792,33202
paterson,k3ipUDBk_fu7EXSVSNGaig,53600,53600,0.999925,0.931791,0.0261567,0.00688433,7.46269e-05,0.931861,1,0.0261587,0.0261587,1,1,0,0.00688484,0.0350959,0,0,-8.99808e-05,1.00007,1.00007,0,1175,1137,38,1477,1264,213,48467,4705,43762
paterson,kGSkdgo9loUlSNdyjW-qZw,53600,53600,0.963993,0.80416,0.149925,0.0433209,0.0360075,0.834101,0.999884,0.142462,0.142113,0.916003,0.915814,0.00244532,0.020747,0.00269015,0.647668,0.00259067,0.229763,1.03723,0.950218,14.9505,2430,1643,782,2655,1828,822,40448,15126,25322
paterson,kJpIgjL0BDI74K-jbGnbow,53600,53600,0.98319,0.906138,0.0598321,0.0238619,0.0168097,0.921232,0.999568,0.0536253,0.0504564,0.881197,0.874671,0.0590941,0.0156929,0.00944989,0.501665,0.0233074,0.224588,1.01666,0.896263,21.0236,4256,3294,962,4906,3727,1164,43663,23152,20505
paterson,lswzBhE0aaemfGKiH3fIYA,53600,53600,0.998657,0.984496,0.0122201,0.0023694,0.00134328,0.985821,1,0.0114893,0.0114893,0.938931,0.938931,0,0.00177477,0.000915409,0.444444,0,0.120522,1.00135,0.940194,187.577,234,234,0,541,541,0,52228,24972,27256
paterson,mB1B8XeH3F7RpuvOP0-Klg,53600,53600,1,0.946381,0.039347,0,0,0.946381,1,0.039347,0.039347,1,1,0,0,0.0142724,,,0,1,1,,0,0,0,15,15,0,50711,5428,45283
paterson,nqA7oH-86S2CmsGA9hyVtA,53600,53600,0.990616,0.965448,0.00964552,0.0224067,0.00938433,0.974387,0.999787,0.00913423,0.00913423,0.938104,0.938104,0,0.0139556,0.00252368,0.914513,0.0218688,0.421501,1.00926,0.946991,40.8142,2379,1039,1329,2818,1237,1570,48930,9256,39674
paterson,oqI2cRuz9LMxtKdmQugqJw,53600,53600,0.995597,0.964104,0.0308582,0.00481343,0.00440299,0.96477,0.996285,0.0309385,0.0309385,0.998186,0.998186,0,0.00406641,0.000224871,0.173729,0.813559,0.0352805,1.00069,1.0026,36.0925,1018,875,13,1218,1040,26,50458,13670,36748
paterson,q10dxfl-oC7RkRFUVKU_RA,53600,53600,0.996175,0.885784,0.103004,0.00423507,0.00382463,0.889184,1,0.0995599,0.0995599,0.962869,0.962869,0,0.00425133,0.0070044,0,0,0.0307156,1.00384,0.966566,0,1222,987,235,1395,1069,326,46083,22498,23585
paterson,qL5hz8oXZM0g4pKxGR3Yyw,53600,53600,0.986101,0.937985,0.0500746,0.0088806,0.0138993,0.95043,0.999185,0.0428909,0.0428909,0.844635,0.844635,0,0.00361366,0.00306499,0.38255,0.0550336,0.242955,1.01327,0.85654,43.0771,3045,2604,403,3655,2996,621,46621,12258,34360
paterson,sZDQ4gAO200kPfWhz1st9g,53600,53600,0.998582,0.874646,0.0295149,0.0125187,0.00141791,0.875887,1,0.0295568,0.0295568,1,1,0,0.0117331,0.0828227,0.565789,0,0.0352082,1.00142,1.00142,45.1957,1434,1434,0,2340,2324,16,44541,7010,37531
paterson,tekhQ4HQ9pcOqs_kGGpGaw,53600,53600,0.996175,0.961026,0.0147761,0.0203918,0.00382463,0.964716,1,0.0147954,0.0147954,0.997475,0.997475,0,0.0166682,0.00382058,0.990244,0,0.190805,1.00384,1.0013,48.5609,2585,1880,705,7623,2863,4760,43888,4559,39329
paterson,vRVQrenH_9eL4n4O4Gp_oQ,53600,53600,0.966026,0.908787,0.00703358,0.08125,0.0339739,0.940748,1,0.00614149,0.00614149,0.843501,0.843501,0,0.0500782,0.00303212,0.9676,0,0.524365,1.03517,0.873166,11.9089,4946,4397,549,5895,5187,708,42816,17160,25656
paterson,wNcM5HCEQeGv8ndYe9HMmw,53600,53600,0.987257,0.866194,0.109478,0.0109515,0.0127425,0.875012,0.997308,0.108113,0.108113,0.974949,0.974949,0,0.00332596,0.0135495,0.601757,0.183016,0.124749,1.01018,0.987533,54.9475,1929,1513,291,2789,2116,548,43639,7599,36040
paterson,wVWZk8xcqrpV0l1CKpK45w,53600,53600,0.978489,0.958825,0.0210261,0.0194963,0.0215112,0.974107,0.994085,0.0214884,0.0182851,1,1,0.149068,0.00373711,0.00066734,0.73634,0.26366,0.500276,1.01594,1.02198,37.7683,3808,2191,1582,4593,2702,1642,46800,8628,38117
paterson,y2Ec-NEfLgOTuhI_riqUHQ,53600,53600,0.973881,0.886343,0.0800933,0.0335634,0.0261194,0.909847,0.999705,0.0767816,0.0767816,0.933613,0.933613,0,0.0133716,0,0.786429,0.01,0.313056,1.02652,0.958652,23.4311,2034,1998,36,2290,2229,61,45218,9262,35942
paterson,y8Q6XDfEoPt5K6ONqi406w,53600,53600,0.999981,0.967631,0.0223321,0.00177239,1.86567e-05,0.96763,0.999981,0.0223325,0.0220713,1,1,0.0116959,0.00177242,0.00826508,0,1,-2.00134e-05,0.999999,1.00002,0,5052,3419,1632,6215,4523,1691,45650,12172,33478
paterson,yc2j9hm9FtM1LXTmsXTcWA,53600,53600,1,0.95709,0.0129291,0.00222015,0,0.95709,1,0.0129291,0.0129291,1,1,0,0.00222015,0.0277612,,,0,1,1,,12789,2681,10108,14383,4171,10212,36917,24129,12788
paterson,yd34YwObnIjHhBZvTmK3UQ,53600,53600,0.970429,0.798806,0.140951,0.0505224,0.0295709,0.822667,0.999416,0.142382,0.142382,0.980278,0.980278,0,0.025012,0.00993944,0.887697,0.0157729,0.224995,1.02987,1.01015,17.5704,1222,1197,0,1407,1382,0,41409,25208,16201
paterson,yeR5wU5cy_CvQFTUyBhO1Q,53600,53600,0.996082,0.846978,0.071306,0.000391791,0,0.847743,0.996982,0.0713055,0.0713055,0.996075,0.996075,0,0.000393332,0.0805582,,,-7.65196e-06,1.0009,0.999993,,0,0,0,27,27,0,45371,33807,11427
paterson,zB7_9mtLQuVbRyZrttlMXg,53600,53600,0.989851,0.83181,0.141325,0.0208209,0.0101493,0.840339,1,0.135932,0.1358,0.952079,0.952035,0.000970605,0.0176229,0.00610676,0.332721,0,0.0684657,1.01025,0.961841,15.9801,1146,1041,105,1396,1164,232,43189,7544,35645
paterson,zzWJ9LWjpfDZLBT7W8o8zw,53600,53600,0.999459,0.929944,0.061194,0.00593284,0.000541045,0.930429,0.99998,0.0612272,0.0612272,1,1,0,0.00541338,0.00293069,0.965517,0.0344828,0.0148643,1.00052,1.00054,162.741,3199,2810,388,4105,3633,471,45740,23958,21782
gainesville,--xM_B9BVXSNT9IcytVKug,53600,53600,1,0.940914,0.00240672,0.00958955,0,0.940914,1,0.00240672,0.00240672,1,1,0,0.00958955,0.0470896,,,0,1,1,,1357,1357,0,2551,2551,0,47882,14859,33023
gainesville,-FMeOe5iGG-5JFxSF0lxaQ,53600,53600,0.999888,0.868713,0.00406716,0.0612687,0.00011194,0.86881,1,0.00406762,0.00406762,1,1,0,0.0611636,0.0659589,1,0,0.00320491,1.00011,1.00011,16.3216,364,0,364,2236,33,2203,44327,296,44031
gainesville,-Thw-Y56uiaGEg8I_zZwgw,53600,53600,1,0.808321,0.0152799,0.000130597,0,0.808321,1,0.0152799,0.0152799,1,1,0,0.000130597,0.176269,,,0,1,1,,5106,866,4240,5167,866,4301,38159,607,37552
gainesville,-zi5tN6Qyyeq8B1mczYfOg,53600,53600,0.999067,0.877668,0.00423507,0.031194,0.000932836,0.878487,1,0.00423903,0.00423903,1,1,0,0.0302894,0.0869841,1,0,0.0496841,1.00093,1.00093,32.0574,1500,690,810,6089,1148,4941,40954,4571,36383
gainesville,1n-U7MQVuboJf00fwh9UBg,53600,53600,1,0.972817,0.0159888,3.73134e-05,0,0.972817,1,0.0159888,0.0159888,1,1,0,3.73134e-05,0.0111567,,,0,1,1,,588,565,23,3407,1312,2095,48736,3367,45369
gainesville,21qHYEKoNSGw9O3wF_dvBg,53600,53600,1,0.914963,0.000727612,1.86567e-05,0,0.914963,1,0.000727612,0.000690299,1,1,0.0512821,1.86567e-05,0.084291,,,0,1,1,,10035,584,9451,10970,1048,9922,38072,20310,17762
gainesville,2ZG41STPUADAWUJD-Rc4sA,53600,53600,0.992407,0.911772,0.0541791,0.0130224,0.00759328,0.918749,1,0.0523941,0.0523941,0.959711,0.959711,0,0.00832816,0.020529,0.626536,0,0.149471,1.00765,0.967054,48.1122,1574,1312,262,2082,1585,497,46789,13628,33161
gainesville,2xfTrO6eZbF0hKmvjGzN0A,53600,53600,1,0.812873,0.020597,0,0,0.812873,1,0.020597,0.00356343,1,1,0.826993,0,0.16653,,,0,1,1,,5845,2272,3573,6573,2973,3600,36997,26497,10500
gainesville,3CbLaqDP3N3z64brBrC0eA,53600,53600,1,0.957892,0.00399254,0,0,0.957892,1,0.00399254,0.00399254,1,1,0,0,0.0381157,,,0,1,1,,3156,87,3069,4873,289,4584,46470,893,45577
gainesville,4My9h4mmpjE82U1up3jWOA,53600,53600,1,0.984776,0.00942164,0.000223881,0,0.984776,1,0.00942164,0.00942164,1,1,0,0.000223881,0.00557836,,,0,1,1,,394,394,0,2166,2155,11,50618,28865,21753
gainesville,5vEoUj3H3aRkW-2h1B0JAQ,53600,53600,0.997817,0.915485,0.00509328,0.00352612,0.00218284,0.917114,0.999592,0.00510443,0.00506703,1,1,0.00732601,0.00188845,0.0758933,0.752137,0.17094,0.30226,1.00178,1.00219,213.304,12055,1838,10197,13738,2274,11444,35332,3887,31445
gainesville,6-tNVth5ck0axWmPuKpiXg,53600,53600,0.934366,0.803675,0.155466,0.0388993,0.0656343,0.840841,0.977575,0.155485,0.155485,0.934477,0.934477,0,0.00157741,0.00209656,0.57021,0.274588,0.284961,1.04624,1.00012,14.6586,4076,664,2964,9064,971,7127,34013,776,33237
gainesville,65kxFTBgmbOPUQbC612rdg,53600,53600,0.993116,0.915019,0.0119403,0.00962687,0.00688433,0.921362,1,0.0108771,0.0108771,0.904687,0.904687,0,0.0039075,0.0638538,0.834688,0,0.439705,1.00693,0.910959,86.7041,1952,1869,83,4569,3327,1242,44476,13759,30717
gainesville,6HfrzDBSveHUN1NpGsF31Q,53600,53600,1,0.676455,0.173974,0.00315299,0,0.676455,1,0.173974,0.00615672,1,1,0.964611,0.00315299,0.146418,,,0,1,1,,2669,0,2669,3649,34,3615,32609,5,32604
gainesville,6KnaArlg4nGEGAGNkIw9NA,53600,53600,0.956679,0.906791,0.0173694,0.0358022,0.0433209,0.945591,0.997613,0.0151917,0.0151917,0.836735,0.836735,0,0.000682554,0.038535,0.81137,0.0499569,0.747855,1.04279,0.874624,22.6625,4878,3351,1455,5764,4055,1637,42840,23672,19124
gainesville,6mZXrVGoxQ2H1k8Jx2OZHA,53600,53600,1,0.897108,0.0786194,0,0,0.897108,1,0.0786194,0.0786194,1,1,0,0,0.0242724,,,0,1,1,,895,845,50,2948,1341,1607,45137,6645,38492
gainesville,7U40JKd7HiOpFrTHa0-yQQ,53600,53600,0.959179,0.881157,0.0384701,0.0654104,0.0408209,0.918657,1,0.023088,0.023088,0.575655,0.575655,0,0.0426554,0.0155995,0.600091,0,0.423878,1.04256,0.600154,9.17424,0,0,0,0,0,0,47230,24536,22694
gainesville,7dme7qsPcOTglSlmpGp9Rw,53600,53600,1,0.929795,0.0184515,0,0,0.929795,1,0.0184515,0.0184515,1,1,0,0,0.0517537,,,0,1,1,,0,0,0,807,518,289,49030,3744,45286
gainesville,82y6sIvPm-_shG58klusgw,53600,53600,0.998078,0.851772,0.0915485,0.00145522,0.00192164,0.853412,1,0.091407,0.091407,0.996536,0.996536,0,0.000299082,0.0548816,0.601942,0,0.0258495,1.00193,0.998454,413.642,11768,806,10962,12107,1009,11098,33548,4486,29062
gainesville,89lilp2BlhppxL-oQ0gLNg,53600,53600,0.999049,0.986381,0.00285448,0.00182836,0.000951493,0.98732,1,0.0028572,0.0028572,1,1,0,0.000877701,0.00894508,1,0,0.337019,1.00095,1.00095,546.939,735,471,264,1963,1116,847,50907,2915,47992
gainesville,8FPxXspDHn_FNxmQkr0j-g,53600,53600,1,0.771306,0.0282276,0.00177239,0,0.771306,1,0.0282276,0.0282276,1,1,0,0.00177239,0.198694,,,0,1,1,,240,240,0,240,240,0,41102,12161,28941
gainesville,9D-oOS00uSg18nvfm8t9zQ,53600,53600,0.999907,0.972687,0.00600746,0.00354478,9.32836e-05,0.972777,1,0.00600802,0.00600802,1,1,0,0.00345181,0.0177629,1,0,0.0192181,1.00009,1.00009,282.105,2947,1977,970,4175,2443,1732,47961,11239,36722
gainesville,9QF3VpTsXpZei70YvA-H6w,53600,53600,0.994123,0.964739,0.00149254,0.0218657,0.00587687,0.969316,0.99884,0.00150136,0.00150136,1,1,0,0.0179037,0.011279,0.692063,0.190476,0.271617,1.00474,1.00591,31.6507,1726,1303,363,2461,1742,659,49249,9415,39834
gainesville,9tS6faHm3jFdOth84XlbEQ,53600,53600,0.999086,0.969664,0.00537313,0.00201493,0.000914179,0.970551,1,0.00500458,0.00500458,0.930556,0.930556,0,0.00147523,0.0229688,0.591837,0,0.174426,1.00092,0.931407,293.726,1268,715,553,3131,1179,1952,48843,1084,47759
gainesville,A44roYJy6tdzAK9yLNS_qQ,53600,53600,0.994198,0.926511,0.0346828,0.0056903,0.00580224,0.930605,0.99859,0.0332714,0.032183,0.953739,0.952249,0.0327129,0.00335904,0.0327647,0.405145,0.22508,0.131539,1.00442,0.959305,71.1992,11530,657,10827,12649,777,11826,37012,1077,35911
gainesville,BtYzecFoq3-H5qaGzBh4iw,53600,53600,1,0.81666,0.0221642,0.0058209,0,0.81666,1,0.0221642,0.0221642,1,1,0,0.0058209,0.155354,,,0,1,1,,2100,2096,4,4564,4083,481,39209,21858,17351
gainesville,BzXolOMX-XSEGwyXQpIsrA,53600,53600,0.988545,0.952015,0.00817164,0.010541,0.0114552,0.963047,1,0.00722832,0.00722832,0.874429,0.874429,0,0.00113237,0.0285925,0.822476,0,0.654792,1.01159,0.884562,78.026,8669,3460,5209,10053,3959,6094,40975,7442,33533
gainesville,CaClPAIWuWDFsoftxxmRig,53600,53600,1,0.866884,0.0539552,0.000503731,0,0.866884,1,0.0539552,0.0539552,1,1,0,0.000503731,0.0786567,,,0,1,1,,3027,996,2031,4049,1525,2524,42416,3685,38731
gainesville,CabndIEXzzs5FAENnrsEug,53600,53600,1,0.922071,0.0615299,0,0,0.922071,1,0.0615299,0.0615299,1,1,0,0,0.0163993,,,0,1,1,,509,509,0,1076,1014,62,48347,11350,36997
gainesville,D5NlzcW2s95DlOUPY0cVAw,53600,53600,0.994422,0.939683,0.00402985,0.00682836,0.00557836,0.944954,1,0.00360218,0.00360218,0.888889,0.888889,0,0.00215756,0.0492861,0.839465,0,0.594615,1.00561,0.893875,122.938,846,0,846,2161,43,2118,48206,499,47707
gainesville,DXKg24FIKMrGUX6ilHn5Ew,53600,53600,1,0.878657,0.0491045,0.00348881,0,0.878657,1,0.0491045,0.0491045,1,1,0,0.00348881,0.06875,,,0,1,1,,2415,795,1620,3538,1432,2106,43558,24171,19387
gainesville,E2YAOGNgsJYuHjnUBvnjFg,53600,53600,0.994534,0.763377,0.0878172,0.00669776,0.00546642,0.767573,1,0.0855047,0.0855047,0.968345,0.968345,0,0.00412704,0.142796,0.474403,0,0.0745579,1.0055,0.973667,70.83,3846,14,3832,3933,20,3913,36984,2269,34715
gainesville,EhBhDcmWUDV5CaBKoAqi0A,53600,53600,0.976959,0.913396,0.0296828,0.00391791,0.023041,0.930297,0.995037,0.028626,0.028626,0.942175,0.942175,0,0.00154683,0.0395302,0.104453,0.196761,0.101571,1.0185,0.964395,26.6605,3773,3592,58,6333,5633,457,42625,20546,22079
gainesville,FZOcjvm34N_9JGZyXQf7dg,53600,53600,0.997444,0.977519,0.0117164,0.000876866,0.00255597,0.97892,0.998874,0.0110357,0.0110357,0.93949,0.93949,0,0.000261863,0.00978247,0.240876,0.430657,0.126093,1.00143,0.941898,274.701,333,160,138,417,206,152,51978,24896,27082
gainesville,G7ttNgjW4KU9LJVeD1Ivdg,53600,53600,0.989832,0.950746,0.0289925,0.000988806,0.0101679,0.96023,0.999706,0.0201489,0.0201489,0.687902,0.687902,0,0.000433512,0.0191876,0.0550459,0.0275229,0.24735,1.00997,0.694969,55.669,232,224,0,1022,895,112,49938,13510,36428
gainesville,GJ9IMVsb4ULLwoTYEUCZtA,53600,53600,1,0.651082,0.0754104,0.013097,0,0.651082,1,0.0754104,0.0754104,1,1,0,0.013097,0.26041,,,0,1,1,,15153,11000,4153,15153,11000,4153,19745,3802,15943
gainesville,GRTC3zOCFSc8QMIrAtwtzw,53600,53600,1,0.873134,0.0180597,0,0,0.873134,1,0.0180597,0.0180037,1,1,0.00309917,0,0.108806,,,0,1,1,,6041,2582,3459,8069,4300,3769,38731,11114,27617
gainesville,GhbzPi4bva0g3AlMDcioOg,53600,53600,1,0.888675,0.0369963,0.00391791,0,0.888675,1,0.0369963,0.036959,1,1,0.00100857,0.00391791,0.0704104,,,0,1,1,,1926,186,1740,2034,204,1830,45599,1989,43610
gainesville,HLLOIKVLXvOkBCREUvcBzg,53600,53600,0.983563,0.88819,0.00914179,0.0691418,0.0164366,0.903033,1,0.00880138,0.00880138,0.946939,0.946939,0,0.0546862,0.0334794,0.934166,0,0.311721,1.01671,0.962763,13.5109,4579,3980,599,6671,4960,1711,40936,11822,29114
gainesville,HoOapW5g53qbEFjLA7yv3Q,53600,53600,0.972761,0.962743,0.00934701,0.0245896,0.0272388,0.983065,0.993295,0.00945531,0.00922516,0.984032,0.98364,0.0243408,0.00406598,0.00341389,0.757534,0.236986,0.668394,1.02111,1.01159,30.8072,5615,232,5037,7830,312,7172,43773,227,43546
gainesville,ICUoYVV_dXvc9W3ge2PnWg,53600,53600,0.999683,0.927257,0.0516978,0.000242537,0.000317164,0.927365,0.999799,0.0516768,0.0185693,0.999278,0.997994,0.640664,0.000149301,0.0208088,0.294118,0.588235,0.00396873,1.00012,0.999595,1212.67,2653,1095,1558,4268,2534,1734,45433,13647,31776
gainesville,Idfm_UDnRFcD78ZVeNnhVg,53600,53600,0.998377,0.958228,0.0122388,1.86567e-05,0.00162313,0.959785,1,0.0109506,0.0031768,0.893293,0.708333,0.709898,0,0.0292639,0.0114943,0,0.0954757,1.00163,0.894745,616.092,3191,1120,2071,4332,1426,2906,47029,6236,40793
gainesville,JlYp0BtvGCVeIqBady7pGg,53600,53600,1,0.830261,0.0183582,7.46269e-05,0,0.830261,1,0.0183582,0.013153,1,1,0.283537,7.46269e-05,0.151306,,,0,1,1,,4025,137,3888,5605,159,5446,38897,1141,37756
gainesville,K732QTWoB9RZwrfSmw7RYA,53600,53600,0.990317,0.903321,0.0352612,0.00625,0.00968284,0.912078,0.999917,0.0319135,0.0319135,0.896296,0.896296,0,0.00199695,0.0540118,0.441233,0.00770713,0.231395,1.00969,0.90506,70.5973,2144,1279,861,3211,2213,994,45207,20377,24830
gainesville,KEwb17BzIjKVur60MpItuA,53600,53600,1,0.909907,0.0162313,0.00143657,0,0.909907,1,0.0162313,0.00845149,1,1,0.47931,0.00143657,0.0724254,,,0,1,1,,1394,302,1092,3122,932,2190,45649,7868,37781
gainesville,KbZFzQai9wfXijoQDscWFw,53600,53600,0.99319,0.870504,0.0930224,0.00654851,0.0068097,0.875852,0.999293,0.0899972,0.0899972,0.96089,0.96089,0,0.00495914,0.0291913,0.238356,0.090411,0.0583173,1.00614,0.967479,36.3985,1057,690,334,1733,893,807,44926,2776,42150
gainesville,KqZzM0v2PbaoxQmq6wk3Xw,53600,53600,1,0.957817,0.0186567,0.00294776,0,0.957817,1,0.0186567,0.0186194,1,1,0.002,0.00294776,0.0205784,,,0,1,1,,1457,598,859,2171,832,1339,49168,2439,46729
gainesville,LDICnJgAhCSszYwolm8JRA,53600,53600,1,0.79459,0.158134,0.0201119,0,0.79459,1,0.158134,0.158134,1,1,0,0.0201119,0.0271642,,,0,1,1,,10303,6274,4029,10888,6859,4029,31702,19452,12250
gainesville,LEM6UenW5sPkdj5aaW4thw,53600,53600,1,0.469254,0.0537873,0.00511194,0,0.469254,1,0.0537873,0.0537873,1,1,0,0.00511194,0.471847,,,0,1,1,,0,0,0,0,0,0,25152,388,24764
gainesville,LLc383eAyneHduBTInH9nw,53600,53600,1,0.964235,0.0198694,0,0,0.964235,1,0.0198694,0.0198694,1,1,0,0,0.0158955,,,0,1,1,,271,271,0,887,707,180,50796,3640,47156
gainesville,MTDJakccuk6hQfnZ3QEjxQ,53600,53600,0.988284,0.875056,0.0773321,0.00923507,0.0117164,0.885166,0.999702,0.0739447,0.0739447,0.944994,0.944994,0,0.00517254,0.035717,0.351911,0.022293,0.1171,1.01155,0.956197,38.1059,10007,1033,8960,11248,1693,9541,35655,2647,33008
gainesville,MVFGRGfew07C0mMkeXxhCA,53600,53600,1,0.814963,0.0815299,0.000242537,0,0.814963,1,0.0815299,0.0815299,1,1,0,0.000242537,0.103265,,,0,1,1,,4,4,0,1195,531,664,42487,4943,37544
gainesville,Mg3-OQnBkIqnfi4qnO5KbQ,53600,53600,0.992537,0.70584,0.092444,0.0402985,0.00746269,0.711147,1,0.0878571,0.0878571,0.94329,0.94329,0,0.0383647,0.162632,0.2975,0,0.0604078,1.00752,0.950382,7.38241,20989,0,20989,20989,0,20989,16844,313,16531
gainesville,Mm5gyUYqmJmjeGopC1IgKg,53600,53600,0.998545,0.667817,0.0474067,0.0171642,0.00145522,0.66879,1,0.0473637,0.0473637,0.997639,0.997639,0,0.0158813,0.267965,0.897436,0,0.0395243,1.00146,0.999093,52.2854,807,807,0,983,983,0,34812,2982,31830
gainesville,PSS2iz32Sj0nE2ILJ6i8rA,53600,53600,1,0.988507,0.00128731,0.00169776,0,0.988507,1,0.00128731,0.00128731,1,1,0,0.00169776,0.00850746,,,0,1,1,,472,407,65,2376,1941,435,50608,14893,35715
gainesville,P_bUUx5CIFcylFd9UAZRug,53600,53600,1,0.89959,0.0286567,0.00662313,0,0.89959,1,0.0286567,0.0286567,1,1,0,0.00662313,0.0651306,,,0,1,1,,1089,1012,77,2314,1521,793,45904,2055,43849
gainesville,SxMVl_DRQndQkQAvu9a01Q,53600,53600,0.999981,0.935168,0.00964552,0.000223881,1.86567e-05,0.935185,1,0.0096457,0.0096457,1,1,0,0.000223885,0.0549451,0,0,-1.90443e-05,1.00002,1.00002,0,1842,1164,678,3136,1669,1467,46989,10332,36657
gainesville,TsU9TS4hpMHXVwv-YIrvCQ,53600,53600,1,0.80306,0.136959,0.00317164,0,0.80306,1,0.136959,0.00414179,1,1,0.969759,0.00317164,0.0568097,,,0,1,1,,17549,8712,8837,18164,9299,8865,24880,21790,3090
gainesville,UPTPPrW6iUFocod220aq8g,53600,53600,1,0.947015,0.00190299,0.000652985,0,0.947015,1,0.00190299,0.00190299,1,1,0,0.000652985,0.0504291,,,0,1,1,,1222,281,941,2492,418,2074,48268,1950,46318
gainesville,UrwK5NxGtb1p1lGv2EIgdg,53600,53600,1,0.874981,0.00477612,0.00283582,0,0.874981,1,0.00477612,0.00179104,1,1,0.625,0.00283582,0.117407,,,0,1,1,,3261,193,3068,4122,198,3924,42777,153,42624
gainesville,V1ze8IkgvM7tXueCGVfzbw,53600,53600,0.998993,0.913993,0.0116418,0.00281716,0.00100746,0.914914,1,0.0116535,0.0116535,1,1,0,0.00196093,0.0603033,0.851852,0,0.0634633,1.00101,1.00101,302.379,1496,1138,358,2182,1786,396,46808,23384,23424
gainesville,VYsAOBkJ-7hdoDBIOhr-nQ,53600,53600,1,0.860746,0.0330597,0,0,0.860746,1,0.0330597,0.0330597,1,1,0,0,0.106194,,,0,1,1,,1587,727,860,2826,1594,1232,43310,33269,10041
gainesville,WVSHD61mDgZmv8fnzj3i6Q,53600,53600,0.970466,0.284422,0.230037,0.0408209,0.0295336,0.293077,1,0.217294,0.217294,0.916707,0.916707,0,0.0313744,0.458254,0.351232,0,0.105436,1.03043,0.944605,8.60422,6092,77,6015,6148,77,6071,9097,1129,7968
gainesville,X45JWReulQB2gYvNrbUKGA,53600,53600,1,0.863993,0.0192537,0,0,0.863993,1,0.0192537,0.0167537,1,1,0.129845,0,0.116754,,,0,1,1,,2727,141,2586,2910,141,2769,43400,11801,31599
gainesville,XRcpuzY4BC5AypmNXaQuyQ,53600,53600,1,0.729216,0.0341978,0.000373134,0,0.729216,1,0.0341978,0.0341978,1,1,0,0.000373134,0.236213,,,0,1,1,,2509,694,1815,2548,733,1815,36538,22189,14349
gainesville,XWhHaUuheK2ypAkTt10B8A,53600,53600,1,0.885187,0.0115672,0,0,0.885187,1,0.0115672,0.0115672,1,1,0,0,0.103246,,,0,1,1,,2103,530,1573,3873,1049,2824,43573,9314,34259
gainesville,XuX3LCIaNmEI9FSBenjToA,53600,53600,1,0.947948,0.021306,0,0,0.947948,1,0.021306,0.021306,1,1,0,0,0.0307463,,,0,1,1,,973,57,916,1867,65,1802,48943,76,48867
gainesville,YDTr8LXPDt5ieA8MA6ZXLA,53600,53600,1,0.992425,0.000186567,0,0,0.992425,1,0.000186567,0.000186567,1,1,0,0,0.00738806,,,0,1,1,,252,252,0,1239,1239,0,51955,7244,44711
gainesville,YckCrqJ_I8sBF8wU5FpITw,53600,53600,1,0.855634,0.0031903,0.000186567,0,0.855634,1,0.0031903,0.0031903,1,1,0,0.000186567,0.140989,,,0,1,1,,1527,1507,20,2565,2277,288,43297,7611,35686
gainesville,Z0pMjC8iJ6EDQzsBBrr_5Q,53600,53600,1,0.871959,0.0853172,0.00011194,0,0.871959,1,0.0853172,0.0853172,1,1,0,0.00011194,0.0426119,,,0,1,1,,852,10,842,2117,10,2107,44620,0,44620
gainesville,_2GSllZzac7Zfd02VoVgCA,53600,53600,1,0.866381,0.0116978,0.00123134,0,0.866381,1,0.0116978,0.0116978,1,1,0,0.00123134,0.12069,,,0,1,1,,9412,461,8951,11433,1610,9823,35005,14464,20541
gainesville,b-azHLq5uJSlywVqKYbgHA,53600,53600,0.999776,0.886101,0.073209,0.00682836,0.000223881,0.886299,1,0.073188,0.073188,0.99949,0.99949,0,0.00673658,0.0337762,0.416667,0,0.00254771,1.00022,0.999714,61.02,4674,2232,2442,7461,3406,4055,40034,17921,22113
gainesville,bcNsOc7RlDm9L9VmIGXYpg,53600,53600,1,0.946791,0.0221455,0.00212687,0,0.946791,1,0.0221455,0.0221455,1,1,0,0.00212687,0.0289366,,,0,1,1,,1120,866,254,3745,2589,1156,47003,12825,34178
gainesville,dVrNCxUTFAfeyVNMXQ1LTw,53600,53600,1,0.907612,0.0392537,0.000634328,0,0.907612,1,0.0392537,0.0392351,1,1,0.000475285,0.000634328,0.0524627,,,0,1,1,,1713,1713,0,2365,2365,0,46283,24743,21540
gainesville,dXNmCM3bRYfsvQ7xPivHaw,53600,53600,0.999869,0.983284,0.00901119,0.00279851,0,0.983281,0.999867,0.00901237,0.00901237,1,1,0,0.00279887,0.00490736,,,-0.00022778,0.999998,1.00013,,401,401,0,8213,6798,1415,44491,20598,23886
gainesville,dvMvyySAGHbGLfSDgYWHsw,53600,53600,1,0.89778,0.000951493,0,0,0.89778,1,0.000951493,0.000951493,1,1,0,0,0.101269,,,0,1,1,,0,0,0,1112,936,176,47009,30735,16274
gainesville,eW6Mi_5E32tMqZTu_731bw,53600,53600,0.998321,0.733172,0.014291,0.00509328,0.0016791,0.734405,1,0.0139226,0.0139226,0.972585,0.972585,0,0.00381237,0.24786,0.766667,0,0.139153,1.00168,0.974221,150.525,1752,1,1751,3393,1,3392,35905,56,35849
gainesville,fOc-SxUHjTYKCGN83egiYA,53600,53600,0.995951,0.961231,0.0073694,0.00147388,0.00404851,0.965139,1,0.00533878,0.00533878,0.721519,0.721519,0,0,0.0295225,0.364055,0,0.385854,1.00406,0.724452,247.005,676,657,19,1398,777,621,50124,3128,46996
gainesville,g7ZWUQeOp1Kl0LrWi0qrWw,53600,53600,0.997146,0.959478,0.0254104,0.000690299,0.00285448,0.962056,0.999825,0.0228638,0.0228638,0.89721,0.89721,0,0.000617434,0.0144629,0.0261438,0.0588235,0.0929652,1.00269,0.899778,37.8732,2206,2206,0,3108,3099,0,48320,29792,18528
gainesville,g8Jd1uL_FE_9eave1z2OpA,53600,53600,1,0.746772,0.0457276,0,0,0.746772,1,0.0457276,0.0425,1,1,0.0705834,0,0.2075,,,0,1,1,,3711,565,3146,4944,934,4010,35083,2506,32577
gainesville,gcAfPhmNaIDewoRc5O6yZQ,53600,53600,0.999832,0.843078,0.0161567,0.0172948,0.00016791,0.84322,1,0.0161594,0.0161594,1,1,0,0.0171484,0.123472,0.888889,0,0.00862776,1.00017,1.00017,51.3964,1959,40,1919,1982,43,1939,43207,6142,37065
gainesville,h7I_Gn2mXFsjt09ESdkoOg,53600,53600,1,0.60181,0.0128358,0.000223881,0,0.60181,1,0.0128358,0.0128358,1,1,0,0.000223881,0.385131,,,0,1,1,,226,162,64,246,181,65,32011,24589,7422
gainesville,hlYnMGBEa12Ajij0iL7yxg,53600,53600,1,0.942369,0.0036194,0.0011194,0,0.942369,1,0.0036194,0.0036194,1,1,0,0.0011194,0.0528918,,,0,1,1,,749,749,0,1028,1028,0,49483,31868,17615
gainesville,ipoVm9spHhQGCMROwSdmmA,53600,53600,1,0.892612,0.00225746,0.0269403,0,0.892612,1,0.00225746,0.00225746,1,1,0,0.0269403,0.0781903,,,0,1,1,,1808,797,1011,4781,1825,2956,43063,1736,41327
gainesville,jE7jfpgpMn1zP3_DMdvMTg,53600,53600,1,0.94666,0.00563433,0.00690299,0,0.94666,1,0.00563433,0.00563433,1,1,0,0.00690299,0.0408022,,,0,1,1,,955,955,0,1800,1693,107,48941,9655,39286
gainesville,jL3wxV95A0lO2xKUQukpIg,53600,53600,0.995504,0.881362,0.0313993,0.00529851,0.00449627,0.885343,1,0.0270245,0.0270245,0.856803,0.856803,0,0.00532244,0.0823104,0,0,0.105046,1.00452,0.860673,0,2483,1782,701,4039,2298,1741,43202,7397,35805
gainesville,jqZrc8lSwNpLZbLrixSduQ,53600,53600,0.997295,0.828022,0.0343657,0.045653,0.00270522,0.830156,0.999865,0.0327752,0.0327752,0.95114,0.95114,0,0.0448602,0.0922084,0.337931,0.0413793,0.038448,1.00258,0.95372,7.40217,2378,1395,977,3523,1950,1567,40859,10499,30360
gainesville,kU1NFVXyUkQzaPpROkDVNg,53600,53600,0.998433,0.966194,0.0311194,0.00223881,0.00156716,0.967169,0.99944,0.0306824,0.0230212,0.984412,0.979332,0.249695,0.00170043,0.000448464,0.345238,0.345238,0.0433437,1.00101,0.985958,154.206,1093,451,613,6090,644,5417,45698,29278,16420
gainesville,ki1YlBoTB-ARFE17nF4PPg,53600,53600,0.990746,0.933731,0.00539179,0.0476679,0.00925373,0.942453,1,0.00532917,0.0039545,0.979239,0.972222,0.257951,0.038886,0.0133323,0.987903,0,0.284507,1.00934,0.988385,20.7247,4152,1959,2193,6570,3256,3314,43478,8683,34795
gainesville,kjXjoHf2E-tZuI7RwMPgsw,53600,53600,1,0.956791,0.014944,0,0,0.956791,1,0.014944,0.014944,1,1,0,0,0.0282649,,,0,1,1,,2359,2015,344,3786,2752,1034,47498,6255,41243
gainesville,kozsgHrge4ofusqK2D_Hlw,53600,53600,1,0.964384,0.0105037,0,0,0.964384,1,0.0105037,0.0105037,1,1,0,0,0.0251119,,,0,1,1,,3115,62,3053,4328,621,3707,47363,13377,33986
gainesville,ld_LKRyg3hte-YCeFY3avQ,53600,53600,1,0.90431,0.00283582,0,0,0.90431,1,0.00283582,0.00283582,1,1,0,0,0.0928545,,,0,1,1,,10224,294,9930,10370,376,9994,38101,8580,29521
gainesville,mMSFxX8cKDjvaOmsrguJEA,53600,53600,0.999515,0.98056,0.0153918,3.73134e-05,0.000485075,0.980756,0.999715,0.0152126,0.0152126,0.987879,0.987879,0,1.86658e-05,0.00401314,0.0384615,0.576923,0.013603,1.0002,0.988358,1030.77,2821,2268,553,3853,3107,746,48705,19980,28710
gainesville,orMHYZcfpk4vTLLG6ciKUA,53600,53600,0.99875,0.967873,0.0100933,0.000149254,0.00125,0.969084,1,0.00896643,0.00896643,0.887246,0.887246,0,3.73601e-05,0.0219117,0.0895522,0,0.117509,1.00125,0.888356,600,607,158,449,1130,376,754,50748,15028,35720
gainesville,oyTDvou4dK-Hm3v-cIaToQ,53600,53600,1,0.796679,0.0276493,0.0403918,0,0.796679,1,0.0276493,0.0276493,1,1,0,0.0403918,0.13528,,,0,1,1,,359,2,357,535,2,533,42167,67,42100
gainesville,pM_zjaOL4jt8_niIC0EU2Q,53600,53600,1,0.934403,0.0129851,0.000298507,0,0.934403,1,0.0129851,0.0123134,1,1,0.0517241,0.000298507,0.0523134,,,0,1,1,,3462,2730,732,6765,4041,2724,43319,9651,33668
gainesville,q2yX7pwQF7_3SFGxEqlDHQ,53600,53600,1,0.978657,0.00727612,0.000279851,0,0.978657,1,0.00727612,0.00727612,1,1,0,0.000279851,0.0137873,,,0,1,1,,271,257,14,600,572,28,51856,6462,45394
gainesville,qAP6awcZVDK19stGxM31jQ,53600,53600,0.97709,0.789459,0.0451306,0.00789179,0.0229104,0.807855,0.999858,0.0344841,0.0344841,0.746589,0.746589,0,1.90942e-05,0.157641,0.343648,0.00488599,0.345965,1.0233,0.764095,43.545,36752,1553,35193,36936,1652,35278,5379,2801,2578
gainesville,r2EDHivQkQoWWelu3IZOxg,53600,53600,1,0.949571,0.00867537,0.00899254,0,0.949571,1,0.00867537,0.00867537,1,1,0,0.00899254,0.0327612,,,0,1,1,,3181,2340,841,5194,3840,1354,45703,7668,38035
gainesville,rFa5e9WO2AombOfKxw1GzA,53600,53600,0.999795,0.955765,0.0094403,0.00884328,0.000205224,0.955961,1,0.00944224,0.00944224,1,1,0,0.00863983,0.0259568,1,0,0.0219053,1.00021,1.00021,113.08,2636,597,2039,4244,884,3360,46985,3823,43162
gainesville,s7wxqo3wnK-LD6bUkCRGzA,53600,53600,0.991996,0.786418,0.0506903,0.0571455,0.00800373,0.792725,0.999953,0.0486543,0.0486543,0.952153,0.952153,0,0.0527355,0.105885,0.60373,0.004662,0.0940375,1.00802,0.959835,10.5648,27938,104,27832,28264,132,28130,13888,1260,12628
gainesville,sIW4u-Mq7TORFHbsswcCzQ,53600,53600,1,0.87222,0.011903,0.0095709,0,0.87222,1,0.011903,0.011903,1,1,0,0.0095709,0.106306,,,0,1,1,,2259,1406,853,3480,2148,1332,43271,23669,19602
gainesville,scWBbnWIHdaaBRanRNRa4Q,53600,53600,1,0.925616,0.00149254,0,0,0.925616,1,0.00149254,0.00149254,1,1,0,0,0.0728918,,,0,1,1,,1428,1358,70,2486,2237,249,47127,13796,33331
gainesville,smIcY196GPbaTpEbjkA7aA,53600,53600,0.999534,0.823601,0.0534701,0.000186567,0.000466418,0.823985,1,0.0531031,0.0531031,0.992673,0.992673,0,0.000186654,0.122725,0,0,0.00677802,1.00047,0.993136,0,5235,1201,4034,6147,1763,4384,37998,10781,27217
gainesville,tD8uJ0wHWy0RNPwb73S7Og,53600,53600,0.999851,0.950616,0.00860075,0.00442164,0.000149254,0.950758,1,0.00860203,0.00785565,1,1,0.0867679,0.00427303,0.0363674,1,0,0.0224697,1.00015,1.00015,226.16,18356,4869,13487,19828,6044,13784,31125,12559,18566
gainesville,taAM_J38w0t7x9p1iOGptw,53600,53600,1,0.713321,0.159254,0.00511194,0,0.713321,1,0.159254,0.159216,1,1,0.000234302,0.00511194,0.11806,,,0,1,1,,18409,32,18377,18443,38,18405,19791,1520,18271
gainesville,u0S_61wv1Q10xayttHdcbg,53600,53600,0.977966,0.769328,0.00365672,0.0400746,0.0220336,0.785192,0.998133,5.72312e-05,5.72312e-05,0.0153061,0.0153061,0,0.0241897,0.190561,0.745131,0.065199,0.541159,1.02062,0.015651,18.5936,2178,73,2045,2178,73,2045,39058,1254,37787
gainesville,vbW2W3-AE2tr1NJYHCuHgw,53600,53600,1,0.916959,0.00203358,9.32836e-05,0,0.916959,1,0.00203358,0.00203358,1,1,0,9.32836e-05,0.0809142,,,0,1,1,,2860,1807,1053,4164,2189,1975,44985,3269,41716
gainesville,wwbkgmoKv4MS5sMy3PGhqA,53600,53600,1,0.977761,0.0133022,0,0,0.977761,1,0.0133022,0.0133022,1,1,0,0,0.00893657,,,0,1,1,,423,423,0,931,907,24,51477,9001,42476
gainesville,xExZyWexGcwGNf5LNhQBRg,53600,53600,0.999496,0.900728,0.00583955,0.0169776,0.000503731,0.901182,1,0.0058425,0.0058425,1,1,0,0.0165382,0.0764378,0.888889,0,0.0375727,1.0005,1.0005,52.3565,1510,828,682,2277,1201,1076,46002,9171,36831
gainesville,xMY6EkmbN9OZqwHeC_S7Zg,53600,53600,1,0.927575,0.0233396,0.00552239,0,0.927575,1,0.0233396,0.0231903,1,1,0.00639488,0.00552239,0.0435634,,,0,1,1,,921,403,518,4748,786,3962,44970,2430,42540
gainesville,yQOkeKGLo1dFuhOO7BFRFg,53600,53600,0.993489,0.955466,0.0157276,0.00173507,0.00651119,0.961672,0.999941,0.010873,0.010873,0.686833,0.686833,0,0.000319243,0.027023,0.217765,0.00859599,0.318674,1.00649,0.691334,125.508,954,780,174,2066,1236,830,49147,26725,22419
sao_paulo,-pcHlrGDC4hPPRHVxU3W3Q,53600,53600,0.995224,0.868116,0.097556,0.0279478,0.00477612,0.872282,1,0.0968806,0.0968806,0.988334,0.988334,0,0.0244264,0.00641122,0.761719,0,0.0592934,1.0048,0.993077,27.2551,2334,1553,781,3308,1920,1388,43223,10758,32465
sao_paulo,-uqS0QNM8aUFtP5gwTMu4w,53600,53600,0.966549,0.931754,0.0349254,0.0327799,0.0334515,0.961472,0.997377,0.0305364,0.0305364,0.845085,0.845085,0,0.00743143,0.00055977,0.765198,0.0730619,0.544434,1.0319,0.874333,23.3435,2792,2118,543,3606,2619,856,46336,11474,34862
sao_paulo,0aJabNkZdyIHXbiruS_yLw,53600,53600,0.940224,0.78847,0.154757,0.0567724,0.0597761,0.837289,0.998438,0.153445,0.149079,0.932248,0.930402,0.0284495,0.00926661,0,0.803995,0.0205993,0.35479,1.06192,0.991517,14.1617,4003,3124,813,4667,3611,990,37595,22755,14840
sao_paulo,0rG2QcmPAKBBec7NcS_SUw,53600,53600,1,0.916996,0.051791,0.000559701,0,0.916996,1,0.051791,0.051791,1,1,0,0.000559701,0.030653,,,0,1,1,,285,285,0,1416,864,552,47735,9939,37796
sao_paulo,1bF6KihYF1Rw8PIg_ZTh6g,53600,53600,0.922313,0.905728,0.0154104,0.0788619,0.0776866,0.977769,0.995674,0.0120762,0.0120762,0.72276,0.72276,0,0.0101545,0,0.894573,0.0504323,0.818975,1.07954,0.783638,11.3435,4671,1463,3021,5630,1674,3757,42917,3087,39819
sao_paulo,23nSVF67ExPhVWfty9-4Qw,53600,53600,0.958451,0.846791,0.0831903,0.0598321,0.0415485,0.882565,0.998942,0.0853561,0.0853561,0.983404,0.983404,0,0.021451,0.0106282,0.945218,0.0215537,0.405905,1.04225,1.02603,15.7978,3129,1874,1214,3838,2269,1528,41550,9734,31809
sao_paulo,2XdWe9r6z5m-9SmNQq7TGQ,53600,53600,0.945112,0.88041,0.0744216,0.0451679,0.0548881,0.924573,0.99252,0.0691105,0.0575033,0.877664,0.856513,0.167952,0.00631687,0,0.71414,0.119986,0.474247,1.05016,0.928635,15.8108,5316,3515,1448,6076,4123,1600,41114,28437,12677
sao_paulo,2vVoZEbjn1wxGCCvCmgeUQ,53600,53600,0.938713,0.824272,0.121362,0.0543657,0.0612873,0.873437,0.994704,0.114777,0.114757,0.887779,0.887761,0.00017316,0.0117857,0,0.706545,0.0712329,0.386348,1.05965,0.945741,12.9962,3069,1370,1475,3755,1562,1968,40426,3193,37224
sao_paulo,3SnxAqXSf1WzcWlp76h_2Q,53600,53600,1,0.912015,0.0786754,0.00865672,0,0.912015,1,0.0786754,0.0770709,1,1,0.0203936,0.00865672,0.000652985,,,0,1,1,,942,145,797,1311,197,1114,47573,6146,41427
sao_paulo,4RXNxzYjFwN0EBvKh8aHSQ,53600,53600,0.976157,0.937257,0.0285448,0.028694,0.0238433,0.957188,0.996915,0.0265472,0.0265472,0.907843,0.907843,0,0.0106265,0.00563816,0.768388,0.121283,0.470985,1.02126,0.930018,26.7787,1702,1566,30,2306,2117,63,47931,37510,10392
sao_paulo,4Z4bj21zN62_fBZJzoF6Xg,53600,53600,0.983041,0.900205,0.0438806,0.053806,0.016959,0.915735,1,0.0438595,0.0438595,0.982568,0.982568,0,0.0382608,0.00214458,0.954895,0,0.272884,1.01725,0.999519,17.747,2575,1626,949,3275,2035,1240,44976,14401,30575
sao_paulo,4n8b3OMdbJZgeJXz_TxNBA,53600,53600,0.951343,0.884104,0.091194,0.0247015,0.0486567,0.919634,0.989575,0.0772474,0.0772474,0.805851,0.805851,0,0.00311814,0,0.446702,0.189417,0.344518,1.04019,0.847067,18.084,2756,2274,0,3563,3077,0,43825,21562,22255
sao_paulo,52VthEdI90oCcFRLa9Wy5g,53600,53600,0.963377,0.78194,0.0710075,0.146287,0.0366231,0.808819,0.996493,0.0620292,0.0620292,0.841566,0.841566,0,0.128358,0.000794004,0.617932,0.0748854,0.179531,1.03437,0.873558,4.2241,6679,318,6215,8040,358,7536,33872,2219,31652
sao_paulo,53l0gQcJPK4NrZhJZhtKlg,53600,53600,0.924627,0.899216,0.0465672,0.0542164,0.0753731,0.960734,0.987883,0.0350282,0.0350282,0.695513,0.695513,0,0.00423729,0,0.667327,0.144554,0.626806,1.06841,0.752209,12.3086,4219,2925,802,5153,3555,1019,43045,26118,16922
sao_paulo,5IK4jyU16o627F2yDHu6Gw,53600,53600,0.977127,0.958582,0.00708955,0.0327425,0.0228731,0.978654,0.997587,0.00431512,0.00431512,0.594737,0.594737,0,0.0154084,0.00162294,0.773246,0.101142,0.599331,1.02094,0.608659,23.616,4627,731,3807,5448,973,4386,45932,4445,41452
sao_paulo,5b-MNFZDk9yhziWPr2u7Hg,53600,53600,1,0.883563,0.0996455,0,0,0.883563,1,0.0996455,0.0996455,1,1,0,0,0.016791,,,0,1,1,,119,119,0,1465,1465,0,45894,29651,16243
sao_paulo,6a_UTgidEGA0mlGKPlurNw,53600,53600,0.971437,0.940093,0.0398507,0.020056,0.0285634,0.95264,0.984401,0.0384874,0.0384874,0.938202,0.938202,0,0.00887284,0,0.400392,0.51339,0.267465,1.01335,0.965788,19.9637,4164,4029,16,5120,4983,18,45269,20120,24482
sao_paulo,7O-o_5mVjT3KdC0SV0shUw,53600,53600,0.968209,0.87916,0.0800746,0.0407649,0.031791,0.906255,0.998048,0.0777902,0.0777902,0.940587,0.940587,0,0.015955,0,0.796362,0.0539906,0.340723,1.03082,0.971471,19.5355,24412,3464,20873,26042,4090,21873,21081,11359,9709
sao_paulo,7UTz_5Xfnx4Hz_0gfN2WZA,53600,53600,0.970187,0.612873,0.349757,0.0368097,0.0298134,0.631706,1,0.356429,0.273316,0.988692,0.985303,0.23318,0.011288,0.000576901,0.867334,0,0.106622,1.03073,1.01907,23.5627,3875,3609,266,4675,4300,375,28175,20533,7642
sao_paulo,7um0A6G_bSJ3Hn6nRbixvA,53600,53600,1,0.923451,0.0740672,0,0,0.923451,1,0.0740672,0.0740672,1,1,0,0,0.00248134,,,0,1,1,,5491,2264,3227,7689,3360,4329,41808,13516,28292
sao_paulo,8PunOGXWhLW2Jcp-z1kSNg,53600,53600,0.973246,0.74222,0.188358,0.066194,0.0267537,0.759575,0.996003,0.187498,0.187498,0.9688,0.9688,0,0.0496109,0.00331634,0.669456,0.110879,0.121429,1.02338,0.995431,10.1135,1831,1369,388,2064,1529,452,37719,26390,11253
sao_paulo,9e52qBoSx6RlPRP2VHBTqA,53600,53600,0.994366,0.90472,0.0771642,0.0162127,0.00563433,0.909847,1,0.0748246,0.074318,0.964217,0.963982,0.00677031,0.0134151,0.00191377,0.509934,0,0.080188,1.00567,0.96968,31.4528,14828,3701,11127,15670,4263,11407,32823,17210,15613
sao_paulo,9ogLSXwqkmRsXUlTLya0uQ,53600,53600,0.977966,0.936847,0.0336194,0.0294963,0.0220336,0.954082,0.995957,0.0321448,0.0321448,0.935072,0.935072,0,0.0137355,3.81541e-05,0.729043,0.171888,0.388276,1.0184,0.956139,24.7165,2590,2263,124,3339,2840,296,46876,27444,19432
sao_paulo,AJVnpStT1x3aP5rNLkUUyA,53600,53600,0.971474,0.90931,0.0508022,0.0398881,0.0285261,0.93601,1,0.0475889,0.0475313,0.910026,0.909926,0.00121065,0.0164007,0,0.839765,0,0.422165,1.02936,0.936747,21.053,25940,1369,24571,26519,1865,24654,22220,3374,18846
sao_paulo,AyVE6TqZxahbZyzOG8KhPg,53600,53600,0.926045,0.826716,0.122929,0.0503545,0.0739552,0.884016,0.990228,0.114776,0.114776,0.864623,0.864623,0,0.0012088,0,0.665742,0.109233,0.427277,1.06931,0.933673,13.2211,1187,459,419,1351,555,482,42961,5459,37383
sao_paulo,BK29yXSNmXidi-3ggxm_Zg,53600,53600,0.937817,0.939981,0.00955224,0.0504291,0.0621828,0.992241,0.989957,0.0050928,0.0050928,0.5,0.5,0,0.00262598,3.97875e-05,0.771377,0.151815,0.813916,1.0556,0.533153,15.2963,4851,3807,540,5928,4511,913,44455,23490,20963
sao_paulo,Cuj3qJDAZnTKnMhQLXy1ig,53600,53600,0.998489,0.954851,0.0253918,0.0195149,0.00151119,0.956296,1,0.0253929,0.0253929,0.99853,0.99853,0,0.0180683,0.000242904,0.975309,0,0.0623421,1.00151,1.00004,49.9776,7130,5620,1510,9148,6784,2364,42032,10401,31631
sao_paulo,DSdxd4wO-H8l4g-O_IGfkg,53600,53600,0.975187,0.809944,0.15666,0.0333955,0.0248134,0.830285,0.999678,0.158561,0.158561,0.987019,0.987019,0,0.0111536,0,0.907519,0.0105263,0.198382,1.02511,1.01213,27.1749,2976,2243,719,4471,2517,1940,38942,16747,22195
sao_paulo,E2-oeApmq0sW_GDdLFbnCQ,53600,53600,0.976381,0.915317,0.044347,0.0403358,0.0236194,0.934154,0.996474,0.0388849,0.0388849,0.856121,0.856121,0,0.0269614,0,0.593207,0.136651,0.298532,1.02058,0.876831,14.7067,3082,2727,184,4056,3575,310,45005,26028,18975
sao_paulo,FRKJomHWa7nYfbmGJRNuvA,53600,53600,0.964049,0.786623,0.171269,0.0298881,0.0359515,0.8153,0.999194,0.163993,0.163993,0.923094,0.923094,0,0.00803127,0.0126759,0.615983,0.017644,0.214842,1.03646,0.957518,20.6097,2614,2580,0,3008,2972,2,39155,15835,23320
sao_paulo,GnxqQAq5GVonmVKfcMcr6w,53600,53600,0.974869,0.875578,0.0556157,0.0674813,0.0251306,0.898149,1,0.0521693,0.0521693,0.914458,0.914458,0,0.0483226,0.00135877,0.81069,0,0.283846,1.02578,0.938032,12.0135,2714,412,2302,3384,514,2870,43547,10304,33243
sao_paulo,H2cEJygbNd56-362PsICjA,53600,53600,0.962481,0.927369,0.0396828,0.0327052,0.0375187,0.962628,0.999075,0.0274283,0.0274283,0.665256,0.665256,0,0.00969199,0.000251992,0.623073,0.0228742,0.529373,1.03802,0.691189,19.0512,5050,4057,953,6036,4669,1325,43671,20700,22967
sao_paulo,I0LGgFwBsGIYNbIsIaLgpQ,53600,53600,0.938713,0.90375,0.0222761,0.0739739,0.0612873,0.962516,0.999752,0.0217033,0.0217033,0.914573,0.914573,0,0.0157806,0,0.965297,0.00365297,0.746348,1.06502,0.974284,13.0492,3181,3049,120,4128,3879,237,44313,17612,26701
sao_paulo,IAF46f7Lfz65Y2vjckHeMA,53600,53600,0.989347,0.925224,0.0427985,0.021791,0.010653,0.935186,1,0.0423542,0.0423542,0.979076,0.979076,0,0.0121632,0.0102963,0.915937,0,0.262239,1.01077,0.989618,42.0327,2141,2141,0,3228,3199,29,46364,7739,38625
sao_paulo,JAwR7rGXLysrpeYgTzkLCQ,53600,53600,0.88653,0.765187,0.127892,0.10569,0.11347,0.851719,0.986785,0.140726,0.140726,0.975492,0.975492,0,0.00616608,0.00138895,0.883262,0.0891154,0.535026,1.11309,1.10035,8.35708,7149,507,6162,8830,685,7661,32184,2390,29736
sao_paulo,KD-uKFrh3oLPfzbwOStEWA,53600,53600,0.973675,0.946194,0.0241231,0.0290672,0.0263246,0.970339,0.998521,0.0217479,0.0217479,0.877804,0.877804,0,0.00764529,0.000268256,0.821403,0.0531538,0.569217,1.02552,0.901536,28.2588,4335,3451,809,5242,3963,1204,45474,14628,30846
sao_paulo,LUW-LxIfrK_j7kCq16WoyQ,53600,53600,0.977761,0.938153,0.0244776,0.0371828,0.0222388,0.948538,0.988585,0.0188902,0.0111815,0.754573,0.645374,0.408081,0.0323806,9.54053e-05,0.248322,0.481544,0.181582,1.01107,0.771736,6.67841,1909,1716,0,2534,2287,13,47751,21604,25807
sao_paulo,M5mjc-BAtPFJppa9npq4xA,53600,53600,0.983993,0.959701,0.0254104,0.0146269,0.0160075,0.972147,0.996753,0.0238899,0.0238899,0.92511,0.92511,0,0.00369724,0.000265443,0.68648,0.194639,0.416996,1.01297,0.94016,46.9328,2434,809,1474,3206,1029,2019,48234,4315,43910
sao_paulo,MBuniYPiSz9apm9agSpqPw,53600,53600,0.952593,0.873153,0.0707649,0.0505037,0.0474067,0.914726,0.997949,0.0650816,0.055994,0.876088,0.858816,0.139633,0.0143364,0.00585597,0.777253,0.0377804,0.462957,1.04761,0.919687,15.39,3410,3290,37,4122,3987,52,42679,30972,11694
sao_paulo,MO1IiuyyjHfY4uBuEsgoeg,53600,53600,0.995877,0.938806,0.0320522,0.0291418,0.00412313,0.942693,1,0.0313232,0.0313232,0.973225,0.973225,0,0.025984,0,0.791855,0,0.108024,1.00414,0.977254,27.1725,3322,2600,722,4258,3400,858,46062,15491,30571
sao_paulo,MTKGGsTjIZqzb5CJ4L_zKw,53600,53600,0.92347,0.915112,0.0221455,0.0627052,0.0765299,0.977494,0.986422,0.0147077,0.0147077,0.613311,0.613311,0,0.00779829,0,0.725256,0.16236,0.721432,1.06817,0.664137,11.5661,5845,4723,456,6720,5531,523,42330,15102,27228
sao_paulo,MjzhJxGXvpsFuKgE1Mh-Xg,53600,53600,0.945131,0.80584,0.12791,0.0662127,0.0548694,0.852622,1,0.128664,0.128664,0.9507,0.9507,0,0.0186739,3.94797e-05,0.885073,0,0.379827,1.05805,1.00589,13.3671,1953,1648,305,2338,1915,423,40855,4599,36256
sao_paulo,NiIR-hk3d6gP7qp4s1BM4w,53600,53600,0.948116,0.912668,0.033097,0.0542351,0.0518843,0.950393,0.987306,0.0276275,0.0276275,0.791432,0.791432,0,0.02198,0,0.643653,0.223301,0.503134,1.04133,0.834742,11.8678,4299,3672,508,5412,4464,809,43507,17575,25450
sao_paulo,Nn8w6mmD-cbG_XScCiIjwA,53600,53600,0.888806,0.366437,0.564627,0.0689366,0.111194,0.404723,0.981671,0.592968,0.451406,0.933419,0.914328,0.238734,0.00230898,0,0.60151,0.0604027,0.139877,1.10448,1.05019,8.72556,1372,509,510,1477,529,595,18164,486,17671
sao_paulo,NoadtY-SJzlUAlm7E74VLw,53600,53600,1,0.689067,0.289627,0.02125,0,0.689067,1,0.289627,0.228433,1,1,0.211286,0.02125,5.59701e-05,,,0,1,1,,935,831,104,1157,924,233,35777,11228,24549
sao_paulo,OwHITjkTQwapTUEqLaf_HA,53600,53600,0.978545,0.905765,0.0645149,0.0297201,0.0214552,0.921602,0.995654,0.0608008,0.0608008,0.922209,0.922209,0,0.0175977,0,0.582609,0.183478,0.242051,1.01748,0.942429,19.6032,2171,1522,438,2664,1806,647,45885,12290,33595
sao_paulo,PLxw5KV6VDCzoMS7hmL8yw,53600,53600,0.923358,0.861884,0.0635821,0.0745336,0.0766418,0.929867,0.99619,0.0607371,0.0607371,0.882042,0.882042,0,0.00939546,0,0.859299,0.0428432,0.619363,1.07888,0.955255,11.529,6242,4147,1923,7268,4686,2410,38929,22882,16043
sao_paulo,Pj3oiYfbY1b71tzLockamw,53600,53600,0.940951,0.89847,0.040056,0.0614552,0.0590485,0.954793,0.999938,0.0378904,0.0378904,0.890079,0.890079,0,0.00729652,1.98275e-05,0.924487,0.000947867,0.68876,1.06269,0.945935,15.0433,4596,2324,2269,5023,2620,2400,43135,16654,26481
sao_paulo,Pvs7VOQJOX9mw2Ru9PrQZw,53600,53600,0.946063,0.798433,0.144347,0.0533582,0.0539366,0.841468,0.997056,0.141612,0.141612,0.928138,0.928138,0,0.0131338,0.00378631,0.758907,0.0435835,0.330522,1.0539,0.981052,14.2229,1841,863,857,2220,930,1164,40576,4776,35800
sao_paulo,PyBg7R0KLocC6zqVFijKSg,53600,53600,0.980616,0.901194,0.0641231,0.0252239,0.0193843,0.919008,1,0.0640018,0.0640018,0.978761,0.978761,0,0.00734385,0.00964594,0.92974,0,0.330351,1.01977,0.998108,36.8595,1683,586,1097,2346,836,1510,45958,4398,41560
sao_paulo,S2IuBk3pE9q76j1Z4hQC8A,53600,53600,0.921716,0.715858,0.228358,0.0557836,0.0782836,0.773925,0.996482,0.223747,0.223747,0.903105,0.903105,0,0.00232775,0,0.685176,0.0321735,0.306099,1.08112,0.979807,12.2828,976,447,398,1167,530,506,37203,10810,26389
sao_paulo,S4WdqpLlooYt4ODkL03k5g,53600,53600,0.979701,0.960709,0.00869403,0.030597,0.0202985,0.978919,0.998272,0.00811243,0.00759826,0.914163,0.908884,0.0633803,0.0129685,0,0.881434,0.0818015,0.603587,1.01895,0.933104,28.8078,5609,3891,1629,6856,4444,2323,44638,13796,30842
sao_paulo,SL1kkNP2VXfJkTD7YQf4tQ,53600,53600,0.906213,0.901511,0.0241418,0.074347,0.0937873,0.984498,0.989632,0.0104997,0.0104997,0.394127,0.394127,0,0.00500278,0,0.74438,0.0996618,0.784045,1.09205,0.434916,10.0122,3819,1335,2038,4883,1631,2806,43438,4609,38774
sao_paulo,Sg0GiqhXxeFwuhRVQZGWfw,53600,53600,0.979813,0.962332,0.00416045,0.0232649,0.0201866,0.979398,0.997189,0.00230397,0.00230397,0.542601,0.542601,0,0.00784493,0.0104536,0.771719,0.134011,0.687644,1.01773,0.55378,33.1709,2039,276,1718,2910,358,2488,48671,941,47649
sao_paulo,SkpVKN34vuC9ItNhaZfFwQ,53600,53600,0.994515,0.90153,0.0474813,0.0509888,0.00546642,0.906502,1,0.0472179,0.0472179,0.988998,0.988998,0,0.04628,0,0.90785,0,0.0935341,1.00552,0.994453,17.8049,133,25,108,226,33,193,48096,7334,40762
sao_paulo,VEIsNEdoZ793WdrHU57t2g,53600,53600,0.967257,0.901213,0.0578731,0.0407276,0.0327425,0.924853,0.99263,0.0448452,0.0448452,0.749516,0.749516,0,0.030109,0.000192883,0.354416,0.202849,0.261421,1.02623,0.774888,8.7021,1778,1650,0,2152,2010,2,46153,20552,25385
sao_paulo,WC5s83YNe-hRPVOd0KZQrA,53600,53600,0.988825,0.922836,0.0551866,0.0218657,0.0111754,0.93302,0.999737,0.0547726,0.0547726,0.981406,0.981406,0,0.0120941,0.000113205,0.886477,0.0217028,0.226511,1.01104,0.992498,40.542,2081,1428,640,2690,1819,858,46774,21954,24820
sao_paulo,WShTUyMV7KcYdpINkKU6zw,53600,53600,0.453825,0.85459,0.0127612,0.120205,0.546175,0.936074,0.497096,0.0182939,0.0182939,0.650585,0.650585,0,0.0182117,0.0274203,0.204953,0.786883,0.166517,1.09535,1.43356,1.70503,7460,631,397,9762,996,759,36044,2262,18753
sao_paulo,XnnGXt94GGVxBt_3oSk2Uw,53600,53600,0.992201,0.921306,0.0408396,0.0375187,0.00779851,0.928528,0.99998,0.0407657,0.0407657,0.990407,0.990407,0,0.030405,0.000300854,0.942584,0.00239234,0.166441,1.00784,0.998191,25.1231,2239,2210,28,3297,3208,88,46085,29972,16113
sao_paulo,ZdSe6D-Wu285r762n01uOg,53600,53600,0.970112,0.598321,0.359011,0.0425746,0.0298881,0.614504,0.996352,0.363783,0.310935,0.983007,0.980176,0.145274,0.0216162,9.61575e-05,0.722846,0.0730337,0.0861662,1.02705,1.01329,16.9783,2806,1949,777,3312,2132,1097,28758,15819,12905
sao_paulo,Zx5RLbncodJhmxWdJwAaEA,53600,53600,0.987873,0.97472,0.00830224,0.0147761,0.0121269,0.984419,0.997703,0.00840415,0.00840415,1,1,0,0.00494806,0.00222852,0.815385,0.184615,0.555948,1.00995,1.01228,55.1826,7102,6209,834,8809,7319,1370,43436,4370,39066
sao_paulo,_E3aWogWLo5SoGkPdihyAQ,53600,53600,0.935243,0.838041,0.0909701,0.0709888,0.0647575,0.892457,0.995971,0.0928006,0.0928006,0.954061,0.954061,0,0.014742,0,0.883319,0.0521464,0.489044,1.06493,1.02012,12.4431,3555,1970,1412,4146,2233,1740,40773,16549,24216
sao_paulo,_fPo4iIbhE1HLT_ixD57_Q,53600,53600,0.955429,0.895,0.0627799,0.0421455,0.0445709,0.931441,0.99433,0.0612173,0.059577,0.931649,0.929899,0.0267943,0.00732265,1.95271e-05,0.788614,0.113855,0.475961,1.04072,0.975111,18.7117,2503,1277,1032,3339,1774,1368,44633,15720,28838
sao_paulo,_zoPpzbkTA4aS166T26J_Q,53600,53600,0.995877,0.965821,0.0158209,0.0182463,0.00412313,0.96982,1,0.0156054,0.0156054,0.982311,0.982311,0,0.0144626,0.000112404,0.932127,0,0.204103,1.00414,0.986378,51.0859,2483,2361,122,3188,3012,176,48580,23634,24946
sao_paulo,a70PDmeTUAplnAAszg96rQ,53600,53600,0.977071,0.757892,0.223918,0.0179104,0.0229291,0.774073,0.997932,0.214508,0.214508,0.936011,0.936011,0,0.0111321,0.000286418,0.306753,0.0683483,0.086707,1.02135,0.957976,17.1271,1043,959,0,1370,1286,0,39253,10275,28978
sao_paulo,bNHPwV-rN_X3TENKUQgmNg,53600,53600,0.971716,0.912295,0.00869403,0.0789925,0.0282836,0.937985,0.99908,0.00741111,0.00741111,0.828326,0.828326,0,0.0545849,1.91998e-05,0.917546,0.0296834,0.437561,1.02816,0.852436,11.6156,3400,1124,2263,4455,1526,2913,44444,15567,28848
sao_paulo,bhyqT91fwl6p064hY4GxSA,53600,53600,0.940056,0.745392,0.196959,0.0576493,0.059944,0.789608,0.99582,0.19902,0.19902,0.949891,0.949891,0,0.011372,0,0.78338,0.0519763,0.287557,1.05932,1.01046,13.5887,3034,2867,0,3323,3156,0,36630,10866,25764
sao_paulo,dZ3b0KCyXPcdVPHv5lCR2Q,53600,53600,0.999925,0.930373,0.0298321,0.0356903,7.46269e-05,0.930443,1,0.0298343,0.0298343,1,1,0,0.0356183,0.00410478,1,0,0.00216042,1.00007,1.00007,28.0188,3105,3105,0,3823,3823,0,46045,23022,23023
sao_paulo,dZHjPLWAOhyUatavJJEPzA,53600,53600,0.841362,0.850728,0.0725746,0.0766978,0.158638,0.964388,0.953771,0.0312216,0.0312216,0.361954,0.361954,0,0.00439054,0,0.460191,0.247913,0.575109,1.1336,0.4302,6.00005,5688,2450,1162,7215,3249,1883,38384,7328,31031
sao_paulo,e6i7jzmjStkNCJ7jp_KV5Q,53600,53600,0.89056,0.858265,0.0244776,0.117164,0.10944,0.963443,0.999696,0.0145808,0.0145808,0.530488,0.530488,0,0.0218712,0.000104747,0.892601,0.00238663,0.801505,1.12255,0.595679,7.61838,5273,3057,2202,6652,3830,2808,39351,14195,25156
sao_paulo,el13lYhzqKSZJwWb5w5vUg,53600,53600,0.968116,0.9625,0.0251306,0.0123321,0.0318843,0.982694,0.988428,0.0155904,0.0155904,0.600594,0.600594,0,0.00167659,3.85423e-05,0.335869,0.349327,0.440789,1.02098,0.620374,27.2354,2594,1468,730,7288,4604,2087,44302,12009,32293
sao_paulo,fwvaPMif_uwbx3U5SrHM2Q,53600,53600,0.939422,0.799701,0.138694,0.0616045,0.0605784,0.849741,0.998204,0.137211,0.137211,0.929379,0.929379,0,0.0130479,0,0.814598,0.0237142,0.378036,1.06257,0.989309,13.223,2080,2003,0,2421,2344,0,40443,16348,24095
sao_paulo,gcGy5uR3kxFRCiUdSal-Nw,53600,53600,0.998918,0.847015,0.138694,0.0134328,0.00108209,0.847932,1,0.138807,0.117665,0.999731,0.999683,0.152314,0.0124015,0.000859139,0.965517,0,0.0127277,1.00108,1.00081,71.8774,176,169,7,697,658,39,44703,23837,20866
sao_paulo,iGerSDCCTaZmeNVguzT7mg,53600,53600,1,0.973806,0.0149813,0.0110634,0,0.973806,1,0.0149813,0.0149813,1,1,0,0.0110634,0.000149254,,,0,1,1,,27197,991,26206,43171,4715,38456,9025,1631,7394
sao_paulo,iXAvtzzMg2Vh5aZPuGIk_Q,53600,53600,0.959534,0.849049,0.0952425,0.055709,0.0404664,0.878925,0.993298,0.0929012,0.0929012,0.935945,0.935945,0,0.0281737,0,0.708621,0.140618,0.30094,1.03519,0.975417,12.7201,3899,3616,16,5143,4821,25,40366,16989,23369
sao_paulo,ieZ8VA3zKLMrd7to7HHB5A,53600,53600,0.96569,0.896922,0.0390299,0.0640485,0.0343097,0.927977,0.999126,0.0357605,0.0357605,0.884799,0.884799,0,0.0362628,0,0.846112,0.0228385,0.4316,1.03462,0.916235,13.2105,5416,2792,2584,6389,3288,3061,41686,18381,23303
sao_paulo,ilpqlnL95rHOAj1Q46fLuw,53600,53600,1,0.950093,0.0335448,0.00132463,0,0.950093,1,0.0335448,0.0335448,1,1,0,0.00132463,0.0150373,,,0,1,1,,2996,2802,194,3639,3315,324,47286,6738,40548
sao_paulo,jtmPZ_CIVoN69mYjj_JlFw,53600,53600,0.990205,0.783731,0.134067,0.00184701,0,0.791484,1,0.135393,0.0755723,1,1,0.441831,0.00186528,0.0582383,,,-0.0186055,1.00989,1.00989,,12588,2801,9787,13678,3203,10475,28330,15635,12695
sao_paulo,kJesVaz2BfulGS7gWiNsNg,53600,53600,0.997724,0.94028,0.0572948,0.00242537,0.00227612,0.942331,0.999901,0.0566588,0.0566588,0.986649,0.986649,0,0.00100976,0,0.622951,0.0409836,0.055926,1.00218,0.9889,256.847,778,773,0,965,960,0,49434,20454,28980
sao_paulo,lASBXjG5VnksPRJajz2FKw,53600,53600,0.998097,0.947948,0.0395149,0.00445896,0.00190299,0.949755,1,0.03845,0.03845,0.971199,0.971199,0,0.00370107,0.00809376,0.401961,0,0.0562577,1.00191,0.973051,90.1469,3524,3048,476,4515,3723,792,46295,11205,35090
sao_paulo,lOAN4VLX5ttywD8N5Be0wg,53600,53600,0.952201,0.80125,0.140056,0.0584515,0.0477985,0.837944,0.995809,0.141757,0.139034,0.963767,0.963084,0.0192122,0.0200439,0.000254712,0.823575,0.0702576,0.305626,1.0458,1.01215,14.0899,5016,3008,1869,5954,3324,2487,36993,7093,29863
sao_paulo,loCxSX72-DYrDrDwY0cVGw,53600,53600,0.956325,0.869011,0.015,0.0487127,0.0436754,0.907567,0.998755,0.0137147,0.0137147,0.874378,0.874378,0,0.0084473,0.0702706,0.930372,0.0247757,0.763509,1.04437,0.914311,19.0992,3703,758,2887,5126,1109,3959,41453,3098,38355
sao_paulo,n-DwmldMs-ZZVYS1gF_qYQ,53600,53600,0.883862,0.702015,0.152034,0.145093,0.116138,0.794026,0.999708,0.166227,0.166227,0.966376,0.966376,0,0.0387757,0.000970976,0.954217,0.00176707,0.484642,1.13107,1.09336,6.57658,7234,1488,5739,8604,1718,6875,29024,2743,26281
sao_paulo,nBEV4rFOanW4bZa31JM0Sw,53600,53600,0.978601,0.954832,0.0222015,0.0229664,0.0213993,0.973462,0.997694,0.0186071,0.0186071,0.820168,0.820168,0,0.00793091,0,0.710549,0.102877,0.505996,1.01951,0.838103,30.9386,1682,1175,389,2060,1436,506,49119,12631,36488
sao_paulo,oV7Q7EUJPH-5ZMAT16aI7A,53600,53600,0.976045,0.57125,0.39556,0.0331903,0.0239552,0.585251,0.999967,0.402535,0.35643,0.993255,0.99239,0.114535,0.0122142,0,0.88785,0.000778816,0.0773014,1.02451,1.01763,26.7503,1713,867,846,2067,963,1104,28552,3478,25073
sao_paulo,oubzmEZebW0xt9hWWIgN3Q,53600,53600,0.94334,0.854254,0.0784701,0.0668097,0.0566604,0.902498,0.996615,0.0758658,0.0758658,0.91203,0.91203,0,0.0211419,0.000494433,0.827132,0.0510372,0.466595,1.05648,0.96681,12.3804,1925,1451,319,2529,1957,417,43259,11288,31971
sao_paulo,p3WPC3r3OZij0pZr8jyR-A,53600,53600,0.907929,0.735019,0.20903,0.0559515,0.0920709,0.809206,0.999568,0.184198,0.171848,0.800071,0.788739,0.067046,0.00659612,0,0.542655,0.00344478,0.342493,1.10093,0.881205,9.69866,2499,1661,828,2962,1978,974,36435,7278,29150
sao_paulo,pEfwvmb_FBOmLOnckeIGFA,53600,53600,1,0.859272,0.106679,0.00925373,0,0.859272,1,0.106679,0.106679,1,1,0,0.00925373,0.000261194,,,0,1,1,,1203,870,333,1457,1108,349,44600,14137,30463
sao_paulo,pTT4eaIPPMz9c1LU7IbE-w,53600,53600,0.947966,0.831175,0.0952799,0.0725187,0.0520336,0.876798,1,0.0961209,0.0961209,0.956334,0.956334,0,0.0259983,0.00108244,0.920043,0,0.421566,1.05489,1.00883,12.687,3165,3090,75,3833,3758,75,40718,11019,29699
sao_paulo,qZhtfaweaHDmUgGJtgVKTQ,53600,53600,0.995821,0.763004,0.23528,0.000391791,0.0041791,0.762271,0.994865,0.236005,0.233907,0.99889,0.99888,0.00889101,0.000393435,0,0,0.9375,-0.00304299,0.99904,1.00308,0,4718,2808,1910,4965,3055,1910,35932,21740,13982
sao_paulo,r0oKhyEUSiK2FMKwXE7Z4g,53600,53600,0.946735,0.827724,0.121026,0.05125,0.0532649,0.871376,0.996664,0.118829,0.118829,0.929551,0.929551,0,0.00979407,0,0.788091,0.0518389,0.377163,1.05274,0.98185,15.3774,3836,2005,1731,4427,2274,2045,39939,10714,29185
sao_paulo,rtBqqxWOVVb3_RFgloXeAA,53600,53600,0.93791,0.787836,0.147575,0.0645522,0.0620896,0.838678,0.998437,0.142982,0.142982,0.908723,0.908723,0,0.0183004,3.97836e-05,0.763221,0.0198317,0.354296,1.06453,0.96888,11.8233,3021,410,2545,3396,424,2906,38832,558,38274
sao_paulo,thO-ovLo5h3IcEIBiZSBmA,53600,53600,0.942071,0.883284,0.0602799,0.055709,0.0579291,0.936132,0.998437,0.0512724,0.0512724,0.8013,0.8013,0,0.011823,0.000772354,0.769404,0.0238325,0.55603,1.05983,0.850573,13.8111,3994,2767,1189,5001,3427,1536,42343,17001,25306
sao_paulo,uVUc_s2SzXj8SYWwiFlbzA,53600,53600,0.949757,0.923377,0.0323507,0.0435448,0.0502425,0.964386,0.991938,0.0302905,0.0302905,0.889273,0.889273,0,0.00455733,0.000766103,0.780542,0.148162,0.632727,1.04441,0.936316,17.925,20404,12521,7484,20856,12807,7650,28637,14550,14087
sao_paulo,vR2DJ0kQMRDnmCk0ICH3mQ,53600,53600,0.948433,0.8525,0.0941604,0.0523321,0.0515672,0.898851,1,0.0884413,0.0884413,0.890826,0.890826,0,0.0116453,0.00106224,0.800651,0,0.439822,1.05437,0.939261,15.2994,4372,3095,1277,4759,3346,1413,40935,7084,33851
sao_paulo,vsYI9YRnGs7H2rchsFS44A,53600,53600,0.906959,0.837724,0.0276493,0.134571,0.0907836,0.914899,0.990513,0.0287989,0.0287989,0.944669,0.944669,0,0.0562401,6.17119e-05,0.919441,0.0795314,0.625865,1.09213,1.04158,6.83239,5647,2289,2952,7529,3165,3957,37373,19444,17910
sao_paulo,wX8uKBQfioiFHogENC9FbQ,53600,53600,0.944701,0.884254,0.0546828,0.0610634,0.0552985,0.934414,0.998291,0.053618,0.0535982,0.926305,0.92628,0.000368324,0.0119678,0,0.899798,0.0273279,0.581441,1.05673,0.980527,14.7355,7489,4599,2809,8101,5143,2877,39295,14158,25137
sao_paulo,xfnPV8p9liS6w_thn5Juqw,53600,53600,0.999403,0.980746,0.00684701,0.0026306,0.000597015,0.981257,0.999924,0.0067391,0.0067391,0.983651,0.983651,0,0.00222148,0.00978196,0.6875,0.125,0.091941,1.00052,0.984239,261.348,5602,5118,480,6758,6010,744,45810,16203,29607
sao_paulo,xyyjv_yjywf2p-XYB-9qDg,53600,53600,1,0.957854,0.0154664,0.0264179,0,0.957854,1,0.0154664,0.0154664,1,1,0,0.0264179,0,,,0,1,1,,3626,2861,765,5042,4092,950,46299,26497,19802
sao_paulo,zo9eQGzGOdA57uZQE89rOA,53600,53600,0.991772,0.974011,0.0098694,0.0161194,0.00822761,0.981979,0.999885,0.00912357,0.00912357,0.916824,0.916824,0,0.00889783,0,0.886621,0.0136054,0.44476,1.00818,0.92443,55.0034,3403,1883,1514,4269,2473,1790,47938,6749,41189
sao_paulo,zrChULSCpDxHp7XG9HdGzw,53600,53600,0.966493,0.939086,0.0389552,0.021791,0.0335075,0.962532,0.990623,0.0331635,0.0331635,0.822797,0.822797,0,0.00413096,0.000173732,0.53118,0.262806,0.434312,1.02497,0.851323,24.3761,3948,1508,2291,4759,1749,2860,45576,18387,26867
