unit,type,lat,lng,n_ps_panos,n_in_run,n_no_jpg,n_selected,nearest_selected_m,nearest_selected_id
vancouver:art:n47150758,arterial,45.614307,-122.601933,8,0,0,8,3.02,ho8Ulp6lZdsTRMIaKDhNnQ
vancouver:art:n47150761,arterial,45.613847,-122.602137,9,0,0,9,4.1,XLYxO-Su7uupLwqaioW7TQ
vancouver:art:n47151965,arterial,45.624469,-122.6524,7,0,1,6,5.57,DNlh7MxoCb2L9Hsy9oGPSg
vancouver:art:n47154008,arterial,45.610141,-122.582254,10,0,1,9,2.13,ERaW8GkciQDTBtbAzBN4TQ
vancouver:art:n47154009,arterial,45.609762,-122.582259,12,0,0,12,2.92,gF0x-eB7f1rtxeeAWVJI5w
vancouver:res:n47155771,residential,45.647071,-122.682591,3,0,0,3,12.12,UwCsAGY7z8kiIuFKwQD59A
vancouver:art:n47156141,arterial,45.664398,-122.579362,7,0,1,6,4.89,pNJbvL3K72ro_4RzBPjL0w
vancouver:art:n47156148,arterial,45.661747,-122.579487,5,0,0,5,3.88,VrK29dqVjtIJryOi_wKw8Q
vancouver:res:n47162287,residential,45.648478,-122.697086,6,0,1,5,0.89,GUx0GHI6h444XHwrHYy7JQ
vancouver:art:n47163288,arterial,45.686146,-122.761428,4,0,0,4,2.01,qrihwbXq8vwiT6mZc2NOmQ
vancouver:art:n47164627,arterial,45.61652,-122.513932,10,0,0,10,5.35,S3ETe6QXIZYu83V3tXT2hw
vancouver:art:n47166815,arterial,45.621192,-122.502553,5,0,0,5,7.1,s47_FTDw_elqOnfac6i0AA
vancouver:art:n47171646,arterial,45.619617,-122.624373,11,0,1,10,1.37,vZhjuUEg9B2cg5BhS1j9Sg
vancouver:res:n47173103,residential,45.667735,-122.687234,10,0,2,8,0.89,bvSAe8xjzAW0YkCjtXD4ZA
vancouver:art:n47176793,arterial,45.628569,-122.475944,8,0,0,8,2.38,K7IhwcBCGZ3sYyaAZTT2LQ
vancouver:res:n47179777,residential,45.626826,-122.591503,13,0,0,13,2.91,-hiU8JOwzXCb978LtZ09lw
vancouver:res:n47182194,residential,45.639847,-122.593359,3,0,0,3,13.89,wid-SKPLCfnmdu2_Q6FZtw
vancouver:art:n47182206,arterial,45.682802,-122.761455,4,0,0,4,5.28,52l-opI2XXmpzs5pmrfOyQ
vancouver:art:n47184799,arterial,45.614821,-122.610316,14,0,2,12,3.53,OMNoftFgY48gAysr_c64yg
vancouver:art:n47186526,arterial,45.594388,-122.524196,8,0,0,8,1.46,CxMWnJoQO47jpuhaytE6nA
vancouver:art:n47189262,arterial,45.589937,-122.502739,12,0,0,12,2.59,H29HthiFAcwR1GWssvOfxw
vancouver:art:n47190958,arterial,45.586933,-122.492005,9,0,0,9,4.09,2YV3mCqmVSEl_9wX2NN3CA
vancouver:res:n47191612,residential,45.61166,-122.512676,9,0,0,9,0.48,feKpTNEpytiPnmVrwI38hA
vancouver:res:n47195773,residential,45.659925,-122.685228,6,0,0,6,5.23,VSzO8nF_krTb3XHcAFc8HA
vancouver:res:n47195778,residential,45.659915,-122.683661,6,0,0,6,7.27,4PSctNhog3W1rbldcweOpw
vancouver:art:n47196196,arterial,45.621266,-122.59452,8,0,1,7,3.49,5U9z5mBaWZNr54A-LDHThg
vancouver:art:n47196199,arterial,45.621489,-122.595446,7,0,0,7,3.37,Nd9i6QPKLKM7Cyw_TsVU3A
vancouver:art:n47196521,arterial,45.593153,-122.520671,7,0,0,7,3.82,2C6OF3HxIOhDYza9WePhRg
vancouver:art:n47196855,arterial,45.669393,-122.685045,5,0,0,5,5.19,nNk718gfvI3mKDhWAsNkBQ
vancouver:res:n47198175,residential,45.602978,-122.518097,8,0,1,7,4.95,xg_NyCkcrkTs4FPpInmDwg
vancouver:res:n47200282,residential,45.645755,-122.52535,7,0,0,7,2.3,Ty9qGPWYNHJy215J-FDeSg
vancouver:res:n47200357,residential,45.657952,-122.681388,6,0,0,6,4.82,MKi_lOurL4VNQzYvZE-7cg
vancouver:art:n47200780,arterial,45.610247,-122.582703,10,0,1,9,2.84,mxMMlzdO4L-gaC5-pOrwqQ
vancouver:res:n47201167,residential,45.605703,-122.509237,7,0,0,7,1.75,26KbWPnpqjFPW3-25Ec-FA
vancouver:res:n47207288,residential,45.644336,-122.655345,9,0,0,9,1.97,KnM4Fj3MlTkFuk0qq5WJ-w
vancouver:res:n47207292,residential,45.644343,-122.654254,9,0,0,9,1.65,VTfkSS5MGD9HTqRwcacKog
vancouver:res:n47207335,residential,45.644191,-122.646083,11,0,1,10,0.46,cTrd1vxEOLypsNJiGPaqPw
vancouver:res:n47207344,residential,45.644168,-122.642768,10,0,0,10,2.3,jtt6NFfzQTr1CPjvxy4lMg
vancouver:res:n47207359,residential,45.644166,-122.638469,10,0,0,10,1.86,vnnoxuSbG0qQ7cHMJ9rl_w
vancouver:res:n47207377,residential,45.644376,-122.662974,10,0,1,9,1.55,nPvML7HeV_MWPrnFGd8D2g
vancouver:res:n47207457,residential,45.644371,-122.662398,8,0,1,7,2.16,n3yOt4jihoQtFVl1L5Yumw
vancouver:res:n47207469,residential,45.619609,-122.596503,6,0,1,5,4.13,Xk82x7Qt3JRGWYnDla79AQ
vancouver:art:n47207482,arterial,45.614737,-122.611013,9,0,2,7,2.24,fsGpSMOue9HSEpj0z6G4KA
vancouver:art:n47207508,arterial,45.674837,-122.599388,5,0,0,5,6.75,o3JRIH7LHSL7GyVJ94oUYQ
vancouver:art:n47207517,arterial,45.603817,-122.565282,5,0,0,5,4.62,oggpQxtI-inlom9hyEpOZw
vancouver:res:n47207531,residential,45.618121,-122.56577,7,0,0,7,2.79,Y7rYB7yHbXKfheT5ozrTww
vancouver:res:n47207536,residential,45.616061,-122.565717,11,0,1,10,4.06,BUfdkXFkEycexCOe-y8vug
vancouver:res:n47207708,residential,45.676673,-122.600878,7,0,0,7,3.77,RZpDri_iblrZQCKbMbzSeg
vancouver:res:n47207734,residential,45.624054,-122.547854,5,0,0,5,4.42,YGDnNhACqKxNBYkfoR1OeA
vancouver:res:n47208257,residential,45.628104,-122.623102,9,0,0,9,7.34,6WXxfxNFsPs6r5INPD1WMQ
vancouver:res:n47208364,residential,45.642068,-122.574412,10,0,0,10,1.42,BdtaPmnWHveCRsPCF7eDBg
vancouver:res:n47208395,residential,45.652804,-122.539293,7,0,0,7,3.62,VvkokB0GgQ0bbGELjI-mSw
vancouver:res:n47208473,residential,45.601892,-122.561456,5,0,0,5,1.86,tHpqYdbBIET41K6OmkCUfg
vancouver:res:n47209280,residential,45.625054,-122.56882,5,0,1,4,12.16,E8LLsckIu7gOFpjv9sAxRg
vancouver:art:n47209353,arterial,45.627674,-122.569134,6,0,0,6,3.31,ppvT9NTrwX0CTHx1YeqrPQ
vancouver:res:n47209621,residential,45.628908,-122.600813,7,0,0,7,0.25,4El4vtrEOdl4ARuzny3uvg
vancouver:res:n47209627,residential,45.627652,-122.598875,7,0,0,7,2.72,pSPXmsZtiWgSf5Gb2mlW9A
vancouver:res:n47209761,residential,45.66784,-122.529827,5,0,0,5,2.7,DIvQENek7cJL01jhjuZX9A
vancouver:art:n47209798,arterial,45.667249,-122.583827,8,0,1,7,4.62,bN-h_HZrz604Ghw-WqRp5g
vancouver:res:n47209923,residential,45.632584,-122.666113,8,0,3,5,2.33,5YysERdwoo_MO6_nfAYfqQ
vancouver:res:n47210903,residential,45.625901,-122.627471,6,0,0,6,6.38,kvjvy_DPM6evyyO7DTn2aA
vancouver:res:n47210906,residential,45.627883,-122.627196,9,0,1,8,1.71,XQPVu_-PE-Pqf1zQjk9zwQ
vancouver:res:n47211362,residential,45.590923,-122.494716,5,0,0,5,2.25,_QjO9MlqsxwpfZ3qjh9_8A
vancouver:art:n47211395,arterial,45.62789,-122.572693,7,0,0,7,2.38,gSybQl0VjzTWgAqqTA3dgg
vancouver:res:n47211401,residential,45.624981,-122.572616,7,0,0,7,2.42,VzYV1ncoy0nFkDDAopstJQ
vancouver:res:n47212275,residential,45.625799,-122.555886,16,0,0,16,2.28,RE3X6J-U26HplN0k0140hw
vancouver:res:n47212356,residential,45.600476,-122.523194,7,0,0,7,7.23,QurSVp4zwFdToArOBip_fw
vancouver:res:n47212632,residential,45.637592,-122.574146,7,0,1,6,8.05,dVLHkv8AWjWS2HijcrYcFw
vancouver:res:n47212921,residential,45.626635,-122.542832,7,0,0,7,0.71,ox6zj83ebAh1ilwma0V_lw
vancouver:res:n47212925,residential,45.627214,-122.543644,9,0,1,8,4.86,yseYOwat9VLNeTRM5NU6DQ
vancouver:res:n47212930,residential,45.62767,-122.544218,6,0,0,6,3.4,1IBf0ul8S-XVJnNUtSNo4A
vancouver:res:n47212939,residential,45.630631,-122.544019,9,0,0,9,2.57,Bbu_mVDq9ZmHcv1X1l5bNg
vancouver:res:n47212968,residential,45.638307,-122.544165,10,0,0,10,2.35,0P0OsHeKYbzjc5YAYDjPZw
vancouver:res:n47212998,residential,45.633605,-122.544853,8,0,7,1,22.98,xGAKhzEAsaj5nWFW5h9JPQ
vancouver:res:n47213000,residential,45.634287,-122.54486,10,0,1,9,1.83,_F8xp-lQiykzgpZyHK9WUA
vancouver:res:n47213225,residential,45.641326,-122.594441,7,0,0,7,6.35,exLtoP6BUYqHmVjXmQ1WxA
vancouver:res:n47213241,residential,45.615321,-122.588566,3,0,0,3,5.64,LuTQvS14NX-IHTkLq5mr0w
vancouver:art:n47213484,arterial,45.619917,-122.513857,10,0,1,9,2.63,K0_OXAtVnEiFzGUElwtxiA
vancouver:art:n47213486,arterial,45.618673,-122.513828,7,0,0,7,4.9,gI7PdzQ7nTpM5g1GuXhi9g
vancouver:art:n47213489,arterial,45.617941,-122.513829,7,0,0,7,4.93,6Khyfh8BsLyCTVmFCfPjzg
vancouver:res:n47213508,residential,45.611982,-122.513433,5,0,0,5,6.4,VvaIjZnr4chyxHU74IMwFQ
vancouver:res:n47213612,residential,45.618149,-122.569137,8,0,2,6,7.2,JUgSllazIgR2BQh8rBgICw
vancouver:res:n47213615,residential,45.617652,-122.569153,7,0,0,7,2.6,gNTVcmYXdcAK9mmX3NkmQQ
vancouver:art:n47213621,arterial,45.61445,-122.569245,8,0,0,8,1.41,jduewZcSuU1-RxfnRgNN7w
vancouver:res:n47213644,residential,45.612774,-122.569884,8,0,0,8,1.98,c-Xfn0xT2uajDLZELPqaqQ
vancouver:art:n47213662,arterial,45.604554,-122.568685,8,0,0,8,2.42,MuZz6P-SM7OQSgIVxyY53w
vancouver:res:n47213861,residential,45.613574,-122.547741,6,0,0,6,6.86,tflYVSRz_UXA05cEBuoJcw
vancouver:res:n47214531,residential,45.612153,-122.536867,7,0,0,7,3.58,QUJIVK_4TgdMadM4n3bW_A
vancouver:res:n47215556,residential,45.640811,-122.662458,11,0,1,10,5.97,ldzefZ6ziwPZtcDS2ajSfA
vancouver:res:n47215596,residential,45.651893,-122.519696,5,0,0,5,4.79,dPadkz6M8yIIJME64Q4hLA
vancouver:res:n47215623,residential,45.652433,-122.517898,9,0,1,8,3.41,7dpf7Bv_U6V0dkRmoEKmcw
vancouver:art:n47216733,arterial,45.611915,-122.597669,7,0,0,7,4.45,2dUETe5Vr8E4xdrmQzzV3g
vancouver:res:n47216920,residential,45.650795,-122.684414,7,0,0,7,0.56,SmaeBXiXIf0nt7EsDzuQNw
vancouver:res:n47216925,residential,45.651695,-122.684413,13,0,3,10,2.15,VqUBEWoOTsWLoRA7iVyeaQ
vancouver:res:n47217092,residential,45.62052,-122.510752,9,0,0,9,0.77,CV_s2ZG2ydTP69HWuCK6BA
vancouver:res:n47217968,residential,45.651301,-122.561442,7,0,0,7,1.71,2humcy8WqGalRJzwMfqiZQ
vancouver:res:n47218111,residential,45.631908,-122.560917,8,0,1,7,5.11,hwT6BFp0VzYl8ZSEufZZow
vancouver:res:n47218201,residential,45.654621,-122.56148,9,0,0,9,0.61,NC60-UD__jgRDCCQt5FUlg
vancouver:res:n47218206,residential,45.655338,-122.561474,9,0,0,9,2.55,oVA0jBsJZmpZDhECcJA65Q
vancouver:res:n47218211,residential,45.656061,-122.561478,11,0,2,9,3.07,Q91TQcRGuGkpIDgm0I-jBA
vancouver:res:n47219480,residential,45.657929,-122.680411,7,0,0,7,4.53,Oq5DgJG4-ON27it2pXPpwQ
vancouver:res:n47219489,residential,45.665278,-122.680396,7,0,0,7,1.36,KR3y5B7LS9UlfNGGhwccsQ
vancouver:res:n47219877,residential,45.608456,-122.522885,6,0,0,6,6.49,PQ2FS5Ndty3HXQqG28VsjA
vancouver:res:n47220239,residential,45.613019,-122.541433,8,0,0,8,3.71,5K8Lwy_k3YcMw2K4mmIlrA
vancouver:res:n47220248,residential,45.612552,-122.539564,6,0,0,6,4.68,Xdm0DIHGcmN8l0ZNemByZQ
vancouver:res:n47220250,residential,45.6123,-122.538607,6,0,0,6,8.13,h_aYYE_GHNFHD-bwrXDxfA
vancouver:res:n47220434,residential,45.646301,-122.551361,9,0,0,9,1.64,NWCuGp9TgQjXzjnZcTSiVw
vancouver:res:n47220508,residential,45.632326,-122.550479,4,0,1,3,2.36,9J9ioBlYdgq0v1R7O-C3Kw
vancouver:res:n47220509,residential,45.633062,-122.550481,9,0,5,4,6.57,SXZhi7RqIUliE-3XwIzZlQ
vancouver:res:n47220512,residential,45.633765,-122.550492,8,0,0,8,2.28,djoQB_SR1qxYYPYjSWWWmA
vancouver:res:n47220735,residential,45.652354,-122.515947,11,0,1,10,1.19,iBBDBBIwx8xhFPX1rWL-aQ
vancouver:res:n47220739,residential,45.652364,-122.515001,7,0,0,7,1.28,g6nRFrT6_9yyQ_8vBSwimA
vancouver:res:n47220745,residential,45.652471,-122.514344,7,0,0,7,3.72,vwxpklTkx_lovr7TDoEC9w
vancouver:res:n47220749,residential,45.652488,-122.51316,7,0,1,6,4.12,VO18lJ6M1Gxctj_SNaZKtA
vancouver:res:n47220753,residential,45.652485,-122.51169,7,0,3,4,5.98,smRH2uvU6WvbtLc1xy35XA
vancouver:res:n47220791,residential,45.652163,-122.531025,10,0,0,10,2.0,39TUzKxZELfjx90_FvRNAQ
vancouver:res:n47220793,residential,45.652158,-122.529978,11,0,0,11,1.11,1cLsUJsJ0aeORqFzqALIIw
vancouver:res:n47220796,residential,45.652168,-122.528981,7,0,1,6,4.48,7jF9_BZt_wnlzApmQe43Fw
vancouver:res:n47220800,residential,45.65237,-122.527393,7,0,1,6,6.43,yaDMKSlGCvng01Pdm7UlRA
vancouver:res:n47220803,residential,45.65224,-122.539337,7,0,0,7,5.52,ITfIKneu-Nogk9p1PvKELQ
vancouver:res:n47220852,residential,45.652136,-122.641208,8,0,1,7,1.59,E-3MYiuosAzTJ2yc4zAA4A
vancouver:res:n47220889,residential,45.652757,-122.563606,8,0,0,8,3.71,OUHll5Rqxg7AAzXxLb_0DQ
vancouver:art:n47220913,arterial,45.620452,-122.595433,10,0,0,10,1.1,atL_mB9Jhlu8t9AVjcwtwg
vancouver:res:n47220924,residential,45.591585,-122.495773,9,0,0,9,0.62,ruDz2oc1OpXMD2gwRnTiBg
vancouver:res:n47220942,residential,45.601217,-122.523202,5,0,0,5,3.69,A3FirE8WI7aodYHvZDyqwg
vancouver:art:n47221329,arterial,45.60961,-122.584725,7,0,0,7,1.09,HFhaVQT0r7TaNMjdb6kSpw
vancouver:res:n47221762,residential,45.634699,-122.527744,4,0,0,4,2.1,60a0LiMfsIko26G6XZb4aA
vancouver:res:n47221872,residential,45.619842,-122.508616,8,0,0,8,4.77,r7aKas2rpDiQot6RJgPqxA
vancouver:art:n47222314,arterial,45.613232,-122.561287,5,0,0,5,5.35,NXrOShinOCxPpD5WbN3JXA
vancouver:res:n47223545,residential,45.639057,-122.629658,5,0,0,5,3.58,3Us-HwPtv97sOdJAqUx1bg
vancouver:res:n47223700,residential,45.646723,-122.613739,9,0,1,8,3.79,q2GEu5mPvm3d-WkoozkzYQ
vancouver:art:n47223736,arterial,45.604218,-122.535263,10,0,0,10,1.27,1yaM8EouywYWOT_IkdYqhQ
vancouver:res:n47223747,residential,45.604069,-122.537964,1,0,0,1,17.26,Zm81ZERWYwR7zHdXLE39ag
vancouver:res:n47223751,residential,45.60427,-122.539468,10,0,0,10,2.75,VwIOhA5YDPvr27Xmqxqwew
vancouver:res:n47223820,residential,45.62983,-122.545338,9,0,0,9,0.81,P-rbgANzGAVP0ZkWtxLXcA
vancouver:res:n47223827,residential,45.629931,-122.525681,8,0,0,8,2.65,5FBD1SV9lCqnorlGYvqy8Q
vancouver:res:n47224475,residential,45.629044,-122.546107,7,0,0,7,4.0,1EAh3__bjPKzrtfOaiGm2A
vancouver:res:n47224484,residential,45.668214,-122.54635,7,0,0,7,0.5,mwi6RXgsp_NGSSj3NLERRg
vancouver:res:n47224496,residential,45.62335,-122.546776,8,0,1,7,1.87,OTjKHltjrbiMxn6agvvAwg
vancouver:res:n47224500,residential,45.624068,-122.546782,7,0,0,7,2.24,gBuHQRMR0-MpajZTcKNcdg
vancouver:res:n47224504,residential,45.624739,-122.546793,7,0,0,7,3.63,nrSmMoETW-GEGz8LDIiI_w
vancouver:res:n47224508,residential,45.626903,-122.546747,7,0,0,7,1.07,LrMRiOPqWAiisQz307psWw
vancouver:res:n47224513,residential,45.627507,-122.546854,6,0,2,4,6.04,7P0zodocgiZAp-cujskwLQ
vancouver:res:n47224627,residential,45.647269,-122.546326,7,0,0,7,1.34,XGi_h2VLKRPOZU5V2k3_6A
vancouver:res:n47224631,residential,45.648006,-122.546359,2,0,0,2,10.61,BOEkwzNih2bWgHjt2OQehQ
vancouver:res:n47224652,residential,45.631601,-122.546049,8,0,1,7,3.48,PPYu87ud4X3yFKRdtqAqbg
vancouver:res:n47224746,residential,45.647885,-122.572016,13,0,0,13,3.73,J9SrcNEqJVEsL6K-v5HjCQ
vancouver:res:n47224753,residential,45.648142,-122.570373,6,0,0,6,7.02,fW3HjgQT6FtoY9CLCdC15Q
vancouver:res:n47224759,residential,45.649003,-122.567719,7,0,0,7,4.12,_DMLewM7aQcDkpvOAPo-5Q
vancouver:res:n47225182,residential,45.651571,-122.536081,8,0,0,8,1.67,QWsx3I58Hud8RmsAk8lS4w
vancouver:art:n47225205,arterial,45.60818,-122.579645,7,0,0,7,2.67,SJJUQBg6b6wqqoRFicY3zg
vancouver:art:n47225289,arterial,45.64006,-122.664942,7,0,0,7,3.41,KOsf9Ekq6KrzirzwLJMuRQ
vancouver:art:n47225312,arterial,45.639087,-122.660111,13,0,0,13,6.85,BikyeuRqXEMtdX_wJ51xZg
vancouver:res:n47225551,residential,45.606429,-122.521917,11,0,1,10,2.39,oFyDkl1jZOcVpYYnD36uDQ
vancouver:res:n47225557,residential,45.606248,-122.520926,10,0,1,9,5.66,sT9LPUB3Q08TCfjVW_AKyA
vancouver:res:n47225661,residential,45.606794,-122.533899,7,0,0,7,2.21,POITHcookl8I0ea_P8KqJA
vancouver:res:n47225929,residential,45.625354,-122.626139,7,0,1,6,5.75,tSZI01N2iQWn5Tqo2bWtlQ
vancouver:res:n47225933,residential,45.627396,-122.628735,11,0,0,11,2.1,3pBkh_-nUOsgkL1sLR8Pvw
vancouver:res:n47225948,residential,45.661279,-122.593756,3,0,3,0,,
vancouver:art:n47226076,arterial,45.619368,-122.572299,8,0,0,8,4.93,2uRwP3bMVYAOp4n-iSpVow
vancouver:art:n47226078,arterial,45.618701,-122.572309,8,0,1,7,3.95,hfBvXhn7LQVOm-sn8cbB8Q
vancouver:art:n47226080,arterial,45.618022,-122.572316,8,0,0,8,3.23,XmOa6Ruk1_e2wnPi3HKUhA
vancouver:art:n47226082,arterial,45.617661,-122.572321,7,0,0,7,3.54,ZQPWj51JlwWxWUJHvRXf0g
vancouver:art:n47226084,arterial,45.617357,-122.572325,9,0,1,8,3.29,iJV8mRXys9336yc80wVbhA
vancouver:art:n47226092,arterial,45.616696,-122.572333,8,0,1,7,4.52,MFEq0MNhVsJ26qbUkCX97g
vancouver:art:n47226098,arterial,45.614456,-122.572363,6,0,0,6,7.77,3u80q2G5tYg232VZygtC_A
vancouver:res:n47226105,residential,45.613538,-122.572369,8,0,0,8,2.79,nOeWLlmn-voPJ6a3xbwUgQ
vancouver:res:n47226113,residential,45.612822,-122.572354,9,0,0,9,3.46,zeX6UBsB99fhaYMn3V3xDQ
vancouver:art:n47226201,arterial,45.616097,-122.547811,5,0,0,5,3.23,2z8XbFDFzHg3JXQ-1QPLRw
vancouver:art:n47226351,arterial,45.668854,-122.636543,11,0,0,11,4.23,QPsD3QoqiaXXi7z4hx2fWA
vancouver:res:n47226555,residential,45.627892,-122.515773,5,0,0,5,4.61,yh6n37ZNSk07YYhnRfho5Q
vancouver:res:n47226584,residential,45.63911,-122.514236,7,0,0,7,2.66,JuPKkThV0ikyxfJKbX5sDw
vancouver:res:n47226595,residential,45.64517,-122.514237,6,0,1,5,7.21,cjn2bzcAvyDpEuQLK0_PJw
vancouver:res:n47226602,residential,45.644357,-122.51305,8,0,0,8,3.11,HpbdnCUWOZ15-9HX3FAIcQ
vancouver:res:n47226605,residential,45.616262,-122.595341,9,0,0,9,1.62,p4AW8U60KMPBTLY2ab7qSA
vancouver:res:n47226611,residential,45.615999,-122.590926,11,0,0,11,3.12,7XxWSVpEmQB-rsWTc6PSNw
vancouver:res:n47226897,residential,45.60927,-122.495215,9,0,1,8,1.68,eye_DWliVV50_XPvpDwyJA
vancouver:res:n47227002,residential,45.626309,-122.579446,9,0,2,7,2.55,H1bjbSSSZUODRvvUJTjKKA
vancouver:art:n47227137,arterial,45.629199,-122.579513,8,0,1,7,3.24,ezIz9INHI-0E7THS_6SBNw
vancouver:res:n47227710,residential,45.649568,-122.525896,6,0,0,6,7.18,z9m8txs0pNhKWJaIJ6Rf5w
vancouver:res:n47227737,residential,45.614637,-122.583944,7,0,1,6,9.24,pbNKlzrDFXHkvELbI3YxpQ
vancouver:art:n47227923,arterial,45.635573,-122.573357,13,0,0,13,4.12,nkNPSRmRlUzhgTWU5ovkEw
vancouver:res:n47227957,residential,45.642061,-122.571907,18,0,1,17,3.8,pe_u90s96fLj4lF2UhWIEw
vancouver:res:n47227961,residential,45.644882,-122.572011,16,0,1,15,3.81,G4i_cN27EJkukpIGkGa37A
vancouver:res:n47227966,residential,45.646515,-122.572,13,0,0,13,5.38,NiJRpG9Bc9TeJ7sPESul-Q
vancouver:res:n47228005,residential,45.633071,-122.572343,8,0,1,7,3.89,cwcKjn-5DIWspfgXTmYqIg
vancouver:art:n47228061,arterial,45.646688,-122.616816,7,0,0,7,4.36,D12g2i90l3Pcc1m43ZzP2A
vancouver:res:n47228121,residential,45.610086,-122.525611,10,0,1,9,4.14,F6vFZzladPSdBVomtD-gEw
vancouver:res:n47228418,residential,45.652958,-122.679852,7,0,1,6,7.21,-qL5j6w0rJOHJGhEFCvblA
vancouver:art:n47228982,arterial,45.6334,-122.648635,6,0,0,6,6.23,e-D2WgcOappFN0yRhnma1Q
vancouver:res:n47229226,residential,45.612495,-122.586343,3,0,0,3,2.46,XM83xIeFFUTGjY7P-4EeRg
vancouver:res:n47229250,residential,45.633249,-122.567755,12,0,1,11,3.53,DVlY8FHY9rxzauYjKTR_YQ
vancouver:res:n47229263,residential,45.633138,-122.525676,11,0,0,11,2.44,WkRb_a11u_ScgOi0QWEYtQ
vancouver:res:n47229618,residential,45.63351,-122.57856,8,0,1,7,2.5,jaTPaa8uLaZpIgfNajQuBA
vancouver:res:n47229620,residential,45.632608,-122.5741,14,0,1,13,1.84,oZf_SUMe4_M590Oc5xUK2g
vancouver:res:n47230501,residential,45.653198,-122.527801,7,0,1,6,4.64,RmHsY7OHHYqICtQdE1BrKw
vancouver:res:n47230508,residential,45.63338,-122.528258,8,0,0,8,2.62,kUterU8m0AQCDwzuCx-2ug
vancouver:res:n47230519,residential,45.634352,-122.527738,6,0,0,6,5.13,t60jH49S1dkphkzwmuwF7Q
vancouver:res:n47230583,residential,45.649406,-122.5282,5,0,1,4,2.24,Jac0twVReNms4kIA-NS4OA
vancouver:art:n47230596,arterial,45.628399,-122.527699,9,0,1,8,2.85,MqJC74DnRfk8gRsGsNeNpg
vancouver:res:n47230597,residential,45.629129,-122.527689,7,0,0,7,1.02,G-bC-RBMvr1WkgtyLLdsyg
vancouver:art:n47231069,arterial,45.677255,-122.687754,7,0,0,7,2.15,5SEOBFFE0Z_XSV4ouBm-wA
vancouver:art:n47231088,arterial,45.647415,-122.601208,14,0,2,12,8.55,D2DbSPPVkmKtpmAEtyvxuA
vancouver:res:n47231331,residential,45.642178,-122.657546,6,0,0,6,3.36,C3GTp6X9oloLz3glotoPAg
vancouver:res:n47231351,residential,45.647905,-122.657507,10,0,0,10,1.21,A_ZuiwunN42SaX3vE7K7sg
vancouver:res:n47231468,residential,45.637202,-122.517002,7,0,1,6,4.57,F7vxNgu4VVFB_st8DPFfJQ
vancouver:res:n47231475,residential,45.649579,-122.516965,7,0,0,7,3.08,zBgoEdvcHW5O0PeYHQ7ZNg
vancouver:art:n47231477,arterial,45.650289,-122.517013,11,0,1,10,0.82,D0KGWsXe2uOM-afJKW31Eg
vancouver:art:n47231479,arterial,45.65109,-122.517081,8,0,1,7,3.21,-E1kyKY5tszqftneOjQoSg
vancouver:art:n47231488,arterial,45.655543,-122.516965,9,0,0,9,1.54,1xuY5ykUJtuA0NexMeqcvg
vancouver:art:n47231491,arterial,45.656435,-122.516952,8,0,0,8,1.22,3N5mYYfzSpPBeA6RFq3Zcw
vancouver:art:n47231494,arterial,45.657178,-122.516938,11,0,0,11,2.24,G7uZsYmhheNMC6D7RmeFfg
vancouver:res:n47231573,residential,45.640532,-122.517104,8,0,0,8,0.67,n3uA8ZjRR7YVVocVTocWUQ
vancouver:res:n47231583,residential,45.642192,-122.517172,8,0,1,7,2.44,U6Ur18kzG63edt7Rgx27HA
vancouver:res:n47231632,residential,45.621943,-122.517941,7,0,1,6,3.93,jMY60IqSeWpqu4pFx6DJ8Q
vancouver:res:n47231640,residential,45.644428,-122.516929,7,0,0,7,2.8,OiCG2RqKNYmR80-tXKDe9w
vancouver:res:n47231852,residential,45.62003,-122.591637,8,0,1,7,3.11,cDtdV0PZydhkKhFgw6xNVw
vancouver:res:n47231855,residential,45.619238,-122.591974,7,0,0,7,1.1,FF9A5VrHOOTM5CWMkZHyfA
vancouver:art:n47231887,arterial,45.603426,-122.563412,8,0,0,8,7.46,EIxjlBppAF2uG-JhQNowbw
vancouver:res:n47231904,residential,45.612194,-122.563215,7,0,0,7,3.38,139yseoJlSVaKGDrXSScWQ
vancouver:art:n47232217,arterial,45.590161,-122.5056,7,0,0,7,1.79,HjnhkXkVjqIqByUrrEEpsQ
vancouver:res:n47232319,residential,45.622358,-122.621085,7,0,0,7,1.45,HginoiOH9cCt5GpKJmiWsw
vancouver:res:n47232326,residential,45.623909,-122.620172,7,0,1,6,0.49,dimvFGyzgS6Q1dWmS4a5Bg
vancouver:res:n47232867,residential,45.602586,-122.514478,8,0,0,8,1.72,sVWIE9vMACWPISfvKCwwIQ
vancouver:res:n47232969,residential,45.629522,-122.608795,7,0,0,7,2.76,JwPZ2gJd9NgyDHfrey4TBQ
vancouver:res:n47232972,residential,45.62915,-122.606377,8,0,0,8,8.16,aXGFOuIJHN2yK-IgaODdFA
vancouver:res:n47232975,residential,45.628966,-122.602536,5,0,0,5,3.4,q7-tnwJOyWkjfeNRqhHV0g
vancouver:res:n47232985,residential,45.630096,-122.625096,11,0,0,11,0.52,FrfaB2sgDlMGM2fELaWGaA
vancouver:res:n47233013,residential,45.629916,-122.612185,12,0,0,12,1.8,ZGH3y5DxnomePQE4859BHA
vancouver:res:n47233018,residential,45.629883,-122.611075,8,0,1,7,1.86,RR8rFkCgIRmttW0L4QohQQ
vancouver:res:n47233022,residential,45.629704,-122.609908,5,0,0,5,2.39,r5u-Ttgm4uKLZeoQw1EiTA
vancouver:art:n47233221,arterial,45.621223,-122.574522,10,0,0,10,4.38,-IG7zHQKDiEDVaz2Vanyyg
vancouver:res:n47233232,residential,45.619385,-122.574979,7,0,0,7,5.37,55yQUNKv5O8cG7B-3sBWXg
vancouver:res:n47233233,residential,45.618561,-122.574985,7,0,0,7,5.05,dkfSv75BSOdG1mOuUgcaWw
vancouver:res:n47233241,residential,45.618033,-122.57499,7,0,0,7,3.95,1Qjg4PX43MZEooHBhbU_TA
vancouver:res:n47233244,residential,45.617371,-122.575001,6,0,1,5,1.57,kqQ4LhRC6LfLcl1EwsAnGA
vancouver:res:n47233254,residential,45.616716,-122.575002,6,0,0,6,2.08,MEnV5cAHFQFuDi07OScvEw
vancouver:res:n47233273,residential,45.613717,-122.575026,11,0,2,9,1.9,uNnCZJ32M69GphJg1DcUcw
vancouver:res:n47233277,residential,45.612833,-122.575032,7,0,0,7,2.07,nLwjO14viQmwokySTVnTXw
vancouver:res:n47233299,residential,45.657844,-122.677357,8,0,1,7,2.32,2OpTj6i_uU5j4m4gJaI7nw
vancouver:res:n47233310,residential,45.661779,-122.677329,11,0,0,11,3.73,Tt5xSrDibax_-vhr7Gtvnw
vancouver:res:n47233321,residential,45.662912,-122.677321,4,0,0,4,5.62,R34EdcX4QNBPvWnc7PV0qg
vancouver:res:n47233338,residential,45.647768,-122.676767,1,0,0,1,12.19,yyYQXA4aZQRPod8n750tmw
vancouver:res:n47233349,residential,45.649272,-122.676732,7,0,2,5,5.96,sDU-i4HDQBSKBws_6aU2PQ
vancouver:art:n47233372,arterial,45.604261,-122.567327,5,0,0,5,2.7,LJen61jyc3VvercXgDAlTQ
vancouver:res:n47233716,residential,45.617663,-122.570165,7,0,1,6,6.16,-mFipqwVmgLd5YvHxXLzLA
vancouver:res:n47233719,residential,45.616053,-122.57022,10,0,1,9,1.26,dedb5EkR-68JJCpl3A-JYA
vancouver:art:n47234649,arterial,45.631884,-122.563031,8,0,0,8,1.53,urYZ1lwT-1Mk3ByeGxiwRw
vancouver:art:n47234652,arterial,45.632876,-122.563038,7,0,0,7,2.86,6q5fY1omj91K_qmm09aziA
vancouver:art:n47234654,arterial,45.633691,-122.563067,5,0,0,5,1.38,YP02_WNQv6H4ZIbVjDrhHw
vancouver:res:n47234866,residential,45.619993,-122.58734,8,0,0,8,1.52,_bdISfI5OjcLr6Q5gKTwrA
vancouver:art:n47234877,arterial,45.650264,-122.519883,4,0,0,4,8.29,_vYu-5GE6TWSkUzXq141TA
vancouver:res:n47235062,residential,45.627888,-122.574029,8,0,0,8,3.2,-pSAuU_SfpFIhhxThUcTIw
vancouver:res:n47236090,residential,45.638232,-122.534742,6,0,0,6,6.09,l_KnJzcojvD-R0QrtXPTGA
vancouver:res:n47236092,residential,45.63823,-122.532577,4,0,0,4,3.49,AT_qy9KDE1nP3Mu0C7gNMg
vancouver:res:n47236130,residential,45.638255,-122.541781,6,0,0,6,4.25,U-mLu1GLipVmBQCnLO7JmQ
vancouver:res:n47236132,residential,45.63827,-122.540785,8,0,0,8,1.77,KXhsInpnkfPlxwviSk0xqQ
vancouver:res:n47236139,residential,45.638875,-122.537781,9,0,0,9,2.62,Hnouj8Ey7saYkDJhw9m9kw
vancouver:res:n47236167,residential,45.638142,-122.560013,9,0,0,9,2.64,VL3tRDK9_u2jbLpetEyc4g
vancouver:res:n47236172,residential,45.638016,-122.558944,6,0,0,6,6.47,TPZ5Xxv2a8en9XpXXJ5ojA
vancouver:res:n47236184,residential,45.638388,-122.513378,6,0,0,6,4.79,1wFJmiQMv76tvwkShYxo6g
vancouver:res:n47236186,residential,45.638373,-122.51183,7,0,7,0,,
vancouver:res:n47236221,residential,45.638411,-122.545501,7,0,0,7,0.67,V-KZl7nwuL03Z_cRTju90g
vancouver:res:n47236231,residential,45.638249,-122.543,8,0,2,6,3.17,oQ0TTxW0mxJhUcNTjMXcPQ
vancouver:res:n47236569,residential,45.598616,-122.499155,5,0,0,5,4.16,qSu8nT9fIB35dYJ7NL1XfA
vancouver:res:n47236615,residential,45.608905,-122.517572,7,0,1,6,3.29,vjHWh5AaLunD7AI--2cG-A
vancouver:res:n47236627,residential,45.609024,-122.512863,8,0,0,8,1.76,sqSzbPCd4KNd5Q1rVyoqTw
vancouver:res:n47236718,residential,45.612373,-122.521751,5,0,0,5,4.51,UjnjQ7-h1EUhHYj6DJ2-Cg
vancouver:art:n47237027,arterial,45.62737,-122.685103,9,0,0,9,2.18,Km3qx_zR1YFaHQxzgs5HJw
vancouver:res:n47237213,residential,45.63041,-122.528021,8,0,0,8,1.74,VeAhpsnsaLJ75YEPe0taeA
vancouver:art:n47237277,arterial,45.59072,-122.510806,5,0,0,5,2.93,BxFyWeuRhbfuoRDHnWeFyw
vancouver:res:n47237290,residential,45.619913,-122.511787,11,0,0,11,2.81,kzV14TVBKEa1V97PuCfsHw
vancouver:res:n47237296,residential,45.618873,-122.511491,8,0,0,8,0.36,_FH3iD6mVN3UFuZ4EwCXLQ
vancouver:res:n47237302,residential,45.618493,-122.511195,6,0,0,6,4.8,wbKJHqfdHK4oP1s9x1aJFA
vancouver:res:n47237304,residential,45.617868,-122.511115,6,0,0,6,5.1,3GUOpYLjDNqNfNgP50DWqQ
vancouver:res:n47238171,residential,45.620271,-122.599413,8,0,1,7,2.96,k5_cQrnVyD4utTUn3MiFwg
vancouver:res:n47238175,residential,45.619762,-122.59773,8,0,1,7,2.18,ZEAcoHbUc3RD9w0YB55xAA
vancouver:res:n47238187,residential,45.619622,-122.593975,12,0,2,10,4.63,hqd9j3yRINngS5QbofyEdw
vancouver:res:n47238191,residential,45.618907,-122.590334,8,0,0,8,1.88,VP418j71vstcLiS0L2EdKQ
vancouver:res:n47238208,residential,45.61962,-122.588635,9,0,0,9,2.15,nBGB-DprMpyjUT2hZI9jAQ
vancouver:res:n47238215,residential,45.620323,-122.588478,7,0,0,7,3.74,ZN43d2-6y7X616HYlmadfQ
vancouver:res:n47238219,residential,45.621111,-122.588704,9,0,0,9,3.51,pByTfPOsp-su8bXMG4MIFg
vancouver:res:n47238237,residential,45.622581,-122.590945,8,0,2,6,3.07,wKTxALnrKnKlK_kWhl_-Wg
vancouver:art:n47238326,arterial,45.622858,-122.524423,7,0,0,7,2.95,7CjG3kLtQ5JHyrJkYok84w
vancouver:res:n47238385,residential,45.603241,-122.501637,10,0,1,9,2.33,YMJViGgslnA7SYLAkHlCkg
vancouver:res:n47238401,residential,45.603747,-122.488544,5,0,0,5,4.2,LWXG34VBunzhtFMa5pZNYQ
vancouver:res:n47238431,residential,45.604197,-122.516962,4,0,0,4,5.24,gFZguoF9jspbvmJPoWgoQw
vancouver:art:n47238730,arterial,45.668322,-122.743529,7,0,1,6,4.79,KMfq1h_uFjrb2P2jBiY3wg
vancouver:art:n47238733,arterial,45.669283,-122.743837,8,0,0,8,1.64,LbglZ-XhWeVV--2FcAfaEA
vancouver:art:n47238737,arterial,45.670004,-122.74401,6,0,1,5,3.38,KYyeczVOS0giF-HN3tpegw
vancouver:res:n47238864,residential,45.621744,-122.601335,10,0,0,10,2.53,-dSefSWagMYOkk9fBEMdxg
vancouver:res:n47239214,residential,45.622171,-122.629698,6,0,0,6,4.5,W0XMHx7sBRazMMPwNrXQqQ
vancouver:res:n47240416,residential,45.654474,-122.510945,5,0,0,5,10.23,K-La4KLznDb-SxgkO6ol7g
vancouver:res:n47240583,residential,45.626653,-122.59813,9,0,2,7,4.38,kAKnIyj1GlcVM78IY9iWJQ
vancouver:res:n47240587,residential,45.626202,-122.596199,6,0,0,6,4.42,Rz-Zj-SFAD-XLy0hfXGWGg
vancouver:res:n47240590,residential,45.625913,-122.595223,9,0,0,9,4.57,dS4DY6baHW1Yl1PJfGDkrw
vancouver:res:n47240593,residential,45.625746,-122.594188,8,0,1,7,3.45,SBtFFPELPbhxU4OUd4H7HQ
vancouver:res:n47240598,residential,45.625519,-122.593157,7,0,0,7,4.47,A6-Yo_Eb4Onb9SBP0Z-85g
vancouver:res:n47240605,residential,45.625248,-122.59148,18,0,0,18,2.91,GsehNsjrVXw5PXAPcHrffA
vancouver:res:n47240865,residential,45.6242,-122.596549,7,0,0,7,2.94,KL_6Zte7H7jbuOffK2Ssyw
vancouver:res:n47240871,residential,45.62332,-122.590472,7,0,0,7,1.94,dA4dkHxHyzro6Z6FUJJBpg
vancouver:res:n47240880,residential,45.622272,-122.58845,8,0,1,7,3.79,coGJCqoz7A7ZQFf2S2ERPw
vancouver:res:n47240881,residential,45.621382,-122.587636,10,0,0,10,2.52,5VccYjE3rNe_F9CoWlkA7w
vancouver:res:n47240884,residential,45.620715,-122.587382,8,0,1,7,4.36,olb5Vi_C07QMNKsthJSr8w
vancouver:res:n47240889,residential,45.619303,-122.58757,12,0,1,11,1.65,QmkFEEmaPCsKVRanFqumbw
vancouver:res:n47240902,residential,45.618166,-122.590681,9,0,0,9,1.21,CRM9xvCrUJhfj-yOhgowLg
vancouver:res:n47240904,residential,45.618823,-122.593965,8,0,0,8,1.6,dM2-pgbfMdyB4xWTuI7quA
vancouver:art:n47241220,arterial,45.633397,-122.647457,11,0,0,11,1.42,O2NGiNuP2F0Ir7Owbj1bZg
vancouver:res:n47241615,residential,45.650702,-122.670665,10,0,0,10,2.51,fVU9acpPfnKyq1uW961KOA
vancouver:res:n47241637,residential,45.652993,-122.670621,7,0,1,6,3.24,Fv2wloFygl0zas9ziY6i6A
vancouver:res:n47241970,residential,45.624064,-122.545009,5,0,0,5,3.25,UTUwN87pi1hrk4sgKRrjeA
vancouver:res:n47242021,residential,45.606756,-122.513238,7,0,0,7,1.28,YA-fkX1hotjLcnc7tAElSg
vancouver:res:n47242079,residential,45.596115,-122.471415,1,0,0,1,21.81,sxM__ol2G_OynYmHfshGZQ
vancouver:res:n47242439,residential,45.603408,-122.521405,7,0,0,7,1.34,wU7ac_jmtbiWr35MfNmiXA
vancouver:res:n47244380,residential,45.611255,-122.582236,7,0,2,5,1.5,iqWA2Qb0Q4ypMPRknimq7w
vancouver:art:n47244989,arterial,45.615405,-122.602646,8,0,1,7,2.61,OjuO8mv5fp5jxodckyTBiw
vancouver:art:n47244995,arterial,45.614293,-122.604159,11,0,0,11,5.99,v9ktzQkmbtUcYBxt8-7Dpg
vancouver:res:n47245074,residential,45.620978,-122.614886,6,0,1,5,4.92,1eePZJgEhbqtB_2l3brSUA
vancouver:art:n47245437,arterial,45.664415,-122.580296,3,0,1,2,15.67,bU8hKMdnlPePvXR6GyLimw
vancouver:res:n47245438,residential,45.665148,-122.580311,6,0,0,6,5.16,V2pAD4jdHVEYZQ3ljVjLrg
vancouver:res:n47245442,residential,45.665864,-122.58031,8,0,0,8,6.84,p2YrW4cKjrQjhJVXiUOZ_g
vancouver:art:n47245531,arterial,45.664411,-122.580689,7,0,0,7,2.25,oWMfo8SPkxulwXMUsedl2Q
vancouver:res:n47245544,residential,45.625842,-122.580546,8,0,1,7,4.02,SK42L0vettSDYydof7xbEA
vancouver:art:n47245550,arterial,45.629198,-122.580523,8,0,0,8,2.48,SykqgSLG-JLWkjDi6dZESQ
vancouver:art:n47245805,arterial,45.604098,-122.561435,5,0,0,5,5.41,7JJSUj5oqugXGhaD_Ef4Tw
vancouver:res:n47245823,residential,45.604879,-122.481678,5,0,0,5,1.38,78IPEYNZTGCUikXwOHaLXQ
vancouver:res:n47246185,residential,45.648047,-122.582537,5,0,0,5,7.11,gTVWJtCOlWbcrMqCYr12qw
vancouver:res:n47246716,residential,45.646209,-122.67214,7,0,1,6,1.76,rBIWLcP75Bs5NuYIW1fdYA
vancouver:art:n47247553,arterial,45.621904,-122.593456,10,0,1,9,1.02,AxKgeFgmSTLBvyfEK7mHbA
vancouver:res:n47247568,residential,45.627774,-122.591521,12,0,0,12,4.61,3Z6MgP_NpaQhOB7Ugneglg
vancouver:res:n47247570,residential,45.630009,-122.591545,7,0,0,7,3.48,ionsVhHKUtN92gPawcHZZg
vancouver:res:n47247575,residential,45.631898,-122.591552,6,0,0,6,4.93,ia1-WWOo5x3GLu0XFIpk7g
vancouver:res:n47247578,residential,45.632298,-122.591556,11,0,0,11,4.97,Xnh379eK25LupMlRwbhfOg
vancouver:res:n47247897,residential,45.642934,-122.636466,5,0,0,5,8.59,a5lb3dDFoPQAJc8r2szfkA
vancouver:res:n47248025,residential,45.637123,-122.511844,7,0,0,7,2.15,WM0GIdK1hkoKqiGAUeHuCQ
vancouver:res:n47248029,residential,45.639035,-122.51181,10,0,2,8,0.9,lCN93MrjzTB3hk-LR45QNg
vancouver:res:n47248032,residential,45.639749,-122.511807,6,0,0,6,3.89,uLiYRzaQZNfx9FISdgwkAg
vancouver:art:n47248138,arterial,45.646001,-122.5372,9,0,0,9,2.22,PF9qIn3aYL9LnuZOBbN9Lg
vancouver:res:n47248140,residential,45.645998,-122.537819,7,0,0,7,6.51,7WdRTH7r6Qbs4Cv58w1Jvg
vancouver:res:n47248210,residential,45.618584,-122.58259,7,0,1,6,4.22,NHfUd76sjkpF-i_aY9paFA
vancouver:res:n47248219,residential,45.618578,-122.578022,11,0,1,10,1.57,MBaqgsfrNZzKHlQ5CwyKkA
vancouver:res:n47248224,residential,45.618569,-122.577015,6,0,0,6,2.69,KmofV4GuppjcgLRvkw3-9w
vancouver:res:n47248228,residential,45.618561,-122.575988,8,0,2,6,2.51,6qWLxFYlqMVt5ZxA8lSI-A
vancouver:res:n47248938,residential,45.624401,-122.571675,6,0,0,6,5.78,8DUL0SSAfGrGy0QzoALPvA
vancouver:res:n47249341,residential,45.670885,-122.528466,3,0,0,3,4.21,YtO-qJZ2a9o0jaRNrGuDnw
vancouver:res:n47249350,residential,45.670248,-122.52861,8,0,3,5,6.56,L-MWzQErcdLYCEBLHvzuJg
vancouver:res:n47249352,residential,45.66891,-122.528625,4,0,1,3,2.95,72vp12Ppm0LZFiwzcaHU2w
vancouver:res:n47249354,residential,45.668369,-122.528631,9,0,1,8,4.64,ZoNMScJbP1gxhEneYuv72A
vancouver:res:n47249372,residential,45.653453,-122.528997,6,0,0,6,1.25,dKn0vmOCnW1aqvrNkFVSKg
vancouver:res:n47249388,residential,45.631638,-122.528617,7,0,0,7,1.65,81dCJqDryay00d5SvhA29Q
vancouver:res:n47249390,residential,45.632338,-122.528637,7,0,1,6,1.5,AwzcDdBHQKYYRc7vvt4opA
vancouver:res:n47249493,residential,45.633124,-122.526689,9,0,0,9,4.08,qT31ovrHktWvwZ3hPe8pTA
vancouver:art:n47249611,arterial,45.602737,-122.508889,9,0,0,9,6.17,HSNAryldjkuBpHRPcHI4lg
vancouver:art:n47249666,arterial,45.609777,-122.471673,5,0,0,5,1.29,6oAKHaSWtuJ0PI0tHkPNEA
vancouver:res:n47249836,residential,45.639909,-122.642317,5,0,0,5,2.01,BH4QFbbWkvJqmHkTNiZVKA
vancouver:res:n47249842,residential,45.642949,-122.642775,6,0,0,6,2.65,q12eQQ82Kt5jyMkV-UJIuQ
vancouver:res:n47249862,residential,45.668091,-122.688239,8,0,0,8,1.11,fVBkzUWcKGWOg8SfgEzaGQ
vancouver:res:n47249870,residential,45.668837,-122.688371,7,0,0,7,2.66,oZ_QmxEvP5_X_Z54xQXwcg
vancouver:res:n47249872,residential,45.669575,-122.689246,9,0,0,9,3.11,E-9N-CFqYrWAZ70cVT9ndw
vancouver:res:n47249875,residential,45.670482,-122.689718,5,0,0,5,5.14,MTqFTNYfB0IbQPoMMTlQxg
vancouver:res:n47249885,residential,45.671434,-122.688291,9,0,5,4,7.94,a8msajzeDeM-V-ZavcVU1g
vancouver:res:n47249890,residential,45.670606,-122.687627,7,0,0,7,4.93,8TgMYdSlFpPxQKAHQJlZig
vancouver:res:n47249909,residential,45.61373,-122.577042,9,0,2,7,1.89,rBhALxmHDqljbxZ1M4yzeQ
vancouver:res:n47249927,residential,45.620103,-122.576568,7,0,0,7,2.38,kU8ZxZHHHY2FZB1_D8l1bA
vancouver:art:n47250610,arterial,45.672175,-122.515511,6,0,0,6,5.97,C_Jhz2i5H43hMfCMGXyn7Q
vancouver:art:n47250717,arterial,45.655128,-122.578113,9,0,0,9,5.24,6QQ6GG1Mygq3QyTwPPbppw
vancouver:art:n47250784,arterial,45.657142,-122.518701,8,0,0,8,2.31,P1kcqZGKGrZ0Eckjn1AL8w
vancouver:res:n47250819,residential,45.645924,-122.517961,8,0,0,8,3.58,Nqsr9nyIVDu27eJS85tmfA
vancouver:res:n47250823,residential,45.645216,-122.517952,5,0,0,5,2.35,aRjcVTwqXOzHcfUbcS5zCg
vancouver:res:n47250827,residential,45.644162,-122.517948,7,0,0,7,4.62,bKPpBnqjdjO9oOkdIVH9zQ
vancouver:res:n47250833,residential,45.624455,-122.519177,7,0,0,7,4.44,EHvAM81R0Imq9wAWNtb40A
vancouver:res:n47250834,residential,45.625167,-122.519171,11,0,1,10,2.3,2V2gcH5rAoYiAn6uGHd_Zw
vancouver:res:n47250837,residential,45.625889,-122.519175,10,0,0,10,1.61,mb2GMiU9trp-1iEu8URAyA
vancouver:res:n47250842,residential,45.6266,-122.519171,9,0,0,9,2.74,v3yHuTITqzPKAn6gaYdyrw
vancouver:res:n47250884,residential,45.648168,-122.518344,8,0,0,8,2.29,rPk8_B6Xivt0OZWS9CnCoQ
vancouver:res:n47250885,residential,45.64948,-122.518372,8,0,1,7,1.45,4ad2SEbO3cC4kDOWFFe7hw
vancouver:res:n47250976,residential,45.638285,-122.518578,4,0,0,4,4.84,P7-xOX8zOPyX2VU2ZkWKAg
vancouver:res:n47250999,residential,45.627718,-122.519202,7,0,0,7,4.11,1jOc1IQAkeWT1Fmg1omzww
vancouver:res:n47251015,residential,45.606805,-122.579455,7,0,0,7,4.36,hD6ZQ38pSsfrGsakGbO_Dg
vancouver:res:n47251022,residential,45.655186,-122.678286,7,0,0,7,2.36,iyz0YkjFne9oh30yyW0jgw
vancouver:art:n47251062,arterial,45.612596,-122.603399,5,0,0,5,3.03,9iIFL6uc046zjfYZY9Z2BQ
vancouver:res:n47251083,residential,45.648378,-122.520613,10,0,0,10,2.52,ZterO0DF1_3c_u9ugch1cA
vancouver:res:n47251088,residential,45.648126,-122.519421,7,0,0,7,1.67,ycb6NmxJCsS4HRVk2fPL1w
vancouver:res:n47251092,residential,45.647753,-122.518757,7,0,0,7,0.89,DivyfksnuuhOWRDvYli9aA
vancouver:res:n47251264,residential,45.630026,-122.587117,12,0,1,11,2.35,_lfzkJurM8eoC6KeZVk99w
vancouver:res:n47251312,residential,45.64126,-122.587376,6,0,0,6,5.08,wUas10Vbh7zKgplreEPLqw
vancouver:res:n47251329,residential,45.640538,-122.586992,8,0,0,8,1.73,W2IoZWw1iiF7ODYnedPHZw
vancouver:res:n47252169,residential,45.608452,-122.582215,6,0,0,6,4.57,__5cuEFQZwsr_D5qBEK8DA
vancouver:res:n47252171,residential,45.607286,-122.579084,9,0,0,9,1.29,Z2rDhmL9AcMjELxBjH86-A
vancouver:res:n47252377,residential,45.625736,-122.576356,11,0,0,11,4.69,fZfMjzNkZ4VSuJghwgcNkg
vancouver:res:n47252379,residential,45.626285,-122.576378,10,0,0,10,1.47,Uu59c0V5fiBn1ATgzWpSgw
vancouver:res:n47252383,residential,45.626974,-122.576381,8,0,1,7,2.5,D2sUKdO2w7Wjk-UeIZJO_g
vancouver:art:n47252400,arterial,45.661073,-122.576871,7,0,0,7,2.06,xT7zj9Ik-Z2t7G6ahOjAlQ
vancouver:art:n47252408,arterial,45.661759,-122.576778,9,0,0,9,2.21,WA_Q5M-jMUQZlLZE9QIl8Q
vancouver:res:n47252440,residential,45.617997,-122.601253,7,0,0,7,1.69,gdOXJM8bLeSBJ9s8lUECSw
vancouver:res:n47252456,residential,45.649237,-122.672096,8,0,0,8,3.02,EG2ILCHuJ4ubLZDmFO3_0Q
vancouver:res:n47252482,residential,45.655137,-122.672127,10,0,1,9,1.39,R-O_uonuigCWVR0Rx-f94A
vancouver:res:n47253779,residential,45.596261,-122.523681,8,0,0,8,2.32,NNaz5rDiuTN33RXCVmkVng
vancouver:art:n47253803,arterial,45.595749,-122.529221,8,0,0,8,5.57,11sJcEmlG43UF3UZl-nLZw
vancouver:res:n47254563,residential,45.605549,-122.518424,8,0,0,8,0.81,muX2of188BYz7JhrnUsZ0g
vancouver:res:n47254568,residential,45.605201,-122.517423,11,0,0,11,3.77,-_80bsGMyMOaZenxco9__A
vancouver:res:n47254573,residential,45.604876,-122.516453,6,0,0,6,6.14,b5Arj0st32UOY6EHeISaKQ
vancouver:res:n47254586,residential,45.604422,-122.513588,9,0,0,9,3.48,Q2PGCDK_rkLYBh0xJ5xBww
vancouver:res:n47254713,residential,45.612889,-122.580628,5,0,0,5,5.06,6vsPW2xVzGCWnXLK_IeP-Q
vancouver:art:n47255095,arterial,45.624977,-122.573243,9,0,1,8,5.58,lNjJ56axQWpSXwJwru1HNg
vancouver:res:n47255101,residential,45.623924,-122.571049,10,0,0,10,4.62,0xGHeN46nH7J7J4JvOf0ew
vancouver:res:n47255106,residential,45.623981,-122.569627,8,0,0,8,2.15,cZJkgP4ALGVqJ-r9l69GXQ
vancouver:res:n47255109,residential,45.624547,-122.56927,7,0,0,7,5.96,tqIV-0oMeazhJ-SA2E_N7A
vancouver:res:n47255113,residential,45.625064,-122.568084,7,0,1,6,5.16,4NCtFflPbIc5rBtio8Aysg
vancouver:res:n47255163,residential,45.629652,-122.684013,6,0,0,6,4.31,OsgJV9Fz8qI9O2F66iDSTQ
vancouver:res:n47255219,residential,45.6269,-122.593639,8,0,0,8,0.5,sFAw0p7B9JOJ209i_ZsOmQ
vancouver:art:n47255244,arterial,45.635795,-122.488805,6,0,0,6,2.57,cfMYl9bJXKbb1u1NmdUuhw
vancouver:res:n47255331,residential,45.648151,-122.682476,6,0,0,6,7.14,B-YirG-_PsrPzQaF6Ydfeg
vancouver:res:n47255346,residential,45.64775,-122.689827,2,0,0,2,17.84,OhFq63eXwuAMV8fEsIuEkw
vancouver:res:n47255750,residential,45.622072,-122.620093,7,0,0,7,3.91,M047aSSvYFHcu_K7xlHdDQ
vancouver:res:n47255753,residential,45.621588,-122.619256,8,0,0,8,2.69,_YnKBnwLFAfqiuKuLfRmyA
vancouver:res:n47255755,residential,45.621125,-122.618391,7,0,0,7,2.34,xXDPM_XANrI_SpU2xK8r8w
vancouver:res:n47255759,residential,45.620904,-122.61639,8,0,0,8,3.63,Q-NJVfAj68xOhYQmbI1CwA
vancouver:res:n47255871,residential,45.619203,-122.600108,12,0,0,12,1.13,KJqNwSQBMGSx1sooHjaDNw
vancouver:res:n47255874,residential,45.617042,-122.600181,8,0,1,7,1.23,IuothpT-2k6GQGfisgdYrQ
vancouver:res:n47255893,residential,45.607819,-122.53728,9,0,0,9,1.72,Gani-0E7qPf-mOEUAc_uaw
vancouver:art:n47255967,arterial,45.657064,-122.604587,4,0,0,4,4.98,BV4qsX6Ylqzpyi3Mcm3mBQ
vancouver:res:n47255989,residential,45.656884,-122.559976,8,0,0,8,3.25,B-WnwxdgghU8DtDC5CsoGw
vancouver:res:n47256447,residential,45.674521,-122.586769,7,0,0,7,3.63,3sQI_Pl3lPuzKavq58vGXw
vancouver:res:n47256610,residential,45.641262,-122.590145,11,0,1,10,1.6,GQat2CXBDP-myLxMgghT1g
vancouver:res:n47256614,residential,45.641959,-122.590153,10,0,1,9,2.1,b_MyXrSDSd5ZKtRzkB3omA
vancouver:res:n47257161,residential,45.6547,-122.5822,8,0,0,8,2.18,k5Qy-6e45bor3rmOKqrIdQ
vancouver:res:n47257354,residential,45.663413,-122.582898,7,0,0,7,1.68,P7iBOk9lpmdiMwoiTlEY-w
vancouver:res:n47257372,residential,45.617861,-122.58168,7,0,0,7,4.68,MA5FQYg4Gxu-JiXQuwEWQQ
vancouver:res:n47257374,residential,45.617853,-122.578011,7,0,1,6,6.16,3kph_UbeWjBpC0ufj6hNTA
vancouver:res:n47257976,residential,45.645803,-122.662949,9,0,0,9,3.62,o1wBYwpuIZTKKHVL-BjalA
vancouver:res:n47257979,residential,45.645798,-122.662403,9,0,1,8,2.1,hzXDdPqfUE0r-uRdu168Zw
vancouver:res:n47258006,residential,45.648563,-122.682476,7,0,1,6,3.46,SQLVi4lqr2ladP3JUWPO_Q
vancouver:res:n47258012,residential,45.648545,-122.689835,2,0,0,2,10.04,qr9T9Ywxep6aN5Rsjt2kWw
vancouver:res:n47259061,residential,45.654002,-122.509801,5,0,0,5,3.2,lDe8YsJn7DSkvCWPbMvJ2Q
vancouver:res:n47259177,residential,45.647088,-122.694081,8,0,0,8,2.74,PBbatvyXuKtaYy4QhRWkLQ
vancouver:res:n47259574,residential,45.597645,-122.499025,4,0,0,4,2.66,YYOAjAgyxe-oy6NZiWamDg
vancouver:art:n47259620,arterial,45.61377,-122.596272,4,0,0,4,6.03,wxaxSl86bBFmkM8axOqdSg
vancouver:art:n47259632,arterial,45.613602,-122.592434,10,0,0,10,0.95,jcSrO6OrEB6-T0-14IlGgg
vancouver:art:n47259634,arterial,45.613533,-122.590964,10,0,1,9,0.87,nOC93BTnrkDm1MTTSnDi1w
vancouver:art:n47259644,arterial,45.612665,-122.583511,4,0,0,4,12.51,qTbmJ_4ed6qbCS-x6uP75A
vancouver:art:n47259645,arterial,45.612495,-122.582227,3,0,0,3,12.09,VCIKA7nVs8YepDlwvFNVDg
vancouver:res:n47259723,residential,45.649338,-122.682475,8,0,0,8,4.43,3VaK0tX2KJyEJl_GS_x7EQ
vancouver:res:n47259735,residential,45.646489,-122.660772,7,0,0,7,1.05,EMCoUG1ZAWRlIdXtgAmXKw
vancouver:res:n47259740,residential,45.646484,-122.658612,8,0,0,8,2.49,sDB2VlhEnvOEresbriP7Gw
vancouver:art:n47259746,arterial,45.646477,-122.65534,5,0,0,5,8.98,smHxt96Ny_iXteVDYGUvAg
vancouver:res:n47259749,residential,45.646478,-122.654244,9,0,0,9,1.98,64afW8sj2kB85A9g9_7uFA
vancouver:res:n47259775,residential,45.64647,-122.64499,7,0,0,7,10.01,5kYt904bVsEhKEo1BotXSQ
vancouver:res:n47259778,residential,45.646469,-122.643887,6,0,2,4,1.28,sWqteTL5CgCOCQxI0I_liw
vancouver:res:n47259791,residential,45.646515,-122.662936,11,0,0,11,2.33,LPuGfJ0RUtgvJ_NPxy-n_A
vancouver:sig:n47259792,signalised,45.64651,-122.662392,12,0,0,12,5.89,TJ8lpS3l67KrFkIxyeZstg
vancouver:res:n47259878,residential,45.606215,-122.509116,4,0,0,4,3.14,uYZutfgQQmjHE5GvkcO_1A
vancouver:res:n47260770,residential,45.609396,-122.526147,12,0,0,12,2.56,tAf0JUlVOAhdGD8rWrPPSA
vancouver:res:n47260779,residential,45.611564,-122.525465,4,0,0,4,5.21,y9pcVAPFxE7_yZfcXSHbQw
vancouver:res:n47260796,residential,45.615745,-122.526569,7,0,0,7,2.29,DSZMoq-jfXJ2nFem7ap2ZA
vancouver:res:n47260999,residential,45.638377,-122.62927,4,0,0,4,1.64,ZOhLxoFYI-l1EXwF-SngRQ
vancouver:res:n47261141,residential,45.607201,-122.517715,8,0,0,8,1.81,C8fwin_b0Zm9NlTDccZuUw
vancouver:res:n47261385,residential,45.636575,-122.634902,5,0,0,5,3.18,l_3FgW-RgJuYwXhVBqiPcA
vancouver:res:n47261393,residential,45.636744,-122.643545,8,0,0,8,2.37,_QHNlo1NLyapSKbQH5EzTg
vancouver:res:n47261524,residential,45.628902,-122.639038,8,0,1,7,2.39,VDy3buM2ifJdPSdnNgQh3Q
vancouver:res:n47261571,residential,45.630054,-122.630546,10,0,1,9,1.8,sYp_Tql0rhe-O5_gGUY8gw
vancouver:res:n47261764,residential,45.626236,-122.524764,9,0,0,9,3.55,CSw49yx-rac1wDmThjSq_g
vancouver:res:n47261839,residential,45.654812,-122.524721,7,0,0,7,4.37,_rHBqMvSykMdXEa9ARpKbQ
vancouver:res:n47261844,residential,45.655212,-122.524842,7,0,1,6,7.15,sQMyj2X5RjE05RfR_5bXgg
vancouver:res:n47261946,residential,45.631893,-122.682251,11,0,1,10,3.81,LEGtHsym2lx5rKO8TyDDMg
vancouver:res:n47261995,residential,45.607866,-122.505655,6,0,0,6,1.55,A-gOHSBZD7EcwY8PkGenjQ
vancouver:res:n47262034,residential,45.647228,-122.662924,11,0,1,10,1.83,Muwh-beFT2JERk0E2KnQ8Q
vancouver:res:n47262133,residential,45.628122,-122.600945,6,0,0,6,12.44,-bj5-EfnPuNyhWgQlQueTQ
vancouver:art:n47262151,arterial,45.655401,-122.682489,5,0,0,5,5.17,uQ6F1OLaflsuBOADuwE8TQ
vancouver:res:n47262153,residential,45.655402,-122.68345,5,0,0,5,7.12,ifdOdEtY07D9fk5HPSHbYw
vancouver:res:n47262156,residential,45.6554,-122.683916,6,0,0,6,2.73,HQZifHvO0pV_2J-QDxiOFA
vancouver:res:n47262159,residential,45.655396,-122.685335,7,0,0,7,1.28,Vs3A27x5gx6YwOkjgIRUXQ
vancouver:res:n47262164,residential,45.655148,-122.673428,12,0,1,11,1.59,jx_VZUDMMwW96-ePi9a1pw
vancouver:res:n47262173,residential,45.655194,-122.679226,10,0,0,10,0.86,qa6uzQ81sHbI4e7Cxlx8NQ
vancouver:res:n47262600,residential,45.629323,-122.618751,7,0,1,6,0.66,FZpuvCWOoPFluKhRMAQIrg
vancouver:res:n47262645,residential,45.65296,-122.681789,8,0,1,7,1.5,M0SVRFtzoH2mKlLcJ72Uiw
vancouver:art:n47262648,arterial,45.65296,-122.682486,6,0,0,6,3.6,8TKLa8uxcd7jsJjRT0-zbw
vancouver:res:n47262787,residential,45.612509,-122.484206,7,0,0,7,0.89,Whww3qAzSWnAX282UKV9Fg
vancouver:res:n47263145,residential,45.616816,-122.527751,8,0,0,8,1.51,wCYSwT08M5DfhMku8JT4YQ
vancouver:res:n47263507,residential,45.604838,-122.484018,3,0,0,3,10.59,tm9rovq7xl6kxi71qAyhAA
vancouver:res:n47263586,residential,45.619837,-122.610783,8,0,1,7,4.56,ogpNYArJCDbW7XzGOI8KeA
vancouver:res:n47263590,residential,45.620215,-122.611854,6,0,0,6,6.23,jK8q7dhWZHS1sIaeCHwefQ
vancouver:res:n47263598,residential,45.620747,-122.61357,9,0,2,7,4.16,P8OF5QXhAp_3VeVGsEsllg
vancouver:res:n47263698,residential,45.63164,-122.645711,7,0,1,6,1.16,0iCKTLqpHv1O3OIEwEkEAQ
vancouver:res:n47263706,residential,45.641099,-122.696375,6,0,0,6,5.61,pWAQ0sXStN8zXT_6LRtJzw
vancouver:res:n47263710,residential,45.64176,-122.696206,7,0,0,7,4.47,At__HJNXjOuzUJTWbVIxow
vancouver:res:n47263713,residential,45.642531,-122.696016,8,0,0,8,1.77,8fKS3Z4N1UXcTf0KbDGpag
vancouver:res:n47263718,residential,45.643947,-122.695685,11,0,1,10,2.13,f8iWrgD-sgCNWbOA6fdymA
vancouver:res:n47263722,residential,45.645237,-122.695333,8,0,0,8,0.89,J8DiwgS3qETzYfbx6Q5jbA
vancouver:res:n47263726,residential,45.646394,-122.694723,11,0,1,10,1.0,M7LZ0RM1gNZuMdbjOcuNwA
vancouver:res:n47263777,residential,45.645378,-122.619512,7,0,0,7,1.9,TuUG1dYKU8RS6V3jQ7GspQ
vancouver:res:n47266032,residential,45.649582,-122.650517,10,0,0,10,2.7,aEvDHFYQyl8mIDEnohRt7g
vancouver:res:n47266039,residential,45.649563,-122.64835,5,0,0,5,1.31,Uk-5rpWGJCTwNuelYh82Xw
vancouver:res:n47266104,residential,45.608771,-122.55703,8,0,0,8,6.16,ZFuM7chnaVE0ngO-ZwO66Q
vancouver:res:n47266279,residential,45.618956,-122.517227,6,0,0,6,4.98,3UfjjNWmKb86q07K50mDQg
vancouver:res:n47266282,residential,45.618924,-122.516165,7,0,2,5,8.25,BT4PcCJp1VjVl8QYbNx2UQ
vancouver:res:n47266283,residential,45.618794,-122.515025,6,0,1,5,10.42,Dpy5wGTfurPTM5OFryAoPQ
vancouver:res:n47266329,residential,45.618824,-122.564493,8,0,0,8,2.55,U0ZntxbdSvNt_XmmYOAGUg
vancouver:res:n47266332,residential,45.618828,-122.562821,8,0,0,8,2.46,giHMCNsd9sWVFDbltwtUOg
vancouver:res:n47266723,residential,45.629312,-122.639114,7,0,0,7,2.61,5gPuKfnBVP48EO8T3AOCsg
vancouver:res:n47266747,residential,45.630053,-122.634623,7,0,0,7,2.0,2GoGw5mUObvpWmZsgSsBsQ
vancouver:res:n47266768,residential,45.629688,-122.650142,8,0,0,8,2.63,cHzwB4a45a8ot3i-h148GQ
vancouver:res:n47266843,residential,45.640096,-122.663049,7,0,0,7,2.2,gocwRA1Kzl9iAqvV7llvmw
vancouver:res:n47266845,residential,45.640816,-122.663037,6,0,0,6,7.62,-61_r4-eY4cWNRCVKBh-fg
vancouver:res:n47266855,residential,45.642953,-122.662999,10,0,0,10,2.63,r7yhd3URJNqmP6WIep4FxQ
vancouver:res:n47266872,residential,45.647939,-122.662911,7,0,0,7,6.67,l4JZ5l-z3Nh_Vvwnz2Bscw
vancouver:res:n47267398,residential,45.648173,-122.65047,8,0,0,8,7.8,8wn_06ifNhgSZQ0BYMF2Uw
vancouver:res:n47267402,residential,45.64817,-122.649413,8,0,0,8,1.7,LojlSBSW8BpjDJeMC2O_xA
vancouver:res:n47267405,residential,45.648156,-122.648359,7,0,0,7,6.0,jnqBZ5euK_Wn3QaRnG-YTg
vancouver:res:n47267418,residential,45.648159,-122.646077,2,0,0,2,4.96,6bVo2-VHE3xJzP2n2meXDg
vancouver:res:n47267462,residential,45.647901,-122.656438,10,0,0,10,0.97,IgkYttNHQ7w8hMM-FMQO-g
vancouver:res:n47267471,residential,45.647899,-122.654247,8,0,0,8,3.71,EKEa61oY4biCMAxVDmN_sA
vancouver:res:n47267614,residential,45.650398,-122.588461,9,0,0,9,1.4,-CuQQUMKrw-KqldES9Y5Ag
vancouver:res:n47267774,residential,45.653186,-122.658027,10,0,0,10,3.15,5du22YE51zDClfoks8HcjQ
vancouver:art:n47267869,arterial,45.653657,-122.544985,5,0,0,5,3.29,kUcKWGTf-1sWSb_KutOB3Q
vancouver:art:n47267885,arterial,45.65368,-122.540482,8,0,0,8,2.35,XcwvhbkzIEUg0ZbECSapmQ
vancouver:res:n47268494,residential,45.665582,-122.687221,9,0,0,9,1.51,CIc505PEj5TkAiMbZNPRqQ
vancouver:res:n47269094,residential,45.651547,-122.538304,8,0,0,8,4.99,P9m6UBQx_35rzoxfvHCN9A
vancouver:art:n47269120,arterial,45.650128,-122.538554,5,0,0,5,4.43,HdGJcbR59YetV8Ct6Yx0AQ
vancouver:res:n47269180,residential,45.638204,-122.537687,7,0,0,7,0.59,1GoTaVJI5y9YSYQBWcEWSA
vancouver:res:n47269188,residential,45.632923,-122.537658,8,0,0,8,1.33,KynybXcv4RHOeqRkXObiCQ
vancouver:res:n47269298,residential,45.672066,-122.593247,7,0,0,7,3.84,18TuwsXaxtLNAkCbcc7yyg
vancouver:art:n47269542,arterial,45.616077,-122.550056,9,0,1,8,3.1,T7TEKuc4e3vBstMAVJlQ7w
vancouver:art:n47270030,arterial,45.645875,-122.530729,8,0,1,7,0.58,bWNbxOgicxQh-3XPXYtE1Q
vancouver:art:n47270034,arterial,45.646917,-122.530661,10,0,0,10,2.47,9nDB0Lv3-7TGagoSyBMG-w
vancouver:res:n47270098,residential,45.625338,-122.530179,9,0,0,9,0.61,LXuCVGKDsSXmwNYcFWaIgg
vancouver:res:n47270376,residential,45.63176,-122.627065,8,0,0,8,0.92,lNGQ8460Q1yeaqkPqBSCuQ
vancouver:res:n47270560,residential,45.615328,-122.590925,8,0,0,8,3.2,ELdaODd6Xet_lbAznf0KrQ
vancouver:res:n47270660,residential,45.626939,-122.542076,7,0,0,7,4.94,nPC56tBJ--22puvF-kWEOw
vancouver:art:n47270846,arterial,45.666229,-122.505952,12,0,1,11,5.81,jX__82-iVBTEVZ86RURk4w
vancouver:res:n47271025,residential,45.611403,-122.578761,8,0,0,8,0.43,29C1Uvi9vNadS0T5D_lElg
vancouver:art:n47271030,arterial,45.610579,-122.578768,7,0,0,7,4.55,6BLfxQeiUAK5gUAcWYdyNw
vancouver:res:n47271130,residential,45.618543,-122.519378,8,0,0,8,5.5,fQy7s4QzoevidYpiU_-RGw
vancouver:res:n47271135,residential,45.618433,-122.518301,7,0,0,7,2.7,oooJ9ILck48pm9c1FSZk_Q
vancouver:res:n47271141,residential,45.618308,-122.51724,9,0,0,9,2.78,70-R8w_1Xp2LCdgNnNlp8A
vancouver:res:n47271154,residential,45.618309,-122.550982,7,0,0,7,0.95,KIsNEHNMC3XMJsMm6NuX_Q
vancouver:res:n47271250,residential,45.618154,-122.568052,7,0,0,7,2.48,mrJQ8FMN0oJ4xOXvY2BVYA
vancouver:res:n47271254,residential,45.618127,-122.566858,7,0,0,7,7.94,Vi-XB9Ujez5GQj34T8c5dA
vancouver:res:n47271259,residential,45.618113,-122.56449,7,0,0,7,4.3,8Jx7lSYgxBPqtKdCysYeEQ
vancouver:res:n47271295,residential,45.617971,-122.559373,9,0,0,9,0.8,v1SfAt5RvlOSHwReIoKCsA
vancouver:res:n47276284,residential,45.655302,-122.521133,7,0,0,7,4.39,FM3otzVRY-hBRdRZgE_9eQ
vancouver:res:n47276293,residential,45.649127,-122.520751,6,0,0,6,4.79,UOiED4lbZMYH0vtA0UguCA
vancouver:res:n47276296,residential,45.647602,-122.521132,9,0,0,9,3.8,gt9rf5u5x2cLCeEsCTv6Wg
vancouver:art:n47276365,arterial,45.621004,-122.521047,11,0,0,11,0.77,7GU2LbEx-lJufVD9_cCOBA
vancouver:res:n47276368,residential,45.621802,-122.52105,7,0,0,7,1.87,Ydpk3zZETSrRTWL9zLAvvw
vancouver:res:n47276374,residential,45.623375,-122.521061,12,0,0,12,1.46,D5Y1qDNuBtGIjDL5JDdPCQ
vancouver:res:n47276387,residential,45.626171,-122.521087,11,0,1,10,1.76,mnzOZhXXmscfdLaQyURwHw
vancouver:art:n47276588,arterial,45.608342,-122.53624,6,0,0,6,5.16,aDBWiqlc3nYFPF5RvSiy5Q
vancouver:res:n47276854,residential,45.630093,-122.639332,9,0,0,9,1.32,ohEOR_VckTCGrJ6HzdzU7w
vancouver:res:n47276858,residential,45.630077,-122.638027,8,0,0,8,1.28,160cnONyl7j-m-74YiJYqQ
vancouver:res:n47276886,residential,45.630053,-122.628178,8,0,0,8,3.04,tbY3VDmA6engbLGyNVuUSg
vancouver:res:n47276891,residential,45.630055,-122.626284,8,0,1,7,4.64,WxWr7f3Dh8k6pY5CgD3lYw
vancouver:res:n47276902,residential,45.629894,-122.6218,8,0,1,7,3.54,RWxzV28u4e705kN-mzTBUg
vancouver:art:n47276972,arterial,45.61205,-122.582186,6,0,0,6,6.8,sGsKJo-8nw5Ek8HM2sqT2A
vancouver:art:n47276976,arterial,45.611929,-122.580767,5,0,0,5,3.32,Q6Wld8ZSiF77RSAPeAR00w
vancouver:res:n47277072,residential,45.636631,-122.566652,5,0,4,1,15.58,5kjM3wvJb2DM_5GT44xEyg
vancouver:res:n47277103,residential,45.637127,-122.513418,11,0,0,11,1.82,xmHGZJhU8by33Gx-MTI4rQ
vancouver:res:n47277117,residential,45.637143,-122.542981,5,0,0,5,5.61,yB1V6PRDGhow4T7vkOB0Lw
vancouver:res:n47277120,residential,45.637149,-122.541764,6,0,0,6,8.88,rNM3i19YcMSVLRQlFGmzAA
vancouver:res:n47277128,residential,45.637159,-122.5397,8,0,0,8,2.09,8hf7XW5jVIiGZPR2kDpwxQ
vancouver:res:n47277131,residential,45.637163,-122.538978,8,0,0,8,4.49,hkDtMn4C7vvVeTyiOy_ILg
vancouver:res:n47277515,residential,45.606173,-122.487265,5,0,1,4,3.79,cX2-1vQWjqDVryZWTdzQbg
vancouver:art:n47277928,arterial,45.657238,-122.682494,9,0,1,8,4.75,3IDU4OCjePblvhRkzDtYYQ
vancouver:res:n47277931,residential,45.657251,-122.683448,8,0,1,7,2.99,OKIwJLJZuJ6cKbog69FMQQ
vancouver:res:n47277933,residential,45.657256,-122.684387,8,0,0,8,2.98,TvqBOBgD639rEWU8aOnf5Q
vancouver:res:n47277936,residential,45.657262,-122.685343,7,0,0,7,0.91,cS3VMnZSjexZ-tktDY9-xg
vancouver:res:n47277962,residential,45.654403,-122.523594,6,0,0,6,1.46,fHFmIhEwP1V60KvRwKxFQg
vancouver:res:n47277965,residential,45.65445,-122.522219,6,0,0,6,4.2,9hINvaKtzcHJIRbfkD4ykw
vancouver:res:n47278064,residential,45.654693,-122.526292,7,0,0,7,3.88,qr9g-ISVB5RAOTgONit89Q
vancouver:res:n47278066,residential,45.654684,-122.52565,8,0,1,7,0.18,U7mwhBElgo59S3K6vEUvqQ
vancouver:res:n47278073,residential,45.65355,-122.646434,6,0,0,6,5.24,U_SALEuRKXPRqd4TNJaOww
vancouver:res:n47278078,residential,45.653557,-122.64527,8,0,3,5,6.12,jx3TL82YmDdy3aMGRWwc7g
vancouver:res:n47278083,residential,45.653555,-122.644272,6,0,4,2,13.6,gJwVTag9UJgZPaFmJxbi_g
vancouver:res:n47278093,residential,45.65377,-122.642477,5,0,2,3,4.24,9xxSI84_pLN5fMo1APoX4A
vancouver:res:n47278094,residential,45.65402,-122.641702,8,0,1,7,3.2,vZgO_SANC_wjZp9NKBVCvg
vancouver:res:n47278098,residential,45.654203,-122.640377,10,0,1,9,1.01,KIrJwsLW6NdOgHcDrmTJRQ
vancouver:res:n47278101,residential,45.654377,-122.639336,9,0,0,9,2.4,NkFtmp7YfoAmPNb2OFK8kw
vancouver:res:n47278131,residential,45.654593,-122.564056,6,0,0,6,5.46,qq1gpZNLSOBUz4y2F4OqEw
vancouver:res:n47278464,residential,45.626819,-122.552468,9,0,0,9,3.46,7JlHv9S7NZqEcWnKRfWbVg
vancouver:res:n47278845,residential,45.665116,-122.595044,5,0,0,5,0.89,dg_SfAFVl79KVgz7mFmrwQ
vancouver:res:n47278854,residential,45.666427,-122.595042,5,0,0,5,1.5,Xa8q47nym5wJdVcjcret-w
vancouver:res:n47279014,residential,45.633818,-122.635069,7,0,0,7,4.64,8RNB1Lh_KPgWvthtI--byw
vancouver:res:n47279079,residential,45.635465,-122.682179,10,0,0,10,2.53,4VV-AervejzYkBWyJDKgSg
vancouver:art:n47279148,arterial,45.633395,-122.645733,9,0,1,8,1.58,bhuSb1vY1WSRtX8i4iwDWw
vancouver:art:n47279153,arterial,45.633397,-122.643779,10,0,1,9,1.77,Nlsi6sYnYcPGZCs8v8N6FA
vancouver:art:n47279157,arterial,45.6334,-122.642812,8,0,0,8,2.05,BZGDle3COiueXXMrsjqOHw
vancouver:res:n47279351,residential,45.6432,-122.67218,10,0,0,10,1.73,UZcG_feC8TThGp0h7P1xlQ
vancouver:art:n47279377,arterial,45.613853,-122.607741,5,0,0,5,2.45,1w0BsV60BEWsfiCLsmIpOA
vancouver:art:n47279384,arterial,45.613594,-122.606984,4,0,0,4,5.81,gRuxwrHN4m9fnekIzqIGMw
vancouver:art:n47279387,arterial,45.613081,-122.605019,7,0,0,7,5.44,STjbbNFCvnt1VVg6gIdzIg
vancouver:art:n47279392,arterial,45.612004,-122.601599,9,0,1,8,2.28,a_CGeby18NK6Xzn3QlGleg
vancouver:art:n47279418,arterial,45.615967,-122.613439,12,0,1,11,5.02,56yO4LrKpQsOZ0uqmbv4tg
vancouver:res:n47279429,residential,45.615597,-122.610435,7,0,1,6,1.35,nxFRCg3NvBQYKClWQw81cw
vancouver:res:n47279795,residential,45.642191,-122.658614,9,0,0,9,1.91,mHyHvwbrmeWHoyMgW63a8Q
vancouver:res:n47279897,residential,45.627481,-122.541749,6,0,0,6,4.4,AUztDkrHr_t960UWYTNmuA
vancouver:res:n47279906,residential,45.626934,-122.53774,7,0,0,7,2.78,nrubXIXM_izVx78WgDNQhg
vancouver:res:n47279961,residential,45.652939,-122.641285,2,0,0,2,6.19,OmsCxAYH6FIEdCsc6KTsfg
vancouver:res:n47280221,residential,45.629952,-122.585052,9,0,0,9,5.47,ht7rRu4i_Ca08XKibvAEQg
vancouver:res:n47280241,residential,45.629797,-122.584597,9,0,0,9,2.5,3mmwm8Us1QNi9Wja-GNHow
vancouver:res:n47280412,residential,45.651082,-122.513192,5,0,1,4,3.3,mmVVsDy6t_rEw4Wl9jGyiQ
vancouver:art:n47280916,arterial,45.610853,-122.591001,8,0,0,8,2.07,ImnGZ4J8P3ZWw4d7Ym_Biw
vancouver:art:n47280923,arterial,45.61074,-122.590469,5,0,0,5,1.95,Msd_1s6cpxlqk8IxPiCuWA
vancouver:res:n47281341,residential,45.67554,-122.601454,7,0,1,6,6.56,5xTlYlF1cBGKpdAGP9qYIg
vancouver:res:n47281392,residential,45.657842,-122.67478,7,0,0,7,4.15,PMINJ4Z4f6WTAerUTvrzSA
vancouver:res:n47281402,residential,45.657991,-122.686276,9,0,0,9,3.48,gSmVr61-oXhXW1ExLpWK9g
vancouver:res:n47281420,residential,45.654684,-122.642531,7,0,0,7,2.72,99xt4aZ3oyXm_nOHtYngTA
vancouver:res:n47281473,residential,45.655107,-122.560204,7,0,1,6,5.99,y_tZHkveeFwyaXHIOuZ_kQ
vancouver:res:n47281480,residential,45.655276,-122.522219,8,0,0,8,2.44,8OjaWQUioUDBLHODidMRTQ
vancouver:res:n47281487,residential,45.655401,-122.520297,8,0,1,7,2.85,lAmvlkEga1BcjL3AsRL8bg
vancouver:res:n47281492,residential,45.655419,-122.518148,7,0,0,7,4.18,XuYTZqnE9Voq0ttswRJs1g
vancouver:res:n47281517,residential,45.655312,-122.564056,7,0,0,7,4.99,rKoow5_RxYotWpOda8-IGA
vancouver:res:n47281602,residential,45.66626,-122.679466,8,0,1,7,3.61,g1tFhreTN0aFqOWTeyYdRw
vancouver:res:n47281606,residential,45.666227,-122.68143,8,0,0,8,3.49,YKqBYHbStjdtHV7RCP4saA
vancouver:res:n47281618,residential,45.666268,-122.684363,7,0,0,7,0.68,uHr0JekYtC83tbOzbBMDPA
vancouver:res:n47281621,residential,45.666278,-122.686271,7,0,0,7,4.51,9w3NcwYVJ7jPb1h-JJ15xQ
vancouver:res:n47281630,residential,45.645964,-122.525896,6,0,1,5,7.18,o1EonXgzNPZGFKVkO96O_A
vancouver:res:n47282598,residential,45.673922,-122.584664,8,0,0,8,3.25,K_pGxGQrJ6MtNL_M1e2RDg
vancouver:res:n47282612,residential,45.677939,-122.588082,6,0,0,6,8.14,Vc-RzztUK7tpUGWOW2_0AA
vancouver:art:n47282622,arterial,45.678906,-122.58888,9,0,0,9,3.06,I1nPVi5xUshtSZJflo2WxA
vancouver:res:n47282750,residential,45.664462,-122.684396,8,0,1,7,2.69,ezF9ovm5K7jkbnTC1Q61jw
vancouver:res:n47282757,residential,45.666971,-122.684358,8,0,0,8,1.49,11X9EaaYZskZA2FAZuPC7g
vancouver:res:n47282761,residential,45.667726,-122.684348,11,0,0,11,1.3,xcm3pEq2TGrq4Daogtbi7A
vancouver:res:n47282854,residential,45.651528,-122.677886,3,0,0,3,13.93,Ruk9GPnoKaZ6R81SnYyAeA
vancouver:res:n47282861,residential,45.650824,-122.680801,6,0,1,5,5.73,e4jJ14YTylzuQq4mKponKg
vancouver:res:n47282953,residential,45.633806,-122.637549,8,0,2,6,3.94,3aHdvv6LqXaGEZ2O-Sl2EA
vancouver:res:n47282957,residential,45.633808,-122.636857,8,0,0,8,2.05,tYlh5XzJtj7_1TgWDoJffg
vancouver:res:n47282960,residential,45.63385,-122.63346,9,0,0,9,1.81,r69QJla7eC1fAre8X26_kA
vancouver:res:n47283170,residential,45.623805,-122.653209,9,0,1,8,2.15,Kr-GBzItHLk-KWo8va1emg
vancouver:art:n47283678,arterial,45.612918,-122.60033,9,0,0,9,2.73,DoSpTs4NYe6agFoJ4Mg4Kg
vancouver:art:n47284055,arterial,45.675552,-122.599394,7,0,0,7,4.37,_Sxv_-MhVs7xbG3IE0V2_w
vancouver:art:n47284623,arterial,45.656023,-122.604631,7,0,0,7,0.26,Uwfr_MtNea2C7fxBGodEXg
vancouver:res:n47284684,residential,45.656025,-122.56405,4,0,0,4,7.3,1ZFsOtsq7cI7eFOc4XgxnA
vancouver:res:n47284731,residential,45.655941,-122.528896,4,0,0,4,14.71,ioF183x9WP_dBxQQiDHI0g
vancouver:res:n47284974,residential,45.618973,-122.612735,7,0,1,6,2.59,EM4UIi-_lTp_CfkfY7FvtQ
vancouver:res:n47284979,residential,45.617583,-122.60874,8,0,0,8,1.76,cFXh2KXHm30JKsmSXde2kw
vancouver:res:n47285163,residential,45.630088,-122.618772,5,0,0,5,8.86,-_klWS8519cd2afWt8XNpA
vancouver:art:n47285168,arterial,45.662607,-122.682474,8,0,0,8,1.9,SB0sGRg266wUqJA4RAE_Fw
vancouver:res:n47285171,residential,45.662536,-122.683652,7,0,0,7,2.03,0c25ASB-E2sCzcsQre1Vpg
vancouver:art:n47285371,arterial,45.609961,-122.586499,8,0,0,8,1.09,F3G0J6a6OV2Jkw6YTFU_Bg
vancouver:res:n47285782,residential,45.620514,-122.593684,8,0,0,8,1.6,2_25tPQvG1G127JbCYjmrw
vancouver:res:n47285809,residential,45.620266,-122.589665,8,0,0,8,2.13,HY_QSmJV9VXUrICbTnqATg
vancouver:res:n47285829,residential,45.621883,-122.591707,7,0,0,7,2.18,eLlny-7GGYdBnkjGheGPog
vancouver:res:n47285992,residential,45.6345,-122.645746,5,0,0,5,3.66,JqvNnuLq4bHUnELIeUZPqg
vancouver:res:n47285994,residential,45.634377,-122.64378,7,0,0,7,2.21,t-Y8hKuGAQrtNFFROlgrPw
vancouver:res:n47286143,residential,45.607134,-122.558875,8,0,0,8,1.64,KykJwrwmqw6TzNyHllbFcw
vancouver:res:n47286251,residential,45.63923,-122.638065,8,0,0,8,4.27,4ZG-9W5tDfZtfDWFbvxnxw
vancouver:res:n47286253,residential,45.639291,-122.637549,9,0,1,8,2.25,KtBqZnDT3cR2jJmAvWq2sw
vancouver:art:n47286767,arterial,45.663192,-122.682472,5,0,0,5,2.82,q6ETfkuzq0nf76gyReWYwg
vancouver:res:n47287007,residential,45.672945,-122.596699,8,0,0,8,3.11,KO8_rgbyWCyOYvt-dOeN7w
vancouver:res:n47287009,residential,45.673954,-122.596939,7,0,1,6,6.47,73BS9tEVD20MXRwy5QAIdQ
vancouver:res:n47287088,residential,45.653654,-122.520026,7,0,0,7,1.8,hPgUwSF4yrJ8FA-wWL7PAQ
vancouver:art:n47287188,arterial,45.60973,-122.57633,7,0,0,7,1.98,inbC5cUL9LwoO9u5BsB3pg
vancouver:art:n47287190,arterial,45.608827,-122.57325,10,0,1,9,7.88,OtP_m3ee8iaxLGApBbvY2g
vancouver:res:n47287527,residential,45.647964,-122.540894,6,0,0,6,3.2,M4r53LvH5zW9vShYzN8Zig
vancouver:res:n47287605,residential,45.638308,-122.682135,7,0,0,7,3.35,ROpC1DRcLAZxOD9rkObUYg
vancouver:res:n47287735,residential,45.656132,-122.63926,8,0,1,7,2.1,h8m1FQSv0rro92700V5FJQ
vancouver:res:n47287760,residential,45.65721,-122.512505,1,0,0,1,24.56,QIA3nzKEtongA5Iwv2Hx4g
vancouver:art:n47287847,arterial,45.656155,-122.656723,8,0,0,8,1.45,ZL0VJnEBrfcmHJekF6dUDQ
vancouver:res:n47287860,residential,45.65584,-122.642575,7,0,0,7,3.9,55_2YKFcmF1VSOYf3sPpmQ
vancouver:res:n47287927,residential,45.61308,-122.543859,7,0,0,7,2.78,JESMK3Ms0IFXpwGeAvRHvg
vancouver:art:n47287930,arterial,45.612188,-122.54383,19,0,0,19,4.17,epx-pygkdC6S7v8sjZ3umQ
vancouver:res:n47287936,residential,45.610552,-122.543845,11,0,1,10,3.03,f7MFtqjc7O4VZuJSPft_lw
vancouver:res:n47287939,residential,45.609141,-122.543762,8,0,0,8,1.84,tSP9LmO1H-B6XaVYQ3yCQA
vancouver:res:n47287947,residential,45.607674,-122.543113,7,0,1,6,4.83,OyblzcR8DpUwhoYhqG6PhA
vancouver:art:n47288261,arterial,45.624395,-122.64858,7,0,0,7,3.42,a4809vyAuEY9MxaVL4WbWA
vancouver:res:n47288628,residential,45.626331,-122.543263,7,0,0,7,0.22,B7zrNgxply7AHWQvXECYNA
vancouver:res:n47288741,residential,45.60602,-122.533916,7,0,0,7,1.54,U0RR-QiomDIsMTGk86GDkg
vancouver:res:n47288787,residential,45.620101,-122.577495,7,0,1,6,2.65,1Nww-d_WDp830tWR0HxT5g
vancouver:res:n47288793,residential,45.620105,-122.575638,10,0,2,8,0.11,I75BmFvyik7JQOIrZhna7g
vancouver:res:n47288828,residential,45.642962,-122.644948,7,0,0,7,2.94,G6gDRhhoLk5LlViv3uYdiQ
vancouver:res:n47288832,residential,45.642955,-122.643883,9,0,2,7,4.75,Q330Y-B2R4JAWHQH0_O8Wg
vancouver:res:n47288847,residential,45.642939,-122.639551,11,0,0,11,2.76,SJ4sWQO-ZaDLd5SB5T-lbw
vancouver:res:n47288851,residential,45.642939,-122.638478,8,0,0,8,5.89,Bsb8UWw97u23g9jHa5GXhQ
vancouver:res:n47288915,residential,45.642866,-122.655359,7,0,1,6,5.31,J8L3iNfNn7H7wmrdw6IfGg
vancouver:res:n47288994,residential,45.635579,-122.663206,9,0,1,8,0.98,EYc9JAKu1zfqNTYVbRWVzw
vancouver:res:n47289057,residential,45.641408,-122.519722,10,0,0,10,2.82,CQ-GNlujGC-9ULBVBQ6C2w
vancouver:res:n47289129,residential,45.641366,-122.545531,9,0,0,9,1.27,tTLU1HppJ4EE9wVUB4vNBg
vancouver:res:n47289151,residential,45.641044,-122.54553,9,0,1,8,1.43,rT1Q0lv5BrdB5NlKNGX3-w
vancouver:art:n47289257,arterial,45.609151,-122.529783,10,0,0,10,4.19,pOeBrHmTyHWVS8cwmKjpyw
vancouver:res:n47289289,residential,45.660951,-122.681411,8,0,0,8,2.81,ZN0LPly78qsuQOcpO4PWag
vancouver:res:n47289302,residential,45.660896,-122.687906,9,0,1,8,0.15,KW27GZ64f_IXYA7qu7CfIA
vancouver:res:n47289311,residential,45.66057,-122.686275,8,0,0,8,1.4,y-kYtDV2WPCyCNMcfXFOVg
vancouver:res:n47289323,residential,45.661131,-122.676316,5,0,1,4,9.96,ZsndSx8RHs_Ya3P0vg0CaA
vancouver:res:n47289385,residential,45.616043,-122.568176,6,0,0,6,1.19,S-qUgRjDxBuNcXwRWTnJsA
vancouver:art:n47289389,arterial,45.614446,-122.568221,8,0,0,8,4.29,mA51PkJGQ4A8Q5VbZDO4Iw
vancouver:res:n47289392,residential,45.613723,-122.568492,6,0,0,6,2.9,SFVMbhTw5jQNmBb8ynSOug
vancouver:res:n47289396,residential,45.612771,-122.568494,8,0,0,8,0.84,4R3gf8rhu73Ish0ataLS8w
vancouver:art:n47289602,arterial,45.670969,-122.686845,8,0,0,8,3.22,nvS7mI5akbi9TB_S2W9GnA
vancouver:res:n47289612,residential,45.623315,-122.597624,8,0,0,8,1.1,ylJFLZpu1raxU5v6kuFOlg
vancouver:res:n47289614,residential,45.62528,-122.597624,7,0,0,7,2.01,3_D7hTy926_JkedDZwTgQw
vancouver:res:n47289780,residential,45.628891,-122.610183,5,0,2,3,3.71,ZscOxLGFmBmuUmQiEMda-w
vancouver:res:n47289782,residential,45.62871,-122.60905,9,0,1,8,3.36,UdhGUv5bAU_LBA9V9Wg8nw
vancouver:res:n47289784,residential,45.628331,-122.606638,11,0,1,10,1.86,w6RaicZVTFrUflFshaPWyg
vancouver:res:n47289788,residential,45.627401,-122.597788,8,0,0,8,3.41,dqxQeY0mjdNSA4IYXNWaNQ
vancouver:res:n47289789,residential,45.626955,-122.595865,11,0,0,11,1.78,b3sYpcdCC7Jnmkr99so0SQ
vancouver:res:n47290182,residential,45.639572,-122.547046,6,0,0,6,5.39,_WJxxFRJIDoAg13WuJjCLg
vancouver:res:n47290185,residential,45.639571,-122.545513,6,0,0,6,3.58,qdExUaX9cv8cdW5V4134Ng
vancouver:res:n47290201,residential,45.63959,-122.560313,6,0,0,6,2.69,s2eZAhJDrhsgWraE2_XXXQ
vancouver:res:n47290331,residential,45.621268,-122.592739,7,0,1,6,1.64,viqK9NJv-2KI0MEnionC2g
vancouver:res:n47290384,residential,45.633539,-122.540649,6,0,1,5,3.11,1ReKdLZ0Z3NP-UMtXvUS5w
vancouver:art:n47290518,arterial,45.656716,-122.656732,10,0,0,10,2.45,75prjxyf5Bi_SgiAOY09pA
vancouver:art:n47290522,arterial,45.656712,-122.653384,12,0,0,12,1.34,ZJQRLvVGscI30JwXe4C3VA
vancouver:art:n47290530,arterial,45.656744,-122.650878,6,0,0,6,4.94,anwxkEf8t1ALs7Acn3hSHA
vancouver:art:n47290541,arterial,45.656763,-122.648921,11,0,1,10,0.85,WfeKjND_za01oqAg6y0_Bg
vancouver:art:n47290557,arterial,45.656821,-122.642533,4,0,0,4,3.19,cRm8TsPTCny_kZbMGP0OlA
vancouver:art:n47290561,arterial,45.656857,-122.63927,9,0,0,9,2.24,C66fSzz4n2EzBN-M5aByYg
vancouver:art:n47290563,arterial,45.656862,-122.638213,5,0,0,5,2.35,2EwE4iO8crd-SobawTiTdA
vancouver:art:n47290657,arterial,45.657309,-122.52544,8,0,0,8,1.95,b-eJM6moMzfUQmUN-XFXNg
vancouver:art:n47290665,arterial,45.657347,-122.523538,7,0,0,7,1.56,S7i6OaFGZ_anPDYOn-7fYA
vancouver:art:n47290908,arterial,45.639743,-122.694723,9,0,0,9,2.82,SDZKNu3CRQ3oAoa19DiuDA
vancouver:art:n47291128,arterial,45.665856,-122.58385,10,0,0,10,2.82,Unn8kZ9d637Twv5SZWExow
vancouver:res:n47291204,residential,45.623454,-122.63521,10,0,0,10,3.53,MSqMeGmPhkpb1owiEsYTyg
vancouver:res:n47291207,residential,45.624452,-122.63522,10,0,0,10,1.88,AmtjSjJq4zuXHUdFCE8_SA
vancouver:res:n47291418,residential,45.619283,-122.578429,8,0,0,8,1.92,GsOMzjSGYPVi1sxVBrNnIg
vancouver:res:n47292357,residential,45.637474,-122.532466,7,0,0,7,3.36,AwHNsT3EGaJuM1XAl_PNog
vancouver:res:n47292364,residential,45.63586,-122.532677,2,0,0,2,10.53,-IFCC8f7MVErSTRTVS_TSg
vancouver:res:n47292441,residential,45.646563,-122.532655,8,0,0,8,0.96,orY7hTPrZ3bbCXB78Tf4uw
vancouver:res:n47292444,residential,45.648279,-122.53266,6,0,0,6,2.71,kyKk2HFmnI5M9hDhfjYrtQ
vancouver:res:n47292669,residential,45.651448,-122.669251,7,0,0,7,2.92,AXE9sAoBzGuMQaiTmv3_XA
vancouver:art:n47292674,arterial,45.615677,-122.585617,8,0,0,8,3.65,pg8SwY76E6B5SS2mnTFjSQ
vancouver:res:n47292969,residential,45.641819,-122.57728,6,0,0,6,4.23,3sDwn3F6YUO1MeG-bZkvpw
vancouver:res:n47292976,residential,45.641978,-122.594436,5,0,0,5,3.67,_PqokvlnQbBl5-XYZSNA_w
vancouver:res:n47292977,residential,45.641931,-122.59343,4,0,0,4,3.33,sa1NFG4jHpsJZAW4VXQuHw
vancouver:res:n47292984,residential,45.641966,-122.588384,7,0,0,7,1.7,n0ueKWRxqAUIyoPVGVqwdA
vancouver:res:n47293044,residential,45.642157,-122.545539,7,0,0,7,1.57,xyPlawKBu5DV3Lx-i6RYoA
vancouver:art:n47293258,arterial,45.629102,-122.578465,8,0,0,8,1.76,pe6NYF7Ehkpv_v1MQjD0oQ
vancouver:res:n47293272,residential,45.634279,-122.578576,8,0,0,8,2.85,Urhr4iPRE28R-zb26v2LRg
vancouver:res:n47293662,residential,45.622626,-122.548372,7,0,0,7,1.07,7T6QW-L_1dovNuzBEprW3g
vancouver:res:n47293664,residential,45.622652,-122.545001,9,0,1,8,2.6,D0KQdNvMDpTsPA6lGFcOTw
vancouver:res:n47293676,residential,45.623386,-122.522096,6,0,0,6,4.33,-rCoTWzLlDk2Osd-8zZusA
vancouver:art:n47293692,arterial,45.62284,-122.573223,6,0,0,6,1.5,lPmjSKQawtGZ9mcXYGwo9w
vancouver:res:n47294051,residential,45.640505,-122.58872,9,0,1,8,2.08,pCcg3pL2LdiUtNrebhvmiA
vancouver:res:n47294134,residential,45.640587,-122.519707,5,0,0,5,4.73,qIbwVm8B8SEFHd7IO4nz1Q
vancouver:res:n47294198,residential,45.646851,-122.539005,7,0,0,7,1.77,LKzMqtxK1_jBUUowXByahw
vancouver:res:n47294268,residential,45.651544,-122.539354,9,0,0,9,3.45,ZSMHGyQnQAVdeJPaGBDQ4Q
vancouver:res:n47294357,residential,45.633607,-122.539216,8,0,1,7,1.3,2ZkPlAF_CFUDlnuukPecHQ
vancouver:res:n47294358,residential,45.634295,-122.539237,6,0,0,6,6.94,GHIR7umkGwKI0Aw2XChTNQ
vancouver:res:n47294373,residential,45.644168,-122.539137,5,0,0,5,3.87,oH6D_AGIwdVWFYjBfNveQg
vancouver:res:n47294429,residential,45.63236,-122.538814,9,0,0,9,5.72,nx1TUJL_EWdgACVtwZMamg
vancouver:res:n47294565,residential,45.595522,-122.482396,5,0,0,5,1.89,oNnC1V9qNNUzkc-d1frvKQ
vancouver:res:n47294577,residential,45.596073,-122.482266,5,0,0,5,1.5,epcog1gA8Zb2qHsu2oYz1A
vancouver:res:n47294601,residential,45.606153,-122.481666,2,0,0,2,4.63,DTE_Tf1LQS05N8PeavKJnA
vancouver:art:n47294771,arterial,45.67386,-122.599391,8,0,0,8,2.28,QfkN6fy1diRxb9gVYa7zrg
vancouver:res:n47295475,residential,45.665289,-122.681414,6,0,1,5,4.31,gRqhIhNhygrwi3eUr5dyEw
vancouver:res:n47295496,residential,45.661773,-122.686274,5,0,0,5,5.0,hdIiRHXygCm2hhoKeAPcFQ
vancouver:res:n47295518,residential,45.617035,-122.581692,7,0,0,7,3.67,FimtTU_mC7lHvDULL-Hvbg
vancouver:art:n47295537,arterial,45.611478,-122.580725,7,0,1,6,6.15,OHHSWoZ5XFcsiWokONg0Bg
vancouver:res:n47296602,residential,45.642642,-122.593297,5,0,1,4,12.87,QM4N3eSCm-yuG38tLZIHug
vancouver:res:n47296643,residential,45.642067,-122.572956,7,0,0,7,3.7,KnTpmSXjzYpzkZXMbGz39Q
vancouver:res:n47297120,residential,45.669105,-122.534001,5,0,0,5,1.29,3xytgKM9Fqg0paqYOhA5yA
vancouver:res:n47298587,residential,45.593553,-122.490409,5,0,0,5,3.34,A1TsdGQeYlrUwKQoGvNiCg
vancouver:res:n47298898,residential,45.630416,-122.575386,5,0,0,5,10.19,JhpYKJHw4G_SLd3m3Iqypw
vancouver:res:n47299511,residential,45.619531,-122.601178,7,0,0,7,3.54,1mcU_or4EQ69UopS61JeEw
vancouver:res:n47299558,residential,45.64939,-122.523515,7,0,0,7,5.31,aXf92GcsGi6Gmmsigmu02A
vancouver:res:n47299624,residential,45.621237,-122.544993,7,0,0,7,2.46,ov-XAAfRbBi8UFvBknv2Vg
vancouver:res:n47299626,residential,45.621937,-122.545001,7,0,0,7,2.02,VRbHPPgaJEXUJnREbN4P5A
vancouver:res:n47299630,residential,45.623367,-122.545009,8,0,1,7,1.41,B6LZQP7otWqdxOCRbYhbTg
vancouver:res:n47299637,residential,45.624751,-122.545009,5,0,0,5,7.15,vNjbkeXqjpBhrVfZ9DiOLA
vancouver:res:n47299641,residential,45.627509,-122.545697,7,0,2,5,4.63,-GD6ab_6GlJtI4XsJAoQsw
vancouver:res:n47299669,residential,45.666458,-122.545404,9,0,2,7,2.61,DglsZCBncpWXehynskwT9Q
vancouver:res:n47299688,residential,45.630621,-122.545349,12,0,2,10,3.24,nliItHBTN3YFBqpm0mE0CQ
vancouver:res:n47299738,residential,45.638776,-122.545505,7,0,0,7,5.71,aPXrKwRJ8n0pCu37YHw5ig
vancouver:art:n47299749,arterial,45.644405,-122.545019,5,0,0,5,3.62,MPqkuDUITsin-85r25h5Vw
vancouver:art:n47299751,arterial,45.644826,-122.545011,9,0,1,8,4.21,BFeDubGUl1patC5QHHmihA
vancouver:res:n47299912,residential,45.642931,-122.594331,10,0,0,10,3.8,UdFU5pPMlBF7gTMXcxCqeg
vancouver:res:n47299937,residential,45.643371,-122.553292,7,0,0,7,4.31,cH7ZIyR2JKcnD-1V6Yb4LA
vancouver:res:n47300021,residential,45.650893,-122.52997,6,0,0,6,4.02,uh9Xs0AVCTjHUc9IuJl0aA
vancouver:art:n47300192,arterial,45.611127,-122.592419,7,0,0,7,5.79,V8V_BIh8rgH8fZPlAqUDUQ
vancouver:res:n47300698,residential,45.66912,-122.593905,5,0,0,5,3.15,oFofkciS4cS-VNmUDwgipg
vancouver:res:n47301209,residential,45.620895,-122.649514,5,0,0,5,2.99,lEw6fPsx3alY6gBn9oU6DA
vancouver:res:n47301287,residential,45.644058,-122.593195,8,0,0,8,1.87,DbgGEyjtl1S73HY4tkMTTg
vancouver:res:n47301394,residential,45.633791,-122.575228,12,0,1,11,3.74,Bv_YHRWNilXmnTxC89PXtQ
vancouver:art:n47301426,arterial,45.670217,-122.75773,5,0,0,5,2.62,0xH5-QfGjg4skWImN931Aw
vancouver:res:n47301819,residential,45.624465,-122.634204,9,0,1,8,0.65,qNF1Szb3UTHSi2dVAzD-Iw
vancouver:res:n47301821,residential,45.624446,-122.633184,8,0,0,8,2.91,m5YcmoLateO52kqMy2aMZQ
vancouver:res:n47301935,residential,45.612366,-122.522933,6,0,0,6,5.05,LxgX7t9j6SSRj3gDo58IuA
vancouver:res:n47302294,residential,45.635877,-122.643539,10,0,2,8,3.99,_uh0AE4B1qhtlvuR6r6Cdg
vancouver:res:n47302303,residential,45.639207,-122.643951,10,0,0,10,1.24,FJiFJ9jATPA7I6DYWpvkdQ
vancouver:res:n47302307,residential,45.639921,-122.643934,9,0,0,9,1.05,Wsqb0r3AyOFYAof4kg-Y1A
vancouver:res:n47302332,residential,45.641344,-122.643918,8,0,0,8,1.75,CokKzTX7wAeQzVzZCgOeGg
vancouver:res:n47302355,residential,45.626809,-122.643376,7,0,0,7,2.41,dlZKjTit4HHKoo12pYuh2A
vancouver:res:n47302359,residential,45.627529,-122.643369,9,0,1,8,0.8,d0kvPyxeBU8aVZ0bHFOraA
vancouver:res:n47302424,residential,45.659022,-122.65212,8,0,2,6,2.49,RnrElSaJFK0DskrGa_TSqg
vancouver:art:n47302439,arterial,45.658698,-122.635997,9,0,0,9,1.48,qgtHQtzOPgAgY3kMCwES4Q
vancouver:res:n47302450,residential,45.658263,-122.639669,6,0,0,6,3.45,MT274dKTcA5tqBy78NNcww
vancouver:res:n47302452,residential,45.658273,-122.638641,7,0,0,7,1.27,k4kXGcrqzyo4vfjtDIZWRA
vancouver:res:n47302554,residential,45.659045,-122.648927,8,0,0,8,1.23,jc62lz5Pte9NZOdhLitxwg
vancouver:res:n47302570,residential,45.659273,-122.526822,5,0,0,5,3.58,Mk9tBC_5-9IXscGjuh7tbg
vancouver:res:n47302582,residential,45.658782,-122.529304,9,0,1,8,1.87,6noxLzP97qGR3pGjTwahrg
vancouver:res:n47302615,residential,45.653651,-122.67897,3,0,0,3,11.33,29W4nTQs27bYZnWvgpJHDA
vancouver:res:n47302856,residential,45.612368,-122.525107,9,0,1,8,2.69,6sHvZMf0J8ehSwDFGxxHYA
vancouver:res:n47303352,residential,45.626133,-122.523375,7,0,0,7,1.69,-auHpkXCDYTENsUou_OE7Q
vancouver:art:n47303469,arterial,45.655251,-122.656678,6,0,0,6,6.62,hfSeb7xZRxn_ca1OfekbpA
vancouver:res:n47303605,residential,45.669684,-122.687302,8,0,1,7,1.89,Jy140QK2J02_Nvo9DVvBxg
vancouver:res:n47303615,residential,45.658708,-122.686274,7,0,0,7,1.06,2NURB11RqfUil8vd0iIZ7g
vancouver:res:n47303622,residential,45.659384,-122.686275,7,0,0,7,1.5,7AYoYMPX4apcnqjOcTADEQ
vancouver:res:n47303625,residential,45.659929,-122.686275,8,0,1,7,1.8,Aw1J3xOJ7EwMGE8MiW38Ng
vancouver:res:n47303635,residential,45.663024,-122.686273,9,0,1,8,2.49,o08VdHvJTWLKzVWz-h0hcw
vancouver:res:n47303639,residential,45.664383,-122.686272,10,0,3,7,2.98,F1KXlsh0EkhoG9WStGwAcA
vancouver:res:n47303643,residential,45.665572,-122.686274,7,0,0,7,1.82,_0QpzwrlrsWu2zM6r84eTQ
vancouver:res:n47303652,residential,45.666991,-122.686307,8,0,1,7,1.53,DWUubIfP8NcP0aLy1LY6Kw
vancouver:res:n47303655,residential,45.667731,-122.686242,10,0,0,10,2.9,BgfFnMpD7qZGcG6fZmXjJQ
vancouver:res:n47303657,residential,45.668438,-122.686244,7,0,1,6,2.98,cAZa9MrmD-J_Zt8NsVWFXA
vancouver:art:n47303752,arterial,45.67051,-122.531717,8,0,0,8,2.52,eVTOx80dEa5R3blDKH9uLw
vancouver:res:n47305361,residential,45.621215,-122.548361,6,0,0,6,6.37,IKn-PgSf7BOBwpSJzheUvA
vancouver:res:n47305363,residential,45.621922,-122.548368,7,0,0,7,3.98,EmBXyD3s2skewYRtW_Xj9g
vancouver:res:n47305397,residential,45.646336,-122.548055,12,0,2,10,2.18,TJYB-xZP8_FQDgmkzrAPqw
vancouver:res:n47305398,residential,45.647337,-122.548076,6,0,0,6,4.78,ZyJJ3dduu1u20xfED2w9Og
vancouver:res:n47305403,residential,45.648138,-122.548081,7,0,1,6,9.41,Ooxr_fTTbTSBCAkix-ExYA
vancouver:res:n47305405,residential,45.648932,-122.548081,9,0,1,8,6.03,icly4q1l6-gqPEbQwfL45Q
vancouver:res:n47305598,residential,45.594804,-122.521218,5,0,0,5,3.92,kH7DbG7A7hrA-6ziPnAjKA
vancouver:res:n47305767,residential,45.638609,-122.63904,11,0,1,10,2.39,J7r0E6Mgn0d01LVpGCqUgA
vancouver:res:n47305771,residential,45.639328,-122.638926,9,0,1,8,2.57,3jl_Lp5i3sHFNfCFJYboWA
vancouver:res:n47305849,residential,45.658721,-122.526783,10,0,0,10,0.9,ENd3RlkQkCSI75nZGNeg1g
vancouver:res:n47306232,residential,45.62913,-122.526643,6,0,0,6,1.57,V7ReN85DKT2QcHr-RuP4BQ
vancouver:res:n47306242,residential,45.630606,-122.527518,8,0,0,8,2.28,27QI-UFlOVW1qDDpZbb1qw
vancouver:res:n47306527,residential,45.63354,-122.541821,9,0,0,9,3.04,PfC6Lc0lGi5vTnMg7OERWA
vancouver:res:n47306590,residential,45.627924,-122.541013,6,0,1,5,0.45,B6PsPGWNuN6vbKUe1qEyVA
vancouver:res:n47306655,residential,45.661823,-122.676314,7,0,1,6,4.82,TAbOUWDbfPnvBNdz7O07Pw
vancouver:res:n47306659,residential,45.660336,-122.676308,10,0,1,9,1.82,ieqGJAr75MplNhmtP3ELuQ
vancouver:res:n47306667,residential,45.638617,-122.636664,7,0,1,6,6.67,dK8vAyXfvBe7hrsGoC0FmQ
vancouver:art:n47307327,arterial,45.650294,-122.515952,5,0,0,5,5.41,EHPcTt6K0sQJa8aFm7n_Qw
vancouver:res:n47307329,residential,45.651018,-122.515949,6,0,0,6,3.86,iSzKGoq2pQvte6KdHh11oA
vancouver:res:n47307337,residential,45.653341,-122.51558,9,0,1,8,0.69,tpgjqpNsfBv1jR3ONo1RXg
vancouver:res:n47307401,residential,45.626188,-122.516991,9,0,0,9,4.91,prv5NldK1g_CpIwJjnHThw
vancouver:res:n47307495,residential,45.644506,-122.515907,9,0,0,9,0.65,69Eeyht_nRvJavpGePUsoA
vancouver:art:n47307499,arterial,45.621167,-122.516946,11,0,0,11,4.21,tkR1thWkZBrnAlXXvYwv_g
vancouver:res:n47307501,residential,45.621942,-122.516952,6,0,0,6,4.28,pkjfqgizDiIuHtzJLYmoVg
vancouver:res:n47307505,residential,45.623686,-122.516944,9,0,0,9,0.77,9Ndt8656CdBhmWN4M8zLng
vancouver:res:n47307593,residential,45.594617,-122.489438,5,0,0,5,4.61,FgA1NXWx2XFKwqu0Y-em0w
vancouver:res:n47307691,residential,45.612375,-122.524006,7,0,0,7,2.42,U_Jj9L9kibINDCAQoqTEMQ
vancouver:res:n47308120,residential,45.618876,-122.599015,8,0,0,8,2.4,2P70TuZG1DvKT3aSraQ54w
vancouver:res:n47308122,residential,45.617039,-122.599102,8,0,0,8,3.28,KkKz4ELVv48c3X-bSoPfEg
vancouver:sig:n47308634,signalised,45.682321,-122.597864,16,0,0,16,3.61,XmOMIYDCdpjkJbZQsP2GPw
vancouver:art:n47308718,arterial,45.682761,-122.594938,13,0,0,13,3.94,JuPHrKc6uOe3mQgFtpuflw
vancouver:res:n47308946,residential,45.606473,-122.507525,5,0,0,5,2.49,F8_G_uAt1ADlRlBiQ9DToQ
vancouver:art:n47309359,arterial,45.607885,-122.578819,5,0,0,5,2.63,vsm6MuVITMLxA1U3Ma0OJg
vancouver:res:n47309565,residential,45.617029,-122.578014,7,0,0,7,3.27,35wCWIvt5PtygIB0wBoQUg
vancouver:res:n47309680,residential,45.645686,-122.581167,3,0,0,3,2.98,X9rxHLuLrAM1yBKyDPYm4A
vancouver:res:n47309760,residential,45.646164,-122.540342,6,0,0,6,2.29,M70-_GJ8KQAn3cIdcCHTXA
vancouver:art:n47309948,arterial,45.667871,-122.691561,5,0,0,5,2.93,JvsyCsJjdShgQG3FKObnhA
vancouver:res:n47310729,residential,45.638548,-122.668172,1,0,0,1,20.55,IiZJAQLhZl4mTDEolqyBzw
vancouver:art:n47311108,arterial,45.64437,-122.537194,8,0,0,8,2.12,L8IVzAICtcXUy3jMIoGUTw
vancouver:art:n47311173,arterial,45.597391,-122.537012,6,0,0,6,2.48,cx6X88pENVa96EN_Vw_gUw
vancouver:res:n47311281,residential,45.639501,-122.675064,10,0,0,10,1.56,pSYXuWlnZDzR5aFVgsyCVw
vancouver:res:n47311296,residential,45.641708,-122.674987,8,0,0,8,1.75,uZ67GFYaTzSeZqOOJ2WWVQ
vancouver:res:n47311369,residential,45.661812,-122.674678,6,0,0,6,3.99,w9TWCCqoqtwbQeK9J3wvwA
vancouver:res:n47311615,residential,45.625144,-122.538236,8,0,0,8,4.42,eeUO-qQjr1ENaKLIsfBDUQ
vancouver:res:n47311660,residential,45.626703,-122.592597,8,0,1,7,0.71,kIvATrWXP0W-w4c1InoNKQ
vancouver:res:n47311682,residential,45.610457,-122.541657,8,0,1,7,2.23,nFH-YYlS728MmvJkLoz5vQ
vancouver:res:n47311695,residential,45.607989,-122.540893,5,0,0,5,3.7,9ypNUP3IYNe0P57Feeww_A
vancouver:res:n47311700,residential,45.607388,-122.540496,8,0,0,8,2.12,FM0ax9lCgGmWG8k6htll3A
vancouver:res:n47311982,residential,45.606402,-122.515405,7,0,0,7,4.71,4m7qj7gtthH-paSxpa60rw
vancouver:res:n47312021,residential,45.607934,-122.547211,9,0,4,5,7.06,-uPmXR-XsqsqP3pYau0Xrw
vancouver:res:n47312029,residential,45.607001,-122.545587,7,0,1,6,1.83,ENsI9Hj9rd_94EeVrflboQ
vancouver:res:n47312047,residential,45.607557,-122.539395,10,0,0,10,4.49,C7YwxduWZzAtH4PK7zbFOA
vancouver:res:n47312050,residential,45.607722,-122.538357,8,0,0,8,5.62,TL4azE8hFNyQxSb9bmaYMg
vancouver:res:n47312059,residential,45.622793,-122.611855,8,0,0,8,4.19,mjYH0bk7usv_xHf7WJ9mRQ
vancouver:res:n47312066,residential,45.621194,-122.606557,7,0,0,7,4.09,8yNjh51wG1pwtTcYcLc42A
vancouver:res:n47312070,residential,45.620852,-122.60546,7,0,1,6,4.57,iX_Kgh7UgdSxEM1oiHAz6g
vancouver:res:n47312073,residential,45.619607,-122.603031,8,0,1,7,6.65,eJYjv2HdWDvtQbqZlmAk6A
vancouver:res:n47312175,residential,45.607669,-122.545489,8,0,0,8,2.66,K1R3HElUnI39PtQOGUAAkQ
vancouver:art:n47312479,arterial,45.620939,-122.519971,8,0,0,8,2.16,db_sn5HAQp3xZ6iRJlZ7Iw
vancouver:res:n47312557,residential,45.606062,-122.483193,5,0,0,5,3.71,llkyETqkMr6GmMRYO87UHg
vancouver:res:n47312998,residential,45.621806,-122.61783,8,0,0,8,3.52,mT-J8Vs9U6LvlzxrlLDvVQ
vancouver:res:n47312999,residential,45.621688,-122.614893,9,0,1,8,2.79,XvSl9vG_l-zsRQktRDYFTw
vancouver:res:n47313211,residential,45.624453,-122.519897,6,0,1,5,5.8,J0Z83aEpabnC-AeQ-2yFCg
vancouver:art:n47313974,arterial,45.618483,-122.615994,8,0,0,8,4.1,VHhEs1akRUtPr9LJcJxs3w
vancouver:art:n47313978,arterial,45.617898,-122.614586,11,0,0,11,2.32,nBWXRiO9UbApROeUcTzxvQ
vancouver:res:n47314271,residential,45.622545,-122.617243,9,0,0,9,5.22,J6lYHYr6NzETA7aImZz5Yw
vancouver:res:n47314273,residential,45.624176,-122.615511,7,0,1,6,1.91,G8Bj_0guypnK9lcfCD42kQ
vancouver:res:n47314651,residential,45.627947,-122.537646,8,0,0,8,2.33,IPxCBOvQGPTTemv0TrU3iQ
vancouver:res:n47314767,residential,45.640108,-122.664144,7,0,0,7,2.23,CKIOHzO2Dipaqh3lImpMww
vancouver:res:n47315282,residential,45.624423,-122.570345,6,0,0,6,5.08,HtBvuWbduS-MsqrwwVINTA
vancouver:res:n47315300,residential,45.649338,-122.569501,7,0,0,7,1.34,tw3nfLWIZay0ED9BsabjZg
vancouver:res:n47315339,residential,45.603674,-122.486344,7,0,0,7,3.12,3FeJEY0wy2uSu2FtPW5PgQ
vancouver:res:n47316039,residential,45.609334,-122.518482,10,0,1,9,2.35,zCIKHyYpdBTzWGDMp2UzjA
vancouver:res:n47316268,residential,45.648814,-122.543985,11,0,0,11,1.28,MWY_IESJuED6iBQBD8pvFA
vancouver:res:n47316275,residential,45.647402,-122.54386,10,0,1,9,2.32,4ynELJCsWzMyx0uyYKgR3g
vancouver:res:n47316305,residential,45.6515,-122.544308,6,0,0,6,5.29,PgPKE5nARXyP9c2x3hKlUA
vancouver:art:n47316453,arterial,45.596487,-122.519758,13,0,1,12,2.76,GUEbFnTCS3fyYS6kPA8y-A
vancouver:res:n47317603,residential,45.620604,-122.597593,10,0,0,10,0.86,2tX5swU5q22dpGg7pwpM3g
vancouver:res:n47317618,residential,45.622573,-122.598665,7,0,0,7,1.18,naZnGCXGKR0ukVtnwnhM3A
vancouver:res:n47317622,residential,45.622564,-122.597602,8,0,1,7,1.88,KDMzFPuWPvv5T3zAM36-Sg
vancouver:res:n47317626,residential,45.622561,-122.596537,3,0,1,2,22.78,BtSIrwKyJxqvWORi84xUXA
vancouver:res:n47318190,residential,45.643685,-122.513055,9,0,0,9,2.55,rGyuAdcZGDLT5b5OYq4utA
vancouver:res:n47318209,residential,45.644222,-122.517349,4,0,0,4,5.87,25EmYL0zvs7MmX1dPLNUTg
vancouver:res:n47318242,residential,45.644839,-122.54301,7,0,0,7,3.44,25IuJP6ibYRoqOYdP6pSgg
vancouver:res:n47318249,residential,45.644838,-122.541916,11,0,0,11,2.49,nalw6WfKBAdQRG7yhJh7uw
vancouver:res:n47318252,residential,45.644841,-122.540347,7,0,0,7,6.37,utBasyChejzOYGepJWWLIg
vancouver:res:n47318281,residential,45.644726,-122.525058,8,0,0,8,2.11,4uZy9uLh1IyCU0LdDfy04g
vancouver:res:n47318310,residential,45.644896,-122.570853,7,0,0,7,2.35,XUpO55EHvax9PwzJ3XOSeg
vancouver:res:n47318468,residential,45.622925,-122.618174,8,0,0,8,1.49,xkombyNIFGMhW6M_Z2lxKQ
vancouver:res:n47318470,residential,45.622513,-122.615965,8,0,0,8,1.36,9XlfiSjMHLYtKiFbTExrSw
vancouver:res:n47318473,residential,45.622401,-122.614776,10,0,1,9,1.59,jHt-dMPXHFigtLYqmOVIVQ
vancouver:res:n47318475,residential,45.622289,-122.613608,9,0,0,9,1.18,nAuaXY_HymTxLNCAl4-yHA
vancouver:res:n47318815,residential,45.633548,-122.543672,7,0,0,7,3.13,-Dv2ljTYi7NjpVsg9jsnjA
vancouver:res:n47320631,residential,45.623917,-122.620676,6,0,1,5,5.96,myDuDLSKuCl3fNdBo8I9cQ
vancouver:res:n47320638,residential,45.623902,-122.619116,8,0,1,7,4.33,enPapnuK21kf0gmhXzAlTw
vancouver:res:n47320948,residential,45.603606,-122.522835,5,0,0,5,4.33,HKYcDOIHTymf7haFGEXA7g
vancouver:art:n47321207,arterial,45.649957,-122.638207,6,0,0,6,1.94,JyTIdgvINuHxtwIR87MlFQ
vancouver:art:n47321234,arterial,45.663376,-122.63642,6,0,0,6,1.86,QORfo0ARGaZWi4uTFXZunA
vancouver:res:n47321401,residential,45.651505,-122.542553,9,0,0,9,3.91,YGhuvH7qrZNhUfRU0nohpQ
vancouver:res:n47321421,residential,45.648627,-122.54293,9,0,1,8,4.36,uNI-dL8ESIjCXt2MEkvLYw
vancouver:res:n47321423,residential,45.6474,-122.542937,8,0,0,8,0.9,45umNMp4uYvkeY71wtv9_w
vancouver:res:n47321467,residential,45.629706,-122.543022,6,0,0,6,3.06,fQEi_Rvuq6A_GoXlbAeB5Q
vancouver:res:n47321469,residential,45.630641,-122.54302,6,0,0,6,3.85,C2_jKR-mU6AMSKsq3yzR6Q
vancouver:res:n47321682,residential,45.62717,-122.594636,12,0,1,11,1.22,oRaum1PAJm_B0U83cN7gKA
vancouver:art:n47321973,arterial,45.661265,-122.647796,6,0,0,6,5.03,3F-b09h5avXfZA7CXkzgmw
vancouver:res:n47322657,residential,45.664162,-122.636998,4,0,0,4,7.02,S27C6bIaaI9qQLYuxZeUCg
vancouver:art:n47322773,arterial,45.622453,-122.63677,7,0,0,7,1.15,8eNRFPLcz6zn68nqXSQJag
vancouver:res:n47323260,residential,45.637679,-122.690929,9,0,0,9,1.06,KJIXYNvxMZC3pRlQLXyGMA
vancouver:res:n47323284,residential,45.637606,-122.682152,10,0,0,10,0.64,uSG1w9Y2xip61qEvUW1UcQ
vancouver:art:n47323791,arterial,45.62862,-122.620792,6,0,0,6,3.69,aZ-7ycIiFFgKhXC0UaEEWQ
vancouver:res:n47323919,residential,45.623316,-122.598687,10,0,0,10,4.82,8ySZ7RxYrK5SdWoga6PmSQ
vancouver:res:n47324288,residential,45.611403,-122.576026,8,0,0,8,4.82,wiJKLqKn6y2yXF6a1Fkwmw
vancouver:res:n47324394,residential,45.611252,-122.511572,6,0,0,6,6.13,tmqTORPVHGEYgCAIIyXnaw
vancouver:res:n47324514,residential,45.623282,-122.54967,9,0,1,8,4.04,w2rheYFJMm8CIEQrRSyMdQ
vancouver:res:n47324516,residential,45.624048,-122.549693,8,0,0,8,2.81,qPpTlaXDg27dtubUEGSj8w
vancouver:res:n47324519,residential,45.624778,-122.549613,8,0,0,8,4.96,sIq8hy06JqrbOhA4lZ4bnQ
vancouver:art:n47325352,arterial,45.659917,-122.682476,7,0,0,7,2.37,f2xhM6xPc7XeOjM4GmrVOw
vancouver:res:n47327388,residential,45.607963,-122.556761,9,0,0,9,1.36,KkbWoCstU4rGyeJ-13hwMA
vancouver:res:n47327855,residential,45.610141,-122.576031,9,0,1,8,2.99,bL-oR4lHMRutmI-7zGkHcA
vancouver:res:n47327937,residential,45.609921,-122.539469,6,0,0,6,6.8,-cKtkrbKEmUm5AB_yu18Wg
vancouver:res:n47327939,residential,45.610567,-122.542681,7,0,0,7,2.95,QtmHzoDFxf1jDPahFl-pfQ
vancouver:res:n47327942,residential,45.610542,-122.544931,6,0,0,6,2.57,rrfm8zSCWN0x0EQ5OVH7mQ
vancouver:res:n47327953,residential,45.610654,-122.547371,7,0,0,7,7.82,u0GhTEMJEaA3oM0bWxmmPQ
vancouver:res:n47327957,residential,45.610459,-122.548432,7,0,0,7,1.4,fZWPWBgQJvLlPCAOgsnA7A
vancouver:res:n47327961,residential,45.610423,-122.549121,7,0,0,7,1.83,c7MDqhDQtDMBC1sS9gPS6w
vancouver:res:n47327964,residential,45.610495,-122.550318,6,0,0,6,4.72,pGNRN9pI-JkJaM1ruL5BAA
vancouver:art:n47327970,arterial,45.610395,-122.561299,4,0,0,4,6.61,CFdebsErAP5C63e2pwD7sw
vancouver:res:n47328228,residential,45.601585,-122.529734,7,0,0,7,4.18,gWaXfAUd3U8is_a-mxPI1g
vancouver:res:n47328313,residential,45.621359,-122.625225,7,0,2,5,4.69,5zau4uzCJIS78jSu3h9HKw
vancouver:res:n47328317,residential,45.622198,-122.626225,11,0,0,11,3.33,YHaniEecqx7YNKU4Nkf0Vg
vancouver:res:n47330044,residential,45.612468,-122.528835,7,0,0,7,3.64,ZCkWLmmUdRAu-WALqQuM9A
vancouver:res:n47330387,residential,45.621727,-122.519936,8,0,0,8,3.11,-xSyozXIJRmA7EEAveXWwg
vancouver:res:n47330766,residential,45.663404,-122.584498,8,0,0,8,0.85,cDmyQGj1Z_BmBvCf6Xd8jQ
vancouver:art:n47331002,arterial,45.624437,-122.650363,8,0,0,8,1.76,Nd9JkVruHUDytLHVet886Q
vancouver:res:n47331004,residential,45.625143,-122.650338,11,0,1,10,2.03,SJS4ggZBU7RiLu4rgVc0zw
vancouver:art:n47331232,arterial,45.673069,-122.599392,8,0,1,7,4.9,DjMH8EAQetfTl1-q0UOi7Q
vancouver:art:n47331236,arterial,45.673408,-122.599395,8,0,0,8,2.15,YsPP9Tmdv9pTNW7__060qA
vancouver:art:n47331954,arterial,45.609707,-122.561304,5,0,0,5,4.0,7tMkfc9JfyIEXUycqWC7Ow
vancouver:res:n47332125,residential,45.609555,-122.573301,9,0,2,7,3.41,u_IHachWggeIFLKhnhKqfA
vancouver:res:n47332188,residential,45.630023,-122.588422,11,0,0,11,2.98,k7A0lj8QWOVHNJuBgf-OPg
vancouver:res:n47332401,residential,45.624455,-122.588699,6,0,0,6,6.67,oNxsK6CnU8bBhTfSQn6n9g
vancouver:res:n47332405,residential,45.625188,-122.588701,9,0,1,8,6.75,OJ019L2U68mnLiDFTaoXTw
vancouver:res:n47332410,residential,45.62599,-122.588721,6,0,0,6,3.37,6XLOmDx3AdRwZ9B-5AN5CQ
vancouver:res:n47333258,residential,45.613841,-122.550024,9,0,1,8,3.16,QP5ilFHcLzIBmqtAh8nA_A
vancouver:art:n47333260,arterial,45.613199,-122.550281,12,0,1,11,6.55,d49jwjGbgA-5vbD9OfIMUQ
vancouver:res:n47333342,residential,45.592151,-122.492791,8,0,0,8,2.11,XPRMMz1lXJCSgu8juQztLA
vancouver:res:n47333353,residential,45.592016,-122.491725,8,0,0,8,1.84,syyW7tInX_WIHneNIM75gA
vancouver:res:n47333813,residential,45.616058,-122.571245,9,0,0,9,1.09,LxdZNDcCLxGPhws1M3XpwA
vancouver:art:n47333818,arterial,45.614458,-122.571318,9,0,0,9,2.21,dVQrayIezAjZ-OUzG_gNcA
vancouver:res:n47333821,residential,45.613505,-122.570904,7,0,0,7,4.46,pKuc48YgFvw0H51PgX-DAA
vancouver:res:n47333827,residential,45.612774,-122.570895,4,0,0,4,6.7,bGGuaMEAwPLueFzw0BCMkA
vancouver:res:n47333846,residential,45.629178,-122.62536,7,0,0,7,2.58,nHtsssMTHAbAOYKrSX28-A
vancouver:res:n47333861,residential,45.605793,-122.537157,6,0,0,6,6.37,r_wCHMqb57_Yb4BEDNh_1g
vancouver:art:n47333954,arterial,45.614254,-122.551785,9,0,0,9,5.14,z3dsQKWTMNrHjexSoPLYvw
vancouver:res:n47334787,residential,45.622421,-122.646985,8,0,1,7,5.63,CgfuxLA-geXBOYgBHcGo9A
vancouver:res:n47335117,residential,45.623316,-122.542005,10,0,0,10,4.5,wi1FYm9sKOfWgwfsQCTNjw
vancouver:res:n47335685,residential,45.614018,-122.604377,13,0,0,13,1.97,dPKz_aw_dfT4SAByz5OfuA
vancouver:res:n47335690,residential,45.613464,-122.602148,14,0,1,13,4.94,S9bIIW6tOxw95y_SOoAZqQ
vancouver:art:n47335705,arterial,45.611647,-122.59629,9,0,0,9,2.63,kbHP2BRGAeCL_Kygz_VHPQ
vancouver:art:n47335709,arterial,45.61154,-122.595347,11,0,0,11,2.61,DKC_e3ix1jupR0XH99FI0A
vancouver:art:n47335720,arterial,45.61017,-122.587526,8,0,0,8,1.72,nrnOV4LrAxXLxu4QH0OUcQ
vancouver:art:n47335725,arterial,45.609805,-122.585689,7,0,0,7,2.88,-ICNCuGP758YbbTt89KBOw
vancouver:art:n47335738,arterial,45.607602,-122.578066,7,0,1,6,1.96,lfBSEUSm2VVp4P9lhtqBrg
vancouver:art:n47335746,arterial,45.606696,-122.575632,4,0,0,4,5.52,S2A3cqKeymRov9agH1Erqg
vancouver:art:n47335749,arterial,45.606305,-122.574536,7,0,0,7,0.98,qXag9_mYw5zRy5_bqKBpqA
vancouver:art:n47335752,arterial,45.606077,-122.57395,5,0,0,5,2.18,M1JgDlQD81wqZ_DmW9weJg
vancouver:art:n47335756,arterial,45.605895,-122.573416,8,0,0,8,4.49,IFfwj2DGWcQuCOAql5UREQ
vancouver:art:n47335760,arterial,45.605153,-122.571256,7,0,0,7,5.05,OBI4wVCtiSeUO1AiO-K-2A
vancouver:art:n47335786,arterial,45.601903,-122.557009,4,0,1,3,4.96,L04LqHQuBfx1Sjq5EYbhlg
vancouver:art:n47335856,arterial,45.59061,-122.510017,5,0,0,5,2.4,S1JzlVqnJSbPFbMA1Ilcxw
vancouver:art:n47335877,arterial,45.589963,-122.503809,8,0,0,8,3.34,d3nEPsfAxb-ivcdU5jhWkQ
vancouver:art:n47335881,arterial,45.589821,-122.503103,8,0,0,8,3.87,hAmA2vX0ivpf8faDrBVrmw
vancouver:art:n47335887,arterial,45.589447,-122.501987,7,0,0,7,1.24,CFDVKxXIG26-9YH08s14KQ
vancouver:art:n47336108,arterial,45.64026,-122.682193,9,0,0,9,2.37,5Vi90hgK8EosIcszn3r-UA
vancouver:art:n47336120,arterial,45.640338,-122.685534,4,0,0,4,8.14,3GHEXC9jggTk_FI6CpAYdg
vancouver:res:n47336536,residential,45.633257,-122.571565,7,0,0,7,1.95,c9l5Br10krfPqXBNgdDpgA
vancouver:res:n47336546,residential,45.648752,-122.570764,7,0,0,7,1.93,CV6gOLCUHHsuElKaPHgOHA
vancouver:res:n47336550,residential,45.650154,-122.57086,7,0,0,7,5.4,LlPFfGln1nED7yl6TaWrSw
vancouver:art:n47337266,arterial,45.628372,-122.537649,9,0,0,9,0.43,6w4qSbIP1FPegcwL3e9F5w
vancouver:res:n47337476,residential,45.619593,-122.606716,7,0,0,7,1.43,mYj_PxHtOFT9LgcqxhJOUA
vancouver:res:n47337556,residential,45.611649,-122.510343,8,0,0,8,2.07,Hnb2WkOuU_xiKYl903iPeg
vancouver:res:n47337559,residential,45.61265,-122.510357,11,0,0,11,1.55,5D36w92fP5yBD-nfzOYh4Q
vancouver:res:n47338230,residential,45.613322,-122.546625,7,0,0,7,2.73,ipc1IsBuHfGFABEOKtpxMw
vancouver:res:n47339077,residential,45.61959,-122.607882,8,0,1,7,2.08,AQ-22YPsteTBkKEqJ0nM1w
vancouver:res:n47339079,residential,45.619601,-122.605564,7,0,0,7,1.21,PnPIRO-G9LKFZU2vFfy1vA
vancouver:res:n47339090,residential,45.618557,-122.597948,6,0,0,6,4.26,o7l4hEmrYvDwYKcM5_KeSA
vancouver:res:n47339202,residential,45.638628,-122.637564,8,0,1,7,5.11,O6noE5rRmfGxTvrx7p4jlg
vancouver:res:n47339303,residential,45.623306,-122.600834,9,0,0,9,0.33,OnDjjIvYiuYYjnZZwtGaSQ
vancouver:res:n47339304,residential,45.624048,-122.600834,8,0,3,5,6.73,PGGQ3ze2GNXpJ-x1FMOGVw
vancouver:res:n47339688,residential,45.619394,-122.575982,7,0,0,7,1.46,jrh1uzYV8FXRzsRLPOnrBw
vancouver:res:n47339692,residential,45.619391,-122.575637,8,0,0,8,4.13,113yh0k-FOg8fr-lRAGMOg
vancouver:res:n47339986,residential,45.640604,-122.634867,2,0,0,2,3.21,Ngea2uThb-G-_98FaJnZdA
vancouver:res:n47340118,residential,45.62346,-122.634203,9,0,1,8,3.49,mF_KlCSmaAoQcGU2p8NcVw
vancouver:art:n47340212,arterial,45.620942,-122.562833,14,0,0,14,3.26,-xe4Q3Wlq3bAMu5t8i9KCg
vancouver:res:n47340213,residential,45.619517,-122.562824,8,0,0,8,2.81,J_LP17AgNqti4zf400M7OA
vancouver:res:n47341382,residential,45.607115,-122.555553,4,0,0,4,5.08,jRGQVxXg2CV26PRcEtm48g
vancouver:res:n47341437,residential,45.607671,-122.532511,7,0,1,6,6.42,kDZ-ZlJkLXsxgEUUoyiXjA
vancouver:res:n47341643,residential,45.598995,-122.522044,8,0,0,8,0.57,_OqeBKcSHi3-vU518cKUSQ
vancouver:art:n47341970,arterial,45.604448,-122.561424,8,0,0,8,2.09,CLt9mqeJ7CeQsMEBXs58uQ
vancouver:res:n47342266,residential,45.636505,-122.533758,8,0,1,7,4.82,YMiIqXydNKy6pEkY5Y7VXA
vancouver:res:n47342269,residential,45.637637,-122.534255,9,0,0,9,1.43,98zj1f20WD0S9wQ6hiieSA
vancouver:res:n47342328,residential,45.665262,-122.678541,8,0,1,7,3.51,cKtlLbMxnymppsRH_7AmBA
vancouver:res:n47342337,residential,45.65363,-122.676708,7,0,0,7,1.56,tT7tTAn9B8LYT7Tf7pKvMw
vancouver:res:n47342903,residential,45.633252,-122.570414,7,0,0,7,6.06,cj-vLGiHLmJIUgBpl61LmQ
vancouver:res:n47342905,residential,45.63379,-122.569493,8,0,0,8,6.95,HDIFOHxpaIDQIoXkmLJ4eQ
vancouver:art:n47343065,arterial,45.670394,-122.686209,7,0,0,7,3.2,JZM4nAlL1CCK8EqB1I9IMA
vancouver:res:n47343820,residential,45.647534,-122.524553,7,0,0,7,0.34,IkqwcEtDegpe02b9j7rpEw
vancouver:res:n47343825,residential,45.647163,-122.523423,7,0,0,7,1.29,klI-gL8OBpytqyiQgHlvRg
vancouver:res:n47343866,residential,45.65144,-122.562162,7,0,0,7,2.34,EG_h3ncVW1k_BVjT6WjzlA
vancouver:res:n47343891,residential,45.625236,-122.561978,6,0,0,6,3.38,6fqz0xJgGTSsR9tidfr6hQ
vancouver:art:n47343900,arterial,45.626855,-122.562415,10,0,0,10,0.73,Cvf8tLfOKQCBCR2b_j5EYw
vancouver:art:n47343908,arterial,45.629697,-122.562334,9,0,0,9,1.63,X3N5Zu40IfZH31HXTUIv6w
vancouver:res:n47344805,residential,45.609554,-122.548851,7,0,1,6,5.17,B71yeK2A5yhNkqKsKiQFgw
vancouver:res:n47344830,residential,45.609646,-122.554211,2,0,0,2,6.31,LjrQaV52ghozHcQAyIpVpw
vancouver:res:n47345082,residential,45.633764,-122.551197,9,0,1,8,0.41,j3AZgxGlJ8xmV-LElO_r6g
vancouver:art:n47345132,arterial,45.623287,-122.551157,10,0,2,8,4.77,VrIu5ZacZ-YLWa41yJdaTw
vancouver:art:n47345137,arterial,45.624038,-122.551157,10,0,0,10,3.13,FPKIJ3s81SLEZUXuDZnMUg
vancouver:art:n47345140,arterial,45.624782,-122.551157,6,0,0,6,4.77,MjiDcqoy9OGMQq3fYjniyg
vancouver:art:n47345145,arterial,45.625624,-122.551178,6,0,0,6,4.78,d5FTwZpBzqkqDhR5ZhkaYQ
vancouver:art:n47345149,arterial,45.62688,-122.551262,11,0,1,10,2.83,k7vN5GaeRgS2VhSWzQvuSQ
vancouver:art:n47345153,arterial,45.627602,-122.551265,5,0,0,5,0.95,H2tWoJ3BnDIB2y8FEscqMA
vancouver:res:n47345214,residential,45.645216,-122.510771,5,0,0,5,2.49,4ECbdVaMM47mxq60buNVHw
vancouver:res:n47345229,residential,45.645029,-122.547095,6,0,0,6,6.63,ahrP2_rP2WAy-L5u9bk38g
vancouver:res:n47345562,residential,45.649577,-122.588441,6,0,0,6,5.06,Qn6-oTvvHJju8d3RDG_uMQ
vancouver:res:n47345567,residential,45.651196,-122.588482,10,0,0,10,3.04,oTw79tJ0zUmGREhbm6dRhw
vancouver:res:n47345651,residential,45.642068,-122.644937,8,0,0,8,3.07,W0Vc1LB_pBGSo3rSfEjkCw
vancouver:art:n47345687,arterial,45.621156,-122.517862,5,0,0,5,1.79,lGdDnPuv_v-aa34azEz3Ag
vancouver:res:n47345860,residential,45.623325,-122.596542,6,0,0,6,6.82,Tts1rM_W-FRDjGtYUbaKUQ
vancouver:res:n47345911,residential,45.617048,-122.598036,7,0,0,7,5.14,__3fF2gi0O1ZwP9vlK82jg
vancouver:art:n47346161,arterial,45.62118,-122.510753,8,0,1,7,3.42,iiMYPj8TAw30S1fW3h89QQ
vancouver:res:n47346572,residential,45.646523,-122.684063,6,0,0,6,6.03,cXf6Yg1jAqmmJ1tqPuszUw
vancouver:art:n47346917,arterial,45.624008,-122.557626,5,0,0,5,6.74,tEVLkJMKuPGzQvM3MAIiVA
vancouver:res:n47348023,residential,45.598501,-122.535586,9,0,0,9,2.54,KBrGZmfFTVFfh-AGzHpCAw
vancouver:res:n47348126,residential,45.623857,-122.654993,8,0,0,8,2.71,ex9dGvNclgIbNbkE7HB7JA
vancouver:art:n47348999,arterial,45.673412,-122.690922,8,0,2,6,2.38,o0MplKCYADLKBxlLojXijw
vancouver:res:n47349012,residential,45.616073,-122.559413,8,0,0,8,1.56,3sGA03N7jUb-UnhjxBiktA
vancouver:res:n47349058,residential,45.616038,-122.566999,8,0,0,8,1.69,baEw81CRyxTFFODbfNoDIg
vancouver:res:n47349061,residential,45.616113,-122.564433,7,0,0,7,3.61,KhG7sCNN01i0AO6D6ONrYQ
vancouver:res:n47350464,residential,45.654516,-122.667709,4,0,0,4,4.9,63WtKa1Orw83Kvjl-bkyyg
vancouver:art:n47350704,arterial,45.614441,-122.567058,10,0,1,9,2.61,2HFc6sqD8ohwjI9gHiJcow
vancouver:res:n47351252,residential,45.613601,-122.573753,7,0,1,6,3.07,eZaR93htH3RA745dlwokIg
vancouver:art:n47351646,arterial,45.655192,-122.666474,5,0,0,5,5.77,EMWXCfdV1ntUrLr9d1OJpQ
vancouver:art:n47351660,arterial,45.657343,-122.666092,7,0,0,7,4.23,DNDcZfIQI2m7dvbPC065Rg
vancouver:res:n47352627,residential,45.626802,-122.563418,8,0,0,8,4.21,0m2RCRSd2dMrRYstir2I8w
vancouver:res:n47352631,residential,45.627715,-122.563426,8,0,0,8,0.88,kPXUmVgd0pjcazle4X9sSw
vancouver:res:n47352644,residential,45.651871,-122.563302,7,0,0,7,1.05,ZyAclHzvg41FSnDaqpMfrA
vancouver:res:n47352880,residential,45.646545,-122.573141,7,0,0,7,2.77,54GyySqovjc-z7IsdfdmCA
vancouver:art:n47352937,arterial,45.628588,-122.573295,9,0,0,9,1.18,nPIOblpohpmyyd0cu5y6Xw
vancouver:art:n47352941,arterial,45.62789,-122.573307,11,0,0,11,1.85,B_elyX3v_O5FA9LWwNFzgA
vancouver:art:n47352946,arterial,45.62417,-122.573229,8,0,1,7,1.4,EzKh9pQ7T8eSFDwx1IOt1Q
vancouver:art:n47352951,arterial,45.623428,-122.573221,5,0,0,5,2.08,vtE7VIdQKux9XnCVEsCBAA
vancouver:art:n47352994,arterial,45.634258,-122.573424,12,0,1,11,2.33,tJx6kaAooM8vANlCXpw4Kw
vancouver:res:n47353067,residential,45.613734,-122.577984,7,0,0,7,4.19,jMORKulCn6Hvdm_l_i7hJw
vancouver:res:n47353070,residential,45.613725,-122.576033,12,0,0,12,1.91,jQ0iIaV_okvMqHUngZwrCQ
vancouver:res:n47353620,residential,45.653924,-122.583191,11,0,0,11,3.54,aef8GeOtIe-qpoznn6T-4A
vancouver:art:n47353733,arterial,45.602421,-122.53274,11,0,0,11,3.3,O4gXLq6b4rSnJOX776kdQA
vancouver:res:n47353749,residential,45.623501,-122.632148,8,0,0,8,4.68,ehXNrd827d4mt1ty48pPjg
vancouver:res:n47353751,residential,45.625371,-122.632189,8,0,0,8,1.22,dNecGOyH62xWYdwc47g8-Q
vancouver:res:n47353755,residential,45.626011,-122.632171,7,0,1,6,2.86,rUl7FLCwYQIPDLRLVRqj1w
vancouver:res:n47353831,residential,45.62492,-122.618226,7,0,0,7,2.19,qq8auUHlyMvN0M_iKBzhYg
vancouver:res:n47353833,residential,45.625542,-122.616876,9,0,1,8,3.0,_EaVFl_xJ9i5OofpJNp3Hw
vancouver:art:n47353967,arterial,45.605798,-122.535993,9,0,0,9,4.17,7SfVc13y4aLTyYg0z9sIAw
vancouver:res:n47354051,residential,45.613796,-122.54882,6,0,0,6,2.21,j0uOW_bseb5Ed_GC6kSGcg
vancouver:res:n47354060,residential,45.613096,-122.545453,9,0,0,9,2.79,tNnyg7zcjweqYi3LCtJPWw
vancouver:res:n47354065,residential,45.613093,-122.542645,7,0,0,7,1.51,3fpuvsJObBJL786hNscJZw
vancouver:res:n47354084,residential,45.613527,-122.564504,4,0,1,3,5.63,CrsxvBImdorFjUYdR83BJw
vancouver:art:n47354269,arterial,45.597392,-122.523536,8,0,0,8,3.31,P8_E3mbj8aDx8-CRRVVW_g
vancouver:art:n47354329,arterial,45.61729,-122.589686,10,0,0,10,4.58,orQ0GkSMpjcgEcrR7xjieA
vancouver:res:n47354653,residential,45.616108,-122.589813,6,0,1,5,4.54,K9h9bvZhnsHJeTIs75W4YA
vancouver:res:n47355034,residential,45.632405,-122.525684,6,0,0,6,6.65,qEkUYVZs8fK2xCT3fHY8IQ
vancouver:res:n47355052,residential,45.632745,-122.568084,8,0,1,7,6.38,-uFvj0zqxXDTIlTdPwYqXg
vancouver:res:n47355176,residential,45.625647,-122.570707,10,0,1,9,2.08,qU5XwqgVK5OHCH-ZaRUC3A
vancouver:res:n47355179,residential,45.626517,-122.570617,8,0,0,8,1.25,vNKr679uv3RbYlnpKHddVg
vancouver:res:n47355183,residential,45.627204,-122.570657,5,0,0,5,3.95,szUciHOAvui5OoA66j8-zA
vancouver:res:n47355334,residential,45.65166,-122.681784,7,0,0,7,4.65,FoAo3q6nTleWDIwYGN-Y2w
vancouver:res:n47356670,residential,45.589551,-122.48495,5,0,0,5,1.26,1QhVDohYm-qyied1iRvAbA
vancouver:res:n47356803,residential,45.612648,-122.531577,5,0,0,5,4.16,QsQWq1S8ZbjTBzb6h-3jAA
vancouver:res:n47356820,residential,45.612767,-122.567234,7,0,0,7,4.21,uoHWk5O6IJNQldEC5118pw
vancouver:res:n47356844,residential,45.612045,-122.528839,7,0,0,7,1.43,W9sVTxD5WSDrV0I3Qvqvdg
vancouver:res:n47357039,residential,45.619517,-122.564499,6,0,0,6,5.79,4yVnmJzJqGd0xtLl7JcEPQ
vancouver:res:n47357126,residential,45.642303,-122.51175,8,0,0,8,0.73,rCGpHn6CKohb_6bZpsqMGg
vancouver:res:n47357683,residential,45.60506,-122.521035,7,0,1,6,5.72,UyoWT1t9q1kE2xtXZHQDew
vancouver:res:n47358810,residential,45.612123,-122.576024,7,0,0,7,2.27,249hq0wfJq_afL94HZ0kYA
vancouver:res:n47359059,residential,45.628539,-122.585779,8,0,0,8,1.37,TJmQbD-UP3VxVxAt_YCTOA
vancouver:res:n47359062,residential,45.630031,-122.585818,11,0,0,11,1.79,A-7hHS0z-YUV-2y2qkgyqQ
vancouver:res:n47359072,residential,45.631278,-122.585582,9,0,2,7,5.81,GXNYoG6-PqctqQy__Ez6Zw
vancouver:res:n47359155,residential,45.663401,-122.585951,7,0,0,7,3.98,OJVcjBxXxuqwX-4ZL3SMTg
vancouver:art:n47359162,arterial,45.664397,-122.585943,9,0,0,9,1.28,kIspCR59MrgaPJ1MY8-DgA
vancouver:res:n47359398,residential,45.624156,-122.617704,7,0,0,7,3.44,B70ZAoIFop7Xhi3k8Jf4_Q
vancouver:res:n47359399,residential,45.624878,-122.616212,12,0,1,11,1.73,RWjD_fKLCGYl-B11DzoAlw
vancouver:res:n47359408,residential,45.611891,-122.478771,7,0,1,6,6.87,bLPRe2kse8ZWd1HssXE2fQ
vancouver:res:n47359575,residential,45.611746,-122.547629,9,0,0,9,3.17,jXjWt6LiuX3aitFxhirtEg
vancouver:art:n47359899,arterial,45.664413,-122.579699,8,0,1,7,1.66,72Uame8zIxQDsd3Qtj0gdw
vancouver:res:n47360142,residential,45.627505,-122.522635,6,0,0,6,3.74,WIvojK8bSnQhUWatJ9eI4Q
vancouver:res:n47360189,residential,45.640778,-122.659764,7,0,0,7,1.75,F8NtgU0z0g_I7Ww1YL6HGw
vancouver:res:n47360191,residential,45.641484,-122.659751,11,0,1,10,2.17,3fs-QSFvH8UM0Gq2YrGa9A
vancouver:res:n47360197,residential,45.642204,-122.659738,11,0,1,10,2.28,oxNat6TexZS1ajXpiQlAOg
vancouver:res:n47360246,residential,45.626291,-122.625564,8,0,0,8,2.23,ClV3FfoVuJPjRo4q4ddHWg
vancouver:res:n47360251,residential,45.627847,-122.625427,8,0,1,7,3.02,_4HWImiOOFkiTmEr1Pd2aQ
vancouver:res:n47360729,residential,45.654486,-122.679228,8,0,0,8,2.69,uy44jJ9FtW5me9Pt2VNysQ
vancouver:res:n47360973,residential,45.637562,-122.569786,7,0,0,7,2.39,0Aa5KIl_76UAXoaCMJUCjQ
vancouver:res:n47360974,residential,45.637887,-122.570712,6,0,0,6,5.02,Z8_2ApQNwe708bGWdnY57g
vancouver:art:n47361269,arterial,45.621177,-122.512826,2,0,0,2,9.54,xkdQqw2pdKM_HMfuiuhXOQ
vancouver:res:n47361275,residential,45.619918,-122.512798,11,0,0,11,1.45,ixtfWpqxJempA1S091ly1Q
vancouver:res:n47361789,residential,45.617522,-122.595385,8,0,5,3,10.11,Qc6zHKOVkdh4lFz_YRMBCA
vancouver:res:n47361802,residential,45.643921,-122.694374,11,0,1,10,2.2,YYgOJcCSQ_XSe2sdSH22zA
vancouver:res:n47362725,residential,45.620212,-122.516372,6,0,0,6,5.0,6DR4fjgBrwbZNQuShT8CUA
vancouver:res:n47363621,residential,45.652971,-122.581699,2,0,0,2,15.33,r6BbDVoBhTljcJb81Ld9UA
vancouver:res:n47364342,residential,45.653738,-122.670584,9,0,1,8,1.25,f6sTfTE4YIKuoQcCuwY1Wg
vancouver:res:n47364435,residential,45.623454,-122.636229,8,0,0,8,1.08,iu6F2em-o-ukQuGVBKI8Mw
vancouver:res:n47364589,residential,45.643563,-122.655348,11,0,1,10,1.52,ioQUyf0LkTuHPfkDWkNzHQ
vancouver:art:n47366286,arterial,45.628746,-122.565551,7,0,0,7,1.54,A9tGBdp1xe0cb-yVvTzMQw
vancouver:art:n47366291,arterial,45.629611,-122.565572,10,0,0,10,4.29,YQj5sElZkGEoCkB7wCBlag
vancouver:res:n47366327,residential,45.65289,-122.566173,7,0,0,7,5.79,58HqbpGBUs3laxnCNjNzng
vancouver:res:n47366331,residential,45.653613,-122.566283,5,0,0,5,10.13,fU0uTVEnK_3fgetQPettkg
vancouver:res:n47366484,residential,45.638917,-122.630625,8,0,0,8,3.87,Tavodfm1qzdBlAKum8wJyA
vancouver:res:n47366498,residential,45.637734,-122.630796,6,0,0,6,3.26,hOwP344bgU6N0VBTmtf6Fg
vancouver:res:n47366509,residential,45.637933,-122.628883,8,0,1,7,1.36,WY1DfCHPCWPAHIPX0i_vRA
vancouver:res:n47367246,residential,45.638459,-122.629654,8,0,0,8,2.7,VNxE5-6NdrSdMZsmwcCs-w
vancouver:res:n47367352,residential,45.622952,-122.629278,7,0,1,6,9.11,g09y-4ik0Hvi31Ta97eaaw
vancouver:res:n47367742,residential,45.624394,-122.628468,7,0,0,7,2.22,EUNxi6mhQHrpP2SkkfwzdQ
vancouver:res:n47368067,residential,45.619906,-122.514901,7,0,0,7,4.48,yIKJw9EZtHDdmLmOhtCrWQ
vancouver:res:n47368072,residential,45.619838,-122.509531,8,0,0,8,2.84,BtLFnr1u3TNZMXEy2jsDTg
vancouver:res:n47368130,residential,45.672846,-122.596199,8,0,1,7,5.44,L3hRbW1-sVVHHS_DeLG2Bg
vancouver:res:n47369385,residential,45.619993,-122.607881,7,0,2,5,3.64,oInhdEuaONuPTi61JkSfMA
vancouver:res:n47369391,residential,45.620584,-122.610303,6,0,0,6,1.67,cj9Clgb_R2-702yV4gLxbg
vancouver:art:n47369792,arterial,45.66513,-122.583862,10,0,1,9,0.99,UoE68fxSc2QqHiDeTECrhw
vancouver:res:n47369825,residential,45.628424,-122.524183,7,0,0,7,3.19,O7i2hfvTB4CUwVtrSXnbuw
vancouver:res:n47370096,residential,45.624271,-122.524097,7,0,0,7,4.97,6s1hMLt4fRhjmPzdfmaLeA
vancouver:res:n47370116,residential,45.647596,-122.522205,7,0,0,7,1.53,ZcaY3o5H_bWTMueBlukaQA
vancouver:res:n47370317,residential,45.639028,-122.682113,10,0,1,9,3.03,SXtl-alal54j4cE8LsCpgQ
vancouver:res:n47371981,residential,45.636458,-122.513038,8,0,1,7,7.26,fYXi37nBnK7Lm2frZycF0A
vancouver:res:n47371996,residential,45.63904,-122.513373,9,0,0,9,2.53,J15967_caM9Br34QPLukPA
vancouver:res:n47372007,residential,45.653569,-122.513669,11,0,0,11,1.77,2b-pmzjR1EoPw_3DFuKvLg
vancouver:res:n47372142,residential,45.613529,-122.580325,6,0,0,6,5.78,emjGxW07oiUHTYFBjbfFEQ
vancouver:res:n47372189,residential,45.663416,-122.581673,10,0,0,10,1.35,aR3u1qg9gXWYUfOsv4EfKw
vancouver:art:n47372194,arterial,45.664409,-122.581696,7,0,0,7,3.93,uv7inBASe8xeYdDgCV2-8A
vancouver:art:n47372463,arterial,45.651781,-122.54763,5,0,1,4,4.44,61s-tWBXxKqc-oldi5zGdQ
vancouver:res:n47372483,residential,45.626891,-122.547876,7,0,1,6,2.27,dQi0zGzNhhU_ND-ST-MPvw
vancouver:res:n47372518,residential,45.630624,-122.546919,8,0,2,6,2.64,QU2R6NvgwyE0imfeI3JmyQ
vancouver:res:n47372587,residential,45.648841,-122.547109,7,0,1,6,6.93,AaghmeIfYI0vJ0jB8LwPUQ
vancouver:res:n47372607,residential,45.623344,-122.547839,5,0,0,5,7.76,U0HJeecI4ZZjjGdHFkNqsw
vancouver:res:n47373005,residential,45.610719,-122.539381,8,0,1,7,2.68,Y5vprnC7EjTtnNfiSZ6Jmg
vancouver:res:n47373320,residential,45.641449,-122.640576,7,0,0,7,1.7,_KvPDyVx-0rrA_qEIpDUQg
vancouver:res:n47373324,residential,45.642148,-122.640632,12,0,2,10,1.57,AWCkX9OD3AzSiet8O5uIPQ
vancouver:res:n47373626,residential,45.625144,-122.539319,6,0,1,5,9.27,iCs5CzSCnIbfNxXgfbdrHQ
vancouver:res:n47373630,residential,45.625966,-122.539333,8,0,0,8,2.8,G2WCKxEy8x63AquZek5L7Q
vancouver:res:n47374363,residential,45.650793,-122.683463,12,0,0,12,0.91,NE6eHgVck3uka_MSkdZvcw
vancouver:res:n47374749,residential,45.650995,-122.563649,8,0,1,7,5.73,a8uVga1i8P7JkP9f6uEuEQ
vancouver:art:n47374836,arterial,45.663595,-122.682471,9,0,0,9,2.24,lxsR8KeFPQfIhSyYD1S3rw
vancouver:art:n47374984,arterial,45.668383,-122.683178,7,0,0,7,5.08,549A4SgNayQZzfkSekxAGA
vancouver:res:n47375031,residential,45.667518,-122.680905,8,0,0,8,1.23,PK080uQHYZf96pYZglxZrw
vancouver:res:n47375789,residential,45.641644,-122.693273,8,0,1,7,2.07,9U9546v37rheYV7FBMtmrw
vancouver:res:n47376953,residential,45.623287,-122.552238,7,0,0,7,3.24,R2yUiXgNF4llssa_vsfW6w
vancouver:res:n47377670,residential,45.649482,-122.519374,6,0,0,6,5.12,5wxR8LuLR4h1MCzbnI2-Lw
vancouver:art:n47377675,arterial,45.650267,-122.519389,3,0,0,3,10.5,D6krQ5PORxs1CihnX4jkxw
vancouver:res:n47377683,residential,45.64662,-122.519519,7,0,0,7,2.5,B8h4-Un_jd_lEWUwM9Elcg
vancouver:res:n47377685,residential,45.647185,-122.519369,7,0,0,7,2.41,8GMXlTTgHcayhpBA858NZg
vancouver:res:n47377872,residential,45.627712,-122.520069,7,0,0,7,2.58,8QLLl20kYxVJ_beold-bMw
vancouver:res:n47378373,residential,45.650687,-122.669262,7,0,1,6,5.61,eEG9YAtKT0IVMF9epTpjEw
vancouver:art:n47378582,arterial,45.664469,-122.682471,8,0,0,8,2.34,i4xvYHK8q8RfcJVL1yn-pA
vancouver:res:n47378922,residential,45.626184,-122.522132,10,0,1,9,2.52,Ybth5BM7gXASju1OtGGAaQ
vancouver:res:n47379031,residential,45.625802,-122.568069,8,0,0,8,3.16,H_vEkyZrbeW1swsPTtRMgQ
vancouver:res:n47379057,residential,45.626337,-122.568086,8,0,1,7,3.54,lv6xHwVmvBHvxsG0sPjAhA
vancouver:art:n47379694,arterial,45.620986,-122.518896,4,0,0,4,3.54,xi3XgNva8Y30PEsXW-YpCw
vancouver:art:n47379954,arterial,45.656633,-122.665421,7,0,0,7,4.41,7aAi0_5K9xTIMbnOwFicRg
vancouver:art:n47380037,arterial,45.617524,-122.614633,8,0,0,8,3.03,gkHkfOnkDjywJcpiKftciA
vancouver:art:n47380364,arterial,45.606745,-122.561395,8,0,0,8,3.24,LqCmjoUDXfdkD0bX7mecbA
vancouver:art:n47380384,arterial,45.605157,-122.561407,7,0,0,7,3.17,aTN5-0FXdufz1CKmm_OtLA
vancouver:res:n47380789,residential,45.624398,-122.522096,6,0,0,6,7.01,0UxoIQNVB4xDFj2xJ6cvdQ
vancouver:res:n47380807,residential,45.624859,-122.552461,6,0,0,6,3.36,1xgN0Af-hQlb8T4Je8C2nQ
vancouver:res:n47380828,residential,45.625117,-122.542637,7,0,1,6,4.48,kpPE_tinHdA5LLrR5JilUQ
vancouver:art:n47381369,arterial,45.664401,-122.583874,6,0,0,6,4.0,StvnlSv2AIipLzVtbTk9hw
vancouver:art:n47381376,arterial,45.666538,-122.583839,6,0,0,6,8.08,WApfKch_FQQQ5oOsqVPmqw
vancouver:res:n47381464,residential,45.609158,-122.591861,5,0,0,5,4.91,0ssZfinCxAcLvVIR6SZMNw
vancouver:res:n47381795,residential,45.641215,-122.690726,8,0,0,8,2.35,UEVw5DVwYzrSroD5on0q2Q
vancouver:res:n47381811,residential,45.640884,-122.693623,11,0,1,10,1.96,RBhVBbiU2XY1yFF3IHgrvw
vancouver:res:n47381972,residential,45.643975,-122.696758,6,0,0,6,2.8,uJb5IILksQVBfRXMNzW2fQ
vancouver:res:n47381975,residential,45.647013,-122.695805,8,0,0,8,4.21,anugotWL5Yq2IDSnoNNODA
vancouver:art:n47382165,arterial,45.665298,-122.682471,6,0,0,6,4.8,Q2nMFgrkh0L34_MLouDoag
vancouver:res:n47382443,residential,45.626954,-122.568115,7,0,0,7,4.13,Pwj6jfMTihXsR16otAHFPQ
vancouver:res:n47382497,residential,45.627548,-122.552303,6,0,0,6,6.4,BNc3taOYOq-n_PJ1DQmfXQ
vancouver:art:n47382525,arterial,45.627795,-122.47595,4,0,0,4,5.35,vWw4cvaEmH7CQmd762LJvw
vancouver:res:n47383735,residential,45.640835,-122.665224,6,0,0,6,4.98,FUI9AX2jmAKeXnYO2zCIPQ
vancouver:art:n47383832,arterial,45.661746,-122.57875,5,0,0,5,2.17,MMCh07ZzAsQqI0XgD4WE_A
vancouver:res:n47384235,residential,45.62534,-122.529142,6,0,0,6,3.49,QWaUR9-L8QWTX0gQfRU22w
vancouver:res:n47385371,residential,45.663206,-122.646428,7,0,7,0,,
vancouver:res:n47385375,residential,45.663225,-122.644758,9,0,0,9,3.17,2oCQMxP3S0PT0XPd7CZkug
vancouver:art:n47385823,arterial,45.627645,-122.568125,9,0,2,7,4.93,HsZYKWgTc-GZo-0tG5UAyg
vancouver:res:n47386417,residential,45.624639,-122.629307,7,0,0,7,2.88,7YKiNAOdcV1GTtXWVuwE1A
vancouver:res:n47386593,residential,45.659506,-122.529324,8,0,0,8,2.42,GUvRx4Z6V2tMsdPjb_lFrg
vancouver:art:n47386683,arterial,45.660301,-122.653261,8,0,0,8,1.41,wEFJ1z6jdgT3rPqaj62EEw
vancouver:art:n47386688,arterial,45.66035,-122.652725,9,0,1,8,4.12,PIiHC1QjlpS54b79FYR7OA
vancouver:res:n47386912,residential,45.676525,-122.688063,8,0,0,8,1.16,7Xp_ZiK3pl-OaFIY08PltQ
vancouver:res:n47387262,residential,45.664035,-122.64644,8,0,0,8,4.03,ccTIHDbbS8-Ev4W5aK_oZw
vancouver:res:n47387266,residential,45.664063,-122.644774,7,0,0,7,3.5,ixCdu2ERDnSgv_4r0M6Kww
vancouver:res:n47387343,residential,45.642197,-122.639553,6,0,1,5,4.22,Iw6XLFs-1NWOP0kJVUG5pw
vancouver:res:n47388004,residential,45.629863,-122.606183,7,0,0,7,2.5,E37HbN-O2_1_4kFSOiWJGg
vancouver:res:n47388007,residential,45.629791,-122.602599,8,0,0,8,2.64,Igjo3ZXKETPH6rHP2GAYng
vancouver:art:n47388641,arterial,45.661261,-122.646344,6,0,1,5,4.58,bQn_UK09ncB_jrCWOOge6Q
vancouver:res:n47389461,residential,45.646842,-122.540216,6,0,0,6,5.79,a0ZDumR79q7rm6SnkGlPzQ
vancouver:art:n47390333,arterial,45.6233,-122.52516,8,0,0,8,1.29,P5YuCNcE5hIHk3pfHqp6ig
vancouver:res:n47390580,residential,45.648274,-122.531992,5,0,0,5,11.44,oHjG7Ds07dZinW7xoPHFtA
vancouver:res:n47391145,residential,45.653357,-122.522223,7,0,0,7,1.82,19fFrMtndJuAgy2kouSUAA
vancouver:res:n47391555,residential,45.629132,-122.525662,6,0,0,6,5.29,FuwxzhPSJqVxuPeJfOk9YQ
vancouver:res:n47392177,residential,45.647401,-122.541879,8,0,0,8,4.12,GCiUHSorz6IWN5ep9pos0Q
vancouver:res:n47393889,residential,45.636173,-122.68218,11,0,0,11,1.63,T1X1_GyCG7SRkJW4-7X42g
vancouver:res:n47394174,residential,45.654417,-122.642528,7,0,0,7,2.9,sJABUXJb386my37vMc_HlQ
vancouver:res:n47394333,residential,45.639282,-122.569876,9,0,1,8,2.89,gihKj_GN-2tFxjkwtbBP_g
vancouver:art:n47394476,arterial,45.654163,-122.682487,8,0,0,8,1.52,RpvPdz2srhtPwnt1fZ7-rw
vancouver:res:n47394548,residential,45.638028,-122.569303,6,0,0,6,5.52,nUVqEe0eMYDwcFHcs9UHMw
vancouver:res:n47394550,residential,45.637759,-122.568528,5,0,0,5,1.96,Rdo9axHHQUF-wDZBgOWygA
vancouver:res:n47394620,residential,45.637545,-122.536055,11,0,0,11,4.13,6-U7ygvFcImrF_XCgEVnZQ
vancouver:res:n47394634,residential,45.637824,-122.592675,5,0,0,5,1.66,G5G484lQ_XUg7oK9uUOQIQ
vancouver:res:n47394767,residential,45.602856,-122.520857,7,0,0,7,0.65,MFY_-1bIoBJXUvMvkw0HGA
vancouver:res:n47394806,residential,45.590009,-122.492863,5,0,0,5,1.67,ZfLssZxAQfr9Lmd5UQyjPA
vancouver:art:n47395160,arterial,45.629005,-122.577485,7,0,0,7,7.69,vZ00ZLdkS-UxoPQWo5vpfA
vancouver:art:n47395835,arterial,45.658694,-122.682484,8,0,0,8,2.18,IFw8Tdta8nmD0zpqEHIvtw
vancouver:res:n47396098,residential,45.647964,-122.539819,8,0,0,8,2.94,2FJo69jhhTI5fvQsGLCMYA
vancouver:res:n47397103,residential,45.631915,-122.525682,8,0,0,8,3.33,3jTbJd84uHR-Mruz1k6ETg
vancouver:res:n47397159,residential,45.632356,-122.540195,6,0,0,6,7.55,DRLkBrW8pmWMxETtd2zokA
vancouver:art:n47397480,arterial,45.650208,-122.526379,7,0,0,7,6.09,0xAxRDY-CwKVNPpKl1RIaw
vancouver:art:n47397485,arterial,45.650196,-122.529933,8,0,0,8,2.93,5FsmsdpcBa12je7y4wxAJw
vancouver:res:n47397553,residential,45.650631,-122.568379,7,0,0,7,3.87,aEwlbATIUOd3v81GnKUb7g
vancouver:res:n47397708,residential,45.658743,-122.525555,8,0,0,8,1.51,LNUlDz5rSEQ6A8ptY7SY3A
vancouver:res:n47397759,residential,45.658073,-122.529311,8,0,0,8,2.51,OUYkh_F-JT8XlvuByxWVSw
vancouver:res:n47398351,residential,45.643644,-122.660807,12,0,0,12,0.25,q-yCoApGxyAy-mauN414Ag
vancouver:res:n47398782,residential,45.630727,-122.542392,8,0,0,8,1.15,lnqME1m-7SkfPNFMMdFzIw
vancouver:res:n47399469,residential,45.64852,-122.55028,5,0,0,5,5.63,8CQDQ0pXFUsPcYDH1Dag8Q
vancouver:res:n47399495,residential,45.648672,-122.539804,9,0,0,9,4.59,r4lyPf5wDxgmkTrTg0JovQ
vancouver:res:n47399582,residential,45.649955,-122.568108,7,0,0,7,3.14,kKArKOe1BpaWEreFRz4Vqw
vancouver:res:n47399626,residential,45.633533,-122.567597,7,0,0,7,2.92,hOTJ6ph3YxiTqFdtwpfS1w
vancouver:art:n47402007,arterial,45.631633,-122.52974,8,0,0,8,1.66,UlOG6O5VMHydMo8c3fS_Jg
vancouver:res:n47402017,residential,45.631197,-122.527275,7,0,0,7,1.36,gFQQxYn_ZrFTbm7cXXUFoA
vancouver:res:n47402042,residential,45.631311,-122.525461,8,0,0,8,3.67,mseFmGFkbXKBgI6yYZFCww
vancouver:res:n47403718,residential,45.633546,-122.540168,9,0,0,9,3.31,nhtpEvJbvNcky_C-mAedAw
vancouver:res:n47404115,residential,45.641257,-122.588368,8,0,0,8,6.55,tAUXm4Zf2hSi5hxwZfyltA
vancouver:res:n47405203,residential,45.623315,-122.599744,9,0,0,9,1.6,an7DaJUskHk1GEH0Kbxt6w
vancouver:res:n47405205,residential,45.625766,-122.59976,7,0,1,6,6.91,0NLFaABmkjBGT2m5-GUXww
vancouver:res:n47405910,residential,45.643583,-122.65645,9,0,0,9,2.68,Gec20wjcKrLlHo0GZ3OZYQ
vancouver:res:n47406308,residential,45.62403,-122.552419,6,0,0,6,5.21,O9sInnmoKAEih3wXmbf5TA
vancouver:art:n47408114,arterial,45.661267,-122.643602,3,0,0,3,4.08,2MrLXnqQJm86IxSWS_8agg
vancouver:art:n47408830,arterial,45.635808,-122.476048,5,0,0,5,1.52,Nfr5LgqfOlCBRjCCOq-fjw
vancouver:res:n47409688,residential,45.644117,-122.54034,7,0,0,7,4.63,VQZJj5PLBMBGvZcbywlXuA
vancouver:res:n47409731,residential,45.636392,-122.540736,5,0,0,5,10.11,yQYDlKNIvUdqBO7-g-gUWw
vancouver:res:n47411680,residential,45.644252,-122.52578,10,0,0,10,3.59,4z2N2AvAYRDFJs6QEvgt2A
vancouver:res:n47411734,residential,45.644106,-122.541919,6,0,0,6,5.78,U8pOHC8iW82cvJHUnKFm9w
vancouver:res:n47412146,residential,45.630706,-122.608508,4,0,0,4,7.76,BiPE858FyMZYHHIxrPJ5Vg
vancouver:res:n47413631,residential,45.626098,-122.62362,8,0,1,7,4.56,jZxCPFlNVXo49u2XXwgWtQ
vancouver:res:n47417849,residential,45.630608,-122.606175,7,0,0,7,2.76,ufMmUNbQiv-vCm2mt5j2nA
vancouver:res:n47417853,residential,45.631068,-122.604484,5,0,0,5,5.19,xkptnvoDntlKIMA9U11fUw
vancouver:res:n47418121,residential,45.627281,-122.623395,11,0,2,9,2.51,NbnLB4SOftUPciE5ygm3XA
vancouver:res:n346871945,residential,45.666938,-122.595117,5,0,1,4,3.21,R8QCn1Tsh4SX9lNKrjk8fQ
vancouver:res:n356950064,residential,45.649577,-122.649411,8,0,0,8,2.45,BE6eED7gpNsz5DWVVR80_Q
vancouver:res:n370489325,residential,45.628815,-122.588408,6,0,1,5,4.22,JXRjhWvARAOkDF51e6leXg
vancouver:res:n378511822,residential,45.648658,-122.52517,5,0,0,5,1.68,GHel8wwVy0HNE78ainDNtg
vancouver:res:n567355918,residential,45.651514,-122.562519,9,0,1,8,1.85,IfId81mheszGj7HXyDnQTA
vancouver:art:n697930591,arterial,45.640285,-122.69439,14,0,0,14,3.89,LQAINJcFgVjhLq1Uw4iy2g
vancouver:art:n697931502,arterial,45.640502,-122.696447,6,0,0,6,8.15,jDwymqgBGNLbF3udyT4Vqw
vancouver:art:n697978729,arterial,45.669896,-122.74509,7,0,0,7,2.01,V5Ry0-9wc56MWsLI9mYjBA
vancouver:art:n698001541,arterial,45.671405,-122.757783,4,0,0,4,5.46,K-_wDSWj50ljnKmvXsY2iA
vancouver:art:n849965456,arterial,45.58538,-122.473476,11,0,1,10,5.77,XvpzICGYvxEgT1S5Z5nPkA
vancouver:res:n923872755,residential,45.605468,-122.509105,5,0,0,5,4.21,ADQLaKoCTEztU2cJQxrm6Q
vancouver:res:n942768085,residential,45.640761,-122.560321,6,0,0,6,9.22,Ci1__E4GXRMcVVaFQMFzAQ
vancouver:res:n944801964,residential,45.61964,-122.52072,9,0,0,9,2.79,UaNRJeaLjbdavLR5YdEa7g
vancouver:res:n949144954,residential,45.629277,-122.587089,6,0,1,5,7.83,7HgY31oGZftnqI4sEQKjKw
vancouver:res:n949144959,residential,45.625554,-122.546718,6,0,1,5,3.06,8iO684LN8XUgHzdZWGAm8A
vancouver:res:n949144991,residential,45.630768,-122.587146,7,0,0,7,6.74,GArJ5fu_Gg9QWvIijVjWhQ
vancouver:res:n949155369,residential,45.629082,-122.544278,4,0,0,4,6.36,-kaT1HSyLhlA_AkNRCyz_Q
vancouver:res:n958722969,residential,45.641646,-122.594501,8,0,0,8,2.81,fnZ5zaJSlUskMHWS90ABMA
vancouver:res:n959123136,residential,45.671209,-122.60245,4,0,0,4,6.82,WZ_2qBSvws386dq2IMVXpg
vancouver:res:n959123564,residential,45.667113,-122.596176,2,0,0,2,4.9,zLvTzLlpVYsUeq5ZAegBHA
vancouver:res:n980008770,residential,45.647465,-122.519062,8,0,0,8,0.99,POHMudzpZD-oPhDwIacYig
vancouver:art:n1212091630,arterial,45.65967,-122.66503,14,0,0,14,4.02,Ue_YYz9UqcHGuIjPzroJKA
vancouver:art:n1212365935,arterial,45.649771,-122.663258,15,0,1,14,2.89,vdJSAEBU1Sg5WCfwY_FAig
vancouver:art:n1215066991,arterial,45.672502,-122.522149,8,0,0,8,2.45,PejlHVJBSnh78gBAKD7Ymw
vancouver:art:n1215354126,arterial,45.643769,-122.68092,5,0,0,5,2.0,nPgBi75sISF22e1Po7SxLw
vancouver:art:n1216793952,arterial,45.626118,-122.654504,4,0,0,4,3.96,flFXB3vmCjLF66GtqRpRIA
vancouver:art:n1217833690,arterial,45.596964,-122.505818,4,0,0,4,3.54,kPbADgH07nEjhsm5DdPs8Q
vancouver:art:n1217856529,arterial,45.599587,-122.505925,7,0,0,7,2.24,wPwJDW4KhPW4y8ObNSNfnw
vancouver:art:n1223310718,arterial,45.611307,-122.593514,5,0,0,5,2.33,ytuZbtZ5yuAGdgfPTGrJwA
vancouver:art:n1223385444,arterial,45.633894,-122.53121,6,0,0,6,9.83,aRkDrmLwLkyMUkx7Iwkq8g
vancouver:art:n1223408828,arterial,45.644387,-122.530767,9,0,0,9,6.45,2t5I1YFndM_psxHu5mv2hw
vancouver:art:n1223516616,arterial,45.642814,-122.550314,9,0,0,9,8.11,NBoaVUnB_o1IHWY6tpAnQQ
vancouver:art:n1223679079,arterial,45.65091,-122.692073,4,0,0,4,4.27,-mUnDcSaCRn-QvZYanfJgA
vancouver:art:n1223781107,arterial,45.633837,-122.614614,4,0,0,4,5.25,6U4CK4qPbdz-sEMdu5YcBg
vancouver:art:n1223804673,arterial,45.628194,-122.583676,5,0,0,5,2.4,P1cOcSUdNad9OvSfW-dRhQ
vancouver:art:n1232498287,arterial,45.615679,-122.481871,8,0,1,7,3.45,NgcLMisjSW_1MTXFurLa9A
vancouver:art:n1235345240,arterial,45.587682,-122.473487,9,0,0,9,2.09,srs0zEc5faeN2amklW-8zw
vancouver:art:n1237549384,arterial,45.610565,-122.589572,8,0,0,8,0.42,xdwZq1HLpspzzIXmIIdBfg
vancouver:art:n1237618399,arterial,45.616251,-122.535807,5,0,0,5,4.85,ZoSOHhzPIJNl2njXYIJGAQ
vancouver:art:n1245867173,arterial,45.622992,-122.623832,9,0,2,7,3.0,agsoHGPE8fw9rB6GW6ICKQ
vancouver:art:n1245920994,arterial,45.614654,-122.6191,10,0,0,10,3.61,Tw0itG7mOWLLiwYDDwscuw
vancouver:art:n1245921279,arterial,45.61461,-122.617347,10,0,0,10,3.09,BSG-63JcoePZPAUmrl0iIQ
vancouver:res:n1246060310,residential,45.683051,-122.762883,6,0,0,6,4.92,S7ev5D0Iqb9Ve9ZOb8ZLBw
vancouver:res:n1246060486,residential,45.683388,-122.76379,4,0,1,3,2.69,mgBpOwYuFPDHs6VPA5i3qA
vancouver:res:n1255875652,residential,45.669024,-122.58456,6,0,1,5,1.62,O3n8O-U3hFP0nPpN94Rd7w
vancouver:art:n1262415857,arterial,45.592507,-122.503758,12,0,0,12,4.94,LGhmhm9QR1nNTFevphxNcA
vancouver:art:n1270404977,arterial,45.61569,-122.627395,6,0,1,5,3.59,QNkB6Z_oDdPyA8SOgyoYyw
vancouver:art:n1270404978,arterial,45.615944,-122.626724,12,0,0,12,3.68,Z9ebpAaaXdWliUR9B5LdpA
vancouver:res:n1270473936,residential,45.621664,-122.545001,8,0,1,7,1.19,uiDnOZ8ec-0GZM2wlZHTaA
vancouver:art:n1270550369,arterial,45.633459,-122.573463,6,0,0,6,3.62,vNei1-zbgIJDwdLiCRA9Cg
vancouver:art:n1270550417,arterial,45.6396,-122.572061,9,0,0,9,5.66,hK7Pi8j-vlNcgEE_x-yX_A
vancouver:art:n1272611416,arterial,45.618862,-122.649371,10,0,1,9,4.28,Kaa_92LA02VtObgPWK7XXA
vancouver:art:n1280433900,arterial,45.601214,-122.532498,9,0,0,9,5.11,PsSgbsUZJB6hsuS0Ax3ugQ
vancouver:res:n1280545863,residential,45.631101,-122.542348,9,0,0,9,1.48,JOYTr7YmdBiDBxjeuycU0A
vancouver:art:n1323318670,arterial,45.666963,-122.553823,9,0,2,7,9.11,hAWu0E7SMJmE4IYKocr5qA
vancouver:res:n1326714720,residential,45.598685,-122.471586,2,0,2,0,,
vancouver:res:n1326774334,residential,45.607989,-122.497243,5,0,0,5,9.23,j3Rht3k5xESsvFfUQ2tOtQ
vancouver:res:n1326828137,residential,45.608022,-122.491567,6,0,0,6,0.95,VN82geBrm1SKM4lAay0_HQ
vancouver:res:n1326894500,residential,45.593068,-122.488623,6,0,0,6,5.23,ngdSTaxarRT5FMfyd8-QqA
vancouver:res:n1326925819,residential,45.593492,-122.489409,5,0,0,5,3.62,R2NHaYMDyUpwVRjG4ypcGQ
vancouver:art:n1327008792,arterial,45.624976,-122.505287,12,0,1,11,3.13,TsksdiRAm0Fr2Wo7O64JPw
vancouver:art:n1327794519,arterial,45.616228,-122.510336,7,0,0,7,2.91,rFs0VkYtxXZq5yeTPE4CHQ
vancouver:art:n1327794577,arterial,45.621072,-122.560275,14,0,1,13,3.95,YruW40_Qnsh5uGv7o0cJGg
vancouver:art:n1327809813,arterial,45.616431,-122.480416,10,0,0,10,1.44,zRpCToKS_QrTWYbVWLedHw
vancouver:art:n1327823794,arterial,45.62057,-122.595119,9,0,0,9,5.99,UPWaYiQV1vsFbirfNrb2LA
vancouver:art:n1327837187,arterial,45.62513,-122.594228,7,0,0,7,4.16,VwfbzdLhewP_XOdku-gFUQ
vancouver:art:n1327837275,arterial,45.627143,-122.603308,13,0,1,12,6.92,1vQpfcIoFM3CXoQjqibQpQ
vancouver:art:n1327846199,arterial,45.62871,-122.615536,16,0,0,16,3.18,ZqZ_dCb8Dk9Y0Lv9pwDpyw
vancouver:art:n1327846251,arterial,45.62865,-122.616371,21,0,1,20,4.95,VnImVY5fiy6XpnTjXcBZ2A
vancouver:art:n1327865899,arterial,45.627769,-122.618139,13,0,1,12,4.02,mp0SOgjsvCsClLy8NDHKfQ
vancouver:res:n1333866150,residential,45.655379,-122.519316,8,0,0,8,3.83,gA7Ovm8sJk0Cr-rvR8EPVw
vancouver:art:n1375008444,arterial,45.666577,-122.682467,5,0,0,5,3.73,MZFls7M6UnXddG9V03NmiA
vancouver:res:n1375314807,residential,45.638503,-122.577305,3,0,0,3,3.26,U5V8aHykkQejirHzlnZ9cw
vancouver:res:n1375314808,residential,45.63851,-122.57654,9,0,0,9,4.88,SDiCUVd4r7nvo-n6q0eFVQ
vancouver:res:n1375314821,residential,45.639214,-122.555449,5,0,0,5,2.52,sxJtGBUt3N6M8mYfQHW1fg
vancouver:res:n1375314832,residential,45.639201,-122.557109,5,0,0,5,3.96,0IovCnx0YFmaD6NFf6Yh7g
vancouver:res:n1375322978,residential,45.643884,-122.549763,7,0,0,7,3.26,VO9XMjkt0j6AHTehLFcINw
vancouver:art:n1375345062,arterial,45.617697,-122.614869,11,0,0,11,1.31,ZLUSU5dR9xeTvi5RrNs4UQ
vancouver:art:n1466256854,arterial,45.618716,-122.646543,9,0,0,9,5.06,-NTDOPXOwoZZzmQf98n_nQ
vancouver:art:n1547961037,arterial,45.641571,-122.55788,9,0,1,8,3.21,p-ygjzum4AbIhjvbKYOVjg
vancouver:art:n1587725650,arterial,45.630858,-122.662654,9,0,0,9,4.48,b0WPq9khIr0_AKhdq3o29Q
vancouver:res:n1587860875,residential,45.636404,-122.594219,5,0,0,5,2.12,YXIsveXzpOSDgXsna8pNgA
vancouver:art:n1627675039,arterial,45.641636,-122.530626,9,0,0,9,4.17,KR1Scc6pRSnFRq56Yn6dgw
vancouver:res:n1627719669,residential,45.641508,-122.518496,8,0,0,8,3.8,I0hPS2P08pMUpfyx0o3Mmw
vancouver:art:n1634520833,arterial,45.619819,-122.526199,5,0,0,5,5.48,8wyCMETpFEUpkp2cTdaCtA
vancouver:art:n1634520930,arterial,45.62311,-122.531196,8,0,0,8,4.06,8H0SQriskSKFIg0J_egy_w
vancouver:art:n1634536176,arterial,45.628279,-122.555124,9,0,0,9,5.17,RhgT4_dBgw2mGLym4_A9Kg
vancouver:art:n1634661898,arterial,45.644436,-122.602916,10,0,1,9,10.33,hTlKsD07Wk7ZEheWlLkLhA
vancouver:art:n1634661996,arterial,45.646006,-122.59539,11,0,0,11,4.32,io4SaPrla9KLZCJWylFbFw
vancouver:art:n1634662009,arterial,45.647502,-122.591549,10,0,0,10,2.68,w6LGxIFnZDqgu90UPZPOAw
vancouver:res:n1637998595,residential,45.628118,-122.658265,7,0,0,7,3.62,8XLzyym4o6G_QaI8izo97g
vancouver:art:n1642453213,arterial,45.682175,-122.598597,13,0,0,13,3.6,OZH2qfPQjaOAskeQnfZjng
vancouver:art:n1642453500,arterial,45.686073,-122.607377,10,0,0,10,5.88,-j3xKLoVo0OItVxO3p4Y3w
vancouver:art:n1756300696,arterial,45.64268,-122.55962,14,0,0,14,4.43,bk2I9O44_9GxWEHGicLaxA
vancouver:art:n1803133375,arterial,45.637792,-122.702745,5,0,3,2,15.36,x3nn80WXHzQHgib4L-T-pQ
vancouver:art:n1818395407,arterial,45.635658,-122.525094,6,0,0,6,5.77,WTEYhi4wr0m5IZM2SJ_PfQ
vancouver:art:n1833597018,arterial,45.61021,-122.501333,10,0,0,10,2.83,X395SoU1Xlc62-xe2CJaXg
vancouver:art:n1972799943,arterial,45.613502,-122.610542,7,0,0,7,3.53,xprIdGTxAxAQZ1e3Bk6QWQ
vancouver:res:n2623620122,residential,45.635026,-122.520969,9,0,0,9,5.44,2RQrHmjq3M2JwgLgPDulrA
vancouver:res:n2966616364,residential,45.661464,-122.686274,5,0,0,5,3.52,OIyiG0I_rl5tMWHx_nG6ag
vancouver:art:n2966616369,arterial,45.651451,-122.69202,4,0,0,4,3.89,c0vfTlN89S4U2HbR7A9IZQ
vancouver:art:n2991648157,arterial,45.654876,-122.578206,12,0,0,12,1.27,6ywmLYSvRcjcodtj75n3iw
vancouver:art:n3072092946,arterial,45.610153,-122.498808,5,0,0,5,3.59,sc0VoWbwcyIOO-gj1HVRhg
vancouver:res:n3372672500,residential,45.646178,-122.529369,5,0,0,5,4.16,sxJq64c4kwTK8Qz0yWScJQ
vancouver:art:n3457677856,arterial,45.641144,-122.585389,6,0,0,6,3.52,VIqgHHYZbahbIiK-nDM8uA
vancouver:sig:n3463951657,signalised,45.635496,-122.559901,16,0,0,16,3.85,BZ0c8AGhz2x1efMUYnpx2w
vancouver:art:n3526628728,arterial,45.61581,-122.625303,11,0,0,11,4.78,l6ri5cDClSPP7tLd8vuFzg
vancouver:art:n3545976087,arterial,45.663146,-122.565796,5,0,2,3,7.83,Lh4V9I-ib66KHsRfXMSQag
vancouver:art:n3559676017,arterial,45.667446,-122.551648,9,0,2,7,3.96,leTB0zjIXmSAZwg3fFQsWw
vancouver:art:n3559855436,arterial,45.66924,-122.544863,4,0,1,3,9.37,qYpgobN0Vj5G_oHwnlXVQQ
vancouver:art:n3559864509,arterial,45.670476,-122.539881,5,0,0,5,8.48,W0H2tFxmDkdAYYjKLkwx5Q
vancouver:art:n3559864516,arterial,45.670748,-122.538552,5,0,0,5,14.34,NF01I1bm1_X0hKTfCgihwg
vancouver:art:n3573197701,arterial,45.67222,-122.520485,10,0,0,10,6.04,wXSTdnCNElNNNyP4Y83v_w
vancouver:art:n3573281024,arterial,45.672548,-122.528473,13,0,0,13,3.63,OiqPM7r7g9YHSAd0b56YMw
vancouver:art:n3629347257,arterial,45.638775,-122.585348,5,0,0,5,5.06,Z6yNNtSAIaXQ3Am3dwc9CQ
vancouver:art:n3641331150,arterial,45.641636,-122.565133,5,0,0,5,5.78,Dx9uSaNK0BEieo5sO6OXbg
vancouver:res:n3642857970,residential,45.609817,-122.589362,5,0,0,5,1.71,cudUqzXzZmpiwb3O4DuaTw
vancouver:art:n3694670454,arterial,45.647326,-122.641567,4,0,0,4,9.27,A6hanN09drGK21l9XKba7Q
vancouver:art:n3699326114,arterial,45.640364,-122.688702,5,0,0,5,7.51,sOKOe1Tc6ua6i__Jo1_6ig
vancouver:res:n3699326241,residential,45.639927,-122.692979,4,0,0,4,4.42,TWKh63fgi92l6yjUnHQ1TA
vancouver:res:n3718729037,residential,45.67126,-122.601169,4,0,0,4,5.13,OZzW92IlUz_K4EQ2KFzgJg
vancouver:art:n3784186890,arterial,45.639339,-122.659459,6,0,0,6,6.43,6lI_oi3v5Ho04p2_lCQn1A
vancouver:res:n3784186894,residential,45.639594,-122.659628,0,0,0,0,,
vancouver:res:n3784186964,residential,45.641719,-122.657695,0,0,0,0,,
vancouver:res:n3788306130,residential,45.62488,-122.564972,0,0,0,0,,
vancouver:art:n3788548991,arterial,45.64296,-122.524528,8,0,0,8,2.18,vZ-qK6LPpSigAutGv8AStA
vancouver:art:n3801437411,arterial,45.640189,-122.591014,5,0,0,5,3.59,PP1-759NrdoEdbEBztc9sg
vancouver:art:n3801691225,arterial,45.644103,-122.530764,12,0,0,12,4.14,i1xMubR1roqbq6I3pSReFQ
vancouver:art:n3811642641,arterial,45.64168,-122.600797,11,0,0,11,4.05,EGEOr_pbvOA69sx3nT_WmQ
vancouver:art:n4075970364,arterial,45.641864,-122.558042,5,0,0,5,1.21,NmQVoca1RLYWmSYal7FgpA
vancouver:res:n4122324545,residential,45.654488,-122.638326,9,0,2,7,5.07,t5rCu8DnlIw9edv9UxPbBw
vancouver:art:n4128998751,arterial,45.635504,-122.562052,15,0,0,15,2.99,-qKuPWPVLjtBrarzlpZBkg
vancouver:res:n4131740366,residential,45.651313,-122.525544,5,0,0,5,3.74,wd8KihmtZkxzH-oBfbJe9w
vancouver:res:n4131740368,residential,45.651631,-122.527375,5,0,0,5,1.29,U-a-Zl980FcO0XEeRlY0-w
vancouver:res:n4131740371,residential,45.652525,-122.52067,5,0,0,5,3.08,GydjtU8Yr5Cy_TmxuK5UkA
vancouver:res:n4131740374,residential,45.652723,-122.520904,5,0,0,5,3.21,N5zjEP3VO0ygcefx03oLAw
vancouver:res:n4131812105,residential,45.62925,-122.542751,5,0,0,5,2.48,0xOzz4RoJtNKoodUF_yuyA
vancouver:res:n4131812106,residential,45.629461,-122.544124,5,0,0,5,4.46,imtjkqjffMWCbvfJ3rEk9A
vancouver:res:n4251920567,residential,45.631118,-122.588146,6,0,0,6,6.96,IWf3zLLhbdtrSeR-LTBb2g
vancouver:res:n4265349434,residential,45.638675,-122.634861,5,0,0,5,2.93,JgSewiFzlg97srkajBy2Lg
vancouver:res:n4407027400,residential,45.59578,-122.484044,8,0,1,7,5.29,6eBeSuJe2Ptnb-QbY-mkFA
vancouver:art:n4458820914,arterial,45.637383,-122.530674,8,0,0,8,3.33,y0ze3cZn6T9ey3f1vv7kfQ
vancouver:res:n4469579464,residential,45.626803,-122.564453,8,0,0,8,2.47,FsNwQnqcP3OXSRmv43p2Gg
vancouver:res:n4569265912,residential,45.639465,-122.586864,9,0,0,9,3.87,6XgquHli7hpB0tG4RjzElw
vancouver:res:n4591248526,residential,45.651449,-122.686365,11,0,3,8,1.63,8bTtnEF09kW-QgmCFPb6gA
vancouver:res:n4598685562,residential,45.652621,-122.518482,5,0,0,5,3.88,0hnf_G-fB33qwz86GHEk0g
vancouver:res:n4599212693,residential,45.638144,-122.538637,7,0,0,7,2.6,FSOXGF300OvbrM46soxuGA
vancouver:res:n4600722929,residential,45.663623,-122.676665,4,0,4,0,,
vancouver:res:n4602349091,residential,45.645992,-122.51179,4,0,0,4,5.39,CfFykXl303zG1bHZgNHBZg
vancouver:res:n4602349140,residential,45.645314,-122.520897,5,0,0,5,1.19,gMY3RU_pQ4iPwBnqzwUp6Q
vancouver:res:n4602349155,residential,45.644017,-122.514503,4,0,0,4,6.74,xADAzsS_45l_l7TXa8moow
vancouver:art:n4612512437,arterial,45.628431,-122.529621,4,0,0,4,5.2,CpEJuTQnkqmQaI4ubJqJ8Q
vancouver:res:n4616972801,residential,45.651543,-122.654697,5,0,0,5,1.33,cQBS1C08pfOcz1TK9qlcMA
vancouver:res:n4658289205,residential,45.614347,-122.593886,6,0,0,6,4.9,leu5Qxz8DZPF3b6m3b2B_A
vancouver:art:n5173352705,arterial,45.626711,-122.655485,7,0,0,7,2.8,EnVvQbzYQ1n4ehnp-yOK3g
vancouver:res:n5845256816,residential,45.64844,-122.5282,5,0,0,5,3.77,rq1eOv-uiC84VjxFTLoL0Q
vancouver:res:n5905779133,residential,45.604916,-122.494179,10,0,0,10,5.16,xxT8z70cvLBERdDqLbXhnw
vancouver:res:n5905779135,residential,45.604911,-122.494714,6,0,0,6,8.88,pnHz5YXjI_3YB9quKR8UMQ
vancouver:res:n5905796856,residential,45.605511,-122.482644,8,0,0,8,4.83,Gs_FF-62olVuY2KFI2Gx0w
vancouver:art:n5917509555,arterial,45.646902,-122.537193,4,0,0,4,4.68,1hR80pm1CPI4o1EXqgfMcQ
vancouver:art:n6505406622,arterial,45.634752,-122.628929,1,0,1,0,,
vancouver:res:n6665438344,residential,45.643703,-122.594895,5,0,0,5,2.11,HKbNFwMkAykncNVG8C_5mQ
vancouver:res:n6835507649,residential,45.624936,-122.678382,5,0,0,5,2.31,XPbZNC_F91eGIfGuAYk5DA
vancouver:art:n6840987692,arterial,45.672067,-122.517342,8,0,0,8,4.74,UZf0DxYP_-BnTMD-55ObEw
vancouver:res:n6994492376,residential,45.650407,-122.66306,5,0,0,5,3.6,pV1RZKUdi9j28zwaD4W1Cw
vancouver:res:n7004605712,residential,45.675547,-122.600301,5,0,0,5,4.1,Ui1-tb6i-n1GqUpM52rkzA
vancouver:art:n7010577258,arterial,45.617113,-122.517916,10,0,0,10,4.97,Jxv7iI-p5P3br9LpjO2oxQ
vancouver:art:n7010577280,arterial,45.617024,-122.518356,8,0,0,8,5.41,9K5vOdi1g9LKgu3eE8YYbQ
vancouver:res:n7010814367,residential,45.613073,-122.592455,3,0,0,3,1.91,C3YXikD5ejV69stPFUxTyA
vancouver:res:n7113555730,residential,45.622792,-122.519095,5,0,0,5,1.85,hCpZCJd_fbjp-oe7oN7AGA
vancouver:res:n7150972574,residential,45.64406,-122.506654,2,0,0,2,6.3,CwParHa0BxYpKEEisl2osQ
vancouver:art:n7309694849,arterial,45.635593,-122.544144,12,0,1,11,4.26,0fOai2C5Cp2veUseXIXw0g
vancouver:res:n7339898273,residential,45.655496,-122.731281,8,0,1,7,3.29,NGzHAqLKYwkk8SmvocORFg
vancouver:art:n7339898274,arterial,45.655415,-122.730058,6,0,0,6,3.9,WIA-eLl5NKXGxH5FhwTFYw
vancouver:art:n7986606418,arterial,45.606473,-122.575003,5,0,0,5,1.7,X_us5QqbT8jWoMx2ERD7Yg
vancouver:art:n8231027652,arterial,45.654081,-122.599312,5,0,0,5,5.43,npgqyshrwFPP12Rz0LDr4A
vancouver:art:n8231027660,arterial,45.653775,-122.599302,5,0,0,5,1.61,CSAsTFfGYAP8ZxsLcWJ_Qw
vancouver:res:n8302029556,residential,45.626193,-122.595097,10,0,0,10,3.79,uF5Lb8gJlCPk-GGuZzyESw
vancouver:art:n8762997150,arterial,45.672151,-122.51434,7,0,0,7,6.67,pA0nBqapVOeJKRBJP4UIZA
vancouver:res:n8904392384,residential,45.597433,-122.526127,5,0,0,5,2.84,_2mCX__-wGFnnv9qwtpWBw
vancouver:res:n8904432371,residential,45.630596,-122.540489,7,0,1,6,3.47,RZahST3tlu7egG4Dk3YBQA
vancouver:art:n9327304111,arterial,45.623449,-122.557605,5,0,0,5,6.85,_nYNSbLAkwj09dsL3Cc9Fg
vancouver:res:n10291163983,residential,45.634324,-122.556836,5,0,0,5,3.89,GbTuu9E2H4M87F0EqCA_mw
vancouver:art:n10701490095,arterial,45.632774,-122.557854,5,0,0,5,5.9,tJCQC8h-V0C6gRxtORTcBQ
vancouver:art:n11232645814,arterial,45.624558,-122.655614,7,0,0,7,6.0,CqYbKWm3RwPCyNn3xhJmKw
vancouver:art:n11285950740,arterial,45.644025,-122.557985,5,0,0,5,4.68,BVZnlvsMDfcmCIo1qirBHg
vancouver:res:n12444613588,residential,45.645558,-122.622473,5,0,0,5,2.61,pBqNBf40FgXfwM98-lbjGQ
vancouver:art:n12783988563,arterial,45.672083,-122.498073,5,0,0,5,4.81,7iH3B_cyiYspGR49KvtLKw
vancouver:art:n13059332205,arterial,45.665278,-122.532817,0,0,0,0,,
vancouver:art:n13059332216,arterial,45.664972,-122.531251,4,0,0,4,11.01,y3HxNUVxLWU41TrhlSJxcQ
vancouver:art:n13059332266,arterial,45.661908,-122.531877,5,0,0,5,6.41,w5q8p4VTI6lq6efZK4Gi7A
vancouver:res:n13090709554,residential,45.632283,-122.546057,5,0,0,5,1.91,LsTykNN-jkCdUksWe-fClA
vancouver:art:n13090709646,arterial,45.627874,-122.495674,5,0,0,5,5.27,w43ekFHw9VWoywphZUbwxg
vancouver:res:n13538869866,residential,45.592495,-122.479556,5,0,1,4,5.64,EjdXHm95d9gGYzOti2GnSw
vancouver:art:n13538926834,arterial,45.596685,-122.489593,9,0,0,9,4.27,Odc47GEMUOqfMMioinktEA
vancouver:res:n13538954649,residential,45.606531,-122.558867,5,0,0,5,2.24,eatVLbdhLy_Zk4QHODVvmg
vancouver:art:n13726761210,arterial,45.658556,-122.531892,4,0,0,4,5.92,rYRkRpNjkc-_AwJfxX_jig
