city,sequence,n_panos,make,model,pitch_mean,pitch_sd,roll_mean,roll_sd,tilt_p50
richmond,KF1p8noEahtr4liB5SUbkT,369,GoPro,GoPro Max,9.688175785688118,9.157531434940964,-6.947956845905978,4.649273342685283,13.141893537782893
richmond,neXd4zYCGbcF6kQ2ZvEimS,440,GoPro,GoPro Max,3.28437201455092,5.342538342107114,-5.100408244957979,4.096437396843572,7.92928788927288
richmond,fP2wSATCUL7BEiah1jqdyJ,378,GoPro,GoPro Max,0.5193934357996424,5.602389925996236,-5.9453503241428,4.41224131768774,7.906087067418137
richmond,aFO1tlKSnCyuzYDspvUb26,127,GoPro,GoPro Max,-0.18316172461862576,1.6292726969197555,0.13328972327093078,1.3738903227989452,1.6171133748845234
richmond,gfoIi7BvEYLVlNRyUasnCu,174,GoPro,GoPro Max,-4.179026919599064,3.529378497695514,1.3307306291521397,1.925753839941675,4.6736448140942235
richmond,ZKgN1oIYcrSmeAsBzTH40U,731,GoPro,GoPro Max,-13.54558558980247,5.722199378083516,3.2291100935788344,3.711624460095488,14.91574684431467
richmond,jKtaJMek7wQl5AOH28qdcm,509,GoPro,GoPro Max,1.192729542237788,2.767340543652603,5.255870456460761,2.8973327450771422,6.289148212435477
richmond,e6UapX4VBS3vIfkLxdObms,38,NCTECH LTD,iSTAR Pulsar,-1.4819289754831744,1.945830645533163,-7.04725813798194,11.479233778880891,4.240335329104581
richmond,uLfPk59sqn6KlyUbMW1NpI,108,GoPro,GoPro Max,-1.3599650934049183,1.3944812628751921,0.18188692349954969,1.5035277233999784,2.0097980338595196
richmond,8t4welqod7rSCbUnOiIxWh,11,NCTECH LTD,iSTAR Pulsar,-3.1991213344557545,3.0137433154452875,4.348235250205477,1.9724343237709148,4.663513435966567
richmond,6adFufAJGvqweLWsKkB2xY,37,NCTECH LTD,iSTAR Pulsar,-0.526067212982914,0.573271288081687,2.8914427032580234,0.9669684127803659,3.140097848528904
richmond,Smz1db2AuCyNLDf9UiHhjW,20,NCTECH LTD,iSTAR Pulsar,-3.4449174279285137,3.7867479108792454,4.19004840505758,2.2229237445496537,5.986053162153737
richmond,3fvIcyGTR0QqazCZVuLnx8,26,NCTECH LTD,iSTAR Pulsar,-1.6969231998175747,0.7428697344262473,2.4643870655136095,1.4347684019837683,2.946555707359438
richmond,n8hbI6kQpTwdWY9OBRveVC,16,NCTECH LTD,iSTAR Pulsar,-0.8227679156669521,0.7028433816701442,1.2354440153713009,1.8522930999305358,1.8544581166600294
richmond,DHSzjckYPUTmXq5B4driL0,39,NCTECH LTD,iSTAR Pulsar,-1.36959120304269,0.7576911042003145,1.083941991847619,1.1193484004808247,2.0325834505485685
richmond,yGOeAwjVc2raN9BXH8LMJE,31,NCTECH LTD,iSTAR Pulsar,-0.006575821390789651,0.6051589744041299,0.32100492352527193,0.5787663872328139,0.7325926465159002
richmond,4D9pVhLzaRWbvB1EyQd2wJ,17,NCTECH LTD,iSTAR Pulsar,0.13791596988733243,0.42818141774079455,0.6612314292504524,0.2197879313455081,0.7872734891763788
richmond,umTxWqyoV3lbfE84MUkJpR,18,NCTECH LTD,iSTAR Pulsar,-3.8450649414154126,3.0573564291858277,1.2863846400098367,1.6422368789712445,3.0273563609119414
richmond,oOSLi8tpsfvex0ZTa2chgq,6,NCTECH LTD,iSTAR Pulsar,-0.08231584900274594,0.6973859258103242,3.348468134249505,1.161769565681819,2.9458086919263
richmond,2xfXeicMIvUJGyKOSW3kNn,12,NCTECH LTD,iSTAR Pulsar,-1.9311879104177516,3.1742119755600924,1.3584100118372289,1.4979596048178365,4.4697841515954835
richmond,QRXNFA8HnIua0GzLfiKgyT,15,NCTECH LTD,iSTAR Pulsar,-1.3287509683598497,0.6274056704205471,1.2701465339277096,1.4819473250486979,1.873106253570728
richmond,eBmRAW0TaZ4HvFx2qlpcit,25,NCTECH LTD,iSTAR Pulsar,-1.6971325433518927,2.9011796146046667,3.0280474025905266,1.1770829962784124,4.5116746325647545
richmond,OUBhnjSDJLpKoGxN8Yd1iy,14,NCTECH LTD,iSTAR Pulsar,-0.8596472476476077,1.3279752881325366,2.012961974673088,1.2471369513506896,2.5527338927743077
richmond,ClLyJHw0TRvI61S85ZBnDQ,18,NCTECH LTD,iSTAR Pulsar,-4.040131051304247,1.7783911470094103,-0.3488572713195046,1.359938319900511,4.176746068798389
richmond,dc7pyeCB5ltAGkPRDjX4gH,21,NCTECH LTD,iSTAR Pulsar,-0.9695506224960918,1.1921484098702113,1.7779617336957338,0.5365489737649429,2.497837871939989
richmond,rcFVL3AldN0hoHsxiEJ6OM,22,NCTECH LTD,iSTAR Pulsar,-1.6633085753937717,0.7236605850860741,0.8549533982549334,0.9493214121303453,1.977298757450788
richmond,fkhvwGp3HREQ0Tey9oinjl,7,NCTECH LTD,iSTAR Pulsar,-1.5540399560329097,0.9311785731859498,-0.2745682972609957,1.2845780526477666,2.4221843414308593
richmond,zjEfGYM3buVWAkv2FSONgC,29,NCTECH LTD,iSTAR Pulsar,-3.089892289432637,1.573141708398898,0.6127465902026616,1.4000791088930444,3.0789529117264447
richmond,jPda9D0IS4pAi7ZvEywUFO,50,NCTECH LTD,iSTAR Pulsar,-0.04369617882078729,3.456151399600976,3.213119006288402,2.2289256154877153,4.026926518623471
richmond,vVx5JUOBfAmcyRbTeW09Ct,12,NCTECH LTD,iSTAR Pulsar,-3.167510307855464,1.6148719740114645,1.1477484977741124,1.4362148490843383,4.248957953619489
richmond,K1m8sUgrHJoGkx7dFT5t4D,7,NCTECH LTD,iSTAR Pulsar,-0.9876068784184462,2.858152232423736,-1.6622456748693997,2.38679199477232,4.316084746022664
richmond,fy7V2zXY61m8OCIhkvRjxZ,29,NCTECH LTD,iSTAR Pulsar,-3.9616783568989224,1.8191120462774495,2.2985232972512204,0.9167699314144768,4.618181455886497
richmond,NrdhSW0EuTjlBsxAktVUO9,64,none,none,-6.496753278324099,4.152890458228291,0.6464507063455435,1.3165509008820124,6.640065983602337
richmond,eraulHSWBcCmbtvJQ70LF1,31,NCTECH LTD,iSTAR Pulsar,-0.35554681961092865,1.3594725934072964,2.849289939118278,1.6273604385446865,3.50083253893841
richmond,EowrXcadVPk5Bhe8GmRS6K,74,none,none,-3.31042037419342,1.100438849019457,-0.1405822399506753,0.5856666032069229,3.557993255069061
richmond,8TahjbXIzxUYD1P9nQpFRq,63,none,none,-5.769780371454638,1.3845308648134789,0.0709291693026328,0.5707867563820577,6.0372077290451545
richmond,MWeIEo4mB5SjndxyQgibtq,29,NCTECH LTD,iSTAR Pulsar,-0.5701840907775377,3.035206630258507,2.7451648955902233,0.899866899376276,3.8508442353072243
richmond,1JDiQH5ycROwzTqAtSKbNa,56,none,none,-4.927800991804621,1.3447120142458406,-0.36370299401053324,1.131672966340977,5.141184746321583
richmond,WRc7ZmSK1daA3kDIFesVxX,6,NCTECH LTD,iSTAR Pulsar,-2.23358534178503,0.9032397796107893,2.827072546619412,0.6445516771071201,3.880434405670342
richmond,tco1Q2WU8e7Zx5GJsS6EAH,6,NCTECH LTD,iSTAR Pulsar,-1.4144847381228831,1.9251938417289032,1.773990711520406,0.5915674657843717,1.9650730731334647
richmond,qhyHOpCSt8IArkbaeiKJ1N,242,GoPro,GoPro Max,0.8042420875859143,4.468199150803473,0.5011017084044438,2.1993093852195305,1.8395992417612765
richmond,QfgMDrjtsCBm89lw5xXnZY,18,NCTECH LTD,iSTAR Pulsar,0.10980862637858815,0.21694681348760803,0.5961770216044994,0.17769214648109516,0.5719903155247442
richmond,oHIxRXV8dFOlShgnu61zAD,37,NCTECH LTD,iSTAR Pulsar,-1.2036144759291316,1.4721654446252963,0.025453491318888726,0.8161685381433319,1.7394171255420763
richmond,auk9R83LB5QJ41CrNOfDW6,13,NCTECH LTD,iSTAR Pulsar,0.393974958727137,0.7227096067447158,1.4292898243540613,0.550238676286852,1.632070491725738
richmond,tHMPDCw6YW4poyx8ZRlXhE,5,NCTECH LTD,iSTAR Pulsar,0.4279545849258178,0.14192472421140717,1.6022194626804533,0.3232661474098359,1.580466425978724
richmond,SNqQGwltMPfeuiRa7xLjX9,22,NCTECH LTD,iSTAR Pulsar,-0.4858848989592041,1.8452789855926806,2.79739593379979,1.3025633662190466,3.205709580394077
richmond,NRJz2tb3pFIacZovKjMnAL,33,NCTECH LTD,iSTAR Pulsar,-1.6728254104792266,0.9929541073784088,0.7723649087826177,0.4784893720084462,2.0333217722026715
richmond,4Od93WbB15iftcGnI2JwKm,13,NCTECH LTD,iSTAR Pulsar,-1.3582086966231268,0.3869575506898503,-3.1600289526387644,5.844748036389401,1.5204545228604378
richmond,Mt2oEgC5mP31rwcdYnKNTb,12,NCTECH LTD,iSTAR Pulsar,-1.3161625503608005,1.2799124378017606,1.3516852546831868,0.8754630840744261,1.8059090974277012
richmond,VoRX3GaFB8OuIAlqLwZrH9,29,NCTECH LTD,iSTAR Pulsar,0.08637391201326307,0.9760722879255808,0.7448402330061951,0.9874446908336806,1.437102790187305
richmond,7RoJ1fsMCGicdpAwe08Bgh,23,NCTECH LTD,iSTAR Pulsar,-0.5162506390919908,0.6820409069059878,0.3977512530294258,1.4701446726274163,1.3093780015655783
richmond,HGfn3SbaPoOuiI4ZyqRwzB,37,NCTECH LTD,iSTAR Pulsar,-0.8499390687167283,0.5081642741863415,0.8119625099376098,1.555098347380736,1.153134437367362
richmond,RnAg4ZLO2wkp9EDCYaXSWK,12,NCTECH LTD,iSTAR Pulsar,-1.5114166693985782,1.1834698791230462,-5.32327845496118,5.668419705254813,8.325301732015555
richmond,iHUwJuQWXhVR20orDG5IZM,8,NCTECH LTD,iSTAR Pulsar,-2.584748353752771,0.32881387794190203,2.2630332200445458,0.6632685246204374,3.500289766653153
richmond,tSQYwhz0i2AHGZoClVucJj,33,NCTECH LTD,iSTAR Pulsar,-0.15305910451381005,1.6204996841230561,1.3115842818613694,1.8718386871556163,2.333050314507123
richmond,bJSpFz7EU04cvliTnBGHAX,22,NCTECH LTD,iSTAR Pulsar,-2.3229632662789954,1.2008919858588982,-0.47407541949287263,0.5389649770886406,2.658768452397561
richmond,pJy1CoglxTMZzbu3VdAsvc,7,NCTECH LTD,iSTAR Pulsar,-2.441490474428548,1.4458903008594879,1.5164323360334981,1.0379639534256564,2.7923583783999875
richmond,s02XvCcdfokgBZpMq74ul9,13,NCTECH LTD,iSTAR Pulsar,-3.2782100855046252,2.5868180516185095,0.5018375789978314,0.3265818070830522,2.383940056209572
richmond,GtQenug3NAiRhpPCK1fxbc,11,NCTECH LTD,iSTAR Pulsar,-1.4146073540110857,4.583312156658578,1.1235436445951845,1.4066216639249138,2.1381552514102005
richmond,TRfFo75XcLyDU2OJvmQadP,61,none,none,-4.678339874603002,0.5086068532982797,-1.001779571161147,0.7249753381073235,4.884889442479424
richmond,R78KGPq6utiaLpOCycASIU,24,NCTECH LTD,iSTAR Pulsar,-0.993683468616767,0.6454243968894201,1.7851607516953256,0.9092979235689664,2.295554586217179
richmond,vYifbuL7SD964mKATO2sQt,25,NCTECH LTD,iSTAR Pulsar,-1.9546004491643285,1.387724700822144,1.9122784583345607,1.1665835349407705,2.528753300108709
richmond,bR8vzTly3wXZ5MWSOVtn0r,8,NCTECH LTD,iSTAR Pulsar,-0.8654887153160624,0.5162066363676173,0.6658615623955728,1.449473497194885,1.3586196906452985
richmond,aKnfIghSW439vyriwLPc1V,18,NCTECH LTD,iSTAR Pulsar,-1.3080244329021464,0.4956961745837585,0.4316448590965074,0.7765152250094379,1.363044526037069
richmond,Pxgcv7SwekLhbRAF96m1Jl,67,none,none,-5.549723418152072,3.051559089883669,-0.33323885624730565,1.9978636686413922,6.194621119501761
richmond,NZiJ2Pqcs0bB8xkQmOSXr4,23,NCTECH LTD,iSTAR Pulsar,-1.356237890044527,0.5457080841425234,1.491612835180267,0.6872944986643087,2.2555390365499473
richmond,jO4PRDLGqHsZeJWEg3AYBN,29,NCTECH LTD,iSTAR Pulsar,-0.7471959122614635,1.6533404918356618,0.4676276174893446,0.8916167535462468,1.9411092260988057
richmond,MRAXzkh6Zx7PKY9UV3yEcD,28,NCTECH LTD,iSTAR Pulsar,-1.8915760296667206,0.8105424500297692,0.6380487283560466,1.1934236184819582,2.546875218458436
richmond,HI0O4hLtr9wylnvs7oJkYu,48,none,none,-3.8763350225904905,0.7035070818905356,-1.5159168793526996,0.6368431721786504,4.057509637169664
richmond,5mBkK27uDSphCJ6dEXL8RY,33,NCTECH LTD,iSTAR Pulsar,-1.5072354922123625,0.8220105369732386,-1.5418434871883635,1.1074756741764078,1.898826070527588
richmond,f7kKqIxeSyoEOp4UPXMYH3,40,GoPro,GoPro Max,0.352731917933932,1.0966705951988207,0.4370272228212963,0.8911142651070054,0.4367637444032455
richmond,1vslq5zJCw4Wkf3A9rEodF,23,NCTECH LTD,iSTAR Pulsar,-1.6273061546004914,1.0640178965526854,1.9074038312926074,1.452606633803773,2.605331752622964
richmond,gwKqShuGj05eARHD26QL9F,10,NCTECH LTD,iSTAR Pulsar,-2.699433501641505,5.8607948735793345,2.2729149754448743,1.4224359593926408,5.38851759928857
richmond,Ls9Jm3yvCuijbZRO7P2K1W,21,NCTECH LTD,iSTAR Pulsar,-0.22654289755036955,0.696413164976933,1.9056971209254747,0.5509950561225347,2.1912902082858707
richmond,e3ZzRAKgPO17iJ0uxtIEvG,19,NCTECH LTD,iSTAR Pulsar,-0.5077479173377359,0.25469553731042555,0.6270537516901602,0.18362426648643954,0.8506072070811721
richmond,8IFfOSD7qZ5nzh1ve9VaLG,26,NCTECH LTD,iSTAR Pulsar,-1.0594636600615464,0.9966466159106709,2.105717007333126,0.6943309109524415,2.3935042402701265
richmond,8IvbieGDUmJQVfWSszZoAO,13,NCTECH LTD,iSTAR Pulsar,-1.749479341856486,0.727939520703724,-6.37465752527441,6.591482350150548,11.615617135983037
richmond,R2A3kG8bwOszFLqfQTdnHV,71,GoPro,GoPro Max,-1.20729209921297,1.5230887145932652,0.1066175703888979,1.0770293530052903,1.5945087817000652
richmond,drsjvX3k4KiBTH7Pb5LV8h,32,NCTECH LTD,iSTAR Pulsar,0.6212689032892864,2.3560452510701815,0.42685329006379685,1.6278210371159922,1.9150567838236794
richmond,1dBb6r95Me2cTvhJZti0Vo,7,NCTECH LTD,iSTAR Pulsar,-1.0919915039176638,0.9132805991402476,2.129090078463248,1.4514742644761471,2.998919771583103
richmond,cBml6zhXN1iFRrkq24spHM,39,NCTECH LTD,iSTAR Pulsar,-1.5000107781612317,2.2606021324649133,0.21281917064252043,1.406891904573887,2.5831011585075583
richmond,FikNdPgXBoJsDtfnQWwhu6,22,NCTECH LTD,iSTAR Pulsar,-0.4114111547521364,1.3975650266436261,3.0742294923083873,1.1741953448981903,3.484186824403734
richmond,nAwuyleRopPC0mTcVYHrb1,12,NCTECH LTD,iSTAR Pulsar,-1.7925675890269668,1.1399516964966823,1.1756461716979958,0.8170275736741223,1.8844546212188278
richmond,oHxLZapKqwhiybvJdSC2TF,45,NCTECH LTD,iSTAR Pulsar,-0.8751551758478404,0.7532578776442129,2.548141581017851,1.156618073621082,3.1019056279289816
richmond,6J3XhwAqztdIWnj5PNkgbS,7,NCTECH LTD,iSTAR Pulsar,-0.695537754217278,1.3597833298799205,3.160384124946253,0.6355521033796214,3.884825314654528
richmond,231btfBMyURmXvT5P6qFcO,78,none,none,-3.740808631651946,1.3581705199737375,0.12316092803524102,0.19433512725001553,4.142932632253881
richmond,ZVFAJkCOoLQjaUybltG6S8,9,NCTECH LTD,iSTAR Pulsar,-0.5369215041296953,1.2858642741131618,1.733727044262891,1.3061084792159752,1.9364339443103127
richmond,epDoCQ9zvVPh2HaOkmxlb3,30,NCTECH LTD,iSTAR Pulsar,-0.6202026262311093,1.239637565400105,1.7844290060548538,0.39009957371160925,1.8331841344404274
richmond,eJz14RcnLfbr7Mo5d0aVOQ,11,NCTECH LTD,iSTAR Pulsar,-0.7375157962430413,1.0981281395270384,-0.4267013182401668,0.43892667100248167,1.2794158812667777
richmond,gcqW9eY3GiJjQESyMvpUTN,17,NCTECH LTD,iSTAR Pulsar,-0.6151426257222476,1.0023407175757584,-1.6921028229840223,1.0100708584847846,2.430795284705133
richmond,NhqetuvxPjB06kM3ybJpZX,14,GoPro,GoPro Max,2.110993965276892,0.9434077942990678,1.8512258319329118,0.607326551043221,2.8552658292822017
richmond,RoEIipz4rkleCHL0xFc2BM,14,NCTECH LTD,iSTAR Pulsar,-1.9150153652482063,0.5193317806224205,0.24219576904847018,1.4719914579238451,2.068443910225534
richmond,KVjFBH3asgc59pEUeY41L7,24,NCTECH LTD,iSTAR Pulsar,-0.6417607858763226,0.44390915616708176,0.48777678847868294,1.3786874151714261,1.2535923214120783
richmond,3bniX79WTexPd2r5gH6MIl,27,NCTECH LTD,iSTAR Pulsar,-1.2476664366450778,0.7021783753257576,-3.0920399682061075,5.8122512918955005,1.6559698945201733
richmond,kvdw7ZStsGBNhYxQnJIrR9,32,NCTECH LTD,iSTAR Pulsar,1.7628045998132307,1.5794122076709505,-0.16023463704546873,1.4194357390896466,3.033843871980458
richmond,DnoArq4OGibg2yaMY1JNpd,19,NCTECH LTD,iSTAR Pulsar,-0.8802756967211286,1.0499564818051645,0.8536930331176008,0.8186576673478748,1.34930479631448
richmond,lnw8f4xhDAzUSYIuL9P3pa,30,GoPro,GoPro Max,0.44185618563322104,1.2824009237407246,0.17643813094972208,0.317627470017033,0.9108082161975292
richmond,GJy72V0fdrxMFus3WC6w1t,27,NCTECH LTD,iSTAR Pulsar,-0.7643016320188945,1.8358654441557218,1.9241316224794118,2.794706509341263,1.9284226140480674
richmond,NdhO4C2BsaXGS8plejZLKT,11,NCTECH LTD,iSTAR Pulsar,-2.169421494586487,2.8107221071654025,0.33429714479833933,0.6368214940860984,1.6645922437240759
richmond,sQYG42NBfPJyFkSUucOE3e,9,NCTECH LTD,iSTAR Pulsar,-1.2645968200612536,0.5027882456352605,2.782377486156939,1.7691034168384874,1.9286652884107034
richmond,92chHUjF35ZsNXydIEf6r4,22,NCTECH LTD,iSTAR Pulsar,0.556284530621742,1.4866617105135904,2.9130666534718075,0.8732425749250885,3.4463968003679155
richmond,aO7nwHiyz6bYt1oeRclMfd,26,NCTECH LTD,iSTAR Pulsar,-1.0508551578702028,0.4998591388023882,2.3025368668176194,1.0338239117243337,2.781154229936493
richmond,c39NCEYbZKX8udRDWkByhf,28,NCTECH LTD,iSTAR Pulsar,-1.4724734613344235,0.6850715161630728,-4.593758418203783,6.529929953643175,1.6269011767607777
richmond,wGojXkNRdvyJBKn6ra7xZf,20,NCTECH LTD,iSTAR Pulsar,-1.4754582376130885,1.3916172699055678,1.9005380659212672,0.9322103973297838,3.1727526199410154
richmond,s7WkNRh9jtMG2wpL4HqIBl,27,NCTECH LTD,iSTAR Pulsar,-0.539731040794761,2.1833221856313316,0.05263948960770187,1.8097437126405294,2.581805311185706
richmond,85uMdUO6JNok4mQDszXvcB,25,NCTECH LTD,iSTAR Pulsar,-4.658702919848658,1.9468796545891651,2.9251927538593456,1.2994245653474539,6.427499011020121
richmond,6TBuQbZ8IEmWqAS4eGUgPs,31,NCTECH LTD,iSTAR Pulsar,-1.4994732051695414,0.6225973376843676,-1.7363366696046987,0.996979368698947,2.111811014187565
richmond,QPw2eEmbV3lqh6pvcWUoO0,41,NCTECH LTD,iSTAR Pulsar,-2.211177460942336,1.7584956087353392,1.3315719701191326,1.4806723536929314,3.457884884634754
richmond,N70xbh3a4eLK8vrpYZzfTj,16,NCTECH LTD,iSTAR Pulsar,-0.49435405834809426,0.9012735162156246,-0.6731615861110192,0.36475290288110623,1.0768098585485686
richmond,Sje4mi6guHWUF9LvGBNXYP,23,NCTECH LTD,iSTAR Pulsar,-0.23008348920113736,0.9093136192087703,0.539669885840952,2.2078788492047257,1.976563365414001
richmond,0K4kRFUSN3DrsVAzpftyTO,25,NCTECH LTD,iSTAR Pulsar,1.485570621490612,1.9232759710333789,-0.5557923975557996,1.6510835655716107,3.252125883458781
richmond,vD1nTjfWz2HVeQwNymgoxE,17,NCTECH LTD,iSTAR Pulsar,-0.568076125180688,2.088837917426516,2.673575853757794,1.8382604717014095,3.3234220963177985
richmond,cuDX3YvV2OMCwigylKNrep,25,NCTECH LTD,iSTAR Pulsar,-1.5701912499505974,2.2398922645120987,-1.6645276795271777,0.8607916745056221,2.819021080991602
richmond,08vaxXJTZ5I9eArfRPhtWd,34,NCTECH LTD,iSTAR Pulsar,-1.5596916212807326,0.8849947745312295,0.770460043589597,0.8248265115286686,1.8872379939323438
richmond,hkvmlsE6VZTPoJBfyxIiNS,12,NCTECH LTD,iSTAR Pulsar,-1.1574664042342757,0.42982580388206604,0.8678209135843473,0.7489290535178366,1.7186515339448316
richmond,7xBa0FEUj13gPc4tiXRVl2,31,NCTECH LTD,iSTAR Pulsar,-2.0866983313883884,0.673590964670138,1.4714201003456813,1.1927031396631498,2.8523776158780443
richmond,X8vmRdpJNb2KY9TquihfDI,10,NCTECH LTD,iSTAR Pulsar,-1.4214094895477503,0.5004713125811661,-2.8217003971953507,3.8807099283545514,1.7193982047451786
richmond,js7k94gPNhpIyu6oO8XnD1,25,NCTECH LTD,iSTAR Pulsar,0.0330733610716761,0.738127639096495,0.061007053689518156,0.5065695732927451,0.65552520876269
richmond,Ny9BGc0Wa3nT85ikPXvCS7,10,NCTECH LTD,iSTAR Pulsar,-1.0772372445744598,0.6111271579744826,1.005493382511403,0.5443825600205605,1.650711295093725
richmond,Kxk1EiaAD0QG47Lj3XPTvJ,26,NCTECH LTD,iSTAR Pulsar,-1.0951944641045606,1.3261195163404313,0.1358928578524153,0.869464021506058,1.40871485331273
richmond,6RAuNJYzCcOn2MEKxokVi4,8,NCTECH LTD,iSTAR Pulsar,-3.531786515920609,2.337755605584796,2.2562946088392484,1.1571408019339449,5.265427232479953
richmond,IhOuUZXHYjAdbtE9vaWoMR,27,NCTECH LTD,iSTAR Pulsar,-0.36929568000848534,1.8292384737747636,1.4815854912386817,1.3894326924352052,2.4792822886995003
richmond,ArIR4KgLYJeEcWNwB6FQbM,14,NCTECH LTD,iSTAR Pulsar,-0.3400929471347335,1.150632214405342,2.367632046829941,1.3975496987553653,2.2249920528319835
richmond,wxghBIWdRM3L41CTZUVGYr,20,NCTECH LTD,iSTAR Pulsar,-0.4868758880110181,0.9997523590063768,0.12060094177053048,0.9198594422974499,1.327105750093662
richmond,KEhkYySjua0FnceWMI4NGl,6,NCTECH LTD,iSTAR Pulsar,0.0540473052032088,0.5635633975857194,2.062734059041101,1.4881132515524358,1.4258741220780256
richmond,dfsCvjN4gGatYTbXUFo7kW,15,NCTECH LTD,iSTAR Pulsar,-2.473558410129435,1.0020874114395626,0.25528508784397147,1.1803276169429693,2.8472686628370605
richmond,hizWXra4FTQu6tqmsKGb91,14,NCTECH LTD,iSTAR Pulsar,-1.5476570243816123,0.2767053180718356,1.0110651884511188,0.6560232356345955,1.8874411626513559
richmond,PArkudoQyCHxmK4vSMU0Fi,6,NCTECH LTD,iSTAR Pulsar,-1.8111524395157799,0.888786231705241,3.4578147551252334,0.6528229615284283,3.8431887581477415
richmond,S7Wvd1tmMhurbTCyXJpaYx,16,NCTECH LTD,iSTAR Pulsar,-2.314936343961013,1.7982097544110045,-1.1389068333969423,0.5463067750315216,2.965865928353162
richmond,OTli4ZwH5BDSd9kpWjJQfs,10,NCTECH LTD,iSTAR Pulsar,-0.30791854453344825,1.7546807250374283,1.8926778710316472,1.5627881471990852,2.5002438201098753
richmond,RjlqtiwXN3BPE6bfDzaOYg,18,NCTECH LTD,iSTAR Pulsar,-1.7419171400439624,0.6007551247450998,1.037348808964392,0.7607134006558938,2.300084400080045
richmond,pVOnXhkWbv9HugEBrcTCi7,14,NCTECH LTD,iSTAR Pulsar,-0.6605656545616982,1.0343146670834336,-0.6362430109815548,0.4551972458235029,1.2684870059708653
richmond,TWCP3rZ0dGw562xg8Qu9ny,32,NCTECH LTD,iSTAR Pulsar,-0.2268176249978,2.1428270380548287,1.6009951697355767,1.243787958921915,2.6963755304174444
richmond,dynosZ2piv67CkWfA1ewxu,12,NCTECH LTD,iSTAR Pulsar,-2.2112039719103715,1.615618098366458,-1.193817766744502,0.6997894192800419,2.6199407674803203
richmond,FI8SQfgnBisVbvTyYJAj9t,6,NCTECH LTD,iSTAR Pulsar,-0.008593608477289313,0.7667550764447253,0.06888962007191494,0.9039532530236692,1.0937494672509183
richmond,03vDTp9NwbSRuYXkcaCUO2,29,NCTECH LTD,iSTAR Pulsar,-1.610433355205741,1.9299138240469136,1.555064974891852,1.2621856166931984,2.8271639149537666
richmond,i1fObR9pBWnDyTuqm0tCs6,11,NCTECH LTD,iSTAR Pulsar,1.5297707970650711,1.9482779836301212,2.5648951157504727,1.3713227743455065,3.673854084274197
richmond,rcmVDaLIdBUZzf3WXT81M2,18,NCTECH LTD,iSTAR Pulsar,-1.6819408658846693,0.6408868999631301,0.8930425000013821,1.0044040425295453,2.00610655591858
richmond,qKF1eiYGcDzruM0h4AJyE6,15,NCTECH LTD,iSTAR Pulsar,1.2901388400844316,1.9060555722737758,0.8312749436652248,1.358367018852622,2.513737982964374
richmond,FtH18DS50WcM32knT47NmA,79,none,none,-1.035144429912905,1.332431550217672,0.062168499395368094,2.3776291195128625,1.9783048234697804
richmond,4nKQCg7vIX3wuHGPOYJkDo,21,NCTECH LTD,iSTAR Pulsar,-0.6310860385869386,0.8888149475468068,1.0554840161816526,1.5080620743653703,1.1185709997753617
richmond,LIJBehAVj7q5y2i3RmnrS9,20,NCTECH LTD,iSTAR Pulsar,-1.0175369164996035,0.6283061556311967,-0.05972183606936903,1.536377844403667,1.7105921294796103
richmond,43Dkb0BVTUI8pYuvE2aMNC,30,NCTECH LTD,iSTAR Pulsar,-0.706087162160314,1.0031743173700476,1.169975507487712,1.1106139736750746,1.8133829196709874
richmond,xZHUn0bdhN7gQ9JAr3CecM,11,NCTECH LTD,iSTAR Pulsar,-2.2596157453012595,1.4459384752261095,1.8026911880934182,1.14508533588928,2.6323598567974718
richmond,XrEo23tcK1SHzDyCwNOPMq,23,NCTECH LTD,iSTAR Pulsar,-2.149818337749066,2.174716093854301,-1.5161462565229054,0.7100365636158443,3.491881683677819
richmond,5lD3MhA0i91pywWGSC4FYE,18,NCTECH LTD,iSTAR Pulsar,-1.3889301011978492,0.5936681797225034,1.5795971192435987,1.4578471677213538,2.377668751888178
richmond,KlYqAMF1k78j0rmJOWcTQa,21,NCTECH LTD,iSTAR Pulsar,-1.3981804023177282,0.48414810661416585,1.5490915028487104,2.7052443037556406,3.4104070376150637
richmond,uAPLnOVgUTCMqtdEIxYwK5,44,NCTECH LTD,iSTAR Pulsar,-1.359682849876264,0.7836814874844497,0.5506908892373469,1.7300598398118725,2.271784481911652
richmond,n4dbCVFf2klcsRG9Xu0o5E,25,NCTECH LTD,iSTAR Pulsar,-1.2837479069491833,1.5829175571897642,-0.8205825514143025,1.416578223115404,1.619021084746518
richmond,Q0ykE7v9O6PjxXLg4AFb8B,33,NCTECH LTD,iSTAR Pulsar,-0.8758183669042384,0.6666499312958616,2.1334825280972587,1.0293360684372888,2.4823499124861677
richmond,RJUK0ZAqWmSGcsewXBLVau,13,NCTECH LTD,iSTAR Pulsar,-1.1177709857133185,0.5718517204261565,0.6863403183643566,0.8886214423077419,1.5401939375982736
richmond,0IgGoZMtylA1RYhDwrkBdL,33,NCTECH LTD,iSTAR Pulsar,-0.2923934761726995,2.114241951175425,0.8617028722731379,1.3018761193581765,2.3686598072210105
richmond,nsRVkNyL4153Klq6XPBxIi,14,NCTECH LTD,iSTAR Pulsar,-1.0074089634934855,1.504177652891781,2.944281347697171,1.319989547687621,3.5364921648305736
richmond,WCdFK4kmByfI9L8rjXt02J,20,NCTECH LTD,iSTAR Pulsar,-0.6623100395538428,0.5742259286190641,1.9506282089453477,1.7133087938742109,2.9080021959547686
richmond,hH6a24KGe1PsZwnXIc9J5i,6,NCTECH LTD,iSTAR Pulsar,-2.4744909412004974,0.7199819247202254,1.4625748908282898,0.8000968473737191,3.0266822588846525
richmond,hxvynOSubUg3I5XN1aKtWq,15,NCTECH LTD,iSTAR Pulsar,2.1815338158371502,3.0377837798665803,0.699555702016748,1.0647689021593651,2.826282736159888
richmond,ofWGpV10qXR98kDBIZCjLc,10,NCTECH LTD,iSTAR Pulsar,0.33960876317790184,0.8699250669941401,0.07537362018817147,0.25660917307093756,0.4143847363861919
richmond,F6xdAWEPwzNeyXJGqCvuVt,10,NCTECH LTD,iSTAR Pulsar,0.4657337325071108,1.5214398269182623,2.2420364981903522,1.2415585988695863,3.1730581069703216
richmond,c7seJ8D9ZUaqykpCW6GHfY,9,NCTECH LTD,iSTAR Pulsar,-0.6941968639950215,1.2710904922763089,1.9689170570563768,0.6838125183794589,2.862488207612557
richmond,8nJmwzk2qTe6vFrXPfsLY9,22,NCTECH LTD,iSTAR Pulsar,-0.32065696384873316,1.5965953750178736,2.1226468879863924,2.200021700204675,2.3860444218622474
richmond,ZJe5MhtzcxGsrWubo2p6fK,28,NCTECH LTD,iSTAR Pulsar,-0.582512747901691,0.3033980951805431,0.6166716180256845,0.2712976334157796,0.8188210115707214
richmond,QGRMkrDiC86by7gSNthjXw,19,NCTECH LTD,iSTAR Pulsar,-2.7388664950147596,1.9760536158331348,0.9700861773896009,1.2965277330980636,3.217655545566574
richmond,MCcPGkJ4zhotBKXQxuA6Le,18,NCTECH LTD,iSTAR Pulsar,-0.6867177262259488,0.632789180225059,0.7476049704983783,1.4469638402329226,1.387453641559914
richmond,mtdBNa1UgOQZJeclRT8LYr,11,NCTECH LTD,iSTAR Pulsar,-0.8477343520930053,1.1548194050845255,-0.5104488253886799,0.39296412173735107,1.4830603814976207
richmond,YyQ8XUiOJqZ2wHEhxvlc6N,25,NCTECH LTD,iSTAR Pulsar,-0.5730523689758735,0.9944923449202457,-2.230877622398456,1.348201667447683,2.761763036082808
richmond,wmZJDGRABla5j2qogHNIFv,31,NCTECH LTD,iSTAR Pulsar,-0.7690045942312926,0.5324304896799348,0.6861787364225355,1.6492545859944203,1.1716206643839846
richmond,hgHOUyKSPxcTRMkWmpGI5z,6,NCTECH LTD,iSTAR Pulsar,0.10834285463194943,0.48586681388918107,2.3667479107371423,1.2205064436552258,1.620535701982181
richmond,2ovsjZaN7OUeG6RtgE9Bpf,17,NCTECH LTD,iSTAR Pulsar,-0.21484694728971285,0.9721762382686161,1.365214043337584,2.2854674410270497,2.2724670079606866
richmond,Ytjg26ioVF9rChJQAUWdwq,5,NCTECH LTD,iSTAR Pulsar,-0.016460576709041202,1.0022164858137972,-1.264707414235368,1.2986700919202223,2.311058787838223
richmond,j6YnwrTFufN5HRck4IJp7b,75,none,none,-5.706880435281488,0.7879336081998556,-0.6991765489376504,0.8702997954826807,5.708747073011801
richmond,zdANmarGs4jHlFC6Q0EU9S,25,NCTECH LTD,iSTAR Pulsar,0.1599566149228572,1.0448147951014566,0.396640773389905,0.7214092072683413,1.2206070258886021
richmond,8vgiXujKWfOIm5RrTeFHbE,18,NCTECH LTD,iSTAR Pulsar,-2.2424442086377807,1.4588169964368871,-0.9067908143165766,0.9492553118900026,2.4372183711725603
richmond,r0swHqPtmvWjM47bEY31fQ,30,NCTECH LTD,iSTAR Pulsar,-1.6127994532191225,1.250699983560798,-0.5326354567430615,0.8799177021218904,1.8300943981804905
richmond,LWpqYFM6NQdHKsi2XOZSJ7,19,NCTECH LTD,iSTAR Pulsar,-2.015433131746376,0.6302216465640468,0.7425016608223012,0.8947600286478374,2.487551775344227
richmond,gDVpflYaBe8CovR1UsxH49,15,NCTECH LTD,iSTAR Pulsar,-1.5609922713167486,0.7047982401423989,-3.904197454520434,4.907091214877433,2.0757241986080293
richmond,HVdrY74pwQSFjOLmN0915o,41,NCTECH LTD,iSTAR Pulsar,-1.2895480001203237,1.0454000933972332,0.8972211810598034,0.35000816323948164,1.771479616862745
richmond,I85XFyG0lKgrDBQ2skcqh6,20,NCTECH LTD,iSTAR Pulsar,-1.349570815844368,0.7544979261378916,2.4041298728531624,1.5264307387082126,3.380022051146081
richmond,mAi8GdLHau6qc1JxNXUwO4,36,NCTECH LTD,iSTAR Pulsar,-1.2500431595112764,0.602872053082147,1.0236780081146009,2.7562320155746396,3.407534075758651
richmond,M5RgON2cSIojtivrXpm83U,26,NCTECH LTD,iSTAR Pulsar,-0.27480877195801884,1.126919268463403,2.007556554345903,1.4869136912429683,1.8464649634984809
richmond,v7LX8yga4fpD6Sr3lHtjUA,28,NCTECH LTD,iSTAR Pulsar,-1.5862577645260718,1.334836342758254,-1.0403800743503928,0.9596514245336674,2.2126360432669134
richmond,2NpWF7cTyr6E5fKlZA1hng,45,NCTECH LTD,iSTAR Pulsar,-1.320968916972355,0.8883952721375334,0.7557774825408,1.6888383286963033,2.107364594650248
richmond,CWFGwlfenILZ7JmzypsYjr,28,NCTECH LTD,iSTAR Pulsar,-0.5187787723761453,1.367222548465665,1.7489139076671372,2.1883281433258364,2.2756987735191436
richmond,ULCNEcIs4ASntgVX8F9WPo,6,NCTECH LTD,iSTAR Pulsar,-0.9644599878879222,1.2666110839560818,2.0713641267439473,0.956812988326449,2.5057917002858714
richmond,42vTkEUINds5HFtzqoV8Rw,14,NCTECH LTD,iSTAR Pulsar,-0.3964149067194368,0.8625514339724561,2.123563260243427,1.0499518314504068,2.7295990050935495
richmond,JYUnEFCjg1zr8lDuvTo3Ls,9,NCTECH LTD,iSTAR Pulsar,-1.705178133573402,0.40719403295001294,-2.5551333264830434,5.837080976653013,1.9290593795081683
richmond,2lDbt157Y0pncVz6MTmiCK,17,NCTECH LTD,iSTAR Pulsar,-0.5941986289379648,1.3951311254791938,-0.5257442312444162,1.4441237272753498,1.6896769778749179
richmond,f6vkpcmR1G9SsbiLZjFYHC,15,NCTECH LTD,iSTAR Pulsar,-1.4577304088721188,0.6819868589770965,0.7858015288907151,1.03729748198442,1.7389318199376789
richmond,0tDUHua5rIyeh8lEk9MXjS,62,none,none,-4.921649307856131,0.26353561949601156,-1.1554184601926976,0.6870454466394912,5.160610365225185
richmond,SxYBZr4QKfn7pIX3t90eow,79,none,none,-4.8862661430180365,1.0174569494291732,0.7112299506036999,0.7939273145333319,5.034270360107776
richmond,xB7jeYgv5sdiyH2FlXNCQE,11,NCTECH LTD,iSTAR Pulsar,-0.5819150090466427,2.734981206128235,8.725045957637828,10.1584858733346,3.8233415997318967
richmond,RfwMrVX3Q1eizvIHubJaOl,64,none,none,-4.442797482901538,2.0625612897004904,1.5088011042798146,0.4186263333290277,4.514293763677331
richmond,oYqky7hRdx6ZmnTrWAzFvs,25,NCTECH LTD,iSTAR Pulsar,-0.2706518394000866,1.0212513172132212,-1.6917322695740846,0.7820560555925873,1.8327678081180325
richmond,yt0M4SslP7ZWnAFeuQjKvJ,83,GoPro,GoPro Max,2.5467849299192324,1.1742801734718264,7.227178381107891,0.8388079609861103,7.904304727888085
richmond,YvLer5gCNF30o6KlfyjWUO,6,NCTECH LTD,iSTAR Pulsar,0.2551457035894645,2.623946581840965,1.3096219262055295,1.427693920375873,2.719742287975984
richmond,ON5iHulc29mz1sXVkUJGqQ,11,NCTECH LTD,iSTAR Pulsar,-4.311726291282834,4.344811183461447,1.047196206962484,1.3762142868178069,3.2274449055717733
richmond,VXyFWreoNw4c6ip13b5TKn,5,NCTECH LTD,iSTAR Pulsar,-1.2434893460842258,0.788910254186799,0.9333360149576181,0.7570969075185784,1.7458488719339424
richmond,tSVCTna1xQfi5K49PHBI6m,19,NCTECH LTD,iSTAR Pulsar,-1.0642196412348564,1.8844955643161634,1.6218026323630548,0.9708038543611378,1.7998327105156984
richmond,3hOqvFGpokbn4V7zu1gIRY,18,NCTECH LTD,iSTAR Pulsar,-2.0583826564655325,1.2221677289088873,2.2547911385076445,1.3736670363798125,2.179441739113086
richmond,Fki5pGetmxhwA9u7Ec2IHU,10,NCTECH LTD,iSTAR Pulsar,-0.5078069655807683,3.3401878863298435,-1.843126060202614,2.3100952733638516,4.500650706656085
richmond,6BdghwUEtm04PVusyOQvS1,18,NCTECH LTD,iSTAR Pulsar,-1.0400688825462052,0.5569296342428316,1.4499807429366,0.5699259557915133,1.8691790458790425
richmond,YMVtzWPma3fpohc01dCH95,5,NCTECH LTD,iSTAR Pulsar,-0.4375086636578598,1.3939764867068256,2.6111432739313694,0.692191357568902,2.7370661914879406
richmond,xWC1csKeG3jFQrdY0VDSUi,15,NCTECH LTD,iSTAR Pulsar,-1.6665423323926354,0.6971769614306886,3.7169523007730514,1.54364516629061,4.410424969850379
richmond,hvCFAr8uIqY2kmMXgTQnGf,5,NCTECH LTD,iSTAR Pulsar,-1.2195597395344482,0.8567909041803439,2.986913740743118,1.6578346845742742,4.3402604935750535
richmond,TYytGMB3nHWFJozXsD7EaO,15,NCTECH LTD,iSTAR Pulsar,0.019188815359362805,0.7300333006997634,1.9021375096415534,0.9096280668190465,2.148002316159742
richmond,TkhmRtcveWxJ17XM0w3ydN,5,NCTECH LTD,iSTAR Pulsar,-1.061299008891844,0.2949644779388684,0.4567290319865395,1.5638317711775471,1.793050759669483
richmond,H6JzgdK04rSeyPWNE2aO3j,9,NCTECH LTD,iSTAR Pulsar,-0.5936328229350502,1.2343338352703577,2.8326956796191802,1.3467554758306164,3.4513361006029415
richmond,bPlZw6Mp5Lzac941Xev2Kd,20,NCTECH LTD,iSTAR Pulsar,-1.1648937449276264,0.6956116671381659,3.083070065002647,2.0174926806905806,4.369737647231856
richmond,9yrEKL8zpObsXZ71MRwmHC,10,NCTECH LTD,iSTAR Pulsar,-0.8345629676866732,0.793621372691172,0.9182332415405029,1.032667349587255,1.7717709535375343
richmond,hNSXaMWORxpeyZw647PDk0,20,NCTECH LTD,iSTAR Pulsar,-0.4634972504849039,1.1313069719393913,-1.523551048069599,1.1562172876121883,2.3339209122620543
richmond,n57VkKslrDmajtFBETNqzJ,22,NCTECH LTD,iSTAR Pulsar,0.2433378543129924,1.0529714435773108,0.8136728440845545,0.8903938569405231,1.504226681577187
richmond,7q9eKcDpSxXyonQOIfhvwj,49,NCTECH LTD,iSTAR Pulsar,0.03579632659849469,1.7931024933421442,0.7492599900207096,1.5287318095058744,1.6845742107235644
richmond,hjP59iev0UbQWlTrCOLG8k,30,NCTECH LTD,iSTAR Pulsar,-0.48566469195375955,1.002590198825119,-0.06204224875081883,0.6821818171276026,1.2112050163380939
richmond,FIAhMHGw0Lm3gNvxRZsKlC,8,NCTECH LTD,iSTAR Pulsar,-5.436353252211853,2.9068437625372345,4.394663257193602,3.064397865173229,6.441494578841343
richmond,J7IAMxeHE3a2Q5dpYV6SuT,23,NCTECH LTD,iSTAR Pulsar,-1.2727362848680233,3.3375679985217666,1.1331222241395025,0.6987258987261825,3.5820549166323263
richmond,E1G7ksPBQtCdOWgUu2nlc0,5,NCTECH LTD,iSTAR Pulsar,-1.964191784300745,0.4288393652824685,1.3724883830525558,1.116350493984119,2.7209182264483327
richmond,3vbsVBpat8iLEHfF5NMDPX,13,NCTECH LTD,iSTAR Pulsar,-0.9012886670922851,1.2105861529508464,2.4410629322441957,1.9306904825477493,2.3881165719192947
richmond,xTpcAEVaCLlrg1IKUvowDY,22,NCTECH LTD,iSTAR Pulsar,-0.6777702558866815,0.707019650704949,1.9405947780869583,1.8165260683448803,2.527360774597229
richmond,bz52C7viYneMWuSNlt0r4q,6,NCTECH LTD,iSTAR Pulsar,-1.892655261966745,1.1188944988984517,1.537831467144919,1.3586044371467536,2.9102450071841646
richmond,lbrUYDZFMzKOjeuhNqP3HC,23,NCTECH LTD,iSTAR Pulsar,-1.6139001871532348,2.7043547628707976,2.379790202733244,1.3487823954369649,3.42998694817293
richmond,BUr7CS3glwahmXMGdbiIJR,5,NCTECH LTD,iSTAR Pulsar,-2.2516262614681732,1.2267576741119188,3.4397387249929494,3.0026223006089894,2.9642114003865094
richmond,lvLDUP8En2sgFJezQjSuXO,8,NCTECH LTD,iSTAR Pulsar,-0.31387279817643604,0.4505365136369165,0.920950070983074,1.0203429086545965,1.6038745620303543
richmond,TGq4pSbt05QDeVmFlInPLW,12,NCTECH LTD,iSTAR Pulsar,-3.059956951655595,1.2396642415548542,1.1918035063266534,1.5816043880395059,4.151834231501337
richmond,XQFMpb2fkwmV9aRz48BE3e,8,NCTECH LTD,iSTAR Pulsar,-0.463246627751834,3.098830322417845,3.57936041825844,1.715443731345179,5.224427961333589
richmond,aULnv3lj2geNJrCB1K8AD0,14,NCTECH LTD,iSTAR Pulsar,-0.6480391300111057,0.5523066137780798,0.3530439320403147,1.0510308304388232,1.3188480462493477
richmond,y54WTcS2XwfItGBax7M9pY,9,NCTECH LTD,iSTAR Pulsar,-1.4601801055472505,0.4751265612898505,1.1024626174926413,0.8053334475465123,1.7644451666270997
richmond,rX6ERyoS8zgTjmNU4Y2Zc7,16,NCTECH LTD,iSTAR Pulsar,-0.8527303594666693,0.7235986149398116,2.5162082919090754,0.8740004406990266,3.0130774213377567
richmond,mIVgNEadQvMDsPrBb3knfp,9,NCTECH LTD,iSTAR Pulsar,-2.0007071174787003,0.7714128775400085,2.2739420165456834,1.189062637476092,3.0672367467116612
richmond,e2b6NFaG8DQiASmwO9k0Rt,32,NCTECH LTD,iSTAR Pulsar,-0.6269679008926641,0.6429492972286597,0.27881933266823355,1.2433586815083393,1.3148243905221326
richmond,g0woFs2Cvan7LKNSVtjmfX,7,NCTECH LTD,iSTAR Pulsar,-1.6064804819402811,1.2206660152196085,0.7048968836357197,0.48592707876967534,1.365767071581583
richmond,XevahO1HjFdVSL9g4IyZCP,11,NCTECH LTD,iSTAR Pulsar,-1.9416335854279496,1.1519436816478719,0.8210565810401749,0.8959334389434347,1.9569169056637632
richmond,D3MXo7Zdit6WvCT0UjwARk,10,NCTECH LTD,iSTAR Pulsar,0.1449556660647911,1.3521673150227274,0.6267656589414095,1.1075148310701823,1.5420153459289023
richmond,Cj38dYsJnmzgZcE7XeaPUV,20,NCTECH LTD,iSTAR Pulsar,-1.1937774572639896,0.7055845812684061,3.579586332164483,1.437089161407036,4.561512057668758
richmond,U4eWPoxCEMYT8R0wLzd97b,20,NCTECH LTD,iSTAR Pulsar,-0.030897065644634486,1.5340473384291666,3.2201435018004716,2.2281052000376027,2.9920563702574876
richmond,GEcVTJKzMUAw18QNSC5XIR,29,NCTECH LTD,iSTAR Pulsar,-0.8966267582227753,1.5195313666884092,1.9476466312523977,1.1522277107954622,1.9573652744084309
richmond,3pwcDU4tOjzuhLBovYi2Cn,14,NCTECH LTD,iSTAR Pulsar,-2.297938657478202,1.1810082652415987,1.6462228986584109,0.811702351430879,2.184340318209747
richmond,cWTusfdMj9tpxkmr2DeKnh,7,NCTECH LTD,iSTAR Pulsar,-1.0360648393755911,0.664095866369911,-2.1072704733355248,1.94780169467188,2.145565824679047
richmond,0Evh61DHZknme7LsAVQbtu,12,NCTECH LTD,iSTAR Pulsar,-2.6068947396553694,2.1021523890931784,2.2635000032070915,1.262114402398796,3.749010779499129
richmond,y26tarkHsVAlU9SXiufj8d,17,NCTECH LTD,iSTAR Pulsar,-1.218859825114972,1.3986133364152014,-1.1402288168564108,0.7962684348297575,1.5829898080030744
richmond,yEfMi1mrxURNDuoj0hLAW3,5,NCTECH LTD,iSTAR Pulsar,1.4743896177311158,0.9296131252466533,0.27710224305061637,0.48869733342645183,1.9442619898686138
richmond,WIzs7tifngOTybCmxhqQeX,23,NCTECH LTD,iSTAR Pulsar,-1.302725775304426,0.8835789046286325,2.083557359703088,0.7128822455462047,2.778114418669616
richmond,AORPSZIlzUYJtdXupwoQ1D,25,NCTECH LTD,iSTAR Pulsar,0.9451881798930655,3.7970424971304406,0.6165449512274103,2.4710372128579774,2.897836326590624
richmond,bESXlFv3MPDUHTjsrpki60,27,NCTECH LTD,iSTAR Pulsar,-2.1498489443370503,1.477452177966678,2.1282719705483655,1.056475005444217,3.4752544889022654
richmond,nFwaolCg73AzEZIDjMrNLx,20,NCTECH LTD,iSTAR Pulsar,-2.5991168093309045,1.8000714047093151,1.7421737510921786,2.1402254893490102,2.852351614079525
richmond,vJwsWT0cqQblGXNnCe6oZ7,8,NCTECH LTD,iSTAR Pulsar,-2.18727453794685,0.620991946214801,1.1370380642129794,1.1159499282538483,2.9679523799165235
richmond,wftve5dFbrVsKuDxio9azS,9,NCTECH LTD,iSTAR Pulsar,-2.2289444470765782,2.712051138293585,1.450666148936489,1.188342418221608,3.922385481030022
richmond,3EVn6berw42yYiMOl0kqAm,28,NCTECH LTD,iSTAR Pulsar,-0.26650411052849743,0.997621860134446,0.9949703564228061,2.0749977824722308,2.1855841373022153
richmond,cgo1dMpelL27HaVjB9Nfwk,17,NCTECH LTD,iSTAR Pulsar,-1.49280905868866,0.43473149250541326,1.2258436438330735,0.46407152009460967,2.057999344482328
richmond,5qKNbxiFoHB7OdgcY86lEe,16,NCTECH LTD,iSTAR Pulsar,-0.9319040083460763,3.1891662261143776,1.4175595994802752,0.7073999679666813,3.601094279068953
richmond,OFYpWcNnxI5Jej6v3B8Dt4,9,NCTECH LTD,iSTAR Pulsar,-3.284975834097635,1.9540742048813293,2.527741871204414,1.041768057642389,4.413744679796274
richmond,OWyxa7dY5MtifoZ0KXezRg,6,NCTECH LTD,iSTAR Pulsar,-1.5836780073408419,0.9959185274530762,2.1082639934650436,1.445918679520504,3.0783616832101326
richmond,Pvnl7kxYC5LUKVBi9EeJbd,16,NCTECH LTD,iSTAR Pulsar,-1.6432897704510077,0.8429713370413969,2.4551715519807358,1.4374640855597143,3.2181414644489217
richmond,0wAZqmHhI4z5p2GYQXBdjf,6,NCTECH LTD,iSTAR Pulsar,-1.9506358269444164,0.8897168680501052,2.5179811078619694,0.6569205024425799,3.100541782836844
richmond,HJvld4fLsrzCj1PWpISwQD,69,none,none,-1.0465737076778256,1.3376632521345793,0.646520803248744,0.9840752812937863,1.7725766278316912
richmond,bwYS4dZKOUWg0GtloPy7vE,36,NCTECH LTD,iSTAR Pulsar,-1.4538507794249254,1.8866825036879602,2.3658966276334787,1.173425961941065,3.6562609330301514
richmond,nViSp1WFYgjRsdfZIuz8e6,7,NCTECH LTD,iSTAR Pulsar,-3.5728131496343027,1.805233227409032,1.928633749450186,1.8301197061414922,5.1254873532943925
richmond,f5Exh3K6WOVkUR9bSoI2jQ,7,NCTECH LTD,iSTAR Pulsar,-0.28166196681513395,0.39081672088000097,0.6163409816994447,1.4408007355948627,0.5006175979844422
richmond,OluGPab6VTIW9CBAmkMdft,5,NCTECH LTD,iSTAR Pulsar,-0.8862255364996325,1.582555212547038,2.426767986269749,0.7322677493930247,2.912121320274472
richmond,A1p326CI7NPBWraLgHbx5j,21,none,none,-4.977860383935714,0.9053391927678796,-0.6223240250595624,0.33732123242418266,4.908616388038186
richmond,h1MoRFXqs4dLCSKwinuBZ7,10,NCTECH LTD,iSTAR Pulsar,0.09455641664759677,2.0168629293592617,3.31918527373791,1.7473186885859975,3.4505562758864277
richmond,in1GBMCSHZQaY8VfwILAON,11,NCTECH LTD,iSTAR Pulsar,-1.5613572647727147,0.6379881886023498,2.506781573776901,1.6422132092478288,2.864523913108252
richmond,Thf1M9GuREJrnkAoVd62WQ,5,NCTECH LTD,iSTAR Pulsar,-1.651928957428054,0.6849944617289456,0.6570215971452368,0.9838370802364543,1.9317042179538724
richmond,21NOCkVxKzH3TRapgAqjlt,14,NCTECH LTD,iSTAR Pulsar,-3.462005244178142,4.719635869892909,1.584719419484421,1.4610265626512666,4.309033433692995
richmond,1gKWmloXBuekAtcG9ySUDr,8,NCTECH LTD,iSTAR Pulsar,-1.1333915231294298,1.5891087525448024,2.306289920515499,0.9323644124542222,2.990333806828033
richmond,fBuYozLm37psWkvHG2dniU,18,NCTECH LTD,iSTAR Pulsar,-1.2406569159252578,0.7228875519880429,1.9537091534875701,1.4314989739956758,1.769571428954215
richmond,tcLqaX5yof1CYQ6FEhVvMz,12,NCTECH LTD,iSTAR Pulsar,-3.2862115518692483,3.6186445080096363,3.4938406068672516,1.6351993694224691,5.070906309535919
richmond,bFmUIevxgyw7MiRtucSAHW,9,NCTECH LTD,iSTAR Pulsar,-1.4705841994372972,0.41660808165974267,0.9761781863085297,0.7995040941007182,1.6521748028579293
richmond,cND5PWt4wQzkyZBEg06CV9,5,NCTECH LTD,iSTAR Pulsar,-1.8216225669351598,0.8264471359592253,1.9698488508526342,1.332109909149022,1.974084942491946
richmond,un8bcrpLUi3t0SFGxTvodO,15,NCTECH LTD,iSTAR Pulsar,-1.0146033621114547,0.9990897715400192,0.573336329196314,1.6333960708921362,1.9829771967319547
richmond,rQ5tpECjJlzo1Rwd9LASvO,12,NCTECH LTD,iSTAR Pulsar,0.024442534851756736,0.8619723686863976,-0.11419229223506766,0.3597593564914069,0.6422013359344935
richmond,4RZIn2bmhVqtH5KC03lf7T,8,NCTECH LTD,iSTAR Pulsar,-1.3734240597816996,0.68917501481909,4.827454457293721,1.0736360638308375,4.900003388968652
richmond,PRjmQyXrv1EAGTenhD2l9U,13,NCTECH LTD,iSTAR Pulsar,-1.4372281903872561,3.691246526358532,1.2134633433224298,0.8531526230186383,4.541676497709953
richmond,Bv1wlR2CtZTQJd4zqijPer,5,NCTECH LTD,iSTAR Pulsar,-0.8980631851043924,0.4356177064167486,0.16248576267972853,2.019944427583003,2.033636203620766
richmond,cWChxgzOp2kXIdvMebjsUq,11,NCTECH LTD,iSTAR Pulsar,-0.34356863652730674,2.2703011790008225,1.4690704135036803,1.1658821838065383,3.301902969960375
richmond,a5ZDIuSzNXUE2KA3WmORsV,12,NCTECH LTD,iSTAR Pulsar,-1.1687800991749255,0.5938015707955961,2.6936361036065617,1.7443523104370053,2.6738562835841337
richmond,eHWKGPadLpqOjFxRXbZzy3,7,NCTECH LTD,iSTAR Pulsar,-1.3670859106103816,0.6311669910887577,3.1605263559742305,1.818325432306512,3.9908904432859362
richmond,m5zLvCZxjDBn37NMlETo4q,11,NCTECH LTD,iSTAR Pulsar,-1.385429701138861,1.9270487409457762,-1.086788106007986,8.498532663189362,1.677813250132958
richmond,LcDHsndmGF3I0Rxuk9EA5p,7,NCTECH LTD,iSTAR Pulsar,1.0589589889459174,2.405653708265903,1.005162133218619,0.44273916242939954,1.3807635215074727
richmond,XcW9eT6HRAk8E5MpUDvbPF,6,NCTECH LTD,iSTAR Pulsar,-0.36070669338950484,1.2942559691467748,0.21636907025652902,1.2553849615257668,1.3089668248572468
richmond,q485Oh7iIEmMvbzeYcTRG3,11,NCTECH LTD,iSTAR Pulsar,-0.2950847475760065,3.5144434011923664,2.882484897015376,1.6387964228371146,3.8548211179086116
richmond,bHhav7td24mRyPTSNKMl8F,16,NCTECH LTD,iSTAR Pulsar,0.5076003739311709,1.521976215148325,0.8446403984248125,0.8680704091630503,1.8165954545837883
richmond,Yi0SBzTtn5QF1ORXVlvLM7,12,NCTECH LTD,iSTAR Pulsar,-2.062572382089552,1.2177316273206102,0.15351281751004425,0.537223760509584,1.8261567331877084
richmond,B7mOTvZWjRolPsV93FNgMn,13,NCTECH LTD,iSTAR Pulsar,-0.7319315511801733,0.7616939167782549,4.051672799035776,0.6012017497095702,4.514255400962102
richmond,Qc2ZwVxsYuWtFSMa6J5Pin,9,NCTECH LTD,iSTAR Pulsar,0.5674475922636011,4.712819272181009,-1.0678576512737465,2.092797964231751,4.877329767739831
richmond,RL5VjEqgQGikCtec9XvHWA,7,NCTECH LTD,iSTAR Pulsar,-0.9126857534391807,4.23992422349259,1.0748724185360001,1.1456645229920477,3.3445278080966556
richmond,VnD3Y5BZQGNMFUxgweTSEK,13,NCTECH LTD,iSTAR Pulsar,-0.5847984831000544,0.8161924431056125,0.7093861121119959,0.6664699982778559,0.9728670240615706
richmond,GsKwpoIrJg183YZ4iExqDM,9,NCTECH LTD,iSTAR Pulsar,-4.64689115975965,2.245025391769035,-0.004876902364461781,0.7765638273481907,5.230751219659613
richmond,kVt0og9ZFOMeJcBb7u8rDa,6,NCTECH LTD,iSTAR Pulsar,-0.8152120966919055,0.8107523899316085,1.8922403229552711,0.21783941482607283,1.9610398776300488
richmond,aOZc3j8L16moKyNhRUW7il,5,NCTECH LTD,iSTAR Pulsar,-1.0054592913177125,1.3273511371731421,0.8332574347191106,1.0414307290243616,0.004564901265224596
richmond,6com1ZHWi3zTkg9YRJ0COP,9,NCTECH LTD,iSTAR Pulsar,-6.4895473555248335,1.8599457077015273,0.6362397739187123,1.158879124753072,7.608372002170617
richmond,aD6bnJvHsRXl91ewxBPmGV,10,NCTECH LTD,iSTAR Pulsar,-1.3828453410083086,1.1876307811435496,0.152818365635611,1.7984716121964286,1.705651747140469
richmond,FHNhxoqi3rj0IyO76M5KSB,5,NCTECH LTD,iSTAR Pulsar,-2.196722458839843,0.3883070326991207,2.9237098670697934,0.35834548529344795,3.584136242629632
richmond,04ub8IxYhGfln16NFK5aTM,6,NCTECH LTD,iSTAR Pulsar,-0.7220984087675038,1.2883147209701045,0.8435804753152581,1.0739700282251172,0.8863555173731968
richmond,J42AtZHO0prsB8TavCNLEh,5,NCTECH LTD,iSTAR Pulsar,-3.5250693376568343,1.9066690827897737,2.5847494969866767,0.30570252414291316,5.301274793452222
richmond,ZflVzsAgvnKP398dJeIGht,8,NCTECH LTD,iSTAR Pulsar,-4.470086383618072,1.2791384764138933,-0.9994641523309409,0.6791551298329028,4.991544789724773
richmond,TV5LIZoyhnPkXiJlAgD8t9,5,NCTECH LTD,iSTAR Pulsar,-1.4768125097453464,0.22173754650817476,0.9660002976495191,0.4917047943950958,1.8525440905437782
richmond,396XjPqzbVhIU84EwGvoCO,9,NCTECH LTD,iSTAR Pulsar,-1.9704374549332093,0.9247497318344063,1.5133925945861435,1.0415369293600598,2.1700708720384925
clovis,mm8v6u26wk1uxj0frxg6hb,68,GoPro,Fusion,-5.876645198576096,0.5965501068939107,-0.22905615256629236,1.0671874515300033,6.138392919340383
clovis,ig0hndhjip13sei7omjxoe,39,GoPro,Fusion,-2.198206732173986,1.8701326650043841,0.3443158699761478,0.9326264366243313,3.257828543366719
clovis,4gmznelc3arzpbvxxl3225,199,GoPro,Fusion,-1.930832350607222,1.482205882545394,0.21375237430619687,0.6352423530661633,2.472476140207451
clovis,h6rja20eg2fqnjud8zaeyi,296,GoPro,GoPro Fusion FS1.04.01.80.00,1.489437234797958,0.6288415582199767,0.6638371403742264,0.3231836417706285,1.5963256384330347
clovis,4Eywd8BxYu9bZZHOTQh9Jg,401,GoPro,GoPro Fusion FS1.04.01.80.00,-4.243755805340585,1.028711840732127,1.0807492060214499,0.5046302203284716,4.419903759569166
clovis,XDzXGxIhO83mrBk4JLAIEA,435,GoPro,GoPro Fusion FS1.04.01.80.00,-1.1664083942093286,1.0369088457236835,0.07130779349566206,0.6417148891426662,1.407513188667323
clovis,g18tw4me5s0m82cqw8z32l,34,GoPro,Fusion,-1.8157366305662785,0.6422682715974551,-0.4281001419724004,0.362665307617552,2.0542486329974547
clovis,jpcvshotsvp4h5p1chlcjt,204,GoPro,GoPro Fusion FS1.04.01.80.00,-2.536207834526818,0.750212105861772,-0.932029621075647,0.7086990640420311,2.610331974468056
clovis,GL8MoTO6ec0RWV5P5UKzpw_v00,370,GoPro,GoPro Fusion FS1.04.01.80.00,-2.720338025979367,0.607598090206058,-1.2537684290993498,0.3162703213484751,3.1590742554838442
clovis,A1gfU93WzJdQKoe5AirnRg,464,GoPro,GoPro Fusion FS1.04.01.80.00,-0.6517920006134846,0.843023074017655,0.7654960521523178,0.4463256415277045,1.2457095347862077
clovis,jqZsPBj3sl7AyWFRel6d9Q,131,GoPro,GoPro Fusion FS1.04.01.80.00,-4.435779012744733,0.8500955680558993,1.2844611858169221,0.4635883766975754,4.725366751254504
clovis,nw8707wf4f8dve9lzsmh5m,36,GoPro,Fusion,-2.9726657795550846,0.718067498991732,-0.6878381991893435,0.5948928723917839,3.04958941370514
clovis,kwzlgdd7wo5nwtqviu1lx6,466,GoPro,Fusion,-5.10336722675249,1.1478372808146966,-0.73818172669924,0.8637517828491212,5.371133983235975
clovis,zQddh8XVfoRThO7j4KfskA,450,GoPro,GoPro Fusion FS1.04.01.80.00,-2.3202854909739736,2.076507470167767,-1.589153991513789,1.3418148272248802,3.4212562179007495
clovis,az-e3sGYwNKSAcRRv84KpA,182,GoPro,GoPro Fusion FS1.04.01.80.00,-2.1081184552625882,0.5765868030169089,-0.9745191313549263,0.5407381655762086,2.4368652002259346
clovis,33tghjgkzug7b7r9o3b7u2,469,GoPro,Fusion,-5.713706998171366,1.8440267548703728,-0.6387103369964254,1.3476257888418144,6.264922938276354
clovis,Zp4sV1OYp747ZiqOl6a5JQ,427,GoPro,GoPro Fusion FS1.04.01.80.00,-2.0252374671206868,1.1049128297254496,-1.6449444460511677,0.9514338500086706,2.7686924383260623
clovis,awwrthsadronb5v3n7l7mb,171,GoPro,Fusion,-3.580777842594788,1.1223872371251802,-0.8493944783261944,0.8847084538718998,3.86860973338982
clovis,frar0l86gz0ldrblhfwmhv,180,GoPro,Fusion,-5.928425932884899,0.9300354345459452,0.24372350190495304,0.5368984210081206,6.008896263399472
clovis,clegxrelvbe21nun686m5d,106,GoPro,Fusion,-4.703860427671194,1.099062983667655,-0.5025624441798304,0.5738381047873597,4.906131138144547
clovis,H0MRkZZjou1tI9uoDoHpfg,343,GoPro,GoPro Fusion FS1.04.01.80.00,-2.6689569600034333,0.8244045565774916,0.6759493999135139,0.6391920962823715,2.8190135433132304
clovis,pK7xAJkPxwA7NGARj3yxYA,165,GoPro,GoPro Fusion FS1.04.01.80.00,-2.8894074711542426,0.9125824875510594,0.6078077858296513,0.47494421371022916,3.22144953057425
clovis,d41ivrl82vi8l80ypjl49t,267,GoPro,GoPro Fusion FS1.04.01.80.00,0.4373904639907723,1.3015476379287831,1.5635889811587438,1.6814756791069168,1.1893895938139263
clovis,RwQRnUOGouQkOVS1viK-Dg,430,GoPro,GoPro Fusion FS1.04.01.80.00,-1.9034118347333926,1.035020963680467,-1.6499776531627761,0.8311426237349759,2.771186344918065
clovis,a46lf2hc1x537ichimqdux,114,GoPro,Fusion,1.30222100284089,2.16897132507712,-1.5165801458613632,0.5581289425618933,2.099335901649732
clovis,fo006z4aczyyaenlcyvp8z,466,GoPro,Fusion,-4.570001140331017,1.2384367380501566,-0.704192131931575,0.7522978667028097,4.536230353749985
clovis,jfpgcgqq8xsezke2mibvlk,410,GoPro,Fusion,-6.1955924901812125,1.1384277873610564,-0.4965998435609261,0.9431032076521697,6.377893740409246
clovis,bv1cd1x4o5g0ym192mzesn,264,GoPro,GoPro Fusion FS1.04.01.80.00,3.218013795769203,0.9735629719531381,-0.9098654245856399,0.5981809014384294,3.4786636780998865
clovis,5p03fi94two0pwurzug7d9,155,GoPro,Fusion,-0.2626965132715469,1.253969381845788,-0.7916165350465233,0.8252439849604567,1.3485566174316954
clovis,2q77cjklg99dcb2o7zinww,218,GoPro,Fusion,-3.3256276299567475,1.1057818040462508,-1.329387888943193,1.381278507459608,3.5018100807190358
clovis,iosaf4tfpux5art43vrn9i,188,GoPro,Fusion,1.8125415102496656,0.9931835217280821,-0.5466299033742972,1.840676961960641,2.292585443302718
clovis,y8hmHNk_ujNE3lH2I8KcHQ,382,GoPro,GoPro Fusion FS1.04.01.80.00,0.27431385968304073,0.8833818912922144,-2.80237953552666,0.6579442717429342,2.903226432216568
clovis,MWe0YOwSRJu19tchtu7CHg,130,GoPro,GoPro Fusion FS1.04.01.80.00,-4.338665140847289,0.8276891660996477,1.3258238793420307,0.6163176818777946,4.662098190483509
clovis,rjjiy4f7fn9heppbgk3sha,414,GoPro,Fusion,0.8504746571368098,1.1560581491579245,-0.7735964869009749,0.8138365589850509,1.5116801758423273
clovis,PHmirRsjEprRXXY3L3bECg,95,GoPro,GoPro Fusion FS1.04.01.80.00,1.3137958841357,0.6563237160851509,0.45301761942360463,0.670483514840031,1.392134265814595
clovis,dyuuhxly5mv20ay2sm17fj,252,GoPro,GoPro Fusion FS1.04.01.80.00,2.6441890397159633,1.0576125267730154,0.6004495023678649,0.7148499587283823,2.9973873905675554
clovis,f0q6b7zemf6fktk2yygguy,431,GoPro,Fusion,-4.1501321073013955,1.1203482243511018,-0.6328385188160692,1.0572844395304812,4.216776062410931
clovis,VXGz0kIUDiUTKLQ4OKqqgw,351,GoPro,GoPro Fusion FS1.04.01.80.00,-1.5537713401322881,2.7579909510825815,-1.6231926783084156,2.9086716656904126,2.221670603153326
clovis,oqnyWTuvmjey3KusKTMAmw,407,GoPro,GoPro Fusion FS1.04.01.80.00,-1.8793978931038495,1.0174313064563096,0.09271901894307781,0.44909226192598906,1.9601922041661572
clovis,1z1jcrpgejt733p6awvqxi,70,GoPro,Fusion,-1.2539681717124238,0.6543154111689741,-0.6484335197466693,0.49082197738139,1.5950965316342702
clovis,f1fa8pa2cjc3g161331qwv,124,GoPro,Fusion,-2.2255118834147063,1.3558990262999615,0.15037743668856024,0.7369936841567205,2.30254113371977
clovis,h0w97l67zvsd7ft9l54x3w,495,GoPro,GoPro Fusion FS1.04.01.80.00,2.5193598694268555,0.7296328287933161,0.81772900554724,0.5153430496324132,2.7066417520784922
clovis,a4dZ6OeOzDzvf_A4iL_XMA,91,GoPro,GoPro Fusion FS1.04.01.80.00,-1.2667693684212107,1.9128857215260846,0.6927838988404174,0.9155893751557092,1.9271196511742585
clovis,3zuHiY0BxmJ3HjK_tqAvwA,429,GoPro,GoPro Fusion FS1.04.01.80.00,0.5947324667032322,0.9201222987768638,2.15775192037245,0.42020126448553535,2.3677186190183925
clovis,efte87vzinboxasjtpzoqn,229,GoPro,Fusion,-6.962250854814152,3.47496275637472,2.059230555196463,5.502110582683864,5.989731449879761
clovis,etCd73xZlUjXrTTJxai4iw,187,GoPro,GoPro Fusion FS1.04.01.80.00,-2.2302336326186274,0.8008341936242499,-0.5793451533340834,0.30982841773230463,2.4034006419845495
clovis,duepbpjo0fj0acvaijzs2z,438,GoPro,Fusion,0.9869251734747438,0.9295808607172484,-0.7524370111201626,0.7861098551675035,1.4334523720948753
clovis,DA_Cn-Y5j9VGpPaDrlGprA,449,GoPro,GoPro Fusion FS1.04.01.80.00,-3.0857342306933835,1.3417695829945504,0.0584955399436155,0.8543911695028144,3.2277456876245223
clovis,b37NinJAeIsNEi29SIPnxg,304,GoPro,GoPro Fusion FS1.04.01.80.00,-2.090885490815021,0.9764796291134791,-1.6336639872302656,0.686338227276186,2.727739006795506
clovis,i5ncvl9staf2wk6zb0uh4v,489,GoPro,Fusion,-5.897548073384228,1.8109828113607445,-1.436813106956742,7.6419260552684065,6.2315318034889104
clovis,IgKbfCydeUta8nB57OD5eQ,36,GoPro,GoPro Fusion FS1.04.01.80.00,-10.709395796951776,1.1131110384514047,-27.950403564410486,0.4376706084111832,29.770798754110494
clovis,Wi8EZXl0BnTWFstwp1nj-A,202,GoPro,GoPro Fusion FS1.04.01.80.00,-2.8482776282961506,0.8234508126437906,-1.405010017255985,0.5164507215734245,3.3571712171127586
clovis,gEHDduiaJGoKLs2fjBFy1Q,101,GoPro,GoPro Fusion FS1.04.01.80.00,0.5188117478004008,1.0391387269470609,-2.347454606655657,0.5967706647437686,2.556033636189014
clovis,O6d-T-fGSXcm1jRu6n3eMg,179,GoPro,GoPro Fusion FS1.04.01.80.00,0.686105345681685,0.9885076249410387,-2.5485632907093656,0.6467531515497473,2.8628358736369193
clovis,8f410corno69cw79gyr3fi,45,GoPro,Fusion,1.4488941957707462,0.7290219745760484,-0.4814551614026875,0.7895879202073426,1.7377478415881225
clovis,4e18oh9nfjvmdmo765zndw,142,GoPro,Fusion,-3.6687935584042473,0.9734765286461865,0.15217463968474712,0.5093516839539342,3.745262014352223
clovis,if8d78n0lnufb0hnzwnaku,34,GoPro,Fusion,-5.113290002226935,0.4769561561562234,-0.06455014633547186,0.43357555693396593,5.203393268777397
clovis,G7SrI7iZ4iG9A1eru-qW-g,105,GoPro,GoPro Fusion FS1.04.01.80.00,-2.537219673144121,1.197286959638104,-0.8493840766912015,0.5348049333597681,3.0285384731551455
clovis,6n5i072oiof4nyjfmgln88,454,GoPro,Fusion,-0.3671966684314002,1.7310877141781293,-0.8555539526915178,0.5475046236785309,1.333133148904143
clovis,EACnwsNoG2lv1WW8pZWAVg,195,GoPro,GoPro Fusion FS1.04.01.80.00,-0.30186750875817,0.9044111313895453,2.0202587237569376,0.4325994577441842,2.1861039556021815
clovis,V6uHzSKqmrTRdDQtYcT6VA,75,GoPro,GoPro Fusion FS1.04.01.80.00,-2.7000675442527013,1.0969229557962137,0.7371421793409451,0.5127271691589524,2.907739691571872
clovis,839zuantgt2sq3v2tc2uok,68,GoPro,GoPro Fusion FS1.04.01.80.00,2.8766564541159445,0.6006305395527932,-1.1528794678525236,0.4700125493380546,3.0932137171448533
clovis,mRSG3OYjRSdoStCbDKXqQQ,75,GoPro,GoPro Fusion FS1.04.01.80.00,-3.0369191215768483,0.63228862694352,-1.0125072462391285,0.525462900843366,3.230611568887894
clovis,ym4RfOVI719iS6d4ELsbbA,260,GoPro,GoPro Fusion FS1.04.01.80.00,-2.810716408827778,1.2949418732266387,1.3223151990744761,0.5622647377680582,3.452267375928938
clovis,4K_SHf5_eWe4CzRUCP4s2Q,188,GoPro,GoPro Fusion FS1.04.01.80.00,-2.706551355989099,1.0007229325129667,-0.8359877755013465,0.9965608151187498,3.024112831397453
clovis,l2q9mb5cv01ly1spxeqfkt,344,GoPro,Fusion,-2.0982403750466907,2.1117995562075715,-1.935276592224265,9.443439675933538,2.694672298349067
clovis,esxmeto6htszsghaz9x425,283,GoPro,Fusion,-1.2736998489653926,0.7433553367633712,-0.9720550711901534,1.1553419019827416,1.5796029883526561
clovis,PYASRIvJ2_CqoYuIIYKFkQ,95,GoPro,GoPro Fusion FS1.04.01.80.00,-0.19968722932938915,0.5993523053842064,0.6940095581546679,0.4495164778519811,0.869585928067774
clovis,KJkEzqypc2hkOfvkexC34g,243,GoPro,GoPro Fusion FS1.04.01.80.00,-1.3879533571102367,0.8146636264331804,0.1918768691360424,0.706846819419327,1.6795821442544447
clovis,f3kfazau5xvjb1yl07ok3j,454,GoPro,GoPro Fusion FS1.04.01.80.00,2.7515113391580686,0.8957867033036147,0.6694696934464128,0.5387489813567962,2.990619423050456
clovis,agpy9hvnrmcs2m9vwn83aj,127,GoPro,Fusion,-5.773184919364491,1.558987425307739,-0.05274916774340461,1.0191274874618856,6.070412549653883
clovis,rlH0Wzms49HC36TOJcDbGw,389,GoPro,GoPro Fusion FS1.04.01.80.00,-3.180987224905591,0.898826220719741,1.2041682595309102,0.7103596989365932,3.6228650877108497
clovis,bgUUcbszFUunlSFLk9JRtg,254,GoPro,GoPro Fusion FS1.04.01.80.00,-2.4998521771871447,0.9143993938836756,-0.5836054144054248,0.5692893673607335,2.7175914392837544
clovis,TajFJCZgLlEHGkKvo7CYbA,292,GoPro,GoPro Fusion FS1.04.01.80.00,-0.28332408993784386,0.9425130458854838,-0.7502673201708929,0.622912413869611,1.3211750816234609
clovis,5g5g0on4q5jgnptylcdq0s,177,GoPro,Fusion,-4.898445185888877,0.8722818954986524,-0.4858446267365782,0.7155079788446811,4.998678482088403
clovis,vy33hj9plowta1vd1zu77o,39,GoPro,Fusion,-4.794562107501235,0.8791861928871357,-0.07655502826246575,0.780072201175499,4.8140214453168175
clovis,hkjdvdg32m8y3vbegror9v,246,GoPro,GoPro Fusion FS1.04.01.80.00,0.6208397745187583,1.8176065909470747,0.4494800632973118,0.9340505141854138,1.244651627677961
clovis,boufyichthysa7i3yv6fnp,483,GoPro,Fusion,-3.2468583109431135,2.252605981757668,-1.0203021562766195,3.5010594824943237,3.6719909288995933
clovis,PxaZiEgiVqeqNZ5LW4FuvA,188,GoPro,GoPro Fusion FS1.04.01.80.00,-2.3158288478250624,0.7960704348904777,-1.094813283697868,1.1484639841587307,2.5866905650706644
clovis,5ue8jhv4fnjywcs1y0sx03,83,GoPro,Fusion,-2.2120094823930265,1.1549245132242794,-0.7248702474772895,0.499648671720717,2.5731656740823903
clovis,tvbo8f7ucrkht13gmulj9r,400,GoPro,Fusion,0.48918611536556844,1.1306938767322545,-0.5336803465626717,1.2884060831686832,1.4019812230089603
clovis,xrhxqzp6x7jh2tgk0iineb,494,GoPro,GoPro Fusion FS1.04.01.80.00,3.1770330978768992,3.7708606268094544,3.5423965257482064,7.844870433515639,4.320042286165698
clovis,B88SXsnkosymgwlbKeAZBw,338,GoPro,GoPro Fusion FS1.04.01.80.00,-1.7497250986599704,1.0134021820538959,0.14836400876506986,0.6965803798782197,1.9761298592704715
clovis,9pwh70r333vq3cs8zw9pdi,422,GoPro,Fusion,-6.294797337283738,1.2266103074717565,-0.5762805660288525,0.8727343105271588,6.40159401488332
clovis,M4CzZ62ceSMohz8gPrVjOQ,253,GoPro,GoPro Fusion FS1.04.01.80.00,-1.02194006036937,1.06888378384607,-0.022063814650492643,0.5906228990637002,1.3584610286535317
clovis,vnp7kkuurpxk0vlsrk6xv4,130,GoPro,Fusion,-6.149427783016755,0.9456733639018806,-0.023017632329717395,0.8614558957677604,6.329308303583034
clovis,unhozesqwec7427acwkc77,87,GoPro,Fusion,-5.846245386076071,1.3801316306251534,-0.5355533603627373,0.8118627195987698,6.084276704972172
clovis,m85gbqlm76r2k0g0a59keu,362,GoPro,Fusion,-5.712570845342715,0.8518704890676282,-0.58596160204773,0.8396829714812446,5.736277618776279
clovis,yBnyjYYaGsdMUYIo8t_YzA,197,GoPro,GoPro Fusion FS1.04.01.80.00,-2.7586996953284975,0.8848032254608633,0.6905484134783815,0.6623362349918824,3.07325283566868
clovis,xwsi8lbcldude23loafkqu,47,GoPro,Fusion,-3.9526507867735217,0.7946320661458361,-1.218689433641479,0.7789748504691587,4.44230167308041
clovis,30dxKwr2A2K0t6iX9mMhVQ,43,GoPro,GoPro Fusion FS1.04.01.80.00,0.4262652782895137,0.7248758564893543,0.49045767211424196,0.4793577060210367,0.7315996944255209
clovis,qwqbfpxsf91618xgwb7dp5,318,GoPro,Fusion,-4.496583283235359,3.34867685813799,-3.9330406320259175,3.6823189028933525,6.098165890285352
clovis,60cgwrhll6rpn0aqhipkbi,7,GoPro,Fusion,-0.11440748856191002,0.4099271381337948,-0.20473271135099266,0.4026121405252438,0.6407434180321953
clovis,AnG6wSunFTjACuYcjKdo9w,79,GoPro,GoPro Fusion FS1.04.01.80.00,-4.570061193837258,0.9558024566347189,1.1416939633233703,0.3669166102521319,4.9084653803924985
clovis,4jcwl35mz9l3kiu3p0bw7p,81,GoPro,Fusion,-1.490776091128305,1.339147590803198,-3.0077473576781224,2.279897213843739,2.4013520563582587
clovis,toctv2j6v05usj9nccvbp8,486,GoPro,GoPro Fusion FS1.04.01.80.00,-2.1755901078784374,0.8872103201382048,-0.6209050058581276,0.5329493756828036,2.127069172507078
clovis,4gmgcwp5f28oc30km6utkt,71,GoPro,Fusion,-2.163214823031491,1.2556434736501818,-1.475571296976605,0.7960226277996978,2.914003967745477
clovis,5qdglhpazwvj43qs53zrq4,242,GoPro,Fusion,-0.03824175154680571,1.6232050329698322,-0.6697888933264176,0.9031686351156595,1.0784710870955174
clovis,wjxj5tbx2s9un5k43kuqlo,394,GoPro,Fusion,0.3708523209849518,1.137178312893771,-0.8855629226765246,0.9858235109641902,1.2597641357196299
clovis,a8g9fahg5nrsbd3wjxecp5,92,GoPro,Fusion,-1.120820578329417,0.7785205880212708,-0.4102030283128507,0.6103570474764463,1.2109155475956164
clovis,te146i7b2k0dcrv69okimn,177,GoPro,Fusion,-3.6474438296149425,1.0768014673883215,-0.5132958865658264,0.6060260555034673,3.574785208976944
clovis,cwsOjVPXeL-spZR6hVr-HA,225,GoPro,GoPro Fusion FS1.04.01.80.00,-4.035434973189938,0.806604231744256,1.245390619822837,0.48873772252196906,4.36012627703948
clovis,7uvicf046cffdhg2m5a1ya,64,GoPro,Fusion,-0.5705987146457141,0.9975175488683823,-1.3578856154012637,0.7342544851031998,1.6930015069804372
clovis,nj76776lvti4xt3j7b1sjc,109,GoPro,GoPro Fusion FS1.04.01.80.00,-2.7387996857800205,0.8695066198348348,-0.8760991448043581,0.5616545586032407,2.9870234047254463
clovis,l13ld5faivrl4s9942fqm7,60,GoPro,GoPro Fusion FS1.04.01.80.00,1.4126963582752143,0.4855878565431708,0.055223902885512,0.35303185483995786,1.488159516126295
clovis,uYo7nlTnAUPb31fBPtA3GA,127,GoPro,GoPro Fusion FS1.04.01.80.00,-3.3608537587989002,1.462005464730182,0.08880921744052941,0.7122090280851637,3.247866514831975
clovis,Lc83zGyO8KOdQf1WhrF_Aw,354,GoPro,GoPro Fusion FS1.04.01.80.00,-2.5069510659102567,0.8529764905675451,0.6473809064909202,0.6120613095769809,2.705260147536278
clovis,c4yplpky3tr2zc5j6s0snc,263,GoPro,Fusion,-3.033746895562746,1.1387568078905148,-0.02866219569398753,0.5744750790174524,3.031554823179763
clovis,k1q9hp3q3eb4naqbseb0sl,61,GoPro,Fusion,1.814073240696359,3.419739858326603,-0.9055146175041832,1.8584654417562876,1.8084267163772532
clovis,b40jq2wg3f4gr9wuvv0g1o,460,GoPro,GoPro Fusion FS1.04.01.80.00,3.5390571157272444,1.156109357433454,-1.1789540466005766,1.3631969227817406,3.818169576461524
clovis,6e44k4633kkt5ztjs0z768,231,GoPro,Fusion,-4.368100406725504,4.43854809154206,-0.2557440638879375,11.681431506955768,4.870388541538241
clovis,b1qgrsmf01pduznaxllh84,302,GoPro,Fusion,-4.997372758979041,1.0443003857605466,-0.4610606593758004,0.5551863598554111,5.186895550036052
clovis,v8QyHjX2xC-bL51KGbbDJw,29,GoPro,GoPro Fusion FS1.04.01.80.00,1.9303841401446793,0.8831609917078027,0.6759245418177202,0.5723297876870805,1.8542853844317009
clovis,wNECm7Q9_tLZX_odeLetMg,306,GoPro,GoPro Fusion FS1.04.01.80.00,-2.4199532697631283,0.9311862682949312,-0.06208579992957727,0.501138415683886,2.5310316297509705
clovis,vvj8h4zoqtyl23etll9tsd,44,GoPro,Fusion,-4.678108644327657,1.3192175660250103,-1.1660637555828393,1.266991953417166,4.863024032616048
clovis,2gcdrh59karhp7n3pirfek,367,GoPro,GoPro Fusion FS1.04.01.80.00,3.086755261283392,1.0468394011630262,0.1370736201827283,1.3650186185244675,3.3056492442136136
clovis,s9v379eocg9oojcgo34tcs,356,GoPro,Fusion,-2.4920850944359874,0.9578741162809074,-0.7249282663160073,0.9690133256994504,2.7351046848922556
clovis,8da8rylvaitknreyatiu9s,149,GoPro,GoPro Fusion FS1.04.01.80.00,3.650759831901895,0.8495909748916942,0.5692735206911439,0.5080246402581535,3.834804925941466
clovis,u3neu0xk80yc697abqxl0z,51,GoPro,Fusion,0.20334958362642672,0.5382496744560253,-0.6863362219339639,0.7755558173174242,0.8726519005366337
clovis,66v9zvfjq9845szux4op27,213,GoPro,Fusion,-4.736169166794418,1.695886568233458,-0.3896174399479619,0.5799094074963417,4.980663885212787
clovis,tbvswsi0o8dadioyi1q5bn,100,GoPro,Fusion,-1.3860453786724145,1.0174941155876815,-0.4452008518705544,0.4679564520375878,1.580203059456679
clovis,dyu041fwbuocdyolbvgc68,87,GoPro,Fusion,0.279576939441522,0.5913934324601776,-0.6874602520695862,0.2926405099446684,0.9232229953591303
clovis,3qDUW3VFcJ0JQORjRbnESg,308,GoPro,GoPro Fusion FS1.04.01.80.00,-2.4171788853741623,0.8560566032516498,-1.8263664708816965,0.8048812100956784,3.3368630095360463
clovis,2jzpjsv99n9ic14uh3gn4b,55,GoPro,Fusion,-4.993706025967158,1.1819458566518588,-0.3094972868426147,0.4518476330334271,5.109730323788582
clovis,7ei93d4r4dqltxwesq8rgx,64,GoPro,Fusion,-5.437633970366077,0.8373837617648684,0.444710657213762,0.49041480119256786,5.523507998332389
clovis,3lwwq7rpa22a6mpcgsnmns,462,GoPro,Fusion,-3.6830880518981752,0.6719528800956007,-1.5262342001000122,1.9461623155117316,3.9598397942151977
clovis,wgmv4utf8tr86usmxwjbf4,80,GoPro,Fusion,0.892307024577502,0.6098068994116878,-0.9404517640445811,0.6308496926581422,1.4569326975232166
clovis,OD8cGPW6sMTlPe_hJf1diw,76,GoPro,GoPro Fusion FS1.04.01.80.00,1.7251332357954212,0.48342760768188775,0.8557016803487404,1.0968371934868952,2.156543911512971
clovis,drgrdhrf721mc01ew7pkxt,225,GoPro,GoPro Fusion FS1.04.01.80.00,-2.9584786907057548,1.2342673883903748,-0.9546548642998959,0.5915007647318595,2.992552244051973
clovis,eg0fgcd3rtnlvv1f4ap9tl,59,GoPro,Fusion,-1.1080265043070363,1.007584421705167,-0.31590629896928807,0.8100728848330637,1.3453502817545764
clovis,rrUhUPej-klspdtdJuGG0w,371,GoPro,GoPro Fusion FS1.04.01.80.00,-2.799568073142801,0.9564442907298508,-0.7548025713000559,0.49794735653424893,3.0767640626066513
clovis,c6b2wkpv2m5irc9jzlelfk,346,GoPro,Fusion,0.6448903997852957,0.7099004288614116,-0.9598744685387774,1.4905275969828808,1.4705344457751608
clovis,TbmqTYpVcGTF802j5R0_rg,119,GoPro,GoPro Fusion FS1.04.01.80.00,-3.7308044508868687,0.5729401964128881,1.1616065168334806,0.5965864051094563,3.9387853907774346
clovis,cmm2loguyht8w16pz5vd7v,190,GoPro,Fusion,-6.025930788268866,0.8335851015091998,-0.440205418911985,0.8065369293637684,6.0763088849432965
clovis,u3nwr8ljop0nddi6dbt41b,141,GoPro,Fusion,0.8202146507441848,1.1176117731683215,-1.1578530233519615,1.1453609174530108,1.7477994253915496
clovis,umyp40EBToGnaeZnUNvjrw,394,GoPro,GoPro Fusion FS1.04.01.80.00,-2.325122803631115,1.387168095151386,-0.034477450011956144,0.804874058127695,2.234403791724616
clovis,sc7_s-pQYXOo0S9ZHwXELw,162,GoPro,GoPro Fusion FS1.04.01.80.00,0.17494339907958653,0.9931379499990124,-0.684043866266224,0.7371303149861176,1.0691149309380938
clovis,hue0p1w49fvl3wtkqod1ww,198,GoPro,Fusion,-1.922986119870382,0.9828172489003432,-0.35654119167686493,1.93900935353997,2.247092042084206
clovis,Puo1YU4tpjEV9C-YNT_2zg,54,GoPro,GoPro Fusion FS1.04.01.80.00,-2.083082542744159,0.9977948478070795,-1.497200168148481,0.27167640159258305,2.4586198745136403
clovis,Yeq6xAjU35VSskXrUfN5iw,177,GoPro,GoPro Fusion FS1.04.01.80.00,-2.7327056771428166,0.6851366891151486,-1.7383181991135752,0.5171566622210689,3.3616906092041186
clovis,leoikg24sk4m5dm41n6xlz,483,GoPro,GoPro Fusion FS1.04.01.80.00,0.5416910680854311,1.6748920447895663,-0.5095281337802207,1.4222560582538541,1.4817190126230997
clovis,MurT54mPdCTlztm_bWCSbw,93,GoPro,GoPro Fusion FS1.04.01.80.00,-2.866023443899965,0.8409797983294548,-1.3748151855651851,0.5434301801202428,3.3799354849559475
clovis,noczwhqe9dyr281lqprtcr,174,GoPro,Fusion,-3.8480903147129903,1.0986860105015708,-0.8008264821908466,0.7366485538868469,3.8648871239988014
clovis,hovm7fhjewuvrx6nyceqt0,450,GoPro,Fusion,-4.940946415574817,1.1401888745442188,-0.6627321963575694,1.1308615565339217,5.0712623164215165
clovis,mYG4Na8fMW2SYLcSiA33Vw,60,GoPro,GoPro Fusion FS1.04.01.80.00,-0.9890645965225187,1.377837343315786,0.11412829398119609,0.4609415390557092,1.1997963504526996
clovis,SIuJiQwWrup9kGYBMlIWxg,95,GoPro,GoPro Fusion FS1.04.01.80.00,-3.0430918394267303,1.1281566545579766,1.5806031929474749,0.3486977788051372,3.4751817518248096
clovis,fso0jfm2dbvndyw7f77y97,60,GoPro,Fusion,-3.4486063055241516,1.0094494334095439,-0.5883970659697025,0.38125288030305954,3.606568870608669
clovis,hZ110wRMDn3Rx9NcyfTRBw,399,GoPro,GoPro Fusion FS1.04.01.80.00,-3.0408413972239594,1.1024847338110444,0.3493834725057548,0.4878339009455946,3.152744172825364
clovis,9r7f2ygr73bpd2p1rcw709,325,GoPro,GoPro Fusion FS1.04.01.80.00,7.511408738257795,0.6989160910428049,3.591071466445056,0.5220239007573308,8.44916218065592
clovis,CT0GHCMeZtyKHBGBPE4-wQ,157,GoPro,GoPro Fusion FS1.04.01.80.00,-0.8697345358449947,0.748316867043905,0.9378839819465646,0.46527405536768685,1.4719577063935612
clovis,5aqtj977op6bwboyfaqxx2,265,GoPro,Fusion,-6.916866434102694,1.1781863490730908,0.05023892675750386,0.816907034807194,7.117312363291986
clovis,hznwimy9pdroltboruiioe,198,GoPro,Fusion,1.3810890184192082,1.4430268616072284,-0.7019266738649139,1.1467789705630318,1.7487075434072887
clovis,k6clw0yfhxwojgbgk0sl3w,66,GoPro,Fusion,0.8120997524591732,0.7460554526744586,-0.4126129915248785,0.5904993133404994,1.0084467161405246
clovis,smo9xzl0ouipkgi819ahnr,152,GoPro,Fusion,-1.260441685867418,0.7461258012153941,-0.7320926412161062,0.44518989673325804,1.5818928414808968
clovis,qqu1bqg4u5v3e2fcdpiwxh,137,GoPro,GoPro Fusion FS1.04.01.80.00,3.0363501694066475,1.3074182377885533,-1.4114817999020195,0.44002547738524644,3.28750978741592
clovis,jqo69k6kbm7brrr3zrs8c5,141,GoPro,GoPro Fusion FS1.04.01.80.00,2.373500885226922,0.831127746837626,0.44744211081420393,0.4629583759709941,2.5074543387332966
clovis,C-nj2a84QfYbe2abCGQAZA,47,GoPro,GoPro Fusion FS1.04.01.80.00,2.0221312484475003,0.6923375116020195,1.506959547514545,0.5717594260755807,2.5629709306399966
clovis,T_TS7X7wbp4yhgZexD7VTA,208,GoPro,GoPro Fusion FS1.04.01.80.00,-2.6921177676762444,0.9493265478834746,0.09679699710678283,0.7565478153546321,2.986034962843885
clovis,Y-kMz9mhJMLoNtcZ3tqwPA,177,GoPro,GoPro Fusion FS1.04.01.80.00,-2.2769695372989376,0.8290980698073793,0.6402672134955657,0.45405887157539565,2.2289958978106448
clovis,guh7smsl16rb40yekaf6su,271,GoPro,Fusion,-0.9948222552939147,5.2354034167936545,0.08978145673596165,9.768310313887998,1.4610235167930792
clovis,ow6a2kqqpn2p4wferqitao,482,GoPro,GoPro Fusion FS1.04.01.80.00,2.6247186062937087,1.532838238523196,0.5870756127639248,0.4900750825248132,2.9082395154199574
clovis,4w6v0d98tfwyh2d2vhzxgj,416,GoPro,Fusion,-6.1182860874722795,1.0075043244301038,-0.6847799686215315,0.7381244841077441,6.242098631959603
clovis,7x0xqxb9cjw916veru7wfv,124,GoPro,Fusion,-1.9745632580407146,0.7989691367330103,-1.5306721123939702,0.5735683487860785,2.5547067796123306
clovis,6YZPfsyYuYLRrQXtUWg1GQ,174,GoPro,GoPro Fusion FS1.04.01.80.00,1.4234310272060358,0.7971696580088762,0.7011224959222266,0.5019638006910262,1.567940586863303
clovis,urnqrbh48q9rx5rcxwr6v4,149,GoPro,Fusion,-1.0276260830292736,0.48207013067986926,-0.6525333402375132,0.34396781707651525,1.3474307262064473
clovis,fqgt38s1g8hsmvp2yfz2ww,51,GoPro,Fusion,-1.939028869669598,0.7142199314891002,-0.4235701323115757,0.42185041496471004,1.996573934218462
clovis,cpw5llgu6v5qf163h1fhkw,204,GoPro,Fusion,-3.8382534117144904,1.2265686009430816,0.46244552361438757,1.2739484756748987,3.85566965426948
clovis,20k02u2knnxi5mxwky4u09,20,GoPro,Fusion,-0.28040881463298,1.0960622074644821,0.6007257702401293,0.52685186356679,0.9765465428636244
clovis,pwrwlf01p9mjia1bqq22z4,69,GoPro,GoPro Fusion FS1.04.01.80.00,2.6403124279058714,1.3781612697735393,-1.640706381548656,1.2223033643383183,3.4372033266923347
clovis,b7b50jwzx0vlw5hbglfv8a,37,GoPro,Fusion,-3.2881528196154903,0.8304947319322193,-1.1090851494194307,0.3646672912578061,3.541357248316196
clovis,r4gfDZO4DK0cVHWAdt35tg,279,GoPro,GoPro Fusion FS1.04.01.80.00,-3.262657089385703,0.9960116789917767,1.1459086495803947,0.5183866343669156,3.5974254304300204
clovis,rjhhdpkgdtdmf0959rpqih,429,GoPro,Fusion,-5.795908295582368,0.8885186095532642,-0.5912077742311795,0.6513726043728303,5.998938216167756
clovis,2BIJ89-ov83X7rwPzLmC6A,47,GoPro,GoPro Fusion FS1.04.01.80.00,2.260927802650238,0.5856590182361083,-0.1520614893015447,0.35052426983309404,2.2443187361044683
clovis,wfr3yx6n09nf36qb272674,82,GoPro,GoPro Fusion FS1.04.01.80.00,-0.12503399023993456,0.8745644300735239,0.3619920122036329,0.7386142082266869,0.6059712651259698
clovis,pb8t67tyzo7m47p7xliwwk,165,GoPro,Fusion,-5.652875174855393,0.8763610918661412,0.022959423800467393,0.8542416213035565,5.664950429623576
clovis,5PvqFOO2kqPJdSq8RpMl5A,111,GoPro,GoPro Fusion FS1.04.01.80.00,3.1356470943224504,0.7079111953847096,0.21732969648135128,0.4684127192593953,3.0385012547433794
clovis,p058obcpfe4qc1uwr27uwc,320,GoPro,Fusion,-5.439176214921791,0.9207627331091683,-0.6009754352210288,0.6297820600077193,5.436841193387423
clovis,hiyq4qrspcgbzeyfd10k9n,181,GoPro,Fusion,0.8622314183934068,1.0239800048778394,-1.1566727389770715,0.6877808167319355,1.6279314528138524
clovis,tdighp1ttsvuj8cdl72ajr,88,GoPro,Fusion,-1.0477467919005983,0.9806198821086847,-0.7631423680502274,0.6247500093174432,1.6883156434437063
clovis,92kr7tqwbzxxpa05zn39un,244,GoPro,Fusion,-2.3216171114867006,1.66705355152578,-0.007534805281516419,3.2794424346392215,2.8527001300439774
clovis,tse6wfiq77nc9ep8mppil5,449,GoPro,Fusion,0.20145199575558875,4.481391257869389,-1.2600244942747405,4.292029900456637,1.2279447899517704
clovis,30h8igqi7bprzrsaeb8e7o,232,GoPro,GoPro Fusion FS1.04.01.80.00,2.433404096558491,0.7049225505903998,0.49521441512311204,0.49090930679462025,2.6329566626199057
clovis,05Ypy3pKfW8ecFJaswMBVw,364,GoPro,GoPro Fusion FS1.04.01.80.00,-0.6667720738804123,1.2668487137405107,-1.786381549520429,1.4648997828669732,2.367721036910896
clovis,xG5lidOiWjBKi_1R_uhcDg,393,GoPro,GoPro Fusion FS1.04.01.80.00,-3.95244331676081,0.6668935410578614,1.0099160552162,0.3233783703478986,4.179348853478545
clovis,1svlu92s9hrt0u22wxbb4c,424,GoPro,Fusion,-3.4788755524654227,1.075032234877813,-0.8362240857107398,3.6209231627427543,3.62833287158603
clovis,6mxwo7nc2d6v3v4o6e3b07,143,GoPro,Fusion,0.6451907362328455,0.680023777406087,-1.0491416005721992,0.4474687184399752,1.3288229741089548
clovis,oxsvszzxpphy30jzwihvmy,432,GoPro,Fusion,-7.005375836389973,1.3479622532489697,-0.08748376865913658,1.8220391844159045,6.939983446676217
clovis,ipvxa7mips7g43978liyws,308,GoPro,Fusion,-3.335885033528329,1.379303757307096,-0.6837031869015541,0.8413853492327298,3.8997038149002146
clovis,u-1WWv6bXeKrMRCJY-xdRA,130,GoPro,GoPro Fusion FS1.04.01.80.00,3.0206190859430686,0.8044407183860046,0.30096773743235516,0.6032298700211715,2.827334316601457
clovis,arunvcbsq7p97wj2ctkktt,76,GoPro,Fusion,-0.7620153005970168,0.7782716485499154,-0.29735647699013057,0.44708596290619756,0.9773687294231622
clovis,ptic05erpjzmmoerw5yajz,60,GoPro,Fusion,1.6619478571035005,1.1335695827013073,-1.1324729058085268,1.6475025782743167,1.9755938536272988
clovis,EUkJPVic0uqqwAWPLSZc3A,87,GoPro,GoPro Fusion FS1.04.01.80.00,-2.404766533453971,0.6591671778917656,1.008081581521941,0.7704240151843063,2.756177863560451
clovis,xPeWjj_DQvnqhScQQLQH3Q,430,GoPro,GoPro Fusion FS1.04.01.80.00,-2.536875861123935,1.1283709242147326,-1.7006589289044782,0.5997428569012118,3.1650163722064497
clovis,aBPoFLc1FbBbYSnjQVzreQ,87,GoPro,GoPro Fusion FS1.04.01.80.00,-2.986547874270955,0.7587921666122304,1.0551853979423707,0.2698103154747624,3.3287616322067826
clovis,f9t10o8zzswz20sigx8b9j,427,GoPro,Fusion,-4.055208667975006,1.2063533759657588,-0.8602798393056785,0.622278918966149,4.234990020849253
clovis,PK4IinqJfsoeu9lpEuweXQ,96,GoPro,GoPro Fusion FS1.04.01.80.00,-1.5194490676201369,0.9652228108007962,0.40207729107460316,0.6480934438760314,1.6226504049681416
clovis,x2f0hvpiomotzc1qxchf6e,270,GoPro,Fusion,-4.259481030445391,2.016822558950761,-0.5450024270837764,0.9593525265374475,4.990462356833793
clovis,wc4a0ry2kfjn2664ya5csp,61,GoPro,Fusion,-0.6930819813856024,10.023936097762263,-5.767822528914348,21.041026675454212,3.490363881503401
clovis,qsgf605zehe84glwnhnl48,68,GoPro,Fusion,-1.847671777908995,0.754081581944787,-0.7309153038813179,0.5236797185760808,2.082878880936495
clovis,Ng5v_jykE0NJoPNiiz8baA,386,GoPro,GoPro Fusion FS1.04.01.80.00,-1.1307353576501993,1.1646850206149584,0.7324268112232695,0.6331009953591964,1.7540315768460517
clovis,v9iuupnu5vqqpx793x68w1,22,GoPro,Fusion,-4.160998566796437,1.1743483555992342,-0.07498087023391932,0.5397869995276688,4.328890869931607
clovis,ohtxC9wRXUrnBsDbYS4CQQ,366,GoPro,GoPro Fusion FS1.04.01.80.00,-1.3679192214926106,1.5642295186562458,0.8044283523269506,0.7349389971038983,2.046911253817365
clovis,mj1c6f44fyhybadqag6g08,165,GoPro,Fusion,-2.166231487513625,0.6607023316758465,-2.178398835565074,1.459344197577554,3.0238703414030144
clovis,9JqB-xme4e8yUQ8Vyps6RQ,19,GoPro,GoPro Fusion FS1.04.01.80.00,-3.434736863700432,1.2213273675881013,-0.20852516222718914,0.6399472778449424,3.731733910366307
clovis,fk2n0hpdr5bzxecbfrvawd,241,GoPro,Fusion,-2.657839957000209,0.8522866623111751,-1.6096668260016063,0.9244729910725012,3.270996132561361
clovis,ACLy7I1zm2uDMt3RRiaCHw,147,GoPro,GoPro Fusion FS1.04.01.80.00,-1.9068156328355796,0.6048782971752694,0.4074503081911292,0.36871888218810106,1.9626802111342423
clovis,q5Ea1HeHvADWTmZjN6xU3g,443,GoPro,GoPro Fusion FS1.04.01.80.00,0.5249167876705401,0.7549215782898437,2.067172583260665,0.41325690933365583,2.2055131152869984
clovis,ohnnhut5kidp6di1iswgxe,159,GoPro,Fusion,-1.7620339255771342,0.8913686382931267,-0.396163380598683,0.8249566499831279,2.056118102799234
clovis,g3klyjuh2f78qyrfx8hjbk,207,GoPro,Fusion,2.2577377999621318,10.068079603558413,-1.0433240444001661,6.226398071237665,2.8465443177706655
clovis,jfwwhamq00chvpye1rkkue,306,GoPro,GoPro Fusion FS1.04.01.80.00,2.004674097998731,1.032150751137974,0.2873829876222262,0.5793411237040136,2.188195437485623
clovis,Yb6-pXlJHcbt3msruOxdIg,80,GoPro,GoPro Fusion FS1.04.01.80.00,-3.9418484078981493,0.9758403156164114,1.2829519871153894,0.5361787695650434,4.2333416124439225
clovis,fcfzava2t2lzg3nr50n734,74,GoPro,Fusion,-0.7275484587862703,0.9127155456240444,-0.8517077170622885,0.5314453845543271,1.325096508689537
clovis,QLP_JYnlbD2p2zXX-0fKNA,244,GoPro,GoPro Fusion FS1.04.01.80.00,-3.743233910979097,0.9160979156191914,1.1928177790567718,0.47843137827516147,4.015970002336632
clovis,4pqgV863dgLHf7sC1-Rffg,105,GoPro,GoPro Fusion FS1.04.01.80.00,0.43183202742132704,0.7026341323090818,0.7018133180783629,0.5187319753834829,0.9003798756225897
clovis,f8NWsnvRx3dM18Z9-ve2Tw,62,GoPro,GoPro Fusion FS1.04.01.80.00,2.5629731502331436,0.9243820765698998,0.054113869032937106,0.5292625588853972,2.4151316118448065
clovis,ipmshnku5s9bwwr2gex5ws,92,GoPro,GoPro Fusion FS1.04.01.80.00,3.0898434199182314,0.8537205438527276,0.33504314457333356,0.3257387732241564,3.2536520836804708
clovis,LbOVjSjYCviLZb9RV8p-4g,107,GoPro,GoPro Fusion FS1.04.01.80.00,-4.604309497152756,0.5705018387862746,1.3548611967393405,0.4397338368855003,4.828985694507047
clovis,i3xewez2lbymcz2qohow8i,57,GoPro,Fusion,-1.4365180845826875,0.49312186436654126,0.11428964670138748,0.22718405918832274,1.5323576157784309
clovis,ntxdulb5igaj5vfj8oyerg,176,GoPro,Fusion,-2.395575789640775,1.3887428582941492,-1.5580560052571069,0.9186345664610122,3.2280929345074267
clovis,9p9dxs3gl9sqq30hwwyjss,9,GoPro,Fusion,-1.2863811036813142,0.46646856562175587,-0.5275026481071017,0.5416471274899831,1.4285069968111193
clovis,JM7GcnREw1AunyNM-B9LIg,44,GoPro,GoPro Fusion FS1.04.01.80.00,-3.1442961137668863,0.6896371818750184,0.7318798051243122,0.47641730058504783,3.023670730481005
clovis,uxnn6uc5z9y2rrqs39585d,41,GoPro,Fusion,-0.19387445625994457,0.9160380933557133,-2.26458132604665,0.7184434346666699,2.358834713230212
clovis,VDDVlK72Htx81sNlw5yUCQ,197,GoPro,GoPro Fusion FS1.04.01.80.00,-1.6170857617632473,1.35380485083086,-1.479498024696226,0.6341810181310757,2.4916387454174345
clovis,-AoePIUrhC3coKrjYXdFQg,367,GoPro,GoPro Fusion FS1.04.01.80.00,-1.4489377321441497,1.6371586095938762,0.12914534460008717,0.8085226111344381,1.5772469775271412
clovis,IEzT0B2Ns3_TtLmHwmBPDQ,144,GoPro,GoPro Fusion FS1.04.01.80.00,-1.8684916837004661,0.946050010403005,0.10338324804319542,0.3956809942425039,2.016841245041813
clovis,9yt9jdqt5h7lozb9on7fi0,375,GoPro,Fusion,-3.7797278823948757,1.391935063204668,-0.6409016775957119,1.1464125445304985,4.078315186804372
clovis,WYLUxbMIAoXC8RNc2aglkA,143,GoPro,GoPro Fusion FS1.04.01.80.00,-1.6969106839269636,1.1694163562987911,0.08802362887334898,0.5304241735727655,1.9345989005516893
clovis,lusyvji4k7jpgl1znabtgs,54,GoPro,Fusion,-5.574495265243474,0.7250315818922435,0.2607047879032402,0.43255513324498607,5.757148451468539
clovis,3elQyoHfGgoRNzctqHyRGA,45,GoPro,GoPro Fusion FS1.04.01.80.00,-2.658037178884778,1.0370811054257458,-0.9592055628024541,0.6111921786882748,2.9846050024178568
clovis,jmn54e3f8wkcdi9slxknos,464,GoPro,GoPro Fusion FS1.04.01.80.00,5.532454758571345,6.410027246107997,4.949272886465538,4.088897159511042,6.017753877625239
clovis,U6bqH_2PD5LL4-ae30cQLQ,64,GoPro,GoPro Fusion FS1.04.01.80.00,-1.2136441091709187,0.946806138019074,0.6561073416922322,0.4668530944946731,1.7127098907238538
clovis,8nwg6h0ngjkt1gx3yxmbcp,46,GoPro,Fusion,-1.3702198876974139,1.0639800368923293,-0.8712573312395931,0.5353037162419061,2.1118116002486014
clovis,ZbsXza171hGmD5DqUKRjVQ,106,GoPro,GoPro Fusion FS1.04.01.80.00,-2.6448808244032334,0.9795891487002478,0.9079756168818288,0.44719108263124485,2.8391958589631847
clovis,PZfEkjANLfybZG0bvTAw4Q,45,GoPro,GoPro Fusion FS1.04.01.80.00,2.5152735253649037,0.7423200454245443,0.3395760972529229,0.4719732586367221,2.745036676631628
clovis,2v0h4438pmf6kvzzvpqaca,34,GoPro,Fusion,-4.041468294474265,1.1837586026809768,-0.060842078600079195,0.4298394019671466,4.003011065678688
clovis,zvzwhawvp39vhpwz8zst4l,21,GoPro,Fusion,-0.05913407106088866,0.4435931752725741,-1.0529489867330009,0.3432287010753124,1.1552436183543535
clovis,p8ukr3k9tqfirqkqv9v2ml,64,GoPro,Fusion,0.9253802418936671,1.1486213082420471,-1.0818526469044718,0.8097559018705814,1.6635959880631712
clovis,4rl2u2tndodshwnrabpes1,455,GoPro,Fusion,-3.896442273056789,2.1283849055229855,-1.6322387968879581,4.078220916234321,4.3927644722803425
clovis,gsy0j92yj7425z97vhph62,47,GoPro,Fusion,-0.5893234701629887,1.6764161718176995,-0.5262280495996309,1.042792092607418,1.2253132732263687
clovis,XLgHccyl8xnVCvBPqOGFcw,179,GoPro,GoPro Fusion FS1.04.01.80.00,0.6651047271322414,1.0302058166225434,-2.7672536807404073,0.8391725122639555,3.112003182263815
clovis,my39m9ayw8kzbsxr34xyj3,265,GoPro,Fusion,-3.6947461654983336,1.5148737890614332,0.41279205748522263,2.187377933988626,4.219391408533186
clovis,t6mhci25ogmg4nbfdsaf1f,115,GoPro,Fusion,0.836527571520835,0.5081758210943863,-0.9476733722368824,0.40012095371378265,1.3482678820725744
clovis,01kagceqepzzabzcf162j6,159,GoPro,Fusion,-2.7749139566809036,0.7208723937892985,0.6491424422815392,1.0453246427592437,3.1053510224062384
clovis,E87VE_nyKDo9amOKTBk5Hg,103,GoPro,GoPro Fusion FS1.04.01.80.00,-2.811816092378451,1.0087684629430715,0.8097586758446657,0.5644855623034517,3.106489152801433
clovis,pvtxbngx19wpgz6iiag2js,150,GoPro,GoPro Fusion FS1.04.01.80.00,1.7649865621107907,1.2075798506418414,-1.2399116680629767,0.7340531624945595,2.2859083205375312
clovis,-H6s8gP-TlBak5CgmgoVgA,172,GoPro,GoPro Fusion FS1.04.01.80.00,-2.5294963921648224,0.832807317517202,0.5888028453784874,0.48310119806945767,2.6675450842789434
clovis,SLQ3Qvp5KdMeCvsqVqMrog,445,GoPro,GoPro Fusion FS1.04.01.80.00,-2.8248853110869376,1.197075484787922,0.022787311348819072,0.8255004494999927,2.976275947531048
clovis,ZowjIBN4QT6YeNFkUuVTlg,77,GoPro,GoPro Fusion FS1.04.01.80.00,2.976751924653007,0.5407927489840822,0.10872510252948668,0.5115271746530881,3.053501982773697
clovis,awkpl3aiq7t9yrvie2pq8l,64,GoPro,Fusion,-5.187935645520298,1.2307115891234832,-0.7018048302810976,2.384913628633269,5.301400778990756
clovis,jeu6fa56fspuqfvw7zm39v,158,GoPro,Fusion,-4.023501159982163,0.39025523438118004,-0.8445273245723942,0.4732145313686718,4.168502130440836
clovis,qBYccRl6uItfSBUz5wFRdw,428,GoPro,GoPro Fusion FS1.04.01.80.00,-2.295111893670051,1.1295381512150955,-1.5962411955577795,0.744914851207529,2.96489668661252
clovis,nsi3s7ebw7dttkf5ncya2s,191,GoPro,GoPro Fusion FS1.04.01.80.00,0.5419366229818858,0.7633648803178933,-2.516300119365252,0.5926265029805199,2.6068756487116187
clovis,qjkx7jbhuoibgwinasw1vh,244,GoPro,Fusion,-2.135469693552791,1.5561248613143877,-0.5381666116143222,1.3186489292865864,2.7053819821837215
clovis,dr4r08nvycvttkgvemyvki,380,GoPro,Fusion,-6.55076037604837,1.1305401142109595,0.04826007041966711,0.7523299746855012,6.726536439954968
clovis,3mx18bkm5h9fkt5cji2dho,100,GoPro,Fusion,-4.145711909679432,2.154985381992886,-0.8976700072999055,2.9018007555494116,4.767527534928895
clovis,a7o7n2xghmgqdgkimjg1wp,64,GoPro,Fusion,-1.701687084860649,0.9461335088236328,-1.3618071535361913,0.5306413509190513,2.382547105971391
clovis,MZI98vgnpx2meW5yUPwPJw,65,GoPro,GoPro Fusion FS1.04.01.80.00,-1.1243677796967404,0.6615913827485386,-1.9365980270084213,0.597686066913447,2.3853804098669826
clovis,lxwdrtn9v89owed0ualncn,108,GoPro,Fusion,-0.04559611063121998,0.8639236541267333,-0.1554129441716289,0.8577604189592493,0.6894120163190401
clovis,cAyN6WOo1VD71Kr-VH373w,335,GoPro,GoPro Fusion FS1.04.01.80.00,-3.3373855204689606,0.9621666067332277,1.2585899618094212,0.4600722594104137,3.7182609694475492
clovis,3xe1gsp4j5scdyi9newxxi,303,GoPro,Fusion,-6.624802520895073,1.2123425398875765,0.0020819363847050755,0.9206252456730831,6.829556306377919
clovis,89r2_3U0aP-vSttNa_M1SQ,47,GoPro,GoPro Fusion FS1.04.01.80.00,1.9477843725355417,0.6819034901521245,0.5850160722559677,0.3165505213526525,2.010482740160886
clovis,e9grafv7rhi81aln6a58c5,40,GoPro,Fusion,-3.4280621961398676,1.5380306617242654,-0.6918377591514727,0.5415780866638679,4.0072827658107535
clovis,kt2q3d8c1l6gyunw1tco7u,29,GoPro,Fusion,-0.41369009935574574,1.4037323664671035,-0.7185231253541151,0.7158113546543384,1.3389616679997411
clovis,dje27p2328sipunhr3tvk0,45,GoPro,Fusion,-0.5468858468446474,0.7987754640778636,-0.6976054299005445,0.515217087693768,1.1208293483531835
clovis,1tOAg8O7veW7xdLS_K0Shw,110,GoPro,GoPro Fusion FS1.04.01.80.00,0.21547419844234517,0.6218993501758323,-2.474168834364553,0.49821836122081226,2.5188616430901347
clovis,ToGX43-LWCLVCt0KonYTlQ,21,GoPro,GoPro Fusion FS1.04.01.80.00,2.3858400111126885,0.7557651904058548,1.5632231558547591,0.2296564811602029,2.649148963276361
clovis,gh3x4bdizy1g1wthrbibj6,94,GoPro,Fusion,-0.9983322296398669,0.8598076408923762,-0.6887435759563815,0.5857549373610931,1.4680157649197094
clovis,6IY4XhYepdM0KoNUC67n3g,177,GoPro,GoPro Fusion FS1.04.01.80.00,-3.1627552162311137,0.9142453627825565,-2.0009982230326218,0.5397773825502787,3.817764268617852
clovis,2j1qfx65d2ainsu4uxkdjt,78,GoPro,Fusion,-2.927212490776046,1.285117264890148,0.3069183109449126,2.1566279701782114,3.2300107848931323
clovis,2I2AasRngAIZYXB7KoNjjA,363,GoPro,GoPro Fusion FS1.04.01.80.00,-4.561707467186637,0.7365980185041032,1.1426964681860525,0.5850598955828473,4.673432204578416
clovis,ebB-vuRQdGlBegvILjqL3g,65,GoPro,GoPro Fusion FS1.04.01.80.00,1.4248116030952847,0.454458618913881,0.1752959766617327,0.300791569346414,1.4142145803397117
clovis,zEZZcZJgFJNNEko2I5iidA,190,GoPro,GoPro Fusion FS1.04.01.80.00,-4.134058655964596,0.8802306045327668,1.4297612606970964,0.705266571706937,4.54986661780719
clovis,6uu9x05bokyavxgobmee51,90,GoPro,Fusion,0.4767061188276003,0.8617218454791561,-0.545152154855144,0.6508176497470382,1.0709969001140396
clovis,Rl-_jzjQ7blvgE0zo7_TeA,138,GoPro,GoPro Fusion FS1.04.01.80.00,-2.5720246895734693,1.0365714495818408,-0.8576284843640182,0.4629010292306208,2.8658972722340232
clovis,4lldu518uq5it0xj4l19fi,82,GoPro,Fusion,-5.610099055853223,0.7845171627130846,0.022449090226204154,0.47689272103387426,5.631132865210142
clovis,QCfA7tj2t8vWW-A0JJsxsw,59,GoPro,GoPro Fusion FS1.04.01.80.00,-4.715422134590414,0.6413153380392302,1.2301210768683994,0.44564552292547,4.755858095624713
clovis,xx5aahu2iqnewbodfn3har,18,GoPro,Fusion,-4.6419584370236135,0.5627085316864214,-1.0695547825364418,0.7881530803854019,4.9594736122078125
clovis,6x7ylpikgwqm3rcqfjttea,73,GoPro,Fusion,-5.037847712111526,0.7180002101730713,-0.663649032285156,0.42355543887835384,5.202287812017804
clovis,26BG08tOEZ9TkOYFNl0SSg,381,GoPro,GoPro Fusion FS1.04.01.80.00,0.5336356891504187,0.7394015777394466,-2.9463047948929835,0.6268297205952952,3.098080087315871
clovis,oaprwm837vmpea8a34834q,123,GoPro,Fusion,0.4266340232138599,0.931876442187162,-1.2923011296042186,1.0583830738289004,1.459684948073208
clovis,2s5p292cgo7z1dwxlgj0sg,102,GoPro,Fusion,-1.5276408432237125,0.9956777833423546,-1.7977043868680433,0.8564687131179759,2.5967995842953426
clovis,GQut1i1AnVzsWeGiJ2HkyQ,127,GoPro,GoPro Fusion FS1.04.01.80.00,0.2298345832613965,0.8466094139222209,-2.7481963038849906,0.6180806913899703,2.943486782656447
clovis,a3ttl7f1symeul7q5fvun5,94,GoPro,Fusion,-1.1121302917598725,1.0304575500229436,-1.535721839489086,0.8516327836990929,1.9753874414513208
clovis,Jzjw8ZEqDpVnvTcqvc9kwQ,131,GoPro,GoPro Fusion FS1.04.01.80.00,-1.7260750143778651,1.1389984577893728,0.02444690780691128,0.38662723918244907,1.866142886568672
clovis,bpi2ylvn7mdt5fxws2ppbg,188,GoPro,Fusion,-1.3079610374889714,0.8643763791785098,-1.3529320556447506,0.8179081602386349,2.1184801203240586
clovis,7a20py362nsq00jannccxj,49,GoPro,Fusion,-1.2701559540458507,1.0779076334646038,-0.42525940069658236,0.3893304616589545,1.7096473321627026
clovis,cbwLvM1mZCBwdHca8OYNgg,66,GoPro,GoPro Fusion FS1.04.01.80.00,1.4951391265995204,0.8125229194827941,1.106736356479429,0.35108573651325914,1.9353899853079226
clovis,lJ7Xc_6fiLmj_fXmtDJ0mA,99,GoPro,GoPro Fusion FS1.04.01.80.00,0.4631575510056499,0.5950395088897408,-2.2003634556895375,0.7384268656810096,2.542358531168582
clovis,CqQViK_qIEZfyxCJfSnflg,194,GoPro,GoPro Fusion FS1.04.01.80.00,-2.485774628469915,0.4130233495689182,-0.6721926559922294,0.3523217672406638,2.553502240333499
clovis,70jjzl3x7afbgubnligjzu,96,GoPro,Fusion,-1.1595861882654703,0.9360550369892127,-0.7978251776204502,0.5672055358069279,1.539004819946256
clovis,nym2v8q9x6dnyahr0oli4h,83,GoPro,Fusion,-2.7729892385967894,0.7181071241144197,-1.6991867770559066,0.6456931624732718,3.4446696926749008
clovis,1en7hYtmhSo9wobJ3ELhow,110,GoPro,GoPro Fusion FS1.04.01.80.00,-2.3717176263259256,0.7795648188600863,-0.7050426070599851,0.4579893010211094,2.5836430968192117
clovis,Ht96OQ6AxP-CYGgmkVwI0A,454,GoPro,GoPro Fusion FS1.04.01.80.00,-2.442963805114221,0.9992431177339406,-0.020053876382616357,0.7298423853197882,2.46360485266465
clovis,vfpptaxs45xh8ajlambt7a,122,GoPro,GoPro Fusion FS1.04.01.80.00,-0.46936895123405653,0.9758304704810212,0.28394975737789674,0.5324216310037582,0.7965276224411332
clovis,q12xwKUNglHRxl6wD9zwxw,126,GoPro,GoPro Fusion FS1.04.01.80.00,-2.70152346444323,1.1960691110579513,-1.3889409770285763,0.4680143247078993,3.1535202643960227
clovis,4w5tum7pzenqnrmjzkk3f1,315,GoPro,GoPro Fusion FS1.04.01.80.00,2.4941539812838776,1.3507438416848438,-1.1852058191284145,0.5518247194823931,3.1363959907908083
clovis,7o2uso9pgcjp4q2nbkm3lo,71,GoPro,Fusion,-1.5544247574450165,1.3655195534573508,-1.1101972077560012,1.1683271440894345,1.7406616970641542
clovis,kTonhtQb5AFmEJ4hNgbrhw,112,GoPro,GoPro Fusion FS1.04.01.80.00,2.9372254648633374,0.7984729298723509,0.21250348467497354,0.6266086432009056,2.9542632629039547
clovis,46q4s28866jcr1ytqmkv4d,106,GoPro,Fusion,-5.314858013439265,3.5683786411898297,-0.3013643687531213,5.439483596065478,5.756347078706439
clovis,ptfn2kpf1kjhn9saxa5etf,81,GoPro,Fusion,-1.5168754124961927,1.1397349632616467,-1.5526478192146245,1.0842081804017831,2.4112352822272882
clovis,S95E4Ao7EgKyjY7jtIFu1g,93,GoPro,GoPro Fusion FS1.04.01.80.00,-2.243088170846076,0.9801564520014459,0.7961402770289348,0.5089905403742635,2.761300078832679
clovis,r7bg2fbdwzoqjc7xitf5ig,96,GoPro,Fusion,-1.375792117090937,0.7231939916433429,-0.25838622773191655,0.662876983818459,1.6223817746648022
clovis,th22miou536wt14k49c61h,215,GoPro,GoPro Fusion FS1.04.01.80.00,3.423521530318326,2.59057770054546,5.137967638168371,3.147367866230995,6.909302492761635
clovis,Vb-PCVAyPI-zSgYGTRmuRA,21,GoPro,GoPro Fusion FS1.04.01.80.00,-3.3771226876403455,0.6528519862954095,-0.550292801545762,0.5805441558578718,3.5642117960103756
clovis,d773ssjpwg27arrre1zxrs,54,GoPro,Fusion,-1.1566884329272733,1.0964106377013438,-0.9086143755192818,0.7608229256456873,1.3249410639628345
clovis,96mlvz77t78pqzdo4gtz36,37,GoPro,Fusion,-0.2750086036534531,1.341621368890728,1.352454227579837,0.822389133719798,2.13294475875195
clovis,E7SkvyA5acOD0CCefKt4dg,66,GoPro,GoPro Fusion FS1.04.01.80.00,-0.6832875242548841,0.6334317050207134,0.27602476284783,0.33709784878036725,0.8280798341323533
clovis,jegg50olu1obm9tgopchy0,141,GoPro,Fusion,-2.3260231341810105,3.4142221476674064,3.4630457592818855,8.068622204083049,4.399659519516226
clovis,djyf54nkfanou2xo8ht9gt,116,GoPro,Fusion,-1.3116856683119216,1.6428470575867893,-2.1410157580496625,1.2406496633908461,2.9942865732579076
clovis,sfdpwxlbllmkhgrinwqbxa,177,GoPro,Fusion,-3.931924846177308,0.9796369330763538,-0.570290999940571,0.5321745218846494,4.072642450014589
clovis,cyuonm4vk74w5kg0m4pdg7,78,GoPro,Fusion,-1.384595148714609,0.82302875557841,-0.3995329351449247,0.7551546907847414,1.6424398292477858
clovis,yulr5egk6tgmp0inpevtp8,55,GoPro,Fusion,-3.9395029562765105,1.084042244656257,-1.6189764054268683,0.530876452902168,4.567777778342596
clovis,2CT9hHdmqTwhRC5DCNDA6w,38,GoPro,GoPro Fusion FS1.04.01.80.00,0.47310762039029775,0.9177815923642904,0.4207143950869,0.4567752738192283,0.7206995832889087
clovis,29e827xkuwm87jbzj5szbt,23,GoPro,Fusion,-1.1010390763023428,0.3832803552255743,0.6862991047724241,1.090160773448577,1.544191044570232
clovis,vxdaysboyhyrfds3hsjlve,26,GoPro,Fusion,-1.573566955219958,0.7849557013150973,-0.2845557804095001,0.6036476574685223,1.6811292676796166
clovis,qlvaql321ocy7xmfne2drh,23,GoPro,Fusion,-3.3682442163014152,0.5973470848822899,-1.7207952242652333,0.9740058347998208,3.8194995021579583
clovis,1cz77zf2t2po7a9nv3aox0,17,GoPro,Fusion,1.4641361291171016,1.0046259946447755,-1.1417817847013338,0.4444459234372762,2.047127316255562
clovis,NIWEj4Fho80Vue1VmkPb3g,31,GoPro,GoPro Fusion FS1.04.01.80.00,1.1149600997585691,1.4283147565707228,0.8911365371743014,0.6934808940494777,1.5975567564874698
clovis,966bo1bVaalE8ELGTAkxsQ,86,GoPro,GoPro Fusion FS1.04.01.80.00,0.16149389380718854,0.6455062904625735,-3.085423345999611,0.4237332027859862,3.172934387594427
clovis,glfsfwsswsrqlzo3nijc2h,119,GoPro,Fusion,-0.5390053928958931,1.1310831075903258,-1.1213178332844542,0.5295201579388704,1.5360675177912777
clovis,ro9x6hxl2buo561spwuym9,128,GoPro,Fusion,-0.9764879515243182,0.625671958034542,-0.13954538975893513,0.6900905876690573,1.2788208795016667
clovis,jawhjr2tdd2qvp7g9q1rw2,113,GoPro,Fusion,-1.870129752256833,0.9701675193358842,-0.7567293741581358,0.8449037830630478,2.2007952796643577
clovis,asenalnnwz7hyzxyojgzck,102,GoPro,Fusion,-0.399260954095942,1.0025718687187615,-0.810938983186963,0.7309058736256525,1.2243264855670293
clovis,iolxqhy6pgkwfa1kub7uw1,50,GoPro,Fusion,1.268040210748989,0.9692257283123197,-1.4200456362322595,0.6711825781574462,1.7573012360838733
clovis,4dfiu23olxmq9dw6ieyevs,92,GoPro,Fusion,-0.47611752656942363,0.9459814146779519,-0.9327573158767097,0.4570969426601717,1.2905602958466338
clovis,xqf6hsgbtohc2rphkelfh5,63,GoPro,Fusion,-4.958693269389591,1.0581880828231172,0.24586362604787806,0.5008759568840189,5.20564116987372
clovis,yn012gdb5fgt6x2zfzqvcj,27,GoPro,Fusion,-6.428556556828797,0.6149128649894603,-0.3833953426533183,0.44239260353463367,6.428127421014554
clovis,q2dspyb9w10z94wedg86j9,442,GoPro,GoPro Fusion FS1.04.01.80.00,1.5721944698125443,1.1798520114482203,-1.2742076644454765,0.9839585931799779,2.1373629258743065
clovis,3ijmpb25zwvflz1bs0z1i9,40,GoPro,Fusion,-5.9049204878757156,1.191154375100428,0.18498081239653816,0.8993674660870977,6.10087205232775
clovis,f8lw4pfqfu1up6uitcau3a,109,GoPro,Fusion,-1.3503370885377832,1.5058319220913354,-1.6277808991111367,1.1032692841576082,2.626384243572861
clovis,MBokZvr-BEUFmPFhTwWH2g,102,GoPro,GoPro Fusion FS1.04.01.80.00,0.07019433851148216,0.9716279443487618,0.6374998324727577,0.4729555474676151,0.9748722228846831
clovis,RBYhF20QAUxm8vckI7oZVw,24,GoPro,GoPro Fusion FS1.04.01.80.00,-0.18496546889915744,0.4493750330936109,0.6305593497694088,0.26528691856033276,0.7087453624766229
clovis,6c218eke182g73oj4q1ahd,68,GoPro,Fusion,-3.476316456948538,0.7215359424090804,-2.1386293410211206,0.4148924021330746,4.232962213497727
clovis,o5XSN4Js7oT7v7zJcgUUfA,179,GoPro,GoPro Fusion FS1.04.01.80.00,-1.541465537532104,1.004237445532905,0.08870595769892983,0.5197312740759268,1.642130842318153
clovis,08n6d6hl8ibcy10unlv4tw,220,GoPro,Fusion,-3.511277246026135,0.8293748956190521,0.09240884530524261,0.5974721638195645,3.6326266455950296
clovis,jyrksv7lo9z2vv4uzkf9d7,44,GoPro,Fusion,1.8189984064846982,0.7169569317092919,-1.17107885705077,0.45649798674146547,2.33026726095879
clovis,sAHYK3pRg-M6AYJbYJzK2w,24,GoPro,GoPro Fusion FS1.04.01.80.00,0.12101232761034729,0.673632025125677,2.6774715510040443,0.5516771243252492,2.598154788477506
clovis,evU-sXy3sNQJDBv9KgLd9g,44,GoPro,GoPro Fusion FS1.04.01.80.00,-2.4988238132225282,0.8672670322572751,-1.0361202788844432,0.289953212269951,2.9448680699456684
clovis,plm4n11t5u5c8xja1nd4f6,57,GoPro,GoPro Fusion FS1.04.01.80.00,1.341827044832518,1.152531604203695,-2.628058631173946,0.5077236372244882,2.9909539523299125
clovis,_o0tqwdabZHebJhFKlmmDg,56,GoPro,GoPro Fusion FS1.04.01.80.00,0.061004725238680245,0.42715826271349217,-0.05135525828685268,0.36463010321141087,0.36642917684517007
clovis,cse83kpnv3q6m3k4kvag85,32,GoPro,Fusion,-3.9647601530595544,0.9267084035579797,0.6393026936192328,0.5460189290383866,3.8473955334732572
clovis,v2og15e8w3r5uu902ov7zv,57,GoPro,Fusion,-3.687289574394844,1.3756538459222745,-0.9644337206028605,0.7987871421544621,3.9556032998823443
clovis,ceRenTyIyBhyv8PMisLWzw,55,GoPro,GoPro Fusion FS1.04.01.80.00,1.6481780640738126,1.3938743676315306,1.15403465539068,0.4798537154953299,2.1739780441851737
clovis,u1wchsx8v152b4zxpsk2zu,35,GoPro,Fusion,-4.086070216651961,0.4380737844457432,-0.2473718103871569,0.733921347475375,4.1791923535702
clovis,IzDUa_bUGJrXDlxqREMCag,44,GoPro,GoPro Fusion FS1.04.01.80.00,-0.2902184897396687,0.6202777688381408,-2.563268718612715,0.3584499024833646,2.707064173595167
clovis,4nf7j6gp8la0y6lndqe4o4,164,GoPro,Fusion,-3.640789164265772,1.915865439616165,-0.8029180144727541,0.6665463234365564,4.462977968405428
clovis,jion0y2n9iahgh8oer28b9,45,GoPro,Fusion,-3.9228148513049748,0.7150559892882651,-0.7937291539716892,0.3551159488270961,4.0584093277933855
clovis,suZMPjpjXVzJmZirh3k-PA,74,GoPro,GoPro Fusion FS1.04.01.80.00,-1.8135147578529955,0.5608229848090186,-0.17679253664389818,0.4687877135783625,1.794752384869234
clovis,pk2dvb6suo0k37bx4k3lwe,182,GoPro,Fusion,-3.7173031952323394,1.1036892415509505,-1.0637014397707594,0.5319337287713637,3.982211744167078
clovis,wf8w6nhmdnhhfdfwjav63m,45,GoPro,Fusion,-2.1755868507504137,0.9657344560431123,-1.4445263724677437,0.6285942489960302,2.489311074557795
clovis,gsfamj8a06d07misvl89w7,33,GoPro,Fusion,-0.2117589758686461,0.701799230511823,-1.43349287580045,0.4301825322598374,1.5660939939214318
clovis,m624jzbuxhhn4byo02i5yx,35,GoPro,Fusion,-2.1360759196365495,1.6401918652807226,-1.7766200164341521,0.932436890680983,3.485970362804694
clovis,QqkGGDrW9aeh_ktue5w7qA,115,GoPro,GoPro Fusion FS1.04.01.80.00,3.0178296035699623,0.5072695725180598,0.10238038242950911,0.5008075262832067,3.037014550393622
clovis,vt76i277dk0gjr2woifgd5,39,GoPro,Fusion,-2.112203368255577,0.541094455583193,-0.9752690008307877,0.39060551389541437,2.357843707274006
clovis,m4C7UYUUAcz2kN5x5DjEaQ,60,GoPro,GoPro Fusion FS1.04.01.80.00,-2.862165476711961,1.2789675950225776,0.3533042093561448,0.3417504826563961,3.080165150184023
clovis,Ufjj2ysQFP9_BupDtWeXKg,82,GoPro,GoPro Fusion FS1.04.01.80.00,-3.470622714412125,0.9385841466447976,-0.6472327371485327,0.44704965510146555,3.747620838253696
clovis,5bglmc9cw9loe5gvojt8jv,58,GoPro,Fusion,-4.179715626041883,1.0388560909336542,-1.2065742512960285,1.524741088269311,4.30124710428443
clovis,ei8f0iqco912ddm7usm7gx,63,GoPro,Fusion,-0.19847384892547335,1.1182616709898427,-0.7149219870364857,0.8874823618064736,1.1767111479770707
clovis,7yvzpxzb2kz2l891dw004e,237,GoPro,GoPro Fusion FS1.04.01.80.00,2.7305698041060222,0.9362471568134636,0.5354903278861902,0.6186306268132008,2.821138014038726
clovis,3eVINsmg0oTbaKRAY5nY2Q,124,GoPro,GoPro Fusion FS1.04.01.80.00,0.9519286173332633,0.786385970136824,-2.750568789833907,0.7805703393013623,2.9056101606992475
clovis,VLJ7UtL06jwkr_7ees6r3Q,73,GoPro,GoPro Fusion FS1.04.01.80.00,-1.525065920016803,1.5284410312564056,0.5789532135056338,0.5496536509614491,1.553522814084743
clovis,b15ard1vts1qawvd6osdcv,44,GoPro,Fusion,2.1924121071592113,2.669017208310269,-0.1896428133881843,0.5347035426625378,1.8389406744272367
clovis,0gv7zxz3tkrpgp0k0igiz0,58,GoPro,Fusion,-1.2042844173264746,0.7172534782017783,-0.27937021730518463,0.6022685508293277,1.310873661323088
clovis,Pdp8qEmfh_KVAhc3ooRnmg,58,GoPro,GoPro Fusion FS1.04.01.80.00,0.2781838670353175,0.9977607698452514,0.47546786221547055,0.5287170601127387,0.8683487171271547
clovis,5qbJuuBAbzLZirJMzv0vPA,186,GoPro,GoPro Fusion FS1.04.01.80.00,-2.373147791730661,1.1468921370984984,0.6328364249429624,0.6107483599287182,2.688167518126938
clovis,1avlvbv1oo6yoqia3hnyk5,86,GoPro,GoPro Fusion FS1.04.01.80.00,1.869010536613828,1.1208711794587323,0.4300677678463988,0.4395720850721295,1.9153677864003116
clovis,T8-OpDaNbRshMF0FTZFhIQ,67,GoPro,GoPro Fusion FS1.04.01.80.00,-1.7637419261499214,0.4370778691903239,0.4367099153992683,0.26727160653422927,1.746185855447951
clovis,l11xjlmku5f2u1wemuvpek,205,GoPro,Fusion,-5.732361740085355,0.8331692148271109,0.0309496055263335,0.8422884665116818,5.7679848374098635
clovis,ytnf2ngs25zjwvlbvghyvs,85,GoPro,Fusion,-4.914949930835963,0.8584173114697882,-0.7738274532118333,0.4561019060964989,5.098022752444275
clovis,2nuJiUyA8ktcOxBDiu9Lkg,293,GoPro,GoPro Fusion FS1.04.01.80.00,-2.5857028250531773,1.0916746238428117,-1.527809544312503,0.5920860849821027,3.0247522048851403
clovis,p9wh263rdkwpd9557n2g74,34,GoPro,Fusion,-2.664941301536536,0.7379526678737279,-0.7091146864287982,0.5694267748080112,2.9259645064768933
clovis,jo932oxn5lgkd5panhjmly,70,GoPro,GoPro Fusion FS1.04.01.80.00,2.2600246588709667,0.9397937555638507,0.5147645920621444,0.5672237988728346,2.419276004750862
clovis,zhndsf3b6M8T9gWcgeYDFA,54,GoPro,GoPro Fusion FS1.04.01.80.00,-0.16985348461459782,1.3132518162199551,0.7406123993573872,0.6982506286336961,1.399484546535201
clovis,CKhSkPK2oaJtQrD2UWDzfw,129,GoPro,GoPro Fusion FS1.04.01.80.00,-3.1049859742486707,1.0319014473844774,1.2943544569810403,0.632836431711227,3.449664605636527
clovis,u7veybh1hssap7dnsk11tz,20,GoPro,Fusion,1.7362283619178231,0.8982335280498399,-0.3693423223120981,0.6394803513301598,1.696302086769098
clovis,k5wx8k0b931mkel08px7m1,128,GoPro,Fusion,-6.772112742276188,1.0927309530427365,0.3447808024572087,0.7548561236243043,6.843302069010974
clovis,neiwfd06y6rmd3jxxl088k,37,GoPro,Fusion,-0.8404165224196564,0.9205829865520143,-1.990337369871836,0.7326219217829768,2.1745035588828907
clovis,ZGzWWIGiU-9o6rspSu3svg,144,GoPro,GoPro Fusion FS1.04.01.80.00,-10.210848336691727,1.0761699807885292,-28.353642059401626,0.49718317307171994,30.12217224563112
clovis,I6pF8JDNP-W9Ymz386OoIQ,105,GoPro,GoPro Fusion FS1.04.01.80.00,-4.1424701757634965,1.0540458875361323,1.487470227340209,0.44111885750526986,4.227166975760849
clovis,7efk0i9buv7ccp5e856wnj,40,GoPro,Fusion,1.0024344331509867,0.8228019854133581,-2.2937581152593234,1.3742851869100678,2.470865423027089
clovis,41rcml26fkk7c5dkz1nznv,96,GoPro,GoPro Fusion FS1.04.01.80.00,2.3235232905763166,1.1624178523548292,0.5451267572545279,0.7908666703590786,2.6164163869541976
clovis,hxgw0zct8aj4ci0z9lpchu,64,GoPro,Fusion,-2.495400097826985,0.8024237865804416,-1.2019196232299356,1.0105807397385056,2.962278944481507
clovis,8pqssl1d5pubfcc3hpgyot,118,GoPro,Fusion,-3.795241635376029,1.1928232782881112,-1.0610071228195634,0.3475003000449394,4.2977667315786645
clovis,ZpSW9ekBy8MPWLbusF-pDA,64,GoPro,GoPro Fusion FS1.04.01.80.00,-2.858036341822288,0.4459687047975448,-1.7944298629410536,0.5553587282891896,3.504487015102922
clovis,raVldRJ8FiugpdmzTEFUtA,19,GoPro,GoPro Fusion FS1.04.01.80.00,-2.776318575509251,0.982893138610716,-0.8412871498280293,0.33758508518671443,3.0932909887807423
clovis,nN88NFjZxCwAaqqbBN5pPQ,228,GoPro,GoPro Fusion FS1.04.01.80.00,-4.248371398413542,0.8419591759525508,1.5193278432265327,0.6225359908876937,4.535426608784969
clovis,oB2ZxJ9trp8YYLTnSclMXg,67,GoPro,GoPro Fusion FS1.04.01.80.00,-1.2435631464445889,1.1818431423928266,-0.2328033646121495,0.6341251209005301,1.6379858755775731
clovis,QLRmAmdnYJ-54LSi2eQj_g,80,GoPro,GoPro Fusion FS1.04.01.80.00,-0.4716366215889796,0.5349670172569724,1.8091283059744068,0.4849251276122111,1.867400630885971
clovis,u6qsgs02a544d6zk53bd06,77,GoPro,Fusion,-3.868950220221031,1.0282771577845211,0.08766360400568739,0.7110065335663905,3.9703743598100534
clovis,ekztcwlb0ruwxrpv87t7nj,19,GoPro,Fusion,-4.58277387952909,0.7023341135311002,-0.21116593506772013,0.47502619490089193,4.5430278189547355
clovis,zv8w2h96gf5pvr61brshkq,69,GoPro,Fusion,-0.5456582844294702,3.1301358474938072,3.1045427722781715,16.788676820937575,2.474956471909852
clovis,c6nslp22tl37ar5cl3hfxn,192,GoPro,GoPro Fusion FS1.04.01.80.00,-3.084393228787613,0.8557850857620869,-0.9484603725116835,0.562297848691458,3.15564298020129
clovis,anp9ggcu5h4lkxvscs2h89,55,GoPro,Fusion,-1.5046035919408263,0.837967029027562,-0.7057585201318776,0.516232112422261,1.8350481237509793
clovis,jwOp_3ecuC9at17c-YHBMA,255,GoPro,GoPro Fusion FS1.04.01.80.00,-3.8477768863051556,0.8582193634020973,1.099715995132101,0.5741684731794975,4.118696702204502
clovis,H8QQDGgZ-eBwSkzc1ABf6A,47,GoPro,GoPro Fusion FS1.04.01.80.00,-1.907538216544865,1.1189075593988866,0.31640130981443276,0.41102591497037483,2.1785575307185967
clovis,pQNJL9MB6pxhQbrstc-7BQ,65,GoPro,GoPro Fusion FS1.04.01.80.00,-2.5234122683420086,1.2619677376182086,0.25088875852853515,0.25620469611602825,2.842324419238753
clovis,PmpNs6wBAAw0seBQ8k_Uog,89,GoPro,GoPro Fusion FS1.04.01.80.00,-10.55492004662906,1.2835733826663078,-28.209658983119137,1.0043938028730315,30.048759072977674
clovis,z1zkmx3kdkjeluungsokeu,213,GoPro,GoPro Fusion FS1.04.01.80.00,2.3802603788983823,1.1040370356226636,0.515291782532634,0.3981600484321289,2.628682535245636
clovis,_ko_uhheeh4-EYnvYYPw5g,279,GoPro,GoPro Fusion FS1.04.01.80.00,-1.8571514958315398,0.9747307802249802,-0.07833183233155849,0.6082337253003672,2.131024549953084
clovis,Q7yQMVfF2FWJJQO8luPepA,58,GoPro,GoPro Fusion FS1.04.01.80.00,0.45045424334242345,0.5679948739277407,-2.9510379076817266,0.8060883792021875,3.1046116548829312
clovis,l7p4ha67yz3bectzqbovmy,28,GoPro,Fusion,-0.7113098015168067,1.190425718171929,-0.33995861301557323,0.5222173759858285,1.4739184090371236
clovis,L9Rw_88Mnx7M-vEVNn7LxA,88,GoPro,GoPro Fusion FS1.04.01.80.00,0.657818273977268,0.715498272328587,-2.9634458177011918,0.7863662563269784,3.1626386350156257
clovis,jDBd710RP0S3rSM38rwiRg,60,GoPro,GoPro Fusion FS1.04.01.80.00,-0.6834828035078817,0.6489906464815653,0.08219331569218573,0.47166308162895554,0.9020020810656877
clovis,cxqccxepb9h3l5hi7ipnpt,57,GoPro,Fusion,-5.81763957079746,1.0933488143141117,0.522894822515261,0.5042379883590721,5.823907792788876
clovis,zU9Qq2JyPDBUXtm-VHycQg,157,GoPro,GoPro Fusion FS1.04.01.80.00,-4.00445117597833,0.832284235274301,1.3157540981947309,0.46216172681674367,4.221204007768254
clovis,cz4yzj3ndu0zbqoufucn4i,53,GoPro,Fusion,-3.685309696347529,0.9378049649479225,-0.64819290982127,0.6749343168070847,3.8848268667332597
clovis,dsqgr2zwx23mqmyokca755,60,GoPro,GoPro Fusion FS1.04.01.80.00,2.607640667152469,0.7679218318641472,0.8017272440395921,0.3641649366987149,2.8341490851664277
clovis,z4evw35bkhfmc4d17apnjl,34,GoPro,Fusion,-0.9065744167425435,0.9283572706335603,-0.6125888576124691,0.6207583976874509,1.3092809998163943
clovis,rwnj2poLA3-Aw-foQezjWg,88,GoPro,GoPro Fusion FS1.04.01.80.00,1.3079775291683293,0.8707522772583649,0.01690017549446452,0.28336504570614257,1.2330853930599295
clovis,kejhtkpuxwqini6fjnzyxg,40,GoPro,Fusion,0.3643220560854858,1.275266766512725,-1.899604436171888,0.42614561149550173,2.3728895323312402
clovis,ffaem4e3svbcoj53vp2g82,96,GoPro,Fusion,-5.039127058107508,1.142908660799006,0.2892001152013618,0.5894090588143349,5.357382474186803
clovis,VEVqNDJXQzZCGCsgTgjw5w,55,GoPro,GoPro Fusion FS1.04.01.80.00,0.2982877541163361,1.011477251777425,0.21724782422864916,0.3759403482539268,0.628464122944414
clovis,u6c34tg5fmzpxftnggawqy,54,GoPro,Fusion,-0.8990160526766908,1.0880423607612006,-1.326201809065395,0.5535126139323453,1.7369648124351442
clovis,ESlr8Kchx89vdOUcwg90fQ,67,GoPro,GoPro Fusion FS1.04.01.80.00,-0.8926484984698262,0.5332994706922973,0.9082833786220478,0.4066306081266671,1.4228859847025566
clovis,uYRbagTUgsYNdI86HuzTiA,107,GoPro,GoPro Fusion FS1.04.01.80.00,1.105206748361092,0.9377296739067609,0.35882969713719276,0.5499148149757647,1.2323041300114876
clovis,xM0e_6CvZ9UbuWZSz3qL4A,27,GoPro,GoPro Fusion FS1.04.01.80.00,-0.1299600045394038,0.6268951271795249,0.02154497570992092,0.15569800565776407,0.6179888093786898
clovis,4DPe1POd0hLiJwgzu_fovA,62,GoPro,GoPro Fusion FS1.04.01.80.00,-4.125506043136677,0.9804690940197027,1.7114076687909245,0.3286008165318389,4.554142716743887
clovis,4qcj6uywkicy04l8xyzwkj,22,GoPro,Fusion,-3.930544844359195,0.8303056737806093,0.43206866758911405,0.6712667110796937,4.23452047776846
clovis,cpzhd6baourk3hja1mqxa0,24,GoPro,Fusion,-2.2171148490396257,0.6063964373171872,-1.794350557449025,0.31183997635568356,3.0160691756007814
clovis,dn8YXcD7vthAL8YkJSibTA,28,GoPro,GoPro Fusion FS1.04.01.80.00,0.8961591918604319,1.971712411441638,-2.79430591114455,1.1155304925792828,3.1905989075961503
clovis,NniOa97zorLPiJh8anfUsQ,67,GoPro,GoPro Fusion FS1.04.01.80.00,-0.2410716000611663,0.7669048998676636,2.1631617847642888,0.23157184949668064,2.2926575250837242
clovis,n2BtLL2qX3MgW9bBDv6QFQ,24,GoPro,GoPro Fusion FS1.04.01.80.00,-7.799786195367987,1.1398205380825834,-27.867495318931585,0.5780024476758648,28.823624117667787
clovis,k9dj4qwv1l66jf9ennp8xh,87,GoPro,Fusion,-5.352274179830835,0.917372292552341,-0.09788044063970569,0.5943909843288193,5.4802314635910765
clovis,ZeQMtoPNtT-qYeX1gVjHXA,61,GoPro,GoPro Fusion FS1.04.01.80.00,0.4134618255234331,1.0097639967156877,-2.284476749960538,0.6187240186185544,2.363483604715251
clovis,nez90yxqvx6hke7p47m7vn,61,GoPro,Fusion,-0.5364919849672504,6.921089428969111,-1.4791808371158466,3.8581806547908832,3.4172053448372757
clovis,urydio3prerul5aiai0527,128,GoPro,Fusion,-1.5613722785893567,0.9937379729916239,-1.7454047812981677,0.8122539185621267,2.636176416659598
clovis,4aa39bixif2ddz54ddi28h,54,GoPro,Fusion,-3.023081119914188,0.8107356561572172,-0.5172706780251228,0.390166882958028,3.3560065955773797
clovis,OmiYZCLic-LtmcSYWySxVg,32,GoPro,GoPro Fusion FS1.04.01.80.00,-0.33483073575666883,0.321244885975411,-0.32909452509726106,0.24450074460967522,0.5519132087476624
clovis,c64bm9v5q5zdvhq94utiq3,19,GoPro,Fusion,-4.732769831985958,0.6905860907514918,-0.3100590843399392,0.6482964940102256,4.653914913088052
clovis,seTuPah1aQ5OGNYcB2fTpQ,65,GoPro,GoPro Fusion FS1.04.01.80.00,-3.66518033327588,1.3862650733182944,1.3002167336132373,0.47114604328099496,3.7495310694680968
clovis,wzofa2cz09vfp9x4r5opti,34,GoPro,Fusion,1.0876940601861453,0.6126575446958414,-1.01862124396775,0.2094740339606383,1.4990004883097048
clovis,LIqCuMTGz7EYQvqawrCQwg,92,GoPro,GoPro Fusion FS1.04.01.80.00,-3.271897862367787,0.8401991418255204,1.0776856732887818,0.27689435889611574,3.700782357213922
clovis,pjr1jedgqcc93l3o4fj4b1,44,GoPro,Fusion,-1.749454891747584,1.5252361591666332,-2.278144635297361,1.0037043735166666,3.200735937133736
clovis,ohtvrxa5lti7zwb87ezmng,20,GoPro,Fusion,-1.510505849286365,1.4095992587542816,-1.6278933291951019,0.6088425475958157,2.4063627189442123
clovis,DyRjnt7-BjE6-YLHU2Q4nA,89,GoPro,GoPro Fusion FS1.04.01.80.00,-1.1362330924509145,0.2889114423740429,0.15568576344221843,0.3061830964179237,1.1627160240534928
clovis,1pkatmk19zjs2ip94nguse,51,GoPro,Fusion,0.7391642820727291,1.2614783557105405,-1.989421509478845,1.6143946647920713,1.8204023474860747
clovis,zwy0hgmcxp4nu3kb6lw7vb,78,GoPro,Fusion,-1.0824459160405495,0.9643183734618391,-0.9216975498952222,0.575432676667224,1.6434977460387532
clovis,9az2sx6naff44qql30dufw,28,GoPro,Fusion,-2.905747464733487,0.495495404711953,-1.6568728800235426,0.4924962445668216,3.451828582158164
clovis,yl64hHMYYlEIJdUjRXlmJg,28,GoPro,GoPro Fusion FS1.04.01.80.00,3.142531858806297,0.7281944694395782,-0.07071591806772934,0.35426569003139097,2.893653120049136
clovis,tpkcowpz5wth8xfsmkg6ly,5,GoPro,Fusion,2.8997463994709984,0.7568835670964154,-1.0820809847704078,0.7416131872603813,3.4316755551433915
clovis,oJbUqJ3pWJnxEJ8MXu25Tg,35,GoPro,GoPro Fusion FS1.04.01.80.00,-3.807228746354086,1.184698026494829,1.3724296348933627,0.31822430733695456,3.985972994280113
clovis,7n6SWPyB0g-ULkIPV-Oc5A,15,GoPro,GoPro Fusion FS1.04.01.80.00,-1.654077394579364,1.6440109160701442,0.45372222407322504,0.6031466497902452,1.6896474643956263
clovis,y0h60b5i1dxg7h42g6la9z,53,GoPro,Fusion,-1.422057456538491,0.9361859696603542,-2.1017903951921135,0.6901734376949311,2.6446281154957143
clovis,klnkmj20634m59xr8i9xmo,42,GoPro,Fusion,-1.5820575132106236,1.3838273386455342,-0.3416169571358295,0.5147656259306659,2.1640304231310576
clovis,jjg8zmmguyfsnet6odyhje,31,GoPro,Fusion,-0.30009524711002716,1.0740080856764738,-0.8793804487906264,0.5215891669809306,1.251270806371052
clovis,h1yegwyqiadat2a2mfk33e,32,GoPro,Fusion,-0.04873094372375909,0.7181840540517086,0.22741954814481574,0.3506777270917911,0.5092267004238898
clovis,saRl5JHHqazj72DjKoGnew,31,GoPro,GoPro Fusion FS1.04.01.80.00,-0.9138681772016869,1.0085199492481316,-0.3432760776887331,0.8256999428958428,1.6910256228068024
clovis,52R6SYcfZjUJwADkPI7zog,49,GoPro,GoPro Fusion FS1.04.01.80.00,0.6332319735614111,0.6999287528302331,-2.788110657067716,0.7457317261400231,2.9368317861007145
clovis,8de9tie0r6gqlre5sl85gy,74,GoPro,Fusion,-0.9680457843809003,0.6356119359596059,-0.4468893258436221,0.43556966075637593,1.2013392742280804
clovis,gwqcg40av5igqhtvurlobx,37,GoPro,Fusion,-4.240741384192627,0.8023382133686544,-5.015002565213809,1.7258274264792322,7.1048392620294285
clovis,E9N42rWoV14W2wb4q-KsvA,46,GoPro,GoPro Fusion FS1.04.01.80.00,2.481979138669372,0.613891260806159,0.5075649359364223,0.4094837322869658,2.526969437368165
clovis,cFTUKE0GDJDeenaR7A-oFg,22,GoPro,GoPro Fusion FS1.04.01.80.00,-1.702361740682707,0.5725229376707185,0.1479838245652111,0.6279121502122299,1.8923519204426107
clovis,9wU8knVqfffu7rOCZWVxwQ,76,GoPro,GoPro Fusion FS1.04.01.80.00,-3.6686509154725715,0.36682036155633957,1.328810689699257,0.466247102553259,3.929341994551855
clovis,pBucxia7HnitVG_mxGsOTA,24,GoPro,GoPro Fusion FS1.04.01.80.00,-3.159005688100782,0.8959791249929786,0.07669020088937824,0.45376568541496626,3.110450787062843
clovis,bpQLtrm7zwYlEvA9CDR36A,10,GoPro,GoPro Fusion FS1.04.01.80.00,0.264937107215958,0.22377587693953613,0.6024028985508287,0.20488930742407177,0.6333349291456122
clovis,z3En7p0ZdmrMt8l3TQEW4Q,21,GoPro,GoPro Fusion FS1.04.01.80.00,-3.4939671326215396,0.7410298768777049,-1.1847107609511973,0.4288504650635415,3.6587191364262095
clovis,qtie2buqere9mqo2dj6gfi,35,GoPro,Fusion,-0.5380774260173281,0.5586480904785641,-0.43817850757990334,0.9842445083918993,0.9112802357162538
clovis,071ilf00r7tf2073f66yub,20,GoPro,GoPro Fusion FS1.04.01.80.00,2.5522078009749563,0.4154857630736287,0.19187907120805292,0.13586353586947558,2.6796919249652005
clovis,fmulo5f9wao57avsudqbvh,82,GoPro,Fusion,-1.5792724265232818,0.7584114352144753,-0.46387281889019777,0.6623246081244275,1.7587782125689595
clovis,nctyzttruo07yedkqigf5c,20,GoPro,Fusion,-0.3693004031066211,0.3958889344157852,-0.09079716177952257,0.4981385099175526,0.6045563531744215
clovis,zyyfkaqln38zfate2u11gl,54,GoPro,Fusion,-0.5359501069806214,0.5125508889796037,-0.30409594269505874,0.8648130784085419,0.8423167833729831
clovis,vkMGbA_dkrIrUVtxKVVkkQ,10,GoPro,GoPro Fusion FS1.04.01.80.00,-3.270811577003105,2.4351073150164946,0.10779414897948364,0.5306792309765175,4.197718645612886
clovis,ely5plgrpyut6v4ajogqj8,13,GoPro,Fusion,-4.239702411895263,2.326125621523335,-0.40461738017948506,0.16414914601237884,5.587494024221616
clovis,acg2x430wg0s7fvnfuc3u8,38,GoPro,Fusion,-6.123448904464072,0.7992477648174333,0.05094725733805284,0.8570874572810094,6.285417380598452
clovis,42akb3892qjolfanlkzsl7,38,GoPro,Fusion,-1.2421112121661801,1.2822060786778007,-0.8351615619568067,0.4584968610562697,1.8351895143636523
clovis,wE9CUJiLHFfxL6Z0KxO4Dg,17,GoPro,GoPro Fusion FS1.04.01.80.00,-2.588511084810736,0.4974575670114012,-0.04823455752335587,0.49180730734252887,2.814243340649011
clovis,ygwdx4nro1mij0a3z0sgum,94,GoPro,Fusion,-5.721709596729107,0.7203140239497737,-0.02845533605876104,0.4434982844345783,5.855244907702759
clovis,TdyYO9jHplYUKel3zkiVnw,27,GoPro,GoPro Fusion FS1.04.01.80.00,0.38739601909352966,0.7757775660883371,0.38174339230800797,0.3290394603252444,0.883119463666884
clovis,27pgna614k5wt3oiesvuye,51,GoPro,Fusion,-1.2786538912871241,0.6506630227996784,-1.5510513997254571,0.42330337005193497,2.143046598794832
clovis,75d5ckq7ybbmpiqu6txpru,19,GoPro,Fusion,-1.7450350541959185,1.0561202861655645,-1.0842117773876558,1.0934409542318213,2.313972290448344
clovis,k5v1nk6amqaocqi2kj0edj,32,GoPro,Fusion,-0.8373962289047332,1.3727485100375374,-1.3612527409141792,0.5564453359984891,1.8797280382628914
clovis,y_fS80dhZcH7KMO_UmwgQg,16,GoPro,GoPro Fusion FS1.04.01.80.00,-0.26390591912514033,0.2265374752092476,-1.6171292118956033,0.7452364841669172,2.1219655542748073
clovis,w7m-moK9L8v7pRRgdD1EzA,45,GoPro,GoPro Fusion FS1.04.01.80.00,-1.9691189820749309,0.49730913396039633,1.4491726803981315,0.2517476189079483,2.4996774062940794
clovis,lw3k918ceeq68q9z9svuyg,20,GoPro,Fusion,-3.485916966972968,0.606304566543847,0.8818332359275141,0.4302706452248096,3.6703406000023246
clovis,6g85gfjvbzxyv78hh6kaea,122,GoPro,Fusion,-1.0922432649678557,3.512613564618593,0.3586319053851955,15.55508953856311,1.937395653990739
clovis,bnvehxsubrh6305aqhlxv4,60,GoPro,Fusion,-0.05640264084583761,0.7919912189987665,-1.4478128314403622,0.551165116457114,1.6062181339384116
clovis,jk6kn6kp65tn1um78ok0va,9,GoPro,Fusion,-1.7840584819095537,1.3396385125255568,-0.39064243581482233,0.4023825238877357,1.2603770702023125
clovis,gc5uhggfekk7t8rf1fsfqy,40,GoPro,Fusion,-1.8035453988352792,1.0310617678770266,-0.15631951684442408,0.6486979160290253,2.2664845678444983
clovis,WxTPEFzu3SyXYyuSpuaT-g,31,GoPro,GoPro Fusion FS1.04.01.80.00,0.021894795699601878,0.4413647514663888,-0.04797697477606338,0.28675255121872195,0.4126191379615731
clovis,wlnxr80eaig51tlvrpu0o6,18,GoPro,Fusion,-5.917729481409265,0.5469279631056924,0.13559425826927868,1.0921933091007456,6.084287919302896
clovis,AL8ikVRKlKmj0TkHNH2YAw,14,GoPro,GoPro Fusion FS1.04.01.80.00,1.332047118782328,0.7363166447092181,0.42168276733664356,0.2682150562260612,1.5245821273113815
clovis,UH2QMXZpxM402nEFa9DFeQ,23,GoPro,GoPro Fusion FS1.04.01.80.00,0.5002798376813724,0.8478953691901153,0.33295800778922785,0.5012264992935397,0.9915013019467269
clovis,96itfmg3gc25i3jyabsd3i,35,GoPro,Fusion,-3.2795627190381107,0.9883498447796945,-0.9993625495602485,4.34881841580619,3.9257953086530657
clovis,jx508uy46mzrvg3hbfi864,19,GoPro,Fusion,-2.6760627867911304,0.5219801727644535,-0.4185574126344667,0.45867199569438516,2.6715633840245268
clovis,bscnzz2kyu3jx937nq5gy5,20,GoPro,Fusion,-0.9230106753012789,1.1848704246983253,-0.25178673902716286,0.6106620434507383,1.6492445206423296
clovis,jpyuhQDg6iaYFVE_ZvIb-w,20,GoPro,GoPro Fusion FS1.04.01.80.00,-1.5121126936055074,1.2206283891439522,0.26804865534686645,0.34789054243055206,1.8302871906733054
clovis,3bkaawmuuwwj5750c455ze,46,GoPro,Fusion,-4.147725710713893,0.9048151381530755,-2.8173402668614305,3.6434741301247247,4.541636123503649
clovis,hweapdgickw3ckej3a6fz9,44,GoPro,Fusion,-1.25034994498256,1.1638055427225875,-0.2402492980924455,0.5751424762228297,1.7869268620391279
clovis,o4r9vl7ramhphyyhdbo0vb,16,GoPro,Fusion,-0.31308496480209963,0.7108004815138083,-0.5059865690970682,0.47525742352770356,1.0430303122445077
clovis,kx4oo96ecyxhroa7pv3whh,14,GoPro,Fusion,-6.417897754724921,0.7482886082532586,0.7693329376140563,0.6193988905608911,6.798018669314655
clovis,4NNOERoHRVrrvvUdNNtAGQ,15,GoPro,GoPro Fusion FS1.04.01.80.00,-1.3063646691387454,0.561203487577609,0.6672375466139124,0.15887673692175242,1.6009270619347118
clovis,hzlhdf3fu64t8ftm3302gk,21,GoPro,Fusion,-0.37787898755213345,1.6459145431766578,-1.2865601788259022,0.8562139117221066,1.8980723199821503
clovis,1xsy57u88zvpy2x7g2pmlc,18,GoPro,Fusion,-0.5751561135315619,0.5709375782086497,-0.6567509030504333,0.5903024285342655,1.1032307184380328
clovis,3ady19bmlv5sgz8l5u8mrx,9,GoPro,Fusion,-3.944074305029127,0.37155625358562616,0.36022126236706786,0.20490653547782825,4.035941097852724
clovis,tcZtm_5zsZTflsjAJfrKUg,9,GoPro,GoPro Fusion FS1.04.01.80.00,-2.758468614769196,0.5049233999174488,0.6512065947428592,0.560657323415293,3.0082783121256096
clovis,zcbw22he4kma3iqr27fv20,20,GoPro,Fusion,-1.348712703746094,0.48202295207188284,-0.6513374735596911,0.7182842448443908,1.5797137569411543
clovis,ppyi29sjoof0waquidal1i,20,GoPro,Fusion,-1.7360708193375685,0.6006355529810772,-0.745551039595685,0.5489847667870189,1.7305558936047012
clovis,tpv2a8gwmyrgnocsy98kuf,5,GoPro,Fusion,-7.171084131876801,1.3197257937521578,0.20983178924585105,0.3361788206520312,7.933674806768588
clovis,8FzVvaa-Pq2hvBvzoKvLJg,10,GoPro,GoPro Fusion FS1.04.01.80.00,-2.2908250459361534,0.48525900224805485,-1.0545251308774726,0.6905051475965907,2.5456590837788973
clovis,DssIK4iO-o471_rEbqe9HA,20,GoPro,GoPro Fusion FS1.04.01.80.00,0.7822132375693772,0.5908026845210381,0.33011210803911356,0.6532119781273176,1.1947437469780762
clovis,tat38993b9egmq2gnxfuo2,12,GoPro,Fusion,-1.2533412084484443,0.6581115658905158,-0.8770088544262703,0.25024324964586864,1.7510395464273358
clovis,aowpwqirlnfhlbf9meubnf,10,GoPro,Fusion,1.6452551615934563,0.6989317435600074,-1.1553121859747264,0.2779774540949755,2.048056348093754
clovis,7486t7j1anuwd1bnymirw2,12,GoPro,Fusion,-4.10964923804014,0.602431642012883,0.6158896088997693,0.33631413926437465,4.292999636934873
clovis,kq-HTMEM8Q99w1gbUb2XxQ,8,GoPro,GoPro Fusion FS1.04.01.80.00,-2.631171546379889,0.2998574058193676,-1.554611376521646,0.07991168354194618,3.1335306078427925
clovis,l7msqphi6bcbxbhreitbnj,8,GoPro,GoPro Fusion FS1.04.01.80.00,-0.308006723503692,0.06995875621282452,2.8211201911327057,0.10657529858064023,2.8926994426903416
clovis,eoiepzc11bm5azjx7jajbk,13,GoPro,Fusion,-5.1694788649328105,0.7806906167548414,-0.37910935116435773,0.7237721522876205,5.252552306765408
clovis,QWVgfuuk58y9hWYmYu_H7g,6,GoPro,GoPro Fusion FS1.04.01.80.00,0.6727205011910964,0.4134062347808571,0.5366162482066911,0.2331537232520125,0.9658000899186548
morgantown,L8izoI4fhrSCKj2wTMsm69,555,GoPro,GoPro Max,0.9844298930581274,3.4317149850664976,-1.0382884605804388,2.01978757446912,3.3096067750999967
morgantown,jHPmRhebM0gzYKsrNVyqZi,760,GoPro,GoPro Max,0.7236341676496882,3.8041103455186547,-1.357646590616131,2.985012789054168,3.084646876237151
morgantown,MdAyRbrPBNzx8KSIOtGTWa,1121,GoPro,GoPro Max,3.43167160325472,3.8661788046528485,0.08491047128911909,2.0911579129886966,4.53873470802693
morgantown,ukLerPBy5SHntapvFob8jc,166,GoPro,GoPro Max,0.20406549904836174,2.0860295803023066,-1.7082388244828566,0.8879770918692187,2.3690211952596725
morgantown,WyOGl0Smn3QDs7TxwqgAFN,591,GoPro,GoPro Max,0.7801854683068898,2.0825040028843307,0.46045502791966236,1.9054667407392396,2.3340151212879796
morgantown,60duExMOjSI2N5YWTopGq1,527,GoPro,GoPro Max,1.3680868676079674,2.3612276983192517,1.8460222594334847,2.0618406887415697,3.800975229411789
morgantown,hGCsf0qOD7bIwrk8lSMonY,359,GoPro,GoPro Max,0.6484366072654687,2.2096334987878534,-0.8033493653547348,1.2563614450536214,1.4706694677840866
morgantown,Cmr3FYSAUzp180eZxgJuXj,1334,GoPro,GoPro Max,0.9552484563800965,4.38968044235965,-1.8302516351441154,1.73092442411316,3.298854961960512
morgantown,MsR67WuJoAkC2hF0LtVP4e,263,GoPro,GoPro Max,1.7777624808596344,2.586671292112075,-0.7110814913977458,1.7533091302247699,2.9180687116296253
morgantown,deO2K9bV7ZziUaG1TjIuXD,380,GoPro,GoPro Max,1.1439724342146498,2.446336906751339,-0.6243480381277511,1.1968093997237006,2.3394402200007467
morgantown,aGdK4RwsgCk82vZmIXpTMY,308,GoPro,GoPro Max,0.18499534452544128,1.9382872378761915,0.7941140135513897,1.4644061945348588,1.90153908333657
morgantown,9hTPC40siUB8avm7rtMk2G,252,GoPro,GoPro Max,2.1241134461295643,1.7727591691784759,0.9372385808768591,1.6760255797950019,2.601410542621996
morgantown,8Fh9T42HaSnZAcjluxpdGe,284,GoPro,GoPro Max,0.9694623303880268,1.2595701585140888,0.3262635894839193,1.4783868788154717,1.735048336414559
morgantown,XL2xzrubTpjMQyPOgiKCn6,102,GoPro,GoPro Max,1.7489340882190574,2.1051600040827427,-0.7159612104028691,1.0466253166446216,2.429625702889476
morgantown,l7TunQkIJt4O13Meh2oFVW,221,GoPro,GoPro Max,0.3394579177091293,2.0567183303255026,-2.1464598683020224,1.0738087414091066,2.358091502989964
morgantown,L65okOcJCEVAfuGUF2K74s,367,GoPro,GoPro Max,1.9012983887259332,6.2834584463918794,-1.568489808231782,1.8878045932525558,5.708824066523539
morgantown,n07OAgKkUp5zlEfy3hZHaR,152,GoPro,GoPro Max,1.4167725260016644,2.421201657081649,-1.9664928778231416,2.2969443077780833,2.4003422717032863
morgantown,GVujwZUS3qe9RmPNzx7ghv,325,GoPro,GoPro Max,2.9211859319942817,5.6985535308215045,-0.6660923076289755,3.3694598695496363,4.233520810665332
morgantown,GwHckuP0jBUfWbiXgo8nNC,240,GoPro,GoPro Max,0.7926448003807453,2.0457986029528823,-1.7635651319291334,2.5355417432536775,2.961653199595784
morgantown,xhI8bpRXcCPT9in1SWkuNA,578,GoPro,GoPro Max,-0.5909613971155553,2.1239957401263347,-2.078469622062396,4.437229906842903,4.353764454514496
morgantown,2na0tVps1gOTQ5Ry7ev9Hx,210,GoPro,GoPro Max,0.9961031815238437,1.1032223228121154,-1.489992192113419,0.8832383673827724,2.0811800001894647
morgantown,G52AkpxLQrvTcyqw96NK3H,404,GoPro,GoPro Max,-0.5427922358129321,1.957834167207666,-3.034160039331306,3.04935675643556,3.695916607165814
morgantown,KErAMhGRwi3218vjtyqcux,88,GoPro,GoPro Max,0.6873037598051198,6.037249796474889,0.6782957092518254,2.4480665444340786,4.874382625206909
morgantown,qmuF19EMvIdXyKzp250Sh8,112,GoPro,GoPro Max,2.816410949128256,4.661548767821806,0.44175163886014995,3.0639680344559936,4.8442751086422495
morgantown,vHN4m8TRfoD3rX9Qw1lqgz,235,GoPro,GoPro Max,-0.4144381668695736,4.530316365397125,-0.7359845820014513,2.335941218131749,4.435151209374924
morgantown,k5JATj9cxaURpXE18sWhMZ,477,GoPro,GoPro Max,-0.4237696279522528,0.9804478967944983,-1.0690881826089345,4.579597855730378,3.1840758023602214
morgantown,GKSyRbFQw38tzMosm09ncB,391,GoPro,GoPro Max,1.270864680314075,4.3603363910695805,0.25786053006726256,3.6688282591556196,4.279014241749044
morgantown,e2T1JUC8LNrnXKW3Mocls5,197,GoPro,GoPro Max,0.6706882114111601,3.1956556119806927,-0.06393202042751762,2.6988476900789373,2.121342160040627
morgantown,Yy2XtGNerKIH3sakl8oTp1,183,GoPro,GoPro Max,1.2457723773698863,1.699633776680571,1.4382480441184742,1.588031392957777,1.598535715993748
morgantown,exPtaXsi9pcoZD7MgQILjk,226,GoPro,GoPro Max,1.5140893174874304,1.5727281028569573,-1.3637695630091156,1.2116907834348312,2.319804662613439
morgantown,AzphUY4JbxqOfF5QjwM7tu,65,GoPro,GoPro Max,0.028320859301695915,1.6497917368886226,-1.0071317419376613,2.7244472824923878,2.2266775245266373
morgantown,nAJt4BbXC9QzduHopLlY0M,44,GoPro,GoPro Max,6.9927226270303295,4.003612112944124,-0.5114334872542003,1.9919417713850578,6.886902478965756
morgantown,T8aZwfYSij6nRABtIFu1CO,45,GoPro,GoPro Max,5.1517812747846925,2.7917261926050094,2.9591695502177973,2.395656372880652,5.380092558173916
morgantown,8GbsOaMW0RXLrjCIoipT5z,43,GoPro,GoPro Max,0.23616883947519846,1.0273179479325811,1.93315939327821,2.3022918265837564,2.5226819865455115
morgantown,9ryJDzR3sUplbi8gHFGPSM,257,GoPro,GoPro Max,-23.358778374800874,2.0967142990502823,-1.8714986523014867,4.890591798413819,23.92794141469619
morgantown,RFJPvIkVuW8i3ND5CTGsyh,76,GoPro,GoPro Max,-1.0817353305520734,2.8940120235000126,0.2925479868303073,1.3559555372567382,1.7125010765256659
morgantown,30nPYW61TrhbcDAKoSsmyN,309,GoPro,GoPro Max,-0.8155063694799004,1.5432814925799576,-2.3727278537751952,2.755375652141053,2.693890653117416
morgantown,T4dVBKXgr6qiQtsCH0S293,337,GoPro,GoPro Max,-0.7908411161704939,1.3846711064618882,-0.05524846697516327,3.9163282002587505,2.6897430539498504
morgantown,6j4RMfHcwNyIZzkpueKigh,714,GoPro,GoPro Max,0.3298013758782355,1.4787579121292347,-0.5953371530393861,2.8602220281348525,2.5309157304754457
morgantown,5TWsJSvxgXQ2NMn07tj9O8,256,GoPro,GoPro Max,1.0737687308418817,1.7348446274651654,0.5305350371891697,2.938052905806926,2.2315745290293636
morgantown,2MbmRYtEf1Jwds0QTj394u,103,GoPro,GoPro Max,-1.82641057812278,4.659957454435608,-1.8718085515727616,2.5147876182123974,4.732976554083432
morgantown,diNMLl4mPFHItJKBT1e0b2,330,GoPro,GoPro Max,-0.7363034333269682,1.2321841145470225,2.0315284681689847,2.9805427661478956,3.3658425065298
morgantown,qX4QdcKTMOeYLEiUyDBCrV,29,GoPro,GoPro Max,1.0282899197929802,1.7437462182279893,-1.63780542262667,1.6398891850471622,2.653051678870957
morgantown,fctPuHaEhe7b0Nry5lsk6Y,379,GoPro,GoPro Max,0.050110444214151666,3.4398572549059954,-1.0252762661419672,1.6165346242515095,2.2652051200838255
morgantown,NvzgBDWiLPoyfTkJInl2Xt,316,GoPro,GoPro Max,-0.09647639784256247,1.3439330824826605,-0.7905302347518292,3.24664025859185,2.366228206801217
morgantown,DXlHE2dhUAyWmYBKbTa8ze,160,GoPro,GoPro Max,0.018979613494710834,1.3020318759997365,0.17328417580102579,2.672026657310756,2.0622557249651807
morgantown,n7TD4R6vbIX1OLCcsYESkP,33,GoPro,GoPro Max,-0.34694649815823864,1.8968436506126014,-7.834210014884123,2.0857053684859688,8.104632815148445
morgantown,IyGxd6MbnQJaPWXuYqpHBz,113,GoPro,GoPro Max,-14.210827753730932,10.146780421924019,-2.144021948435903,13.535637945993518,20.125248673546785
morgantown,iEcCO2bUd7BPu18fFeMNVt,323,GoPro,GoPro Max,-0.004833225748630118,1.945321986011884,-1.1687790871579418,1.4919258053363922,1.9275567464116055
morgantown,D8xcCyEwoM2tXaimOW45Bb,174,GoPro,GoPro Max,-0.09000242456349508,1.2746628036244687,-1.5434545339694168,4.5200506157499,3.5196454530060692
morgantown,5xcThbLUayfqQv8mg7e3n6,343,GoPro,GoPro Max,-0.787363357368779,2.4660555824626895,-1.6465904380146872,1.0784351216701702,2.3860714836771004
morgantown,UZXgYiN2dzFlspor9KG5QH,249,GoPro,GoPro Max,0.748101122284263,3.216373990614374,-0.40619472862775424,1.512255247128266,2.486018340223665
morgantown,PovqbpKyWJLs6t7SuG5A8E,46,GoPro,GoPro Max,-1.694285125515954,1.198301076945019,-0.04341509775163295,1.4584938036396262,2.279144945074471
morgantown,tU8MRWnbIBAquEYxvTOslh,390,GoPro,GoPro Max,-0.7375957545076521,2.093441655731802,-0.9739177439025505,3.890177512929846,3.4833860567478805
morgantown,YhIpf8Ka3AXBx5VCP29WSz,888,GoPro,GoPro Max,-0.6756438655706356,1.9104951741729288,-1.8046582659476138,3.6842390062055874,3.544311922493728
morgantown,MRJ7oGUbWIFrK3fOTPCk2S,83,GoPro,GoPro Max,-0.5982896048116559,1.9051667321234826,-5.897475225852793,2.604339696753319,6.127938750914664
morgantown,gS8DFYuCAmp2Okr7KQoRvX,84,GoPro,GoPro Max,-2.2242400326934084,2.6059882201157256,-0.4242052680342322,1.300249413722272,4.012523018747935
morgantown,hvig87n4XdKjs23Po9yA6U,147,GoPro,GoPro Max,-0.39781764188370317,1.471008660844135,-0.012941552063126638,3.233745377276231,2.167698601267839
morgantown,sdEXoGCtNAgHwIZWkD5j23,51,GoPro,GoPro Max,-0.002195996410878009,2.573423093665943,5.428228231425069,5.389989610670135,6.615139310209639
morgantown,BF5HG7cMi6DEjktdXnNsKh,361,GoPro,GoPro Max,0.9376178643516881,3.5928451106181787,-0.8510317336381134,1.4448578665288332,3.2976751380508196
morgantown,VuCxqKns3jSNUzYpHP5RtF,496,GoPro,GoPro Max,0.15708405424809965,2.5612059009650405,-0.697096093798997,1.261054416229346,2.401636956114388
morgantown,E9JQZpzGyu1N5BaALSxYw2,223,GoPro,GoPro Max,-0.5002713239976647,1.1450747809122699,3.5008469538169136,3.823240203858082,3.2364139491727317
morgantown,Za3lzTP1eERNmBVcML5xAo,500,GoPro,GoPro Max,0.39381617404275,1.5454066533478292,-1.8348298696475471,1.0695553034749938,2.355392445143463
morgantown,nNg9FcJCwTPRhb3yE4ostk,77,GoPro,GoPro Max,-0.05253875021397266,1.6369804668893941,-1.2346152295345236,4.91793662902797,3.07628146752526
morgantown,1WYgLhjySspewVJa6I5RGl,324,GoPro,GoPro Max,-0.05228228203168886,1.0662261125741368,-1.8677339230796421,4.264632482567085,2.3146349699688424
morgantown,npma5RcfisoywFL98TJ3hZ,331,GoPro,GoPro Max,0.679200271060316,2.8097172882711567,-1.1093019181009642,1.0466287674772161,2.8688586814467647
morgantown,ocMY3TmXjfGOLFsVd19g0N,176,GoPro,GoPro Max,0.3269161526118683,1.9653063162826017,-1.1431191787780617,3.7613321165006646,3.457591875439132
morgantown,amSeXDoWE6413JiF9uINQg,649,GoPro,GoPro Max,0.7110171503811985,2.2354460251791215,-1.7389640898185728,1.234236840161646,2.511850121929073
morgantown,8smIZTNPhnrzueiBQEg4VD,504,GoPro,GoPro Max,-0.13189080858011942,1.0670696029615268,-1.12176394880803,2.4878700936654847,2.039968788562376
morgantown,ZOMCcB8GRiKhH6emTq4EUI,195,GoPro,GoPro Max,3.2729026512969788,3.467878149757805,-0.6816441064993028,1.1459533149943713,4.330507051072527
morgantown,ebPS7QRIdApDqz95i1Eaks,76,GoPro,GoPro Max,-1.2359141088386378,2.0830807408983762,-0.1119785296040429,3.796213200059906,4.016030221961059
morgantown,xjHsNoc0TYt4I91V2iQvGC,398,GoPro,GoPro Max,-2.0875482928925138,3.9458193289392725,-1.281626523990755,1.8671434441300099,3.999280142305032
morgantown,2jDQof46mLUvG8F3cJyxrC,147,GoPro,GoPro Max,3.0134691423162905,4.02812030533414,-0.8859924565151241,2.330337595451721,5.191001436857493
morgantown,jgFHQOScelAvDyqG3CismJ,138,GoPro,GoPro Max,-0.0016572364439461631,1.5508107380677951,-0.5692159524546382,1.3395180339921042,1.5680680026037053
morgantown,gkZ6JLGsQ4x3Kc1AF7UM8w,70,GoPro,GoPro Max,-1.457577284523814,2.6817311111861573,-1.0786620324390337,0.8675446848093132,2.174648316054173
morgantown,351kciCnbYQIoMglDzEj0v,224,GoPro,GoPro Max,-1.1124192133575546,0.9455564864539044,-2.0206697322784892,4.264453393295082,4.402294361068055
morgantown,VeHKRPpcJG63dYSzatUMkW,128,GoPro,GoPro Max,-0.32633688827881957,3.982341174398686,-1.095251701187834,2.400542270767613,3.5643555811723777
morgantown,uFfLrvGWS7xVEYOaH58isq,208,GoPro,GoPro Max,-1.5330473274394476,2.6576547913568387,-1.868861880802602,1.3981733006871222,3.210948433501193
morgantown,VhRGtvTFuYqf34IbS08Pwp,244,GoPro,GoPro Max,2.5976614722596656,4.254462778264382,-0.9665941911684872,3.589629742052011,4.305675577658766
morgantown,HvXz4BwOFhGygYiK8Zq3Q6,260,GoPro,GoPro Max,0.3013305163605559,2.295210349786953,-1.1054356569265735,1.3844033645934162,2.038024564271521
morgantown,Jp9tYgNGz6dxrXul0cLKyU,80,GoPro,GoPro Max,-0.8526250109270586,1.4358301770349835,-2.3537178120933233,2.5480991149241015,3.0825605748355636
morgantown,U0Ew2ZsLrnIvGSH6Ndh5to,54,GoPro,GoPro Max,0.6808083885966341,1.5679630759600498,-0.005456590401445793,1.2963687439614093,1.7808542528402187
morgantown,Lw4sVaobUdCk7ZQh2W9KNl,273,GoPro,GoPro Max,0.4205376650297148,3.4328170713193376,-1.3415764022175185,1.0086067124647602,2.6481645359068953
morgantown,olqyfO3QuzYdT5mxS9cP8L,248,GoPro,GoPro Max,-0.3765398748339305,1.826708232729774,1.617198845708902,4.253296347188116,4.113991671585732
morgantown,rjva7QHKZXtMV20cDuP5dn,202,GoPro,GoPro Max,4.442256822626223,4.685706125719443,-1.833024502411597,1.267886630002419,5.7856366989385535
morgantown,EYUyFdxvSkiVRfAWDOmjBl,79,GoPro,GoPro Max,-0.12495947603685983,0.7999914996561376,1.6587377434029829,3.8070658391163876,2.043269090332542
morgantown,VM7nQXIYkxGCRp2So90JrD,446,GoPro,GoPro Max,-17.592170141962665,9.299172220654976,-2.04504043189154,5.637569832763212,21.99399861133799
morgantown,Dmo08lByeG7WiOcJwQRPbj,90,GoPro,GoPro Max,-1.2902936189646665,2.5444360443030276,-2.4242990163797704,5.214292967963763,5.542854834884988
morgantown,cgDbo0i1pTltvmdLqaRFxJ,72,GoPro,GoPro Max,-0.555944885542999,1.026208723268036,-0.5308402633467735,0.9552931912844301,1.4656223492964677
morgantown,pgR0hzrlvnbZXEHA87xTFS,233,GoPro,GoPro Max,0.21639499430431394,4.909762225891854,-1.1112663528840137,1.9457392472597819,4.649192614302456
morgantown,ST0uzhvfloKcHgn21U9aRZ,130,GoPro,GoPro Max,3.310717353940272,2.633484975494313,0.24686938767297903,1.7453087868362394,3.3380432300116794
morgantown,CciSWNfIyF6G5vT18R0DjE,132,GoPro,GoPro Max,3.3192888942960996,3.716169400302895,0.18452477872662076,1.0310769182979138,3.0003015120572565
morgantown,orXLUQJDSHupqiMC2y6enB,195,GoPro,GoPro Max,-0.7129663980169945,1.2341370277073036,-0.5098590257298686,2.399712888067998,2.304401415906236
morgantown,8vxVmGr6X7LQPflU4IJTYH,123,GoPro,GoPro Max,2.1054183331198613,3.430928335236875,-2.0970507799947073,1.4695521839650254,3.658762299658341
morgantown,aBw6LFPkbSMdZ0yEfphnQV,9,GoPro,GoPro Max,4.026779951113133,5.356437084722548,0.5361265288315152,2.424185555415971,6.440322007597258
morgantown,8TnlASdkvIfFRJpL79Ye3N,457,GoPro,GoPro Max,1.4380992046037424,3.1102335979433864,-2.1398224175445755,1.353220969028468,4.081288470187669
morgantown,zQPapTvwbmjlLEYrVhUfR8,64,GoPro,GoPro Max,-0.18570358410597676,2.1271277584495953,-3.5360391976187984,4.037925222047955,4.772051357175127
morgantown,dB5JUzMFitOYSCR1QNW973,216,GoPro,GoPro Max,-0.6550256510658515,3.177543773396997,6.857958655252096,15.102762412823658,4.196390884331003
morgantown,nrSf1hAKax4ZoVMpNUdywW,180,GoPro,GoPro Max,0.7429283394457445,2.4422328269476905,0.2082698589341602,5.053483889068946,4.496110660437625
morgantown,iNASnI18GQ9RJcs7tZkw2j,260,GoPro,GoPro Max,-0.8944328552808234,2.342582457410593,-2.3999874440697417,1.0868211668467214,3.5767321095264033
morgantown,ih2lPsa4zEWRgvT9Dy5fLu,435,GoPro,GoPro Max,0.698689284048926,1.5426273224270013,-0.8102778814267586,1.4683460484776052,1.7175315008536107
morgantown,AWOMwDBladGe81YEHgvKys,216,GoPro,GoPro Max,0.5311489649274275,3.8049134771777795,-0.6715804480826045,1.1875545101969691,3.118459745467818
morgantown,iu3IQeo7HTbWUXnxKLy0Yd,11,GoPro,GoPro Max,0.1077002902882474,1.2103372623076878,5.403605644786718,3.4343331043483656,6.6896908477250605
morgantown,vBZfIr3RPNXEDxh9AgocaS,451,GoPro,GoPro Max,1.1653412365552824,3.1024238547767697,-1.2745262687762517,1.0171981060362743,2.558792521015119
morgantown,WLR5VvDTyfu7wilhNmHMk0,151,GoPro,GoPro Max,0.11930574232948733,1.900874840894426,-1.4330377079401164,3.672362617146531,3.8487562833057525
morgantown,pIn0QhXE7xYi4JaMercj5F,62,GoPro,GoPro Max,0.5268300135670462,1.7738656483559683,0.04182832535488263,5.614952538446173,4.955409438711749
morgantown,tH8XzNGygK6Eois0ZurFVC,138,GoPro,GoPro Max,-0.6530529487136431,1.9824127651635048,0.37406452894796804,5.7743167631197725,3.705867880634435
morgantown,J76oIMjv0TzeFwQnu9aCLb,95,GoPro,GoPro Max,-1.5277514001076988,1.908497729359259,2.576803527096698,3.22617947746168,4.445440790675519
morgantown,q5fa2ZbkrLeBRXgFhIMD0l,221,GoPro,GoPro Max,0.5158964419934364,3.8366630367767294,-1.0705588258279053,1.830901344332782,3.6748521771425566
morgantown,4sGPl2KHRnQC9uBXc1N6wJ,39,GoPro,GoPro Max,1.1830388539297747,3.4359142004518533,-5.821114153015776,3.4252200322220525,7.7118770206250815
morgantown,QYAeN25KshRuM7PiBHy0qD,550,GoPro,GoPro Max,-0.712345311347297,2.927837099226962,-1.4993879646149137,2.060938313814536,3.3345560764480227
morgantown,glVZWGps2Xn3qtu8zQ1fyA,44,GoPro,GoPro Max,-0.13726227197338078,1.131887940952143,-4.206682345671009,2.8442116736126217,4.199579273439944
morgantown,QMO1wBtNj0vIZWXKHYaAV8,391,GoPro,GoPro Max,-0.2703108088420637,3.2745654778315654,-1.4726190617784984,1.1983792371632085,3.3273307209400147
morgantown,oEF78dB2YytXWulSk4j1sq,398,GoPro,GoPro Max,-0.48573653342802586,2.3397874780123993,-1.8188833532424888,0.9880475568325127,2.625783195720011
morgantown,IXYAbP9UEo1NuZB36kCfjT,39,GoPro,GoPro Max,0.5907192449815162,0.9594645079943995,-1.1286375096596204,0.5104013552623162,1.5779336068655316
morgantown,OMWKrosabH9ewG0Rc8ilzm,89,GoPro,GoPro Max,-0.5716658176776328,4.321811549539778,-1.9687216880192677,1.3754388902487087,4.7471160517058175
morgantown,ZdjbrYovXaxFLwkc3G8R7e,103,GoPro,GoPro Max,2.3420010583479396,3.136418520985005,-0.7249203017651125,1.5960486181469054,2.7245889018394522
morgantown,kZIMHV6Y0F3EKr8ysUguoh,131,GoPro,GoPro Max,1.1750038393078897,1.1213867192384985,-0.7464986577546251,0.9764663214610654,1.7468354701189095
morgantown,7O9uUn6SrT43cdxVXh81fZ,86,GoPro,GoPro Max,-1.9292351679006197,3.8273686648882204,-0.3064762444258755,1.8944036552284598,2.9719638310170566
morgantown,iFqVQZnXjMpgCvlc9EedJH,259,GoPro,GoPro Max,0.3656005513472181,1.6335649541319315,-0.9645291275050273,1.0541789838681612,1.8680620175322777
morgantown,2SEDcQCsz5o9jvtfXB831T,695,GoPro,GoPro Max,0.6043551776991446,4.007696431568323,-0.6164724048838331,1.992980140166965,3.4562728409498336
morgantown,YIUQlEm5i8MGBOes2rNLhR,199,GoPro,GoPro Max,3.2035805365992664,4.005173378019403,-0.3422837608064507,1.6799342673740978,4.384643974130889
morgantown,M2vohingVAkqyPxr470paB,194,GoPro,GoPro Max,0.7226208138287907,3.1061546353274063,-0.6452501551714198,1.4254175642975353,2.8471396230315924
morgantown,Plcn1TBN3oj5iJ40kfx8ua,117,GoPro,GoPro Max,-1.3946751860195041,0.8798386843069266,-4.862837568296729,1.9349076314639886,5.378459218655636
morgantown,J18xpGIFZnkvw9CVEgNOur,199,GoPro,GoPro Max,0.975382870551669,3.515511058218946,-1.506027927371479,1.376064394691038,3.7266960966263456
morgantown,75zNqYMnWdle9XQEbmGA6F,130,GoPro,GoPro Max,-1.2281832572504323,6.160143011342251,0.21954099305571406,1.371021117531831,5.075039700205992
morgantown,VoEW1Qfcq3bUJZjstdwp4g,25,GoPro,GoPro Max,-0.39789679890611046,1.5317097858107485,-2.0846570725134588,1.7108038785923654,2.7947477094414506
morgantown,p8XxHTBdzrc6fvqZ1Oj7ER,154,GoPro,GoPro Max,-1.0295195079030814,3.906413061546192,-0.8453496532048809,1.2256151165248026,3.3170207389312076
morgantown,pfRcM6AJwPV4OkTalsNdCU,218,GoPro,GoPro Max,-1.7494389412333884,2.65229503254661,-1.2301031441185117,1.5196823140514228,3.4509781922058833
morgantown,sLaEeR8jfgGJoAF9bXCOk6,123,GoPro,GoPro Max,1.281883839876569,2.625951129074577,-0.7624779478759096,1.7059850752411363,2.86405468247022
morgantown,aMqQCLmRhy8T5g4ANW7bvu,69,GoPro,GoPro Max,-0.1175506271420493,3.6881974090358134,-0.40633803466040513,1.5618575941369879,1.5473388326400757
morgantown,UhwNWiKkpZ8vQRf2c4ltVy,123,GoPro,GoPro Max,-0.6849770232007838,6.810315670335213,-2.353743399024884,3.073870174043485,5.962865505609658
morgantown,wrqDmTMHScfLIN8hVXxzQP,215,GoPro,GoPro Max,-3.6782056667656775,4.986848283555891,-2.2325186688763803,1.9873400480573364,7.622299090048335
morgantown,UZiQyLP5ovTJwVsDMd76FY,150,GoPro,GoPro Max,3.0273217373862185,4.433186908713755,-1.3535427808402347,1.6205882264202447,4.238534680958285
morgantown,CpfmRX6hnyMTDO0BQYAIrH,86,GoPro,GoPro Max,-22.316634435813228,1.3969893345028113,1.2062535585853227,1.8898227780120904,22.730073520133757
morgantown,h9IoaVnCAE503QNUDg271p,426,GoPro,GoPro Max,0.21441593349857976,4.7766090399914045,-0.7834919223640181,1.8245134060808086,3.720832618278049
morgantown,zf60irXuZSECcVbTMwDWBs,100,GoPro,GoPro Max,0.6502829679484359,2.508389772570335,-0.6500743434856189,2.8054562034983856,3.42369054342153
morgantown,fb6hpqRJHVwzc0W4EdlFPj,82,GoPro,GoPro Max,-0.1820622055465081,2.5655051356620917,0.24702282672645473,2.7676153342547387,3.2957504162688354
morgantown,0s1F7TvyetprlgZwG8CKWB,334,GoPro,GoPro Max,-0.1869713288740239,1.4436394516398487,-0.7391215765272003,2.8880154247549097,2.2084656245759535
morgantown,VLJeNolRC9x7TYqSgdWUhM,58,GoPro,GoPro Max,1.2056752919262983,4.0423874928891195,-0.71192240442411,1.234825743153832,2.51045702683067
morgantown,M0QARtJKgphyx5oCvuFVS2,211,GoPro,GoPro Max,-0.20252425745296193,2.1195629340512383,-0.7323563393865212,3.0693585803691925,2.9530756331716073
morgantown,UjLszrDe8Sdxaw6WcmFKqO,118,GoPro,GoPro Max,2.0024672275873776,3.3708489352154656,-0.7819689645561243,2.0745985582215485,3.4094704687096398
morgantown,wuQNYZoGXzap27eBIOtgk4,125,GoPro,GoPro Max,0.930920158611643,4.2871553082012985,-1.2369147555189062,2.327262475744138,3.441064870858837
morgantown,I2UGfseKmAtnSrkziFMg1b,226,GoPro,GoPro Max,1.3083705505893701,2.9520378565168133,-0.20310654830218045,1.6116612433996929,3.1036804701930882
morgantown,T1zScri7gAYZ58XmKBwybC,229,GoPro,GoPro Max,1.41618788458572,5.340983378859626,-0.9543113848924983,1.8781917141319544,4.145568422700654
morgantown,7GDouP25mFsfBaXbgYhWK6,52,GoPro,GoPro Max,-0.2280907370703682,2.9068386039832803,-4.590662325756609,4.749055678188169,4.177377241042553
morgantown,pL69tUvTsqWiyFEOnIGSdw,240,GoPro,GoPro Max,0.8170708488496276,3.2225101725716216,-0.1881620648544699,2.101128978471926,3.0973379348223222
morgantown,1LCipftma48lEoMRWvgqxF,86,GoPro,GoPro Max,1.7172933117416576,3.128796691368155,-1.9074055441192126,1.041303131357784,2.879101232874696
morgantown,fODp81kTdgSE6MQa2Uu5L9,53,GoPro,GoPro Max,-0.8635172249129085,3.679185946249773,-0.9277604691650335,1.3820199011164982,2.305033007327796
morgantown,eNl3L0cg8mwGpoiOqEVrba,107,GoPro,GoPro Max,-0.9670551775920462,1.3410028933428455,-0.5713278081901126,0.9137153779664208,1.9642441572929537
morgantown,O8kompXgd1xlA2Tuz7rGbK,47,GoPro,GoPro Max,-5.381894473290722,4.773364620888575,-2.3792233509353764,1.6568652438666465,6.542177063291184
morgantown,BLpkCIcO5FAfPw7dahmsxV,72,GoPro,GoPro Max,0.4070006893691243,3.078219699965942,-1.6404336693771404,1.2416139099526058,3.4548827104765363
morgantown,98Oh4NzJygGStjkrKlcs7M,6,GoPro,GoPro Max,-3.7301244331713512,0.09982254677200979,-1.4380542721506775,0.18442578291979417,3.953843356452062
morgantown,nHhKWxkt8D7pCcrj6A0GUm,244,GoPro,GoPro Max,-0.702541400737657,5.281670161698643,-1.3106321898528246,2.3835681788967427,4.937848097960612
morgantown,IsJtFUPl7GxvV8u3THkeYf,67,GoPro,GoPro Max,0.2940880291355686,2.3105890402525007,0.6888958916453123,2.123557103164871,1.8155632729894047
morgantown,Urs4Kz71jVJpo0yS9hgAMm,182,GoPro,GoPro Max,1.0120292409923493,1.0066128646920642,-0.4878332607769569,3.4688294965117232,3.218864330750579
morgantown,DFvXO6ciJrgCUHZRbLGhpy,109,GoPro,GoPro Max,-0.5986456279779164,1.6718332088679642,-0.2947691043427301,2.7386488284615784,2.691871022671802
morgantown,VMZ5eBbQgpDquAJW9rydiF,91,GoPro,GoPro Max,-1.4539805100194554,5.158955047771776,-1.1376712464011491,1.8997096795606188,4.66128204033978
morgantown,DqWi9pg4AuCQvaNSk0LFjr,225,GoPro,GoPro Max,-0.6531014564387254,4.439252572580394,-1.53436186591624,3.0757090476969435,4.725930009624406
morgantown,0kMDqAzQliUmfWxXG6Ch8b,171,GoPro,GoPro Max,-1.1477029990490875,2.903366872673056,-0.7775215827437624,2.5790529902635035,3.0666556428939797
morgantown,FodjAKeHvDOi8fB6LUqgXJ,86,GoPro,GoPro Max,0.047085714345947355,3.485700207619571,-0.4917115490539476,1.4225188542842178,2.8363080401604135
morgantown,u6i3NedX81R24nLtEKw9Fr,529,GoPro,GoPro Max,1.1016308001579325,2.6622437558745697,-1.0491415881975676,2.5049570519933995,3.1704589133100596
morgantown,wK6ytRAv0xBL3nN8Osi9JG,201,GoPro,GoPro Max,-1.037860329428183,1.98523802241604,-1.5572478092540711,0.9772697198777528,2.6239407904699688
morgantown,HhvpmOZ3tGzfPqjB6QK5RJ,46,GoPro,GoPro Max,-0.38744748654698963,2.2337724890994037,-1.9935642687785406,4.159699879667848,3.0145801666150382
morgantown,s3YgBalX8SyVFAxh7Ont9C,300,GoPro,GoPro Max,0.7312566098844148,3.8476741173836952,-1.7571012144863178,1.7947661064261895,3.515049151330571
morgantown,VKne2EzkQZfADghUxYyH8W,278,GoPro,GoPro Max,1.1358435834005374,4.361032874954813,0.14741132098790757,1.5905821411443684,3.1454877056341695
morgantown,vRSfTnhodgAtMEqQxK9iDa,52,GoPro,GoPro Max,0.12435782739129017,0.5955031454653873,-1.9502747760616628,0.5219293140743447,2.0148498723646595
morgantown,QpqwzPIF5nNTolS8fWLHJ4,250,GoPro,GoPro Max,0.6891052071958438,4.928412053886631,-1.0430770662911009,1.5044069603537882,4.787856746955384
morgantown,LY4ERgbJ129ikwlym3nzZj,202,GoPro,GoPro Max,1.6547137154292102,2.4919555603294383,-0.7571270343956025,1.161713701861376,1.8433472274097888
morgantown,jxfq32JmMRWkXVFH1eQE8L,141,GoPro,GoPro Max,-0.366621341592102,1.196421256964807,-0.7962666322276212,2.6972680115956713,3.0646423095997326
morgantown,2i0o9zKS7yCdMh6OGAaLvV,182,GoPro,GoPro Max,2.131663120725324,3.5547794351177244,-0.26141639560440716,2.0882458394329593,3.723717071073728
morgantown,9ji2JDrtXZdaF0f4sB8TUK,304,GoPro,GoPro Max,1.390387493663271,2.330536236313658,-0.33740018512796616,1.0759513432193828,1.3238782110692986
morgantown,Pl4KiAsmu2MNoX187QnVyI,29,GoPro,GoPro Max,0.41667704352232343,4.558721025004519,-0.3722296983086045,1.0545434200727188,2.48734972136227
morgantown,wFv3qekZDmItKScpz7JnXl,570,GoPro,GoPro Max,1.1296852369728518,3.815336534768598,-0.6431649201534898,1.8084206006519024,3.52601946243458
morgantown,YE4osLaGMzxc8mhteCVfnX,19,GoPro,GoPro Max,1.0108556844613867,3.4521601252446477,-2.0695985691319976,2.097768885186579,3.825932736605392
morgantown,oX0OLU6w2NkFl9QbT7pgcq,119,GoPro,GoPro Max,3.8345369594784913,3.152399582700796,0.5081931135595864,1.5520000293250904,4.330794942258137
morgantown,RvyZTihcPrAad1LgbHFeVS,41,GoPro,GoPro Max,-15.479644974187414,1.2263922397154234,-4.770407920131937,4.430354267663246,16.259996973889887
morgantown,lnY6qtBDmSg9bJ8Fh1NusG,248,GoPro,GoPro Max,-2.882814524524202,3.740001865796226,-1.055970343647033,1.3229615658997886,4.652839083520535
morgantown,k9qVeB65tJCly1hTMwpXc8,92,GoPro,GoPro Max,1.479973922924623,3.4994256970778066,-0.044013166224915565,1.8158931355546652,2.65231418337337
morgantown,IJ6CYqHfKGTcMNEZL3g5bX,237,GoPro,GoPro Max,0.9327913300845974,5.831056976864037,-1.1164276001102726,1.9286069622790838,5.464128299839274
morgantown,PC2WGsSdEXu1ghjL3xBY56,40,GoPro,GoPro Max,1.0319154771507242,1.1750075855582771,3.2499111879877285,2.587511541545675,4.2737101689563834
morgantown,Lrg94bAXDxtHasZjwE17S2,227,GoPro,GoPro Max,1.0763240816181874,4.365416779235702,-1.0079253426507722,1.9055798278253007,4.2568932316513495
morgantown,J7KqXd5hFLZG0UQaWox3Dn,30,GoPro,GoPro Max,2.138137357318606,2.2531286743877703,-0.8804277111915306,0.6315311696587531,1.830985566864894
morgantown,ISwWFgpLsfclQEJDahCP79,74,GoPro,GoPro Max,-1.368710943476636,6.651721908481633,-1.3415921958307029,1.9794455351243514,7.085015187113675
morgantown,qSLOa7ZpxDc2Yg8HIeRbF4,305,GoPro,GoPro Max,3.026839986964766,2.665786308722365,-2.0014817625423005,1.328654463285465,3.776639241846347
morgantown,JrPCaYuRS4bwvBqDf69iZF,199,GoPro,GoPro Max,0.33241464898659695,2.4181272430991405,-0.8582935722378898,1.2676655673980233,2.108644701454721
morgantown,WuTDbR1zv5ZQL0IewidYo7,98,GoPro,GoPro Max,1.9684155523559228,2.878621318890088,-1.0295897976558432,1.2655883790738554,2.552810686890545
morgantown,TZORlVtBDKioYkhLwWmunC,211,GoPro,GoPro Max,0.18631661248143072,2.680837722122735,-1.321659992523052,6.474414987543058,6.746162862699108
morgantown,wsTjnmYe7MIRNrGfQzO9HU,289,GoPro,GoPro Max,1.6209350425247027,2.9791914954406336,-0.8992806786048845,1.7686350193982525,2.4471714211822233
morgantown,P3x9ampuNyVwEtb1f6Qlo7,78,GoPro,GoPro Max,-0.20288047280437652,7.174974451855942,-0.2873386964167279,0.6927594787696403,5.721323895202385
morgantown,qbujdlR3WpaVLmiOfsC6S1,76,GoPro,GoPro Max,-0.08714382813487609,5.859373039478518,-1.8141872446522649,2.369314881189117,5.98050963738264
morgantown,ylOfC6aVwMLZ4zUHmoxqN3,91,GoPro,GoPro Max,1.990804515211162,5.0749674036450285,-1.0966292598254765,1.587244400371086,4.035019004875725
morgantown,rjEO8KksRJqzFtmpASWIGN,66,GoPro,GoPro Max,-6.611603663923524,2.3195970414768845,-1.977817134387841,1.8731270375362916,8.250849863524435
morgantown,MpHy5W97rTjnJhBNmRoLkV,106,GoPro,GoPro Max,-6.103937499829179,4.34248059867449,-1.0821876877025132,2.307927294717992,8.31374935749185
morgantown,8tHIKAL7YZwXb9nDBsqi1S,152,GoPro,GoPro Max,0.48858875087579984,2.0778516839576615,-1.1306233675699533,1.1910507820113105,2.353535384319397
morgantown,2ZQPKhWXspGDErSJAjtcmY,275,GoPro,GoPro Max,2.069487956564421,4.845887650240569,-1.6427126440161612,1.693521047417795,4.714637279345988
morgantown,xncf4EO2Uz1pMBNmqZRrjH,78,GoPro,GoPro Max,-0.40502428361741316,1.4754404958895835,-2.0451102932788703,2.6742213464157425,3.3058393135706354
morgantown,pZjRniCrLXhPcmaBVfoFHU,92,GoPro,GoPro Max,2.623022598760278,5.963502849297952,-0.9258889974489762,1.9047339080306875,5.567122913822854
morgantown,OcjfP4Mg0TER3DAmhnvkZN,60,GoPro,GoPro Max,-0.0700099099647044,1.2674228238178826,-1.9500210966836928,1.8911285778206155,2.556305273913945
morgantown,ZVo1svjRhPS2UX7GA4OuTY,254,GoPro,GoPro Max,0.7464082595511204,2.786208243762717,-0.6243053813888911,1.6049564686165265,2.59727866203807
morgantown,9mKIRx51gWzLuMPtYEisvk,31,GoPro,GoPro Max,0.2214189223701028,0.9703703169933812,-1.089885858121782,1.080568912374593,1.1638942618292387
morgantown,gtL18XaK3h2vdTDFfzRCGZ,173,GoPro,GoPro Max,-0.8687413397774668,1.7249012953974039,-0.3593549676838079,1.0338080199692326,1.5859347270597526
morgantown,UGub2h3eicvJp95k8YrlXF,117,GoPro,GoPro Max,-2.042186129596467,1.9409203969303972,-1.823788137277285,1.4141475672609145,2.4063926123240957
morgantown,BxLA1alN0qtbnoJ9eE8IPX,105,GoPro,GoPro Max,1.1881031499565498,2.0082190407782283,-0.26294911541993937,1.8754553431021723,2.535114815951213
morgantown,yQEkwRtAxgD1vjXi46BqOU,66,GoPro,GoPro Max,-0.47083870447914505,2.1817386659087314,-0.2922248151226763,1.5985953790234122,2.1190790095944974
morgantown,UGCnoVsir6mNWOJtMLjQI3,186,GoPro,GoPro Max,5.096891135888888,5.373386189420213,-0.5308356739610379,2.2055203278182174,7.320729418638674
morgantown,T0sKC3gj6Bw5OMqpuhmfFi,10,GoPro,GoPro Max,-5.837574164806467,3.1067580759884144,0.7727973164812804,1.0234657316502447,7.524772454129258
morgantown,cr3q5GpP6DCxJWIi7SlzOg,17,GoPro,GoPro Max,7.399439825288337,2.4162437170118176,-1.8919873685783901,1.4857977596041843,7.75241732553301
morgantown,drGWwfHEN8RLmJ3DUvhxYn,45,GoPro,GoPro Max,0.08509581058195953,4.270759483136525,-1.271037487894085,3.2474103642554906,5.250182548591403
morgantown,6v3ESHsoXur05CzxLZPjIF,65,GoPro,GoPro Max,3.769942789889416,2.4150080032212635,-2.1621001216908944,0.9749828131393149,3.8403365973091588
morgantown,lTP9Xiy0kGtvq7JSpcDgr5,128,GoPro,GoPro Max,0.6479824286919712,3.8180186227872666,-2.3480489625745284,2.1537078836497687,3.898734864572937
morgantown,3gvh0pYmMlcq4fLysuU1at,124,GoPro,GoPro Max,-5.869448470757281,4.066718403168146,-0.737960430518256,1.858069805330521,7.256655232630529
morgantown,mwY9oWaiDdgJ7kFEC6buxQ,60,GoPro,GoPro Max,0.8054511412261847,4.726778052581726,0.8085790568971774,2.31285763147627,2.654698189809815
morgantown,fUlyagM9qVwZ8BrXe7OsIC,62,GoPro,GoPro Max,4.277945894369284,3.9023353656371156,-0.14551033921820716,1.6818240036453476,4.023479651732003
morgantown,5UtLwZrky9WPxJ2qYSGlN4,115,GoPro,GoPro Max,0.1566501820626902,3.5825087346451854,-0.3934946003840779,2.4028525906771505,2.3332191616387576
morgantown,s4TVWuDeSLNqHfMBl6x75t,431,GoPro,GoPro Max,0.8410319914962485,2.641572026848927,-0.8818729262655658,1.6121691854943898,2.0947076680346974
morgantown,qtZFQr1dvUHJbGCLP9W8Vn,14,GoPro,GoPro Max,-0.7558057965775096,1.4073599226631341,-1.0118691007024052,1.8687347748193395,0.6500091883648295
morgantown,SLjlAIZa7E4v9mrhcX2J5z,51,GoPro,GoPro Max,-2.445727049291921,1.9018515524769022,-1.9174918266198575,1.7875744101443147,3.881168453995768
morgantown,byBS7A2hE8J6wCYH1Usj9t,181,GoPro,GoPro Max,1.3959268784472885,1.5882523066321954,-1.699061320654511,1.1084507801345869,2.6178058601747636
morgantown,5Fs63gBqZM2GJSQaxLptdV,96,GoPro,GoPro Max,3.4245170588747613,1.4851637012114944,-0.08276041111856902,1.1430532559347508,3.7223915477856786
morgantown,7R8vGpWcfYUAItdOoum1rT,305,GoPro,GoPro Max,3.0664786920912372,3.517631046849525,-1.680518832796984,2.159774821431124,3.8935912005822866
morgantown,qRxtUd1TBLSmZl7uMjvPFA,157,GoPro,GoPro Max,-0.706722253932538,3.2053139418337766,-0.46762864347338706,1.502052378654229,1.9462580612671199
morgantown,cpr3W4DsnOxe7SEIlG1qKk,52,GoPro,GoPro Max,-1.4658328123001616,0.6952526807381598,-1.0678965605037847,0.7407517596862588,1.608754107633214
morgantown,dRJHB1Ssqk9OK6I3PNGtXx,302,GoPro,GoPro Max,0.746225062762727,1.8684176227640088,-1.7673905687423552,2.044236169302557,2.0895846736818746
morgantown,hBziOuWXk4VQfmlpYtHId2,90,GoPro,GoPro Max,0.8994505996237439,4.736264793090539,-1.5954393374440692,2.2579701005688393,3.57333342279097
morgantown,OebzUi3Dy6LtclFxAQwomV,67,GoPro,GoPro Max,2.6970401206081824,1.3880226955070611,-1.2972089985922333,1.1148150732983402,3.4712253196458107
morgantown,0gzLAjBQdXxUJi9VqmCZRP,13,GoPro,GoPro Max,6.176909297508642,2.2885986840674084,0.5602759336291914,2.676798370765541,5.802819752507709
morgantown,zlLW14Ys5woRNVmBJCS6DF,37,GoPro,GoPro Max,-5.170564638760864,4.358145682181075,-3.105538097753325,2.119643105238385,7.306982468169754
morgantown,tcozwZ9AWD0pdbGSQIn4iP,25,GoPro,GoPro Max,-5.599265907246039,2.696803224519911,-1.894175680349491,2.5093259038438465,6.478245607849996
morgantown,Kdf42YPw8pnU0vMZeIEQ9C,107,GoPro,GoPro Max,-1.1975210310854982,2.849903794926358,2.5064448198569553,4.094913043254443,4.626034094710241
morgantown,vF3jy5kPqRhOH0QJMtafd9,65,GoPro,GoPro Max,-4.465866598306385,2.2948244991644846,-0.635810571574558,2.5445058392297706,4.953850616736187
morgantown,qOEd3F5fp9GVuh7mSTW6Li,157,GoPro,GoPro Max,-0.05779948101108306,0.9403130801758085,0.803789224484438,3.1606744012144707,3.2780772436631076
morgantown,kXfEM2Szo36viHWjrR9Khn,35,GoPro,GoPro Max,2.8548344644306964,3.9278374067804096,0.025446555430606886,1.6003996675314762,2.768797658847797
morgantown,mvZieKY5kEOFW1XBP7RMl9,107,GoPro,GoPro Max,0.11827663750756302,3.659881033735012,-1.3015696520179911,1.1455030441613103,3.059276200830011
morgantown,NcwgrsBeOH26mxpCL0RSPz,81,GoPro,GoPro Max,1.441732009218606,2.0263495939403517,-0.7939955653549862,1.6549233999195734,2.517383675728478
morgantown,1a8ZiHfMTWGqlDcBJoUYpw,159,GoPro,GoPro Max,-0.9775882757520199,4.799369046470024,-0.7861307729172073,2.1137401129738755,4.903554209041642
morgantown,3RoyVgj8eGki42SlZ09MHK,49,GoPro,GoPro Max,-4.314688317783316,3.018330731132499,-2.0193877341513904,1.7071828898271577,5.335716047458306
morgantown,6S5Eo72UiMnTrbzBKdJexQ,80,GoPro,GoPro Max,4.123062130336563,2.239373758982736,-0.6441794271941688,1.7131136211846427,4.8707629594755275
morgantown,hcj0BPKa2DrZAG5i1TEy3I,131,GoPro,GoPro Max,-0.3373414315365837,3.048798083716293,-0.6731256559246912,1.3421902540463948,2.8345372614945155
morgantown,FCRfhvEtxVzkZ8iOacP1sA,12,GoPro,GoPro Max,-1.125490758341953,1.7095677538265839,4.118219100766116,3.5076367697931516,7.051999728893478
morgantown,NYjMFRXrtAsd7pGgmcCvqL,51,GoPro,GoPro Max,2.3580818148527123,2.877573430000283,-0.5674648444348578,1.8077449203368536,3.3862088426256287
morgantown,BPen3xQHlM9u2djVrUNT6y,19,GoPro,GoPro Max,-2.757223829335356,1.5690807473327955,-0.1591196864051563,1.551826650724624,3.4128823050713
morgantown,1XWgFZVlD0K5oH2NI3QGpE,114,GoPro,GoPro Max,-0.19719510522155964,2.343329701756306,-0.7760443723544669,0.6953019580705794,1.2643729973055369
morgantown,OUtbZ9ynBp5CwsSvN67qTQ,58,GoPro,GoPro Max,-0.7416576515812354,1.0137561416441696,1.3315834134878577,3.824152078901412,3.984727761309563
morgantown,lLmVv3d1AxifPKOU57wQFo,151,GoPro,GoPro Max,2.8315230679008647,4.8137580088368885,-0.9179661912579843,2.2781718760906595,4.910947102352329
morgantown,r3E4BhN0S8w9ndCZq2mbtx,19,GoPro,GoPro Max,11.729024444395803,1.2499590798606772,-1.1428208485217783,0.9040114202521301,12.136745148380271
morgantown,BZLz148VKmQGf9ClshkF0U,32,GoPro,GoPro Max,2.3496479659128986,1.0426957517688595,-0.5596682277472186,1.0642027154984872,2.7174255054521868
morgantown,XINhzgHp7lkEDZsedrSGAV,32,GoPro,GoPro Max,4.119470629200864,1.8511567838821485,-0.6706032362009887,1.4804921842149197,4.762816514516419
morgantown,rjWl6L8N97XktPD4cbwfqZ,25,GoPro,GoPro Max,-1.958111551539384,1.8974603154147183,-0.4731153156668658,1.8318045765432411,2.9367402981129684
morgantown,jYt3QVATGgw5h4H02eSvBi,51,GoPro,GoPro Max,0.650445943738129,2.257551867865549,0.30071556788730625,1.3138888587523894,1.8621009908848722
morgantown,Gk0c71PHxLvRIOYSJ9zEbn,51,GoPro,GoPro Max,0.2242205633007327,1.4750152364017053,-1.1757466232736187,0.48419728689329106,1.9197553992828935
morgantown,fzbu1B6IniJxFmV5HWahpc,11,GoPro,GoPro Max,8.289947197300727,2.298565544478565,-1.7299192072660328,1.4079863272628155,9.767104776260547
morgantown,yz0EevMaiocKhCOSn8gY1Z,35,GoPro,GoPro Max,-4.707475960019757,1.0665506482643534,-2.0026919181512257,2.231186743918948,5.146643694722882
morgantown,aXnoxILPMeKEyG20wNUZQc,49,GoPro,GoPro Max,1.1768644663176457,2.560753864380811,-0.712518308633875,0.4681844517203213,1.561512996014469
morgantown,HV68xG2Ll19FWqNK3yCOTI,87,GoPro,GoPro Max,-4.051078323016604,3.047867488362932,-2.012784838080301,1.3829606962232694,4.441765365816086
morgantown,vZIyaQirjkufp9gzJ4RxcS,22,GoPro,GoPro Max,1.612909098396579,3.7881735765101046,-1.9170201836949232,2.8002359986726155,4.628039570327543
morgantown,7PiHhtuvg3EdpxyO8QFrfz,13,GoPro,GoPro Max,5.053075202550517,1.6132698711210274,-0.2163210185574771,0.9465954622145031,5.414448358734036
morgantown,sXNOF5GbBpanfY6z1gvkZU,52,GoPro,GoPro Max,-0.2201302085857053,8.059210370119573,-0.015546771610413252,1.7196977255253847,8.662680976772815
morgantown,Ui30KJ1yCqGEhZ2xw6QvFk,25,GoPro,GoPro Max,1.2958715363910582,0.485560619213854,1.596113058661078,0.9854272445108936,2.2556128558729784
morgantown,ic9kRdDJLybVHxBljIfzhn,37,GoPro,GoPro Max,-26.0365555440956,5.033450764691021,-5.196591822523218,3.443656610427648,27.53538979532806
morgantown,61XStVZm3JLrbiGAlDhQNM,45,GoPro,GoPro Max,-1.4556243651846983,1.989090075105542,-0.2639813531438154,0.8728344958500072,2.6302525561056433
morgantown,oYrz43dluMAc67bRGQhpvq,32,GoPro,GoPro Max,3.788611888831731,1.473910007258643,0.23796745745731432,0.8687984978640595,4.286607845803264
morgantown,VgEkpe2dKR6QzlLDF8JhiN,44,GoPro,GoPro Max,3.7732615444081357,3.7559598900941102,0.5593404931077767,1.9530796227987177,3.5311676522263307
morgantown,C5Mn1w2jIvXzZKFg3xoyJi,50,GoPro,GoPro Max,0.29353607913843427,2.3424109385410374,0.22505853562029393,6.627100850463855,6.8609275485151135
morgantown,4P0HphiFADwKTXOv95jWVm,21,GoPro,GoPro Max,2.8276689107806257,2.3563536662814553,-0.647462788380094,1.4348394685606036,3.691040551942924
morgantown,O9e4oKgAmChZ6fETJFRci3,116,GoPro,GoPro Max,0.09473708294736563,0.9987771793608674,-1.8634657827882595,1.896873497606718,2.4765149269824716
morgantown,HERefzFoi7UukOPLn5IqZw,21,GoPro,GoPro Max,8.1700408080407,1.7503339499028951,0.044942515417907544,1.4059124240116805,8.714539934380909
morgantown,XFBLPdmtksGIiQzRuEy46Z,77,GoPro,GoPro Max,1.4214369941665521,4.327741988424302,-1.1032169985010771,1.960879141781525,2.0979473240788047
morgantown,Q4xSRTjWdkM0C9HL87o2Iv,10,GoPro,GoPro Max,0.011747184152570972,0.6341052428979591,-1.4971280423264974,1.1982174907840784,1.8502475344956257
morgantown,OjSUfLzaunk2K8M7hE6DJR,42,GoPro,GoPro Max,3.1967950455407075,2.133579638238505,-0.4184214862634746,1.0560768489397605,3.0229607701115913
morgantown,I1GeNEtvHBfW0JP2hAiwXs,27,GoPro,GoPro Max,-0.5320678296879952,2.3146170326081057,0.40248040967557636,1.4601804435777603,1.2710968458574579
morgantown,CgmNMB0V1Dz29EKxvYqlZQ,60,GoPro,GoPro Max,4.830610475242399,3.00817623896571,0.24508512470471183,1.1622314526457738,5.7399373340870214
morgantown,TpWZDc3UGQfSRJPHo56z0q,102,GoPro,GoPro Max,-0.7887772510926505,4.7514010391090995,-1.048340193050508,1.7222732731894455,4.1975354172881465
morgantown,otplY9ieBAMhFQWKL1xZSR,14,GoPro,GoPro Max,9.484401765101323,1.929943087214579,-0.8647107108105709,0.8738740686967367,10.208498163474541
morgantown,jHubIPC9zZB14WqkdF8ORn,30,GoPro,GoPro Max,-0.19669143462140745,1.2594135960440025,1.5716294560843098,4.033302404802262,1.889340903563902
morgantown,dnN2PgmMGHheODEzqva7cY,17,GoPro,GoPro Max,1.632718273822532,1.7921847706263323,0.03391155384692433,1.569019473071795,1.5917407784475426
morgantown,WronALC4VYbGBZpegHqfk7,25,GoPro,GoPro Max,5.394868378746175,1.7311670881483414,-1.40044944470368,1.5856955301229612,5.885544742759647
morgantown,pjW26ZSgdkHEDrsLFtnoTC,65,GoPro,GoPro Max,-0.7909698689300985,1.7727897531908547,-3.8100897821018074,6.46945686486182,7.878315313789365
morgantown,tA7PS8w6GnKsW5TYQFZr0b,66,GoPro,GoPro Max,4.822798015523049,3.996866608700301,-0.9973504408309678,2.030211999930296,4.515170358145733
morgantown,cSD6ITHY5i9tCRzLya4Uwr,30,GoPro,GoPro Max,0.9117348540261256,3.843564973338447,0.22347707670522304,1.7201708389902126,4.383335204597877
morgantown,M0JvlA1SfRHTXhbdyeBYWp,46,GoPro,GoPro Max,-2.5533884315044584,5.222275083169601,-0.23455276526016564,1.866620522395159,4.59618257461377
morgantown,WCofS4LdDE709aZ2Nne1si,67,GoPro,GoPro Max,0.28624415418445615,3.996176692986196,-1.5228136665561751,2.9028213419708258,4.522325844693817
morgantown,ziWIyefM2Tj7xtcEsS31nR,11,GoPro,GoPro Max,-7.709995489679203,4.337584536204262,-1.9192333808274507,2.063488092878851,8.787909808230248
morgantown,42MuLWxNqjl1bTcI6vnYp7,66,GoPro,GoPro Max,0.16513126683485851,1.7730486473295528,-1.6863348049514204,2.6714225758709955,3.484025995147655
morgantown,4yqQKVoTmwakYI1J2Xrd6O,33,GoPro,GoPro Max,0.8246393137640057,1.8481320786501816,-0.6895139657980811,1.3752608325893938,1.6061688817440427
morgantown,Tq7mGaBkU4QgtsOP8EXjCb,21,GoPro,GoPro Max,2.8633427962011218,2.9469578753594345,-0.5938999721176526,2.0133731707880487,2.8581997548053972
morgantown,vNkydEupsrbOXxC5fI2TVG,18,GoPro,GoPro Max,-11.334730205114512,3.58018698534435,1.277232785645176,1.9919448229872516,11.585524504730023
morgantown,RVWAfcNHyKB7YMbPUmQ0Iz,34,GoPro,GoPro Max,3.7230111342109278,4.784560711175903,5.304190562554884,2.2280255869335597,7.285640846772697
morgantown,1jHNqrnDKMPLY5AvQsex9k,37,GoPro,GoPro Max,-1.2699967770559764,2.6198288258417475,-0.3161007221697955,1.6543586115034667,3.0054812430364453
morgantown,ELW63j1XZYt2bhAfQovrcK,22,GoPro,GoPro Max,-1.2609716852531971,3.084894204654954,-0.07967863366381812,1.4140108214356966,3.431050892457264
morgantown,VnkmaPigqKs0hM9eUBu2El,50,GoPro,GoPro Max,0.45578485179419986,1.0766290438814055,-1.267099562297355,1.3187463100271097,2.0019958948531094
morgantown,AnR8aXHWCMLcqteJZKEjry,23,GoPro,GoPro Max,5.56618062990045,2.4318416573636745,-1.46510094713965,1.9502373480368274,6.401976873520587
morgantown,caf4snXBN6JDAKuiOY39WI,58,GoPro,GoPro Max,-0.602758515874927,3.5373082785550363,-1.2748225818194996,1.9393671827646621,3.0904497059081035
morgantown,SUaVuisYyEWfIcTM0DJGqZ,100,GoPro,GoPro Max,2.1236635924291067,4.332409280962536,1.1182615237299567,3.0974130518525005,4.565394635621018
morgantown,jKfExumI5TNe3qJlGV9Qzc,33,GoPro,GoPro Max,3.455927731315799,3.0009304993632466,0.9822577377525612,1.812019259911959,3.559046994859798
morgantown,H6AEsxepD3KNSact2CoyZl,15,GoPro,GoPro Max,-7.430130808150678,7.282621403793008,0.7450857339815632,1.9768131428118119,10.878027607180416
morgantown,4SPVpKiO5BXwIGmYj8QCl7,30,GoPro,GoPro Max,-3.188938031551867,3.1232470912590578,0.42385209982314703,1.2177233311284634,4.541490367489568
morgantown,pj78aALEhwt6mdYvczPlCG,47,GoPro,GoPro Max,-1.2989630520992825,3.403646912066904,-1.1875075909991524,1.160699967655847,3.3540104394911783
morgantown,npo9vXEZVCIFGqeiDs1mb3,101,GoPro,GoPro Max,0.4586415919332019,5.534683049811919,-1.00755773502103,2.090481319305186,4.663948625260609
morgantown,mFRgBjoNkc7vtpY08L3a5q,56,GoPro,GoPro Max,-2.151844247145005,2.6772074823639636,-1.385039069806992,1.0156743016006147,3.2817405558939035
morgantown,vtYjnIHzhDBKUZfuNdskQp,34,GoPro,GoPro Max,0.21136436218603147,1.397153927393155,-3.1824718749419056,2.963629262344146,3.6331842487869306
morgantown,hKtOdbAk7uiwxIcqLGW4sv,11,GoPro,GoPro Max,-0.23869637056764348,0.7009135440853685,-5.568720947635171,2.623387820131841,6.081414778804047
morgantown,RlrK3khZJXYtxGy2zmUNb4,16,GoPro,GoPro Max,-1.980979494351318,1.0576909150289793,1.4781487729265956,1.2596016286872929,2.6665228385595707
morgantown,r2negNfPiMFG17d4ymLx3a,11,GoPro,GoPro Max,1.7615494996127634,3.2258842093937026,-3.632314957586323,2.028965708542492,5.130834452070686
morgantown,82UMtgarui6dq97IfFhx4J,13,GoPro,GoPro Max,0.8332146586264445,1.1540133456592165,1.5970965552790939,1.2872067018043845,1.5501168841051585
morgantown,AO7ryUj0WNFKh1imQeSpbI,6,GoPro,GoPro Max,1.652154157369325,3.2336098857262328,-1.9372815651403457,0.7911790838402744,2.8562555487092696
morgantown,iXkQF9UaH4oGrhReTS3YqP,22,GoPro,GoPro Max,2.1074523584887914,5.28199848519896,2.0258128153721398,2.676445824917282,5.876579347775471
morgantown,7PXlQLgkSr54GT0N3A8Bx9,86,GoPro,GoPro Max,0.6735917784466154,2.4489799614820695,-0.784966019901964,2.332501592192278,2.5608532989187482
morgantown,wAf7vVoqhsSULC6zkrWNaB,11,GoPro,GoPro Max,-3.4099424823470907,0.6587751775875452,0.7602446130099226,1.4387342046983416,3.5525473907076206
morgantown,3SsdxwGFchqVrLbYJ9Ajyv,15,GoPro,GoPro Max,-0.5690858660323217,0.9996407470195348,-1.2554671908429194,1.7821142825127605,2.129056092073833
morgantown,61T0BJi7qRGabct8LpQv5N,25,GoPro,GoPro Max,4.537243735619633,1.587000428141704,-1.693660594368208,2.0752747661355433,5.338483279004923
morgantown,WISczLE6RgBpbMGAZXtew8,42,GoPro,GoPro Max,-0.5806399249976436,1.076854072237992,-2.2412878883078524,1.4341650485336346,2.0478178678986936
morgantown,BLnibF6gYmJQ23UW4EwDpS,42,GoPro,GoPro Max,1.1545244248134534,2.007780333311707,0.19510064066365165,1.4314171476740978,1.8846014225598227
morgantown,i4jmYMntSfOHsbgXxuAh6w,23,GoPro,GoPro Max,5.137164115832802,4.614519213628966,0.06028140020136955,1.2127731357328235,3.347261578053155
morgantown,weoyTvkULnrVYlgFQbZKPR,17,GoPro,GoPro Max,1.6821083036017765,0.4196860434775459,-0.03319297636519687,0.6829796983058651,1.8454952954440849
morgantown,iAxtbEO82Kj6uVHNGsrXhz,26,GoPro,GoPro Max,0.6272613229340722,1.0856282196468057,-0.33095400033478306,1.103036861809161,1.6067559697914313
morgantown,I5ybadu1DLxNr49i8zmjJS,40,GoPro,GoPro Max,-10.14945963045003,8.812391004131511,-1.8494328458903155,4.8908479423174045,7.189868335816175
morgantown,1poYBhR60VSwuemHEcNACj,26,GoPro,GoPro Max,0.8633400306458915,2.0457833453742174,3.7876090878652002,2.7357659699349415,5.338916476737303
morgantown,CqrhDVxsociez31f7QXHOl,37,GoPro,GoPro Max,0.4255107248058819,1.413377381171575,0.17797775454366993,1.4940121296510995,1.963863125180723
morgantown,gR03CFT2jAoGN5hvZ1P8cV,7,GoPro,GoPro Max,-0.19443214030724246,0.2593826149784779,-0.21919055007185748,1.100540150028849,0.9855564599349218
morgantown,MLmruaGWYtg1dQwVpi5byl,34,GoPro,GoPro Max,-0.256686640144959,1.020063802761843,-0.355102029159499,1.732905359414555,1.7855636757999926
morgantown,l7JBExSMke8oyCFz1wUrXV,15,GoPro,GoPro Max,-6.898845437105101,1.5582171902045396,0.7404946305191645,1.358839028273738,7.80002091244463
morgantown,0u1eXj3DgaT5v8rUxhwZpH,18,GoPro,GoPro Max,4.920706975209144,5.646997778042071,-0.0727863859962802,2.768952387558574,6.424813338439572
morgantown,kLvXNIUE10ybxzdQ9eHZBF,23,GoPro,GoPro Max,-3.7604531957921634,1.648983442876203,-0.9537980798514193,2.727358339238179,4.82579993324487
morgantown,B8CEuwkb2srpxtSTLqZOaI,14,GoPro,GoPro Max,2.88487963410725,1.7068671130091448,-1.3983711288164127,1.0849082238426426,3.6881322470323004
morgantown,LSog1lIdDjUhtZBRVxT6E3,24,GoPro,GoPro Max,1.7542409256091926,2.816726893293777,-1.5130492532555349,2.222834789136159,2.8508752778680946
morgantown,L4GSVCTDHr9Xi3bndRPWcO,12,GoPro,GoPro Max,0.9504023663700051,0.8334059566603117,3.288422246115721,3.657352750917131,3.783997256560125
morgantown,stiqhlEDI2NuU47b8d6YnT,22,GoPro,GoPro Max,1.9556326495360792,6.901588142639354,-0.0948731441621554,1.661767198333735,5.681964968907726
morgantown,1L3s0wk6TdhR9WImCjDpav,21,GoPro,GoPro Max,-0.6476245537956992,1.2894354406239086,3.001352360451279,7.100945480058862,8.466625000492106
morgantown,TIaRS6p7Jc5U3ODXEuAiVo,16,GoPro,GoPro Max,0.5750512524794228,1.9183831978242398,2.3558661141613895,3.5106915565748484,4.4212903953722
morgantown,SrtKjoCDJcOAU7l4dn53MV,14,GoPro,GoPro Max,9.616546297192654,5.6386549162467,1.2643511908000686,1.7792520454794358,12.628499694248662
morgantown,SAFWn4I3zuDGeZT7kvH82N,17,GoPro,GoPro Max,1.049467115827451,1.7213488266616226,-1.730573097830435,0.749137840213589,2.321555184066657
morgantown,Rajim9u10SGyDNfcoCz2X5,24,GoPro,GoPro Max,0.153504758746663,1.1592665841033274,-1.0582046288683988,1.1564253684535044,1.7765275664040565
morgantown,9szqjPxYkwe6rACQDVN0H4,13,GoPro,GoPro Max,6.7736917927335325,1.032050744578211,-2.780369482089818,2.698569467575785,7.6068105093043865
morgantown,ops4jrcDCRNm9S2u3FZdHf,22,GoPro,GoPro Max,0.1952797182629053,1.055667424358082,0.076393611129694,0.5606535980189251,1.1498277229204652
morgantown,5r9g6SEQFLl8YmOybtnceq,14,GoPro,GoPro Max,5.031795144324186,1.3781225445611722,-0.9365835821660109,0.6819677442746924,5.0597996258805065
morgantown,X7hVUg4dLGMyeJ1SOkcEFN,12,GoPro,GoPro Max,-0.6204386713402116,0.8253799333191012,-9.104137161748955,2.408098243291097,10.212699271235529
annapolis,heB0dWfES6y2O41mIxaHpX,125,Trimble,Trimble mx7,-2.610327550059091,0.7892945175052377,-0.44357777417514943,1.3112881777398118,2.6899561584573477
annapolis,2zBrVew9gpotjX5JiRZ16A,210,Trimble,Trimble mx7,-3.3189175901847507,2.0726561286122918,-0.1020496807670902,1.8976540437164657,4.03196853255547
annapolis,oW9OyDzJg7TqGBZ6mQ0VFR,39,Trimble,Trimble mx7,-2.50485558235942,2.3504030835431817,1.1091078498530549,0.8506863859948254,2.2926471385007456
annapolis,x6QldSVsYt4a5PGIg9qAU1,156,Trimble,Trimble mx7,-2.604576806606806,1.9831903708717757,0.4159328404194221,1.5567297993008433,2.9738187284602695
annapolis,RpFPSoi5nBDWULHhtVEdyx,241,Trimble,Trimble mx7,-2.90608164166363,0.9050703099003978,0.6463358308305808,1.0016067668836235,3.004296727484947
annapolis,CVQ8ouAULqRmi9bwDnI1xj,131,Trimble,Trimble mx7,-2.712285072628395,1.0821041596428924,-0.2574713037494986,1.1003151490736742,2.766669964343839
annapolis,EGjqk5rtyWmeDd7iFOAXN4,182,Trimble,Trimble mx7,-3.1642211548240864,0.9409486571673366,0.8111513600049123,1.4612223988903712,3.2076096955656173
annapolis,IYKdwM3HJZro7zfLE0ql4S,369,Trimble,Trimble mx7,-2.358915300480935,1.270308789487882,-0.07003170780343106,1.2156114727217344,2.6535699894341502
annapolis,uhOwaHmRUzjWXfiMZQKC0D,288,Trimble,Trimble mx7,-2.903127180106375,1.2546695632538456,0.5547340118733446,0.932317558463318,3.088268698666711
annapolis,GF2XieklABnqTgQVC765SR,179,Trimble,Trimble mx7,-2.8888444857415956,1.2782640519037782,0.2795407795739542,0.8669960184871152,2.7381659538445557
annapolis,o2W5BUsxIdfNOCF0bw9Sij,150,Trimble,Trimble mx7,-2.3521499550549367,0.7776711055150399,0.20465188236547419,0.8735139994508904,2.3235201856267356
annapolis,34msXaPF1xBfMRVjkiIz5U,124,Trimble,Trimble mx7,-2.205234822946164,1.5375624735656261,-0.5929843580887916,2.9245079374093876,2.6223815680824702
annapolis,ncPxYQa4L9Gs5IJWDVAd6p,152,Trimble,Trimble mx7,-3.010956038657581,1.255244231142756,0.795930524393809,1.9168231911299807,3.444900596864261
annapolis,uqXP930tMCQmi4UTOzdIwb,404,Trimble,Trimble mx7,-2.5856123652882026,1.6747243709931996,0.21112451900729307,1.1456697458123934,3.1062248222856947
annapolis,ki5ECrvKY1HZnjJl68LbpA,58,Trimble,Trimble mx7,-2.3890580996581945,2.2246467007858954,-0.9056583177318486,2.0599163012730837,2.9520103409231138
annapolis,AH4lWY82ixM7vyaEeSoXTJ,164,Trimble,Trimble mx7,-3.126420412424087,0.8819139959844976,0.130060368008109,0.9454954512363961,3.4831980551643222
annapolis,E2pC1SJk8ZVi4qAmzo5gFP,125,Trimble,Trimble mx7,-2.4575461362201434,1.0697237948682918,0.44208704166324075,0.7908174946255669,2.7731890124792833
annapolis,RyAKSCIlzbd6ZiXNetJmUq,53,Trimble,Trimble mx7,-2.6275612228790934,1.7356916276337448,-1.0046671310318618,2.0475440343489852,3.604244955155017
annapolis,6ZBkLRS0g3578QNWipwcVq,41,Trimble,Trimble mx7,-1.6973561411341378,0.657947619555692,-1.7487023254785172,1.2711345073391218,2.6591910582301033
annapolis,s2kgphYjOUwLWEl0z1G67d,136,Trimble,Trimble mx7,-2.466670355214204,1.3228513740644876,0.2880633921567589,1.1272173319764154,2.7813691196827213
annapolis,LRGF5ztxeWwdqnVNbUI7r0,486,Trimble,Trimble mx7,-3.2847664120110096,1.5039989206077296,0.4184884920032623,0.9778538839988843,3.431897506446692
annapolis,mvtT1VlJ6A5oiI7rR9OwBu,96,Trimble,Trimble mx7,-2.045980072575931,0.9977658502106904,-0.1620662027739596,1.5581095768940472,2.281914028158918
annapolis,sBqwEYa2d54LZMy7h13lgv,42,Trimble,Trimble mx7,-2.6617022733996825,0.33092158008157035,0.4089754222850666,1.0424891552871742,2.8959791715182774
annapolis,CRKQAIE4WNMwJ7j1Tai3dz,411,Trimble,Trimble mx7,-2.2606914920820214,1.2501526949153932,0.24269984251283264,1.046128006792579,2.419726719977873
annapolis,R7PJmwUsj8Yh9FWz4GAXIC,70,Trimble,Trimble mx7,-2.143388809446453,2.03714972490907,-0.12741235663067507,1.3877766692086815,2.9223335098946284
annapolis,1rtx26cg3n2qspmyr7uz67,61,Trimble,Trimble MX7,-1.9686547556224299,0.8708864423980295,1.0207047020042666,0.8814939014497053,2.4341705597666254
annapolis,wkaUD3hMN0H2XbAnzKpGVP,150,Trimble,Trimble mx7,-2.7067598273364584,1.0048601449912271,-0.1748977876722337,0.5791060840580912,3.082322640296937
annapolis,ENbM3YaQ0IoPnyLeBxT6OG,423,Trimble,Trimble mx7,-2.975039935218902,1.4722620164546087,0.5488174133528222,1.1420795148263911,3.3041806332331363
annapolis,ZkjwJ83Nt4aviePq9VYCGA,383,Trimble,Trimble mx7,-2.943419486028523,1.8927415704426365,0.16117768608041805,1.4811250645636205,3.5454346923571354
annapolis,CA2jF0vERpUs4Q3G6LKwVg,282,Trimble,Trimble mx7,-2.6834895991637184,1.2663165831639058,1.001261456708835,0.9296988266621307,2.9480836035205367
annapolis,czgAojZ624tbaU753wfxKS,338,Trimble,Trimble mx7,-2.938393823716733,1.4612558584746713,0.5704326932135819,1.5830123306195842,3.705385804978326
annapolis,hjyuejtrsVU-1yXtPcEqsA,190,Trimble,Trimble MX7,-1.3592669279427072,1.215201233655837,0.6132335217868382,1.032645933149459,1.781743509816449
annapolis,olXYuqpO7KiPs260EmZ4hA,133,Trimble,Trimble MX7,-2.1448062784695634,1.1412762121070334,2.1759383777123884,1.2825589563618858,3.454649863578194
annapolis,AtNeDicB7H0vX34JYrV1uw,31,Trimble,Trimble MX7,-3.5956856486782907,1.623657438685887,-2.054783550984491,2.115325787537608,4.566865036972131
annapolis,e7xuo2c7yd6fk2v1vk0bh9,100,Trimble,Trimble MX7,-1.9274697889426962,1.256123927404709,0.7701905891275536,1.2469210040740197,2.6165515149773455
annapolis,18eCCaiZziPykLVoDdxyig,305,Trimble,Trimble MX7,-1.7392327551842168,1.117242502229325,0.7545150591767624,0.9286286877208598,2.346453260718531
annapolis,FPEbHhmTXlYSRd-r-sMQ9A,288,Trimble,Trimble MX7,-1.7493648771686343,0.4570456333735793,1.230241032926327,0.7393871123561907,2.2391913471166554
annapolis,g8PSJHOJYld2nx-YvKWAIw,68,Trimble,Trimble MX7,-1.4144088290978938,1.7506780463968368,0.567656043035739,0.9975541983683249,2.2110427857569106
annapolis,y3npTu1HOLFlNS96J5MkcD,61,Trimble,Trimble mx7,-0.7172067919995938,2.1814429790459178,0.11066086670499038,1.0216379116040988,2.438617687143667
annapolis,CAy6Sr0BX9zNkTFoOqtK8s,108,Trimble,Trimble mx7,-2.7649942000675534,1.2008800280185485,-0.0009549297592086578,0.9044392097534224,2.760945607614373
annapolis,6IxH1KCuo7F88MyZ9j-8yQ,20,Trimble,Trimble MX7,-1.672440775112751,1.2548407483474329,0.4370384459723825,0.8721032701066029,2.0043021636139415
annapolis,BZYbX1yQwGJmtq0B3zin4A,96,Trimble,Trimble MX7,-1.4714533862666754,0.8018492579996879,0.9451694883762913,0.952769321775644,2.030050788855038
annapolis,El_B0qCITcxL52BnJOjjsQ,56,Trimble,Trimble MX7,-1.2514319987569986,2.183262775381811,0.5957537962459266,1.2266706587643212,2.4313073718712364
annapolis,cU4FIxQJp1x0edsAlyfHfA,134,Trimble,Trimble MX7,-1.9674784585445708,1.158838428222863,0.7010391752762853,1.3204480234496676,2.281142315219714
annapolis,mYqhhqfG5KiqTzWD8X9iBA,45,Trimble,Trimble MX7,-1.726653807929861,2.756660127206523,-0.05676945695515567,1.5016889328140772,2.7555332554134715
annapolis,M2fSWh6c7bknbSLTsw9fng,163,Trimble,Trimble MX7,-2.211660175163706,1.4333489038127474,-0.2102100311023083,1.285207527549637,2.5109900811754193
annapolis,3iRYnDSbyvhGMq2HN82o2Q,227,Trimble,Trimble MX7,-2.115766971711606,1.503408614747744,1.4914338725316911,0.7519375497980402,3.2769029488148096
annapolis,Jvx1T45Hq2et7yOPW0mrNf,72,Trimble,Trimble mx7,-2.706775878344331,2.437427133977534,0.1194054919111336,1.3210053213950483,3.776790253288859
annapolis,LQiDI60k2JWpU4nMqZ1CG3,70,Trimble,Trimble mx7,-1.9962601266851245,1.3584539655390275,1.5851068624067077,1.0930067424482024,3.0513618937420333
annapolis,rHbVCZQyx2w8LtKMFPzA9o,201,Trimble,Trimble mx7,-2.403524144944238,1.4534819089646027,0.6404673185607725,1.0179520167087615,2.6470132903959294
annapolis,aOnIa1GGfuhIEd_D9fuz-A,139,Trimble,Trimble MX7,-1.1468682822721796,1.627726443304691,0.913162153916547,0.9588750374275058,1.9406312566963841
annapolis,GvdgJsEpqXUPjEZPJZwtiw,323,Trimble,Trimble MX7,-1.6309060283958807,0.403525598161595,1.0839020071964103,0.6819229328597641,1.9312146160069228
annapolis,5tk6G2HbmhQDTqJ0S53qTg,259,Trimble,Trimble MX7,-1.7467598864546612,1.071087670689298,1.7002142434678482,0.7724090717904468,2.670022075038631
annapolis,Z8JrvsyhCoRSg3NuGM2qVP,318,Trimble,Trimble mx7,-2.720978663508006,0.9904657832023948,0.46823343941672885,0.8950932497175069,2.9196130119635133
annapolis,ksiVaA1YFoU7f6gzO0nBlS,374,Trimble,Trimble mx7,-2.5940282356818467,1.5627702635341265,-0.066064885114721,1.2029865382031644,2.7310633693417032
annapolis,BJ0XctKis9UA37a2x6Zu8T,120,Trimble,Trimble mx7,-2.1854768152269313,2.261779670811827,0.4441054551458855,1.4697267050254812,2.9734910175286293
annapolis,xJC1YyBRO8prZX2jQo9ELv,154,Trimble,Trimble mx7,-2.605638895473064,1.5233222820812637,0.07787980157650588,1.0873912756081328,2.751556936253897
annapolis,ZJTNcqkVK3dX5iw86GjF9I,163,Trimble,Trimble mx7,-1.8858995289539862,1.4553330999458707,0.6420965635729876,1.0724805016466206,2.3410931275353994
annapolis,oeD3sxwh8dSj4mkUplzqag,388,Trimble,Trimble mx7,-2.873875014405877,1.624351070151959,0.08399855894816087,1.2243693086651215,3.3712116421475438
annapolis,0gEOQmhJZyD7B9roFWbdAe,331,Trimble,Trimble mx7,-2.5749658717164414,1.507750992031279,0.4714437728590025,0.9329933516060599,2.7450322390958903
annapolis,_guIbZsfVV9q3VV88gTVoQ,77,Trimble,Trimble MX7,-1.464443043201933,1.9967475879800842,-0.15212133939940134,0.7276569048961261,2.1465988983340027
annapolis,kAZzyUbecSr6iBtwMHOsmo,148,Trimble,Trimble mx7,-2.193855132718491,0.9633302125726133,0.13508908519759477,0.8640736794930673,2.288384823937348
annapolis,DLyNE3bnzk5HW1ZvjgCdOo,123,Trimble,Trimble mx7,-2.5821425659507993,1.1057224306267983,-0.9342582963558502,1.0982053230049682,3.0504190416764567
annapolis,ihISRXPHJwkfdY25ev187V,166,Trimble,Trimble mx7,-2.5918991242139318,0.6677621978791805,1.6974730027539493,1.0871668048237495,3.2537791164674394
annapolis,bM15SnIudAU8EG9NDvkisa,133,Trimble,Trimble mx7,-2.535715006278388,0.5277121413021508,0.8581976242854863,0.72241920819872,2.7730577717496816
annapolis,8F9CZbvLVxmPwpiafI6p8Q,94,Trimble,Trimble MX7,-1.668359420083925,1.0490551918131372,0.5777970728708053,0.9481592786526054,2.084490915918051
annapolis,sXPFioEI6b29kBRMty7ONf,237,Trimble,Trimble mx7,-2.9480860648711364,1.4887428025003653,0.132610270194631,1.0397674886754331,3.3687100725332564
annapolis,Ozel_96Ido0V9d-o-hpSSg,166,Trimble,Trimble MX7,-1.7102436331854496,1.7159489816152127,1.0332696381284805,1.3775743692913633,2.1108998501645018
annapolis,zuBCa16sjyQgvmZI8cHFJX,405,Trimble,Trimble mx7,-2.9394194665418745,0.597033945496401,0.4095507566680688,1.0020819496908808,3.104616610074764
annapolis,ki927ixrc0iub7co1uin73,70,Trimble,Trimble MX7,-2.245086234705949,1.5905946516041236,0.1592369851497734,1.2934779904029448,2.4478729862515207
annapolis,FMiYcWd64yAwvC2jZo9QlR,18,Trimble,Trimble mx7,-1.9210802373782816,1.2637000764495097,0.018553436755497043,1.3080721118979275,2.032966658060493
annapolis,7DcmlYQARdpgL9fXrk2HZJ,173,Trimble,Trimble mx7,-1.9706448224479443,1.5215798714101285,1.3413245608490023,1.1953556013672635,2.708198504643533
annapolis,8M5TfZPbfiypY2zTXsbZOw,33,Trimble,Trimble MX7,-1.9695759615857529,1.0918947799252754,-1.7770596770180165,0.7678289378648533,2.9593904382435556
annapolis,EgO8LAX4qeZwmrUjl0GHBC,391,Trimble,Trimble mx7,-2.6447070807880517,0.8433796324437975,0.43006412584276466,0.8239510251728649,2.7590887550964545
annapolis,uoUzaIB9eb6H3DqjiMc2Zf,134,Trimble,Trimble mx7,-3.6736019279846452,0.9191045601887898,0.09341784944111675,1.030405680226057,3.7961802333387915
annapolis,6i4gxrqpRPjuQ9BvcMHJzt,174,Trimble,Trimble mx7,-1.4855229746358334,1.2186991548420965,-0.1569976092597442,0.49866596642891686,1.4305912579855156
annapolis,botHvBzLcY48wMUFgpKSNG,123,Trimble,Trimble mx7,-2.659410744909008,1.0474235214558765,0.229683760416649,1.2576345687158594,2.879581690777554
annapolis,xxwtklx57ndrhwobhs0rsj,44,Trimble,Trimble MX7,-2.0029155234775264,1.404038603700989,1.3298633142263876,1.500590241578465,3.517657407824087
annapolis,uORLXotq2QpZEDwxhnWb0I,33,Trimble,Trimble mx7,-2.6482988192316235,3.016586581745591,-0.7074017940931171,1.0526789507034087,2.567395775140952
annapolis,hv5t1mc4DAuigWRsGyIXfH,108,Trimble,Trimble mx7,-3.1899646278459217,1.0604926233496146,0.0027339864194670335,1.4653644462381472,3.656182959822748
annapolis,rRIVQx5ezUCXcDq0s8H3mP,286,Trimble,Trimble mx7,-2.7051713579981738,1.1136787599712163,0.31524766643688207,0.9250539820617504,2.806260657683556
annapolis,M89j7kZLGWAUsDpSawCnv1,71,Trimble,Trimble mx7,-3.507294539027546,1.4598454615748782,0.40695401748219107,1.2875852652549067,3.927843949290185
annapolis,L9S8XPmfQWDwFxQL0Qi1sQ,64,Trimble,Trimble MX7,-2.1869899618599424,1.2861376157455278,0.9194563255537263,0.9773726264844651,2.721634180064895
annapolis,PwiVa6syD9IERXC5O4fzpq,428,Trimble,Trimble mx7,-2.9850043551497736,0.9614612265358623,0.49286614919927146,1.0666374822056637,3.3605570308744466
annapolis,XBdtCaljcHDK56sRQZ2Jk9,219,Trimble,Trimble mx7,-2.232844148265699,2.194021226139668,0.7133192127575501,1.0151870213854615,2.6748180982946366
annapolis,JnFsu8XlG9tBvoyikHMaEL,108,Trimble,Trimble mx7,-1.641497683798474,2.080215844192834,0.8917377820375479,2.0650167156967916,2.894620058394864
annapolis,6OZyzWEZ8th-mwilzvtiDg,65,Trimble,Trimble MX7,-1.5798878627617592,0.9493504605074065,0.11066940951576056,1.069544896999621,2.14624055322783
annapolis,k1PA0D4IgMx7rCdNtc9sV6,379,Trimble,Trimble mx7,-2.992113157791153,1.4503520067824351,0.6539289699482645,1.0722270561073641,3.394378265919605
annapolis,0QbglXc9J5KEjABuFDk17e,88,Trimble,Trimble mx7,-3.1876568307462696,2.182128250147018,0.7987896587135489,0.891777911857494,4.029915849607421
annapolis,f58iKdzhLyGpOISjVNT3UD,344,Trimble,Trimble mx7,-2.879602403587102,1.5010478765688757,0.46773052709938745,0.9577136649882413,2.9097072573121623
annapolis,EsOS9LKmIFTHYDWZVlUgyb,148,Trimble,Trimble mx7,-3.678060935598862,2.964493132828194,0.3938492181271646,0.9959420085448596,4.183197491795123
annapolis,B0zdtyU97o2KNHWR4FDifx,85,Trimble,Trimble mx7,-1.869095044837577,1.1110505141902665,0.717718411199113,0.8358271649703007,2.465936677872896
annapolis,zAIqvmEju2WKUhVwNgM4HT,153,Trimble,Trimble mx7,-1.4746665259248826,2.486131367938103,-0.3647231701035769,0.8716932539073033,1.876721849614194
annapolis,JnyL1wosKdplQiCB0TF4EA,42,Trimble,Trimble MX7,-1.4817817818904009,3.0542374472219334,0.7407163184959092,1.326388858458012,3.218945661902742
annapolis,xYb5lqTRBX3si2vAage0pE,63,Trimble,Trimble mx7,-2.90173493582237,1.6762693507050817,-0.1715399332025154,0.9246654470058087,2.9764769359969536
annapolis,Pmi8o4uhGr7geHpqQDvsjS,65,Trimble,Trimble mx7,-1.4174919720399546,1.175076304964405,0.26680534702741715,1.2551228868446551,2.0373519209614313
annapolis,tcWGCZLOQSpmkycujYQ6CA,114,Trimble,Trimble MX7,-1.7392357028723204,0.986282338601608,-0.3927254684490257,0.9118195669154684,2.1856974893125494
annapolis,O2gZfpnq6iH9VdCmDwJsYM,112,Trimble,Trimble mx7,-3.129871592599301,0.603135674126656,-0.2064809563140522,0.9351942894160914,3.226337394159233
annapolis,nRvH7xfrb5tAuq1ceEly2s,177,Trimble,Trimble mx7,-2.431472689118934,1.2576047835868802,0.5373005130773896,1.2157891876430098,2.731072568173899
annapolis,CNRXQU1zdZp6APoYG9fDBb,169,Trimble,Trimble mx7,-2.5237613489944652,1.072981575608885,1.0847675941205417,0.521704340632155,2.686231064093921
annapolis,lgoyiptq2ARmzbvfFBN7HP,322,Trimble,Trimble mx7,-2.968167233178068,1.7518522427658545,0.4191752765386067,0.9682429301280661,3.4845824384765454
annapolis,XP5ai81FRd0WcNQrkmZ4Go,334,Trimble,Trimble mx7,-2.9037848721931776,2.7742763409141715,-0.46341172674610015,1.7963793811153042,2.9823621441011623
annapolis,YEQ7JaXigp5xFecPrt3bB4,204,Trimble,Trimble mx7,-2.512905370541726,2.3319059816969974,0.7480020776174182,1.0166876993112506,3.2118010828768444
annapolis,2rGVQeKJZlpNDx5yEOCd6c,111,Trimble,Trimble mx7,-2.6959336535465255,0.9494063740418649,0.30261810816608686,1.4687484969770104,2.9307423914215787
annapolis,ccbnXvkk03y24EPYn5E0tw,5,Trimble,Trimble MX7,-1.658540263922273,1.867333978256489,-3.341648686995211,1.526400479742364,4.218367531511284
annapolis,m-v-TeM51pwaJ19WBuJhOQ,132,Trimble,Trimble MX7,-1.9663435617342957,0.8913622936542716,0.32750573815192163,0.8503220694350142,2.221098472635194
annapolis,zRp6W_RAGV-RnnlH6tX1Aw,203,Trimble,Trimble MX7,-1.5770330610926624,0.6529246188418704,1.053986308486016,0.7038646782855981,2.0518759533460007
annapolis,9JOXFeGTRohTwPiprjkLJA,136,Trimble,Trimble MX7,-1.3857869510771332,0.6895891448030431,1.099031668703656,1.00161592382263,2.0930015668632573
annapolis,lCLjPz4DWTmZZ_aARKqGDw,199,Trimble,Trimble MX7,-1.3607762727675932,0.8447941175028023,0.7370244104527793,0.5377952122148825,1.3315660976893242
annapolis,aAgYg6D02kazUtLAJubkyg,54,Trimble,Trimble MX7,-2.106611273028583,2.144814653103397,0.1122896919609747,1.7595053009446664,2.9809381232753225
annapolis,4Se3fQKYuGkHnELjgF9wmo,53,Trimble,Trimble mx7,-2.7760174939816733,0.9232952005751653,-0.955206224214608,0.9023151460094243,3.2990340854321585
annapolis,mJwhZVx8Ye2vTD7NqrOUza,132,Trimble,Trimble mx7,-3.4192525257908852,0.6391034946799826,0.16968238919251527,0.44923866111263566,3.2720822233925175
annapolis,ReuPWdcimjULBFNTMXzA3g,324,Trimble,Trimble MX7,-1.6377478722019108,1.2426196408795027,1.696023381568201,0.5214782894156335,2.4314549074599063
annapolis,0cgpi9wAEmFrLCHdbeZ1K8,251,Trimble,Trimble mx7,-2.7844511084015875,1.3567552101552476,0.4187044604890552,1.2538111893526613,3.326820617897594
annapolis,f4cvngZOAmqUTEBL9IS07M,139,Trimble,Trimble mx7,-3.1386587348582795,1.9356587137704122,0.4423666736447567,1.1380873741859414,3.4359543230293697
annapolis,ul7sDhIUMXiw2Q6XPFUjwg,54,Trimble,Trimble MX7,-1.968180767789233,2.122287669796969,0.7003747155102591,1.322366469221102,2.549821005977774
annapolis,cjAdX7NDKGnulkCJea2Eph,100,Trimble,Trimble mx7,-2.770907981284416,1.8847095269899252,0.34645700876263347,1.0169104520839114,2.8746131010277924
annapolis,vAtseEL1zV3PWZCT9hD0gG,182,Trimble,Trimble mx7,-3.2401359704201256,0.8728197048989483,0.5545131252481269,1.035591717174505,3.51586072823472
annapolis,KqZyYa2ivA3WI04nkOtzl9,96,Trimble,Trimble mx7,-2.925260706250883,2.8751798092388876,0.0860311357087192,1.3700937878832276,3.2482764884133184
annapolis,E6wUQi5P90tqfFAR37youp,104,Trimble,Trimble mx7,-2.3087073039160346,1.829349829317049,0.35820206585236064,1.159651574206902,2.6886573158650338
annapolis,2KqdpNCvYz6wnrPs9JShMf,135,Trimble,Trimble mx7,-2.9043363994817306,1.55087624098951,1.6908735164320687,1.3385944754153212,3.561089127426801
annapolis,dBNzsUAqDnJFopGi3w87Pk,170,Trimble,Trimble mx7,-2.4019150636082784,1.9263250906182177,0.45609333675079095,1.2720107281500999,2.5244979550070954
annapolis,tpjKaugb2FXraFRwmwoCWg,70,Trimble,Trimble MX7,-2.100880086746515,1.1889750165126818,-0.07757139356090498,1.2650007003569232,2.1047977821924806
annapolis,Fm85j2QeAqXlaxYyphzMNs,195,Trimble,Trimble mx7,-1.510526297465671,2.896746138793249,0.6168398577128218,1.6086126127664349,2.560077886804091
annapolis,wncTMpgzZVPNBGjS0kyv18,19,Trimble,Trimble mx7,-3.0023987470710116,1.1653086854730796,-0.4163603015901339,0.9827339151951936,3.4400565901279223
annapolis,Y1ZHqrd11EMqfjtJ_jB6Fw,272,Trimble,Trimble MX7,-1.6694006118942444,0.5117931162764531,1.3492111649415803,0.8208588955588291,2.3052216934425496
annapolis,SVvDt40dhB8cCwZAKWrfoj,221,Trimble,Trimble mx7,-2.9366399650996287,2.8687627251699896,0.6060997779955983,1.0718530881008193,3.506511520961846
annapolis,sOHN8pSVwRTlx5AMFefQ4t,53,Trimble,Trimble mx7,-2.6454605079611193,2.813575742890196,0.9239065072296935,1.1955494012365033,4.417300307133782
annapolis,YbWvjK80pgQnoLkuOJpAkA,16,Trimble,Trimble MX7,-1.4912241565183386,1.0785993429413352,0.8118756189217318,1.1720629181315587,1.4194196613159598
annapolis,cVnJphyrj4TN2UWGlnexTQ,64,Trimble,Trimble MX7,-1.1193489539687957,2.41235010111102,-0.4345352784270588,1.2102859458830884,2.5626675035828614
annapolis,1MesraZ7pHxAYLdouBvzSK,234,Trimble,Trimble mx7,-2.2528845342425012,1.747178449871364,0.48277898578865797,1.2936924462030046,2.726742148359915
annapolis,NHMmbkRqLVn6ASJGeYPhlr,154,Trimble,Trimble mx7,-2.3813188227126254,1.504481773266659,0.21887961487712557,1.1073358253466492,2.510371773207539
annapolis,m51htjWwRuXI0geSl7aPsr,32,Trimble,Trimble mx7,-2.3337967044102452,1.6569151624500182,-0.489822007631522,0.8963001226777938,3.1752055787456372
annapolis,QDguP8wkRmtIMvJ9VeT05d,97,Trimble,Trimble mx7,-2.6981373710765197,1.1677909995359739,-0.01042791768569996,1.0371111048837058,2.8525517834075855
annapolis,TTIqcNBLpH_kw9lK7bWBsw,55,Trimble,Trimble MX7,-2.2639128730484868,2.0945518034382413,0.8419009844735498,1.1549978534861776,2.7836020070694714
annapolis,jayoM0dRvK4BYSqVrPHglz,347,Trimble,Trimble mx7,-3.008558804771119,1.2511129368823328,0.834780865381407,1.4389630939855218,3.3005157136625454
annapolis,yrx-JLfW9OUeqxiZZuMeMw,58,Trimble,Trimble MX7,-0.8646105295828532,1.2580465536453163,-0.07256816654168248,1.1084602351747117,6.502146373618258e-06
annapolis,BPAO0iVsMLar87f5htQNcC,77,Trimble,Trimble mx7,-2.1898134979086383,0.951945014913123,-0.14341498214976556,1.110446916411784,2.329260768581708
annapolis,6SXYH29-_Y9tY8O4x1Xl5A,64,Trimble,Trimble MX7,-1.7070863190182688,0.9405066807732352,1.192202354516076,0.8021419241050871,2.217395949217884
annapolis,0ajF9LcRoTSMUi61wYG4dh,57,Trimble,Trimble mx7,-3.1214079822330385,2.402267395487764,0.9016259683826294,1.0255945248507017,3.5921234648594496
annapolis,Es16992mlST7SpargAkvDA,39,Trimble,Trimble MX7,-2.9611465648378066,1.6231936597672674,-0.08024623276030891,1.3187680071188443,3.0072693775446795
annapolis,eBqW4wu31LVHrpZhgAS5Mb,74,Trimble,Trimble mx7,-3.0007585963134504,2.3686820312136243,1.0214768070656062,1.2755278406907962,3.293478869887065
annapolis,u0-MdGAgk_ugt-XHjZzN0A,147,Trimble,Trimble MX7,-1.5782866878725963,0.9468629770856574,1.118855168787318,1.0393222758388576,2.0544132949520617
annapolis,LidXz13t4Q0upxPZ6qoSaU,130,Trimble,Trimble mx7,-2.6305835471898793,0.986651032216638,-0.297343164184964,1.3180706731850302,3.0615379781798415
annapolis,Wzux9O2H3a5AmdPwURgcsX,388,Trimble,Trimble mx7,-2.697250779195136,1.587790252655414,0.2524011147254982,1.3706693174280067,2.97696833600546
annapolis,PM8esho3UDqWuTpt56GkNB,82,Trimble,Trimble mx7,-3.752561629425652,1.5817394371135656,0.6017328450419472,1.259229120089509,3.621835843321375
annapolis,7uPaM630xWRINKcO2498YC,39,Trimble,Trimble mx7,-2.5566199165459222,1.5660062675593882,-0.18090988400389937,0.9845633028546752,2.676846483989597
annapolis,CcENnWPnFzIT77eLYTKleg,105,Trimble,Trimble MX7,-2.5905204319390918,2.2980976630635532,-0.26364289820647835,0.9796219429840802,2.9661030781369964
annapolis,vBDhC7zjPRFr5qpN8esEO1,68,Trimble,Trimble mx7,-2.5136474763514296,1.4442705563567608,0.8817021216190555,1.096301941649787,2.8790724989234064
annapolis,XICfDxGqLr-1bI-XHPnX-g,67,Trimble,Trimble MX7,-2.2713123609174635,1.2409108508193438,0.04713962873538332,0.8552452520509336,2.3341887357606925
annapolis,JMGwbAbr6BC9u7zGhwcSXw,137,Trimble,Trimble MX7,-1.6400078537089628,2.6348213482463314,1.7533818209590892,1.4292281713394115,3.454544745211707
annapolis,4CHbFT7xwVQENro8OBadgI,116,Trimble,Trimble mx7,-3.677877188112389,1.6961312518044305,1.3610329162631887,0.7708718904255102,3.6449560651788477
annapolis,IDwPSNxBWlYnpZ68mMfgRJ,53,Trimble,Trimble mx7,-1.1504453093141365,2.0463843830998503,0.6342772203664747,1.2040876773433542,2.6943014841641304
annapolis,3IFD-5J_6vku4YwwtgSdYg,93,Trimble,Trimble MX7,-1.5238957801417323,1.9810469955231123,-0.4865139935744322,1.3850717929715424,2.105776728074429
annapolis,IeF2zPyjfU8cpv51jxmZ5A,198,Trimble,Trimble MX7,-2.185781289971643,1.5702851735618384,0.8619372176337181,0.9207410332828455,2.7307159614057204
annapolis,WsvD2aJiXob43G5Ol7ndZe,32,Trimble,Trimble mx7,-1.4824241387647796,2.5387033096872362,0.7678733095996256,1.1862734380244049,1.4364150385925738
annapolis,6jzaHSUP0cf9yEd7l51LvQ,77,Trimble,Trimble MX7,-2.5438279553169303,0.5407813604766887,1.205439571871005,1.0730185790706719,2.6553844070781714
annapolis,u9zo6e5cdzhkolmn1gtro9,94,Trimble,Trimble MX7,-1.6980625699897658,0.62275771879327,1.6912892332490548,0.7075411071594381,2.532871158350043
annapolis,eFD61rAuHRTtikGBYnOlyv,80,Trimble,Trimble mx7,-3.1182032465650824,2.172927447254524,0.17686644987738376,1.4280747081179617,4.074216874090704
annapolis,eBhL9W0VRgTD1ZYxGEJi4v,65,Trimble,Trimble mx7,-2.448139555772362,1.4255492450895264,-0.8821220918470731,1.8615082142916222,2.811000343287523
annapolis,Qw5VW6TOk4Dl7ESxUAIze1,90,Trimble,Trimble mx7,-1.9413123974140591,1.313478211957782,0.36591892308671586,0.8716714698491124,1.4957570319953872
annapolis,hhcsj181m6az3w561s8u5i,26,Trimble,Trimble MX7,-3.316605604007019,2.458367355054028,1.9751169773610884,2.3896352853362024,2.686396338068282
annapolis,Y4CRD9WTm8oblcFVqQg27B,60,Trimble,Trimble mx7,-2.9893124124149697,2.7228480826154917,0.5200966277572767,0.9333462726874344,3.605958675353669
annapolis,grdfgicqc1k3jp6igv4j0s,82,Trimble,Trimble MX7,-1.618105811562297,1.0816395268261125,1.7114983912445203,1.456930340410229,2.786396057811155
annapolis,0Sq9VdEG2zCgLxWOYPKUse,106,Trimble,Trimble mx7,-2.506484053418568,0.928648300701263,0.49443748527095055,0.8962346273638351,2.5324764373386053
annapolis,kgkQzP2Qop2DjbDajCRgQw,16,Trimble,Trimble MX7,-1.9070823442526519,0.6020347465267328,0.0644268794031648,0.7288848280439596,2.0384451719639336
annapolis,DFyqQE4Zau1xSbmPOiRw6v,225,Trimble,Trimble mx7,-2.2069174708395667,1.4367255291426493,0.589876806913016,0.8502377468551849,2.4516797970190933
annapolis,v24eIdQIs2xuk39Gdn8qpQ,63,Trimble,Trimble MX7,-0.788264920126294,6.3548047114651,1.5616230399884423,2.533319005688402,2.640779280681958
annapolis,L9DhwFgKAnlIyM5GX0z1tH,14,Trimble,Trimble mx7,-3.303241055144596,1.3802727338374616,0.1720537417969577,1.1236381518916234,3.8892626091859626
annapolis,vkrtIxLCBFo4zO6W5u7mlN,70,Trimble,Trimble mx7,-1.972990656108286,2.02185946190288,0.38047298610131086,1.2631250019496851,2.437995131881478
annapolis,rhK44fCWmh4jlu3Vf-H7Zw,111,Trimble,Trimble MX7,-1.486091675700869,1.107070325597921,0.7155882813282729,1.0430548135815598,2.1068110926383823
annapolis,6p3Fhm4TUgiZ2nz0b1jled,75,Trimble,Trimble mx7,-3.666637631615019,1.4147738256091995,1.449204809279919,0.9333876964187664,4.324406208852103
annapolis,Am0TF7MjaYPtXJ9unfDr35,164,Trimble,Trimble mx7,-2.0889945474672316,1.0190407602690983,0.0778936134923239,1.6195436844593127,2.68367994981268
annapolis,EJcz2xtBjcQOnN642X7plw,179,Trimble,Trimble MX7,-1.9262696708923739,1.3368368198158642,0.5668076613046336,1.2023401986536608,2.460390359640948
annapolis,Zn8tNeEkDd9U6IJRFzV7Qq,91,Trimble,Trimble mx7,-2.3953438401577745,1.4667676236246454,-0.5306528908120401,1.496769199021454,2.5297425793491164
annapolis,KUgAkRSIkLbYLQ-CnhaXUw,64,Trimble,Trimble MX7,-2.0036705749474844,1.1398222583296096,-1.4247936328756898,2.1180159829647813,3.537735336561086
annapolis,s4D_4EtWNyY97s4WQBs6qA,60,Trimble,Trimble MX7,-2.0963367274263836,1.1307087769943611,1.9026816013440135,0.7211863764440569,3.036977346898808
annapolis,0PYzDHeU1kifC7dqMgwcJo,214,Trimble,Trimble mx7,-3.1188491077858105,1.285804200228537,1.2009113895917316,1.1269822929467503,3.6979651414617454
annapolis,zYF9iSjt4ffN1YaDUmsZbw,118,Trimble,Trimble MX7,-2.371651681828596,1.8825166216370306,0.18419486274681532,0.9457748232492503,2.195931470214875
annapolis,f9HgvjUiMBx5oceRzAw8tY,139,Trimble,Trimble mx7,-2.882577532807215,1.9984805190088353,0.6883079000573004,1.1525059075539716,2.981633287536712
annapolis,vKTu2ly81VYbPjdH6zQ3FM,325,Trimble,Trimble mx7,-2.398448545573331,2.0140465733514112,-0.18330804622247715,1.2662739754653196,2.636050404396288
annapolis,Qg4to2uByMRikDcGv9bnSI,153,Trimble,Trimble mx7,-3.3826746070242817,1.9114780639999651,1.4976092431364443,1.0137584172041478,3.7329868325871836
annapolis,s2eUJRCr4iM9AvW65HN1ty,23,Trimble,Trimble mx7,-4.501835847176962,1.5419579422778986,0.31490569230682236,0.7766435092057139,4.770722999288907
annapolis,fk7lnSoIbhNPZgBsWrwCGA,37,Trimble,Trimble MX7,-0.7525245606941621,1.2570179548216955,0.1611297002336318,0.5667420233663366,1.0933823303603778
annapolis,HezGXOw6PWklK2cV7h4mBo,50,Trimble,Trimble mx7,-3.51445293838757,3.7048166965569456,-1.622431742983108,1.527169316278759,4.605272449831324
annapolis,CwpwCGu7CdJ61QwRlwL9zw,51,Trimble,Trimble MX7,-2.2848066403258294,4.3423199471904885,0.8488989022665686,1.2353203480095858,1.9494218413995952
annapolis,gdsRqOMdSvJeDzn4vB3xbg,50,Trimble,Trimble MX7,-1.6655857079748915,2.515222208829417,1.2174367488453406,1.3179628653674285,2.748260206539621
annapolis,aKgtAUmVdC8EYrw6xcZ1zS,64,Trimble,Trimble mx7,-3.4252162363622833,1.4829374707794096,0.4680607785870833,1.0475734853907634,3.7643688471868733
annapolis,UOTyuBQE2gNn14e5YRavJM,236,Trimble,Trimble mx7,-2.9798348920798996,2.7477623800159807,0.39126671741391,1.2320340281212148,3.4190455956421704
annapolis,9xAS4gNqO1PtTYn-tPpInA,250,Trimble,Trimble MX7,-1.7434095910973675,1.1813763319357113,-0.17089192572845588,1.2659069036202146,2.2864127527103193
annapolis,VxwDdnr5iFZMYgbWOkNafm,141,Trimble,Trimble mx7,-2.410595623761812,1.9167608691638893,0.982051976946742,1.3672200250836977,3.1222688961527454
annapolis,6XcEjLeZGVTw9B1bAkpDNr,113,Trimble,Trimble mx7,-1.4782697642562133,1.8578601456591828,-0.12596889050039092,1.2515004748632772,2.324053999897277
annapolis,lL-LVvESbvydE5km1Auwmg,56,Trimble,Trimble MX7,-4.413566593408147,2.617802413841092,1.0855471339453386,1.124539478955896,4.689899569402963
annapolis,h1pb86docke7sku6evdj2j,41,Trimble,Trimble MX7,-0.4435280498266323,0.8786979551762262,0.6676614321766664,0.8725624290203386,1.161930326792761
annapolis,t4CF9MZ6JwRqjO0pgxHGhn,84,Trimble,Trimble mx7,-3.0076302865585594,0.8498498406885231,0.8358363946769001,0.986864467064344,3.4179472315939448
annapolis,bb6fm77cguexnuj851ucyz,25,Trimble,Trimble MX7,-1.5295090819752393,1.3192472968046196,1.2538096198801771,1.5525254045863794,2.4886334883105086
annapolis,g615sIT6hfFhSKiNR-AwPQ,80,Trimble,Trimble MX7,-1.600403054682627,0.6091386815635768,1.363608495333153,0.8530942093236588,2.3545496703352344
annapolis,Szfjc5tWN0Uk7I1EHMDRYA,163,Trimble,Trimble mx7,-2.4955399651382915,0.807825326070375,0.15541955762556192,0.9028237920524306,2.555541533365143
annapolis,0m44rtcqojkg291k7ukyqn,58,Trimble,Trimble MX7,-1.5895856477239594,1.2474286163031116,0.9852925266197453,1.332346601753396,2.3608302726319508
annapolis,pCXrzKOhNDmbk_MTeiXUDQ,170,Trimble,Trimble MX7,-1.519563265459247,1.3039968008127019,1.4971334387561561,1.3319823570543219,2.6883224427107395
annapolis,1qbwwz6rbrg3gf9riffdrl,30,Trimble,Trimble MX7,-1.558889878913415,2.7741278901653916,0.9560444611643897,2.2314955488618273,3.0183978357743917
annapolis,IjSedhMLaDfg4xycrXK6pW,145,Trimble,Trimble mx7,-2.8304832010847676,1.00531540868271,0.35408068435287077,0.9134156974022202,3.042189752545595
annapolis,40drHeOmSEyJMh2LjCZzl6,170,Trimble,Trimble mx7,-2.7054463417649965,1.1050776962015232,0.6345269893684411,1.2331033336714912,3.326722331235059
annapolis,vIcbGkTt0hrB6fzlYdnDZ8,286,Trimble,Trimble mx7,-3.1440999805606142,1.1111867238137518,0.5463268256053125,0.8383343741197684,3.38650613628621
annapolis,T3OfWscl74KhmebknQFJV6,171,Trimble,Trimble mx7,-2.342953783079681,0.6006472675685243,1.6775727732357388,1.0161067310265417,2.9910225933584726
annapolis,9iASCtmpWa8qOvby2kH1zJ,415,Trimble,Trimble mx7,-3.226490214953243,1.648645329449083,0.5185559703445027,1.132622232370458,3.532498234503615
annapolis,_s2iVEoiIm-6-1IJEQo_cQ,69,Trimble,Trimble MX7,-1.8779261277213952,1.051986131608503,0.8590948770158778,0.8201599670066041,2.183933092972778
annapolis,vUpQRwlC1AIG425V3xbHeO,57,Trimble,Trimble mx7,-2.832372567391513,0.7827975523608423,-0.47099912605516714,1.1220587818022145,3.110036035224988
annapolis,lCtY7jizSUIEyDr0Q6PRkO,57,Trimble,Trimble mx7,-2.6659641204793223,0.7275885144281267,-0.018781956600581795,1.0353309974523655,3.0216541304090456
annapolis,CriWn8dI1vR70DsQBmlwag,296,Trimble,Trimble mx7,-2.024902380212715,2.085950921065966,0.2003310528193481,1.5257372060316945,2.389753479152967
annapolis,5OCjpWLNyIQrSFPB1gfoE6,29,Trimble,Trimble mx7,-2.1972349685918138,1.330960105497713,0.06284125228894766,1.0209735616954212,2.1569995436461373
annapolis,O3ClPuioUu5IOuaVIcIYSg,95,Trimble,Trimble MX7,-1.808342722218281,2.1541745522646343,0.21615439937227482,1.1833622841206224,2.1298123830361857
annapolis,Hnq3MeJ1EOvdyLaBg9pmzZ,165,Trimble,Trimble mx7,-2.2978215525521013,2.532937316267149,0.6582343547356366,1.4721931046428456,2.824822411372049
annapolis,Pou4a5WimTbIhrj8dFyXxB,102,Trimble,Trimble mx7,-2.916953772896837,1.7571312771149663,-0.38722777979757084,1.608190380833058,3.4723710149534095
annapolis,vbgnxyg9nyvhjnxq3l51pe,83,Trimble,Trimble MX7,-1.9110505573821768,1.3182390196994027,-0.6065335417271924,0.7167480525647574,2.167493214369365
annapolis,4FPdCxf9sjUZ8XTc1WVe3a,153,Trimble,Trimble mx7,-2.502126604745831,1.8702129198801358,0.34423756596430866,1.7126002287313193,2.9911237220364217
annapolis,LlnFd1CKmBSHIk96WszAwt,321,Trimble,Trimble mx7,-2.352877263052017,1.3530583062510744,-0.039954057416732164,1.1983332870227905,2.5120178800369604
annapolis,Fet5QDSqP6zr9ilcsIa0NE,128,Trimble,Trimble mx7,-2.468726983335666,1.9028697823071594,-0.3390904863961506,1.3530903441788855,3.268369296734793
annapolis,QpP5hwtfNncgF9eaCJMG6o,145,Trimble,Trimble mx7,-2.4358100687159743,1.087832048941428,0.18091819855554697,1.0726609851363047,2.736924954613035
annapolis,LM7uGEcFR6SxfoDUt2snwb,268,Trimble,Trimble mx7,-3.224177270892705,2.1002108514137503,0.5978314571648263,0.8747193388616372,3.353717623844038
annapolis,wYaC1VySpExoBO4a3xtNyw,301,Trimble,Trimble MX7,-1.4445738489106337,1.0246290270059624,0.7020273789815737,0.7888024627183701,2.127107349679793
annapolis,JAl5Y4rvkbVFDO3HhRe02q,39,Trimble,Trimble mx7,-2.5476486480188005,1.1074544775702546,1.381138864978355,1.2409833846237048,3.221855562016408
annapolis,1ptuUgViJMKnke4TdQ6jyE,82,Trimble,Trimble mx7,-2.3188852479282835,2.7135861905871153,0.5702486999208809,1.460156298211808,3.3073514535282733
annapolis,oJt2IHkV3J8sI7HH5C3vMA,26,Trimble,Trimble MX7,-1.4207092066911047,1.164184664849033,0.759586254845346,0.807299997076594,2.0340484567524943
annapolis,fh5RApcGWoyMjzv9riFJgH,95,Trimble,Trimble mx7,-2.8216983790180095,2.801442620881843,1.921930508997866,0.9450988401152024,3.1555060679347675
annapolis,jFXuMwPZkyVcLfY48T3vWq,117,Trimble,Trimble mx7,-2.6219255797125864,2.3135499905496726,-0.014618836612680994,1.3640899383332887,2.8248846546525317
annapolis,mLMlI5hIgRadYv5nm3MZeQ,20,Trimble,Trimble MX7,-2.807845149683843,0.7371377528310321,0.3050910539877636,1.387614568700186,2.79805915672679
annapolis,04tXSyk6MCFHDm5odcrahI,87,Trimble,Trimble mx7,-3.567755317281084,1.3559263357273224,1.4676819093935654,0.8734512598503109,4.096761446768107
annapolis,htpct3q13g5kzn8lxg1m6w,33,Trimble,Trimble MX7,-1.541867405895084,0.8802500595050438,1.0245378425555625,0.8576321205723014,2.118566305007189
annapolis,I0ljbUA1mxfPhekPrBJn5g,114,Trimble,Trimble MX7,-1.0302785867179893,2.1303207519713894,1.0896055296920826,0.9833903552215331,1.9211518922360493
annapolis,XA3uvNr4jWJMpEgGItVaDB,57,Trimble,Trimble mx7,-2.6390729728568982,1.5923964691526844,0.4929609426664707,1.1191541066879114,3.054006424363883
annapolis,1MqKFmdfrOvga4nYVWB2UA,81,Trimble,Trimble MX7,-2.2386579027621973,1.2337046692899696,1.1067463551755972,1.0483933101010736,2.7557270898528867
annapolis,Ba9TSEvHWZcFKYyDbkIj2Q,59,Trimble,Trimble mx7,-3.370523401590104,0.8994214555714258,-0.7197036658533429,1.7073605126171116,3.9499064678447717
annapolis,HKAJi74Vol26LNQ1tDmOCk,61,Trimble,Trimble mx7,-2.4509862446628565,1.7690668819476818,1.1051558987359746,1.129601333764742,2.6390789841442053
annapolis,4AXD5FqSAh6t1YifyL3MHw,149,Trimble,Trimble MX7,-1.3443381481502987,2.7356842691583187,-0.17198865119045106,1.2715244868568796,2.0762831732192923
annapolis,c2JHXztY0LyCNfEiZDK6IQ,151,Trimble,Trimble mx7,-2.6024455924231766,2.3494034494738543,0.12805512015890255,1.936567436215257,2.729597619819119
annapolis,5KYu1hdtNAEkDazCg0BXpP,66,Trimble,Trimble mx7,-1.6376647611152304,2.1299335852653316,0.6226510266799062,1.3647533696134537,3.0571939981303853
annapolis,MHspxlr0cLXBDavFR5wjIE,88,Trimble,Trimble mx7,-2.5634581835693884,1.0472284948618382,0.7319859942086574,0.7315063016336525,2.6957571067978954
annapolis,8xsdtYi9N6ulU520VLKHw3,38,Trimble,Trimble mx7,-3.1492745813525604,2.2080744815048625,-0.9043374346924665,0.9431538908769433,3.15544837041742
annapolis,lpvguhs3w26kx8aaxi1kt5,54,Trimble,Trimble MX7,-2.29975362113462,1.178245045701075,0.5171882713875049,1.6393441623401632,2.611089389475592
annapolis,JlgX8wwkJcoIieK9dzz0tg,71,Trimble,Trimble MX7,-1.7529489834211616,0.9713661838904378,0.800190399048443,0.8630666666545291,2.1755570914252207
annapolis,OFSDVUo7XtKaH0BQnhfskb,76,Trimble,Trimble mx7,-1.8493434400776767,2.695087207370218,0.8862633993051235,0.8309600058531127,2.612079169440461
annapolis,XfaVy9DwGzxJcQZjmMY8HF,34,Trimble,Trimble mx7,-3.439624137140179,0.7754660838013238,0.5895858118833187,0.7066971894782239,3.4737818767690776
annapolis,LrYPxHHVEuv3aZcuUFJvKg,30,Trimble,Trimble MX7,-1.6444593307960198,1.6111494750565023,0.5653483874737957,1.7439925580264175,1.7832920718968235
annapolis,C4nmm5AMIXNzNNCarUvnow,61,Trimble,Trimble MX7,-1.4655010598810758,0.6965248965319393,1.0675946997498764,0.9972361539727028,2.2315594939862975
annapolis,CX7qnXyJLnNL0eua6DVP4w,26,Trimble,Trimble MX7,-4.240404684788085,1.1637366921777639,1.9172392326701224,0.8402291946110396,4.717466960429981
annapolis,7y9jo7z8pr1a3gb1vho66q,95,Trimble,Trimble MX7,-1.7889992480773458,1.3321061272355097,0.6781122457496666,0.9310524821762122,2.227996032971832
annapolis,A1Nw9lW8KDVxcGUQCfqsEF,123,Trimble,Trimble mx7,-1.9690422585557719,1.9347908331385233,0.07296862786113363,0.9052622981560822,1.8548041323946787
annapolis,bm7zzkiav86u42xbwxzh6t,85,Trimble,Trimble MX7,-1.1802407315608396,1.5827421083989417,0.25491823150079745,1.5543821322619895,2.2982222994354196
annapolis,x1BYmMCsaE7Nz9r8OQUoZW,35,Trimble,Trimble mx7,-1.1810418997939331,0.5611081163189982,-0.9569880422428398,1.6190590580378335,1.659420394204629
annapolis,ozMnewA2yy55M-c1XIgmdg,231,Trimble,Trimble MX7,-2.160495287248388,0.43697988198436316,0.9616583924627854,0.3420628936659742,2.4501901134044433
annapolis,762ylmyvnbdavl2by5hy9o,63,Trimble,Trimble MX7,-1.5254275498488319,0.7622916798659471,0.40468864900521323,1.0174218206261083,1.8570764846773495
annapolis,AsHajJgLdFKlRB0viU67Cc,88,Trimble,Trimble mx7,-2.1030218245221484,0.7483965175704362,0.03449362740088297,0.6635909202233417,2.098273653800649
annapolis,ab9TWuX9r994kM9d8-_-5A,52,Trimble,Trimble MX7,-1.3400055150234864,1.3512857256047364,-0.0528387548083093,1.5783356171362226,1.9808114052591776
annapolis,hL4dQkEtKA5HyeRsXMYJzB,167,Trimble,Trimble mx7,-2.380576985881811,0.9843321189868545,0.8078795852276573,0.8413792334380146,2.730262881794044
annapolis,9cl78AB2GYManQmeCOPtDR,172,Trimble,Trimble mx7,-2.478596774157745,1.918844575813607,0.4743016355283106,0.9102640895165606,2.9739980311869183
annapolis,GNfZmC6VD7HKJRvQ31er5W,129,Trimble,Trimble mx7,-2.6396083011992597,0.8876793076298917,0.32202835937820934,0.7050315683019944,3.062337703973838
annapolis,6wWS4BQje1gZtfko7EsRTK,93,Trimble,Trimble mx7,-2.864639272176773,1.875407237439459,-0.005552951174406415,1.475665205668881,3.295218114827915
annapolis,7Punc6ZMFoiHxDRpTtYh1m,159,Trimble,Trimble mx7,-2.564160519800961,1.227869247763553,0.7053065182625214,0.7707874880683185,2.5825647647714325
annapolis,tdUrohkybMZmxhoPbOJz5Q,41,Trimble,Trimble MX7,-1.339889397854705,0.9785455465777207,0.31432452010893797,0.7788108845977255,1.0211811770211725
annapolis,vBeXWS6fitaYjL0YAeEUyQ,87,Trimble,Trimble MX7,-1.9247743895273806,1.4232706883818798,0.3357811089328459,1.446058189554097,2.7825009052787544
annapolis,eyzTioXHd0vu819RaJMgkS,30,Trimble,Trimble mx7,-2.5087839908292375,1.5573450215335873,-0.3205592174163847,1.137166864250886,2.5468946312505714
annapolis,WtmwgJPZj49TdAslaqHCxE,84,Trimble,Trimble mx7,-2.64841811649557,1.2926132957685423,1.6657431128768296,0.9517134676831427,3.1521153713677403
annapolis,HZW_TS1hQjeFDlD9JDa35A,28,Trimble,Trimble MX7,-1.1423941439682928,1.7384685824297255,0.032954794671165744,1.1960237114565295,2.3104699898747754
annapolis,iHxTmczKrZ2EBSNUG4Q0AV,71,Trimble,Trimble mx7,-3.0583389004158215,1.64816392890684,-0.1939176553462372,1.1022347814849798,3.6154768570150604
annapolis,p5IDhlgkcjUHvx0EundFfL,178,Trimble,Trimble mx7,-2.2725495674426046,1.8218125434310148,0.35327114294715883,1.0635831637477773,2.850001303417255
annapolis,rZ9mxohFdkpU2HejQn30R4,11,Trimble,Trimble mx7,-1.199808606139495,1.9859479584083406,-0.23160133674251165,1.0955519807673126,1.3089639773826875
annapolis,fXO1dlQiW5jZFGAqDotYP6,54,Trimble,Trimble mx7,-1.950698369958971,1.1026433826493045,-1.6837585172983085,1.4541438877048696,2.9811049800292673
annapolis,51T9fkIytUNOqGVlue7Zhj,9,Trimble,Trimble mx7,-1.6282778305010686,1.757809687357315,0.4133200885225965,1.2639576625849716,1.708341809535102
annapolis,fvf0PpMkShiC_Rh9W5taJA,101,Trimble,Trimble MX7,-1.5438842477862904,1.5986107007771055,0.05685542613907902,1.0134359147978107,1.9701084062318586
annapolis,l9esvj39vr9jv7i1luavj2,30,Trimble,Trimble MX7,-2.014239028181403,0.8864716678344603,1.3148839645212547,1.3612270442725656,2.418285082765665
annapolis,WlYAKTnGHyly9HV25ukiIw,18,Trimble,Trimble MX7,-1.6175497031191335,1.1940517119496097,-0.06865668849263393,0.7243324602808002,1.3625436175700312
annapolis,t8NnGkY6CD0dsPRcrMavQi,27,Trimble,Trimble mx7,-0.10732880490101425,2.9374715502855238,-1.0696554907278255,1.1020182726658978,3.08138370287224
annapolis,kFobIubwlN9wL8hfQCtpbA,13,Trimble,Trimble MX7,-0.9490746230841808,1.1110191383632428,0.7767281986212966,0.8673526600617086,1.6980721984851619
annapolis,qdeaXtVkfwEr9lS7F3UmZP,23,Trimble,Trimble mx7,-3.7749129081869564,2.4855055269715622,0.13069954677517243,1.673224011621866,4.347642077121498
annapolis,MBGZXVRkjKxD2tbJ8p7a3F,57,Trimble,Trimble mx7,-2.7036399111963862,2.829364885701548,0.014353093350100498,2.2679660476844252,3.467272477574489
annapolis,3xceqgqpyvbmkjsxadgfgc,13,Trimble,Trimble MX7,0.47672269736424144,1.0045628903081019,0.1793697311145977,1.717190516512719,1.756234305047923
annapolis,4I62tPm5UqdHygQlJjwFNc,75,Trimble,Trimble mx7,-1.6464112949651952,1.0143649270107826,1.4788167150160676,1.358412889105441,2.599583378669609
annapolis,Ts2qi_y84MgSRIodqKu-zw,34,Trimble,Trimble MX7,-0.6078062681397574,1.7423260997195456,0.3665393276573903,0.873579804032497,1.5705442698069758
annapolis,nbDM8g5EsKcoYBwzVvXa26,42,Trimble,Trimble mx7,-3.0520463972969614,3.6918885116236932,-0.17907862420491713,0.9655253113793937,3.8072460835193986
annapolis,RQWzr7a1MuNPnwlkim4YSJ,42,Trimble,Trimble mx7,-0.5511704725082593,2.0140444951880987,-0.6740140325661821,1.4330414098384294,2.343981855702684
annapolis,PzQUna7yBbjpX9eFTWM4Rm,161,Trimble,Trimble mx7,-2.0092173699233826,2.300461271092444,0.5069778188886884,1.029530817194202,2.9790226315374153
annapolis,AyjoWnbs9FpRhJ0QlP6cIf,23,Trimble,Trimble mx7,-2.3107246440653118,0.6269022883746158,-0.01679838769610045,0.7502291018089512,2.2804895422292693
annapolis,lJL4JSyvZ4C5K2Pyy0-iXg,61,Trimble,Trimble MX7,-1.9779169736699964,1.7345985440817377,0.3458341743567612,1.4653570008517092,2.7666183819884798
annapolis,xrv2fqqc06skucakjxsao2,20,Trimble,Trimble MX7,-1.8468569486410666,1.268614189524793,-0.34430063148534634,1.2337346867591656,2.1779243524715635
annapolis,diTSbBhN7ve6mDkXFROL1t,80,Trimble,Trimble mx7,-2.5888990545798207,1.9802229977759989,0.7505183447164052,1.2078420155715772,3.2443613442122037
annapolis,gy4B9MWk2ec6aXwSjHKi3J,175,Trimble,Trimble mx7,-3.050530550231523,1.0939708778298471,1.646030759131723,0.9237250100255125,3.7577570993065823
annapolis,DSTAwt-UGfpSlPfMG5V-8w,24,Trimble,Trimble MX7,-1.8163931018294772,1.0552297798426709,0.7128859830284732,0.9851405987802995,2.104897478320328
annapolis,EDt4B7Rfecs0Z93Jg7nvlA,57,Trimble,Trimble MX7,-1.1746474144973722,2.002506025452542,0.7069809317043892,0.8280986378890102,1.9833416344588444
annapolis,OG5ysKln7Uv2ADhN8eIfTQ,126,Trimble,Trimble mx7,-2.3808720071062055,2.407079510489026,0.3502910536046934,2.014400051058765,3.0679134569862425
annapolis,mUG4L_6-yEws6u479N8MxQ,67,Trimble,Trimble MX7,-2.2154433102173012,1.2280399893512806,-0.029384935361365605,1.423822824328264,2.7605481770509335
annapolis,xw5osTYFEfRH6tcbmk0HGQ,36,Trimble,Trimble MX7,-0.8828853103978853,0.9224236403627425,0.249632862173893,0.40692675726569844,0.9889679083293879
annapolis,uSfKwcZriMXq7D4xWTIktE,110,Trimble,Trimble mx7,-2.4324689015563945,1.4016015199798717,-0.5913442570311865,1.131072280135942,3.1454798639846073
annapolis,hJcC5Saj2XYOA86TdrIWUx,70,Trimble,Trimble mx7,-3.0545850182482464,2.4040479177674947,-0.6655035986148082,1.8504393779881507,3.065148729868342
annapolis,vjk61k0sg4lb3yregsh4ui,51,Trimble,Trimble MX7,-1.8931694381375694,1.4623363074501003,0.28390478977796746,1.4480435873923136,2.6315789097402074
annapolis,mCjSNIo5Z2kGMHgAX36Dyx,83,Trimble,Trimble mx7,-2.6937024236456755,0.7087691848498225,0.015020358037446939,0.9671338026707975,2.9094580659010854
annapolis,30fmIxt6Plh1UyJWATvgRc,66,Trimble,Trimble mx7,-2.170400981725893,2.621777410443713,0.8766488646937869,1.2733798746401874,2.811109223992806
annapolis,XJNqhghEi2P0n6PuXI-fcg,83,Trimble,Trimble MX7,-0.19915119823328764,1.9822658361651881,0.6816277501002436,0.820425997094335,1.6471981531938273
annapolis,0unZqGCohEDT83YrVfesRP,148,Trimble,Trimble mx7,-1.9199019840094984,1.8254810749290067,0.7046458728167291,1.1433129935122643,2.4015556999537226
annapolis,9n8gebt6cigdvr4wxq7a89,81,Trimble,Trimble MX7,-1.5768625346507434,0.8412681188185333,1.406774047767731,1.2616987288164463,2.482169815035456
annapolis,bc2Pe0jJVw3XMFDlAqhIk7,104,Trimble,Trimble mx7,-1.4329226728541626,1.423495432860326,0.6669024790491942,1.7206596551856774,2.3988991889385334
annapolis,IHlwsSX3nKatmdCcRviAP8,163,Trimble,Trimble mx7,-2.820143696839995,1.4109361167034307,0.9152002880055952,1.6841516242342065,3.0521863136732046
annapolis,uk1KUAWbozDyNBclvfps3P,108,Trimble,Trimble mx7,-2.975310439405297,0.806199080884989,0.22506878033491656,0.7851632155245657,3.229097131389496
annapolis,LQoGX956E8Kl33AbNgHaCg,20,Trimble,Trimble MX7,-1.5729899195071602,1.1543091743307496,1.5843065940720604,1.4226754383254832,2.4524015181935885
annapolis,8vBDfX3iZxgAyVkNRpbTM9,72,Trimble,Trimble mx7,-2.753009270731359,1.5069537773116437,-0.3252538027665868,1.1472694101897003,3.4327465251212943
annapolis,m2365Y1p7TwX0aFqcnfrzL,24,Trimble,Trimble mx7,-2.8462974321358163,0.8055229310866143,-0.9964764231001221,2.281905233363764,3.5002143737217906
annapolis,l7ie9vNdnRFYbahB4yPgps,183,Trimble,Trimble mx7,-3.038500765446134,1.5575387288880007,0.6550361476304478,1.0936488677439615,2.9375160852265423
annapolis,SRJwhrX91DGP3MpBxNQzgs,87,Trimble,Trimble mx7,-2.583062395101054,0.8312308161485791,0.34408104945119966,0.7992648945228709,2.8393700763924046
annapolis,lFBA8ux2rUzXnc17StWowC,190,Trimble,Trimble mx7,-2.2274266443979047,2.0837429266593803,-0.15621654689217004,1.4352794175779384,2.9319983072937883
annapolis,FHTxj5bOuCd2oiDt1nygv4,83,Trimble,Trimble mx7,-2.9218116583722336,0.7202821120041527,-0.033910136772901535,0.754787552892577,2.952006687872188
annapolis,xhFo0DT5weK74irUsvM3XA,193,Trimble,Trimble mx7,-2.9981151994542015,2.215333286463956,1.8402820061687206,1.0614004546670648,3.2835652805017563
annapolis,TnaycUt1GPL4YAiHVu8XIj,53,Trimble,Trimble mx7,-1.2538625405017303,1.264133426398147,0.7240628835089847,0.5803022984086127,2.2281573011247997
annapolis,wLbl2SPWam4Ri79of6JGNk,63,Trimble,Trimble mx7,-2.2412562269424483,2.7618148800202933,0.3223504170336179,1.27781215215631,2.7879726798550277
annapolis,YsJh3bR0S85UIF2ETQD1oW,9,Trimble,Trimble mx7,-5.256413070058125,1.066317976390766,0.1850063867780762,0.3865823792663336,5.517693356172917
annapolis,QgL40xI4HUbpyt-Z4VwSWQ,17,Trimble,Trimble MX7,-1.8034508502720856,1.843053316953339,0.06091534345380817,2.058456590544287,3.3836449800698336
annapolis,K1lEQVi6l9WghwiHmOnVhQ,33,Trimble,Trimble MX7,-2.250700741457978,2.8836836193910553,-0.002422338444304116,1.1232355180256133,3.060821904695996
annapolis,Etx7ms9CZ1CDJVOYiA17_g,139,Trimble,Trimble MX7,-1.9962893888585231,2.5024060830032586,1.340278147523829,1.6593321329631145,3.101022639243405
annapolis,zirU0TqBmJlAdcun19Chtf,66,Trimble,Trimble mx7,-1.5996615060810637,0.8848033121155902,1.6060581330517236,1.4276637187951446,2.666150927348193
annapolis,SpjazzIt2ecsuRqH-Zzsjg,29,Trimble,Trimble MX7,-0.4278717310408128,1.4542983532691618,-2.1162433567939187,1.6569031004482662,2.6155634309357745
annapolis,w7Dn9fcPHRb3YO512ZpUTu,96,Trimble,Trimble mx7,-0.9564393447734133,2.2286353554249096,-0.08962407110863474,1.2724428103752228,2.330029506673965
annapolis,RbOpykTu28C8Tj0zZEiyEQ,89,Trimble,Trimble MX7,-1.6979991778898686,1.9124290327883258,0.03129679543855812,1.16916611462637,2.4230885418163086
annapolis,dMSApLqHfDiUogRsPeIak8,173,Trimble,Trimble mx7,-2.9686217319846278,2.2475150242322317,0.9587787977821747,1.165477197916945,3.8870165478328014
annapolis,xa1GpXdQ5C83uIyjPTbAsS,178,Trimble,Trimble mx7,-2.683154676862193,0.9981413927759011,0.7166683028934904,0.9251580011402543,2.835670707657494
annapolis,WFZw6NiySxM7f4JPquaDov,69,Trimble,Trimble mx7,-2.587826135506313,1.1262489034383905,0.9725315584803669,1.1656049437336218,2.8923195886046407
annapolis,Qb5DLXzvKRthfAgOBiplMy,52,Trimble,Trimble mx7,-3.316178252176141,1.2776980964332783,0.0017994991542748379,0.7556156412147431,3.6620219700779097
annapolis,xhNsY0Pl3THvS9iJoxtycw,280,Trimble,Trimble MX7,-1.9374808874160594,0.4389029930318893,1.727037776099334,0.4975928617735072,2.568717733904827
annapolis,triNVMG7s4aX3IEPApvUYu,166,Trimble,Trimble mx7,-2.84118797520889,1.2809898377356588,-0.065444143665204,1.4107750143619662,3.202537171170381
annapolis,k8H_xWzu3UZysMziHHZnyQ,73,Trimble,Trimble MX7,-2.1822088489309133,1.7865583160041534,1.2992530427957465,1.2364310572228632,3.0343581136310993
annapolis,3Hg8Tx9znaQCdIkrl2WhXZ,47,Trimble,Trimble mx7,-2.9600866962753325,0.4668293384307192,-0.01027783402952061,1.2556043567318753,3.1111211491822517
annapolis,rCJfxgU0YbNj17PeVhSsk6,183,Trimble,Trimble mx7,-2.6517634628885753,2.2696226345958204,0.3802270478924591,1.4206720724981234,3.49536338939718
annapolis,Xvi0izRv2wGBODLUxsorXA,29,Trimble,Trimble MX7,-2.197381238339492,1.1617141998932219,-0.533581945436018,1.4594948961947392,2.7503598467534114
annapolis,XAyz4etVGlvH0NkWmSUTgQ,7,Trimble,Trimble mx7,-2.6071473978709228,0.31974715500371687,-0.7818626007214884,0.5767530856356912,2.6696970503220308
annapolis,UXFnouflB01ZOLbKQM9tNe,31,Trimble,Trimble mx7,-4.507819486776369,1.295009910094504,-0.6620563933104859,1.1053433054906485,4.520634615768501
annapolis,iimk4emgyyme74r2b58f2e,65,Trimble,Trimble MX7,-1.6545589921185777,1.4247272496350765,0.6753235198086854,1.0161409054013528,1.978315441964773
annapolis,LZf6MTrOtnKgR4YSl1p9vH,48,Trimble,Trimble mx7,-2.7745618397836562,1.9394921062576151,-0.32627430505934896,1.1832129088161953,3.3762665621667183
annapolis,TfWTvDZtY1LIGA4vxZpfkw,28,Trimble,Trimble MX7,-1.6891253412762965,0.6981182084142533,1.0008722791303446,0.7735766953157618,2.1012586413629024
annapolis,pjxqm7ybhjm2r06yb14j67,41,Trimble,Trimble MX7,-1.4650589863071366,2.4327145548439595,0.5807760006904689,1.0310910083413822,2.678513133738346
annapolis,dxln1Kr286g9ERaYAISwGc,73,Trimble,Trimble mx7,-3.2001194319976785,2.5118551716693376,0.40570436147508837,0.6336103796920812,4.154738874800689
annapolis,VSEwphmxl0Qs3bicrUR952,31,Trimble,Trimble mx7,-1.2500768975533527,0.6581464140505728,0.11585797178784447,1.2926886535871867,1.7302812118711097
annapolis,FEay1YngvtW7JTbfe2Od9k,44,Trimble,Trimble mx7,-2.5830251619292284,1.088572544000978,-0.44137362852776313,0.6551507600192412,2.630167991439999
annapolis,GDnH__Hn1973BYIGe6FgNQ,56,Trimble,Trimble MX7,-0.43766111780944195,1.4938774258036724,1.1229009986601353,0.8610718948248691,2.0450892052359575
annapolis,9QoMmwIcHMKvff1w3ZdqDg,41,Trimble,Trimble MX7,-1.9343581091817128,1.0376529714854117,0.24377072544819162,0.9846722475653382,2.410611059587983
annapolis,IjbEmhKrL6HvOTZpzut7AN,35,Trimble,Trimble mx7,-2.621488007880348,1.3765142998012505,-0.43820015805799795,1.5623872694270335,3.152730720351451
annapolis,HMWFDGb4Oi3kytqPB9ARoV,95,Trimble,Trimble mx7,-3.1704285749840126,1.1301732067946488,0.17838232724000982,1.1448979548327984,3.559564269157035
annapolis,uisxki1hjoelvrjpu4q33z,44,Trimble,Trimble MX7,-1.4958229235754352,0.7476406997582649,0.6016495679588142,1.1942580655442283,2.0831807667973172
annapolis,0K9QkAb3CZq2o7REKYXRtA,36,Trimble,Trimble MX7,-2.646280804785212,2.7335824145243985,0.2949140900487959,1.070493560561611,3.581927952949411
annapolis,zNgs46CWDpmhubiPf5RGH1,75,Trimble,Trimble mx7,-2.7867582391270966,1.0940597253783528,0.21972948101742631,0.6670680661902476,2.98379408606361
annapolis,VtXcksfxvNB6wAr3bW79IH,228,Trimble,Trimble mx7,-2.8237384816846136,1.2858037695302835,0.35507631535455847,0.9163113600112408,3.0160781810372637
annapolis,XrPlU3aV7A0JieugsQhckR,77,Trimble,Trimble mx7,-2.436074602375838,1.186920310221771,-0.2543535972744636,1.033129653663492,2.5137252006084836
annapolis,vG98glIkJrbwEy5YLuW0VB,43,Trimble,Trimble mx7,-3.683635211168795,1.479838544362602,0.5706967311971344,2.1687109132535327,4.324201042452571
annapolis,kKU5oj2Cpx3v89rheHLyPc,73,Trimble,Trimble mx7,0.16450676163505587,2.1592291540694024,0.48178555633658293,0.7322788542711568,2.3089155582677696
annapolis,pmAIPO-WX3rB5qc28OdE1w,45,Trimble,Trimble MX7,-3.832636657401499,4.354733825395576,-0.3165273476629238,3.314716021938141,3.4538316932140924
annapolis,miqtvcu5zc9sr78bpgpv37,21,Trimble,Trimble MX7,-1.9662720119687025,1.5419053295453649,0.830255539821858,0.9205072862938137,2.3246287847628633
annapolis,TlEoI6GwRt4p9uOAyD1XSC,13,Trimble,Trimble mx7,-2.177799701833885,2.3754276544563155,1.434315667408183,1.3545188212615067,2.1375923352781823
annapolis,MzJhNYLu70aRdoBg1WFv4S,134,Trimble,Trimble mx7,-3.0731281539883732,1.4674104668412278,0.7124073678150785,1.0554037433597483,2.9874589103364646
annapolis,vVW03hnwqcYtQUCGSfmO8p,132,Trimble,Trimble mx7,-3.5703407975694796,1.3011820053645633,0.700375107167057,0.7598807243789282,3.7563558848922125
annapolis,e2pQsLbMD4Vjmu6XOA5EwS,139,Trimble,Trimble mx7,-3.51355763547619,0.8575324732532394,0.04275261083074328,1.395069314138259,3.5400451230613568
annapolis,v4osXSRamQu0h1jCK8NdOG,74,Trimble,Trimble mx7,-2.7704755387870756,0.8733079369588621,1.1061113025532079,0.4625413481703619,3.0396319422505025
annapolis,z2u7BMwvue2t-kcZC2WfSw,64,Trimble,Trimble MX7,-1.821364158008514,1.9738343652447605,0.5553359918132121,1.457581752198369,2.9228650743836933
annapolis,RxFzwh2whndXxSfdwJTsrg,40,Trimble,Trimble MX7,-2.04466810663287,1.3941182289172673,0.8880884901767803,1.1523013494206964,3.0357851055636975
annapolis,IrbGRnILjLDNKu_enyKErw,43,Trimble,Trimble MX7,-1.2424584672083898,1.4578970491852765,-0.2664388286921795,1.1982042574565552,1.3449770587201595
annapolis,G7KTbOXB-fs0I8JKKOderQ,155,Trimble,Trimble MX7,-1.5147195222401804,0.9881026408822307,0.8530570373884291,0.8307061513307471,1.8937922926695085
annapolis,muhg8jo0xzt840oe8peuy2,50,Trimble,Trimble MX7,-1.5981160167748623,2.0096374900253724,1.158183033063711,1.033490690170782,2.8548027278049997
annapolis,DgGZKLjXmT2PQBzFpwW3bI,151,Trimble,Trimble mx7,-2.7274241160196717,1.4624989596042346,-0.11154656785287208,1.302172507542302,3.002813057279239
annapolis,Hqlumn3FxT5gVQOfoZNj0B,43,Trimble,Trimble mx7,-1.693689177262673,1.3267497223239018,1.2527244950870908,1.2556123638634042,2.3396675551496733
annapolis,rHa0xywo9NjDRJmguY8Ek6,62,Trimble,Trimble mx7,-1.7806175039963252,1.2727344552061721,1.023222638383294,1.3412167719011199,2.2183777145604147
annapolis,hpo13uv64wx7bft4z60knq,36,Trimble,Trimble MX7,-1.9640991155405962,1.253458850039919,-0.8541976355736307,0.7813367554575968,2.6659493640147693
annapolis,efbR3SI3aRrPfvgbgOTfiw,16,Trimble,Trimble MX7,-2.648142337464644,1.5228896079153509,0.9907792897811888,0.6713837185472794,3.389543264573123
annapolis,krRZEXKL23cbtCjyWngfpV,70,Trimble,Trimble mx7,-2.925280572478471,0.7658703410941863,0.7852580756338999,1.1167799364546118,3.191983354573634
annapolis,UPJKu3cE5xuzP_k8jrCoOg,17,Trimble,Trimble MX7,-1.1394724307418136,1.3155243113416222,-0.107985469442785,1.5854371649810446,2.1533008501075006
annapolis,uyHgj4cXkqTW87bPNAawsU,12,Trimble,Trimble mx7,-2.816103315054731,0.9481332275070952,0.7933694575409764,0.9481838584176923,3.2813272449677653
annapolis,3DRnci6XzHSoluONAKgtvf,76,Trimble,Trimble mx7,-2.896169911027849,1.272833688438469,0.040684955903535915,1.42458164998964,3.087373458275855
annapolis,cmfg1161sd0fvz1bdwgo5t,31,Trimble,Trimble MX7,-2.5207297254630365,1.1145034472228101,-0.3968236681226127,1.4252654232432245,3.1044500547108504
annapolis,GnS23jtEc4lx3a58VB47lg,112,Trimble,Trimble MX7,-2.383173396032405,1.7867930542546175,-0.26575793255913266,1.181076385345644,2.6810586450884206
annapolis,ysRnfTbNCGdjYU81Wg4kKt,81,Trimble,Trimble mx7,-2.496382533718694,1.520722863495004,-0.06128150746431004,0.90550868262369,2.4845104879271678
annapolis,ZjXEFwDvqAYVHsbTnLcKkS,168,Trimble,Trimble mx7,-2.4995307543809875,2.3267192756611617,0.31760543450916967,0.9369375155064206,2.775930069590679
annapolis,8A537tIoLgUxeWGndsVSwO,37,Trimble,Trimble mx7,-1.5471319289981058,0.7797434583383935,0.8076156398635407,1.0744955500776356,1.8413449087538725
annapolis,kVFe6zPdZwm9Cpu2SyJMfl,29,Trimble,Trimble mx7,-1.9416148517801581,1.4626199371163353,-0.07621608089409934,0.730811623170044,2.159439889569029
annapolis,hRY1Nyux9W1TiETbVIOb6w,12,Trimble,Trimble MX7,-1.946805882297654,1.0854495554139638,0.5826794935879747,0.9306709322446183,1.7700267520453665
annapolis,y3JUiBwXL8RgY7s1HV6KzG,56,Trimble,Trimble mx7,-2.4202112167435645,2.0105577125756606,0.8217763932905878,0.8510633472333343,3.4343597983044147
annapolis,rhtfvzkluEPJ4aSbXn91YO,88,Trimble,Trimble mx7,-2.9040383353071193,1.5024719663843504,0.7797168721242579,1.298217645932443,3.3634141580231662
annapolis,3306uvvZ2Cs4ez414hIe3g,14,Trimble,Trimble MX7,-1.7372050492475903,1.2207833491337508,-2.5005242590225216,2.031185714366681,3.6648410502410798
annapolis,qPzlXXDXkYz-6nXlcyFhlw,21,Trimble,Trimble MX7,-1.9120199601372345,1.1436044738891071,-0.5547060798830862,1.0857260635513244,2.2362579647905942
annapolis,ljYvpdAnKecO2f9n0s5l0g,111,Trimble,Trimble MX7,-2.011857657735713,1.428414953109694,0.40311543003737554,0.9840250722455357,2.345102412740676
annapolis,7P9_1nWRBLclg5reDWUjNA,123,Trimble,Trimble MX7,-2.0792402620538333,2.224131354293892,0.590913275342455,1.5709163846449499,2.618858594464866
annapolis,bdAvgEo4jBZEz1_YRolDRg,55,Trimble,Trimble MX7,-1.518365008975119,1.585011847463083,0.8819292916261641,1.332420305423436,2.3007300097401204
annapolis,DbNR1dsxKXOPhz6ia58pE9,11,Trimble,Trimble mx7,-2.6755422008954324,0.7846619036287658,-0.952454671009219,0.5712070217556579,2.9172335747066667
annapolis,O4rgBzEwsCcyT9iY2XmV6H,47,Trimble,Trimble mx7,-1.46177665243551,1.1337571959370707,0.9280255544751591,1.3506085631981501,2.1645944338164838
annapolis,jp-pecqE4V5XXmzzt7C0mg,43,Trimble,Trimble MX7,-2.10871149815953,1.292275145662914,0.33623177539244375,1.477973232830632,2.8565738726119196
annapolis,bnk0q48m2lnwscipy57kkd,26,Trimble,Trimble MX7,-1.6352910426648763,1.4741609738734807,1.025783931371001,1.0892563938987523,2.2918340510023465
annapolis,mfAT0vN9Pw0Gxwbo-bCf5w,14,Trimble,Trimble MX7,0.01545894407682429,1.4379288836304727,-0.9707436804863945,0.5367588960572927,1.492135045933717
annapolis,Cnsw4ax9L3hPcFoYNgOXM5,82,Trimble,Trimble mx7,-1.8948826322709926,1.6390046444892694,0.334268591669659,1.2337080068333237,2.0455279303377907
annapolis,fs1eNF-u6RMfm49k8jrEjw,41,Trimble,Trimble MX7,-1.7846808397216791,1.1443832171924295,1.3947953613916944,1.4265369556972178,2.532637213489661
annapolis,lskcnhp8gwon1l9hyur4w1,28,Trimble,Trimble MX7,-1.7730140023846723,1.2861942105746833,0.7706655006545379,0.7265340462183376,2.11739573507368
annapolis,3U22eQSvDHT9HWOFvyyxYw,67,Trimble,Trimble MX7,-2.1336334517449163,0.5782498459938765,0.7448850555011413,0.7587961821777767,2.3789069966671494
annapolis,O3A2gJQ6QWdmbm7RBpcHwQ,83,Trimble,Trimble MX7,-1.9635597328889698,1.6813539665185686,0.3446365100479748,1.091475657636571,2.302531230746356
annapolis,xoTzEQD7fiAKZYCScqpOH4,43,Trimble,Trimble mx7,-3.1598086188927774,0.5760388551237886,0.050257498896134116,1.3196435373159154,3.2605018955379377
annapolis,xrirq485euebsfitr7qrb9,34,Trimble,Trimble MX7,-1.6164569291266198,0.8482738563856731,0.7384633993530981,1.018978547624194,2.124047330632237
annapolis,AFFJ8taenKQB44stj6JU5g,100,Trimble,Trimble MX7,-1.659760856287932,1.181543736272218,0.4805929466180001,0.8997084646006822,2.0655236586374124
annapolis,b9gEm5BdwkHP4acfRJvUiD,134,Trimble,Trimble mx7,-2.575186296894591,1.6753869288873922,0.1024296273884596,0.6372297465457103,3.159977180033174
annapolis,4sd5frAMh6VizUug1Dy0Pk,63,Trimble,Trimble mx7,-2.884132540721601,1.2241879993107525,0.2984509509125563,0.9549463754155822,3.079323728625643
annapolis,UORKAkLVms9cBf2gSpWZj8,84,Trimble,Trimble mx7,-2.410803259534237,1.1211588451101546,0.5885387460559962,0.9916254912465233,2.5175790309643657
annapolis,zVJ_cNz4336ThIex4EuTBg,45,Trimble,Trimble MX7,-1.4807274310531848,1.544969300318097,0.4204296697649825,1.3680630303172412,2.354438528747841
annapolis,PYsdpcW7Evb3Aiwq2uBK6o,11,Trimble,Trimble mx7,-4.697353987026837,1.6495582302918663,-1.2091096953496274,1.4884617632796924,4.116316745164396
annapolis,F9YhyExNq63MxnthmqcIzA,22,Trimble,Trimble MX7,-3.3575258857489723,0.4611451086085997,-2.237997021019575,0.641123503880601,4.2378939530793485
annapolis,XkDCWV84wynJl9te5OqMuH,37,Trimble,Trimble mx7,-4.2972713724731815,2.065401325662142,1.8857451936599903,1.3943372218073067,4.322753876572783
annapolis,EAnXN2zhi7Gd9trlDcaKVY,67,Trimble,Trimble mx7,-1.8941940004693023,2.040162991972933,0.30693369643623236,0.9622723589027382,2.276695508249796
annapolis,cT_TbAUmjxaJdjSoDGO7QA,32,Trimble,Trimble MX7,-2.631372334070826,0.4578813652431735,1.4683446091449222,0.410670209463075,2.850250452836137
annapolis,i80UMrHVkEUVvrep8MzQ6Q,64,Trimble,Trimble MX7,-1.8436503524413506,1.3627879488151824,1.2616800109396618,1.1072298000376815,2.658150338348771
annapolis,f13m501por8wgfbnf4ovle,41,Trimble,Trimble MX7,-1.8062095543610277,0.8930645529183705,-0.5013481583208722,1.3011410864757205,1.9707451147300663
annapolis,8bzdo2heQ03kqrJPKxIUyj,63,Trimble,Trimble mx7,-3.125665729771386,1.9475645310762577,0.5217616736021888,0.8579684006510948,3.1085320006109747
annapolis,FhL2BdloMg4pEYsfZHzcw1,138,Trimble,Trimble mx7,-2.935398999090812,1.831820526045624,0.41369987620863513,0.8489470109304786,3.173305737717732
annapolis,a8siduux7ug7h9c80vs85m,18,Trimble,Trimble MX7,-0.1945510906826944,1.6574585375915567,0.3597793664431347,1.0118956789828168,0.7670783627361762
annapolis,HwdQX42VK7Jqi0EZvkLeAB,94,Trimble,Trimble mx7,-2.2478451275183446,3.7810525185066517,0.70871903295601,1.3267205681476397,3.9421234189714465
annapolis,sB5V0vmWYM8jat2iHTpOlk,58,Trimble,Trimble mx7,-3.555700585827043,0.7691452713090696,0.3761468986383495,0.7313006797745296,3.573362154680729
annapolis,K3QWGuCAva7HflUIVLBkMO,36,Trimble,Trimble mx7,-3.2485426013240835,0.6758710501809414,0.6046093360137406,0.6093917729899272,3.368315453556131
annapolis,QW4oAIiqa1DJ6Xsv0zjnRP,67,Trimble,Trimble mx7,-3.298966818579467,2.1566354356152724,0.43727772038223506,0.9751103576100109,2.823627582369375
annapolis,LkydGL7jw4Muzhx25V3b9Q,45,Trimble,Trimble MX7,-1.2379746236450473,1.1527566177564172,1.1692675719022336,0.4763076032063406,1.5524088721788885
annapolis,w6Zgjbi1IlDVtKtNE9N7FQ,112,Trimble,Trimble MX7,-1.3474927187993218,0.9076568693335038,0.7068422599246009,1.0164141250867418,1.8791500797177736
annapolis,hCepDFxYV7084oULlyXAOq,67,Trimble,Trimble mx7,-1.9171020070584397,1.7582794985866466,0.7361553254885452,0.9674485603189107,2.5728066394405813
annapolis,hf0Bdq8zUbGPfwcolu-QgQ,40,Trimble,Trimble MX7,-1.3419573501399404,1.5452894797497867,1.6412486039919258,4.300123832582059,1.849094769700868
annapolis,nolARvbrMpH3qwejCYahQN,43,Trimble,Trimble mx7,-2.109000920199692,1.6110268327774322,-0.5114919648450212,0.9233401665591064,2.587916840889264
annapolis,ak0LNnxu7XJWs2IKjqZ31f,21,Trimble,Trimble mx7,-3.2791794408538997,0.8612577580076489,-0.04955018565392818,0.5570788889802951,3.6329659616278125
annapolis,o64mnbR9XSd5rMkAwjYpLx,73,Trimble,Trimble mx7,-2.478881210396852,1.6012812459217738,0.7174583055691578,0.4414976930589628,3.178942245978056
annapolis,gQA15wCTU8x7crE6Rq9MOP,70,Trimble,Trimble mx7,-2.81507386021875,1.4245633440794483,1.713780014914223,0.97536178572538,3.4762673347588655
annapolis,VxNKwAJMkhHUFDYrL91Gdq,33,Trimble,Trimble mx7,-2.438768877219598,0.8962353710306494,0.747795246600022,0.8144178732759196,2.327959035212704
annapolis,j3EN9VZPrvbQgSiCfI12nM,129,Trimble,Trimble mx7,-2.4138309438476746,1.2060097924330502,-0.09907525288634804,1.2378736858760784,2.6115108058436194
annapolis,i16uQqLFNd-xB5yNApZWjw,41,Trimble,Trimble MX7,-1.8940860764809218,1.512783020599595,0.10488125341059712,0.7358540887259334,2.3116579733143197
annapolis,24mr93tqaijmnfh0hrg94l,42,Trimble,Trimble MX7,-1.092283330164334,0.7781510443053385,0.5988907462840855,1.3262945229682603,1.8775991925508948
annapolis,_kJ3il8cJ6qa-DsW_GYliQ,49,Trimble,Trimble MX7,-1.9889070204200223,0.7797284408219001,0.33644389293444155,0.9574054434902106,2.1356158946088084
annapolis,k3pj8sklro5ehnxvyzt98q,7,Trimble,Trimble MX7,-1.79667348427788,0.7153692415033088,0.2862317325512317,0.5936258561607531,2.035229980184001
annapolis,6VyNkWB5P3W8S5sWH-RBbw,5,Trimble,Trimble MX7,-2.466056352518302,0.26155189308734944,0.8368121035184581,1.102581249005342,2.8465184095762464
annapolis,wAG70HlEopjdqYeI9u1aOT,71,Trimble,Trimble mx7,-3.3619566630369264,2.046258775826088,0.22159452707663038,0.9074298094642321,3.6699346405183255
annapolis,VTYifBuME72SOe8W0XA1wd,82,Trimble,Trimble mx7,-1.2809830936984745,1.8865028243002657,-0.09248704838040063,1.1726456429511807,1.482715968829262
annapolis,nGTzVvcW77ZAiGCBITT4zA,55,Trimble,Trimble MX7,-1.222884012034339,1.828121109285999,-0.012922866254215983,1.2262608707342615,1.9843739234798443
annapolis,2rSdsv1syw2SeAUimmiWzA,18,Trimble,Trimble MX7,-2.2717902042778775,1.8639775149029736,0.1843907884714158,1.2116916575791425,2.67184288152716
annapolis,bGib05xL-Yfq3-87H0uNSA,123,Trimble,Trimble MX7,-1.7028591390943548,0.8593378229896642,1.0410062447176922,3.469333695286279,3.8351627307665157
annapolis,UM8tdRmisvxlzrpIJeXh5T,15,Trimble,Trimble mx7,-0.013523131482553855,1.6303658798034875,-0.4317309943918445,1.3130007364175882,2.0839461089701636
annapolis,pyGdAz-s6885zfjc9ReLkg,59,Trimble,Trimble MX7,-2.0615398095831714,1.2042624748864221,0.24285152874095417,1.3156414130417315,2.3592655494637937
annapolis,SrULOPEz0JsAuXnF36QhSA,48,Trimble,Trimble MX7,-1.019546572781538,1.225998122104772,1.092199446033694,1.153689082569375,2.2280189139972872
annapolis,8a3XkBYyBiXLIb6KqZCoQw,30,Trimble,Trimble MX7,-1.5936737857742214,1.161483822068971,1.7911916903132075,0.8773432612256633,2.7737457964428827
annapolis,12yElLNwy8HEZ-yembKESw,25,Trimble,Trimble MX7,-1.5072422200651312,1.38340605185618,0.7485404754283471,1.1432563787044043,2.5188579461936436
annapolis,lUHrb1dGu9fSQMDeJCzOI2,46,Trimble,Trimble mx7,-3.733138093873184,0.9296202286884001,0.9630225403944599,1.039905595953337,4.184555933945519
annapolis,TyXDd-4cRFLvSyfUc0YgyA,26,Trimble,Trimble MX7,-3.352710705328923,0.8166940905708772,-0.023486920641716893,0.8302033416237908,3.5362043884568175
annapolis,0w42QYfJvQwQ9vAkuT7icA,27,Trimble,Trimble MX7,-3.131036677844188,0.5303052340208135,1.6282000855122585,0.258843225741665,3.5654158466487735
annapolis,5RRz-9-cLp7n5ERtwT2d7Q,14,Trimble,Trimble MX7,-1.1012744910450376,1.1292002810089723,0.2074150975433823,0.5925530951378368,1.2138800609291356
annapolis,etakdlk0ozkoxivsldkuqe,37,Trimble,Trimble MX7,-0.447966452328373,2.2749850065318578,0.9123409898718238,1.0392209643168921,2.0152394549247163
annapolis,xemRr53QWzjV0ca2CoTDyw,22,Trimble,Trimble mx7,0.11944896288658206,1.5597129845607594,1.9874554006715641,0.8303063209244509,2.2762100666344005
annapolis,4DvUwZwY24XFqjXa8D5WAA,119,Trimble,Trimble MX7,-1.8666681008482846,1.9626950828836218,0.36413341542346206,1.3235143362896848,2.5474889077347185
annapolis,e6ComYhB0XQTxApRyIZzgu,46,Trimble,Trimble mx7,-2.7781376592077187,1.1687113730870116,-2.061598742458878,1.163358511360935,3.846168419820409
annapolis,uZqK7ns5RhhBFgyNrIquEQ,37,Trimble,Trimble MX7,-0.9156607953029025,2.4136635807641444,-0.22779204023589514,1.7299474582619527,2.4178788551784645
annapolis,u5WwjivVsnH0eqUtGycCTD,21,Trimble,Trimble mx7,-3.0443468761091332,0.4456569030398769,1.7690637458463105,0.7402902457081866,3.592450603836603
annapolis,X2Erqk1Z22tTj3-krofQ6Q,16,Trimble,Trimble MX7,0.2328898774188896,2.2515347559298595,2.5796151445669895,0.3916487717072281,3.2634186985171394
annapolis,n4bXxZ6O5WS0A5rnznVQFg,65,Trimble,Trimble MX7,-2.167863068440981,1.5140300100899755,1.1531909423868563,0.7305550519850234,2.882544730502647
annapolis,cjguFMy1H5CJx6IAsX2hdY,16,Trimble,Trimble mx7,-1.3328652257432652,0.3672535584157444,0.956529264099125,0.6121773042933758,1.823399587470913
annapolis,0YsTZP85tHmJXMDUgCz6aA,29,Trimble,Trimble mx7,-1.5503826018015054,0.470652846166757,0.02073071341839733,0.7922111588286757,1.540891795402898
annapolis,b3siBrFfa4VxhTguAMWqK0,62,Trimble,Trimble mx7,-1.9906426713396097,1.6442290283677805,0.22105383633502898,1.167791513769922,2.2911322166736614
annapolis,CnKzvfu1kD7oyQn7xt2f5Q,136,Trimble,Trimble MX7,-1.5748789542154842,1.890684477025607,1.8782412718263557,0.8462974820179574,2.6836896049596612
annapolis,BRA4l3d1U8Ji1S73hHBTrw,27,Trimble,Trimble MX7,-2.0613703857326184,0.6355898182065157,0.0521406934509611,1.1826623246197394,2.2961005053288064
annapolis,BC6apvUIvmJxjnrc_ChkqQ,19,Trimble,Trimble MX7,-1.1806137562900916,0.47042449314477947,0.09166571326555081,0.9291319423644031,1.311542355816918
annapolis,AUnKr0la9yPGdqeLZ4sOc7,10,Trimble,Trimble mx7,-2.7093386546555505,0.46001401163986855,0.42070826894998425,1.148448217788776,2.8250634141241804
annapolis,6C3vIZgxzjLp0ywEMWuNke,85,Trimble,Trimble mx7,-1.7617218196085414,0.9015298587841557,0.13156185547263577,0.9127480065210622,2.0095377474142424
annapolis,F4Yg_h87gvI7VfuN-aEzvw,26,Trimble,Trimble MX7,-2.1537578672410382,1.9105200444120787,0.6583059800370628,1.2830949137967174,2.877787323432176
annapolis,EPo9ws0htyNlcYT12MAZpg,73,Trimble,Trimble mx7,-1.8437293697024495,3.0780415218237756,0.6339123772163627,0.8934378329058533,3.069324893731147
annapolis,B4imqkPD0e6xw9KWzXgRdU,11,Trimble,Trimble mx7,-5.71101659072959,0.3575241759710588,0.5196893657469682,0.21866523776218139,5.832611598374682
annapolis,ljd6yowd2oim115woh2w0f,27,Trimble,Trimble MX7,-2.788238999394705,1.2714606453561204,0.8939799261310383,1.0213847143736492,3.402107030240484
annapolis,HbxyvGnBp5WkcsrQKOhFUN,49,Trimble,Trimble mx7,-3.1333459890073616,0.8223639851988698,0.5377101061162941,0.832000493128243,3.5389787598857585
annapolis,vwbtdkz7bm6x3yatx9dudy,49,Trimble,Trimble MX7,-1.8359369517410717,1.027851109153685,0.8547548750820612,0.6971086075754327,2.383213437508218
annapolis,G4yIL7HYLN3eGi6lyJR6rA,36,Trimble,Trimble MX7,-1.9513221902338682,1.7463139841144006,0.5499393998444378,1.3208801912942785,2.171278089498441
annapolis,SIG6H3xUnu4qAcWjX8KC9O,24,Trimble,Trimble mx7,-2.7524102602493374,0.8872076871072894,1.1560853445334496,1.0564028325465062,3.22323018890411
annapolis,U28CagOA9ES88D5li5aMVg,142,Trimble,Trimble MX7,-1.92623400406581,1.38893858374026,1.6610896777003978,1.3173032110769538,2.8975716867838592
annapolis,K4u3vri5LXejMYaxzUgV8Q,57,Trimble,Trimble mx7,-3.294405482389317,1.1570412897058615,0.8145328126167396,1.830909801759589,3.955430749713401
annapolis,Bs5dvAwn1jTu4zOFJypGV0,69,Trimble,Trimble mx7,-2.5977497971829155,1.7394842062091669,0.5937838431104318,0.9080582242728403,2.4660572058325116
annapolis,aoi1jazdn8boeptxmh6fhw,33,Trimble,Trimble MX7,-2.153857669014595,2.38479516072604,0.8816517471043205,1.2292838813305973,2.692582620382288
annapolis,C0jVelPhiDp9hnLTsTmlLQ,39,Trimble,Trimble MX7,-1.3993568241638592,1.5431733981687394,1.2432437096034532,1.2869331727649793,2.62396226321319
annapolis,36GwtHEa7NO14yMfhmV5UR,38,Trimble,Trimble mx7,-4.375259382377398,1.6482115212804018,0.26549272986009603,1.110112134010873,5.079083124802863
annapolis,Yt1RyXnro4UAxKpEHz8LkD,65,Trimble,Trimble mx7,-2.8351819752696774,1.5592133326375903,-1.0142578534696163,1.7028462795181019,3.9350855489146364
annapolis,GsJptZNUDKywQBXez3xaPf,20,Trimble,Trimble mx7,-1.0390832591117694,0.42747191587854183,-0.8764278659536766,1.0075649830996016,1.5291030532053125
annapolis,EmaXPYKwsVdiJ5Akjoyg1F,43,Trimble,Trimble mx7,-2.6272577632089833,1.2057092432619794,0.339518500477075,0.7334888566525332,2.810269996999984
annapolis,HJtFFxQAquIsi7-Re00-aA,12,Trimble,Trimble MX7,-2.3419746533467465,1.346695819725531,1.238330485363085,0.7615229014240048,2.647363382001612
annapolis,1sFaG3yZubTc6pEBhdqUzl,28,Trimble,Trimble mx7,-5.697898984755517,1.6426154413849332,0.6157075226413972,2.23023473099978,6.303155973960146
annapolis,sjimFEOVdxK1yUC39MWPp5,47,Trimble,Trimble mx7,-2.351823633375861,0.9681730899771559,0.11912656781122864,1.133975465100776,2.516876258476206
annapolis,1EqJes5UxFCjc0vTO8BoHb,19,Trimble,Trimble mx7,-0.36379409044634203,0.9346136382364817,0.1490206743102237,0.7599762149872251,0.7094873808321532
annapolis,nhBR9ctbGETK7aFLSsY4mi,34,Trimble,Trimble mx7,-0.5911542162579042,2.0740411687402274,0.08306854160642516,1.4367826894446631,2.3809794429517543
annapolis,3RS1jCTvMFb8QGqpz4Wodr,47,Trimble,Trimble mx7,-3.683796071774669,0.9332860894917195,-0.8878514779372852,1.5644709231407348,3.904313495430059
annapolis,09Dsx8jVrvgZukUCEYwmGf,62,Trimble,Trimble mx7,-2.4770604825118183,1.585761365570529,0.655938940580967,0.9558663282049668,2.5873866447542686
annapolis,euP2h2kUMhh2z2pxBB9i9A,25,Trimble,Trimble MX7,-2.1555971819948576,0.9389016214860014,-0.6140024276737143,1.4426824345976834,2.6557406177252054
annapolis,i8JF-JyTSi4Ez0CYyliaDw,46,Trimble,Trimble MX7,-1.969804233744608,1.745911979930297,-0.14249218668789224,0.8318441570392243,2.2423830677151537
annapolis,mDuqAqodfH4MChBeoZKyZQ,34,Trimble,Trimble MX7,-1.876470716525031,1.1424021497902515,-0.9431598649560583,1.4187941023055703,2.59921000195081
annapolis,ya5WAWUsjg5Sk0M2_cA6Xw,36,Trimble,Trimble MX7,-1.7416920080007023,0.6919183512603926,0.34783219232469065,0.8885007585916809,1.9642983185020673
annapolis,wIYdmk0qro3S5Checs8QpX,50,Trimble,Trimble mx7,-2.97315823808763,0.35985831050514394,0.8381144707806426,0.7205125430696617,3.2410413057398757
annapolis,oJ34Z3VFRw8a3QBsiU7kgQ,52,Trimble,Trimble MX7,-1.0536689424703118,1.186327424368072,0.42309410952579857,1.1853895282193716,1.8583228889988481
annapolis,5Y-5ERZ3YU7vOY5LJQBUHA,26,Trimble,Trimble MX7,-2.545511600070159,0.905509527850725,0.05498729960328047,0.9598581000405563,2.781401772834589
annapolis,64XkQz58JS9Mi1hcTwN70F,13,Trimble,Trimble mx7,-2.3919274178831245,1.306943867379298,-0.8116000819686854,0.6438067009396412,2.3240648450159545
annapolis,iplqsq02c9hq2anbv5yrap,35,Trimble,Trimble MX7,-1.6587298195826112,1.753340732384876,0.8115561349801765,0.8057507535758873,2.04545312477642
annapolis,etEqVOcHQbIGuBR0m7s35d,53,Trimble,Trimble mx7,-1.6150471623905718,1.5278579596931106,0.3612536554832361,1.0624733108494138,2.0734629318487072
annapolis,mJg0MfnouYsTAZHz9GVOxw,32,Trimble,Trimble mx7,-2.281682971654938,0.3876508764190765,2.112701612562609,0.5870638312822188,3.1583903960008426
annapolis,RkCluKpU04Svz2YH8jLiWE,52,Trimble,Trimble mx7,-2.536413182939329,1.8922587345673223,1.1932841619839123,1.0066476002474278,2.960171875687459
annapolis,CtdXbnL3khyUwjqDlOEcxN,19,Trimble,Trimble mx7,-3.690576589868903,1.3862444595685406,1.1342953634828912,1.796265354753557,4.009230151008455
annapolis,uXSVh4DkoAZEnYlWK51cy7,301,Trimble,Trimble mx7,-2.67128218555062,1.2174561717953094,0.7492151797991689,1.0512815194963978,3.013332499070896
annapolis,tfMmbkNR1jTc34C5Snye6J,37,Trimble,Trimble mx7,-0.12383536876608908,1.963060008310916,0.3228059959073814,1.0321876649870718,1.765938156007585
annapolis,UocnvSByGdwaNgJfRrezbC,11,Trimble,Trimble mx7,-0.3370301326022467,1.0396308222574673,0.08883526031549684,0.27793678263237676,0.9280396575166356
annapolis,EMFZWUQbYBA0pu2fcV8qHm,89,Trimble,Trimble mx7,-1.850553373687625,1.2494674189903805,0.11491378314183935,1.0073351530535477,1.9200905944007751
annapolis,eNA6xv8FrtWcTyDa523SlP,23,Trimble,Trimble mx7,0.28075349017254625,1.8509314253763192,-0.11133299888620178,0.5690761437544212,0.8685413322283233
annapolis,ie0r4D2p9CJuLHcPEgAwzI,11,Trimble,Trimble mx7,-0.9642880121158957,0.24447465436675186,0.2854519370570616,0.32111069028833267,0.9908744563512165
annapolis,u3RrKENsJk7XqgZBfl5CWD,8,Trimble,Trimble mx7,-2.757358461402107,1.6316564377169813,-0.5214982164263154,1.0619150658778271,3.4076487555937467
annapolis,PYTFv5Lpwke3IH40l6hUnj,34,Trimble,Trimble mx7,-2.657915482918586,0.7188387457206437,-0.5228784634203046,0.874674525568884,2.900706112969312
annapolis,g9c2edqiFrBwIt4zJL8SoW,44,Trimble,Trimble mx7,-2.2160583356764163,0.757294178774616,0.5026872935555668,1.0120344689615624,2.536668648284892
annapolis,NRPVLF3MeQgBWjKYp4J6Sk,22,Trimble,Trimble mx7,-2.889551062835416,0.7879629403060098,1.4038172513124174,1.2307355760054381,3.4168649464883916
annapolis,ZVNXqrC7E9f8HWD6c0l5tR,85,Trimble,Trimble mx7,-2.9307923271917664,1.56023947322696,-0.02988053182798715,1.6544813422327822,3.4286093199331464
annapolis,cMjyreBpnKJi6ak8gvNxfQ,62,Trimble,Trimble mx7,-3.538318871701364,1.4691323315317146,-0.4437061423521307,1.1714170218480553,3.8649774001630477
annapolis,YQyc50dgxc5rWZC9j8ZykA,15,Trimble,Trimble MX7,-1.6253726012361236,0.7698851239305924,0.5290138298071798,0.387111108135187,1.5925683067305607
annapolis,VxZHJIEf13tq7RFlXbkuB9,22,Trimble,Trimble mx7,-2.2225835563961462,1.3747521233786069,1.3319489419315087,0.8047707374095163,3.16185136437593
annapolis,9EyasgfAvtD3YC4ROuQIqm,78,Trimble,Trimble mx7,-1.811823028049395,1.5135077761545515,0.29516889205986907,0.9204998738082982,1.9320589756115292
annapolis,S6pEyOJzmnfCc0DKxuw1oh,16,Trimble,Trimble mx7,-2.245311297379175,1.2678375207245947,1.6044974963401024,0.8009103770265276,3.2328289489955706
annapolis,8zenze4skyqjtt1bl8x5rc,19,Trimble,Trimble MX7,-2.137717459259161,0.8185420967984494,-1.9442715892303486,1.590033172915466,3.316263260516963
annapolis,jNm6da45YDzCRcKTqf1BU9,55,Trimble,Trimble mx7,-0.5600900043039784,1.8500399492495723,-0.1547765314372209,0.9489021312784636,1.1611851653108132
annapolis,DQq6FsieGoHyt5jbSENCd1,46,Trimble,Trimble mx7,-3.5863251768641775,0.8086527048980444,-1.2574970760096367,1.4109223784670202,4.061790503078347
annapolis,aA0f0GWQhntpMSTuYfMa-w,5,Trimble,Trimble MX7,-2.254563161312257,1.0065293077556692,-4.1487835618877345,2.202076486086707,5.280275743899727
annapolis,xeCqBcpk25sjrzO0mEZiAS,36,Trimble,Trimble mx7,-2.7227436227492436,1.1395706939624828,-0.4377186736368103,0.5792200253001376,2.849158458185351
annapolis,iEzOWrpRmuHLUA2eTIZvfa,38,Trimble,Trimble mx7,-2.718766515168788,1.9575777378486772,0.06354285691550454,0.9990948002986599,2.2433171763549886
annapolis,06yBaGiY3d2ZEsRz5TlOvK,6,Trimble,Trimble mx7,-1.6433398435191569,4.448536029985151,-0.10664265580533726,2.046603149323857,1.9998405396369996
annapolis,o6CmgDxJ12zHdjI93iy5Lw,20,Trimble,Trimble mx7,-1.4724508929253903,3.581237579274586,0.30640541439003716,1.7350855900487008,2.681397879928905
annapolis,5I9AZVuzokLY9HgCu_zVfQ,53,Trimble,Trimble MX7,-3.0603079771522452,2.536400022069008,-0.5061128685359729,1.2842799635080842,3.563229996210897
annapolis,mvjw04oe85qkhb11zgg742,33,Trimble,Trimble MX7,-2.766849180393426,0.7499207847351104,1.2033729441073273,0.6825789543863234,3.2538895480581043
annapolis,dgDBZ2efRbcjilx8GyUNYp,21,Trimble,Trimble mx7,-0.7477132850633914,1.0720081971985085,1.7413395840428174,0.8211814568145233,2.0538388980492703
annapolis,8nc9jv6e6nlg39lq450sop,21,Trimble,Trimble MX7,-1.3134502875415142,2.264482995890306,-0.6690098772305514,1.4116613286756008,2.582627292328527
annapolis,6atxPcjT8JWn4vrkoq2YI5,42,Trimble,Trimble mx7,-1.1138353743514358,1.527849361948517,-1.2966665744838333,1.753997561155691,2.2236006361227667
annapolis,er8yPHX2FL13DYdKTIfs6G,46,Trimble,Trimble mx7,-1.8865652898937073,1.0857520754687866,-1.8309476909430955,1.374443177930412,2.8999420537332172
annapolis,8MuVap9OPnbDBfLR1TEI7Y,30,Trimble,Trimble mx7,-3.319078071378452,0.9167177983189351,1.2644401612688854,0.8094439178436537,3.5938371360784447
annapolis,DVB9ZTf35m7xurh18AeS0o,61,Trimble,Trimble mx7,-2.1737303356068556,0.6455986357352508,0.6404622662090212,1.115165051900434,2.578553885636243
annapolis,kGqYYZGJMrdlsVbweanwlw,32,Trimble,Trimble MX7,-1.5101864787974701,0.9410124182533602,0.13712451504594908,0.5289783615920285,1.436224491421272
annapolis,LZvXwIxSf81aQBhO2uFsGd,27,Trimble,Trimble mx7,-2.2641150893975475,3.2315125466730925,0.11335377957923098,0.8098610306702619,3.9050765221408223
annapolis,3biudKXMRVh51Wkaqwzt7p,13,Trimble,Trimble mx7,-0.5683210122032586,1.647862262378242,0.40897097012797307,0.38634996112842696,1.5659831297095932
annapolis,dzvY2V1LjOx8JUr4TWeGR9,25,Trimble,Trimble mx7,-2.0982501357849364,2.260790423845729,0.06362621356660157,1.2017450880058074,2.445342485571423
annapolis,lV14Lxium0gDwW8dGjsteC,50,Trimble,Trimble mx7,-1.2389818540335276,1.1590278563504848,0.4265859977128655,1.464951951161416,2.263916287638316
annapolis,p75wuu7oeq5payqgw6y0dx,14,Trimble,Trimble MX7,-1.8276232381938071,0.8714744936497164,0.3349277370416328,1.053548976497332,2.4515194936241222
annapolis,CvSkzXyABKPqUJ1VwTEDlZ,41,Trimble,Trimble mx7,-1.77516531189452,2.445521781368328,0.9613495398872146,0.8047967779125237,1.4534426106208231
annapolis,5IyUN10dveDbkE9GCzmX4x,28,Trimble,Trimble mx7,0.5574556212327322,3.2188731361173937,-0.6835690106773655,1.3056740289993225,3.0182031281652253
annapolis,fQCjRBa1sWuXDOybkGKp24,90,Trimble,Trimble mx7,-3.3041410110212923,1.6445348862260556,0.3505927368355117,2.1138351224161247,3.997766270896355
annapolis,xM5lfBEF2Wy6gQhdSbVORT,59,Trimble,Trimble mx7,-2.8385324270835883,1.9199126399248143,1.0720605147377136,0.8189819332814983,2.9944842130568303
annapolis,dbv70jN8WeRa4GglLmSQhx,11,Trimble,Trimble mx7,-1.6462554102324036,0.3659608104942492,0.5584880037965043,0.5271715191965758,1.5972293624295253
annapolis,Tm8c6yeHf2UdB3znDIXYgN,42,Trimble,Trimble mx7,-2.6101748469719466,4.318487913664245,-0.017474334561534882,0.9114216094079676,3.84286340452015
annapolis,g1LWI8kpAZe3GrwfRidlVn,18,Trimble,Trimble mx7,-1.3357797843579904,1.5217772737296333,0.24380917736229024,1.5329451255212356,2.1523649805895495
annapolis,qSVMWCOUIhn27T-vvCwPIw,35,Trimble,Trimble MX7,-1.8504280731451472,0.6280163907538614,0.8611967035555016,0.9987614134161044,2.1589483404094025
annapolis,xp6UvG2BrKFmL1okPsZX0w,79,Trimble,Trimble mx7,-2.874653835910248,1.6702564786299265,-0.2599304252533557,1.4516258333882501,2.9421159351904005
annapolis,p4DsmS-HwAabjcyDBckFzA,20,Trimble,Trimble MX7,-2.2057597437963303,1.278234606168184,0.165211563184459,1.3697972194478358,2.6203581343334568
annapolis,P2cw0lF7TCIRJByhx6eH9N,54,Trimble,Trimble mx7,-2.505762322990887,1.214782247690332,1.3919621667385813,1.5207283372710945,3.3236535201916704
annapolis,FqboijPUudaEfKnmW0wMtx,15,Trimble,Trimble mx7,-2.9035599297739982,0.44760193256181463,0.2064643618429303,0.9086829595352676,3.1759396731739042
annapolis,n0ARNuJoxsCUjh-v7s0Iqw,48,Trimble,Trimble MX7,-1.0778609252240585,1.0600493040215206,1.0712699858444117,0.5861520925486442,1.522913751293691
annapolis,Y1b8BVUKw2vhomZdJHM6GC,22,Trimble,Trimble mx7,-2.649984968391126,2.0903220537650697,0.20364153915521305,1.5485277910480395,3.707598738760804
annapolis,IwPdSypnxAzgNLi86BQavY,40,Trimble,Trimble mx7,-1.5238032461953488,1.1093224715341716,1.146872257294815,1.5119085862180779,2.4739667915810437
annapolis,MXuKySoZNcV87dl1ixpgjz,11,Trimble,Trimble mx7,-3.105302516757135,0.34028944095667213,0.2925373141677954,0.41394170966146143,3.165872301251581
annapolis,asPy5gwihWHwGCDiZXc6EA,17,Trimble,Trimble MX7,-1.6967765151756278,2.8571824322561694,1.6272296278403924,1.0883125263335354,3.0991585384227904
annapolis,jy4XdFCtV1nQ50NDiEqoLZ,11,Trimble,Trimble mx7,-2.1081102911183938,1.0327289790439067,0.7903452677685185,0.6360929921108911,1.940359908879563
annapolis,1G-oV1Dhbl_hsw19whgL8g,10,Trimble,Trimble MX7,-4.553797740816736,0.8868076915025234,0.09601574860972428,1.095904069119112,4.512848116781205
annapolis,-OyPwSM2iffxU2xtrJH1-Q,21,Trimble,Trimble MX7,-1.2980029895120249,0.511323436276086,0.29072697817194576,1.1273381509300373,1.6166988778579758
annapolis,EdJek9LO3gG7Ktz2Xwl85a,12,Trimble,Trimble mx7,-1.0802978248478778,1.6268267706460287,0.26164171234942146,1.2980004078117613,0.9230570591787975
annapolis,9isznk7oh1ht3zckd5r7p4,22,Trimble,Trimble MX7,-1.9509552223436883,0.7180416304528596,0.059111469357896865,0.55900206375844,1.7451173859907878
annapolis,NwtVIMdT0ujInVqHqd8BKQ,62,Trimble,Trimble MX7,-2.577937960584194,1.3485295942132827,0.6261637896828355,1.455229371434092,3.27500030479377
annapolis,O3-XPH4g17_ztV5h12aHRg,8,Trimble,Trimble MX7,-0.7107346515826085,1.1977914026181726,-1.5978987373768403,1.1933440725775613,2.7029114606024396
annapolis,UWFVWSjDXH1ZOmhyFRVHoA,14,Trimble,Trimble MX7,0.6712521359420225,2.804169476685595,-0.04197612109422873,1.1986640346839874,2.312660152624566
annapolis,XLd1To1v8BzHLNMq8ZqAGg,7,Trimble,Trimble MX7,-2.728026491379468,0.6857763696718345,-0.04703614971609408,0.7900694710116717,2.872647925918935
annapolis,i07mZWGMrkEO5Mo0s0HB8Q,18,Trimble,Trimble MX7,0.7431154993817415,1.0254091203235507,-0.1258747693334568,0.7801296858388211,1.245607047496125
annapolis,131edbyv6o81b85hke3d30,54,Trimble,Trimble MX7,-1.3145381306034347,0.6460612441486127,1.201413326263519,0.6401883329997866,1.8018465268373716
annapolis,TKBW1y31Xs4PLG6xRO5BFw,11,Trimble,Trimble MX7,0.8193573795365211,1.005283304993019,-2.059780306569875,1.8982948294365523,2.855561851995461
annapolis,Gv71oR99TmHY1sCy8mpIHw,18,Trimble,Trimble MX7,-1.8754663412143417,0.5884724726088677,0.6773291085799403,0.30877099907370453,2.031650922735926
annapolis,UzAb625dZ3kWCP3-48yDqQ,17,Trimble,Trimble MX7,-2.710001212844231,0.585667259435639,2.1044734681605184,0.2320842259422996,3.1536580660652573
annapolis,MQ_nAIJ7kuBegM5t0iIQOw,9,Trimble,Trimble MX7,-0.7922380391374398,1.5352345898294437,0.6001136412454505,0.4472805866738583,1.9331538301165594
annapolis,4clh5y04dia2msqduep2nh,12,Trimble,Trimble MX7,-3.1564134525645167,2.4552286765260147,0.6547690894135585,1.1078837552859206,4.90239549633567
annapolis,x-eR_J-q8-tCZWZ51jLvbw,9,Trimble,Trimble MX7,-0.1458964650400689,2.308287568211549,0.08679126803190425,1.321064032740957,2.189819934261926
annapolis,irtEBvWayTfSZAwEZSk5xQ,13,Trimble,Trimble MX7,-1.7418834361436382,0.2689248696724026,-0.1964057828377109,0.31478916875811885,1.6664403183042826
annapolis,UwsrWaBuwKtDxfuPRqRNyQ,20,Trimble,Trimble MX7,-2.012467194841504,1.188731912834198,-0.7779747418817884,1.3346963617225502,2.8896009371285034
annapolis,oMlPIsi_vXlDp160Mechbw,5,Trimble,Trimble MX7,-1.3988069812580464,0.9107162947531349,0.42214837560333274,0.7135044058524103,1.715614377649794
annapolis,zyAiDMv6Du6VnbxwifQonw,5,Trimble,Trimble MX7,-0.8329164021007133,0.1729888161560334,2.08488313534596,0.4913365280562643,2.1678401709953397
annapolis,eEMuiVC-ZRwfpjNDUC4sMw,34,Trimble,Trimble MX7,-1.7007925573613725,1.9263250449325107,-0.1169591331938507,1.477647130473796,2.716469795632466
annapolis,9eEbQTn7ZpZ3HUoSX2A5Qw,6,Trimble,Trimble MX7,-1.7495574933945885,0.1892169327006187,-0.8100209145497326,1.6671989706106098,1.7609716231697488
annapolis,FIIT6pV2bLWb9dHpRgY_cQ,24,Trimble,Trimble MX7,-1.2100287200734139,1.003938803428006,0.5629861429281651,0.5862579944143722,1.7166683805898886
annapolis,MQXKJNIOvQAH8IU1R1--wg,8,Trimble,Trimble MX7,-1.9028664435769633,1.1283590981471654,-0.4313591784773358,0.6564959244103109,2.6863480156465394
annapolis,ZssorPoqlMWYsHwfaTBZUg,24,Trimble,Trimble MX7,-0.5538940193435996,2.042677465469016,0.9396385337887977,1.5441335443690487,2.125561063503334
annapolis,N2rrTLiZNg_qebJiLhTWNQ,12,Trimble,Trimble MX7,-2.057379588682924,0.4814118810721426,-0.28806476104217515,1.1119389796687134,2.263081063442637
annapolis,FaWBJKQKQdmsJQhWTZF9Vw,13,Trimble,Trimble MX7,-1.4954436377077232,2.8789355850936964,0.33790580428388234,1.2307343713002163,2.3296898686379626
annapolis,3QJ9ocQyggsGSiTf8tL0Ig,13,Trimble,Trimble MX7,-2.376640227191661,0.16952624415721912,0.8040014316847472,0.5196395337437756,2.5005292992423462
annapolis,Zx3GeLfOwdSzrYQW5CBU70,21,Trimble,Trimble mx7,-3.3565964460399353,2.6791245274833972,0.5751109315767958,0.6622950466035458,3.032576243418137
annapolis,r11mzSpWebhGm21V2iyrOA,11,Trimble,Trimble MX7,-3.353321285146734,2.1475607020235556,0.39324927845139707,1.2540008995790786,2.990766875644591
annapolis,oj3skgyaafhcw6h5lajn08,6,Trimble,Trimble MX7,-2.2596049822637503,1.4131700208412497,-0.4474120904525456,0.9098221132238464,2.4350221087721935
annapolis,JsOSh1vKBgo_G5PMd9uYQg,20,Trimble,Trimble MX7,-3.5673662319084922,2.525332367456601,3.4859169063633386,4.287211417322728,4.877988471602871
annapolis,6kunww5fppaj9r0wmzzqri,7,Trimble,Trimble MX7,0.06698258232166354,2.4066196232305606,-0.749409786398247,1.2194921920172785,1.7348440421823643
annapolis,mhmB0-YXaaH0MGM5LN0avQ,7,Trimble,Trimble MX7,-1.5806966320420088,0.7900028659209823,0.19477397929816742,1.093813045495095,1.7817355314565027
annapolis,pZZm9n5nBHIUv30zNib6zA,18,Trimble,Trimble MX7,-1.2984354074853548,2.050033851600055,1.2881449012023216,0.8707770927091112,2.70204996321599
annapolis,6eCmt5kiS1UEjDLRKynQxu,12,Trimble,Trimble mx7,-2.542220693342703,0.286074144514784,-0.2281830936839031,0.6818531895793014,2.725840539199846
annapolis,-HvJoj_7eHVmOSF5UBBK7w,14,Trimble,Trimble MX7,-1.3530669992821094,1.0220204638260193,0.5626993298299069,0.8367126626261876,1.31279467799431
annapolis,O2k479mL8V5SogTDn1MeQp,18,Trimble,Trimble mx7,-1.2155214538838177,1.7406350779125028,-1.1130043950959114,0.7977908472959984,1.940867452578011
annapolis,EMe6XaBk_an5w9de9TJrvA,13,Trimble,Trimble MX7,-1.4357259474197726,0.957833496667408,-0.606256324292619,0.8729941301424299,1.5428473984762563
annapolis,PSGr90fC1DUdxlL4XWzHhM,27,Trimble,Trimble mx7,-2.3136364519219397,2.305377156415194,0.4006193035566358,1.2624210401144227,3.365027832352229
annapolis,aWF3Mt-l3cMnQ4GJ4Ccerg,9,Trimble,Trimble MX7,-1.799955870009874,0.8273537778382966,1.0053148538041214,1.155897058275693,2.5182866767210528
annapolis,K3CTfgcULb8qz4yYDRi2GH,12,Trimble,Trimble mx7,-3.1093777157047966,0.34127819498884054,0.4131715519764021,0.40611074885488146,3.2734494964045506
annapolis,h4fP5yECw0mSpMTBxcQkZa,14,Trimble,Trimble mx7,-2.832048754699418,0.7711374096936539,2.6541289346092274,0.6948477900281347,3.9783417631267364
annapolis,QgwDhzEdyxJ9foBniuvCr6,14,Trimble,Trimble mx7,-4.871520650583914,1.0199490608730444,0.3666279538280915,0.8792977669957189,4.9142145538338164
annapolis,Q84wqJCTUpdyIam3REVX2D,5,Trimble,Trimble mx7,-3.9074889552170626,0.8814397297940978,-0.46779512787537947,1.0243039349059746,3.4501403225215315
annapolis,mxW2VhrNzgj5T5zsL9-YHA,9,Trimble,Trimble MX7,-1.6912275498256768,1.2168226370484003,1.6507587960041459,1.2325872294286586,2.924128036138234
annapolis,c3ZkfwJNsbw4ehxQa6KUDw,11,Trimble,Trimble MX7,-2.171764519027023,1.735854935334459,0.33840989975607827,1.056342812201473,3.3161865800731114
annapolis,Y86iSgj_FFQn3TqrMn4eng,6,Trimble,Trimble MX7,-1.5075689923394842,1.035813257715485,0.9927003658811285,0.690544186384715,1.4993430736176903
annapolis,WdJDABuEgyXoAlQoxh6BGQ,11,Trimble,Trimble MX7,-1.4732357635285382,1.2917456410276427,-0.3225774234645095,0.9765506201527747,2.346890628117508
annapolis,YbhwMfWz7TFdGK3e0iJ1s2,19,Trimble,Trimble mx7,0.11012144823067398,1.648587500071298,-0.42775742401459,1.1188518958698042,1.9128027742962403
annapolis,dnCR6mRlBD2NXdt3WyBdcA,9,Trimble,Trimble MX7,-1.5825977408849399,1.7703352996204464,-0.9447798119317893,1.6035544350412192,3.0720616157077867
annapolis,q-3wHroYnW0RDacpKhw-aQ,6,Trimble,Trimble MX7,-0.25945728843971577,0.6231633080707372,-0.1115980935531319,1.7083725082805992,1.8481176567706838
annapolis,s-EEuC_O5hBhB0EZoh8mfg,6,Trimble,Trimble MX7,-0.2535973024469811,0.4632408004955265,0.6163186231245689,0.13714516399097107,0.8088051571957148
annapolis,JOsxyAOg33WQdEvHCytxwQ,5,Trimble,Trimble MX7,-0.9511857559042065,1.599720537352297,0.4036441098617399,0.6797037198685522,1.5963428706071192
annapolis,qVKi6ghZNP1LJS8f3Yz4y5,7,Trimble,Trimble mx7,-2.7117310902581853,1.1272398553274612,0.36902970623983955,0.7777645819774738,2.2178340506712426
annapolis,x0TOba06utU-lXjFkQHsGA,8,Trimble,Trimble MX7,-1.3235689978547371,0.9202352405666107,-1.6021653311330024,0.9122352241648173,2.649012650438003
annapolis,cpk9v1fnblc69ny3koj2h4,5,Trimble,Trimble MX7,-2.898661364964715,0.8074488505382723,0.537424501827458,0.37151769665586687,2.8055308212334826
annapolis,gvEJn64w7cbl-DoUD6nsbg,24,Trimble,Trimble MX7,-1.3479897004914247,1.3369694187225365,0.18904157411057046,0.9920521019057652,1.8928653263246085
annapolis,g5EbVowAKZ6RNvt97xcTJF,10,Trimble,Trimble mx7,-1.1725698799128217,0.657448393072611,0.521728628690015,0.5112970536840271,1.259361547678831
annapolis,UO2-LK2npr6NenK0AW4ctQ,6,Trimble,Trimble MX7,-1.9502140295450912,2.5276739948312272,-15.146014062030327,30.494542620079407,1.9019780530548374
annapolis,W2z-yidPD0MowOwlKUP95A,7,Trimble,Trimble MX7,-0.8424283744246137,2.288387609385578,0.5078180914439462,0.9528620770722337,1.3779287407948213
annapolis,bLmQ6cIRnvPTpiYyd4NJqF,10,Trimble,Trimble mx7,-0.5368737051808026,0.734951930451299,0.4509378724524082,0.5108512658693464,0.660618646335951
annapolis,eVA7aRHzNVRGVm3w7AMF4w,6,Trimble,Trimble MX7,-2.1829680556755893,2.063370141471798,0.7085103196288401,0.7748508143411791,2.7517058624923085
annapolis,3685LYCi_ZHbpbdAWRk5Vw,11,Trimble,Trimble MX7,-1.8216276699303389,0.4135806191519777,0.851665744240111,0.8096318722991698,1.998092525564313
annapolis,b6y15J9QPpjuzGxLElsoaR,5,Trimble,Trimble mx7,-3.2976723415758338,1.4227723241646117,0.9634862395165806,1.4828153641590678,2.75253388433932
annapolis,vEpKjJ-M42mYZSusdOOUSw,7,Trimble,Trimble MX7,-0.16331410683079967,2.1080072960850598,-1.108795219685003,1.1890784611586023,2.4889188545071352
annapolis,aM2mvL5HF-Ndk6IVB0TqZA,7,Trimble,Trimble MX7,0.5522745935360597,0.8088100728664789,0.790161789083663,1.4447883551138188,1.5633221073500911
annapolis,yqTxpFsoPrMVfNbS4wcOdg,7,Trimble,Trimble mx7,-0.22480006502518662,0.6491045041451095,-0.572977601370404,0.5211397281526841,1.062383913716625
laurens,1vDiqGEpeuIsYb6AXo5y0Z,291,GoPro,GoPro Max,-1.10007830179811,1.418314387126445,-2.337534964590247,1.8361098672504037,2.903213555368425
laurens,SpjgxY5nETrQRPuDqzwhoN,304,GoPro,GoPro Max,-1.3525372718579483,0.7279126370823916,-1.8959180068590125,1.1016901944468158,2.480923750918818
laurens,axZPXQLSm6hrvCoYd9f1cl,326,GoPro,GoPro Max,-1.0492781499663812,0.9741477528863195,-3.0128800967714064,1.5047567023469275,3.3814152993029505
laurens,Dq1MnGTap8j642PmRYXywt,267,GoPro,GoPro Max,-1.482717906436794,0.9620146999932246,-2.351013013730245,1.5516450361054543,2.9566823928096846
laurens,ngTGPIQjmsxLf0uY8d4otC,283,GoPro,GoPro Max,-1.0386872309540793,0.9605768431406253,-2.7292496548225396,1.6105968197830538,3.007459832843569
laurens,rF2x7s5zpZ9u1TDVHeXStC,221,GoPro,GoPro Max,-1.0843329595330755,1.2267653166095904,-0.9758011060171671,1.5878845543162512,2.0760669085998438
laurens,sWgIuf2jYGaEJPXzVck8on,314,GoPro,GoPro Max,0.9508418974164441,1.401302550940249,-3.2255197927989787,1.6850163682804922,3.5008360022825125
laurens,C6dwIBRe791hVFz8x2OWJY,118,GoPro,GoPro Max,0.24307526670541807,1.2002318636449143,-2.434095311237851,1.5806182266292244,2.9345439880201787
laurens,C8rnZtapvRTc59YOBjAklG,248,GoPro,GoPro Max,0.42358810716991674,0.966250735470113,-1.3782986312513457,1.311799652609942,1.988101355289411
laurens,OIomhEn0VrPvSL7TxGi9NW,242,GoPro,GoPro Max,-1.280491747643823,0.9952987758883696,-1.830176171628305,1.7518992234091235,2.2788932396330788
laurens,vngsVZuQaY9U4lF7zJ6dro,261,GoPro,GoPro Max,-0.987606100531477,6.991925463030865,-3.0301231529073624,2.840967623321426,3.414107626146008
laurens,sfIZLd16KQWHDVMn2pwRyF,39,GoPro,GoPro Max,0.5195095535289154,0.6378697399221039,-1.7895039197618112,1.3839550433079795,1.802273090629053
laurens,z0rwf2KqY6IS5XELmdtpyV,310,GoPro,GoPro Max,0.48954304362581164,1.1420810596055988,-2.589163603874903,1.4160687267750178,2.9060087364373044
laurens,eTW2wxXc9iFHR8hQ0BZYDL,189,GoPro,GoPro Max,-1.181726018122976,1.385559829125032,-2.4736540010839896,1.9514456515349239,2.88730350856636
laurens,RbiQWPvZCdhHTA03w1rLql,100,GoPro,GoPro Max,3.0045305257264134,1.1103157276710816,-3.225635457645364,1.627730698639411,4.6998004663705775
laurens,BkWj9PJOTmhN5KeQIsozwg,228,GoPro,GoPro Max,0.7276471559216914,0.9902344061622054,-1.796820176323263,2.0249425048010186,2.347388000319851
laurens,z2rS8wRVoXTeflg6sMIUj5,219,GoPro,GoPro Max,-1.1454715065157812,0.9067582297661347,-2.597310739151202,1.7301070890482428,3.2440335116493455
laurens,fqZJNGcvt9HM3QxdhkXisB,287,GoPro,GoPro Max,-1.531268142417649,1.3524303983431134,-2.1152838019298263,2.0327174022897188,3.2457088111989023
laurens,XyPtf86jxEsdVoC1puIBhJ,248,GoPro,GoPro Max,3.66592939543004,4.505554817864221,-1.9801080707543872,1.7200234520967914,3.682512824674886
