city,pano_id,tilt_deg,tilt_bucket,pitch_deg,roll_deg,make,model,v_original,v_documented,v_pitch-flipped,v_roll-flipped,v_both-flipped,v_pitch-only,v_roll-only
richmond,1002881108606016,4.636779300506855,3-5,-4.432922926938315,-1.3611079276307467,none,none,0.09973012183517152,0.1370138683056955,0.057017612280236496,0.13075831084348627,0.05896759902032666,0.13735706597195138,0.0938645617209803
richmond,1021092976148975,0.41400984558286374,0-1.5,0.04166484357646427,-0.41190802730410875,GoPro,GoPro Max,0.1274355334383726,0.12706113598427532,0.1268271375754645,0.12871472473987178,0.13029031402586463,0.1301343150866574,0.12701433630251313
richmond,1023400645666420,1.3065543225370932,0-1.5,0.7032022439899365,1.101204654760613,GoPro,GoPro Max,0.10962045458090885,0.1249395504110572,0.11526761618020998,0.10311529881596805,0.09150897773895138,0.11369202689421712,0.12214716939924808
richmond,1041352537628655,1.7034613119578714,1.5-3,-1.29359606071981,1.1084215994899052,NCTECH LTD,iSTAR Pulsar,0.12174157215730932,0.12994711635960876,0.11905839040294526,0.12342636070074724,0.10369249489103474,0.12713913545387892,0.12673353821194017
richmond,1044606157061812,3.119161432049052,3-5,-1.3209575004842904,2.8258900345720837,GoPro,GoPro Max,0.10843486264293403,0.11654680748170912,0.10865326115782413,0.09489415471974791,0.07392789729029843,0.11684320546620283,0.11620360981545326
richmond,1050503583329955,3.822436567546609,3-5,-0.8020086983262114,3.737474542186221,NCTECH LTD,iSTAR Pulsar,0.13665507074551894,0.16854125391947336,0.15844812255276663,0.10545528290407626,0.09866932904856247,0.1448138152660562,0.16329968956211097
richmond,1051211967136526,3.9932902596404856,3-5,-1.0708340730646924,3.8472594691612376,NCTECH LTD,iSTAR Pulsar,0.11094817634395182,0.13103910893405926,0.12520474860770947,0.07893546323884998,0.07370949877540833,0.10818526434020248,0.1319595026753818
richmond,1069666650973873,2.3914341865079707,1.5-3,-0.1362073201557436,-2.3875543499605363,NCTECH LTD,iSTAR Pulsar,0.12835592717969518,0.13484548305071525,0.133347893234326,0.09902812660873907,0.10027611812239677,0.12897992293652402,0.13609347456437296
richmond,1071700701728910,5.207710877467577,5-10,-4.264592872426685,2.9916612549979256,NCTECH LTD,iSTAR Pulsar,0.07093271765751993,0.10851286211253763,0.05740760962825453,0.09052618442194593,0.0503720574700092,0.10363009531535186,0.08107264870598879
richmond,1073049581231056,3.022446337297531,3-5,-1.916099102753791,2.3379016408376585,NCTECH LTD,iSTAR Pulsar,0.14514141303839134,0.1447358157964526,0.13857385769776764,0.11817103990515117,0.11291203219818105,0.13997784815063258,0.14484501505389763
richmond,1078560817421587,3.414357838327858,3-5,-3.23550103823247,1.0911637729545758,none,none,0.09283496872221268,0.09739013774706332,0.07984025708625181,0.09285056861613342,0.07121351574809291,0.09483175514406501,0.09505015365895512
richmond,1085890173202735,7.152755258700989,5-10,1.3173387815712596,-7.03102029093564,GoPro,GoPro Max,0.057984805703321214,0.11752960079871456,0.10453488916275369,0.044085300219958504,0.04506809353696395,0.059107998065613156,0.11314603060699187
richmond,1089573432664131,0.8807632714841839,0-1.5,-0.8763980485767999,-0.08758424009992713,NCTECH LTD,iSTAR Pulsar,0.08002745581330047,0.08208664181083569,0.07826466780025895,0.08211784159867713,0.07784347066439948,0.08174344414457982,0.08211784159867713
richmond,1092133469495462,6.427499011020121,5-10,-5.194904127288058,3.7901334480834357,NCTECH LTD,iSTAR Pulsar,0.05817200443036987,0.0867042104113692,0.05550442256992653,0.06447436157434129,0.03603575495686629,0.07977785751056893,0.07345990047267678
richmond,1107064934776754,18.466681445661102,10-90,-2.9036454245668333,-18.244838472794516,NCTECH LTD,iSTAR Pulsar,0.09341216479727937,0.03673775018329875,0.03809494095440151,0.041214919738545776,0.04109012058718001,0.09714053944433178,0.03687814922858525
richmond,1108131584865233,6.98576405826964,5-10,-6.981344011837921,0.2490835515402536,none,none,0.10012011918318955,0.17131803503736173,0.06377236634790884,0.16723086283013275,0.06676754598068733,0.1701168432054662,0.10060371589473191
richmond,1110314244387816,6.735867177843399,5-10,3.8414130948064726,-5.537276970906768,GoPro,GoPro Max,0.08941859195357471,0.11128964323042603,0.0679843377065036,0.05255604261891019,0.055613621827371576,0.08356863173330421,0.09542455111305242
richmond,1119166219764581,1.4394460991451548,0-1.5,-1.394104344675533,-0.3584738609312334,NCTECH LTD,iSTAR Pulsar,0.10316209849773021,0.10706207197791055,0.09948052353243998,0.10291250019499867,0.09472255588661997,0.10434769043570503,0.10430089075394287
richmond,1119718896242677,0.5377236040026085,0-1.5,0.3008207544093898,0.44570772193712016,NCTECH LTD,iSTAR Pulsar,0.1416782365879912,0.14222423287521646,0.14230223234482006,0.1411634400886074,0.14114784019468668,0.14492301452350123,0.14252063085971015
richmond,1120239902858678,2.9935504220408338,1.5-3,-1.9427605235764311,2.2779408865799797,NCTECH LTD,iSTAR Pulsar,0.15779292700809636,0.16568647333198133,0.13807466109230457,0.14404942046394084,0.1231143628223328,0.16420448340951282,0.16005491162660093
richmond,1126712375884972,2.3298399117049122,1.5-3,1.083401177693954,2.0627416386370774,NCTECH LTD,iSTAR Pulsar,0.11052524842831069,0.11576681278567305,0.11047844874654852,0.10018251875887244,0.0916025771024757,0.11044724895870708,0.1135360279550099
richmond,1130501775077894,2.370346365164203,1.5-3,-0.5871378282198262,2.296518167095906,NCTECH LTD,iSTAR Pulsar,0.10231970422601126,0.10244450337737704,0.10168010857526169,0.08642341232079621,0.08944979174141617,0.10038531737984181,0.10203890613543828
richmond,1148968923952346,22.194339780607578,10-90,20.806213721427344,-7.903397696169508,GoPro,GoPro Max,0.054459229677238194,0.18694912874592454,0.0221518493674243,0.07300750354897587,0.022541846715442335,0.12440915401775268,0.05545762288816436
richmond,1154113539910333,2.1281331191279347,1.5-3,-2.127760494124755,0.03983191933146058,none,none,0.07243030747390918,0.07737547384677784,0.06297677175795205,0.07696987660483909,0.06260237430385474,0.07690747702915621,0.07397469697206059
richmond,1179500609797636,1.4785479654800087,0-1.5,-0.3539566052865723,-1.435564357914286,NCTECH LTD,iSTAR Pulsar,0.19019390668143457,0.19541987114487622,0.19293948801148153,0.16815125657145533,0.16588927195295072,0.18581033648971187,0.1948270751758888
richmond,1180673306331763,1.3538964456526252,0-1.5,-1.102528182447487,-0.7858393075584159,NCTECH LTD,iSTAR Pulsar,0.14506341356878774,0.14690420105143284,0.1383086595011154,0.14156903733054615,0.1420526340420885,0.14501661388702558,0.14461101664508683
richmond,1185319949364085,1.5176594838853523,1.5-3,-1.447201433552529,0.4571025663599225,GoPro,GoPro Max,0.19596586743210145,0.19963184250347096,0.1793987800882954,0.19839945088373398,0.1792583810430089,0.199351044412898,0.19602826700778433
richmond,1187483045673326,2.7906187773554656,1.5-3,-2.7034231843236354,0.6923958941559996,NCTECH LTD,iSTAR Pulsar,0.08257023852237805,0.08617381401806468,0.06569115330015755,0.08951219131709905,0.06648674789011434,0.0870630079715458,0.08044865294915994
richmond,1193579455857033,4.495720403170678,3-5,-1.584587981369475,4.207742715248755,NCTECH LTD,iSTAR Pulsar,0.09924652512362916,0.16445408171224435,0.14593700762834813,0.0665959471475594,0.05601921906931033,0.10561128184328347,0.1609753053679235
richmond,1237376427883773,2.3463406068589565,1.5-3,-0.6682912279870616,2.2492066422741304,NCTECH LTD,iSTAR Pulsar,0.16072570706519196,0.16464128043929302,0.15971171396034506,0.1433006255557462,0.14097624136155873,0.16323728998642809,0.16351808807700108
richmond,1260990361757674,1.3670308851942092,0-1.5,-0.8088624838742837,1.1020869363904937,NCTECH LTD,iSTAR Pulsar,0.10012011918318955,0.10177370793878601,0.09838853095798948,0.09918412554794627,0.09275696925260908,0.10143051027253015,0.10136811069684726
richmond,1263975528308076,1.4897104392680245,0-1.5,-0.8588884969645747,1.217234049119506,GoPro,GoPro Max,0.11551721448294151,0.11467482021122256,0.11281843283465673,0.11139884248787109,0.10919925744504938,0.11512721713492348,0.11430042275712525
richmond,1273933840289887,0.658812041141041,0-1.5,0.4962247641363288,-0.43335780201953317,NCTECH LTD,iSTAR Pulsar,0.07345990047267678,0.07411509601734709,0.07462989251673088,0.07461429262281016,0.07441149400184079,0.07525388827355974,0.07501988986474892
richmond,1277351374404839,5.2158668463523545,5-10,-4.936645211309951,-1.6857749524624572,none,none,0.05416283169274449,0.05757920846138246,0.04573888897555497,0.054350030419793145,0.044085300219958504,0.05803160538508338,0.0566588147200599
richmond,1279326226723010,2.1948548518865665,1.5-3,2.0179657288087935,0.8634294566786637,NCTECH LTD,iSTAR Pulsar,0.14954058312403476,0.1659516715286336,0.13369109090058187,0.14057064411961998,0.12372275868524094,0.1543141506637755,0.1617241002761181
richmond,1279553583800599,1.2185714316134,0-1.5,-0.9506486330397981,-0.7623889091651965,NCTECH LTD,iSTAR Pulsar,0.08745300531956382,0.09383336193313885,0.08249223905277445,0.08940299205965399,0.0776406720434301,0.09258537041948114,0.09061978378547025
richmond,1288163659019705,2.4762449274387834,1.5-3,0.4002625869162144,2.44370128270889,NCTECH LTD,iSTAR Pulsar,0.15106937272826546,0.15838572297708375,0.1595089153393757,0.1231143628223328,0.126405940439605,0.1479649938380419,0.15774612732633417
richmond,1294684158910702,6.508149150226132,5-10,3.472077468195463,-5.507980715753369,GoPro,GoPro Max,0.05333603731494626,0.07628348127232734,0.06459916072570707,0.03809494095440151,0.041916914964978236,0.05683041355318784,0.07544108700060839
richmond,1294705618516185,5.28998330722925,5-10,-5.140353121073631,-1.2509573006286465,none,none,0.06991872455267305,0.11932358859959752,0.036987348486030296,0.11121164376082243,0.03931173268021777,0.11559521395254513,0.07072991903655056
richmond,1297225628792280,25.458871808826725,10-90,-24.96207243344463,5.173512044910648,GoPro,GoPro Max,0.032088981794923796,0.07118231596025147,0.029047002480383135,0.056675298742628936,0.03623855357783567,0.06625274948130352,0.03336817309642295
richmond,1309093164014619,2.9760272050732546,1.5-3,-2.975658375073348,-0.04687361683056593,none,none,0.08214904138651857,0.08768700372837465,0.06141678236587991,0.08824859990952061,0.06219677706191598,0.08751540489524672,0.08228944043180507
richmond,1315788070079167,14.809920852076509,10-90,-14.468970785499394,3.193813739117081,GoPro,GoPro Max,0.09249177105595682,0.14454861706940392,0.0524156435736237,0.10222610486248694,0.04622248568709733,0.12606274277334914,0.09177417593560364
richmond,1315844333300588,2.487551775344227,1.5-3,-2.4011689205132676,0.6500377346014578,NCTECH LTD,iSTAR Pulsar,0.25967583420432744,0.28037689343712463,0.16994524437233827,0.27945649969580205,0.17287802442943387,0.2805952919520147,0.2610798246571923
richmond,1327023138707493,1.6512375859827608,1.5-3,-1.4025934961829754,0.8714750516927856,NCTECH LTD,iSTAR Pulsar,0.12787233046815283,0.1292451211331763,0.12328596165546074,0.1271235355599582,0.11433162254496669,0.13029031402586463,0.12949471943590785
richmond,1335429861397399,8.079370305357822,5-10,-7.7339136363894845,-2.344403878439655,none,none,0.054459229677238194,0.061463582047642074,0.04286850849414224,0.05545762288816436,0.04343010467528821,0.062009578334867324,0.05419403148058593
richmond,1338631107629110,5.418793377781286,5-10,-4.709738533143992,-2.682891382553505,none,none,0.08701620828978363,0.11295883187994321,0.05821880411213204,0.09475375567446141,0.06406876433240254,0.10977645352011606,0.08840459884872783
richmond,1403202260886086,3.4564178640348526,3-5,-2.9305202296444612,1.8335233529694324,NCTECH LTD,iSTAR Pulsar,0.05310203890613544,0.05486482691917695,0.04661248303511536,0.050808854499789405,0.041870115283216075,0.0554888226760058,0.054365630313713866
richmond,1408179757063785,4.247984329469457,3-5,-1.7004002415719164,3.8933869356106072,NCTECH LTD,iSTAR Pulsar,0.10058811600081119,0.1186527931610065,0.107093271765752,0.071712712353556,0.06838993494844235,0.10533048375271048,0.11556401416470367
richmond,1427673368387929,3.2493161695290333,3-5,-2.4390693779447075,2.1475061212790516,NCTECH LTD,iSTAR Pulsar,0.08018345475250768,0.0803394536917149,0.07058951999126406,0.07322590206386596,0.06743834141927835,0.0785922655725941,0.08001185591937975
richmond,1441274599876577,2.2126360432669134,1.5-3,-1.9340292117614768,-1.0750480277118117,NCTECH LTD,iSTAR Pulsar,0.0661591501177792,0.06701714428341887,0.06087078607865466,0.06907633028095408,0.06439636210473769,0.0674071416314369,0.06464596040746923
richmond,1473003156922360,1.3132922741342885,0-1.5,-1.007222948897246,0.8427999176453278,GoPro,GoPro Max,0.11347362837932702,0.11809119697986054,0.10391089340592484,0.11958878679624979,0.10642247632716098,0.12082117841598677,0.11286523251641889
richmond,1483585545954157,3.7254694030903543,3-5,-3.7137490713899406,0.29548674543346454,NCTECH LTD,iSTAR Pulsar,0.12653073959097078,0.16446968160616507,0.07608068265135796,0.16570207322590205,0.07433349453223718,0.16528087609004258,0.13029031402586463
richmond,1589004208714002,0.21751279932775325,0-1.5,-0.07421560892819927,-0.2044599829881047,NCTECH LTD,iSTAR Pulsar,0.12866792505810962,0.1305711121164376,0.1310703087219007,0.13064911158604123,0.13004071572313308,0.13172550426657098,0.13205310203890613
richmond,1599497457585207,2.158304697780739,1.5-3,-1.1188801927947611,-1.8457571306355296,NCTECH LTD,iSTAR Pulsar,0.13651467170023243,0.14400262078217868,0.12936992028454206,0.13010311529881596,0.11320843018267476,0.14183423552719843,0.13813706066798745
richmond,1701172050581812,1.3176682812618064,0-1.5,0.4581170581917063,1.2354800644376458,none,none,0.14047704475609565,0.13512628114128825,0.1380278614105424,0.1400714475141569,0.14000904793847402,0.14018064677160194,0.1374194655476343
richmond,1739689546844035,2.6155814999894713,1.5-3,-1.3360250969474385,2.24882641385541,NCTECH LTD,iSTAR Pulsar,0.17860318549833862,0.20888257959845874,0.1666068670733039,0.17361121944370778,0.13278629705318004,0.1972918584153628,0.19155109745253732
richmond,1759178911495771,2.127339727886539,1.5-3,-2.073561176709613,-0.4754125036644391,NCTECH LTD,iSTAR Pulsar,0.08324103396096906,0.09355256384256587,0.06736034194967475,0.09074458293683603,0.06728339209385042,0.0939425611905839,0.08526902017066285
richmond,1809151763043139,5.501062918640661,5-10,-3.4447198842728732,-4.291596779395722,GoPro,GoPro Max,0.09718733912609394,0.14067984337706504,0.10941765595993948,0.06235277600112319,0.0687955321903811,0.09250737094987754,0.12901112272436546
richmond,1828524234403425,3.9014729602938663,3-5,-3.718364731010909,-1.1820394040081528,none,none,0.05257164251283091,0.06035598957927086,0.04445969767405582,0.05888959955072306,0.04349250425097109,0.0603091898975087,0.0524936430432273
richmond,1847752429062443,0.759534904091941,0-1.5,0.7369786012467188,-0.18373261437826863,GoPro,GoPro Max,0.07311670280642092,0.0718687112927632,0.07013712306756315,0.07239910768606773,0.07019952264324603,0.07216510927725692,0.07191551097452538
richmond,1905003193597285,1.8828336917287714,1.5-3,-1.8727943081082281,-0.19421025649477858,NCTECH LTD,iSTAR Pulsar,0.14355022385847777,0.15361215543734302,0.11673400620875778,0.15305055925619707,0.11550161458902079,0.15152176965196637,0.1433006255557462
richmond,1976970169406126,0.40194308497557385,0-1.5,-0.025212830734418337,-0.40115155130459423,GoPro,GoPro Max,0.06842113473628379,0.06631514905698642,0.06583155234544405,0.06870193282685677,0.06835873516060091,0.06943512784113068,0.0663775486326693
richmond,1991198475040883,2.9764922350720426,1.5-3,-2.2332450197773928,1.9682695327043502,NCTECH LTD,iSTAR Pulsar,0.1859819353228398,0.19056830413553189,0.1386830569552127,0.17665319875824845,0.15634213687346926,0.19523267241782755,0.17944557977005757
richmond,1991876994661275,1.2405886479393105,0-1.5,-0.7554810334352412,-0.9840552441386772,NCTECH LTD,iSTAR Pulsar,0.08397422897524297,0.08584621624572952,0.0833346333244934,0.08274183735550598,0.07893546323884998,0.0857526168822052,0.08503502176185201
richmond,2026086521187684,2.5920929127372045,1.5-3,-1.9007361165449017,1.7627501007701836,NCTECH LTD,iSTAR Pulsar,0.12224076876277241,0.1302591142380232,0.11032244980734131,0.11439402212064959,0.09392696129666318,0.12634354086392213,0.12648393990920861
richmond,2067733823644753,2.3156969497001665,1.5-3,-1.5663294932765228,-1.7058104326656467,NCTECH LTD,iSTAR Pulsar,0.21128496326224983,0.21323495000234,0.19384428185888336,0.17914918178556385,0.1940782802676942,0.20438981014929097,0.21401494469837606
richmond,2111278956050786,2.0700178252545154,1.5-3,-1.587371537047928,1.3287878662575832,NCTECH LTD,iSTAR Pulsar,0.12350436017035084,0.13915105377283435,0.11238163580487652,0.11525201628628925,0.098248131912703,0.1296819181629565,0.13178790384225386
richmond,2141681583023863,8.356771798039208,5-10,2.1635631220908382,8.073763472736738,GoPro,GoPro Max,0.05344523657239131,0.12503314977458152,0.0860490148666989,0.03255697861254543,0.03226058062805173,0.056580815250456294,0.10514328502566182
richmond,2147631415757748,2.1203386021019046,1.5-3,2.038398720796981,0.5838752319972919,NCTECH LTD,iSTAR Pulsar,0.08778060309189897,0.09032338580097656,0.07667347862034538,0.08648581189647911,0.07087031808183704,0.08854499789401432,0.08898179492379452
richmond,2184370012043145,0.6352562547076903,0-1.5,0.31625249572248315,-0.5509427835073226,GoPro,GoPro Max,0.1353914793379405,0.1335506918552954,0.1329110962045458,0.13323869397688096,0.13420588739996567,0.13702946819961626,0.13178790384225386
richmond,2263954690670646,0.9020711717502179,0-1.5,0.02143702143384745,-0.9018164397282556,NCTECH LTD,iSTAR Pulsar,0.13172550426657098,0.13205310203890613,0.1318659033118575,0.12840272686145734,0.12773193142286632,0.13216230129635118,0.1324586992808449
richmond,24127338963626294,8.432278731920238,5-10,-8.138968804078473,2.212119732658024,GoPro,GoPro Max,0.05800040559724194,0.06141678236587991,0.04425689905308644,0.04768887571564513,0.04938926415300376,0.05523922437327426,0.05617521800851754
richmond,2456904447834971,3.395743646807391,3-5,-1.3596677092464837,-3.11194423639127,NCTECH LTD,iSTAR Pulsar,0.11330202954619908,0.12211596961140664,0.12010358329563359,0.08938739216573327,0.07512908912219397,0.1167496061026785,0.12294276398920487
richmond,27724402107145083,1.387453641559914,0-1.5,-1.370591834928491,-0.2156722100567463,NCTECH LTD,iSTAR Pulsar,0.1151428170288442,0.11581361246743523,0.10779526699218445,0.11537681543765502,0.10901205871800072,0.11651560769386768,0.11763880005615962
richmond,372149922554566,3.673138874874935,3-5,-1.747679578047812,3.2312233411047075,NCTECH LTD,iSTAR Pulsar,0.16216089730589833,0.18169196449464145,0.15581174048016475,0.11815359655554342,0.11046457208823438,0.16515607693867682,0.17852518602873502
richmond,3808624879384438,1.4403400271647802,0-1.5,1.2845985993173288,0.6515036125487731,GoPro,GoPro Max,0.14652980359733553,0.14924418513954105,0.13763786406252437,0.14645180412773193,0.13072711105564483,0.1487605884279987,0.14532861176543999
richmond,382838731271782,0.40930199438360826,0-1.5,-0.4063182557404065,-0.04933192125945713,GoPro,GoPro Max,0.18615353415596775,0.1883999188805516,0.1761852019406268,0.19095830148354992,0.17727719451507729,0.1896947100759715,0.1867931298067173
richmond,383880874806933,8.472670955979513,5-10,-8.293555019893017,1.7390373788712523,NCTECH LTD,iSTAR Pulsar,0.14908818620033384,0.1731120228382447,0.07065191956694694,0.155720570341019,0.07210270970157404,0.17108403662855093,0.14833939129213922
richmond,386363531219281,1.6000252273883886,1.5-3,-0.8557159792783056,1.3520232287854808,NCTECH LTD,iSTAR Pulsar,0.08923139322652605,0.08720340701683228,0.08581501645788808,0.08506622154969347,0.08269503767374382,0.08957459089278193,0.08754660468308816
richmond,3901547360084831,1.8733393095840338,1.5-3,-1.822294485912016,0.4344037400450938,NCTECH LTD,iSTAR Pulsar,0.07835826716378329,0.07594028360607148,0.07540988721276695,0.0766110790446625,0.07530068795532191,0.07559708593981561,0.07863906525435627
richmond,3956582084664486,2.1982249959682005,1.5-3,-2.1684775443557616,0.36050011148448663,NCTECH LTD,iSTAR Pulsar,0.15342495671029438,0.16315929051682448,0.12041558117404802,0.16219209709373977,0.11690560504188571,0.1628004929566479,0.1555021684190821
richmond,3980741912187626,3.395727853396015,3-5,-2.9150441498449937,-1.7424423968603822,NCTECH LTD,iSTAR Pulsar,0.06968472614386222,0.06801553749434504,0.06235277600112319,0.070761118824392,0.06244637536464752,0.07026192221892891,0.06692354491989455
richmond,4002322973363581,7.031499066734491,5-10,3.7132752929153736,-5.975249224619473,GoPro,GoPro Max,0.06523875637645664,0.12075877884030388,0.09490975461366863,0.03466296429184282,0.0394053320437421,0.059965992231252825,0.11320843018267476
richmond,4042244719362475,10.855864397728869,10-90,5.376863087144427,-9.444660968410934,GoPro,GoPro Max,0.0575324087796203,0.1499305804720528,0.06158838119900785,0.03191738296179586,0.0429153081759044,0.06113598427530693,0.11542361511941719
richmond,4102292636718018,3.222192082102682,3-5,-1.9680007485985487,2.5518731088726354,NCTECH LTD,iSTAR Pulsar,0.14060184390746142,0.15723133082695037,0.13704506809353698,0.1152832160741307,0.1120696379264621,0.14082024242235153,0.15245776328720964
richmond,4116269558691031,13.785407836147517,10-90,13.73697413590878,1.1658278027220357,GoPro,GoPro Max,0.06018439074614293,0.12097717735519399,0.036441352198805045,0.12503314977458152,0.03587975601765908,0.12590674383414194,0.05934199647442397
richmond,423989957171190,0.7505399098621854,0-1.5,-0.7502471659379819,0.02096118817384805,NCTECH LTD,iSTAR Pulsar,0.10104051292451212,0.1000733195014274,0.09687534124767952,0.1007441149400184,0.09774893530723991,0.10035411759200037,0.10225730465032838
richmond,424364943656028,2.1439723594284956,1.5-3,-0.1289847193328313,2.140090689182608,NCTECH LTD,iSTAR Pulsar,0.09877852830600752,0.09863812926072103,0.09997972013790306,0.0899957880286414,0.09044818495234233,0.1006661154704148,0.09955852300204358
richmond,432356313302579,1.3058650439815294,0-1.5,-0.9017674961953581,-0.9445488686128332,NCTECH LTD,iSTAR Pulsar,0.10757686847729435,0.10815406455236104,0.10724927070495921,0.10601687908522223,0.10508088544997894,0.10714007144751415,0.10771726752258085
richmond,433987753066526,1.037078778281999,0-1.5,-0.2976148282578041,0.9934619686361166,NCTECH LTD,iSTAR Pulsar,0.052228444846575045,0.05137045068093537,0.05132365099917321,0.05199444643776422,0.051417250362697536,0.052275244528337206,0.05207244590736783
richmond,461898606342872,1.8836347263961706,1.5-3,-0.6866660968623609,1.7540572304605107,NCTECH LTD,iSTAR Pulsar,0.16443848181832363,0.16464128043929302,0.16186449932140462,0.16049170865638113,0.15426735098201333,0.1643448824547993,0.16464128043929302
richmond,481381621684815,4.007203394126234,3-5,-0.9653096462268963,3.8893814529372075,NCTECH LTD,iSTAR Pulsar,0.13192830288754037,0.15267616180209975,0.14585900815874453,0.10250690295305992,0.09528415206776594,0.13791866215309737,0.15088217400121678
richmond,514363767744061,1.2143743246868108,0-1.5,-0.639044003197322,1.0326528856461472,GoPro,GoPro Max,0.16303449136545872,0.1652964759839633,0.16328408966819025,0.15832332340140087,0.15821412414395583,0.16417328362167138,0.1638300859554155
richmond,522346373509256,1.6088070092070588,1.5-3,1.562500571780158,0.38326018757301034,GoPro,GoPro Max,0.18761992418451554,0.17095923747718517,0.19470227602452303,0.15618613793426206,0.18866511707720388,0.16526527619612186,0.1901315071057517
richmond,552315380916113,1.873106253570728,1.5-3,-1.7893219116067443,-0.5540342319239203,NCTECH LTD,iSTAR Pulsar,0.2028610205450603,0.20727579052462444,0.17949237945181973,0.210099371324275,0.17768279175701604,0.21184655944339578,0.20359421555933419
richmond,559372759847379,3.870023065269518,3-5,3.868147970212791,-0.12054829355113324,NCTECH LTD,iSTAR Pulsar,0.14206823393600923,0.17780759090838183,0.0785922655725941,0.17613840225886465,0.07672027830210755,0.17637240066767546,0.14414301982746516
richmond,562637219504223,2.468882524912575,1.5-3,-2.117437448733266,1.2698715665708733,NCTECH LTD,iSTAR Pulsar,0.08511302123145563,0.0912437795422991,0.06640874842051074,0.09093178166388469,0.07124471553593435,0.0931313667067064,0.08111944838775097
richmond,563961506051153,1.1915326119852863,0-1.5,-0.6355646176088484,-1.0078934713073917,NCTECH LTD,iSTAR Pulsar,0.07696987660483909,0.07656427936290033,0.07682947755955259,0.07659547915074177,0.07555028625805345,0.07662667893858321,0.07899786281453286
richmond,591584463734236,3.4752544889022654,3-5,-3.0195832412715817,1.7211199854841215,NCTECH LTD,iSTAR Pulsar,0.06040278926103303,0.06547275478526746,0.04796967380621812,0.06600315117857199,0.0430557072211909,0.06565995351231611,0.06271157356129978
richmond,593421160518191,3.0147348239765894,3-5,1.7480189968729638,-2.4566091239695678,GoPro,GoPro Max,0.09431695864468122,0.10823206402196466,0.10286570051323651,0.05954479509539335,0.07019952264324603,0.08558101804907726,0.10873126062742773
richmond,612758008575849,15.429991800870322,10-90,-14.681390607276063,4.8008654422614,GoPro,GoPro Max,0.033726970656599534,0.04577008876339641,0.028282607678267787,0.03729934636444472,0.02842300672355428,0.04406970032603778,0.033024975430167074
richmond,639645829096010,1.9531171555599538,1.5-3,-1.6228816698135924,1.0868475651373608,NCTECH LTD,iSTAR Pulsar,0.07516028891003541,0.0750822894404318,0.07161911299003167,0.07369389888148761,0.06796873781258288,0.07441149400184079,0.074567492941048
richmond,662385816800591,2.5784116325493884,1.5-3,-2.2812537556818357,1.2020197348879351,NCTECH LTD,iSTAR Pulsar,0.0973745378531426,0.09901252671481833,0.08581501645788808,0.09784253467076424,0.08127544732695818,0.10004211971358595,0.09593934761243623
richmond,667461712321088,7.286838831740621,5-10,3.7383910431013203,-6.2592418844484286,GoPro,GoPro Max,0.057735207400589676,0.08101024913030591,0.05597241938754816,0.053632435299439965,0.04054412429995476,0.07308664316245983,0.07519148869787685
richmond,681333794968062,7.588036067601379,5-10,6.475193943205059,-3.964485649541028,GoPro,GoPro Max,0.0601687908522222,0.08659501115392415,0.03761134424285915,0.054443629783317474,0.038375739044974495,0.07204031012589114,0.06027799010966725
richmond,700668799338315,3.635006803450881,3-5,3.564175979858173,0.7145507797236694,NCTECH LTD,iSTAR Pulsar,0.10852846200645835,0.12011918318955431,0.07966865825312387,0.12195997067219944,0.07696987660483909,0.12214716939924808,0.1094332558538602
richmond,723487737079243,3.1924700030582165,3-5,1.0092430164907369,3.0289011696247434,NCTECH LTD,iSTAR Pulsar,0.0871410074411494,0.08728276808835918,0.08559661794299799,0.08125984743303745,0.07494189039514532,0.08813940065207557,0.08584621624572952
richmond,724492966635485,3.9096501690567607,3-5,-1.8517912597350765,3.443887996055045,NCTECH LTD,iSTAR Pulsar,0.17272202549022667,0.1946866761306023,0.17649719981904122,0.11854359390356145,0.10537728343447264,0.1838603497496217,0.190505904559849
richmond,761421883101179,15.561213431804584,10-90,-15.36900650694124,2.468164030001886,GoPro,GoPro Max,0.05247804314930658,0.0704023212642154,0.03747094519757266,0.06380356613575028,0.03792334212127357,0.06739154173751619,0.05138605057485609
richmond,775828278323576,14.090080382507164,10-90,-13.29536723806693,4.707758031099071,GoPro,GoPro Max,0.03527136015475095,0.051666848665429074,0.02503782974275775,0.031620984977302154,0.024647832394739715,0.04032572578506466,0.031527385613777825
richmond,780391337668333,10.3115271404211,10-90,-5.82160896032167,-8.525675293786744,GoPro,GoPro Max,0.06391276539319532,0.1783691870895278,0.09965212236556792,0.03690934901642669,0.035037361745940125,0.06569115330015755,0.16553047439277413
richmond,785854814030175,1.7605421361277787,1.5-3,0.23040421531212638,1.7454050913624937,none,none,0.11699920440541005,0.11475281968082617,0.11542361511941719,0.11486201893827122,0.11618800992153254,0.11902719061510382,0.11570441320999017
richmond,822353906794602,4.61438925529644,3-5,-4.553066038449642,-0.7505759218042944,none,none,0.1320999017206683,0.1638300859554155,0.07980905729841037,0.16069450727735052,0.07012152317364242,0.16323728998642809,0.1324586992808449
richmond,839655921736413,9.268633713796326,5-10,-8.17488043847559,4.382861955331585,none,none,0.08631421306335117,0.11912078997862814,0.05534842363071931,0.08767140383445393,0.05823440400605276,0.13064911158604123,0.07427109495655429
richmond,843075271274817,2.907252228487671,1.5-3,-1.2679265002385005,2.6164089061491937,NCTECH LTD,iSTAR Pulsar,0.08242983947709155,0.08790540224326475,0.07191551097452538,0.09047938474018377,0.07104191691496498,0.0916649766781586,0.07991825655585542
richmond,8726984263984099,2.934934781942878,1.5-3,2.1329326895413616,2.016511604178701,GoPro,GoPro Max,0.06456796093786563,0.06912312996271626,0.05837480305133925,0.06391276539319532,0.053523236041994916,0.0695131273107343,0.06706394396518103
richmond,872856994942214,1.5115233571136373,1.5-3,-0.4810104783410114,-1.432961974922924,NCTECH LTD,iSTAR Pulsar,0.11158604121491973,0.11063444768575574,0.1108216464128044,0.10968285415659174,0.10899645882408,0.1120696379264621,0.11038484938302419
richmond,888167256831303,2.151398937553572,1.5-3,-0.6449387672361117,2.0524983109314814,NCTECH LTD,iSTAR Pulsar,0.09848213032151382,0.09687534124767952,0.09419215949331544,0.09244497137419466,0.09090058187604325,0.09882532798776969,0.098248131912703
richmond,893023542323690,1.07956139923652,0-1.5,-1.0135913060958952,0.3716179295611367,NCTECH LTD,iSTAR Pulsar,0.1618488994274839,0.1619268988970875,0.15565574154095752,0.16069450727735052,0.15498494610236652,0.1609753053679235,0.16044490897461897
richmond,896345989301021,0.49843117454640157,0-1.5,-0.49193072425611295,-0.08023687735035119,NCTECH LTD,iSTAR Pulsar,0.111851239411572,0.1144096220145703,0.11107124471553594,0.11350659885806995,0.10919925744504938,0.11355162784893062,0.11578241267959379
richmond,911337534530260,3.5834498010911684,3-5,-3.4277392734050283,1.0454761067046567,NCTECH LTD,iSTAR Pulsar,0.21304775127529132,0.22307848306631514,0.15465734833003136,0.22410807606508276,0.13000951593529164,0.22697845654649548,0.21460774066736346
richmond,925077602773417,3.8237120974898278,3-5,-1.2360508736287983,3.61869928554625,NCTECH LTD,iSTAR Pulsar,0.08447342558070606,0.08628301327550973,0.07643948021153456,0.07328830163954884,0.07063631967302622,0.08313183470352402,0.08246103926493299
richmond,934739365184374,3.4601261131849554,3-5,1.6001901369856926,3.068275179948871,NCTECH LTD,iSTAR Pulsar,0.09158697720855498,0.12570394521317255,0.11238163580487652,0.06475515966491428,0.05531722384287787,0.09991732056222018,0.12121117576400481
richmond,996959015535106,2.5468115976364403,1.5-3,0.47683407913240816,-2.5018039683636246,NCTECH LTD,iSTAR Pulsar,0.10445688969315009,0.10852846200645835,0.10912125797544577,0.08815500054599629,0.0870006083958629,0.10330249754301671,0.10816966444628176
clovis,1064896187252557,0.8177254643835364,0-1.5,0.7681246135017947,-0.28047143534506697,GoPro,GoPro Fusion FS1.04.01.80.00,0.03726814657660328,0.03715894731915823,0.03875013649907181,0.03743974540973121,0.03821974010576728,0.03748654509149338,0.03806374116656007
clovis,1110562892823067,1.3444007737186983,0-1.5,0.6686905432718352,-1.1663310691474948,GoPro,GoPro Fusion FS1.04.01.80.00,0.04714287942841989,0.04778247507916946,0.04683088155000546,0.046643682822956806,0.04297770775158729,0.048063273169742446,0.04642528430806671
clovis,1115273772298326,3.506090250615834,3-5,-2.911176747480151,-1.9547398134294665,GoPro,GoPro Fusion FS1.04.01.80.00,0.04587928802084146,0.04772007550348658,0.04074692292092414,0.04300890753942873,0.036254153471756395,0.04670608239863969,0.04589488791476218
clovis,1181210132352804,7.818753999408623,5-10,7.406206814500089,2.513212581756317,GoPro,GoPro Fusion FS1.04.01.80.00,0.027939410012011917,0.03258817840038688,0.023399840881082008,0.02658221924090916,0.022666645866808107,0.03144938614417422,0.028797404177651593
clovis,1195656127552307,3.9445516660232123,3-5,-3.7369361717457052,-1.2637488609113716,GoPro,Fusion,0.030950189538711138,0.035583358033165376,0.02502222984883703,0.03534935962435455,0.02676941796795782,0.03539615930611672,0.031464986038094944
clovis,1197447770701938,3.5122554627831706,3-5,-3.3376438553815113,1.0942699475656232,GoPro,GoPro Fusion FS1.04.01.80.00,0.06102678501786188,0.0695131273107343,0.05258724240675163,0.06299237165187277,0.05321123816358049,0.06734579264297526,0.06333556931812864
clovis,1198240240634034,6.0173217223517526,5-10,-5.957003213548044,-0.8514031155206666,GoPro,Fusion,0.026956616695006475,0.03247897914294183,0.024008236743990143,0.03197978253747875,0.0237586384412586,0.0318705832800337,0.027799010966725428
clovis,1207873673000217,2.849339060511357,1.5-3,2.731124302196485,-0.8125227567819622,GoPro,GoPro Fusion FS1.04.01.80.00,0.10047891674336615,0.09912172597226339,0.09751493689842909,0.0917429761477622,0.10005771960750667,0.09834173127622732,0.10242890348345632
clovis,1208670676234826,1.729632345236225,1.5-3,-1.7265181049481355,-0.10376194837345226,GoPro,GoPro Fusion FS1.04.01.80.00,0.05313323869397688,0.0524936430432273,0.05344523657239131,0.0524156435736237,0.05335163720886698,0.05186964728639845,0.05419403148058593
clovis,1243806399391315,2.737081469278182,1.5-3,-2.0246572081501406,1.842224465595266,GoPro,GoPro Fusion FS1.04.01.80.00,0.11274043336505311,0.12107077671871831,0.108044865294916,0.10174250815094457,0.09051058452802521,0.1165936071634713,0.11651560769386768
clovis,1281339068951215,1.3222858439296539,0-1.5,1.2941010243886346,0.27157859637409093,GoPro,GoPro Fusion FS1.04.01.80.00,0.029421399934480445,0.027580612451835327,0.029546199085846218,0.027892610330249753,0.030216994524437234,0.028095847243455742,0.02981139728249848
clovis,1362100907510446,6.737503652419295,5-10,-6.676071642259014,-0.9098200442308657,GoPro,Fusion,0.0381573405300844,0.0398421290735223,0.03252577882470399,0.0394053320437421,0.029281000889193953,0.0402789261033025,0.03875013649907181
clovis,1370371966682122,1.0788660827441354,0-1.5,-0.9554786946351965,0.5010346893505422,GoPro,GoPro Fusion FS1.04.01.80.00,0.03542735909395816,0.03505296163986085,0.03407016832285541,0.0349437623824158,0.034257367049904064,0.03485016301889147,0.035692557290610424
clovis,139019651616598,3.2652281286232587,3-5,1.5463201631684957,-2.8762158534801627,GoPro,GoPro Fusion FS1.04.01.80.00,0.06979392540130727,0.07796826981576525,0.07252390683743351,0.0503720574700092,0.05268084177027596,0.07107311670280642,0.07551908647021201
clovis,1414692438885050,2.182626681702816,1.5-3,-1.8194485965331861,-1.2058004842766865,GoPro,GoPro Fusion FS1.04.01.80.00,0.038406938832815936,0.037127747531316785,0.03719014710699967,0.03656615135017082,0.03661352219899535,0.03651935166840865,0.038531737984181705
clovis,142003227963196,6.688754539886216,5-10,-6.681582762053631,0.31036452568992895,GoPro,Fusion,0.009391136140274247,0.009063538367939099,0.008002745581330047,0.008876339640890442,0.008018345475250769,0.009001138792256213,0.00920393741322559
clovis,144203244404799,3.60000517326543,3-5,-3.408442044606921,1.1593731438915966,GoPro,GoPro Fusion FS1.04.01.80.00,0.039779729497839415,0.03943653183158354,0.03722134689484111,0.03761134424285915,0.0365505514562501,0.0381573405300844,0.03903093458964479
clovis,148678610517067,5.570085371210067,5-10,-5.55304016550901,-0.43610990075683903,GoPro,Fusion,0.045348891627536934,0.050294058000405595,0.03449136545871488,0.04938926415300376,0.03669095050153659,0.05002885980375334,0.04353930393273326
clovis,150809456962552,3.1188537439885966,3-5,-2.6366538930668972,1.666513056731012,GoPro,GoPro Fusion FS1.04.01.80.00,0.04299330764550801,0.039186933528852004,0.036441352198805045,0.04140211846559443,0.04294650796374585,0.0424005116765206,0.03862533734770603
clovis,1646577775732974,2.595668923195127,1.5-3,-2.3244796686714415,-1.1554323746424136,GoPro,GoPro Fusion FS1.04.01.80.00,0.034257367049904064,0.03667535060761587,0.03205778200708235,0.03623855357783567,0.03171458434082648,0.036316553047439276,0.03436656630734911
clovis,166346065432248,2.1163901064325774,1.5-3,-1.952156441401829,-0.8175885250098133,GoPro,GoPro Fusion FS1.04.01.80.00,0.06225917663759886,0.06817153643355225,0.05664321482613918,0.06597195139073055,0.04764207603388297,0.06840553484236307,0.06525435627037736
clovis,167719748544354,3.8822353319182685,3-5,-2.279422713334524,-3.1434372784763243,GoPro,GoPro Fusion FS1.04.01.80.00,0.03453816514047704,0.03651935166840865,0.03402336864109324,0.029686598131132707,0.030606991872455268,0.0352401603669095,0.036410152410963605
clovis,168127948505506,5.822266089990439,5-10,-5.758278029226637,-0.8622769754641094,GoPro,Fusion,0.052275244528337206,0.053694834875122846,0.04971686192533891,0.053070839118293994,0.04647208398982887,0.05396003307177511,0.052914840179086785
clovis,170392751596494,6.589112955644534,5-10,-6.411954396804036,1.520826867035301,GoPro,Fusion,0.07439589410792007,0.0831162348096033,0.07029312200677035,0.07409949612342637,0.06325756984852503,0.08029265400995274,0.07842066673946617
clovis,1704575766415957,2.921159685438717,1.5-3,-2.6692592096628087,-1.1871178932415734,GoPro,GoPro Fusion FS1.04.01.80.00,0.046690482504718966,0.048890067547540675,0.042587710403569255,0.046066486747890115,0.04163611687440526,0.048203672215028935,0.04586368812692074
clovis,171723391458583,6.187549279474845,5-10,-6.140797994804301,0.7606465544224036,GoPro,Fusion,0.043305305523922435,0.04294650796374585,0.030279394100120118,0.04266570987317286,0.030092195373071465,0.04308690700903234,0.04205731401026473
clovis,172282998233890,6.071165774038721,5-10,-5.958506570895928,-1.1662591424531692,GoPro,Fusion,0.020919457747687317,0.02202705021605853,0.020358179151976536,0.021371854671388236,0.020342261672620626,0.02180865170116843,0.020357861566541346
clovis,172922364659417,2.6034993645740077,1.5-3,-2.0627901810311355,1.5887719671585676,GoPro,Fusion,0.045224092476171165,0.04658128324727392,0.0419637146467404,0.04380450212938552,0.039935728437046625,0.04623808558101805,0.04472489587070808
clovis,177108551000367,2.175016481411496,1.5-3,2.120644214745926,-0.4833958230073182,GoPro,Fusion,0.08175904403850054,0.08097904934246447,0.0750042899708282,0.0807762507214951,0.07360029951796328,0.08046425284308066,0.08113504828167169
clovis,183964400302616,3.491939232498664,3-5,-2.386568482143479,-2.5498414825929347,GoPro,GoPro Fusion FS1.04.01.80.00,0.03809494095440151,0.03818854031792584,0.03672215028937803,0.03410136811069685,0.03597335538118341,0.037002948379951016,0.03804814127263935
clovis,185678950103109,3.6528644221151167,3-5,-3.6440648498920427,0.25356769220389325,GoPro,Fusion,0.05765720793098607,0.060621187775923124,0.048874467653619955,0.05968519414067985,0.05010685927335694,0.05906119838385099,0.058390402945259975
clovis,1878739745614992,3.515155297452975,3-5,-3.50385331379258,0.28182930955273655,GoPro,Fusion,0.07684507745347331,0.0841458278083709,0.0600907913826186,0.08642341232079621,0.055785220660499506,0.08657941126000343,0.07982465719233109
clovis,192621366051825,5.759525459735323,5-10,1.9629630515207614,-5.415754141659254,GoPro,GoPro Fusion FS1.04.01.80.00,0.020607459869272888,0.022541846715442335,0.020186262733413413,0.021605853080199054,0.018158276523719638,0.021481053928833285,0.02143425424707112
clovis,195183319043473,3.818403186763959,3-5,-2.487062988467043,-2.8982749913234547,GoPro,GoPro Fusion FS1.04.01.80.00,0.029078202268224575,0.03800134159087718,0.0332589738389779,0.021995850428217088,0.02202705021605853,0.0290938021621453,0.035708157184531145
clovis,1978660535622283,4.230228922869172,3-5,-4.179512777763884,-0.6536572564632515,GoPro,Fusion,0.03344617256602655,0.03188618317395442,0.032931376066642745,0.03112178837183907,0.032868976490959864,0.03227618052197245,0.032946975960563465
clovis,203883874892763,2.970445462407339,1.5-3,-2.24364480587991,-1.9471883819334184,GoPro,Fusion,0.030622591766375988,0.03227618052197245,0.029327800570956117,0.02842300672355428,0.02676941796795782,0.031012589114394022,0.031496185825936385
clovis,204886314666549,3.035544566015707,3-5,-2.0576651838827855,-2.2321933916572654,GoPro,GoPro Fusion FS1.04.01.80.00,0.034210567368141896,0.03764254403070059,0.03403896853501396,0.03266617786999049,0.029047002480383135,0.03478776344320859,0.03591095580550052
clovis,217080690010555,1.0555045793604299,0-1.5,0.4950547579749276,-0.9322190354904534,GoPro,Fusion,0.04924886510771727,0.050840054287630845,0.04928006489555871,0.048094472957583886,0.04698688048921267,0.05043445704569209,0.050278458106484875
clovis,219131249781847,1.9606997742353054,1.5-3,-1.8803567300746757,-0.5556194866617425,GoPro,GoPro Fusion FS1.04.01.80.00,0.04289970828198368,0.04358610361449542,0.04080932249660702,0.04352370403881253,0.041292919208149384,0.04372650265978191,0.042462911252203486
clovis,221917589460448,3.1286429751880145,3-5,-3.0899564064476905,-0.49072372957805827,GoPro,GoPro Fusion FS1.04.01.80.00,0.04475609565854952,0.04832847136639471,0.03380497012620314,0.04779807497309018,0.03505296163986085,0.04854686988128481,0.04447529756797654
clovis,222124426103957,2.1770397294822765,1.5-3,2.1447894340217006,-0.3734238980217467,GoPro,Fusion,0.06012199117046004,0.06165078077469073,0.05252484283106875,0.06232157621328175,0.053726034662964293,0.06208757780447093,0.05862440135407079
clovis,232786268184386,0.5024370719616867,0-1.5,-0.44367777138777664,0.23578413363896927,GoPro,GoPro Fusion FS1.04.01.80.00,0.055629221721292296,0.055707221190895904,0.05609721853891394,0.05620641779635899,0.05558242203953013,0.05580082055442023,0.05622201769027971
clovis,232891661506981,6.120822835224493,5-10,-6.03947181535219,-0.9964600644769737,GoPro,Fusion,0.06303917133363493,0.06941952794720996,0.04386758603475711,0.06682994555637022,0.04757967645820008,0.06868633293293605,0.059950392337332105
clovis,233474051445151,4.533657487653671,3-5,-4.40423013449542,1.0766108920965027,GoPro,Fusion,0.05940439605010686,0.06503595775548726,0.039935728437046625,0.06464596040746923,0.041308519102070104,0.06530115595213952,0.05478682744957334
clovis,2493443314123605,6.747290043640958,5-10,-6.5946735769201545,-1.430120035349118,GoPro,Fusion,0.01804907726627459,0.020872658065925153,0.016957084691824095,0.02082585838416299,0.01733148214592141,0.020435861036144955,0.017815078857463768
clovis,259170445960040,3.6942128584414022,3-5,-2.787498696032452,-2.425221940482949,GoPro,Fusion,0.048749668502254186,0.04995086033414973,0.04230691231299627,0.039077734271406955,0.044584496825421586,0.04642528430806671,0.04973246181925963
clovis,2652019851757090,2.568050795213375,1.5-3,-2.5583786489656934,0.22274773871804673,GoPro,GoPro Fusion FS1.04.01.80.00,0.03414816779245901,0.036987348486030296,0.030575792084613824,0.03669095050153659,0.030294993994040842,0.0366285509258537,0.03402336864109324
clovis,285195270004030,1.2309116903340254,0-1.5,-0.9943749366102157,0.7255445737792365,GoPro,GoPro Fusion FS1.04.01.80.00,0.04658128324727392,0.047423677518992874,0.04697128059529195,0.04562968971810992,0.043882501598989127,0.04753287677643792,0.04714287942841989
clovis,2904429339832545,3.5435743881412916,3-5,-3.4484702942352627,0.8159511030993994,GoPro,GoPro Fusion FS1.04.01.80.00,0.04477169555247024,0.04516169290048828,0.03804814127263935,0.046035286960048674,0.03859413755986459,0.04614448621749372,0.04449089746189726
clovis,2908033546190932,2.3034618245282115,1.5-3,-2.1625039854874233,-0.7936069442556899,GoPro,GoPro Fusion FS1.04.01.80.00,0.04486529491599457,0.04477169555247024,0.041916914964978236,0.044646896401104474,0.04140211846559443,0.044662496295025195,0.04417889958348283
clovis,2909136316010153,2.7620754740445173,1.5-3,-2.127664398053595,-1.7616844025105316,GoPro,GoPro Fusion FS1.04.01.80.00,0.07068311935478838,0.07686067734739403,0.06726674258615041,0.06093318565433755,0.05583202034226167,0.07124471553593435,0.07356909973012184
clovis,2938602763134225,2.218427716414386,1.5-3,1.6562557055673095,1.4760913006929581,GoPro,Fusion,0.04566088950595136,0.04442849788621438,0.04439729809837293,0.044100900113879224,0.04405410043211706,0.04424129915916572,0.04449089746189726
clovis,2977612369225705,4.049101777727875,3-5,-4.039696062046808,-0.2760566112111749,GoPro,Fusion,0.04917086563811366,0.06208757780447093,0.03553655835140321,0.06291437218226915,0.036254153471756395,0.06271157356129978,0.04999766001591189
clovis,2979119369077618,2.8123382992355253,1.5-3,-2.7959374043908976,-0.30340372494821805,GoPro,Fusion,0.036410152410963605,0.036363352729201444,0.03392976927756891,0.03742414551581049,0.03319657426329501,0.036378952623122164,0.03734614604620689
clovis,298740268622763,4.363485724293005,3-5,-4.297259892350517,0.7580521053986643,GoPro,GoPro Fusion FS1.04.01.80.00,0.04918646553203438,0.05406923232922016,0.040341325678985386,0.054209631374506656,0.042431711464362046,0.054022432647458,0.04848447030560192
clovis,301397241499290,4.849738427181383,3-5,-4.189716744648059,-2.444768836141238,GoPro,Fusion,0.07194671076236682,0.0776406720434301,0.05416283169274449,0.056331216947724756,0.062071977910550205,0.07227430853470196,0.07072991903655056
clovis,301640868358262,2.5778839530941267,1.5-3,-0.17829102079820078,-2.5717152520195308,GoPro,GoPro Fusion FS1.04.01.80.00,0.057704007612748236,0.06489555871020077,0.06620594979954136,0.04222891284339266,0.0419637146467404,0.0575324087796203,0.06537915542174313
clovis,3043158182635438,1.728297978046177,1.5-3,-1.6667551311991624,0.45716538860843425,GoPro,GoPro Fusion FS1.04.01.80.00,0.04421009937132427,0.043320905417843156,0.04346130446312965,0.04439729809837293,0.04274370934277647,0.04413209990172067,0.043258505842160275
clovis,308441850838672,0.2783613732060406,0-1.5,0.1509941310145601,0.2338502792191088,GoPro,GoPro Fusion FS1.04.01.80.00,0.04792287412445596,0.0477356753974073,0.048203672215028935,0.04923326521379655,0.048827667971857794,0.048016473487980285,0.04839087094207759
clovis,308559267339828,1.2238766534464234,0-1.5,0.5513601301533667,1.0926632254224358,GoPro,GoPro Fusion FS1.04.01.80.00,0.04837527104815687,0.047454877306834314,0.04770447560956585,0.04712727953449917,0.04726767857978566,0.048890067547540675,0.0468620813378469
clovis,310589334058179,1.1927488983620949,0-1.5,-0.040956373123172754,1.1920456166095414,GoPro,GoPro Fusion FS1.04.01.80.00,0.019889864748919708,0.019219069310328688,0.019125469946804363,0.018829071962310658,0.01862627334134128,0.020342261672620626,0.019297068779932296
clovis,311175153796836,2.681441862145525,1.5-3,-2.6759108883159213,-0.17220029267715004,GoPro,Fusion,0.05528602405503642,0.053507636148074196,0.05204124611952639,0.0533672371027877,0.052821240815562456,0.053632435299439965,0.05498962607054272
clovis,314281570321010,2.9640635042529424,1.5-3,-2.461379963492803,-1.651956473334457,GoPro,Fusion,0.06157278130508712,0.06661154704148012,0.056487215886931966,0.05976319361028345,0.04698688048921267,0.06470835998315211,0.06274277334914123
clovis,323628349333170,1.7658799828409997,1.5-3,0.28254940936931994,1.7431358460479045,GoPro,GoPro Fusion FS1.04.01.80.00,0.030248194312278678,0.02981139728249848,0.03017019484267507,0.029265400995273232,0.029171801631748904,0.03112178837183907,0.02910985616673427
clovis,3264932050400483,4.351452833737827,3-5,-3.9309173059006026,-1.8677543869720747,GoPro,Fusion,0.05597241938754816,0.06180677971389795,0.0386721370294682,0.056393616523407644,0.04421009937132427,0.05960719467107624,0.05213484548305072
clovis,327979002173875,2.2397324911647654,1.5-3,-2.177931676992164,0.52263449369299,GoPro,GoPro Fusion FS1.04.01.80.00,0.06517635680077376,0.06642434831443146,0.05683041355318784,0.06548835467918818,0.060777186715130334,0.06695474470773599,0.06413116390808543
clovis,331704768384211,4.897912814258044,3-5,-4.565705435919981,-1.7749804749023983,GoPro,Fusion,0.027752211284963264,0.02703461616461008,0.0244918334555325,0.02573982496919021,0.022760245230332432,0.026504219771305557,0.02712821552813441
clovis,341385827421059,4.574619765697505,3-5,-4.574108196902794,-0.06848483046951237,GoPro,GoPro Fusion FS1.04.01.80.00,0.06101118512394116,0.0677659391916135,0.04993526044022901,0.06675194608676661,0.049529663198290254,0.06779713897945494,0.06283637271266555
clovis,3706361862807633,2.658233207165029,1.5-3,2.570732632211921,0.6766422931197599,GoPro,GoPro Fusion FS1.04.01.80.00,0.07907586228413646,0.07668907851426611,0.07823346801241751,0.07860786546651483,0.07553468636413273,0.07818666833065535,0.0788106640874842
clovis,373977847581697,3.141192488311552,3-5,-2.1425335401055707,-2.297629520853857,GoPro,GoPro Fusion FS1.04.01.80.00,0.05188524718031917,0.05144845015053898,0.04937366425908304,0.04491209459775673,0.037658143924621315,0.05261844219459308,0.05137045068093537
clovis,376064363845819,3.004618512656566,3-5,-2.996372823786667,-0.22254767390160346,GoPro,GoPro Fusion FS1.04.01.80.00,0.036425752304884325,0.03647255198664649,0.03469416407968426,0.03647255198664649,0.03533375973043383,0.036363352729201444,0.035676957396689704
clovis,3893017870814523,5.022622621102152,5-10,-4.6791360367023325,-1.8275263818976493,GoPro,Fusion,0.045333291733616214,0.04901486669890645,0.04428809884092788,0.04628488526278021,0.041214919738545776,0.046628082929036085,0.046223206764219524
clovis,3906688372733138,4.6920367284089926,3-5,-4.55437443427199,1.1294113187126371,GoPro,GoPro Fusion FS1.04.01.80.00,0.017284682464159245,0.01687908522222049,0.016114690420105143,0.01667628660125111,0.015553094238959175,0.017050950048360426,0.01655148744988534
clovis,3912015842228191,2.7003586865433844,1.5-3,0.6335059234577268,-2.6250501196910587,GoPro,GoPro Fusion FS1.04.01.80.00,0.030591391978534548,0.030544592296772383,0.031558585401619266,0.0277054116032011,0.027892610330249753,0.030591391978534548,0.0312153877353634
clovis,3939249736143912,2.1392412463080643,1.5-3,-0.1699223402156642,-2.132485132839801,GoPro,GoPro Fusion FS1.04.01.80.00,0.05511442522190849,0.054350030419793145,0.05313323869397688,0.05408483222314088,0.054350030419793145,0.05708001185591938,0.052977239754769666
clovis,3975206075849203,3.9183264789410086,3-5,-3.8664135348541464,0.636194415575399,GoPro,GoPro Fusion FS1.04.01.80.00,0.04644088420198743,0.050403257257850644,0.037143347425237505,0.04903046659282717,0.03890613543827902,0.050262858212564154,0.046674882610798246
clovis,3975990335818804,4.292999636934873,3-5,-4.2690028415114964,0.45369777622930696,GoPro,Fusion,0.0831942342792069,0.10157090931781664,0.05612841832675538,0.10200770634759683,0.054022432647458,0.10197650655975539,0.08249223905277445
clovis,4029786067103641,5.3671581437609355,5-10,-5.364148043404633,-0.17999171710802553,GoPro,Fusion,0.03392976927756891,0.0421821131616305,0.02772101149712182,0.041916914964978236,0.02772101149712182,0.04222891284339266,0.03400776874717252
clovis,4088414157885402,4.435425462435142,3-5,3.2607526674430805,3.0083659666475433,GoPro,GoPro Fusion FS1.04.01.80.00,0.02634822083209834,0.031527385613777825,0.01935946835561518,0.027112615634213688,0.02308784300266758,0.030123395160912905,0.02530302793941001
clovis,4134475506643495,4.305395172298235,3-5,-4.25294093572762,-0.6706320148144426,GoPro,Fusion,0.09618894591516777,0.10497168619253389,0.07428669485047501,0.10306849913420589,0.07094831755144065,0.10486248693508884,0.09974572172909224
clovis,4142410022468972,2.8590389700026444,1.5-3,-2.4342708497327954,-1.4999277163212323,GoPro,Fusion,0.04913966585027222,0.04832847136639471,0.046893281125688344,0.04514609300656756,0.047361277943309986,0.04839087094207759,0.048094472957583886
clovis,4347306715281715,5.595446840198348,5-10,-5.440540827309156,-1.3094646470725042,GoPro,Fusion,0.0358953559115798,0.04293090806982513,0.028282607678267787,0.04148011793519804,0.02678501786187854,0.04160491708656381,0.03547415877572033
clovis,4648083425204950,7.385245796422287,5-10,-7.249888889858025,-1.4112432583403467,GoPro,Fusion,0.04544249099106126,0.05589441991794456,0.03790774222735285,0.0526340420885138,0.035739356972372585,0.05477208199432155,0.04650328377767031
clovis,476824956956024,1.4287288023042346,0-1.5,-0.6376925314104266,1.278546724399982,GoPro,GoPro Fusion FS1.04.01.80.00,0.06580035255760261,0.06444316178649985,0.06324196995460431,0.06427156295337191,0.06218117716799526,0.06547275478526746,0.06394396518103677
clovis,477834906826400,4.93712584942271,3-5,-4.765659038952802,1.2913376931528608,GoPro,GoPro Fusion FS1.04.01.80.00,0.09113458028485406,0.09392696129666318,0.058421602733101416,0.10575168088856995,0.04037252546682683,0.10199210645367611,0.09202377423833517
clovis,483031622925446,1.1981479594103617,0-1.5,0.8448731637471634,-0.8495882456928555,GoPro,Fusion,0.04080932249660702,0.04032572578506466,0.04074692292092414,0.039218133316693445,0.041043320905417846,0.0394053320437421,0.04015412695193673
clovis,483328876252454,0.45792948827457436,0-1.5,-0.08515284120131797,-0.449942839616914,GoPro,Fusion,0.05692401291671217,0.05873360061151584,0.05829680358173565,0.05693961281063289,0.057251610689047314,0.05974759371636273,0.05814080464252843
clovis,490105898988611,5.508692082443857,5-10,-5.495424416803882,-0.38268563051462273,GoPro,Fusion,0.06533235573998097,0.09333416532767577,0.043305305523922435,0.09765685938036255,0.043991700856434175,0.09581454846107046,0.06308597101539709
clovis,490344308689064,2.881882452493923,1.5-3,1.0026525964379818,-2.701976981633969,GoPro,Fusion,0.06516075690685304,0.0693727282654478,0.0690139307052712,0.04491209459775673,0.0402789261033025,0.06562875372447467,0.06916992964447842
clovis,492435855406236,4.571441775753094,3-5,-4.4732247782561805,0.9434772602520006,GoPro,GoPro Fusion FS1.04.01.80.00,0.04926446500163799,0.05940439605010686,0.03634775283528072,0.058655601141912234,0.03692494891034741,0.05884279986896089,0.046784081868243295
clovis,494271831919687,4.76013127488882,3-5,-4.710148635247665,0.6887806630332035,GoPro,GoPro Fusion FS1.04.01.80.00,0.05065285556058219,0.055863220130103114,0.02676941796795782,0.05684601344710856,0.03681574965290236,0.05751680888569958,0.045348891627536934
clovis,499704301465714,3.8292836533026113,3-5,-2.073301038725906,-3.220149593467179,GoPro,Fusion,0.039062134377486235,0.041854515389295355,0.039904528649205184,0.030794190599503925,0.03383616991404458,0.03786094254559069,0.04109012058718001
clovis,504758370672604,1.7018401148390712,1.5-3,-1.7018309810661718,-0.005576513751179794,GoPro,Fusion,0.06158838119900785,0.06235277600112319,0.060636787669843845,0.06222797684975742,0.06018532963090075,0.0622123769558367,0.06168198056253218
clovis,506669223705998,4.237270088330528,3-5,2.4180210343804873,3.4806360127129747,GoPro,GoPro Fusion FS1.04.01.80.00,0.033461772459947275,0.037002948379951016,0.037002948379951016,0.027533812770073163,0.027689811709280376,0.034194967474221176,0.036363352729201444
clovis,507337747134100,2.711094104247426,1.5-3,-2.3086216904615613,-1.4217563874998274,GoPro,GoPro Fusion FS1.04.01.80.00,0.0649891580737251,0.06924792911408202,0.057844406658034725,0.06299237165187277,0.05186964728639845,0.06626834937522424,0.06612795032993776
clovis,507362710300684,4.628826036275574,3-5,-4.434074908375975,1.3298655461704443,GoPro,GoPro Fusion FS1.04.01.80.00,0.0272686145734209,0.03197978253747875,0.02516262889412352,0.02831380746610923,0.02355583982028922,0.029686598131132707,0.028142208632981294
clovis,517195446066836,5.696813526936731,5-10,-5.683837252722666,-0.38492180298761597,GoPro,Fusion,0.05177604792287412,0.053024039436531833,0.041292919208149384,0.052212844952654325,0.04310250690295306,0.053523236041994916,0.051666848665429074
clovis,525644228599460,5.481686885189187,5-10,-3.6428078855086077,-4.098962608931092,GoPro,Fusion,0.04374210255370264,0.04821927210894966,0.028033009375536246,0.04407038781941281,0.0317301842347472,0.05119885184780743,0.038952935120041186
clovis,531478437866297,3.2789636820815478,3-5,3.276588004276128,0.12486343898446091,GoPro,GoPro Fusion FS1.04.01.80.00,0.04146451804127732,0.04428809884092788,0.03564575760884826,0.04363290329625759,0.03534935962435455,0.04425689905308644,0.0414489181473566
clovis,542282330125531,1.132568860431621,0-1.5,-0.8281529184293697,-0.772603738836347,GoPro,Fusion,0.04004492769449168,0.039748529709997975,0.037938942015194294,0.03792334212127357,0.03862533734770603,0.03857853766594387,0.039155733741010564
clovis,545146053319322,0.21763285798731072,0-1.5,-0.21760254699597018,0.0036321455288687416,GoPro,GoPro Fusion FS1.04.01.80.00,0.06807899909519204,0.06720434301046753,0.06885793176606399,0.06720434301046753,0.06884233187214327,0.06729794237399185,0.06809353696394864
clovis,637757707623691,4.31205708906455,3-5,-3.9284622628769883,-1.7793211260206978,GoPro,Fusion,0.039935728437046625,0.04277490913061791,0.035021761852019405,0.04172971623792958,0.032229380840210285,0.04307130711511162,0.039764129603918695
clovis,744451279581577,3.8942317089058784,3-5,-3.877851226735332,0.3570787251768893,GoPro,GoPro Fusion FS1.04.01.80.00,0.03996692822488807,0.03957693087687004,0.03481896323105003,0.03943653183158354,0.03533375973043383,0.038516138090260985,0.03949893140726643
clovis,755820925099849,2.110509039041792,1.5-3,-1.3701126230789396,-1.605469137664912,GoPro,GoPro Fusion FS1.04.01.80.00,0.030544592296772383,0.030482192721089495,0.03112178837183907,0.029499399404084053,0.028235807996505623,0.0298269971764192,0.030918989750869694
clovis,773395216705340,1.5015404550608562,1.5-3,1.4509227327150667,-0.38662503233306983,GoPro,Fusion,0.06271157356129978,0.06400636475671966,0.06399076486279894,0.06278957303090339,0.06332095722442357,0.0637411665600674,0.06533235573998097
clovis,775225080310516,0.6295319522392178,0-1.5,0.13594369908928153,0.6146791834572937,GoPro,GoPro Fusion FS1.04.01.80.00,0.034210567368141896,0.033726970656599534,0.0339921688532518,0.034928162488495076,0.0338517698079653,0.034881362806732916,0.0332589738389779
clovis,777059616337842,2.018726046204936,1.5-3,0.5183962714278559,-1.9510571584873968,GoPro,Fusion,0.037002948379951016,0.036254153471756395,0.03620735378999423,0.03550535856356177,0.03577055676021403,0.0367689499711402,0.037049748061713184
clovis,777844299592863,5.047116420365056,5-10,-5.011837083163398,0.5964738940560853,GoPro,Fusion,0.038422538726736656,0.03948333151334571,0.036956148698188855,0.03937413225590066,0.03616055410823207,0.03881253607475469,0.038406938832815936
clovis,778142686176383,3.4116938198205387,3-5,-3.325739379953924,0.7614220711773456,GoPro,GoPro Fusion FS1.04.01.80.00,0.05205684601344711,0.053788434238647174,0.04389810149290985,0.05416283169274449,0.04182331560145391,0.054365630313713866,0.05065285556058219
clovis,796298687952468,0.6116323873246108,0-1.5,-0.4425207383056172,-0.42222401421252015,GoPro,Fusion,0.03587975601765908,0.03508416142770229,0.03594215559334196,0.03619175389607351,0.035676957396689704,0.03575495686629331,0.035739356972372585
clovis,805303977081180,5.994880184369028,5-10,-5.953449737847704,-0.7048502949524278,GoPro,Fusion,0.03550535856356177,0.05452162925292108,0.022417047564076566,0.05466202829820757,0.021293855201784628,0.054396830101555306,0.037034148167792456
clovis,807482166820261,4.844228924149195,3-5,-4.3736482605484,-2.084754304006864,GoPro,Fusion,0.051698048453270515,0.09281936882829196,0.04361730340233686,0.055925619705786,0.0333369733085815,0.07888866355708782,0.06661154704148012
clovis,812831093002742,2.914775683841492,1.5-3,0.24774633391596804,-2.90423683901199,GoPro,GoPro Fusion FS1.04.01.80.00,0.029405800040559725,0.030123395160912905,0.03051339250893094,0.027549412663993886,0.026535419559146997,0.029780197494657035,0.03018579473659579
clovis,825040278408836,1.7165570578898768,1.5-3,-1.6318609506356467,-0.5326111900672437,GoPro,GoPro Fusion FS1.04.01.80.00,0.05533282373679859,0.05416283169274449,0.05254044272498947,0.053679234981202126,0.05450602935900036,0.05396003307177511,0.055036425752304885
clovis,841498166782932,4.407569768860359,3-5,-3.8476616189571926,2.1515419493865484,GoPro,GoPro Fusion FS1.04.01.80.00,0.023711838759496437,0.024523033243373946,0.020077063475968365,0.022073849897820696,0.020903857853766594,0.023711838759496437,0.02319704226011263
clovis,856069755259257,2.8893520197748117,1.5-3,-2.090535573054816,-1.994939217509742,GoPro,Fusion,0.05322683805750121,0.05405363243529944,0.04391370138683057,0.05010685927335694,0.04494329438559818,0.05463082851036613,0.050980453332917335
clovis,858708244726347,4.049346375019705,3-5,-3.7844812042438973,-1.4415030235580786,GoPro,Fusion,0.057875606445876165,0.06083958629081322,0.04976366160710107,0.059825593185966336,0.04435049841661077,0.061245183532751976,0.057251610689047314
clovis,870854823644900,5.442955342158999,5-10,-5.240881355167468,1.4713827231937464,GoPro,Fusion,0.056393616523407644,0.06331996942420791,0.039046534483565515,0.05807840506684554,0.0447404957646288,0.06311717080323853,0.05261844219459308
clovis,874947899752061,2.6279288117182635,1.5-3,2.627739187064513,-0.03158011337316218,GoPro,GoPro Fusion FS1.04.01.80.00,0.04377330234154408,0.0447404957646288,0.03865653713554748,0.04567648939987208,0.03924933310453489,0.045177292794409,0.04416329968956211
clovis,931494460919519,4.602787284063047,3-5,-4.56940594754373,0.5539231498690965,GoPro,Fusion,0.05180724771071557,0.06778153908553422,0.03938973214982138,0.06578475266368189,0.04140211846559443,0.06707954385910175,0.05140165046877681
clovis,963194777761975,3.550232989032547,3-5,-1.1120713109232065,-3.3717769312158463,GoPro,GoPro Fusion FS1.04.01.80.00,0.039093334165327676,0.04987286086454612,0.04931126468340015,0.031464986038094944,0.031152988159680515,0.03809494095440151,0.04917086563811366
clovis,972140163589048,2.394934193837796,1.5-3,-2.382890808068404,0.2399466365349325,GoPro,GoPro Fusion FS1.04.01.80.00,0.03884373586259614,0.03893733522612046,0.037938942015194294,0.03934293246805922,0.03634775283528072,0.03929613278629705,0.038391338938895216
clovis,980307362774134,3.2371197023138327,3-5,-2.658940212684882,-1.847005799805074,GoPro,GoPro Fusion FS1.04.01.80.00,0.05210364569520927,0.05539522331248148,0.0398421290735223,0.052384443785782255,0.04784487465485235,0.05459962872252469,0.05101165312075878
clovis,987647778730799,0.5242320740106265,0-1.5,0.24501935072877076,-0.46345020714260365,GoPro,Fusion,0.035006161958098685,0.03525576026083023,0.034865762912812195,0.03408576821677613,0.034350966413428385,0.035037361745940125,0.034990562064177964
clovis,995842280952828,2.7242261418733786,1.5-3,-1.8440475852612324,-2.005563666317846,GoPro,GoPro Fusion FS1.04.01.80.00,0.06751634088888196,0.07302310344289659,0.06525435627037736,0.05264964198243452,0.05112085237820383,0.06856153378157029,0.07101071712712353
morgantown,1024920772140814,3.2176833395523183,3-5,3.012769678791963,1.1304348467949699,GoPro,GoPro Max,0.08199304244731136,0.08291343618863392,0.07416189569910925,0.08044865294915994,0.06921672932624058,0.08377143035427359,0.08099464923638519
morgantown,1045092623940908,0.9147715893181232,0-1.5,0.7986306425497331,-0.44610429946434954,GoPro,GoPro Max,0.14754379670218243,0.1481209927772491,0.14103864093724164,0.1480429933076455,0.141803035739357,0.14997738015381495,0.14846419044350498
morgantown,1048998662992115,11.801439250923304,10-90,11.77652486103677,-0.7719100835644302,GoPro,GoPro Max,0.05048125672745425,0.08292903608255464,0.037096547743475344,0.08074505093365365,0.037767343182066364,0.08296023587039608,0.04999766001591189
morgantown,1053392859080211,2.468272813753583,1.5-3,1.0409622357647146,-2.2381509200024867,GoPro,GoPro Max,0.07558148604589489,0.0840678283387673,0.080746310567533,0.05669001450790134,0.05477122755565262,0.07689187713523549,0.08445782568678532
morgantown,1055892936046905,3.240323700975361,3-5,1.6812376011949597,-2.770440607151137,GoPro,GoPro Max,0.11701480429933077,0.12448715348735628,0.11079044662496296,0.09826373180662372,0.09751493689842909,0.11893359125157948,0.12013665720258339
morgantown,1061541095152683,3.2782014840902547,3-5,-2.2747450997213896,2.3611585170241263,GoPro,GoPro Max,0.06868633293293605,0.091306179117982,0.0608239863968925,0.06282077281874483,0.039062134377486235,0.08197744255339064,0.08261703820414021
morgantown,1070246644188505,3.7537355324016506,3-5,0.6013240014994697,-3.705326452747678,GoPro,GoPro Max,0.09363056331216947,0.10116531207587788,0.09843533063975166,0.07417749559302997,0.07024632232500819,0.09615774612732633,0.10005771960750667
morgantown,1076796326927681,5.05255225243499,5-10,-4.862502016774293,1.3743709772833075,GoPro,GoPro Max,0.13501708188384318,0.16481287927242094,0.07497309018298676,0.15225496466624028,0.07565948551549849,0.1609129057922406,0.13748186512331717
morgantown,1083964366388125,5.49372752204334,5-10,0.2344345285931316,5.488738540165659,GoPro,GoPro Max,0.06570675319407827,0.0678439386612171,0.06653354757187652,0.05800040559724194,0.05820320421821132,0.06715754332870537,0.06725114269222969
morgantown,1098428298746698,3.4251809228441763,3-5,3.3785293783651036,0.563712678464016,GoPro,GoPro Max,0.1543297505576962,0.18651233171614434,0.10172690825702385,0.18205076205481802,0.09999532003182378,0.18236275993323245,0.15283216074130695
morgantown,1098721767937588,2.560632798403134,1.5-3,2.560487922098755,0.027247446527393075,GoPro,GoPro Max,0.07495749028906604,0.0791694616476608,0.059965992231252825,0.07901346270845358,0.060621187775923124,0.07888866355708782,0.07567508540941921
morgantown,1108246054387150,7.550348763819077,5-10,7.259984183494669,-2.079317687389901,GoPro,GoPro Max,0.03734614604620689,0.04567648939987208,0.03112178837183907,0.0398421290735223,0.028360607147871395,0.04371090276586119,0.03934293246805922
morgantown,1113270700666667,6.5469337641779175,5-10,6.544950641202022,-0.16148169072060697,GoPro,GoPro Max,0.05901439870208883,0.08299143565823752,0.04431929862876932,0.08419262749013307,0.044007300750354895,0.08335023321841412,0.06079278660905106
morgantown,1116198312725600,2.1618952073898408,1.5-3,1.693094275345797,-1.3445255266839151,GoPro,GoPro Max,0.06759434035848556,0.07221190895901908,0.06642434831443146,0.06931032868976492,0.06044958894279519,0.07104191691496498,0.07009032338580097
morgantown,1128316922460832,2.1328900653215523,1.5-3,1.376741584895978,1.6292064120391652,GoPro,GoPro Max,0.07311670280642092,0.07441149400184079,0.07071431914262984,0.07122911564201363,0.06642434831443146,0.07542548710668767,0.07469229209241378
morgantown,1159131791921689,0.5890575002563387,0-1.5,-0.35321245282055297,-0.47141543995325946,GoPro,GoPro Max,0.09785813456468496,0.09910612607834267,0.0984665304275931,0.0971561393382525,0.09787373445860569,0.09857572968503814,0.10114971218195716
morgantown,1174986150136618,3.458544256354756,3-5,1.0008037865776243,-3.310745412865425,GoPro,GoPro Max,0.07397469697206059,0.08299143565823752,0.07937226026863017,0.059232797216978925,0.0554888226760058,0.07623668159056518,0.0816654446749762
morgantown,1253759805583014,4.471127976686396,3-5,-3.7215735816665685,-2.4798240314164985,GoPro,GoPro Max,0.06723554279830897,0.07285150460976865,0.0625711745160133,0.06314837059107999,0.05030965789432632,0.07241470757998845,0.07487949081946242
morgantown,1302688287512142,5.738533129642351,5-10,3.923437443659991,4.191046871940421,GoPro,GoPro Max,0.056456016099090525,0.06107358469962404,0.044802895340311684,0.04584808823300002,0.04870286882049202,0.05611281843283466,0.05608161864499321
morgantown,1314106923314560,2.8977576436326764,1.5-3,-1.371875523411842,-2.552685326179988,GoPro,GoPro Max,0.09146217805718922,0.09542455111305242,0.09082258240643963,0.08484782303480336,0.0807762507214951,0.09139977848150632,0.09498775408327223
morgantown,1318084892916238,7.923475649691789,5-10,6.627710673916121,4.351953658375561,GoPro,GoPro Max,0.09057298410370809,0.10063491568257336,0.06747059374122492,0.0956273497340218,0.06810913685786936,0.10275650125579146,0.08598661529101602
morgantown,1320929785258220,3.9950532355590807,3-5,-3.909687073946634,-0.8220989326981356,GoPro,GoPro Max,0.09102538102740901,0.10041651716768325,0.06789073834297926,0.09946492363851926,0.07218070917117764,0.10058811600081119,0.08935758634675985
morgantown,1323223598366351,2.264260238761362,1.5-3,-2.1401345113158143,-0.7395627753558432,GoPro,GoPro Max,0.07735987395285712,0.07779667098263732,0.07714147543796702,0.07452069325928584,0.07469229209241378,0.07620548180272374,0.07676707798386971
morgantown,1329462397764594,1.1188242188616262,0-1.5,1.0634310566143717,-0.34770088189004766,GoPro,GoPro Max,0.08285103661295103,0.08328783364273123,0.08069825125189149,0.08411462802052946,0.08257023852237805,0.08269503767374382,0.08239863968925011
morgantown,1361874984449863,2.4370561599745963,1.5-3,-1.0602407655630954,2.194466217555065,GoPro,GoPro Max,0.08737500584996022,0.08484782303480336,0.08530021995850429,0.08533141974634573,0.08219584106828073,0.08859179757577648,0.08523782038282139
morgantown,1379751865997896,1.02057473619106,0-1.5,0.9693945033751393,-0.31915013434206313,GoPro,GoPro Max,0.14969658206324196,0.15478214748139713,0.14802739341372478,0.15730933029655397,0.14863578927663293,0.15598333931329267,0.15523454440509804
morgantown,1380832652551536,3.4641478356856776,3-5,-2.0827782984985364,-2.768705863774081,GoPro,GoPro Max,0.08988658877119636,0.09556495015833892,0.07977785751056893,0.08044865294915994,0.06921672932624058,0.09490975461366863,0.0918209756173658
morgantown,1412029892768315,6.401995633940533,5-10,-0.7369911317051409,6.359608841174064,GoPro,GoPro Max,0.05612841832675538,0.07547228678844983,0.07587788403038859,0.03859413755986459,0.0395457310890286,0.05683041355318784,0.07668907851426611
morgantown,1413501976231778,5.31227927636035,5-10,-0.9029360105405033,-5.235197022319687,GoPro,GoPro Max,0.06057438809416096,0.06244637536464752,0.062867572500507,0.050980453332917335,0.0500756594855155,0.06144798215372135,0.06311717080323853
morgantown,1413692656166618,1.1565672393290587,0-1.5,0.33003736292407454,-1.1084839685371601,GoPro,GoPro Max,0.1380122615166217,0.13905745440931003,0.14119463987644884,0.13141350638815655,0.13035271360154752,0.14008704740807762,0.1394786515451695
morgantown,1415013822421025,2.0334872219319284,1.5-3,1.4076529902298118,1.4676568952425288,GoPro,GoPro Max,0.06575355287584045,0.06569115330015755,0.06317957037892143,0.06417796358984759,0.06358516762086018,0.06580035255760261,0.0633823689998908
morgantown,1418204239105680,5.697495436761695,5-10,-4.999973639964877,-2.7350904604404382,GoPro,GoPro Max,0.0796842581470446,0.10657847526636818,0.05129245121133176,0.09093178166388469,0.050153658955119106,0.10135251080292654,0.08388062961171865
morgantown,1433753780865996,3.8434498461061,3-5,3.3583827551986323,-1.8701279380029243,GoPro,GoPro Max,0.06586275213328549,0.06751634088888196,0.05667441461398062,0.06363196730262234,0.05835920315741853,0.067625540146327,0.06342916868165296
morgantown,1443470343184880,5.6176139285055555,5-10,5.161465366570877,-2.22040686784633,GoPro,GoPro Max,0.058499602202705024,0.062056378016629485,0.04965446234965602,0.05821880411213204,0.04910846606243077,0.061260783426672696,0.060075191488697874
morgantown,1455316282454101,2.884619322822071,1.5-3,-2.5851478388614844,-1.2802936306277286,GoPro,GoPro Max,0.08299143565823752,0.08445782568678532,0.07402149665382275,0.08225824064396361,0.07225870864078124,0.08544061900379077,0.08266383788590237
morgantown,1466487117546337,6.705477036046398,5-10,6.12504929770291,-2.7341721013694418,GoPro,GoPro Max,0.07239910768606773,0.07335070121523174,0.06718874311654681,0.06941952794720996,0.0610423849117826,0.07241470757998845,0.07253950673135423
morgantown,1475722139747056,2.0979976095025714,1.5-3,1.4027201657331916,1.560274505241598,GoPro,GoPro Max,0.1364054724427874,0.1420370341481678,0.12366035910955805,0.13688906915432975,0.12447155359343556,0.1401494469837605,0.13704506809353698
morgantown,1560632374758055,1.0925389393203095,0-1.5,0.6989269861859372,0.839748403273927,GoPro,GoPro Max,0.10771726752258085,0.10551768247975914,0.1053460836466312,0.10406689234513206,0.1050496856621375,0.10389529351200412,0.10679687378125828
morgantown,1563664664398611,4.34530424534845,3-5,4.195439205839542,1.1323654241951064,GoPro,GoPro Max,0.08280423693118887,0.09369296288785237,0.0661591501177792,0.09289736829789558,0.060543188306319516,0.09586134814283263,0.08598661529101602
morgantown,1599401410798071,4.2841248358979795,3-5,-4.135744866865403,-1.1187110450134228,GoPro,GoPro Max,0.08369343088466999,0.08082305040325725,0.07143191426298301,0.0782958675881004,0.07196231065628754,0.08018345475250768,0.08196184265946992
morgantown,1700297240715914,2.4691782399581026,1.5-3,-0.6104287983996476,-2.3925790433001564,GoPro,GoPro Max,0.0642559630594512,0.0636787669843845,0.06268037377345834,0.06087078607865466,0.06034038968535014,0.06342916868165296,0.06339796889381152
morgantown,1756594321481394,2.1810861956053986,1.5-3,1.1894563577760562,1.8283355365700693,GoPro,GoPro Max,0.054911626600939116,0.055754020872658065,0.054490429465079634,0.05183844749855701,0.050278458106484875,0.055192424691512094,0.05664321482613918
morgantown,1763097830781857,3.607326961540602,3-5,-0.5424322382372181,-3.566364418858477,GoPro,GoPro Max,0.10305289924028517,0.10876246041526917,0.10770166762866012,0.0681247367517901,0.07096391744536137,0.10049451663728687,0.10904325850584216
morgantown,1777363949394557,2.8341318878658317,1.5-3,-1.9696460428904847,-2.038243069995551,GoPro,GoPro Max,0.11100884513985305,0.11651560769386768,0.10880926009703135,0.09852893000327598,0.09097858134564685,0.11545481490725863,0.11642200833034336
morgantown,1777706892706963,5.669264801313596,5-10,-1.5773999466066533,-5.446087698540826,GoPro,GoPro Max,0.07183751150492176,0.08946539163533689,0.0820242422351528,0.049529663198290254,0.04823487200287038,0.07288270439761009,0.08678220988097281
morgantown,1822937428270315,2.5815373921055342,1.5-3,-2.4808663621985056,-0.7141121314407982,GoPro,GoPro Max,0.0847230238834376,0.09100978113348829,0.059794393398124895,0.08865558016910549,0.06143238225980063,0.08971498993806842,0.08339703290017628
morgantown,1877033843193840,0.4413085093563543,0-1.5,0.30470868236005344,-0.3192284136288057,GoPro,GoPro Max,0.09072898304291531,0.09129057922406128,0.09104098092132973,0.09333416532767577,0.09328736564591361,0.0917429761477622,0.0912437795422991
morgantown,1921193534970603,5.6107502985186715,5-10,3.4145528749861525,4.454756579605511,GoPro,GoPro Max,0.12798152972559787,0.18336115314415863,0.08197744255339064,0.13121070776718718,0.07885746376924636,0.16167730059435595,0.1419746345724849
morgantown,1940794952981900,1.3628854022875863,0-1.5,0.052165588932032714,-1.361886883558102,GoPro,GoPro Max,0.1628784924262515,0.16560847386237773,0.16523407640828042,0.1502269784565465,0.15156856933372853,0.16930564872158868,0.1660920705739201
morgantown,2020608445007968,5.669748591837381,5-10,5.668359970894945,-0.1256817510354332,GoPro,GoPro Max,0.08988658877119636,0.12094597756735254,0.0596539943528384,0.12128917523360841,0.059809993292045616,0.12066517947677956,0.09241377158635321
morgantown,2079289565741835,3.6802693175846226,3-5,3.405030418484143,-1.397300715090914,GoPro,GoPro Max,0.07182191161100104,0.09392696129666318,0.04706487995881628,0.08497262218616913,0.048780868290095626,0.08994898834687924,0.07264870598879927
morgantown,2189963931355900,5.25912050238144,5-10,1.1968179845710463,-5.1215029265824645,GoPro,GoPro Max,0.06341356878773224,0.06962232656817934,0.06829633558491802,0.04765767592780369,0.0498572609706254,0.06277397313698267,0.06804673728218648
morgantown,239851625849527,3.411785781686198,3-5,0.02055341819949346,-3.4117239449464356,GoPro,GoPro Max,0.0997145219412508,0.1091524577632872,0.1091524577632872,0.08261703820414021,0.0833346333244934,0.10079091462178057,0.10927725691465298
morgantown,24215058578133685,6.249485069806063,5-10,-2.8772783518483016,5.5500673113162415,GoPro,GoPro Max,0.05820320421821132,0.07789027034616165,0.06785953855513782,0.04427249894700716,0.04155811740480165,0.056393616523407644,0.07551908647021201
morgantown,242318955595938,6.548250732054913,5-10,6.03481376219931,2.546489974373548,GoPro,GoPro Max,0.0668923451320531,0.1279347300438357,0.046784081868243295,0.11292763209210177,0.04171411634400886,0.12384755783660671,0.07037112147637396
morgantown,24345562601705116,3.2166756470630014,3-5,-2.935085135908101,-1.3167362633156925,GoPro,GoPro Max,0.08344383258193844,0.08554981826123582,0.07026192221892891,0.07935666037470945,0.07292950407937226,0.08370903077859071,0.08609581454846107
morgantown,2509132522616563,4.069437277668546,3-5,-1.5834487591242248,-3.749211871408318,GoPro,GoPro Max,0.07604948286351652,0.0794658596321545,0.07328830163954884,0.0729607038672137,0.06859273356941173,0.07739107374069856,0.07707907586228413
morgantown,254762570847217,2.870096333763213,1.5-3,1.2975266489573642,-2.560273094204675,GoPro,GoPro Max,0.07367829898756688,0.08806140118247197,0.08394302918740153,0.057797606976272564,0.05129245121133176,0.07876386440572204,0.08639221253295477
morgantown,2547728638744506,2.3565834195968076,1.5-3,2.2243628461577702,-0.7784599073696647,GoPro,GoPro Max,0.08659501115392415,0.08790540224326475,0.08419262749013307,0.08859179757577648,0.08300703555215824,0.08974618972590986,0.08801460150070979
morgantown,272487405737151,3.010244378585389,3-5,2.3644883092082973,1.863528384655208,GoPro,GoPro Max,0.07760947225558866,0.08051105252484284,0.06282077281874483,0.08916899365084317,0.06729794237399185,0.08718780712291156,0.0709015178696785
morgantown,283488671383320,5.339446317395235,5-10,0.7798383275082945,5.28235394561045,GoPro,GoPro Max,0.10573608099464923,0.12546994680436174,0.12500194998674008,0.07147871394474517,0.07433349453223718,0.10508088544997894,0.125064349562423
morgantown,300795532996657,2.8115192759298804,1.5-3,-1.7841929389168611,-2.1732057008013816,GoPro,GoPro Max,0.057860006551955445,0.06144798215372135,0.04977926150102179,0.05689281312887073,0.04837527104815687,0.059825593185966336,0.05884279986896089
morgantown,307295108505220,4.170214916491114,3-5,3.267383091177336,-2.592718589790246,GoPro,GoPro Max,0.14153783754270471,0.19346988440478605,0.09217977317754239,0.14182084802346262,0.09239817169243249,0.18145796608583062,0.15523454440509804
morgantown,312712807925866,9.208784428683817,5-10,-8.484345856512284,-3.5933447287687357,GoPro,GoPro Max,0.0538040341325679,0.05484922702525623,0.04241611157044132,0.05112085237820383,0.039186933528852004,0.05425643105626882,0.05413163190490305
morgantown,345140178495984,2.7786026112565976,1.5-3,2.7740969357678598,0.1582347317651782,GoPro,GoPro Max,0.07890426345100854,0.08218024117436001,0.0761742820148823,0.08188384318986631,0.07477029156201738,0.0818058437202627,0.08046425284308066
morgantown,345988571673909,9.401587150351483,5-10,-9.381998218218964,-0.6093231328064801,GoPro,GoPro Max,0.05659641514437702,0.06862393335725317,0.04149571782911876,0.06750074099496123,0.04288410838806296,0.06642434831443146,0.056393616523407644
morgantown,346162854923531,1.112244944072103,0-1.5,-0.4916948236630649,-0.9976720157128335,GoPro,GoPro Max,0.061993978440946604,0.06186917928958083,0.06238397578896464,0.06161958098684929,0.061978378547025884,0.0625711745160133,0.06239957568288536
morgantown,348102994829328,5.571273916962276,5-10,-5.477720779812933,-1.0182480258723057,GoPro,GoPro Max,0.09494095440151007,0.10983885309579895,0.0661591501177792,0.10547088279799698,0.06921672932624058,0.11040044927694492,0.09171177635992075
morgantown,356422300574178,3.517991912205018,3-5,2.770803170347112,-2.168544146094476,GoPro,GoPro Max,0.03720574700092039,0.03505296163986085,0.03391416938364819,0.03511536121554373,0.0333369733085815,0.035614557821006816,0.03580175654805547
morgantown,360514396681247,0.7000656446701806,0-1.5,-0.6178438831105953,-0.32918846166243837,GoPro,GoPro Max,0.08873219662106298,0.09171177635992075,0.08959019078670265,0.08985538898335492,0.08909099418123957,0.09015178696784862,0.09029218601313511
morgantown,360752356915454,3.697902964635489,3-5,3.3645201942898426,-1.5353176773239838,GoPro,GoPro Max,0.09388016161490102,0.09941812395675709,0.07932546058686801,0.08715660733507012,0.07781227087655804,0.09467575620485781,0.09436375832644338
morgantown,3625726214363805,2.799121775907495,1.5-3,-0.5244017683202071,2.7495993601532844,GoPro,GoPro Max,0.10731167028064209,0.11540801522549647,0.11364522721245496,0.08292903608255464,0.08175904403850054,0.10813846465844032,0.11431602265104597
morgantown,362690176518230,3.5521032073596603,3-5,3.5299379795183667,-0.39645172194517325,GoPro,GoPro Max,0.14287942841988674,0.15640453644915214,0.11888679156981732,0.15404895246712322,0.11749840101087312,0.15796452584122428,0.14517261282623278
morgantown,375936148381288,1.1290527398307217,0-1.5,0.9355880157315606,-0.632036913405174,GoPro,GoPro Max,0.08971498993806842,0.08955899099886121,0.09200817434441445,0.08988658877119636,0.09147777795110994,0.08952779121101977,0.0923357721167496
morgantown,381456537940520,6.030294025237756,5-10,-6.026747381784077,0.207172482934617,GoPro,GoPro Max,0.06608115064817559,0.07690747702915621,0.04435049841661077,0.07686067734739403,0.04500569396128106,0.0772038750136499,0.06586275213328549
morgantown,3815491675442946,10.505969096193304,10-90,-0.7841102463064367,-10.476995078423657,GoPro,GoPro Max,0.06544155499742602,0.08634541285119261,0.08762460415269176,0.04500569396128106,0.045239692370091886,0.06480195934667644,0.08726580659251518
morgantown,382272334940513,4.463133489221635,3-5,3.5531421673351216,2.7026113861228587,GoPro,GoPro Max,0.09177417593560364,0.10612607834266727,0.051666848665429074,0.07656427936290033,0.06704834407126031,0.100151318971031,0.08425502706581595
morgantown,390232193697883,0.7781743558110688,0-1.5,-0.021717109775604367,0.7778712773738649,GoPro,GoPro Max,0.12422195529070403,0.1258287443645383,0.1263903405456843,0.12637474065176357,0.1261875419247149,0.12553234638004462,0.1253139478651545
morgantown,393398989743901,1.25841889150713,0-1.5,-1.234873093506851,0.24231310561557293,GoPro,GoPro Max,0.16654446749762103,0.16339328892563532,0.16239489571470914,0.16395488510678127,0.1603981092928568,0.16423568319735427,0.16571767311982277
morgantown,3940759156239014,1.0942164696031131,0-1.5,-0.09141134319882296,1.0903919742438655,GoPro,GoPro Max,0.1104628488526278,0.10854406190037907,0.11047844874654852,0.10871566073350701,0.10784206667394662,0.11422242328752165,0.10874686052134845
morgantown,394696869697746,1.0375324919819342,0-1.5,0.24524859958159628,1.0081334254297496,GoPro,GoPro Max,0.1179195981467326,0.11489321872611266,0.11607881066408748,0.11263123410760807,0.11450322137809463,0.12036878149228586,0.1152832160741307
morgantown,396936476205103,3.4440515912714944,3-5,-3.0732839104423744,-1.5552291167403227,GoPro,GoPro Max,0.08985538898335492,0.09325616585807217,0.07608068265135796,0.0850194218679313,0.07545668689452911,0.0911657800726955,0.0899957880286414
morgantown,400080345817958,4.1626020428908115,3-5,-3.374803763486163,-2.4382027613679282,GoPro,GoPro Max,0.07494189039514532,0.08049545263092212,0.059841193079887056,0.06252437483425112,0.06709514375302247,0.07388109760853626,0.07416189569910925
morgantown,402410412144028,4.086469797133513,3-5,3.398498395827032,-2.2705709065273063,GoPro,GoPro Max,0.07629908116624808,0.09010498728608646,0.06110478448746549,0.08074505093365365,0.05300843954261111,0.0870006083958629,0.08286663650687175
morgantown,406227845237495,0.34280221317372767,0-1.5,0.3003020336903867,-0.16532482027717546,GoPro,GoPro Max,0.05132365099917321,0.050278458106484875,0.049545263092210974,0.050138059061198385,0.04995086033414973,0.050294058000405595,0.05171364834719124
morgantown,407074681751773,2.3703337000735445,1.5-3,1.5060514305034505,-1.8305908363834464,GoPro,GoPro Max,0.07043352105205684,0.07219630906509836,0.06874873250861895,0.06639314852659002,0.06027799010966725,0.07033992168853252,0.07126031542985507
morgantown,408409558196279,24.821883662008286,10-90,-24.538243521894486,-3.8632391433195514,GoPro,GoPro Max,0.04864046924480914,0.10966725426267102,0.031152988159680515,0.07629908116624808,0.033742570550520254,0.09681294167199662,0.05060605587882002
morgantown,413429987710546,0.6015943504653273,0-1.5,-0.5852001705077754,-0.13948906602667874,GoPro,GoPro Max,0.10211690560504189,0.10105611281843284,0.10141649246513369,0.09991732056222018,0.10063491568257336,0.10060371589473191,0.10275650125579146
morgantown,423595953348322,3.9780760403357833,3-5,-1.9353407986979454,-3.4762252927455743,GoPro,GoPro Max,0.1027097015740293,0.11194483877509633,0.10361449542143114,0.08717220722899084,0.07567508540941921,0.1079044662496295,0.11344242859148558
morgantown,426801413006387,4.592304774903655,3-5,-2.245753954567231,4.006753947375526,GoPro,GoPro Max,0.16788605837480305,0.1919098950127139,0.17280002495983027,0.12082117841598677,0.11430042275712525,0.17035084161427702,0.19220629299720762
morgantown,4607308572828610,3.182435171238532,3-5,2.4542191772237265,-2.0266263336065906,GoPro,GoPro Max,0.24992590050387659,0.2758529242001154,0.21189335912515794,0.20348501630188914,0.17027284214467342,0.26081462646054004,0.25686785329859757
morgantown,533130179129190,3.7504383193452178,3-5,3.630882212850068,0.940034666839864,GoPro,GoPro Max,0.05828120368781492,0.06636194873874858,0.04790727423053523,0.06486435892235932,0.04509929332480539,0.06656474735971796,0.060621187775923124
morgantown,559825463037840,5.120288171624264,5-10,-4.2684838032755295,-2.8305878909821924,GoPro,GoPro Max,0.09785813456468496,0.11125844344258459,0.05757920846138246,0.09423895917507762,0.060605587882002404,0.10626647738795376,0.09352136405472443
morgantown,612101157901284,3.529173069172397,3-5,1.5090522697913582,3.1906391751313596,GoPro,GoPro Max,0.15334695724069075,0.16468808012105518,0.15752772881144408,0.11893359125157948,0.12298956367096704,0.15347175639205654,0.16134970282202082
morgantown,683976123635133,1.828864300019385,1.5-3,1.784045293833966,0.40246660678029844,GoPro,GoPro Max,0.07976225761664821,0.0822426407500429,0.07604948286351652,0.08196184265946992,0.0772038750136499,0.08197744255339064,0.08147824594792756
morgantown,694851952818440,1.7852045695357477,1.5-3,1.746183536778994,0.3712695658783838,GoPro,GoPro Max,0.11698360451148933,0.12044678096188946,0.102054506029359,0.12152317364241923,0.10002651981966523,0.12022838244699936,0.11595401151272171
morgantown,701464722124781,3.833199405102931,3-5,2.1080214888448454,-3.2022322453684744,GoPro,GoPro Max,0.1353134798683369,0.16701246431524266,0.141241439558211,0.0894809915292576,0.08400542876308441,0.1419746345724849,0.15774612732633417
morgantown,708625001301257,2.4582033360957976,1.5-3,1.7539570836816167,-1.7225925843890766,GoPro,GoPro Max,0.06533235573998097,0.0651295571190116,0.06149478183548352,0.061245183532751976,0.05956039498931407,0.06620594979954136,0.0651295571190116
morgantown,715907037015770,2.5182119103859315,1.5-3,-2.5078175933277294,0.228638429373569,GoPro,GoPro Max,0.09572094909754614,0.10239770369561486,0.07959065878352027,0.10136811069684726,0.08004305570722119,0.10068171536433553,0.0956273497340218
morgantown,716002773841007,2.1159455804429568,1.5-3,-0.5959171344458629,-2.0303342393213346,GoPro,GoPro Max,0.0948161552501443,0.09213297349578023,0.09570534920362542,0.09085378219428109,0.0912437795422991,0.09423895917507762,0.09483175514406501
morgantown,730248625779882,3.07692466393524,3-5,2.56987313700097,-1.6926721919565433,GoPro,GoPro Max,0.1691652496763022,0.18652793161006506,0.12370715879132022,0.17484361106344476,0.11501801787747844,0.1836575511286523,0.16874405254044272
morgantown,732241911917653,1.101341174047149,0-1.5,0.41172914986058406,-1.0214937347573767,GoPro,GoPro Max,0.15418935151240973,0.15890051947646755,0.15553094238959175,0.15319095830148355,0.15347175639205654,0.15851052212844952,0.15684133347893234
morgantown,7393628424017132,2.386016335041452,1.5-3,2.3093044809644034,-0.6003181935458574,GoPro,GoPro Max,0.13842001809615925,0.1473097982933716,0.09799853360997145,0.1439402212064958,0.10094691356098778,0.14755939659610315,0.13493908241423958
morgantown,747134177377694,7.062803839647096,5-10,-6.908063702224245,1.4739033707574933,GoPro,GoPro Max,0.06363196730262234,0.08115064817559241,0.05201004633168495,0.07695427671091837,0.052275244528337206,0.08107264870598879,0.06275837324306195
morgantown,749673027037288,5.40553297699545,5-10,-2.11020198376238,4.9777549531194225,GoPro,GoPro Max,0.06424036316553047,0.06815593653963153,0.06569115330015755,0.05756360856746174,0.05396003307177511,0.06559755393663323,0.0682807356909973
morgantown,759399502183549,1.537009532746732,1.5-3,0.8531370985865726,-1.2785445672968225,GoPro,GoPro Max,0.09732773817138043,0.09843533063975166,0.09628254527869211,0.09458215684133348,0.09193017487481085,0.09918412554794627,0.09770213562547775
morgantown,760177245654837,2.261168047689798,1.5-3,1.357316072243092,-1.808642035341371,GoPro,GoPro Max,0.21248615509414537,0.2195373071463114,0.19331388546557884,0.19203469416407967,0.17766719186309532,0.21490413865185717,0.21234575604885886
morgantown,760811765935688,0.4460892497233603,0-1.5,-0.44418841399098186,-0.04113764088994005,GoPro,GoPro Max,0.10280330093755362,0.10328689764909599,0.10398889287552844,0.10381729404240052,0.1035208960579068,0.10342729669438248,0.10508088544997894
morgantown,775966364379699,1.004905277352754,0-1.5,0.9924459880161882,-0.15775952095332196,GoPro,GoPro Max,0.09997972013790306,0.09905932639658051,0.09586134814283263,0.09923092522970844,0.09735893795922188,0.09902812660873907,0.10041651716768325
morgantown,777238804420101,3.3715961117600863,3-5,-1.0751606239815954,3.195761098826857,GoPro,GoPro Max,0.0858306163518088,0.09567414941578398,0.09235137201067033,0.07228990842862268,0.0716503127778731,0.08704740807762507,0.09515935291640017
morgantown,778147450850347,0.6933713468095334,0-1.5,0.20774106866574493,-0.6615205141302085,GoPro,GoPro Max,0.07534748763708407,0.07670467840818683,0.07528508806140118,0.07328830163954884,0.07189991108060466,0.07519148869787685,0.0760338829695958
morgantown,781523387330174,2.3135000385267896,1.5-3,2.305539100725879,-0.1918117387986347,GoPro,GoPro Max,0.087499805001326,0.08718780712291156,0.07907586228413646,0.08762460415269176,0.07927866090510585,0.08764020404661248,0.08846699842441072
morgantown,834261372050006,1.3445237589510683,0-1.5,0.760824200231779,-1.1085859963256814,GoPro,GoPro Max,0.07745347331638144,0.07656427936290033,0.0747858914559381,0.0747858914559381,0.07516028891003541,0.07657987925682105,0.07520708859179757
morgantown,8551050821585152,6.870602661342515,5-10,-6.679589252913055,1.6124698011855343,GoPro,GoPro Max,0.07221190895901908,0.08032385379779418,0.057875606445876165,0.08018345475250768,0.06018439074614293,0.08133784690264106,0.070480320733819
morgantown,863715805438268,2.530097201816289,1.5-3,2.3403788621334205,-0.9615263358680726,GoPro,GoPro Max,0.07052712041558118,0.07561268583373633,0.06261797419777546,0.07450509336536512,0.05832800336957709,0.07684507745347331,0.07288270439761009
morgantown,878431760506295,5.748855874739898,5-10,-5.716292475011392,-0.6120358535986448,GoPro,GoPro Max,0.046815281656084735,0.0477356753974073,0.04102772101149712,0.047595276352120804,0.03946773161942499,0.04782927476093163,0.04701808027705411
morgantown,914644690034345,1.9494399096081856,1.5-3,-0.0009339710283834964,-1.9494396859630558,GoPro,GoPro Max,0.10501848587429606,0.10425409107218071,0.10433209054178431,0.0969377408233624,0.09718733912609394,0.10489368672293028,0.10422289128433927
morgantown,916442743190808,3.9749184006519496,3-5,-3.9679039975757986,0.23622742663588786,GoPro,GoPro Max,0.06272717345522051,0.07235230800430557,0.044787295446390964,0.07260190630703711,0.04519289268832972,0.0729607038672137,0.06472395987707284
morgantown,919312849636317,4.2032832308085455,3-5,3.5545697461321932,-2.2447919788718997,GoPro,GoPro Max,0.12447155359343556,0.14019624666552266,0.09331856543375505,0.11796639782849476,0.08890518236560482,0.13394068920331342,0.12788793036207355
morgantown,919729533106221,8.205901466265589,5-10,8.17499137961298,-0.7140021059728164,GoPro,GoPro Max,0.06873313261469823,0.10977645352011606,0.03999812801272951,0.10537728343447264,0.041199319844625056,0.1078264667800259,0.06633074895090714
morgantown,925860169582480,1.5669126109844778,1.5-3,1.3400186087184727,0.8122102833524298,GoPro,GoPro Max,0.05810960485468699,0.060652387563764565,0.053648035193360685,0.05934199647442397,0.04981046128886323,0.059965992231252825,0.05832800336957709
morgantown,927279915685911,3.775038140950709,3-5,-2.7845906908605285,2.5499192956753,GoPro,GoPro Max,0.10442568990530865,0.10962045458090885,0.09016738686176934,0.09739013774706332,0.08913779386300173,0.10593887961561861,0.10738966975024569
morgantown,931660678678586,2.6160350344242067,1.5-3,2.5513699851109672,0.5782486835130337,GoPro,GoPro Max,0.11355162784893062,0.12656193937881222,0.09946492363851926,0.11924558912999392,0.09285056861613342,0.12264636600471117,0.11874639252453083
morgantown,941838830948431,0.6725425508670311,0-1.5,-0.5333987791834102,-0.40963895430589364,GoPro,GoPro Max,0.13403428856683774,0.13862065737952983,0.13437748623309362,0.13381589005194763,0.13762226416860365,0.13478308347503237,0.13609347456437296
morgantown,948824803432429,6.282538415046351,5-10,3.6962716174034385,-5.08367446905011,GoPro,GoPro Max,0.053086439012214715,0.06019999064006365,0.050169258849039826,0.04917086563811366,0.04090292186013135,0.05669001450790134,0.05810960485468699
annapolis,1005430537402761,2.4864970109504707,1.5-3,-2.4864784771009805,-0.009603451611357675,Trimble,Trimble mx7,0.07172831224747672,0.07177511192923888,0.059201597429137484,0.07160351309611095,0.059201597429137484,0.07161911299003167,0.07185311139884248
annapolis,1018302322713012,2.1902943210405423,1.5-3,-2.173662701366832,0.2694708034306189,Trimble,Trimble mx7,0.04207291390418545,0.04252531082788637,0.039826529179601576,0.04263451008533142,0.03879693618083397,0.042572110509648535,0.04308690700903234
annapolis,1023104848740281,1.9318780995991158,1.5-3,-1.458847173633415,1.266595682215817,Trimble,Trimble mx7,0.038469338408498824,0.037720543500304196,0.037548944667176266,0.037736143394224916,0.03826653978752945,0.03743974540973121,0.03736174594012761
annapolis,1027083038026430,3.269083039639268,3-5,-3.1887202542415816,0.720765936186765,Trimble,Trimble MX7,0.05060605587882002,0.050886853969393006,0.04029452599722322,0.0514640500444597,0.040559724193875484,0.05230644431617865,0.05049685662137497
annapolis,1031592527886900,1.593945502030793,1.5-3,-1.5920650069418105,0.07741330348332426,Trimble,Trimble mx7,0.11632840896681902,0.11919878944823176,0.09982372119869586,0.11986958488682277,0.10069731525825625,0.1192299892360732,0.1207450625565505
annapolis,1034575561078277,5.844320536202041,5-10,-5.777484074952352,-0.8828384715467361,Trimble,Trimble mx7,0.040575324087796204,0.04492769449167746,0.03831333946929161,0.04650328377767031,0.03678454986506092,0.046097686535731555,0.04099652122365568
annapolis,1040516234061456,3.615542137320097,3-5,-3.4926378831892597,0.9352589427856237,Trimble,Trimble mx7,0.06447436157434129,0.0662371495873828,0.04909286616851005,0.06653354757187652,0.04971686192533891,0.0663775486326693,0.06517635680077376
annapolis,1054705589196732,3.0755985797934504,3-5,-2.614533748665107,-1.6202908693308888,Trimble,Trimble mx7,0.0358953559115798,0.039093334165327676,0.032900176278801305,0.03970173002823581,0.032931376066642745,0.03951453130118715,0.0347253638675257
annapolis,1066275427712945,4.146349121771618,3-5,-3.46602389294028,-2.2771070826001334,Trimble,Trimble mx7,0.04422569926524499,0.047345678049389266,0.031059388796156186,0.04859366956304697,0.03814174063616367,0.04892126733538212,0.03623855357783567
annapolis,1069711381045172,3.7150608058437995,3-5,-3.5606728132160335,1.060534885906351,Trimble,Trimble mx7,0.060621187775923124,0.0679843377065036,0.044537697143659426,0.06584715223936477,0.0430557072211909,0.06636194873874858,0.06040278926103303
annapolis,1074557820562424,4.697103777668795,3-5,-4.66984857768185,0.5058309786493419,Trimble,Trimble mx7,0.044116500007799944,0.04577008876339641,0.039920128543125905,0.046082086641810835,0.04084052228444847,0.046908881019609064,0.04417889958348283
annapolis,1130786224993585,3.263548356294128,3-5,-2.5400525700934544,2.049788762905445,Trimble,Trimble mx7,0.0682807356909973,0.07584668424254715,0.06255557462209257,0.06714194343478465,0.055176824797591374,0.07428669485047501,0.0720091103380497
annapolis,1179546065891425,3.4581334056345234,3-5,-2.8318044749119187,-1.985643793120708,Trimble,Trimble MX7,0.08021465454034912,0.09202377423833517,0.05906119838385099,0.0873594059560395,0.052259644634416486,0.09330296553983433,0.08306943512784114
annapolis,1186577468484043,1.0699573323531921,0-1.5,-0.9948299952652433,-0.39387506142562684,Trimble,Trimble MX7,0.034350966413428385,0.03456936492831849,0.034912562594574356,0.03460056471615993,0.03378937023228242,0.03508416142770229,0.03533375973043383
annapolis,1254255151701056,2.613283917752415,1.5-3,-2.2484497782980837,1.332155222582642,Trimble,Trimble MX7,0.07955945899567883,0.07876386440572204,0.07154111352042807,0.07600268318175436,0.06904513049311264,0.08130664711479962,0.07910706207197792
annapolis,1255568348226573,2.3519322941644427,1.5-3,-2.06385030440414,1.1281214156725967,Trimble,Trimble MX7,0.06428716284729263,0.06431836263513407,0.06040278926103303,0.0625711745160133,0.05547322278208508,0.06296117186403133,0.06631514905698642
annapolis,1265191387234427,1.2216168957319389,0-1.5,-1.1633050293279317,-0.37294552081216875,Trimble,Trimble MX7,0.07403709654774347,0.07584668424254715,0.06952872720465501,0.07534748763708407,0.07199351044412898,0.07547228678844983,0.07366269909364616
annapolis,1319468485116956,1.4633111038516697,0-1.5,-1.1315831259776314,0.9278528736827071,Trimble,Trimble MX7,0.04363290329625759,0.04417889958348283,0.04172971623792958,0.043164906478635946,0.04168291655616742,0.043398904887446764,0.04333650531176388
annapolis,1348745456021634,3.194848149043204,3-5,-2.865659753699593,1.4130513638327749,Trimble,Trimble mx7,0.14099184125547945,0.1578241267959378,0.0896993900441477,0.15099137325866185,0.08239863968925011,0.15627973729778638,0.14400262078217868
annapolis,1349860502075738,2.7147768728210484,1.5-3,-2.663731009837142,0.5241646243213551,Trimble,Trimble MX7,0.12117997597616337,0.12284916462568055,0.10392649329984556,0.11988518478074349,0.10838806296117186,0.12367595900347877,0.11986958488682277
annapolis,1378841722703885,1.766569636120584,1.5-3,-1.0354386596311465,1.4313832894709513,Trimble,Trimble mx7,0.045348891627536934,0.043866901705068406,0.04445969767405582,0.04631608505062165,0.04431929862876932,0.0449588942795189,0.04486529491599457
annapolis,1405036700051880,1.7001127347284957,1.5-3,-1.3276955446695378,1.061983865582632,Trimble,Trimble mx7,0.07239910768606773,0.07255510662527495,0.0687955321903811,0.07271110556448217,0.06793753802474144,0.07152551362650734,0.0712770272378397
annapolis,1417173041993097,3.053156222987872,3-5,-1.8212890772119776,2.4508554721979543,Trimble,Trimble MX7,0.05650281578085269,0.056471615993011245,0.04857806966912625,0.05461522861644541,0.048047673275821726,0.056440416205169805,0.05523922437327426
annapolis,1424988461692696,2.621530517229022,1.5-3,-2.2059081346344604,1.4168216281718409,Trimble,Trimble mx7,0.04038812536074755,0.0398421290735223,0.03687814922858525,0.037096547743475344,0.03541175920003744,0.0386721370294682,0.03856293777202315
annapolis,1435162300398313,3.4810359590645277,3-5,-2.6796745010739587,2.2227368381708787,Trimble,Trimble mx7,0.05807840506684554,0.059279596898741085,0.04694008080745051,0.059217197323058204,0.05009125937943622,0.06035598957927086,0.056409216417328364
annapolis,1475792212785589,1.274894012212043,0-1.5,-0.7267704296259683,1.0474819012717413,Trimble,Trimble MX7,0.0358953559115798,0.03505296163986085,0.03602015506294557,0.035567758139244655,0.0349437623824158,0.03533375973043383,0.03614495421431134
annapolis,1528518111324684,3.18070547751087,3-5,-1.1313297283594381,2.9728991280363233,Trimble,Trimble mx7,0.05580082055442023,0.05566042150913374,0.05416283169274449,0.04764207603388297,0.04438169820445221,0.05581642044834095,0.05611281843283466
annapolis,1554822665323668,0.8789521641688914,0-1.5,0.30173853875613627,0.8255404664088566,Trimble,Trimble mx7,0.07322590206386596,0.07204031012589114,0.07257070651919567,0.0715723133082695,0.07246150726175062,0.07439589410792007,0.07364709919972544
annapolis,1577720189426545,2.092404023929902,1.5-3,-1.9458941139413537,0.7693362602307452,Trimble,Trimble mx7,0.04622248568709733,0.047486077094675755,0.043305305523922435,0.04776687518524874,0.043149306584715226,0.04753287677643792,0.04728327847370638
annapolis,1635539566853832,2.0024877573031694,1.5-3,-1.109299362117751,1.66726107685281,Trimble,Trimble mx7,0.07119791585417219,0.07071431914262984,0.0695911267803379,0.06361636740870162,0.06179117981997723,0.06803113738826576,0.07372509866932905
annapolis,1746146992466005,4.599459268589206,3-5,-4.350477859667964,1.4942089946279526,Trimble,Trimble mx7,0.04087172207228991,0.039748529709997975,0.03932733257413849,0.04347690435705037,0.04063772366347909,0.042026114222423284,0.039826529179601576
annapolis,1796129530825058,4.909062606514461,3-5,-4.906203342267689,0.16772964555544548,Trimble,Trimble mx7,0.0395457310890286,0.04211971358594761,0.03509976132162301,0.0430557072211909,0.03539615930611672,0.04280610891845935,0.04068452334524125
annapolis,1808761949309259,4.015203243006109,3-5,-3.6347726222434744,1.7071015543799473,Trimble,Trimble MX7,0.043929301280751294,0.04403850053819634,0.03505296163986085,0.04233811210083772,0.03667535060761587,0.043882501598989127,0.04210411369202689
annapolis,2005223349857247,3.364316248471119,3-5,-3.342129924029565,-0.385953852994905,Trimble,Trimble mx7,0.05547322278208508,0.0567992137653464,0.045177292794409,0.056565215356535574,0.04441289799229365,0.057002012386315776,0.05533282373679859
annapolis,2007477026275162,3.9389605734954234,3-5,-2.9816666861805636,-2.5750848591751434,Trimble,Trimble mx7,0.052322044210099374,0.057126811537681545,0.05054365630313714,0.04369530287194047,0.04762647613996225,0.05260284230067236,0.057002012386315776
annapolis,2033244330365072,4.348020367723822,3-5,-3.01385288367417,3.13544935843654,Trimble,Trimble mx7,0.11852799400964073,0.15166216869725285,0.0902141865435315,0.11350482816716846,0.07576868477294355,0.14135063881565604,0.1395566510147731
annapolis,2048474495485493,3.480970342957717,3-5,-3.424562096347739,-0.6244945960245951,Trimble,Trimble mx7,0.047361277943309986,0.04578568865731713,0.04360170350841614,0.04497449417343962,0.044631296507183754,0.0463472848384631,0.04684648144392618
annapolis,2050450181762428,1.7063852319494897,1.5-3,-1.6891868541689612,0.24169248435113833,Trimble,Trimble MX7,0.06210317769839165,0.06314837059107999,0.05686161334102928,0.062056378016629485,0.05734521005257164,0.06294557197011061,0.062494149948519546
annapolis,2087242684945790,4.079426051258975,3-5,-3.494337200769262,2.1063777483131574,Trimble,Trimble mx7,0.03937413225590066,0.04277490913061791,0.03174578412866792,0.04204171411634401,0.035021761852019405,0.04311810679687378,0.037080947849554624
annapolis,221474716428145,1.9288451066497667,1.5-3,-1.5132535890963372,-1.1961771365137248,Trimble,Trimble MX7,0.07447389357752367,0.07472349188025522,0.07289830429153082,0.07394349718421915,0.07263310609487855,0.07548788668237055,0.07430229474439574
annapolis,2358385930959873,2.473327203409223,1.5-3,-1.7358386580061616,1.7621469162845658,Trimble,Trimble MX7,0.03973292981607725,0.039904528649205184,0.04043492504250971,0.03935853236197994,0.039108934059248396,0.040622123769558365,0.04070012323916197
annapolis,24092441563734589,3.596710803600189,3-5,-3.244920689794022,1.552222606851048,Trimble,Trimble mx7,0.043133706690794506,0.04389810149290985,0.03188618317395442,0.047439277412913594,0.031464986038094944,0.04683088155000546,0.04219771305555122
annapolis,260599643174895,3.0745000627812127,3-5,-3.0346734986542123,-0.4934928223754667,Trimble,Trimble mx7,0.08739060574388094,0.09757733647411197,0.06907633028095408,0.09611094644556417,0.06832753537275947,0.0967973417780759,0.08937318648404106
annapolis,263227562888871,1.1831960242578925,0-1.5,-1.0471289805308517,0.5509151677779939,Trimble,Trimble mx7,0.04896806701714428,0.04725207868586494,0.04909286616851005,0.0486872689265713,0.04909286616851005,0.048047673275821726,0.04865606913872986
annapolis,263456786691932,4.492680920475631,3-5,-4.490425422675687,-0.1424884643724934,Trimble,Trimble mx7,0.05862440135407079,0.06321077016676287,0.04692448091352979,0.06317957037892143,0.04683088155000546,0.06321077016676287,0.059965992231252825
annapolis,266139323080373,2.3285851186486735,1.5-3,-2.3235555948461464,-0.15300616892907087,Trimble,Trimble mx7,0.06080838650297178,0.061198383850989815,0.05531722384287787,0.06079278660905106,0.05410043211706161,0.05999719201909427,0.061291983214514144
annapolis,269324986100409,0.47643233074083313,0-1.5,0.15219356834633196,0.45147022373170415,Trimble,Trimble mx7,0.04840647083599831,0.04720527900410277,0.04767327582172441,0.0482504718967911,0.04821927210894966,0.047501676988596475,0.04826607179071182
annapolis,270044664458604,1.29941924837708,0-1.5,-0.9437497652159089,-0.8932518826966152,Trimble,Trimble MX7,0.04587928802084146,0.04711167964057844,0.043929301280751294,0.04756407656427936,0.04275930923669719,0.04859366956304697,0.045504890566744144
annapolis,270895215940194,2.6560311832990875,1.5-3,-1.9220284219449821,-1.8334583482569424,Trimble,Trimble mx7,0.05901439870208883,0.06094878554825827,0.05533282373679859,0.0587024008236744,0.05196324664992278,0.06179117981997723,0.060059591594777154
annapolis,272909839049970,3.2326575437613756,3-5,-3.223551748243391,-0.24259231200670403,Trimble,Trimble mx7,0.07299190365505515,0.07979345740448965,0.05101165312075878,0.08083865029717797,0.05038765736392992,0.07984025708625181,0.07364709919972544
annapolis,2901245953423830,4.887869888921515,3-5,-4.879138981132873,0.29237233740617213,Trimble,Trimble MX7,0.07459869272888944,0.0887477965149837,0.04715847932234061,0.08876339640890442,0.048843267865778514,0.08921579333260533,0.07445829368360295
annapolis,2925949640956963,3.3509998767823364,3-5,-1.030784792727895,3.188695674995336,Trimble,Trimble MX7,0.07692307692307693,0.08281983682510959,0.07976225761664821,0.0531488385878976,0.05177604792287412,0.07732867416501568,0.08174344414457982
annapolis,294097413515834,2.788258535227358,1.5-3,-2.4695438942195223,-1.2949042915603413,Trimble,Trimble mx7,0.06319517027284215,0.06497355817980438,0.05414723179882377,0.06355396783301874,0.05670561440182207,0.06399076486279894,0.06239957568288536
annapolis,297886629678677,3.6208282129255323,3-5,-3.540661718893965,-0.7581843223152439,Trimble,Trimble mx7,0.12526714818339235,0.14089824189195513,0.08731260627427734,0.13587507604948287,0.09517495281032089,0.13916665366675507,0.12517354881986803
annapolis,299861069631715,4.2048090050485865,3-5,-4.185556197967424,0.40227608754692323,Trimble,Trimble mx7,0.052119245589129996,0.06700154438949815,0.041168120056783615,0.06670514640500444,0.04073132302700341,0.06756314057064412,0.05183844749855701
annapolis,310957541571911,2.389367395481334,1.5-3,-1.3875572593551666,-1.945379484545435,Trimble,Trimble mx7,0.18701152832160742,0.20304821927210895,0.172815624853751,0.17421961530661592,0.148854187791523,0.19248709108778062,0.19507667347862034
annapolis,317716534218426,3.155004584600878,3-5,-3.154198469716968,-0.07135185065718015,Trimble,Trimble mx7,0.0528524406034039,0.0589207993385645,0.04172971623792958,0.05815640453644915,0.04172971623792958,0.057735207400589676,0.05279004102772101
annapolis,324732793509915,3.7086202757687854,3-5,-3.3923980509666567,1.4993757354021195,Trimble,Trimble mx7,0.10851286211253763,0.1346582843236666,0.04754847667035864,0.13367549100666115,0.050871254075472286,0.13498588209600174,0.11139884248787109
annapolis,328410443119195,2.826488098010173,1.5-3,-2.809382263359168,-0.31061809679640445,Trimble,Trimble mx7,0.056300017159883316,0.06285197260658627,0.049436063834765925,0.061323183002355584,0.04857806966912625,0.06140118247195919,0.056549615462614854
annapolis,329577912221811,2.1947909183063623,1.5-3,-2.189412329205865,0.15359789068818938,Trimble,Trimble MX7,0.06230597631936103,0.061993978440946604,0.05946679562578974,0.06244637536464752,0.05999719201909427,0.061962778653105156,0.06342916868165296
annapolis,334237679155324,2.656901201667995,1.5-3,-2.0562820540647424,1.6828678458937347,Trimble,Trimble mx7,0.11838759496435425,0.12302076345880848,0.09871612873032463,0.11526761618020998,0.09158697720855498,0.12238116780805891,0.11990078467466421
annapolis,335077195781777,4.6429925249777115,3-5,-4.4764229336802455,1.2337405229043357,Trimble,Trimble mx7,0.04648768388374959,0.04779807497309018,0.0318705832800337,0.04445969767405582,0.03938973214982138,0.0463472848384631,0.04592680415587657
annapolis,340722771792916,3.670501448487727,3-5,-3.670215633784138,0.04583622275269704,Trimble,Trimble mx7,0.05196324664992278,0.05708001185591938,0.03756454456109699,0.05745440931001669,0.03715894731915823,0.057126811537681545,0.053726034662964293
annapolis,342904991620622,4.952625606099943,3-5,-4.701016527029857,1.560259424403528,Trimble,Trimble mx7,0.044662496295025195,0.046721682292560414,0.040559724193875484,0.04343010467528821,0.04091852175405207,0.045380091415378375,0.045364491521457655
annapolis,344613277972089,2.47090275006564,1.5-3,-2.0506069991122438,1.378833995146284,Trimble,Trimble mx7,0.06973152582562439,0.0708391182939956,0.05332043742102554,0.07055832020342262,0.05458402882860396,0.07013712306756315,0.0696691262499415
annapolis,3450660371930065,2.0084556184369866,1.5-3,-1.9537689817275643,0.4655800268776726,Trimble,Trimble mx7,0.04154251751088093,0.03995132833096735,0.04207291390418545,0.04076252281484486,0.042540910721807094,0.04010732727017456,0.041885715177136795
annapolis,3474716149511064,3.7445011505798877,3-5,-3.743411045583489,0.0904115301621241,Trimble,Trimble mx7,0.03960813066471148,0.04043492504250971,0.03751774487933482,0.041277319314228664,0.038344539257133055,0.042431711464362046,0.04137091867775299
annapolis,348332217713751,5.108057600530371,5-10,-5.096422894581944,-0.3450220931315338,Trimble,Trimble mx7,0.06960672667425861,0.07077671871831272,0.05428763084411026,0.07289830429153082,0.053726034662964293,0.07158791320219023,0.0690919301748748
annapolis,351023274068767,1.3574594447068267,0-1.5,-0.6368215942019825,1.1988384317712935,Trimble,Trimble mx7,0.033524172035630156,0.03258817840038688,0.03188618317395442,0.033492972247788716,0.03339937288426439,0.03300937553624635,0.032088981794923796
annapolis,351046994156490,4.37934503602478,3-5,-4.173733931781991,1.3273000399679045,Trimble,Trimble mx7,0.05456842893468324,0.057126811537681545,0.04622248568709733,0.05653401556869413,0.04728327847370638,0.055754020872658065,0.05342963667847059
annapolis,352023870627096,2.6331758204531934,1.5-3,-2.526664424639826,0.7415782649057648,Trimble,Trimble mx7,0.041838915495374635,0.04520849258225044,0.03547415877572033,0.04617568600533516,0.03483456312497075,0.04637848462630454,0.04222891284339266
annapolis,354530760362063,4.858091831496782,3-5,-3.14465119273138,3.704863569210201,Trimble,Trimble mx7,0.11712400355677581,0.13448668549053866,0.0807762507214951,0.10941765595993948,0.08353743194546277,0.12653073959097078,0.11957318690232907
annapolis,360016932424336,1.314808399356275,0-1.5,-1.2230956733544716,-0.48248674917273593,Trimble,Trimble MX7,0.03748654509149338,0.036846949440743806,0.03787654243951141,0.03860973745378531,0.036534951562329374,0.03689374912250597,0.03759574434893843
annapolis,360772096383255,3.144636620878343,3-5,-3.1434866376951796,0.08507937634724382,Trimble,Trimble mx7,0.04433489852269005,0.04559848993026847,0.041152520162862895,0.04636288473238382,0.042603310297489975,0.04573888897555497,0.04642528430806671
annapolis,371650204319915,2.800203932743942,1.5-3,-2.7626997514998126,0.45693980874556556,Trimble,Trimble MX7,0.047361277943309986,0.04859366956304697,0.04499009406736034,0.048780868290095626,0.04347690435705037,0.048858867759699234,0.04811007285150461
annapolis,373863014117157,2.0038662628685606,1.5-3,-1.4524358969860516,-1.3806948753385244,Trimble,Trimble MX7,0.06760994025240628,0.06631514905698642,0.06317957037892143,0.06695474470773599,0.06208757780447093,0.06553515436095035,0.06726674258615041
annapolis,381873453353748,3.764816619182548,3-5,-3.284880664864939,1.8404117371725304,Trimble,Trimble MX7,0.04032572578506466,0.04227571252515483,0.03932733257413849,0.03971732992215653,0.03896853501396191,0.04249411104004493,0.04085612217836919
annapolis,3946684388792708,2.9623165347454536,1.5-3,-2.935863211989549,0.3951748349442398,Trimble,Trimble MX7,0.07116671606633075,0.07409949612342637,0.0542408311623481,0.07225870864078124,0.05689281312887073,0.0731791023821038,0.0706987192487091
annapolis,4146719218776864,1.3455274037974934,0-1.5,-1.1482203620431697,0.7014983068395376,Trimble,Trimble MX7,0.05831240347565637,0.05962279456499696,0.05789120633979689,0.05895199912640594,0.05697081259847433,0.0584840023087843,0.059263997004820365
annapolis,4445476159010798,4.2896671401999384,3-5,-4.249915740021444,0.5831674860436258,Trimble,Trimble mx7,0.05552002246384725,0.06420916337768903,0.045239692370091886,0.06349156825733585,0.04441289799229365,0.06356956772693946,0.057969205809400494
annapolis,4542231422476340,3.608076893593891,3-5,-3.5878418729377963,-0.3818379065363372,Trimble,Trimble MX7,0.05815640453644915,0.06233717610720247,0.05038765736392992,0.06090198586649611,0.05034085768216776,0.06099558523002044,0.059357596368344694
annapolis,4578453255540160,3.1706796172512157,3-5,-3.137619077084159,-0.4569075285605559,Trimble,Trimble MX7,0.041760916025771026,0.04238491178259988,0.040606523875637644,0.04155811740480165,0.038516138090260985,0.04249411104004493,0.04155811740480165
annapolis,4807548019274072,2.4785184160861506,1.5-3,-2.1679470994264904,1.201560653367604,Trimble,Trimble MX7,0.059154797747375316,0.06074598692728889,0.050278458106484875,0.06088638597257539,0.05272764145203813,0.06289877228834843,0.05821880411213204
annapolis,4843511522330195,1.6927318459995007,1.5-3,-0.7966043010924053,1.49362192195695,Trimble,Trimble MX7,0.0419637146467404,0.041230519632466496,0.041058920799338566,0.04224451273731339,0.041885715177136795,0.04274370934277647,0.041230519632466496
annapolis,4918993041463207,3.128921744672009,3-5,-2.8987594926840305,-1.1783588740458584,Trimble,Trimble MX7,0.04545809088498198,0.04648768388374959,0.03996692822488807,0.04683088155000546,0.03859413755986459,0.04644088420198743,0.04644088420198743
annapolis,552683216160777,4.702856547645847,3-5,-4.384575412321305,1.7023565280127562,Trimble,Trimble MX7,0.0514640500444597,0.06294557197011061,0.044553297037580146,0.05970079403460057,0.04068452334524125,0.06179117981997723,0.054381230207634586
annapolis,555650998901334,3.5937130548044327,3-5,-3.5210516620007013,0.719458475352931,Trimble,Trimble MX7,0.06378796624182956,0.06835873516060091,0.05077765471194796,0.06656474735971796,0.05190084707423989,0.0679843377065036,0.06355396783301874
annapolis,567965147905936,3.131637424931541,3-5,-1.9886907135607073,2.4196309117228822,Trimble,Trimble MX7,0.06427156295337191,0.06670514640500444,0.05601921906931033,0.06406876433240254,0.057111211643760824,0.06676754598068733,0.06349156825733585
annapolis,573014264148691,3.0873785810828593,3-5,-0.5374582661010562,-3.0402822699382255,Trimble,Trimble MX7,0.08141584637224467,0.08517542080713851,0.08261703820414021,0.06856153378157029,0.0671107436469432,0.07973105782880677,0.08411462802052946
annapolis,591884792217872,2.0984558247723872,1.5-3,-1.1857351057711103,-1.7314667594908677,Trimble,Trimble MX7,0.04687768123176762,0.048063273169742446,0.048312871472473984,0.04651888367159103,0.04477169555247024,0.04896806701714428,0.04709607974665772
annapolis,621448865493882,1.131148576676051,0-1.5,-0.5969750675382273,-0.9608076174137063,Trimble,Trimble MX7,0.04226011263123411,0.041308519102070104,0.041979314540661124,0.04041932514858899,0.041277319314228664,0.041932514858898956,0.04140211846559443
annapolis,634400838879405,4.408392514581584,3-5,-4.253182775543589,1.1605324999318927,Trimble,Trimble mx7,0.08486342292872409,0.09515935291640017,0.06998112412835593,0.09154017752679282,0.06266477387953762,0.09433255853860194,0.08916899365084317
annapolis,653812816884043,3.136299908775649,3-5,-2.235628964607089,2.200181226252247,Trimble,Trimble mx7,0.04012292716409528,0.0407937226026863,0.0396237305586322,0.04074692292092414,0.04080932249660702,0.041292919208149384,0.04137091867775299
annapolis,6647525068693964,2.161272979571026,1.5-3,-2.161244863142939,0.011026850710196181,Trimble,Trimble mx7,0.059903592655569944,0.059263997004820365,0.05615961811459682,0.05904559848993027,0.05589441991794456,0.05904559848993027,0.059919192549490664
annapolis,686286580131737,3.0294829762763977,3-5,-2.956691468864091,-0.6604012929113052,Trimble,Trimble mx7,0.054459229677238194,0.059232797216978925,0.04020092663369889,0.059139197853454596,0.03948333151334571,0.06182237960781867,0.05477122755565262
annapolis,6927560153933821,2.177594338470448,1.5-3,-2.1425057979797226,-0.38943125490373953,Trimble,Trimble mx7,0.10792006614355022,0.11481521925650906,0.08851379810617288,0.11420682339360093,0.08835779916696566,0.11386362572734506,0.10985445298971967
annapolis,6965548880171391,3.3015121211936367,3-5,-3.2786439842688107,0.3881241689460244,Trimble,Trimble mx7,0.05034085768216776,0.05260284230067236,0.037814142863828525,0.053632435299439965,0.03942093193766282,0.05330483752710482,0.05048125672745425
annapolis,705263804809661,2.8700154024184292,1.5-3,-1.6485760930091062,2.3496189146704944,Trimble,Trimble mx7,0.1092148573389701,0.11771679952576322,0.10136811069684726,0.10065051557649408,0.08324103396096906,0.11436282233280813,0.11372322668205856
annapolis,712773504232349,3.7754133109355235,3-5,-3.6997931284963963,0.7523719046475822,Trimble,Trimble mx7,0.038484938302419544,0.039873328861363744,0.03469416407968426,0.039873328861363744,0.0347253638675257,0.03948333151334571,0.03812614074224295
annapolis,716590860313634,2.437373080188554,1.5-3,-2.1627570686365343,1.1242196150812194,Trimble,Trimble mx7,0.05310203890613544,0.05698641249239505,0.048874467653619955,0.05589441991794456,0.04865606913872986,0.057126811537681545,0.052914840179086785
annapolis,733299878608344,2.8779250143873787,1.5-3,-1.6483618353183247,2.3594261517857693,Trimble,Trimble mx7,0.07066751946086766,0.07249270704959206,0.06522315648253592,0.06962232656817934,0.05667441461398062,0.07360029951796328,0.07150991373258662
annapolis,738497988323553,2.460838085181221,1.5-3,-2.413177594266327,0.4821155850081507,Trimble,Trimble mx7,0.055769620766578785,0.061260783426672696,0.048843267865778514,0.05801600549116266,0.04918646553203438,0.06023119042790509,0.05807840506684554
annapolis,812237619662282,1.9707451147300663,1.5-3,-1.6500535141891386,1.0777202020093828,Trimble,Trimble MX7,0.038360139151053775,0.039218133316693445,0.0375021449854141,0.03811054084832223,0.03717454721307895,0.03890613543827902,0.03860973745378531
annapolis,819578196836418,1.8269262356459777,1.5-3,1.4415397063368445,1.1224475946160744,Trimble,Trimble mx7,0.03545855888179961,0.03598895527510413,0.035848556229817634,0.03527136015475095,0.03580175654805547,0.03400776874717252,0.035380559412196
annapolis,832744555517667,3.8750149567587724,3-5,-3.7532680342237086,-0.9643913696566436,Trimble,Trimble mx7,0.04633168494454238,0.04489649470383601,0.04070012323916197,0.046752882080401854,0.04080932249660702,0.045972887384365786,0.04694008080745051
annapolis,843279940788401,3.323421972259339,3-5,-3.3122346233933797,-0.27261366902459894,Trimble,Trimble mx7,0.05932639658050325,0.06608115064817559,0.04514609300656756,0.06753194078280268,0.04516169290048828,0.06695474470773599,0.061323183002355584
annapolis,846876249550191,3.121047955800105,3-5,-3.021107794467429,-0.7838479221930001,Trimble,Trimble MX7,0.051573249301904746,0.0538820336021715,0.046815281656084735,0.053741634556885014,0.04726767857978566,0.05441242999547603,0.050231658424722714
annapolis,863337525341813,3.9676685627246058,3-5,2.4474680564255853,-3.1238167487112993,Trimble,Trimble mx7,0.06424036316553047,0.07363149930580472,0.05817200443036987,0.056393616523407644,0.05884279986896089,0.06640874842051074,0.0678439386612171
annapolis,863365891868341,1.5939757562103167,1.5-3,-1.5068395299411137,0.519861186651836,Trimble,Trimble mx7,0.05338283699670842,0.05318003837573904,0.04940486404692448,0.05257164251283091,0.049701262031418184,0.05218164516481288,0.05322683805750121
annapolis,863961825178792,1.3659112301092455,0-1.5,1.0347376816027263,0.8916938175329147,Trimble,Trimble mx7,0.04063772366347909,0.04093412164797279,0.039904528649205184,0.04090292186013135,0.04029452599722322,0.04160491708656381,0.04021652652761961
annapolis,865533918497811,3.8081260782441593,3-5,-3.7696556285963942,0.540316608529484,Trimble,Trimble mx7,0.07108871659672714,0.07957505888959955,0.05129245121133176,0.08004305570722119,0.051526449620142585,0.07904466249629502,0.06902953059919192
annapolis,867977875056387,3.0482231074650823,3-5,-2.9548153937043757,0.7491513478657577,Trimble,Trimble mx7,0.06249317504640969,0.06764114004024772,0.04776687518524874,0.06678314587460805,0.04651888367159103,0.06467716019531067,0.059825593185966336
annapolis,869773754548856,2.5425575290871536,1.5-3,-2.1457968208183966,1.364193899023786,Trimble,Trimble mx7,0.03717454721307895,0.03956133098294932,0.0375021449854141,0.03673775018329875,0.03687814922858525,0.03928053289237633,0.038640937241626754
annapolis,874414166619589,2.726582818074881,1.5-3,-1.973253381105864,1.8820004053530315,Trimble,Trimble MX7,0.06466156030138995,0.07126031542985507,0.05879600018719873,0.06526995616429808,0.05201004633168495,0.06954432709857573,0.06720434301046753
annapolis,876143044170826,0.9050458823284242,0-1.5,-0.6520215941505316,0.6276885357196422,Trimble,Trimble mx7,0.03380497012620314,0.03339937288426439,0.03226058062805173,0.03247897914294183,0.0332589738389779,0.032900176278801305,0.03314977458153284
annapolis,877430540067191,6.658401280637788,5-10,-6.23917088602221,2.329920736296463,Trimble,Trimble mx7,0.03463176450400137,0.04179211581361247,0.032338580097655334,0.03725254668268256,0.0319485827496373,0.040466124830351155,0.03506856153378157
annapolis,891735058502193,3.28418026828581,3-5,-3.266850169830762,-0.3371248886646849,Trimble,Trimble mx7,0.09161817699639642,0.1096516543687503,0.06416236369592687,0.10902765861192144,0.06441196199865841,0.1092928568085737,0.09221097296538383
annapolis,900958664931957,4.071229233377578,3-5,-3.2534954463311636,-2.4486979694766684,Trimble,Trimble mx7,0.04484969502207385,0.04389810149290985,0.037049748061713184,0.0433521052056846,0.03745534530365194,0.04561408982418919,0.04427249894700716
annapolis,924877929312275,2.352144932020194,1.5-3,-2.2242665656914355,0.7651916064588401,Trimble,Trimble mx7,0.08300703555215824,0.0829758357643168,0.07704787607444269,0.08445782568678532,0.08091664976678159,0.0844422257928646,0.08188384318986631
annapolis,928118321383655,2.656106199707857,1.5-3,-1.6336557532119411,2.0945782633134558,Trimble,Trimble MX7,0.03795454190911502,0.038391338938895216,0.03821974010576728,0.03669095050153659,0.03926493299845561,0.03862533734770603,0.03829773957537089
annapolis,955762218327225,2.3740073555608285,1.5-3,-1.2932282007430564,1.991016073626331,Trimble,Trimble MX7,0.0333369733085815,0.03408576821677613,0.032198181052368845,0.03191738296179586,0.03243217946117966,0.03341497277818511,0.03310297489977068
annapolis,967427853833872,2.59781682395655,1.5-3,-2.326934037576911,1.155319948881572,Trimble,Trimble MX7,0.06495795828588366,0.06473955977099356,0.05530162394895715,0.06533235573998097,0.05183844749855701,0.06531675584606024,0.06491115860412149
annapolis,972140606663998,1.3517888212026283,0-1.5,-0.3693547140306414,-1.3003590029209684,Trimble,Trimble MX7,0.05243124346754442,0.05344523657239131,0.05318003837573904,0.05264964198243452,0.053055239224373274,0.052914840179086785,0.053024039436531833
annapolis,991242088827423,2.631473342391786,1.5-3,-0.9438370209448026,-2.456495377340543,Trimble,Trimble mx7,0.052244044740495765,0.05335163720886698,0.052384443785782255,0.050122459167277665,0.04840647083599831,0.05043445704569209,0.052961639860848946
annapolis,997534874804455,3.0255178895043273,3-5,-0.9923512957110598,2.858288731377377,Trimble,Trimble mx7,0.08902859460555668,0.09097858134564685,0.08774940330405753,0.07862346536043555,0.06935712837152708,0.09083818230036035,0.09141537837542704
laurens,1048171837395171,2.128473453563095,1.5-3,-1.4869115000659898,-1.5231593184856447,GoPro,GoPro Max,0.048094472957583886,0.04848447030560192,0.04650328377767031,0.04796967380621812,0.04509929332480539,0.048141272639346054,0.04800087359405956
laurens,1062534315912016,2.4312960855374484,1.5-3,-0.7099593179267668,-2.325389259517983,GoPro,GoPro Max,0.058780400293278,0.058671201035832954,0.057111211643760824,0.052977239754769666,0.05553562235776797,0.05708001185591938,0.058530801990546465
laurens,1125260286068930,5.750808111960146,5-10,2.5118360378383104,-5.17490496345373,GoPro,GoPro Max,0.043398904887446764,0.04358610361449542,0.04297770775158729,0.04389810149290985,0.0435705037205747,0.0429153081759044,0.04433489852269005
laurens,1161087199423825,6.146669850281546,5-10,-0.6561624190300163,-6.111680239475092,GoPro,GoPro Max,0.05611281843283466,0.06303917133363493,0.06174438013821506,0.04823487200287038,0.04786047454877307,0.0566588147200599,0.06166638066861145
laurens,1162408982536257,3.33516209781435,3-5,-0.1869190730036801,-3.3299259489535595,GoPro,GoPro Max,0.043835701917226966,0.0430557072211909,0.04374210255370264,0.03809494095440151,0.03764313125955508,0.04252531082788637,0.04279050902453863
laurens,1164655035789654,3.809724147792801,3-5,-2.436660723604379,2.929480819137369,GoPro,GoPro Max,0.05339843689062914,0.053632435299439965,0.0503720574700092,0.04856246977520553,0.04775127529132802,0.05264964198243452,0.053086439012214715
laurens,1171431381605089,3.8942786918154515,3-5,-1.6602507096993047,-3.5231306034324232,GoPro,GoPro Max,0.061884779183501555,0.0616975804564529,0.05938879615618614,0.057797606976272564,0.05810960485468699,0.061245183532751976,0.062009578334867324
laurens,1175095874018468,2.062112181226225,1.5-3,1.6026272331752516,-1.2978181313149755,GoPro,GoPro Max,0.051635648877587634,0.05129245121133176,0.04848447030560192,0.05149524983230114,0.049436063834765925,0.052244044740495765,0.05126125142349032
laurens,1185713806822866,3.2760166657150367,3-5,-3.272979171623138,-0.14111768883954864,GoPro,GoPro Max,0.06041838915495375,0.06214997738015381,0.055878820024023834,0.06165078077469073,0.055598021933450856,0.062025178228788044,0.06336676910597008
laurens,1222425273270976,2.8998315082086434,1.5-3,-2.6905626732346297,-1.0820147846395998,GoPro,GoPro Max,0.05684601344710856,0.05608161864499321,0.055067625540146325,0.05405363243529944,0.052961639860848946,0.05594121959970672,0.05747000920393741
laurens,1222452929941555,0.49158202759078845,0-1.5,-0.38146767963419076,0.3100592197356855,GoPro,GoPro Max,0.0761742820148823,0.07768747172519228,0.07594028360607148,0.07668907851426611,0.07664227883250394,0.0765330795750589,0.07753147278598506
laurens,1229954708959465,3.9619753718354276,3-5,-3.9106349582705118,0.6362482853911728,GoPro,GoPro Max,0.05403803254137872,0.057048812068077936,0.0445220972497387,0.05687721323495,0.044709295976787355,0.058530801990546465,0.054318830631951705
laurens,1314759497005685,3.214058598090762,3-5,-1.6941784702958573,-2.73168578149849,GoPro,GoPro Max,0.04204171411634401,0.04080932249660702,0.04026332620938178,0.04012292716409528,0.040590923981716924,0.04071572313308269,0.04102772101149712
laurens,1321899553020334,1.322609823032848,0-1.5,-1.0019243513561398,-0.8634351926807756,GoPro,GoPro Max,0.06328876963636647,0.06144798215372135,0.061900379077422275,0.06091758576041683,0.061245183532751976,0.06263357409169618,0.06143238225980063
laurens,1329951288332749,1.222890358447695,0-1.5,1.1663833603171931,-0.3674633844832602,GoPro,GoPro Max,0.0636787669843845,0.0639595650749575,0.06244637536464752,0.06427156295337191,0.06249317504640969,0.06399076486279894,0.06321077016676287
laurens,1337172621216224,3.1484886573881825,3-5,-0.9621882687446709,-2.998002610949517,GoPro,GoPro Max,0.02981139728249848,0.029686598131132707,0.030138995054833626,0.02993619643386425,0.028267007784347067,0.02970219802505343,0.029514999298004774
laurens,1338686754110443,5.848740258462086,5-10,-3.982912184214855,-4.286465883110023,GoPro,GoPro Max,0.05683041355318784,0.0616975804564529,0.04625368547493877,0.05244684336146514,0.046113286429652275,0.058546401884467185,0.05888959955072306
laurens,1340281237294438,0.5878422974060259,0-1.5,-0.44353718724613844,0.38579308342933644,GoPro,GoPro Max,0.14749699702042027,0.15039857728967443,0.14886978768544373,0.14904138651857168,0.14886978768544373,0.15025817824438795,0.14971451748775388
laurens,1349225106930359,0.964215575644833,0-1.5,0.5056154754296498,0.8210250700172781,GoPro,GoPro Max,0.06447436157434129,0.062025178228788044,0.0625711745160133,0.06001279191301499,0.06269597366737906,0.06175998003213578,0.062867572500507
laurens,1350224506043655,2.781020194165311,1.5-3,-2.757653404050882,0.3598903325234722,GoPro,GoPro Max,0.04439729809837293,0.043149306584715226,0.04222891284339266,0.044802895340311684,0.04241611157044132,0.04421009937132427,0.04346130446312965
laurens,1361524698783040,1.518830883493626,1.5-3,1.4602259512085278,-0.417881841641726,GoPro,GoPro Max,0.08249223905277445,0.08464502441383398,0.07723507480149135,0.08380263014211503,0.07402149665382275,0.08511302123145563,0.08409902812660874
laurens,1369230248127514,2.2205433267471903,1.5-3,-0.08152244808632614,-2.219047110739549,GoPro,GoPro Max,0.05695521270455361,0.05723601079512659,0.05765720793098607,0.055020825858384165,0.05484922702525623,0.05929519679266181,0.05810960485468699
laurens,1378210510313997,1.2306839934187046,0-1.5,0.21100246526335656,-1.2124634828699683,GoPro,GoPro Max,0.06558195404271251,0.06533235573998097,0.06631514905698642,0.06115158416922765,0.06113598427530693,0.06492675849804222,0.06567555340623683
laurens,1423893009354395,2.93442563188134,1.5-3,-2.379799735807453,-1.71729532081249,GoPro,GoPro Max,0.05687810052728464,0.05871800071759512,0.055052025646225605,0.05846840241486358,0.05147964993838042,0.059919192549490664,0.05817200443036987
laurens,1458258615264761,1.4107825832524317,0-1.5,0.6136602646027303,1.2703504582026897,GoPro,GoPro Max,0.03375817044444098,0.033524172035630156,0.03455376503439777,0.03327457373289862,0.03321217415721573,0.033602171505233765,0.034974962170257244
laurens,1461635258234682,3.31043603181594,3-5,-0.20290016655186255,-3.304219104766094,GoPro,GoPro Max,0.04530209194577477,0.045411291203219815,0.045504890566744144,0.03786094254559069,0.03875013649907181,0.04497449417343962,0.0449588942795189
laurens,1465448277852019,5.484476436032779,5-10,3.2862357196797762,-4.393326130305999,GoPro,GoPro Max,0.05879600018719873,0.0640375645445611,0.04279050902453863,0.04389810149290985,0.04917086563811366,0.06035598957927086,0.05667441461398062
laurens,1483447699626154,0.8119845652735559,0-1.5,-0.7565623068271947,-0.2948515948277227,GoPro,GoPro Max,0.04929566478947943,0.05069965524234435,0.04842207072991904,0.04917086563811366,0.049498463410448806,0.05062165577274075,0.051573249301904746
laurens,1496361174779028,0.3479086246920512,0-1.5,0.3470727853655814,-0.024101865038162026,GoPro,GoPro Max,0.06853033399372885,0.06898273091742976,0.07030872190069108,0.06887353165998471,0.0696691262499415,0.06815593653963153,0.06932592858368564
laurens,1512787529928130,4.676595853844096,3-5,-0.770496162918996,-4.612826429060595,GoPro,GoPro Max,0.061978378547025884,0.0636007675147809,0.0640375645445611,0.05569162129697518,0.05319563826965976,0.06213437748623309,0.06271157356129978
laurens,1517299816228613,2.850221168550133,1.5-3,-2.5109793406702887,-1.3490399435159088,GoPro,GoPro Max,0.07555028625805345,0.07882626398140492,0.06697034460165671,0.07594028360607148,0.06431836263513407,0.07848306631514906,0.07519148869787685
laurens,1518788286020997,7.171406009034013,5-10,1.426339720447229,-7.028857351393738,GoPro,GoPro Max,0.08274183735550598,0.0877962029858197,0.0831942342792069,0.07230550832254341,0.06347596836341513,0.08324103396096906,0.08849819821225216
laurens,1527469165128331,5.05841062971246,5-10,2.974514318096637,-4.093267998135086,GoPro,GoPro Max,0.03509976132162301,0.03467856418576354,0.03441336598911127,0.03271297755175265,0.03215138137060668,0.0351621608973059,0.03452256524655632
laurens,1535322434332846,4.136992651088454,3-5,0.7960839762713839,-4.059805351397026,GoPro,GoPro Max,0.06759434035848556,0.06993432444659377,0.07015272296148387,0.05185404739247773,0.0528524406034039,0.06760994025240628,0.0717907118231596
laurens,1539829630297717,1.0083441512784828,0-1.5,-0.5378166590057831,-0.8529551785922691,GoPro,GoPro Max,0.05522362447935354,0.056487215886931966,0.056331216947724756,0.055145625009749934,0.05597241938754816,0.05542642310032292,0.05558242203953013
laurens,1540396413968916,3.4944841179004267,3-5,1.1129375574319422,-3.312728452641454,GoPro,GoPro Max,0.04932686457732088,0.04901486669890645,0.04835967115423615,0.04728327847370638,0.04578568865731713,0.04779807497309018,0.04893686722930284
laurens,1545329793166565,6.919730156112886,5-10,-0.17470236806597303,-6.917535179376414,GoPro,GoPro Max,0.05812520474860771,0.07912266196589864,0.07921626132942296,0.041916914964978236,0.04063772366347909,0.05828120368781492,0.07951265931391667
laurens,1550352169435830,7.227416641681861,5-10,1.2627183632386756,-7.116832334275478,GoPro,GoPro Max,0.04205731401026473,0.040466124830351155,0.039826529179601576,0.04138651857167371,0.042556510615727815,0.041183719950704335,0.040466124830351155
laurens,1557040268526874,3.558129059394866,3-5,-1.7791236537647168,-3.08189144633645,GoPro,GoPro Max,0.05325803784534265,0.05405363243529944,0.05332043742102554,0.05286804049732462,0.05121445174172816,0.05417843158666521,0.05464642840428685
laurens,1568453127905099,1.3767963711922657,0-1.5,0.46222242313188794,-1.2969021430604588,GoPro,GoPro Max,0.0531488385878976,0.054381230207634586,0.053726034662964293,0.05325803784534265,0.05138605057485609,0.053055239224373274,0.05349203625415347
laurens,1586076936136628,4.00203469244488,3-5,-3.9857882029773677,-0.36053269752116834,GoPro,GoPro Max,0.045255292264012606,0.04701808027705411,0.039186933528852004,0.0463472848384631,0.040559724193875484,0.046097686535731555,0.04413209990172067
laurens,1659902464987018,4.74692050716428,3-5,2.105459264753926,-4.255402480626074,GoPro,GoPro Max,0.05489602670701839,0.05885839976288161,0.053648035193360685,0.05180724771071557,0.04659688314119464,0.05706441196199866,0.05803160538508338
laurens,1735749390429351,4.10050804610421,3-5,-3.952106234455293,-1.0940390573943715,GoPro,GoPro Max,0.05757920846138246,0.0649891580737251,0.04207291390418545,0.061884779183501555,0.0429153081759044,0.06350716815125657,0.055629221721292296
laurens,1824905744811261,0.8057165082812606,0-1.5,0.797087777349934,0.1176055237166846,GoPro,GoPro Max,0.054474829571158914,0.052337644104020094,0.053757234450805734,0.052353243997940814,0.05311763880005616,0.051651248771508354,0.05459962872252469
laurens,1894850657819898,1.9705698923763348,1.5-3,-0.9133357274930619,-1.7462021204903382,GoPro,GoPro Max,0.13361309143097827,0.12980671731432225,0.12890192346692042,0.12947911954198713,0.12341076080682652,0.13278629705318004,0.13014991498057812
laurens,1895225997772744,3.655604683359983,3-5,0.5648302558303148,-3.6117634303607367,GoPro,GoPro Max,0.043305305523922435,0.04216651326770978,0.04277490913061791,0.04141771835951515,0.04177651591969175,0.04135531878383227,0.04135531878383227
laurens,1900603890488727,0.5858466102534667,0-1.5,0.13464617974877224,0.5701642355233821,GoPro,GoPro Max,0.05318003837573904,0.05339843689062914,0.05349203625415347,0.052992839648690386,0.05399123285961655,0.05338283699670842,0.05324243795142193
laurens,1912241163063647,1.3174503512293414,0-1.5,-0.2599610686357519,-1.291552212528057,GoPro,GoPro Max,0.0429153081759044,0.042572110509648535,0.04221331294947194,0.04204171411634401,0.04180771570753319,0.044116500007799944,0.043133706690794506
laurens,1973123443230745,3.2243418843764022,3-5,-1.9587266378819812,-2.5617040316012085,GoPro,GoPro Max,0.10497168619253389,0.11172644026020623,0.10069731525825625,0.09381776203921813,0.07594028360607148,0.1078264667800259,0.10974525373227462
laurens,1990333295097902,2.7458567369509828,1.5-3,-1.9820404555009015,-1.900706751574197,GoPro,GoPro Max,0.05742320952217525,0.05929519679266181,0.05054365630313714,0.058515202096625744,0.04371090276586119,0.06034038968535014,0.05934199647442397
laurens,2102336717175440,2.9497103416572217,1.5-3,-1.974199411949447,-2.192083429896644,GoPro,GoPro Max,0.044787295446390964,0.044631296507183754,0.04336770509960532,0.040590923981716924,0.038422538726736656,0.04367970297801975,0.04488089480991529
laurens,2142725129867751,3.771957524527332,3-5,-1.9315430771690336,-3.240491328577332,GoPro,GoPro Max,0.06672074629892517,0.06818713632747297,0.06771913950985134,0.057969205809400494,0.05140165046877681,0.0677035396159306,0.07041792115813612
laurens,2217407802101293,3.001649314296723,3-5,1.3950960768614167,-2.65800715167544,GoPro,GoPro Max,0.041901315071057516,0.041199319844625056,0.03960813066471148,0.041854515389295355,0.04207291390418545,0.041214919738545776,0.04080932249660702
laurens,2252974625208346,1.0330435501843422,0-1.5,-0.08095287566264656,-1.0298671342855095,GoPro,GoPro Max,0.1309299096766142,0.1283715270736159,0.128589925588506,0.1251423490320266,0.12546994680436174,0.1317411041604917,0.1281531285587258
laurens,2260879557743097,3.513347484557577,3-5,0.9817110437577102,-3.373569027512138,GoPro,GoPro Max,0.050824454393710125,0.04895246712322356,0.04909286616851005,0.04962326256181458,0.04981046128886323,0.05035645757608848,0.04853126998736409
laurens,2281219182305735,5.5545646095350865,5-10,-2.2393980528928124,-5.084432752170032,GoPro,GoPro Max,0.046893281125688344,0.05035645757608848,0.04770447560956585,0.04435049841661077,0.04279050902453863,0.049171632710367855,0.050278458106484875
laurens,2290960884662730,4.368242755835182,3-5,-2.43260507144179,-3.629310531703585,GoPro,GoPro Max,0.05948239551971046,0.06115158416922765,0.0584840023087843,0.053788434238647174,0.05283684070948318,0.059965992231252825,0.05946679562578974
laurens,25146842334955788,1.484892350521462,0-1.5,-0.6633073816630263,-1.3285358350645624,GoPro,GoPro Max,0.04843767062383976,0.048905667441461395,0.048827667971857794,0.04726767857978566,0.04633168494454238,0.04800087359405956,0.04754847667035864
laurens,25190811433886585,4.17285309264752,3-5,4.14729141742168,-0.4615723653534527,GoPro,GoPro Max,0.03949893140726643,0.039155733741010564,0.03547415877572033,0.03924933310453489,0.03645695209272577,0.03953013119510787,0.03937413225590066
laurens,25277922765160642,4.447832241529812,3-5,2.5876600180775435,-3.618858242560796,GoPro,GoPro Max,0.05743880941609597,0.05761040824922391,0.0472988783676271,0.050294058000405595,0.053507636148074196,0.05723601079512659,0.05383523392040934
laurens,25393196263651274,1.6885623957865086,1.5-3,1.6139591799125605,-0.49643118069423897,GoPro,GoPro Max,0.04648768388374959,0.04695568070137123,0.04645648409590815,0.04580128855123785,0.04558289003634775,0.045972887384365786,0.047814420766902746
laurens,26137311355859436,4.367896991039599,3-5,-0.737798619994906,-4.3052528618995,GoPro,GoPro Max,0.04531769183969549,0.04715847932234061,0.04630048515670093,0.042556510615727815,0.044116500007799944,0.045239692370091886,0.04584808823300002
laurens,2941904002667822,3.2510139473709616,3-5,-1.2379675022290155,-3.006315833587664,GoPro,GoPro Max,0.06108918459354477,0.06467716019531067,0.06307037112147637,0.05467762819212829,0.05522362447935354,0.05957599488323479,0.06408436422632326
laurens,3148199545362586,4.374432729373885,3-5,-3.0234553272991813,-3.1628576607464427,GoPro,GoPro Max,0.048032073381901005,0.049420463940845205,0.046768481974322575,0.046768481974322575,0.04484969502207385,0.048874467653619955,0.048858867759699234
laurens,4175533842712518,2.6123259879287213,1.5-3,-2.0603853714695926,-1.6062912352295453,GoPro,GoPro Max,0.04776687518524874,0.049701262031418184,0.047080479852737,0.04718967911018205,0.045286492051854046,0.04845327051776048,0.0491240659563515
laurens,4216189052043049,3.4957213983470274,3-5,-2.9004511899070256,-1.9521032097472573,GoPro,GoPro Max,0.15997691215699733,0.16269383170571902,0.1358303953074787,0.13603107498869008,0.13793426204701809,0.15301935946835563,0.15876012043118107
laurens,4245707092355026,1.1059197773211076,0-1.5,0.41927007369490993,-1.0233718058602976,GoPro,GoPro Max,0.05617521800851754,0.05509882532798777,0.055036425752304885,0.055161224903670654,0.05439767869957256,0.05589441991794456,0.05583202034226167
laurens,4276172862704339,0.28978427159697495,0-1.5,0.2879689440730262,0.03238549282692397,GoPro,GoPro Max,0.06862393335725317,0.0705427203095019,0.07074551893047128,0.07013712306756315,0.06946632762897212,0.0698875247648316,0.0701839227493253
laurens,4302617043349421,3.5995247158682853,3-5,-1.05907300840819,-3.440391101609507,GoPro,GoPro Max,0.047501676988596475,0.04840647083599831,0.04778247507916946,0.04436609831053149,0.04580128855123785,0.047345678049389266,0.0477356753974073
laurens,688881197614168,2.032273218455684,1.5-3,-1.0532932720685488,1.7381162411612932,GoPro,GoPro Max,0.07904466249629502,0.07754707267990578,0.07695427671091837,0.0761742820148823,0.07633028095408952,0.07815546854281391,0.07840506684554545
laurens,689227697592619,3.6845430756181177,3-5,0.8273565872343455,-3.590575870462682,GoPro,GoPro Max,0.04433489852269005,0.046113286429652275,0.04561408982418919,0.041760916025771026,0.0402789261033025,0.044116500007799944,0.045411291203219815
laurens,696471096852347,4.275044159324302,3-5,-0.9161314169969291,-4.175906183243405,GoPro,GoPro Max,0.04096532143581424,0.041183719950704335,0.041214919738545776,0.04037252546682683,0.041885715177136795,0.04102772101149712,0.04180771570753319
laurens,704289842736043,3.1936634350749253,3-5,0.45718758114692354,-3.160803337105917,GoPro,GoPro Max,0.04754847667035864,0.047470477200755035,0.047454877306834314,0.04497449417343962,0.04389810149290985,0.04853126998736409,0.04698688048921267
laurens,710168705006001,4.961630422257977,3-5,4.155937723101839,-2.7127237747921975,GoPro,GoPro Max,0.050964853438996614,0.06261797419777546,0.035676957396689704,0.054350030419793145,0.03375817044444098,0.06044958894279519,0.05133925089309393
laurens,715913028227262,0.7541900209436698,0-1.5,-0.7515704864722186,0.06280619237511868,GoPro,GoPro Max,0.0416673166622467,0.04141771835951515,0.04071572313308269,0.04155811740480165,0.04054412429995476,0.04076252281484486,0.04293090806982513
laurens,720192293894630,1.568796056964399,1.5-3,1.2801622899211136,-0.906886125318605,GoPro,GoPro Max,0.050216058530801994,0.050013259909832616,0.049467263622607366,0.050403257257850644,0.05105845280252094,0.04864046924480914,0.04940486404692448
laurens,727636259805704,2.054437467482569,1.5-3,-0.45103239663716443,-2.004336816837152,GoPro,GoPro Max,0.04832847136639471,0.048765268396174906,0.04962326256181458,0.04294650796374585,0.044709295976787355,0.04776687518524874,0.04937366425908304
laurens,763361353420163,1.8827391025538116,1.5-3,-1.1331935459908604,-1.5036202081570038,GoPro,GoPro Max,0.05130805110525249,0.05104285290860022,0.049560862986131694,0.0505124565152957,0.04709607974665772,0.05068405534842363,0.05215044537697144
laurens,810133888556410,4.512936075057165,3-5,-0.1121929628592321,-4.511544168229141,GoPro,GoPro Max,0.054334430525872425,0.053601235511598525,0.05416283169274449,0.05062165577274075,0.05076205481802724,0.055738420978737345,0.05257164251283091
laurens,813171344835409,5.577006915132769,5-10,2.5071847487236445,-4.983261074758467,GoPro,GoPro Max,0.034444565776952714,0.035380559412196,0.0352401603669095,0.0335553718234716,0.03254137871862471,0.03527136015475095,0.035130961109464454
laurens,813562584985239,5.0499852641417835,5-10,-1.508262039339345,-4.82004834564854,GoPro,GoPro Max,0.050886853969393006,0.053523236041994916,0.05143285025661826,0.045270892157933326,0.04600408717220723,0.05049764437927054,0.0538040341325679
laurens,818762744118973,3.2457088111989023,3-5,-2.996919862902274,-1.2468019118029168,GoPro,GoPro Max,0.05489602670701839,0.0528524406034039,0.052977239754769666,0.05469322808604901,0.05459962872252469,0.05316443848181832,0.05269644166419668
laurens,822346197177828,3.57604317202446,3-5,-1.0670939398572574,-3.413318432053305,GoPro,GoPro Max,0.05832800336957709,0.05890519944464378,0.059232797216978925,0.05052805640921642,0.05260284230067236,0.05754800867354102,0.059248397110899645
laurens,826717166785763,1.9604748024112209,1.5-3,-0.0854400034045955,-1.9586128510831184,GoPro,GoPro Max,0.046128886323573,0.046097686535731555,0.04581688844515857,0.04374210255370264,0.04382010202330624,0.047439277412913594,0.04531769183969549
laurens,834383442517949,2.544385159497365,1.5-3,-1.696056763510039,-1.8969286928607603,GoPro,GoPro Max,0.06572235308799901,0.06731354226791258,0.06073038703336817,0.06439636210473769,0.057142411431602265,0.06775033929769278,0.06522315648253592
laurens,845899741254441,4.395815647174762,3-5,-1.9400254345761652,-3.94530700788381,GoPro,GoPro Max,0.06821833611531442,0.0680623371761072,0.06801553749434504,0.05762600814314463,0.05734521005257164,0.06584715223936477,0.07021512253716675
laurens,853035244088834,3.325959841509677,3-5,0.9044685818862703,-3.200749385948003,GoPro,GoPro Max,0.1229583638831256,0.12929192081493845,0.12288036441352199,0.09966772225948864,0.09381776203921813,0.12306756314057064,0.12623434160647706
laurens,853971067099545,2.6630417469103533,1.5-3,-0.9651690569661662,-2.48210049489869,GoPro,GoPro Max,0.054911626600939116,0.053601235511598525,0.05371043476904357,0.05264964198243452,0.053726034662964293,0.05522362447935354,0.05478682744957334
laurens,854464513592097,4.643263287047532,3-5,1.614862567233067,-4.3539791841132125,GoPro,GoPro Max,0.04906166638066861,0.05191644696816062,0.04906166638066861,0.03973292981607725,0.04110572048110073,0.04684648144392618,0.050933653651155174
laurens,855822370146789,3.1491125983303174,3-5,-1.3222099040924093,-2.8583424803980653,GoPro,GoPro Max,0.04991966054630829,0.0512456515295696,0.050902453863313726,0.0463472848384631,0.048780868290095626,0.049560862986131694,0.05201004633168495
laurens,856462003604341,6.663891473168702,5-10,0.32254862462780476,-6.656116014227392,GoPro,GoPro Max,0.04639408452022526,0.04913966585027222,0.048734068608333465,0.04249411104004493,0.04163611687440526,0.0465656833533532,0.04720527900410277
laurens,858125493614092,5.4302046326248306,5-10,1.7150004459608452,-5.153040933906819,GoPro,GoPro Max,0.0505904559848993,0.05357003572375708,0.051526449620142585,0.04347690435705037,0.04299330764550801,0.04862486935088842,0.05335163720886698
laurens,863563026117853,3.648524797567204,3-5,-1.0356469633062722,-3.498642880642718,GoPro,GoPro Max,0.05261844219459308,0.05371043476904357,0.0531488385878976,0.0498572609706254,0.05055925619705786,0.05310203890613544,0.05318003837573904
laurens,878422481186005,2.074470155731031,1.5-3,0.7624458483211928,-1.929332136394101,GoPro,GoPro Max,0.06998112412835593,0.07015272296148387,0.06952872720465501,0.06369436687830522,0.06636194873874858,0.07087031808183704,0.0709015178696785
