scope,ramp,arm,self_detected,n_marks,pano_id,x,y,mark_kind,nearest_site_m,match_2p5m,recalled_2p5m
test_half,0,off,True,1,-6wL7HzdK7t8DTC_zDPOLw,0.3711,0.5547,det,2.0017,2.0017,True
test_half,0,partial,True,1,-6wL7HzdK7t8DTC_zDPOLw,0.3711,0.5547,det,2.4829,2.4829,True
test_half,0,partial-loco,True,1,-6wL7HzdK7t8DTC_zDPOLw,0.3711,0.5547,det,2.7132,,True
test_half,1,off,True,1,0CvMs02xHlg3mCMHJdc6Xg,0.8857,0.6152,det,0.2053,0.2053,True
test_half,1,partial,True,1,0CvMs02xHlg3mCMHJdc6Xg,0.8857,0.6152,det,0.3634,0.3634,True
test_half,1,partial-loco,True,1,0CvMs02xHlg3mCMHJdc6Xg,0.8857,0.6152,det,0.3709,0.3709,True
test_half,2,off,True,1,0CvMs02xHlg3mCMHJdc6Xg,0.5967,0.5703,det,0.2885,0.2885,True
test_half,2,partial,True,1,0CvMs02xHlg3mCMHJdc6Xg,0.5967,0.5703,det,0.1489,0.1489,True
test_half,2,partial-loco,True,1,0CvMs02xHlg3mCMHJdc6Xg,0.5967,0.5703,det,0.1390,0.1390,True
test_half,3,off,True,1,0CvMs02xHlg3mCMHJdc6Xg,0.5586,0.5684,det,0.5997,0.5997,True
test_half,3,partial,True,1,0CvMs02xHlg3mCMHJdc6Xg,0.5586,0.5684,det,0.5343,0.5343,True
test_half,3,partial-loco,True,1,0CvMs02xHlg3mCMHJdc6Xg,0.5586,0.5684,det,0.4866,0.4866,True
test_half,4,off,True,1,0CvMs02xHlg3mCMHJdc6Xg,0.1904,0.5547,det,0.1528,0.1528,True
test_half,4,partial,True,1,0CvMs02xHlg3mCMHJdc6Xg,0.1904,0.5547,det,0.4822,0.4822,True
test_half,4,partial-loco,True,1,0CvMs02xHlg3mCMHJdc6Xg,0.1904,0.5547,det,0.4130,0.4130,True
test_half,5,off,True,1,0CvMs02xHlg3mCMHJdc6Xg,0.2217,0.5684,det,1.3820,1.3820,True
test_half,5,partial,True,1,0CvMs02xHlg3mCMHJdc6Xg,0.2217,0.5684,det,1.1783,1.1783,True
test_half,5,partial-loco,True,1,0CvMs02xHlg3mCMHJdc6Xg,0.2217,0.5684,det,1.2094,1.2094,True
test_half,6,off,True,1,0CvMs02xHlg3mCMHJdc6Xg,0.0664,0.6465,det,0.0000,0.0000,True
test_half,6,partial,True,1,0CvMs02xHlg3mCMHJdc6Xg,0.0664,0.6465,det,0.0000,0.0000,True
test_half,6,partial-loco,True,1,0CvMs02xHlg3mCMHJdc6Xg,0.0664,0.6465,det,0.0000,0.0000,True
test_half,7,off,True,1,0CvMs02xHlg3mCMHJdc6Xg,0.3779,0.5391,det,0.4374,0.4374,True
test_half,7,partial,True,1,0CvMs02xHlg3mCMHJdc6Xg,0.3779,0.5391,det,1.2265,1.2265,True
test_half,7,partial-loco,True,1,0CvMs02xHlg3mCMHJdc6Xg,0.3779,0.5391,det,1.3802,1.3802,True
test_half,8,off,True,1,0CvMs02xHlg3mCMHJdc6Xg,0.1123,0.6172,det,0.2541,0.2541,True
test_half,8,partial,True,1,0CvMs02xHlg3mCMHJdc6Xg,0.1123,0.6172,det,0.1908,0.1908,True
test_half,8,partial-loco,True,1,0CvMs02xHlg3mCMHJdc6Xg,0.1123,0.6172,det,0.1957,0.1957,True
test_half,9,off,True,1,0CvMs02xHlg3mCMHJdc6Xg,0.8076,0.6016,det,0.0000,0.0000,True
test_half,9,partial,True,1,0CvMs02xHlg3mCMHJdc6Xg,0.8076,0.6016,det,0.0000,0.0000,True
test_half,9,partial-loco,True,1,0CvMs02xHlg3mCMHJdc6Xg,0.8076,0.6016,det,0.0000,0.0000,True
test_half,10,off,False,1,0CvMs02xHlg3mCMHJdc6Xg,0.4513,0.5560,missed,2.2313,,False
test_half,10,partial,False,1,0CvMs02xHlg3mCMHJdc6Xg,0.4513,0.5560,missed,2.3425,,False
test_half,10,partial-loco,False,1,0CvMs02xHlg3mCMHJdc6Xg,0.4513,0.5560,missed,2.4103,,False
test_half,11,off,False,1,0CvMs02xHlg3mCMHJdc6Xg,0.4743,0.5620,missed,0.6268,0.6268,True
test_half,11,partial,False,1,0CvMs02xHlg3mCMHJdc6Xg,0.4743,0.5620,missed,0.4409,0.4409,True
test_half,11,partial-loco,False,1,0CvMs02xHlg3mCMHJdc6Xg,0.4743,0.5620,missed,0.3360,0.3360,True
test_half,12,off,True,1,0FMaNGiSOoTGqLgh8jHfYQ,0.1592,0.5391,det,4.9156,,True
test_half,12,partial,True,1,0FMaNGiSOoTGqLgh8jHfYQ,0.1592,0.5391,det,4.5074,,True
test_half,12,partial-loco,True,1,0FMaNGiSOoTGqLgh8jHfYQ,0.1592,0.5391,det,4.6166,,True
test_half,13,off,True,1,0FMaNGiSOoTGqLgh8jHfYQ,0.2373,0.5684,det,0.6434,0.6434,True
test_half,13,partial,True,1,0FMaNGiSOoTGqLgh8jHfYQ,0.2373,0.5684,det,0.5260,0.5260,True
test_half,13,partial-loco,True,1,0FMaNGiSOoTGqLgh8jHfYQ,0.2373,0.5684,det,0.5349,0.5349,True
test_half,14,off,True,1,0FMaNGiSOoTGqLgh8jHfYQ,0.0195,0.5527,det,0.9245,0.9245,True
test_half,14,partial,True,1,0FMaNGiSOoTGqLgh8jHfYQ,0.0195,0.5527,det,0.8793,0.8793,True
test_half,14,partial-loco,True,1,0FMaNGiSOoTGqLgh8jHfYQ,0.0195,0.5527,det,0.8039,0.8039,True
test_half,15,off,True,1,0FMaNGiSOoTGqLgh8jHfYQ,0.3311,0.6621,det,1.9235,1.9235,True
test_half,15,partial,True,1,0FMaNGiSOoTGqLgh8jHfYQ,0.3311,0.6621,det,1.9514,1.9514,True
test_half,15,partial-loco,True,1,0FMaNGiSOoTGqLgh8jHfYQ,0.3311,0.6621,det,1.9807,1.9807,True
test_half,16,off,True,1,0FMaNGiSOoTGqLgh8jHfYQ,0.9570,0.5547,det,0.5003,0.5003,True
test_half,16,partial,True,1,0FMaNGiSOoTGqLgh8jHfYQ,0.9570,0.5547,det,0.6437,0.6437,True
test_half,16,partial-loco,True,1,0FMaNGiSOoTGqLgh8jHfYQ,0.9570,0.5547,det,0.7147,0.7147,True
test_half,17,off,True,1,0FMaNGiSOoTGqLgh8jHfYQ,0.0967,0.5527,det,0.0000,0.0000,True
test_half,17,partial,True,1,0FMaNGiSOoTGqLgh8jHfYQ,0.0967,0.5527,det,0.0000,0.0000,True
test_half,17,partial-loco,True,1,0FMaNGiSOoTGqLgh8jHfYQ,0.0967,0.5527,det,0.0000,0.0000,True
test_half,18,off,True,1,0FMaNGiSOoTGqLgh8jHfYQ,0.7607,0.7246,det,0.2415,0.2415,True
test_half,18,partial,True,1,0FMaNGiSOoTGqLgh8jHfYQ,0.7607,0.7246,det,0.1470,0.1470,True
test_half,18,partial-loco,True,1,0FMaNGiSOoTGqLgh8jHfYQ,0.7607,0.7246,det,0.1335,0.1335,True
test_half,19,off,True,1,0FMaNGiSOoTGqLgh8jHfYQ,0.8789,0.5996,det,0.0000,0.0000,True
test_half,19,partial,True,1,0FMaNGiSOoTGqLgh8jHfYQ,0.8789,0.5996,det,0.0000,0.0000,True
test_half,19,partial-loco,True,1,0FMaNGiSOoTGqLgh8jHfYQ,0.8789,0.5996,det,0.0000,0.0000,True
test_half,20,off,True,1,2S_Fj0bq7qkdKUBw9-g1XA,0.8311,0.6465,det,0.9946,0.9946,True
test_half,20,partial,True,1,2S_Fj0bq7qkdKUBw9-g1XA,0.8311,0.6465,det,0.9814,0.9814,True
test_half,20,partial-loco,True,1,2S_Fj0bq7qkdKUBw9-g1XA,0.8311,0.6465,det,0.9439,0.9439,True
test_half,21,off,True,1,2S_Fj0bq7qkdKUBw9-g1XA,0.2061,0.5703,det,0.9289,0.9289,True
test_half,21,partial,True,1,2S_Fj0bq7qkdKUBw9-g1XA,0.2061,0.5703,det,0.8198,0.8198,True
test_half,21,partial-loco,True,1,2S_Fj0bq7qkdKUBw9-g1XA,0.2061,0.5703,det,0.8054,0.8054,True
test_half,22,off,False,1,2S_Fj0bq7qkdKUBw9-g1XA,0.1162,0.6982,missed,1.2724,1.2724,True
test_half,22,partial,False,1,2S_Fj0bq7qkdKUBw9-g1XA,0.1162,0.6982,missed,1.1416,1.1416,True
test_half,22,partial-loco,False,1,2S_Fj0bq7qkdKUBw9-g1XA,0.1162,0.6982,missed,1.1582,1.1582,True
test_half,23,off,False,1,2S_Fj0bq7qkdKUBw9-g1XA,0.1513,0.6509,missed,1.9862,,False
test_half,23,partial,False,1,2S_Fj0bq7qkdKUBw9-g1XA,0.1513,0.6509,missed,1.9189,,False
test_half,23,partial-loco,False,1,2S_Fj0bq7qkdKUBw9-g1XA,0.1513,0.6509,missed,1.9299,,False
test_half,24,off,True,1,5U3KS0M2Y8w3qsDGGV610g,0.3164,0.5840,det,0.8974,0.8974,True
test_half,24,partial,True,1,5U3KS0M2Y8w3qsDGGV610g,0.3164,0.5840,det,0.9103,0.9103,True
test_half,24,partial-loco,True,1,5U3KS0M2Y8w3qsDGGV610g,0.3164,0.5840,det,0.8939,0.8939,True
test_half,25,off,True,1,5U3KS0M2Y8w3qsDGGV610g,0.1836,0.5840,det,0.2529,0.2529,True
test_half,25,partial,True,1,5U3KS0M2Y8w3qsDGGV610g,0.1836,0.5840,det,0.2297,0.2297,True
test_half,25,partial-loco,True,1,5U3KS0M2Y8w3qsDGGV610g,0.1836,0.5840,det,0.2142,0.2142,True
test_half,26,off,True,1,62TiKmlmxt_xn_68w1lgAw,0.3945,0.6309,det,0.0000,0.0000,True
test_half,26,partial,True,1,62TiKmlmxt_xn_68w1lgAw,0.3945,0.6309,det,0.0000,0.0000,True
test_half,26,partial-loco,True,1,62TiKmlmxt_xn_68w1lgAw,0.3945,0.6309,det,0.0000,0.0000,True
test_half,27,off,True,1,62TiKmlmxt_xn_68w1lgAw,0.5742,0.5391,det,0.0000,0.0000,True
test_half,27,partial,True,1,62TiKmlmxt_xn_68w1lgAw,0.5742,0.5391,det,0.0000,0.0000,True
test_half,27,partial-loco,True,1,62TiKmlmxt_xn_68w1lgAw,0.5742,0.5391,det,0.0000,0.0000,True
test_half,28,off,True,1,62TiKmlmxt_xn_68w1lgAw,0.6123,0.6328,det,0.0000,0.0000,True
test_half,28,partial,True,1,62TiKmlmxt_xn_68w1lgAw,0.6123,0.6328,det,0.0000,0.0000,True
test_half,28,partial-loco,True,1,62TiKmlmxt_xn_68w1lgAw,0.6123,0.6328,det,0.0000,0.0000,True
test_half,29,off,False,1,62TiKmlmxt_xn_68w1lgAw,0.6216,0.5600,missed,7.4806,,False
test_half,29,partial,False,1,62TiKmlmxt_xn_68w1lgAw,0.6216,0.5600,missed,7.4539,,False
test_half,29,partial-loco,False,1,62TiKmlmxt_xn_68w1lgAw,0.6216,0.5600,missed,7.4228,,False
test_half,30,off,True,1,7B5Vphda5PDmZJ5q1RQWdg,0.5107,0.5391,det,2.7215,,True
test_half,30,partial,True,1,7B5Vphda5PDmZJ5q1RQWdg,0.5107,0.5391,det,1.6962,1.6962,True
test_half,30,partial-loco,True,1,7B5Vphda5PDmZJ5q1RQWdg,0.5107,0.5391,det,0.9998,0.9998,True
test_half,31,off,True,1,8H6LgNn56hay95HiBYrhHw,0.3467,0.5527,det,2.1939,2.1939,True
test_half,31,partial,True,1,8H6LgNn56hay95HiBYrhHw,0.3467,0.5527,det,3.1008,,True
test_half,31,partial-loco,True,1,8H6LgNn56hay95HiBYrhHw,0.3467,0.5527,det,3.0463,,True
test_half,32,off,True,1,8H6LgNn56hay95HiBYrhHw,0.8389,0.5391,det,1.9210,1.9210,True
test_half,32,partial,True,1,8H6LgNn56hay95HiBYrhHw,0.8389,0.5391,det,0.3809,0.3809,True
test_half,32,partial-loco,True,1,8H6LgNn56hay95HiBYrhHw,0.8389,0.5391,det,0.4188,0.4188,True
test_half,33,off,True,1,8VPbrd8XBzDOIVoo5Xwz8g,0.0967,0.5527,det,0.8889,0.8889,True
test_half,33,partial,True,1,8VPbrd8XBzDOIVoo5Xwz8g,0.0967,0.5527,det,0.7008,0.7008,True
test_half,33,partial-loco,True,1,8VPbrd8XBzDOIVoo5Xwz8g,0.0967,0.5527,det,0.7884,0.7884,True
test_half,34,off,True,1,8VPbrd8XBzDOIVoo5Xwz8g,0.9570,0.5527,det,1.0951,1.0951,True
test_half,34,partial,True,1,8VPbrd8XBzDOIVoo5Xwz8g,0.9570,0.5527,det,0.8254,0.8254,True
test_half,34,partial-loco,True,1,8VPbrd8XBzDOIVoo5Xwz8g,0.9570,0.5527,det,0.6352,0.6352,True
test_half,35,off,True,1,8cphEWdm85w5CwOw4rm0_A,0.4092,0.5859,det,0.1788,0.1788,True
test_half,35,partial,True,1,8cphEWdm85w5CwOw4rm0_A,0.4092,0.5859,det,0.2272,0.2272,True
test_half,35,partial-loco,True,1,8cphEWdm85w5CwOw4rm0_A,0.4092,0.5859,det,0.2494,0.2494,True
test_half,36,off,True,1,8cphEWdm85w5CwOw4rm0_A,0.5586,0.6309,det,0.7208,0.7208,True
test_half,36,partial,True,1,8cphEWdm85w5CwOw4rm0_A,0.5586,0.6309,det,0.6649,0.6649,True
test_half,36,partial-loco,True,1,8cphEWdm85w5CwOw4rm0_A,0.5586,0.6309,det,0.6661,0.6661,True
test_half,37,off,False,1,8cphEWdm85w5CwOw4rm0_A,0.3774,0.5685,missed,3.3024,,False
test_half,37,partial,False,1,8cphEWdm85w5CwOw4rm0_A,0.3774,0.5685,missed,3.3989,,False
test_half,37,partial-loco,False,1,8cphEWdm85w5CwOw4rm0_A,0.3774,0.5685,missed,3.4355,,False
test_half,38,off,False,1,8cphEWdm85w5CwOw4rm0_A,0.3586,0.5442,missed,1.2339,1.2339,True
test_half,38,partial,False,1,8cphEWdm85w5CwOw4rm0_A,0.3586,0.5442,missed,1.0410,1.0410,True
test_half,38,partial-loco,False,1,8cphEWdm85w5CwOw4rm0_A,0.3586,0.5442,missed,1.0809,1.0809,True
test_half,39,off,True,1,91IlnKR3b8rCc1Zx5XGy7w,0.0430,0.5391,det,0.6749,0.6749,True
test_half,39,partial,True,1,91IlnKR3b8rCc1Zx5XGy7w,0.0430,0.5391,det,0.8846,0.8846,True
test_half,39,partial-loco,True,1,91IlnKR3b8rCc1Zx5XGy7w,0.0430,0.5391,det,1.0548,1.0548,True
test_half,40,off,True,1,A5AVKFhm7unr9Rs55aQ1Tw,0.4492,0.5371,det,1.6493,1.6493,True
test_half,40,partial,True,1,A5AVKFhm7unr9Rs55aQ1Tw,0.4492,0.5371,det,0.4457,0.4457,True
test_half,40,partial-loco,True,1,A5AVKFhm7unr9Rs55aQ1Tw,0.4492,0.5371,det,1.1214,1.1214,True
test_half,41,off,True,1,I8Y9zDjNKL1k5HUv6BSyFA,0.7373,0.5391,det,0.0000,0.0000,True
test_half,41,partial,True,1,I8Y9zDjNKL1k5HUv6BSyFA,0.7373,0.5391,det,0.0000,0.0000,True
test_half,41,partial-loco,True,1,I8Y9zDjNKL1k5HUv6BSyFA,0.7373,0.5391,det,0.0000,0.0000,True
test_half,42,off,True,1,I8Y9zDjNKL1k5HUv6BSyFA,0.8398,0.5391,det,0.0000,0.0000,True
test_half,42,partial,True,1,I8Y9zDjNKL1k5HUv6BSyFA,0.8398,0.5391,det,0.0000,0.0000,True
test_half,42,partial-loco,True,1,I8Y9zDjNKL1k5HUv6BSyFA,0.8398,0.5391,det,0.0000,0.0000,True
test_half,43,off,True,1,I_t9Bp1OzV2m-ZKFHssOdg,0.9727,0.5391,det,1.8708,1.8708,True
test_half,43,partial,True,1,I_t9Bp1OzV2m-ZKFHssOdg,0.9727,0.5391,det,3.4197,,True
test_half,43,partial-loco,True,1,I_t9Bp1OzV2m-ZKFHssOdg,0.9727,0.5391,det,2.9178,,True
test_half,44,off,True,1,I_t9Bp1OzV2m-ZKFHssOdg,0.0654,0.5391,det,1.2813,1.2813,True
test_half,44,partial,True,1,I_t9Bp1OzV2m-ZKFHssOdg,0.0654,0.5391,det,2.4064,2.4064,True
test_half,44,partial-loco,True,1,I_t9Bp1OzV2m-ZKFHssOdg,0.0654,0.5391,det,1.7597,1.7597,True
test_half,45,off,True,1,Jv7Zl2erbO_g10pRN-IS_Q,0.0898,0.5547,det,1.4277,1.4277,True
test_half,45,partial,True,1,Jv7Zl2erbO_g10pRN-IS_Q,0.0898,0.5547,det,0.8922,0.8922,True
test_half,45,partial-loco,True,1,Jv7Zl2erbO_g10pRN-IS_Q,0.0898,0.5547,det,0.6693,0.6693,True
test_half,46,off,True,1,Jv7Zl2erbO_g10pRN-IS_Q,0.2061,0.6621,det,0.5059,0.5059,True
test_half,46,partial,True,1,Jv7Zl2erbO_g10pRN-IS_Q,0.2061,0.6621,det,0.4706,0.4706,True
test_half,46,partial-loco,True,1,Jv7Zl2erbO_g10pRN-IS_Q,0.2061,0.6621,det,0.4726,0.4726,True
test_half,47,off,True,1,Jv7Zl2erbO_g10pRN-IS_Q,0.0342,0.5527,det,0.0000,0.0000,True
test_half,47,partial,True,1,Jv7Zl2erbO_g10pRN-IS_Q,0.0342,0.5527,det,0.0000,0.0000,True
test_half,47,partial-loco,True,1,Jv7Zl2erbO_g10pRN-IS_Q,0.0342,0.5527,det,0.0000,0.0000,True
test_half,48,off,True,1,Jv7Zl2erbO_g10pRN-IS_Q,0.1602,0.5840,det,0.6223,0.6223,True
test_half,48,partial,True,1,Jv7Zl2erbO_g10pRN-IS_Q,0.1602,0.5840,det,0.7661,0.7661,True
test_half,48,partial-loco,True,1,Jv7Zl2erbO_g10pRN-IS_Q,0.1602,0.5840,det,0.8052,0.8052,True
test_half,49,off,True,1,Jv7Zl2erbO_g10pRN-IS_Q,0.8232,0.7109,det,0.4058,0.4058,True
test_half,49,partial,True,1,Jv7Zl2erbO_g10pRN-IS_Q,0.8232,0.7109,det,0.4099,0.4099,True
test_half,49,partial-loco,True,1,Jv7Zl2erbO_g10pRN-IS_Q,0.8232,0.7109,det,0.4213,0.4213,True
test_half,50,off,True,1,LMwVmdxU9opG4yzbotuw6g,0.5186,0.5371,det,0.9974,0.9974,True
test_half,50,partial,True,1,LMwVmdxU9opG4yzbotuw6g,0.5186,0.5371,det,2.9778,,True
test_half,50,partial-loco,True,1,LMwVmdxU9opG4yzbotuw6g,0.5186,0.5371,det,2.6668,,True
test_half,51,off,True,1,LMwVmdxU9opG4yzbotuw6g,0.4014,0.5391,det,3.4909,,True
test_half,51,partial,True,1,LMwVmdxU9opG4yzbotuw6g,0.4014,0.5391,det,3.7585,,True
test_half,51,partial-loco,True,1,LMwVmdxU9opG4yzbotuw6g,0.4014,0.5391,det,3.2783,,True
test_half,52,off,True,1,LN819vhVLLeYwzRsBh2zAg,0.2695,0.6484,det,0.6784,0.6784,True
test_half,52,partial,True,1,LN819vhVLLeYwzRsBh2zAg,0.2695,0.6484,det,0.6964,0.6964,True
test_half,52,partial-loco,True,1,LN819vhVLLeYwzRsBh2zAg,0.2695,0.6484,det,0.6997,0.6997,True
test_half,53,off,True,1,LN819vhVLLeYwzRsBh2zAg,0.6836,0.6152,det,0.5515,0.5515,True
test_half,53,partial,True,1,LN819vhVLLeYwzRsBh2zAg,0.6836,0.6152,det,0.5442,0.5442,True
test_half,53,partial-loco,True,1,LN819vhVLLeYwzRsBh2zAg,0.6836,0.6152,det,0.5342,0.5342,True
test_half,54,off,True,1,LN819vhVLLeYwzRsBh2zAg,0.7139,0.6641,det,0.7062,0.7062,True
test_half,54,partial,True,1,LN819vhVLLeYwzRsBh2zAg,0.7139,0.6641,det,0.7006,0.7006,True
test_half,54,partial-loco,True,1,LN819vhVLLeYwzRsBh2zAg,0.7139,0.6641,det,0.7022,0.7022,True
test_half,55,off,True,1,LN819vhVLLeYwzRsBh2zAg,0.4404,0.5527,det,0.0000,0.0000,True
test_half,55,partial,True,1,LN819vhVLLeYwzRsBh2zAg,0.4404,0.5527,det,0.0000,0.0000,True
test_half,55,partial-loco,True,1,LN819vhVLLeYwzRsBh2zAg,0.4404,0.5527,det,0.0000,0.0000,True
test_half,56,off,True,1,LN819vhVLLeYwzRsBh2zAg,0.5898,0.5547,det,1.0416,1.0416,True
test_half,56,partial,True,1,LN819vhVLLeYwzRsBh2zAg,0.5898,0.5547,det,0.9889,0.9889,True
test_half,56,partial-loco,True,1,LN819vhVLLeYwzRsBh2zAg,0.5898,0.5547,det,0.9423,0.9423,True
test_half,57,off,True,1,LN819vhVLLeYwzRsBh2zAg,0.3945,0.5547,det,3.4976,,True
test_half,57,partial,True,1,LN819vhVLLeYwzRsBh2zAg,0.3945,0.5547,det,3.3587,,True
test_half,57,partial-loco,True,1,LN819vhVLLeYwzRsBh2zAg,0.3945,0.5547,det,3.2840,,True
test_half,58,off,True,1,LN819vhVLLeYwzRsBh2zAg,0.5508,0.5547,det,1.3256,1.3256,True
test_half,58,partial,True,1,LN819vhVLLeYwzRsBh2zAg,0.5508,0.5547,det,1.3429,1.3429,True
test_half,58,partial-loco,True,1,LN819vhVLLeYwzRsBh2zAg,0.5508,0.5547,det,1.3565,1.3565,True
test_half,59,off,False,1,LN819vhVLLeYwzRsBh2zAg,0.3222,0.5737,missed,1.5235,1.5235,True
test_half,59,partial,False,1,LN819vhVLLeYwzRsBh2zAg,0.3222,0.5737,missed,1.4392,1.4392,True
test_half,59,partial-loco,False,1,LN819vhVLLeYwzRsBh2zAg,0.3222,0.5737,missed,1.4042,1.4042,True
test_half,60,off,True,1,NzRL8weHSGkfduBHnrgd5g,0.3154,0.5703,det,0.0000,0.0000,True
test_half,60,partial,True,1,NzRL8weHSGkfduBHnrgd5g,0.3154,0.5703,det,0.0000,0.0000,True
test_half,60,partial-loco,True,1,NzRL8weHSGkfduBHnrgd5g,0.3154,0.5703,det,0.0000,0.0000,True
test_half,61,off,False,1,NzRL8weHSGkfduBHnrgd5g,0.0109,0.5402,missed,3.0157,,False
test_half,61,partial,False,1,NzRL8weHSGkfduBHnrgd5g,0.0109,0.5402,missed,3.1284,,False
test_half,61,partial-loco,False,1,NzRL8weHSGkfduBHnrgd5g,0.0109,0.5402,missed,3.3044,,False
test_half,62,off,False,1,NzRL8weHSGkfduBHnrgd5g,0.0358,0.5390,missed,0.2432,0.2432,True
test_half,62,partial,False,1,NzRL8weHSGkfduBHnrgd5g,0.0358,0.5390,missed,0.5134,0.5134,True
test_half,62,partial-loco,False,1,NzRL8weHSGkfduBHnrgd5g,0.0358,0.5390,missed,0.9385,0.9385,True
test_half,63,off,False,1,NzRL8weHSGkfduBHnrgd5g,0.0703,0.5341,missed,1.1559,1.1559,True
test_half,63,partial,False,1,NzRL8weHSGkfduBHnrgd5g,0.0703,0.5341,missed,1.1343,1.1343,True
test_half,63,partial-loco,False,1,NzRL8weHSGkfduBHnrgd5g,0.0703,0.5341,missed,0.6207,0.6207,True
test_half,64,off,False,1,NzRL8weHSGkfduBHnrgd5g,0.9697,0.5378,missed,2.4903,2.4903,True
test_half,64,partial,False,1,NzRL8weHSGkfduBHnrgd5g,0.9697,0.5378,missed,1.3653,1.3653,True
test_half,64,partial-loco,False,1,NzRL8weHSGkfduBHnrgd5g,0.9697,0.5378,missed,0.9931,0.9931,True
test_half,65,off,True,1,PeJlsIXjn8VkEoryRRBBMg,0.9639,0.5391,det,2.6523,,True
test_half,65,partial,True,1,PeJlsIXjn8VkEoryRRBBMg,0.9639,0.5391,det,2.0116,2.0116,True
test_half,65,partial-loco,True,1,PeJlsIXjn8VkEoryRRBBMg,0.9639,0.5391,det,1.6048,1.6048,True
test_half,66,off,True,1,PeJlsIXjn8VkEoryRRBBMg,0.0508,0.5391,det,4.2980,,True
test_half,66,partial,True,1,PeJlsIXjn8VkEoryRRBBMg,0.0508,0.5391,det,3.6858,,True
test_half,66,partial-loco,True,1,PeJlsIXjn8VkEoryRRBBMg,0.0508,0.5391,det,3.1609,,True
test_half,67,off,True,1,Ro8ZmvW9hyxIS4GVq1cpMQ,0.9023,0.6172,det,0.0000,0.0000,True
test_half,67,partial,True,1,Ro8ZmvW9hyxIS4GVq1cpMQ,0.9023,0.6172,det,0.0000,0.0000,True
test_half,67,partial-loco,True,1,Ro8ZmvW9hyxIS4GVq1cpMQ,0.9023,0.6172,det,0.0000,0.0000,True
test_half,68,off,True,1,Ro8ZmvW9hyxIS4GVq1cpMQ,0.1201,0.6152,det,0.0000,0.0000,True
test_half,68,partial,True,1,Ro8ZmvW9hyxIS4GVq1cpMQ,0.1201,0.6152,det,0.0000,0.0000,True
test_half,68,partial-loco,True,1,Ro8ZmvW9hyxIS4GVq1cpMQ,0.1201,0.6152,det,0.0000,0.0000,True
test_half,69,off,True,1,ShaAxuhgD3rK5__gON66zA,0.3467,0.5527,det,1.0517,1.0517,True
test_half,69,partial,True,1,ShaAxuhgD3rK5__gON66zA,0.3467,0.5527,det,0.6533,0.6533,True
test_half,69,partial-loco,True,1,ShaAxuhgD3rK5__gON66zA,0.3467,0.5527,det,0.7639,0.7639,True
test_half,70,off,True,1,ShaAxuhgD3rK5__gON66zA,0.5186,0.5684,det,0.5527,0.5527,True
test_half,70,partial,True,1,ShaAxuhgD3rK5__gON66zA,0.5186,0.5684,det,0.4158,0.4158,True
test_half,70,partial-loco,True,1,ShaAxuhgD3rK5__gON66zA,0.5186,0.5684,det,0.5011,0.5011,True
test_half,71,off,True,1,VIMFndX_oqm7vJJD8gDyEA,0.6514,0.7109,det,0.8361,0.8361,True
test_half,71,partial,True,1,VIMFndX_oqm7vJJD8gDyEA,0.6514,0.7109,det,0.7207,0.7207,True
test_half,71,partial-loco,True,1,VIMFndX_oqm7vJJD8gDyEA,0.6514,0.7109,det,0.7868,0.7868,True
test_half,72,off,True,1,VIMFndX_oqm7vJJD8gDyEA,0.2695,0.5547,det,0.6652,0.6652,True
test_half,72,partial,True,1,VIMFndX_oqm7vJJD8gDyEA,0.2695,0.5547,det,1.1061,1.1061,True
test_half,72,partial-loco,True,1,VIMFndX_oqm7vJJD8gDyEA,0.2695,0.5547,det,1.0708,1.0708,True
test_half,73,off,False,1,VIMFndX_oqm7vJJD8gDyEA,0.3018,0.7014,missed,6.3307,,False
test_half,73,partial,False,1,VIMFndX_oqm7vJJD8gDyEA,0.3018,0.7014,missed,6.2508,,False
test_half,73,partial-loco,False,1,VIMFndX_oqm7vJJD8gDyEA,0.3018,0.7014,missed,6.3109,,False
test_half,74,off,False,1,VIMFndX_oqm7vJJD8gDyEA,0.2727,0.6214,missed,7.5503,,False
test_half,74,partial,False,1,VIMFndX_oqm7vJJD8gDyEA,0.2727,0.6214,missed,7.9795,,False
test_half,74,partial-loco,False,1,VIMFndX_oqm7vJJD8gDyEA,0.2727,0.6214,missed,8.0751,,False
test_half,75,off,True,1,VgWpqFkTwCIROvM0z-DkOw,0.1592,0.5547,det,1.3811,1.3811,True
test_half,75,partial,True,1,VgWpqFkTwCIROvM0z-DkOw,0.1592,0.5547,det,1.5634,1.5634,True
test_half,75,partial-loco,True,1,VgWpqFkTwCIROvM0z-DkOw,0.1592,0.5547,det,1.6105,1.6105,True
test_half,76,off,True,1,VgWpqFkTwCIROvM0z-DkOw,0.6367,0.6465,det,0.0951,0.0951,True
test_half,76,partial,True,1,VgWpqFkTwCIROvM0z-DkOw,0.6367,0.6465,det,0.1267,0.1267,True
test_half,76,partial-loco,True,1,VgWpqFkTwCIROvM0z-DkOw,0.6367,0.6465,det,0.1181,0.1181,True
test_half,77,off,True,1,VgWpqFkTwCIROvM0z-DkOw,0.3086,0.5859,det,0.0000,0.0000,True
test_half,77,partial,True,1,VgWpqFkTwCIROvM0z-DkOw,0.3086,0.5859,det,0.0000,0.0000,True
test_half,77,partial-loco,True,1,VgWpqFkTwCIROvM0z-DkOw,0.3086,0.5859,det,0.0000,0.0000,True
test_half,78,off,True,1,WGdZz7jOkmmmyQYpbw3F8w,0.3311,0.6641,det,0.4245,0.4245,True
test_half,78,partial,True,1,WGdZz7jOkmmmyQYpbw3F8w,0.3311,0.6641,det,0.3087,0.3087,True
test_half,78,partial-loco,True,1,WGdZz7jOkmmmyQYpbw3F8w,0.3311,0.6641,det,0.3098,0.3098,True
test_half,79,off,False,1,WGdZz7jOkmmmyQYpbw3F8w,0.2273,0.5523,missed,0.8897,0.8897,True
test_half,79,partial,False,1,WGdZz7jOkmmmyQYpbw3F8w,0.2273,0.5523,missed,2.1367,2.1367,True
test_half,79,partial-loco,False,1,WGdZz7jOkmmmyQYpbw3F8w,0.2273,0.5523,missed,2.1582,2.1582,True
test_half,80,off,False,1,WGdZz7jOkmmmyQYpbw3F8w,0.9245,0.5514,missed,19.6039,,False
test_half,80,partial,False,1,WGdZz7jOkmmmyQYpbw3F8w,0.9245,0.5514,missed,20.2172,,False
test_half,80,partial-loco,False,1,WGdZz7jOkmmmyQYpbw3F8w,0.9245,0.5514,missed,20.5078,,False
test_half,81,off,True,1,X769L3ombUWjLtZDlE2fqg,0.4482,0.5703,det,0.8916,0.8916,True
test_half,81,partial,True,1,X769L3ombUWjLtZDlE2fqg,0.4482,0.5703,det,0.9160,0.9160,True
test_half,81,partial-loco,True,1,X769L3ombUWjLtZDlE2fqg,0.4482,0.5703,det,0.9257,0.9257,True
test_half,82,off,False,1,X769L3ombUWjLtZDlE2fqg,0.5539,0.5851,missed,6.2366,,False
test_half,82,partial,False,1,X769L3ombUWjLtZDlE2fqg,0.5539,0.5851,missed,6.2440,,False
test_half,82,partial-loco,False,1,X769L3ombUWjLtZDlE2fqg,0.5539,0.5851,missed,6.2542,,False
test_half,83,off,False,1,X769L3ombUWjLtZDlE2fqg,0.4182,0.5463,missed,1.4122,1.4122,True
test_half,83,partial,False,1,X769L3ombUWjLtZDlE2fqg,0.4182,0.5463,missed,1.5272,1.5272,True
test_half,83,partial-loco,False,1,X769L3ombUWjLtZDlE2fqg,0.4182,0.5463,missed,1.5301,1.5301,True
test_half,84,off,False,1,X769L3ombUWjLtZDlE2fqg,0.4400,0.5354,missed,2.6778,,False
test_half,84,partial,False,1,X769L3ombUWjLtZDlE2fqg,0.4400,0.5354,missed,3.1653,,False
test_half,84,partial-loco,False,1,X769L3ombUWjLtZDlE2fqg,0.4400,0.5354,missed,3.1305,,False
test_half,85,off,True,1,ZlXmdBYkhIpp-wNfPlSIFw,0.3467,0.5859,det,0.0434,0.0434,True
test_half,85,partial,True,1,ZlXmdBYkhIpp-wNfPlSIFw,0.3467,0.5859,det,0.0863,0.0863,True
test_half,85,partial-loco,True,1,ZlXmdBYkhIpp-wNfPlSIFw,0.3467,0.5859,det,0.0769,0.0769,True
test_half,86,off,True,1,ZlXmdBYkhIpp-wNfPlSIFw,0.1367,0.5703,det,1.0524,1.0524,True
test_half,86,partial,True,1,ZlXmdBYkhIpp-wNfPlSIFw,0.1367,0.5703,det,0.9137,0.9137,True
test_half,86,partial-loco,True,1,ZlXmdBYkhIpp-wNfPlSIFw,0.1367,0.5703,det,0.8743,0.8743,True
test_half,87,off,True,1,ZlXmdBYkhIpp-wNfPlSIFw,0.4092,0.5840,det,0.2537,0.2537,True
test_half,87,partial,True,1,ZlXmdBYkhIpp-wNfPlSIFw,0.4092,0.5840,det,0.2068,0.2068,True
test_half,87,partial-loco,True,1,ZlXmdBYkhIpp-wNfPlSIFw,0.4092,0.5840,det,0.1865,0.1865,True
test_half,88,off,True,1,ZlXmdBYkhIpp-wNfPlSIFw,0.9023,0.5840,det,0.0000,0.0000,True
test_half,88,partial,True,1,ZlXmdBYkhIpp-wNfPlSIFw,0.9023,0.5840,det,0.0000,0.0000,True
test_half,88,partial-loco,True,1,ZlXmdBYkhIpp-wNfPlSIFw,0.9023,0.5840,det,0.0000,0.0000,True
test_half,89,off,True,1,ZlXmdBYkhIpp-wNfPlSIFw,0.0820,0.5703,det,0.0529,0.0529,True
test_half,89,partial,True,1,ZlXmdBYkhIpp-wNfPlSIFw,0.0820,0.5703,det,0.0589,0.0589,True
test_half,89,partial-loco,True,1,ZlXmdBYkhIpp-wNfPlSIFw,0.0820,0.5703,det,0.0552,0.0552,True
test_half,90,off,True,1,ZlXmdBYkhIpp-wNfPlSIFw,0.6055,0.5859,det,0.6289,0.6289,True
test_half,90,partial,True,1,ZlXmdBYkhIpp-wNfPlSIFw,0.6055,0.5859,det,0.5199,0.5199,True
test_half,90,partial-loco,True,1,ZlXmdBYkhIpp-wNfPlSIFw,0.6055,0.5859,det,0.4991,0.4991,True
test_half,91,off,True,1,bTkyJpLDQ7HCw4yOdqdNCg,0.2295,0.5527,det,1.0435,1.0435,True
test_half,91,partial,True,1,bTkyJpLDQ7HCw4yOdqdNCg,0.2295,0.5527,det,0.6554,0.6554,True
test_half,91,partial-loco,True,1,bTkyJpLDQ7HCw4yOdqdNCg,0.2295,0.5527,det,0.6873,0.6873,True
test_half,92,off,True,1,bTkyJpLDQ7HCw4yOdqdNCg,0.8389,0.5840,det,0.2633,0.2633,True
test_half,92,partial,True,1,bTkyJpLDQ7HCw4yOdqdNCg,0.8389,0.5840,det,0.1283,0.1283,True
test_half,92,partial-loco,True,1,bTkyJpLDQ7HCw4yOdqdNCg,0.8389,0.5840,det,0.1273,0.1273,True
test_half,93,off,True,1,bTkyJpLDQ7HCw4yOdqdNCg,0.2852,0.5859,det,0.6494,0.6494,True
test_half,93,partial,True,1,bTkyJpLDQ7HCw4yOdqdNCg,0.2852,0.5859,det,0.4053,0.4053,True
test_half,93,partial-loco,True,1,bTkyJpLDQ7HCw4yOdqdNCg,0.2852,0.5859,det,0.4392,0.4392,True
test_half,94,off,True,1,bTkyJpLDQ7HCw4yOdqdNCg,0.7295,0.7090,det,0.4038,0.4038,True
test_half,94,partial,True,1,bTkyJpLDQ7HCw4yOdqdNCg,0.7295,0.7090,det,0.2309,0.2309,True
test_half,94,partial-loco,True,1,bTkyJpLDQ7HCw4yOdqdNCg,0.7295,0.7090,det,0.2349,0.2349,True
test_half,95,off,False,1,bTkyJpLDQ7HCw4yOdqdNCg,0.9438,0.5427,missed,0.7484,0.7484,True
test_half,95,partial,False,1,bTkyJpLDQ7HCw4yOdqdNCg,0.9438,0.5427,missed,0.8490,0.8490,True
test_half,95,partial-loco,False,1,bTkyJpLDQ7HCw4yOdqdNCg,0.9438,0.5427,missed,0.7096,0.7096,True
test_half,96,off,False,1,bTkyJpLDQ7HCw4yOdqdNCg,0.1362,0.5371,missed,1.2402,1.2402,True
test_half,96,partial,False,1,bTkyJpLDQ7HCw4yOdqdNCg,0.1362,0.5371,missed,0.5344,0.5344,True
test_half,96,partial-loco,False,1,bTkyJpLDQ7HCw4yOdqdNCg,0.1362,0.5371,missed,0.5006,0.5006,True
test_half,97,off,True,1,dUy9p1NputrGH7SFDmbCpg,0.5732,0.5996,det,0.0000,0.0000,True
test_half,97,partial,True,1,dUy9p1NputrGH7SFDmbCpg,0.5732,0.5996,det,0.0000,0.0000,True
test_half,97,partial-loco,True,1,dUy9p1NputrGH7SFDmbCpg,0.5732,0.5996,det,0.0000,0.0000,True
test_half,98,off,True,1,dUy9p1NputrGH7SFDmbCpg,0.3867,0.5684,det,0.2597,0.2597,True
test_half,98,partial,True,1,dUy9p1NputrGH7SFDmbCpg,0.3867,0.5684,det,0.3137,0.3137,True
test_half,98,partial-loco,True,1,dUy9p1NputrGH7SFDmbCpg,0.3867,0.5684,det,0.3395,0.3395,True
test_half,99,off,True,1,f8KWeNBZLlwJXVSj5_0RAg,0.0664,0.5527,det,0.5493,0.5493,True
test_half,99,partial,True,1,f8KWeNBZLlwJXVSj5_0RAg,0.0664,0.5527,det,0.6940,0.6940,True
test_half,99,partial-loco,True,1,f8KWeNBZLlwJXVSj5_0RAg,0.0664,0.5527,det,1.0594,1.0594,True
test_half,100,off,True,1,gTM14tSsKuUwbSxtTb4xoQ,0.4648,0.5371,det,1.6451,1.6451,True
test_half,100,partial,True,1,gTM14tSsKuUwbSxtTb4xoQ,0.4648,0.5371,det,1.1669,1.1669,True
test_half,100,partial-loco,True,1,gTM14tSsKuUwbSxtTb4xoQ,0.4648,0.5371,det,1.0081,1.0081,True
test_half,101,off,True,1,kkDJcaa4ZmOKSqhbnM1MvQ,0.0586,0.5527,det,1.9140,1.9140,True
test_half,101,partial,True,1,kkDJcaa4ZmOKSqhbnM1MvQ,0.0586,0.5527,det,1.8072,1.8072,True
test_half,101,partial-loco,True,1,kkDJcaa4ZmOKSqhbnM1MvQ,0.0586,0.5527,det,1.7261,1.7261,True
test_half,102,off,True,1,kmEwK3ZUn80IJAPqjc4nnA,0.9092,0.5996,det,0.5596,0.5596,True
test_half,102,partial,True,1,kmEwK3ZUn80IJAPqjc4nnA,0.9092,0.5996,det,0.6110,0.6110,True
test_half,102,partial-loco,True,1,kmEwK3ZUn80IJAPqjc4nnA,0.9092,0.5996,det,0.6292,0.6292,True
test_half,103,off,True,1,kmEwK3ZUn80IJAPqjc4nnA,0.0977,0.5684,det,0.8437,0.8437,True
test_half,103,partial,True,1,kmEwK3ZUn80IJAPqjc4nnA,0.0977,0.5684,det,0.7257,0.7257,True
test_half,103,partial-loco,True,1,kmEwK3ZUn80IJAPqjc4nnA,0.0977,0.5684,det,0.7053,0.7053,True
test_half,104,off,True,1,lijNEguHL6T106ODEBcylQ,0.5967,0.6621,det,0.3430,0.3430,True
test_half,104,partial,True,1,lijNEguHL6T106ODEBcylQ,0.5967,0.6621,det,0.2965,0.2965,True
test_half,104,partial-loco,True,1,lijNEguHL6T106ODEBcylQ,0.5967,0.6621,det,0.3252,0.3252,True
test_half,105,off,False,1,mdQY8aMSdYrnHfHNXqj6GQ,0.4764,0.5322,missed,1.6538,1.6538,True
test_half,105,partial,False,1,mdQY8aMSdYrnHfHNXqj6GQ,0.4764,0.5322,missed,,,False
test_half,105,partial-loco,False,1,mdQY8aMSdYrnHfHNXqj6GQ,0.4764,0.5322,missed,,,False
test_half,106,off,True,1,nd-z43_liOX80bmhO15urg,0.1055,0.5391,det,0.2405,0.2405,True
test_half,106,partial,True,1,nd-z43_liOX80bmhO15urg,0.1055,0.5391,det,0.7273,0.7273,True
test_half,106,partial-loco,True,1,nd-z43_liOX80bmhO15urg,0.1055,0.5391,det,0.7213,0.7213,True
test_half,107,off,True,1,nd-z43_liOX80bmhO15urg,0.9336,0.5527,det,2.3243,2.3243,True
test_half,107,partial,True,1,nd-z43_liOX80bmhO15urg,0.9336,0.5527,det,1.8188,1.8188,True
test_half,107,partial-loco,True,1,nd-z43_liOX80bmhO15urg,0.9336,0.5527,det,1.8315,1.8315,True
test_half,108,off,False,1,nd-z43_liOX80bmhO15urg,0.9229,0.5365,missed,3.1196,,False
test_half,108,partial,False,1,nd-z43_liOX80bmhO15urg,0.9229,0.5365,missed,2.8058,,False
test_half,108,partial-loco,False,1,nd-z43_liOX80bmhO15urg,0.9229,0.5365,missed,2.8045,,False
test_half,109,off,True,1,pIcQQrFa8_XDG7-VSRhAfQ,0.5889,0.6152,det,0.1245,0.1245,True
test_half,109,partial,True,1,pIcQQrFa8_XDG7-VSRhAfQ,0.5889,0.6152,det,0.1981,0.1981,True
test_half,109,partial-loco,True,1,pIcQQrFa8_XDG7-VSRhAfQ,0.5889,0.6152,det,0.2014,0.2014,True
test_half,110,off,True,1,pIcQQrFa8_XDG7-VSRhAfQ,0.4248,0.5859,det,0.0000,0.0000,True
test_half,110,partial,True,1,pIcQQrFa8_XDG7-VSRhAfQ,0.4248,0.5859,det,0.0000,0.0000,True
test_half,110,partial-loco,True,1,pIcQQrFa8_XDG7-VSRhAfQ,0.4248,0.5859,det,0.0000,0.0000,True
test_half,111,off,False,1,pIcQQrFa8_XDG7-VSRhAfQ,0.3325,0.5491,missed,9.8511,,False
test_half,111,partial,False,1,pIcQQrFa8_XDG7-VSRhAfQ,0.3325,0.5491,missed,9.9948,,False
test_half,111,partial-loco,False,1,pIcQQrFa8_XDG7-VSRhAfQ,0.3325,0.5491,missed,10.0077,,False
test_half,112,off,True,1,qNYRurrxEhqZvO8GrwE9nA,0.0820,0.5527,det,0.2703,0.2703,True
test_half,112,partial,True,1,qNYRurrxEhqZvO8GrwE9nA,0.0820,0.5527,det,0.4142,0.4142,True
test_half,112,partial-loco,True,1,qNYRurrxEhqZvO8GrwE9nA,0.0820,0.5527,det,0.5970,0.5970,True
test_half,113,off,False,1,qNYRurrxEhqZvO8GrwE9nA,0.0582,0.5354,missed,4.8962,,False
test_half,113,partial,False,1,qNYRurrxEhqZvO8GrwE9nA,0.0582,0.5354,missed,3.5658,,False
test_half,113,partial-loco,False,1,qNYRurrxEhqZvO8GrwE9nA,0.0582,0.5354,missed,2.9488,,False
test_half,114,off,True,1,rB_gP9faDRSuiKVDu8h23A,0.5430,0.5547,det,1.1623,1.1623,True
test_half,114,partial,True,1,rB_gP9faDRSuiKVDu8h23A,0.5430,0.5547,det,0.9705,0.9705,True
test_half,114,partial-loco,True,1,rB_gP9faDRSuiKVDu8h23A,0.5430,0.5547,det,0.8908,0.8908,True
test_half,115,off,True,1,rB_gP9faDRSuiKVDu8h23A,0.4248,0.5547,det,0.3262,0.3262,True
test_half,115,partial,True,1,rB_gP9faDRSuiKVDu8h23A,0.4248,0.5547,det,0.2848,0.2848,True
test_half,115,partial-loco,True,1,rB_gP9faDRSuiKVDu8h23A,0.4248,0.5547,det,0.2052,0.2052,True
test_half,116,off,True,1,rQtHh0Wai-D1FvbvqBlWdw,0.8311,0.6328,det,0.0000,0.0000,True
test_half,116,partial,True,1,rQtHh0Wai-D1FvbvqBlWdw,0.8311,0.6328,det,0.0000,0.0000,True
test_half,116,partial-loco,True,1,rQtHh0Wai-D1FvbvqBlWdw,0.8311,0.6328,det,0.0000,0.0000,True
test_half,117,off,False,1,rQtHh0Wai-D1FvbvqBlWdw,0.3188,0.6057,missed,1.1809,1.1809,True
test_half,117,partial,False,1,rQtHh0Wai-D1FvbvqBlWdw,0.3188,0.6057,missed,1.3641,1.3641,True
test_half,117,partial-loco,False,1,rQtHh0Wai-D1FvbvqBlWdw,0.3188,0.6057,missed,1.5061,1.5061,True
test_half,118,off,False,1,rQtHh0Wai-D1FvbvqBlWdw,0.0121,0.5620,missed,11.5020,,False
test_half,118,partial,False,1,rQtHh0Wai-D1FvbvqBlWdw,0.0121,0.5620,missed,11.6572,,False
test_half,118,partial-loco,False,1,rQtHh0Wai-D1FvbvqBlWdw,0.0121,0.5620,missed,11.7756,,False
test_half,119,off,True,1,rvwbAGgi-7mNlZHKSPC8WQ,0.5195,0.5391,det,0.4158,0.4158,True
test_half,119,partial,True,1,rvwbAGgi-7mNlZHKSPC8WQ,0.5195,0.5391,det,0.4043,0.4043,True
test_half,119,partial-loco,True,1,rvwbAGgi-7mNlZHKSPC8WQ,0.5195,0.5391,det,0.4840,0.4840,True
test_half,120,off,True,1,rvwbAGgi-7mNlZHKSPC8WQ,0.4414,0.5391,det,0.2587,0.2587,True
test_half,120,partial,True,1,rvwbAGgi-7mNlZHKSPC8WQ,0.4414,0.5391,det,0.3997,0.3997,True
test_half,120,partial-loco,True,1,rvwbAGgi-7mNlZHKSPC8WQ,0.4414,0.5391,det,0.2625,0.2625,True
test_half,121,off,True,1,rxF0qBiSbOEnMR9wwxpjEw,0.1133,0.5547,det,1.1842,1.1842,True
test_half,121,partial,True,1,rxF0qBiSbOEnMR9wwxpjEw,0.1133,0.5547,det,1.3260,1.3260,True
test_half,121,partial-loco,True,1,rxF0qBiSbOEnMR9wwxpjEw,0.1133,0.5547,det,1.3342,1.3342,True
test_half,122,off,True,1,rxF0qBiSbOEnMR9wwxpjEw,0.0420,0.5547,det,0.4582,0.4582,True
test_half,122,partial,True,1,rxF0qBiSbOEnMR9wwxpjEw,0.0420,0.5547,det,0.4392,0.4392,True
test_half,122,partial-loco,True,1,rxF0qBiSbOEnMR9wwxpjEw,0.0420,0.5547,det,0.4790,0.4790,True
test_half,123,off,True,1,rxF0qBiSbOEnMR9wwxpjEw,0.2061,0.5840,det,0.3414,0.3414,True
test_half,123,partial,True,1,rxF0qBiSbOEnMR9wwxpjEw,0.2061,0.5840,det,0.3406,0.3406,True
test_half,123,partial-loco,True,1,rxF0qBiSbOEnMR9wwxpjEw,0.2061,0.5840,det,0.3907,0.3907,True
test_half,124,off,True,1,rxF0qBiSbOEnMR9wwxpjEw,0.3076,0.6484,det,0.4042,0.4042,True
test_half,124,partial,True,1,rxF0qBiSbOEnMR9wwxpjEw,0.3076,0.6484,det,0.1353,0.1353,True
test_half,124,partial-loco,True,1,rxF0qBiSbOEnMR9wwxpjEw,0.3076,0.6484,det,0.1593,0.1593,True
test_half,125,off,True,1,rxF0qBiSbOEnMR9wwxpjEw,0.9570,0.5527,det,0.5892,0.5892,True
test_half,125,partial,True,1,rxF0qBiSbOEnMR9wwxpjEw,0.9570,0.5527,det,0.6627,0.6627,True
test_half,125,partial-loco,True,1,rxF0qBiSbOEnMR9wwxpjEw,0.9570,0.5527,det,0.8046,0.8046,True
test_half,126,off,True,1,rxF0qBiSbOEnMR9wwxpjEw,0.6836,0.7109,det,0.8050,0.8050,True
test_half,126,partial,True,1,rxF0qBiSbOEnMR9wwxpjEw,0.6836,0.7109,det,0.4565,0.4565,True
test_half,126,partial-loco,True,1,rxF0qBiSbOEnMR9wwxpjEw,0.6836,0.7109,det,0.4314,0.4314,True
test_half,127,off,True,1,sLysKXt4_iSuR_gUCdxe5g,0.3008,0.5527,det,2.6435,,True
test_half,127,partial,True,1,sLysKXt4_iSuR_gUCdxe5g,0.3008,0.5527,det,2.4171,2.4171,True
test_half,127,partial-loco,True,1,sLysKXt4_iSuR_gUCdxe5g,0.3008,0.5527,det,2.6348,,True
test_half,128,off,True,1,sUMfdZmScVLBGMjvZ0MjCA,0.9648,0.5391,det,2.2498,2.2498,True
test_half,128,partial,True,1,sUMfdZmScVLBGMjvZ0MjCA,0.9648,0.5391,det,2.6295,,True
test_half,128,partial-loco,True,1,sUMfdZmScVLBGMjvZ0MjCA,0.9648,0.5391,det,2.9503,,True
test_half,129,off,False,1,sUMfdZmScVLBGMjvZ0MjCA,0.0327,0.5438,missed,5.3268,,False
test_half,129,partial,False,1,sUMfdZmScVLBGMjvZ0MjCA,0.0327,0.5438,missed,5.6825,,False
test_half,129,partial-loco,False,1,sUMfdZmScVLBGMjvZ0MjCA,0.0327,0.5438,missed,5.8764,,False
test_half,130,off,True,1,tAnrbC_F_FXbg7kTiYywVA,0.7695,0.6016,det,0.0000,0.0000,True
test_half,130,partial,True,1,tAnrbC_F_FXbg7kTiYywVA,0.7695,0.6016,det,0.0000,0.0000,True
test_half,130,partial-loco,True,1,tAnrbC_F_FXbg7kTiYywVA,0.7695,0.6016,det,0.0000,0.0000,True
test_half,131,off,True,1,tAnrbC_F_FXbg7kTiYywVA,0.5498,0.5547,det,0.6241,0.6241,True
test_half,131,partial,True,1,tAnrbC_F_FXbg7kTiYywVA,0.5498,0.5547,det,0.6392,0.6392,True
test_half,131,partial-loco,True,1,tAnrbC_F_FXbg7kTiYywVA,0.5498,0.5547,det,0.7216,0.7216,True
test_half,132,off,True,1,tAnrbC_F_FXbg7kTiYywVA,0.6523,0.5996,det,1.5772,1.5772,True
test_half,132,partial,True,1,tAnrbC_F_FXbg7kTiYywVA,0.6523,0.5996,det,1.2765,1.2765,True
test_half,132,partial-loco,True,1,tAnrbC_F_FXbg7kTiYywVA,0.6523,0.5996,det,1.3390,1.3390,True
test_half,133,off,True,1,tvNqBlxdm0rdkZgBOGVfog,0.1445,0.5547,det,0.5974,0.5974,True
test_half,133,partial,True,1,tvNqBlxdm0rdkZgBOGVfog,0.1445,0.5547,det,1.0700,1.0700,True
test_half,133,partial-loco,True,1,tvNqBlxdm0rdkZgBOGVfog,0.1445,0.5547,det,1.1355,1.1355,True
test_half,134,off,True,1,tvNqBlxdm0rdkZgBOGVfog,0.0811,0.5391,det,3.0350,,True
test_half,134,partial,True,1,tvNqBlxdm0rdkZgBOGVfog,0.0811,0.5391,det,2.2425,2.2425,True
test_half,134,partial-loco,True,1,tvNqBlxdm0rdkZgBOGVfog,0.0811,0.5391,det,2.0248,2.0248,True
test_half,135,off,True,1,ukV9s59lkyu-xEjUdK7CmQ,0.1436,0.6309,det,0.9575,0.9575,True
test_half,135,partial,True,1,ukV9s59lkyu-xEjUdK7CmQ,0.1436,0.6309,det,0.9421,0.9421,True
test_half,135,partial-loco,True,1,ukV9s59lkyu-xEjUdK7CmQ,0.1436,0.6309,det,0.9110,0.9110,True
test_half,136,off,True,1,ukV9s59lkyu-xEjUdK7CmQ,0.8623,0.6934,det,0.6759,0.6759,True
test_half,136,partial,True,1,ukV9s59lkyu-xEjUdK7CmQ,0.8623,0.6934,det,0.6276,0.6276,True
test_half,136,partial-loco,True,1,ukV9s59lkyu-xEjUdK7CmQ,0.8623,0.6934,det,0.6014,0.6014,True
test_half,137,off,False,1,ukV9s59lkyu-xEjUdK7CmQ,0.1606,0.5584,missed,2.4711,2.4711,True
test_half,137,partial,False,1,ukV9s59lkyu-xEjUdK7CmQ,0.1606,0.5584,missed,1.0785,1.0785,True
test_half,137,partial-loco,False,1,ukV9s59lkyu-xEjUdK7CmQ,0.1606,0.5584,missed,1.1421,1.1421,True
test_half,138,off,False,1,ukV9s59lkyu-xEjUdK7CmQ,0.0927,0.5475,missed,4.3660,,False
test_half,138,partial,False,1,ukV9s59lkyu-xEjUdK7CmQ,0.0927,0.5475,missed,2.5206,,False
test_half,138,partial-loco,False,1,ukV9s59lkyu-xEjUdK7CmQ,0.0927,0.5475,missed,2.5526,,False
test_half,139,off,False,1,ukV9s59lkyu-xEjUdK7CmQ,0.2124,0.5494,missed,2.2764,2.2764,True
test_half,139,partial,False,1,ukV9s59lkyu-xEjUdK7CmQ,0.2124,0.5494,missed,2.6044,,False
test_half,139,partial-loco,False,1,ukV9s59lkyu-xEjUdK7CmQ,0.2124,0.5494,missed,2.5626,,False
test_half,140,off,True,1,woYJ5n0CfTGMuDWTBqcZAg,0.4570,0.5391,det,1.1648,1.1648,True
test_half,140,partial,True,1,woYJ5n0CfTGMuDWTBqcZAg,0.4570,0.5391,det,1.2732,1.2732,True
test_half,140,partial-loco,True,1,woYJ5n0CfTGMuDWTBqcZAg,0.4570,0.5391,det,0.8750,0.8750,True
test_half,141,off,True,1,woYJ5n0CfTGMuDWTBqcZAg,0.2773,0.5859,det,1.8073,1.8073,True
test_half,141,partial,True,1,woYJ5n0CfTGMuDWTBqcZAg,0.2773,0.5859,det,2.0037,2.0037,True
test_half,141,partial-loco,True,1,woYJ5n0CfTGMuDWTBqcZAg,0.2773,0.5859,det,2.0281,2.0281,True
test_half,142,off,True,1,woYJ5n0CfTGMuDWTBqcZAg,0.5811,0.5859,det,1.3398,1.3398,True
test_half,142,partial,True,1,woYJ5n0CfTGMuDWTBqcZAg,0.5811,0.5859,det,1.2289,1.2289,True
test_half,142,partial-loco,True,1,woYJ5n0CfTGMuDWTBqcZAg,0.5811,0.5859,det,1.2448,1.2448,True
test_half,143,off,True,1,xKoseQiPNzFwaWfw9Rl6hg,0.9482,0.5547,det,0.3607,0.3607,True
test_half,143,partial,True,1,xKoseQiPNzFwaWfw9Rl6hg,0.9482,0.5547,det,0.4961,0.4961,True
test_half,143,partial-loco,True,1,xKoseQiPNzFwaWfw9Rl6hg,0.9482,0.5547,det,0.6201,0.6201,True
test_half,144,off,False,1,xKoseQiPNzFwaWfw9Rl6hg,0.9184,0.5435,missed,0.4976,0.4976,True
test_half,144,partial,False,1,xKoseQiPNzFwaWfw9Rl6hg,0.9184,0.5435,missed,0.6916,0.6916,True
test_half,144,partial-loco,False,1,xKoseQiPNzFwaWfw9Rl6hg,0.9184,0.5435,missed,1.0156,1.0156,True
test_half,145,off,True,1,yDV1n1O4f0QHWG869hAzbQ,0.0732,0.5391,det,2.0859,2.0859,True
test_half,145,partial,True,1,yDV1n1O4f0QHWG869hAzbQ,0.0732,0.5391,det,2.1998,2.1998,True
test_half,145,partial-loco,True,1,yDV1n1O4f0QHWG869hAzbQ,0.0732,0.5391,det,2.0920,2.0920,True
test_half,146,off,True,1,yDV1n1O4f0QHWG869hAzbQ,0.9482,0.5391,det,0.6384,0.6384,True
test_half,146,partial,True,1,yDV1n1O4f0QHWG869hAzbQ,0.9482,0.5391,det,0.7054,0.7054,True
test_half,146,partial-loco,True,1,yDV1n1O4f0QHWG869hAzbQ,0.9482,0.5391,det,0.7971,0.7971,True
test_half,147,off,True,1,yJmMJeV6PD3UZlAmm4cmWg,0.3467,0.5527,det,1.6324,1.6324,True
test_half,147,partial,True,1,yJmMJeV6PD3UZlAmm4cmWg,0.3467,0.5527,det,1.6286,1.6286,True
test_half,147,partial-loco,True,1,yJmMJeV6PD3UZlAmm4cmWg,0.3467,0.5527,det,1.5490,1.5490,True
test_half,148,off,True,1,yJmMJeV6PD3UZlAmm4cmWg,0.1592,0.6309,det,0.7311,0.7311,True
test_half,148,partial,True,1,yJmMJeV6PD3UZlAmm4cmWg,0.1592,0.6309,det,0.7389,0.7389,True
test_half,148,partial-loco,True,1,yJmMJeV6PD3UZlAmm4cmWg,0.1592,0.6309,det,0.7401,0.7401,True
test_half,149,off,True,1,yJmMJeV6PD3UZlAmm4cmWg,0.2451,0.5840,det,1.4952,1.4952,True
test_half,149,partial,True,1,yJmMJeV6PD3UZlAmm4cmWg,0.2451,0.5840,det,1.5216,1.5216,True
test_half,149,partial-loco,True,1,yJmMJeV6PD3UZlAmm4cmWg,0.2451,0.5840,det,1.5035,1.5035,True
test_half,150,off,True,1,yJmMJeV6PD3UZlAmm4cmWg,0.3945,0.5391,det,1.8560,1.8560,True
test_half,150,partial,True,1,yJmMJeV6PD3UZlAmm4cmWg,0.3945,0.5391,det,1.9388,1.9388,True
test_half,150,partial-loco,True,1,yJmMJeV6PD3UZlAmm4cmWg,0.3945,0.5391,det,2.1210,2.1210,True
test_half,151,off,True,1,yJmMJeV6PD3UZlAmm4cmWg,0.8154,0.7559,det,0.8492,0.8492,True
test_half,151,partial,True,1,yJmMJeV6PD3UZlAmm4cmWg,0.8154,0.7559,det,0.1319,0.1319,True
test_half,151,partial-loco,True,1,yJmMJeV6PD3UZlAmm4cmWg,0.8154,0.7559,det,0.1643,0.1643,True
test_half,152,off,True,1,yJmMJeV6PD3UZlAmm4cmWg,0.6367,0.6172,det,0.2846,0.2846,True
test_half,152,partial,True,1,yJmMJeV6PD3UZlAmm4cmWg,0.6367,0.6172,det,0.4435,0.4435,True
test_half,152,partial-loco,True,1,yJmMJeV6PD3UZlAmm4cmWg,0.6367,0.6172,det,0.3583,0.3583,True
test_half,153,off,True,1,yPUv9rk8acshJKXa9_jMag,0.0576,0.5371,det,0.8926,0.8926,True
test_half,153,partial,True,1,yPUv9rk8acshJKXa9_jMag,0.0576,0.5371,det,1.4641,1.4641,True
test_half,153,partial-loco,True,1,yPUv9rk8acshJKXa9_jMag,0.0576,0.5371,det,1.9884,1.9884,True
test_half,154,off,True,1,yPUv9rk8acshJKXa9_jMag,0.1602,0.5703,det,1.8437,1.8437,True
test_half,154,partial,True,1,yPUv9rk8acshJKXa9_jMag,0.1602,0.5703,det,1.8936,1.8936,True
test_half,154,partial-loco,True,1,yPUv9rk8acshJKXa9_jMag,0.1602,0.5703,det,1.9154,1.9154,True
test_half,155,off,True,1,yuwkp3XCUwSbB8q7Og99GQ,0.8857,0.5996,det,0.0000,0.0000,True
test_half,155,partial,True,1,yuwkp3XCUwSbB8q7Og99GQ,0.8857,0.5996,det,0.0000,0.0000,True
test_half,155,partial-loco,True,1,yuwkp3XCUwSbB8q7Og99GQ,0.8857,0.5996,det,0.0000,0.0000,True
test_half,156,off,True,1,yuwkp3XCUwSbB8q7Og99GQ,0.1123,0.5684,det,0.7943,0.7943,True
test_half,156,partial,True,1,yuwkp3XCUwSbB8q7Og99GQ,0.1123,0.5684,det,0.6092,0.6092,True
test_half,156,partial-loco,True,1,yuwkp3XCUwSbB8q7Og99GQ,0.1123,0.5684,det,0.5654,0.5654,True
full_run_exploratory,0,off,True,1,-6wL7HzdK7t8DTC_zDPOLw,0.3711,0.5547,det,2.5335,,True
full_run_exploratory,0,partial-loco,True,1,-6wL7HzdK7t8DTC_zDPOLw,0.3711,0.5547,det,3.3288,,True
full_run_exploratory,1,off,True,1,0CvMs02xHlg3mCMHJdc6Xg,0.8857,0.6152,det,0.2053,0.2053,True
full_run_exploratory,1,partial-loco,True,1,0CvMs02xHlg3mCMHJdc6Xg,0.8857,0.6152,det,0.3709,0.3709,True
full_run_exploratory,2,off,True,1,0CvMs02xHlg3mCMHJdc6Xg,0.5967,0.5703,det,0.1195,0.1195,True
full_run_exploratory,2,partial-loco,True,1,0CvMs02xHlg3mCMHJdc6Xg,0.5967,0.5703,det,0.3840,0.3840,True
full_run_exploratory,3,off,True,1,0CvMs02xHlg3mCMHJdc6Xg,0.5586,0.5684,det,0.5997,0.5997,True
full_run_exploratory,3,partial-loco,True,1,0CvMs02xHlg3mCMHJdc6Xg,0.5586,0.5684,det,0.4866,0.4866,True
full_run_exploratory,4,off,True,1,0CvMs02xHlg3mCMHJdc6Xg,0.1904,0.5547,det,0.1528,0.1528,True
full_run_exploratory,4,partial-loco,True,1,0CvMs02xHlg3mCMHJdc6Xg,0.1904,0.5547,det,0.4130,0.4130,True
full_run_exploratory,5,off,True,1,0CvMs02xHlg3mCMHJdc6Xg,0.2217,0.5684,det,1.3820,1.3820,True
full_run_exploratory,5,partial-loco,True,1,0CvMs02xHlg3mCMHJdc6Xg,0.2217,0.5684,det,1.7994,1.7994,True
full_run_exploratory,6,off,True,1,0CvMs02xHlg3mCMHJdc6Xg,0.0664,0.6465,det,0.0000,0.0000,True
full_run_exploratory,6,partial-loco,True,1,0CvMs02xHlg3mCMHJdc6Xg,0.0664,0.6465,det,0.0000,0.0000,True
full_run_exploratory,7,off,True,1,0CvMs02xHlg3mCMHJdc6Xg,0.3779,0.5391,det,0.2689,0.2689,True
full_run_exploratory,7,partial-loco,True,1,0CvMs02xHlg3mCMHJdc6Xg,0.3779,0.5391,det,1.3046,1.3046,True
full_run_exploratory,8,off,True,1,0CvMs02xHlg3mCMHJdc6Xg,0.1123,0.6172,det,0.2541,0.2541,True
full_run_exploratory,8,partial-loco,True,1,0CvMs02xHlg3mCMHJdc6Xg,0.1123,0.6172,det,0.1957,0.1957,True
full_run_exploratory,9,off,True,1,0CvMs02xHlg3mCMHJdc6Xg,0.8076,0.6016,det,0.0000,0.0000,True
full_run_exploratory,9,partial-loco,True,1,0CvMs02xHlg3mCMHJdc6Xg,0.8076,0.6016,det,0.0000,0.0000,True
full_run_exploratory,10,off,False,1,0CvMs02xHlg3mCMHJdc6Xg,0.4513,0.5560,missed,0.5572,0.5572,True
full_run_exploratory,10,partial-loco,False,1,0CvMs02xHlg3mCMHJdc6Xg,0.4513,0.5560,missed,0.6965,0.6965,True
full_run_exploratory,11,off,False,1,0CvMs02xHlg3mCMHJdc6Xg,0.4743,0.5620,missed,0.6009,0.6009,True
full_run_exploratory,11,partial-loco,False,1,0CvMs02xHlg3mCMHJdc6Xg,0.4743,0.5620,missed,0.3329,0.3329,True
full_run_exploratory,12,off,True,1,0FMaNGiSOoTGqLgh8jHfYQ,0.1592,0.5391,det,2.1121,2.1121,True
full_run_exploratory,12,partial-loco,True,1,0FMaNGiSOoTGqLgh8jHfYQ,0.1592,0.5391,det,4.9609,,True
full_run_exploratory,13,off,True,1,0FMaNGiSOoTGqLgh8jHfYQ,0.2373,0.5684,det,1.4828,1.4828,True
full_run_exploratory,13,partial-loco,True,1,0FMaNGiSOoTGqLgh8jHfYQ,0.2373,0.5684,det,1.2694,1.2694,True
full_run_exploratory,14,off,True,1,0FMaNGiSOoTGqLgh8jHfYQ,0.0195,0.5527,det,1.4208,1.4208,True
full_run_exploratory,14,partial-loco,True,1,0FMaNGiSOoTGqLgh8jHfYQ,0.0195,0.5527,det,1.2282,1.2282,True
full_run_exploratory,15,off,True,1,0FMaNGiSOoTGqLgh8jHfYQ,0.3311,0.6621,det,0.2066,0.2066,True
full_run_exploratory,15,partial-loco,True,1,0FMaNGiSOoTGqLgh8jHfYQ,0.3311,0.6621,det,0.2822,0.2822,True
full_run_exploratory,16,off,True,1,0FMaNGiSOoTGqLgh8jHfYQ,0.9570,0.5547,det,0.3324,0.3324,True
full_run_exploratory,16,partial-loco,True,1,0FMaNGiSOoTGqLgh8jHfYQ,0.9570,0.5547,det,0.6301,0.6301,True
full_run_exploratory,17,off,True,1,0FMaNGiSOoTGqLgh8jHfYQ,0.0967,0.5527,det,0.0000,0.0000,True
full_run_exploratory,17,partial-loco,True,1,0FMaNGiSOoTGqLgh8jHfYQ,0.0967,0.5527,det,0.0000,0.0000,True
full_run_exploratory,18,off,True,1,0FMaNGiSOoTGqLgh8jHfYQ,0.7607,0.7246,det,0.1507,0.1507,True
full_run_exploratory,18,partial-loco,True,1,0FMaNGiSOoTGqLgh8jHfYQ,0.7607,0.7246,det,0.1196,0.1196,True
full_run_exploratory,19,off,True,1,0FMaNGiSOoTGqLgh8jHfYQ,0.8789,0.5996,det,0.6288,0.6288,True
full_run_exploratory,19,partial-loco,True,1,0FMaNGiSOoTGqLgh8jHfYQ,0.8789,0.5996,det,0.4675,0.4675,True
full_run_exploratory,20,off,True,1,0SgaioiGd5Yi_5wc6m-nJg,0.5586,0.5371,det,2.5461,,True
full_run_exploratory,20,partial-loco,True,1,0SgaioiGd5Yi_5wc6m-nJg,0.5586,0.5371,det,2.7513,,True
full_run_exploratory,21,off,False,1,0SgaioiGd5Yi_5wc6m-nJg,0.4788,0.5402,missed,1.0566,1.0566,True
full_run_exploratory,21,partial-loco,False,1,0SgaioiGd5Yi_5wc6m-nJg,0.4788,0.5402,missed,0.7215,0.7215,True
full_run_exploratory,22,off,False,1,0SgaioiGd5Yi_5wc6m-nJg,0.4632,0.5347,missed,0.2824,0.2824,True
full_run_exploratory,22,partial-loco,False,1,0SgaioiGd5Yi_5wc6m-nJg,0.4632,0.5347,missed,0.3872,0.3872,True
full_run_exploratory,23,off,False,1,0SgaioiGd5Yi_5wc6m-nJg,0.5799,0.5333,missed,0.5933,0.5933,True
full_run_exploratory,23,partial-loco,False,1,0SgaioiGd5Yi_5wc6m-nJg,0.5799,0.5333,missed,0.1521,0.1521,True
full_run_exploratory,24,off,True,1,2S_Fj0bq7qkdKUBw9-g1XA,0.8311,0.6465,det,0.9946,0.9946,True
full_run_exploratory,24,partial-loco,True,1,2S_Fj0bq7qkdKUBw9-g1XA,0.8311,0.6465,det,0.9439,0.9439,True
full_run_exploratory,25,off,True,1,2S_Fj0bq7qkdKUBw9-g1XA,0.2061,0.5703,det,0.9289,0.9289,True
full_run_exploratory,25,partial-loco,True,1,2S_Fj0bq7qkdKUBw9-g1XA,0.2061,0.5703,det,0.8054,0.8054,True
full_run_exploratory,26,off,False,1,2S_Fj0bq7qkdKUBw9-g1XA,0.1162,0.6982,missed,1.2724,1.2724,True
full_run_exploratory,26,partial-loco,False,1,2S_Fj0bq7qkdKUBw9-g1XA,0.1162,0.6982,missed,1.1582,1.1582,True
full_run_exploratory,27,off,False,1,2S_Fj0bq7qkdKUBw9-g1XA,0.1513,0.6509,missed,1.9862,,False
full_run_exploratory,27,partial-loco,False,1,2S_Fj0bq7qkdKUBw9-g1XA,0.1513,0.6509,missed,1.9299,,False
full_run_exploratory,28,off,True,1,3EUb8DGIsQCcw8z9LOBnAA,0.6045,0.5840,det,0.3441,0.3441,True
full_run_exploratory,28,partial-loco,True,1,3EUb8DGIsQCcw8z9LOBnAA,0.6045,0.5840,det,0.7319,0.7319,True
full_run_exploratory,29,off,True,1,3EUb8DGIsQCcw8z9LOBnAA,0.5186,0.5391,det,1.7552,1.7552,True
full_run_exploratory,29,partial-loco,True,1,3EUb8DGIsQCcw8z9LOBnAA,0.5186,0.5391,det,4.7858,,True
full_run_exploratory,30,off,True,1,5NVgLhChZXnD_D-z3SLZyQ,0.0811,0.5547,det,0.7791,0.7791,True
full_run_exploratory,30,partial-loco,True,1,5NVgLhChZXnD_D-z3SLZyQ,0.0811,0.5547,det,0.8717,0.8717,True
full_run_exploratory,31,off,True,1,5NVgLhChZXnD_D-z3SLZyQ,0.9492,0.5547,det,0.9268,0.9268,True
full_run_exploratory,31,partial-loco,True,1,5NVgLhChZXnD_D-z3SLZyQ,0.9492,0.5547,det,1.7168,1.7168,True
full_run_exploratory,32,off,True,1,5NVgLhChZXnD_D-z3SLZyQ,0.1201,0.5547,det,0.0000,0.0000,True
full_run_exploratory,32,partial-loco,True,1,5NVgLhChZXnD_D-z3SLZyQ,0.1201,0.5547,det,0.0000,0.0000,True
full_run_exploratory,33,off,True,1,5NVgLhChZXnD_D-z3SLZyQ,0.2617,0.5840,det,1.4137,1.4137,True
full_run_exploratory,33,partial-loco,True,1,5NVgLhChZXnD_D-z3SLZyQ,0.2617,0.5840,det,0.3018,0.3018,True
full_run_exploratory,34,off,True,1,5NVgLhChZXnD_D-z3SLZyQ,0.6289,0.6484,det,0.2149,0.2149,True
full_run_exploratory,34,partial-loco,True,1,5NVgLhChZXnD_D-z3SLZyQ,0.6289,0.6484,det,0.4444,0.4444,True
full_run_exploratory,35,off,True,1,5NVgLhChZXnD_D-z3SLZyQ,0.3154,0.5859,det,1.5270,1.5270,True
full_run_exploratory,35,partial-loco,True,1,5NVgLhChZXnD_D-z3SLZyQ,0.3154,0.5859,det,1.1252,1.1252,True
full_run_exploratory,36,off,True,1,5NVgLhChZXnD_D-z3SLZyQ,0.7227,0.6172,det,0.2730,0.2730,True
full_run_exploratory,36,partial-loco,True,1,5NVgLhChZXnD_D-z3SLZyQ,0.7227,0.6172,det,0.4812,0.4812,True
full_run_exploratory,37,off,True,1,5NVgLhChZXnD_D-z3SLZyQ,0.9102,0.5684,det,0.0000,0.0000,True
full_run_exploratory,37,partial-loco,True,1,5NVgLhChZXnD_D-z3SLZyQ,0.9102,0.5684,det,0.0000,0.0000,True
full_run_exploratory,38,off,True,1,5U3KS0M2Y8w3qsDGGV610g,0.3164,0.5840,det,0.8974,0.8974,True
full_run_exploratory,38,partial-loco,True,1,5U3KS0M2Y8w3qsDGGV610g,0.3164,0.5840,det,0.8939,0.8939,True
full_run_exploratory,39,off,True,1,5U3KS0M2Y8w3qsDGGV610g,0.1836,0.5840,det,0.2529,0.2529,True
full_run_exploratory,39,partial-loco,True,1,5U3KS0M2Y8w3qsDGGV610g,0.1836,0.5840,det,0.2142,0.2142,True
full_run_exploratory,40,off,True,1,62TiKmlmxt_xn_68w1lgAw,0.3945,0.6309,det,0.1088,0.1088,True
full_run_exploratory,40,partial-loco,True,1,62TiKmlmxt_xn_68w1lgAw,0.3945,0.6309,det,0.0915,0.0915,True
full_run_exploratory,41,off,True,1,62TiKmlmxt_xn_68w1lgAw,0.5742,0.5391,det,1.8752,1.8752,True
full_run_exploratory,41,partial-loco,True,1,62TiKmlmxt_xn_68w1lgAw,0.5742,0.5391,det,1.6417,1.6417,True
full_run_exploratory,42,off,True,1,62TiKmlmxt_xn_68w1lgAw,0.6123,0.6328,det,0.2380,0.2380,True
full_run_exploratory,42,partial-loco,True,1,62TiKmlmxt_xn_68w1lgAw,0.6123,0.6328,det,0.2565,0.2565,True
full_run_exploratory,43,off,False,1,62TiKmlmxt_xn_68w1lgAw,0.6216,0.5600,missed,1.2317,1.2317,True
full_run_exploratory,43,partial-loco,False,1,62TiKmlmxt_xn_68w1lgAw,0.6216,0.5600,missed,1.1089,1.1089,True
full_run_exploratory,44,off,True,1,7B5Vphda5PDmZJ5q1RQWdg,0.5107,0.5391,det,3.0525,,True
full_run_exploratory,44,partial-loco,True,1,7B5Vphda5PDmZJ5q1RQWdg,0.5107,0.5391,det,1.1229,1.1229,True
full_run_exploratory,45,off,True,1,87nWq0hrTZLm2_UXRgPhZQ,0.9492,0.5703,det,0.9910,0.9910,True
full_run_exploratory,45,partial-loco,True,1,87nWq0hrTZLm2_UXRgPhZQ,0.9492,0.5703,det,0.5390,0.5390,True
full_run_exploratory,46,off,False,1,87nWq0hrTZLm2_UXRgPhZQ,0.0564,0.5741,missed,6.3396,,False
full_run_exploratory,46,partial-loco,False,1,87nWq0hrTZLm2_UXRgPhZQ,0.0564,0.5741,missed,6.4635,,False
full_run_exploratory,47,off,False,1,87nWq0hrTZLm2_UXRgPhZQ,0.1446,0.5527,missed,0.9818,0.9818,True
full_run_exploratory,47,partial-loco,False,1,87nWq0hrTZLm2_UXRgPhZQ,0.1446,0.5527,missed,1.1438,1.1438,True
full_run_exploratory,48,off,True,1,8H6LgNn56hay95HiBYrhHw,0.3467,0.5527,det,2.8290,,True
full_run_exploratory,48,partial-loco,True,1,8H6LgNn56hay95HiBYrhHw,0.3467,0.5527,det,3.9433,,True
full_run_exploratory,49,off,True,1,8H6LgNn56hay95HiBYrhHw,0.8389,0.5391,det,1.8379,1.8379,True
full_run_exploratory,49,partial-loco,True,1,8H6LgNn56hay95HiBYrhHw,0.8389,0.5391,det,0.3218,0.3218,True
full_run_exploratory,50,off,True,1,8KtYwvo9b34f3zm-afipNg,0.7607,0.5547,det,0.0000,0.0000,True
full_run_exploratory,50,partial-loco,True,1,8KtYwvo9b34f3zm-afipNg,0.7607,0.5547,det,0.0000,0.0000,True
full_run_exploratory,51,off,False,1,8KtYwvo9b34f3zm-afipNg,0.6497,0.5402,missed,12.6654,,False
full_run_exploratory,51,partial-loco,False,1,8KtYwvo9b34f3zm-afipNg,0.6497,0.5402,missed,13.8775,,False
full_run_exploratory,52,off,True,1,8VPbrd8XBzDOIVoo5Xwz8g,0.0967,0.5527,det,0.8763,0.8763,True
full_run_exploratory,52,partial-loco,True,1,8VPbrd8XBzDOIVoo5Xwz8g,0.0967,0.5527,det,0.7165,0.7165,True
full_run_exploratory,53,off,True,1,8VPbrd8XBzDOIVoo5Xwz8g,0.9570,0.5527,det,1.0754,1.0754,True
full_run_exploratory,53,partial-loco,True,1,8VPbrd8XBzDOIVoo5Xwz8g,0.9570,0.5527,det,0.6299,0.6299,True
full_run_exploratory,54,off,True,1,8cphEWdm85w5CwOw4rm0_A,0.4092,0.5859,det,0.5420,0.5420,True
full_run_exploratory,54,partial-loco,True,1,8cphEWdm85w5CwOw4rm0_A,0.4092,0.5859,det,0.4327,0.4327,True
full_run_exploratory,55,off,True,1,8cphEWdm85w5CwOw4rm0_A,0.5586,0.6309,det,0.9946,0.9946,True
full_run_exploratory,55,partial-loco,True,1,8cphEWdm85w5CwOw4rm0_A,0.5586,0.6309,det,0.8533,0.8533,True
full_run_exploratory,56,off,False,1,8cphEWdm85w5CwOw4rm0_A,0.3774,0.5685,missed,2.7102,,False
full_run_exploratory,56,partial-loco,False,1,8cphEWdm85w5CwOw4rm0_A,0.3774,0.5685,missed,2.8775,,False
full_run_exploratory,57,off,False,1,8cphEWdm85w5CwOw4rm0_A,0.3586,0.5442,missed,0.3640,0.3640,True
full_run_exploratory,57,partial-loco,False,1,8cphEWdm85w5CwOw4rm0_A,0.3586,0.5442,missed,0.5475,0.5475,True
full_run_exploratory,58,off,True,1,91IlnKR3b8rCc1Zx5XGy7w,0.0430,0.5391,det,0.8317,0.8317,True
full_run_exploratory,58,partial-loco,True,1,91IlnKR3b8rCc1Zx5XGy7w,0.0430,0.5391,det,1.2039,1.2039,True
full_run_exploratory,59,off,True,1,9DA1aapwjQcdUP2HEfrhfg,0.9336,0.5703,det,0.2646,0.2646,True
full_run_exploratory,59,partial-loco,True,1,9DA1aapwjQcdUP2HEfrhfg,0.9336,0.5703,det,0.1878,0.1878,True
full_run_exploratory,60,off,True,1,9DA1aapwjQcdUP2HEfrhfg,0.5664,0.5391,det,3.4816,,True
full_run_exploratory,60,partial-loco,True,1,9DA1aapwjQcdUP2HEfrhfg,0.5664,0.5391,det,2.9895,,True
full_run_exploratory,61,off,True,1,9DA1aapwjQcdUP2HEfrhfg,0.1357,0.5547,det,0.9224,0.9224,True
full_run_exploratory,61,partial-loco,True,1,9DA1aapwjQcdUP2HEfrhfg,0.1357,0.5547,det,0.5557,0.5557,True
full_run_exploratory,62,off,True,1,9DA1aapwjQcdUP2HEfrhfg,0.0498,0.5703,det,0.5374,0.5374,True
full_run_exploratory,62,partial-loco,True,1,9DA1aapwjQcdUP2HEfrhfg,0.0498,0.5703,det,0.6635,0.6635,True
full_run_exploratory,63,off,True,1,9DA1aapwjQcdUP2HEfrhfg,0.7529,0.6016,det,0.0960,0.0960,True
full_run_exploratory,63,partial-loco,True,1,9DA1aapwjQcdUP2HEfrhfg,0.7529,0.6016,det,0.0476,0.0476,True
full_run_exploratory,64,off,False,1,9DA1aapwjQcdUP2HEfrhfg,0.0707,0.5693,missed,1.5997,,False
full_run_exploratory,64,partial-loco,False,1,9DA1aapwjQcdUP2HEfrhfg,0.0707,0.5693,missed,1.6758,,False
full_run_exploratory,65,off,True,1,A5AVKFhm7unr9Rs55aQ1Tw,0.4492,0.5371,det,1.9619,1.9619,True
full_run_exploratory,65,partial-loco,True,1,A5AVKFhm7unr9Rs55aQ1Tw,0.4492,0.5371,det,1.4686,1.4686,True
full_run_exploratory,66,off,True,1,BfLStXTTg1-0FjTrZcvYWg,0.5898,0.5391,det,3.6585,,True
full_run_exploratory,66,partial-loco,True,1,BfLStXTTg1-0FjTrZcvYWg,0.5898,0.5391,det,3.1469,,True
full_run_exploratory,67,off,False,1,BfLStXTTg1-0FjTrZcvYWg,0.6830,0.5669,missed,1.8474,1.8474,True
full_run_exploratory,67,partial-loco,False,1,BfLStXTTg1-0FjTrZcvYWg,0.6830,0.5669,missed,1.3584,1.3584,True
full_run_exploratory,68,off,True,1,DFx_w62mJn4Qm4upFTXytQ,0.9648,0.5371,det,3.9780,,True
full_run_exploratory,68,partial-loco,True,1,DFx_w62mJn4Qm4upFTXytQ,0.9648,0.5371,det,3.6246,,True
full_run_exploratory,69,off,True,1,DJ8Zp111zu6KnMZz-0PHgQ,0.9180,0.6328,det,0.9462,0.9462,True
full_run_exploratory,69,partial-loco,True,1,DJ8Zp111zu6KnMZz-0PHgQ,0.9180,0.6328,det,0.6008,0.6008,True
full_run_exploratory,70,off,True,1,DJ8Zp111zu6KnMZz-0PHgQ,0.3086,0.5996,det,0.8245,0.8245,True
full_run_exploratory,70,partial-loco,True,1,DJ8Zp111zu6KnMZz-0PHgQ,0.3086,0.5996,det,0.7303,0.7303,True
full_run_exploratory,71,off,True,1,DJ8Zp111zu6KnMZz-0PHgQ,0.8623,0.6172,det,0.5742,0.5742,True
full_run_exploratory,71,partial-loco,True,1,DJ8Zp111zu6KnMZz-0PHgQ,0.8623,0.6172,det,0.4545,0.4545,True
full_run_exploratory,72,off,True,1,DJ8Zp111zu6KnMZz-0PHgQ,0.2607,0.6016,det,0.3439,0.3439,True
full_run_exploratory,72,partial-loco,True,1,DJ8Zp111zu6KnMZz-0PHgQ,0.2607,0.6016,det,0.3415,0.3415,True
full_run_exploratory,73,off,True,1,DaCRMtjRrkxBB468GFSAvQ,0.6279,0.5684,det,1.3625,1.3625,True
full_run_exploratory,73,partial-loco,True,1,DaCRMtjRrkxBB468GFSAvQ,0.6279,0.5684,det,0.9690,0.9690,True
full_run_exploratory,74,off,True,1,DaCRMtjRrkxBB468GFSAvQ,0.6904,0.5684,det,2.6875,,True
full_run_exploratory,74,partial-loco,True,1,DaCRMtjRrkxBB468GFSAvQ,0.6904,0.5684,det,2.2484,2.2484,True
full_run_exploratory,75,off,True,1,DaCRMtjRrkxBB468GFSAvQ,0.2695,0.5371,det,0.7937,0.7937,True
full_run_exploratory,75,partial-loco,True,1,DaCRMtjRrkxBB468GFSAvQ,0.2695,0.5371,det,1.4533,1.4533,True
full_run_exploratory,76,off,True,1,DaCRMtjRrkxBB468GFSAvQ,0.3164,0.5391,det,1.4499,1.4499,True
full_run_exploratory,76,partial-loco,True,1,DaCRMtjRrkxBB468GFSAvQ,0.3164,0.5391,det,0.2534,0.2534,True
full_run_exploratory,77,off,True,1,DaCRMtjRrkxBB468GFSAvQ,0.8623,0.5527,det,2.6220,,True
full_run_exploratory,77,partial-loco,True,1,DaCRMtjRrkxBB468GFSAvQ,0.8623,0.5527,det,1.9206,1.9206,True
full_run_exploratory,78,off,True,1,E15SCY6RTiDuNUu_trZk4Q,0.9404,0.5547,det,1.2565,1.2565,True
full_run_exploratory,78,partial-loco,True,1,E15SCY6RTiDuNUu_trZk4Q,0.9404,0.5547,det,0.7986,0.7986,True
full_run_exploratory,79,off,True,1,E15SCY6RTiDuNUu_trZk4Q,0.8936,0.5703,det,0.3888,0.3888,True
full_run_exploratory,79,partial-loco,True,1,E15SCY6RTiDuNUu_trZk4Q,0.8936,0.5703,det,0.2520,0.2520,True
full_run_exploratory,80,off,True,1,E15SCY6RTiDuNUu_trZk4Q,0.6914,0.6152,det,0.3705,0.3705,True
full_run_exploratory,80,partial-loco,True,1,E15SCY6RTiDuNUu_trZk4Q,0.6914,0.6152,det,0.3935,0.3935,True
full_run_exploratory,81,off,True,1,E15SCY6RTiDuNUu_trZk4Q,0.1748,0.5527,det,0.3272,0.3272,True
full_run_exploratory,81,partial-loco,True,1,E15SCY6RTiDuNUu_trZk4Q,0.1748,0.5527,det,0.5087,0.5087,True
full_run_exploratory,82,off,True,1,E15SCY6RTiDuNUu_trZk4Q,0.2842,0.5547,det,0.2112,0.2112,True
full_run_exploratory,82,partial-loco,True,1,E15SCY6RTiDuNUu_trZk4Q,0.2842,0.5547,det,0.4391,0.4391,True
full_run_exploratory,83,off,True,1,E15SCY6RTiDuNUu_trZk4Q,0.4570,0.5859,det,0.9165,0.9165,True
full_run_exploratory,83,partial-loco,True,1,E15SCY6RTiDuNUu_trZk4Q,0.4570,0.5859,det,0.8236,0.8236,True
full_run_exploratory,84,off,True,1,E15SCY6RTiDuNUu_trZk4Q,0.5820,0.5840,det,1.0286,1.0286,True
full_run_exploratory,84,partial-loco,True,1,E15SCY6RTiDuNUu_trZk4Q,0.5820,0.5840,det,1.1042,1.1042,True
full_run_exploratory,85,off,True,1,E15SCY6RTiDuNUu_trZk4Q,0.1133,0.5391,det,3.0976,,True
full_run_exploratory,85,partial-loco,True,1,E15SCY6RTiDuNUu_trZk4Q,0.1133,0.5391,det,3.5454,,True
full_run_exploratory,86,off,False,1,E15SCY6RTiDuNUu_trZk4Q,0.3604,0.5535,missed,0.5683,0.5683,True
full_run_exploratory,86,partial-loco,False,1,E15SCY6RTiDuNUu_trZk4Q,0.3604,0.5535,missed,0.3319,0.3319,True
full_run_exploratory,87,off,False,1,E15SCY6RTiDuNUu_trZk4Q,0.4337,0.5778,missed,1.2763,,False
full_run_exploratory,87,partial-loco,False,1,E15SCY6RTiDuNUu_trZk4Q,0.4337,0.5778,missed,1.3150,,False
full_run_exploratory,88,off,True,1,E1wxX3pnvZdWrWnUkfkNkA,0.5654,0.6328,det,0.3447,0.3447,True
full_run_exploratory,88,partial-loco,True,1,E1wxX3pnvZdWrWnUkfkNkA,0.5654,0.6328,det,0.3994,0.3994,True
full_run_exploratory,89,off,True,1,E1wxX3pnvZdWrWnUkfkNkA,0.5967,0.5547,det,1.8510,1.8510,True
full_run_exploratory,89,partial-loco,True,1,E1wxX3pnvZdWrWnUkfkNkA,0.5967,0.5547,det,1.3524,1.3524,True
full_run_exploratory,90,off,True,1,HraXxn_y7_j4o8_4iS_JDQ,0.2383,0.5547,det,1.5956,1.5956,True
full_run_exploratory,90,partial-loco,True,1,HraXxn_y7_j4o8_4iS_JDQ,0.2383,0.5547,det,0.8204,0.8204,True
full_run_exploratory,91,off,True,1,I8Y9zDjNKL1k5HUv6BSyFA,0.7373,0.5391,det,0.0000,0.0000,True
full_run_exploratory,91,partial-loco,True,1,I8Y9zDjNKL1k5HUv6BSyFA,0.7373,0.5391,det,0.0000,0.0000,True
full_run_exploratory,92,off,True,1,I8Y9zDjNKL1k5HUv6BSyFA,0.8398,0.5391,det,0.5574,0.5574,True
full_run_exploratory,92,partial-loco,True,1,I8Y9zDjNKL1k5HUv6BSyFA,0.8398,0.5391,det,0.1726,0.1726,True
full_run_exploratory,93,off,True,1,I_t9Bp1OzV2m-ZKFHssOdg,0.9727,0.5391,det,2.1208,2.1208,True
full_run_exploratory,93,partial-loco,True,1,I_t9Bp1OzV2m-ZKFHssOdg,0.9727,0.5391,det,3.0442,,True
full_run_exploratory,94,off,True,1,I_t9Bp1OzV2m-ZKFHssOdg,0.0654,0.5391,det,1.6559,1.6559,True
full_run_exploratory,94,partial-loco,True,1,I_t9Bp1OzV2m-ZKFHssOdg,0.0654,0.5391,det,1.6370,1.6370,True
full_run_exploratory,95,off,True,1,Jv7Zl2erbO_g10pRN-IS_Q,0.0898,0.5547,det,1.5663,1.5663,True
full_run_exploratory,95,partial-loco,True,1,Jv7Zl2erbO_g10pRN-IS_Q,0.0898,0.5547,det,0.7308,0.7308,True
full_run_exploratory,96,off,True,1,Jv7Zl2erbO_g10pRN-IS_Q,0.2061,0.6621,det,0.4071,0.4071,True
full_run_exploratory,96,partial-loco,True,1,Jv7Zl2erbO_g10pRN-IS_Q,0.2061,0.6621,det,0.3995,0.3995,True
full_run_exploratory,97,off,True,1,Jv7Zl2erbO_g10pRN-IS_Q,0.0342,0.5527,det,0.0000,0.0000,True
full_run_exploratory,97,partial-loco,True,1,Jv7Zl2erbO_g10pRN-IS_Q,0.0342,0.5527,det,0.0000,0.0000,True
full_run_exploratory,98,off,True,1,Jv7Zl2erbO_g10pRN-IS_Q,0.1602,0.5840,det,0.6223,0.6223,True
full_run_exploratory,98,partial-loco,True,1,Jv7Zl2erbO_g10pRN-IS_Q,0.1602,0.5840,det,0.8052,0.8052,True
full_run_exploratory,99,off,True,1,Jv7Zl2erbO_g10pRN-IS_Q,0.8232,0.7109,det,0.4356,0.4356,True
full_run_exploratory,99,partial-loco,True,1,Jv7Zl2erbO_g10pRN-IS_Q,0.8232,0.7109,det,0.3856,0.3856,True
full_run_exploratory,100,off,True,1,Kv2haiYlkJCiaO61RVWwQA,0.9639,0.5371,det,6.2106,,True
full_run_exploratory,100,partial-loco,True,1,Kv2haiYlkJCiaO61RVWwQA,0.9639,0.5371,det,5.6363,,True
full_run_exploratory,101,off,True,1,Kv2haiYlkJCiaO61RVWwQA,0.1211,0.5547,det,0.5080,0.5080,True
full_run_exploratory,101,partial-loco,True,1,Kv2haiYlkJCiaO61RVWwQA,0.1211,0.5547,det,0.9809,0.9809,True
full_run_exploratory,102,off,True,1,Kv2haiYlkJCiaO61RVWwQA,0.2998,0.6152,det,0.3369,0.3369,True
full_run_exploratory,102,partial-loco,True,1,Kv2haiYlkJCiaO61RVWwQA,0.2998,0.6152,det,0.3167,0.3167,True
full_run_exploratory,103,off,True,1,Kv2haiYlkJCiaO61RVWwQA,0.9170,0.5547,det,1.7948,1.7948,True
full_run_exploratory,103,partial-loco,True,1,Kv2haiYlkJCiaO61RVWwQA,0.9170,0.5547,det,1.3705,1.3705,True
full_run_exploratory,104,off,True,1,Kv2haiYlkJCiaO61RVWwQA,0.0742,0.5391,det,4.3033,,True
full_run_exploratory,104,partial-loco,True,1,Kv2haiYlkJCiaO61RVWwQA,0.0742,0.5391,det,4.9928,,True
full_run_exploratory,105,off,True,1,Kv2haiYlkJCiaO61RVWwQA,0.6592,0.6777,det,0.3607,0.3607,True
full_run_exploratory,105,partial-loco,True,1,Kv2haiYlkJCiaO61RVWwQA,0.6592,0.6777,det,0.2910,0.2910,True
full_run_exploratory,106,off,True,1,Kv2haiYlkJCiaO61RVWwQA,0.2305,0.5840,det,0.6317,0.6317,True
full_run_exploratory,106,partial-loco,True,1,Kv2haiYlkJCiaO61RVWwQA,0.2305,0.5840,det,0.1562,0.1562,True
full_run_exploratory,107,off,True,1,Kv2haiYlkJCiaO61RVWwQA,0.7842,0.6309,det,0.7374,0.7374,True
full_run_exploratory,107,partial-loco,True,1,Kv2haiYlkJCiaO61RVWwQA,0.7842,0.6309,det,0.7254,0.7254,True
full_run_exploratory,108,off,True,1,LMwVmdxU9opG4yzbotuw6g,0.5186,0.5371,det,1.9956,1.9956,True
full_run_exploratory,108,partial-loco,True,1,LMwVmdxU9opG4yzbotuw6g,0.5186,0.5371,det,2.4309,2.4309,True
full_run_exploratory,109,off,True,1,LMwVmdxU9opG4yzbotuw6g,0.4014,0.5391,det,3.0170,,True
full_run_exploratory,109,partial-loco,True,1,LMwVmdxU9opG4yzbotuw6g,0.4014,0.5391,det,2.9810,,True
full_run_exploratory,110,off,True,1,LN819vhVLLeYwzRsBh2zAg,0.2695,0.6484,det,1.0087,1.0087,True
full_run_exploratory,110,partial-loco,True,1,LN819vhVLLeYwzRsBh2zAg,0.2695,0.6484,det,0.9531,0.9531,True
full_run_exploratory,111,off,True,1,LN819vhVLLeYwzRsBh2zAg,0.6836,0.6152,det,0.8411,0.8411,True
full_run_exploratory,111,partial-loco,True,1,LN819vhVLLeYwzRsBh2zAg,0.6836,0.6152,det,1.0202,1.0202,True
full_run_exploratory,112,off,True,1,LN819vhVLLeYwzRsBh2zAg,0.7139,0.6641,det,0.5511,0.5511,True
full_run_exploratory,112,partial-loco,True,1,LN819vhVLLeYwzRsBh2zAg,0.7139,0.6641,det,0.5800,0.5800,True
full_run_exploratory,113,off,True,1,LN819vhVLLeYwzRsBh2zAg,0.4404,0.5527,det,4.3919,,True
full_run_exploratory,113,partial-loco,True,1,LN819vhVLLeYwzRsBh2zAg,0.4404,0.5527,det,4.0709,,True
full_run_exploratory,114,off,True,1,LN819vhVLLeYwzRsBh2zAg,0.5898,0.5547,det,1.5108,1.5108,True
full_run_exploratory,114,partial-loco,True,1,LN819vhVLLeYwzRsBh2zAg,0.5898,0.5547,det,1.3697,1.3697,True
full_run_exploratory,115,off,True,1,LN819vhVLLeYwzRsBh2zAg,0.3945,0.5547,det,3.7694,,True
full_run_exploratory,115,partial-loco,True,1,LN819vhVLLeYwzRsBh2zAg,0.3945,0.5547,det,3.4679,,True
full_run_exploratory,116,off,True,1,LN819vhVLLeYwzRsBh2zAg,0.5508,0.5547,det,1.3256,1.3256,True
full_run_exploratory,116,partial-loco,True,1,LN819vhVLLeYwzRsBh2zAg,0.5508,0.5547,det,1.3565,1.3565,True
full_run_exploratory,117,off,False,1,LN819vhVLLeYwzRsBh2zAg,0.3222,0.5737,missed,1.6968,1.6968,True
full_run_exploratory,117,partial-loco,False,1,LN819vhVLLeYwzRsBh2zAg,0.3222,0.5737,missed,1.5198,1.5198,True
full_run_exploratory,118,off,True,1,LhpYKYMPIDXskyHjHW1nOQ,0.4795,0.5527,det,0.5625,0.5625,True
full_run_exploratory,118,partial-loco,True,1,LhpYKYMPIDXskyHjHW1nOQ,0.4795,0.5527,det,0.5514,0.5514,True
full_run_exploratory,119,off,False,1,LhpYKYMPIDXskyHjHW1nOQ,0.5636,0.5499,missed,1.4296,1.4296,True
full_run_exploratory,119,partial-loco,False,1,LhpYKYMPIDXskyHjHW1nOQ,0.5636,0.5499,missed,1.2403,1.2403,True
full_run_exploratory,120,off,True,1,NS7lT-itv0JiN6UHVvBxsg,0.6045,0.5859,det,0.3460,0.3460,True
full_run_exploratory,120,partial-loco,True,1,NS7lT-itv0JiN6UHVvBxsg,0.6045,0.5859,det,0.4115,0.4115,True
full_run_exploratory,121,off,True,1,NS7lT-itv0JiN6UHVvBxsg,0.9336,0.5547,det,0.7730,0.7730,True
full_run_exploratory,121,partial-loco,True,1,NS7lT-itv0JiN6UHVvBxsg,0.9336,0.5547,det,1.2252,1.2252,True
full_run_exploratory,122,off,True,1,NS7lT-itv0JiN6UHVvBxsg,0.9561,0.5527,det,1.7502,1.7502,True
full_run_exploratory,122,partial-loco,True,1,NS7lT-itv0JiN6UHVvBxsg,0.9561,0.5527,det,0.9721,0.9721,True
full_run_exploratory,123,off,False,1,NS7lT-itv0JiN6UHVvBxsg,0.0998,0.5406,missed,8.7762,,False
full_run_exploratory,123,partial-loco,False,1,NS7lT-itv0JiN6UHVvBxsg,0.0998,0.5406,missed,9.0903,,False
full_run_exploratory,124,off,False,1,NS7lT-itv0JiN6UHVvBxsg,0.0483,0.5418,missed,3.4679,,False
full_run_exploratory,124,partial-loco,False,1,NS7lT-itv0JiN6UHVvBxsg,0.0483,0.5418,missed,3.5844,,False
full_run_exploratory,125,off,False,1,NS7lT-itv0JiN6UHVvBxsg,0.0234,0.5491,missed,0.4862,0.4862,True
full_run_exploratory,125,partial-loco,False,1,NS7lT-itv0JiN6UHVvBxsg,0.0234,0.5491,missed,0.5068,0.5068,True
full_run_exploratory,126,off,True,1,Noi7DhIT3xbCjA2Ip4QOyg,0.4561,0.5371,det,1.7870,1.7870,True
full_run_exploratory,126,partial-loco,True,1,Noi7DhIT3xbCjA2Ip4QOyg,0.4561,0.5371,det,1.4091,1.4091,True
full_run_exploratory,127,off,True,1,Noi7DhIT3xbCjA2Ip4QOyg,0.4092,0.5391,det,2.6357,,True
full_run_exploratory,127,partial-loco,True,1,Noi7DhIT3xbCjA2Ip4QOyg,0.4092,0.5391,det,2.5063,,True
full_run_exploratory,128,off,True,1,Noi7DhIT3xbCjA2Ip4QOyg,0.3242,0.6465,det,0.7921,0.7921,True
full_run_exploratory,128,partial-loco,True,1,Noi7DhIT3xbCjA2Ip4QOyg,0.3242,0.6465,det,0.8334,0.8334,True
full_run_exploratory,129,off,True,1,Noi7DhIT3xbCjA2Ip4QOyg,0.5654,0.5391,det,3.0884,,True
full_run_exploratory,129,partial-loco,True,1,Noi7DhIT3xbCjA2Ip4QOyg,0.5654,0.5391,det,2.3063,2.3063,True
full_run_exploratory,130,off,True,1,Noi7DhIT3xbCjA2Ip4QOyg,0.6436,0.6641,det,0.3899,0.3899,True
full_run_exploratory,130,partial-loco,True,1,Noi7DhIT3xbCjA2Ip4QOyg,0.6436,0.6641,det,0.4177,0.4177,True
full_run_exploratory,131,off,True,1,Noi7DhIT3xbCjA2Ip4QOyg,0.3477,0.5684,det,0.3488,0.3488,True
full_run_exploratory,131,partial-loco,True,1,Noi7DhIT3xbCjA2Ip4QOyg,0.3477,0.5684,det,0.4085,0.4085,True
full_run_exploratory,132,off,False,1,Noi7DhIT3xbCjA2Ip4QOyg,0.6234,0.5681,missed,1.0507,1.0507,True
full_run_exploratory,132,partial-loco,False,1,Noi7DhIT3xbCjA2Ip4QOyg,0.6234,0.5681,missed,0.8276,0.8276,True
full_run_exploratory,133,off,True,1,NzRL8weHSGkfduBHnrgd5g,0.3154,0.5703,det,0.0000,0.0000,True
full_run_exploratory,133,partial-loco,True,1,NzRL8weHSGkfduBHnrgd5g,0.3154,0.5703,det,0.0000,0.0000,True
full_run_exploratory,134,off,False,1,NzRL8weHSGkfduBHnrgd5g,0.0109,0.5402,missed,3.0157,,False
full_run_exploratory,134,partial-loco,False,1,NzRL8weHSGkfduBHnrgd5g,0.0109,0.5402,missed,3.3044,,False
full_run_exploratory,135,off,False,1,NzRL8weHSGkfduBHnrgd5g,0.0358,0.5390,missed,0.2432,0.2432,True
full_run_exploratory,135,partial-loco,False,1,NzRL8weHSGkfduBHnrgd5g,0.0358,0.5390,missed,0.9385,0.9385,True
full_run_exploratory,136,off,False,1,NzRL8weHSGkfduBHnrgd5g,0.0703,0.5341,missed,1.1559,1.1559,True
full_run_exploratory,136,partial-loco,False,1,NzRL8weHSGkfduBHnrgd5g,0.0703,0.5341,missed,0.6207,0.6207,True
full_run_exploratory,137,off,False,1,NzRL8weHSGkfduBHnrgd5g,0.9697,0.5378,missed,2.4903,2.4903,True
full_run_exploratory,137,partial-loco,False,1,NzRL8weHSGkfduBHnrgd5g,0.9697,0.5378,missed,0.9931,0.9931,True
full_run_exploratory,138,off,True,2,OedGesfk606bGhg4OQESiQ,0.5498,0.5703,det,0.4895,0.4895,True
full_run_exploratory,138,partial-loco,True,2,OedGesfk606bGhg4OQESiQ,0.5498,0.5703,det,0.3305,0.3305,True
full_run_exploratory,139,off,True,1,OedGesfk606bGhg4OQESiQ,0.3701,0.5547,det,1.8968,,True
full_run_exploratory,139,partial-loco,True,1,OedGesfk606bGhg4OQESiQ,0.3701,0.5547,det,1.9220,,True
full_run_exploratory,140,off,True,1,PX5zU_2KkKO0Gr4FiSe9aw,0.3154,0.5840,det,0.7568,0.7568,True
full_run_exploratory,140,partial-loco,True,1,PX5zU_2KkKO0Gr4FiSe9aw,0.3154,0.5840,det,0.5802,0.5802,True
full_run_exploratory,141,off,True,1,PX5zU_2KkKO0Gr4FiSe9aw,0.5654,0.6152,det,0.4023,0.4023,True
full_run_exploratory,141,partial-loco,True,1,PX5zU_2KkKO0Gr4FiSe9aw,0.5654,0.6152,det,0.4968,0.4968,True
full_run_exploratory,142,off,True,1,PX5zU_2KkKO0Gr4FiSe9aw,0.4014,0.5391,det,0.4234,0.4234,True
full_run_exploratory,142,partial-loco,True,1,PX5zU_2KkKO0Gr4FiSe9aw,0.4014,0.5391,det,0.2805,0.2805,True
full_run_exploratory,143,off,True,1,PeJlsIXjn8VkEoryRRBBMg,0.9639,0.5391,det,2.8427,,True
full_run_exploratory,143,partial-loco,True,1,PeJlsIXjn8VkEoryRRBBMg,0.9639,0.5391,det,1.7567,1.7567,True
full_run_exploratory,144,off,True,1,PeJlsIXjn8VkEoryRRBBMg,0.0508,0.5391,det,4.2552,,True
full_run_exploratory,144,partial-loco,True,1,PeJlsIXjn8VkEoryRRBBMg,0.0508,0.5391,det,3.0198,,True
full_run_exploratory,145,off,True,1,PgOXmiCTtEV4ip7AJDqf2Q,0.9717,0.5391,det,1.4852,1.4852,True
full_run_exploratory,145,partial-loco,True,1,PgOXmiCTtEV4ip7AJDqf2Q,0.9717,0.5391,det,0.8355,0.8355,True
full_run_exploratory,146,off,True,1,PgOXmiCTtEV4ip7AJDqf2Q,0.2305,0.5547,det,1.3294,1.3294,True
full_run_exploratory,146,partial-loco,True,1,PgOXmiCTtEV4ip7AJDqf2Q,0.2305,0.5547,det,0.7443,0.7443,True
full_run_exploratory,147,off,False,1,PgOXmiCTtEV4ip7AJDqf2Q,0.0909,0.5402,missed,0.7508,0.7508,True
full_run_exploratory,147,partial-loco,False,1,PgOXmiCTtEV4ip7AJDqf2Q,0.0909,0.5402,missed,0.5868,0.5868,True
full_run_exploratory,148,off,False,1,PgOXmiCTtEV4ip7AJDqf2Q,0.0247,0.5425,missed,1.4580,1.4580,True
full_run_exploratory,148,partial-loco,False,1,PgOXmiCTtEV4ip7AJDqf2Q,0.0247,0.5425,missed,1.2100,1.2100,True
full_run_exploratory,149,off,False,1,PgOXmiCTtEV4ip7AJDqf2Q,0.0444,0.5395,missed,2.3920,2.3920,True
full_run_exploratory,149,partial-loco,False,1,PgOXmiCTtEV4ip7AJDqf2Q,0.0444,0.5395,missed,2.2037,2.2037,True
full_run_exploratory,150,off,True,1,Ro8ZmvW9hyxIS4GVq1cpMQ,0.9023,0.6172,det,0.4750,0.4750,True
full_run_exploratory,150,partial-loco,True,1,Ro8ZmvW9hyxIS4GVq1cpMQ,0.9023,0.6172,det,0.4055,0.4055,True
full_run_exploratory,151,off,True,1,Ro8ZmvW9hyxIS4GVq1cpMQ,0.1201,0.6152,det,0.6493,0.6493,True
full_run_exploratory,151,partial-loco,True,1,Ro8ZmvW9hyxIS4GVq1cpMQ,0.1201,0.6152,det,0.6750,0.6750,True
full_run_exploratory,152,off,True,1,SM4RUwTVtTzgSm3LWvzwqA,0.5576,0.5547,det,1.0317,1.0317,True
full_run_exploratory,152,partial-loco,True,1,SM4RUwTVtTzgSm3LWvzwqA,0.5576,0.5547,det,1.2094,1.2094,True
full_run_exploratory,153,off,True,1,SM4RUwTVtTzgSm3LWvzwqA,0.4092,0.5547,det,0.2160,0.2160,True
full_run_exploratory,153,partial-loco,True,1,SM4RUwTVtTzgSm3LWvzwqA,0.4092,0.5547,det,0.3326,0.3326,True
full_run_exploratory,154,off,True,1,ScnPNQ2cah0xzWlH28uoOw,0.5654,0.5391,det,0.9536,0.9536,True
full_run_exploratory,154,partial-loco,True,1,ScnPNQ2cah0xzWlH28uoOw,0.5654,0.5391,det,1.5413,1.5413,True
full_run_exploratory,155,off,True,1,ScnPNQ2cah0xzWlH28uoOw,0.6367,0.6172,det,0.3799,0.3799,True
full_run_exploratory,155,partial-loco,True,1,ScnPNQ2cah0xzWlH28uoOw,0.6367,0.6172,det,0.3023,0.3023,True
full_run_exploratory,156,off,True,1,ScnPNQ2cah0xzWlH28uoOw,0.6279,0.5684,det,0.7773,0.7773,True
full_run_exploratory,156,partial-loco,True,1,ScnPNQ2cah0xzWlH28uoOw,0.6279,0.5684,det,0.8195,0.8195,True
full_run_exploratory,157,off,True,1,ShaAxuhgD3rK5__gON66zA,0.3467,0.5527,det,1.4591,1.4591,True
full_run_exploratory,157,partial-loco,True,1,ShaAxuhgD3rK5__gON66zA,0.3467,0.5527,det,1.0590,1.0590,True
full_run_exploratory,158,off,True,1,ShaAxuhgD3rK5__gON66zA,0.5186,0.5684,det,0.2366,0.2366,True
full_run_exploratory,158,partial-loco,True,1,ShaAxuhgD3rK5__gON66zA,0.5186,0.5684,det,0.1815,0.1815,True
full_run_exploratory,159,off,True,1,Tn5W3kvbdH7_Fpk29a_hrQ,0.5430,0.5547,det,0.9136,0.9136,True
full_run_exploratory,159,partial-loco,True,1,Tn5W3kvbdH7_Fpk29a_hrQ,0.5430,0.5547,det,0.7441,0.7441,True
full_run_exploratory,160,off,True,1,Tn5W3kvbdH7_Fpk29a_hrQ,0.4258,0.5547,det,0.2368,0.2368,True
full_run_exploratory,160,partial-loco,True,1,Tn5W3kvbdH7_Fpk29a_hrQ,0.4258,0.5547,det,0.1684,0.1684,True
full_run_exploratory,161,off,False,1,Tn5W3kvbdH7_Fpk29a_hrQ,0.5674,0.5383,missed,1.1292,1.1292,True
full_run_exploratory,161,partial-loco,False,1,Tn5W3kvbdH7_Fpk29a_hrQ,0.5674,0.5383,missed,1.6403,1.6403,True
full_run_exploratory,162,off,True,1,TzKDX5ADk6lqRtZ-F8r6XQ,0.8076,0.6152,det,0.4209,0.4209,True
full_run_exploratory,162,partial-loco,True,1,TzKDX5ADk6lqRtZ-F8r6XQ,0.8076,0.6152,det,0.3763,0.3763,True
full_run_exploratory,163,off,True,1,TzKDX5ADk6lqRtZ-F8r6XQ,0.2383,0.5547,det,0.5584,0.5584,True
full_run_exploratory,163,partial-loco,True,1,TzKDX5ADk6lqRtZ-F8r6XQ,0.2383,0.5547,det,0.7858,0.7858,True
full_run_exploratory,164,off,True,1,VIMFndX_oqm7vJJD8gDyEA,0.6514,0.7109,det,0.6675,0.6675,True
full_run_exploratory,164,partial-loco,True,1,VIMFndX_oqm7vJJD8gDyEA,0.6514,0.7109,det,0.6204,0.6204,True
full_run_exploratory,165,off,True,1,VIMFndX_oqm7vJJD8gDyEA,0.2695,0.5547,det,1.2120,1.2120,True
full_run_exploratory,165,partial-loco,True,1,VIMFndX_oqm7vJJD8gDyEA,0.2695,0.5547,det,1.8656,1.8656,True
full_run_exploratory,166,off,False,1,VIMFndX_oqm7vJJD8gDyEA,0.3018,0.7014,missed,0.4633,0.4633,True
full_run_exploratory,166,partial-loco,False,1,VIMFndX_oqm7vJJD8gDyEA,0.3018,0.7014,missed,0.0404,0.0404,True
full_run_exploratory,167,off,False,1,VIMFndX_oqm7vJJD8gDyEA,0.2727,0.6214,missed,2.6029,,False
full_run_exploratory,167,partial-loco,False,1,VIMFndX_oqm7vJJD8gDyEA,0.2727,0.6214,missed,3.0213,,False
full_run_exploratory,168,off,True,1,VMjtxZNqxl9E6oUXnsdI8Q,0.3242,0.6328,det,0.3454,0.3454,True
full_run_exploratory,168,partial-loco,True,1,VMjtxZNqxl9E6oUXnsdI8Q,0.3242,0.6328,det,0.4715,0.4715,True
full_run_exploratory,169,off,True,1,VMjtxZNqxl9E6oUXnsdI8Q,0.3467,0.5703,det,0.2685,0.2685,True
full_run_exploratory,169,partial-loco,True,1,VMjtxZNqxl9E6oUXnsdI8Q,0.3467,0.5703,det,0.0402,0.0402,True
full_run_exploratory,170,off,True,1,VMjtxZNqxl9E6oUXnsdI8Q,0.4092,0.5391,det,2.4141,2.4141,True
full_run_exploratory,170,partial-loco,True,1,VMjtxZNqxl9E6oUXnsdI8Q,0.4092,0.5391,det,2.2292,2.2292,True
full_run_exploratory,171,off,True,1,VMjtxZNqxl9E6oUXnsdI8Q,0.6289,0.5840,det,0.3188,0.3188,True
full_run_exploratory,171,partial-loco,True,1,VMjtxZNqxl9E6oUXnsdI8Q,0.6289,0.5840,det,0.3226,0.3226,True
full_run_exploratory,172,off,True,1,VMjtxZNqxl9E6oUXnsdI8Q,0.6436,0.6641,det,0.2881,0.2881,True
full_run_exploratory,172,partial-loco,True,1,VMjtxZNqxl9E6oUXnsdI8Q,0.6436,0.6641,det,0.1657,0.1657,True
full_run_exploratory,173,off,True,1,VMjtxZNqxl9E6oUXnsdI8Q,0.5654,0.5527,det,1.8417,1.8417,True
full_run_exploratory,173,partial-loco,True,1,VMjtxZNqxl9E6oUXnsdI8Q,0.5654,0.5527,det,2.1030,2.1030,True
full_run_exploratory,174,off,True,1,VgWpqFkTwCIROvM0z-DkOw,0.1592,0.5547,det,1.2377,1.2377,True
full_run_exploratory,174,partial-loco,True,1,VgWpqFkTwCIROvM0z-DkOw,0.1592,0.5547,det,1.6736,1.6736,True
full_run_exploratory,175,off,True,1,VgWpqFkTwCIROvM0z-DkOw,0.6367,0.6465,det,0.1929,0.1929,True
full_run_exploratory,175,partial-loco,True,1,VgWpqFkTwCIROvM0z-DkOw,0.6367,0.6465,det,0.1558,0.1558,True
full_run_exploratory,176,off,True,1,VgWpqFkTwCIROvM0z-DkOw,0.3086,0.5859,det,0.0000,0.0000,True
full_run_exploratory,176,partial-loco,True,1,VgWpqFkTwCIROvM0z-DkOw,0.3086,0.5859,det,0.0000,0.0000,True
full_run_exploratory,177,off,True,1,WGdZz7jOkmmmyQYpbw3F8w,0.3311,0.6641,det,0.4245,0.4245,True
full_run_exploratory,177,partial-loco,True,1,WGdZz7jOkmmmyQYpbw3F8w,0.3311,0.6641,det,0.3098,0.3098,True
full_run_exploratory,178,off,False,1,WGdZz7jOkmmmyQYpbw3F8w,0.2273,0.5523,missed,0.8897,0.8897,True
full_run_exploratory,178,partial-loco,False,1,WGdZz7jOkmmmyQYpbw3F8w,0.2273,0.5523,missed,2.1582,2.1582,True
full_run_exploratory,179,off,False,1,WGdZz7jOkmmmyQYpbw3F8w,0.9245,0.5514,missed,19.6039,,False
full_run_exploratory,179,partial-loco,False,1,WGdZz7jOkmmmyQYpbw3F8w,0.9245,0.5514,missed,20.5078,,False
full_run_exploratory,180,off,True,1,Wnu3AyufxG1XD9JvU5K-hg,0.8555,0.5840,det,0.2057,0.2057,True
full_run_exploratory,180,partial-loco,True,1,Wnu3AyufxG1XD9JvU5K-hg,0.8555,0.5840,det,0.1687,0.1687,True
full_run_exploratory,181,off,True,1,Wnu3AyufxG1XD9JvU5K-hg,0.6201,0.5859,det,0.4141,0.4141,True
full_run_exploratory,181,partial-loco,True,1,Wnu3AyufxG1XD9JvU5K-hg,0.6201,0.5859,det,0.4120,0.4120,True
full_run_exploratory,182,off,True,1,Wnu3AyufxG1XD9JvU5K-hg,0.4258,0.5527,det,1.4213,1.4213,True
full_run_exploratory,182,partial-loco,True,1,Wnu3AyufxG1XD9JvU5K-hg,0.4258,0.5527,det,1.2188,1.2188,True
full_run_exploratory,183,off,True,1,X3HUl4G0JyP3fwNYcFAXVw,0.2227,0.6152,det,1.3787,1.3787,True
full_run_exploratory,183,partial-loco,True,1,X3HUl4G0JyP3fwNYcFAXVw,0.2227,0.6152,det,1.3729,1.3729,True
full_run_exploratory,184,off,True,1,X3HUl4G0JyP3fwNYcFAXVw,0.1904,0.6797,det,0.0000,0.0000,True
full_run_exploratory,184,partial-loco,True,1,X3HUl4G0JyP3fwNYcFAXVw,0.1904,0.6797,det,0.0000,0.0000,True
full_run_exploratory,185,off,False,1,X3HUl4G0JyP3fwNYcFAXVw,0.2855,0.5426,missed,2.6370,,False
full_run_exploratory,185,partial-loco,False,1,X3HUl4G0JyP3fwNYcFAXVw,0.2855,0.5426,missed,1.7641,1.7641,True
full_run_exploratory,186,off,False,1,X3HUl4G0JyP3fwNYcFAXVw,0.8121,0.6905,missed,2.0655,2.0655,True
full_run_exploratory,186,partial-loco,False,1,X3HUl4G0JyP3fwNYcFAXVw,0.8121,0.6905,missed,1.6227,1.6227,True
full_run_exploratory,187,off,True,1,X769L3ombUWjLtZDlE2fqg,0.4482,0.5703,det,0.8033,0.8033,True
full_run_exploratory,187,partial-loco,True,1,X769L3ombUWjLtZDlE2fqg,0.4482,0.5703,det,0.8150,0.8150,True
full_run_exploratory,188,off,False,1,X769L3ombUWjLtZDlE2fqg,0.5539,0.5851,missed,2.3376,2.3376,True
full_run_exploratory,188,partial-loco,False,1,X769L3ombUWjLtZDlE2fqg,0.5539,0.5851,missed,2.2616,2.2616,True
full_run_exploratory,189,off,False,1,X769L3ombUWjLtZDlE2fqg,0.4182,0.5463,missed,1.1706,1.1706,True
full_run_exploratory,189,partial-loco,False,1,X769L3ombUWjLtZDlE2fqg,0.4182,0.5463,missed,1.2245,1.2245,True
full_run_exploratory,190,off,False,1,X769L3ombUWjLtZDlE2fqg,0.4400,0.5354,missed,2.2854,2.2854,True
full_run_exploratory,190,partial-loco,False,1,X769L3ombUWjLtZDlE2fqg,0.4400,0.5354,missed,2.6653,,False
full_run_exploratory,191,off,True,1,ZO7V6RR9LtZT8l9-SjIQUg,0.3086,0.6016,det,0.3954,0.3954,True
full_run_exploratory,191,partial-loco,True,1,ZO7V6RR9LtZT8l9-SjIQUg,0.3086,0.6016,det,0.2335,0.2335,True
full_run_exploratory,192,off,True,1,ZO7V6RR9LtZT8l9-SjIQUg,0.8467,0.6953,det,0.2295,0.2295,True
full_run_exploratory,192,partial-loco,True,1,ZO7V6RR9LtZT8l9-SjIQUg,0.8467,0.6953,det,0.1729,0.1729,True
full_run_exploratory,193,off,True,1,ZO7V6RR9LtZT8l9-SjIQUg,0.8711,0.5703,det,0.8191,0.8191,True
full_run_exploratory,193,partial-loco,True,1,ZO7V6RR9LtZT8l9-SjIQUg,0.8711,0.5703,det,0.4773,0.4773,True
full_run_exploratory,194,off,False,1,ZO7V6RR9LtZT8l9-SjIQUg,0.9314,0.5536,missed,5.8269,,False
full_run_exploratory,194,partial-loco,False,1,ZO7V6RR9LtZT8l9-SjIQUg,0.9314,0.5536,missed,6.2676,,False
full_run_exploratory,195,off,True,1,ZlXmdBYkhIpp-wNfPlSIFw,0.3467,0.5859,det,0.2502,0.2502,True
full_run_exploratory,195,partial-loco,True,1,ZlXmdBYkhIpp-wNfPlSIFw,0.3467,0.5859,det,0.2837,0.2837,True
full_run_exploratory,196,off,True,1,ZlXmdBYkhIpp-wNfPlSIFw,0.1367,0.5703,det,0.9498,0.9498,True
full_run_exploratory,196,partial-loco,True,1,ZlXmdBYkhIpp-wNfPlSIFw,0.1367,0.5703,det,0.6768,0.6768,True
full_run_exploratory,197,off,True,1,ZlXmdBYkhIpp-wNfPlSIFw,0.4092,0.5840,det,0.2589,0.2589,True
full_run_exploratory,197,partial-loco,True,1,ZlXmdBYkhIpp-wNfPlSIFw,0.4092,0.5840,det,0.2652,0.2652,True
full_run_exploratory,198,off,True,1,ZlXmdBYkhIpp-wNfPlSIFw,0.9023,0.5840,det,0.8716,0.8716,True
full_run_exploratory,198,partial-loco,True,1,ZlXmdBYkhIpp-wNfPlSIFw,0.9023,0.5840,det,0.8104,0.8104,True
full_run_exploratory,199,off,True,1,ZlXmdBYkhIpp-wNfPlSIFw,0.0820,0.5703,det,0.5042,0.5042,True
full_run_exploratory,199,partial-loco,True,1,ZlXmdBYkhIpp-wNfPlSIFw,0.0820,0.5703,det,0.3650,0.3650,True
full_run_exploratory,200,off,True,1,ZlXmdBYkhIpp-wNfPlSIFw,0.6055,0.5859,det,0.3171,0.3171,True
full_run_exploratory,200,partial-loco,True,1,ZlXmdBYkhIpp-wNfPlSIFw,0.6055,0.5859,det,0.2537,0.2537,True
full_run_exploratory,201,off,True,1,bTkyJpLDQ7HCw4yOdqdNCg,0.2295,0.5527,det,0.7948,0.7948,True
full_run_exploratory,201,partial-loco,True,1,bTkyJpLDQ7HCw4yOdqdNCg,0.2295,0.5527,det,0.4927,0.4927,True
full_run_exploratory,202,off,True,1,bTkyJpLDQ7HCw4yOdqdNCg,0.8389,0.5840,det,0.3062,0.3062,True
full_run_exploratory,202,partial-loco,True,1,bTkyJpLDQ7HCw4yOdqdNCg,0.8389,0.5840,det,0.1966,0.1966,True
full_run_exploratory,203,off,True,1,bTkyJpLDQ7HCw4yOdqdNCg,0.7295,0.7090,det,0.6546,0.6546,True
full_run_exploratory,203,partial-loco,True,1,bTkyJpLDQ7HCw4yOdqdNCg,0.7295,0.7090,det,0.4850,0.4850,True
full_run_exploratory,204,off,False,1,bTkyJpLDQ7HCw4yOdqdNCg,0.9438,0.5427,missed,0.7734,0.7734,True
full_run_exploratory,204,partial-loco,False,1,bTkyJpLDQ7HCw4yOdqdNCg,0.9438,0.5427,missed,0.7146,0.7146,True
full_run_exploratory,205,off,False,1,bTkyJpLDQ7HCw4yOdqdNCg,0.1362,0.5371,missed,1.4711,1.4711,True
full_run_exploratory,205,partial-loco,False,1,bTkyJpLDQ7HCw4yOdqdNCg,0.1362,0.5371,missed,0.7867,0.7867,True
full_run_exploratory,206,off,True,1,bVadNrPq_zXgbJjhhDSwDw,0.9102,0.5684,det,1.2796,1.2796,True
full_run_exploratory,206,partial-loco,True,1,bVadNrPq_zXgbJjhhDSwDw,0.9102,0.5684,det,1.0043,1.0043,True
full_run_exploratory,207,off,True,1,cqb7v_2KGHMeSy8VpvkcDQ,0.3945,0.5547,det,1.2366,1.2366,True
full_run_exploratory,207,partial-loco,True,1,cqb7v_2KGHMeSy8VpvkcDQ,0.3945,0.5547,det,0.5656,0.5656,True
full_run_exploratory,208,off,True,1,dUy9p1NputrGH7SFDmbCpg,0.5732,0.5996,det,0.3002,0.3002,True
full_run_exploratory,208,partial-loco,True,1,dUy9p1NputrGH7SFDmbCpg,0.5732,0.5996,det,0.1139,0.1139,True
full_run_exploratory,209,off,True,1,dUy9p1NputrGH7SFDmbCpg,0.3867,0.5684,det,0.4534,0.4534,True
full_run_exploratory,209,partial-loco,True,1,dUy9p1NputrGH7SFDmbCpg,0.3867,0.5684,det,0.3908,0.3908,True
full_run_exploratory,210,off,True,1,f8KWeNBZLlwJXVSj5_0RAg,0.0664,0.5527,det,0.9508,0.9508,True
full_run_exploratory,210,partial-loco,True,1,f8KWeNBZLlwJXVSj5_0RAg,0.0664,0.5527,det,1.5962,1.5962,True
full_run_exploratory,211,off,True,1,gTM14tSsKuUwbSxtTb4xoQ,0.4648,0.5371,det,1.5113,1.5113,True
full_run_exploratory,211,partial-loco,True,1,gTM14tSsKuUwbSxtTb4xoQ,0.4648,0.5371,det,0.9066,0.9066,True
full_run_exploratory,212,off,True,1,hKMeDFlSe7fPsZpi4kS-aA,0.2686,0.6328,det,0.5842,0.5842,True
full_run_exploratory,212,partial-loco,True,1,hKMeDFlSe7fPsZpi4kS-aA,0.2686,0.6328,det,0.5027,0.5027,True
full_run_exploratory,213,off,True,1,hKMeDFlSe7fPsZpi4kS-aA,0.6357,0.6016,det,0.4619,0.4619,True
full_run_exploratory,213,partial-loco,True,1,hKMeDFlSe7fPsZpi4kS-aA,0.6357,0.6016,det,0.3667,0.3667,True
full_run_exploratory,214,off,True,1,hu3-VWXlGi42PkY38XPJzQ,0.9014,0.5859,det,0.4009,0.4009,True
full_run_exploratory,214,partial-loco,True,1,hu3-VWXlGi42PkY38XPJzQ,0.9014,0.5859,det,0.4538,0.4538,True
full_run_exploratory,215,off,True,1,hu3-VWXlGi42PkY38XPJzQ,0.3477,0.5703,det,0.8743,0.8743,True
full_run_exploratory,215,partial-loco,True,1,hu3-VWXlGi42PkY38XPJzQ,0.3477,0.5703,det,0.7307,0.7307,True
full_run_exploratory,216,off,True,1,hu3-VWXlGi42PkY38XPJzQ,0.6201,0.6016,det,0.3551,0.3551,True
full_run_exploratory,216,partial-loco,True,1,hu3-VWXlGi42PkY38XPJzQ,0.6201,0.6016,det,0.2793,0.2793,True
full_run_exploratory,217,off,True,1,hu3-VWXlGi42PkY38XPJzQ,0.1289,0.5684,det,0.7906,0.7906,True
full_run_exploratory,217,partial-loco,True,1,hu3-VWXlGi42PkY38XPJzQ,0.1289,0.5684,det,0.9603,0.9603,True
full_run_exploratory,218,off,True,1,kJr7eKpZcJO_W6V5XlLtBw,0.6514,0.5703,det,2.3594,2.3594,True
full_run_exploratory,218,partial-loco,True,1,kJr7eKpZcJO_W6V5XlLtBw,0.6514,0.5703,det,2.2566,2.2566,True
full_run_exploratory,219,off,True,1,kJr7eKpZcJO_W6V5XlLtBw,0.8779,0.6328,det,1.3161,1.3161,True
full_run_exploratory,219,partial-loco,True,1,kJr7eKpZcJO_W6V5XlLtBw,0.8779,0.6328,det,1.2659,1.2659,True
full_run_exploratory,220,off,True,1,kJr7eKpZcJO_W6V5XlLtBw,0.2998,0.6172,det,1.0954,1.0954,True
full_run_exploratory,220,partial-loco,True,1,kJr7eKpZcJO_W6V5XlLtBw,0.2998,0.6172,det,1.0411,1.0411,True
full_run_exploratory,221,off,True,1,kjNgQrRlUM8VkFMli6aIPQ,0.8867,0.5840,det,1.2030,1.2030,True
full_run_exploratory,221,partial-loco,True,1,kjNgQrRlUM8VkFMli6aIPQ,0.8867,0.5840,det,1.3331,1.3331,True
full_run_exploratory,222,off,True,1,kjNgQrRlUM8VkFMli6aIPQ,0.6279,0.5840,det,0.6549,0.6549,True
full_run_exploratory,222,partial-loco,True,1,kjNgQrRlUM8VkFMli6aIPQ,0.6279,0.5840,det,0.6224,0.6224,True
full_run_exploratory,223,off,True,1,kkDJcaa4ZmOKSqhbnM1MvQ,0.0586,0.5527,det,2.4104,2.4104,True
full_run_exploratory,223,partial-loco,True,1,kkDJcaa4ZmOKSqhbnM1MvQ,0.0586,0.5527,det,2.1952,2.1952,True
full_run_exploratory,224,off,True,1,kmEwK3ZUn80IJAPqjc4nnA,0.9092,0.5996,det,0.6950,0.6950,True
full_run_exploratory,224,partial-loco,True,1,kmEwK3ZUn80IJAPqjc4nnA,0.9092,0.5996,det,0.5806,0.5806,True
full_run_exploratory,225,off,True,1,kmEwK3ZUn80IJAPqjc4nnA,0.0977,0.5684,det,0.9556,0.9556,True
full_run_exploratory,225,partial-loco,True,1,kmEwK3ZUn80IJAPqjc4nnA,0.0977,0.5684,det,0.9859,0.9859,True
full_run_exploratory,226,off,True,1,lijNEguHL6T106ODEBcylQ,0.5967,0.6621,det,0.3720,0.3720,True
full_run_exploratory,226,partial-loco,True,1,lijNEguHL6T106ODEBcylQ,0.5967,0.6621,det,0.6952,0.6952,True
full_run_exploratory,227,off,True,1,m7R9z8VWIY94LLSiDgBdBQ,0.4482,0.5703,det,0.0000,0.0000,True
full_run_exploratory,227,partial-loco,True,1,m7R9z8VWIY94LLSiDgBdBQ,0.4482,0.5703,det,0.0000,0.0000,True
full_run_exploratory,228,off,False,1,m7R9z8VWIY94LLSiDgBdBQ,0.3467,0.5584,missed,8.0350,,False
full_run_exploratory,228,partial-loco,False,1,m7R9z8VWIY94LLSiDgBdBQ,0.3467,0.5584,missed,7.4145,,False
full_run_exploratory,229,off,True,1,mVwc04XB9DxuIb05ExnrdA,0.8320,0.5684,det,0.2408,0.2408,True
full_run_exploratory,229,partial-loco,True,1,mVwc04XB9DxuIb05ExnrdA,0.8320,0.5684,det,0.6566,0.6566,True
full_run_exploratory,230,off,True,1,mVwc04XB9DxuIb05ExnrdA,0.9258,0.5391,det,0.6262,0.6262,True
full_run_exploratory,230,partial-loco,True,1,mVwc04XB9DxuIb05ExnrdA,0.9258,0.5391,det,0.4287,0.4287,True
full_run_exploratory,231,off,False,1,mdQY8aMSdYrnHfHNXqj6GQ,0.4764,0.5322,missed,1.7013,1.7013,True
full_run_exploratory,231,partial-loco,False,1,mdQY8aMSdYrnHfHNXqj6GQ,0.4764,0.5322,missed,,,False
full_run_exploratory,232,off,True,1,nd-z43_liOX80bmhO15urg,0.1055,0.5391,det,0.2989,0.2989,True
full_run_exploratory,232,partial-loco,True,1,nd-z43_liOX80bmhO15urg,0.1055,0.5391,det,0.3814,0.3814,True
full_run_exploratory,233,off,True,1,nd-z43_liOX80bmhO15urg,0.9336,0.5527,det,1.5471,1.5471,True
full_run_exploratory,233,partial-loco,True,1,nd-z43_liOX80bmhO15urg,0.9336,0.5527,det,1.6515,1.6515,True
full_run_exploratory,234,off,False,1,nd-z43_liOX80bmhO15urg,0.9229,0.5365,missed,2.6360,,False
full_run_exploratory,234,partial-loco,False,1,nd-z43_liOX80bmhO15urg,0.9229,0.5365,missed,1.4874,1.4874,True
full_run_exploratory,235,off,True,1,oKUCusv3jdVCLmevp-P3zw,0.5508,0.5684,det,0.1181,0.1181,True
full_run_exploratory,235,partial-loco,True,1,oKUCusv3jdVCLmevp-P3zw,0.5508,0.5684,det,0.1213,0.1213,True
full_run_exploratory,236,off,False,1,oKUCusv3jdVCLmevp-P3zw,0.5606,0.5329,missed,5.9818,,False
full_run_exploratory,236,partial-loco,False,1,oKUCusv3jdVCLmevp-P3zw,0.5606,0.5329,missed,6.2265,,False
full_run_exploratory,237,off,True,1,pIcQQrFa8_XDG7-VSRhAfQ,0.5889,0.6152,det,0.0859,0.0859,True
full_run_exploratory,237,partial-loco,True,1,pIcQQrFa8_XDG7-VSRhAfQ,0.5889,0.6152,det,0.1172,0.1172,True
full_run_exploratory,238,off,True,1,pIcQQrFa8_XDG7-VSRhAfQ,0.4248,0.5859,det,0.2526,0.2526,True
full_run_exploratory,238,partial-loco,True,1,pIcQQrFa8_XDG7-VSRhAfQ,0.4248,0.5859,det,0.2771,0.2771,True
full_run_exploratory,239,off,False,1,pIcQQrFa8_XDG7-VSRhAfQ,0.3325,0.5491,missed,2.7679,,False
full_run_exploratory,239,partial-loco,False,1,pIcQQrFa8_XDG7-VSRhAfQ,0.3325,0.5491,missed,2.9964,,False
full_run_exploratory,240,off,True,1,qNYRurrxEhqZvO8GrwE9nA,0.0820,0.5527,det,0.5258,0.5258,True
full_run_exploratory,240,partial-loco,True,1,qNYRurrxEhqZvO8GrwE9nA,0.0820,0.5527,det,0.8258,0.8258,True
full_run_exploratory,241,off,False,1,qNYRurrxEhqZvO8GrwE9nA,0.0582,0.5354,missed,5.2905,,False
full_run_exploratory,241,partial-loco,False,1,qNYRurrxEhqZvO8GrwE9nA,0.0582,0.5354,missed,4.0221,,False
full_run_exploratory,242,off,True,1,rB_gP9faDRSuiKVDu8h23A,0.5430,0.5547,det,1.5592,1.5592,True
full_run_exploratory,242,partial-loco,True,1,rB_gP9faDRSuiKVDu8h23A,0.5430,0.5547,det,1.3083,1.3083,True
full_run_exploratory,243,off,True,1,rB_gP9faDRSuiKVDu8h23A,0.4248,0.5547,det,0.1609,0.1609,True
full_run_exploratory,243,partial-loco,True,1,rB_gP9faDRSuiKVDu8h23A,0.4248,0.5547,det,0.0499,0.0499,True
full_run_exploratory,244,off,True,1,rQtHh0Wai-D1FvbvqBlWdw,0.8311,0.6328,det,0.0337,0.0337,True
full_run_exploratory,244,partial-loco,True,1,rQtHh0Wai-D1FvbvqBlWdw,0.8311,0.6328,det,0.0945,0.0945,True
full_run_exploratory,245,off,False,1,rQtHh0Wai-D1FvbvqBlWdw,0.3188,0.6057,missed,0.7433,0.7433,True
full_run_exploratory,245,partial-loco,False,1,rQtHh0Wai-D1FvbvqBlWdw,0.3188,0.6057,missed,0.5843,0.5843,True
full_run_exploratory,246,off,False,1,rQtHh0Wai-D1FvbvqBlWdw,0.0121,0.5620,missed,1.4805,1.4805,True
full_run_exploratory,246,partial-loco,False,1,rQtHh0Wai-D1FvbvqBlWdw,0.0121,0.5620,missed,1.2835,1.2835,True
full_run_exploratory,247,off,True,1,rvwbAGgi-7mNlZHKSPC8WQ,0.5195,0.5391,det,0.4446,0.4446,True
full_run_exploratory,247,partial-loco,True,1,rvwbAGgi-7mNlZHKSPC8WQ,0.5195,0.5391,det,0.4334,0.4334,True
full_run_exploratory,248,off,True,1,rvwbAGgi-7mNlZHKSPC8WQ,0.4414,0.5391,det,0.1494,0.1494,True
full_run_exploratory,248,partial-loco,True,1,rvwbAGgi-7mNlZHKSPC8WQ,0.4414,0.5391,det,0.0969,0.0969,True
full_run_exploratory,249,off,True,1,rxF0qBiSbOEnMR9wwxpjEw,0.1133,0.5547,det,1.2651,1.2651,True
full_run_exploratory,249,partial-loco,True,1,rxF0qBiSbOEnMR9wwxpjEw,0.1133,0.5547,det,1.4262,1.4262,True
full_run_exploratory,250,off,True,1,rxF0qBiSbOEnMR9wwxpjEw,0.0420,0.5547,det,0.2036,0.2036,True
full_run_exploratory,250,partial-loco,True,1,rxF0qBiSbOEnMR9wwxpjEw,0.0420,0.5547,det,0.0966,0.0966,True
full_run_exploratory,251,off,True,1,rxF0qBiSbOEnMR9wwxpjEw,0.2061,0.5840,det,0.1189,0.1189,True
full_run_exploratory,251,partial-loco,True,1,rxF0qBiSbOEnMR9wwxpjEw,0.2061,0.5840,det,0.1161,0.1161,True
full_run_exploratory,252,off,True,1,rxF0qBiSbOEnMR9wwxpjEw,0.3076,0.6484,det,0.4349,0.4349,True
full_run_exploratory,252,partial-loco,True,1,rxF0qBiSbOEnMR9wwxpjEw,0.3076,0.6484,det,0.2795,0.2795,True
full_run_exploratory,253,off,True,1,rxF0qBiSbOEnMR9wwxpjEw,0.9570,0.5527,det,0.4168,0.4168,True
full_run_exploratory,253,partial-loco,True,1,rxF0qBiSbOEnMR9wwxpjEw,0.9570,0.5527,det,0.5145,0.5145,True
full_run_exploratory,254,off,True,1,rxF0qBiSbOEnMR9wwxpjEw,0.6836,0.7109,det,0.8050,0.8050,True
full_run_exploratory,254,partial-loco,True,1,rxF0qBiSbOEnMR9wwxpjEw,0.6836,0.7109,det,0.4314,0.4314,True
full_run_exploratory,255,off,True,1,s4e-NVzTyqcyZ6_5npv6Ow,0.4404,0.5547,det,0.6033,0.6033,True
full_run_exploratory,255,partial-loco,True,1,s4e-NVzTyqcyZ6_5npv6Ow,0.4404,0.5547,det,0.2708,0.2708,True
full_run_exploratory,256,off,True,1,s4e-NVzTyqcyZ6_5npv6Ow,0.3623,0.5703,det,0.9613,0.9613,True
full_run_exploratory,256,partial-loco,True,1,s4e-NVzTyqcyZ6_5npv6Ow,0.3623,0.5703,det,1.0981,1.0981,True
full_run_exploratory,257,off,True,1,sLysKXt4_iSuR_gUCdxe5g,0.3008,0.5527,det,2.5837,,True
full_run_exploratory,257,partial-loco,True,1,sLysKXt4_iSuR_gUCdxe5g,0.3008,0.5527,det,2.6334,,True
full_run_exploratory,258,off,True,1,sUMfdZmScVLBGMjvZ0MjCA,0.9648,0.5391,det,0.6944,0.6944,True
full_run_exploratory,258,partial-loco,True,1,sUMfdZmScVLBGMjvZ0MjCA,0.9648,0.5391,det,0.9334,0.9334,True
full_run_exploratory,259,off,False,1,sUMfdZmScVLBGMjvZ0MjCA,0.0327,0.5438,missed,3.1711,,False
full_run_exploratory,259,partial-loco,False,1,sUMfdZmScVLBGMjvZ0MjCA,0.0327,0.5438,missed,3.9458,,False
full_run_exploratory,260,off,True,1,tAnrbC_F_FXbg7kTiYywVA,0.7695,0.6016,det,0.0000,0.0000,True
full_run_exploratory,260,partial-loco,True,1,tAnrbC_F_FXbg7kTiYywVA,0.7695,0.6016,det,0.0000,0.0000,True
full_run_exploratory,261,off,True,1,tAnrbC_F_FXbg7kTiYywVA,0.5498,0.5547,det,0.6241,0.6241,True
full_run_exploratory,261,partial-loco,True,1,tAnrbC_F_FXbg7kTiYywVA,0.5498,0.5547,det,0.7710,0.7710,True
full_run_exploratory,262,off,True,1,tAnrbC_F_FXbg7kTiYywVA,0.6523,0.5996,det,1.5772,1.5772,True
full_run_exploratory,262,partial-loco,True,1,tAnrbC_F_FXbg7kTiYywVA,0.6523,0.5996,det,1.3390,1.3390,True
full_run_exploratory,263,off,True,1,tvNqBlxdm0rdkZgBOGVfog,0.1445,0.5547,det,0.7282,0.7282,True
full_run_exploratory,263,partial-loco,True,1,tvNqBlxdm0rdkZgBOGVfog,0.1445,0.5547,det,1.3014,1.3014,True
full_run_exploratory,264,off,True,1,tvNqBlxdm0rdkZgBOGVfog,0.0811,0.5391,det,3.4099,,True
full_run_exploratory,264,partial-loco,True,1,tvNqBlxdm0rdkZgBOGVfog,0.0811,0.5391,det,2.2254,2.2254,True
full_run_exploratory,265,off,True,1,ukV9s59lkyu-xEjUdK7CmQ,0.1436,0.6309,det,1.0272,1.0272,True
full_run_exploratory,265,partial-loco,True,1,ukV9s59lkyu-xEjUdK7CmQ,0.1436,0.6309,det,0.9447,0.9447,True
full_run_exploratory,266,off,True,1,ukV9s59lkyu-xEjUdK7CmQ,0.8623,0.6934,det,0.5357,0.5357,True
full_run_exploratory,266,partial-loco,True,1,ukV9s59lkyu-xEjUdK7CmQ,0.8623,0.6934,det,0.5784,0.5784,True
full_run_exploratory,267,off,False,1,ukV9s59lkyu-xEjUdK7CmQ,0.1606,0.5584,missed,0.6383,0.6383,True
full_run_exploratory,267,partial-loco,False,1,ukV9s59lkyu-xEjUdK7CmQ,0.1606,0.5584,missed,0.8208,0.8208,True
full_run_exploratory,268,off,False,1,ukV9s59lkyu-xEjUdK7CmQ,0.0927,0.5475,missed,2.9225,,False
full_run_exploratory,268,partial-loco,False,1,ukV9s59lkyu-xEjUdK7CmQ,0.0927,0.5475,missed,2.6917,,False
full_run_exploratory,269,off,False,1,ukV9s59lkyu-xEjUdK7CmQ,0.2124,0.5494,missed,2.6885,,False
full_run_exploratory,269,partial-loco,False,1,ukV9s59lkyu-xEjUdK7CmQ,0.2124,0.5494,missed,3.5077,,False
full_run_exploratory,270,off,True,1,vX7HB8heH18fb_VkIUAagA,0.8779,0.5684,det,0.3019,0.3019,True
full_run_exploratory,270,partial-loco,True,1,vX7HB8heH18fb_VkIUAagA,0.8779,0.5684,det,0.2889,0.2889,True
full_run_exploratory,271,off,True,1,vwNiakvhRASLUkJZwdRB4A,0.2998,0.5996,det,0.4885,0.4885,True
full_run_exploratory,271,partial-loco,True,1,vwNiakvhRASLUkJZwdRB4A,0.2998,0.5996,det,0.5024,0.5024,True
full_run_exploratory,272,off,True,1,vwNiakvhRASLUkJZwdRB4A,0.6758,0.6309,det,0.5075,0.5075,True
full_run_exploratory,272,partial-loco,True,1,vwNiakvhRASLUkJZwdRB4A,0.6758,0.6309,det,0.4352,0.4352,True
full_run_exploratory,273,off,True,1,woYJ5n0CfTGMuDWTBqcZAg,0.4570,0.5391,det,1.0531,1.0531,True
full_run_exploratory,273,partial-loco,True,1,woYJ5n0CfTGMuDWTBqcZAg,0.4570,0.5391,det,0.8607,0.8607,True
full_run_exploratory,274,off,True,1,woYJ5n0CfTGMuDWTBqcZAg,0.2773,0.5859,det,1.4622,1.4622,True
full_run_exploratory,274,partial-loco,True,1,woYJ5n0CfTGMuDWTBqcZAg,0.2773,0.5859,det,1.5055,1.5055,True
full_run_exploratory,275,off,True,1,woYJ5n0CfTGMuDWTBqcZAg,0.5811,0.5859,det,1.3398,1.3398,True
full_run_exploratory,275,partial-loco,True,1,woYJ5n0CfTGMuDWTBqcZAg,0.5811,0.5859,det,1.2448,1.2448,True
full_run_exploratory,276,off,True,1,xKoseQiPNzFwaWfw9Rl6hg,0.9482,0.5547,det,0.6295,0.6295,True
full_run_exploratory,276,partial-loco,True,1,xKoseQiPNzFwaWfw9Rl6hg,0.9482,0.5547,det,0.9628,0.9628,True
full_run_exploratory,277,off,False,1,xKoseQiPNzFwaWfw9Rl6hg,0.9184,0.5435,missed,0.8862,0.8862,True
full_run_exploratory,277,partial-loco,False,1,xKoseQiPNzFwaWfw9Rl6hg,0.9184,0.5435,missed,1.4103,1.4103,True
full_run_exploratory,278,off,True,1,xU7xT5kREy_Jnq_vYaXc8w,0.8398,0.5703,det,0.0000,0.0000,True
full_run_exploratory,278,partial-loco,True,1,xU7xT5kREy_Jnq_vYaXc8w,0.8398,0.5703,det,0.0000,0.0000,True
full_run_exploratory,279,off,True,1,xU7xT5kREy_Jnq_vYaXc8w,0.2617,0.6309,det,0.4865,0.4865,True
full_run_exploratory,279,partial-loco,True,1,xU7xT5kREy_Jnq_vYaXc8w,0.2617,0.6309,det,0.3488,0.3488,True
full_run_exploratory,280,off,True,1,xU7xT5kREy_Jnq_vYaXc8w,0.7383,0.5859,det,0.3147,0.3147,True
full_run_exploratory,280,partial-loco,True,1,xU7xT5kREy_Jnq_vYaXc8w,0.7383,0.5859,det,0.3840,0.3840,True
full_run_exploratory,281,off,True,1,xU7xT5kREy_Jnq_vYaXc8w,0.4023,0.5371,det,4.3391,,True
full_run_exploratory,281,partial-loco,True,1,xU7xT5kREy_Jnq_vYaXc8w,0.4023,0.5371,det,2.4169,2.4169,True
full_run_exploratory,282,off,True,1,xU7xT5kREy_Jnq_vYaXc8w,0.3232,0.5547,det,2.3104,2.3104,True
full_run_exploratory,282,partial-loco,True,1,xU7xT5kREy_Jnq_vYaXc8w,0.3232,0.5547,det,1.6562,1.6562,True
full_run_exploratory,283,off,True,1,xU7xT5kREy_Jnq_vYaXc8w,0.7295,0.7422,det,0.2697,0.2697,True
full_run_exploratory,283,partial-loco,True,1,xU7xT5kREy_Jnq_vYaXc8w,0.7295,0.7422,det,0.2535,0.2535,True
full_run_exploratory,284,off,True,1,yDV1n1O4f0QHWG869hAzbQ,0.0732,0.5391,det,2.0859,2.0859,True
full_run_exploratory,284,partial-loco,True,1,yDV1n1O4f0QHWG869hAzbQ,0.0732,0.5391,det,2.0920,2.0920,True
full_run_exploratory,285,off,True,1,yDV1n1O4f0QHWG869hAzbQ,0.9482,0.5391,det,0.9232,0.9232,True
full_run_exploratory,285,partial-loco,True,1,yDV1n1O4f0QHWG869hAzbQ,0.9482,0.5391,det,0.9179,0.9179,True
full_run_exploratory,286,off,True,1,yJmMJeV6PD3UZlAmm4cmWg,0.3467,0.5527,det,1.7826,1.7826,True
full_run_exploratory,286,partial-loco,True,1,yJmMJeV6PD3UZlAmm4cmWg,0.3467,0.5527,det,1.5938,1.5938,True
full_run_exploratory,287,off,True,1,yJmMJeV6PD3UZlAmm4cmWg,0.1592,0.6309,det,0.8543,0.8543,True
full_run_exploratory,287,partial-loco,True,1,yJmMJeV6PD3UZlAmm4cmWg,0.1592,0.6309,det,0.7194,0.7194,True
full_run_exploratory,288,off,True,1,yJmMJeV6PD3UZlAmm4cmWg,0.2451,0.5840,det,1.2469,1.2469,True
full_run_exploratory,288,partial-loco,True,1,yJmMJeV6PD3UZlAmm4cmWg,0.2451,0.5840,det,1.1946,1.1946,True
full_run_exploratory,289,off,True,1,yJmMJeV6PD3UZlAmm4cmWg,0.3945,0.5391,det,1.8256,1.8256,True
full_run_exploratory,289,partial-loco,True,1,yJmMJeV6PD3UZlAmm4cmWg,0.3945,0.5391,det,2.4512,2.4512,True
full_run_exploratory,290,off,True,1,yJmMJeV6PD3UZlAmm4cmWg,0.8154,0.7559,det,0.1254,0.1254,True
full_run_exploratory,290,partial-loco,True,1,yJmMJeV6PD3UZlAmm4cmWg,0.8154,0.7559,det,0.1139,0.1139,True
full_run_exploratory,291,off,True,1,yJmMJeV6PD3UZlAmm4cmWg,0.6367,0.6172,det,0.1431,0.1431,True
full_run_exploratory,291,partial-loco,True,1,yJmMJeV6PD3UZlAmm4cmWg,0.6367,0.6172,det,0.2489,0.2489,True
full_run_exploratory,292,off,True,1,yPUv9rk8acshJKXa9_jMag,0.0576,0.5371,det,1.1064,1.1064,True
full_run_exploratory,292,partial-loco,True,1,yPUv9rk8acshJKXa9_jMag,0.0576,0.5371,det,2.2386,2.2386,True
full_run_exploratory,293,off,True,1,yPUv9rk8acshJKXa9_jMag,0.1602,0.5703,det,1.5931,1.5931,True
full_run_exploratory,293,partial-loco,True,1,yPUv9rk8acshJKXa9_jMag,0.1602,0.5703,det,1.6018,1.6018,True
full_run_exploratory,294,off,True,1,yuwkp3XCUwSbB8q7Og99GQ,0.8857,0.5996,det,0.3698,0.3698,True
full_run_exploratory,294,partial-loco,True,1,yuwkp3XCUwSbB8q7Og99GQ,0.8857,0.5996,det,0.3730,0.3730,True
full_run_exploratory,295,off,True,1,yuwkp3XCUwSbB8q7Og99GQ,0.1123,0.5684,det,0.0882,0.0882,True
full_run_exploratory,295,partial-loco,True,1,yuwkp3XCUwSbB8q7Og99GQ,0.1123,0.5684,det,0.0423,0.0423,True
full_run_exploratory,296,off,True,1,zcVgeJb6FkDw1z__YhM1tg,0.8936,0.5547,det,2.5363,,True
full_run_exploratory,296,partial-loco,True,1,zcVgeJb6FkDw1z__YhM1tg,0.8936,0.5547,det,1.9298,1.9298,True
full_run_exploratory,297,off,True,1,zcVgeJb6FkDw1z__YhM1tg,0.3936,0.5391,det,0.6038,0.6038,True
full_run_exploratory,297,partial-loco,True,1,zcVgeJb6FkDw1z__YhM1tg,0.3936,0.5391,det,0.5537,0.5537,True
