dtype,seed,eps,gap_actual,col,row,residue,on_grid
float32,0,-1.0e-06,-9.990e-07,468,260,"4,4",True
float64,0,-1.0e-06,-9.990e-07,468,260,"4,4",True
float32,0,-9.8e-07,-9.809e-07,468,260,"4,4",True
float64,0,-9.8e-07,-9.809e-07,468,260,"4,4",True
float32,0,-9.6e-07,-9.635e-07,468,260,"4,4",True
float64,0,-9.6e-07,-9.635e-07,468,260,"4,4",True
float32,0,-9.4e-07,-9.455e-07,468,260,"4,4",True
float64,0,-9.4e-07,-9.455e-07,468,260,"4,4",True
float32,0,-9.2e-07,-9.268e-07,468,260,"4,4",True
float64,0,-9.2e-07,-9.268e-07,468,260,"4,4",True
float32,0,-9.0e-07,-9.090e-07,468,260,"4,4",True
float64,0,-9.0e-07,-9.090e-07,468,260,"4,4",True
float32,0,-8.8e-07,-8.843e-07,468,260,"4,4",True
float64,0,-8.8e-07,-8.843e-07,468,260,"4,4",True
float32,0,-8.6e-07,-8.596e-07,468,260,"4,4",True
float64,0,-8.6e-07,-8.596e-07,468,260,"4,4",True
float32,0,-8.4e-07,-8.374e-07,468,260,"4,4",True
float64,0,-8.4e-07,-8.374e-07,468,260,"4,4",True
float32,0,-8.2e-07,-8.137e-07,468,260,"4,4",True
float64,0,-8.2e-07,-8.137e-07,468,260,"4,4",True
float32,0,-8.0e-07,-7.974e-07,468,260,"4,4",True
float64,0,-8.0e-07,-7.974e-07,468,260,"4,4",True
float32,0,-7.8e-07,-7.798e-07,468,260,"4,4",True
float64,0,-7.8e-07,-7.798e-07,468,260,"4,4",True
float32,0,-7.6e-07,-7.612e-07,468,260,"4,4",True
float64,0,-7.6e-07,-7.612e-07,468,260,"4,4",True
float32,0,-7.4e-07,-7.374e-07,468,260,"4,4",True
float64,0,-7.4e-07,-7.374e-07,468,260,"4,4",True
float32,0,-7.2e-07,-7.166e-07,468,260,"4,4",True
float64,0,-7.2e-07,-7.166e-07,468,260,"4,4",True
float32,0,-7.0e-07,-6.971e-07,468,260,"4,4",True
float64,0,-7.0e-07,-6.971e-07,468,260,"4,4",True
float32,0,-6.8e-07,-6.791e-07,468,260,"4,4",True
float64,0,-6.8e-07,-6.791e-07,468,260,"4,4",True
float32,0,-6.6e-07,-6.571e-07,468,260,"4,4",True
float64,0,-6.6e-07,-6.571e-07,468,260,"4,4",True
float32,0,-6.4e-07,-6.380e-07,468,260,"4,4",True
float64,0,-6.4e-07,-6.380e-07,468,260,"4,4",True
float32,0,-6.2e-07,-6.180e-07,468,260,"4,4",True
float64,0,-6.2e-07,-6.180e-07,468,260,"4,4",True
float32,0,-6.0e-07,-5.980e-07,468,260,"4,4",True
float64,0,-6.0e-07,-5.980e-07,468,260,"4,4",True
float32,0,-5.8e-07,-5.803e-07,468,260,"4,4",True
float64,0,-5.8e-07,-5.803e-07,468,260,"4,4",True
float32,0,-5.6e-07,-5.583e-07,468,260,"4,4",True
float64,0,-5.6e-07,-5.583e-07,468,260,"4,4",True
float32,0,-5.4e-07,-5.376e-07,468,260,"4,4",True
float64,0,-5.4e-07,-5.376e-07,468,260,"4,4",True
float32,0,-5.2e-07,-5.195e-07,468,260,"4,4",True
float64,0,-5.2e-07,-5.195e-07,468,260,"4,4",True
float32,0,-5.0e-07,-4.994e-07,468,260,"4,4",True
float64,0,-5.0e-07,-4.994e-07,468,260,"4,4",True
float32,0,-4.8e-07,-4.834e-07,468,260,"4,4",True
float64,0,-4.8e-07,-4.834e-07,468,260,"4,4",True
float32,0,-4.6e-07,-4.655e-07,468,260,"4,4",True
float64,0,-4.6e-07,-4.655e-07,468,260,"4,4",True
float32,0,-4.4e-07,-4.412e-07,468,260,"4,4",True
float64,0,-4.4e-07,-4.412e-07,468,260,"4,4",True
float32,0,-4.2e-07,-4.185e-07,468,260,"4,4",True
float64,0,-4.2e-07,-4.185e-07,468,260,"4,4",True
float32,0,-4.0e-07,-3.957e-07,468,260,"4,4",True
float64,0,-4.0e-07,-3.957e-07,468,260,"4,4",True
float32,0,-3.8e-07,-3.773e-07,468,260,"4,4",True
float64,0,-3.8e-07,-3.773e-07,468,260,"4,4",True
float32,0,-3.6e-07,-3.593e-07,468,260,"4,4",True
float64,0,-3.6e-07,-3.593e-07,468,260,"4,4",True
float32,0,-3.4e-07,-3.427e-07,468,260,"4,4",True
float64,0,-3.4e-07,-3.427e-07,468,260,"4,4",True
float32,0,-3.2e-07,-3.236e-07,468,260,"4,4",True
float64,0,-3.2e-07,-3.236e-07,468,260,"4,4",True
float32,0,-3.0e-07,-3.048e-07,468,260,"4,4",True
float64,0,-3.0e-07,-3.048e-07,468,260,"4,4",True
float32,0,-2.8e-07,-2.878e-07,468,260,"4,4",True
float64,0,-2.8e-07,-2.878e-07,468,260,"4,4",True
float32,0,-2.6e-07,-2.621e-07,468,260,"4,4",True
float64,0,-2.6e-07,-2.621e-07,468,260,"4,4",True
float32,0,-2.4e-07,-2.422e-07,468,260,"4,4",True
float64,0,-2.4e-07,-2.422e-07,468,260,"4,4",True
float32,0,-2.2e-07,-2.182e-07,468,260,"4,4",True
float64,0,-2.2e-07,-2.182e-07,468,260,"4,4",True
float32,0,-2.0e-07,-1.963e-07,468,260,"4,4",True
float64,0,-2.0e-07,-1.963e-07,468,260,"4,4",True
float32,0,-1.8e-07,-1.760e-07,468,260,"4,4",True
float64,0,-1.8e-07,-1.760e-07,468,260,"4,4",True
float32,0,-1.6e-07,-1.600e-07,468,260,"4,4",True
float64,0,-1.6e-07,-1.600e-07,468,260,"4,4",True
float32,0,-1.4e-07,-1.393e-07,468,260,"4,4",True
float64,0,-1.4e-07,-1.393e-07,468,260,"4,4",True
float32,0,-1.2e-07,-1.170e-07,468,260,"4,4",True
float64,0,-1.2e-07,-1.170e-07,468,260,"4,4",True
float32,0,-1.0e-07,-9.794e-08,468,260,"4,4",True
float64,0,-1.0e-07,-9.794e-08,468,260,"4,4",True
float32,0,-8.0e-08,-7.955e-08,468,260,"4,4",True
float64,0,-8.0e-08,-7.955e-08,468,260,"4,4",True
float32,0,-6.0e-08,-5.997e-08,468,260,"4,4",True
float64,0,-6.0e-08,-5.997e-08,468,260,"4,4",True
float32,0,-4.0e-08,-4.368e-08,474,260,"2,4",False
float64,0,-4.0e-08,-4.368e-08,468,260,"4,4",True
float32,0,-2.0e-08,-2.322e-08,474,260,"2,4",False
float64,0,-2.0e-08,-2.322e-08,468,260,"4,4",True
float32,0,0.0e+00,-2.193e-09,471,260,"7,4",False
float64,0,0.0e+00,-2.193e-09,468,260,"4,4",True
float32,0,2.0e-08,1.693e-08,471,260,"7,4",False
float64,0,2.0e-08,1.693e-08,475,260,"3,4",True
float32,0,4.0e-08,4.315e-08,474,260,"2,4",False
float64,0,4.0e-08,4.315e-08,475,260,"3,4",True
float32,0,6.0e-08,6.030e-08,474,260,"2,4",False
float64,0,6.0e-08,6.030e-08,475,260,"3,4",True
float32,0,8.0e-08,7.809e-08,474,260,"2,4",False
float64,0,8.0e-08,7.809e-08,475,260,"3,4",True
float32,0,1.0e-07,9.765e-08,472,260,"0,4",False
float64,0,1.0e-07,9.765e-08,475,260,"3,4",True
float32,0,1.2e-07,1.189e-07,475,260,"3,4",True
float64,0,1.2e-07,1.189e-07,475,260,"3,4",True
float32,0,1.4e-07,1.358e-07,472,260,"0,4",False
float64,0,1.4e-07,1.358e-07,475,260,"3,4",True
float32,0,1.6e-07,1.604e-07,472,260,"0,4",False
float64,0,1.6e-07,1.604e-07,475,260,"3,4",True
float32,0,1.8e-07,1.834e-07,472,260,"0,4",False
float64,0,1.8e-07,1.834e-07,475,260,"3,4",True
float32,0,2.0e-07,2.021e-07,472,260,"0,4",False
float64,0,2.0e-07,2.021e-07,475,260,"3,4",True
float32,0,2.2e-07,2.235e-07,475,260,"3,4",True
float64,0,2.2e-07,2.235e-07,475,260,"3,4",True
float32,0,2.4e-07,2.420e-07,475,260,"3,4",True
float64,0,2.4e-07,2.420e-07,475,260,"3,4",True
float32,0,2.6e-07,2.637e-07,475,260,"3,4",True
float64,0,2.6e-07,2.637e-07,475,260,"3,4",True
float32,0,2.8e-07,2.834e-07,475,260,"3,4",True
float64,0,2.8e-07,2.834e-07,475,260,"3,4",True
float32,0,3.0e-07,2.995e-07,475,260,"3,4",True
float64,0,3.0e-07,2.995e-07,475,260,"3,4",True
float32,0,3.2e-07,3.195e-07,475,260,"3,4",True
float64,0,3.2e-07,3.195e-07,475,260,"3,4",True
float32,0,3.4e-07,3.426e-07,474,260,"2,4",False
float64,0,3.4e-07,3.426e-07,475,260,"3,4",True
float32,0,3.6e-07,3.611e-07,474,260,"2,4",False
float64,0,3.6e-07,3.611e-07,475,260,"3,4",True
float32,0,3.8e-07,3.779e-07,475,260,"3,4",True
float64,0,3.8e-07,3.779e-07,475,260,"3,4",True
float32,0,4.0e-07,3.987e-07,474,260,"2,4",False
float64,0,4.0e-07,3.987e-07,475,260,"3,4",True
float32,0,4.2e-07,4.194e-07,474,260,"2,4",False
float64,0,4.2e-07,4.194e-07,475,260,"3,4",True
float32,0,4.4e-07,4.402e-07,474,260,"2,4",False
float64,0,4.4e-07,4.402e-07,475,260,"3,4",True
float32,0,4.6e-07,4.643e-07,474,260,"2,4",False
float64,0,4.6e-07,4.643e-07,475,260,"3,4",True
float32,0,4.8e-07,4.842e-07,474,260,"2,4",False
float64,0,4.8e-07,4.842e-07,475,260,"3,4",True
float32,0,5.0e-07,5.043e-07,474,260,"2,4",False
float64,0,5.0e-07,5.043e-07,475,260,"3,4",True
float32,0,5.2e-07,5.229e-07,474,260,"2,4",False
float64,0,5.2e-07,5.229e-07,475,260,"3,4",True
float32,0,5.4e-07,5.419e-07,475,260,"3,4",True
float64,0,5.4e-07,5.419e-07,475,260,"3,4",True
float32,0,5.6e-07,5.646e-07,475,260,"3,4",True
float64,0,5.6e-07,5.646e-07,475,260,"3,4",True
float32,0,5.8e-07,5.836e-07,475,260,"3,4",True
float64,0,5.8e-07,5.836e-07,475,260,"3,4",True
float32,0,6.0e-07,6.001e-07,475,260,"3,4",True
float64,0,6.0e-07,6.001e-07,475,260,"3,4",True
float32,0,6.2e-07,6.186e-07,475,260,"3,4",True
float64,0,6.2e-07,6.186e-07,475,260,"3,4",True
float32,0,6.4e-07,6.406e-07,474,260,"2,4",False
float64,0,6.4e-07,6.406e-07,475,260,"3,4",True
float32,0,6.6e-07,6.590e-07,475,260,"3,4",True
float64,0,6.6e-07,6.590e-07,475,260,"3,4",True
float32,0,6.8e-07,6.788e-07,475,260,"3,4",True
float64,0,6.8e-07,6.788e-07,475,260,"3,4",True
float32,0,7.0e-07,6.964e-07,475,260,"3,4",True
float64,0,7.0e-07,6.964e-07,475,260,"3,4",True
float32,0,7.2e-07,7.148e-07,475,260,"3,4",True
float64,0,7.2e-07,7.148e-07,475,260,"3,4",True
float32,0,7.4e-07,7.336e-07,475,260,"3,4",True
float64,0,7.4e-07,7.336e-07,475,260,"3,4",True
float32,0,7.6e-07,7.541e-07,475,260,"3,4",True
float64,0,7.6e-07,7.541e-07,475,260,"3,4",True
float32,0,7.8e-07,7.736e-07,475,260,"3,4",True
float64,0,7.8e-07,7.736e-07,475,260,"3,4",True
float32,0,8.0e-07,7.964e-07,475,260,"3,4",True
float64,0,8.0e-07,7.964e-07,475,260,"3,4",True
float32,0,8.2e-07,8.179e-07,475,260,"3,4",True
float64,0,8.2e-07,8.179e-07,475,260,"3,4",True
float32,0,8.4e-07,8.359e-07,475,260,"3,4",True
float64,0,8.4e-07,8.359e-07,475,260,"3,4",True
float32,0,8.6e-07,8.561e-07,475,260,"3,4",True
float64,0,8.6e-07,8.561e-07,475,260,"3,4",True
float32,0,8.8e-07,8.754e-07,475,260,"3,4",True
float64,0,8.8e-07,8.754e-07,475,260,"3,4",True
float32,0,9.0e-07,9.013e-07,475,260,"3,4",True
float64,0,9.0e-07,9.013e-07,475,260,"3,4",True
float32,0,9.2e-07,9.189e-07,475,260,"3,4",True
float64,0,9.2e-07,9.189e-07,475,260,"3,4",True
float32,0,9.4e-07,9.396e-07,475,260,"3,4",True
float64,0,9.4e-07,9.396e-07,475,260,"3,4",True
float32,0,9.6e-07,9.645e-07,475,260,"3,4",True
float64,0,9.6e-07,9.645e-07,475,260,"3,4",True
float32,0,9.8e-07,9.832e-07,475,260,"3,4",True
float64,0,9.8e-07,9.832e-07,475,260,"3,4",True
float32,0,1.0e-06,1.003e-06,475,260,"3,4",True
float64,0,1.0e-06,1.003e-06,475,260,"3,4",True
float32,1,-1.0e-06,-9.930e-07,468,260,"4,4",True
float64,1,-1.0e-06,-9.930e-07,468,260,"4,4",True
float32,1,-9.8e-07,-9.753e-07,468,260,"4,4",True
float64,1,-9.8e-07,-9.753e-07,468,260,"4,4",True
float32,1,-9.6e-07,-9.584e-07,468,260,"4,4",True
float64,1,-9.6e-07,-9.584e-07,468,260,"4,4",True
float32,1,-9.4e-07,-9.392e-07,468,260,"4,4",True
float64,1,-9.4e-07,-9.392e-07,468,260,"4,4",True
float32,1,-9.2e-07,-9.218e-07,468,260,"4,4",True
float64,1,-9.2e-07,-9.218e-07,468,260,"4,4",True
float32,1,-9.0e-07,-9.007e-07,468,260,"4,4",True
float64,1,-9.0e-07,-9.007e-07,468,260,"4,4",True
float32,1,-8.8e-07,-8.797e-07,468,260,"4,4",True
float64,1,-8.8e-07,-8.797e-07,468,260,"4,4",True
float32,1,-8.6e-07,-8.622e-07,468,260,"4,4",True
float64,1,-8.6e-07,-8.622e-07,468,260,"4,4",True
float32,1,-8.4e-07,-8.418e-07,468,260,"4,4",True
float64,1,-8.4e-07,-8.418e-07,468,260,"4,4",True
float32,1,-8.2e-07,-8.221e-07,468,260,"4,4",True
float64,1,-8.2e-07,-8.221e-07,468,260,"4,4",True
float32,1,-8.0e-07,-8.052e-07,468,260,"4,4",True
float64,1,-8.0e-07,-8.052e-07,468,260,"4,4",True
float32,1,-7.8e-07,-7.852e-07,468,260,"4,4",True
float64,1,-7.8e-07,-7.852e-07,468,260,"4,4",True
float32,1,-7.6e-07,-7.605e-07,468,260,"4,4",True
float64,1,-7.6e-07,-7.605e-07,468,260,"4,4",True
float32,1,-7.4e-07,-7.409e-07,468,260,"4,4",True
float64,1,-7.4e-07,-7.409e-07,468,260,"4,4",True
float32,1,-7.2e-07,-7.214e-07,468,260,"4,4",True
float64,1,-7.2e-07,-7.214e-07,468,260,"4,4",True
float32,1,-7.0e-07,-7.004e-07,468,260,"4,4",True
float64,1,-7.0e-07,-7.004e-07,468,260,"4,4",True
float32,1,-6.8e-07,-6.805e-07,468,260,"4,4",True
float64,1,-6.8e-07,-6.805e-07,468,260,"4,4",True
float32,1,-6.6e-07,-6.621e-07,468,260,"4,4",True
float64,1,-6.6e-07,-6.621e-07,468,260,"4,4",True
float32,1,-6.4e-07,-6.456e-07,468,260,"4,4",True
float64,1,-6.4e-07,-6.456e-07,468,260,"4,4",True
float32,1,-6.2e-07,-6.288e-07,468,260,"4,4",True
float64,1,-6.2e-07,-6.288e-07,468,260,"4,4",True
float32,1,-6.0e-07,-6.061e-07,468,260,"4,4",True
float64,1,-6.0e-07,-6.061e-07,468,260,"4,4",True
float32,1,-5.8e-07,-5.823e-07,468,260,"4,4",True
float64,1,-5.8e-07,-5.823e-07,468,260,"4,4",True
float32,1,-5.6e-07,-5.564e-07,468,260,"4,4",True
float64,1,-5.6e-07,-5.564e-07,468,260,"4,4",True
float32,1,-5.4e-07,-5.382e-07,468,260,"4,4",True
float64,1,-5.4e-07,-5.382e-07,468,260,"4,4",True
float32,1,-5.2e-07,-5.140e-07,468,260,"4,4",True
float64,1,-5.2e-07,-5.140e-07,468,260,"4,4",True
float32,1,-5.0e-07,-4.973e-07,468,260,"4,4",True
float64,1,-5.0e-07,-4.973e-07,468,260,"4,4",True
float32,1,-4.8e-07,-4.800e-07,468,260,"4,4",True
float64,1,-4.8e-07,-4.800e-07,468,260,"4,4",True
float32,1,-4.6e-07,-4.603e-07,468,260,"4,4",True
float64,1,-4.6e-07,-4.603e-07,468,260,"4,4",True
float32,1,-4.4e-07,-4.398e-07,468,260,"4,4",True
float64,1,-4.4e-07,-4.398e-07,468,260,"4,4",True
float32,1,-4.2e-07,-4.197e-07,468,260,"4,4",True
float64,1,-4.2e-07,-4.197e-07,468,260,"4,4",True
float32,1,-4.0e-07,-3.985e-07,468,260,"4,4",True
float64,1,-4.0e-07,-3.985e-07,468,260,"4,4",True
float32,1,-3.8e-07,-3.782e-07,468,260,"4,4",True
float64,1,-3.8e-07,-3.782e-07,468,260,"4,4",True
float32,1,-3.6e-07,-3.576e-07,468,260,"4,4",True
float64,1,-3.6e-07,-3.576e-07,468,260,"4,4",True
float32,1,-3.4e-07,-3.395e-07,468,260,"4,4",True
float64,1,-3.4e-07,-3.395e-07,468,260,"4,4",True
float32,1,-3.2e-07,-3.202e-07,468,260,"4,4",True
float64,1,-3.2e-07,-3.202e-07,468,260,"4,4",True
float32,1,-3.0e-07,-2.983e-07,468,260,"4,4",True
float64,1,-3.0e-07,-2.983e-07,468,260,"4,4",True
float32,1,-2.8e-07,-2.789e-07,468,260,"4,4",True
float64,1,-2.8e-07,-2.789e-07,468,260,"4,4",True
float32,1,-2.6e-07,-2.576e-07,468,260,"4,4",True
float64,1,-2.6e-07,-2.576e-07,468,260,"4,4",True
float32,1,-2.4e-07,-2.393e-07,468,260,"4,4",True
float64,1,-2.4e-07,-2.393e-07,468,260,"4,4",True
float32,1,-2.2e-07,-2.182e-07,468,260,"4,4",True
float64,1,-2.2e-07,-2.182e-07,468,260,"4,4",True
float32,1,-2.0e-07,-2.007e-07,468,260,"4,4",True
float64,1,-2.0e-07,-2.007e-07,468,260,"4,4",True
float32,1,-1.8e-07,-1.819e-07,468,260,"4,4",True
float64,1,-1.8e-07,-1.819e-07,468,260,"4,4",True
float32,1,-1.6e-07,-1.585e-07,468,260,"4,4",True
float64,1,-1.6e-07,-1.585e-07,468,260,"4,4",True
float32,1,-1.4e-07,-1.386e-07,468,260,"4,4",True
float64,1,-1.4e-07,-1.386e-07,468,260,"4,4",True
float32,1,-1.2e-07,-1.180e-07,468,260,"4,4",True
float64,1,-1.2e-07,-1.180e-07,468,260,"4,4",True
float32,1,-1.0e-07,-1.000e-07,468,260,"4,4",True
float64,1,-1.0e-07,-1.000e-07,468,260,"4,4",True
float32,1,-8.0e-08,-8.200e-08,468,260,"4,4",True
float64,1,-8.0e-08,-8.200e-08,468,260,"4,4",True
float32,1,-6.0e-08,-6.366e-08,471,260,"7,4",False
float64,1,-6.0e-08,-6.366e-08,468,260,"4,4",True
float32,1,-4.0e-08,-3.975e-08,471,260,"7,4",False
float64,1,-4.0e-08,-3.975e-08,468,260,"4,4",True
float32,1,-2.0e-08,-2.064e-08,469,260,"5,4",False
float64,1,-2.0e-08,-2.064e-08,468,260,"4,4",True
float32,1,0.0e+00,-1.790e-09,469,260,"5,4",False
float64,1,0.0e+00,-1.790e-09,468,260,"4,4",True
float32,1,2.0e-08,1.619e-08,469,260,"5,4",False
float64,1,2.0e-08,1.619e-08,475,260,"3,4",True
float32,1,4.0e-08,3.998e-08,469,260,"5,4",False
float64,1,4.0e-08,3.998e-08,475,260,"3,4",True
float32,1,6.0e-08,5.821e-08,469,260,"5,4",False
float64,1,6.0e-08,5.821e-08,475,260,"3,4",True
float32,1,8.0e-08,8.416e-08,475,260,"3,4",True
float64,1,8.0e-08,8.416e-08,475,260,"3,4",True
float32,1,1.0e-07,1.025e-07,475,260,"3,4",True
float64,1,1.0e-07,1.025e-07,475,260,"3,4",True
float32,1,1.2e-07,1.227e-07,473,260,"1,4",False
float64,1,1.2e-07,1.227e-07,475,260,"3,4",True
float32,1,1.4e-07,1.452e-07,473,260,"1,4",False
float64,1,1.4e-07,1.452e-07,475,260,"3,4",True
float32,1,1.6e-07,1.655e-07,475,260,"3,4",True
float64,1,1.6e-07,1.655e-07,475,260,"3,4",True
float32,1,1.8e-07,1.826e-07,475,260,"3,4",True
float64,1,1.8e-07,1.826e-07,475,260,"3,4",True
float32,1,2.0e-07,2.025e-07,475,260,"3,4",True
float64,1,2.0e-07,2.025e-07,475,260,"3,4",True
float32,1,2.2e-07,2.195e-07,474,260,"2,4",False
float64,1,2.2e-07,2.195e-07,475,260,"3,4",True
float32,1,2.4e-07,2.380e-07,475,260,"3,4",True
float64,1,2.4e-07,2.380e-07,475,260,"3,4",True
float32,1,2.6e-07,2.579e-07,475,260,"3,4",True
float64,1,2.6e-07,2.579e-07,475,260,"3,4",True
float32,1,2.8e-07,2.783e-07,475,260,"3,4",True
float64,1,2.8e-07,2.783e-07,475,260,"3,4",True
float32,1,3.0e-07,3.025e-07,474,260,"2,4",False
float64,1,3.0e-07,3.025e-07,475,260,"3,4",True
float32,1,3.2e-07,3.247e-07,474,260,"2,4",False
float64,1,3.2e-07,3.247e-07,475,260,"3,4",True
float32,1,3.4e-07,3.409e-07,474,260,"2,4",False
float64,1,3.4e-07,3.409e-07,475,260,"3,4",True
float32,1,3.6e-07,3.620e-07,474,260,"2,4",False
float64,1,3.6e-07,3.620e-07,475,260,"3,4",True
float32,1,3.8e-07,3.797e-07,474,260,"2,4",False
float64,1,3.8e-07,3.797e-07,475,260,"3,4",True
float32,1,4.0e-07,3.975e-07,474,260,"2,4",False
float64,1,4.0e-07,3.975e-07,475,260,"3,4",True
float32,1,4.2e-07,4.165e-07,474,260,"2,4",False
float64,1,4.2e-07,4.165e-07,475,260,"3,4",True
float32,1,4.4e-07,4.347e-07,474,260,"2,4",False
float64,1,4.4e-07,4.347e-07,475,260,"3,4",True
float32,1,4.6e-07,4.584e-07,474,260,"2,4",False
float64,1,4.6e-07,4.584e-07,475,260,"3,4",True
float32,1,4.8e-07,4.786e-07,474,260,"2,4",False
float64,1,4.8e-07,4.786e-07,475,260,"3,4",True
float32,1,5.0e-07,4.976e-07,475,260,"3,4",True
float64,1,5.0e-07,4.976e-07,475,260,"3,4",True
float32,1,5.2e-07,5.195e-07,475,260,"3,4",True
float64,1,5.2e-07,5.195e-07,475,260,"3,4",True
float32,1,5.4e-07,5.364e-07,475,260,"3,4",True
float64,1,5.4e-07,5.364e-07,475,260,"3,4",True
float32,1,5.6e-07,5.585e-07,475,260,"3,4",True
float64,1,5.6e-07,5.585e-07,475,260,"3,4",True
float32,1,5.8e-07,5.773e-07,475,260,"3,4",True
float64,1,5.8e-07,5.773e-07,475,260,"3,4",True
float32,1,6.0e-07,5.968e-07,475,260,"3,4",True
float64,1,6.0e-07,5.968e-07,475,260,"3,4",True
float32,1,6.2e-07,6.154e-07,475,260,"3,4",True
float64,1,6.2e-07,6.154e-07,475,260,"3,4",True
float32,1,6.4e-07,6.366e-07,475,260,"3,4",True
float64,1,6.4e-07,6.366e-07,475,260,"3,4",True
float32,1,6.6e-07,6.557e-07,475,260,"3,4",True
float64,1,6.6e-07,6.557e-07,475,260,"3,4",True
float32,1,6.8e-07,6.838e-07,475,260,"3,4",True
float64,1,6.8e-07,6.838e-07,475,260,"3,4",True
float32,1,7.0e-07,7.032e-07,475,260,"3,4",True
float64,1,7.0e-07,7.032e-07,475,260,"3,4",True
float32,1,7.2e-07,7.242e-07,475,260,"3,4",True
float64,1,7.2e-07,7.242e-07,475,260,"3,4",True
float32,1,7.4e-07,7.457e-07,475,260,"3,4",True
float64,1,7.4e-07,7.457e-07,475,260,"3,4",True
float32,1,7.6e-07,7.648e-07,475,260,"3,4",True
float64,1,7.6e-07,7.648e-07,475,260,"3,4",True
float32,1,7.8e-07,7.826e-07,475,260,"3,4",True
float64,1,7.8e-07,7.826e-07,475,260,"3,4",True
float32,1,8.0e-07,7.997e-07,475,260,"3,4",True
float64,1,8.0e-07,7.997e-07,475,260,"3,4",True
float32,1,8.2e-07,8.199e-07,475,260,"3,4",True
float64,1,8.2e-07,8.199e-07,475,260,"3,4",True
float32,1,8.4e-07,8.407e-07,474,260,"2,4",False
float64,1,8.4e-07,8.407e-07,475,260,"3,4",True
float32,1,8.6e-07,8.634e-07,475,260,"3,4",True
float64,1,8.6e-07,8.634e-07,475,260,"3,4",True
float32,1,8.8e-07,8.833e-07,475,260,"3,4",True
float64,1,8.8e-07,8.833e-07,475,260,"3,4",True
float32,1,9.0e-07,9.005e-07,475,260,"3,4",True
float64,1,9.0e-07,9.005e-07,475,260,"3,4",True
float32,1,9.2e-07,9.181e-07,475,260,"3,4",True
float64,1,9.2e-07,9.181e-07,475,260,"3,4",True
float32,1,9.4e-07,9.356e-07,475,260,"3,4",True
float64,1,9.4e-07,9.356e-07,475,260,"3,4",True
float32,1,9.6e-07,9.557e-07,475,260,"3,4",True
float64,1,9.6e-07,9.557e-07,475,260,"3,4",True
float32,1,9.8e-07,9.784e-07,475,260,"3,4",True
float64,1,9.8e-07,9.784e-07,475,260,"3,4",True
float32,1,1.0e-06,1.001e-06,475,260,"3,4",True
float64,1,1.0e-06,1.001e-06,475,260,"3,4",True
float32,2,-1.0e-06,-1.002e-06,468,260,"4,4",True
float64,2,-1.0e-06,-1.002e-06,468,260,"4,4",True
float32,2,-9.8e-07,-9.807e-07,468,260,"4,4",True
float64,2,-9.8e-07,-9.807e-07,468,260,"4,4",True
float32,2,-9.6e-07,-9.616e-07,468,260,"4,4",True
float64,2,-9.6e-07,-9.616e-07,468,260,"4,4",True
float32,2,-9.4e-07,-9.453e-07,468,260,"4,4",True
float64,2,-9.4e-07,-9.453e-07,468,260,"4,4",True
float32,2,-9.2e-07,-9.193e-07,468,260,"4,4",True
float64,2,-9.2e-07,-9.193e-07,468,260,"4,4",True
float32,2,-9.0e-07,-9.032e-07,468,260,"4,4",True
float64,2,-9.0e-07,-9.032e-07,468,260,"4,4",True
float32,2,-8.8e-07,-8.836e-07,468,260,"4,4",True
float64,2,-8.8e-07,-8.836e-07,468,260,"4,4",True
float32,2,-8.6e-07,-8.638e-07,468,260,"4,4",True
float64,2,-8.6e-07,-8.638e-07,468,260,"4,4",True
float32,2,-8.4e-07,-8.458e-07,468,260,"4,4",True
float64,2,-8.4e-07,-8.458e-07,468,260,"4,4",True
float32,2,-8.2e-07,-8.242e-07,468,260,"4,4",True
float64,2,-8.2e-07,-8.242e-07,468,260,"4,4",True
float32,2,-8.0e-07,-8.058e-07,468,260,"4,4",True
float64,2,-8.0e-07,-8.058e-07,468,260,"4,4",True
float32,2,-7.8e-07,-7.816e-07,468,260,"4,4",True
float64,2,-7.8e-07,-7.816e-07,468,260,"4,4",True
float32,2,-7.6e-07,-7.601e-07,468,260,"4,4",True
float64,2,-7.6e-07,-7.601e-07,468,260,"4,4",True
float32,2,-7.4e-07,-7.436e-07,468,260,"4,4",True
float64,2,-7.4e-07,-7.436e-07,468,260,"4,4",True
float32,2,-7.2e-07,-7.177e-07,468,260,"4,4",True
float64,2,-7.2e-07,-7.177e-07,468,260,"4,4",True
float32,2,-7.0e-07,-6.984e-07,468,260,"4,4",True
float64,2,-7.0e-07,-6.984e-07,468,260,"4,4",True
float32,2,-6.8e-07,-6.789e-07,468,260,"4,4",True
float64,2,-6.8e-07,-6.789e-07,468,260,"4,4",True
float32,2,-6.6e-07,-6.620e-07,468,260,"4,4",True
float64,2,-6.6e-07,-6.620e-07,468,260,"4,4",True
float32,2,-6.4e-07,-6.410e-07,468,260,"4,4",True
float64,2,-6.4e-07,-6.410e-07,468,260,"4,4",True
float32,2,-6.2e-07,-6.193e-07,468,260,"4,4",True
float64,2,-6.2e-07,-6.193e-07,468,260,"4,4",True
float32,2,-6.0e-07,-5.992e-07,468,260,"4,4",True
float64,2,-6.0e-07,-5.992e-07,468,260,"4,4",True
float32,2,-5.8e-07,-5.763e-07,468,260,"4,4",True
float64,2,-5.8e-07,-5.763e-07,468,260,"4,4",True
float32,2,-5.6e-07,-5.556e-07,468,260,"4,4",True
float64,2,-5.6e-07,-5.556e-07,468,260,"4,4",True
float32,2,-5.4e-07,-5.350e-07,468,260,"4,4",True
float64,2,-5.4e-07,-5.350e-07,468,260,"4,4",True
float32,2,-5.2e-07,-5.150e-07,468,260,"4,4",True
float64,2,-5.2e-07,-5.150e-07,468,260,"4,4",True
float32,2,-5.0e-07,-4.959e-07,468,260,"4,4",True
float64,2,-5.0e-07,-4.959e-07,468,260,"4,4",True
float32,2,-4.8e-07,-4.788e-07,468,260,"4,4",True
float64,2,-4.8e-07,-4.788e-07,468,260,"4,4",True
float32,2,-4.6e-07,-4.588e-07,468,260,"4,4",True
float64,2,-4.6e-07,-4.588e-07,468,260,"4,4",True
float32,2,-4.4e-07,-4.382e-07,468,260,"4,4",True
float64,2,-4.4e-07,-4.382e-07,468,260,"4,4",True
float32,2,-4.2e-07,-4.184e-07,468,260,"4,4",True
float64,2,-4.2e-07,-4.184e-07,468,260,"4,4",True
float32,2,-4.0e-07,-3.984e-07,468,260,"4,4",True
float64,2,-4.0e-07,-3.984e-07,468,260,"4,4",True
float32,2,-3.8e-07,-3.795e-07,468,260,"4,4",True
float64,2,-3.8e-07,-3.795e-07,468,260,"4,4",True
float32,2,-3.6e-07,-3.586e-07,468,260,"4,4",True
float64,2,-3.6e-07,-3.586e-07,468,260,"4,4",True
float32,2,-3.4e-07,-3.425e-07,468,260,"4,4",True
float64,2,-3.4e-07,-3.425e-07,468,260,"4,4",True
float32,2,-3.2e-07,-3.238e-07,468,260,"4,4",True
float64,2,-3.2e-07,-3.238e-07,468,260,"4,4",True
float32,2,-3.0e-07,-3.054e-07,468,260,"4,4",True
float64,2,-3.0e-07,-3.054e-07,468,260,"4,4",True
float32,2,-2.8e-07,-2.831e-07,468,260,"4,4",True
float64,2,-2.8e-07,-2.831e-07,468,260,"4,4",True
float32,2,-2.6e-07,-2.623e-07,468,260,"4,4",True
float64,2,-2.6e-07,-2.623e-07,468,260,"4,4",True
float32,2,-2.4e-07,-2.439e-07,468,260,"4,4",True
float64,2,-2.4e-07,-2.439e-07,468,260,"4,4",True
float32,2,-2.2e-07,-2.225e-07,468,260,"4,4",True
float64,2,-2.2e-07,-2.225e-07,468,260,"4,4",True
float32,2,-2.0e-07,-2.022e-07,468,260,"4,4",True
float64,2,-2.0e-07,-2.022e-07,468,260,"4,4",True
float32,2,-1.8e-07,-1.792e-07,468,260,"4,4",True
float64,2,-1.8e-07,-1.792e-07,468,260,"4,4",True
float32,2,-1.6e-07,-1.594e-07,468,260,"4,4",True
float64,2,-1.6e-07,-1.594e-07,468,260,"4,4",True
float32,2,-1.4e-07,-1.355e-07,468,260,"4,4",True
float64,2,-1.4e-07,-1.355e-07,468,260,"4,4",True
float32,2,-1.2e-07,-1.153e-07,468,260,"4,4",True
float64,2,-1.2e-07,-1.153e-07,468,260,"4,4",True
float32,2,-1.0e-07,-9.544e-08,468,260,"4,4",True
float64,2,-1.0e-07,-9.544e-08,468,260,"4,4",True
float32,2,-8.0e-08,-7.577e-08,468,260,"4,4",True
float64,2,-8.0e-08,-7.577e-08,468,260,"4,4",True
float32,2,-6.0e-08,-5.708e-08,468,260,"4,4",True
float64,2,-6.0e-08,-5.708e-08,468,260,"4,4",True
float32,2,-4.0e-08,-3.641e-08,468,260,"4,4",True
float64,2,-4.0e-08,-3.641e-08,468,260,"4,4",True
float32,2,-2.0e-08,-1.919e-08,468,260,"4,4",True
float64,2,-2.0e-08,-1.919e-08,468,260,"4,4",True
float32,2,0.0e+00,1.506e-10,468,260,"4,4",True
float64,2,0.0e+00,1.506e-10,475,260,"3,4",True
float32,2,2.0e-08,1.716e-08,470,260,"6,4",False
float64,2,2.0e-08,1.716e-08,475,260,"3,4",True
float32,2,4.0e-08,3.656e-08,470,260,"6,4",False
float64,2,4.0e-08,3.656e-08,475,260,"3,4",True
float32,2,6.0e-08,5.382e-08,470,260,"6,4",False
float64,2,6.0e-08,5.382e-08,475,260,"3,4",True
float32,2,8.0e-08,7.861e-08,472,260,"0,4",False
float64,2,8.0e-08,7.861e-08,475,260,"3,4",True
float32,2,1.0e-07,9.957e-08,472,260,"0,4",False
float64,2,1.0e-07,9.957e-08,475,260,"3,4",True
float32,2,1.2e-07,1.178e-07,475,260,"3,4",True
float64,2,1.2e-07,1.178e-07,475,260,"3,4",True
float32,2,1.4e-07,1.379e-07,475,260,"3,4",True
float64,2,1.4e-07,1.379e-07,475,260,"3,4",True
float32,2,1.6e-07,1.592e-07,475,260,"3,4",True
float64,2,1.6e-07,1.592e-07,475,260,"3,4",True
float32,2,1.8e-07,1.772e-07,475,260,"3,4",True
float64,2,1.8e-07,1.772e-07,475,260,"3,4",True
float32,2,2.0e-07,1.991e-07,475,260,"3,4",True
float64,2,2.0e-07,1.991e-07,475,260,"3,4",True
float32,2,2.2e-07,2.198e-07,473,260,"1,4",False
float64,2,2.2e-07,2.198e-07,475,260,"3,4",True
float32,2,2.4e-07,2.403e-07,475,260,"3,4",True
float64,2,2.4e-07,2.403e-07,475,260,"3,4",True
float32,2,2.6e-07,2.608e-07,475,260,"3,4",True
float64,2,2.6e-07,2.608e-07,475,260,"3,4",True
float32,2,2.8e-07,2.827e-07,475,260,"3,4",True
float64,2,2.8e-07,2.827e-07,475,260,"3,4",True
float32,2,3.0e-07,2.998e-07,475,260,"3,4",True
float64,2,3.0e-07,2.998e-07,475,260,"3,4",True
float32,2,3.2e-07,3.179e-07,475,260,"3,4",True
float64,2,3.2e-07,3.179e-07,475,260,"3,4",True
float32,2,3.4e-07,3.339e-07,475,260,"3,4",True
float64,2,3.4e-07,3.339e-07,475,260,"3,4",True
float32,2,3.6e-07,3.586e-07,474,260,"2,4",False
float64,2,3.6e-07,3.586e-07,475,260,"3,4",True
float32,2,3.8e-07,3.797e-07,475,260,"3,4",True
float64,2,3.8e-07,3.797e-07,475,260,"3,4",True
float32,2,4.0e-07,3.981e-07,475,260,"3,4",True
float64,2,4.0e-07,3.981e-07,475,260,"3,4",True
float32,2,4.2e-07,4.244e-07,475,260,"3,4",True
float64,2,4.2e-07,4.244e-07,475,260,"3,4",True
float32,2,4.4e-07,4.446e-07,475,260,"3,4",True
float64,2,4.4e-07,4.446e-07,475,260,"3,4",True
float32,2,4.6e-07,4.649e-07,475,260,"3,4",True
float64,2,4.6e-07,4.649e-07,475,260,"3,4",True
float32,2,4.8e-07,4.836e-07,475,260,"3,4",True
float64,2,4.8e-07,4.836e-07,475,260,"3,4",True
float32,2,5.0e-07,5.034e-07,475,260,"3,4",True
float64,2,5.0e-07,5.034e-07,475,260,"3,4",True
float32,2,5.2e-07,5.223e-07,475,260,"3,4",True
float64,2,5.2e-07,5.223e-07,475,260,"3,4",True
float32,2,5.4e-07,5.396e-07,475,260,"3,4",True
float64,2,5.4e-07,5.396e-07,475,260,"3,4",True
float32,2,5.6e-07,5.598e-07,475,260,"3,4",True
float64,2,5.6e-07,5.598e-07,475,260,"3,4",True
float32,2,5.8e-07,5.789e-07,475,260,"3,4",True
float64,2,5.8e-07,5.789e-07,475,260,"3,4",True
float32,2,6.0e-07,6.011e-07,475,260,"3,4",True
float64,2,6.0e-07,6.011e-07,475,260,"3,4",True
float32,2,6.2e-07,6.188e-07,475,260,"3,4",True
float64,2,6.2e-07,6.188e-07,475,260,"3,4",True
float32,2,6.4e-07,6.408e-07,475,260,"3,4",True
float64,2,6.4e-07,6.408e-07,475,260,"3,4",True
float32,2,6.6e-07,6.582e-07,475,260,"3,4",True
float64,2,6.6e-07,6.582e-07,475,260,"3,4",True
float32,2,6.8e-07,6.794e-07,475,260,"3,4",True
float64,2,6.8e-07,6.794e-07,475,260,"3,4",True
float32,2,7.0e-07,7.006e-07,475,260,"3,4",True
float64,2,7.0e-07,7.006e-07,475,260,"3,4",True
float32,2,7.2e-07,7.211e-07,475,260,"3,4",True
float64,2,7.2e-07,7.211e-07,475,260,"3,4",True
float32,2,7.4e-07,7.385e-07,475,260,"3,4",True
float64,2,7.4e-07,7.385e-07,475,260,"3,4",True
float32,2,7.6e-07,7.600e-07,475,260,"3,4",True
float64,2,7.6e-07,7.600e-07,475,260,"3,4",True
float32,2,7.8e-07,7.807e-07,475,260,"3,4",True
float64,2,7.8e-07,7.807e-07,475,260,"3,4",True
float32,2,8.0e-07,8.010e-07,475,260,"3,4",True
float64,2,8.0e-07,8.010e-07,475,260,"3,4",True
float32,2,8.2e-07,8.233e-07,475,260,"3,4",True
float64,2,8.2e-07,8.233e-07,475,260,"3,4",True
float32,2,8.4e-07,8.416e-07,475,260,"3,4",True
float64,2,8.4e-07,8.416e-07,475,260,"3,4",True
float32,2,8.6e-07,8.603e-07,475,260,"3,4",True
float64,2,8.6e-07,8.603e-07,475,260,"3,4",True
float32,2,8.8e-07,8.801e-07,475,260,"3,4",True
float64,2,8.8e-07,8.801e-07,475,260,"3,4",True
float32,2,9.0e-07,8.964e-07,475,260,"3,4",True
float64,2,9.0e-07,8.964e-07,475,260,"3,4",True
float32,2,9.2e-07,9.146e-07,475,260,"3,4",True
float64,2,9.2e-07,9.146e-07,475,260,"3,4",True
float32,2,9.4e-07,9.331e-07,475,260,"3,4",True
float64,2,9.4e-07,9.331e-07,475,260,"3,4",True
float32,2,9.6e-07,9.542e-07,475,260,"3,4",True
float64,2,9.6e-07,9.542e-07,475,260,"3,4",True
float32,2,9.8e-07,9.737e-07,475,260,"3,4",True
float64,2,9.8e-07,9.737e-07,475,260,"3,4",True
float32,2,1.0e-06,9.960e-07,475,260,"3,4",True
float64,2,1.0e-06,9.960e-07,475,260,"3,4",True
float32,3,-1.0e-06,-9.997e-07,468,260,"4,4",True
float64,3,-1.0e-06,-9.997e-07,468,260,"4,4",True
float32,3,-9.8e-07,-9.802e-07,468,260,"4,4",True
float64,3,-9.8e-07,-9.802e-07,468,260,"4,4",True
float32,3,-9.6e-07,-9.606e-07,468,260,"4,4",True
float64,3,-9.6e-07,-9.606e-07,468,260,"4,4",True
float32,3,-9.4e-07,-9.400e-07,468,260,"4,4",True
float64,3,-9.4e-07,-9.400e-07,468,260,"4,4",True
float32,3,-9.2e-07,-9.196e-07,468,260,"4,4",True
float64,3,-9.2e-07,-9.196e-07,468,260,"4,4",True
float32,3,-9.0e-07,-9.030e-07,468,260,"4,4",True
float64,3,-9.0e-07,-9.030e-07,468,260,"4,4",True
float32,3,-8.8e-07,-8.832e-07,468,260,"4,4",True
float64,3,-8.8e-07,-8.832e-07,468,260,"4,4",True
float32,3,-8.6e-07,-8.662e-07,468,260,"4,4",True
float64,3,-8.6e-07,-8.662e-07,468,260,"4,4",True
float32,3,-8.4e-07,-8.417e-07,468,260,"4,4",True
float64,3,-8.4e-07,-8.417e-07,468,260,"4,4",True
float32,3,-8.2e-07,-8.248e-07,468,260,"4,4",True
float64,3,-8.2e-07,-8.248e-07,468,260,"4,4",True
float32,3,-8.0e-07,-8.035e-07,468,260,"4,4",True
float64,3,-8.0e-07,-8.035e-07,468,260,"4,4",True
float32,3,-7.8e-07,-7.814e-07,468,260,"4,4",True
float64,3,-7.8e-07,-7.814e-07,468,260,"4,4",True
float32,3,-7.6e-07,-7.593e-07,468,260,"4,4",True
float64,3,-7.6e-07,-7.593e-07,468,260,"4,4",True
float32,3,-7.4e-07,-7.388e-07,468,260,"4,4",True
float64,3,-7.4e-07,-7.388e-07,468,260,"4,4",True
float32,3,-7.2e-07,-7.184e-07,468,260,"4,4",True
float64,3,-7.2e-07,-7.184e-07,468,260,"4,4",True
float32,3,-7.0e-07,-7.004e-07,468,260,"4,4",True
float64,3,-7.0e-07,-7.004e-07,468,260,"4,4",True
float32,3,-6.8e-07,-6.785e-07,468,260,"4,4",True
float64,3,-6.8e-07,-6.785e-07,468,260,"4,4",True
float32,3,-6.6e-07,-6.562e-07,468,260,"4,4",True
float64,3,-6.6e-07,-6.562e-07,468,260,"4,4",True
float32,3,-6.4e-07,-6.357e-07,468,260,"4,4",True
float64,3,-6.4e-07,-6.357e-07,468,260,"4,4",True
float32,3,-6.2e-07,-6.138e-07,468,260,"4,4",True
float64,3,-6.2e-07,-6.138e-07,468,260,"4,4",True
float32,3,-6.0e-07,-5.954e-07,468,260,"4,4",True
float64,3,-6.0e-07,-5.954e-07,468,260,"4,4",True
float32,3,-5.8e-07,-5.768e-07,468,260,"4,4",True
float64,3,-5.8e-07,-5.768e-07,468,260,"4,4",True
float32,3,-5.6e-07,-5.584e-07,468,260,"4,4",True
float64,3,-5.6e-07,-5.584e-07,468,260,"4,4",True
float32,3,-5.4e-07,-5.393e-07,468,260,"4,4",True
float64,3,-5.4e-07,-5.393e-07,468,260,"4,4",True
float32,3,-5.2e-07,-5.201e-07,468,260,"4,4",True
float64,3,-5.2e-07,-5.201e-07,468,260,"4,4",True
float32,3,-5.0e-07,-5.008e-07,468,260,"4,4",True
float64,3,-5.0e-07,-5.008e-07,468,260,"4,4",True
float32,3,-4.8e-07,-4.815e-07,468,260,"4,4",True
float64,3,-4.8e-07,-4.815e-07,468,260,"4,4",True
float32,3,-4.6e-07,-4.615e-07,468,260,"4,4",True
float64,3,-4.6e-07,-4.615e-07,468,260,"4,4",True
float32,3,-4.4e-07,-4.400e-07,468,260,"4,4",True
float64,3,-4.4e-07,-4.400e-07,468,260,"4,4",True
float32,3,-4.2e-07,-4.185e-07,468,260,"4,4",True
float64,3,-4.2e-07,-4.185e-07,468,260,"4,4",True
float32,3,-4.0e-07,-4.008e-07,468,260,"4,4",True
float64,3,-4.0e-07,-4.008e-07,468,260,"4,4",True
float32,3,-3.8e-07,-3.818e-07,468,260,"4,4",True
float64,3,-3.8e-07,-3.818e-07,468,260,"4,4",True
float32,3,-3.6e-07,-3.634e-07,468,260,"4,4",True
float64,3,-3.6e-07,-3.634e-07,468,260,"4,4",True
float32,3,-3.4e-07,-3.393e-07,468,260,"4,4",True
float64,3,-3.4e-07,-3.393e-07,468,260,"4,4",True
float32,3,-3.2e-07,-3.191e-07,468,260,"4,4",True
float64,3,-3.2e-07,-3.191e-07,468,260,"4,4",True
float32,3,-3.0e-07,-3.017e-07,468,260,"4,4",True
float64,3,-3.0e-07,-3.017e-07,468,260,"4,4",True
float32,3,-2.8e-07,-2.825e-07,468,260,"4,4",True
float64,3,-2.8e-07,-2.825e-07,468,260,"4,4",True
float32,3,-2.6e-07,-2.665e-07,468,260,"4,4",True
float64,3,-2.6e-07,-2.665e-07,468,260,"4,4",True
float32,3,-2.4e-07,-2.361e-07,468,260,"4,4",True
float64,3,-2.4e-07,-2.361e-07,468,260,"4,4",True
float32,3,-2.2e-07,-2.181e-07,468,260,"4,4",True
float64,3,-2.2e-07,-2.181e-07,468,260,"4,4",True
float32,3,-2.0e-07,-1.981e-07,468,260,"4,4",True
float64,3,-2.0e-07,-1.981e-07,468,260,"4,4",True
float32,3,-1.8e-07,-1.790e-07,470,260,"6,4",False
float64,3,-1.8e-07,-1.790e-07,468,260,"4,4",True
float32,3,-1.6e-07,-1.596e-07,470,260,"6,4",False
float64,3,-1.6e-07,-1.596e-07,468,260,"4,4",True
float32,3,-1.4e-07,-1.405e-07,469,260,"5,4",False
float64,3,-1.4e-07,-1.405e-07,468,260,"4,4",True
float32,3,-1.2e-07,-1.231e-07,469,260,"5,4",False
float64,3,-1.2e-07,-1.231e-07,468,260,"4,4",True
float32,3,-1.0e-07,-9.841e-08,469,260,"5,4",False
float64,3,-1.0e-07,-9.841e-08,468,260,"4,4",True
float32,3,-8.0e-08,-7.997e-08,469,260,"5,4",False
float64,3,-8.0e-08,-7.997e-08,468,260,"4,4",True
float32,3,-6.0e-08,-6.021e-08,469,260,"5,4",False
float64,3,-6.0e-08,-6.021e-08,468,260,"4,4",True
float32,3,-4.0e-08,-3.426e-08,474,260,"2,4",False
float64,3,-4.0e-08,-3.426e-08,468,260,"4,4",True
float32,3,-2.0e-08,-1.678e-08,474,260,"2,4",False
float64,3,-2.0e-08,-1.678e-08,468,260,"4,4",True
float32,3,0.0e+00,1.955e-09,473,260,"1,4",False
float64,3,0.0e+00,1.955e-09,475,260,"3,4",True
float32,3,2.0e-08,2.124e-08,472,260,"0,4",False
float64,3,2.0e-08,2.124e-08,475,260,"3,4",True
float32,3,4.0e-08,3.810e-08,472,260,"0,4",False
float64,3,4.0e-08,3.810e-08,475,260,"3,4",True
float32,3,6.0e-08,5.664e-08,472,260,"0,4",False
float64,3,6.0e-08,5.664e-08,475,260,"3,4",True
float32,3,8.0e-08,7.512e-08,472,260,"0,4",False
float64,3,8.0e-08,7.512e-08,475,260,"3,4",True
float32,3,1.0e-07,9.584e-08,472,260,"0,4",False
float64,3,1.0e-07,9.584e-08,475,260,"3,4",True
float32,3,1.2e-07,1.161e-07,472,260,"0,4",False
float64,3,1.2e-07,1.161e-07,475,260,"3,4",True
float32,3,1.4e-07,1.376e-07,472,260,"0,4",False
float64,3,1.4e-07,1.376e-07,475,260,"3,4",True
float32,3,1.6e-07,1.557e-07,474,260,"2,4",False
float64,3,1.6e-07,1.557e-07,475,260,"3,4",True
float32,3,1.8e-07,1.786e-07,475,260,"3,4",True
float64,3,1.8e-07,1.786e-07,475,260,"3,4",True
float32,3,2.0e-07,2.027e-07,475,260,"3,4",True
float64,3,2.0e-07,2.027e-07,475,260,"3,4",True
float32,3,2.2e-07,2.200e-07,474,260,"2,4",False
float64,3,2.2e-07,2.200e-07,475,260,"3,4",True
float32,3,2.4e-07,2.398e-07,475,260,"3,4",True
float64,3,2.4e-07,2.398e-07,475,260,"3,4",True
float32,3,2.6e-07,2.621e-07,475,260,"3,4",True
float64,3,2.6e-07,2.621e-07,475,260,"3,4",True
float32,3,2.8e-07,2.792e-07,475,260,"3,4",True
float64,3,2.8e-07,2.792e-07,475,260,"3,4",True
float32,3,3.0e-07,3.007e-07,475,260,"3,4",True
float64,3,3.0e-07,3.007e-07,475,260,"3,4",True
float32,3,3.2e-07,3.192e-07,475,260,"3,4",True
float64,3,3.2e-07,3.192e-07,475,260,"3,4",True
float32,3,3.4e-07,3.392e-07,475,260,"3,4",True
float64,3,3.4e-07,3.392e-07,475,260,"3,4",True
float32,3,3.6e-07,3.591e-07,475,260,"3,4",True
float64,3,3.6e-07,3.591e-07,475,260,"3,4",True
float32,3,3.8e-07,3.851e-07,475,260,"3,4",True
float64,3,3.8e-07,3.851e-07,475,260,"3,4",True
float32,3,4.0e-07,4.045e-07,475,260,"3,4",True
float64,3,4.0e-07,4.045e-07,475,260,"3,4",True
float32,3,4.2e-07,4.247e-07,475,260,"3,4",True
float64,3,4.2e-07,4.247e-07,475,260,"3,4",True
float32,3,4.4e-07,4.418e-07,475,260,"3,4",True
float64,3,4.4e-07,4.418e-07,475,260,"3,4",True
float32,3,4.6e-07,4.607e-07,475,260,"3,4",True
float64,3,4.6e-07,4.607e-07,475,260,"3,4",True
float32,3,4.8e-07,4.779e-07,475,260,"3,4",True
float64,3,4.8e-07,4.779e-07,475,260,"3,4",True
float32,3,5.0e-07,4.971e-07,475,260,"3,4",True
float64,3,5.0e-07,4.971e-07,475,260,"3,4",True
float32,3,5.2e-07,5.199e-07,475,260,"3,4",True
float64,3,5.2e-07,5.199e-07,475,260,"3,4",True
float32,3,5.4e-07,5.422e-07,475,260,"3,4",True
float64,3,5.4e-07,5.422e-07,475,260,"3,4",True
float32,3,5.6e-07,5.635e-07,475,260,"3,4",True
float64,3,5.6e-07,5.635e-07,475,260,"3,4",True
float32,3,5.8e-07,5.833e-07,475,260,"3,4",True
float64,3,5.8e-07,5.833e-07,475,260,"3,4",True
float32,3,6.0e-07,6.048e-07,475,260,"3,4",True
float64,3,6.0e-07,6.048e-07,475,260,"3,4",True
float32,3,6.2e-07,6.223e-07,475,260,"3,4",True
float64,3,6.2e-07,6.223e-07,475,260,"3,4",True
float32,3,6.4e-07,6.411e-07,475,260,"3,4",True
float64,3,6.4e-07,6.411e-07,475,260,"3,4",True
float32,3,6.6e-07,6.605e-07,475,260,"3,4",True
float64,3,6.6e-07,6.605e-07,475,260,"3,4",True
float32,3,6.8e-07,6.787e-07,475,260,"3,4",True
float64,3,6.8e-07,6.787e-07,475,260,"3,4",True
float32,3,7.0e-07,6.988e-07,475,260,"3,4",True
float64,3,7.0e-07,6.988e-07,475,260,"3,4",True
float32,3,7.2e-07,7.173e-07,475,260,"3,4",True
float64,3,7.2e-07,7.173e-07,475,260,"3,4",True
float32,3,7.4e-07,7.351e-07,475,260,"3,4",True
float64,3,7.4e-07,7.351e-07,475,260,"3,4",True
float32,3,7.6e-07,7.566e-07,475,260,"3,4",True
float64,3,7.6e-07,7.566e-07,475,260,"3,4",True
float32,3,7.8e-07,7.749e-07,475,260,"3,4",True
float64,3,7.8e-07,7.749e-07,475,260,"3,4",True
float32,3,8.0e-07,7.949e-07,475,260,"3,4",True
float64,3,8.0e-07,7.949e-07,475,260,"3,4",True
float32,3,8.2e-07,8.157e-07,475,260,"3,4",True
float64,3,8.2e-07,8.157e-07,475,260,"3,4",True
float32,3,8.4e-07,8.388e-07,475,260,"3,4",True
float64,3,8.4e-07,8.388e-07,475,260,"3,4",True
float32,3,8.6e-07,8.575e-07,475,260,"3,4",True
float64,3,8.6e-07,8.575e-07,475,260,"3,4",True
float32,3,8.8e-07,8.792e-07,475,260,"3,4",True
float64,3,8.8e-07,8.792e-07,475,260,"3,4",True
float32,3,9.0e-07,9.014e-07,475,260,"3,4",True
float64,3,9.0e-07,9.014e-07,475,260,"3,4",True
float32,3,9.2e-07,9.228e-07,475,260,"3,4",True
float64,3,9.2e-07,9.228e-07,475,260,"3,4",True
float32,3,9.4e-07,9.403e-07,475,260,"3,4",True
float64,3,9.4e-07,9.403e-07,475,260,"3,4",True
float32,3,9.6e-07,9.579e-07,475,260,"3,4",True
float64,3,9.6e-07,9.579e-07,475,260,"3,4",True
float32,3,9.8e-07,9.841e-07,475,260,"3,4",True
float64,3,9.8e-07,9.841e-07,475,260,"3,4",True
float32,3,1.0e-06,1.002e-06,475,260,"3,4",True
float64,3,1.0e-06,1.002e-06,475,260,"3,4",True
float32,4,-1.0e-06,-9.954e-07,468,260,"4,4",True
float64,4,-1.0e-06,-9.954e-07,468,260,"4,4",True
float32,4,-9.8e-07,-9.759e-07,468,260,"4,4",True
float64,4,-9.8e-07,-9.759e-07,468,260,"4,4",True
float32,4,-9.6e-07,-9.571e-07,468,260,"4,4",True
float64,4,-9.6e-07,-9.571e-07,468,260,"4,4",True
float32,4,-9.4e-07,-9.374e-07,468,260,"4,4",True
float64,4,-9.4e-07,-9.374e-07,468,260,"4,4",True
float32,4,-9.2e-07,-9.175e-07,468,260,"4,4",True
float64,4,-9.2e-07,-9.175e-07,468,260,"4,4",True
float32,4,-9.0e-07,-9.001e-07,468,260,"4,4",True
float64,4,-9.0e-07,-9.001e-07,468,260,"4,4",True
float32,4,-8.8e-07,-8.824e-07,468,260,"4,4",True
float64,4,-8.8e-07,-8.824e-07,468,260,"4,4",True
float32,4,-8.6e-07,-8.637e-07,468,260,"4,4",True
float64,4,-8.6e-07,-8.637e-07,468,260,"4,4",True
float32,4,-8.4e-07,-8.398e-07,468,260,"4,4",True
float64,4,-8.4e-07,-8.398e-07,468,260,"4,4",True
float32,4,-8.2e-07,-8.198e-07,468,260,"4,4",True
float64,4,-8.2e-07,-8.198e-07,468,260,"4,4",True
float32,4,-8.0e-07,-7.993e-07,468,260,"4,4",True
float64,4,-8.0e-07,-7.993e-07,468,260,"4,4",True
float32,4,-7.8e-07,-7.813e-07,468,260,"4,4",True
float64,4,-7.8e-07,-7.813e-07,468,260,"4,4",True
float32,4,-7.6e-07,-7.609e-07,468,260,"4,4",True
float64,4,-7.6e-07,-7.609e-07,468,260,"4,4",True
float32,4,-7.4e-07,-7.421e-07,468,260,"4,4",True
float64,4,-7.4e-07,-7.421e-07,468,260,"4,4",True
float32,4,-7.2e-07,-7.219e-07,468,260,"4,4",True
float64,4,-7.2e-07,-7.219e-07,468,260,"4,4",True
float32,4,-7.0e-07,-7.022e-07,468,260,"4,4",True
float64,4,-7.0e-07,-7.022e-07,468,260,"4,4",True
float32,4,-6.8e-07,-6.796e-07,468,260,"4,4",True
float64,4,-6.8e-07,-6.796e-07,468,260,"4,4",True
float32,4,-6.6e-07,-6.604e-07,468,260,"4,4",True
float64,4,-6.6e-07,-6.604e-07,468,260,"4,4",True
float32,4,-6.4e-07,-6.412e-07,468,260,"4,4",True
float64,4,-6.4e-07,-6.412e-07,468,260,"4,4",True
float32,4,-6.2e-07,-6.229e-07,468,260,"4,4",True
float64,4,-6.2e-07,-6.229e-07,468,260,"4,4",True
float32,4,-6.0e-07,-6.036e-07,468,260,"4,4",True
float64,4,-6.0e-07,-6.036e-07,468,260,"4,4",True
float32,4,-5.8e-07,-5.830e-07,468,260,"4,4",True
float64,4,-5.8e-07,-5.830e-07,468,260,"4,4",True
float32,4,-5.6e-07,-5.624e-07,468,260,"4,4",True
float64,4,-5.6e-07,-5.624e-07,468,260,"4,4",True
float32,4,-5.4e-07,-5.432e-07,468,260,"4,4",True
float64,4,-5.4e-07,-5.432e-07,468,260,"4,4",True
float32,4,-5.2e-07,-5.152e-07,468,260,"4,4",True
float64,4,-5.2e-07,-5.152e-07,468,260,"4,4",True
float32,4,-5.0e-07,-4.954e-07,468,260,"4,4",True
float64,4,-5.0e-07,-4.954e-07,468,260,"4,4",True
float32,4,-4.8e-07,-4.745e-07,468,260,"4,4",True
float64,4,-4.8e-07,-4.745e-07,468,260,"4,4",True
float32,4,-4.6e-07,-4.578e-07,468,260,"4,4",True
float64,4,-4.6e-07,-4.578e-07,468,260,"4,4",True
float32,4,-4.4e-07,-4.398e-07,468,260,"4,4",True
float64,4,-4.4e-07,-4.398e-07,468,260,"4,4",True
float32,4,-4.2e-07,-4.228e-07,468,260,"4,4",True
float64,4,-4.2e-07,-4.228e-07,468,260,"4,4",True
float32,4,-4.0e-07,-4.004e-07,468,260,"4,4",True
float64,4,-4.0e-07,-4.004e-07,468,260,"4,4",True
float32,4,-3.8e-07,-3.787e-07,468,260,"4,4",True
float64,4,-3.8e-07,-3.787e-07,468,260,"4,4",True
float32,4,-3.6e-07,-3.593e-07,468,260,"4,4",True
float64,4,-3.6e-07,-3.593e-07,468,260,"4,4",True
float32,4,-3.4e-07,-3.385e-07,468,260,"4,4",True
float64,4,-3.4e-07,-3.385e-07,468,260,"4,4",True
float32,4,-3.2e-07,-3.181e-07,468,260,"4,4",True
float64,4,-3.2e-07,-3.181e-07,468,260,"4,4",True
float32,4,-3.0e-07,-2.984e-07,468,260,"4,4",True
float64,4,-3.0e-07,-2.984e-07,468,260,"4,4",True
float32,4,-2.8e-07,-2.798e-07,468,260,"4,4",True
float64,4,-2.8e-07,-2.798e-07,468,260,"4,4",True
float32,4,-2.6e-07,-2.606e-07,468,260,"4,4",True
float64,4,-2.6e-07,-2.606e-07,468,260,"4,4",True
float32,4,-2.4e-07,-2.413e-07,468,260,"4,4",True
float64,4,-2.4e-07,-2.413e-07,468,260,"4,4",True
float32,4,-2.2e-07,-2.158e-07,468,260,"4,4",True
float64,4,-2.2e-07,-2.158e-07,468,260,"4,4",True
float32,4,-2.0e-07,-1.935e-07,468,260,"4,4",True
float64,4,-2.0e-07,-1.935e-07,468,260,"4,4",True
float32,4,-1.8e-07,-1.760e-07,468,260,"4,4",True
float64,4,-1.8e-07,-1.760e-07,468,260,"4,4",True
float32,4,-1.6e-07,-1.555e-07,468,260,"4,4",True
float64,4,-1.6e-07,-1.555e-07,468,260,"4,4",True
float32,4,-1.4e-07,-1.378e-07,468,260,"4,4",True
float64,4,-1.4e-07,-1.378e-07,468,260,"4,4",True
float32,4,-1.2e-07,-1.200e-07,468,260,"4,4",True
float64,4,-1.2e-07,-1.200e-07,468,260,"4,4",True
float32,4,-1.0e-07,-1.020e-07,468,260,"4,4",True
float64,4,-1.0e-07,-1.020e-07,468,260,"4,4",True
float32,4,-8.0e-08,-8.483e-08,468,260,"4,4",True
float64,4,-8.0e-08,-8.483e-08,468,260,"4,4",True
float32,4,-6.0e-08,-6.338e-08,468,260,"4,4",True
float64,4,-6.0e-08,-6.338e-08,468,260,"4,4",True
float32,4,-4.0e-08,-4.221e-08,468,260,"4,4",True
float64,4,-4.0e-08,-4.221e-08,468,260,"4,4",True
float32,4,-2.0e-08,-2.442e-08,468,260,"4,4",True
float64,4,-2.0e-08,-2.442e-08,468,260,"4,4",True
float32,4,0.0e+00,-2.834e-09,473,260,"1,4",False
float64,4,0.0e+00,-2.834e-09,468,260,"4,4",True
float32,4,2.0e-08,1.722e-08,473,260,"1,4",False
float64,4,2.0e-08,1.722e-08,475,260,"3,4",True
float32,4,4.0e-08,3.491e-08,473,260,"1,4",False
float64,4,4.0e-08,3.491e-08,475,260,"3,4",True
float32,4,6.0e-08,5.597e-08,473,260,"1,4",False
float64,4,6.0e-08,5.597e-08,475,260,"3,4",True
float32,4,8.0e-08,8.073e-08,471,260,"7,4",False
float64,4,8.0e-08,8.073e-08,475,260,"3,4",True
float32,4,1.0e-07,1.000e-07,471,260,"7,4",False
float64,4,1.0e-07,1.000e-07,475,260,"3,4",True
float32,4,1.2e-07,1.220e-07,470,260,"6,4",False
float64,4,1.2e-07,1.220e-07,475,260,"3,4",True
float32,4,1.4e-07,1.435e-07,473,260,"1,4",False
float64,4,1.4e-07,1.435e-07,475,260,"3,4",True
float32,4,1.6e-07,1.604e-07,473,260,"1,4",False
float64,4,1.6e-07,1.604e-07,475,260,"3,4",True
float32,4,1.8e-07,1.819e-07,473,260,"1,4",False
float64,4,1.8e-07,1.819e-07,475,260,"3,4",True
float32,4,2.0e-07,2.024e-07,475,260,"3,4",True
float64,4,2.0e-07,2.024e-07,475,260,"3,4",True
float32,4,2.2e-07,2.207e-07,475,260,"3,4",True
float64,4,2.2e-07,2.207e-07,475,260,"3,4",True
float32,4,2.4e-07,2.394e-07,473,260,"1,4",False
float64,4,2.4e-07,2.394e-07,475,260,"3,4",True
float32,4,2.6e-07,2.610e-07,475,260,"3,4",True
float64,4,2.6e-07,2.610e-07,475,260,"3,4",True
float32,4,2.8e-07,2.797e-07,475,260,"3,4",True
float64,4,2.8e-07,2.797e-07,475,260,"3,4",True
float32,4,3.0e-07,3.003e-07,475,260,"3,4",True
float64,4,3.0e-07,3.003e-07,475,260,"3,4",True
float32,4,3.2e-07,3.201e-07,474,260,"2,4",False
float64,4,3.2e-07,3.201e-07,475,260,"3,4",True
float32,4,3.4e-07,3.392e-07,475,260,"3,4",True
float64,4,3.4e-07,3.392e-07,475,260,"3,4",True
float32,4,3.6e-07,3.600e-07,474,260,"2,4",False
float64,4,3.6e-07,3.600e-07,475,260,"3,4",True
float32,4,3.8e-07,3.801e-07,474,260,"2,4",False
float64,4,3.8e-07,3.801e-07,475,260,"3,4",True
float32,4,4.0e-07,3.966e-07,475,260,"3,4",True
float64,4,4.0e-07,3.966e-07,475,260,"3,4",True
float32,4,4.2e-07,4.202e-07,474,260,"2,4",False
float64,4,4.2e-07,4.202e-07,475,260,"3,4",True
float32,4,4.4e-07,4.385e-07,474,260,"2,4",False
float64,4,4.4e-07,4.385e-07,475,260,"3,4",True
float32,4,4.6e-07,4.626e-07,475,260,"3,4",True
float64,4,4.6e-07,4.626e-07,475,260,"3,4",True
float32,4,4.8e-07,4.845e-07,475,260,"3,4",True
float64,4,4.8e-07,4.845e-07,475,260,"3,4",True
float32,4,5.0e-07,5.033e-07,475,260,"3,4",True
float64,4,5.0e-07,5.033e-07,475,260,"3,4",True
float32,4,5.2e-07,5.202e-07,475,260,"3,4",True
float64,4,5.2e-07,5.202e-07,475,260,"3,4",True
float32,4,5.4e-07,5.387e-07,475,260,"3,4",True
float64,4,5.4e-07,5.387e-07,475,260,"3,4",True
float32,4,5.6e-07,5.567e-07,475,260,"3,4",True
float64,4,5.6e-07,5.567e-07,475,260,"3,4",True
float32,4,5.8e-07,5.775e-07,475,260,"3,4",True
float64,4,5.8e-07,5.775e-07,475,260,"3,4",True
float32,4,6.0e-07,5.960e-07,475,260,"3,4",True
float64,4,6.0e-07,5.960e-07,475,260,"3,4",True
float32,4,6.2e-07,6.165e-07,475,260,"3,4",True
float64,4,6.2e-07,6.165e-07,475,260,"3,4",True
float32,4,6.4e-07,6.357e-07,474,260,"2,4",False
float64,4,6.4e-07,6.357e-07,475,260,"3,4",True
float32,4,6.6e-07,6.577e-07,475,260,"3,4",True
float64,4,6.6e-07,6.577e-07,475,260,"3,4",True
float32,4,6.8e-07,6.806e-07,475,260,"3,4",True
float64,4,6.8e-07,6.806e-07,475,260,"3,4",True
float32,4,7.0e-07,7.034e-07,475,260,"3,4",True
float64,4,7.0e-07,7.034e-07,475,260,"3,4",True
float32,4,7.2e-07,7.195e-07,475,260,"3,4",True
float64,4,7.2e-07,7.195e-07,475,260,"3,4",True
float32,4,7.4e-07,7.427e-07,475,260,"3,4",True
float64,4,7.4e-07,7.427e-07,475,260,"3,4",True
float32,4,7.6e-07,7.623e-07,475,260,"3,4",True
float64,4,7.6e-07,7.623e-07,475,260,"3,4",True
float32,4,7.8e-07,7.831e-07,475,260,"3,4",True
float64,4,7.8e-07,7.831e-07,475,260,"3,4",True
float32,4,8.0e-07,8.030e-07,475,260,"3,4",True
float64,4,8.0e-07,8.030e-07,475,260,"3,4",True
float32,4,8.2e-07,8.237e-07,475,260,"3,4",True
float64,4,8.2e-07,8.237e-07,475,260,"3,4",True
float32,4,8.4e-07,8.427e-07,475,260,"3,4",True
float64,4,8.4e-07,8.427e-07,475,260,"3,4",True
float32,4,8.6e-07,8.619e-07,475,260,"3,4",True
float64,4,8.6e-07,8.619e-07,475,260,"3,4",True
float32,4,8.8e-07,8.809e-07,475,260,"3,4",True
float64,4,8.8e-07,8.809e-07,475,260,"3,4",True
float32,4,9.0e-07,9.001e-07,475,260,"3,4",True
float64,4,9.0e-07,9.001e-07,475,260,"3,4",True
float32,4,9.2e-07,9.183e-07,475,260,"3,4",True
float64,4,9.2e-07,9.183e-07,475,260,"3,4",True
float32,4,9.4e-07,9.387e-07,475,260,"3,4",True
float64,4,9.4e-07,9.387e-07,475,260,"3,4",True
float32,4,9.6e-07,9.596e-07,475,260,"3,4",True
float64,4,9.6e-07,9.596e-07,475,260,"3,4",True
float32,4,9.8e-07,9.796e-07,475,260,"3,4",True
float64,4,9.8e-07,9.796e-07,475,260,"3,4",True
float32,4,1.0e-06,1.001e-06,475,260,"3,4",True
float64,4,1.0e-06,1.001e-06,475,260,"3,4",True
float32,5,-1.0e-06,-9.977e-07,468,260,"4,4",True
float64,5,-1.0e-06,-9.977e-07,468,260,"4,4",True
float32,5,-9.8e-07,-9.804e-07,468,260,"4,4",True
float64,5,-9.8e-07,-9.804e-07,468,260,"4,4",True
float32,5,-9.6e-07,-9.607e-07,468,260,"4,4",True
float64,5,-9.6e-07,-9.607e-07,468,260,"4,4",True
float32,5,-9.4e-07,-9.436e-07,468,260,"4,4",True
float64,5,-9.4e-07,-9.436e-07,468,260,"4,4",True
float32,5,-9.2e-07,-9.246e-07,468,260,"4,4",True
float64,5,-9.2e-07,-9.246e-07,468,260,"4,4",True
float32,5,-9.0e-07,-9.042e-07,468,260,"4,4",True
float64,5,-9.0e-07,-9.042e-07,468,260,"4,4",True
float32,5,-8.8e-07,-8.816e-07,468,260,"4,4",True
float64,5,-8.8e-07,-8.816e-07,468,260,"4,4",True
float32,5,-8.6e-07,-8.617e-07,468,260,"4,4",True
float64,5,-8.6e-07,-8.617e-07,468,260,"4,4",True
float32,5,-8.4e-07,-8.454e-07,468,260,"4,4",True
float64,5,-8.4e-07,-8.454e-07,468,260,"4,4",True
float32,5,-8.2e-07,-8.260e-07,468,260,"4,4",True
float64,5,-8.2e-07,-8.260e-07,468,260,"4,4",True
float32,5,-8.0e-07,-8.044e-07,468,260,"4,4",True
float64,5,-8.0e-07,-8.044e-07,468,260,"4,4",True
float32,5,-7.8e-07,-7.863e-07,468,260,"4,4",True
float64,5,-7.8e-07,-7.863e-07,468,260,"4,4",True
float32,5,-7.6e-07,-7.616e-07,468,260,"4,4",True
float64,5,-7.6e-07,-7.616e-07,468,260,"4,4",True
float32,5,-7.4e-07,-7.428e-07,468,260,"4,4",True
float64,5,-7.4e-07,-7.428e-07,468,260,"4,4",True
float32,5,-7.2e-07,-7.215e-07,468,260,"4,4",True
float64,5,-7.2e-07,-7.215e-07,468,260,"4,4",True
float32,5,-7.0e-07,-6.930e-07,468,260,"4,4",True
float64,5,-7.0e-07,-6.930e-07,468,260,"4,4",True
float32,5,-6.8e-07,-6.704e-07,468,260,"4,4",True
float64,5,-6.8e-07,-6.704e-07,468,260,"4,4",True
float32,5,-6.6e-07,-6.532e-07,468,260,"4,4",True
float64,5,-6.6e-07,-6.532e-07,468,260,"4,4",True
float32,5,-6.4e-07,-6.340e-07,468,260,"4,4",True
float64,5,-6.4e-07,-6.340e-07,468,260,"4,4",True
float32,5,-6.2e-07,-6.149e-07,468,260,"4,4",True
float64,5,-6.2e-07,-6.149e-07,468,260,"4,4",True
float32,5,-6.0e-07,-5.979e-07,468,260,"4,4",True
float64,5,-6.0e-07,-5.979e-07,468,260,"4,4",True
float32,5,-5.8e-07,-5.759e-07,468,260,"4,4",True
float64,5,-5.8e-07,-5.759e-07,468,260,"4,4",True
float32,5,-5.6e-07,-5.587e-07,468,260,"4,4",True
float64,5,-5.6e-07,-5.587e-07,468,260,"4,4",True
float32,5,-5.4e-07,-5.408e-07,468,260,"4,4",True
float64,5,-5.4e-07,-5.408e-07,468,260,"4,4",True
float32,5,-5.2e-07,-5.208e-07,468,260,"4,4",True
float64,5,-5.2e-07,-5.208e-07,468,260,"4,4",True
float32,5,-5.0e-07,-5.021e-07,468,260,"4,4",True
float64,5,-5.0e-07,-5.021e-07,468,260,"4,4",True
float32,5,-4.8e-07,-4.820e-07,468,260,"4,4",True
float64,5,-4.8e-07,-4.820e-07,468,260,"4,4",True
float32,5,-4.6e-07,-4.587e-07,468,260,"4,4",True
float64,5,-4.6e-07,-4.587e-07,468,260,"4,4",True
float32,5,-4.4e-07,-4.375e-07,468,260,"4,4",True
float64,5,-4.4e-07,-4.375e-07,468,260,"4,4",True
float32,5,-4.2e-07,-4.186e-07,468,260,"4,4",True
float64,5,-4.2e-07,-4.186e-07,468,260,"4,4",True
float32,5,-4.0e-07,-3.999e-07,468,260,"4,4",True
float64,5,-4.0e-07,-3.999e-07,468,260,"4,4",True
float32,5,-3.8e-07,-3.782e-07,468,260,"4,4",True
float64,5,-3.8e-07,-3.782e-07,468,260,"4,4",True
float32,5,-3.6e-07,-3.611e-07,468,260,"4,4",True
float64,5,-3.6e-07,-3.611e-07,468,260,"4,4",True
float32,5,-3.4e-07,-3.414e-07,468,260,"4,4",True
float64,5,-3.4e-07,-3.414e-07,468,260,"4,4",True
float32,5,-3.2e-07,-3.194e-07,468,260,"4,4",True
float64,5,-3.2e-07,-3.194e-07,468,260,"4,4",True
float32,5,-3.0e-07,-2.994e-07,468,260,"4,4",True
float64,5,-3.0e-07,-2.994e-07,468,260,"4,4",True
float32,5,-2.8e-07,-2.772e-07,468,260,"4,4",True
float64,5,-2.8e-07,-2.772e-07,468,260,"4,4",True
float32,5,-2.6e-07,-2.596e-07,468,260,"4,4",True
float64,5,-2.6e-07,-2.596e-07,468,260,"4,4",True
float32,5,-2.4e-07,-2.378e-07,468,260,"4,4",True
float64,5,-2.4e-07,-2.378e-07,468,260,"4,4",True
float32,5,-2.2e-07,-2.190e-07,468,260,"4,4",True
float64,5,-2.2e-07,-2.190e-07,468,260,"4,4",True
float32,5,-2.0e-07,-2.029e-07,468,260,"4,4",True
float64,5,-2.0e-07,-2.029e-07,468,260,"4,4",True
float32,5,-1.8e-07,-1.842e-07,468,260,"4,4",True
float64,5,-1.8e-07,-1.842e-07,468,260,"4,4",True
float32,5,-1.6e-07,-1.641e-07,468,260,"4,4",True
float64,5,-1.6e-07,-1.641e-07,468,260,"4,4",True
float32,5,-1.4e-07,-1.445e-07,468,260,"4,4",True
float64,5,-1.4e-07,-1.445e-07,468,260,"4,4",True
float32,5,-1.2e-07,-1.253e-07,469,260,"5,4",False
float64,5,-1.2e-07,-1.253e-07,468,260,"4,4",True
float32,5,-1.0e-07,-1.020e-07,469,260,"5,4",False
float64,5,-1.0e-07,-1.020e-07,468,260,"4,4",True
float32,5,-8.0e-08,-8.432e-08,468,260,"4,4",True
float64,5,-8.0e-08,-8.432e-08,468,260,"4,4",True
float32,5,-6.0e-08,-6.355e-08,468,260,"4,4",True
float64,5,-6.0e-08,-6.355e-08,468,260,"4,4",True
float32,5,-4.0e-08,-4.352e-08,468,260,"4,4",True
float64,5,-4.0e-08,-4.352e-08,468,260,"4,4",True
float32,5,-2.0e-08,-1.932e-08,473,260,"1,4",False
float64,5,-2.0e-08,-1.932e-08,468,260,"4,4",True
float32,5,0.0e+00,-3.719e-10,473,260,"1,4",False
float64,5,0.0e+00,-3.719e-10,468,260,"4,4",True
float32,5,2.0e-08,2.135e-08,473,260,"1,4",False
float64,5,2.0e-08,2.135e-08,475,260,"3,4",True
float32,5,4.0e-08,3.997e-08,473,260,"1,4",False
float64,5,4.0e-08,3.997e-08,475,260,"3,4",True
float32,5,6.0e-08,5.740e-08,473,260,"1,4",False
float64,5,6.0e-08,5.740e-08,475,260,"3,4",True
float32,5,8.0e-08,7.561e-08,473,260,"1,4",False
float64,5,8.0e-08,7.561e-08,475,260,"3,4",True
float32,5,1.0e-07,9.836e-08,473,260,"1,4",False
float64,5,1.0e-07,9.836e-08,475,260,"3,4",True
float32,5,1.2e-07,1.224e-07,475,260,"3,4",True
float64,5,1.2e-07,1.224e-07,475,260,"3,4",True
float32,5,1.4e-07,1.452e-07,475,260,"3,4",True
float64,5,1.4e-07,1.452e-07,475,260,"3,4",True
float32,5,1.6e-07,1.656e-07,475,260,"3,4",True
float64,5,1.6e-07,1.656e-07,475,260,"3,4",True
float32,5,1.8e-07,1.856e-07,475,260,"3,4",True
float64,5,1.8e-07,1.856e-07,475,260,"3,4",True
float32,5,2.0e-07,2.055e-07,475,260,"3,4",True
float64,5,2.0e-07,2.055e-07,475,260,"3,4",True
float32,5,2.2e-07,2.215e-07,474,260,"2,4",False
float64,5,2.2e-07,2.215e-07,475,260,"3,4",True
float32,5,2.4e-07,2.388e-07,474,260,"2,4",False
float64,5,2.4e-07,2.388e-07,475,260,"3,4",True
float32,5,2.6e-07,2.610e-07,474,260,"2,4",False
float64,5,2.6e-07,2.610e-07,475,260,"3,4",True
float32,5,2.8e-07,2.798e-07,474,260,"2,4",False
float64,5,2.8e-07,2.798e-07,475,260,"3,4",True
float32,5,3.0e-07,3.003e-07,474,260,"2,4",False
float64,5,3.0e-07,3.003e-07,475,260,"3,4",True
float32,5,3.2e-07,3.202e-07,474,260,"2,4",False
float64,5,3.2e-07,3.202e-07,475,260,"3,4",True
float32,5,3.4e-07,3.379e-07,475,260,"3,4",True
float64,5,3.4e-07,3.379e-07,475,260,"3,4",True
float32,5,3.6e-07,3.559e-07,475,260,"3,4",True
float64,5,3.6e-07,3.559e-07,475,260,"3,4",True
float32,5,3.8e-07,3.767e-07,475,260,"3,4",True
float64,5,3.8e-07,3.767e-07,475,260,"3,4",True
float32,5,4.0e-07,4.017e-07,474,260,"2,4",False
float64,5,4.0e-07,4.017e-07,475,260,"3,4",True
float32,5,4.2e-07,4.205e-07,475,260,"3,4",True
float64,5,4.2e-07,4.205e-07,475,260,"3,4",True
float32,5,4.4e-07,4.370e-07,475,260,"3,4",True
float64,5,4.4e-07,4.370e-07,475,260,"3,4",True
float32,5,4.6e-07,4.571e-07,475,260,"3,4",True
float64,5,4.6e-07,4.571e-07,475,260,"3,4",True
float32,5,4.8e-07,4.803e-07,475,260,"3,4",True
float64,5,4.8e-07,4.803e-07,475,260,"3,4",True
float32,5,5.0e-07,5.042e-07,475,260,"3,4",True
float64,5,5.0e-07,5.042e-07,475,260,"3,4",True
float32,5,5.2e-07,5.216e-07,475,260,"3,4",True
float64,5,5.2e-07,5.216e-07,475,260,"3,4",True
float32,5,5.4e-07,5.394e-07,475,260,"3,4",True
float64,5,5.4e-07,5.394e-07,475,260,"3,4",True
float32,5,5.6e-07,5.619e-07,475,260,"3,4",True
float64,5,5.6e-07,5.619e-07,475,260,"3,4",True
float32,5,5.8e-07,5.834e-07,475,260,"3,4",True
float64,5,5.8e-07,5.834e-07,475,260,"3,4",True
float32,5,6.0e-07,6.005e-07,475,260,"3,4",True
float64,5,6.0e-07,6.005e-07,475,260,"3,4",True
float32,5,6.2e-07,6.228e-07,475,260,"3,4",True
float64,5,6.2e-07,6.228e-07,475,260,"3,4",True
float32,5,6.4e-07,6.452e-07,475,260,"3,4",True
float64,5,6.4e-07,6.452e-07,475,260,"3,4",True
float32,5,6.6e-07,6.654e-07,475,260,"3,4",True
float64,5,6.6e-07,6.654e-07,475,260,"3,4",True
float32,5,6.8e-07,6.824e-07,475,260,"3,4",True
float64,5,6.8e-07,6.824e-07,475,260,"3,4",True
float32,5,7.0e-07,7.003e-07,475,260,"3,4",True
float64,5,7.0e-07,7.003e-07,475,260,"3,4",True
float32,5,7.2e-07,7.172e-07,475,260,"3,4",True
float64,5,7.2e-07,7.172e-07,475,260,"3,4",True
float32,5,7.4e-07,7.378e-07,475,260,"3,4",True
float64,5,7.4e-07,7.378e-07,475,260,"3,4",True
float32,5,7.6e-07,7.554e-07,475,260,"3,4",True
float64,5,7.6e-07,7.554e-07,475,260,"3,4",True
float32,5,7.8e-07,7.768e-07,475,260,"3,4",True
float64,5,7.8e-07,7.768e-07,475,260,"3,4",True
float32,5,8.0e-07,7.968e-07,475,260,"3,4",True
float64,5,8.0e-07,7.968e-07,475,260,"3,4",True
float32,5,8.2e-07,8.171e-07,475,260,"3,4",True
float64,5,8.2e-07,8.171e-07,475,260,"3,4",True
float32,5,8.4e-07,8.393e-07,475,260,"3,4",True
float64,5,8.4e-07,8.393e-07,475,260,"3,4",True
float32,5,8.6e-07,8.577e-07,475,260,"3,4",True
float64,5,8.6e-07,8.577e-07,475,260,"3,4",True
float32,5,8.8e-07,8.768e-07,475,260,"3,4",True
float64,5,8.8e-07,8.768e-07,475,260,"3,4",True
float32,5,9.0e-07,8.964e-07,475,260,"3,4",True
float64,5,9.0e-07,8.964e-07,475,260,"3,4",True
float32,5,9.2e-07,9.162e-07,475,260,"3,4",True
float64,5,9.2e-07,9.162e-07,475,260,"3,4",True
float32,5,9.4e-07,9.334e-07,475,260,"3,4",True
float64,5,9.4e-07,9.334e-07,475,260,"3,4",True
float32,5,9.6e-07,9.562e-07,475,260,"3,4",True
float64,5,9.6e-07,9.562e-07,475,260,"3,4",True
float32,5,9.8e-07,9.790e-07,475,260,"3,4",True
float64,5,9.8e-07,9.790e-07,475,260,"3,4",True
float32,5,1.0e-06,9.999e-07,475,260,"3,4",True
float64,5,1.0e-06,9.999e-07,475,260,"3,4",True
float32,6,-1.0e-06,-9.993e-07,468,260,"4,4",True
float64,6,-1.0e-06,-9.993e-07,468,260,"4,4",True
float32,6,-9.8e-07,-9.804e-07,468,260,"4,4",True
float64,6,-9.8e-07,-9.804e-07,468,260,"4,4",True
float32,6,-9.6e-07,-9.612e-07,468,260,"4,4",True
float64,6,-9.6e-07,-9.612e-07,468,260,"4,4",True
float32,6,-9.4e-07,-9.434e-07,468,260,"4,4",True
float64,6,-9.4e-07,-9.434e-07,468,260,"4,4",True
float32,6,-9.2e-07,-9.227e-07,468,260,"4,4",True
float64,6,-9.2e-07,-9.227e-07,468,260,"4,4",True
float32,6,-9.0e-07,-9.037e-07,468,260,"4,4",True
float64,6,-9.0e-07,-9.037e-07,468,260,"4,4",True
float32,6,-8.8e-07,-8.851e-07,468,260,"4,4",True
float64,6,-8.8e-07,-8.851e-07,468,260,"4,4",True
float32,6,-8.6e-07,-8.679e-07,468,260,"4,4",True
float64,6,-8.6e-07,-8.679e-07,468,260,"4,4",True
float32,6,-8.4e-07,-8.444e-07,468,260,"4,4",True
float64,6,-8.4e-07,-8.444e-07,468,260,"4,4",True
float32,6,-8.2e-07,-8.216e-07,468,260,"4,4",True
float64,6,-8.2e-07,-8.216e-07,468,260,"4,4",True
float32,6,-8.0e-07,-8.001e-07,468,260,"4,4",True
float64,6,-8.0e-07,-8.001e-07,468,260,"4,4",True
float32,6,-7.8e-07,-7.805e-07,468,260,"4,4",True
float64,6,-7.8e-07,-7.805e-07,468,260,"4,4",True
float32,6,-7.6e-07,-7.558e-07,468,260,"4,4",True
float64,6,-7.6e-07,-7.558e-07,468,260,"4,4",True
float32,6,-7.4e-07,-7.361e-07,468,260,"4,4",True
float64,6,-7.4e-07,-7.361e-07,468,260,"4,4",True
float32,6,-7.2e-07,-7.155e-07,468,260,"4,4",True
float64,6,-7.2e-07,-7.155e-07,468,260,"4,4",True
float32,6,-7.0e-07,-6.939e-07,468,260,"4,4",True
float64,6,-7.0e-07,-6.939e-07,468,260,"4,4",True
float32,6,-6.8e-07,-6.772e-07,468,260,"4,4",True
float64,6,-6.8e-07,-6.772e-07,468,260,"4,4",True
float32,6,-6.6e-07,-6.589e-07,468,260,"4,4",True
float64,6,-6.6e-07,-6.589e-07,468,260,"4,4",True
float32,6,-6.4e-07,-6.379e-07,468,260,"4,4",True
float64,6,-6.4e-07,-6.379e-07,468,260,"4,4",True
float32,6,-6.2e-07,-6.192e-07,468,260,"4,4",True
float64,6,-6.2e-07,-6.192e-07,468,260,"4,4",True
float32,6,-6.0e-07,-5.993e-07,468,260,"4,4",True
float64,6,-6.0e-07,-5.993e-07,468,260,"4,4",True
float32,6,-5.8e-07,-5.807e-07,468,260,"4,4",True
float64,6,-5.8e-07,-5.807e-07,468,260,"4,4",True
float32,6,-5.6e-07,-5.645e-07,468,260,"4,4",True
float64,6,-5.6e-07,-5.645e-07,468,260,"4,4",True
float32,6,-5.4e-07,-5.411e-07,468,260,"4,4",True
float64,6,-5.4e-07,-5.411e-07,468,260,"4,4",True
float32,6,-5.2e-07,-5.229e-07,468,260,"4,4",True
float64,6,-5.2e-07,-5.229e-07,468,260,"4,4",True
float32,6,-5.0e-07,-5.059e-07,468,260,"4,4",True
float64,6,-5.0e-07,-5.059e-07,468,260,"4,4",True
float32,6,-4.8e-07,-4.833e-07,468,260,"4,4",True
float64,6,-4.8e-07,-4.833e-07,468,260,"4,4",True
float32,6,-4.6e-07,-4.620e-07,468,260,"4,4",True
float64,6,-4.6e-07,-4.620e-07,468,260,"4,4",True
float32,6,-4.4e-07,-4.398e-07,468,260,"4,4",True
float64,6,-4.4e-07,-4.398e-07,468,260,"4,4",True
float32,6,-4.2e-07,-4.179e-07,468,260,"4,4",True
float64,6,-4.2e-07,-4.179e-07,468,260,"4,4",True
float32,6,-4.0e-07,-3.967e-07,468,260,"4,4",True
float64,6,-4.0e-07,-3.967e-07,468,260,"4,4",True
float32,6,-3.8e-07,-3.779e-07,468,260,"4,4",True
float64,6,-3.8e-07,-3.779e-07,468,260,"4,4",True
float32,6,-3.6e-07,-3.568e-07,468,260,"4,4",True
float64,6,-3.6e-07,-3.568e-07,468,260,"4,4",True
float32,6,-3.4e-07,-3.390e-07,468,260,"4,4",True
float64,6,-3.4e-07,-3.390e-07,468,260,"4,4",True
float32,6,-3.2e-07,-3.201e-07,468,260,"4,4",True
float64,6,-3.2e-07,-3.201e-07,468,260,"4,4",True
float32,6,-3.0e-07,-2.988e-07,468,260,"4,4",True
float64,6,-3.0e-07,-2.988e-07,468,260,"4,4",True
float32,6,-2.8e-07,-2.780e-07,468,260,"4,4",True
float64,6,-2.8e-07,-2.780e-07,468,260,"4,4",True
float32,6,-2.6e-07,-2.589e-07,468,260,"4,4",True
float64,6,-2.6e-07,-2.589e-07,468,260,"4,4",True
float32,6,-2.4e-07,-2.394e-07,468,260,"4,4",True
float64,6,-2.4e-07,-2.394e-07,468,260,"4,4",True
float32,6,-2.2e-07,-2.212e-07,468,260,"4,4",True
float64,6,-2.2e-07,-2.212e-07,468,260,"4,4",True
float32,6,-2.0e-07,-2.025e-07,468,260,"4,4",True
float64,6,-2.0e-07,-2.025e-07,468,260,"4,4",True
float32,6,-1.8e-07,-1.858e-07,468,260,"4,4",True
float64,6,-1.8e-07,-1.858e-07,468,260,"4,4",True
float32,6,-1.6e-07,-1.610e-07,468,260,"4,4",True
float64,6,-1.6e-07,-1.610e-07,468,260,"4,4",True
float32,6,-1.4e-07,-1.424e-07,468,260,"4,4",True
float64,6,-1.4e-07,-1.424e-07,468,260,"4,4",True
float32,6,-1.2e-07,-1.222e-07,468,260,"4,4",True
float64,6,-1.2e-07,-1.222e-07,468,260,"4,4",True
float32,6,-1.0e-07,-1.000e-07,468,260,"4,4",True
float64,6,-1.0e-07,-1.000e-07,468,260,"4,4",True
float32,6,-8.0e-08,-7.758e-08,468,260,"4,4",True
float64,6,-8.0e-08,-7.758e-08,468,260,"4,4",True
float32,6,-6.0e-08,-5.888e-08,468,260,"4,4",True
float64,6,-6.0e-08,-5.888e-08,468,260,"4,4",True
float32,6,-4.0e-08,-3.721e-08,468,260,"4,4",True
float64,6,-4.0e-08,-3.721e-08,468,260,"4,4",True
float32,6,-2.0e-08,-1.593e-08,473,260,"1,4",False
float64,6,-2.0e-08,-1.593e-08,468,260,"4,4",True
float32,6,0.0e+00,2.569e-09,469,260,"5,4",False
float64,6,0.0e+00,2.569e-09,475,260,"3,4",True
float32,6,2.0e-08,2.048e-08,475,260,"3,4",True
float64,6,2.0e-08,2.048e-08,475,260,"3,4",True
float32,6,4.0e-08,3.754e-08,474,260,"2,4",False
float64,6,4.0e-08,3.754e-08,475,260,"3,4",True
float32,6,6.0e-08,5.794e-08,475,260,"3,4",True
float64,6,6.0e-08,5.794e-08,475,260,"3,4",True
float32,6,8.0e-08,8.204e-08,475,260,"3,4",True
float64,6,8.0e-08,8.204e-08,475,260,"3,4",True
float32,6,1.0e-07,1.016e-07,473,260,"1,4",False
float64,6,1.0e-07,1.016e-07,475,260,"3,4",True
float32,6,1.2e-07,1.218e-07,473,260,"1,4",False
float64,6,1.2e-07,1.218e-07,475,260,"3,4",True
float32,6,1.4e-07,1.414e-07,473,260,"1,4",False
float64,6,1.4e-07,1.414e-07,475,260,"3,4",True
float32,6,1.6e-07,1.617e-07,475,260,"3,4",True
float64,6,1.6e-07,1.617e-07,475,260,"3,4",True
float32,6,1.8e-07,1.783e-07,475,260,"3,4",True
float64,6,1.8e-07,1.783e-07,475,260,"3,4",True
float32,6,2.0e-07,1.998e-07,472,260,"0,4",False
float64,6,2.0e-07,1.998e-07,475,260,"3,4",True
float32,6,2.2e-07,2.204e-07,475,260,"3,4",True
float64,6,2.2e-07,2.204e-07,475,260,"3,4",True
float32,6,2.4e-07,2.372e-07,474,260,"2,4",False
float64,6,2.4e-07,2.372e-07,475,260,"3,4",True
float32,6,2.6e-07,2.583e-07,474,260,"2,4",False
float64,6,2.6e-07,2.583e-07,475,260,"3,4",True
float32,6,2.8e-07,2.787e-07,474,260,"2,4",False
float64,6,2.8e-07,2.787e-07,475,260,"3,4",True
float32,6,3.0e-07,2.969e-07,474,260,"2,4",False
float64,6,3.0e-07,2.969e-07,475,260,"3,4",True
float32,6,3.2e-07,3.185e-07,474,260,"2,4",False
float64,6,3.2e-07,3.185e-07,475,260,"3,4",True
float32,6,3.4e-07,3.369e-07,474,260,"2,4",False
float64,6,3.4e-07,3.369e-07,475,260,"3,4",True
float32,6,3.6e-07,3.555e-07,475,260,"3,4",True
float64,6,3.6e-07,3.555e-07,475,260,"3,4",True
float32,6,3.8e-07,3.768e-07,474,260,"2,4",False
float64,6,3.8e-07,3.768e-07,475,260,"3,4",True
float32,6,4.0e-07,3.954e-07,474,260,"2,4",False
float64,6,4.0e-07,3.954e-07,475,260,"3,4",True
float32,6,4.2e-07,4.174e-07,475,260,"3,4",True
float64,6,4.2e-07,4.174e-07,475,260,"3,4",True
float32,6,4.4e-07,4.427e-07,475,260,"3,4",True
float64,6,4.4e-07,4.427e-07,475,260,"3,4",True
float32,6,4.6e-07,4.616e-07,474,260,"2,4",False
float64,6,4.6e-07,4.616e-07,475,260,"3,4",True
float32,6,4.8e-07,4.829e-07,475,260,"3,4",True
float64,6,4.8e-07,4.829e-07,475,260,"3,4",True
float32,6,5.0e-07,5.010e-07,475,260,"3,4",True
float64,6,5.0e-07,5.010e-07,475,260,"3,4",True
float32,6,5.2e-07,5.260e-07,475,260,"3,4",True
float64,6,5.2e-07,5.260e-07,475,260,"3,4",True
float32,6,5.4e-07,5.468e-07,475,260,"3,4",True
float64,6,5.4e-07,5.468e-07,475,260,"3,4",True
float32,6,5.6e-07,5.676e-07,475,260,"3,4",True
float64,6,5.6e-07,5.676e-07,475,260,"3,4",True
float32,6,5.8e-07,5.864e-07,475,260,"3,4",True
float64,6,5.8e-07,5.864e-07,475,260,"3,4",True
float32,6,6.0e-07,6.031e-07,475,260,"3,4",True
float64,6,6.0e-07,6.031e-07,475,260,"3,4",True
float32,6,6.2e-07,6.211e-07,475,260,"3,4",True
float64,6,6.2e-07,6.211e-07,475,260,"3,4",True
float32,6,6.4e-07,6.402e-07,475,260,"3,4",True
float64,6,6.4e-07,6.402e-07,475,260,"3,4",True
float32,6,6.6e-07,6.585e-07,475,260,"3,4",True
float64,6,6.6e-07,6.585e-07,475,260,"3,4",True
float32,6,6.8e-07,6.783e-07,475,260,"3,4",True
float64,6,6.8e-07,6.783e-07,475,260,"3,4",True
float32,6,7.0e-07,6.988e-07,475,260,"3,4",True
float64,6,7.0e-07,6.988e-07,475,260,"3,4",True
float32,6,7.2e-07,7.167e-07,475,260,"3,4",True
float64,6,7.2e-07,7.167e-07,475,260,"3,4",True
float32,6,7.4e-07,7.374e-07,475,260,"3,4",True
float64,6,7.4e-07,7.374e-07,475,260,"3,4",True
float32,6,7.6e-07,7.568e-07,475,260,"3,4",True
float64,6,7.6e-07,7.568e-07,475,260,"3,4",True
float32,6,7.8e-07,7.744e-07,475,260,"3,4",True
float64,6,7.8e-07,7.744e-07,475,260,"3,4",True
float32,6,8.0e-07,7.966e-07,475,260,"3,4",True
float64,6,8.0e-07,7.966e-07,475,260,"3,4",True
float32,6,8.2e-07,8.189e-07,475,260,"3,4",True
float64,6,8.2e-07,8.189e-07,475,260,"3,4",True
float32,6,8.4e-07,8.380e-07,475,260,"3,4",True
float64,6,8.4e-07,8.380e-07,475,260,"3,4",True
float32,6,8.6e-07,8.602e-07,475,260,"3,4",True
float64,6,8.6e-07,8.602e-07,475,260,"3,4",True
float32,6,8.8e-07,8.779e-07,475,260,"3,4",True
float64,6,8.8e-07,8.779e-07,475,260,"3,4",True
float32,6,9.0e-07,8.994e-07,475,260,"3,4",True
float64,6,9.0e-07,8.994e-07,475,260,"3,4",True
float32,6,9.2e-07,9.159e-07,475,260,"3,4",True
float64,6,9.2e-07,9.159e-07,475,260,"3,4",True
float32,6,9.4e-07,9.330e-07,475,260,"3,4",True
float64,6,9.4e-07,9.330e-07,475,260,"3,4",True
float32,6,9.6e-07,9.531e-07,475,260,"3,4",True
float64,6,9.6e-07,9.531e-07,475,260,"3,4",True
float32,6,9.8e-07,9.763e-07,475,260,"3,4",True
float64,6,9.8e-07,9.763e-07,475,260,"3,4",True
float32,6,1.0e-06,1.002e-06,475,260,"3,4",True
float64,6,1.0e-06,1.002e-06,475,260,"3,4",True
float32,7,-1.0e-06,-1.000e-06,468,260,"4,4",True
float64,7,-1.0e-06,-1.000e-06,468,260,"4,4",True
float32,7,-9.8e-07,-9.785e-07,468,260,"4,4",True
float64,7,-9.8e-07,-9.785e-07,468,260,"4,4",True
float32,7,-9.6e-07,-9.579e-07,468,260,"4,4",True
float64,7,-9.6e-07,-9.579e-07,468,260,"4,4",True
float32,7,-9.4e-07,-9.411e-07,468,260,"4,4",True
float64,7,-9.4e-07,-9.411e-07,468,260,"4,4",True
float32,7,-9.2e-07,-9.204e-07,468,260,"4,4",True
float64,7,-9.2e-07,-9.204e-07,468,260,"4,4",True
float32,7,-9.0e-07,-9.012e-07,468,260,"4,4",True
float64,7,-9.0e-07,-9.012e-07,468,260,"4,4",True
float32,7,-8.8e-07,-8.829e-07,468,260,"4,4",True
float64,7,-8.8e-07,-8.829e-07,468,260,"4,4",True
float32,7,-8.6e-07,-8.640e-07,468,260,"4,4",True
float64,7,-8.6e-07,-8.640e-07,468,260,"4,4",True
float32,7,-8.4e-07,-8.446e-07,468,260,"4,4",True
float64,7,-8.4e-07,-8.446e-07,468,260,"4,4",True
float32,7,-8.2e-07,-8.231e-07,468,260,"4,4",True
float64,7,-8.2e-07,-8.231e-07,468,260,"4,4",True
float32,7,-8.0e-07,-8.051e-07,468,260,"4,4",True
float64,7,-8.0e-07,-8.051e-07,468,260,"4,4",True
float32,7,-7.8e-07,-7.774e-07,468,260,"4,4",True
float64,7,-7.8e-07,-7.774e-07,468,260,"4,4",True
float32,7,-7.6e-07,-7.572e-07,468,260,"4,4",True
float64,7,-7.6e-07,-7.572e-07,468,260,"4,4",True
float32,7,-7.4e-07,-7.399e-07,468,260,"4,4",True
float64,7,-7.4e-07,-7.399e-07,468,260,"4,4",True
float32,7,-7.2e-07,-7.188e-07,468,260,"4,4",True
float64,7,-7.2e-07,-7.188e-07,468,260,"4,4",True
float32,7,-7.0e-07,-7.015e-07,468,260,"4,4",True
float64,7,-7.0e-07,-7.015e-07,468,260,"4,4",True
float32,7,-6.8e-07,-6.813e-07,468,260,"4,4",True
float64,7,-6.8e-07,-6.813e-07,468,260,"4,4",True
float32,7,-6.6e-07,-6.590e-07,468,260,"4,4",True
float64,7,-6.6e-07,-6.590e-07,468,260,"4,4",True
float32,7,-6.4e-07,-6.382e-07,468,260,"4,4",True
float64,7,-6.4e-07,-6.382e-07,468,260,"4,4",True
float32,7,-6.2e-07,-6.193e-07,468,260,"4,4",True
float64,7,-6.2e-07,-6.193e-07,468,260,"4,4",True
float32,7,-6.0e-07,-5.950e-07,468,260,"4,4",True
float64,7,-6.0e-07,-5.950e-07,468,260,"4,4",True
float32,7,-5.8e-07,-5.770e-07,468,260,"4,4",True
float64,7,-5.8e-07,-5.770e-07,468,260,"4,4",True
float32,7,-5.6e-07,-5.556e-07,468,260,"4,4",True
float64,7,-5.6e-07,-5.556e-07,468,260,"4,4",True
float32,7,-5.4e-07,-5.385e-07,468,260,"4,4",True
float64,7,-5.4e-07,-5.385e-07,468,260,"4,4",True
float32,7,-5.2e-07,-5.191e-07,468,260,"4,4",True
float64,7,-5.2e-07,-5.191e-07,468,260,"4,4",True
float32,7,-5.0e-07,-4.988e-07,468,260,"4,4",True
float64,7,-5.0e-07,-4.988e-07,468,260,"4,4",True
float32,7,-4.8e-07,-4.819e-07,468,260,"4,4",True
float64,7,-4.8e-07,-4.819e-07,468,260,"4,4",True
float32,7,-4.6e-07,-4.584e-07,468,260,"4,4",True
float64,7,-4.6e-07,-4.584e-07,468,260,"4,4",True
float32,7,-4.4e-07,-4.380e-07,468,260,"4,4",True
float64,7,-4.4e-07,-4.380e-07,468,260,"4,4",True
float32,7,-4.2e-07,-4.162e-07,468,260,"4,4",True
float64,7,-4.2e-07,-4.162e-07,468,260,"4,4",True
float32,7,-4.0e-07,-3.940e-07,468,260,"4,4",True
float64,7,-4.0e-07,-3.940e-07,468,260,"4,4",True
float32,7,-3.8e-07,-3.774e-07,468,260,"4,4",True
float64,7,-3.8e-07,-3.774e-07,468,260,"4,4",True
float32,7,-3.6e-07,-3.592e-07,468,260,"4,4",True
float64,7,-3.6e-07,-3.592e-07,468,260,"4,4",True
float32,7,-3.4e-07,-3.411e-07,468,260,"4,4",True
float64,7,-3.4e-07,-3.411e-07,468,260,"4,4",True
float32,7,-3.2e-07,-3.226e-07,468,260,"4,4",True
float64,7,-3.2e-07,-3.226e-07,468,260,"4,4",True
float32,7,-3.0e-07,-3.047e-07,468,260,"4,4",True
float64,7,-3.0e-07,-3.047e-07,468,260,"4,4",True
float32,7,-2.8e-07,-2.871e-07,468,260,"4,4",True
float64,7,-2.8e-07,-2.871e-07,468,260,"4,4",True
float32,7,-2.6e-07,-2.664e-07,468,260,"4,4",True
float64,7,-2.6e-07,-2.664e-07,468,260,"4,4",True
float32,7,-2.4e-07,-2.453e-07,468,260,"4,4",True
float64,7,-2.4e-07,-2.453e-07,468,260,"4,4",True
float32,7,-2.2e-07,-2.245e-07,468,260,"4,4",True
float64,7,-2.2e-07,-2.245e-07,468,260,"4,4",True
float32,7,-2.0e-07,-2.051e-07,468,260,"4,4",True
float64,7,-2.0e-07,-2.051e-07,468,260,"4,4",True
float32,7,-1.8e-07,-1.850e-07,468,260,"4,4",True
float64,7,-1.8e-07,-1.850e-07,468,260,"4,4",True
float32,7,-1.6e-07,-1.564e-07,468,260,"4,4",True
float64,7,-1.6e-07,-1.564e-07,468,260,"4,4",True
float32,7,-1.4e-07,-1.362e-07,468,260,"4,4",True
float64,7,-1.4e-07,-1.362e-07,468,260,"4,4",True
float32,7,-1.2e-07,-1.123e-07,468,260,"4,4",True
float64,7,-1.2e-07,-1.123e-07,468,260,"4,4",True
float32,7,-1.0e-07,-9.329e-08,468,260,"4,4",True
float64,7,-1.0e-07,-9.329e-08,468,260,"4,4",True
float32,7,-8.0e-08,-7.227e-08,468,260,"4,4",True
float64,7,-8.0e-08,-7.227e-08,468,260,"4,4",True
float32,7,-6.0e-08,-5.393e-08,468,260,"4,4",True
float64,7,-6.0e-08,-5.393e-08,468,260,"4,4",True
float32,7,-4.0e-08,-3.751e-08,468,260,"4,4",True
float64,7,-4.0e-08,-3.751e-08,468,260,"4,4",True
float32,7,-2.0e-08,-1.765e-08,468,260,"4,4",True
float64,7,-2.0e-08,-1.765e-08,468,260,"4,4",True
float32,7,0.0e+00,-7.430e-10,468,260,"4,4",True
float64,7,0.0e+00,-7.430e-10,468,260,"4,4",True
float32,7,2.0e-08,1.783e-08,468,260,"4,4",True
float64,7,2.0e-08,1.783e-08,475,260,"3,4",True
float32,7,4.0e-08,3.604e-08,472,260,"0,4",False
float64,7,4.0e-08,3.604e-08,475,260,"3,4",True
float32,7,6.0e-08,5.340e-08,472,260,"0,4",False
float64,7,6.0e-08,5.340e-08,475,260,"3,4",True
float32,7,8.0e-08,7.683e-08,472,260,"0,4",False
float64,7,8.0e-08,7.683e-08,475,260,"3,4",True
float32,7,1.0e-07,9.560e-08,472,260,"0,4",False
float64,7,1.0e-07,9.560e-08,475,260,"3,4",True
float32,7,1.2e-07,1.203e-07,473,260,"1,4",False
float64,7,1.2e-07,1.203e-07,475,260,"3,4",True
float32,7,1.4e-07,1.365e-07,473,260,"1,4",False
float64,7,1.4e-07,1.365e-07,475,260,"3,4",True
float32,7,1.6e-07,1.540e-07,472,260,"0,4",False
float64,7,1.6e-07,1.540e-07,475,260,"3,4",True
float32,7,1.8e-07,1.756e-07,472,260,"0,4",False
float64,7,1.8e-07,1.756e-07,475,260,"3,4",True
float32,7,2.0e-07,2.005e-07,473,260,"1,4",False
float64,7,2.0e-07,2.005e-07,475,260,"3,4",True
float32,7,2.2e-07,2.211e-07,473,260,"1,4",False
float64,7,2.2e-07,2.211e-07,475,260,"3,4",True
float32,7,2.4e-07,2.416e-07,473,260,"1,4",False
float64,7,2.4e-07,2.416e-07,475,260,"3,4",True
float32,7,2.6e-07,2.665e-07,473,260,"1,4",False
float64,7,2.6e-07,2.665e-07,475,260,"3,4",True
float32,7,2.8e-07,2.857e-07,473,260,"1,4",False
float64,7,2.8e-07,2.857e-07,475,260,"3,4",True
float32,7,3.0e-07,3.059e-07,474,260,"2,4",False
float64,7,3.0e-07,3.059e-07,475,260,"3,4",True
float32,7,3.2e-07,3.252e-07,474,260,"2,4",False
float64,7,3.2e-07,3.252e-07,475,260,"3,4",True
float32,7,3.4e-07,3.420e-07,475,260,"3,4",True
float64,7,3.4e-07,3.420e-07,475,260,"3,4",True
float32,7,3.6e-07,3.596e-07,475,260,"3,4",True
float64,7,3.6e-07,3.596e-07,475,260,"3,4",True
float32,7,3.8e-07,3.756e-07,475,260,"3,4",True
float64,7,3.8e-07,3.756e-07,475,260,"3,4",True
float32,7,4.0e-07,3.936e-07,475,260,"3,4",True
float64,7,4.0e-07,3.936e-07,475,260,"3,4",True
float32,7,4.2e-07,4.174e-07,475,260,"3,4",True
float64,7,4.2e-07,4.174e-07,475,260,"3,4",True
float32,7,4.4e-07,4.399e-07,475,260,"3,4",True
float64,7,4.4e-07,4.399e-07,475,260,"3,4",True
float32,7,4.6e-07,4.600e-07,475,260,"3,4",True
float64,7,4.6e-07,4.600e-07,475,260,"3,4",True
float32,7,4.8e-07,4.820e-07,475,260,"3,4",True
float64,7,4.8e-07,4.820e-07,475,260,"3,4",True
float32,7,5.0e-07,5.003e-07,475,260,"3,4",True
float64,7,5.0e-07,5.003e-07,475,260,"3,4",True
float32,7,5.2e-07,5.211e-07,475,260,"3,4",True
float64,7,5.2e-07,5.211e-07,475,260,"3,4",True
float32,7,5.4e-07,5.387e-07,475,260,"3,4",True
float64,7,5.4e-07,5.387e-07,475,260,"3,4",True
float32,7,5.6e-07,5.606e-07,475,260,"3,4",True
float64,7,5.6e-07,5.606e-07,475,260,"3,4",True
float32,7,5.8e-07,5.787e-07,475,260,"3,4",True
float64,7,5.8e-07,5.787e-07,475,260,"3,4",True
float32,7,6.0e-07,5.980e-07,475,260,"3,4",True
float64,7,6.0e-07,5.980e-07,475,260,"3,4",True
float32,7,6.2e-07,6.199e-07,475,260,"3,4",True
float64,7,6.2e-07,6.199e-07,475,260,"3,4",True
float32,7,6.4e-07,6.420e-07,475,260,"3,4",True
float64,7,6.4e-07,6.420e-07,475,260,"3,4",True
float32,7,6.6e-07,6.617e-07,475,260,"3,4",True
float64,7,6.6e-07,6.617e-07,475,260,"3,4",True
float32,7,6.8e-07,6.821e-07,475,260,"3,4",True
float64,7,6.8e-07,6.821e-07,475,260,"3,4",True
float32,7,7.0e-07,7.003e-07,475,260,"3,4",True
float64,7,7.0e-07,7.003e-07,475,260,"3,4",True
float32,7,7.2e-07,7.243e-07,475,260,"3,4",True
float64,7,7.2e-07,7.243e-07,475,260,"3,4",True
float32,7,7.4e-07,7.441e-07,475,260,"3,4",True
float64,7,7.4e-07,7.441e-07,475,260,"3,4",True
float32,7,7.6e-07,7.606e-07,475,260,"3,4",True
float64,7,7.6e-07,7.606e-07,475,260,"3,4",True
float32,7,7.8e-07,7.808e-07,475,260,"3,4",True
float64,7,7.8e-07,7.808e-07,475,260,"3,4",True
float32,7,8.0e-07,7.985e-07,475,260,"3,4",True
float64,7,8.0e-07,7.985e-07,475,260,"3,4",True
float32,7,8.2e-07,8.174e-07,475,260,"3,4",True
float64,7,8.2e-07,8.174e-07,475,260,"3,4",True
float32,7,8.4e-07,8.402e-07,475,260,"3,4",True
float64,7,8.4e-07,8.402e-07,475,260,"3,4",True
float32,7,8.6e-07,8.568e-07,475,260,"3,4",True
float64,7,8.6e-07,8.568e-07,475,260,"3,4",True
float32,7,8.8e-07,8.762e-07,475,260,"3,4",True
float64,7,8.8e-07,8.762e-07,475,260,"3,4",True
float32,7,9.0e-07,8.989e-07,475,260,"3,4",True
float64,7,9.0e-07,8.989e-07,475,260,"3,4",True
float32,7,9.2e-07,9.156e-07,475,260,"3,4",True
float64,7,9.2e-07,9.156e-07,475,260,"3,4",True
float32,7,9.4e-07,9.345e-07,475,260,"3,4",True
float64,7,9.4e-07,9.345e-07,475,260,"3,4",True
float32,7,9.6e-07,9.526e-07,475,260,"3,4",True
float64,7,9.6e-07,9.526e-07,475,260,"3,4",True
float32,7,9.8e-07,9.692e-07,475,260,"3,4",True
float64,7,9.8e-07,9.692e-07,475,260,"3,4",True
float32,7,1.0e-06,9.892e-07,475,260,"3,4",True
float64,7,1.0e-06,9.892e-07,475,260,"3,4",True
float32,8,-1.0e-06,-9.992e-07,468,260,"4,4",True
float64,8,-1.0e-06,-9.992e-07,468,260,"4,4",True
float32,8,-9.8e-07,-9.788e-07,468,260,"4,4",True
float64,8,-9.8e-07,-9.788e-07,468,260,"4,4",True
float32,8,-9.6e-07,-9.591e-07,468,260,"4,4",True
float64,8,-9.6e-07,-9.591e-07,468,260,"4,4",True
float32,8,-9.4e-07,-9.393e-07,468,260,"4,4",True
float64,8,-9.4e-07,-9.393e-07,468,260,"4,4",True
float32,8,-9.2e-07,-9.206e-07,468,260,"4,4",True
float64,8,-9.2e-07,-9.206e-07,468,260,"4,4",True
float32,8,-9.0e-07,-9.021e-07,468,260,"4,4",True
float64,8,-9.0e-07,-9.021e-07,468,260,"4,4",True
float32,8,-8.8e-07,-8.832e-07,468,260,"4,4",True
float64,8,-8.8e-07,-8.832e-07,468,260,"4,4",True
float32,8,-8.6e-07,-8.634e-07,468,260,"4,4",True
float64,8,-8.6e-07,-8.634e-07,468,260,"4,4",True
float32,8,-8.4e-07,-8.467e-07,468,260,"4,4",True
float64,8,-8.4e-07,-8.467e-07,468,260,"4,4",True
float32,8,-8.2e-07,-8.245e-07,468,260,"4,4",True
float64,8,-8.2e-07,-8.245e-07,468,260,"4,4",True
float32,8,-8.0e-07,-8.001e-07,468,260,"4,4",True
float64,8,-8.0e-07,-8.001e-07,468,260,"4,4",True
float32,8,-7.8e-07,-7.825e-07,468,260,"4,4",True
float64,8,-7.8e-07,-7.825e-07,468,260,"4,4",True
float32,8,-7.6e-07,-7.565e-07,468,260,"4,4",True
float64,8,-7.6e-07,-7.565e-07,468,260,"4,4",True
float32,8,-7.4e-07,-7.358e-07,468,260,"4,4",True
float64,8,-7.4e-07,-7.358e-07,468,260,"4,4",True
float32,8,-7.2e-07,-7.156e-07,468,260,"4,4",True
float64,8,-7.2e-07,-7.156e-07,468,260,"4,4",True
float32,8,-7.0e-07,-6.987e-07,468,260,"4,4",True
float64,8,-7.0e-07,-6.987e-07,468,260,"4,4",True
float32,8,-6.8e-07,-6.803e-07,468,260,"4,4",True
float64,8,-6.8e-07,-6.803e-07,468,260,"4,4",True
float32,8,-6.6e-07,-6.589e-07,468,260,"4,4",True
float64,8,-6.6e-07,-6.589e-07,468,260,"4,4",True
float32,8,-6.4e-07,-6.352e-07,468,260,"4,4",True
float64,8,-6.4e-07,-6.352e-07,468,260,"4,4",True
float32,8,-6.2e-07,-6.185e-07,468,260,"4,4",True
float64,8,-6.2e-07,-6.185e-07,468,260,"4,4",True
float32,8,-6.0e-07,-6.015e-07,468,260,"4,4",True
float64,8,-6.0e-07,-6.015e-07,468,260,"4,4",True
float32,8,-5.8e-07,-5.830e-07,468,260,"4,4",True
float64,8,-5.8e-07,-5.830e-07,468,260,"4,4",True
float32,8,-5.6e-07,-5.594e-07,468,260,"4,4",True
float64,8,-5.6e-07,-5.594e-07,468,260,"4,4",True
float32,8,-5.4e-07,-5.397e-07,468,260,"4,4",True
float64,8,-5.4e-07,-5.397e-07,468,260,"4,4",True
float32,8,-5.2e-07,-5.205e-07,468,260,"4,4",True
float64,8,-5.2e-07,-5.205e-07,468,260,"4,4",True
float32,8,-5.0e-07,-5.006e-07,468,260,"4,4",True
float64,8,-5.0e-07,-5.006e-07,468,260,"4,4",True
float32,8,-4.8e-07,-4.820e-07,469,260,"5,4",False
float64,8,-4.8e-07,-4.820e-07,468,260,"4,4",True
float32,8,-4.6e-07,-4.587e-07,469,260,"5,4",False
float64,8,-4.6e-07,-4.587e-07,468,260,"4,4",True
float32,8,-4.4e-07,-4.408e-07,469,260,"5,4",False
float64,8,-4.4e-07,-4.408e-07,468,260,"4,4",True
float32,8,-4.2e-07,-4.229e-07,469,260,"5,4",False
float64,8,-4.2e-07,-4.229e-07,468,260,"4,4",True
float32,8,-4.0e-07,-3.999e-07,469,260,"5,4",False
float64,8,-4.0e-07,-3.999e-07,468,260,"4,4",True
float32,8,-3.8e-07,-3.811e-07,469,260,"5,4",False
float64,8,-3.8e-07,-3.811e-07,468,260,"4,4",True
float32,8,-3.6e-07,-3.620e-07,469,260,"5,4",False
float64,8,-3.6e-07,-3.620e-07,468,260,"4,4",True
float32,8,-3.4e-07,-3.421e-07,469,260,"5,4",False
float64,8,-3.4e-07,-3.421e-07,468,260,"4,4",True
float32,8,-3.2e-07,-3.208e-07,469,260,"5,4",False
float64,8,-3.2e-07,-3.208e-07,468,260,"4,4",True
float32,8,-3.0e-07,-2.983e-07,469,260,"5,4",False
float64,8,-3.0e-07,-2.983e-07,468,260,"4,4",True
float32,8,-2.8e-07,-2.823e-07,469,260,"5,4",False
float64,8,-2.8e-07,-2.823e-07,468,260,"4,4",True
float32,8,-2.6e-07,-2.588e-07,469,260,"5,4",False
float64,8,-2.6e-07,-2.588e-07,468,260,"4,4",True
float32,8,-2.4e-07,-2.423e-07,469,260,"5,4",False
float64,8,-2.4e-07,-2.423e-07,468,260,"4,4",True
float32,8,-2.2e-07,-2.212e-07,469,260,"5,4",False
float64,8,-2.2e-07,-2.212e-07,468,260,"4,4",True
float32,8,-2.0e-07,-2.014e-07,469,260,"5,4",False
float64,8,-2.0e-07,-2.014e-07,468,260,"4,4",True
float32,8,-1.8e-07,-1.814e-07,469,260,"5,4",False
float64,8,-1.8e-07,-1.814e-07,468,260,"4,4",True
float32,8,-1.6e-07,-1.534e-07,469,260,"5,4",False
float64,8,-1.6e-07,-1.534e-07,468,260,"4,4",True
float32,8,-1.4e-07,-1.355e-07,469,260,"5,4",False
float64,8,-1.4e-07,-1.355e-07,468,260,"4,4",True
float32,8,-1.2e-07,-1.131e-07,469,260,"5,4",False
float64,8,-1.2e-07,-1.131e-07,468,260,"4,4",True
float32,8,-1.0e-07,-9.500e-08,469,260,"5,4",False
float64,8,-1.0e-07,-9.500e-08,468,260,"4,4",True
float32,8,-8.0e-08,-7.547e-08,469,260,"5,4",False
float64,8,-8.0e-08,-7.547e-08,468,260,"4,4",True
float32,8,-6.0e-08,-5.741e-08,469,260,"5,4",False
float64,8,-6.0e-08,-5.741e-08,468,260,"4,4",True
float32,8,-4.0e-08,-4.127e-08,469,260,"5,4",False
float64,8,-4.0e-08,-4.127e-08,468,260,"4,4",True
float32,8,-2.0e-08,-1.835e-08,469,260,"5,4",False
float64,8,-2.0e-08,-1.835e-08,468,260,"4,4",True
float32,8,0.0e+00,3.029e-10,469,260,"5,4",False
float64,8,0.0e+00,3.029e-10,475,260,"3,4",True
float32,8,2.0e-08,1.908e-08,473,260,"1,4",False
float64,8,2.0e-08,1.908e-08,475,260,"3,4",True
float32,8,4.0e-08,3.677e-08,473,260,"1,4",False
float64,8,4.0e-08,3.677e-08,475,260,"3,4",True
float32,8,6.0e-08,5.966e-08,473,260,"1,4",False
float64,8,6.0e-08,5.966e-08,475,260,"3,4",True
float32,8,8.0e-08,7.917e-08,473,260,"1,4",False
float64,8,8.0e-08,7.917e-08,475,260,"3,4",True
float32,8,1.0e-07,9.802e-08,471,260,"7,4",False
float64,8,1.0e-07,9.802e-08,475,260,"3,4",True
float32,8,1.2e-07,1.217e-07,473,260,"1,4",False
float64,8,1.2e-07,1.217e-07,475,260,"3,4",True
float32,8,1.4e-07,1.431e-07,472,260,"0,4",False
float64,8,1.4e-07,1.431e-07,475,260,"3,4",True
float32,8,1.6e-07,1.646e-07,472,260,"0,4",False
float64,8,1.6e-07,1.646e-07,475,260,"3,4",True
float32,8,1.8e-07,1.814e-07,475,260,"3,4",True
float64,8,1.8e-07,1.814e-07,475,260,"3,4",True
float32,8,2.0e-07,1.983e-07,474,260,"2,4",False
float64,8,2.0e-07,1.983e-07,475,260,"3,4",True
float32,8,2.2e-07,2.214e-07,474,260,"2,4",False
float64,8,2.2e-07,2.214e-07,475,260,"3,4",True
float32,8,2.4e-07,2.403e-07,474,260,"2,4",False
float64,8,2.4e-07,2.403e-07,475,260,"3,4",True
float32,8,2.6e-07,2.576e-07,475,260,"3,4",True
float64,8,2.6e-07,2.576e-07,475,260,"3,4",True
float32,8,2.8e-07,2.755e-07,475,260,"3,4",True
float64,8,2.8e-07,2.755e-07,475,260,"3,4",True
float32,8,3.0e-07,2.947e-07,474,260,"2,4",False
float64,8,3.0e-07,2.947e-07,475,260,"3,4",True
float32,8,3.2e-07,3.146e-07,475,260,"3,4",True
float64,8,3.2e-07,3.146e-07,475,260,"3,4",True
float32,8,3.4e-07,3.360e-07,475,260,"3,4",True
float64,8,3.4e-07,3.360e-07,475,260,"3,4",True
float32,8,3.6e-07,3.568e-07,475,260,"3,4",True
float64,8,3.6e-07,3.568e-07,475,260,"3,4",True
float32,8,3.8e-07,3.742e-07,475,260,"3,4",True
float64,8,3.8e-07,3.742e-07,475,260,"3,4",True
float32,8,4.0e-07,3.934e-07,474,260,"2,4",False
float64,8,4.0e-07,3.934e-07,475,260,"3,4",True
float32,8,4.2e-07,4.125e-07,474,260,"2,4",False
float64,8,4.2e-07,4.125e-07,475,260,"3,4",True
float32,8,4.4e-07,4.437e-07,474,260,"2,4",False
float64,8,4.4e-07,4.437e-07,475,260,"3,4",True
float32,8,4.6e-07,4.636e-07,475,260,"3,4",True
float64,8,4.6e-07,4.636e-07,475,260,"3,4",True
float32,8,4.8e-07,4.818e-07,475,260,"3,4",True
float64,8,4.8e-07,4.818e-07,475,260,"3,4",True
float32,8,5.0e-07,5.021e-07,475,260,"3,4",True
float64,8,5.0e-07,5.021e-07,475,260,"3,4",True
float32,8,5.2e-07,5.259e-07,475,260,"3,4",True
float64,8,5.2e-07,5.259e-07,475,260,"3,4",True
float32,8,5.4e-07,5.474e-07,475,260,"3,4",True
float64,8,5.4e-07,5.474e-07,475,260,"3,4",True
float32,8,5.6e-07,5.696e-07,475,260,"3,4",True
float64,8,5.6e-07,5.696e-07,475,260,"3,4",True
float32,8,5.8e-07,5.872e-07,475,260,"3,4",True
float64,8,5.8e-07,5.872e-07,475,260,"3,4",True
float32,8,6.0e-07,6.033e-07,475,260,"3,4",True
float64,8,6.0e-07,6.033e-07,475,260,"3,4",True
float32,8,6.2e-07,6.230e-07,475,260,"3,4",True
float64,8,6.2e-07,6.230e-07,475,260,"3,4",True
float32,8,6.4e-07,6.428e-07,475,260,"3,4",True
float64,8,6.4e-07,6.428e-07,475,260,"3,4",True
float32,8,6.6e-07,6.612e-07,475,260,"3,4",True
float64,8,6.6e-07,6.612e-07,475,260,"3,4",True
float32,8,6.8e-07,6.807e-07,475,260,"3,4",True
float64,8,6.8e-07,6.807e-07,475,260,"3,4",True
float32,8,7.0e-07,7.057e-07,475,260,"3,4",True
float64,8,7.0e-07,7.057e-07,475,260,"3,4",True
float32,8,7.2e-07,7.224e-07,475,260,"3,4",True
float64,8,7.2e-07,7.224e-07,475,260,"3,4",True
float32,8,7.4e-07,7.439e-07,475,260,"3,4",True
float64,8,7.4e-07,7.439e-07,475,260,"3,4",True
float32,8,7.6e-07,7.629e-07,475,260,"3,4",True
float64,8,7.6e-07,7.629e-07,475,260,"3,4",True
float32,8,7.8e-07,7.829e-07,475,260,"3,4",True
float64,8,7.8e-07,7.829e-07,475,260,"3,4",True
float32,8,8.0e-07,8.014e-07,475,260,"3,4",True
float64,8,8.0e-07,8.014e-07,475,260,"3,4",True
float32,8,8.2e-07,8.182e-07,475,260,"3,4",True
float64,8,8.2e-07,8.182e-07,475,260,"3,4",True
float32,8,8.4e-07,8.346e-07,475,260,"3,4",True
float64,8,8.4e-07,8.346e-07,475,260,"3,4",True
float32,8,8.6e-07,8.544e-07,475,260,"3,4",True
float64,8,8.6e-07,8.544e-07,475,260,"3,4",True
float32,8,8.8e-07,8.760e-07,475,260,"3,4",True
float64,8,8.8e-07,8.760e-07,475,260,"3,4",True
float32,8,9.0e-07,8.974e-07,475,260,"3,4",True
float64,8,9.0e-07,8.974e-07,475,260,"3,4",True
float32,8,9.2e-07,9.187e-07,475,260,"3,4",True
float64,8,9.2e-07,9.187e-07,475,260,"3,4",True
float32,8,9.4e-07,9.386e-07,475,260,"3,4",True
float64,8,9.4e-07,9.386e-07,475,260,"3,4",True
float32,8,9.6e-07,9.578e-07,475,260,"3,4",True
float64,8,9.6e-07,9.578e-07,475,260,"3,4",True
float32,8,9.8e-07,9.823e-07,475,260,"3,4",True
float64,8,9.8e-07,9.823e-07,475,260,"3,4",True
float32,8,1.0e-06,9.982e-07,475,260,"3,4",True
float64,8,1.0e-06,9.982e-07,475,260,"3,4",True
float32,9,-1.0e-06,-1.003e-06,468,260,"4,4",True
float64,9,-1.0e-06,-1.003e-06,468,260,"4,4",True
float32,9,-9.8e-07,-9.827e-07,468,260,"4,4",True
float64,9,-9.8e-07,-9.827e-07,468,260,"4,4",True
float32,9,-9.6e-07,-9.646e-07,468,260,"4,4",True
float64,9,-9.6e-07,-9.646e-07,468,260,"4,4",True
float32,9,-9.4e-07,-9.418e-07,468,260,"4,4",True
float64,9,-9.4e-07,-9.418e-07,468,260,"4,4",True
float32,9,-9.2e-07,-9.192e-07,468,260,"4,4",True
float64,9,-9.2e-07,-9.192e-07,468,260,"4,4",True
float32,9,-9.0e-07,-8.988e-07,468,260,"4,4",True
float64,9,-9.0e-07,-8.988e-07,468,260,"4,4",True
float32,9,-8.8e-07,-8.779e-07,468,260,"4,4",True
float64,9,-8.8e-07,-8.779e-07,468,260,"4,4",True
float32,9,-8.6e-07,-8.597e-07,468,260,"4,4",True
float64,9,-8.6e-07,-8.597e-07,468,260,"4,4",True
float32,9,-8.4e-07,-8.396e-07,468,260,"4,4",True
float64,9,-8.4e-07,-8.396e-07,468,260,"4,4",True
float32,9,-8.2e-07,-8.224e-07,468,260,"4,4",True
float64,9,-8.2e-07,-8.224e-07,468,260,"4,4",True
float32,9,-8.0e-07,-8.048e-07,468,260,"4,4",True
float64,9,-8.0e-07,-8.048e-07,468,260,"4,4",True
float32,9,-7.8e-07,-7.841e-07,468,260,"4,4",True
float64,9,-7.8e-07,-7.841e-07,468,260,"4,4",True
float32,9,-7.6e-07,-7.618e-07,468,260,"4,4",True
float64,9,-7.6e-07,-7.618e-07,468,260,"4,4",True
float32,9,-7.4e-07,-7.436e-07,468,260,"4,4",True
float64,9,-7.4e-07,-7.436e-07,468,260,"4,4",True
float32,9,-7.2e-07,-7.183e-07,468,260,"4,4",True
float64,9,-7.2e-07,-7.183e-07,468,260,"4,4",True
float32,9,-7.0e-07,-6.979e-07,468,260,"4,4",True
float64,9,-7.0e-07,-6.979e-07,468,260,"4,4",True
float32,9,-6.8e-07,-6.704e-07,468,260,"4,4",True
float64,9,-6.8e-07,-6.704e-07,468,260,"4,4",True
float32,9,-6.6e-07,-6.521e-07,468,260,"4,4",True
float64,9,-6.6e-07,-6.521e-07,468,260,"4,4",True
float32,9,-6.4e-07,-6.361e-07,468,260,"4,4",True
float64,9,-6.4e-07,-6.361e-07,468,260,"4,4",True
float32,9,-6.2e-07,-6.162e-07,468,260,"4,4",True
float64,9,-6.2e-07,-6.162e-07,468,260,"4,4",True
float32,9,-6.0e-07,-5.956e-07,468,260,"4,4",True
float64,9,-6.0e-07,-5.956e-07,468,260,"4,4",True
float32,9,-5.8e-07,-5.790e-07,468,260,"4,4",True
float64,9,-5.8e-07,-5.790e-07,468,260,"4,4",True
float32,9,-5.6e-07,-5.613e-07,468,260,"4,4",True
float64,9,-5.6e-07,-5.613e-07,468,260,"4,4",True
float32,9,-5.4e-07,-5.404e-07,468,260,"4,4",True
float64,9,-5.4e-07,-5.404e-07,468,260,"4,4",True
float32,9,-5.2e-07,-5.172e-07,468,260,"4,4",True
float64,9,-5.2e-07,-5.172e-07,468,260,"4,4",True
float32,9,-5.0e-07,-5.005e-07,468,260,"4,4",True
float64,9,-5.0e-07,-5.005e-07,468,260,"4,4",True
float32,9,-4.8e-07,-4.797e-07,468,260,"4,4",True
float64,9,-4.8e-07,-4.797e-07,468,260,"4,4",True
float32,9,-4.6e-07,-4.584e-07,468,260,"4,4",True
float64,9,-4.6e-07,-4.584e-07,468,260,"4,4",True
float32,9,-4.4e-07,-4.374e-07,468,260,"4,4",True
float64,9,-4.4e-07,-4.374e-07,468,260,"4,4",True
float32,9,-4.2e-07,-4.174e-07,468,260,"4,4",True
float64,9,-4.2e-07,-4.174e-07,468,260,"4,4",True
float32,9,-4.0e-07,-4.001e-07,468,260,"4,4",True
float64,9,-4.0e-07,-4.001e-07,468,260,"4,4",True
float32,9,-3.8e-07,-3.803e-07,468,260,"4,4",True
float64,9,-3.8e-07,-3.803e-07,468,260,"4,4",True
float32,9,-3.6e-07,-3.600e-07,468,260,"4,4",True
float64,9,-3.6e-07,-3.600e-07,468,260,"4,4",True
float32,9,-3.4e-07,-3.405e-07,468,260,"4,4",True
float64,9,-3.4e-07,-3.405e-07,468,260,"4,4",True
float32,9,-3.2e-07,-3.210e-07,468,260,"4,4",True
float64,9,-3.2e-07,-3.210e-07,468,260,"4,4",True
float32,9,-3.0e-07,-3.020e-07,468,260,"4,4",True
float64,9,-3.0e-07,-3.020e-07,468,260,"4,4",True
float32,9,-2.8e-07,-2.837e-07,468,260,"4,4",True
float64,9,-2.8e-07,-2.837e-07,468,260,"4,4",True
float32,9,-2.6e-07,-2.629e-07,468,260,"4,4",True
float64,9,-2.6e-07,-2.629e-07,468,260,"4,4",True
float32,9,-2.4e-07,-2.441e-07,468,260,"4,4",True
float64,9,-2.4e-07,-2.441e-07,468,260,"4,4",True
float32,9,-2.2e-07,-2.242e-07,468,260,"4,4",True
float64,9,-2.2e-07,-2.242e-07,468,260,"4,4",True
float32,9,-2.0e-07,-2.030e-07,468,260,"4,4",True
float64,9,-2.0e-07,-2.030e-07,468,260,"4,4",True
float32,9,-1.8e-07,-1.832e-07,468,260,"4,4",True
float64,9,-1.8e-07,-1.832e-07,468,260,"4,4",True
float32,9,-1.6e-07,-1.655e-07,468,260,"4,4",True
float64,9,-1.6e-07,-1.655e-07,468,260,"4,4",True
float32,9,-1.4e-07,-1.408e-07,468,260,"4,4",True
float64,9,-1.4e-07,-1.408e-07,468,260,"4,4",True
float32,9,-1.2e-07,-1.187e-07,468,260,"4,4",True
float64,9,-1.2e-07,-1.187e-07,468,260,"4,4",True
float32,9,-1.0e-07,-1.011e-07,468,260,"4,4",True
float64,9,-1.0e-07,-1.011e-07,468,260,"4,4",True
float32,9,-8.0e-08,-7.731e-08,468,260,"4,4",True
float64,9,-8.0e-08,-7.731e-08,468,260,"4,4",True
float32,9,-6.0e-08,-5.822e-08,468,260,"4,4",True
float64,9,-6.0e-08,-5.822e-08,468,260,"4,4",True
float32,9,-4.0e-08,-3.928e-08,468,260,"4,4",True
float64,9,-4.0e-08,-3.928e-08,468,260,"4,4",True
float32,9,-2.0e-08,-1.692e-08,468,260,"4,4",True
float64,9,-2.0e-08,-1.692e-08,468,260,"4,4",True
float32,9,0.0e+00,8.522e-10,475,260,"3,4",True
float64,9,0.0e+00,8.522e-10,475,260,"3,4",True
float32,9,2.0e-08,2.000e-08,475,260,"3,4",True
float64,9,2.0e-08,2.000e-08,475,260,"3,4",True
float32,9,4.0e-08,3.886e-08,475,260,"3,4",True
float64,9,4.0e-08,3.886e-08,475,260,"3,4",True
float32,9,6.0e-08,6.028e-08,475,260,"3,4",True
float64,9,6.0e-08,6.028e-08,475,260,"3,4",True
float32,9,8.0e-08,7.851e-08,474,260,"2,4",False
float64,9,8.0e-08,7.851e-08,475,260,"3,4",True
float32,9,1.0e-07,1.008e-07,472,260,"0,4",False
float64,9,1.0e-07,1.008e-07,475,260,"3,4",True
float32,9,1.2e-07,1.220e-07,475,260,"3,4",True
float64,9,1.2e-07,1.220e-07,475,260,"3,4",True
float32,9,1.4e-07,1.414e-07,475,260,"3,4",True
float64,9,1.4e-07,1.414e-07,475,260,"3,4",True
float32,9,1.6e-07,1.604e-07,474,260,"2,4",False
float64,9,1.6e-07,1.604e-07,475,260,"3,4",True
float32,9,1.8e-07,1.838e-07,474,260,"2,4",False
float64,9,1.8e-07,1.838e-07,475,260,"3,4",True
float32,9,2.0e-07,2.035e-07,474,260,"2,4",False
float64,9,2.0e-07,2.035e-07,475,260,"3,4",True
float32,9,2.2e-07,2.208e-07,474,260,"2,4",False
float64,9,2.2e-07,2.208e-07,475,260,"3,4",True
float32,9,2.4e-07,2.408e-07,474,260,"2,4",False
float64,9,2.4e-07,2.408e-07,475,260,"3,4",True
float32,9,2.6e-07,2.622e-07,474,260,"2,4",False
float64,9,2.6e-07,2.622e-07,475,260,"3,4",True
float32,9,2.8e-07,2.818e-07,474,260,"2,4",False
float64,9,2.8e-07,2.818e-07,475,260,"3,4",True
float32,9,3.0e-07,2.995e-07,474,260,"2,4",False
float64,9,3.0e-07,2.995e-07,475,260,"3,4",True
float32,9,3.2e-07,3.200e-07,473,260,"1,4",False
float64,9,3.2e-07,3.200e-07,475,260,"3,4",True
float32,9,3.4e-07,3.368e-07,474,260,"2,4",False
float64,9,3.4e-07,3.368e-07,475,260,"3,4",True
float32,9,3.6e-07,3.551e-07,475,260,"3,4",True
float64,9,3.6e-07,3.551e-07,475,260,"3,4",True
float32,9,3.8e-07,3.748e-07,475,260,"3,4",True
float64,9,3.8e-07,3.748e-07,475,260,"3,4",True
float32,9,4.0e-07,3.963e-07,475,260,"3,4",True
float64,9,4.0e-07,3.963e-07,475,260,"3,4",True
float32,9,4.2e-07,4.203e-07,475,260,"3,4",True
float64,9,4.2e-07,4.203e-07,475,260,"3,4",True
float32,9,4.4e-07,4.379e-07,475,260,"3,4",True
float64,9,4.4e-07,4.379e-07,475,260,"3,4",True
float32,9,4.6e-07,4.591e-07,475,260,"3,4",True
float64,9,4.6e-07,4.591e-07,475,260,"3,4",True
float32,9,4.8e-07,4.823e-07,475,260,"3,4",True
float64,9,4.8e-07,4.823e-07,475,260,"3,4",True
float32,9,5.0e-07,4.997e-07,475,260,"3,4",True
float64,9,5.0e-07,4.997e-07,475,260,"3,4",True
float32,9,5.2e-07,5.238e-07,475,260,"3,4",True
float64,9,5.2e-07,5.238e-07,475,260,"3,4",True
float32,9,5.4e-07,5.438e-07,475,260,"3,4",True
float64,9,5.4e-07,5.438e-07,475,260,"3,4",True
float32,9,5.6e-07,5.631e-07,475,260,"3,4",True
float64,9,5.6e-07,5.631e-07,475,260,"3,4",True
float32,9,5.8e-07,5.832e-07,475,260,"3,4",True
float64,9,5.8e-07,5.832e-07,475,260,"3,4",True
float32,9,6.0e-07,6.019e-07,475,260,"3,4",True
float64,9,6.0e-07,6.019e-07,475,260,"3,4",True
float32,9,6.2e-07,6.212e-07,475,260,"3,4",True
float64,9,6.2e-07,6.212e-07,475,260,"3,4",True
float32,9,6.4e-07,6.421e-07,475,260,"3,4",True
float64,9,6.4e-07,6.421e-07,475,260,"3,4",True
float32,9,6.6e-07,6.604e-07,475,260,"3,4",True
float64,9,6.6e-07,6.604e-07,475,260,"3,4",True
float32,9,6.8e-07,6.799e-07,475,260,"3,4",True
float64,9,6.8e-07,6.799e-07,475,260,"3,4",True
float32,9,7.0e-07,6.976e-07,475,260,"3,4",True
float64,9,7.0e-07,6.976e-07,475,260,"3,4",True
float32,9,7.2e-07,7.169e-07,475,260,"3,4",True
float64,9,7.2e-07,7.169e-07,475,260,"3,4",True
float32,9,7.4e-07,7.398e-07,474,260,"2,4",False
float64,9,7.4e-07,7.398e-07,475,260,"3,4",True
float32,9,7.6e-07,7.588e-07,475,260,"3,4",True
float64,9,7.6e-07,7.588e-07,475,260,"3,4",True
float32,9,7.8e-07,7.806e-07,475,260,"3,4",True
float64,9,7.8e-07,7.806e-07,475,260,"3,4",True
float32,9,8.0e-07,8.006e-07,475,260,"3,4",True
float64,9,8.0e-07,8.006e-07,475,260,"3,4",True
float32,9,8.2e-07,8.200e-07,475,260,"3,4",True
float64,9,8.2e-07,8.200e-07,475,260,"3,4",True
float32,9,8.4e-07,8.393e-07,475,260,"3,4",True
float64,9,8.4e-07,8.393e-07,475,260,"3,4",True
float32,9,8.6e-07,8.611e-07,475,260,"3,4",True
float64,9,8.6e-07,8.611e-07,475,260,"3,4",True
float32,9,8.8e-07,8.787e-07,475,260,"3,4",True
float64,9,8.8e-07,8.787e-07,475,260,"3,4",True
float32,9,9.0e-07,9.004e-07,475,260,"3,4",True
float64,9,9.0e-07,9.004e-07,475,260,"3,4",True
float32,9,9.2e-07,9.194e-07,475,260,"3,4",True
float64,9,9.2e-07,9.194e-07,475,260,"3,4",True
float32,9,9.4e-07,9.379e-07,475,260,"3,4",True
float64,9,9.4e-07,9.379e-07,475,260,"3,4",True
float32,9,9.6e-07,9.560e-07,475,260,"3,4",True
float64,9,9.6e-07,9.560e-07,475,260,"3,4",True
float32,9,9.8e-07,9.772e-07,475,260,"3,4",True
float64,9,9.8e-07,9.772e-07,475,260,"3,4",True
float32,9,1.0e-06,9.973e-07,475,260,"3,4",True
float64,9,1.0e-06,9.973e-07,475,260,"3,4",True
float32,10,-1.0e-06,-9.976e-07,468,260,"4,4",True
float64,10,-1.0e-06,-9.976e-07,468,260,"4,4",True
float32,10,-9.8e-07,-9.779e-07,468,260,"4,4",True
float64,10,-9.8e-07,-9.779e-07,468,260,"4,4",True
float32,10,-9.6e-07,-9.552e-07,468,260,"4,4",True
float64,10,-9.6e-07,-9.552e-07,468,260,"4,4",True
float32,10,-9.4e-07,-9.383e-07,468,260,"4,4",True
float64,10,-9.4e-07,-9.383e-07,468,260,"4,4",True
float32,10,-9.2e-07,-9.186e-07,468,260,"4,4",True
float64,10,-9.2e-07,-9.186e-07,468,260,"4,4",True
float32,10,-9.0e-07,-8.986e-07,468,260,"4,4",True
float64,10,-9.0e-07,-8.986e-07,468,260,"4,4",True
float32,10,-8.8e-07,-8.786e-07,468,260,"4,4",True
float64,10,-8.8e-07,-8.786e-07,468,260,"4,4",True
float32,10,-8.6e-07,-8.579e-07,468,260,"4,4",True
float64,10,-8.6e-07,-8.579e-07,468,260,"4,4",True
float32,10,-8.4e-07,-8.367e-07,468,260,"4,4",True
float64,10,-8.4e-07,-8.367e-07,468,260,"4,4",True
float32,10,-8.2e-07,-8.166e-07,468,260,"4,4",True
float64,10,-8.2e-07,-8.166e-07,468,260,"4,4",True
float32,10,-8.0e-07,-7.977e-07,468,260,"4,4",True
float64,10,-8.0e-07,-7.977e-07,468,260,"4,4",True
float32,10,-7.8e-07,-7.786e-07,468,260,"4,4",True
float64,10,-7.8e-07,-7.786e-07,468,260,"4,4",True
float32,10,-7.6e-07,-7.589e-07,468,260,"4,4",True
float64,10,-7.6e-07,-7.589e-07,468,260,"4,4",True
float32,10,-7.4e-07,-7.401e-07,468,260,"4,4",True
float64,10,-7.4e-07,-7.401e-07,468,260,"4,4",True
float32,10,-7.2e-07,-7.239e-07,468,260,"4,4",True
float64,10,-7.2e-07,-7.239e-07,468,260,"4,4",True
float32,10,-7.0e-07,-7.055e-07,468,260,"4,4",True
float64,10,-7.0e-07,-7.055e-07,468,260,"4,4",True
float32,10,-6.8e-07,-6.856e-07,468,260,"4,4",True
float64,10,-6.8e-07,-6.856e-07,468,260,"4,4",True
float32,10,-6.6e-07,-6.637e-07,468,260,"4,4",True
float64,10,-6.6e-07,-6.637e-07,468,260,"4,4",True
float32,10,-6.4e-07,-6.450e-07,468,260,"4,4",True
float64,10,-6.4e-07,-6.450e-07,468,260,"4,4",True
float32,10,-6.2e-07,-6.200e-07,468,260,"4,4",True
float64,10,-6.2e-07,-6.200e-07,468,260,"4,4",True
float32,10,-6.0e-07,-6.004e-07,468,260,"4,4",True
float64,10,-6.0e-07,-6.004e-07,468,260,"4,4",True
float32,10,-5.8e-07,-5.811e-07,468,260,"4,4",True
float64,10,-5.8e-07,-5.811e-07,468,260,"4,4",True
float32,10,-5.6e-07,-5.631e-07,468,260,"4,4",True
float64,10,-5.6e-07,-5.631e-07,468,260,"4,4",True
float32,10,-5.4e-07,-5.448e-07,468,260,"4,4",True
float64,10,-5.4e-07,-5.448e-07,468,260,"4,4",True
float32,10,-5.2e-07,-5.218e-07,468,260,"4,4",True
float64,10,-5.2e-07,-5.218e-07,468,260,"4,4",True
float32,10,-5.0e-07,-4.988e-07,468,260,"4,4",True
float64,10,-5.0e-07,-4.988e-07,468,260,"4,4",True
float32,10,-4.8e-07,-4.812e-07,468,260,"4,4",True
float64,10,-4.8e-07,-4.812e-07,468,260,"4,4",True
float32,10,-4.6e-07,-4.588e-07,468,260,"4,4",True
float64,10,-4.6e-07,-4.588e-07,468,260,"4,4",True
float32,10,-4.4e-07,-4.331e-07,468,260,"4,4",True
float64,10,-4.4e-07,-4.331e-07,468,260,"4,4",True
float32,10,-4.2e-07,-4.160e-07,468,260,"4,4",True
float64,10,-4.2e-07,-4.160e-07,468,260,"4,4",True
float32,10,-4.0e-07,-3.984e-07,468,260,"4,4",True
float64,10,-4.0e-07,-3.984e-07,468,260,"4,4",True
float32,10,-3.8e-07,-3.801e-07,468,260,"4,4",True
float64,10,-3.8e-07,-3.801e-07,468,260,"4,4",True
float32,10,-3.6e-07,-3.607e-07,468,260,"4,4",True
float64,10,-3.6e-07,-3.607e-07,468,260,"4,4",True
float32,10,-3.4e-07,-3.392e-07,468,260,"4,4",True
float64,10,-3.4e-07,-3.392e-07,468,260,"4,4",True
float32,10,-3.2e-07,-3.227e-07,468,260,"4,4",True
float64,10,-3.2e-07,-3.227e-07,468,260,"4,4",True
float32,10,-3.0e-07,-3.020e-07,468,260,"4,4",True
float64,10,-3.0e-07,-3.020e-07,468,260,"4,4",True
float32,10,-2.8e-07,-2.776e-07,468,260,"4,4",True
float64,10,-2.8e-07,-2.776e-07,468,260,"4,4",True
float32,10,-2.6e-07,-2.594e-07,468,260,"4,4",True
float64,10,-2.6e-07,-2.594e-07,468,260,"4,4",True
float32,10,-2.4e-07,-2.364e-07,468,260,"4,4",True
float64,10,-2.4e-07,-2.364e-07,468,260,"4,4",True
float32,10,-2.2e-07,-2.188e-07,468,260,"4,4",True
float64,10,-2.2e-07,-2.188e-07,468,260,"4,4",True
float32,10,-2.0e-07,-1.995e-07,468,260,"4,4",True
float64,10,-2.0e-07,-1.995e-07,468,260,"4,4",True
float32,10,-1.8e-07,-1.808e-07,468,260,"4,4",True
float64,10,-1.8e-07,-1.808e-07,468,260,"4,4",True
float32,10,-1.6e-07,-1.646e-07,468,260,"4,4",True
float64,10,-1.6e-07,-1.646e-07,468,260,"4,4",True
float32,10,-1.4e-07,-1.461e-07,468,260,"4,4",True
float64,10,-1.4e-07,-1.461e-07,468,260,"4,4",True
float32,10,-1.2e-07,-1.192e-07,468,260,"4,4",True
float64,10,-1.2e-07,-1.192e-07,468,260,"4,4",True
float32,10,-1.0e-07,-9.802e-08,468,260,"4,4",True
float64,10,-1.0e-07,-9.802e-08,468,260,"4,4",True
float32,10,-8.0e-08,-7.733e-08,468,260,"4,4",True
float64,10,-8.0e-08,-7.733e-08,468,260,"4,4",True
float32,10,-6.0e-08,-5.992e-08,468,260,"4,4",True
float64,10,-6.0e-08,-5.992e-08,468,260,"4,4",True
float32,10,-4.0e-08,-3.882e-08,468,260,"4,4",True
float64,10,-4.0e-08,-3.882e-08,468,260,"4,4",True
float32,10,-2.0e-08,-2.045e-08,468,260,"4,4",True
float64,10,-2.0e-08,-2.045e-08,468,260,"4,4",True
float32,10,0.0e+00,-2.537e-09,475,260,"3,4",True
float64,10,0.0e+00,-2.537e-09,468,260,"4,4",True
float32,10,2.0e-08,1.837e-08,475,260,"3,4",True
float64,10,2.0e-08,1.837e-08,475,260,"3,4",True
float32,10,4.0e-08,3.884e-08,474,260,"2,4",False
float64,10,4.0e-08,3.884e-08,475,260,"3,4",True
float32,10,6.0e-08,5.931e-08,474,260,"2,4",False
float64,10,6.0e-08,5.931e-08,475,260,"3,4",True
float32,10,8.0e-08,7.983e-08,474,260,"2,4",False
float64,10,8.0e-08,7.983e-08,475,260,"3,4",True
float32,10,1.0e-07,1.051e-07,474,260,"2,4",False
float64,10,1.0e-07,1.051e-07,475,260,"3,4",True
float32,10,1.2e-07,1.266e-07,474,260,"2,4",False
float64,10,1.2e-07,1.266e-07,475,260,"3,4",True
float32,10,1.4e-07,1.429e-07,474,260,"2,4",False
float64,10,1.4e-07,1.429e-07,475,260,"3,4",True
float32,10,1.6e-07,1.596e-07,474,260,"2,4",False
float64,10,1.6e-07,1.596e-07,475,260,"3,4",True
float32,10,1.8e-07,1.811e-07,475,260,"3,4",True
float64,10,1.8e-07,1.811e-07,475,260,"3,4",True
float32,10,2.0e-07,2.013e-07,473,260,"1,4",False
float64,10,2.0e-07,2.013e-07,475,260,"3,4",True
float32,10,2.2e-07,2.197e-07,473,260,"1,4",False
float64,10,2.2e-07,2.197e-07,475,260,"3,4",True
float32,10,2.4e-07,2.387e-07,473,260,"1,4",False
float64,10,2.4e-07,2.387e-07,475,260,"3,4",True
float32,10,2.6e-07,2.596e-07,473,260,"1,4",False
float64,10,2.6e-07,2.596e-07,475,260,"3,4",True
float32,10,2.8e-07,2.819e-07,474,260,"2,4",False
float64,10,2.8e-07,2.819e-07,475,260,"3,4",True
float32,10,3.0e-07,3.007e-07,473,260,"1,4",False
float64,10,3.0e-07,3.007e-07,475,260,"3,4",True
float32,10,3.2e-07,3.221e-07,474,260,"2,4",False
float64,10,3.2e-07,3.221e-07,475,260,"3,4",True
float32,10,3.4e-07,3.395e-07,474,260,"2,4",False
float64,10,3.4e-07,3.395e-07,475,260,"3,4",True
float32,10,3.6e-07,3.596e-07,474,260,"2,4",False
float64,10,3.6e-07,3.596e-07,475,260,"3,4",True
float32,10,3.8e-07,3.816e-07,474,260,"2,4",False
float64,10,3.8e-07,3.816e-07,475,260,"3,4",True
float32,10,4.0e-07,4.009e-07,475,260,"3,4",True
float64,10,4.0e-07,4.009e-07,475,260,"3,4",True
float32,10,4.2e-07,4.210e-07,475,260,"3,4",True
float64,10,4.2e-07,4.210e-07,475,260,"3,4",True
float32,10,4.4e-07,4.409e-07,475,260,"3,4",True
float64,10,4.4e-07,4.409e-07,475,260,"3,4",True
float32,10,4.6e-07,4.588e-07,475,260,"3,4",True
float64,10,4.6e-07,4.588e-07,475,260,"3,4",True
float32,10,4.8e-07,4.769e-07,475,260,"3,4",True
float64,10,4.8e-07,4.769e-07,475,260,"3,4",True
float32,10,5.0e-07,5.016e-07,475,260,"3,4",True
float64,10,5.0e-07,5.016e-07,475,260,"3,4",True
float32,10,5.2e-07,5.208e-07,474,260,"2,4",False
float64,10,5.2e-07,5.208e-07,475,260,"3,4",True
float32,10,5.4e-07,5.380e-07,474,260,"2,4",False
float64,10,5.4e-07,5.380e-07,475,260,"3,4",True
float32,10,5.6e-07,5.549e-07,474,260,"2,4",False
float64,10,5.6e-07,5.549e-07,475,260,"3,4",True
float32,10,5.8e-07,5.737e-07,474,260,"2,4",False
float64,10,5.8e-07,5.737e-07,475,260,"3,4",True
float32,10,6.0e-07,5.934e-07,475,260,"3,4",True
float64,10,6.0e-07,5.934e-07,475,260,"3,4",True
float32,10,6.2e-07,6.181e-07,475,260,"3,4",True
float64,10,6.2e-07,6.181e-07,475,260,"3,4",True
float32,10,6.4e-07,6.400e-07,475,260,"3,4",True
float64,10,6.4e-07,6.400e-07,475,260,"3,4",True
float32,10,6.6e-07,6.596e-07,475,260,"3,4",True
float64,10,6.6e-07,6.596e-07,475,260,"3,4",True
float32,10,6.8e-07,6.779e-07,475,260,"3,4",True
float64,10,6.8e-07,6.779e-07,475,260,"3,4",True
float32,10,7.0e-07,7.030e-07,475,260,"3,4",True
float64,10,7.0e-07,7.030e-07,475,260,"3,4",True
float32,10,7.2e-07,7.235e-07,475,260,"3,4",True
float64,10,7.2e-07,7.235e-07,475,260,"3,4",True
float32,10,7.4e-07,7.416e-07,475,260,"3,4",True
float64,10,7.4e-07,7.416e-07,475,260,"3,4",True
float32,10,7.6e-07,7.629e-07,475,260,"3,4",True
float64,10,7.6e-07,7.629e-07,475,260,"3,4",True
float32,10,7.8e-07,7.847e-07,475,260,"3,4",True
float64,10,7.8e-07,7.847e-07,475,260,"3,4",True
float32,10,8.0e-07,8.042e-07,475,260,"3,4",True
float64,10,8.0e-07,8.042e-07,475,260,"3,4",True
float32,10,8.2e-07,8.229e-07,475,260,"3,4",True
float64,10,8.2e-07,8.229e-07,475,260,"3,4",True
float32,10,8.4e-07,8.435e-07,475,260,"3,4",True
float64,10,8.4e-07,8.435e-07,475,260,"3,4",True
float32,10,8.6e-07,8.618e-07,475,260,"3,4",True
float64,10,8.6e-07,8.618e-07,475,260,"3,4",True
float32,10,8.8e-07,8.804e-07,475,260,"3,4",True
float64,10,8.8e-07,8.804e-07,475,260,"3,4",True
float32,10,9.0e-07,8.979e-07,474,260,"2,4",False
float64,10,9.0e-07,8.979e-07,475,260,"3,4",True
float32,10,9.2e-07,9.184e-07,475,260,"3,4",True
float64,10,9.2e-07,9.184e-07,475,260,"3,4",True
float32,10,9.4e-07,9.413e-07,475,260,"3,4",True
float64,10,9.4e-07,9.413e-07,475,260,"3,4",True
float32,10,9.6e-07,9.598e-07,475,260,"3,4",True
float64,10,9.6e-07,9.598e-07,475,260,"3,4",True
float32,10,9.8e-07,9.790e-07,475,260,"3,4",True
float64,10,9.8e-07,9.790e-07,475,260,"3,4",True
float32,10,1.0e-06,9.981e-07,475,260,"3,4",True
float64,10,1.0e-06,9.981e-07,475,260,"3,4",True
float32,11,-1.0e-06,-1.001e-06,468,260,"4,4",True
float64,11,-1.0e-06,-1.001e-06,468,260,"4,4",True
float32,11,-9.8e-07,-9.817e-07,468,260,"4,4",True
float64,11,-9.8e-07,-9.817e-07,468,260,"4,4",True
float32,11,-9.6e-07,-9.586e-07,468,260,"4,4",True
float64,11,-9.6e-07,-9.586e-07,468,260,"4,4",True
float32,11,-9.4e-07,-9.382e-07,468,260,"4,4",True
float64,11,-9.4e-07,-9.382e-07,468,260,"4,4",True
float32,11,-9.2e-07,-9.215e-07,468,260,"4,4",True
float64,11,-9.2e-07,-9.215e-07,468,260,"4,4",True
float32,11,-9.0e-07,-9.019e-07,468,260,"4,4",True
float64,11,-9.0e-07,-9.019e-07,468,260,"4,4",True
float32,11,-8.8e-07,-8.822e-07,468,260,"4,4",True
float64,11,-8.8e-07,-8.822e-07,468,260,"4,4",True
float32,11,-8.6e-07,-8.597e-07,468,260,"4,4",True
float64,11,-8.6e-07,-8.597e-07,468,260,"4,4",True
float32,11,-8.4e-07,-8.402e-07,468,260,"4,4",True
float64,11,-8.4e-07,-8.402e-07,468,260,"4,4",True
float32,11,-8.2e-07,-8.222e-07,468,260,"4,4",True
float64,11,-8.2e-07,-8.222e-07,468,260,"4,4",True
float32,11,-8.0e-07,-7.994e-07,468,260,"4,4",True
float64,11,-8.0e-07,-7.994e-07,468,260,"4,4",True
float32,11,-7.8e-07,-7.778e-07,468,260,"4,4",True
float64,11,-7.8e-07,-7.778e-07,468,260,"4,4",True
float32,11,-7.6e-07,-7.573e-07,468,260,"4,4",True
float64,11,-7.6e-07,-7.573e-07,468,260,"4,4",True
float32,11,-7.4e-07,-7.379e-07,468,260,"4,4",True
float64,11,-7.4e-07,-7.379e-07,468,260,"4,4",True
float32,11,-7.2e-07,-7.218e-07,468,260,"4,4",True
float64,11,-7.2e-07,-7.218e-07,468,260,"4,4",True
float32,11,-7.0e-07,-7.031e-07,468,260,"4,4",True
float64,11,-7.0e-07,-7.031e-07,468,260,"4,4",True
float32,11,-6.8e-07,-6.857e-07,468,260,"4,4",True
float64,11,-6.8e-07,-6.857e-07,468,260,"4,4",True
float32,11,-6.6e-07,-6.644e-07,468,260,"4,4",True
float64,11,-6.6e-07,-6.644e-07,468,260,"4,4",True
float32,11,-6.4e-07,-6.402e-07,468,260,"4,4",True
float64,11,-6.4e-07,-6.402e-07,468,260,"4,4",True
float32,11,-6.2e-07,-6.215e-07,468,260,"4,4",True
float64,11,-6.2e-07,-6.215e-07,468,260,"4,4",True
float32,11,-6.0e-07,-6.014e-07,468,260,"4,4",True
float64,11,-6.0e-07,-6.014e-07,468,260,"4,4",True
float32,11,-5.8e-07,-5.817e-07,468,260,"4,4",True
float64,11,-5.8e-07,-5.817e-07,468,260,"4,4",True
float32,11,-5.6e-07,-5.603e-07,468,260,"4,4",True
float64,11,-5.6e-07,-5.603e-07,468,260,"4,4",True
float32,11,-5.4e-07,-5.436e-07,468,260,"4,4",True
float64,11,-5.4e-07,-5.436e-07,468,260,"4,4",True
float32,11,-5.2e-07,-5.249e-07,468,260,"4,4",True
float64,11,-5.2e-07,-5.249e-07,468,260,"4,4",True
float32,11,-5.0e-07,-5.059e-07,468,260,"4,4",True
float64,11,-5.0e-07,-5.059e-07,468,260,"4,4",True
float32,11,-4.8e-07,-4.845e-07,468,260,"4,4",True
float64,11,-4.8e-07,-4.845e-07,468,260,"4,4",True
float32,11,-4.6e-07,-4.646e-07,468,260,"4,4",True
float64,11,-4.6e-07,-4.646e-07,468,260,"4,4",True
float32,11,-4.4e-07,-4.390e-07,468,260,"4,4",True
float64,11,-4.4e-07,-4.390e-07,468,260,"4,4",True
float32,11,-4.2e-07,-4.113e-07,468,260,"4,4",True
float64,11,-4.2e-07,-4.113e-07,468,260,"4,4",True
float32,11,-4.0e-07,-3.949e-07,468,260,"4,4",True
float64,11,-4.0e-07,-3.949e-07,468,260,"4,4",True
float32,11,-3.8e-07,-3.758e-07,468,260,"4,4",True
float64,11,-3.8e-07,-3.758e-07,468,260,"4,4",True
float32,11,-3.6e-07,-3.513e-07,468,260,"4,4",True
float64,11,-3.6e-07,-3.513e-07,468,260,"4,4",True
float32,11,-3.4e-07,-3.332e-07,468,260,"4,4",True
float64,11,-3.4e-07,-3.332e-07,468,260,"4,4",True
float32,11,-3.2e-07,-3.140e-07,468,260,"4,4",True
float64,11,-3.2e-07,-3.140e-07,468,260,"4,4",True
float32,11,-3.0e-07,-2.968e-07,469,260,"5,4",False
float64,11,-3.0e-07,-2.968e-07,468,260,"4,4",True
float32,11,-2.8e-07,-2.800e-07,469,260,"5,4",False
float64,11,-2.8e-07,-2.800e-07,468,260,"4,4",True
float32,11,-2.6e-07,-2.600e-07,469,260,"5,4",False
float64,11,-2.6e-07,-2.600e-07,468,260,"4,4",True
float32,11,-2.4e-07,-2.417e-07,469,260,"5,4",False
float64,11,-2.4e-07,-2.417e-07,468,260,"4,4",True
float32,11,-2.2e-07,-2.231e-07,469,260,"5,4",False
float64,11,-2.2e-07,-2.231e-07,468,260,"4,4",True
float32,11,-2.0e-07,-2.032e-07,469,260,"5,4",False
float64,11,-2.0e-07,-2.032e-07,468,260,"4,4",True
float32,11,-1.8e-07,-1.797e-07,469,260,"5,4",False
float64,11,-1.8e-07,-1.797e-07,468,260,"4,4",True
float32,11,-1.6e-07,-1.606e-07,469,260,"5,4",False
float64,11,-1.6e-07,-1.606e-07,468,260,"4,4",True
float32,11,-1.4e-07,-1.399e-07,469,260,"5,4",False
float64,11,-1.4e-07,-1.399e-07,468,260,"4,4",True
float32,11,-1.2e-07,-1.234e-07,469,260,"5,4",False
float64,11,-1.2e-07,-1.234e-07,468,260,"4,4",True
float32,11,-1.0e-07,-1.021e-07,469,260,"5,4",False
float64,11,-1.0e-07,-1.021e-07,468,260,"4,4",True
float32,11,-8.0e-08,-8.285e-08,469,260,"5,4",False
float64,11,-8.0e-08,-8.285e-08,468,260,"4,4",True
float32,11,-6.0e-08,-5.659e-08,469,260,"5,4",False
float64,11,-6.0e-08,-5.659e-08,468,260,"4,4",True
float32,11,-4.0e-08,-3.929e-08,469,260,"5,4",False
float64,11,-4.0e-08,-3.929e-08,468,260,"4,4",True
float32,11,-2.0e-08,-1.811e-08,469,260,"5,4",False
float64,11,-2.0e-08,-1.811e-08,468,260,"4,4",True
float32,11,0.0e+00,2.724e-09,474,260,"2,4",False
float64,11,0.0e+00,2.724e-09,475,260,"3,4",True
float32,11,2.0e-08,2.091e-08,474,260,"2,4",False
float64,11,2.0e-08,2.091e-08,475,260,"3,4",True
float32,11,4.0e-08,3.800e-08,471,260,"7,4",False
float64,11,4.0e-08,3.800e-08,475,260,"3,4",True
float32,11,6.0e-08,5.629e-08,472,260,"0,4",False
float64,11,6.0e-08,5.629e-08,475,260,"3,4",True
float32,11,8.0e-08,7.767e-08,472,260,"0,4",False
float64,11,8.0e-08,7.767e-08,475,260,"3,4",True
float32,11,1.0e-07,9.667e-08,472,260,"0,4",False
float64,11,1.0e-07,9.667e-08,475,260,"3,4",True
float32,11,1.2e-07,1.154e-07,472,260,"0,4",False
float64,11,1.2e-07,1.154e-07,475,260,"3,4",True
float32,11,1.4e-07,1.372e-07,472,260,"0,4",False
float64,11,1.4e-07,1.372e-07,475,260,"3,4",True
float32,11,1.6e-07,1.539e-07,472,260,"0,4",False
float64,11,1.6e-07,1.539e-07,475,260,"3,4",True
float32,11,1.8e-07,1.792e-07,475,260,"3,4",True
float64,11,1.8e-07,1.792e-07,475,260,"3,4",True
float32,11,2.0e-07,2.010e-07,475,260,"3,4",True
float64,11,2.0e-07,2.010e-07,475,260,"3,4",True
float32,11,2.2e-07,2.211e-07,475,260,"3,4",True
float64,11,2.2e-07,2.211e-07,475,260,"3,4",True
float32,11,2.4e-07,2.439e-07,474,260,"2,4",False
float64,11,2.4e-07,2.439e-07,475,260,"3,4",True
float32,11,2.6e-07,2.624e-07,475,260,"3,4",True
float64,11,2.6e-07,2.624e-07,475,260,"3,4",True
float32,11,2.8e-07,2.795e-07,475,260,"3,4",True
float64,11,2.8e-07,2.795e-07,475,260,"3,4",True
float32,11,3.0e-07,3.025e-07,474,260,"2,4",False
float64,11,3.0e-07,3.025e-07,475,260,"3,4",True
float32,11,3.2e-07,3.199e-07,474,260,"2,4",False
float64,11,3.2e-07,3.199e-07,475,260,"3,4",True
float32,11,3.4e-07,3.401e-07,475,260,"3,4",True
float64,11,3.4e-07,3.401e-07,475,260,"3,4",True
float32,11,3.6e-07,3.613e-07,475,260,"3,4",True
float64,11,3.6e-07,3.613e-07,475,260,"3,4",True
float32,11,3.8e-07,3.817e-07,475,260,"3,4",True
float64,11,3.8e-07,3.817e-07,475,260,"3,4",True
float32,11,4.0e-07,4.023e-07,475,260,"3,4",True
float64,11,4.0e-07,4.023e-07,475,260,"3,4",True
float32,11,4.2e-07,4.199e-07,474,260,"2,4",False
float64,11,4.2e-07,4.199e-07,475,260,"3,4",True
float32,11,4.4e-07,4.444e-07,474,260,"2,4",False
float64,11,4.4e-07,4.444e-07,475,260,"3,4",True
float32,11,4.6e-07,4.637e-07,474,260,"2,4",False
float64,11,4.6e-07,4.637e-07,475,260,"3,4",True
float32,11,4.8e-07,4.831e-07,474,260,"2,4",False
float64,11,4.8e-07,4.831e-07,475,260,"3,4",True
float32,11,5.0e-07,5.004e-07,474,260,"2,4",False
float64,11,5.0e-07,5.004e-07,475,260,"3,4",True
float32,11,5.2e-07,5.196e-07,474,260,"2,4",False
float64,11,5.2e-07,5.196e-07,475,260,"3,4",True
float32,11,5.4e-07,5.429e-07,474,260,"2,4",False
float64,11,5.4e-07,5.429e-07,475,260,"3,4",True
float32,11,5.6e-07,5.632e-07,475,260,"3,4",True
float64,11,5.6e-07,5.632e-07,475,260,"3,4",True
float32,11,5.8e-07,5.815e-07,475,260,"3,4",True
float64,11,5.8e-07,5.815e-07,475,260,"3,4",True
float32,11,6.0e-07,5.979e-07,475,260,"3,4",True
float64,11,6.0e-07,5.979e-07,475,260,"3,4",True
float32,11,6.2e-07,6.183e-07,475,260,"3,4",True
float64,11,6.2e-07,6.183e-07,475,260,"3,4",True
float32,11,6.4e-07,6.368e-07,475,260,"3,4",True
float64,11,6.4e-07,6.368e-07,475,260,"3,4",True
float32,11,6.6e-07,6.588e-07,475,260,"3,4",True
float64,11,6.6e-07,6.588e-07,475,260,"3,4",True
float32,11,6.8e-07,6.748e-07,475,260,"3,4",True
float64,11,6.8e-07,6.748e-07,475,260,"3,4",True
float32,11,7.0e-07,6.930e-07,475,260,"3,4",True
float64,11,7.0e-07,6.930e-07,475,260,"3,4",True
float32,11,7.2e-07,7.158e-07,475,260,"3,4",True
float64,11,7.2e-07,7.158e-07,475,260,"3,4",True
float32,11,7.4e-07,7.380e-07,475,260,"3,4",True
float64,11,7.4e-07,7.380e-07,475,260,"3,4",True
float32,11,7.6e-07,7.589e-07,475,260,"3,4",True
float64,11,7.6e-07,7.589e-07,475,260,"3,4",True
float32,11,7.8e-07,7.851e-07,475,260,"3,4",True
float64,11,7.8e-07,7.851e-07,475,260,"3,4",True
float32,11,8.0e-07,8.054e-07,475,260,"3,4",True
float64,11,8.0e-07,8.054e-07,475,260,"3,4",True
float32,11,8.2e-07,8.228e-07,475,260,"3,4",True
float64,11,8.2e-07,8.228e-07,475,260,"3,4",True
float32,11,8.4e-07,8.407e-07,475,260,"3,4",True
float64,11,8.4e-07,8.407e-07,475,260,"3,4",True
float32,11,8.6e-07,8.612e-07,475,260,"3,4",True
float64,11,8.6e-07,8.612e-07,475,260,"3,4",True
float32,11,8.8e-07,8.812e-07,475,260,"3,4",True
float64,11,8.8e-07,8.812e-07,475,260,"3,4",True
float32,11,9.0e-07,9.014e-07,475,260,"3,4",True
float64,11,9.0e-07,9.014e-07,475,260,"3,4",True
float32,11,9.2e-07,9.197e-07,475,260,"3,4",True
float64,11,9.2e-07,9.197e-07,475,260,"3,4",True
float32,11,9.4e-07,9.398e-07,475,260,"3,4",True
float64,11,9.4e-07,9.398e-07,475,260,"3,4",True
float32,11,9.6e-07,9.630e-07,475,260,"3,4",True
float64,11,9.6e-07,9.630e-07,475,260,"3,4",True
float32,11,9.8e-07,9.795e-07,475,260,"3,4",True
float64,11,9.8e-07,9.795e-07,475,260,"3,4",True
float32,11,1.0e-06,9.964e-07,474,260,"2,4",False
float64,11,1.0e-06,9.964e-07,475,260,"3,4",True
float32,12,-1.0e-06,-9.949e-07,468,260,"4,4",True
float64,12,-1.0e-06,-9.949e-07,468,260,"4,4",True
float32,12,-9.8e-07,-9.736e-07,468,260,"4,4",True
float64,12,-9.8e-07,-9.736e-07,468,260,"4,4",True
float32,12,-9.6e-07,-9.527e-07,468,260,"4,4",True
float64,12,-9.6e-07,-9.527e-07,468,260,"4,4",True
float32,12,-9.4e-07,-9.366e-07,468,260,"4,4",True
float64,12,-9.4e-07,-9.366e-07,468,260,"4,4",True
float32,12,-9.2e-07,-9.193e-07,468,260,"4,4",True
float64,12,-9.2e-07,-9.193e-07,468,260,"4,4",True
float32,12,-9.0e-07,-8.986e-07,468,260,"4,4",True
float64,12,-9.0e-07,-8.986e-07,468,260,"4,4",True
float32,12,-8.8e-07,-8.813e-07,468,260,"4,4",True
float64,12,-8.8e-07,-8.813e-07,468,260,"4,4",True
float32,12,-8.6e-07,-8.585e-07,468,260,"4,4",True
float64,12,-8.6e-07,-8.585e-07,468,260,"4,4",True
float32,12,-8.4e-07,-8.398e-07,468,260,"4,4",True
float64,12,-8.4e-07,-8.398e-07,468,260,"4,4",True
float32,12,-8.2e-07,-8.183e-07,468,260,"4,4",True
float64,12,-8.2e-07,-8.183e-07,468,260,"4,4",True
float32,12,-8.0e-07,-7.954e-07,468,260,"4,4",True
float64,12,-8.0e-07,-7.954e-07,468,260,"4,4",True
float32,12,-7.8e-07,-7.764e-07,468,260,"4,4",True
float64,12,-7.8e-07,-7.764e-07,468,260,"4,4",True
float32,12,-7.6e-07,-7.585e-07,468,260,"4,4",True
float64,12,-7.6e-07,-7.585e-07,468,260,"4,4",True
float32,12,-7.4e-07,-7.408e-07,468,260,"4,4",True
float64,12,-7.4e-07,-7.408e-07,468,260,"4,4",True
float32,12,-7.2e-07,-7.228e-07,468,260,"4,4",True
float64,12,-7.2e-07,-7.228e-07,468,260,"4,4",True
float32,12,-7.0e-07,-7.039e-07,468,260,"4,4",True
float64,12,-7.0e-07,-7.039e-07,468,260,"4,4",True
float32,12,-6.8e-07,-6.851e-07,468,260,"4,4",True
float64,12,-6.8e-07,-6.851e-07,468,260,"4,4",True
float32,12,-6.6e-07,-6.627e-07,468,260,"4,4",True
float64,12,-6.6e-07,-6.627e-07,468,260,"4,4",True
float32,12,-6.4e-07,-6.409e-07,468,260,"4,4",True
float64,12,-6.4e-07,-6.409e-07,468,260,"4,4",True
float32,12,-6.2e-07,-6.196e-07,468,260,"4,4",True
float64,12,-6.2e-07,-6.196e-07,468,260,"4,4",True
float32,12,-6.0e-07,-6.010e-07,468,260,"4,4",True
float64,12,-6.0e-07,-6.010e-07,468,260,"4,4",True
float32,12,-5.8e-07,-5.811e-07,468,260,"4,4",True
float64,12,-5.8e-07,-5.811e-07,468,260,"4,4",True
float32,12,-5.6e-07,-5.604e-07,468,260,"4,4",True
float64,12,-5.6e-07,-5.604e-07,468,260,"4,4",True
float32,12,-5.4e-07,-5.416e-07,468,260,"4,4",True
float64,12,-5.4e-07,-5.416e-07,468,260,"4,4",True
float32,12,-5.2e-07,-5.245e-07,468,260,"4,4",True
float64,12,-5.2e-07,-5.245e-07,468,260,"4,4",True
float32,12,-5.0e-07,-4.981e-07,468,260,"4,4",True
float64,12,-5.0e-07,-4.981e-07,468,260,"4,4",True
float32,12,-4.8e-07,-4.768e-07,468,260,"4,4",True
float64,12,-4.8e-07,-4.768e-07,468,260,"4,4",True
float32,12,-4.6e-07,-4.546e-07,468,260,"4,4",True
float64,12,-4.6e-07,-4.546e-07,468,260,"4,4",True
float32,12,-4.4e-07,-4.364e-07,468,260,"4,4",True
float64,12,-4.4e-07,-4.364e-07,468,260,"4,4",True
float32,12,-4.2e-07,-4.169e-07,468,260,"4,4",True
float64,12,-4.2e-07,-4.169e-07,468,260,"4,4",True
float32,12,-4.0e-07,-3.991e-07,468,260,"4,4",True
float64,12,-4.0e-07,-3.991e-07,468,260,"4,4",True
float32,12,-3.8e-07,-3.794e-07,468,260,"4,4",True
float64,12,-3.8e-07,-3.794e-07,468,260,"4,4",True
float32,12,-3.6e-07,-3.592e-07,468,260,"4,4",True
float64,12,-3.6e-07,-3.592e-07,468,260,"4,4",True
float32,12,-3.4e-07,-3.418e-07,468,260,"4,4",True
float64,12,-3.4e-07,-3.418e-07,468,260,"4,4",True
float32,12,-3.2e-07,-3.217e-07,468,260,"4,4",True
float64,12,-3.2e-07,-3.217e-07,468,260,"4,4",True
float32,12,-3.0e-07,-3.042e-07,468,260,"4,4",True
float64,12,-3.0e-07,-3.042e-07,468,260,"4,4",True
float32,12,-2.8e-07,-2.825e-07,468,260,"4,4",True
float64,12,-2.8e-07,-2.825e-07,468,260,"4,4",True
float32,12,-2.6e-07,-2.649e-07,468,260,"4,4",True
float64,12,-2.6e-07,-2.649e-07,468,260,"4,4",True
float32,12,-2.4e-07,-2.457e-07,468,260,"4,4",True
float64,12,-2.4e-07,-2.457e-07,468,260,"4,4",True
float32,12,-2.2e-07,-2.243e-07,468,260,"4,4",True
float64,12,-2.2e-07,-2.243e-07,468,260,"4,4",True
float32,12,-2.0e-07,-2.034e-07,468,260,"4,4",True
float64,12,-2.0e-07,-2.034e-07,468,260,"4,4",True
float32,12,-1.8e-07,-1.812e-07,468,260,"4,4",True
float64,12,-1.8e-07,-1.812e-07,468,260,"4,4",True
float32,12,-1.6e-07,-1.648e-07,468,260,"4,4",True
float64,12,-1.6e-07,-1.648e-07,468,260,"4,4",True
float32,12,-1.4e-07,-1.410e-07,468,260,"4,4",True
float64,12,-1.4e-07,-1.410e-07,468,260,"4,4",True
float32,12,-1.2e-07,-1.175e-07,468,260,"4,4",True
float64,12,-1.2e-07,-1.175e-07,468,260,"4,4",True
float32,12,-1.0e-07,-9.777e-08,468,260,"4,4",True
float64,12,-1.0e-07,-9.777e-08,468,260,"4,4",True
float32,12,-8.0e-08,-7.872e-08,468,260,"4,4",True
float64,12,-8.0e-08,-7.872e-08,468,260,"4,4",True
float32,12,-6.0e-08,-5.549e-08,468,260,"4,4",True
float64,12,-6.0e-08,-5.549e-08,468,260,"4,4",True
float32,12,-4.0e-08,-3.631e-08,468,260,"4,4",True
float64,12,-4.0e-08,-3.631e-08,468,260,"4,4",True
float32,12,-2.0e-08,-1.475e-08,468,260,"4,4",True
float64,12,-2.0e-08,-1.475e-08,468,260,"4,4",True
float32,12,0.0e+00,2.376e-09,468,260,"4,4",True
float64,12,0.0e+00,2.376e-09,475,260,"3,4",True
float32,12,2.0e-08,2.133e-08,468,260,"4,4",True
float64,12,2.0e-08,2.133e-08,475,260,"3,4",True
float32,12,4.0e-08,4.027e-08,475,260,"3,4",True
float64,12,4.0e-08,4.027e-08,475,260,"3,4",True
float32,12,6.0e-08,5.766e-08,473,260,"1,4",False
float64,12,6.0e-08,5.766e-08,475,260,"3,4",True
float32,12,8.0e-08,7.723e-08,473,260,"1,4",False
float64,12,8.0e-08,7.723e-08,475,260,"3,4",True
float32,12,1.0e-07,9.721e-08,473,260,"1,4",False
float64,12,1.0e-07,9.721e-08,475,260,"3,4",True
float32,12,1.2e-07,1.217e-07,473,260,"1,4",False
float64,12,1.2e-07,1.217e-07,475,260,"3,4",True
float32,12,1.4e-07,1.398e-07,473,260,"1,4",False
float64,12,1.4e-07,1.398e-07,475,260,"3,4",True
float32,12,1.6e-07,1.618e-07,474,260,"2,4",False
float64,12,1.6e-07,1.618e-07,475,260,"3,4",True
float32,12,1.8e-07,1.800e-07,474,260,"2,4",False
float64,12,1.8e-07,1.800e-07,475,260,"3,4",True
float32,12,2.0e-07,1.999e-07,474,260,"2,4",False
float64,12,2.0e-07,1.999e-07,475,260,"3,4",True
float32,12,2.2e-07,2.205e-07,474,260,"2,4",False
float64,12,2.2e-07,2.205e-07,475,260,"3,4",True
float32,12,2.4e-07,2.429e-07,472,260,"0,4",False
float64,12,2.4e-07,2.429e-07,475,260,"3,4",True
float32,12,2.6e-07,2.659e-07,472,260,"0,4",False
float64,12,2.6e-07,2.659e-07,475,260,"3,4",True
float32,12,2.8e-07,2.828e-07,474,260,"2,4",False
float64,12,2.8e-07,2.828e-07,475,260,"3,4",True
float32,12,3.0e-07,3.057e-07,474,260,"2,4",False
float64,12,3.0e-07,3.057e-07,475,260,"3,4",True
float32,12,3.2e-07,3.233e-07,474,260,"2,4",False
float64,12,3.2e-07,3.233e-07,475,260,"3,4",True
float32,12,3.4e-07,3.437e-07,475,260,"3,4",True
float64,12,3.4e-07,3.437e-07,475,260,"3,4",True
float32,12,3.6e-07,3.617e-07,475,260,"3,4",True
float64,12,3.6e-07,3.617e-07,475,260,"3,4",True
float32,12,3.8e-07,3.802e-07,475,260,"3,4",True
float64,12,3.8e-07,3.802e-07,475,260,"3,4",True
float32,12,4.0e-07,3.993e-07,475,260,"3,4",True
float64,12,4.0e-07,3.993e-07,475,260,"3,4",True
float32,12,4.2e-07,4.177e-07,475,260,"3,4",True
float64,12,4.2e-07,4.177e-07,475,260,"3,4",True
float32,12,4.4e-07,4.418e-07,475,260,"3,4",True
float64,12,4.4e-07,4.418e-07,475,260,"3,4",True
float32,12,4.6e-07,4.606e-07,475,260,"3,4",True
float64,12,4.6e-07,4.606e-07,475,260,"3,4",True
float32,12,4.8e-07,4.772e-07,475,260,"3,4",True
float64,12,4.8e-07,4.772e-07,475,260,"3,4",True
float32,12,5.0e-07,4.942e-07,475,260,"3,4",True
float64,12,5.0e-07,4.942e-07,475,260,"3,4",True
float32,12,5.2e-07,5.113e-07,475,260,"3,4",True
float64,12,5.2e-07,5.113e-07,475,260,"3,4",True
float32,12,5.4e-07,5.349e-07,475,260,"3,4",True
float64,12,5.4e-07,5.349e-07,475,260,"3,4",True
float32,12,5.6e-07,5.557e-07,475,260,"3,4",True
float64,12,5.6e-07,5.557e-07,475,260,"3,4",True
float32,12,5.8e-07,5.752e-07,475,260,"3,4",True
float64,12,5.8e-07,5.752e-07,475,260,"3,4",True
float32,12,6.0e-07,5.946e-07,475,260,"3,4",True
float64,12,6.0e-07,5.946e-07,475,260,"3,4",True
float32,12,6.2e-07,6.177e-07,475,260,"3,4",True
float64,12,6.2e-07,6.177e-07,475,260,"3,4",True
float32,12,6.4e-07,6.364e-07,475,260,"3,4",True
float64,12,6.4e-07,6.364e-07,475,260,"3,4",True
float32,12,6.6e-07,6.549e-07,475,260,"3,4",True
float64,12,6.6e-07,6.549e-07,475,260,"3,4",True
float32,12,6.8e-07,6.715e-07,475,260,"3,4",True
float64,12,6.8e-07,6.715e-07,475,260,"3,4",True
float32,12,7.0e-07,6.935e-07,475,260,"3,4",True
float64,12,7.0e-07,6.935e-07,475,260,"3,4",True
float32,12,7.2e-07,7.226e-07,475,260,"3,4",True
float64,12,7.2e-07,7.226e-07,475,260,"3,4",True
float32,12,7.4e-07,7.457e-07,475,260,"3,4",True
float64,12,7.4e-07,7.457e-07,475,260,"3,4",True
float32,12,7.6e-07,7.652e-07,474,260,"2,4",False
float64,12,7.6e-07,7.652e-07,475,260,"3,4",True
float32,12,7.8e-07,7.851e-07,474,260,"2,4",False
float64,12,7.8e-07,7.851e-07,475,260,"3,4",True
float32,12,8.0e-07,8.057e-07,475,260,"3,4",True
float64,12,8.0e-07,8.057e-07,475,260,"3,4",True
float32,12,8.2e-07,8.248e-07,475,260,"3,4",True
float64,12,8.2e-07,8.248e-07,475,260,"3,4",True
float32,12,8.4e-07,8.455e-07,475,260,"3,4",True
float64,12,8.4e-07,8.455e-07,475,260,"3,4",True
float32,12,8.6e-07,8.622e-07,475,260,"3,4",True
float64,12,8.6e-07,8.622e-07,475,260,"3,4",True
float32,12,8.8e-07,8.836e-07,475,260,"3,4",True
float64,12,8.8e-07,8.836e-07,475,260,"3,4",True
float32,12,9.0e-07,9.037e-07,475,260,"3,4",True
float64,12,9.0e-07,9.037e-07,475,260,"3,4",True
float32,12,9.2e-07,9.262e-07,475,260,"3,4",True
float64,12,9.2e-07,9.262e-07,475,260,"3,4",True
float32,12,9.4e-07,9.445e-07,475,260,"3,4",True
float64,12,9.4e-07,9.445e-07,475,260,"3,4",True
float32,12,9.6e-07,9.612e-07,475,260,"3,4",True
float64,12,9.6e-07,9.612e-07,475,260,"3,4",True
float32,12,9.8e-07,9.807e-07,475,260,"3,4",True
float64,12,9.8e-07,9.807e-07,475,260,"3,4",True
float32,12,1.0e-06,9.976e-07,475,260,"3,4",True
float64,12,1.0e-06,9.976e-07,475,260,"3,4",True
float32,13,-1.0e-06,-9.980e-07,468,260,"4,4",True
float64,13,-1.0e-06,-9.980e-07,468,260,"4,4",True
float32,13,-9.8e-07,-9.771e-07,468,260,"4,4",True
float64,13,-9.8e-07,-9.771e-07,468,260,"4,4",True
float32,13,-9.6e-07,-9.579e-07,468,260,"4,4",True
float64,13,-9.6e-07,-9.579e-07,468,260,"4,4",True
float32,13,-9.4e-07,-9.378e-07,468,260,"4,4",True
float64,13,-9.4e-07,-9.378e-07,468,260,"4,4",True
float32,13,-9.2e-07,-9.192e-07,468,260,"4,4",True
float64,13,-9.2e-07,-9.192e-07,468,260,"4,4",True
float32,13,-9.0e-07,-9.017e-07,468,260,"4,4",True
float64,13,-9.0e-07,-9.017e-07,468,260,"4,4",True
float32,13,-8.8e-07,-8.841e-07,468,260,"4,4",True
float64,13,-8.8e-07,-8.841e-07,468,260,"4,4",True
float32,13,-8.6e-07,-8.626e-07,468,260,"4,4",True
float64,13,-8.6e-07,-8.626e-07,468,260,"4,4",True
float32,13,-8.4e-07,-8.404e-07,468,260,"4,4",True
float64,13,-8.4e-07,-8.404e-07,468,260,"4,4",True
float32,13,-8.2e-07,-8.189e-07,468,260,"4,4",True
float64,13,-8.2e-07,-8.189e-07,468,260,"4,4",True
float32,13,-8.0e-07,-7.995e-07,468,260,"4,4",True
float64,13,-8.0e-07,-7.995e-07,468,260,"4,4",True
float32,13,-7.8e-07,-7.787e-07,468,260,"4,4",True
float64,13,-7.8e-07,-7.787e-07,468,260,"4,4",True
float32,13,-7.6e-07,-7.586e-07,468,260,"4,4",True
float64,13,-7.6e-07,-7.586e-07,468,260,"4,4",True
float32,13,-7.4e-07,-7.387e-07,468,260,"4,4",True
float64,13,-7.4e-07,-7.387e-07,468,260,"4,4",True
float32,13,-7.2e-07,-7.206e-07,468,260,"4,4",True
float64,13,-7.2e-07,-7.206e-07,468,260,"4,4",True
float32,13,-7.0e-07,-7.036e-07,468,260,"4,4",True
float64,13,-7.0e-07,-7.036e-07,468,260,"4,4",True
float32,13,-6.8e-07,-6.830e-07,468,260,"4,4",True
float64,13,-6.8e-07,-6.830e-07,468,260,"4,4",True
float32,13,-6.6e-07,-6.627e-07,468,260,"4,4",True
float64,13,-6.6e-07,-6.627e-07,468,260,"4,4",True
float32,13,-6.4e-07,-6.449e-07,468,260,"4,4",True
float64,13,-6.4e-07,-6.449e-07,468,260,"4,4",True
float32,13,-6.2e-07,-6.249e-07,468,260,"4,4",True
float64,13,-6.2e-07,-6.249e-07,468,260,"4,4",True
float32,13,-6.0e-07,-6.012e-07,468,260,"4,4",True
float64,13,-6.0e-07,-6.012e-07,468,260,"4,4",True
float32,13,-5.8e-07,-5.816e-07,468,260,"4,4",True
float64,13,-5.8e-07,-5.816e-07,468,260,"4,4",True
float32,13,-5.6e-07,-5.642e-07,468,260,"4,4",True
float64,13,-5.6e-07,-5.642e-07,468,260,"4,4",True
float32,13,-5.4e-07,-5.466e-07,468,260,"4,4",True
float64,13,-5.4e-07,-5.466e-07,468,260,"4,4",True
float32,13,-5.2e-07,-5.204e-07,468,260,"4,4",True
float64,13,-5.2e-07,-5.204e-07,468,260,"4,4",True
float32,13,-5.0e-07,-5.028e-07,468,260,"4,4",True
float64,13,-5.0e-07,-5.028e-07,468,260,"4,4",True
float32,13,-4.8e-07,-4.811e-07,468,260,"4,4",True
float64,13,-4.8e-07,-4.811e-07,468,260,"4,4",True
float32,13,-4.6e-07,-4.627e-07,468,260,"4,4",True
float64,13,-4.6e-07,-4.627e-07,468,260,"4,4",True
float32,13,-4.4e-07,-4.381e-07,468,260,"4,4",True
float64,13,-4.4e-07,-4.381e-07,468,260,"4,4",True
float32,13,-4.2e-07,-4.123e-07,468,260,"4,4",True
float64,13,-4.2e-07,-4.123e-07,468,260,"4,4",True
float32,13,-4.0e-07,-3.910e-07,468,260,"4,4",True
float64,13,-4.0e-07,-3.910e-07,468,260,"4,4",True
float32,13,-3.8e-07,-3.731e-07,468,260,"4,4",True
float64,13,-3.8e-07,-3.731e-07,468,260,"4,4",True
float32,13,-3.6e-07,-3.549e-07,468,260,"4,4",True
float64,13,-3.6e-07,-3.549e-07,468,260,"4,4",True
float32,13,-3.4e-07,-3.354e-07,468,260,"4,4",True
float64,13,-3.4e-07,-3.354e-07,468,260,"4,4",True
float32,13,-3.2e-07,-3.179e-07,468,260,"4,4",True
float64,13,-3.2e-07,-3.179e-07,468,260,"4,4",True
float32,13,-3.0e-07,-2.990e-07,468,260,"4,4",True
float64,13,-3.0e-07,-2.990e-07,468,260,"4,4",True
float32,13,-2.8e-07,-2.758e-07,468,260,"4,4",True
float64,13,-2.8e-07,-2.758e-07,468,260,"4,4",True
float32,13,-2.6e-07,-2.550e-07,468,260,"4,4",True
float64,13,-2.6e-07,-2.550e-07,468,260,"4,4",True
float32,13,-2.4e-07,-2.374e-07,468,260,"4,4",True
float64,13,-2.4e-07,-2.374e-07,468,260,"4,4",True
float32,13,-2.2e-07,-2.182e-07,468,260,"4,4",True
float64,13,-2.2e-07,-2.182e-07,468,260,"4,4",True
float32,13,-2.0e-07,-1.991e-07,469,260,"5,4",False
float64,13,-2.0e-07,-1.991e-07,468,260,"4,4",True
float32,13,-1.8e-07,-1.798e-07,469,260,"5,4",False
float64,13,-1.8e-07,-1.798e-07,468,260,"4,4",True
float32,13,-1.6e-07,-1.626e-07,469,260,"5,4",False
float64,13,-1.6e-07,-1.626e-07,468,260,"4,4",True
float32,13,-1.4e-07,-1.433e-07,469,260,"5,4",False
float64,13,-1.4e-07,-1.433e-07,468,260,"4,4",True
float32,13,-1.2e-07,-1.223e-07,469,260,"5,4",False
float64,13,-1.2e-07,-1.223e-07,468,260,"4,4",True
float32,13,-1.0e-07,-1.034e-07,469,260,"5,4",False
float64,13,-1.0e-07,-1.034e-07,468,260,"4,4",True
float32,13,-8.0e-08,-8.421e-08,469,260,"5,4",False
float64,13,-8.0e-08,-8.421e-08,468,260,"4,4",True
float32,13,-6.0e-08,-6.537e-08,469,260,"5,4",False
float64,13,-6.0e-08,-6.537e-08,468,260,"4,4",True
float32,13,-4.0e-08,-4.230e-08,469,260,"5,4",False
float64,13,-4.0e-08,-4.230e-08,468,260,"4,4",True
float32,13,-2.0e-08,-2.282e-08,469,260,"5,4",False
float64,13,-2.0e-08,-2.282e-08,468,260,"4,4",True
float32,13,0.0e+00,1.150e-09,473,260,"1,4",False
float64,13,0.0e+00,1.150e-09,475,260,"3,4",True
float32,13,2.0e-08,1.947e-08,473,260,"1,4",False
float64,13,2.0e-08,1.947e-08,475,260,"3,4",True
float32,13,4.0e-08,3.783e-08,473,260,"1,4",False
float64,13,4.0e-08,3.783e-08,475,260,"3,4",True
float32,13,6.0e-08,5.867e-08,469,260,"5,4",False
float64,13,6.0e-08,5.867e-08,475,260,"3,4",True
float32,13,8.0e-08,7.950e-08,475,260,"3,4",True
float64,13,8.0e-08,7.950e-08,475,260,"3,4",True
float32,13,1.0e-07,1.017e-07,473,260,"1,4",False
float64,13,1.0e-07,1.017e-07,475,260,"3,4",True
float32,13,1.2e-07,1.203e-07,475,260,"3,4",True
float64,13,1.2e-07,1.203e-07,475,260,"3,4",True
float32,13,1.4e-07,1.383e-07,475,260,"3,4",True
float64,13,1.4e-07,1.383e-07,475,260,"3,4",True
float32,13,1.6e-07,1.637e-07,475,260,"3,4",True
float64,13,1.6e-07,1.637e-07,475,260,"3,4",True
float32,13,1.8e-07,1.818e-07,475,260,"3,4",True
float64,13,1.8e-07,1.818e-07,475,260,"3,4",True
float32,13,2.0e-07,2.022e-07,475,260,"3,4",True
float64,13,2.0e-07,2.022e-07,475,260,"3,4",True
float32,13,2.2e-07,2.194e-07,474,260,"2,4",False
float64,13,2.2e-07,2.194e-07,475,260,"3,4",True
float32,13,2.4e-07,2.393e-07,475,260,"3,4",True
float64,13,2.4e-07,2.393e-07,475,260,"3,4",True
float32,13,2.6e-07,2.590e-07,475,260,"3,4",True
float64,13,2.6e-07,2.590e-07,475,260,"3,4",True
float32,13,2.8e-07,2.793e-07,475,260,"3,4",True
float64,13,2.8e-07,2.793e-07,475,260,"3,4",True
float32,13,3.0e-07,2.983e-07,474,260,"2,4",False
float64,13,3.0e-07,2.983e-07,475,260,"3,4",True
float32,13,3.2e-07,3.174e-07,475,260,"3,4",True
float64,13,3.2e-07,3.174e-07,475,260,"3,4",True
float32,13,3.4e-07,3.406e-07,475,260,"3,4",True
float64,13,3.4e-07,3.406e-07,475,260,"3,4",True
float32,13,3.6e-07,3.573e-07,475,260,"3,4",True
float64,13,3.6e-07,3.573e-07,475,260,"3,4",True
float32,13,3.8e-07,3.763e-07,475,260,"3,4",True
float64,13,3.8e-07,3.763e-07,475,260,"3,4",True
float32,13,4.0e-07,3.975e-07,475,260,"3,4",True
float64,13,4.0e-07,3.975e-07,475,260,"3,4",True
float32,13,4.2e-07,4.223e-07,474,260,"2,4",False
float64,13,4.2e-07,4.223e-07,475,260,"3,4",True
float32,13,4.4e-07,4.435e-07,475,260,"3,4",True
float64,13,4.4e-07,4.435e-07,475,260,"3,4",True
float32,13,4.6e-07,4.630e-07,475,260,"3,4",True
float64,13,4.6e-07,4.630e-07,475,260,"3,4",True
float32,13,4.8e-07,4.851e-07,475,260,"3,4",True
float64,13,4.8e-07,4.851e-07,475,260,"3,4",True
float32,13,5.0e-07,5.062e-07,475,260,"3,4",True
float64,13,5.0e-07,5.062e-07,475,260,"3,4",True
float32,13,5.2e-07,5.262e-07,475,260,"3,4",True
float64,13,5.2e-07,5.262e-07,475,260,"3,4",True
float32,13,5.4e-07,5.439e-07,475,260,"3,4",True
float64,13,5.4e-07,5.439e-07,475,260,"3,4",True
float32,13,5.6e-07,5.619e-07,475,260,"3,4",True
float64,13,5.6e-07,5.619e-07,475,260,"3,4",True
float32,13,5.8e-07,5.811e-07,475,260,"3,4",True
float64,13,5.8e-07,5.811e-07,475,260,"3,4",True
float32,13,6.0e-07,6.008e-07,475,260,"3,4",True
float64,13,6.0e-07,6.008e-07,475,260,"3,4",True
float32,13,6.2e-07,6.179e-07,475,260,"3,4",True
float64,13,6.2e-07,6.179e-07,475,260,"3,4",True
float32,13,6.4e-07,6.382e-07,475,260,"3,4",True
float64,13,6.4e-07,6.382e-07,475,260,"3,4",True
float32,13,6.6e-07,6.573e-07,475,260,"3,4",True
float64,13,6.6e-07,6.573e-07,475,260,"3,4",True
float32,13,6.8e-07,6.759e-07,475,260,"3,4",True
float64,13,6.8e-07,6.759e-07,475,260,"3,4",True
float32,13,7.0e-07,6.956e-07,475,260,"3,4",True
float64,13,7.0e-07,6.956e-07,475,260,"3,4",True
float32,13,7.2e-07,7.128e-07,475,260,"3,4",True
float64,13,7.2e-07,7.128e-07,475,260,"3,4",True
float32,13,7.4e-07,7.362e-07,475,260,"3,4",True
float64,13,7.4e-07,7.362e-07,475,260,"3,4",True
float32,13,7.6e-07,7.613e-07,475,260,"3,4",True
float64,13,7.6e-07,7.613e-07,475,260,"3,4",True
float32,13,7.8e-07,7.805e-07,475,260,"3,4",True
float64,13,7.8e-07,7.805e-07,475,260,"3,4",True
float32,13,8.0e-07,8.004e-07,475,260,"3,4",True
float64,13,8.0e-07,8.004e-07,475,260,"3,4",True
float32,13,8.2e-07,8.238e-07,475,260,"3,4",True
float64,13,8.2e-07,8.238e-07,475,260,"3,4",True
float32,13,8.4e-07,8.407e-07,475,260,"3,4",True
float64,13,8.4e-07,8.407e-07,475,260,"3,4",True
float32,13,8.6e-07,8.626e-07,475,260,"3,4",True
float64,13,8.6e-07,8.626e-07,475,260,"3,4",True
float32,13,8.8e-07,8.842e-07,475,260,"3,4",True
float64,13,8.8e-07,8.842e-07,475,260,"3,4",True
float32,13,9.0e-07,9.032e-07,475,260,"3,4",True
float64,13,9.0e-07,9.032e-07,475,260,"3,4",True
float32,13,9.2e-07,9.223e-07,475,260,"3,4",True
float64,13,9.2e-07,9.223e-07,475,260,"3,4",True
float32,13,9.4e-07,9.407e-07,475,260,"3,4",True
float64,13,9.4e-07,9.407e-07,475,260,"3,4",True
float32,13,9.6e-07,9.612e-07,475,260,"3,4",True
float64,13,9.6e-07,9.612e-07,475,260,"3,4",True
float32,13,9.8e-07,9.805e-07,475,260,"3,4",True
float64,13,9.8e-07,9.805e-07,475,260,"3,4",True
float32,13,1.0e-06,1.000e-06,475,260,"3,4",True
float64,13,1.0e-06,1.000e-06,475,260,"3,4",True
float32,14,-1.0e-06,-9.984e-07,468,260,"4,4",True
float64,14,-1.0e-06,-9.984e-07,468,260,"4,4",True
float32,14,-9.8e-07,-9.803e-07,468,260,"4,4",True
float64,14,-9.8e-07,-9.803e-07,468,260,"4,4",True
float32,14,-9.6e-07,-9.634e-07,468,260,"4,4",True
float64,14,-9.6e-07,-9.634e-07,468,260,"4,4",True
float32,14,-9.4e-07,-9.448e-07,468,260,"4,4",True
float64,14,-9.4e-07,-9.448e-07,468,260,"4,4",True
float32,14,-9.2e-07,-9.264e-07,468,260,"4,4",True
float64,14,-9.2e-07,-9.264e-07,468,260,"4,4",True
float32,14,-9.0e-07,-9.083e-07,468,260,"4,4",True
float64,14,-9.0e-07,-9.083e-07,468,260,"4,4",True
float32,14,-8.8e-07,-8.861e-07,468,260,"4,4",True
float64,14,-8.8e-07,-8.861e-07,468,260,"4,4",True
float32,14,-8.6e-07,-8.590e-07,468,260,"4,4",True
float64,14,-8.6e-07,-8.590e-07,468,260,"4,4",True
float32,14,-8.4e-07,-8.373e-07,468,260,"4,4",True
float64,14,-8.4e-07,-8.373e-07,468,260,"4,4",True
float32,14,-8.2e-07,-8.169e-07,468,260,"4,4",True
float64,14,-8.2e-07,-8.169e-07,468,260,"4,4",True
float32,14,-8.0e-07,-7.970e-07,468,260,"4,4",True
float64,14,-8.0e-07,-7.970e-07,468,260,"4,4",True
float32,14,-7.8e-07,-7.792e-07,468,260,"4,4",True
float64,14,-7.8e-07,-7.792e-07,468,260,"4,4",True
float32,14,-7.6e-07,-7.618e-07,468,260,"4,4",True
float64,14,-7.6e-07,-7.618e-07,468,260,"4,4",True
float32,14,-7.4e-07,-7.374e-07,468,260,"4,4",True
float64,14,-7.4e-07,-7.374e-07,468,260,"4,4",True
float32,14,-7.2e-07,-7.173e-07,468,260,"4,4",True
float64,14,-7.2e-07,-7.173e-07,468,260,"4,4",True
float32,14,-7.0e-07,-6.965e-07,468,260,"4,4",True
float64,14,-7.0e-07,-6.965e-07,468,260,"4,4",True
float32,14,-6.8e-07,-6.785e-07,468,260,"4,4",True
float64,14,-6.8e-07,-6.785e-07,468,260,"4,4",True
float32,14,-6.6e-07,-6.567e-07,468,260,"4,4",True
float64,14,-6.6e-07,-6.567e-07,468,260,"4,4",True
float32,14,-6.4e-07,-6.380e-07,468,260,"4,4",True
float64,14,-6.4e-07,-6.380e-07,468,260,"4,4",True
float32,14,-6.2e-07,-6.192e-07,468,260,"4,4",True
float64,14,-6.2e-07,-6.192e-07,468,260,"4,4",True
float32,14,-6.0e-07,-5.981e-07,468,260,"4,4",True
float64,14,-6.0e-07,-5.981e-07,468,260,"4,4",True
float32,14,-5.8e-07,-5.800e-07,468,260,"4,4",True
float64,14,-5.8e-07,-5.800e-07,468,260,"4,4",True
float32,14,-5.6e-07,-5.604e-07,468,260,"4,4",True
float64,14,-5.6e-07,-5.604e-07,468,260,"4,4",True
float32,14,-5.4e-07,-5.371e-07,468,260,"4,4",True
float64,14,-5.4e-07,-5.371e-07,468,260,"4,4",True
float32,14,-5.2e-07,-5.189e-07,468,260,"4,4",True
float64,14,-5.2e-07,-5.189e-07,468,260,"4,4",True
float32,14,-5.0e-07,-4.992e-07,468,260,"4,4",True
float64,14,-5.0e-07,-4.992e-07,468,260,"4,4",True
float32,14,-4.8e-07,-4.828e-07,468,260,"4,4",True
float64,14,-4.8e-07,-4.828e-07,468,260,"4,4",True
float32,14,-4.6e-07,-4.653e-07,468,260,"4,4",True
float64,14,-4.6e-07,-4.653e-07,468,260,"4,4",True
float32,14,-4.4e-07,-4.434e-07,468,260,"4,4",True
float64,14,-4.4e-07,-4.434e-07,468,260,"4,4",True
float32,14,-4.2e-07,-4.181e-07,468,260,"4,4",True
float64,14,-4.2e-07,-4.181e-07,468,260,"4,4",True
float32,14,-4.0e-07,-3.970e-07,468,260,"4,4",True
float64,14,-4.0e-07,-3.970e-07,468,260,"4,4",True
float32,14,-3.8e-07,-3.767e-07,468,260,"4,4",True
float64,14,-3.8e-07,-3.767e-07,468,260,"4,4",True
float32,14,-3.6e-07,-3.587e-07,468,260,"4,4",True
float64,14,-3.6e-07,-3.587e-07,468,260,"4,4",True
float32,14,-3.4e-07,-3.421e-07,468,260,"4,4",True
float64,14,-3.4e-07,-3.421e-07,468,260,"4,4",True
float32,14,-3.2e-07,-3.240e-07,468,260,"4,4",True
float64,14,-3.2e-07,-3.240e-07,468,260,"4,4",True
float32,14,-3.0e-07,-3.046e-07,468,260,"4,4",True
float64,14,-3.0e-07,-3.046e-07,468,260,"4,4",True
float32,14,-2.8e-07,-2.872e-07,468,260,"4,4",True
float64,14,-2.8e-07,-2.872e-07,468,260,"4,4",True
float32,14,-2.6e-07,-2.615e-07,468,260,"4,4",True
float64,14,-2.6e-07,-2.615e-07,468,260,"4,4",True
float32,14,-2.4e-07,-2.422e-07,468,260,"4,4",True
float64,14,-2.4e-07,-2.422e-07,468,260,"4,4",True
float32,14,-2.2e-07,-2.186e-07,468,260,"4,4",True
float64,14,-2.2e-07,-2.186e-07,468,260,"4,4",True
float32,14,-2.0e-07,-1.958e-07,468,260,"4,4",True
float64,14,-2.0e-07,-1.958e-07,468,260,"4,4",True
float32,14,-1.8e-07,-1.762e-07,468,260,"4,4",True
float64,14,-1.8e-07,-1.762e-07,468,260,"4,4",True
float32,14,-1.6e-07,-1.594e-07,468,260,"4,4",True
float64,14,-1.6e-07,-1.594e-07,468,260,"4,4",True
float32,14,-1.4e-07,-1.393e-07,468,260,"4,4",True
float64,14,-1.4e-07,-1.393e-07,468,260,"4,4",True
float32,14,-1.2e-07,-1.165e-07,468,260,"4,4",True
float64,14,-1.2e-07,-1.165e-07,468,260,"4,4",True
float32,14,-1.0e-07,-9.736e-08,468,260,"4,4",True
float64,14,-1.0e-07,-9.736e-08,468,260,"4,4",True
float32,14,-8.0e-08,-7.999e-08,468,260,"4,4",True
float64,14,-8.0e-08,-7.999e-08,468,260,"4,4",True
float32,14,-6.0e-08,-6.035e-08,468,260,"4,4",True
float64,14,-6.0e-08,-6.035e-08,468,260,"4,4",True
float32,14,-4.0e-08,-4.331e-08,468,260,"4,4",True
float64,14,-4.0e-08,-4.331e-08,468,260,"4,4",True
float32,14,-2.0e-08,-2.534e-08,468,260,"4,4",True
float64,14,-2.0e-08,-2.534e-08,468,260,"4,4",True
float32,14,0.0e+00,-2.724e-09,469,260,"5,4",False
float64,14,0.0e+00,-2.724e-09,468,260,"4,4",True
float32,14,2.0e-08,1.688e-08,469,260,"5,4",False
float64,14,2.0e-08,1.688e-08,475,260,"3,4",True
float32,14,4.0e-08,4.380e-08,469,260,"5,4",False
float64,14,4.0e-08,4.380e-08,475,260,"3,4",True
float32,14,6.0e-08,6.091e-08,469,260,"5,4",False
float64,14,6.0e-08,6.091e-08,475,260,"3,4",True
float32,14,8.0e-08,7.856e-08,473,260,"1,4",False
float64,14,8.0e-08,7.856e-08,475,260,"3,4",True
float32,14,1.0e-07,9.766e-08,473,260,"1,4",False
float64,14,1.0e-07,9.766e-08,475,260,"3,4",True
float32,14,1.2e-07,1.195e-07,475,260,"3,4",True
float64,14,1.2e-07,1.195e-07,475,260,"3,4",True
float32,14,1.4e-07,1.364e-07,475,260,"3,4",True
float64,14,1.4e-07,1.364e-07,475,260,"3,4",True
float32,14,1.6e-07,1.562e-07,475,260,"3,4",True
float64,14,1.6e-07,1.562e-07,475,260,"3,4",True
float32,14,1.8e-07,1.834e-07,475,260,"3,4",True
float64,14,1.8e-07,1.834e-07,475,260,"3,4",True
float32,14,2.0e-07,2.016e-07,474,260,"2,4",False
float64,14,2.0e-07,2.016e-07,475,260,"3,4",True
float32,14,2.2e-07,2.223e-07,474,260,"2,4",False
float64,14,2.2e-07,2.223e-07,475,260,"3,4",True
float32,14,2.4e-07,2.417e-07,475,260,"3,4",True
float64,14,2.4e-07,2.417e-07,475,260,"3,4",True
float32,14,2.6e-07,2.637e-07,475,260,"3,4",True
float64,14,2.6e-07,2.637e-07,475,260,"3,4",True
float32,14,2.8e-07,2.841e-07,475,260,"3,4",True
float64,14,2.8e-07,2.841e-07,475,260,"3,4",True
float32,14,3.0e-07,3.001e-07,475,260,"3,4",True
float64,14,3.0e-07,3.001e-07,475,260,"3,4",True
float32,14,3.2e-07,3.195e-07,474,260,"2,4",False
float64,14,3.2e-07,3.195e-07,475,260,"3,4",True
float32,14,3.4e-07,3.426e-07,473,260,"1,4",False
float64,14,3.4e-07,3.426e-07,475,260,"3,4",True
float32,14,3.6e-07,3.614e-07,473,260,"1,4",False
float64,14,3.6e-07,3.614e-07,475,260,"3,4",True
float32,14,3.8e-07,3.785e-07,474,260,"2,4",False
float64,14,3.8e-07,3.785e-07,475,260,"3,4",True
float32,14,4.0e-07,3.974e-07,475,260,"3,4",True
float64,14,4.0e-07,3.974e-07,475,260,"3,4",True
float32,14,4.2e-07,4.194e-07,475,260,"3,4",True
float64,14,4.2e-07,4.194e-07,475,260,"3,4",True
float32,14,4.4e-07,4.406e-07,475,260,"3,4",True
float64,14,4.4e-07,4.406e-07,475,260,"3,4",True
float32,14,4.6e-07,4.649e-07,474,260,"2,4",False
float64,14,4.6e-07,4.649e-07,475,260,"3,4",True
float32,14,4.8e-07,4.848e-07,474,260,"2,4",False
float64,14,4.8e-07,4.848e-07,475,260,"3,4",True
float32,14,5.0e-07,5.036e-07,475,260,"3,4",True
float64,14,5.0e-07,5.036e-07,475,260,"3,4",True
float32,14,5.2e-07,5.229e-07,475,260,"3,4",True
float64,14,5.2e-07,5.229e-07,475,260,"3,4",True
float32,14,5.4e-07,5.425e-07,475,260,"3,4",True
float64,14,5.4e-07,5.425e-07,475,260,"3,4",True
float32,14,5.6e-07,5.650e-07,475,260,"3,4",True
float64,14,5.6e-07,5.650e-07,475,260,"3,4",True
float32,14,5.8e-07,5.836e-07,474,260,"2,4",False
float64,14,5.8e-07,5.836e-07,475,260,"3,4",True
float32,14,6.0e-07,6.008e-07,474,260,"2,4",False
float64,14,6.0e-07,6.008e-07,475,260,"3,4",True
float32,14,6.2e-07,6.191e-07,475,260,"3,4",True
float64,14,6.2e-07,6.191e-07,475,260,"3,4",True
float32,14,6.4e-07,6.407e-07,475,260,"3,4",True
float64,14,6.4e-07,6.407e-07,475,260,"3,4",True
float32,14,6.6e-07,6.590e-07,475,260,"3,4",True
float64,14,6.6e-07,6.590e-07,475,260,"3,4",True
float32,14,6.8e-07,6.794e-07,475,260,"3,4",True
float64,14,6.8e-07,6.794e-07,475,260,"3,4",True
float32,14,7.0e-07,6.953e-07,475,260,"3,4",True
float64,14,7.0e-07,6.953e-07,475,260,"3,4",True
float32,14,7.2e-07,7.155e-07,475,260,"3,4",True
float64,14,7.2e-07,7.155e-07,475,260,"3,4",True
float32,14,7.4e-07,7.334e-07,475,260,"3,4",True
float64,14,7.4e-07,7.334e-07,475,260,"3,4",True
float32,14,7.6e-07,7.547e-07,475,260,"3,4",True
float64,14,7.6e-07,7.547e-07,475,260,"3,4",True
float32,14,7.8e-07,7.742e-07,475,260,"3,4",True
float64,14,7.8e-07,7.742e-07,475,260,"3,4",True
float32,14,8.0e-07,7.971e-07,475,260,"3,4",True
float64,14,8.0e-07,7.971e-07,475,260,"3,4",True
float32,14,8.2e-07,8.184e-07,475,260,"3,4",True
float64,14,8.2e-07,8.184e-07,475,260,"3,4",True
float32,14,8.4e-07,8.364e-07,475,260,"3,4",True
float64,14,8.4e-07,8.364e-07,475,260,"3,4",True
float32,14,8.6e-07,8.553e-07,475,260,"3,4",True
float64,14,8.6e-07,8.553e-07,475,260,"3,4",True
float32,14,8.8e-07,8.760e-07,475,260,"3,4",True
float64,14,8.8e-07,8.760e-07,475,260,"3,4",True
float32,14,9.0e-07,9.019e-07,475,260,"3,4",True
float64,14,9.0e-07,9.019e-07,475,260,"3,4",True
float32,14,9.2e-07,9.195e-07,475,260,"3,4",True
float64,14,9.2e-07,9.195e-07,475,260,"3,4",True
float32,14,9.4e-07,9.400e-07,475,260,"3,4",True
float64,14,9.4e-07,9.400e-07,475,260,"3,4",True
float32,14,9.6e-07,9.626e-07,475,260,"3,4",True
float64,14,9.6e-07,9.626e-07,475,260,"3,4",True
float32,14,9.8e-07,9.830e-07,475,260,"3,4",True
float64,14,9.8e-07,9.830e-07,475,260,"3,4",True
float32,14,1.0e-06,1.004e-06,475,260,"3,4",True
float64,14,1.0e-06,1.004e-06,475,260,"3,4",True
float32,15,-1.0e-06,-9.969e-07,468,260,"4,4",True
float64,15,-1.0e-06,-9.969e-07,468,260,"4,4",True
float32,15,-9.8e-07,-9.754e-07,468,260,"4,4",True
float64,15,-9.8e-07,-9.754e-07,468,260,"4,4",True
float32,15,-9.6e-07,-9.581e-07,468,260,"4,4",True
float64,15,-9.6e-07,-9.581e-07,468,260,"4,4",True
float32,15,-9.4e-07,-9.374e-07,468,260,"4,4",True
float64,15,-9.4e-07,-9.374e-07,468,260,"4,4",True
float32,15,-9.2e-07,-9.160e-07,468,260,"4,4",True
float64,15,-9.2e-07,-9.160e-07,468,260,"4,4",True
float32,15,-9.0e-07,-8.996e-07,468,260,"4,4",True
float64,15,-9.0e-07,-8.996e-07,468,260,"4,4",True
float32,15,-8.8e-07,-8.798e-07,468,260,"4,4",True
float64,15,-8.8e-07,-8.798e-07,468,260,"4,4",True
float32,15,-8.6e-07,-8.618e-07,468,260,"4,4",True
float64,15,-8.6e-07,-8.618e-07,468,260,"4,4",True
float32,15,-8.4e-07,-8.420e-07,468,260,"4,4",True
float64,15,-8.4e-07,-8.420e-07,468,260,"4,4",True
float32,15,-8.2e-07,-8.194e-07,468,260,"4,4",True
float64,15,-8.2e-07,-8.194e-07,468,260,"4,4",True
float32,15,-8.0e-07,-8.030e-07,468,260,"4,4",True
float64,15,-8.0e-07,-8.030e-07,468,260,"4,4",True
float32,15,-7.8e-07,-7.811e-07,468,260,"4,4",True
float64,15,-7.8e-07,-7.811e-07,468,260,"4,4",True
float32,15,-7.6e-07,-7.626e-07,468,260,"4,4",True
float64,15,-7.6e-07,-7.626e-07,468,260,"4,4",True
float32,15,-7.4e-07,-7.428e-07,468,260,"4,4",True
float64,15,-7.4e-07,-7.428e-07,468,260,"4,4",True
float32,15,-7.2e-07,-7.233e-07,468,260,"4,4",True
float64,15,-7.2e-07,-7.233e-07,468,260,"4,4",True
float32,15,-7.0e-07,-7.059e-07,468,260,"4,4",True
float64,15,-7.0e-07,-7.059e-07,468,260,"4,4",True
float32,15,-6.8e-07,-6.841e-07,468,260,"4,4",True
float64,15,-6.8e-07,-6.841e-07,468,260,"4,4",True
float32,15,-6.6e-07,-6.646e-07,468,260,"4,4",True
float64,15,-6.6e-07,-6.646e-07,468,260,"4,4",True
float32,15,-6.4e-07,-6.462e-07,468,260,"4,4",True
float64,15,-6.4e-07,-6.462e-07,468,260,"4,4",True
float32,15,-6.2e-07,-6.245e-07,468,260,"4,4",True
float64,15,-6.2e-07,-6.245e-07,468,260,"4,4",True
float32,15,-6.0e-07,-5.970e-07,468,260,"4,4",True
float64,15,-6.0e-07,-5.970e-07,468,260,"4,4",True
float32,15,-5.8e-07,-5.797e-07,468,260,"4,4",True
float64,15,-5.8e-07,-5.797e-07,468,260,"4,4",True
float32,15,-5.6e-07,-5.603e-07,468,260,"4,4",True
float64,15,-5.6e-07,-5.603e-07,468,260,"4,4",True
float32,15,-5.4e-07,-5.419e-07,468,260,"4,4",True
float64,15,-5.4e-07,-5.419e-07,468,260,"4,4",True
float32,15,-5.2e-07,-5.187e-07,468,260,"4,4",True
float64,15,-5.2e-07,-5.187e-07,468,260,"4,4",True
float32,15,-5.0e-07,-4.991e-07,468,260,"4,4",True
float64,15,-5.0e-07,-4.991e-07,468,260,"4,4",True
float32,15,-4.8e-07,-4.799e-07,468,260,"4,4",True
float64,15,-4.8e-07,-4.799e-07,468,260,"4,4",True
float32,15,-4.6e-07,-4.556e-07,468,260,"4,4",True
float64,15,-4.6e-07,-4.556e-07,468,260,"4,4",True
float32,15,-4.4e-07,-4.363e-07,468,260,"4,4",True
float64,15,-4.4e-07,-4.363e-07,468,260,"4,4",True
float32,15,-4.2e-07,-4.181e-07,468,260,"4,4",True
float64,15,-4.2e-07,-4.181e-07,468,260,"4,4",True
float32,15,-4.0e-07,-3.964e-07,468,260,"4,4",True
float64,15,-4.0e-07,-3.964e-07,468,260,"4,4",True
float32,15,-3.8e-07,-3.788e-07,468,260,"4,4",True
float64,15,-3.8e-07,-3.788e-07,468,260,"4,4",True
float32,15,-3.6e-07,-3.595e-07,468,260,"4,4",True
float64,15,-3.6e-07,-3.595e-07,468,260,"4,4",True
float32,15,-3.4e-07,-3.413e-07,468,260,"4,4",True
float64,15,-3.4e-07,-3.413e-07,468,260,"4,4",True
float32,15,-3.2e-07,-3.205e-07,468,260,"4,4",True
float64,15,-3.2e-07,-3.205e-07,468,260,"4,4",True
float32,15,-3.0e-07,-2.985e-07,468,260,"4,4",True
float64,15,-3.0e-07,-2.985e-07,468,260,"4,4",True
float32,15,-2.8e-07,-2.802e-07,468,260,"4,4",True
float64,15,-2.8e-07,-2.802e-07,468,260,"4,4",True
float32,15,-2.6e-07,-2.610e-07,468,260,"4,4",True
float64,15,-2.6e-07,-2.610e-07,468,260,"4,4",True
float32,15,-2.4e-07,-2.414e-07,468,260,"4,4",True
float64,15,-2.4e-07,-2.414e-07,468,260,"4,4",True
float32,15,-2.2e-07,-2.173e-07,468,260,"4,4",True
float64,15,-2.2e-07,-2.173e-07,468,260,"4,4",True
float32,15,-2.0e-07,-1.970e-07,468,260,"4,4",True
float64,15,-2.0e-07,-1.970e-07,468,260,"4,4",True
float32,15,-1.8e-07,-1.772e-07,468,260,"4,4",True
float64,15,-1.8e-07,-1.772e-07,468,260,"4,4",True
float32,15,-1.6e-07,-1.589e-07,468,260,"4,4",True
float64,15,-1.6e-07,-1.589e-07,468,260,"4,4",True
float32,15,-1.4e-07,-1.360e-07,468,260,"4,4",True
float64,15,-1.4e-07,-1.360e-07,468,260,"4,4",True
float32,15,-1.2e-07,-1.152e-07,468,260,"4,4",True
float64,15,-1.2e-07,-1.152e-07,468,260,"4,4",True
float32,15,-1.0e-07,-9.796e-08,468,260,"4,4",True
float64,15,-1.0e-07,-9.796e-08,468,260,"4,4",True
float32,15,-8.0e-08,-8.128e-08,468,260,"4,4",True
float64,15,-8.0e-08,-8.128e-08,468,260,"4,4",True
float32,15,-6.0e-08,-6.033e-08,468,260,"4,4",True
float64,15,-6.0e-08,-6.033e-08,468,260,"4,4",True
float32,15,-4.0e-08,-4.160e-08,468,260,"4,4",True
float64,15,-4.0e-08,-4.160e-08,468,260,"4,4",True
float32,15,-2.0e-08,-2.360e-08,468,260,"4,4",True
float64,15,-2.0e-08,-2.360e-08,468,260,"4,4",True
float32,15,0.0e+00,-1.828e-09,468,260,"4,4",True
float64,15,0.0e+00,-1.828e-09,468,260,"4,4",True
float32,15,2.0e-08,1.831e-08,468,260,"4,4",True
float64,15,2.0e-08,1.831e-08,475,260,"3,4",True
float32,15,4.0e-08,3.840e-08,470,260,"6,4",False
float64,15,4.0e-08,3.840e-08,475,260,"3,4",True
float32,15,6.0e-08,5.667e-08,470,260,"6,4",False
float64,15,6.0e-08,5.667e-08,475,260,"3,4",True
float32,15,8.0e-08,7.831e-08,473,260,"1,4",False
float64,15,8.0e-08,7.831e-08,475,260,"3,4",True
float32,15,1.0e-07,1.003e-07,473,260,"1,4",False
float64,15,1.0e-07,1.003e-07,475,260,"3,4",True
float32,15,1.2e-07,1.212e-07,474,260,"2,4",False
float64,15,1.2e-07,1.212e-07,475,260,"3,4",True
float32,15,1.4e-07,1.397e-07,474,260,"2,4",False
float64,15,1.4e-07,1.397e-07,475,260,"3,4",True
float32,15,1.6e-07,1.590e-07,474,260,"2,4",False
float64,15,1.6e-07,1.590e-07,475,260,"3,4",True
float32,15,1.8e-07,1.789e-07,473,260,"1,4",False
float64,15,1.8e-07,1.789e-07,475,260,"3,4",True
float32,15,2.0e-07,2.001e-07,475,260,"3,4",True
float64,15,2.0e-07,2.001e-07,475,260,"3,4",True
float32,15,2.2e-07,2.209e-07,473,260,"1,4",False
float64,15,2.2e-07,2.209e-07,475,260,"3,4",True
float32,15,2.4e-07,2.409e-07,473,260,"1,4",False
float64,15,2.4e-07,2.409e-07,475,260,"3,4",True
float32,15,2.6e-07,2.614e-07,475,260,"3,4",True
float64,15,2.6e-07,2.614e-07,475,260,"3,4",True
float32,15,2.8e-07,2.823e-07,475,260,"3,4",True
float64,15,2.8e-07,2.823e-07,475,260,"3,4",True
float32,15,3.0e-07,3.000e-07,475,260,"3,4",True
float64,15,3.0e-07,3.000e-07,475,260,"3,4",True
float32,15,3.2e-07,3.189e-07,475,260,"3,4",True
float64,15,3.2e-07,3.189e-07,475,260,"3,4",True
float32,15,3.4e-07,3.363e-07,475,260,"3,4",True
float64,15,3.4e-07,3.363e-07,475,260,"3,4",True
float32,15,3.6e-07,3.552e-07,475,260,"3,4",True
float64,15,3.6e-07,3.552e-07,475,260,"3,4",True
float32,15,3.8e-07,3.823e-07,475,260,"3,4",True
float64,15,3.8e-07,3.823e-07,475,260,"3,4",True
float32,15,4.0e-07,4.011e-07,475,260,"3,4",True
float64,15,4.0e-07,4.011e-07,475,260,"3,4",True
float32,15,4.2e-07,4.229e-07,474,260,"2,4",False
float64,15,4.2e-07,4.229e-07,475,260,"3,4",True
float32,15,4.4e-07,4.394e-07,474,260,"2,4",False
float64,15,4.4e-07,4.394e-07,475,260,"3,4",True
float32,15,4.6e-07,4.594e-07,474,260,"2,4",False
float64,15,4.6e-07,4.594e-07,475,260,"3,4",True
float32,15,4.8e-07,4.784e-07,475,260,"3,4",True
float64,15,4.8e-07,4.784e-07,475,260,"3,4",True
float32,15,5.0e-07,4.971e-07,475,260,"3,4",True
float64,15,5.0e-07,4.971e-07,475,260,"3,4",True
float32,15,5.2e-07,5.149e-07,475,260,"3,4",True
float64,15,5.2e-07,5.149e-07,475,260,"3,4",True
float32,15,5.4e-07,5.367e-07,475,260,"3,4",True
float64,15,5.4e-07,5.367e-07,475,260,"3,4",True
float32,15,5.6e-07,5.579e-07,475,260,"3,4",True
float64,15,5.6e-07,5.579e-07,475,260,"3,4",True
float32,15,5.8e-07,5.795e-07,475,260,"3,4",True
float64,15,5.8e-07,5.795e-07,475,260,"3,4",True
float32,15,6.0e-07,6.023e-07,475,260,"3,4",True
float64,15,6.0e-07,6.023e-07,475,260,"3,4",True
float32,15,6.2e-07,6.223e-07,475,260,"3,4",True
float64,15,6.2e-07,6.223e-07,475,260,"3,4",True
float32,15,6.4e-07,6.430e-07,475,260,"3,4",True
float64,15,6.4e-07,6.430e-07,475,260,"3,4",True
float32,15,6.6e-07,6.661e-07,475,260,"3,4",True
float64,15,6.6e-07,6.661e-07,475,260,"3,4",True
float32,15,6.8e-07,6.886e-07,475,260,"3,4",True
float64,15,6.8e-07,6.886e-07,475,260,"3,4",True
float32,15,7.0e-07,7.080e-07,475,260,"3,4",True
float64,15,7.0e-07,7.080e-07,475,260,"3,4",True
float32,15,7.2e-07,7.288e-07,475,260,"3,4",True
float64,15,7.2e-07,7.288e-07,475,260,"3,4",True
float32,15,7.4e-07,7.468e-07,475,260,"3,4",True
float64,15,7.4e-07,7.468e-07,475,260,"3,4",True
float32,15,7.6e-07,7.649e-07,475,260,"3,4",True
float64,15,7.6e-07,7.649e-07,475,260,"3,4",True
float32,15,7.8e-07,7.820e-07,475,260,"3,4",True
float64,15,7.8e-07,7.820e-07,475,260,"3,4",True
float32,15,8.0e-07,8.010e-07,475,260,"3,4",True
float64,15,8.0e-07,8.010e-07,475,260,"3,4",True
float32,15,8.2e-07,8.193e-07,475,260,"3,4",True
float64,15,8.2e-07,8.193e-07,475,260,"3,4",True
float32,15,8.4e-07,8.398e-07,475,260,"3,4",True
float64,15,8.4e-07,8.398e-07,475,260,"3,4",True
float32,15,8.6e-07,8.592e-07,475,260,"3,4",True
float64,15,8.6e-07,8.592e-07,475,260,"3,4",True
float32,15,8.8e-07,8.773e-07,475,260,"3,4",True
float64,15,8.8e-07,8.773e-07,475,260,"3,4",True
float32,15,9.0e-07,8.956e-07,475,260,"3,4",True
float64,15,9.0e-07,8.956e-07,475,260,"3,4",True
float32,15,9.2e-07,9.128e-07,475,260,"3,4",True
float64,15,9.2e-07,9.128e-07,475,260,"3,4",True
float32,15,9.4e-07,9.333e-07,475,260,"3,4",True
float64,15,9.4e-07,9.333e-07,475,260,"3,4",True
float32,15,9.6e-07,9.553e-07,475,260,"3,4",True
float64,15,9.6e-07,9.553e-07,475,260,"3,4",True
float32,15,9.8e-07,9.787e-07,475,260,"3,4",True
float64,15,9.8e-07,9.787e-07,475,260,"3,4",True
float32,15,1.0e-06,1.000e-06,475,260,"3,4",True
float64,15,1.0e-06,1.000e-06,475,260,"3,4",True
float32,16,-1.0e-06,-9.981e-07,468,260,"4,4",True
float64,16,-1.0e-06,-9.981e-07,468,260,"4,4",True
float32,16,-9.8e-07,-9.789e-07,468,260,"4,4",True
float64,16,-9.8e-07,-9.789e-07,468,260,"4,4",True
float32,16,-9.6e-07,-9.602e-07,468,260,"4,4",True
float64,16,-9.6e-07,-9.602e-07,468,260,"4,4",True
float32,16,-9.4e-07,-9.434e-07,468,260,"4,4",True
float64,16,-9.4e-07,-9.434e-07,468,260,"4,4",True
float32,16,-9.2e-07,-9.209e-07,468,260,"4,4",True
float64,16,-9.2e-07,-9.209e-07,468,260,"4,4",True
float32,16,-9.0e-07,-9.019e-07,468,260,"4,4",True
float64,16,-9.0e-07,-9.019e-07,468,260,"4,4",True
float32,16,-8.8e-07,-8.806e-07,468,260,"4,4",True
float64,16,-8.8e-07,-8.806e-07,468,260,"4,4",True
float32,16,-8.6e-07,-8.599e-07,468,260,"4,4",True
float64,16,-8.6e-07,-8.599e-07,468,260,"4,4",True
float32,16,-8.4e-07,-8.413e-07,468,260,"4,4",True
float64,16,-8.4e-07,-8.413e-07,468,260,"4,4",True
float32,16,-8.2e-07,-8.226e-07,468,260,"4,4",True
float64,16,-8.2e-07,-8.226e-07,468,260,"4,4",True
float32,16,-8.0e-07,-8.049e-07,468,260,"4,4",True
float64,16,-8.0e-07,-8.049e-07,468,260,"4,4",True
float32,16,-7.8e-07,-7.863e-07,468,260,"4,4",True
float64,16,-7.8e-07,-7.863e-07,468,260,"4,4",True
float32,16,-7.6e-07,-7.623e-07,468,260,"4,4",True
float64,16,-7.6e-07,-7.623e-07,468,260,"4,4",True
float32,16,-7.4e-07,-7.440e-07,468,260,"4,4",True
float64,16,-7.4e-07,-7.440e-07,468,260,"4,4",True
float32,16,-7.2e-07,-7.240e-07,468,260,"4,4",True
float64,16,-7.2e-07,-7.240e-07,468,260,"4,4",True
float32,16,-7.0e-07,-7.022e-07,468,260,"4,4",True
float64,16,-7.0e-07,-7.022e-07,468,260,"4,4",True
float32,16,-6.8e-07,-6.804e-07,468,260,"4,4",True
float64,16,-6.8e-07,-6.804e-07,468,260,"4,4",True
float32,16,-6.6e-07,-6.620e-07,468,260,"4,4",True
float64,16,-6.6e-07,-6.620e-07,468,260,"4,4",True
float32,16,-6.4e-07,-6.434e-07,468,260,"4,4",True
float64,16,-6.4e-07,-6.434e-07,468,260,"4,4",True
float32,16,-6.2e-07,-6.233e-07,468,260,"4,4",True
float64,16,-6.2e-07,-6.233e-07,468,260,"4,4",True
float32,16,-6.0e-07,-5.971e-07,468,260,"4,4",True
float64,16,-6.0e-07,-5.971e-07,468,260,"4,4",True
float32,16,-5.8e-07,-5.772e-07,468,260,"4,4",True
float64,16,-5.8e-07,-5.772e-07,468,260,"4,4",True
float32,16,-5.6e-07,-5.550e-07,468,260,"4,4",True
float64,16,-5.6e-07,-5.550e-07,468,260,"4,4",True
float32,16,-5.4e-07,-5.352e-07,468,260,"4,4",True
float64,16,-5.4e-07,-5.352e-07,468,260,"4,4",True
float32,16,-5.2e-07,-5.182e-07,468,260,"4,4",True
float64,16,-5.2e-07,-5.182e-07,468,260,"4,4",True
float32,16,-5.0e-07,-4.968e-07,468,260,"4,4",True
float64,16,-5.0e-07,-4.968e-07,468,260,"4,4",True
float32,16,-4.8e-07,-4.791e-07,468,260,"4,4",True
float64,16,-4.8e-07,-4.791e-07,468,260,"4,4",True
float32,16,-4.6e-07,-4.582e-07,468,260,"4,4",True
float64,16,-4.6e-07,-4.582e-07,468,260,"4,4",True
float32,16,-4.4e-07,-4.369e-07,468,260,"4,4",True
float64,16,-4.4e-07,-4.369e-07,468,260,"4,4",True
float32,16,-4.2e-07,-4.202e-07,468,260,"4,4",True
float64,16,-4.2e-07,-4.202e-07,468,260,"4,4",True
float32,16,-4.0e-07,-3.993e-07,468,260,"4,4",True
float64,16,-4.0e-07,-3.993e-07,468,260,"4,4",True
float32,16,-3.8e-07,-3.800e-07,468,260,"4,4",True
float64,16,-3.8e-07,-3.800e-07,468,260,"4,4",True
float32,16,-3.6e-07,-3.609e-07,468,260,"4,4",True
float64,16,-3.6e-07,-3.609e-07,468,260,"4,4",True
float32,16,-3.4e-07,-3.419e-07,468,260,"4,4",True
float64,16,-3.4e-07,-3.419e-07,468,260,"4,4",True
float32,16,-3.2e-07,-3.221e-07,468,260,"4,4",True
float64,16,-3.2e-07,-3.221e-07,468,260,"4,4",True
float32,16,-3.0e-07,-3.010e-07,468,260,"4,4",True
float64,16,-3.0e-07,-3.010e-07,468,260,"4,4",True
float32,16,-2.8e-07,-2.788e-07,468,260,"4,4",True
float64,16,-2.8e-07,-2.788e-07,468,260,"4,4",True
float32,16,-2.6e-07,-2.588e-07,468,260,"4,4",True
float64,16,-2.6e-07,-2.588e-07,468,260,"4,4",True
float32,16,-2.4e-07,-2.355e-07,468,260,"4,4",True
float64,16,-2.4e-07,-2.355e-07,468,260,"4,4",True
float32,16,-2.2e-07,-2.163e-07,468,260,"4,4",True
float64,16,-2.2e-07,-2.163e-07,468,260,"4,4",True
float32,16,-2.0e-07,-1.997e-07,468,260,"4,4",True
float64,16,-2.0e-07,-1.997e-07,468,260,"4,4",True
float32,16,-1.8e-07,-1.824e-07,468,260,"4,4",True
float64,16,-1.8e-07,-1.824e-07,468,260,"4,4",True
float32,16,-1.6e-07,-1.615e-07,468,260,"4,4",True
float64,16,-1.6e-07,-1.615e-07,468,260,"4,4",True
float32,16,-1.4e-07,-1.425e-07,468,260,"4,4",True
float64,16,-1.4e-07,-1.425e-07,468,260,"4,4",True
float32,16,-1.2e-07,-1.245e-07,468,260,"4,4",True
float64,16,-1.2e-07,-1.245e-07,468,260,"4,4",True
float32,16,-1.0e-07,-1.058e-07,468,260,"4,4",True
float64,16,-1.0e-07,-1.058e-07,468,260,"4,4",True
float32,16,-8.0e-08,-8.428e-08,468,260,"4,4",True
float64,16,-8.0e-08,-8.428e-08,468,260,"4,4",True
float32,16,-6.0e-08,-6.211e-08,468,260,"4,4",True
float64,16,-6.0e-08,-6.211e-08,468,260,"4,4",True
float32,16,-4.0e-08,-4.386e-08,468,260,"4,4",True
float64,16,-4.0e-08,-4.386e-08,468,260,"4,4",True
float32,16,-2.0e-08,-2.356e-08,468,260,"4,4",True
float64,16,-2.0e-08,-2.356e-08,468,260,"4,4",True
float32,16,0.0e+00,2.068e-10,469,260,"5,4",False
float64,16,0.0e+00,2.068e-10,475,260,"3,4",True
float32,16,2.0e-08,1.867e-08,469,260,"5,4",False
float64,16,2.0e-08,1.867e-08,475,260,"3,4",True
float32,16,4.0e-08,4.191e-08,469,260,"5,4",False
float64,16,4.0e-08,4.191e-08,475,260,"3,4",True
float32,16,6.0e-08,6.105e-08,474,260,"2,4",False
float64,16,6.0e-08,6.105e-08,475,260,"3,4",True
float32,16,8.0e-08,8.084e-08,473,260,"1,4",False
float64,16,8.0e-08,8.084e-08,475,260,"3,4",True
float32,16,1.0e-07,1.032e-07,473,260,"1,4",False
float64,16,1.0e-07,1.032e-07,475,260,"3,4",True
float32,16,1.2e-07,1.222e-07,475,260,"3,4",True
float64,16,1.2e-07,1.222e-07,475,260,"3,4",True
float32,16,1.4e-07,1.458e-07,473,260,"1,4",False
float64,16,1.4e-07,1.458e-07,475,260,"3,4",True
float32,16,1.6e-07,1.641e-07,473,260,"1,4",False
float64,16,1.6e-07,1.641e-07,475,260,"3,4",True
float32,16,1.8e-07,1.830e-07,473,260,"1,4",False
float64,16,1.8e-07,1.830e-07,475,260,"3,4",True
float32,16,2.0e-07,2.019e-07,475,260,"3,4",True
float64,16,2.0e-07,2.019e-07,475,260,"3,4",True
float32,16,2.2e-07,2.227e-07,475,260,"3,4",True
float64,16,2.2e-07,2.227e-07,475,260,"3,4",True
float32,16,2.4e-07,2.393e-07,475,260,"3,4",True
float64,16,2.4e-07,2.393e-07,475,260,"3,4",True
float32,16,2.6e-07,2.601e-07,475,260,"3,4",True
float64,16,2.6e-07,2.601e-07,475,260,"3,4",True
float32,16,2.8e-07,2.782e-07,475,260,"3,4",True
float64,16,2.8e-07,2.782e-07,475,260,"3,4",True
float32,16,3.0e-07,2.983e-07,475,260,"3,4",True
float64,16,3.0e-07,2.983e-07,475,260,"3,4",True
float32,16,3.2e-07,3.187e-07,475,260,"3,4",True
float64,16,3.2e-07,3.187e-07,475,260,"3,4",True
float32,16,3.4e-07,3.352e-07,475,260,"3,4",True
float64,16,3.4e-07,3.352e-07,475,260,"3,4",True
float32,16,3.6e-07,3.576e-07,475,260,"3,4",True
float64,16,3.6e-07,3.576e-07,475,260,"3,4",True
float32,16,3.8e-07,3.788e-07,475,260,"3,4",True
float64,16,3.8e-07,3.788e-07,475,260,"3,4",True
float32,16,4.0e-07,4.021e-07,474,260,"2,4",False
float64,16,4.0e-07,4.021e-07,475,260,"3,4",True
float32,16,4.2e-07,4.194e-07,474,260,"2,4",False
float64,16,4.2e-07,4.194e-07,475,260,"3,4",True
float32,16,4.4e-07,4.419e-07,474,260,"2,4",False
float64,16,4.4e-07,4.419e-07,475,260,"3,4",True
float32,16,4.6e-07,4.626e-07,475,260,"3,4",True
float64,16,4.6e-07,4.626e-07,475,260,"3,4",True
float32,16,4.8e-07,4.811e-07,475,260,"3,4",True
float64,16,4.8e-07,4.811e-07,475,260,"3,4",True
float32,16,5.0e-07,4.996e-07,475,260,"3,4",True
float64,16,5.0e-07,4.996e-07,475,260,"3,4",True
float32,16,5.2e-07,5.192e-07,475,260,"3,4",True
float64,16,5.2e-07,5.192e-07,475,260,"3,4",True
float32,16,5.4e-07,5.393e-07,475,260,"3,4",True
float64,16,5.4e-07,5.393e-07,475,260,"3,4",True
float32,16,5.6e-07,5.558e-07,475,260,"3,4",True
float64,16,5.6e-07,5.558e-07,475,260,"3,4",True
float32,16,5.8e-07,5.764e-07,475,260,"3,4",True
float64,16,5.8e-07,5.764e-07,475,260,"3,4",True
float32,16,6.0e-07,6.039e-07,475,260,"3,4",True
float64,16,6.0e-07,6.039e-07,475,260,"3,4",True
float32,16,6.2e-07,6.229e-07,475,260,"3,4",True
float64,16,6.2e-07,6.229e-07,475,260,"3,4",True
float32,16,6.4e-07,6.427e-07,475,260,"3,4",True
float64,16,6.4e-07,6.427e-07,475,260,"3,4",True
float32,16,6.6e-07,6.623e-07,475,260,"3,4",True
float64,16,6.6e-07,6.623e-07,475,260,"3,4",True
float32,16,6.8e-07,6.811e-07,475,260,"3,4",True
float64,16,6.8e-07,6.811e-07,475,260,"3,4",True
float32,16,7.0e-07,7.003e-07,475,260,"3,4",True
float64,16,7.0e-07,7.003e-07,475,260,"3,4",True
float32,16,7.2e-07,7.218e-07,475,260,"3,4",True
float64,16,7.2e-07,7.218e-07,475,260,"3,4",True
float32,16,7.4e-07,7.453e-07,475,260,"3,4",True
float64,16,7.4e-07,7.453e-07,475,260,"3,4",True
float32,16,7.6e-07,7.620e-07,475,260,"3,4",True
float64,16,7.6e-07,7.620e-07,475,260,"3,4",True
float32,16,7.8e-07,7.816e-07,475,260,"3,4",True
float64,16,7.8e-07,7.816e-07,475,260,"3,4",True
float32,16,8.0e-07,8.032e-07,475,260,"3,4",True
float64,16,8.0e-07,8.032e-07,475,260,"3,4",True
float32,16,8.2e-07,8.209e-07,475,260,"3,4",True
float64,16,8.2e-07,8.209e-07,475,260,"3,4",True
float32,16,8.4e-07,8.416e-07,475,260,"3,4",True
float64,16,8.4e-07,8.416e-07,475,260,"3,4",True
float32,16,8.6e-07,8.618e-07,475,260,"3,4",True
float64,16,8.6e-07,8.618e-07,475,260,"3,4",True
float32,16,8.8e-07,8.800e-07,475,260,"3,4",True
float64,16,8.8e-07,8.800e-07,475,260,"3,4",True
float32,16,9.0e-07,8.992e-07,475,260,"3,4",True
float64,16,9.0e-07,8.992e-07,475,260,"3,4",True
float32,16,9.2e-07,9.166e-07,475,260,"3,4",True
float64,16,9.2e-07,9.166e-07,475,260,"3,4",True
float32,16,9.4e-07,9.353e-07,475,260,"3,4",True
float64,16,9.4e-07,9.353e-07,475,260,"3,4",True
float32,16,9.6e-07,9.534e-07,475,260,"3,4",True
float64,16,9.6e-07,9.534e-07,475,260,"3,4",True
float32,16,9.8e-07,9.758e-07,475,260,"3,4",True
float64,16,9.8e-07,9.758e-07,475,260,"3,4",True
float32,16,1.0e-06,9.958e-07,475,260,"3,4",True
float64,16,1.0e-06,9.958e-07,475,260,"3,4",True
float32,17,-1.0e-06,-1.001e-06,468,260,"4,4",True
float64,17,-1.0e-06,-1.001e-06,468,260,"4,4",True
float32,17,-9.8e-07,-9.761e-07,468,260,"4,4",True
float64,17,-9.8e-07,-9.761e-07,468,260,"4,4",True
float32,17,-9.6e-07,-9.579e-07,468,260,"4,4",True
float64,17,-9.6e-07,-9.579e-07,468,260,"4,4",True
float32,17,-9.4e-07,-9.393e-07,468,260,"4,4",True
float64,17,-9.4e-07,-9.393e-07,468,260,"4,4",True
float32,17,-9.2e-07,-9.215e-07,468,260,"4,4",True
float64,17,-9.2e-07,-9.215e-07,468,260,"4,4",True
float32,17,-9.0e-07,-8.979e-07,468,260,"4,4",True
float64,17,-9.0e-07,-8.979e-07,468,260,"4,4",True
float32,17,-8.8e-07,-8.788e-07,468,260,"4,4",True
float64,17,-8.8e-07,-8.788e-07,468,260,"4,4",True
float32,17,-8.6e-07,-8.590e-07,468,260,"4,4",True
float64,17,-8.6e-07,-8.590e-07,468,260,"4,4",True
float32,17,-8.4e-07,-8.407e-07,468,260,"4,4",True
float64,17,-8.4e-07,-8.407e-07,468,260,"4,4",True
float32,17,-8.2e-07,-8.218e-07,468,260,"4,4",True
float64,17,-8.2e-07,-8.218e-07,468,260,"4,4",True
float32,17,-8.0e-07,-8.031e-07,468,260,"4,4",True
float64,17,-8.0e-07,-8.031e-07,468,260,"4,4",True
float32,17,-7.8e-07,-7.846e-07,468,260,"4,4",True
float64,17,-7.8e-07,-7.846e-07,468,260,"4,4",True
float32,17,-7.6e-07,-7.665e-07,468,260,"4,4",True
float64,17,-7.6e-07,-7.665e-07,468,260,"4,4",True
float32,17,-7.4e-07,-7.427e-07,468,260,"4,4",True
float64,17,-7.4e-07,-7.427e-07,468,260,"4,4",True
float32,17,-7.2e-07,-7.233e-07,468,260,"4,4",True
float64,17,-7.2e-07,-7.233e-07,468,260,"4,4",True
float32,17,-7.0e-07,-6.985e-07,468,260,"4,4",True
float64,17,-7.0e-07,-6.985e-07,468,260,"4,4",True
float32,17,-6.8e-07,-6.756e-07,468,260,"4,4",True
float64,17,-6.8e-07,-6.756e-07,468,260,"4,4",True
float32,17,-6.6e-07,-6.584e-07,468,260,"4,4",True
float64,17,-6.6e-07,-6.584e-07,468,260,"4,4",True
float32,17,-6.4e-07,-6.366e-07,468,260,"4,4",True
float64,17,-6.4e-07,-6.366e-07,468,260,"4,4",True
float32,17,-6.2e-07,-6.161e-07,468,260,"4,4",True
float64,17,-6.2e-07,-6.161e-07,468,260,"4,4",True
float32,17,-6.0e-07,-5.950e-07,468,260,"4,4",True
float64,17,-6.0e-07,-5.950e-07,468,260,"4,4",True
float32,17,-5.8e-07,-5.768e-07,468,260,"4,4",True
float64,17,-5.8e-07,-5.768e-07,468,260,"4,4",True
float32,17,-5.6e-07,-5.577e-07,468,260,"4,4",True
float64,17,-5.6e-07,-5.577e-07,468,260,"4,4",True
float32,17,-5.4e-07,-5.377e-07,468,260,"4,4",True
float64,17,-5.4e-07,-5.377e-07,468,260,"4,4",True
float32,17,-5.2e-07,-5.192e-07,468,260,"4,4",True
float64,17,-5.2e-07,-5.192e-07,468,260,"4,4",True
float32,17,-5.0e-07,-4.995e-07,468,260,"4,4",True
float64,17,-5.0e-07,-4.995e-07,468,260,"4,4",True
float32,17,-4.8e-07,-4.782e-07,468,260,"4,4",True
float64,17,-4.8e-07,-4.782e-07,468,260,"4,4",True
float32,17,-4.6e-07,-4.598e-07,468,260,"4,4",True
float64,17,-4.6e-07,-4.598e-07,468,260,"4,4",True
float32,17,-4.4e-07,-4.430e-07,468,260,"4,4",True
float64,17,-4.4e-07,-4.430e-07,468,260,"4,4",True
float32,17,-4.2e-07,-4.223e-07,468,260,"4,4",True
float64,17,-4.2e-07,-4.223e-07,468,260,"4,4",True
float32,17,-4.0e-07,-4.022e-07,468,260,"4,4",True
float64,17,-4.0e-07,-4.022e-07,468,260,"4,4",True
float32,17,-3.8e-07,-3.812e-07,468,260,"4,4",True
float64,17,-3.8e-07,-3.812e-07,468,260,"4,4",True
float32,17,-3.6e-07,-3.644e-07,468,260,"4,4",True
float64,17,-3.6e-07,-3.644e-07,468,260,"4,4",True
float32,17,-3.4e-07,-3.444e-07,468,260,"4,4",True
float64,17,-3.4e-07,-3.444e-07,468,260,"4,4",True
float32,17,-3.2e-07,-3.212e-07,468,260,"4,4",True
float64,17,-3.2e-07,-3.212e-07,468,260,"4,4",True
float32,17,-3.0e-07,-3.000e-07,468,260,"4,4",True
float64,17,-3.0e-07,-3.000e-07,468,260,"4,4",True
float32,17,-2.8e-07,-2.821e-07,468,260,"4,4",True
float64,17,-2.8e-07,-2.821e-07,468,260,"4,4",True
float32,17,-2.6e-07,-2.599e-07,468,260,"4,4",True
float64,17,-2.6e-07,-2.599e-07,468,260,"4,4",True
float32,17,-2.4e-07,-2.398e-07,468,260,"4,4",True
float64,17,-2.4e-07,-2.398e-07,468,260,"4,4",True
float32,17,-2.2e-07,-2.219e-07,468,260,"4,4",True
float64,17,-2.2e-07,-2.219e-07,468,260,"4,4",True
float32,17,-2.0e-07,-2.043e-07,468,260,"4,4",True
float64,17,-2.0e-07,-2.043e-07,468,260,"4,4",True
float32,17,-1.8e-07,-1.872e-07,468,260,"4,4",True
float64,17,-1.8e-07,-1.872e-07,468,260,"4,4",True
float32,17,-1.6e-07,-1.659e-07,468,260,"4,4",True
float64,17,-1.6e-07,-1.659e-07,468,260,"4,4",True
float32,17,-1.4e-07,-1.479e-07,468,260,"4,4",True
float64,17,-1.4e-07,-1.479e-07,468,260,"4,4",True
float32,17,-1.2e-07,-1.220e-07,468,260,"4,4",True
float64,17,-1.2e-07,-1.220e-07,468,260,"4,4",True
float32,17,-1.0e-07,-9.620e-08,469,260,"5,4",False
float64,17,-1.0e-07,-9.620e-08,468,260,"4,4",True
float32,17,-8.0e-08,-7.529e-08,469,260,"5,4",False
float64,17,-8.0e-08,-7.529e-08,468,260,"4,4",True
float32,17,-6.0e-08,-5.295e-08,469,260,"5,4",False
float64,17,-6.0e-08,-5.295e-08,468,260,"4,4",True
float32,17,-4.0e-08,-3.620e-08,469,260,"5,4",False
float64,17,-4.0e-08,-3.620e-08,468,260,"4,4",True
float32,17,-2.0e-08,-1.934e-08,469,260,"5,4",False
float64,17,-2.0e-08,-1.934e-08,468,260,"4,4",True
float32,17,0.0e+00,1.079e-09,469,260,"5,4",False
float64,17,0.0e+00,1.079e-09,475,260,"3,4",True
float32,17,2.0e-08,2.231e-08,473,260,"1,4",False
float64,17,2.0e-08,2.231e-08,475,260,"3,4",True
float32,17,4.0e-08,4.398e-08,471,260,"7,4",False
float64,17,4.0e-08,4.398e-08,475,260,"3,4",True
float32,17,6.0e-08,6.308e-08,471,260,"7,4",False
float64,17,6.0e-08,6.308e-08,475,260,"3,4",True
float32,17,8.0e-08,8.006e-08,475,260,"3,4",True
float64,17,8.0e-08,8.006e-08,475,260,"3,4",True
float32,17,1.0e-07,1.008e-07,475,260,"3,4",True
float64,17,1.0e-07,1.008e-07,475,260,"3,4",True
float32,17,1.2e-07,1.208e-07,471,260,"7,4",False
float64,17,1.2e-07,1.208e-07,475,260,"3,4",True
float32,17,1.4e-07,1.398e-07,471,260,"7,4",False
float64,17,1.4e-07,1.398e-07,475,260,"3,4",True
float32,17,1.6e-07,1.604e-07,471,260,"7,4",False
float64,17,1.6e-07,1.604e-07,475,260,"3,4",True
float32,17,1.8e-07,1.813e-07,475,260,"3,4",True
float64,17,1.8e-07,1.813e-07,475,260,"3,4",True
float32,17,2.0e-07,2.027e-07,475,260,"3,4",True
float64,17,2.0e-07,2.027e-07,475,260,"3,4",True
float32,17,2.2e-07,2.235e-07,475,260,"3,4",True
float64,17,2.2e-07,2.235e-07,475,260,"3,4",True
float32,17,2.4e-07,2.402e-07,475,260,"3,4",True
float64,17,2.4e-07,2.402e-07,475,260,"3,4",True
float32,17,2.6e-07,2.592e-07,474,260,"2,4",False
float64,17,2.6e-07,2.592e-07,475,260,"3,4",True
float32,17,2.8e-07,2.765e-07,474,260,"2,4",False
float64,17,2.8e-07,2.765e-07,475,260,"3,4",True
float32,17,3.0e-07,2.982e-07,474,260,"2,4",False
float64,17,3.0e-07,2.982e-07,475,260,"3,4",True
float32,17,3.2e-07,3.169e-07,474,260,"2,4",False
float64,17,3.2e-07,3.169e-07,475,260,"3,4",True
float32,17,3.4e-07,3.363e-07,475,260,"3,4",True
float64,17,3.4e-07,3.363e-07,475,260,"3,4",True
float32,17,3.6e-07,3.584e-07,475,260,"3,4",True
float64,17,3.6e-07,3.584e-07,475,260,"3,4",True
float32,17,3.8e-07,3.816e-07,474,260,"2,4",False
float64,17,3.8e-07,3.816e-07,475,260,"3,4",True
float32,17,4.0e-07,3.998e-07,474,260,"2,4",False
float64,17,4.0e-07,3.998e-07,475,260,"3,4",True
float32,17,4.2e-07,4.179e-07,475,260,"3,4",True
float64,17,4.2e-07,4.179e-07,475,260,"3,4",True
float32,17,4.4e-07,4.371e-07,474,260,"2,4",False
float64,17,4.4e-07,4.371e-07,475,260,"3,4",True
float32,17,4.6e-07,4.538e-07,475,260,"3,4",True
float64,17,4.6e-07,4.538e-07,475,260,"3,4",True
float32,17,4.8e-07,4.752e-07,475,260,"3,4",True
float64,17,4.8e-07,4.752e-07,475,260,"3,4",True
float32,17,5.0e-07,5.022e-07,475,260,"3,4",True
float64,17,5.0e-07,5.022e-07,475,260,"3,4",True
float32,17,5.2e-07,5.215e-07,475,260,"3,4",True
float64,17,5.2e-07,5.215e-07,475,260,"3,4",True
float32,17,5.4e-07,5.415e-07,475,260,"3,4",True
float64,17,5.4e-07,5.415e-07,475,260,"3,4",True
float32,17,5.6e-07,5.616e-07,475,260,"3,4",True
float64,17,5.6e-07,5.616e-07,475,260,"3,4",True
float32,17,5.8e-07,5.823e-07,475,260,"3,4",True
float64,17,5.8e-07,5.823e-07,475,260,"3,4",True
float32,17,6.0e-07,6.060e-07,475,260,"3,4",True
float64,17,6.0e-07,6.060e-07,475,260,"3,4",True
float32,17,6.2e-07,6.241e-07,475,260,"3,4",True
float64,17,6.2e-07,6.241e-07,475,260,"3,4",True
float32,17,6.4e-07,6.411e-07,475,260,"3,4",True
float64,17,6.4e-07,6.411e-07,475,260,"3,4",True
float32,17,6.6e-07,6.580e-07,475,260,"3,4",True
float64,17,6.6e-07,6.580e-07,475,260,"3,4",True
float32,17,6.8e-07,6.784e-07,475,260,"3,4",True
float64,17,6.8e-07,6.784e-07,475,260,"3,4",True
float32,17,7.0e-07,6.994e-07,475,260,"3,4",True
float64,17,7.0e-07,6.994e-07,475,260,"3,4",True
float32,17,7.2e-07,7.170e-07,475,260,"3,4",True
float64,17,7.2e-07,7.170e-07,475,260,"3,4",True
float32,17,7.4e-07,7.414e-07,475,260,"3,4",True
float64,17,7.4e-07,7.414e-07,475,260,"3,4",True
float32,17,7.6e-07,7.606e-07,475,260,"3,4",True
float64,17,7.6e-07,7.606e-07,475,260,"3,4",True
float32,17,7.8e-07,7.819e-07,475,260,"3,4",True
float64,17,7.8e-07,7.819e-07,475,260,"3,4",True
float32,17,8.0e-07,8.045e-07,475,260,"3,4",True
float64,17,8.0e-07,8.045e-07,475,260,"3,4",True
float32,17,8.2e-07,8.211e-07,474,260,"2,4",False
float64,17,8.2e-07,8.211e-07,475,260,"3,4",True
float32,17,8.4e-07,8.391e-07,474,260,"2,4",False
float64,17,8.4e-07,8.391e-07,475,260,"3,4",True
float32,17,8.6e-07,8.587e-07,475,260,"3,4",True
float64,17,8.6e-07,8.587e-07,475,260,"3,4",True
float32,17,8.8e-07,8.789e-07,475,260,"3,4",True
float64,17,8.8e-07,8.789e-07,475,260,"3,4",True
float32,17,9.0e-07,8.995e-07,475,260,"3,4",True
float64,17,9.0e-07,8.995e-07,475,260,"3,4",True
float32,17,9.2e-07,9.242e-07,475,260,"3,4",True
float64,17,9.2e-07,9.242e-07,475,260,"3,4",True
float32,17,9.4e-07,9.403e-07,475,260,"3,4",True
float64,17,9.4e-07,9.403e-07,475,260,"3,4",True
float32,17,9.6e-07,9.573e-07,475,260,"3,4",True
float64,17,9.6e-07,9.573e-07,475,260,"3,4",True
float32,17,9.8e-07,9.770e-07,475,260,"3,4",True
float64,17,9.8e-07,9.770e-07,475,260,"3,4",True
float32,17,1.0e-06,9.953e-07,475,260,"3,4",True
float64,17,1.0e-06,9.953e-07,475,260,"3,4",True
float32,18,-1.0e-06,-9.994e-07,468,260,"4,4",True
float64,18,-1.0e-06,-9.994e-07,468,260,"4,4",True
float32,18,-9.8e-07,-9.799e-07,468,260,"4,4",True
float64,18,-9.8e-07,-9.799e-07,468,260,"4,4",True
float32,18,-9.6e-07,-9.614e-07,468,260,"4,4",True
float64,18,-9.6e-07,-9.614e-07,468,260,"4,4",True
float32,18,-9.4e-07,-9.392e-07,468,260,"4,4",True
float64,18,-9.4e-07,-9.392e-07,468,260,"4,4",True
float32,18,-9.2e-07,-9.194e-07,468,260,"4,4",True
float64,18,-9.2e-07,-9.194e-07,468,260,"4,4",True
float32,18,-9.0e-07,-8.990e-07,468,260,"4,4",True
float64,18,-9.0e-07,-8.990e-07,468,260,"4,4",True
float32,18,-8.8e-07,-8.812e-07,468,260,"4,4",True
float64,18,-8.8e-07,-8.812e-07,468,260,"4,4",True
float32,18,-8.6e-07,-8.628e-07,468,260,"4,4",True
float64,18,-8.6e-07,-8.628e-07,468,260,"4,4",True
float32,18,-8.4e-07,-8.440e-07,468,260,"4,4",True
float64,18,-8.4e-07,-8.440e-07,468,260,"4,4",True
float32,18,-8.2e-07,-8.199e-07,468,260,"4,4",True
float64,18,-8.2e-07,-8.199e-07,468,260,"4,4",True
float32,18,-8.0e-07,-8.014e-07,468,260,"4,4",True
float64,18,-8.0e-07,-8.014e-07,468,260,"4,4",True
float32,18,-7.8e-07,-7.785e-07,468,260,"4,4",True
float64,18,-7.8e-07,-7.785e-07,468,260,"4,4",True
float32,18,-7.6e-07,-7.603e-07,468,260,"4,4",True
float64,18,-7.6e-07,-7.603e-07,468,260,"4,4",True
float32,18,-7.4e-07,-7.427e-07,468,260,"4,4",True
float64,18,-7.4e-07,-7.427e-07,468,260,"4,4",True
float32,18,-7.2e-07,-7.257e-07,468,260,"4,4",True
float64,18,-7.2e-07,-7.257e-07,468,260,"4,4",True
float32,18,-7.0e-07,-7.025e-07,468,260,"4,4",True
float64,18,-7.0e-07,-7.025e-07,468,260,"4,4",True
float32,18,-6.8e-07,-6.810e-07,468,260,"4,4",True
float64,18,-6.8e-07,-6.810e-07,468,260,"4,4",True
float32,18,-6.6e-07,-6.604e-07,468,260,"4,4",True
float64,18,-6.6e-07,-6.604e-07,468,260,"4,4",True
float32,18,-6.4e-07,-6.400e-07,468,260,"4,4",True
float64,18,-6.4e-07,-6.400e-07,468,260,"4,4",True
float32,18,-6.2e-07,-6.219e-07,468,260,"4,4",True
float64,18,-6.2e-07,-6.219e-07,468,260,"4,4",True
float32,18,-6.0e-07,-6.015e-07,468,260,"4,4",True
float64,18,-6.0e-07,-6.015e-07,468,260,"4,4",True
float32,18,-5.8e-07,-5.829e-07,468,260,"4,4",True
float64,18,-5.8e-07,-5.829e-07,468,260,"4,4",True
float32,18,-5.6e-07,-5.628e-07,468,260,"4,4",True
float64,18,-5.6e-07,-5.628e-07,468,260,"4,4",True
float32,18,-5.4e-07,-5.413e-07,468,260,"4,4",True
float64,18,-5.4e-07,-5.413e-07,468,260,"4,4",True
float32,18,-5.2e-07,-5.203e-07,468,260,"4,4",True
float64,18,-5.2e-07,-5.203e-07,468,260,"4,4",True
float32,18,-5.0e-07,-4.951e-07,468,260,"4,4",True
float64,18,-5.0e-07,-4.951e-07,468,260,"4,4",True
float32,18,-4.8e-07,-4.744e-07,468,260,"4,4",True
float64,18,-4.8e-07,-4.744e-07,468,260,"4,4",True
float32,18,-4.6e-07,-4.569e-07,468,260,"4,4",True
float64,18,-4.6e-07,-4.569e-07,468,260,"4,4",True
float32,18,-4.4e-07,-4.340e-07,468,260,"4,4",True
float64,18,-4.4e-07,-4.340e-07,468,260,"4,4",True
float32,18,-4.2e-07,-4.169e-07,468,260,"4,4",True
float64,18,-4.2e-07,-4.169e-07,468,260,"4,4",True
float32,18,-4.0e-07,-3.991e-07,468,260,"4,4",True
float64,18,-4.0e-07,-3.991e-07,468,260,"4,4",True
float32,18,-3.8e-07,-3.791e-07,468,260,"4,4",True
float64,18,-3.8e-07,-3.791e-07,468,260,"4,4",True
float32,18,-3.6e-07,-3.610e-07,468,260,"4,4",True
float64,18,-3.6e-07,-3.610e-07,468,260,"4,4",True
float32,18,-3.4e-07,-3.389e-07,468,260,"4,4",True
float64,18,-3.4e-07,-3.389e-07,468,260,"4,4",True
float32,18,-3.2e-07,-3.194e-07,468,260,"4,4",True
float64,18,-3.2e-07,-3.194e-07,468,260,"4,4",True
float32,18,-3.0e-07,-3.014e-07,468,260,"4,4",True
float64,18,-3.0e-07,-3.014e-07,468,260,"4,4",True
float32,18,-2.8e-07,-2.830e-07,468,260,"4,4",True
float64,18,-2.8e-07,-2.830e-07,468,260,"4,4",True
float32,18,-2.6e-07,-2.634e-07,468,260,"4,4",True
float64,18,-2.6e-07,-2.634e-07,468,260,"4,4",True
float32,18,-2.4e-07,-2.422e-07,468,260,"4,4",True
float64,18,-2.4e-07,-2.422e-07,468,260,"4,4",True
float32,18,-2.2e-07,-2.216e-07,468,260,"4,4",True
float64,18,-2.2e-07,-2.216e-07,468,260,"4,4",True
float32,18,-2.0e-07,-2.032e-07,468,260,"4,4",True
float64,18,-2.0e-07,-2.032e-07,468,260,"4,4",True
float32,18,-1.8e-07,-1.832e-07,468,260,"4,4",True
float64,18,-1.8e-07,-1.832e-07,468,260,"4,4",True
float32,18,-1.6e-07,-1.618e-07,468,260,"4,4",True
float64,18,-1.6e-07,-1.618e-07,468,260,"4,4",True
float32,18,-1.4e-07,-1.407e-07,468,260,"4,4",True
float64,18,-1.4e-07,-1.407e-07,468,260,"4,4",True
float32,18,-1.2e-07,-1.217e-07,468,260,"4,4",True
float64,18,-1.2e-07,-1.217e-07,468,260,"4,4",True
float32,18,-1.0e-07,-9.508e-08,468,260,"4,4",True
float64,18,-1.0e-07,-9.508e-08,468,260,"4,4",True
float32,18,-8.0e-08,-7.860e-08,468,260,"4,4",True
float64,18,-8.0e-08,-7.860e-08,468,260,"4,4",True
float32,18,-6.0e-08,-5.460e-08,471,260,"7,4",False
float64,18,-6.0e-08,-5.460e-08,468,260,"4,4",True
float32,18,-4.0e-08,-3.471e-08,471,260,"7,4",False
float64,18,-4.0e-08,-3.471e-08,468,260,"4,4",True
float32,18,-2.0e-08,-1.496e-08,471,260,"7,4",False
float64,18,-2.0e-08,-1.496e-08,468,260,"4,4",True
float32,18,0.0e+00,2.274e-09,471,260,"7,4",False
float64,18,0.0e+00,2.274e-09,475,260,"3,4",True
float32,18,2.0e-08,2.153e-08,474,260,"2,4",False
float64,18,2.0e-08,2.153e-08,475,260,"3,4",True
float32,18,4.0e-08,4.192e-08,474,260,"2,4",False
float64,18,4.0e-08,4.192e-08,475,260,"3,4",True
float32,18,6.0e-08,6.117e-08,474,260,"2,4",False
float64,18,6.0e-08,6.117e-08,475,260,"3,4",True
float32,18,8.0e-08,8.102e-08,474,260,"2,4",False
float64,18,8.0e-08,8.102e-08,475,260,"3,4",True
float32,18,1.0e-07,9.834e-08,472,260,"0,4",False
float64,18,1.0e-07,9.834e-08,475,260,"3,4",True
float32,18,1.2e-07,1.181e-07,475,260,"3,4",True
float64,18,1.2e-07,1.181e-07,475,260,"3,4",True
float32,18,1.4e-07,1.401e-07,475,260,"3,4",True
float64,18,1.4e-07,1.401e-07,475,260,"3,4",True
float32,18,1.6e-07,1.578e-07,474,260,"2,4",False
float64,18,1.6e-07,1.578e-07,475,260,"3,4",True
float32,18,1.8e-07,1.753e-07,474,260,"2,4",False
float64,18,1.8e-07,1.753e-07,475,260,"3,4",True
float32,18,2.0e-07,1.961e-07,473,260,"1,4",False
float64,18,2.0e-07,1.961e-07,475,260,"3,4",True
float32,18,2.2e-07,2.165e-07,475,260,"3,4",True
float64,18,2.2e-07,2.165e-07,475,260,"3,4",True
float32,18,2.4e-07,2.371e-07,475,260,"3,4",True
float64,18,2.4e-07,2.371e-07,475,260,"3,4",True
float32,18,2.6e-07,2.594e-07,475,260,"3,4",True
float64,18,2.6e-07,2.594e-07,475,260,"3,4",True
float32,18,2.8e-07,2.792e-07,475,260,"3,4",True
float64,18,2.8e-07,2.792e-07,475,260,"3,4",True
float32,18,3.0e-07,2.981e-07,475,260,"3,4",True
float64,18,3.0e-07,2.981e-07,475,260,"3,4",True
float32,18,3.2e-07,3.193e-07,475,260,"3,4",True
float64,18,3.2e-07,3.193e-07,475,260,"3,4",True
float32,18,3.4e-07,3.403e-07,475,260,"3,4",True
float64,18,3.4e-07,3.403e-07,475,260,"3,4",True
float32,18,3.6e-07,3.615e-07,475,260,"3,4",True
float64,18,3.6e-07,3.615e-07,475,260,"3,4",True
float32,18,3.8e-07,3.823e-07,474,260,"2,4",False
float64,18,3.8e-07,3.823e-07,475,260,"3,4",True
float32,18,4.0e-07,4.006e-07,475,260,"3,4",True
float64,18,4.0e-07,4.006e-07,475,260,"3,4",True
float32,18,4.2e-07,4.178e-07,475,260,"3,4",True
float64,18,4.2e-07,4.178e-07,475,260,"3,4",True
float32,18,4.4e-07,4.381e-07,475,260,"3,4",True
float64,18,4.4e-07,4.381e-07,475,260,"3,4",True
float32,18,4.6e-07,4.601e-07,475,260,"3,4",True
float64,18,4.6e-07,4.601e-07,475,260,"3,4",True
float32,18,4.8e-07,4.786e-07,475,260,"3,4",True
float64,18,4.8e-07,4.786e-07,475,260,"3,4",True
float32,18,5.0e-07,5.035e-07,475,260,"3,4",True
float64,18,5.0e-07,5.035e-07,475,260,"3,4",True
float32,18,5.2e-07,5.228e-07,475,260,"3,4",True
float64,18,5.2e-07,5.228e-07,475,260,"3,4",True
float32,18,5.4e-07,5.416e-07,475,260,"3,4",True
float64,18,5.4e-07,5.416e-07,475,260,"3,4",True
float32,18,5.6e-07,5.634e-07,475,260,"3,4",True
float64,18,5.6e-07,5.634e-07,475,260,"3,4",True
float32,18,5.8e-07,5.818e-07,475,260,"3,4",True
float64,18,5.8e-07,5.818e-07,475,260,"3,4",True
float32,18,6.0e-07,6.005e-07,475,260,"3,4",True
float64,18,6.0e-07,6.005e-07,475,260,"3,4",True
float32,18,6.2e-07,6.211e-07,475,260,"3,4",True
float64,18,6.2e-07,6.211e-07,475,260,"3,4",True
float32,18,6.4e-07,6.391e-07,475,260,"3,4",True
float64,18,6.4e-07,6.391e-07,475,260,"3,4",True
float32,18,6.6e-07,6.610e-07,475,260,"3,4",True
float64,18,6.6e-07,6.610e-07,475,260,"3,4",True
float32,18,6.8e-07,6.815e-07,475,260,"3,4",True
float64,18,6.8e-07,6.815e-07,475,260,"3,4",True
float32,18,7.0e-07,7.007e-07,475,260,"3,4",True
float64,18,7.0e-07,7.007e-07,475,260,"3,4",True
float32,18,7.2e-07,7.232e-07,475,260,"3,4",True
float64,18,7.2e-07,7.232e-07,475,260,"3,4",True
float32,18,7.4e-07,7.404e-07,475,260,"3,4",True
float64,18,7.4e-07,7.404e-07,475,260,"3,4",True
float32,18,7.6e-07,7.606e-07,475,260,"3,4",True
float64,18,7.6e-07,7.606e-07,475,260,"3,4",True
float32,18,7.8e-07,7.853e-07,475,260,"3,4",True
float64,18,7.8e-07,7.853e-07,475,260,"3,4",True
float32,18,8.0e-07,8.042e-07,475,260,"3,4",True
float64,18,8.0e-07,8.042e-07,475,260,"3,4",True
float32,18,8.2e-07,8.225e-07,475,260,"3,4",True
float64,18,8.2e-07,8.225e-07,475,260,"3,4",True
float32,18,8.4e-07,8.401e-07,475,260,"3,4",True
float64,18,8.4e-07,8.401e-07,475,260,"3,4",True
float32,18,8.6e-07,8.602e-07,475,260,"3,4",True
float64,18,8.6e-07,8.602e-07,475,260,"3,4",True
float32,18,8.8e-07,8.806e-07,475,260,"3,4",True
float64,18,8.8e-07,8.806e-07,475,260,"3,4",True
float32,18,9.0e-07,9.007e-07,475,260,"3,4",True
float64,18,9.0e-07,9.007e-07,475,260,"3,4",True
float32,18,9.2e-07,9.193e-07,475,260,"3,4",True
float64,18,9.2e-07,9.193e-07,475,260,"3,4",True
float32,18,9.4e-07,9.386e-07,475,260,"3,4",True
float64,18,9.4e-07,9.386e-07,475,260,"3,4",True
float32,18,9.6e-07,9.558e-07,475,260,"3,4",True
float64,18,9.6e-07,9.558e-07,475,260,"3,4",True
float32,18,9.8e-07,9.730e-07,475,260,"3,4",True
float64,18,9.8e-07,9.730e-07,475,260,"3,4",True
float32,18,1.0e-06,9.927e-07,475,260,"3,4",True
float64,18,1.0e-06,9.927e-07,475,260,"3,4",True
float32,19,-1.0e-06,-1.001e-06,468,260,"4,4",True
float64,19,-1.0e-06,-1.001e-06,468,260,"4,4",True
float32,19,-9.8e-07,-9.833e-07,468,260,"4,4",True
float64,19,-9.8e-07,-9.833e-07,468,260,"4,4",True
float32,19,-9.6e-07,-9.641e-07,468,260,"4,4",True
float64,19,-9.6e-07,-9.641e-07,468,260,"4,4",True
float32,19,-9.4e-07,-9.396e-07,468,260,"4,4",True
float64,19,-9.4e-07,-9.396e-07,468,260,"4,4",True
float32,19,-9.2e-07,-9.192e-07,468,260,"4,4",True
float64,19,-9.2e-07,-9.192e-07,468,260,"4,4",True
float32,19,-9.0e-07,-8.951e-07,468,260,"4,4",True
float64,19,-9.0e-07,-8.951e-07,468,260,"4,4",True
float32,19,-8.8e-07,-8.784e-07,468,260,"4,4",True
float64,19,-8.8e-07,-8.784e-07,468,260,"4,4",True
float32,19,-8.6e-07,-8.584e-07,468,260,"4,4",True
float64,19,-8.6e-07,-8.584e-07,468,260,"4,4",True
float32,19,-8.4e-07,-8.384e-07,468,260,"4,4",True
float64,19,-8.4e-07,-8.384e-07,468,260,"4,4",True
float32,19,-8.2e-07,-8.202e-07,468,260,"4,4",True
float64,19,-8.2e-07,-8.202e-07,468,260,"4,4",True
float32,19,-8.0e-07,-8.014e-07,468,260,"4,4",True
float64,19,-8.0e-07,-8.014e-07,468,260,"4,4",True
float32,19,-7.8e-07,-7.793e-07,468,260,"4,4",True
float64,19,-7.8e-07,-7.793e-07,468,260,"4,4",True
float32,19,-7.6e-07,-7.582e-07,468,260,"4,4",True
float64,19,-7.6e-07,-7.582e-07,468,260,"4,4",True
float32,19,-7.4e-07,-7.355e-07,468,260,"4,4",True
float64,19,-7.4e-07,-7.355e-07,468,260,"4,4",True
float32,19,-7.2e-07,-7.183e-07,468,260,"4,4",True
float64,19,-7.2e-07,-7.183e-07,468,260,"4,4",True
float32,19,-7.0e-07,-6.968e-07,468,260,"4,4",True
float64,19,-7.0e-07,-6.968e-07,468,260,"4,4",True
float32,19,-6.8e-07,-6.780e-07,468,260,"4,4",True
float64,19,-6.8e-07,-6.780e-07,468,260,"4,4",True
float32,19,-6.6e-07,-6.605e-07,468,260,"4,4",True
float64,19,-6.6e-07,-6.605e-07,468,260,"4,4",True
float32,19,-6.4e-07,-6.400e-07,468,260,"4,4",True
float64,19,-6.4e-07,-6.400e-07,468,260,"4,4",True
float32,19,-6.2e-07,-6.170e-07,468,260,"4,4",True
float64,19,-6.2e-07,-6.170e-07,468,260,"4,4",True
float32,19,-6.0e-07,-5.991e-07,468,260,"4,4",True
float64,19,-6.0e-07,-5.991e-07,468,260,"4,4",True
float32,19,-5.8e-07,-5.803e-07,468,260,"4,4",True
float64,19,-5.8e-07,-5.803e-07,468,260,"4,4",True
float32,19,-5.6e-07,-5.575e-07,468,260,"4,4",True
float64,19,-5.6e-07,-5.575e-07,468,260,"4,4",True
float32,19,-5.4e-07,-5.392e-07,468,260,"4,4",True
float64,19,-5.4e-07,-5.392e-07,468,260,"4,4",True
float32,19,-5.2e-07,-5.184e-07,468,260,"4,4",True
float64,19,-5.2e-07,-5.184e-07,468,260,"4,4",True
float32,19,-5.0e-07,-5.001e-07,468,260,"4,4",True
float64,19,-5.0e-07,-5.001e-07,468,260,"4,4",True
float32,19,-4.8e-07,-4.794e-07,468,260,"4,4",True
float64,19,-4.8e-07,-4.794e-07,468,260,"4,4",True
float32,19,-4.6e-07,-4.601e-07,468,260,"4,4",True
float64,19,-4.6e-07,-4.601e-07,468,260,"4,4",True
float32,19,-4.4e-07,-4.423e-07,468,260,"4,4",True
float64,19,-4.4e-07,-4.423e-07,468,260,"4,4",True
float32,19,-4.2e-07,-4.249e-07,468,260,"4,4",True
float64,19,-4.2e-07,-4.249e-07,468,260,"4,4",True
float32,19,-4.0e-07,-4.004e-07,468,260,"4,4",True
float64,19,-4.0e-07,-4.004e-07,468,260,"4,4",True
float32,19,-3.8e-07,-3.825e-07,468,260,"4,4",True
float64,19,-3.8e-07,-3.825e-07,468,260,"4,4",True
float32,19,-3.6e-07,-3.654e-07,468,260,"4,4",True
float64,19,-3.6e-07,-3.654e-07,468,260,"4,4",True
float32,19,-3.4e-07,-3.476e-07,468,260,"4,4",True
float64,19,-3.4e-07,-3.476e-07,468,260,"4,4",True
float32,19,-3.2e-07,-3.210e-07,468,260,"4,4",True
float64,19,-3.2e-07,-3.210e-07,468,260,"4,4",True
float32,19,-3.0e-07,-2.997e-07,468,260,"4,4",True
float64,19,-3.0e-07,-2.997e-07,468,260,"4,4",True
float32,19,-2.8e-07,-2.811e-07,468,260,"4,4",True
float64,19,-2.8e-07,-2.811e-07,468,260,"4,4",True
float32,19,-2.6e-07,-2.629e-07,468,260,"4,4",True
float64,19,-2.6e-07,-2.629e-07,468,260,"4,4",True
float32,19,-2.4e-07,-2.418e-07,468,260,"4,4",True
float64,19,-2.4e-07,-2.418e-07,468,260,"4,4",True
float32,19,-2.2e-07,-2.200e-07,468,260,"4,4",True
float64,19,-2.2e-07,-2.200e-07,468,260,"4,4",True
float32,19,-2.0e-07,-2.017e-07,468,260,"4,4",True
float64,19,-2.0e-07,-2.017e-07,468,260,"4,4",True
float32,19,-1.8e-07,-1.765e-07,468,260,"4,4",True
float64,19,-1.8e-07,-1.765e-07,468,260,"4,4",True
float32,19,-1.6e-07,-1.569e-07,468,260,"4,4",True
float64,19,-1.6e-07,-1.569e-07,468,260,"4,4",True
float32,19,-1.4e-07,-1.404e-07,468,260,"4,4",True
float64,19,-1.4e-07,-1.404e-07,468,260,"4,4",True
float32,19,-1.2e-07,-1.216e-07,468,260,"4,4",True
float64,19,-1.2e-07,-1.216e-07,468,260,"4,4",True
float32,19,-1.0e-07,-9.768e-08,469,260,"5,4",False
float64,19,-1.0e-07,-9.768e-08,468,260,"4,4",True
float32,19,-8.0e-08,-7.520e-08,469,260,"5,4",False
float64,19,-8.0e-08,-7.520e-08,468,260,"4,4",True
float32,19,-6.0e-08,-5.653e-08,469,260,"5,4",False
float64,19,-6.0e-08,-5.653e-08,468,260,"4,4",True
float32,19,-4.0e-08,-3.614e-08,469,260,"5,4",False
float64,19,-4.0e-08,-3.614e-08,468,260,"4,4",True
float32,19,-2.0e-08,-1.912e-08,469,260,"5,4",False
float64,19,-2.0e-08,-1.912e-08,468,260,"4,4",True
float32,19,0.0e+00,1.941e-09,469,260,"5,4",False
float64,19,0.0e+00,1.941e-09,475,260,"3,4",True
float32,19,2.0e-08,1.989e-08,469,260,"5,4",False
float64,19,2.0e-08,1.989e-08,475,260,"3,4",True
float32,19,4.0e-08,4.018e-08,469,260,"5,4",False
float64,19,4.0e-08,4.018e-08,475,260,"3,4",True
float32,19,6.0e-08,5.900e-08,474,260,"2,4",False
float64,19,6.0e-08,5.900e-08,475,260,"3,4",True
float32,19,8.0e-08,7.963e-08,474,260,"2,4",False
float64,19,8.0e-08,7.963e-08,475,260,"3,4",True
float32,19,1.0e-07,1.015e-07,474,260,"2,4",False
float64,19,1.0e-07,1.015e-07,475,260,"3,4",True
float32,19,1.2e-07,1.219e-07,474,260,"2,4",False
float64,19,1.2e-07,1.219e-07,475,260,"3,4",True
float32,19,1.4e-07,1.422e-07,471,260,"7,4",False
float64,19,1.4e-07,1.422e-07,475,260,"3,4",True
float32,19,1.6e-07,1.624e-07,471,260,"7,4",False
float64,19,1.6e-07,1.624e-07,475,260,"3,4",True
float32,19,1.8e-07,1.791e-07,471,260,"7,4",False
float64,19,1.8e-07,1.791e-07,475,260,"3,4",True
float32,19,2.0e-07,1.998e-07,474,260,"2,4",False
float64,19,2.0e-07,1.998e-07,475,260,"3,4",True
float32,19,2.2e-07,2.170e-07,474,260,"2,4",False
float64,19,2.2e-07,2.170e-07,475,260,"3,4",True
float32,19,2.4e-07,2.381e-07,474,260,"2,4",False
float64,19,2.4e-07,2.381e-07,475,260,"3,4",True
float32,19,2.6e-07,2.577e-07,472,260,"0,4",False
float64,19,2.6e-07,2.577e-07,475,260,"3,4",True
float32,19,2.8e-07,2.761e-07,473,260,"1,4",False
float64,19,2.8e-07,2.761e-07,475,260,"3,4",True
float32,19,3.0e-07,2.986e-07,475,260,"3,4",True
float64,19,3.0e-07,2.986e-07,475,260,"3,4",True
float32,19,3.2e-07,3.228e-07,475,260,"3,4",True
float64,19,3.2e-07,3.228e-07,475,260,"3,4",True
float32,19,3.4e-07,3.417e-07,475,260,"3,4",True
float64,19,3.4e-07,3.417e-07,475,260,"3,4",True
float32,19,3.6e-07,3.587e-07,475,260,"3,4",True
float64,19,3.6e-07,3.587e-07,475,260,"3,4",True
float32,19,3.8e-07,3.761e-07,475,260,"3,4",True
float64,19,3.8e-07,3.761e-07,475,260,"3,4",True
float32,19,4.0e-07,3.966e-07,475,260,"3,4",True
float64,19,4.0e-07,3.966e-07,475,260,"3,4",True
float32,19,4.2e-07,4.139e-07,475,260,"3,4",True
float64,19,4.2e-07,4.139e-07,475,260,"3,4",True
float32,19,4.4e-07,4.390e-07,474,260,"2,4",False
float64,19,4.4e-07,4.390e-07,475,260,"3,4",True
float32,19,4.6e-07,4.588e-07,475,260,"3,4",True
float64,19,4.6e-07,4.588e-07,475,260,"3,4",True
float32,19,4.8e-07,4.818e-07,474,260,"2,4",False
float64,19,4.8e-07,4.818e-07,475,260,"3,4",True
float32,19,5.0e-07,5.057e-07,475,260,"3,4",True
float64,19,5.0e-07,5.057e-07,475,260,"3,4",True
float32,19,5.2e-07,5.246e-07,475,260,"3,4",True
float64,19,5.2e-07,5.246e-07,475,260,"3,4",True
float32,19,5.4e-07,5.434e-07,475,260,"3,4",True
float64,19,5.4e-07,5.434e-07,475,260,"3,4",True
float32,19,5.6e-07,5.607e-07,475,260,"3,4",True
float64,19,5.6e-07,5.607e-07,475,260,"3,4",True
float32,19,5.8e-07,5.798e-07,474,260,"2,4",False
float64,19,5.8e-07,5.798e-07,475,260,"3,4",True
float32,19,6.0e-07,6.002e-07,474,260,"2,4",False
float64,19,6.0e-07,6.002e-07,475,260,"3,4",True
float32,19,6.2e-07,6.212e-07,475,260,"3,4",True
float64,19,6.2e-07,6.212e-07,475,260,"3,4",True
float32,19,6.4e-07,6.418e-07,475,260,"3,4",True
float64,19,6.4e-07,6.418e-07,475,260,"3,4",True
float32,19,6.6e-07,6.578e-07,475,260,"3,4",True
float64,19,6.6e-07,6.578e-07,475,260,"3,4",True
float32,19,6.8e-07,6.787e-07,475,260,"3,4",True
float64,19,6.8e-07,6.787e-07,475,260,"3,4",True
float32,19,7.0e-07,6.981e-07,475,260,"3,4",True
float64,19,7.0e-07,6.981e-07,475,260,"3,4",True
float32,19,7.2e-07,7.167e-07,474,260,"2,4",False
float64,19,7.2e-07,7.167e-07,475,260,"3,4",True
float32,19,7.4e-07,7.378e-07,475,260,"3,4",True
float64,19,7.4e-07,7.378e-07,475,260,"3,4",True
float32,19,7.6e-07,7.615e-07,475,260,"3,4",True
float64,19,7.6e-07,7.615e-07,475,260,"3,4",True
float32,19,7.8e-07,7.827e-07,475,260,"3,4",True
float64,19,7.8e-07,7.827e-07,475,260,"3,4",True
float32,19,8.0e-07,8.004e-07,475,260,"3,4",True
float64,19,8.0e-07,8.004e-07,475,260,"3,4",True
float32,19,8.2e-07,8.240e-07,475,260,"3,4",True
float64,19,8.2e-07,8.240e-07,475,260,"3,4",True
float32,19,8.4e-07,8.432e-07,475,260,"3,4",True
float64,19,8.4e-07,8.432e-07,475,260,"3,4",True
float32,19,8.6e-07,8.627e-07,475,260,"3,4",True
float64,19,8.6e-07,8.627e-07,475,260,"3,4",True
float32,19,8.8e-07,8.821e-07,475,260,"3,4",True
float64,19,8.8e-07,8.821e-07,475,260,"3,4",True
float32,19,9.0e-07,9.007e-07,475,260,"3,4",True
float64,19,9.0e-07,9.007e-07,475,260,"3,4",True
float32,19,9.2e-07,9.228e-07,475,260,"3,4",True
float64,19,9.2e-07,9.228e-07,475,260,"3,4",True
float32,19,9.4e-07,9.396e-07,475,260,"3,4",True
float64,19,9.4e-07,9.396e-07,475,260,"3,4",True
float32,19,9.6e-07,9.577e-07,475,260,"3,4",True
float64,19,9.6e-07,9.577e-07,475,260,"3,4",True
float32,19,9.8e-07,9.773e-07,475,260,"3,4",True
float64,19,9.8e-07,9.773e-07,475,260,"3,4",True
float32,19,1.0e-06,9.967e-07,475,260,"3,4",True
float64,19,1.0e-06,9.967e-07,475,260,"3,4",True
float32,20,-1.0e-06,-9.978e-07,468,260,"4,4",True
float64,20,-1.0e-06,-9.978e-07,468,260,"4,4",True
float32,20,-9.8e-07,-9.779e-07,468,260,"4,4",True
float64,20,-9.8e-07,-9.779e-07,468,260,"4,4",True
float32,20,-9.6e-07,-9.584e-07,468,260,"4,4",True
float64,20,-9.6e-07,-9.584e-07,468,260,"4,4",True
float32,20,-9.4e-07,-9.407e-07,468,260,"4,4",True
float64,20,-9.4e-07,-9.407e-07,468,260,"4,4",True
float32,20,-9.2e-07,-9.194e-07,468,260,"4,4",True
float64,20,-9.2e-07,-9.194e-07,468,260,"4,4",True
float32,20,-9.0e-07,-9.007e-07,468,260,"4,4",True
float64,20,-9.0e-07,-9.007e-07,468,260,"4,4",True
float32,20,-8.8e-07,-8.753e-07,468,260,"4,4",True
float64,20,-8.8e-07,-8.753e-07,468,260,"4,4",True
float32,20,-8.6e-07,-8.578e-07,468,260,"4,4",True
float64,20,-8.6e-07,-8.578e-07,468,260,"4,4",True
float32,20,-8.4e-07,-8.385e-07,468,260,"4,4",True
float64,20,-8.4e-07,-8.385e-07,468,260,"4,4",True
float32,20,-8.2e-07,-8.198e-07,468,260,"4,4",True
float64,20,-8.2e-07,-8.198e-07,468,260,"4,4",True
float32,20,-8.0e-07,-8.005e-07,468,260,"4,4",True
float64,20,-8.0e-07,-8.005e-07,468,260,"4,4",True
float32,20,-7.8e-07,-7.803e-07,468,260,"4,4",True
float64,20,-7.8e-07,-7.803e-07,468,260,"4,4",True
float32,20,-7.6e-07,-7.602e-07,468,260,"4,4",True
float64,20,-7.6e-07,-7.602e-07,468,260,"4,4",True
float32,20,-7.4e-07,-7.365e-07,468,260,"4,4",True
float64,20,-7.4e-07,-7.365e-07,468,260,"4,4",True
float32,20,-7.2e-07,-7.149e-07,468,260,"4,4",True
float64,20,-7.2e-07,-7.149e-07,468,260,"4,4",True
float32,20,-7.0e-07,-6.971e-07,468,260,"4,4",True
float64,20,-7.0e-07,-6.971e-07,468,260,"4,4",True
float32,20,-6.8e-07,-6.747e-07,468,260,"4,4",True
float64,20,-6.8e-07,-6.747e-07,468,260,"4,4",True
float32,20,-6.6e-07,-6.581e-07,468,260,"4,4",True
float64,20,-6.6e-07,-6.581e-07,468,260,"4,4",True
float32,20,-6.4e-07,-6.404e-07,468,260,"4,4",True
float64,20,-6.4e-07,-6.404e-07,468,260,"4,4",True
float32,20,-6.2e-07,-6.210e-07,468,260,"4,4",True
float64,20,-6.2e-07,-6.210e-07,468,260,"4,4",True
float32,20,-6.0e-07,-6.011e-07,468,260,"4,4",True
float64,20,-6.0e-07,-6.011e-07,468,260,"4,4",True
float32,20,-5.8e-07,-5.797e-07,468,260,"4,4",True
float64,20,-5.8e-07,-5.797e-07,468,260,"4,4",True
float32,20,-5.6e-07,-5.616e-07,468,260,"4,4",True
float64,20,-5.6e-07,-5.616e-07,468,260,"4,4",True
float32,20,-5.4e-07,-5.432e-07,468,260,"4,4",True
float64,20,-5.4e-07,-5.432e-07,468,260,"4,4",True
float32,20,-5.2e-07,-5.221e-07,468,260,"4,4",True
float64,20,-5.2e-07,-5.221e-07,468,260,"4,4",True
float32,20,-5.0e-07,-5.059e-07,468,260,"4,4",True
float64,20,-5.0e-07,-5.059e-07,468,260,"4,4",True
float32,20,-4.8e-07,-4.844e-07,468,260,"4,4",True
float64,20,-4.8e-07,-4.844e-07,468,260,"4,4",True
float32,20,-4.6e-07,-4.646e-07,468,260,"4,4",True
float64,20,-4.6e-07,-4.646e-07,468,260,"4,4",True
float32,20,-4.4e-07,-4.429e-07,468,260,"4,4",True
float64,20,-4.4e-07,-4.429e-07,468,260,"4,4",True
float32,20,-4.2e-07,-4.209e-07,468,260,"4,4",True
float64,20,-4.2e-07,-4.209e-07,468,260,"4,4",True
float32,20,-4.0e-07,-4.011e-07,468,260,"4,4",True
float64,20,-4.0e-07,-4.011e-07,468,260,"4,4",True
float32,20,-3.8e-07,-3.801e-07,468,260,"4,4",True
float64,20,-3.8e-07,-3.801e-07,468,260,"4,4",True
float32,20,-3.6e-07,-3.621e-07,468,260,"4,4",True
float64,20,-3.6e-07,-3.621e-07,468,260,"4,4",True
float32,20,-3.4e-07,-3.428e-07,468,260,"4,4",True
float64,20,-3.4e-07,-3.428e-07,468,260,"4,4",True
float32,20,-3.2e-07,-3.247e-07,468,260,"4,4",True
float64,20,-3.2e-07,-3.247e-07,468,260,"4,4",True
float32,20,-3.0e-07,-3.042e-07,468,260,"4,4",True
float64,20,-3.0e-07,-3.042e-07,468,260,"4,4",True
float32,20,-2.8e-07,-2.775e-07,468,260,"4,4",True
float64,20,-2.8e-07,-2.775e-07,468,260,"4,4",True
float32,20,-2.6e-07,-2.584e-07,468,260,"4,4",True
float64,20,-2.6e-07,-2.584e-07,468,260,"4,4",True
float32,20,-2.4e-07,-2.387e-07,468,260,"4,4",True
float64,20,-2.4e-07,-2.387e-07,468,260,"4,4",True
float32,20,-2.2e-07,-2.182e-07,468,260,"4,4",True
float64,20,-2.2e-07,-2.182e-07,468,260,"4,4",True
float32,20,-2.0e-07,-1.981e-07,468,260,"4,4",True
float64,20,-2.0e-07,-1.981e-07,468,260,"4,4",True
float32,20,-1.8e-07,-1.771e-07,468,260,"4,4",True
float64,20,-1.8e-07,-1.771e-07,468,260,"4,4",True
float32,20,-1.6e-07,-1.545e-07,468,260,"4,4",True
float64,20,-1.6e-07,-1.545e-07,468,260,"4,4",True
float32,20,-1.4e-07,-1.364e-07,468,260,"4,4",True
float64,20,-1.4e-07,-1.364e-07,468,260,"4,4",True
float32,20,-1.2e-07,-1.147e-07,468,260,"4,4",True
float64,20,-1.2e-07,-1.147e-07,468,260,"4,4",True
float32,20,-1.0e-07,-9.567e-08,468,260,"4,4",True
float64,20,-1.0e-07,-9.567e-08,468,260,"4,4",True
float32,20,-8.0e-08,-7.646e-08,471,260,"7,4",False
float64,20,-8.0e-08,-7.646e-08,468,260,"4,4",True
float32,20,-6.0e-08,-5.559e-08,471,260,"7,4",False
float64,20,-6.0e-08,-5.559e-08,468,260,"4,4",True
float32,20,-4.0e-08,-3.616e-08,471,260,"7,4",False
float64,20,-4.0e-08,-3.616e-08,468,260,"4,4",True
float32,20,-2.0e-08,-1.667e-08,471,260,"7,4",False
float64,20,-2.0e-08,-1.667e-08,468,260,"4,4",True
float32,20,0.0e+00,2.830e-10,471,260,"7,4",False
float64,20,0.0e+00,2.830e-10,475,260,"3,4",True
float32,20,2.0e-08,1.881e-08,471,260,"7,4",False
float64,20,2.0e-08,1.881e-08,475,260,"3,4",True
float32,20,4.0e-08,4.066e-08,471,260,"7,4",False
float64,20,4.0e-08,4.066e-08,475,260,"3,4",True
float32,20,6.0e-08,6.188e-08,473,260,"1,4",False
float64,20,6.0e-08,6.188e-08,475,260,"3,4",True
float32,20,8.0e-08,8.215e-08,473,260,"1,4",False
float64,20,8.0e-08,8.215e-08,475,260,"3,4",True
float32,20,1.0e-07,1.010e-07,472,260,"0,4",False
float64,20,1.0e-07,1.010e-07,475,260,"3,4",True
float32,20,1.2e-07,1.179e-07,475,260,"3,4",True
float64,20,1.2e-07,1.179e-07,475,260,"3,4",True
float32,20,1.4e-07,1.391e-07,474,260,"2,4",False
float64,20,1.4e-07,1.391e-07,475,260,"3,4",True
float32,20,1.6e-07,1.570e-07,474,260,"2,4",False
float64,20,1.6e-07,1.570e-07,475,260,"3,4",True
float32,20,1.8e-07,1.763e-07,474,260,"2,4",False
float64,20,1.8e-07,1.763e-07,475,260,"3,4",True
float32,20,2.0e-07,1.969e-07,474,260,"2,4",False
float64,20,2.0e-07,1.969e-07,475,260,"3,4",True
float32,20,2.2e-07,2.180e-07,473,260,"1,4",False
float64,20,2.2e-07,2.180e-07,475,260,"3,4",True
float32,20,2.4e-07,2.392e-07,474,260,"2,4",False
float64,20,2.4e-07,2.392e-07,475,260,"3,4",True
float32,20,2.6e-07,2.571e-07,474,260,"2,4",False
float64,20,2.6e-07,2.571e-07,475,260,"3,4",True
float32,20,2.8e-07,2.793e-07,475,260,"3,4",True
float64,20,2.8e-07,2.793e-07,475,260,"3,4",True
float32,20,3.0e-07,2.968e-07,474,260,"2,4",False
float64,20,3.0e-07,2.968e-07,475,260,"3,4",True
float32,20,3.2e-07,3.211e-07,474,260,"2,4",False
float64,20,3.2e-07,3.211e-07,475,260,"3,4",True
float32,20,3.4e-07,3.385e-07,474,260,"2,4",False
float64,20,3.4e-07,3.385e-07,475,260,"3,4",True
float32,20,3.6e-07,3.596e-07,474,260,"2,4",False
float64,20,3.6e-07,3.596e-07,475,260,"3,4",True
float32,20,3.8e-07,3.796e-07,473,260,"1,4",False
float64,20,3.8e-07,3.796e-07,475,260,"3,4",True
float32,20,4.0e-07,3.964e-07,473,260,"1,4",False
float64,20,4.0e-07,3.964e-07,475,260,"3,4",True
float32,20,4.2e-07,4.168e-07,474,260,"2,4",False
float64,20,4.2e-07,4.168e-07,475,260,"3,4",True
float32,20,4.4e-07,4.376e-07,474,260,"2,4",False
float64,20,4.4e-07,4.376e-07,475,260,"3,4",True
float32,20,4.6e-07,4.586e-07,474,260,"2,4",False
float64,20,4.6e-07,4.586e-07,475,260,"3,4",True
float32,20,4.8e-07,4.815e-07,474,260,"2,4",False
float64,20,4.8e-07,4.815e-07,475,260,"3,4",True
float32,20,5.0e-07,5.000e-07,475,260,"3,4",True
float64,20,5.0e-07,5.000e-07,475,260,"3,4",True
float32,20,5.2e-07,5.209e-07,475,260,"3,4",True
float64,20,5.2e-07,5.209e-07,475,260,"3,4",True
float32,20,5.4e-07,5.387e-07,475,260,"3,4",True
float64,20,5.4e-07,5.387e-07,475,260,"3,4",True
float32,20,5.6e-07,5.589e-07,474,260,"2,4",False
float64,20,5.6e-07,5.589e-07,475,260,"3,4",True
float32,20,5.8e-07,5.783e-07,475,260,"3,4",True
float64,20,5.8e-07,5.783e-07,475,260,"3,4",True
float32,20,6.0e-07,6.015e-07,475,260,"3,4",True
float64,20,6.0e-07,6.015e-07,475,260,"3,4",True
float32,20,6.2e-07,6.174e-07,475,260,"3,4",True
float64,20,6.2e-07,6.174e-07,475,260,"3,4",True
float32,20,6.4e-07,6.382e-07,475,260,"3,4",True
float64,20,6.4e-07,6.382e-07,475,260,"3,4",True
float32,20,6.6e-07,6.618e-07,475,260,"3,4",True
float64,20,6.6e-07,6.618e-07,475,260,"3,4",True
float32,20,6.8e-07,6.811e-07,475,260,"3,4",True
float64,20,6.8e-07,6.811e-07,475,260,"3,4",True
float32,20,7.0e-07,7.030e-07,475,260,"3,4",True
float64,20,7.0e-07,7.030e-07,475,260,"3,4",True
float32,20,7.2e-07,7.224e-07,475,260,"3,4",True
float64,20,7.2e-07,7.224e-07,475,260,"3,4",True
float32,20,7.4e-07,7.405e-07,475,260,"3,4",True
float64,20,7.4e-07,7.405e-07,475,260,"3,4",True
float32,20,7.6e-07,7.614e-07,475,260,"3,4",True
float64,20,7.6e-07,7.614e-07,475,260,"3,4",True
float32,20,7.8e-07,7.830e-07,475,260,"3,4",True
float64,20,7.8e-07,7.830e-07,475,260,"3,4",True
float32,20,8.0e-07,8.017e-07,475,260,"3,4",True
float64,20,8.0e-07,8.017e-07,475,260,"3,4",True
float32,20,8.2e-07,8.188e-07,475,260,"3,4",True
float64,20,8.2e-07,8.188e-07,475,260,"3,4",True
float32,20,8.4e-07,8.361e-07,475,260,"3,4",True
float64,20,8.4e-07,8.361e-07,475,260,"3,4",True
float32,20,8.6e-07,8.604e-07,475,260,"3,4",True
float64,20,8.6e-07,8.604e-07,475,260,"3,4",True
float32,20,8.8e-07,8.812e-07,475,260,"3,4",True
float64,20,8.8e-07,8.812e-07,475,260,"3,4",True
float32,20,9.0e-07,8.987e-07,475,260,"3,4",True
float64,20,9.0e-07,8.987e-07,475,260,"3,4",True
float32,20,9.2e-07,9.253e-07,475,260,"3,4",True
float64,20,9.2e-07,9.253e-07,475,260,"3,4",True
float32,20,9.4e-07,9.462e-07,475,260,"3,4",True
float64,20,9.4e-07,9.462e-07,475,260,"3,4",True
float32,20,9.6e-07,9.643e-07,475,260,"3,4",True
float64,20,9.6e-07,9.643e-07,475,260,"3,4",True
float32,20,9.8e-07,9.814e-07,475,260,"3,4",True
float64,20,9.8e-07,9.814e-07,475,260,"3,4",True
float32,20,1.0e-06,1.000e-06,475,260,"3,4",True
float64,20,1.0e-06,1.000e-06,475,260,"3,4",True
