label_uid,label_id,region_id,region_class,pano_id,pano_in_run,capture_date,vintage,months_ours_minus_theirs,human,feed_correct,pano_agree_0.3,world_agree_0.3_2.6m,world_agree_0.3_per-pano,pano_agree_0.55,world_agree_0.55_2.6m,world_agree_0.55_per-pano
gainesville:24921,24921,40,full,DRmINDVp4lZccQxg0tLhPw,True,2023-09,same pano,0,agreed,True,True,False,False,True,False,True
gainesville:24923,24923,40,full,eoU5YNdjuVYPzH3sSdS9ZQ,True,2023-09,same pano,0,agreed,True,False,True,True,False,False,True
gainesville:24925,24925,40,full,eoU5YNdjuVYPzH3sSdS9ZQ,True,2023-09,same pano,0,agreed,True,False,False,False,False,False,False
gainesville:24928,24928,40,full,_oHCPmXrt0djAr5BlicC2w,True,2023-09,same pano,0,agreed,True,True,False,False,True,False,False
gainesville:24930,24930,40,full,_oHCPmXrt0djAr5BlicC2w,True,2023-09,same pano,0,agreed,True,False,False,True,False,False,False
gainesville:24931,24931,40,full,_oHCPmXrt0djAr5BlicC2w,True,2023-09,same pano,0,agreed,True,False,True,False,False,False,False
gainesville:24932,24932,40,full,_oHCPmXrt0djAr5BlicC2w,True,2023-09,same pano,0,agreed,True,True,True,True,True,False,False
gainesville:24937,24937,40,full,8Cl997PGJoURgyn88vdqWw,True,2024-06,same pano,0,agreed,True,True,True,True,True,True,True
gainesville:24938,24938,40,full,8Cl997PGJoURgyn88vdqWw,True,2024-06,same pano,0,agreed,True,True,True,True,False,True,True
gainesville:24941,24941,40,full,Sh0RUWw0GZyWx4wjUVGoCg,True,2024-06,same pano,0,agreed,True,True,False,True,True,True,True
gainesville:24942,24942,40,full,Sh0RUWw0GZyWx4wjUVGoCg,True,2024-06,same pano,0,agreed,True,False,True,True,False,True,True
gainesville:24943,24943,40,full,YYELa1N-gPL5e9q7bUX4Ng,True,2024-06,same pano,0,agreed,True,True,True,True,True,False,False
gainesville:24944,24944,40,full,YYELa1N-gPL5e9q7bUX4Ng,True,2024-06,same pano,0,agreed,True,False,True,True,False,True,True
gainesville:24945,24945,40,full,6EcCUl9LhLXnIT5Y6cDrPg,True,2024-06,same pano,0,agreed,True,False,False,False,False,False,False
gainesville:24976,24976,14,full,8s-u7AKrJ66GR6bnJDgZ0g,True,2018-10,same pano,0,agreed,True,True,True,True,True,True,True
gainesville:24977,24977,14,full,8s-u7AKrJ66GR6bnJDgZ0g,True,2018-10,same pano,0,agreed,True,True,True,True,True,True,False
gainesville:24978,24978,14,full,8s-u7AKrJ66GR6bnJDgZ0g,True,2018-10,same pano,0,agreed,True,True,True,True,True,True,True
gainesville:24994,24994,14,full,4jcSVBC9oGyngar1lr_2vw,True,2024-06,same pano,0,agreed,True,True,True,True,True,True,True
gainesville:24998,24998,20,full,G3CcJbny_NlHH0KtSxeXZA,False,2018-10,newer than ours,-131,agreed,True,,False,False,,False,False
gainesville:24999,24999,20,full,G3CcJbny_NlHH0KtSxeXZA,False,2018-10,newer than ours,-131,agreed,True,,False,False,,False,False
gainesville:25000,25000,14,full,G3CcJbny_NlHH0KtSxeXZA,False,2018-10,newer than ours,-131,agreed,True,,False,False,,False,False
gainesville:25002,25002,14,full,G3CcJbny_NlHH0KtSxeXZA,False,2018-10,newer than ours,-131,agreed,True,,True,True,,False,False
gainesville:25009,25009,14,full,PLa9Z4UKDYwuNG0CXn-sNA,True,2023-09,same pano,0,agreed,True,True,False,False,True,False,False
gainesville:25010,25010,14,full,PLa9Z4UKDYwuNG0CXn-sNA,True,2023-09,same pano,0,agreed,True,False,True,False,False,True,False
gainesville:25011,25011,14,full,PLa9Z4UKDYwuNG0CXn-sNA,True,2023-09,same pano,0,agreed,True,False,False,False,False,False,False
gainesville:25013,25013,14,full,pUNSkyqKUD_zBXBuucwqYg,True,2023-09,same pano,0,agreed,True,True,False,False,True,False,False
gainesville:25014,25014,14,full,pUNSkyqKUD_zBXBuucwqYg,True,2023-09,same pano,0,agreed,True,False,False,False,False,False,False
gainesville:25016,25016,14,full,EPSvua1T9fJnBbNuSvHWXA,True,2023-09,same pano,0,agreed,True,False,True,True,False,True,True
gainesville:25017,25017,14,full,EPSvua1T9fJnBbNuSvHWXA,True,2023-09,same pano,0,agreed,True,False,False,False,False,False,False
gainesville:25019,25019,14,full,TxDF_f7gz9m38HHzW5shIw,True,2023-09,same pano,0,agreed,True,True,True,True,False,True,True
gainesville:25020,25020,14,full,yf_Pz7wdfFyURf5JounISw,True,2023-09,same pano,0,agreed,True,False,True,True,False,False,False
gainesville:25024,25024,14,full,9-QdV6CmUWIoEpUHqtlnNQ,True,2023-09,same pano,0,agreed,True,True,True,True,True,True,True
gainesville:25025,25025,14,full,9-QdV6CmUWIoEpUHqtlnNQ,True,2023-09,same pano,0,agreed,True,False,True,True,False,True,True
gainesville:25027,25027,14,full,Kc72ClK9WhKOW7xqGTxxYg,True,2023-09,same pano,0,agreed,True,False,False,False,False,False,False
gainesville:25028,25028,14,full,L9oXBZPYfgJXnfUwfphhqQ,True,2023-09,same pano,0,agreed,True,False,True,True,False,True,True
gainesville:25029,25029,14,full,L9oXBZPYfgJXnfUwfphhqQ,True,2023-09,same pano,0,agreed,True,False,False,False,False,False,False
gainesville:25031,25031,14,full,Ok75M_ynbe92NAuzx06iRw,True,2023-09,same pano,0,agreed,True,True,False,False,True,False,False
gainesville:25033,25033,14,full,Ok75M_ynbe92NAuzx06iRw,True,2023-09,same pano,0,agreed,True,True,False,False,True,False,False
gainesville:25034,25034,14,full,8RPQY_PI0bvQ8y8iSrkQ1Q,True,2023-09,same pano,0,agreed,True,True,False,False,True,False,False
gainesville:25036,25036,14,full,RYoOlv9qPUkOhrpOUiMs_A,True,2023-09,same pano,0,agreed,True,False,False,False,False,False,False
gainesville:25038,25038,14,full,LgSbwshnisyLZ99EyBTUbw,True,2024-06,same pano,0,agreed,True,True,True,True,True,False,True
gainesville:25039,25039,14,full,U59Ym5i0cijPzhX6Rdjfag,True,2024-06,same pano,0,agreed,True,True,False,False,True,False,False
gainesville:25042,25042,14,full,L6TVc-EyxTHPQaW4ebpRLw,True,2021-03,same pano,0,agreed,True,True,False,False,True,False,False
gainesville:25043,25043,14,full,L6TVc-EyxTHPQaW4ebpRLw,True,2021-03,same pano,0,agreed,True,False,False,False,False,False,False
gainesville:25045,25045,14,full,M8vQFNkT0AkfgV133LJVOA,True,2019-06,same pano,0,agreed,True,True,True,True,True,True,True
gainesville:25046,25046,14,full,M8vQFNkT0AkfgV133LJVOA,True,2019-06,same pano,0,agreed,True,True,False,False,True,False,True
gainesville:25048,25048,14,full,XWhHaUuheK2ypAkTt10B8A,True,2021-03,same pano,0,agreed,True,True,False,False,True,False,False
gainesville:25050,25050,14,full,XWhHaUuheK2ypAkTt10B8A,True,2021-03,same pano,0,agreed,True,True,False,True,True,False,False
gainesville:25078,25078,14,full,EneZBjyW7g9KvZZTuvhW1w,True,2023-09,same pano,0,unvalidated,True,False,True,True,False,False,False
gainesville:25079,25079,14,full,EneZBjyW7g9KvZZTuvhW1w,True,2023-09,same pano,0,unvalidated,True,False,False,False,False,False,False
gainesville:25080,25080,14,full,EneZBjyW7g9KvZZTuvhW1w,True,2023-09,same pano,0,unvalidated,True,False,True,True,False,False,False
gainesville:25081,25081,14,full,EneZBjyW7g9KvZZTuvhW1w,True,2023-09,same pano,0,unvalidated,True,True,True,True,True,True,True
gainesville:25083,25083,14,full,KPnJu6pLFJ-Ueh6vWi57Cw,True,2021-03,same pano,0,unvalidated,,True,True,True,True,True,True
gainesville:25086,25086,14,full,_hDa8yOb2YTfLLq_IJu0AA,True,2021-03,same pano,0,unvalidated,,True,True,True,False,False,False
gainesville:25087,25087,14,full,p_rTIk90sdqEXlHjVefI2Q,True,2026-02,same pano,0,unvalidated,True,True,True,True,True,True,True
gainesville:25088,25088,14,full,p_rTIk90sdqEXlHjVefI2Q,True,2026-02,same pano,0,unvalidated,True,True,True,True,True,True,True
gainesville:25089,25089,14,full,V1S8D5M4XOFegZHyf24pIQ,True,2024-06,same pano,0,unvalidated,True,False,False,True,False,False,True
gainesville:25090,25090,14,full,V1S8D5M4XOFegZHyf24pIQ,True,2024-06,same pano,0,unvalidated,True,False,False,False,False,False,False
gainesville:25091,25091,14,full,9bg2AWwKEvXqKb3gkXKMeg,True,2024-06,same pano,0,unvalidated,True,True,True,True,True,True,True
gainesville:25092,25092,14,full,9bg2AWwKEvXqKb3gkXKMeg,True,2024-06,same pano,0,unvalidated,,True,True,True,True,True,True
gainesville:25094,25094,14,full,KWtBsmHNv9TpKK1Nj0D1Tw,True,2021-03,same pano,0,unvalidated,True,True,False,False,False,False,False
gainesville:25096,25096,14,full,Z-P8jrn3ZS013GTGftdyow,True,2024-06,same pano,0,unvalidated,True,True,True,True,True,True,True
gainesville:25098,25098,14,full,KWtBsmHNv9TpKK1Nj0D1Tw,True,2021-03,same pano,0,unvalidated,True,True,True,True,True,True,True
gainesville:25099,25099,14,full,LDtSK_z0-qWMqoC7ClOVCA,True,2021-03,same pano,0,unvalidated,,True,True,True,True,True,True
gainesville:25102,25102,14,full,yk9cvzkmebLvUEii0Sp9vg,True,2021-03,same pano,0,unvalidated,True,True,True,True,True,True,True
gainesville:25104,25104,14,full,1sJtSEeacs_FarVOaqWOPg,True,2021-03,same pano,0,unvalidated,True,True,True,True,True,True,True
gainesville:25105,25105,14,full,_Tri3g6Yhm0h57NTUnfjKQ,True,2021-03,same pano,0,unvalidated,True,True,True,True,True,True,True
gainesville:25106,25106,14,full,uFZUTOE6d5_olLDqK8-9Sw,True,2021-03,same pano,0,agreed,True,True,True,True,False,True,True
gainesville:25107,25107,14,full,vVbuwFUMe5wvq7vrBhUs4w,True,2021-03,same pano,0,unvalidated,True,True,True,True,True,True,True
gainesville:25108,25108,14,full,vVbuwFUMe5wvq7vrBhUs4w,True,2021-03,same pano,0,unvalidated,True,True,True,True,True,True,True
gainesville:25110,25110,14,full,vVbuwFUMe5wvq7vrBhUs4w,True,2021-03,same pano,0,agreed,True,True,True,True,True,True,True
gainesville:25111,25111,14,full,vVbuwFUMe5wvq7vrBhUs4w,True,2021-03,same pano,0,unvalidated,True,False,False,False,False,False,False
gainesville:25112,25112,59,partial,YXmVXBQx9dO-y5-wV7_5mg,False,2026-03,newer than ours,-1,unvalidated,True,,True,True,,False,False
gainesville:25114,25114,59,partial,YXmVXBQx9dO-y5-wV7_5mg,False,2026-03,same month,0,unvalidated,True,,False,True,,False,True
gainesville:25116,25116,14,full,vXjGpkYEiRy2HF9OJ-obGQ,True,2019-06,same pano,0,unvalidated,True,False,True,True,False,False,False
gainesville:25117,25117,14,full,POXdObLOcC7Ep6CI_9WVaw,True,2019-06,same pano,0,unvalidated,True,False,False,False,False,False,False
gainesville:25118,25118,14,full,ahkMm2Tfqoa-wHFr-jXHCA,True,2019-06,same pano,0,unvalidated,True,True,True,True,True,True,True
gainesville:25120,25120,14,full,9nSTO1JQuSN1jGmRtK4hSg,True,2019-06,same pano,0,unvalidated,True,True,True,True,False,False,True
gainesville:25121,25121,14,full,o260_N49XezoFmG9Y66OTQ,True,2019-06,same pano,0,unvalidated,,False,False,False,False,False,False
gainesville:25122,25122,14,full,o260_N49XezoFmG9Y66OTQ,True,2019-06,same pano,0,disagreed,False,False,False,False,False,False,False
gainesville:25123,25123,14,full,viDRWBy0omJv79Dxv5up-A,True,2019-06,same pano,0,unvalidated,True,False,False,False,False,False,False
gainesville:25125,25125,14,full,viDRWBy0omJv79Dxv5up-A,True,2019-06,same pano,0,unvalidated,True,False,True,True,False,False,False
gainesville:25127,25127,14,full,8dCVTgCdI_5Lq-cixT80ag,True,2019-06,same pano,0,agreed,True,True,True,True,False,False,False
gainesville:25128,25128,14,full,4sqTfeSihrvIeZFJtGJLXA,True,2019-06,same pano,0,unvalidated,True,True,True,True,True,True,True
gainesville:25129,25129,14,full,JLht0z9mFhOvG2DgMEnHhw,True,2019-06,same pano,0,unvalidated,True,True,True,True,True,True,True
gainesville:25130,25130,14,full,JLht0z9mFhOvG2DgMEnHhw,True,2019-06,same pano,0,agreed,True,True,True,True,True,True,True
gainesville:25132,25132,14,full,rKBG2T_-5QdIp5cZKWmQ6Q,True,2018-10,same pano,0,unvalidated,,True,True,True,True,True,True
gainesville:25133,25133,14,full,rKBG2T_-5QdIp5cZKWmQ6Q,True,2018-10,same pano,0,unvalidated,True,True,True,True,True,True,True
gainesville:25134,25134,14,full,IiGTWjLQAwOVaXiMtMqXgA,True,2018-10,same pano,0,unvalidated,True,True,True,True,True,True,True
gainesville:25135,25135,14,full,IiGTWjLQAwOVaXiMtMqXgA,True,2018-10,same pano,0,unvalidated,True,True,True,True,True,True,True
gainesville:25136,25136,14,full,x91KHArvfH-CqnRO_WWoqQ,True,2018-10,same pano,0,unvalidated,,True,True,True,True,True,True
gainesville:25137,25137,14,full,JCyFH_9TJNTN_yp2aDQNEg,True,2018-10,same pano,0,unvalidated,True,True,True,True,True,True,True
gainesville:25138,25138,14,full,jvxleg3jqFj_XSqksE3fSw,True,2018-10,same pano,0,unvalidated,True,True,True,True,True,True,True
gainesville:25139,25139,14,full,jvxleg3jqFj_XSqksE3fSw,True,2018-10,same pano,0,unvalidated,True,True,True,True,True,True,True
gainesville:25140,25140,14,full,5VyXDjMd08mQZjcsEoJQkg,True,2018-10,same pano,0,unvalidated,True,True,True,True,True,True,True
gainesville:25141,25141,14,full,5VyXDjMd08mQZjcsEoJQkg,True,2018-10,same pano,0,unvalidated,,True,True,True,True,True,True
gainesville:25143,25143,14,full,zh6A-0tkjPJYWxdR0N7pCg,True,2018-10,same pano,0,unvalidated,True,True,False,False,True,False,False
gainesville:25144,25144,14,full,zh6A-0tkjPJYWxdR0N7pCg,True,2018-10,same pano,0,unvalidated,True,True,True,True,True,True,True
gainesville:25145,25145,14,full,sRRI4XjopHXwMD-JgDUkOQ,True,2023-09,same pano,0,unvalidated,True,True,True,True,True,True,True
gainesville:25146,25146,14,full,sRRI4XjopHXwMD-JgDUkOQ,True,2023-09,same pano,0,unvalidated,True,True,True,True,True,True,True
gainesville:25148,25148,14,full,h9_vIetX6dThuRWEwZ_uhQ,True,2023-09,same pano,0,agreed,True,False,True,True,False,True,True
gainesville:25149,25149,14,full,h9_vIetX6dThuRWEwZ_uhQ,True,2023-09,same pano,0,unvalidated,,True,True,True,False,False,False
gainesville:25151,25151,14,full,G3CcJbny_NlHH0KtSxeXZA,False,2018-10,newer than ours,-131,unvalidated,True,,True,True,,True,True
gainesville:25154,25154,20,full,V2636zsUjBBBqTkeDunM5w,False,2024-06,same month,0,unvalidated,True,,True,True,,True,True
gainesville:25155,25155,20,full,V2636zsUjBBBqTkeDunM5w,False,2024-06,same month,0,unvalidated,True,,False,False,,False,False
gainesville:25156,25156,14,full,G3CcJbny_NlHH0KtSxeXZA,False,2018-10,newer than ours,-131,unvalidated,True,,False,False,,False,False
gainesville:25157,25157,14,full,DPLIqh4Er6urd5t2QI75NA,True,2024-06,same pano,0,unvalidated,False,False,False,False,False,False,False
gainesville:25158,25158,14,full,DPLIqh4Er6urd5t2QI75NA,True,2024-06,same pano,0,unvalidated,False,False,False,False,False,False,False
gainesville:25161,25161,14,full,GQEiZBMSXmnxJ9eoQZH9HA,True,2024-06,same pano,0,unvalidated,True,False,False,False,False,False,False
gainesville:25162,25162,14,full,N2cuH_ML4RHGsHakmcZc8A,True,2024-06,same pano,0,unvalidated,True,False,False,False,False,False,False
gainesville:25166,25166,14,full,JTBqZ3_oRlP93oJ_5w-CZg,True,2024-06,same pano,0,agreed,True,False,True,True,False,False,False
gainesville:25168,25168,14,full,diKcBmvbCilhbX8a6CTtDg,True,2024-06,same pano,0,unvalidated,True,True,True,True,False,True,True
gainesville:25171,25171,14,full,pCNj52hbkuiADie3qBgG4g,True,2024-06,same pano,0,unvalidated,True,True,True,True,True,True,True
gainesville:25172,25172,14,full,KPnJu6pLFJ-Ueh6vWi57Cw,True,2021-03,same pano,0,agreed,True,False,True,True,False,True,True
gainesville:25173,25173,14,full,iomLClqjC8sjIuJ4VyndPg,True,2021-03,same pano,0,unvalidated,,True,True,True,True,True,True
gainesville:25174,25174,14,full,iomLClqjC8sjIuJ4VyndPg,True,2021-03,same pano,0,unvalidated,True,True,True,True,True,True,True
gainesville:25175,25175,14,full,C2IoMhvmJcklayLkAAHuYQ,True,2021-03,same pano,0,unvalidated,,True,True,True,True,True,True
gainesville:25176,25176,14,full,C2IoMhvmJcklayLkAAHuYQ,True,2021-03,same pano,0,unvalidated,True,True,True,True,False,False,False
gainesville:25177,25177,14,full,dVZiu68hwdQ_t3OHdm09OQ,True,2021-03,same pano,0,unvalidated,,True,True,True,True,True,True
gainesville:25178,25178,14,full,s8d0t1DKuTXVnWzJdQbgZw,True,2021-03,same pano,0,unvalidated,True,True,True,True,True,True,True
gainesville:25179,25179,14,full,w8233RKR1JMhBbiZHztJ6g,True,2021-03,same pano,0,unvalidated,True,True,True,True,False,True,True
gainesville:25180,25180,14,full,w8233RKR1JMhBbiZHztJ6g,True,2021-03,same pano,0,agreed,True,True,True,True,False,True,True
gainesville:25181,25181,14,full,uIrjxdeapg0cEddRhJ-OMg,True,2021-03,same pano,0,unvalidated,True,True,True,True,True,True,True
gainesville:25182,25182,14,full,uIrjxdeapg0cEddRhJ-OMg,True,2021-03,same pano,0,agreed,,True,True,True,False,False,False
gainesville:25183,25183,14,full,K6_5S1tIokqsF2cobaNQ6g,True,2023-09,same pano,0,agreed,True,True,True,True,True,True,True
gainesville:25186,25186,14,full,tlzyhfMJbrZU11dHdpDKjg,True,2023-09,same pano,0,unvalidated,True,True,True,True,False,True,True
gainesville:25187,25187,14,full,RiZSgsnvxYkJPvqlcNpzpA,True,2023-09,same pano,0,unvalidated,True,False,True,True,False,True,True
gainesville:25188,25188,14,full,QT-JEBo4wqEDeiL_sMKGVw,True,2023-09,same pano,0,unvalidated,True,True,True,True,True,True,True
gainesville:25190,25190,14,full,QT-JEBo4wqEDeiL_sMKGVw,True,2023-09,same pano,0,unvalidated,True,True,True,True,True,True,True
gainesville:25191,25191,14,full,MEVMlQGn045cwPsMdBc-Sg,True,2023-09,same pano,0,unvalidated,True,True,True,True,True,True,True
gainesville:25193,25193,14,full,fFJ2KKOJ8JeTLbgwC1D_CA,True,2023-09,same pano,0,unvalidated,True,True,True,True,True,True,True
gainesville:25194,25194,14,full,fFJ2KKOJ8JeTLbgwC1D_CA,True,2023-09,same pano,0,unvalidated,True,True,True,True,True,True,True
gainesville:25196,25196,14,full,fFJ2KKOJ8JeTLbgwC1D_CA,True,2023-09,same pano,0,unvalidated,True,True,True,True,True,True,True
gainesville:25197,25197,40,full,13K9NTVt7XHBuXMUgZWrHQ,True,2023-09,same pano,0,unvalidated,True,True,False,False,True,False,False
gainesville:25199,25199,14,full,13K9NTVt7XHBuXMUgZWrHQ,True,2023-09,same pano,0,unvalidated,True,True,True,True,True,True,True
gainesville:25207,25207,14,full,vwAtv2zvJ4ItKLcAEDQ5vQ,True,2024-06,same pano,0,agreed,True,True,False,False,True,False,False
gainesville:25208,25208,14,full,InNS-I1oou2eMX08p_UdAg,True,2024-06,same pano,0,unvalidated,False,True,True,True,True,False,False
gainesville:25210,25210,14,full,InNS-I1oou2eMX08p_UdAg,True,2024-06,same pano,0,unvalidated,,True,True,True,True,True,True
gainesville:25212,25212,14,full,cm4CJitF9R5kcYEvBCrOww,True,2024-06,same pano,0,unvalidated,True,True,True,True,True,True,True
gainesville:25214,25214,14,full,cm4CJitF9R5kcYEvBCrOww,True,2024-06,same pano,0,unvalidated,True,True,True,True,False,True,True
gainesville:25215,25215,14,full,xx-9Uq3cYuEJZjqT1P7dnQ,True,2024-06,same pano,0,unvalidated,True,True,True,True,True,True,True
gainesville:25217,25217,14,full,xx-9Uq3cYuEJZjqT1P7dnQ,True,2024-06,same pano,0,unvalidated,True,True,True,True,True,True,True
gainesville:25219,25219,14,full,AV1VMBm2NFNhkftuatlaBg,True,2024-06,same pano,0,unvalidated,True,False,True,True,False,True,True
gainesville:25220,25220,14,full,AV1VMBm2NFNhkftuatlaBg,True,2024-06,same pano,0,unvalidated,True,True,True,True,True,True,True
gainesville:25222,25222,14,full,orMHYZcfpk4vTLLG6ciKUA,True,2024-06,same pano,0,unvalidated,True,True,True,True,True,True,True
gainesville:25224,25224,14,full,orMHYZcfpk4vTLLG6ciKUA,True,2024-06,same pano,0,unvalidated,,False,True,True,False,True,True
gainesville:25225,25225,14,full,IjD1fUhVuSxgU2xo0YTziA,True,2024-06,same pano,0,unvalidated,False,True,True,True,True,True,True
gainesville:25227,25227,14,full,IjD1fUhVuSxgU2xo0YTziA,True,2024-06,same pano,0,unvalidated,,True,True,True,False,True,True
gainesville:25230,25230,14,full,ztEmEFczgKO1K8fGFubDQw,True,2024-06,same pano,0,unvalidated,True,True,True,True,True,True,True
gainesville:25232,25232,14,full,ztEmEFczgKO1K8fGFubDQw,True,2024-06,same pano,0,agreed,True,True,True,True,True,True,True
gainesville:25234,25234,14,full,xQCzgna0Z-6e_vXpapsKgg,True,2024-06,same pano,0,agreed,True,True,True,True,True,True,True
gainesville:25235,25235,14,full,xQCzgna0Z-6e_vXpapsKgg,True,2024-06,same pano,0,unvalidated,True,True,True,True,True,True,True
gainesville:25237,25237,40,full,qw4MQDl-Zax3cZQcTgNdNQ,True,2024-06,same pano,0,unvalidated,True,True,True,True,True,True,True
gainesville:25239,25239,14,full,yJLfP5U72UokppCUdxzCAg,False,2026-02,newer than ours,-44,unvalidated,True,,False,True,,False,True
gainesville:25244,25244,14,full,CuqQ9Hp_XDIVPx8yBWF8nA,False,2026-02,same month,0,unvalidated,True,,True,True,,True,True
gainesville:25246,25246,14,full,CuqQ9Hp_XDIVPx8yBWF8nA,False,2026-02,same month,0,unvalidated,True,,False,False,,False,False
gainesville:25247,25247,14,full,CuqQ9Hp_XDIVPx8yBWF8nA,False,2026-02,same month,0,unvalidated,True,,True,True,,True,True
gainesville:25248,25248,14,full,CuqQ9Hp_XDIVPx8yBWF8nA,False,2026-02,same month,0,unvalidated,True,,True,True,,True,True
gainesville:25251,25251,14,full,xLhm-NC8Nmr_Tk8qN-4rtw,False,2026-02,same month,0,unvalidated,True,,True,True,,True,True
gainesville:25252,25252,14,full,xLhm-NC8Nmr_Tk8qN-4rtw,False,2026-02,same month,0,unvalidated,True,,False,False,,False,False
gainesville:25254,25254,14,full,Yf93INQQujSW3QTql67FrQ,True,2026-02,same pano,0,unvalidated,True,True,True,True,True,True,True
gainesville:25255,25255,14,full,Yf93INQQujSW3QTql67FrQ,True,2026-02,same pano,0,unvalidated,,True,True,True,True,True,True
gainesville:25257,25257,14,full,p_rTIk90sdqEXlHjVefI2Q,True,2026-02,same pano,0,unvalidated,,True,True,False,True,True,False
gainesville:25258,25258,14,full,p_rTIk90sdqEXlHjVefI2Q,True,2026-02,same pano,0,unvalidated,True,False,False,False,False,False,False
gainesville:25262,25262,14,full,JQS7ckh-R329DZNLr-MRVA,True,2022-06,same pano,0,unvalidated,True,True,False,False,True,False,False
gainesville:25263,25263,14,full,JQS7ckh-R329DZNLr-MRVA,True,2022-06,same pano,0,unvalidated,True,True,True,True,False,True,True
gainesville:25267,25267,14,full,Lh1ibh4E7jthoqBQu8w20A,True,2021-03,same pano,0,unvalidated,True,True,False,True,True,False,True
gainesville:25270,25270,14,full,Lh1ibh4E7jthoqBQu8w20A,True,2021-03,same pano,0,unvalidated,True,True,True,False,True,True,False
gainesville:25271,25271,20,full,Lh1ibh4E7jthoqBQu8w20A,True,2021-03,same pano,0,unvalidated,True,True,False,True,True,False,True
gainesville:25272,25272,20,full,Lh1ibh4E7jthoqBQu8w20A,True,2021-03,same pano,0,unvalidated,True,True,True,True,True,True,True
gainesville:25276,25276,14,full,JOys4CkMVro8CA_jSEDZwA,True,2023-09,same pano,0,unvalidated,False,False,False,False,False,False,False
gainesville:25277,25277,20,full,FOqjklLiYr4a-71kbKDdxw,False,2024-06,same month,0,unvalidated,True,,False,False,,False,False
gainesville:25279,25279,20,full,FOqjklLiYr4a-71kbKDdxw,False,2024-06,same month,0,unvalidated,True,,False,False,,False,False
gainesville:25280,25280,14,full,XFQbpUPi9DA66w47B8Orgw,False,2024-06,same month,0,unvalidated,True,,True,True,,True,True
gainesville:25282,25282,14,full,XFQbpUPi9DA66w47B8Orgw,False,2024-06,same month,0,unvalidated,True,,True,True,,True,True
gainesville:25283,25283,20,full,ED7lWC7pJhktHUHQYSzezQ,True,2024-06,same pano,0,unvalidated,True,True,True,True,True,True,True
gainesville:25286,25286,14,full,ED7lWC7pJhktHUHQYSzezQ,True,2024-06,same pano,0,agreed,True,True,True,False,True,True,False
gainesville:25288,25288,20,full,5NW4QRJX8mlcP_Fd0Ejpfg,True,2024-06,same pano,0,unvalidated,True,True,False,True,True,False,True
gainesville:25290,25290,20,full,5NW4QRJX8mlcP_Fd0Ejpfg,True,2024-06,same pano,0,unvalidated,True,True,False,False,False,False,False
gainesville:25292,25292,14,full,eN8XOcXHysjHcpwucjsBYw,True,2024-06,same pano,0,unvalidated,True,True,False,False,True,False,False
gainesville:25294,25294,14,full,ppv8rFfG9dnc4-Kj_B6xJQ,True,2023-09,same pano,0,unvalidated,True,True,True,True,False,True,True
gainesville:25296,25296,14,full,Sp-v3aJTN68cywiS84YTQA,True,2019-06,same pano,0,unvalidated,True,True,True,True,True,True,True
gainesville:25298,25298,14,full,Sp-v3aJTN68cywiS84YTQA,True,2019-06,same pano,0,unvalidated,True,True,True,True,True,True,True
gainesville:25299,25299,14,full,vbR3YKQcLYH3NIcROqGBAA,True,2019-06,same pano,0,unvalidated,True,True,True,True,True,True,True
gainesville:25301,25301,14,full,vbR3YKQcLYH3NIcROqGBAA,True,2019-06,same pano,0,agreed,True,True,True,True,True,True,True
gainesville:25302,25302,14,full,oW5q3rJu_8xh5gAQqtYjgA,True,2021-03,same pano,0,unvalidated,True,True,True,False,True,True,True
gainesville:25304,25304,14,full,oW5q3rJu_8xh5gAQqtYjgA,True,2021-03,same pano,0,unvalidated,True,True,True,True,True,True,True
gainesville:25306,25306,14,full,iZNQ6GS0REOYhabViFbVlg,True,2021-03,same pano,0,unvalidated,,True,True,True,True,True,True
gainesville:25308,25308,14,full,iZNQ6GS0REOYhabViFbVlg,True,2021-03,same pano,0,unvalidated,True,True,True,True,True,True,True
gainesville:25312,25312,14,full,uWkh_zNHy_LkeS_yihCuVA,True,2021-03,same pano,0,unvalidated,True,True,True,False,True,True,False
gainesville:25314,25314,14,full,uWkh_zNHy_LkeS_yihCuVA,True,2021-03,same pano,0,unvalidated,True,True,True,True,True,True,True
gainesville:25317,25317,14,full,SbRlZYQklOkdA-BtZwChMw,True,2021-03,same pano,0,unvalidated,True,True,False,False,True,False,False
gainesville:25318,25318,14,full,HS5tDK_XoVVwI9r6ltn8yw,True,2023-09,same pano,0,unvalidated,True,False,True,True,False,True,True
gainesville:25319,25319,14,full,HS5tDK_XoVVwI9r6ltn8yw,True,2023-09,same pano,0,unvalidated,True,False,False,False,False,False,False
gainesville:25321,25321,14,full,FkUZez-GuedEzmWj6R31OA,True,2023-09,same pano,0,unvalidated,True,False,False,False,False,False,False
gainesville:25323,25323,14,full,FkUZez-GuedEzmWj6R31OA,True,2023-09,same pano,0,unvalidated,True,False,False,True,False,False,False
gainesville:25324,25324,14,full,gdgVqlk-j3rQkMI3Iy2Ghw,True,2023-09,same pano,0,unvalidated,True,True,True,True,False,True,True
gainesville:25326,25326,14,full,b_Xzlb0Us-yIgX48plZpDQ,True,2023-09,same pano,0,unvalidated,True,False,True,True,False,True,True
gainesville:25327,25327,14,full,FxO-lSJ1h1POzXWC8DS2Fw,True,2023-09,same pano,0,unvalidated,True,False,False,False,False,False,False
gainesville:25328,25328,14,full,FxO-lSJ1h1POzXWC8DS2Fw,True,2023-09,same pano,0,unvalidated,True,False,False,True,False,True,True
gainesville:25329,25329,20,full,FxO-lSJ1h1POzXWC8DS2Fw,True,2023-09,same pano,0,unvalidated,True,False,True,False,False,True,False
gainesville:25330,25330,20,full,FxO-lSJ1h1POzXWC8DS2Fw,True,2023-09,same pano,0,unvalidated,True,True,True,True,True,True,True
gainesville:25331,25331,20,full,FxO-lSJ1h1POzXWC8DS2Fw,True,2023-09,same pano,0,unvalidated,True,False,True,True,False,True,True
gainesville:25333,25333,20,full,FxO-lSJ1h1POzXWC8DS2Fw,True,2023-09,same pano,0,unvalidated,True,False,False,True,False,False,True
gainesville:25335,25335,14,full,FjhdE79YIItADdBOT_XpxA,True,2023-09,same pano,0,unvalidated,True,True,True,True,True,True,True
gainesville:25337,25337,14,full,FjhdE79YIItADdBOT_XpxA,True,2023-09,same pano,0,unvalidated,True,True,True,True,False,True,True
gainesville:25341,25341,14,full,8S4mS8lr-4tRy_WzOsxoUA,True,2021-03,same pano,0,unvalidated,False,False,False,False,False,False,False
gainesville:25343,25343,59,partial,WmaGYgRbrZB17rK53u39Pg,False,2026-02,1-18 mo older,1,unvalidated,True,,True,True,,False,False
gainesville:25344,25344,59,partial,WmaGYgRbrZB17rK53u39Pg,False,2026-02,same month,0,unvalidated,True,,False,False,,False,False
gainesville:25348,25348,59,partial,2C_ahiQDxM6R1v1cIdwolg,False,2026-02,same month,0,unvalidated,True,,True,True,,True,False
gainesville:25351,25351,59,partial,2C_ahiQDxM6R1v1cIdwolg,False,2026-02,1-18 mo older,1,unvalidated,True,,False,True,,False,False
gainesville:25354,25354,14,full,u1FmpAq9sPo1b88sylmSfg,True,2024-06,same pano,0,unvalidated,True,True,True,True,True,True,True
gainesville:25356,25356,14,full,u1FmpAq9sPo1b88sylmSfg,True,2024-06,same pano,0,unvalidated,True,True,True,True,True,True,True
gainesville:25357,25357,14,full,wwknejWzg-D8_BGUCDvhLQ,True,2024-06,same pano,0,unvalidated,True,False,True,True,False,True,True
gainesville:25359,25359,14,full,gNdwuGhDKK2BpyMX9OBtPg,True,2024-06,same pano,0,agreed,True,False,True,True,False,True,True
gainesville:25360,25360,14,full,siZlZxaOih8SIA53h7LROQ,True,2024-06,same pano,0,unvalidated,True,True,True,True,True,True,True
gainesville:25362,25362,14,full,siZlZxaOih8SIA53h7LROQ,True,2024-06,same pano,0,unvalidated,True,True,True,True,True,True,True
gainesville:25363,25363,14,full,30soEiwVc59q5zbu77vPlQ,True,2024-06,same pano,0,unvalidated,True,True,False,False,True,False,False
gainesville:25365,25365,14,full,30soEiwVc59q5zbu77vPlQ,True,2024-06,same pano,0,unvalidated,,True,True,True,True,True,False
gainesville:25366,25366,14,full,g2YtVi4hMh4EqCtCcuc4Qw,True,2021-03,same pano,0,unvalidated,True,True,True,True,True,True,True
gainesville:25368,25368,14,full,g2YtVi4hMh4EqCtCcuc4Qw,True,2021-03,same pano,0,unvalidated,True,False,True,True,False,False,False
gainesville:25369,25369,14,full,g2YtVi4hMh4EqCtCcuc4Qw,True,2021-03,same pano,0,unvalidated,True,True,True,True,True,True,True
gainesville:25371,25371,14,full,g2YtVi4hMh4EqCtCcuc4Qw,True,2021-03,same pano,0,unvalidated,True,True,True,True,True,True,True
gainesville:25372,25372,14,full,AK7ps6fB7AzowXWEgYlD1A,True,2007-11,same pano,0,unvalidated,True,True,True,True,False,False,False
gainesville:25373,25373,14,full,AK7ps6fB7AzowXWEgYlD1A,True,2007-11,same pano,0,unvalidated,True,False,True,True,False,False,False
gainesville:25374,25374,14,full,PaS_hOH6fdEuPjnYH9cj8A,True,2007-11,same pano,0,unvalidated,True,False,True,True,False,True,True
gainesville:25375,25375,14,full,PaS_hOH6fdEuPjnYH9cj8A,True,2007-11,same pano,0,unvalidated,True,False,False,False,False,False,False
gainesville:25376,25376,32,full,ZYSreeUZxBXN3_ZAvlSHtw,True,2026-02,same pano,0,unvalidated,True,True,False,False,True,False,False
gainesville:25378,25378,32,full,ZYSreeUZxBXN3_ZAvlSHtw,True,2026-02,same pano,0,unvalidated,True,False,False,False,False,False,False
gainesville:25382,25382,32,full,YjMQuKkMVFkDjbk7ZMlN7Q,True,2022-05,same pano,0,unvalidated,,False,True,True,False,True,True
gainesville:25385,25385,32,full,jcjsy30yXNRqJSL2TWDfBQ,True,2025-04,same pano,0,unvalidated,True,True,False,True,True,False,True
gainesville:25386,25386,32,full,jcjsy30yXNRqJSL2TWDfBQ,True,2025-04,same pano,0,agreed,True,True,False,False,True,False,False
gainesville:25390,25390,32,full,jcjsy30yXNRqJSL2TWDfBQ,True,2025-04,same pano,0,unvalidated,True,False,True,False,False,True,False
gainesville:25394,25394,32,full,wRDpK96q5OLjNy_FiyxtOQ,False,2026-02,same month,0,unvalidated,True,,True,False,,False,False
gainesville:25395,25395,32,full,wRDpK96q5OLjNy_FiyxtOQ,False,2026-02,same month,0,unvalidated,True,,True,False,,True,False
gainesville:25406,25406,32,full,b5OPTLzjT6nfdF99GJmf0g,True,2022-05,same pano,0,unvalidated,True,False,False,False,False,False,False
gainesville:25407,25407,32,full,b5OPTLzjT6nfdF99GJmf0g,True,2022-05,same pano,0,unvalidated,True,False,True,True,False,True,True
gainesville:25408,25408,32,full,7E3BUNG1-1sjpiB0fQTU8Q,False,2026-02,same month,0,unvalidated,True,,False,False,,False,False
gainesville:25409,25409,32,full,7E3BUNG1-1sjpiB0fQTU8Q,False,2026-02,same month,0,unvalidated,,,True,True,,False,False
gainesville:25412,25412,32,full,Q6SZYOM9mQfbRb4utgiFvg,False,2026-02,same month,0,unvalidated,True,,True,True,,True,True
gainesville:25414,25414,32,full,Q6SZYOM9mQfbRb4utgiFvg,False,2026-02,newer than ours,-29,unvalidated,True,,False,False,,False,False
gainesville:25420,25420,32,full,aX8s4NSFHmy4_JQ_HFszjw,False,2026-02,newer than ours,-10,unvalidated,True,,False,False,,False,False
gainesville:25423,25423,40,full,aX8s4NSFHmy4_JQ_HFszjw,False,2026-02,newer than ours,-29,unvalidated,True,,False,False,,False,False
gainesville:25427,25427,32,full,5Zf8AvL9FXSVI4Dbw-GlJg,False,2025-04,newer than ours,-25,unvalidated,True,,False,False,,False,False
gainesville:25428,25428,32,full,5Zf8AvL9FXSVI4Dbw-GlJg,False,2025-04,newer than ours,-25,unvalidated,True,,True,True,,True,True
gainesville:25430,25430,32,full,QN0HO6m4wenPT7DzkTCFWw,True,2025-04,same pano,0,unvalidated,True,True,True,True,True,True,True
gainesville:25434,25434,32,full,OxYgaPThgrACWyu1xTyXuw,True,2025-04,same pano,0,unvalidated,True,True,True,True,True,True,True
gainesville:25438,25438,50,full,osBsQaSxdvk60uXbFocrGg,False,2026-02,same month,0,unvalidated,True,,True,False,,True,False
gainesville:25440,25440,32,full,Cr3jUhxOUVnAZjaQem42Zg,False,2026-02,newer than ours,-29,unvalidated,True,,False,False,,False,True
gainesville:25441,25441,32,full,Cr3jUhxOUVnAZjaQem42Zg,False,2026-02,newer than ours,-29,unvalidated,True,,False,False,,False,False
gainesville:25449,25449,32,full,E8KcUceO34kuIj91cYizmw,True,2023-09,same pano,0,unvalidated,True,True,True,True,True,True,True
gainesville:25451,25451,32,full,E8KcUceO34kuIj91cYizmw,True,2023-09,same pano,0,unvalidated,True,True,True,True,True,True,True
gainesville:25453,25453,32,full,zgtUVgI5OmR-ljhG1I8LbA,True,2023-09,same pano,0,unvalidated,True,True,True,False,True,True,True
gainesville:25455,25455,32,full,zgtUVgI5OmR-ljhG1I8LbA,True,2023-09,same pano,0,unvalidated,True,False,False,False,False,True,True
gainesville:25456,25456,32,full,zgtUVgI5OmR-ljhG1I8LbA,True,2023-09,same pano,0,unvalidated,True,False,False,False,False,False,False
gainesville:25458,25458,32,full,zgtUVgI5OmR-ljhG1I8LbA,True,2023-09,same pano,0,unvalidated,,True,False,False,False,False,False
gainesville:25460,25460,32,full,WzbL0PHGQ5oB6ROsvz3XVQ,True,2023-09,same pano,0,unvalidated,True,False,True,True,False,True,True
gainesville:25461,25461,32,full,ytd0yGGjYkt8lg89Mfah3Q,False,2026-02,newer than ours,-29,agreed,True,,True,False,,True,True
gainesville:25463,25463,32,full,ytd0yGGjYkt8lg89Mfah3Q,False,2026-02,same month,0,unvalidated,True,,False,False,,False,True
gainesville:25465,25465,32,full,yutRN4rP_fRsWDiDIJ1u2A,False,2022-05,1-18 mo older,16,unvalidated,True,,True,True,,False,False
gainesville:25468,25468,32,full,yutRN4rP_fRsWDiDIJ1u2A,False,2022-05,1-18 mo older,16,unvalidated,True,,False,False,,False,False
gainesville:25469,25469,32,full,yutRN4rP_fRsWDiDIJ1u2A,False,2022-05,1-18 mo older,16,unvalidated,True,,False,True,,False,False
gainesville:25474,25474,32,full,hoPS7xmJKkckCvlN_i008w,False,2025-04,same month,0,unvalidated,True,,True,True,,True,True
gainesville:25476,25476,32,full,hoPS7xmJKkckCvlN_i008w,False,2025-04,same month,0,agreed,True,,False,False,,False,False
gainesville:25480,25480,32,full,25Bc1Cjkc0HgZxLN6GTaHQ,True,2025-04,same pano,0,unvalidated,True,True,False,False,True,False,False
gainesville:25482,25482,32,full,EM_5p0tfR2P17hIl7xAl4Q,True,2025-04,same pano,0,unvalidated,True,True,True,False,True,True,False
gainesville:25483,25483,32,full,6gjE3Lp78XtUHgULfzTBnw,True,2025-04,same pano,0,unvalidated,True,True,True,True,True,True,True
gainesville:25484,25484,32,full,6gjE3Lp78XtUHgULfzTBnw,True,2025-04,same pano,0,unvalidated,True,True,True,True,True,True,True
gainesville:25486,25486,32,full,nJgbApZNCFlaezdAMiuyCw,True,2025-04,same pano,0,unvalidated,True,True,True,True,True,True,True
gainesville:25487,25487,32,full,nJgbApZNCFlaezdAMiuyCw,True,2025-04,same pano,0,unvalidated,True,True,True,False,True,True,False
gainesville:25491,25491,32,full,tDvG0zgYx9yqM6TR3M-KPQ,False,2026-02,same month,0,unvalidated,True,,False,True,,False,True
gainesville:25492,25492,32,full,tDvG0zgYx9yqM6TR3M-KPQ,False,2026-02,newer than ours,-105,unvalidated,True,,False,True,,False,False
gainesville:25495,25495,32,full,tDvG0zgYx9yqM6TR3M-KPQ,False,2026-02,newer than ours,-105,unvalidated,True,,False,False,,False,True
gainesville:25496,25496,32,full,tDvG0zgYx9yqM6TR3M-KPQ,False,2026-02,same month,0,unvalidated,True,,True,True,,True,True
gainesville:25499,25499,32,full,3tQcU-EsckvHAN3nWo1kRA,False,2025-04,newer than ours,-10,unvalidated,True,,True,True,,True,True
gainesville:25509,25509,40,full,-eElrMB_1p8gy7IXWqtMTA,False,2026-02,newer than ours,-29,unvalidated,True,,True,False,,True,False
gainesville:25511,25511,32,full,hkLxiYd2qwW7spZN_Tpe2g,False,2026-02,same month,0,unvalidated,,,True,False,,True,False
gainesville:25513,25513,32,full,hkLxiYd2qwW7spZN_Tpe2g,False,2026-02,same month,0,unvalidated,True,,True,True,,True,True
gainesville:25514,25514,32,full,Wb_8AyX25NgsA52FHcb6Zw,False,2026-02,same month,0,unvalidated,True,,True,False,,True,False
gainesville:25516,25516,32,full,Wb_8AyX25NgsA52FHcb6Zw,False,2026-02,same month,0,unvalidated,True,,False,False,,False,False
gainesville:25524,25524,32,full,0-U5vp_KZmakKqJ0-AJScQ,True,2026-02,same pano,0,unvalidated,True,True,True,False,False,True,False
gainesville:25527,25527,31,full,0-U5vp_KZmakKqJ0-AJScQ,True,2026-02,same pano,0,unvalidated,,False,False,False,False,False,False
gainesville:25528,25528,32,full,D1Dao4Cd0HOZp9tA3kDjPQ,True,2024-06,same pano,0,unvalidated,True,False,True,True,False,True,True
gainesville:25529,25529,32,full,D1Dao4Cd0HOZp9tA3kDjPQ,True,2024-06,same pano,0,unvalidated,True,True,True,True,False,True,True
gainesville:25535,25535,32,full,13RRsmbgGiWkp5jyHQ-UiQ,True,2023-09,same pano,0,unvalidated,True,True,False,False,False,False,False
gainesville:25538,25538,32,full,13RRsmbgGiWkp5jyHQ-UiQ,True,2023-09,same pano,0,unvalidated,True,True,False,True,True,False,True
gainesville:25541,25541,32,full,13RRsmbgGiWkp5jyHQ-UiQ,True,2023-09,same pano,0,unvalidated,True,False,False,False,False,False,False
gainesville:25544,25544,32,full,13RRsmbgGiWkp5jyHQ-UiQ,True,2023-09,same pano,0,agreed,True,True,False,False,True,False,False
gainesville:25547,25547,32,full,ZSWR26z9_rao_TAEvB4QvA,True,2024-06,same pano,0,unvalidated,True,True,True,True,True,True,True
gainesville:25549,25549,32,full,ZSWR26z9_rao_TAEvB4QvA,True,2024-06,same pano,0,unvalidated,True,True,True,True,True,True,True
gainesville:25552,25552,32,full,Coug0CM2LHBd4Tbz7eH5ig,True,2026-02,same pano,0,unvalidated,True,False,False,False,False,False,False
gainesville:25554,25554,32,full,Coug0CM2LHBd4Tbz7eH5ig,True,2026-02,same pano,0,unvalidated,True,True,False,True,True,False,True
gainesville:25558,25558,32,full,11gqQYwuMNJgSk789fBf1A,True,2026-02,same pano,0,unvalidated,True,False,False,False,False,False,False
gainesville:25559,25559,32,full,11gqQYwuMNJgSk789fBf1A,True,2026-02,same pano,0,unvalidated,True,True,True,True,False,False,True
gainesville:25562,25562,32,full,lQFyhWym7qiPXf7t0LXApw,True,2026-02,same pano,0,unvalidated,True,True,True,False,True,True,False
gainesville:25565,25565,32,full,M-96ZGJ__5ZATRixZRWcxA,True,2026-02,same pano,0,unvalidated,True,True,True,False,True,True,False
gainesville:25569,25569,32,full,7w2ZMk3npNK4tMbcdtdxzw,False,2024-06,19-36 mo older,20,unvalidated,True,,True,True,,True,True
gainesville:25571,25571,32,full,uMwbhOCRVPJi3gwoAFgC2A,False,2024-06,newer than ours,-9,unvalidated,True,,True,True,,True,True
gainesville:25573,25573,32,full,kHX7TcXbc2hoIzeUpO7rtA,False,2024-06,newer than ours,-9,agreed,True,,True,True,,True,True
gainesville:25575,25575,32,full,o-2iZLZAgyswBM_scX5HNw,False,2024-06,newer than ours,-9,unvalidated,True,,True,True,,True,True
gainesville:25576,25576,32,full,o-2iZLZAgyswBM_scX5HNw,False,2024-06,newer than ours,-9,agreed,True,,True,True,,True,True
gainesville:25579,25579,32,full,3K2ToNKqnclCc-DgkVoLZA,False,2024-06,newer than ours,-9,unvalidated,True,,True,True,,True,True
gainesville:25580,25580,32,full,3K2ToNKqnclCc-DgkVoLZA,False,2024-06,newer than ours,-9,unvalidated,True,,True,True,,True,True
gainesville:25581,25581,32,full,8LFY-460lgSjhXcc4m6r1Q,False,2025-04,newer than ours,-19,unvalidated,True,,False,False,,False,False
gainesville:25583,25583,32,full,8LFY-460lgSjhXcc4m6r1Q,False,2025-04,same month,0,unvalidated,True,,False,False,,False,False
gainesville:25587,25587,32,full,VoxixE0-Fq6A5g2OIHeyuw,False,2025-04,same month,0,agreed,True,,True,True,,True,True
gainesville:25589,25589,32,full,QHyffbjhgvXNPVmpMa9h9g,False,2025-04,same month,0,unvalidated,True,,True,False,,True,True
gainesville:25591,25591,32,full,GBrRMa9XTZxlT1vGMKwTxQ,True,2022-05,same pano,0,unvalidated,True,True,True,True,True,True,True
gainesville:25597,25597,32,full,TKRgICaIgj-hwLNZSoyA4w,False,2026-02,same month,0,unvalidated,True,,False,True,,False,True
gainesville:25598,25598,32,full,TKRgICaIgj-hwLNZSoyA4w,False,2026-02,same month,0,unvalidated,True,,True,True,,True,True
gainesville:25599,25599,32,full,NMz20Ut1dGGEGu-xvze0cg,True,2026-02,same pano,0,unvalidated,True,True,False,False,False,False,False
gainesville:25600,25600,32,full,NMz20Ut1dGGEGu-xvze0cg,True,2026-02,same pano,0,agreed,True,True,True,True,True,True,True
gainesville:25601,25601,32,full,P8Rhjpii8n-K5q3M1xhiYg,False,2023-09,same month,0,unvalidated,True,,False,False,,False,False
gainesville:25602,25602,32,full,P8Rhjpii8n-K5q3M1xhiYg,False,2023-09,same month,0,unvalidated,True,,False,False,,False,False
gainesville:25603,25603,20,full,DRxpO14Z_uIeuLM1ag9qFw,False,2026-02,same month,0,unvalidated,True,,False,True,,False,True
gainesville:25604,25604,20,full,DRxpO14Z_uIeuLM1ag9qFw,False,2026-02,same month,0,unvalidated,True,,False,False,,False,False
gainesville:25605,25605,20,full,8LZhSuoVKfL8fTgQ34Dl3A,False,2026-02,same month,0,unvalidated,True,,True,True,,True,True
gainesville:25609,25609,20,full,68qu-sIuNdU37P5EZAGpuQ,False,2026-02,same month,0,unvalidated,True,,True,True,,True,True
gainesville:25614,25614,20,full,_oFVASJvGCNqhnHmCYnI9Q,False,2026-02,newer than ours,-20,unvalidated,True,,True,True,,False,False
gainesville:25618,25618,20,full,ucjUqQgvksebJKe4B-ZvWg,True,2024-06,same pano,0,unvalidated,True,True,True,False,True,True,False
gainesville:25619,25619,14,full,ucjUqQgvksebJKe4B-ZvWg,True,2024-06,same pano,0,unvalidated,True,True,False,False,True,False,False
gainesville:25622,25622,20,full,J3rnf-kwjd6pCDnsenjIlg,True,2024-06,same pano,0,unvalidated,True,True,True,True,True,True,True
gainesville:25624,25624,20,full,7lEZslgDiR8eo4eaZMDzqA,True,2024-06,same pano,0,unvalidated,True,True,True,True,True,True,True
gainesville:25626,25626,20,full,nls8qSW9H8jkYkKmKeh88g,True,2024-06,same pano,0,unvalidated,True,True,True,True,True,True,True
gainesville:25627,25627,20,full,nls8qSW9H8jkYkKmKeh88g,True,2024-06,same pano,0,unvalidated,True,True,True,True,True,True,True
gainesville:25628,25628,14,full,V2636zsUjBBBqTkeDunM5w,False,2024-06,newer than ours,-199,unvalidated,True,,False,False,,False,False
gainesville:25630,25630,20,full,V2636zsUjBBBqTkeDunM5w,False,2024-06,same month,0,unvalidated,True,,True,True,,True,True
gainesville:25632,25632,20,full,V2636zsUjBBBqTkeDunM5w,False,2024-06,same month,0,unvalidated,True,,False,False,,False,False
gainesville:25634,25634,14,full,V2636zsUjBBBqTkeDunM5w,False,2024-06,same month,0,unvalidated,True,,False,False,,False,False
gainesville:25635,25635,20,full,wzrtKf7CCE9do8lf-t2N8g,True,2024-06,same pano,0,unvalidated,True,True,True,False,True,True,False
gainesville:25636,25636,14,full,wzrtKf7CCE9do8lf-t2N8g,True,2024-06,same pano,0,unvalidated,True,False,False,True,False,False,True
gainesville:25640,25640,20,full,9pGF_tiuGn1C_ViiRT_ecw,True,2024-06,same pano,0,unvalidated,True,True,True,True,True,True,True
gainesville:25641,25641,20,full,l6zL33QXndA9TUz0fgEdBw,True,2024-06,same pano,0,unvalidated,True,True,True,True,True,True,True
gainesville:25643,25643,20,full,l6zL33QXndA9TUz0fgEdBw,True,2024-06,same pano,0,unvalidated,True,True,True,True,True,True,True
gainesville:25644,25644,20,full,hcmbNuz-OI7h0Z503uRXnA,True,2023-09,same pano,0,unvalidated,True,False,True,True,False,True,True
gainesville:25646,25646,20,full,hcmbNuz-OI7h0Z503uRXnA,True,2023-09,same pano,0,unvalidated,True,True,True,True,True,True,True
gainesville:25647,25647,14,full,AfcMgUX7S6xQjEboqeZ4og,True,2023-09,same pano,0,unvalidated,True,True,True,True,True,True,True
gainesville:25649,25649,14,full,AfcMgUX7S6xQjEboqeZ4og,True,2023-09,same pano,0,unvalidated,True,False,True,True,False,True,True
gainesville:25652,25652,20,full,4fo6OQU-nHLtnnQb1BQ81A,True,2026-02,same pano,0,unvalidated,True,True,True,True,True,True,True
gainesville:25654,25654,20,full,4fo6OQU-nHLtnnQb1BQ81A,True,2026-02,same pano,0,unvalidated,True,True,True,True,True,True,False
gainesville:25657,25657,20,full,KFbuEd-JZr7D1BCsye46ow,True,2026-02,same pano,0,unvalidated,True,True,True,True,True,True,True
gainesville:25658,25658,20,full,KFbuEd-JZr7D1BCsye46ow,True,2026-02,same pano,0,unvalidated,True,False,False,True,False,True,True
gainesville:25659,25659,20,full,KFbuEd-JZr7D1BCsye46ow,True,2026-02,same pano,0,unvalidated,,True,True,True,False,False,True
gainesville:25660,25660,20,full,x3UZRdCgA-frQhBBFvbMqg,True,2026-02,same pano,0,unvalidated,True,True,True,True,True,True,True
gainesville:25663,25663,20,full,DEcwpQDbD4tTxuYmXB0bEQ,True,2026-02,same pano,0,unvalidated,True,True,True,True,False,True,True
gainesville:25665,25665,20,full,DEcwpQDbD4tTxuYmXB0bEQ,True,2026-02,same pano,0,unvalidated,,False,True,False,False,False,False
gainesville:25666,25666,20,full,lrLyGIUsIDIaM1mXpzEfOw,True,2023-09,same pano,0,unvalidated,True,False,True,True,False,False,False
gainesville:25672,25672,20,full,qYVxfIMPXT2vJjV-tpiJ4A,True,2026-02,same pano,0,unvalidated,True,False,True,True,False,True,True
gainesville:25674,25674,49,full,qYVxfIMPXT2vJjV-tpiJ4A,True,2026-02,same pano,0,unvalidated,True,False,True,True,False,False,False
gainesville:25677,25677,20,full,zkvLUQsfnN-T2c60jbXQEw,False,2026-02,same month,0,agreed,True,,False,False,,False,False
gainesville:25678,25678,20,full,1670RNtSAWxWdNiX2sxzMQ,False,2026-02,same month,0,unvalidated,True,,False,True,,False,True
gainesville:25683,25683,20,full,CW20rMEDZbpG8decnVHJzw,True,2018-10,same pano,0,unvalidated,True,True,True,True,False,True,True
gainesville:25685,25685,20,full,CW20rMEDZbpG8decnVHJzw,True,2018-10,same pano,0,unvalidated,True,True,True,True,True,True,True
gainesville:25686,25686,20,full,x6I6N2CpK2vSQf-v-e1Uow,True,2024-06,same pano,0,unvalidated,True,True,True,True,True,True,True
gainesville:25688,25688,20,full,x6I6N2CpK2vSQf-v-e1Uow,True,2024-06,same pano,0,unvalidated,True,True,True,True,True,True,True
gainesville:25689,25689,20,full,GXazDuYEeXGRk-GcL5-jhQ,True,2024-06,same pano,0,unvalidated,True,True,True,True,True,True,True
gainesville:25691,25691,20,full,GXazDuYEeXGRk-GcL5-jhQ,True,2024-06,same pano,0,unvalidated,True,True,True,True,True,True,True
gainesville:25693,25693,20,full,BF17z-Zcj9I-9Br8PBeNfA,True,2024-06,same pano,0,unvalidated,True,True,True,True,False,True,True
gainesville:25695,25695,20,full,G_ufdV3DIu1Sg5vW8jA-DQ,True,2024-06,same pano,0,unvalidated,,True,True,True,True,True,True
gainesville:25696,25696,20,full,G_ufdV3DIu1Sg5vW8jA-DQ,True,2024-06,same pano,0,unvalidated,True,True,True,True,True,True,True
gainesville:25706,25706,20,full,BgN-ZMZ7e_YuQQ_-KNpW_w,False,2025-04,1-18 mo older,10,unvalidated,True,,True,False,,True,False
gainesville:25707,25707,20,full,j6l6n2-zWEJK8wE3xB_JBQ,False,2025-04,1-18 mo older,10,unvalidated,True,,True,True,,True,True
gainesville:25709,25709,20,full,ybfQE2udwbdcnZvThWmfuQ,False,2025-04,1-18 mo older,10,unvalidated,,,True,True,,True,True
gainesville:25710,25710,20,full,fwmQwuhq6RisP4Fd4MI56w,False,2025-04,1-18 mo older,10,unvalidated,True,,True,True,,True,True
gainesville:25711,25711,20,full,fwmQwuhq6RisP4Fd4MI56w,False,2025-04,1-18 mo older,10,unvalidated,True,,True,True,,True,True
gainesville:25712,25712,14,full,-7xaTUvdJ7DbiKMi1SKOvA,True,2023-09,same pano,0,unvalidated,,False,False,False,False,False,False
gainesville:25714,25714,14,full,-7xaTUvdJ7DbiKMi1SKOvA,True,2023-09,same pano,0,unvalidated,True,True,True,False,True,False,False
gainesville:25715,25715,20,full,-7xaTUvdJ7DbiKMi1SKOvA,True,2023-09,same pano,0,unvalidated,True,False,False,True,False,False,True
gainesville:25716,25716,20,full,-7xaTUvdJ7DbiKMi1SKOvA,True,2023-09,same pano,0,unvalidated,True,True,False,False,True,False,False
gainesville:25718,25718,14,full,b_Xzlb0Us-yIgX48plZpDQ,True,2023-09,same pano,0,unvalidated,True,True,False,False,True,False,False
gainesville:25720,25720,14,full,b_Xzlb0Us-yIgX48plZpDQ,True,2023-09,same pano,0,unvalidated,True,False,False,False,False,False,False
gainesville:25721,25721,14,full,HS5tDK_XoVVwI9r6ltn8yw,True,2023-09,same pano,0,unvalidated,True,False,False,False,False,False,False
gainesville:25723,25723,14,full,HS5tDK_XoVVwI9r6ltn8yw,True,2023-09,same pano,0,unvalidated,True,True,True,True,False,False,False
gainesville:25724,25724,14,full,FkUZez-GuedEzmWj6R31OA,True,2023-09,same pano,0,unvalidated,True,True,True,True,False,False,False
gainesville:25726,25726,14,full,FkUZez-GuedEzmWj6R31OA,True,2023-09,same pano,0,unvalidated,True,False,True,False,False,False,False
gainesville:25727,25727,14,full,0tCpMdbAFhNXWTGT-M6OIg,True,2021-03,same pano,0,unvalidated,True,True,True,True,True,True,True
gainesville:25729,25729,14,full,0tCpMdbAFhNXWTGT-M6OIg,True,2021-03,same pano,0,unvalidated,True,False,True,True,False,True,True
gainesville:25730,25730,14,full,0tCpMdbAFhNXWTGT-M6OIg,True,2021-03,same pano,0,unvalidated,True,True,False,False,False,False,False
gainesville:25731,25731,14,full,0tCpMdbAFhNXWTGT-M6OIg,True,2021-03,same pano,0,unvalidated,True,True,True,True,True,True,True
gainesville:25733,25733,14,full,0DHJarKAtxQhtwN6c7vE_A,True,2023-09,same pano,0,unvalidated,True,False,True,True,False,True,True
gainesville:25735,25735,14,full,0DHJarKAtxQhtwN6c7vE_A,True,2023-09,same pano,0,unvalidated,True,False,False,False,False,False,False
gainesville:25736,25736,14,full,Q5OYPWQPkFL-RB3SSsSeIQ,True,2021-03,same pano,0,unvalidated,True,True,False,True,True,False,True
gainesville:25738,25738,14,full,Q5OYPWQPkFL-RB3SSsSeIQ,True,2021-03,same pano,0,unvalidated,True,False,False,False,False,False,False
gainesville:25739,25739,14,full,Q5OYPWQPkFL-RB3SSsSeIQ,True,2021-03,same pano,0,unvalidated,True,False,True,True,False,False,False
gainesville:25741,25741,14,full,Q5OYPWQPkFL-RB3SSsSeIQ,True,2021-03,same pano,0,unvalidated,True,True,True,True,True,True,True
gainesville:25742,25742,14,full,TP1RAy1MmeU4w6GKQeYSqA,True,2023-09,same pano,0,unvalidated,True,False,True,True,False,False,False
gainesville:25745,25745,14,full,TP1RAy1MmeU4w6GKQeYSqA,True,2023-09,same pano,0,unvalidated,True,True,True,True,True,True,True
gainesville:25746,25746,14,full,-GfnN2shCRmJeeQONuJQMg,True,2023-09,same pano,0,unvalidated,True,False,False,False,False,False,False
gainesville:25748,25748,14,full,-GfnN2shCRmJeeQONuJQMg,True,2023-09,same pano,0,unvalidated,True,False,False,False,False,False,False
gainesville:25750,25750,14,full,hbH-46bTwNo8oYeuHn2hlw,True,2023-09,same pano,0,unvalidated,True,False,False,True,False,False,True
gainesville:25751,25751,14,full,hbH-46bTwNo8oYeuHn2hlw,True,2023-09,same pano,0,unvalidated,True,True,True,True,True,True,True
gainesville:25752,25752,14,full,L9oXBZPYfgJXnfUwfphhqQ,True,2023-09,same pano,0,unvalidated,True,True,False,False,True,False,False
gainesville:25754,25754,14,full,L9oXBZPYfgJXnfUwfphhqQ,True,2023-09,same pano,0,unvalidated,True,True,True,True,True,True,True
gainesville:25755,25755,14,full,pd6fpDlUIos1NnWy1Ap8ew,True,2023-09,same pano,0,unvalidated,True,True,True,True,True,True,True
gainesville:25756,25756,14,full,pd6fpDlUIos1NnWy1Ap8ew,True,2023-09,same pano,0,unvalidated,True,True,True,True,True,True,True
gainesville:25758,25758,14,full,RYoOlv9qPUkOhrpOUiMs_A,True,2023-09,same pano,0,agreed,True,True,True,True,True,True,True
gainesville:25759,25759,14,full,RYoOlv9qPUkOhrpOUiMs_A,True,2023-09,same pano,0,unvalidated,,True,True,True,True,True,True
gainesville:25761,25761,14,full,F8i5CYXQ7YztGYmtpnE4CQ,True,2023-09,same pano,0,unvalidated,True,False,False,True,False,False,True
gainesville:25762,25762,14,full,U59Ym5i0cijPzhX6Rdjfag,True,2024-06,same pano,0,unvalidated,True,False,False,True,False,True,True
gainesville:25764,25764,14,full,wl_ttODFOGCc3SKDzi9hAA,True,2024-06,same pano,0,unvalidated,,False,False,False,False,False,False
gainesville:25765,25765,14,full,wl_ttODFOGCc3SKDzi9hAA,True,2024-06,same pano,0,unvalidated,True,True,False,False,True,False,False
gainesville:25767,25767,14,full,vDODGzJYCFKhNkCjfqyq3g,True,2024-06,same pano,0,agreed,True,False,False,False,False,False,False
gainesville:25772,25772,150,full,4gu1uYT-DB26LBhUUtdYbQ,False,2025-04,newer than ours,-121,unvalidated,True,,True,True,,True,True
gainesville:25773,25773,150,full,4gu1uYT-DB26LBhUUtdYbQ,False,2025-04,newer than ours,-121,unvalidated,True,,True,True,,True,True
gainesville:25774,25774,150,full,GnKQFl64wa726qwOuos5sw,False,2026-02,same month,0,unvalidated,True,,True,True,,True,True
gainesville:25776,25776,150,full,GnKQFl64wa726qwOuos5sw,False,2026-02,same month,0,unvalidated,True,,True,True,,True,True
gainesville:25782,25782,150,full,QUvqwAWxwUHAYpfcM_h8Zg,False,2025-04,same month,0,agreed,True,,True,True,,False,True
gainesville:25792,25792,150,full,MglX36FxahCbX_rHbx9xCA,True,2007-12,same pano,0,unvalidated,True,False,False,False,False,False,False
gainesville:25794,25794,150,full,GsQgSNwDYfjnQlP4vyhHUA,True,2015-04,same pano,0,unvalidated,True,True,True,True,True,True,True
gainesville:25796,25796,150,full,GsQgSNwDYfjnQlP4vyhHUA,True,2015-04,same pano,0,unvalidated,True,True,True,True,True,True,True
gainesville:25798,25798,150,full,gSvNiZvkhV7q2MqFjNcfaA,False,2025-04,1-18 mo older,9,unvalidated,True,,True,True,,True,True
gainesville:25799,25799,150,full,TYCAmznJcXCF6pHoJwn23g,False,2025-04,newer than ours,-19,unvalidated,True,,True,True,,True,True
gainesville:25810,25810,150,full,motyDfjtAA_k283iwzyGEg,False,2025-04,1-18 mo older,10,unvalidated,True,,True,True,,True,True
gainesville:25812,25812,150,full,motyDfjtAA_k283iwzyGEg,False,2025-04,1-18 mo older,10,unvalidated,True,,True,True,,True,True
gainesville:25832,25832,150,full,V8BR93329T1hWVVCAKLEsw,False,2024-06,19-36 mo older,20,unvalidated,False,,False,True,,False,False
gainesville:25833,25833,150,full,V8BR93329T1hWVVCAKLEsw,False,2024-06,19-36 mo older,20,unvalidated,True,,True,True,,True,True
gainesville:25844,25844,150,full,2INrS90e1YuTfrBQIxQ_tQ,True,2022-05,same pano,0,unvalidated,True,False,True,True,False,True,True
gainesville:25846,25846,150,full,2INrS90e1YuTfrBQIxQ_tQ,True,2022-05,same pano,0,unvalidated,True,True,True,False,False,True,False
gainesville:25847,25847,21,full,2INrS90e1YuTfrBQIxQ_tQ,True,2022-05,same pano,0,unvalidated,True,False,False,True,False,False,True
gainesville:25849,25849,21,full,2INrS90e1YuTfrBQIxQ_tQ,True,2022-05,same pano,0,unvalidated,True,True,True,True,True,True,True
gainesville:25851,25851,150,full,AWtNal4bQhs6UE1A91k-XA,False,2026-02,same month,0,agreed,True,,True,True,,False,True
gainesville:25852,25852,150,full,AWtNal4bQhs6UE1A91k-XA,False,2026-02,same month,0,unvalidated,,,False,False,,False,False
gainesville:25853,25853,56,full,AWtNal4bQhs6UE1A91k-XA,False,2026-02,same month,0,unvalidated,False,,False,True,,False,True
gainesville:25854,25854,56,full,AWtNal4bQhs6UE1A91k-XA,False,2026-02,same month,0,unvalidated,True,,True,False,,True,False
gainesville:25860,25860,150,full,DcsWbiZQFxULkrbxTUq7tA,True,2018-10,same pano,0,unvalidated,True,True,False,False,True,False,False
gainesville:25862,25862,150,full,DcsWbiZQFxULkrbxTUq7tA,True,2018-10,same pano,0,unvalidated,True,True,True,True,True,True,True
gainesville:25885,25885,150,full,BzJUxAZcdXH30HYb-1ILbA,True,2022-05,same pano,0,unvalidated,True,True,True,True,True,True,True
gainesville:25887,25887,150,full,BzJUxAZcdXH30HYb-1ILbA,True,2022-05,same pano,0,unvalidated,True,False,True,True,False,True,True
gainesville:25890,25890,150,full,yw2fRzuVCnpZqV-64QFr6g,True,2026-02,same pano,0,unvalidated,False,False,False,True,False,False,True
gainesville:25892,25892,150,full,A3QBPZN7SxEZ7C5d8IEMvg,True,2026-02,same pano,0,unvalidated,True,False,True,True,False,True,False
gainesville:25908,25908,150,full,sPa51wqO7SqMLzd4-HdANQ,True,2024-06,same pano,0,unvalidated,True,True,True,True,True,True,True
gainesville:25910,25910,150,full,sPa51wqO7SqMLzd4-HdANQ,True,2024-06,same pano,0,unvalidated,True,True,True,True,True,True,True
gainesville:25928,25928,150,full,kzJ3sYG4GvbevVMpm69ajQ,True,2023-09,same pano,0,unvalidated,True,True,False,True,True,False,True
gainesville:25930,25930,150,full,kzJ3sYG4GvbevVMpm69ajQ,True,2023-09,same pano,0,unvalidated,True,True,False,True,True,False,True
gainesville:25933,25933,150,full,oM9x_-oOYk9e88zU1iTe8g,False,2026-02,same month,0,unvalidated,True,,True,True,,False,True
gainesville:25934,25934,150,full,_yrvd0upvp8jgVDH_6utFQ,False,2026-02,newer than ours,-45,unvalidated,True,,True,True,,True,True
gainesville:25935,25935,150,full,iWvnshwXyJI_-xYzRyQDog,False,2026-02,same month,0,unvalidated,True,,True,True,,True,True
gainesville:25936,25936,150,full,iWvnshwXyJI_-xYzRyQDog,False,2026-02,same month,0,unvalidated,True,,True,True,,True,True
gainesville:25938,25938,150,full,0cWO4C7dSuCTNKO2W4TLNw,True,2025-04,same pano,0,unvalidated,False,True,True,True,True,True,True
gainesville:25939,25939,150,full,yELzZO9_N1154ENnqiEJfg,True,2025-04,same pano,0,unvalidated,True,True,True,True,False,False,False
gainesville:25942,25942,150,full,aFxfy9u9aKTqYzi-DeVaUg,True,2025-04,same pano,0,unvalidated,True,True,True,True,True,True,True
gainesville:25943,25943,150,full,aFxfy9u9aKTqYzi-DeVaUg,True,2025-04,same pano,0,unvalidated,,True,True,True,True,True,True
gainesville:25948,25948,150,full,HQ1Cmlws0-sPwE4wsZr-fw,False,2025-04,1-18 mo older,10,unvalidated,True,,False,True,,False,True
gainesville:25949,25949,150,full,HAD7VhN2MFbfT5AiQr_3cg,False,2025-04,1-18 mo older,10,unvalidated,True,,False,False,,False,False
gainesville:25950,25950,150,full,HQ1Cmlws0-sPwE4wsZr-fw,False,2025-04,1-18 mo older,10,unvalidated,True,,False,True,,False,False
gainesville:25953,25953,58,full,HAD7VhN2MFbfT5AiQr_3cg,False,2025-04,1-18 mo older,10,unvalidated,True,,False,True,,False,True
gainesville:25955,25955,23,full,HQ1Cmlws0-sPwE4wsZr-fw,False,2025-04,1-18 mo older,9,unvalidated,True,,False,False,,False,True
gainesville:25956,25956,23,full,HQ1Cmlws0-sPwE4wsZr-fw,False,2025-04,1-18 mo older,9,unvalidated,True,,False,True,,False,True
gainesville:25959,25959,150,full,OFRsAeSD7yUtYOhHsJPIKg,False,2025-04,newer than ours,-25,unvalidated,True,,True,True,,True,True
gainesville:25960,25960,58,full,HQ1Cmlws0-sPwE4wsZr-fw,False,2025-04,1-18 mo older,10,unvalidated,True,,False,False,,False,False
gainesville:25962,25962,150,full,ZlNl332tw06LCw5G1nkIRQ,False,2025-04,1-18 mo older,10,unvalidated,True,,True,True,,True,True
gainesville:25963,25963,150,full,ZlNl332tw06LCw5G1nkIRQ,False,2025-04,1-18 mo older,10,unvalidated,True,,True,False,,False,False
gainesville:26009,26009,150,full,clookYAWygItY7HJnPMlTg,True,2024-06,same pano,0,unvalidated,True,True,True,False,True,True,False
gainesville:26010,26010,150,full,clookYAWygItY7HJnPMlTg,True,2024-06,same pano,0,unvalidated,True,True,True,False,True,True,False
gainesville:26012,26012,150,full,qiVdf57IgHq1lBNep5RGRg,False,2025-04,1-18 mo older,10,unvalidated,True,,True,True,,True,True
gainesville:26013,26013,150,full,31qDTr878qHf2mf7Hgrqzg,True,2025-04,same pano,0,unvalidated,True,True,True,True,True,True,True
gainesville:26018,26018,150,full,aZV3ujWAw0q2CjNULZH1MA,False,2025-04,1-18 mo older,10,unvalidated,True,,True,True,,True,True
gainesville:26023,26023,31,full,ALRwktry_QAY7LSnRDzuug,True,2025-04,same pano,0,unvalidated,True,False,False,True,False,False,True
gainesville:26024,26024,31,full,ALRwktry_QAY7LSnRDzuug,True,2025-04,same pano,0,unvalidated,True,False,False,True,False,False,True
gainesville:26027,26027,31,full,jlXyL6xfHnd6aTMHD0ltxw,True,2026-02,same pano,0,unvalidated,,False,True,True,False,True,True
gainesville:26031,26031,150,full,9SdLRtRjPeHA7OlwRR9fcA,True,2026-02,same pano,0,unvalidated,True,False,False,False,False,False,False
gainesville:26032,26032,150,full,9SdLRtRjPeHA7OlwRR9fcA,True,2026-02,same pano,0,unvalidated,True,True,True,True,False,True,False
gainesville:26034,26034,150,full,9SdLRtRjPeHA7OlwRR9fcA,True,2026-02,same pano,0,unvalidated,True,True,True,True,True,True,False
gainesville:26035,26035,150,full,6h1zBchJtupM6SlYHS6pkg,False,2026-02,same month,0,unvalidated,True,,True,True,,True,True
gainesville:26036,26036,150,full,6h1zBchJtupM6SlYHS6pkg,False,2026-02,same month,0,unvalidated,True,,True,True,,True,True
gainesville:26037,26037,150,full,lujmoVZyRJxk7Nh0KEmZHw,False,2026-02,same month,0,unvalidated,True,,True,True,,True,True
gainesville:26038,26038,150,full,lujmoVZyRJxk7Nh0KEmZHw,False,2026-02,same month,0,unvalidated,True,,True,True,,True,True
gainesville:26039,26039,150,full,K_2XBkXeWUPHYzEXOV-niQ,False,2026-02,newer than ours,-88,unvalidated,True,,True,True,,True,True
gainesville:26040,26040,150,full,K_2XBkXeWUPHYzEXOV-niQ,False,2026-02,newer than ours,-88,unvalidated,True,,True,True,,True,True
gainesville:26041,26041,150,full,s-BPqgv3IDIdeO_ehlr-9Q,False,2026-02,same month,0,unvalidated,True,,False,True,,False,True
gainesville:26042,26042,150,full,s-BPqgv3IDIdeO_ehlr-9Q,False,2026-02,same month,0,unvalidated,False,,True,True,,True,True
gainesville:26064,26064,150,full,8FezZADfMAZ_IwhAKXMUwA,False,2026-02,same month,0,unvalidated,True,,True,True,,True,True
gainesville:26070,26070,150,full,uFzn5XfVyTfS1PO93FEfxA,False,2026-02,newer than ours,-20,unvalidated,True,,False,False,,False,False
gainesville:26071,26071,150,full,uFzn5XfVyTfS1PO93FEfxA,False,2026-02,same month,0,unvalidated,True,,False,False,,False,False
gainesville:26073,26073,150,full,LsBLIrERrhnYnNNyjAmcyg,True,2025-04,same pano,0,unvalidated,True,True,True,True,False,True,True
gainesville:26074,26074,150,full,LsBLIrERrhnYnNNyjAmcyg,True,2025-04,same pano,0,unvalidated,True,False,True,True,False,True,True
gainesville:26079,26079,150,full,9dFxNEBSfWcKjxiFTfjrMw,False,2026-02,same month,0,unvalidated,,,True,True,,True,False
gainesville:26080,26080,150,full,9dFxNEBSfWcKjxiFTfjrMw,False,2026-02,same month,0,unvalidated,True,,True,True,,True,True
gainesville:26398,26398,150,full,9reSmMrjUf5DxuYU7G_QkA,True,2026-01,same pano,0,unvalidated,True,True,True,False,True,True,False
gainesville:26400,26400,150,full,9reSmMrjUf5DxuYU7G_QkA,True,2026-01,same pano,0,unvalidated,True,True,False,True,True,False,True
gainesville:26403,26403,23,full,45sRY4P8JGrsPcd8isxEXg,False,2026-01,newer than ours,-19,unvalidated,True,,True,False,,True,False
gainesville:26404,26404,23,full,45sRY4P8JGrsPcd8isxEXg,False,2026-01,newer than ours,-19,unvalidated,True,,False,False,,False,False
gainesville:26408,26408,23,full,gUzg-b2-5SiuUtJBO1wCVw,True,2026-01,same pano,0,unvalidated,True,True,True,True,True,True,True
gainesville:26409,26409,23,full,gUzg-b2-5SiuUtJBO1wCVw,True,2026-01,same pano,0,unvalidated,True,False,True,False,False,False,False
gainesville:26416,26416,150,full,UCfCMP9jpwkpP13PmbQGPA,False,2026-01,same month,0,unvalidated,True,,False,False,,False,False
gainesville:26417,26417,150,full,UCfCMP9jpwkpP13PmbQGPA,False,2026-01,same month,0,unvalidated,True,,False,False,,False,False
gainesville:26419,26419,150,full,9Co0AmYm34wFf1WezgZr6Q,False,2026-01,same month,0,unvalidated,True,,True,True,,True,True
gainesville:26421,26421,150,full,9Co0AmYm34wFf1WezgZr6Q,False,2026-01,same month,0,unvalidated,True,,True,True,,False,True
gainesville:26422,26422,150,full,gPjThOnaMqT6igbwZd6LGw,False,2026-01,same month,0,unvalidated,True,,False,True,,False,True
gainesville:26424,26424,150,full,gVyr_wn9bbtBCbkQRTmfsg,True,2026-01,same pano,0,unvalidated,True,False,True,True,False,False,False
gainesville:26452,26452,150,full,tJZFEYpOGZIE5QatQNYp-w,False,2026-02,newer than ours,-10,unvalidated,True,,True,True,,True,True
gainesville:26454,26454,150,full,D6t7UvTu7dkFO5qthxQe8g,False,2023-03,newer than ours,-24,unvalidated,True,,True,True,,True,True
gainesville:26457,26457,150,full,tJZFEYpOGZIE5QatQNYp-w,False,2026-02,newer than ours,-10,unvalidated,True,,False,False,,False,False
gainesville:26458,26458,150,full,tJZFEYpOGZIE5QatQNYp-w,False,2026-02,newer than ours,-10,agreed,True,,False,False,,False,False
gainesville:26460,26460,21,full,3v5kY_Bp4UroCABvytAjaw,True,2026-02,same pano,0,unvalidated,True,False,True,True,False,True,False
gainesville:26464,26464,150,full,-gbLyNiWuuJX35PB3a288A,False,2025-04,1-18 mo older,10,unvalidated,True,,True,True,,True,True
gainesville:26465,26465,150,full,NdjN5CV-lnpNw4pqZc0SJQ,False,2025-04,1-18 mo older,10,unvalidated,True,,True,True,,True,True
gainesville:26466,26466,150,full,QfjPOgRp3q1fxbSIZ__xvQ,True,2025-04,same pano,0,unvalidated,True,True,True,True,False,True,True
gainesville:26467,26467,150,full,W4xcOJo08tcSY8iznvbUMg,True,2025-04,same pano,0,unvalidated,True,True,True,True,False,True,True
gainesville:26469,26469,150,full,ng-jxiYgjs6IHh_dj_Sigg,False,2023-09,19-36 mo older,19,unvalidated,True,,True,True,,True,True
gainesville:26471,26471,150,full,RaTVy1oSzAX_KHNkELbvVg,False,2025-04,newer than ours,-19,unvalidated,True,,True,True,,True,True
gainesville:26472,26472,150,full,du2HdIfVfwm8gt0q49KPMA,True,2025-04,same pano,0,unvalidated,True,True,True,True,True,True,True
gainesville:26474,26474,150,full,UDQ9xAM2p1jScn6ICWZjfg,True,2025-04,same pano,0,unvalidated,True,True,True,True,True,True,True
gainesville:26478,26478,150,full,D10b4diGaDKktheYjNm-nw,False,2026-01,same month,0,unvalidated,True,,True,True,,False,False
gainesville:26479,26479,150,full,gyJGzGKOKlhRq7acA91TsQ,False,2026-01,same month,0,unvalidated,,,False,False,,False,False
gainesville:26480,26480,56,full,1EwFto_RaWP4rEL8Nv_qbQ,False,2026-02,same month,0,unvalidated,True,,True,True,,True,True
gainesville:26482,26482,21,full,1EwFto_RaWP4rEL8Nv_qbQ,False,2026-02,same month,0,unvalidated,,,True,True,,False,False
gainesville:26483,26483,21,full,OWpvs0ISvyCtkGzN1eOSJw,False,2026-02,same month,0,unvalidated,True,,False,True,,False,True
gainesville:26580,26580,40,full,XPUkfNJfpsJMMU0Au37RSg,True,2026-02,same pano,0,unvalidated,True,True,False,False,True,False,False
gainesville:26583,26583,32,full,EiXoglrvklzXnFRbBJGXRw,True,2026-02,same pano,0,unvalidated,True,True,False,False,False,False,False
gainesville:26585,26585,40,full,Jb7RUgbhNl-B32FlaEOgQQ,True,2024-06,same pano,0,unvalidated,True,True,True,True,True,True,True
gainesville:26586,26586,40,full,AQk90VZhmb15sFSXvsPTOw,True,2026-02,same pano,0,unvalidated,True,True,True,False,True,True,False
gainesville:26591,26591,32,full,EM_5p0tfR2P17hIl7xAl4Q,True,2025-04,same pano,0,unvalidated,True,True,False,False,False,False,False
gainesville:26593,26593,32,full,EM_5p0tfR2P17hIl7xAl4Q,True,2025-04,same pano,0,unvalidated,True,True,False,False,True,False,False
gainesville:26595,26595,32,full,EM_5p0tfR2P17hIl7xAl4Q,True,2025-04,same pano,0,unvalidated,True,False,False,True,False,False,True
gainesville:26596,26596,32,full,EM_5p0tfR2P17hIl7xAl4Q,True,2025-04,same pano,0,unvalidated,True,True,False,False,True,False,False
gainesville:26600,26600,40,full,3gf2V7FfrBSzCUvI-EFDrA,True,2023-09,same pano,0,unvalidated,True,True,True,True,True,True,True
gainesville:26602,26602,40,full,3gf2V7FfrBSzCUvI-EFDrA,True,2023-09,same pano,0,unvalidated,True,True,True,True,True,True,True
gainesville:26603,26603,40,full,3gf2V7FfrBSzCUvI-EFDrA,True,2023-09,same pano,0,unvalidated,True,False,False,False,False,False,False
gainesville:26604,26604,40,full,3gf2V7FfrBSzCUvI-EFDrA,True,2023-09,same pano,0,unvalidated,True,True,True,True,False,True,True
gainesville:26607,26607,40,full,101X6uS2S_NCDJGhcavDyw,True,2024-06,same pano,0,unvalidated,True,True,False,False,True,False,False
gainesville:26608,26608,40,full,101X6uS2S_NCDJGhcavDyw,True,2024-06,same pano,0,unvalidated,True,False,True,True,False,True,True
gainesville:26612,26612,40,full,dXNmCM3bRYfsvQ7xPivHaw,True,2024-06,same pano,0,agreed,True,True,True,True,True,True,True
gainesville:26614,26614,40,full,dXNmCM3bRYfsvQ7xPivHaw,True,2024-06,same pano,0,unvalidated,True,True,True,True,True,True,True
gainesville:26617,26617,40,full,Ev_tU992D4JBZVfW430I2A,True,2024-06,same pano,0,unvalidated,True,True,False,False,True,False,False
gainesville:26620,26620,40,full,Ev_tU992D4JBZVfW430I2A,True,2024-06,same pano,0,unvalidated,True,False,True,True,False,True,True
gainesville:26626,26626,40,full,JBXRT6dzUilSXvG_ufkM1A,True,2023-09,same pano,0,unvalidated,,False,True,True,False,False,False
gainesville:26628,26628,20,full,lrLyGIUsIDIaM1mXpzEfOw,True,2023-09,same pano,0,unvalidated,True,False,False,False,False,False,False
gainesville:26630,26630,20,full,lrLyGIUsIDIaM1mXpzEfOw,True,2023-09,same pano,0,unvalidated,,False,True,True,False,True,True
gainesville:26631,26631,40,full,nIFedV7aCPGF5VqPtcODKQ,True,2023-09,same pano,0,unvalidated,True,True,True,True,False,False,False
gainesville:26632,26632,40,full,nIFedV7aCPGF5VqPtcODKQ,True,2023-09,same pano,0,unvalidated,True,False,True,True,False,True,False
gainesville:26633,26633,40,full,epkMz6gddfWgtsr1TlWR6w,True,2023-09,same pano,0,unvalidated,True,True,True,True,True,True,True
gainesville:26634,26634,40,full,epkMz6gddfWgtsr1TlWR6w,True,2023-09,same pano,0,unvalidated,True,True,True,True,True,True,True
gainesville:26635,26635,40,full,X7Z2H8dVkN__y3GYBVzuWQ,True,2023-09,same pano,0,unvalidated,True,True,True,True,True,True,True
gainesville:26636,26636,40,full,X7Z2H8dVkN__y3GYBVzuWQ,True,2023-09,same pano,0,unvalidated,True,True,True,True,True,True,True
gainesville:26637,26637,40,full,R4XKnNg0LUnWs_AzhHZwZw,True,2023-09,same pano,0,unvalidated,True,True,True,True,True,True,True
gainesville:26638,26638,40,full,R4XKnNg0LUnWs_AzhHZwZw,True,2023-09,same pano,0,agreed,True,True,True,True,True,True,True
gainesville:26641,26641,40,full,c-0PfBcDcrHU_jkrswIMIA,True,2023-09,same pano,0,unvalidated,,True,True,True,True,True,True
gainesville:26643,26643,40,full,c-0PfBcDcrHU_jkrswIMIA,True,2023-09,same pano,0,unvalidated,True,True,True,True,True,True,True
gainesville:26644,26644,40,full,O_Uo5GOaNSOAANNu-6rkZA,True,2023-09,same pano,0,unvalidated,True,True,True,True,True,True,True
gainesville:26645,26645,40,full,atNRAOdJgOa6p2TO6a1fmA,True,2023-09,same pano,0,unvalidated,,True,True,True,True,True,True
gainesville:26646,26646,40,full,aO4k0cEnx85w5QGLnR69Pw,True,2023-09,same pano,0,unvalidated,True,True,True,True,True,True,True
gainesville:26647,26647,40,full,aO4k0cEnx85w5QGLnR69Pw,True,2023-09,same pano,0,unvalidated,True,True,True,True,True,True,True
gainesville:26648,26648,40,full,aO4k0cEnx85w5QGLnR69Pw,True,2023-09,same pano,0,unvalidated,,False,True,True,False,True,True
gainesville:26650,26650,40,full,zBUs9y0PgkqTt7fYbuWPQw,True,2023-09,same pano,0,unvalidated,,False,True,True,False,True,True
gainesville:26652,26652,40,full,zBUs9y0PgkqTt7fYbuWPQw,True,2023-09,same pano,0,unvalidated,,False,True,True,False,True,True
gainesville:26653,26653,40,full,u1narSSfxDXYTNylyf3i8A,True,2017-02,same pano,0,unvalidated,True,True,True,True,False,False,True
gainesville:26656,26656,40,full,u1narSSfxDXYTNylyf3i8A,True,2017-02,same pano,0,unvalidated,True,True,True,True,True,True,True
gainesville:26658,26658,40,full,u1narSSfxDXYTNylyf3i8A,True,2017-02,same pano,0,unvalidated,True,True,True,True,True,True,True
gainesville:26659,26659,40,full,Zd5tkZV61xR9J6rixxqeDQ,True,2023-09,same pano,0,unvalidated,True,True,True,True,True,True,True
gainesville:26660,26660,40,full,Zd5tkZV61xR9J6rixxqeDQ,True,2023-09,same pano,0,unvalidated,True,False,True,True,False,True,True
gainesville:26662,26662,40,full,VNfnHIHXw6X9TwszOMB5wA,False,2018-10,same month,0,unvalidated,True,,True,True,,True,True
gainesville:26663,26663,40,full,VNfnHIHXw6X9TwszOMB5wA,False,2018-10,same month,0,unvalidated,True,,True,True,,True,True
gainesville:26665,26665,40,full,TYQkUClNvk7DDJIfMl2rwg,True,2026-02,same pano,0,unvalidated,,False,False,False,False,False,False
gainesville:26669,26669,16,full,TYQkUClNvk7DDJIfMl2rwg,True,2026-02,same pano,0,unvalidated,True,True,True,True,True,True,True
gainesville:26673,26673,16,full,TYQkUClNvk7DDJIfMl2rwg,True,2026-02,same pano,0,unvalidated,True,True,True,True,True,True,True
gainesville:26674,26674,40,full,fDiLDOv6MJeE0XrlkleUow,True,2026-02,same pano,0,unvalidated,True,True,True,True,True,False,True
gainesville:26676,26676,40,full,fDiLDOv6MJeE0XrlkleUow,True,2026-02,same pano,0,unvalidated,True,True,True,True,True,True,True
gainesville:26678,26678,40,full,iSxIjOtobmzK2zZ3t8T4CQ,True,2026-02,same pano,0,unvalidated,True,True,False,False,True,False,False
gainesville:26681,26681,40,full,iSxIjOtobmzK2zZ3t8T4CQ,True,2026-02,same pano,0,unvalidated,True,True,False,True,True,False,True
gainesville:26683,26683,16,full,iSxIjOtobmzK2zZ3t8T4CQ,True,2026-02,same pano,0,unvalidated,True,True,False,True,True,True,True
gainesville:26685,26685,16,full,iSxIjOtobmzK2zZ3t8T4CQ,True,2026-02,same pano,0,agreed,True,True,True,True,True,True,True
gainesville:26690,26690,40,full,ohYheoWcNGnx6xVZtJgf7Q,False,2026-02,1-18 mo older,1,unvalidated,True,,False,False,,False,False
gainesville:26694,26694,16,full,ohYheoWcNGnx6xVZtJgf7Q,False,2026-02,newer than ours,-16,unvalidated,True,,True,True,,True,True
gainesville:26695,26695,16,full,ohYheoWcNGnx6xVZtJgf7Q,False,2026-02,same month,0,unvalidated,True,,True,True,,True,True
gainesville:26697,26697,40,full,d7oYu1v1i9QMkOBfh7mBlg,True,2026-03,same pano,0,unvalidated,True,True,True,True,True,True,True
gainesville:26699,26699,40,full,d7oYu1v1i9QMkOBfh7mBlg,True,2026-03,same pano,0,unvalidated,True,True,True,True,True,True,True
gainesville:26700,26700,59,partial,F03-4GzMlvNz30XRhDhoIA,True,2026-03,same pano,0,unvalidated,True,True,True,False,True,True,False
gainesville:26702,26702,40,full,F03-4GzMlvNz30XRhDhoIA,True,2026-03,same pano,0,unvalidated,True,False,True,True,False,True,True
gainesville:26703,26703,40,full,F03-4GzMlvNz30XRhDhoIA,True,2026-03,same pano,0,unvalidated,True,True,True,True,True,True,True
gainesville:26705,26705,59,partial,F03-4GzMlvNz30XRhDhoIA,True,2026-03,same pano,0,unvalidated,True,False,True,True,False,False,False
gainesville:26706,26706,40,full,KpGfeMz58py8S-mbagK3HA,True,2024-06,same pano,0,unvalidated,True,True,True,True,True,True,True
gainesville:26707,26707,40,full,0VUCOpimDeMl44IL-2USVg,True,2024-06,same pano,0,unvalidated,,True,True,True,True,True,True
gainesville:26709,26709,40,full,RAisi7q4-8uQQSSg0OoKIA,True,2024-06,same pano,0,unvalidated,True,True,True,True,True,True,True
gainesville:26712,26712,40,full,RAisi7q4-8uQQSSg0OoKIA,True,2024-06,same pano,0,unvalidated,True,True,True,True,False,True,True
gainesville:26713,26713,40,full,RAisi7q4-8uQQSSg0OoKIA,True,2024-06,same pano,0,unvalidated,True,True,True,True,True,True,True
gainesville:26714,26714,40,full,AhnGQ2P2haN13HytwUUJzA,True,2024-06,same pano,0,unvalidated,True,True,True,True,True,True,True
gainesville:26716,26716,40,full,6hjDXnFcsisZo_-ehwnAUQ,True,2024-06,same pano,0,unvalidated,True,True,True,True,True,True,True
gainesville:26718,26718,40,full,6hjDXnFcsisZo_-ehwnAUQ,True,2024-06,same pano,0,unvalidated,True,True,True,True,True,True,True
gainesville:26719,26719,40,full,6hjDXnFcsisZo_-ehwnAUQ,True,2024-06,same pano,0,unvalidated,True,False,True,True,False,True,True
gainesville:26721,26721,40,full,j4i-fbNltVQ5kOIn3xvfrQ,True,2024-06,same pano,0,unvalidated,True,True,True,True,True,True,True
gainesville:26722,26722,40,full,UC3RchZWKOjEjkM4MrAxjw,True,2024-06,same pano,0,unvalidated,True,True,True,True,True,True,True
gainesville:26724,26724,40,full,UC3RchZWKOjEjkM4MrAxjw,True,2024-06,same pano,0,unvalidated,True,True,True,True,True,True,True
gainesville:26726,26726,40,full,xIUwAfElxmbBJlARYsJPRA,True,2024-06,same pano,0,unvalidated,True,True,True,True,True,True,True
gainesville:26728,26728,40,full,i725iCp18e-8jpfo8ApdLQ,True,2024-06,same pano,0,unvalidated,True,False,False,False,False,False,False
gainesville:26729,26729,40,full,i725iCp18e-8jpfo8ApdLQ,True,2024-06,same pano,0,unvalidated,True,True,True,True,False,False,False
gainesville:26732,26732,40,full,cuAwMle6bj4e8d_0Y_YyBQ,True,2024-06,same pano,0,unvalidated,True,False,True,True,False,False,False
gainesville:26734,26734,40,full,cuAwMle6bj4e8d_0Y_YyBQ,True,2024-06,same pano,0,unvalidated,True,True,True,True,False,False,False
gainesville:26736,26736,40,full,Uwe6JmE3iIQ11VkAtln2Bw,True,2024-06,same pano,0,unvalidated,True,False,True,True,False,True,True
gainesville:26737,26737,40,full,Uwe6JmE3iIQ11VkAtln2Bw,True,2024-06,same pano,0,unvalidated,True,False,True,True,False,True,True
gainesville:26738,26738,40,full,Uwe6JmE3iIQ11VkAtln2Bw,True,2024-06,same pano,0,unvalidated,True,True,True,True,True,False,False
gainesville:26740,26740,40,full,Uwe6JmE3iIQ11VkAtln2Bw,True,2024-06,same pano,0,unvalidated,True,True,True,True,True,True,True
gainesville:26741,26741,40,full,9K1yWn8v8RNVrrvti8ocDA,True,2024-06,same pano,0,disagreed,False,False,True,True,False,False,False
gainesville:26742,26742,40,full,9K1yWn8v8RNVrrvti8ocDA,True,2024-06,same pano,0,unvalidated,True,True,True,True,True,True,True
gainesville:26743,26743,40,full,IYkC_sPdeHFIVGkGehakMA,True,2024-06,same pano,0,unvalidated,True,True,True,True,True,True,True
gainesville:26745,26745,40,full,IYkC_sPdeHFIVGkGehakMA,True,2024-06,same pano,0,unvalidated,True,False,True,True,False,True,True
gainesville:26746,26746,40,full,wk2BV6KnjJyZ2eE9iudvDA,True,2016-07,same pano,0,unvalidated,True,True,True,True,True,True,True
gainesville:26748,26748,40,full,wk2BV6KnjJyZ2eE9iudvDA,True,2016-07,same pano,0,unvalidated,True,True,True,True,True,True,True
gainesville:26750,26750,40,full,wk2BV6KnjJyZ2eE9iudvDA,True,2016-07,same pano,0,unvalidated,True,False,False,False,False,False,False
gainesville:26751,26751,40,full,12RopkmXdGO7qxVk-0bnBg,True,2007-12,same pano,0,unvalidated,True,False,True,True,False,True,True
gainesville:26754,26754,40,full,12RopkmXdGO7qxVk-0bnBg,True,2007-12,same pano,0,unvalidated,True,True,True,True,True,True,True
gainesville:26757,26757,40,full,Vl_23NeZ627k779VsSdXrQ,True,2024-06,same pano,0,unvalidated,True,True,True,True,True,True,True
gainesville:26760,26760,40,full,Vl_23NeZ627k779VsSdXrQ,True,2024-06,same pano,0,unvalidated,True,True,True,True,True,True,True
gainesville:26766,26766,40,full,hEI9t13XtZ3HWYKkNg24dQ,True,2024-06,same pano,0,unvalidated,True,True,False,False,True,False,False
gainesville:26767,26767,40,full,Xz0Lxth4raEqsHmzynffbA,True,2024-06,same pano,0,unvalidated,True,True,True,True,True,True,True
gainesville:26770,26770,40,full,zoMYHGFAM9UmFdcfA9psvw,True,2024-06,same pano,0,unvalidated,,True,True,True,True,True,True
gainesville:26772,26772,40,full,zoMYHGFAM9UmFdcfA9psvw,True,2024-06,same pano,0,unvalidated,True,False,True,True,False,True,True
gainesville:26773,26773,40,full,8g3Iotdv12DfuK03E4wcoA,True,2024-06,same pano,0,unvalidated,True,True,True,True,True,True,True
gainesville:26775,26775,40,full,8g3Iotdv12DfuK03E4wcoA,True,2024-06,same pano,0,unvalidated,True,True,True,True,True,True,True
gainesville:26776,26776,40,full,kjartqCHxyVPd6mXDkfvsg,True,2024-06,same pano,0,unvalidated,True,True,True,True,False,False,False
gainesville:26778,26778,40,full,xEiiSYbfTtAnCDGqy_0R8g,True,2024-06,same pano,0,unvalidated,True,False,True,True,False,True,True
gainesville:26779,26779,40,full,PGYG5uZmVl8iExpYTs8QOw,True,2018-10,same pano,0,unvalidated,True,True,True,True,True,True,True
gainesville:26781,26781,40,full,-MTB70YMp3jsXGXaWbklpw,True,2018-10,same pano,0,unvalidated,True,True,True,True,True,True,True
gainesville:26783,26783,40,full,-MTB70YMp3jsXGXaWbklpw,True,2018-10,same pano,0,unvalidated,True,False,True,True,False,True,True
gainesville:26784,26784,40,full,-cCfMuS8trE1ePD6tn5znQ,True,2024-06,same pano,0,unvalidated,,True,True,True,True,True,True
gainesville:26785,26785,40,full,6vjQOqhzKQvM1Xb0A4_RIQ,True,2024-06,same pano,0,unvalidated,True,True,True,True,True,True,True
gainesville:26786,26786,40,full,6vjQOqhzKQvM1Xb0A4_RIQ,True,2024-06,same pano,0,unvalidated,True,True,True,True,True,True,True
gainesville:26788,26788,40,full,6vjQOqhzKQvM1Xb0A4_RIQ,True,2024-06,same pano,0,unvalidated,True,True,True,True,True,True,True
gainesville:26790,26790,40,full,7tgxcLyAxz_l3H9gvzbVbQ,True,2024-06,same pano,0,unvalidated,True,True,True,True,True,True,True
gainesville:26791,26791,40,full,gIv3vA3o2n_7KvWlZfzuEA,True,2024-06,same pano,0,unvalidated,True,True,True,True,True,True,True
gainesville:26793,26793,40,full,gIv3vA3o2n_7KvWlZfzuEA,True,2024-06,same pano,0,unvalidated,True,True,True,True,True,True,True
gainesville:26795,26795,40,full,xpqeRYhX5zN5BNpYYVjhbg,True,2024-06,same pano,0,unvalidated,True,True,True,True,True,True,True
gainesville:26797,26797,40,full,xpqeRYhX5zN5BNpYYVjhbg,True,2024-06,same pano,0,unvalidated,True,False,True,True,False,True,True
gainesville:26799,26799,40,full,FBWfu2rW76OaKnWR-SR2SA,True,2024-06,same pano,0,unvalidated,True,True,True,True,True,True,True
gainesville:26800,26800,40,full,FBWfu2rW76OaKnWR-SR2SA,True,2024-06,same pano,0,unvalidated,True,True,True,True,True,True,True
gainesville:26802,26802,40,full,-gtai8YzoCIJI6nk0XcbWw,True,2024-06,same pano,0,unvalidated,True,True,True,True,True,True,True
gainesville:26804,26804,40,full,RbXz54dT7WFoYbJCSBpieA,True,2024-06,same pano,0,unvalidated,,False,True,True,False,True,True
gainesville:26806,26806,40,full,RbXz54dT7WFoYbJCSBpieA,True,2024-06,same pano,0,unvalidated,True,True,True,True,True,True,True
gainesville:26807,26807,40,full,zeZckpTKoCBeFr2Do2DJWA,True,2024-06,same pano,0,unvalidated,True,True,True,True,False,True,True
gainesville:26810,26810,40,full,zeZckpTKoCBeFr2Do2DJWA,True,2024-06,same pano,0,unvalidated,True,True,True,True,True,True,True
gainesville:26811,26811,40,full,YLFeqaeLmPAakMXrnxOXrA,True,2024-06,same pano,0,unvalidated,True,True,True,True,True,True,True
gainesville:26813,26813,40,full,YLFeqaeLmPAakMXrnxOXrA,True,2024-06,same pano,0,unvalidated,True,True,True,True,True,True,True
gainesville:26814,26814,40,full,MHMtDF3uw4nMTIjBU4O5YA,True,2024-06,same pano,0,unvalidated,True,True,True,True,True,True,True
gainesville:26815,26815,40,full,MHMtDF3uw4nMTIjBU4O5YA,True,2024-06,same pano,0,agreed,True,True,True,True,True,True,True
gainesville:26819,26819,40,full,_Nj9OaGOyDitR22E0O1MIg,False,2021-03,same month,0,unvalidated,True,,True,True,,True,True
gainesville:26821,26821,40,full,_Nj9OaGOyDitR22E0O1MIg,False,2021-03,>36 mo older,39,unvalidated,True,,True,True,,True,True
gainesville:26823,26823,32,full,Q0Xv85VGwnqfbcDyYBdhaA,True,2026-02,same pano,0,unvalidated,True,True,False,False,True,False,False
gainesville:26825,26825,32,full,jcjsy30yXNRqJSL2TWDfBQ,True,2025-04,same pano,0,unvalidated,True,False,False,True,False,False,True
gainesville:26830,26830,32,full,_hp2pty0gwTkRjemEwy5Aw,True,2025-04,same pano,0,unvalidated,True,True,True,False,True,True,False
gainesville:26833,26833,32,full,P-0kEkEDO5vAsWvkoViUGw,True,2025-04,same pano,0,agreed,True,True,False,True,True,False,True
gainesville:26839,26839,24,full,ab8s6_eiIQhakAOaU_y5Hg,False,2026-02,newer than ours,-10,unvalidated,True,,True,False,,True,True
gainesville:26840,26840,24,full,ab8s6_eiIQhakAOaU_y5Hg,False,2026-02,same month,0,unvalidated,True,,True,True,,True,True
gainesville:26841,26841,47,full,6KIUoQUVOKiKkmjKEH4i7A,False,2026-02,same month,0,unvalidated,True,,False,False,,False,True
gainesville:26843,26843,40,full,e6hmUMrG1DlvbUxwhSpQEw,False,2026-02,newer than ours,-16,unvalidated,True,,True,True,,True,False
gainesville:26846,26846,47,full,6KIUoQUVOKiKkmjKEH4i7A,False,2026-02,newer than ours,-10,unvalidated,True,,True,False,,True,False
gainesville:26849,26849,8,full,mrXlZtrXZ8uEonPtwCh1Ig,False,2026-02,same month,0,unvalidated,True,,False,False,,False,False
gainesville:26852,26852,24,full,uOWJjrPA3T6NZOly5tHArg,False,2026-02,same month,0,unvalidated,True,,True,True,,True,True
gainesville:26858,26858,47,full,5g3NLUagBAp7YnJMxnF4cw,False,2026-03,same month,0,unvalidated,,,True,False,,True,False
gainesville:26859,26859,47,full,5g3NLUagBAp7YnJMxnF4cw,False,2026-03,newer than ours,-17,unvalidated,False,,False,True,,False,False
gainesville:26860,26860,40,full,hfy_8BWoBvzpvbsNzkn1Cw,False,2026-02,newer than ours,-16,unvalidated,,,True,True,,False,False
gainesville:26863,26863,47,full,4mfZZaMzeEs2JxKz4K5woQ,False,2026-02,1-18 mo older,1,unvalidated,True,,True,True,,True,True
gainesville:26865,26865,47,full,4mfZZaMzeEs2JxKz4K5woQ,False,2026-02,same month,0,unvalidated,True,,True,True,,True,True
gainesville:26869,26869,40,full,94NsmEtu85Whe_g9Ha3D7A,False,2026-02,newer than ours,-16,unvalidated,,,True,True,,True,True
gainesville:26871,26871,40,full,6UXxBTkpPZ7pnHFlZ8zkMA,False,2026-02,newer than ours,-16,unvalidated,True,,True,True,,True,True
gainesville:26873,26873,40,full,J66Nmbud_n5lRc1NUy1E0Q,False,2026-02,newer than ours,-16,unvalidated,True,,True,True,,True,True
gainesville:26876,26876,40,full,M5MqFaGAHJQsgBuGWlAkqQ,True,2026-02,same pano,0,unvalidated,True,True,False,False,True,False,False
gainesville:26881,26881,47,full,BulLF_rpa-2X_oRpr9QiVg,False,2026-02,newer than ours,-16,unvalidated,True,,True,True,,True,True
gainesville:26883,26883,46,full,7N5mKejGERNnLzjnLgbGeA,False,2026-02,same month,0,unvalidated,True,,True,True,,True,True
gainesville:26888,26888,40,full,wqc7HtdSXWDdw69s6lqGSA,False,2026-02,same month,0,unvalidated,True,,True,True,,True,True
gainesville:26891,26891,40,full,BZX8x9qUU4YRXq_MYmSPsw,False,2026-02,newer than ours,-16,unvalidated,True,,True,True,,False,False
gainesville:26895,26895,46,full,A6VNygB-ILVGYuV0gRLosA,False,2026-02,newer than ours,-80,unvalidated,True,,True,True,,True,True
gainesville:26897,26897,46,full,XoBBNQzLbwWFTb1tezohLw,False,2026-02,same month,0,unvalidated,True,,True,True,,True,True
gainesville:26900,26900,40,full,C1gvqir-QR2Epk6_9ab0LA,True,2024-06,same pano,0,unvalidated,True,True,True,True,True,True,True
gainesville:26901,26901,40,full,C1gvqir-QR2Epk6_9ab0LA,True,2024-06,same pano,0,unvalidated,True,True,True,True,True,True,True
gainesville:26902,26902,40,full,AIc7N8cNWENKM9SGaNfcAw,True,2024-06,same pano,0,agreed,True,True,True,True,True,True,True
gainesville:26904,26904,40,full,AIc7N8cNWENKM9SGaNfcAw,True,2024-06,same pano,0,unvalidated,True,True,True,True,False,True,True
gainesville:26905,26905,40,full,3LTfl5zeCOu7KdH_mS6R6Q,True,2023-09,same pano,0,unvalidated,True,True,True,True,True,True,True
gainesville:26907,26907,40,full,3LTfl5zeCOu7KdH_mS6R6Q,True,2023-09,same pano,0,unvalidated,,True,True,True,True,True,True
gainesville:26908,26908,40,full,MjzLArMARsdMIAFV6bsu_g,True,2023-09,same pano,0,unvalidated,True,True,True,True,True,True,True
gainesville:26910,26910,40,full,MjzLArMARsdMIAFV6bsu_g,True,2023-09,same pano,0,unvalidated,,True,True,True,False,True,True
gainesville:26911,26911,40,full,HQs2vk3RcfUXQ2yRT2z0Uw,True,2023-09,same pano,0,agreed,True,True,True,True,True,True,True
gainesville:26912,26912,40,full,Sh0RUWw0GZyWx4wjUVGoCg,True,2024-06,same pano,0,unvalidated,True,False,True,False,False,False,False
gainesville:26915,26915,40,full,Sh0RUWw0GZyWx4wjUVGoCg,True,2024-06,same pano,0,unvalidated,True,False,False,False,False,False,False
gainesville:26916,26916,40,full,6EcCUl9LhLXnIT5Y6cDrPg,True,2024-06,same pano,0,unvalidated,True,True,True,True,False,True,True
gainesville:26917,26917,40,full,6EcCUl9LhLXnIT5Y6cDrPg,True,2024-06,same pano,0,unvalidated,True,True,True,True,True,True,True
gainesville:26918,26918,40,full,hi3SlAnIzBFseEJvKGYkNQ,True,2024-06,same pano,0,unvalidated,True,True,True,True,True,True,True
gainesville:26920,26920,40,full,hi3SlAnIzBFseEJvKGYkNQ,True,2024-06,same pano,0,unvalidated,True,True,True,True,True,True,True
gainesville:26921,26921,40,full,UtMbPOg8wPQ70p3kncTTAQ,True,2024-06,same pano,0,unvalidated,True,True,True,True,True,True,True
gainesville:26923,26923,40,full,vMoCutCPF5Z0RIyNg6WJPA,True,2024-06,same pano,0,unvalidated,,False,True,True,False,True,True
gainesville:26925,26925,40,full,vMoCutCPF5Z0RIyNg6WJPA,True,2024-06,same pano,0,unvalidated,,True,True,True,True,True,True
gainesville:26926,26926,40,full,KXQBlaruX8xURUQw_R8zfg,True,2007-12,same pano,0,unvalidated,True,True,True,True,True,True,True
gainesville:26928,26928,40,full,AU-ZxNboF64l3Hq7NdSQZg,True,2024-06,same pano,0,unvalidated,True,False,True,True,False,True,True
gainesville:26929,26929,40,full,n7ZqJR1fs856qCRpV8b2Xg,True,2024-06,same pano,0,agreed,True,False,True,False,False,False,False
gainesville:26931,26931,40,full,n7ZqJR1fs856qCRpV8b2Xg,True,2024-06,same pano,0,unvalidated,False,False,False,False,False,False,False
gainesville:26932,26932,40,full,bIGSay3JD-bXbAgK4oNKMg,True,2024-06,same pano,0,unvalidated,True,True,True,True,True,True,True
gainesville:26934,26934,40,full,bIGSay3JD-bXbAgK4oNKMg,True,2024-06,same pano,0,unvalidated,True,True,True,True,True,True,True
gainesville:26936,26936,40,full,bIGSay3JD-bXbAgK4oNKMg,True,2024-06,same pano,0,unvalidated,True,True,True,True,True,True,True
gainesville:26937,26937,40,full,bIGSay3JD-bXbAgK4oNKMg,True,2024-06,same pano,0,unvalidated,,True,True,True,True,True,True
gainesville:26938,26938,40,full,5GsQ4rdZvmTwTa2dG0T-pw,True,2024-06,same pano,0,unvalidated,True,True,True,True,True,True,False
gainesville:26940,26940,46,full,echLJ3x2BxXepNFRUOm6xg,True,2026-03,same pano,0,unvalidated,True,True,False,False,True,False,False
gainesville:26944,26944,46,full,ns-WkzOQgvHHv2w5dedt0A,True,2024-06,same pano,0,unvalidated,True,True,False,True,True,False,True
gainesville:26947,26947,40,full,V7bw0QgsyryGGWauHUo91w,True,2026-02,same pano,0,unvalidated,True,True,True,True,True,True,True
gainesville:26950,26950,40,full,V7bw0QgsyryGGWauHUo91w,True,2026-02,same pano,0,unvalidated,True,True,True,True,True,True,True
gainesville:26951,26951,40,full,H4A8Tl2G-GO62Pej8gXsnw,True,2026-02,same pano,0,unvalidated,True,True,True,True,True,True,True
gainesville:26954,26954,46,full,H4A8Tl2G-GO62Pej8gXsnw,True,2026-02,same pano,0,unvalidated,True,True,True,True,False,True,True
gainesville:26960,26960,40,full,IIFU11JY8z9rcLjsdtWuUQ,True,2024-06,same pano,0,unvalidated,True,True,True,True,True,True,True
gainesville:26962,26962,40,full,kl-HDzkjWg9RTw0I4XFuUg,True,2024-06,same pano,0,unvalidated,True,True,True,True,True,True,True
gainesville:26964,26964,40,full,IIFU11JY8z9rcLjsdtWuUQ,True,2024-06,same pano,0,unvalidated,True,True,True,True,True,True,True
gainesville:26965,26965,40,full,cOOhUbijZRlH08om7sdsTw,True,2024-06,same pano,0,unvalidated,True,True,True,True,True,True,True
gainesville:26968,26968,40,full,CrHSTWhSbHtPqRQBpS-y6A,True,2024-06,same pano,0,unvalidated,True,False,True,True,False,True,True
gainesville:26971,26971,40,full,sezUSIFZaMnENh-iqAYq5g,True,2024-06,same pano,0,unvalidated,True,True,True,True,True,True,True
gainesville:26974,26974,40,full,CrHSTWhSbHtPqRQBpS-y6A,True,2024-06,same pano,0,unvalidated,True,True,True,True,True,True,True
gainesville:26978,26978,40,full,iM1hXy97ckAlRZWfh_uNuA,True,2024-06,same pano,0,unvalidated,True,True,True,True,True,True,True
gainesville:26979,26979,40,full,iM1hXy97ckAlRZWfh_uNuA,True,2024-06,same pano,0,unvalidated,True,False,True,True,False,True,True
gainesville:26980,26980,40,full,6x0KwEI_JYJtxBPakA-7eQ,True,2024-06,same pano,0,unvalidated,True,True,True,True,False,True,True
gainesville:26981,26981,40,full,6x0KwEI_JYJtxBPakA-7eQ,True,2024-06,same pano,0,unvalidated,False,False,True,True,False,True,True
gainesville:26983,26983,40,full,56wJSd4p6O2Q4axwOtUtBg,True,2024-06,same pano,0,unvalidated,True,True,True,True,True,True,True
gainesville:26985,26985,40,full,56wJSd4p6O2Q4axwOtUtBg,True,2024-06,same pano,0,unvalidated,True,False,True,True,False,True,True
gainesville:26987,26987,40,full,6H_Qx7pWSe8D1d0UItTSAA,True,2024-06,same pano,0,unvalidated,True,True,True,True,True,True,True
gainesville:26988,26988,40,full,dJzKr5MgGTGtGzgYoOGayg,True,2024-06,same pano,0,unvalidated,,False,False,False,False,False,False
gainesville:26991,26991,40,full,33m9hFDewF_6MlPQeEFJug,False,2024-06,newer than ours,-95,unvalidated,True,,True,True,,True,True
gainesville:26993,26993,40,full,33m9hFDewF_6MlPQeEFJug,False,2024-06,newer than ours,-95,unvalidated,,,True,True,,True,True
gainesville:26997,26997,16,full,ytkSbuW-l8u7cKytFIsOrA,True,2026-03,same pano,0,unvalidated,True,True,True,True,False,True,True
gainesville:27000,27000,40,full,XAEs__P11i8VgIH8-QFXXQ,False,2026-02,same month,0,unvalidated,True,,True,True,,False,True
gainesville:27002,27002,50,full,RyyswO7VHQMbiHmnoBWopQ,True,2025-04,same pano,0,unvalidated,True,False,True,True,False,False,True
gainesville:27005,27005,50,full,RyyswO7VHQMbiHmnoBWopQ,True,2025-04,same pano,0,unvalidated,True,False,True,True,False,False,False
gainesville:27009,27009,40,full,Ju9gWk090ZExYmDxgO0KOg,True,2026-02,same pano,0,unvalidated,True,True,True,True,True,True,True
gainesville:27011,27011,50,full,87dwj8ND_qwFPY003AsmEQ,False,2025-04,1-18 mo older,10,unvalidated,True,,False,True,,False,False
gainesville:27014,27014,50,full,87dwj8ND_qwFPY003AsmEQ,False,2025-04,1-18 mo older,10,unvalidated,True,,False,True,,False,False
gainesville:27017,27017,40,full,VWMApFeYDoQmO9taDRV-lg,True,2018-10,same pano,0,unvalidated,True,False,True,True,False,True,True
gainesville:27019,27019,40,full,VWMApFeYDoQmO9taDRV-lg,True,2018-10,same pano,0,unvalidated,True,True,True,True,True,True,True
gainesville:27020,27020,40,full,9IE62nHGm0sUYGrm5LhLqQ,True,2018-10,same pano,0,unvalidated,,True,True,True,False,True,True
gainesville:27022,27022,40,full,9IE62nHGm0sUYGrm5LhLqQ,True,2018-10,same pano,0,unvalidated,,False,True,True,False,False,False
gainesville:27023,27023,40,full,jjl2xWA-8HEPItEkJt0qcQ,True,2018-10,same pano,0,unvalidated,True,True,True,True,True,True,True
gainesville:27025,27025,40,full,jjl2xWA-8HEPItEkJt0qcQ,True,2018-10,same pano,0,unvalidated,True,True,True,True,False,True,True
gainesville:27027,27027,40,full,jjl2xWA-8HEPItEkJt0qcQ,True,2018-10,same pano,0,unvalidated,True,False,True,True,False,True,True
gainesville:27031,27031,40,full,gVtrXR9rny0Db5rKj7Vj4A,True,2026-02,same pano,0,unvalidated,True,False,True,True,False,True,True
gainesville:27034,27034,40,full,gVtrXR9rny0Db5rKj7Vj4A,True,2026-02,same pano,0,unvalidated,True,False,True,True,False,True,True
gainesville:27038,27038,44,full,pezLpU8OAFLUd52xNEtOHg,False,2025-04,1-18 mo older,10,unvalidated,True,,True,True,,True,True
gainesville:27041,27041,44,full,pezLpU8OAFLUd52xNEtOHg,False,2025-04,1-18 mo older,10,unvalidated,True,,True,True,,False,True
gainesville:27045,27045,40,full,OqZ3f2lm4jtKei0MvdC8rA,True,2016-07,same pano,0,unvalidated,True,True,True,True,True,True,True
gainesville:27046,27046,40,full,OqZ3f2lm4jtKei0MvdC8rA,True,2016-07,same pano,0,unvalidated,True,False,True,True,False,False,False
gainesville:27047,27047,40,full,ST3HXC53BTvShtjgcdf5JA,True,2016-07,same pano,0,unvalidated,True,True,True,True,True,True,True
gainesville:27049,27049,40,full,ST3HXC53BTvShtjgcdf5JA,True,2016-07,same pano,0,unvalidated,True,False,True,True,False,True,True
gainesville:27051,27051,40,full,ST3HXC53BTvShtjgcdf5JA,True,2016-07,same pano,0,agreed,True,True,True,True,False,False,False
gainesville:27052,27052,40,full,4E7MwEIbsFZCIjfVXgu52Q,True,2016-07,same pano,0,unvalidated,True,True,True,True,False,True,True
gainesville:27054,27054,40,full,4E7MwEIbsFZCIjfVXgu52Q,True,2016-07,same pano,0,unvalidated,True,True,True,True,True,True,True
gainesville:27055,27055,40,full,3xqC1bvoDnIq9VpU4jJVzg,True,2016-07,same pano,0,unvalidated,True,False,False,False,False,False,False
gainesville:27056,27056,40,full,3xqC1bvoDnIq9VpU4jJVzg,True,2016-07,same pano,0,unvalidated,True,True,True,True,True,True,True
gainesville:27058,27058,40,full,joKh2_Fae6pfYMLPLLxTZQ,True,2024-06,same pano,0,unvalidated,True,True,True,True,False,True,True
gainesville:27060,27060,40,full,joKh2_Fae6pfYMLPLLxTZQ,True,2024-06,same pano,0,unvalidated,True,False,False,False,False,False,False
gainesville:27061,27061,40,full,Y9EI4b-YQHo8mhj3qPAWWw,True,2024-06,same pano,0,unvalidated,True,False,True,True,False,True,True
gainesville:27064,27064,40,full,ol8pd2Ch0zQansepx0ATGA,True,2024-06,same pano,0,agreed,True,True,True,True,False,True,True
gainesville:27067,27067,24,full,lbiNMyop3Ihlw3tUSTF-dA,True,2025-04,same pano,0,unvalidated,True,True,True,True,True,True,True
gainesville:27070,27070,24,full,lbiNMyop3Ihlw3tUSTF-dA,True,2025-04,same pano,0,unvalidated,True,False,True,True,False,True,True
gainesville:27074,27074,40,full,iI3i1VPpLyeXMov80xwPZQ,True,2021-03,same pano,0,unvalidated,True,True,True,True,True,True,True
gainesville:27075,27075,40,full,3lYcSrG314mcHs2Tu6aJUQ,True,2024-06,same pano,0,unvalidated,True,True,True,True,True,True,True
gainesville:27076,27076,40,full,3lYcSrG314mcHs2Tu6aJUQ,True,2024-06,same pano,0,unvalidated,True,True,True,True,False,True,True
gainesville:27078,27078,40,full,3lYcSrG314mcHs2Tu6aJUQ,True,2024-06,same pano,0,unvalidated,True,True,True,True,True,True,True
gainesville:27079,27079,40,full,0hJUXUFVPP2IYkAnd5_z2A,True,2024-06,same pano,0,unvalidated,True,True,True,True,False,True,True
gainesville:27080,27080,40,full,IO_f4y_DQZH3ItQUlK4odg,True,2024-06,same pano,0,unvalidated,True,True,True,True,True,True,True
gainesville:27082,27082,40,full,IO_f4y_DQZH3ItQUlK4odg,True,2024-06,same pano,0,unvalidated,True,True,True,True,True,True,True
gainesville:27084,27084,40,full,FVG0JiLGBZTpDH9tgAD0UQ,True,2024-06,same pano,0,unvalidated,True,True,True,True,True,True,True
gainesville:27086,27086,40,full,hTQx_7rJ5Sj0Oprn8UyNjg,True,2024-06,same pano,0,unvalidated,True,True,True,True,True,True,True
gainesville:27087,27087,40,full,-_gezTLhATd-JzF_y_HHCQ,True,2024-06,same pano,0,unvalidated,True,True,True,True,True,True,True
gainesville:27089,27089,40,full,-_gezTLhATd-JzF_y_HHCQ,True,2024-06,same pano,0,unvalidated,True,True,True,True,False,True,True
gainesville:27090,27090,40,full,txb5tQJ14g_05KHd1sFi-Q,True,2024-06,same pano,0,unvalidated,True,True,True,True,True,True,True
gainesville:27092,27092,40,full,txb5tQJ14g_05KHd1sFi-Q,True,2024-06,same pano,0,unvalidated,,False,False,False,False,False,False
gainesville:27093,27093,40,full,3Eo-Z9lrFVlMG4sebUY3JA,True,2024-06,same pano,0,unvalidated,True,True,True,True,True,True,True
gainesville:27097,27097,40,full,XpUQs-mjhuDRoZxP0U7Xyg,True,2024-06,same pano,0,unvalidated,True,True,True,True,True,True,True
gainesville:27101,27101,40,full,jC20RvmjYw-i6WsrFiUW9Q,True,2024-06,same pano,0,unvalidated,True,True,True,True,True,True,True
gainesville:27103,27103,40,full,bqL6hohl4KDjSvwj1FvZuA,True,2024-06,same pano,0,agreed,True,True,True,True,True,True,True
gainesville:27105,27105,40,full,V6J032OyKCMlB29AX_GONw,True,2024-06,same pano,0,unvalidated,True,True,True,True,True,True,True
gainesville:27109,27109,40,full,V6J032OyKCMlB29AX_GONw,True,2024-06,same pano,0,unvalidated,True,False,True,True,False,False,False
gainesville:27111,27111,40,full,6Cc6sMdelsQyURk_SnSCxA,True,2024-06,same pano,0,unvalidated,True,False,True,True,False,True,True
gainesville:27113,27113,40,full,lapLjDD20BVQBXx1p3fwkw,True,2024-06,same pano,0,unvalidated,True,False,True,False,False,False,False
gainesville:27115,27115,40,full,nfIhWpzmiqZ_RRG58aHVjw,True,2024-06,same pano,0,unvalidated,True,True,True,True,True,True,True
gainesville:27116,27116,40,full,-yEQ3HZzEkZxE7S-OdNesA,True,2024-06,same pano,0,unvalidated,True,False,True,True,False,True,True
gainesville:27117,27117,40,full,lEhYa23nSrvKFF1lwUSEww,True,2026-02,same pano,0,unvalidated,True,True,True,False,True,True,False
gainesville:27119,27119,44,full,IP2mrTtHdB2ks53cjb9Zxg,False,2026-02,same month,0,unvalidated,True,,True,True,,True,True
gainesville:27122,27122,44,full,pzvweYrD81-j3jfJcL58kg,False,2025-04,1-18 mo older,10,unvalidated,,,False,False,,False,False
gainesville:27124,27124,44,full,CHyg56SbQAEhv9cJkw2ovw,True,2025-04,same pano,0,unvalidated,True,True,False,False,True,False,False
gainesville:27127,27127,44,full,CHyg56SbQAEhv9cJkw2ovw,True,2025-04,same pano,0,agreed,True,True,False,False,True,False,False
gainesville:27129,27129,50,full,avltfJZDuhjd9BfqOjQdnQ,False,2026-02,same month,0,unvalidated,True,,True,True,,True,False
gainesville:27130,27130,40,full,avltfJZDuhjd9BfqOjQdnQ,False,2026-02,newer than ours,-59,unvalidated,True,,False,True,,False,True
gainesville:27133,27133,40,full,Mhewn-8zGt0lyr8QwPiEjg,False,2026-02,newer than ours,-59,unvalidated,True,,False,True,,False,True
gainesville:27135,27135,14,full,EneZBjyW7g9KvZZTuvhW1w,True,2023-09,same pano,0,unvalidated,True,False,False,False,False,False,False
gainesville:27137,27137,40,full,EneZBjyW7g9KvZZTuvhW1w,True,2023-09,same pano,0,unvalidated,True,False,False,False,False,False,False
gainesville:27139,27139,40,full,8CncPVExU38zr_VfYUVm4g,True,2024-06,same pano,0,unvalidated,True,True,True,True,True,True,True
gainesville:27140,27140,40,full,8CncPVExU38zr_VfYUVm4g,True,2024-06,same pano,0,unvalidated,True,True,True,True,True,True,True
gainesville:27142,27142,40,full,B_I_PdOauYz6UMTAJHENCw,True,2024-06,same pano,0,unvalidated,True,True,True,True,True,True,True
gainesville:27144,27144,40,full,B_I_PdOauYz6UMTAJHENCw,True,2024-06,same pano,0,unvalidated,True,True,True,True,True,True,True
gainesville:27145,27145,40,full,_BoD9W5GhFwIitu7oHvCdw,True,2024-06,same pano,0,unvalidated,True,True,True,True,True,True,True
gainesville:27147,27147,40,full,_BoD9W5GhFwIitu7oHvCdw,True,2024-06,same pano,0,unvalidated,True,True,True,True,True,True,True
gainesville:27148,27148,40,full,5EfGrF-bZQE2xk5aCh2OLw,True,2024-06,same pano,0,unvalidated,True,True,True,True,True,True,True
gainesville:27149,27149,40,full,5EfGrF-bZQE2xk5aCh2OLw,True,2024-06,same pano,0,unvalidated,True,True,True,True,True,True,True
gainesville:27150,27150,40,full,U08lbDN8iIeMpYiSvZJlNA,True,2024-06,same pano,0,unvalidated,True,True,True,True,True,True,True
gainesville:27152,27152,40,full,U08lbDN8iIeMpYiSvZJlNA,True,2024-06,same pano,0,unvalidated,True,False,True,True,False,True,True
gainesville:27155,27155,40,full,zuXJSvTfbUy6mT0LMpdKWw,True,2024-06,same pano,0,unvalidated,True,True,True,True,True,True,True
gainesville:27157,27157,40,full,zuXJSvTfbUy6mT0LMpdKWw,True,2024-06,same pano,0,unvalidated,True,True,True,True,True,True,True
gainesville:27158,27158,40,full,ihuFs6DupKALRKtxcD5fyQ,True,2024-06,same pano,0,unvalidated,True,True,True,True,False,True,True
gainesville:27160,27160,40,full,ihuFs6DupKALRKtxcD5fyQ,True,2024-06,same pano,0,unvalidated,True,False,False,False,False,False,False
gainesville:27161,27161,40,full,ihuFs6DupKALRKtxcD5fyQ,True,2024-06,same pano,0,unvalidated,,False,False,False,False,False,False
gainesville:27163,27163,40,full,ihuFs6DupKALRKtxcD5fyQ,True,2024-06,same pano,0,unvalidated,True,False,True,True,False,True,True
gainesville:27165,27165,14,full,vwAtv2zvJ4ItKLcAEDQ5vQ,True,2024-06,same pano,0,unvalidated,True,True,True,True,True,True,True
gainesville:27167,27167,40,full,vwAtv2zvJ4ItKLcAEDQ5vQ,True,2024-06,same pano,0,unvalidated,True,True,True,True,True,True,True
gainesville:27170,27170,40,full,-FK97HZNiHWuYpaWN5nvgg,True,2016-07,same pano,0,unvalidated,True,True,True,True,True,True,True
gainesville:27172,27172,40,full,-FK97HZNiHWuYpaWN5nvgg,True,2016-07,same pano,0,unvalidated,True,False,False,False,False,False,False
gainesville:27173,27173,40,full,-FK97HZNiHWuYpaWN5nvgg,True,2016-07,same pano,0,unvalidated,True,True,True,True,True,True,True
gainesville:27176,27176,40,full,l5HWJuyxctCr_0tqMTWZoA,True,2018-10,same pano,0,unvalidated,True,True,True,True,True,True,True
gainesville:27178,27178,40,full,IINjzM-XUP8ygGtjI-3s3g,True,2018-10,same pano,0,unvalidated,True,True,True,True,True,True,True
gainesville:27179,27179,40,full,1BGeg5A6lXH7fRt8DTnwlQ,True,2024-06,same pano,0,unvalidated,True,True,True,True,True,True,True
gainesville:27181,27181,40,full,1BGeg5A6lXH7fRt8DTnwlQ,True,2024-06,same pano,0,unvalidated,True,True,True,True,True,True,True
gainesville:27182,27182,16,full,DFvrJ6zMhUkp6UGXtVIgdg,False,2026-03,newer than ours,-1,unvalidated,True,,True,False,,True,False
gainesville:27183,27183,16,full,83NyIk8xhKCTDcEEc5vhTw,False,2026-03,same month,0,unvalidated,True,,True,True,,True,True
gainesville:27185,27185,16,full,qGPCoAYDsTBpD_9LlQAGHA,False,2026-03,same month,0,unvalidated,True,,True,True,,True,True
gainesville:27187,27187,16,full,qGPCoAYDsTBpD_9LlQAGHA,False,2026-03,newer than ours,-1,unvalidated,True,,True,True,,True,True
gainesville:27194,27194,14,full,vDODGzJYCFKhNkCjfqyq3g,True,2024-06,same pano,0,unvalidated,True,True,True,True,True,True,True
gainesville:27196,27196,14,full,vDODGzJYCFKhNkCjfqyq3g,True,2024-06,same pano,0,agreed,True,True,True,True,True,True,True
gainesville:27198,27198,14,full,8SvxBm9eNS7oNc42F5-3mw,True,2024-06,same pano,0,unvalidated,,False,False,False,False,False,False
gainesville:27200,27200,40,full,zAD9j5yTpkuXeYb6N5QMzA,True,2024-06,same pano,0,unvalidated,True,True,True,True,True,True,True
gainesville:27202,27202,40,full,zAD9j5yTpkuXeYb6N5QMzA,True,2024-06,same pano,0,unvalidated,True,True,True,True,False,True,True
gainesville:27203,27203,40,full,g1Tx_CWC08AU7tHNIe_R0Q,True,2024-06,same pano,0,unvalidated,True,True,True,True,True,True,True
gainesville:27204,27204,40,full,sKSflSzwLdO1NdFDdNx3wA,True,2024-06,same pano,0,unvalidated,True,False,True,True,False,True,True
gainesville:27205,27205,40,full,HIEU3MCKc_KwFzdz51_E3A,True,2024-06,same pano,0,unvalidated,True,True,True,True,True,True,True
gainesville:27206,27206,40,full,k-wqQlj0siUPIlxTxRk3lg,True,2024-06,same pano,0,unvalidated,True,True,True,True,True,True,True
gainesville:27207,27207,40,full,2w5KnyXdBK2GJdRa_lGI3w,True,2024-06,same pano,0,unvalidated,True,True,True,True,True,True,True
gainesville:27208,27208,40,full,d9Q9_pHOCXslLAbsGJb9Bg,True,2024-06,same pano,0,unvalidated,True,True,True,True,True,True,True
gainesville:27209,27209,40,full,d9Q9_pHOCXslLAbsGJb9Bg,True,2024-06,same pano,0,unvalidated,True,True,True,True,False,False,False
gainesville:27210,27210,40,full,d9Q9_pHOCXslLAbsGJb9Bg,True,2024-06,same pano,0,unvalidated,True,True,True,True,True,True,True
gainesville:27212,27212,40,full,hep4zdgvBq3K8z9h1nuqQQ,True,2024-06,same pano,0,unvalidated,,True,True,True,False,False,False
gainesville:27213,27213,40,full,hep4zdgvBq3K8z9h1nuqQQ,True,2024-06,same pano,0,unvalidated,True,True,True,True,True,True,True
gainesville:27214,27214,40,full,QMrHJEtLINjPJLXfrdwvVw,True,2023-09,same pano,0,unvalidated,True,True,True,True,True,True,True
gainesville:27216,27216,40,full,jONE0c8JdMdY5a-xfxUmzQ,True,2023-09,same pano,0,unvalidated,True,True,True,True,True,True,True
gainesville:27217,27217,40,full,WxsymeYulImvOszzgBPElg,True,2023-09,same pano,0,unvalidated,False,False,True,True,False,False,False
gainesville:27218,27218,40,full,WxsymeYulImvOszzgBPElg,True,2023-09,same pano,0,agreed,True,False,True,True,False,True,True
gainesville:27220,27220,40,full,DjrBXUtn3SEGgvd49x9uDg,True,2023-09,same pano,0,unvalidated,True,True,True,True,True,True,True
gainesville:27222,27222,40,full,DjrBXUtn3SEGgvd49x9uDg,True,2023-09,same pano,0,unvalidated,True,True,True,True,True,True,True
gainesville:27225,27225,40,full,_oHCPmXrt0djAr5BlicC2w,True,2023-09,same pano,0,unvalidated,True,True,True,True,False,True,True
gainesville:27226,27226,40,full,_oHCPmXrt0djAr5BlicC2w,True,2023-09,same pano,0,unvalidated,True,True,True,True,True,True,True
gainesville:27229,27229,40,full,_oHCPmXrt0djAr5BlicC2w,True,2023-09,same pano,0,unvalidated,True,False,True,True,False,True,True
gainesville:27230,27230,40,full,_oHCPmXrt0djAr5BlicC2w,True,2023-09,same pano,0,unvalidated,True,False,True,True,False,True,True
gainesville:27232,27232,40,full,eoU5YNdjuVYPzH3sSdS9ZQ,True,2023-09,same pano,0,unvalidated,True,True,False,False,True,True,False
gainesville:27234,27234,40,full,eoU5YNdjuVYPzH3sSdS9ZQ,True,2023-09,same pano,0,unvalidated,True,True,True,True,True,True,False
gainesville:27237,27237,40,full,R8cSvVTdoyLJONYJra-zvg,True,2024-06,same pano,0,unvalidated,True,False,False,False,False,False,False
gainesville:27238,27238,40,full,ToH3-KaALaj32I-hZSBqoA,True,2016-07,same pano,0,unvalidated,True,True,True,True,True,True,True
gainesville:27239,27239,32,full,zNSaPzTykVzq_FPbkc19Yg,True,2026-02,same pano,0,unvalidated,True,True,False,True,True,False,True
gainesville:27241,27241,40,full,zNSaPzTykVzq_FPbkc19Yg,True,2026-02,same pano,0,unvalidated,True,True,True,True,True,True,True
gainesville:27242,27242,32,full,1H4qmFH0Kk0MFE6jGfJNBw,True,2026-02,same pano,0,unvalidated,True,False,False,False,False,False,False
gainesville:27244,27244,32,full,1H4qmFH0Kk0MFE6jGfJNBw,True,2026-02,same pano,0,unvalidated,True,True,False,False,False,False,False
gainesville:27245,27245,40,full,-eElrMB_1p8gy7IXWqtMTA,False,2026-02,newer than ours,-29,unvalidated,True,,False,False,,False,False
gainesville:27248,27248,32,full,_Mc5F87Ev7XqRI5QE7j4_w,False,2026-02,same month,0,unvalidated,True,,True,True,,True,True
gainesville:27252,27252,32,full,8ziNrQZV1ZGgxBhEw9eLXA,False,2025-04,same month,0,unvalidated,True,,False,False,,False,False
gainesville:27255,27255,32,full,8ziNrQZV1ZGgxBhEw9eLXA,False,2025-04,same month,0,unvalidated,True,,True,True,,True,True
gainesville:27257,27257,40,full,E9g_pSL5oGj2DiTKvamTpA,True,2023-09,same pano,0,unvalidated,True,True,True,True,True,True,True
gainesville:27259,27259,40,full,E9g_pSL5oGj2DiTKvamTpA,True,2023-09,same pano,0,unvalidated,True,True,True,True,True,True,True
gainesville:27260,27260,40,full,E9g_pSL5oGj2DiTKvamTpA,True,2023-09,same pano,0,unvalidated,,False,True,True,False,False,False
gainesville:27262,27262,40,full,E9g_pSL5oGj2DiTKvamTpA,True,2023-09,same pano,0,unvalidated,,True,True,True,True,True,True
gainesville:27263,27263,40,full,MV7e35XMi5nONO9Nv09Vfw,True,2023-09,same pano,0,unvalidated,True,False,True,True,False,False,False
gainesville:27265,27265,40,full,MV7e35XMi5nONO9Nv09Vfw,True,2023-09,same pano,0,unvalidated,True,True,True,True,True,True,True
gainesville:27266,27266,40,full,BU8vh2tF9f6reB3HAdDoIQ,True,2023-09,same pano,0,unvalidated,False,False,True,True,False,False,False
gainesville:27268,27268,40,full,BU8vh2tF9f6reB3HAdDoIQ,True,2023-09,same pano,0,unvalidated,,False,True,True,False,False,False
gainesville:27269,27269,40,full,RU48ANm8Lfm40Mwquu-UfQ,True,2023-09,same pano,0,unvalidated,False,True,True,True,True,True,True
gainesville:27270,27270,40,full,RU48ANm8Lfm40Mwquu-UfQ,True,2023-09,same pano,0,unvalidated,True,True,True,True,True,True,True
gainesville:27271,27271,40,full,FXZopq4kp5UBxzGt55_Jlw,True,2023-09,same pano,0,unvalidated,True,False,True,True,False,False,False
gainesville:27273,27273,40,full,FXZopq4kp5UBxzGt55_Jlw,True,2023-09,same pano,0,unvalidated,,True,True,True,True,True,True
gainesville:27275,27275,40,full,vUbAaKzr4TJ88qVdG1jXAQ,True,2023-09,same pano,0,unvalidated,,False,True,True,False,True,True
gainesville:27276,27276,40,full,hd3NcUmoj4D4mDdiokKvhw,True,2023-09,same pano,0,unvalidated,True,True,True,True,True,True,True
gainesville:27278,27278,40,full,_cDH8xaxsnuDw2JuvLRkeg,True,2018-10,same pano,0,unvalidated,True,True,True,True,True,True,True
gainesville:27280,27280,40,full,_cDH8xaxsnuDw2JuvLRkeg,True,2018-10,same pano,0,unvalidated,True,True,True,True,True,True,True
gainesville:27281,27281,40,full,y3rTdNgQg_crX1lqLpSpXg,True,2026-02,same pano,0,unvalidated,True,True,True,False,True,True,True
gainesville:27284,27284,44,full,pv4rMXQR6rbK-lCqeSoc3w,True,2026-02,same pano,0,unvalidated,True,True,True,True,True,True,True
gainesville:27287,27287,44,full,NYYW5nXJVu4xilMQg2-ZgQ,False,2025-04,1-18 mo older,10,unvalidated,True,,True,True,,True,True
gainesville:27290,27290,24,full,dWXcx5cU52onIYDUVZizmw,True,2025-04,same pano,0,unvalidated,True,False,True,True,False,False,False
gainesville:27293,27293,24,full,p-7EbAaxorAar9fwjCUxKA,True,2025-04,same pano,0,unvalidated,True,False,True,True,False,True,False
gainesville:27296,27296,40,full,BAIVgj6MXXKqu2sCDeoPyg,True,2026-02,same pano,0,unvalidated,True,True,True,True,True,True,True
gainesville:27298,27298,40,full,DyyC0zEwmi1aypM2nunqFA,True,2026-02,same pano,0,unvalidated,True,True,False,True,True,False,True
gainesville:27300,27300,16,full,QGLxKEMODW3iWQ58I5J7vg,False,2026-02,same month,0,unvalidated,True,,False,False,,False,False
gainesville:27301,27301,16,full,QGLxKEMODW3iWQ58I5J7vg,False,2026-02,newer than ours,-16,agreed,True,,False,False,,False,False
gainesville:27303,27303,16,full,rSTGvHopjvIClaY82NIhLw,True,2026-03,same pano,0,unvalidated,True,True,True,True,True,False,True
gainesville:27306,27306,40,full,rSTGvHopjvIClaY82NIhLw,True,2026-03,same pano,0,unvalidated,True,True,True,True,False,True,True
gainesville:27307,27307,40,full,rSTGvHopjvIClaY82NIhLw,True,2026-03,same pano,0,unvalidated,True,True,True,True,True,True,True
gainesville:27309,27309,40,full,ohYheoWcNGnx6xVZtJgf7Q,False,2026-02,1-18 mo older,1,unvalidated,True,,True,True,,True,True
gainesville:27312,27312,16,full,DFvrJ6zMhUkp6UGXtVIgdg,False,2026-03,same month,0,unvalidated,True,,True,False,,True,False
gainesville:27314,27314,16,full,DFvrJ6zMhUkp6UGXtVIgdg,False,2026-03,newer than ours,-1,unvalidated,True,,False,True,,False,True
gainesville:27323,27323,23,full,7vcx_WHKAuUn854R8P85Tg,True,2026-01,same pano,0,unvalidated,True,True,True,True,True,True,True
gainesville:27324,27324,23,full,nTUUDe-THHZ9XG6tbN604A,True,2026-01,same pano,0,unvalidated,True,True,True,True,True,True,True
gainesville:27325,27325,23,full,ovclxHCiR_URHsgLjaEqbg,True,2026-01,same pano,0,unvalidated,,False,True,True,False,True,True
gainesville:27326,27326,23,full,HAoj2yq2JVoS6Nkgq5VJJA,True,2026-01,same pano,0,unvalidated,,False,True,True,False,False,False
gainesville:27327,27327,150,full,T4UGFuG8k3cNAUuQdFbV4A,False,2026-01,same month,0,unvalidated,True,,False,False,,False,False
gainesville:27329,27329,150,full,T4UGFuG8k3cNAUuQdFbV4A,False,2026-01,same month,0,unvalidated,True,,False,True,,False,False
gainesville:27331,27331,23,full,gUzg-b2-5SiuUtJBO1wCVw,True,2026-01,same pano,0,unvalidated,True,False,True,False,False,False,False
gainesville:27332,27332,23,full,gUzg-b2-5SiuUtJBO1wCVw,True,2026-01,same pano,0,unvalidated,True,True,False,True,False,False,False
gainesville:27335,27335,150,full,9V7zkt4mu-N7Cuc8t0k9ZQ,True,2026-01,same pano,0,agreed,True,True,True,True,False,True,True
gainesville:27336,27336,150,full,9V7zkt4mu-N7Cuc8t0k9ZQ,True,2026-01,same pano,0,unvalidated,True,True,True,True,False,True,True
gainesville:27339,27339,150,full,UCfCMP9jpwkpP13PmbQGPA,False,2026-01,same month,0,unvalidated,True,,True,True,,True,True
gainesville:27340,27340,150,full,UCfCMP9jpwkpP13PmbQGPA,False,2026-01,same month,0,agreed,True,,False,False,,False,False
gainesville:27343,27343,23,full,gYBwyXAcaRKNRp0jADxKlA,False,2025-04,newer than ours,-10,unvalidated,True,,False,False,,False,False
gainesville:27345,27345,23,full,gYBwyXAcaRKNRp0jADxKlA,False,2025-04,newer than ours,-10,unvalidated,True,,False,True,,False,True
gainesville:27346,27346,23,full,BF83nHVbkBjiejRryfz_mw,True,2024-06,same pano,0,unvalidated,True,True,False,True,True,False,True
gainesville:27348,27348,23,full,BF83nHVbkBjiejRryfz_mw,True,2024-06,same pano,0,unvalidated,,False,False,False,False,False,False
gainesville:27349,27349,23,full,kCa4AjPZ3dkvCIY2SjZECw,True,2026-01,same pano,0,unvalidated,True,True,True,True,True,True,True
gainesville:27351,27351,23,full,STGhozfoCgaDyxPbFYmM3w,True,2026-01,same pano,0,unvalidated,True,True,True,True,True,True,True
gainesville:27352,27352,23,full,G_l5QBjLPgLR8nCIpHrVVg,True,2026-01,same pano,0,unvalidated,True,True,True,True,True,True,True
gainesville:27354,27354,23,full,G_l5QBjLPgLR8nCIpHrVVg,True,2026-01,same pano,0,unvalidated,True,True,True,True,False,True,True
gainesville:27362,27362,23,full,qh4wpFxyox3LY5utdPBBew,False,2026-02,newer than ours,-1,unvalidated,True,,False,False,,False,False
gainesville:27363,27363,23,full,qh4wpFxyox3LY5utdPBBew,False,2026-02,newer than ours,-1,unvalidated,,,False,False,,False,False
gainesville:27366,27366,23,full,qh4wpFxyox3LY5utdPBBew,False,2026-02,same month,0,unvalidated,True,,True,True,,False,True
gainesville:27368,27368,58,full,qh4wpFxyox3LY5utdPBBew,False,2026-02,same month,0,unvalidated,True,,True,False,,True,False
gainesville:27371,27371,150,full,HQ1Cmlws0-sPwE4wsZr-fw,False,2025-04,newer than ours,-25,agreed,True,,False,False,,False,False
gainesville:27372,27372,150,full,HQ1Cmlws0-sPwE4wsZr-fw,False,2025-04,1-18 mo older,10,unvalidated,True,,False,False,,False,False
gainesville:27375,27375,150,full,HAD7VhN2MFbfT5AiQr_3cg,False,2025-04,1-18 mo older,10,unvalidated,True,,False,False,,False,False
gainesville:27376,27376,150,full,HAD7VhN2MFbfT5AiQr_3cg,False,2025-04,1-18 mo older,10,unvalidated,True,,False,False,,False,False
gainesville:27385,27385,93,full,8HhiytVqc5gdd-LIej0krQ,True,2026-01,same pano,0,unvalidated,True,True,True,False,True,True,False
gainesville:27387,27387,23,full,8HhiytVqc5gdd-LIej0krQ,True,2026-01,same pano,0,unvalidated,True,True,True,False,True,True,False
gainesville:27389,27389,93,full,rVkEG8JaWhblCzL95O0G8g,False,2026-02,newer than ours,-44,unvalidated,True,,False,False,,False,False
gainesville:27391,27391,93,full,rVkEG8JaWhblCzL95O0G8g,False,2026-02,newer than ours,-44,unvalidated,True,,False,False,,False,False
gainesville:27393,27393,93,full,HUQEVLn3-YGMSHRcoxkN3A,False,2026-02,newer than ours,-44,unvalidated,True,,False,False,,False,False
gainesville:27395,27395,93,full,HUQEVLn3-YGMSHRcoxkN3A,False,2026-02,newer than ours,-44,unvalidated,True,,False,False,,False,False
gainesville:27397,27397,93,full,SLng85gYhJ4E1Ggh0DSV9Q,True,2026-01,same pano,0,unvalidated,True,False,True,False,False,True,False
gainesville:27399,27399,93,full,SLng85gYhJ4E1Ggh0DSV9Q,True,2026-01,same pano,0,unvalidated,,False,True,True,False,True,True
gainesville:27400,27400,46,full,QdpuQDmle5XjuBIq0IUVGw,False,2026-02,same month,0,unvalidated,True,,True,True,,True,True
gainesville:27401,27401,46,full,QdpuQDmle5XjuBIq0IUVGw,False,2026-02,same month,0,unvalidated,True,,True,True,,True,True
gainesville:27404,27404,46,full,EBoQCYNSgdQfweprlLKOBw,True,2026-02,same pano,0,unvalidated,True,True,True,True,True,True,True
gainesville:27405,27405,46,full,EBoQCYNSgdQfweprlLKOBw,True,2026-02,same pano,0,unvalidated,True,True,True,True,True,True,True
gainesville:27406,27406,46,full,LbB5W6Gl2rZRf6IQnEbEEg,False,2026-02,same month,0,unvalidated,True,,True,True,,True,True
gainesville:27408,27408,46,full,LbB5W6Gl2rZRf6IQnEbEEg,False,2026-02,same month,0,unvalidated,True,,True,True,,True,True
gainesville:27410,27410,46,full,LbB5W6Gl2rZRf6IQnEbEEg,False,2026-02,same month,0,unvalidated,True,,True,True,,True,True
gainesville:27412,27412,46,full,LbB5W6Gl2rZRf6IQnEbEEg,False,2026-02,same month,0,unvalidated,True,,True,True,,True,True
gainesville:27419,27419,46,full,FRH2mQiSuEQzCPAj7XkCTw,False,2026-02,same month,0,unvalidated,True,,True,True,,True,True
gainesville:27421,27421,46,full,FRH2mQiSuEQzCPAj7XkCTw,False,2026-02,newer than ours,-16,unvalidated,True,,True,True,,True,True
gainesville:27423,27423,46,full,FRH2mQiSuEQzCPAj7XkCTw,False,2026-02,same month,0,unvalidated,True,,True,True,,True,True
gainesville:27424,27424,46,full,kMF_exTIRL1nQIxL2qdGzA,True,2026-02,same pano,0,unvalidated,,True,True,True,False,True,True
gainesville:27425,27425,46,full,kMF_exTIRL1nQIxL2qdGzA,True,2026-02,same pano,0,unvalidated,,True,True,True,True,True,True
gainesville:27427,27427,46,full,FVQu_9_Rdl02M6a2mHsYyA,False,2026-02,newer than ours,-16,unvalidated,False,,True,True,,True,True
gainesville:27428,27428,46,full,FVQu_9_Rdl02M6a2mHsYyA,False,2026-02,newer than ours,-16,unvalidated,True,,True,True,,True,True
gainesville:27431,27431,46,full,ZIWAACTxuo0bdH-GCOYc1g,False,2026-02,newer than ours,-16,unvalidated,True,,True,True,,True,True
gainesville:27433,27433,46,full,ZIWAACTxuo0bdH-GCOYc1g,False,2026-02,same month,0,unvalidated,False,,True,True,,True,True
gainesville:27434,27434,46,full,na4gSuKkgVV6l6BOAnX0Aw,False,2026-02,same month,0,unvalidated,True,,True,True,,True,True
gainesville:27436,27436,46,full,na4gSuKkgVV6l6BOAnX0Aw,False,2026-02,same month,0,unvalidated,True,,True,True,,True,True
gainesville:27438,27438,46,full,na4gSuKkgVV6l6BOAnX0Aw,False,2026-02,same month,0,unvalidated,True,,True,True,,True,True
gainesville:27440,27440,46,full,na4gSuKkgVV6l6BOAnX0Aw,False,2026-02,same month,0,unvalidated,True,,True,True,,True,True
gainesville:27442,27442,46,full,95aMTk2FaIiF4ycYXAOgAw,False,2026-02,same month,0,unvalidated,True,,True,True,,True,True
gainesville:27444,27444,46,full,95aMTk2FaIiF4ycYXAOgAw,False,2026-02,same month,0,unvalidated,True,,True,True,,True,True
gainesville:27446,27446,46,full,95aMTk2FaIiF4ycYXAOgAw,False,2026-02,same month,0,unvalidated,True,,True,True,,True,True
gainesville:27448,27448,46,full,hDvad9oNAsuP-4rJUi1zXA,False,2026-02,newer than ours,-20,unvalidated,True,,True,True,,True,True
gainesville:27452,27452,16,full,4_bmxpi3InubVvwOh9Wb_w,True,2026-03,same pano,0,unvalidated,True,True,True,True,False,True,True
gainesville:27454,27454,16,full,FyhIVU4fgxhKMpptywxdFg,True,2026-03,same pano,0,unvalidated,True,False,False,True,False,False,True
gainesville:27456,27456,46,full,FyhIVU4fgxhKMpptywxdFg,True,2026-03,same pano,0,unvalidated,True,False,True,True,False,True,False
gainesville:27458,27458,16,full,4_bmxpi3InubVvwOh9Wb_w,True,2026-03,same pano,0,unvalidated,True,False,False,True,False,False,False
gainesville:27460,27460,46,full,glI1NbKuXXfi-6AuBfe0lg,False,2026-02,same month,0,unvalidated,True,,True,True,,True,True
gainesville:27462,27462,46,full,glI1NbKuXXfi-6AuBfe0lg,False,2026-02,same month,0,unvalidated,True,,True,True,,True,True
gainesville:27472,27472,46,full,RFx8LnV1ijbLo13YL0pCJw,False,2026-02,newer than ours,-16,unvalidated,True,,True,True,,True,True
gainesville:27474,27474,46,full,RFx8LnV1ijbLo13YL0pCJw,False,2026-02,same month,0,unvalidated,True,,True,True,,True,True
gainesville:27476,27476,46,full,RFx8LnV1ijbLo13YL0pCJw,False,2026-02,same month,0,unvalidated,True,,True,True,,True,True
gainesville:27478,27478,46,full,RFx8LnV1ijbLo13YL0pCJw,False,2026-02,newer than ours,-16,unvalidated,True,,True,True,,True,True
gainesville:27480,27480,46,full,KJ8a0DgtXsNCcrm52hXcHA,True,2026-02,same pano,0,unvalidated,True,False,False,True,False,False,True
gainesville:27482,27482,46,full,KJ8a0DgtXsNCcrm52hXcHA,True,2026-02,same pano,0,unvalidated,True,True,False,False,False,False,False
gainesville:27484,27484,47,full,KJ8a0DgtXsNCcrm52hXcHA,True,2026-02,same pano,0,unvalidated,True,True,False,True,True,False,True
gainesville:27486,27486,47,full,KJ8a0DgtXsNCcrm52hXcHA,True,2026-02,same pano,0,unvalidated,True,True,False,True,True,False,True
gainesville:27488,27488,16,full,5ZMF5sq87Ynj05uXe3hs0Q,True,2026-03,same pano,0,unvalidated,,False,True,True,False,True,True
gainesville:27490,27490,16,full,5ZMF5sq87Ynj05uXe3hs0Q,True,2026-03,same pano,0,unvalidated,True,True,False,False,True,True,False
gainesville:27492,27492,16,full,5ZMF5sq87Ynj05uXe3hs0Q,True,2026-03,same pano,0,unvalidated,True,True,True,True,True,True,True
gainesville:27494,27494,16,full,5ZMF5sq87Ynj05uXe3hs0Q,True,2026-03,same pano,0,unvalidated,True,True,True,True,True,True,True
gainesville:27496,27496,46,full,kf-jEd9_5OgC4QWcQkfKPQ,True,2024-06,same pano,0,unvalidated,True,True,True,True,True,True,True
gainesville:27497,27497,46,full,kf-jEd9_5OgC4QWcQkfKPQ,True,2024-06,same pano,0,unvalidated,True,True,True,True,True,True,True
gainesville:27498,27498,46,full,ns-WkzOQgvHHv2w5dedt0A,True,2024-06,same pano,0,unvalidated,True,True,True,True,True,True,True
gainesville:27501,27501,46,full,echLJ3x2BxXepNFRUOm6xg,True,2026-03,same pano,0,unvalidated,True,True,True,False,True,True,False
gainesville:27505,27505,40,full,5GsQ4rdZvmTwTa2dG0T-pw,True,2024-06,same pano,0,unvalidated,True,True,True,True,True,True,True
gainesville:27508,27508,40,full,5GsQ4rdZvmTwTa2dG0T-pw,True,2024-06,same pano,0,unvalidated,True,False,True,True,False,False,True
gainesville:27511,27511,46,full,A6VNygB-ILVGYuV0gRLosA,False,2026-02,newer than ours,-16,unvalidated,True,,True,True,,True,True
gainesville:27512,27512,46,full,A6VNygB-ILVGYuV0gRLosA,False,2026-02,same month,0,unvalidated,True,,True,True,,True,True
gainesville:27515,27515,40,full,wqc7HtdSXWDdw69s6lqGSA,False,2026-02,same month,0,unvalidated,True,,True,True,,True,True
gainesville:27519,27519,40,full,BZX8x9qUU4YRXq_MYmSPsw,False,2026-02,newer than ours,-16,unvalidated,True,,True,True,,True,True
gainesville:27527,27527,40,full,PRq53KuTJMpJVrIUkj4eSg,False,2026-02,newer than ours,-16,unvalidated,True,,True,True,,True,True
gainesville:27528,27528,46,full,PRq53KuTJMpJVrIUkj4eSg,False,2026-02,newer than ours,-16,unvalidated,True,,True,True,,True,True
gainesville:27530,27530,47,full,cDApY9kZGTw18ZFxoHuZ6w,True,2026-02,same pano,0,unvalidated,True,True,True,True,True,True,True
gainesville:27538,27538,46,full,yQOkeKGLo1dFuhOO7BFRFg,True,2026-03,same pano,0,unvalidated,True,False,True,True,False,True,True
gainesville:27540,27540,46,full,yQOkeKGLo1dFuhOO7BFRFg,True,2026-03,same pano,0,unvalidated,True,True,True,True,True,True,True
gainesville:27541,27541,46,full,gdutBtC3aHGBj2tHDXqAyA,True,2026-02,same pano,0,unvalidated,True,False,True,True,False,False,True
gainesville:27543,27543,46,full,XRU68o5ry-3ErgAc5g8JDw,True,2026-03,same pano,0,unvalidated,True,False,True,True,False,True,True
gainesville:27545,27545,46,full,orILwQ4IpyXs1vJPdEusjg,True,2026-02,same pano,0,unvalidated,True,False,False,True,False,True,True
gainesville:27548,27548,16,full,XRU68o5ry-3ErgAc5g8JDw,True,2026-03,same pano,0,unvalidated,True,True,True,True,True,True,True
gainesville:27552,27552,16,full,XGGsAiZaHZsgl2A__x6LWg,True,2026-03,same pano,0,unvalidated,True,True,True,False,True,True,False
gainesville:27554,27554,16,full,XGGsAiZaHZsgl2A__x6LWg,True,2026-03,same pano,0,unvalidated,True,True,True,False,False,True,False
gainesville:27556,27556,16,full,bexaauQsHW20YEGxd25F4A,True,2026-03,same pano,0,unvalidated,True,True,True,True,True,True,True
gainesville:27558,27558,46,full,bexaauQsHW20YEGxd25F4A,True,2026-03,same pano,0,unvalidated,True,False,True,True,False,True,True
gainesville:27560,27560,46,full,bexaauQsHW20YEGxd25F4A,True,2026-03,same pano,0,unvalidated,True,True,True,True,True,True,True
gainesville:27562,27562,16,full,bexaauQsHW20YEGxd25F4A,True,2026-03,same pano,0,unvalidated,True,True,True,True,True,True,True
gainesville:27571,27571,46,full,hMDxPZlPnZJ1YzmzqQE-VQ,False,2026-02,newer than ours,-16,unvalidated,True,,True,True,,True,True
gainesville:27573,27573,46,full,hMDxPZlPnZJ1YzmzqQE-VQ,False,2026-02,newer than ours,-16,unvalidated,,,True,True,,True,True
gainesville:27574,27574,46,full,-hzdH9Kmii0nxB3707faHw,False,2024-06,newer than ours,-199,unvalidated,True,,True,True,,True,True
gainesville:27577,27577,46,full,-hzdH9Kmii0nxB3707faHw,False,2024-06,newer than ours,-199,unvalidated,True,,True,True,,True,True
gainesville:27578,27578,46,full,9_Emr78eNwV6LD1FjY6xlw,False,2026-02,same month,0,unvalidated,,,True,True,,True,True
gainesville:27580,27580,46,full,9_Emr78eNwV6LD1FjY6xlw,False,2026-02,same month,0,unvalidated,,,False,False,,True,False
gainesville:27581,27581,46,full,_DqEkjrHSNnGnm9h7r_HGQ,False,2026-02,same month,0,unvalidated,,,True,True,,True,True
gainesville:27582,27582,46,full,8-rqITE54dIof-IZaYy2uA,False,2026-02,same month,0,unvalidated,,,True,True,,False,False
gainesville:27583,27583,47,full,nfStRakr5dcCNuyAWDzhIQ,True,2026-03,same pano,0,unvalidated,True,False,True,False,False,True,False
gainesville:27585,27585,46,full,nfStRakr5dcCNuyAWDzhIQ,True,2026-03,same pano,0,unvalidated,True,False,True,True,False,True,True
gainesville:27586,27586,46,full,567smBsols76XxwXEs3CeA,True,2026-03,same pano,0,unvalidated,True,False,True,True,False,True,True
gainesville:27587,27587,46,full,cYu4ay6Q4RRqSoQeOXOAug,True,2026-03,same pano,0,unvalidated,,False,True,False,False,False,False
gainesville:27588,27588,46,full,gYCcqQ5eAzje4xcC_hh5YA,True,2026-03,same pano,0,unvalidated,True,True,True,True,True,True,True
gainesville:27589,27589,47,full,gYCcqQ5eAzje4xcC_hh5YA,True,2026-03,same pano,0,unvalidated,True,True,True,True,True,True,True
gainesville:27591,27591,47,full,JNmRciwPcG1QGYmJo7bF7w,True,2026-03,same pano,0,agreed,True,False,True,True,False,True,True
gainesville:27592,27592,46,full,JNmRciwPcG1QGYmJo7bF7w,True,2026-03,same pano,0,unvalidated,True,False,False,True,False,False,True
gainesville:27593,27593,46,full,JNmRciwPcG1QGYmJo7bF7w,True,2026-03,same pano,0,unvalidated,True,False,True,True,False,True,True
gainesville:27606,27606,46,full,c0JIeARjOmjOSgSCScTJdw,False,2026-02,same month,0,unvalidated,True,,True,True,,True,True
gainesville:27607,27607,46,full,c0JIeARjOmjOSgSCScTJdw,False,2026-02,same month,0,unvalidated,,,True,True,,True,True
gainesville:27608,27608,16,full,yLtP30tNbuldiFvVYIKB9Q,True,2026-03,same pano,0,unvalidated,,False,True,True,False,True,True
gainesville:27613,27613,16,full,yLtP30tNbuldiFvVYIKB9Q,True,2026-03,same pano,0,unvalidated,True,True,True,True,True,True,True
gainesville:27615,27615,40,full,Xp37qTw5JpPHTXTq-bsjEg,True,2026-02,same pano,0,unvalidated,True,True,True,False,True,True,False
gainesville:27618,27618,46,full,Xp37qTw5JpPHTXTq-bsjEg,True,2026-02,same pano,0,unvalidated,True,True,False,False,True,False,False
gainesville:27621,27621,16,full,4Oq9nghFH3gmqsCu0jzxzg,True,2026-03,same pano,0,unvalidated,,False,True,True,False,True,True
gainesville:27694,27694,93,full,0IH1tL7CETuuGvPBtRBisQ,True,2024-06,same pano,0,unvalidated,True,True,True,False,False,True,False
gainesville:27695,27695,93,full,9i1DQNIMQjIKMNLJrh0pcA,True,2026-01,same pano,0,unvalidated,True,True,True,False,True,True,False
gainesville:27696,27696,49,full,kj80gc0X_OrIBhbvNPm1IA,True,2026-02,same pano,0,unvalidated,True,True,True,True,True,True,True
gainesville:27698,27698,49,full,kj80gc0X_OrIBhbvNPm1IA,True,2026-02,same pano,0,unvalidated,True,True,True,True,True,True,True
gainesville:27699,27699,49,full,dbQsKAHRVifI9YsC4mKtfw,True,2026-02,same pano,0,unvalidated,True,True,True,True,True,True,True
gainesville:27701,27701,49,full,SQ8gSd5NGjFJcbsOrVonJw,True,2026-02,same pano,0,unvalidated,True,True,True,True,True,True,True
gainesville:27702,27702,49,full,SQ8gSd5NGjFJcbsOrVonJw,True,2026-02,same pano,0,agreed,True,True,True,True,True,True,True
gainesville:27704,27704,49,full,SQ8gSd5NGjFJcbsOrVonJw,True,2026-02,same pano,0,unvalidated,True,True,True,True,True,True,True
gainesville:27705,27705,49,full,K11Rra_0Du59wL8duI6PtQ,True,2026-02,same pano,0,unvalidated,,True,True,True,True,True,True
gainesville:27707,27707,49,full,5V9RR3trVtEQjkgTxYC4jA,True,2026-02,same pano,0,unvalidated,True,True,True,True,False,False,False
gainesville:27708,27708,49,full,WgWFW9wlFg-uuOvAqaA7_Q,True,2026-02,same pano,0,unvalidated,True,True,True,True,False,True,True
gainesville:27710,27710,49,full,WgWFW9wlFg-uuOvAqaA7_Q,True,2026-02,same pano,0,unvalidated,True,True,True,True,True,True,True
gainesville:27712,27712,49,full,viTw6lMM2RNq0upgLqqK5g,False,2026-02,same month,0,unvalidated,,,False,True,,False,True
gainesville:27713,27713,49,full,viTw6lMM2RNq0upgLqqK5g,False,2026-02,same month,0,unvalidated,True,,True,True,,True,True
gainesville:27714,27714,49,full,p4AyMOGT1BanzHR3_QKiSg,True,2026-02,same pano,0,unvalidated,True,True,True,True,True,True,True
gainesville:27716,27716,49,full,p4AyMOGT1BanzHR3_QKiSg,True,2026-02,same pano,0,unvalidated,True,False,True,False,False,True,False
gainesville:27718,27718,49,full,mQIjyRgadYG40TXCPHXKiA,False,2026-01,same month,0,unvalidated,True,,True,True,,True,True
gainesville:27720,27720,49,full,WK1VShAcE0Kn0DlKm6whVg,False,2026-01,same month,0,unvalidated,True,,True,True,,False,False
gainesville:27721,27721,49,full,nAPaxVu9zuROD3NkpGXb1w,False,2026-01,same month,0,unvalidated,,,False,False,,True,True
gainesville:27722,27722,49,full,ahCXSOJ3MogwOu6igr3RBA,False,2026-01,same month,0,unvalidated,True,,True,True,,False,True
gainesville:27725,27725,49,full,EzKYR2jkxaIqfiwcqRWApg,False,2026-01,same month,0,unvalidated,,,True,True,,True,True
gainesville:27726,27726,49,full,EzKYR2jkxaIqfiwcqRWApg,False,2026-01,same month,0,unvalidated,,,True,True,,True,True
gainesville:27727,27727,49,full,CY5hvT4tLSO7eB9YE-HnEQ,True,2026-02,same pano,0,unvalidated,True,True,True,True,True,True,True
gainesville:27728,27728,49,full,w6g3N7ElGLQG8hPcnjOpBQ,True,2026-02,same pano,0,unvalidated,False,True,True,True,True,True,True
gainesville:27781,27781,49,full,DFEAEfvCU6RJf8z_3mWOrg,False,2026-02,same month,0,unvalidated,True,,True,True,,True,False
gainesville:27784,27784,49,full,NaFSB8N-a8_eRZfftsx9Mw,False,2026-02,same month,0,unvalidated,,,True,True,,True,True
gainesville:27785,27785,49,full,NaFSB8N-a8_eRZfftsx9Mw,False,2026-02,same month,0,unvalidated,True,,True,True,,True,True
gainesville:27786,27786,49,full,_ZfygxWCSxfeLnE3FmFp7g,False,2026-02,same month,0,unvalidated,,,True,True,,True,True
gainesville:27789,27789,49,full,ixDvhVOus-Uxl0NF0Lvrbg,False,2026-02,same month,0,unvalidated,True,,True,False,,True,False
gainesville:27806,27806,49,full,UsPcr9rlIbNpoX6xfGavrg,True,2026-02,same pano,0,unvalidated,True,True,True,True,True,True,True
gainesville:27807,27807,49,full,UsPcr9rlIbNpoX6xfGavrg,True,2026-02,same pano,0,unvalidated,True,True,True,True,True,True,True
gainesville:27821,27821,49,full,-giOsamN_WC4CdZ1Uq-hZA,False,2026-02,same month,0,unvalidated,True,,True,True,,True,True
gainesville:27823,27823,56,full,4e2xFOA8rKclKL5h0C8p0w,False,2026-02,same month,0,unvalidated,True,,True,True,,True,True
gainesville:27845,27845,49,full,x05bUPa7rOtiOcDImMS5Yw,False,2026-02,newer than ours,-1,unvalidated,True,,False,False,,False,False
gainesville:27848,27848,22,full,dCFns8RKXzr_LGfkZHMzmg,False,2026-01,same month,0,unvalidated,True,,False,False,,False,False
gainesville:27852,27852,22,full,dCFns8RKXzr_LGfkZHMzmg,False,2026-01,same month,0,unvalidated,True,,False,False,,False,False
gainesville:27854,27854,22,full,dCFns8RKXzr_LGfkZHMzmg,False,2026-01,same month,0,unvalidated,True,,True,False,,False,False
gainesville:27856,27856,49,full,WTt22XWKpKI98hn1HYqDLQ,False,2026-01,same month,0,unvalidated,,,True,True,,True,True
gainesville:27857,27857,49,full,ka_IpMv8ILwFjJMWInG6Fg,False,2026-01,same month,0,unvalidated,,,True,True,,True,True
gainesville:27858,27858,49,full,ka_IpMv8ILwFjJMWInG6Fg,False,2026-01,same month,0,unvalidated,False,,True,True,,True,True
gainesville:27859,27859,49,full,ka_IpMv8ILwFjJMWInG6Fg,False,2026-01,same month,0,unvalidated,False,,True,True,,True,True
gainesville:27860,27860,49,full,5KHWem7rSFpIA1C5h-jfPA,False,2026-02,same month,0,unvalidated,,,True,True,,False,False
gainesville:27862,27862,49,full,5KHWem7rSFpIA1C5h-jfPA,False,2026-02,same month,0,unvalidated,True,,True,True,,True,True
gainesville:27864,27864,49,full,QXqZGR78HRNsG8LzeF-K0Q,True,2026-02,same pano,0,unvalidated,,True,True,False,False,False,False
gainesville:27865,27865,49,full,QXqZGR78HRNsG8LzeF-K0Q,True,2026-02,same pano,0,unvalidated,True,False,False,True,False,False,False
gainesville:27866,27866,49,full,9-GC-U1lBVwJmdl0lSwUww,False,2026-02,same month,0,unvalidated,True,,True,True,,True,True
gainesville:27868,27868,49,full,KVQ3lrn-Lv36OUaERPP_eQ,False,2026-02,same month,0,unvalidated,True,,True,True,,False,True
gainesville:27869,27869,49,full,KVQ3lrn-Lv36OUaERPP_eQ,False,2026-02,same month,0,unvalidated,,,True,False,,True,False
gainesville:27871,27871,49,full,KVQ3lrn-Lv36OUaERPP_eQ,False,2026-02,same month,0,unvalidated,True,,True,False,,False,False
gainesville:27872,27872,49,full,3RjhCRXETKPCUZo9auyeBg,False,2026-02,newer than ours,-44,unvalidated,True,,True,True,,True,True
gainesville:27874,27874,49,full,3RjhCRXETKPCUZo9auyeBg,False,2026-02,newer than ours,-44,unvalidated,True,,True,True,,True,True
gainesville:27875,27875,49,full,3RjhCRXETKPCUZo9auyeBg,False,2026-02,same month,0,unvalidated,True,,True,True,,True,True
gainesville:27877,27877,49,full,3RjhCRXETKPCUZo9auyeBg,False,2026-02,same month,0,unvalidated,True,,True,False,,False,True
gainesville:27878,27878,49,full,KwFfrbw-KUrwBUBSEUEkHg,False,2026-02,same month,0,unvalidated,True,,True,True,,True,True
gainesville:27880,27880,49,full,KwFfrbw-KUrwBUBSEUEkHg,False,2026-02,same month,0,unvalidated,True,,True,True,,True,True
gainesville:27881,27881,49,full,Dkn3_PX-zuR69E1hOO9mxQ,False,2026-02,same month,0,unvalidated,True,,False,False,,False,False
gainesville:27883,27883,49,full,Y8mUi6lH8pW4ml55X4L85Q,False,2026-02,same month,0,unvalidated,True,,True,True,,False,False
gainesville:27886,27886,49,full,kieH51wJrxmIP2rPYGiDrg,False,2025-04,newer than ours,-34,agreed,True,,True,True,,True,True
gainesville:27887,27887,49,full,kZTksKmhwp1xJib0AgV6lw,False,2025-04,newer than ours,-34,unvalidated,,,True,True,,True,True
gainesville:27889,27889,20,full,XZJL_3XT18N1BG3drISDTQ,False,2026-02,newer than ours,-10,unvalidated,True,,True,True,,False,True
gainesville:27890,27890,20,full,XZJL_3XT18N1BG3drISDTQ,False,2026-02,newer than ours,-10,unvalidated,True,,True,True,,True,False
gainesville:27892,27892,20,full,XZJL_3XT18N1BG3drISDTQ,False,2026-02,same month,0,unvalidated,True,,True,True,,True,True
gainesville:27894,27894,20,full,XZJL_3XT18N1BG3drISDTQ,False,2026-02,same month,0,unvalidated,True,,True,True,,True,True
gainesville:27896,27896,20,full,yd2ykWADQpRGnSjhfo3a2g,False,2025-04,same month,0,unvalidated,True,,True,True,,True,True
gainesville:27900,27900,49,full,ZyLzsPOTwjxnbju3moOKWw,False,2025-04,1-18 mo older,9,unvalidated,True,,True,False,,True,False
gainesville:27901,27901,49,full,ZyLzsPOTwjxnbju3moOKWw,False,2025-04,1-18 mo older,9,unvalidated,True,,False,True,,False,True
gainesville:27903,27903,49,full,ZyLzsPOTwjxnbju3moOKWw,False,2025-04,1-18 mo older,9,unvalidated,True,,False,False,,False,False
gainesville:27904,27904,49,full,ZyLzsPOTwjxnbju3moOKWw,False,2025-04,1-18 mo older,9,unvalidated,True,,False,False,,False,False
gainesville:27919,27919,49,full,e9GemZhzyj9zAovKgliubQ,False,2025-04,1-18 mo older,10,unvalidated,True,,True,True,,True,True
gainesville:27920,27920,49,full,e9GemZhzyj9zAovKgliubQ,False,2025-04,1-18 mo older,10,unvalidated,True,,True,True,,True,True
gainesville:27922,27922,20,full,qYVxfIMPXT2vJjV-tpiJ4A,True,2026-02,same pano,0,agreed,True,True,True,False,True,True,False
gainesville:27924,27924,49,full,qYVxfIMPXT2vJjV-tpiJ4A,True,2026-02,same pano,0,unvalidated,True,True,True,True,True,True,True
gainesville:27925,27925,49,full,yzxq_CyWW8el5yMtaQ-sGQ,False,2026-01,same month,0,unvalidated,True,,True,True,,True,True
gainesville:27927,27927,49,full,ohqjgYWIp5zY-Hf6a7SyQg,False,2026-01,same month,0,unvalidated,True,,True,True,,True,True
gainesville:27928,27928,49,full,xo98JlHCr0Nc9EXxnjyZiQ,True,2026-01,same pano,0,unvalidated,True,True,True,False,True,True,False
gainesville:27930,27930,22,full,BjvPMnJY5XXLR_pUYe2oPw,True,2026-01,same pano,0,unvalidated,True,True,True,False,True,True,False
gainesville:27932,27932,49,full,y9uh1bsdgqBnyKLNB8uSig,False,2025-04,1-18 mo older,10,unvalidated,True,,True,True,,True,True
gainesville:27934,27934,20,full,BgN-ZMZ7e_YuQQ_-KNpW_w,False,2025-04,1-18 mo older,10,unvalidated,True,,True,True,,True,True
gainesville:27935,27935,49,full,FEI3bp3vDlom-s4gdYFJMg,False,2026-02,same month,0,unvalidated,True,,True,True,,True,True
gainesville:27936,27936,49,full,YlX6wi_3VQ8nbJsdo35uOw,False,2026-02,same month,0,unvalidated,True,,True,True,,True,True
gainesville:27937,27937,49,full,QdF3sw7vNDJ-pO9Wo-puzQ,False,2026-02,same month,0,unvalidated,True,,True,True,,True,True
gainesville:27939,27939,49,full,QdF3sw7vNDJ-pO9Wo-puzQ,False,2026-02,same month,0,unvalidated,True,,True,True,,True,True
gainesville:27940,27940,49,full,ADntk3mLcQWS8gmpqoNvaA,False,2026-02,newer than ours,-105,unvalidated,True,,True,False,,True,False
gainesville:27942,27942,49,full,Xvq_cQI_Qzef7XGLIYi73w,False,2026-02,same month,0,unvalidated,True,,True,True,,True,True
gainesville:27943,27943,49,full,uqMnZLyA6zyzvU3Dj60R-w,False,2026-02,newer than ours,-44,agreed,True,,True,True,,True,True
gainesville:27945,27945,49,full,DmwP3LH6OLCBNvtrrCTopg,False,2026-02,newer than ours,-44,unvalidated,True,,True,True,,True,True
gainesville:27946,27946,49,full,DmwP3LH6OLCBNvtrrCTopg,False,2026-02,same month,0,unvalidated,True,,True,True,,False,False
gainesville:27948,27948,49,full,DmwP3LH6OLCBNvtrrCTopg,False,2026-02,same month,0,unvalidated,True,,True,True,,True,True
gainesville:27951,27951,54,full,H1x-eRUW1gXspKZOMeGr0Q,False,2025-04,1-18 mo older,10,unvalidated,True,,True,True,,True,True
gainesville:27954,27954,57,full,yZ3nt-Om_mF0X_HyWcrgGA,False,2025-04,1-18 mo older,10,unvalidated,True,,True,True,,True,True
gainesville:27958,27958,57,full,q2yX7pwQF7_3SFGxEqlDHQ,True,2026-02,same pano,0,unvalidated,True,True,False,False,True,False,False
gainesville:27961,27961,54,full,ltZnH2GEgduSgHuWfBp-Hw,True,2026-02,same pano,0,unvalidated,True,True,True,True,True,True,False
gainesville:27963,27963,54,full,ltZnH2GEgduSgHuWfBp-Hw,True,2026-02,same pano,0,unvalidated,True,True,True,False,True,True,False
gainesville:27965,27965,54,full,zIxmAEj_HI3Rocr5Yi7Mqg,True,2024-06,same pano,0,agreed,True,True,True,True,True,True,True
gainesville:27967,27967,54,full,zIxmAEj_HI3Rocr5Yi7Mqg,True,2024-06,same pano,0,unvalidated,True,True,True,True,True,True,True
gainesville:27979,27979,54,full,Ma9pia2_KDOB7Q6kgsyWkg,False,2026-02,same month,0,unvalidated,,,True,True,,True,True
gainesville:27981,27981,54,full,0v6yoQLW3XwCxSBNyEQLjw,True,2026-02,same pano,0,unvalidated,True,True,True,True,True,True,True
gainesville:27982,27982,54,full,0v6yoQLW3XwCxSBNyEQLjw,True,2026-02,same pano,0,unvalidated,True,True,True,True,True,True,True
gainesville:27984,27984,54,full,qCw26q7z4RxCAUS8F0IpFA,True,2026-02,same pano,0,unvalidated,True,True,True,True,True,True,True
gainesville:27985,27985,54,full,qCw26q7z4RxCAUS8F0IpFA,True,2026-02,same pano,0,unvalidated,True,True,True,False,True,True,False
gainesville:27987,27987,54,full,NHDf9fSbW3MgUwu3fxxvsg,False,2026-02,same month,0,unvalidated,True,,True,True,,True,True
gainesville:27989,27989,54,full,szarWEga_OBv3Ejs-1r4Lw,False,2025-04,1-18 mo older,10,unvalidated,True,,True,True,,True,True
gainesville:27991,27991,54,full,ULJRPrDdjtQuC9VSMhrq3w,True,2025-04,same pano,0,unvalidated,True,True,True,True,True,True,True
gainesville:27994,27994,20,full,5JWxqaTAT-ZAX33raFouAw,True,2026-02,same pano,0,unvalidated,True,True,True,True,True,True,True
gainesville:27997,27997,20,full,cImj5T-YEtHB3LKK1KttJA,True,2026-02,same pano,0,unvalidated,True,True,False,False,False,False,False
gainesville:27998,27998,20,full,s5B3pz5kWKees0fl8MiikA,True,2026-02,same pano,0,unvalidated,True,True,True,True,True,True,True
gainesville:28001,28001,20,full,Lztt7C1p1ZBfH-vKZVIoNg,True,2026-02,same pano,0,unvalidated,True,True,True,True,True,True,True
gainesville:28002,28002,20,full,Lztt7C1p1ZBfH-vKZVIoNg,True,2026-02,same pano,0,unvalidated,True,True,True,True,True,True,True
gainesville:28004,28004,54,full,NHDf9fSbW3MgUwu3fxxvsg,False,2026-02,same month,0,unvalidated,True,,False,True,,False,True
gainesville:28007,28007,54,full,nwIQn-rdnxal9JuWy9bV7Q,False,2026-02,same month,0,unvalidated,True,,True,True,,True,True
gainesville:28008,28008,54,full,nwIQn-rdnxal9JuWy9bV7Q,False,2026-02,newer than ours,-20,unvalidated,True,,True,True,,True,True
gainesville:28010,28010,54,full,fQe7tFBBjdEJNINiWFc6Aw,True,2024-06,same pano,0,unvalidated,True,True,True,True,True,True,True
gainesville:28011,28011,54,full,fQe7tFBBjdEJNINiWFc6Aw,True,2024-06,same pano,0,unvalidated,True,True,True,True,True,True,True
gainesville:28013,28013,54,full,b-XZ2ZU5X86BwYQhr3tjMg,True,2024-06,same pano,0,unvalidated,True,True,True,True,True,True,True
gainesville:28014,28014,54,full,5cgApCewqFF_jA-l1W3wkw,False,2026-02,same month,0,unvalidated,True,,True,True,,True,True
gainesville:28017,28017,57,full,lEs1wySRY6y9YhcL0J7n7Q,False,2026-02,newer than ours,-20,unvalidated,True,,False,False,,False,False
gainesville:28019,28019,57,full,lEs1wySRY6y9YhcL0J7n7Q,False,2026-02,newer than ours,-20,unvalidated,True,,False,False,,False,False
gainesville:28020,28020,54,full,eYdLlEBj3bDuBtWoiXdWnw,False,2024-06,newer than ours,-9,unvalidated,True,,True,True,,True,True
gainesville:28022,28022,54,full,eYdLlEBj3bDuBtWoiXdWnw,False,2024-06,newer than ours,-9,unvalidated,True,,True,True,,True,True
gainesville:28026,28026,23,full,qh4wpFxyox3LY5utdPBBew,False,2026-02,same month,0,unvalidated,True,,False,False,,False,False
gainesville:28027,28027,58,full,qh4wpFxyox3LY5utdPBBew,False,2026-02,same month,0,unvalidated,True,,True,False,,True,False
gainesville:28030,28030,23,full,gk64BUtMxT7xVCTsMOPCTA,False,2026-02,newer than ours,-1,unvalidated,True,,True,False,,True,False
gainesville:28031,28031,23,full,gk64BUtMxT7xVCTsMOPCTA,False,2026-02,newer than ours,-1,unvalidated,True,,True,True,,True,False
gainesville:28035,28035,150,full,HAD7VhN2MFbfT5AiQr_3cg,False,2025-04,1-18 mo older,10,unvalidated,True,,False,True,,False,True
gainesville:28036,28036,150,full,HAD7VhN2MFbfT5AiQr_3cg,False,2025-04,1-18 mo older,10,unvalidated,True,,True,False,,True,False
gainesville:28041,28041,150,full,HQ1Cmlws0-sPwE4wsZr-fw,False,2025-04,1-18 mo older,10,unvalidated,True,,True,False,,True,False
gainesville:28042,28042,150,full,HQ1Cmlws0-sPwE4wsZr-fw,False,2025-04,newer than ours,-25,unvalidated,True,,False,False,,False,False
gainesville:28043,28043,58,full,zhg28H2hRxWE480ifyrq6Q,True,2026-02,same pano,0,unvalidated,True,True,True,True,True,True,True
gainesville:28045,28045,21,full,GbUGL0CA_kLET6HOrC1DAw,False,2026-02,same month,0,unvalidated,True,,True,True,,False,False
gainesville:28077,28077,56,full,Im8TPYa_JxAsbXszS8_7Qw,False,2026-02,same month,0,unvalidated,True,,False,True,,False,True
gainesville:28079,28079,21,full,Im8TPYa_JxAsbXszS8_7Qw,False,2026-02,same month,0,unvalidated,True,,True,True,,False,False
gainesville:28080,28080,21,full,Im8TPYa_JxAsbXszS8_7Qw,False,2026-02,same month,0,unvalidated,True,,False,True,,False,True
gainesville:28082,28082,56,full,oSvM6wet2C1TaKRsBKmpug,False,2026-02,same month,0,unvalidated,True,,False,True,,False,True
gainesville:28084,28084,56,full,oSvM6wet2C1TaKRsBKmpug,False,2026-02,same month,0,unvalidated,True,,True,False,,True,False
gainesville:28085,28085,150,full,oSvM6wet2C1TaKRsBKmpug,False,2026-02,same month,0,unvalidated,True,,False,True,,False,False
gainesville:28087,28087,150,full,oSvM6wet2C1TaKRsBKmpug,False,2026-02,same month,0,unvalidated,True,,False,False,,True,False
gainesville:28088,28088,56,full,YwOA5ThwszDdDAiBrSmrQA,False,2026-02,newer than ours,-45,unvalidated,True,,True,True,,True,True
gainesville:28090,28090,56,full,YwOA5ThwszDdDAiBrSmrQA,False,2026-02,newer than ours,-45,unvalidated,True,,True,True,,True,True
gainesville:28106,28106,56,full,F4Fd4EZ544oK8v8gjwYtqw,False,2026-02,same month,0,unvalidated,True,,True,True,,True,True
gainesville:28107,28107,56,full,F4Fd4EZ544oK8v8gjwYtqw,False,2026-02,same month,0,unvalidated,True,,True,True,,True,True
gainesville:28125,28125,56,full,BLFl5GFZRNsFptf39DW32g,True,2026-02,same pano,0,unvalidated,True,True,True,True,True,True,True
gainesville:28126,28126,56,full,BLFl5GFZRNsFptf39DW32g,True,2026-02,same pano,0,unvalidated,True,True,True,True,True,True,True
gainesville:28127,28127,56,full,ZD3jODJIAJ0uxaXV60H_Dg,False,2026-02,same month,0,unvalidated,True,,True,True,,True,True
gainesville:28129,28129,150,full,O_MhVzF2hN-reCPKj-T95g,False,2026-02,same month,0,unvalidated,True,,True,True,,True,True
gainesville:28130,28130,49,full,-giOsamN_WC4CdZ1Uq-hZA,False,2026-02,same month,0,unvalidated,True,,False,False,,False,False
gainesville:28132,28132,56,full,4e2xFOA8rKclKL5h0C8p0w,False,2026-02,same month,0,agreed,True,,False,False,,False,False
gainesville:28133,28133,56,full,mKO0W8LU2rqIbRnN6EtJww,False,2026-02,same month,0,unvalidated,True,,False,True,,False,True
gainesville:28135,28135,56,full,QZXpWrCGqz7UxPu1uxUc6w,False,2026-02,same month,0,unvalidated,True,,False,True,,False,True
gainesville:28149,28149,22,full,j6IR6EBXGWe5N5f6CRiZAg,False,2026-02,same month,0,unvalidated,True,,True,True,,True,True
gainesville:28151,28151,22,full,j6IR6EBXGWe5N5f6CRiZAg,False,2026-02,same month,0,unvalidated,True,,False,True,,False,True
gainesville:28152,28152,56,full,ANS9DCrvjo8_UI6swKJwhw,False,2026-02,same month,0,unvalidated,True,,True,True,,True,True
gainesville:28153,28153,56,full,ANS9DCrvjo8_UI6swKJwhw,False,2026-02,same month,0,unvalidated,True,,True,True,,True,True
gainesville:28154,28154,56,full,DtofH6SjfUUdIzVt20DgsA,False,2026-02,same month,0,unvalidated,True,,True,True,,False,False
gainesville:28156,28156,56,full,a9Qxi-uTxwvCXESjxkFvVQ,False,2026-02,same month,0,unvalidated,True,,True,True,,True,True
gainesville:28157,28157,56,full,9oCCK8dcE3UGxa_k9EG-8A,False,2026-02,newer than ours,-179,unvalidated,True,,True,True,,True,True
gainesville:28159,28159,56,full,9oCCK8dcE3UGxa_k9EG-8A,False,2026-02,same month,0,unvalidated,True,,True,True,,True,True
gainesville:28160,28160,56,full,pcs5lmGBPob1geEQlxLEAQ,True,2026-02,same pano,0,unvalidated,True,True,True,False,True,True,False
gainesville:28161,28161,55,full,WALC-jHIN50hbHVYts5TaQ,False,2026-02,same month,0,unvalidated,True,,True,False,,True,False
gainesville:28163,28163,47,full,ncIRu0e4n7nBM44LKbnlxQ,True,2026-03,same pano,0,unvalidated,False,False,False,True,False,False,False
gainesville:28165,28165,47,full,GndYHE0rS1SYnaG7wUuCoA,True,2026-03,same pano,0,unvalidated,True,True,True,True,False,False,True
gainesville:28166,28166,47,full,JR7lwungXm3zrCJa1AgFvA,True,2024-06,same pano,0,unvalidated,True,True,True,True,True,True,True
gainesville:28167,28167,47,full,JR7lwungXm3zrCJa1AgFvA,True,2024-06,same pano,0,unvalidated,True,True,True,True,True,True,True
gainesville:28168,28168,47,full,6nrRnD5PU-gvky-PSVZOuQ,True,2026-02,same pano,0,unvalidated,True,True,True,True,True,True,True
gainesville:28170,28170,47,full,6nrRnD5PU-gvky-PSVZOuQ,True,2026-02,same pano,0,unvalidated,True,True,True,True,True,True,True
gainesville:28171,28171,16,full,TZK4s8TVyA-E-XAMh_rfuQ,True,2026-03,same pano,0,unvalidated,True,True,True,True,True,True,True
gainesville:28173,28173,16,full,TZK4s8TVyA-E-XAMh_rfuQ,True,2026-03,same pano,0,unvalidated,False,False,False,True,False,False,True
gainesville:28174,28174,47,full,55Wc07chkm_aHLuzgs4fUw,False,2026-03,newer than ours,-1,unvalidated,,,True,True,,True,True
gainesville:28176,28176,47,full,55Wc07chkm_aHLuzgs4fUw,False,2026-03,newer than ours,-1,unvalidated,True,,True,True,,True,True
gainesville:28177,28177,47,full,55Wc07chkm_aHLuzgs4fUw,False,2026-03,newer than ours,-133,unvalidated,True,,True,True,,True,True
gainesville:28180,28180,47,full,55Wc07chkm_aHLuzgs4fUw,False,2026-03,newer than ours,-133,unvalidated,True,,True,True,,True,True
gainesville:28182,28182,47,full,7eQFS5b3EJL9bn-nesnHfw,True,2026-02,same pano,0,unvalidated,True,True,True,True,True,True,True
gainesville:28184,28184,47,full,7eQFS5b3EJL9bn-nesnHfw,True,2026-02,same pano,0,unvalidated,True,True,True,True,True,True,True
gainesville:28203,28203,47,full,K732QTWoB9RZwrfSmw7RYA,True,2026-03,same pano,0,unvalidated,,True,True,True,True,True,True
gainesville:28205,28205,47,full,K732QTWoB9RZwrfSmw7RYA,True,2026-03,same pano,0,unvalidated,True,True,True,True,True,True,True
gainesville:28216,28216,47,full,SZYoRly1NHzMV1lQsDgvQQ,False,2026-03,same month,0,unvalidated,True,,True,True,,True,True
gainesville:28218,28218,47,full,SZYoRly1NHzMV1lQsDgvQQ,False,2026-03,same month,0,unvalidated,True,,True,True,,True,True
gainesville:28221,28221,47,full,l2VH7euzQMToAG0Rj01smA,True,2026-03,same pano,0,unvalidated,True,False,True,True,False,True,True
gainesville:28223,28223,47,full,l2VH7euzQMToAG0Rj01smA,True,2026-03,same pano,0,unvalidated,,False,False,False,False,False,False
gainesville:28224,28224,47,full,8eGB4a83ZPvd-LZqx8hmuA,True,2026-03,same pano,0,unvalidated,True,True,True,True,True,True,True
gainesville:28226,28226,47,full,8eGB4a83ZPvd-LZqx8hmuA,True,2026-03,same pano,0,unvalidated,,False,True,True,False,True,False
gainesville:28230,28230,47,full,J4kED0OD_4cGOWMlyQBTZA,True,2026-02,same pano,0,unvalidated,True,True,True,True,True,True,True
gainesville:28231,28231,47,full,J4kED0OD_4cGOWMlyQBTZA,True,2026-02,same pano,0,unvalidated,,False,True,True,False,True,True
gainesville:28238,28238,47,full,y7HrIxA1_a6FPD8fM5L0fg,True,2026-02,same pano,0,unvalidated,True,True,True,True,True,True,True
gainesville:28240,28240,47,full,y7HrIxA1_a6FPD8fM5L0fg,True,2026-02,same pano,0,unvalidated,True,True,True,True,True,True,True
gainesville:28246,28246,47,full,5RJRRm81JveZ4rGpm4jgzQ,True,2026-02,same pano,0,unvalidated,True,False,True,True,False,True,True
gainesville:28247,28247,47,full,5RJRRm81JveZ4rGpm4jgzQ,True,2026-02,same pano,0,unvalidated,True,False,True,True,False,True,True
gainesville:28250,28250,47,full,mGHGCORKLfGTG6KaitGh3A,False,2026-03,newer than ours,-21,unvalidated,True,,True,True,,True,True
gainesville:28251,28251,47,full,mGHGCORKLfGTG6KaitGh3A,False,2026-03,same month,0,unvalidated,True,,True,True,,True,True
gainesville:28253,28253,47,full,mGHGCORKLfGTG6KaitGh3A,False,2026-03,same month,0,unvalidated,True,,True,True,,True,True
gainesville:28254,28254,47,full,mGHGCORKLfGTG6KaitGh3A,False,2026-03,newer than ours,-1,unvalidated,True,,True,True,,True,True
gainesville:28256,28256,47,full,mGHGCORKLfGTG6KaitGh3A,False,2026-03,newer than ours,-1,unvalidated,True,,True,True,,True,True
gainesville:28257,28257,47,full,mGHGCORKLfGTG6KaitGh3A,False,2026-03,same month,0,unvalidated,True,,True,True,,True,True
gainesville:28259,28259,47,full,mGHGCORKLfGTG6KaitGh3A,False,2026-03,same month,0,unvalidated,True,,True,True,,True,True
gainesville:28260,28260,47,full,mGHGCORKLfGTG6KaitGh3A,False,2026-03,newer than ours,-21,agreed,True,,True,True,,True,True
gainesville:28262,28262,47,full,5pNvOIBBQ-OeAdb4Q9K6hA,True,2026-02,same pano,0,unvalidated,True,True,True,False,True,True,False
gainesville:28264,28264,47,full,5pNvOIBBQ-OeAdb4Q9K6hA,True,2026-02,same pano,0,unvalidated,True,False,True,True,False,True,True
gainesville:28266,28266,46,full,5pNvOIBBQ-OeAdb4Q9K6hA,True,2026-02,same pano,0,unvalidated,True,True,True,True,True,True,True
gainesville:28267,28267,46,full,KJ8a0DgtXsNCcrm52hXcHA,True,2026-02,same pano,0,unvalidated,True,True,True,False,True,True,False
gainesville:28269,28269,47,full,MmpDdya58BnhCg8P1dUM-g,True,2025-04,same pano,0,unvalidated,True,True,True,True,True,True,True
gainesville:28271,28271,47,full,MmpDdya58BnhCg8P1dUM-g,True,2025-04,same pano,0,unvalidated,True,True,True,True,True,True,True
gainesville:28272,28272,47,full,UO6q8FJRf_SEyB0vLRRrew,False,2025-04,newer than ours,-6,unvalidated,True,,True,True,,True,True
gainesville:28273,28273,47,full,UO6q8FJRf_SEyB0vLRRrew,False,2025-04,same month,0,unvalidated,True,,True,True,,False,True
gainesville:28278,28278,8,full,mrXlZtrXZ8uEonPtwCh1Ig,False,2026-02,same month,0,unvalidated,True,,True,False,,True,False
gainesville:28281,28281,24,full,uOWJjrPA3T6NZOly5tHArg,False,2026-02,same month,0,unvalidated,True,,False,False,,False,False
gainesville:28283,28283,40,full,e6hmUMrG1DlvbUxwhSpQEw,False,2026-02,newer than ours,-16,unvalidated,True,,True,True,,True,True
gainesville:28285,28285,47,full,mFfrbxyuRiL137E6hlISzA,False,2026-02,1-18 mo older,1,unvalidated,True,,True,True,,True,True
gainesville:28286,28286,47,full,3nbQ_zuvAjlhsUAgJO7Law,False,2026-02,newer than ours,-16,unvalidated,True,,True,True,,True,True
gainesville:28289,28289,40,full,hfy_8BWoBvzpvbsNzkn1Cw,False,2026-02,newer than ours,-16,unvalidated,True,,False,False,,False,False
gainesville:28291,28291,47,full,5g3NLUagBAp7YnJMxnF4cw,False,2026-03,same month,0,unvalidated,,,False,True,,False,True
gainesville:28294,28294,47,full,4mfZZaMzeEs2JxKz4K5woQ,False,2026-02,1-18 mo older,1,unvalidated,True,,True,True,,True,False
gainesville:28297,28297,47,full,4mfZZaMzeEs2JxKz4K5woQ,False,2026-02,same month,0,unvalidated,True,,True,True,,True,True
gainesville:28300,28300,40,full,6kkLQbS_lrjrpaFjefZnOw,False,2026-02,newer than ours,-16,unvalidated,,,True,False,,True,False
gainesville:28302,28302,40,full,6kkLQbS_lrjrpaFjefZnOw,False,2026-02,newer than ours,-16,agreed,True,,True,True,,True,True
gainesville:28304,28304,47,full,vQ-YEbDEui246mnDmWcldg,False,2026-03,newer than ours,-81,unvalidated,True,,True,True,,True,True
gainesville:28305,28305,47,full,vQ-YEbDEui246mnDmWcldg,False,2026-03,newer than ours,-81,unvalidated,True,,True,True,,True,True
gainesville:28308,28308,47,full,Yb0PES-Ijb8WxZnZ9LCnRw,True,2025-04,same pano,0,unvalidated,True,True,False,True,True,False,True
gainesville:28311,28311,47,full,Yb0PES-Ijb8WxZnZ9LCnRw,True,2025-04,same pano,0,unvalidated,True,False,True,False,False,True,False
gainesville:28314,28314,7,partial,D1qNCYu9BU2VrvNLFysMig,False,2026-02,same month,0,unvalidated,True,,False,False,,False,False
gainesville:28317,28317,7,partial,D1qNCYu9BU2VrvNLFysMig,False,2026-02,same month,0,unvalidated,True,,False,True,,False,True
gainesville:28320,28320,47,full,utUe8yrcxCFBCRUQTDcVUg,False,2026-02,1-18 mo older,1,unvalidated,True,,True,True,,True,True
gainesville:28325,28325,16,full,utUe8yrcxCFBCRUQTDcVUg,False,2026-02,same month,0,unvalidated,True,,False,True,,True,True
gainesville:28327,28327,7,partial,zb_V__SOE-MppzRRHWrqxQ,True,2026-02,same pano,0,unvalidated,True,False,False,False,False,False,False
gainesville:28329,28329,7,partial,zb_V__SOE-MppzRRHWrqxQ,True,2026-02,same pano,0,unvalidated,True,True,False,True,True,False,True
gainesville:28331,28331,7,partial,bOipjobJUD4PBAOC3YPwKw,True,2026-03,same pano,0,unvalidated,True,True,False,True,True,False,True
gainesville:28332,28332,7,partial,bOipjobJUD4PBAOC3YPwKw,True,2026-03,same pano,0,unvalidated,True,False,False,False,False,False,False
gainesville:28334,28334,47,full,nfStRakr5dcCNuyAWDzhIQ,True,2026-03,same pano,0,unvalidated,True,True,True,True,False,True,True
gainesville:28336,28336,46,full,nfStRakr5dcCNuyAWDzhIQ,True,2026-03,same pano,0,unvalidated,True,True,False,False,True,False,False
gainesville:28337,28337,16,full,hNoZiM5zm_aCPnFKyoA2ZA,True,2026-03,same pano,0,unvalidated,True,True,True,False,True,True,False
gainesville:28339,28339,16,full,hNoZiM5zm_aCPnFKyoA2ZA,True,2026-03,same pano,0,unvalidated,True,True,False,False,True,False,False
gainesville:28340,28340,47,full,U6UEbdynfsNKjVj7yA-9AQ,True,2024-06,same pano,0,unvalidated,True,False,True,True,False,True,True
gainesville:28342,28342,47,full,U6UEbdynfsNKjVj7yA-9AQ,True,2024-06,same pano,0,unvalidated,True,True,True,True,True,True,True
gainesville:28345,28345,46,full,BulLF_rpa-2X_oRpr9QiVg,False,2026-02,newer than ours,-16,unvalidated,True,,True,False,,True,False
gainesville:28346,28346,40,full,BulLF_rpa-2X_oRpr9QiVg,False,2026-02,newer than ours,-16,unvalidated,True,,True,True,,True,True
gainesville:28349,28349,47,full,BulLF_rpa-2X_oRpr9QiVg,False,2026-02,newer than ours,-16,unvalidated,True,,False,False,,False,False
gainesville:28354,28354,93,full,e7jtWwdcJhrwj3G1hgwC8w,True,2024-06,same pano,0,unvalidated,True,True,True,True,True,True,True
gainesville:28356,28356,93,full,bGfybwgYNf0KDPeSmP2DOQ,True,2024-06,same pano,0,unvalidated,True,True,True,True,True,True,True
gainesville:28358,28358,39,full,gzRlCd0QVhBD2yUUiieUXA,True,2024-06,same pano,0,unvalidated,True,True,True,True,True,True,True
gainesville:28360,28360,39,full,gzRlCd0QVhBD2yUUiieUXA,True,2024-06,same pano,0,unvalidated,True,False,False,False,False,False,False
gainesville:28361,28361,93,full,gzRlCd0QVhBD2yUUiieUXA,True,2024-06,same pano,0,unvalidated,True,True,True,True,False,True,True
gainesville:28363,28363,93,full,gzRlCd0QVhBD2yUUiieUXA,True,2024-06,same pano,0,unvalidated,,True,True,True,True,True,True
gainesville:28409,28409,93,full,3s3hDBGBvM5_xD12QNL4gg,True,2026-01,same pano,0,unvalidated,True,True,True,True,True,True,True
gainesville:28411,28411,93,full,ElTvfGRbvBxZPYyk0FV_7g,True,2026-01,same pano,0,unvalidated,True,True,True,True,True,True,True
gainesville:28418,28418,93,full,CsKOyiFi0Zx-9l7_ZtmSOA,True,2026-01,same pano,0,unvalidated,True,False,True,True,False,True,True
gainesville:28419,28419,93,full,CsKOyiFi0Zx-9l7_ZtmSOA,True,2026-01,same pano,0,agreed,True,True,True,True,False,True,True
gainesville:28425,28425,93,full,P2awEVe4FdzVoXPwfa4mmg,True,2026-01,same pano,0,unvalidated,True,True,False,True,False,False,True
gainesville:28427,28427,93,full,0IH1tL7CETuuGvPBtRBisQ,True,2024-06,same pano,0,unvalidated,True,False,False,True,False,False,True
gainesville:28428,28428,22,full,dIITAHhZ8uquBZHCAEytZg,True,2026-01,same pano,0,unvalidated,True,False,True,True,False,False,True
gainesville:28430,28430,93,full,dIITAHhZ8uquBZHCAEytZg,True,2026-01,same pano,0,unvalidated,,True,True,True,True,True,True
gainesville:28432,28432,93,full,kGnBeNpf2157KBzF8avU_Q,False,2026-02,newer than ours,-29,unvalidated,True,,False,False,,False,False
gainesville:28433,28433,93,full,kGnBeNpf2157KBzF8avU_Q,False,2026-02,newer than ours,-1,agreed,True,,False,False,,False,False
gainesville:28435,28435,93,full,_G2OiwKVs9IdxqIRRlGoqA,False,2026-02,newer than ours,-29,unvalidated,True,,False,False,,False,False
gainesville:28436,28436,93,full,_G2OiwKVs9IdxqIRRlGoqA,False,2026-02,newer than ours,-29,unvalidated,,,False,False,,False,False
gainesville:28440,28440,93,full,_FEypqx8M7Gr5QmrkzhGxg,True,2024-06,same pano,0,unvalidated,True,True,False,True,True,False,True
gainesville:28441,28441,93,full,_FEypqx8M7Gr5QmrkzhGxg,True,2024-06,same pano,0,unvalidated,True,True,False,True,True,False,True
gainesville:28449,28449,93,full,FhherM8K8tMv_kUwhlBJAg,True,2022-06,same pano,0,unvalidated,True,True,True,True,True,True,True
gainesville:28450,28450,93,full,ov-q4jPBsMTaCyiB2F7Oig,True,2026-01,same pano,0,unvalidated,True,True,True,True,True,True,True
gainesville:28452,28452,93,full,UDbkRfpvuwh2Vkde1lr4Fg,True,2026-01,same pano,0,unvalidated,False,True,True,True,False,True,True
gainesville:28453,28453,93,full,5lynw8pxKiulylbJ-IlP0g,False,2026-01,same month,0,unvalidated,True,,True,True,,True,True
gainesville:28455,28455,93,full,GUs_7LUS5QT9hjOFlk7qfg,False,2026-01,same month,0,unvalidated,True,,True,True,,True,True
gainesville:28468,28468,56,full,mKO0W8LU2rqIbRnN6EtJww,False,2026-02,same month,0,unvalidated,True,,True,False,,True,False
gainesville:28470,28470,56,full,x2TvZNHaCls4ZY33HLbsJw,False,2026-02,same month,0,unvalidated,True,,True,False,,True,False
gainesville:28472,28472,56,full,sN4Fi5jaNHQ_UGuLpqsHRw,False,2026-02,same month,0,unvalidated,True,,True,True,,True,True
gainesville:28473,28473,93,full,sN4Fi5jaNHQ_UGuLpqsHRw,False,2026-02,same month,0,unvalidated,True,,True,True,,True,True
gainesville:28477,28477,93,full,8HhiytVqc5gdd-LIej0krQ,True,2026-01,same pano,0,unvalidated,True,False,False,True,False,False,True
gainesville:28479,28479,23,full,8HhiytVqc5gdd-LIej0krQ,True,2026-01,same pano,0,unvalidated,True,False,False,True,False,False,True
gainesville:28481,28481,93,full,rVkEG8JaWhblCzL95O0G8g,False,2026-02,newer than ours,-44,unvalidated,True,,False,False,,False,False
gainesville:28483,28483,93,full,rVkEG8JaWhblCzL95O0G8g,False,2026-02,newer than ours,-44,unvalidated,True,,False,False,,False,False
gainesville:28485,28485,93,full,sFzAnqYCAtt-nk_9H9Dyyw,False,2024-06,newer than ours,-24,unvalidated,True,,True,False,,False,False
gainesville:28486,28486,93,full,sFzAnqYCAtt-nk_9H9Dyyw,False,2024-06,newer than ours,-24,unvalidated,True,,True,False,,False,False
gainesville:28490,28490,93,full,SLng85gYhJ4E1Ggh0DSV9Q,True,2026-01,same pano,0,unvalidated,True,True,True,True,True,True,True
gainesville:28491,28491,93,full,SLng85gYhJ4E1Ggh0DSV9Q,True,2026-01,same pano,0,unvalidated,,True,False,False,True,False,False
gainesville:28515,28515,21,full,ilqSF6o9rGiDC0Z18OcbkQ,False,2026-02,same month,0,unvalidated,,,False,True,,False,False
gainesville:28517,28517,21,full,ilqSF6o9rGiDC0Z18OcbkQ,False,2026-02,same month,0,unvalidated,True,,True,False,,True,False
gainesville:28518,28518,150,full,J1-29C7-PiFuteCY8GDyhw,False,2026-02,newer than ours,-45,unvalidated,True,,False,False,,False,False
gainesville:28519,28519,150,full,J1-29C7-PiFuteCY8GDyhw,False,2026-02,newer than ours,-45,unvalidated,True,,False,True,,False,True
gainesville:28521,28521,21,full,8-FF7V0ZHsTVEQH3ess1Pw,True,2026-02,same pano,0,unvalidated,True,True,True,False,True,True,False
gainesville:28523,28523,56,full,8-FF7V0ZHsTVEQH3ess1Pw,True,2026-02,same pano,0,unvalidated,True,False,False,True,False,False,False
gainesville:28524,28524,56,full,8-FF7V0ZHsTVEQH3ess1Pw,True,2026-02,same pano,0,unvalidated,True,True,True,False,True,True,False
gainesville:28527,28527,150,full,AWtNal4bQhs6UE1A91k-XA,False,2026-02,same month,0,unvalidated,True,,False,True,,False,True
gainesville:28528,28528,150,full,AWtNal4bQhs6UE1A91k-XA,False,2026-02,same month,0,unvalidated,,,True,False,,False,False
gainesville:28529,28529,56,full,AWtNal4bQhs6UE1A91k-XA,False,2026-02,same month,0,unvalidated,False,,False,False,,False,False
gainesville:28530,28530,56,full,AWtNal4bQhs6UE1A91k-XA,False,2026-02,same month,0,unvalidated,True,,False,False,,False,False
gainesville:28532,28532,21,full,0WGo-zqMTTXLC8OVMB9RhQ,False,2026-02,same month,0,unvalidated,,,True,True,,False,False
gainesville:28533,28533,21,full,jtXW73ft22jZFxXRBwoQxw,False,2026-02,same month,0,unvalidated,True,,True,True,,True,True
gainesville:28534,28534,21,full,BJ7PLp4rSB_iBqc1ah_l2g,False,2026-02,same month,0,unvalidated,True,,True,True,,True,True
gainesville:28535,28535,21,full,vwB2Fi0jweEJRYz_MWGftg,False,2026-02,same month,0,unvalidated,True,,True,True,,True,True
gainesville:28536,28536,21,full,3v5kY_Bp4UroCABvytAjaw,True,2026-02,same pano,0,unvalidated,True,False,True,True,False,True,True
gainesville:28540,28540,150,full,QUvqwAWxwUHAYpfcM_h8Zg,False,2025-04,same month,0,unvalidated,True,,False,False,,False,False
gainesville:28542,28542,150,full,tJZFEYpOGZIE5QatQNYp-w,False,2026-02,newer than ours,-10,unvalidated,True,,True,True,,True,True
gainesville:28544,28544,150,full,tJZFEYpOGZIE5QatQNYp-w,False,2026-02,newer than ours,-10,unvalidated,True,,True,True,,True,True
gainesville:28546,28546,150,full,D6t7UvTu7dkFO5qthxQe8g,False,2023-03,newer than ours,-24,unvalidated,True,,True,False,,True,False
gainesville:28548,28548,150,full,D6t7UvTu7dkFO5qthxQe8g,False,2023-03,newer than ours,-24,unvalidated,True,,False,False,,False,False
gainesville:28551,28551,21,full,GbUGL0CA_kLET6HOrC1DAw,False,2026-02,same month,0,agreed,True,,True,True,,False,False
gainesville:28553,28553,58,full,zhg28H2hRxWE480ifyrq6Q,True,2026-02,same pano,0,unvalidated,True,False,True,True,False,True,True
gainesville:28554,28554,22,full,MAiqyDMWyoFx5r4XT6IdJQ,True,2026-02,same pano,0,agreed,True,True,True,True,True,True,True
gainesville:28556,28556,22,full,MAiqyDMWyoFx5r4XT6IdJQ,True,2026-02,same pano,0,unvalidated,True,True,False,False,True,False,False
gainesville:28593,28593,22,full,knk7Kt2oVUKljA3FsQCE2w,True,2026-02,same pano,0,unvalidated,True,True,True,True,True,True,True
gainesville:28594,28594,22,full,knk7Kt2oVUKljA3FsQCE2w,True,2026-02,same pano,0,unvalidated,True,True,True,True,True,True,True
gainesville:28596,28596,22,full,xPLDfWQ41eVwA45Xw3JfUw,True,2026-02,same pano,0,unvalidated,True,True,True,True,True,True,True
gainesville:28598,28598,22,full,xPLDfWQ41eVwA45Xw3JfUw,True,2026-02,same pano,0,unvalidated,True,True,True,True,True,True,True
gainesville:28631,28631,22,full,TnBFH3jJDgCsM7P4Pw5JVA,True,2026-01,same pano,0,unvalidated,True,False,False,True,False,False,True
gainesville:28633,28633,22,full,TnBFH3jJDgCsM7P4Pw5JVA,True,2026-01,same pano,0,unvalidated,True,True,True,True,True,True,True
gainesville:28641,28641,22,full,POlzs4uVT9omoIPUF4ResA,True,2026-01,same pano,0,unvalidated,True,False,True,True,False,True,True
gainesville:28642,28642,22,full,UkVB0R17pQ3KXlixgBIzhg,True,2026-01,same pano,0,unvalidated,True,True,True,True,True,True,True
gainesville:28643,28643,22,full,baccBykvVVOoyc1LnG7iJg,True,2026-01,same pano,0,unvalidated,True,False,True,True,False,True,True
gainesville:28644,28644,22,full,baccBykvVVOoyc1LnG7iJg,True,2026-01,same pano,0,agreed,True,True,True,True,True,True,True
gainesville:28648,28648,22,full,ET35I7IHgz9jyOzIyWgt5Q,True,2026-01,same pano,0,unvalidated,True,False,True,True,False,True,True
gainesville:28650,28650,22,full,UIJta5pO94Xrz_HhtfBqfw,True,2026-01,same pano,0,unvalidated,True,True,True,True,True,True,True
gainesville:28653,28653,22,full,odGY5BsBhrni3AUqke3Fxg,True,2026-01,same pano,0,unvalidated,True,True,False,False,True,True,False
gainesville:28655,28655,22,full,odGY5BsBhrni3AUqke3Fxg,True,2026-01,same pano,0,unvalidated,True,True,True,False,True,True,True
gainesville:28656,28656,22,full,dIITAHhZ8uquBZHCAEytZg,True,2026-01,same pano,0,unvalidated,True,True,True,True,True,True,False
gainesville:28657,28657,93,full,dIITAHhZ8uquBZHCAEytZg,True,2026-01,same pano,0,unvalidated,,False,True,False,False,True,False
gainesville:28660,28660,93,full,qn9ZH74F3SFQtCkCEyHncg,False,2026-01,newer than ours,-19,unvalidated,,,True,False,,True,False
gainesville:28662,28662,93,full,qn9ZH74F3SFQtCkCEyHncg,False,2026-01,same month,0,unvalidated,True,,True,False,,True,False
gainesville:28664,28664,93,full,qG5M3ktkjD_-x7HCdyTzdQ,True,2023-09,same pano,0,unvalidated,True,True,True,True,True,True,True
gainesville:28666,28666,93,full,qG5M3ktkjD_-x7HCdyTzdQ,True,2023-09,same pano,0,unvalidated,True,True,True,True,False,False,False
gainesville:28668,28668,93,full,kGnBeNpf2157KBzF8avU_Q,False,2026-02,newer than ours,-29,unvalidated,True,,False,False,,False,False
gainesville:28670,28670,93,full,kGnBeNpf2157KBzF8avU_Q,False,2026-02,newer than ours,-1,unvalidated,,,False,False,,False,False
gainesville:28792,28792,22,full,OPwqVZYqXTpC7eGBuqSmhw,True,2026-01,same pano,0,unvalidated,True,True,True,True,True,True,True
gainesville:28795,28795,22,full,OPwqVZYqXTpC7eGBuqSmhw,True,2026-01,same pano,0,unvalidated,True,True,True,True,True,True,True
gainesville:28802,28802,22,full,RnQzaiZQC82guSrjbt9Q1A,True,2026-01,same pano,0,unvalidated,True,True,True,False,True,True,False
gainesville:28804,28804,22,full,RnQzaiZQC82guSrjbt9Q1A,True,2026-01,same pano,0,unvalidated,True,True,True,True,True,True,True
gainesville:28906,28906,22,full,LPmRTjMaa7-bdKatgbprFA,False,2026-01,same month,0,unvalidated,,,True,True,,True,False
gainesville:28908,28908,22,full,yZZ1f26998JFdkq7uDvxmw,False,2026-01,same month,0,unvalidated,True,,True,True,,True,True
gainesville:28912,28912,22,full,rbQObd0Sx92EUwNp2ubdfw,False,2026-01,1-18 mo older,1,unvalidated,True,,True,True,,True,True
gainesville:28914,28914,22,full,rbQObd0Sx92EUwNp2ubdfw,False,2026-01,same month,0,unvalidated,True,,True,False,,False,False
gainesville:28917,28917,22,full,ElnnLqTYmanklxLH3FttIw,False,2026-02,newer than ours,-59,unvalidated,True,,True,True,,False,False
gainesville:28920,28920,22,full,Y1jC-ByV_A9Abaq2Oh6xtg,False,2026-02,newer than ours,-1,unvalidated,True,,True,True,,True,True
gainesville:28922,28922,22,full,8G_8MX7GH4upCQqCV_XMJg,False,2026-01,same month,0,unvalidated,True,,True,True,,True,True
gainesville:28923,28923,22,full,x3e0-eaBNOwYRuc4M_9afg,False,2026-01,same month,0,unvalidated,True,,True,True,,True,True
gainesville:28925,28925,22,full,rOz-JH4tqg_C_isQxOHLmA,True,2026-01,same pano,0,unvalidated,,True,True,True,False,True,True
gainesville:28928,28928,49,full,laelCpRx_Nvf8UrJ7V-KMg,False,2026-01,same month,0,unvalidated,True,,True,True,,True,True
gainesville:28933,28933,22,full,rFmG-hsSW7otHOh39ScyyA,False,2026-02,newer than ours,-1,unvalidated,True,,False,False,,False,False
gainesville:28934,28934,22,full,uU9B-bIEyMA0X_c5JihcqQ,False,2026-02,newer than ours,-1,unvalidated,True,,False,False,,False,False
gainesville:28936,28936,49,full,BjvPMnJY5XXLR_pUYe2oPw,True,2026-01,same pano,0,unvalidated,True,True,True,True,True,True,True
gainesville:28938,28938,22,full,BjvPMnJY5XXLR_pUYe2oPw,True,2026-01,same pano,0,unvalidated,True,False,False,True,False,False,True
gainesville:28939,28939,22,full,WHPa2NHkPgP2G8LSjv-Pkg,False,2026-01,same month,0,unvalidated,True,,True,True,,False,False
gainesville:28941,28941,22,full,TPG_wVnNt4wjQm2V33yceA,True,2026-01,same pano,0,unvalidated,True,True,True,True,False,False,True
gainesville:28942,28942,55,full,g-3zKZAAwuxABXRuGlc_pA,True,2026-02,same pano,0,unvalidated,True,True,True,True,True,True,True
gainesville:28944,28944,55,full,TMvM8oa4G6VxXuxr2SUiYg,True,2026-02,same pano,0,unvalidated,True,True,True,True,True,True,True
gainesville:28945,28945,55,full,JCKeq1WNrWwkRcfpujyi2A,True,2026-02,same pano,0,unvalidated,True,True,True,True,False,False,False
gainesville:28947,28947,55,full,-CtOg-xpSy2sc4bmc7co5Q,True,2026-02,same pano,0,unvalidated,True,True,True,True,True,True,True
gainesville:28948,28948,55,full,WALC-jHIN50hbHVYts5TaQ,False,2026-02,same month,0,unvalidated,True,,True,True,,True,True
gainesville:28950,28950,56,full,WALC-jHIN50hbHVYts5TaQ,False,2026-02,same month,0,unvalidated,True,,True,True,,True,True
gainesville:28975,28975,16,full,ZPLGIg3HTfhQ3-LWbMmtUQ,True,2026-02,same pano,0,unvalidated,True,True,True,True,False,True,True
gainesville:28982,28982,16,full,pIMMJebqvY4JNuh3NeVuMQ,True,2026-02,same pano,0,unvalidated,True,False,True,True,False,True,True
gainesville:28983,28983,16,full,1WMAJmpguJMD0XBz7ktt8w,True,2026-02,same pano,0,unvalidated,,False,True,True,False,True,True
gainesville:28987,28987,16,full,X1jmSsH8mIX-XWTwEdflzQ,False,2026-02,1-18 mo older,1,unvalidated,True,,True,False,,True,False
gainesville:28989,28989,16,full,X1jmSsH8mIX-XWTwEdflzQ,False,2026-02,same month,0,unvalidated,True,,False,False,,False,False
gainesville:28993,28993,16,full,J9OTgU1cmfb20KwVtEfSUQ,True,2026-03,same pano,0,unvalidated,True,True,True,True,True,True,True
gainesville:28995,28995,16,full,HfnJNvBCtJ0Devhofjx1FQ,True,2026-02,same pano,0,unvalidated,True,True,True,True,True,True,True
gainesville:28998,28998,16,full,9DnrOQzRH7--NHfRY32_2Q,True,2026-03,same pano,0,unvalidated,True,True,True,True,True,True,True
gainesville:29026,29026,16,full,gbHMldEscFTaiziKXAKc8Q,True,2026-02,same pano,0,unvalidated,True,True,True,True,True,True,True
gainesville:29028,29028,16,full,XyqviBZRuMD5zbD4cdnHzw,True,2026-02,same pano,0,unvalidated,,False,True,True,False,True,True
gainesville:29055,29055,16,full,TQIAEx22dOQ6QQPvyLHs3A,True,2026-02,same pano,0,unvalidated,False,False,True,True,False,True,True
gainesville:29061,29061,16,full,qXsgiOIBG5NU7zfNfNdyaw,True,2026-02,same pano,0,unvalidated,True,True,True,True,True,True,True
gainesville:29062,29062,16,full,qXsgiOIBG5NU7zfNfNdyaw,True,2026-02,same pano,0,unvalidated,True,False,True,True,False,True,True
gainesville:29064,29064,16,full,J0wRV2hDCDRvGHYmzuMiMQ,True,2026-02,same pano,0,unvalidated,True,True,True,True,False,True,True
gainesville:29066,29066,16,full,XmtYTnlhYSGHfJDsMxqeuw,True,2026-03,same pano,0,unvalidated,,False,True,True,False,True,True
gainesville:29067,29067,16,full,XmtYTnlhYSGHfJDsMxqeuw,True,2026-03,same pano,0,agreed,True,False,True,True,False,True,True
gainesville:29080,29080,16,full,AzzSWwxOaxKgB61f7C2yrQ,True,2026-02,same pano,0,unvalidated,True,False,True,True,False,True,True
gainesville:29084,29084,16,full,TZK4s8TVyA-E-XAMh_rfuQ,True,2026-03,same pano,0,unvalidated,False,True,True,False,True,True,False
gainesville:29086,29086,16,full,TZK4s8TVyA-E-XAMh_rfuQ,True,2026-03,same pano,0,unvalidated,True,False,True,True,False,True,True
gainesville:29087,29087,16,full,yLtP30tNbuldiFvVYIKB9Q,True,2026-03,same pano,0,unvalidated,,True,True,True,False,True,False
gainesville:29092,29092,16,full,yLtP30tNbuldiFvVYIKB9Q,True,2026-03,same pano,0,unvalidated,True,True,True,True,False,True,True
gainesville:29093,29093,46,full,yLtP30tNbuldiFvVYIKB9Q,True,2026-03,same pano,0,unvalidated,,True,False,False,True,False,False
gainesville:29097,29097,40,full,UN9pCr98DEoNkFA8NlICAw,True,2026-02,same pano,0,unvalidated,True,True,False,False,True,False,False
gainesville:29100,29100,46,full,FyhIVU4fgxhKMpptywxdFg,True,2026-03,same pano,0,unvalidated,True,False,True,True,False,True,True
gainesville:29103,29103,16,full,FyhIVU4fgxhKMpptywxdFg,True,2026-03,same pano,0,unvalidated,True,True,True,True,True,True,True
gainesville:29105,29105,16,full,4_bmxpi3InubVvwOh9Wb_w,True,2026-03,same pano,0,unvalidated,True,False,True,True,False,True,True
gainesville:29107,29107,46,full,4_bmxpi3InubVvwOh9Wb_w,True,2026-03,same pano,0,unvalidated,True,True,True,True,True,True,True
gainesville:29112,29112,16,full,zJOAb1rKiXotVWE-dFLwFg,True,2026-02,same pano,0,unvalidated,True,False,True,True,False,True,True
gainesville:29113,29113,16,full,zJOAb1rKiXotVWE-dFLwFg,True,2026-02,same pano,0,unvalidated,True,True,True,True,True,True,True
gainesville:29123,29123,16,full,5ZMF5sq87Ynj05uXe3hs0Q,True,2026-03,same pano,0,unvalidated,,True,True,False,False,True,False
gainesville:29125,29125,16,full,PvCDGaGL1AjrdNQokYtdjA,True,2026-02,same pano,0,unvalidated,True,True,True,True,False,True,True
gainesville:29129,29129,16,full,guedsh66sYZpSTM_syl-Pg,True,2026-03,same pano,0,unvalidated,True,True,True,False,True,True,False
gainesville:29131,29131,16,full,5ZMF5sq87Ynj05uXe3hs0Q,True,2026-03,same pano,0,unvalidated,True,True,True,True,False,True,True
gainesville:29133,29133,16,full,P-U5C2fUlAgpyk-dzmyryA,True,2026-03,same pano,0,unvalidated,True,False,True,True,False,False,False
gainesville:29136,29136,16,full,P-U5C2fUlAgpyk-dzmyryA,True,2026-03,same pano,0,unvalidated,,False,True,True,False,True,False
gainesville:29139,29139,40,full,76cPslV2Qhdan0bznNucyg,True,2026-03,same pano,0,unvalidated,True,True,False,False,True,False,False
gainesville:29141,29141,16,full,76cPslV2Qhdan0bznNucyg,True,2026-03,same pano,0,unvalidated,False,False,True,True,False,True,True
gainesville:29145,29145,40,full,ytkSbuW-l8u7cKytFIsOrA,True,2026-03,same pano,0,unvalidated,True,False,True,True,False,True,True
gainesville:29148,29148,16,full,ytkSbuW-l8u7cKytFIsOrA,True,2026-03,same pano,0,unvalidated,,False,True,True,False,True,False
gainesville:29150,29150,16,full,UHAtqJ83Tkfe59r9MjcFFQ,True,2026-02,same pano,0,agreed,True,True,True,True,True,True,True
gainesville:29152,29152,16,full,UHAtqJ83Tkfe59r9MjcFFQ,True,2026-02,same pano,0,unvalidated,True,True,False,False,False,False,False
gainesville:29155,29155,16,full,wHZo32zBYYjwlXShHQvbCA,True,2026-02,same pano,0,unvalidated,True,True,True,True,True,True,True
gainesville:29156,29156,16,full,wHZo32zBYYjwlXShHQvbCA,True,2026-02,same pano,0,unvalidated,True,True,True,True,True,True,True
gainesville:29159,29159,16,full,zBrDpzakxZKiiOMvIfigqQ,True,2026-02,same pano,0,unvalidated,True,True,True,True,True,True,False
gainesville:29180,29180,16,full,NHGTMOqr4dCYe1mjVkb6pg,True,2026-03,same pano,0,unvalidated,True,True,True,True,True,True,True
gainesville:29182,29182,16,full,7-0XJxn6-G6LHVA9CFvHmA,True,2026-03,same pano,0,unvalidated,True,True,True,True,False,True,True
gainesville:29183,29183,16,full,MktPjt8aYOw6KnmMdQ2nAg,True,2026-03,same pano,0,unvalidated,True,True,True,True,True,True,False
gainesville:29185,29185,16,full,MktPjt8aYOw6KnmMdQ2nAg,True,2026-03,same pano,0,unvalidated,True,True,True,True,True,True,True
gainesville:29186,29186,16,full,r6Uj5twjuY6lzIP70MGK3g,True,2026-02,same pano,0,unvalidated,True,True,True,True,True,True,True
gainesville:29188,29188,16,full,r6Uj5twjuY6lzIP70MGK3g,True,2026-02,same pano,0,unvalidated,True,True,True,True,True,True,True
gainesville:29209,29209,16,full,87Vrop01OczrxREyc2Vy5Q,True,2026-02,same pano,0,unvalidated,True,True,True,True,True,True,True
gainesville:29211,29211,16,full,2GV-KpsJDeqMu100qGSGkQ,True,2026-02,same pano,0,unvalidated,True,True,True,True,True,True,True
gainesville:29213,29213,16,full,2GV-KpsJDeqMu100qGSGkQ,True,2026-02,same pano,0,unvalidated,True,True,True,True,False,True,True
gainesville:29214,29214,16,full,XeWqUcJ4l5w9JgXjCRRp_A,True,2026-02,same pano,0,unvalidated,True,True,True,True,True,True,True
gainesville:29216,29216,16,full,dJlMpPlID1Rs1qLIaSCEPQ,True,2026-02,same pano,0,unvalidated,True,True,True,True,True,True,True
gainesville:29217,29217,16,full,xZEKvGcEYnuZPOctaoNAfQ,True,2026-02,same pano,0,unvalidated,True,False,True,True,False,True,True
gainesville:29219,29219,16,full,xZEKvGcEYnuZPOctaoNAfQ,True,2026-02,same pano,0,unvalidated,True,True,True,True,True,True,True
gainesville:29220,29220,16,full,zF_fiOHLBkV1s0eeQEz7zQ,True,2026-02,same pano,0,unvalidated,True,True,True,True,True,True,True
gainesville:29222,29222,16,full,ASXCJGbKYlAxySqFPEKhjA,True,2026-02,same pano,0,unvalidated,True,True,True,True,True,True,True
gainesville:29224,29224,16,full,ASXCJGbKYlAxySqFPEKhjA,True,2026-02,same pano,0,unvalidated,True,True,True,True,True,True,True
gainesville:29226,29226,16,full,zF_fiOHLBkV1s0eeQEz7zQ,True,2026-02,same pano,0,unvalidated,True,True,True,True,False,True,True
gainesville:29234,29234,16,full,cjFJW8xSpeA0ep0yaZSqQw,True,2026-03,same pano,0,unvalidated,True,True,True,True,True,True,True
gainesville:29235,29235,16,full,cjFJW8xSpeA0ep0yaZSqQw,True,2026-03,same pano,0,agreed,True,True,True,True,True,True,True
gainesville:29254,29254,16,full,SYTGKt0re6Y7gMZmwStO0w,True,2024-06,same pano,0,unvalidated,True,True,True,True,True,True,True
gainesville:29255,29255,16,full,SYTGKt0re6Y7gMZmwStO0w,True,2024-06,same pano,0,unvalidated,True,True,True,True,True,True,True
gainesville:29259,29259,16,full,ddP_icK9rHxIWwMzKqIEOw,True,2024-06,same pano,0,unvalidated,True,True,True,False,True,True,False
gainesville:29261,29261,16,full,ddP_icK9rHxIWwMzKqIEOw,True,2024-06,same pano,0,unvalidated,True,True,True,True,True,True,False
gainesville:29262,29262,16,full,VxvbnZ9PeBXnGIv_S05v_w,True,2026-03,same pano,0,unvalidated,True,True,True,True,True,True,True
gainesville:29264,29264,16,full,VxvbnZ9PeBXnGIv_S05v_w,True,2026-03,same pano,0,unvalidated,True,True,False,False,True,False,False
gainesville:29267,29267,40,full,VxvbnZ9PeBXnGIv_S05v_w,True,2026-03,same pano,0,unvalidated,True,True,True,True,False,True,True
gainesville:29272,29272,16,full,Iru_Bez_BjRyOn62nzHzpA,True,2026-02,same pano,0,unvalidated,True,True,True,True,True,True,True
gainesville:29276,29276,16,full,b8ttN531UOWiCPcTr5eBuA,True,2025-01,same pano,0,unvalidated,True,True,True,True,True,True,True
gainesville:29277,29277,16,full,b8ttN531UOWiCPcTr5eBuA,True,2025-01,same pano,0,unvalidated,True,True,True,True,True,True,True
gainesville:29282,29282,16,full,tkXW1tXgy2v1LzH4qyFbeA,True,2025-01,same pano,0,unvalidated,True,True,True,True,True,True,True
gainesville:29284,29284,16,full,0PA1gQAdt82mNkbthQ4ahg,True,2025-01,same pano,0,unvalidated,True,True,True,True,True,True,True
gainesville:29291,29291,16,full,umUjcGipFEUcwNFDoJQ13g,True,2026-02,same pano,0,unvalidated,True,True,True,True,True,True,True
gainesville:29292,29292,16,full,a9bo_lGuvc7p_eq5AUMP5A,True,2026-02,same pano,0,unvalidated,True,True,True,True,True,True,True
gainesville:29296,29296,16,full,TJsiDyxR5C5ylNqHnMLpSg,True,2026-02,same pano,0,unvalidated,,True,True,True,True,True,True
gainesville:29297,29297,16,full,TJsiDyxR5C5ylNqHnMLpSg,True,2026-02,same pano,0,unvalidated,True,True,True,True,False,True,True
gainesville:29309,29309,16,full,K7YsjUybmVZc7xpcUfiMnw,True,2026-02,same pano,0,unvalidated,True,True,True,False,False,True,False
gainesville:29311,29311,16,full,a7MYwealGUm0LGckeCWP1w,True,2026-02,same pano,0,unvalidated,True,True,True,False,True,True,False
gainesville:29316,29316,16,full,J2Bo9hC4ILfnpiiZLF409w,True,2026-02,same pano,0,unvalidated,True,True,True,True,True,True,True
gainesville:29317,29317,16,full,bkWaNpBw3krQKCqk6LDkTg,True,2026-02,same pano,0,unvalidated,True,True,True,True,True,True,True
gainesville:29322,29322,16,full,f7rbD-ut2TVO5gwTAl-F4g,False,2026-02,same month,0,unvalidated,True,,True,True,,True,True
gainesville:29326,29326,16,full,-C3fTxJuvplq8k1ll7FqFQ,True,2026-03,same pano,0,unvalidated,True,True,True,True,True,True,True
gainesville:29329,29329,16,full,Z2p6unaCSIFFzbtaAIBJ0A,True,2026-02,same pano,0,unvalidated,True,True,True,True,True,True,True
gainesville:29332,29332,16,full,Z2p6unaCSIFFzbtaAIBJ0A,True,2026-02,same pano,0,unvalidated,True,True,True,True,True,True,True
gainesville:29334,29334,16,full,GGmuKMGKuOA1m4wG3LPLhQ,True,2026-03,same pano,0,unvalidated,True,False,True,True,False,True,True
gainesville:29336,29336,16,full,j9W_Ae7TVfZFgJDNLtfl6Q,True,2026-03,same pano,0,unvalidated,True,False,True,True,False,False,False
gainesville:29337,29337,16,full,NQtmaROnNC4jrAN0hj8CKg,False,2026-03,newer than ours,-133,unvalidated,True,,True,True,,False,False
gainesville:29339,29339,16,full,ua_Af-gFZTHMTFKOTMj3fQ,False,2026-03,newer than ours,-133,unvalidated,True,,True,True,,False,False
gainesville:29388,29388,46,full,orILwQ4IpyXs1vJPdEusjg,True,2026-02,same pano,0,unvalidated,True,True,True,False,True,False,False
gainesville:29391,29391,16,full,orILwQ4IpyXs1vJPdEusjg,True,2026-02,same pano,0,unvalidated,True,True,True,True,True,True,True
gainesville:29393,29393,46,full,gdutBtC3aHGBj2tHDXqAyA,True,2026-02,same pano,0,unvalidated,True,True,True,True,True,True,True
gainesville:29395,29395,46,full,XRU68o5ry-3ErgAc5g8JDw,True,2026-03,same pano,0,unvalidated,True,False,False,True,False,False,True
gainesville:29402,29402,16,full,UT7IFyRSzJhkHlh-qoy0Pw,True,2026-02,same pano,0,unvalidated,True,True,True,True,True,True,True
gainesville:29411,29411,16,full,0bvCOHz1ckSuvKullaxKJA,True,2026-02,same pano,0,unvalidated,True,True,True,True,False,True,True
gainesville:29413,29413,16,full,0bvCOHz1ckSuvKullaxKJA,True,2026-02,same pano,0,unvalidated,True,True,True,True,False,True,True
gainesville:29430,29430,46,full,iQWHPgKoQ36to5Ac6Jy1_A,True,2026-02,same pano,0,unvalidated,True,False,True,True,False,False,False
gainesville:29432,29432,46,full,iQWHPgKoQ36to5Ac6Jy1_A,True,2026-02,same pano,0,unvalidated,True,False,False,False,False,False,False
gainesville:29433,29433,46,full,yQOkeKGLo1dFuhOO7BFRFg,True,2026-03,same pano,0,unvalidated,True,True,False,True,True,False,False
gainesville:29434,29434,46,full,yQOkeKGLo1dFuhOO7BFRFg,True,2026-03,same pano,0,unvalidated,True,False,True,False,False,True,False
gainesville:29448,29448,46,full,xRm5Eju1SRG44ZuQ4ozQKA,True,2026-03,same pano,0,unvalidated,True,False,True,True,False,True,True
gainesville:29449,29449,46,full,k1-0JC1aqXO3KhBH9kN8Jw,True,2026-03,same pano,0,unvalidated,True,True,True,True,True,True,True
gainesville:29451,29451,47,full,JNmRciwPcG1QGYmJo7bF7w,True,2026-03,same pano,0,unvalidated,True,True,False,True,True,False,True
gainesville:29453,29453,47,full,JNmRciwPcG1QGYmJo7bF7w,True,2026-03,same pano,0,unvalidated,True,True,False,True,True,False,True
gainesville:29454,29454,46,full,JNmRciwPcG1QGYmJo7bF7w,True,2026-03,same pano,0,unvalidated,True,True,False,False,True,False,False
gainesville:29456,29456,46,full,JNmRciwPcG1QGYmJo7bF7w,True,2026-03,same pano,0,unvalidated,True,False,False,False,False,False,False
gainesville:29481,29481,16,full,_WUWYMqTLCDy-U5EbvYy4Q,True,2026-02,same pano,0,unvalidated,True,False,True,True,False,True,True
gainesville:29483,29483,16,full,_WUWYMqTLCDy-U5EbvYy4Q,True,2026-02,same pano,0,unvalidated,True,False,True,True,False,True,True
gainesville:29514,29514,46,full,prqemwzcKC42X-iJhJS8NQ,True,2026-02,same pano,0,unvalidated,,True,False,True,True,False,True
gainesville:29516,29516,46,full,prqemwzcKC42X-iJhJS8NQ,True,2026-02,same pano,0,unvalidated,True,True,True,True,True,True,True
gainesville:29554,29554,16,full,t_4_7-9l3JrViqhc2cCkMQ,True,2026-02,same pano,0,unvalidated,True,False,False,False,False,False,False
gainesville:29556,29556,16,full,t_4_7-9l3JrViqhc2cCkMQ,True,2026-02,same pano,0,unvalidated,True,False,False,False,False,False,False
gainesville:29601,29601,16,full,jE7jfpgpMn1zP3_DMdvMTg,True,2026-02,same pano,0,unvalidated,True,True,True,True,True,True,True
gainesville:29603,29603,16,full,jE7jfpgpMn1zP3_DMdvMTg,True,2026-02,same pano,0,unvalidated,,True,True,True,True,True,True
gainesville:29624,29624,16,full,fbv7tS1mTqaztRNkWtg6ag,True,2026-02,same pano,0,unvalidated,True,True,True,True,True,True,True
gainesville:29626,29626,16,full,fbv7tS1mTqaztRNkWtg6ag,True,2026-02,same pano,0,unvalidated,True,True,True,True,True,True,True
gainesville:29641,29641,16,full,C9PsQz9Ep7sseKQAeLQjNg,False,2026-03,newer than ours,-11,unvalidated,True,,True,True,,True,True
gainesville:29643,29643,16,full,C9PsQz9Ep7sseKQAeLQjNg,False,2026-03,same month,0,unvalidated,True,,False,True,,False,True
gainesville:29647,29647,7,partial,C9PsQz9Ep7sseKQAeLQjNg,False,2026-03,newer than ours,-1,unvalidated,True,,True,True,,True,True
gainesville:29651,29651,7,partial,C9PsQz9Ep7sseKQAeLQjNg,False,2026-03,newer than ours,-1,unvalidated,True,,False,True,,False,True
gainesville:29652,29652,59,partial,0ir-RNSgpk7wqgDtuf9pxw,True,2026-03,same pano,0,unvalidated,True,True,True,True,True,True,False
gainesville:29654,29654,16,full,0ir-RNSgpk7wqgDtuf9pxw,True,2026-03,same pano,0,unvalidated,True,True,True,True,True,True,True
gainesville:29655,29655,40,full,DyyC0zEwmi1aypM2nunqFA,True,2026-02,same pano,0,unvalidated,True,True,False,False,True,False,False
gainesville:29657,29657,40,full,DyyC0zEwmi1aypM2nunqFA,True,2026-02,same pano,0,unvalidated,True,False,True,False,False,True,False
gainesville:29658,29658,40,full,fDiLDOv6MJeE0XrlkleUow,True,2026-02,same pano,0,unvalidated,True,False,True,True,False,True,False
gainesville:29660,29660,40,full,fDiLDOv6MJeE0XrlkleUow,True,2026-02,same pano,0,unvalidated,True,False,False,False,False,False,False
gainesville:29688,29688,16,full,NUlmEAvNMpMSMyk22sWk3w,True,2026-02,same pano,0,unvalidated,True,True,True,True,True,True,True
gainesville:29690,29690,16,full,NUlmEAvNMpMSMyk22sWk3w,True,2026-02,same pano,0,unvalidated,True,True,True,True,True,True,True
gainesville:29697,29697,16,full,aONfoB73B53T3DYeHOBscA,True,2024-06,same pano,0,unvalidated,True,True,True,True,True,True,True
gainesville:29699,29699,16,full,aONfoB73B53T3DYeHOBscA,True,2024-06,same pano,0,unvalidated,True,True,True,False,True,True,False
gainesville:29736,29736,16,full,GW78sJov5b_j3_RaJ-4iqQ,False,2026-02,same month,0,unvalidated,True,,True,False,,False,False
gainesville:29737,29737,16,full,3vvTUBoluobXO8U9La5-Rg,False,2026-03,newer than ours,-1,unvalidated,True,,False,True,,False,False
gainesville:29739,29739,16,full,GW78sJov5b_j3_RaJ-4iqQ,False,2026-02,same month,0,unvalidated,True,,True,True,,True,True
gainesville:29741,29741,16,full,3vvTUBoluobXO8U9La5-Rg,False,2026-03,newer than ours,-1,unvalidated,True,,True,True,,True,True
gainesville:29756,29756,46,full,KuVX20UpchlRAZrNIg87bQ,True,2026-02,same pano,0,unvalidated,True,True,False,False,True,False,False
gainesville:29758,29758,46,full,KuVX20UpchlRAZrNIg87bQ,True,2026-02,same pano,0,unvalidated,True,True,True,True,True,True,True
gainesville:29760,29760,46,full,bexaauQsHW20YEGxd25F4A,True,2026-03,same pano,0,unvalidated,True,False,False,False,False,False,False
gainesville:29762,29762,46,full,bexaauQsHW20YEGxd25F4A,True,2026-03,same pano,0,unvalidated,True,False,True,False,False,True,False
gainesville:29768,29768,59,partial,GpmvsPlwSKHAleWD4bo0AQ,False,2026-02,same month,0,unvalidated,True,,True,True,,True,True
gainesville:29770,29770,59,partial,GpmvsPlwSKHAleWD4bo0AQ,False,2026-02,same month,0,unvalidated,True,,False,True,,False,True
gainesville:29771,29771,59,partial,wStvAPa0p5m3jZ4kw9j4gg,False,2026-02,same month,0,unvalidated,,,False,False,,False,False
gainesville:29773,29773,16,full,wStvAPa0p5m3jZ4kw9j4gg,False,2026-02,same month,0,unvalidated,True,,False,False,,False,False
gainesville:29774,29774,16,full,wStvAPa0p5m3jZ4kw9j4gg,False,2026-02,same month,0,agreed,True,,False,False,,False,False
gainesville:29775,29775,16,full,wStvAPa0p5m3jZ4kw9j4gg,False,2026-02,same month,0,unvalidated,True,,False,False,,False,False
gainesville:29799,29799,47,full,A4rmvGc4brbWfqQ23aoUhQ,True,2026-03,same pano,0,unvalidated,True,True,True,True,True,True,True
gainesville:29802,29802,16,full,utUe8yrcxCFBCRUQTDcVUg,False,2026-02,same month,0,unvalidated,True,,True,False,,True,False
gainesville:29805,29805,7,partial,zb_V__SOE-MppzRRHWrqxQ,True,2026-02,same pano,0,unvalidated,True,False,False,False,False,False,False
gainesville:29808,29808,7,partial,ivHe3-CKeG4vQRLm2FpSrg,True,2026-02,same pano,0,unvalidated,True,False,False,True,False,False,True
gainesville:29812,29812,40,full,F03-4GzMlvNz30XRhDhoIA,True,2026-03,same pano,0,unvalidated,True,False,True,False,False,True,False
gainesville:29814,29814,59,partial,urxBsJBhTkVN0XBFGLN_Mg,True,2026-03,same pano,0,unvalidated,True,True,True,True,False,True,False
gainesville:29815,29815,14,full,urxBsJBhTkVN0XBFGLN_Mg,True,2026-03,same pano,0,unvalidated,True,False,True,False,False,False,False
gainesville:29816,29816,40,full,F03-4GzMlvNz30XRhDhoIA,True,2026-03,same pano,0,unvalidated,True,False,False,True,False,False,False
gainesville:29904,29904,59,partial,IXM7pK1AzK3vhxnOVyTlYg,True,2026-02,same pano,0,unvalidated,True,True,True,True,True,True,True
gainesville:29906,29906,59,partial,IXM7pK1AzK3vhxnOVyTlYg,True,2026-02,same pano,0,unvalidated,True,True,True,True,True,True,True
gainesville:29907,29907,59,partial,ouHDWYBzeqcd-x1gEYhMzA,True,2026-02,same pano,0,unvalidated,True,True,True,True,True,True,True
gainesville:29909,29909,59,partial,zar67aU2YEKlKSdLNA_PyQ,True,2026-02,same pano,0,unvalidated,True,True,True,True,True,True,True
gainesville:29910,29910,59,partial,7SfhG3e7RTCHx-x-KfZv6g,True,2026-02,same pano,0,unvalidated,True,False,False,False,False,False,False
gainesville:29912,29912,59,partial,7SfhG3e7RTCHx-x-KfZv6g,True,2026-02,same pano,0,unvalidated,True,True,True,True,True,True,True
gainesville:29931,29931,59,partial,U13oDhe8Lqi0Xm5UfJaZGA,False,2026-03,newer than ours,-1,unvalidated,False,,False,False,,False,False
gainesville:29935,29935,59,partial,a0YUAGvYzY5bf9T62NTTsA,True,2026-03,same pano,0,unvalidated,True,True,True,False,True,True,False
gainesville:29953,29953,59,partial,7gTpUGnzne5A8tgsFIMBhA,True,2026-02,same pano,0,unvalidated,True,True,True,True,True,True,True
gainesville:29955,29955,59,partial,7gTpUGnzne5A8tgsFIMBhA,True,2026-02,same pano,0,unvalidated,True,True,True,True,True,True,True
gainesville:29956,29956,59,partial,hn2QgsBZwd6cn24bPoBQ6Q,True,2026-02,same pano,0,unvalidated,True,True,True,True,True,True,True
gainesville:29957,29957,59,partial,hn2QgsBZwd6cn24bPoBQ6Q,True,2026-02,same pano,0,unvalidated,True,False,True,True,False,True,True
gainesville:29999,29999,59,partial,ysVFKo8LXH3P9icHPjMwUA,True,2026-02,same pano,0,unvalidated,True,True,True,True,True,True,True
gainesville:30000,30000,59,partial,TrBYnqw8oMhw_vUHolDaQQ,True,2026-03,same pano,0,unvalidated,True,True,True,True,True,True,True
gainesville:30003,30003,59,partial,TrBYnqw8oMhw_vUHolDaQQ,True,2026-03,same pano,0,unvalidated,True,True,True,True,True,True,True
gainesville:30004,30004,59,partial,lRdTKbf-eqkIy-FQho57TQ,True,2026-03,same pano,0,unvalidated,True,True,True,True,True,True,True
gainesville:30005,30005,59,partial,ECH5BQqHqSUVir3_W3zUQA,True,2026-03,same pano,0,unvalidated,True,False,True,True,False,True,True
gainesville:30007,30007,59,partial,ECH5BQqHqSUVir3_W3zUQA,True,2026-03,same pano,0,unvalidated,True,False,True,True,False,True,True
gainesville:30026,30026,59,partial,F03-4GzMlvNz30XRhDhoIA,True,2026-03,same pano,0,unvalidated,True,True,True,True,True,True,True
gainesville:30028,30028,40,full,F03-4GzMlvNz30XRhDhoIA,True,2026-03,same pano,0,unvalidated,True,False,False,True,False,False,True
gainesville:30041,30041,59,partial,mY8y__Iwf3snKXUO09BkHA,True,2026-02,same pano,0,unvalidated,True,True,True,True,True,True,True
gainesville:30043,30043,59,partial,mY8y__Iwf3snKXUO09BkHA,True,2026-02,same pano,0,unvalidated,True,True,True,True,True,True,True
gainesville:30044,30044,59,partial,pSCAuXVH1UdQm-TvQmhMFw,True,2026-03,same pano,0,unvalidated,True,True,True,True,False,True,True
gainesville:30046,30046,16,full,aH-Kh7C8Q_iVMjmnZEXLWw,True,2026-02,same pano,0,unvalidated,True,True,True,True,True,True,True
gainesville:30106,30106,59,partial,MjNgvwUcTm9tBSOl32te0g,False,2026-03,same month,0,unvalidated,True,,True,True,,True,True
gainesville:30108,30108,59,partial,0-IjL1RwFob4EwkGn3Hoog,False,2026-03,same month,0,unvalidated,True,,True,True,,True,True
gainesville:30129,30129,59,partial,a3nk4qw8WCVo-MSYLFQ7-g,False,2026-02,same month,0,unvalidated,True,,True,True,,True,True
gainesville:30131,30131,59,partial,a3nk4qw8WCVo-MSYLFQ7-g,False,2026-02,same month,0,unvalidated,,,True,True,,True,True
gainesville:30132,30132,59,partial,MKNrphEdHIgpBt-4N5SDkQ,False,2025-05,newer than ours,-7,unvalidated,True,,True,True,,True,True
gainesville:30134,30134,59,partial,MKNrphEdHIgpBt-4N5SDkQ,False,2025-05,newer than ours,-7,unvalidated,True,,True,True,,True,True
gainesville:30147,30147,59,partial,5kLElYX-NsFBKrZE2VdzYg,False,2026-02,same month,0,unvalidated,True,,True,True,,True,True
gainesville:30148,30148,59,partial,5kLElYX-NsFBKrZE2VdzYg,False,2026-02,same month,0,unvalidated,True,,True,True,,True,True
gainesville:30150,30150,59,partial,Ub5yVMfgh4rvGuxCsNtVag,True,2026-02,same pano,0,unvalidated,True,True,True,True,False,True,True
gainesville:30152,30152,59,partial,Ub5yVMfgh4rvGuxCsNtVag,True,2026-02,same pano,0,unvalidated,True,True,True,True,True,True,True
gainesville:30166,30166,59,partial,AIhNzZDWy-oiWuCWVBuxXQ,True,2024-06,same pano,0,unvalidated,True,True,True,True,True,True,True
gainesville:30167,30167,59,partial,AIhNzZDWy-oiWuCWVBuxXQ,True,2024-06,same pano,0,unvalidated,True,True,True,True,True,True,True
gainesville:30169,30169,59,partial,EAtkdN4w5tNL4OqJ-SmhNA,True,2026-02,same pano,0,unvalidated,True,False,True,False,False,False,True
gainesville:30170,30170,59,partial,EAtkdN4w5tNL4OqJ-SmhNA,True,2026-02,same pano,0,agreed,True,True,True,True,True,True,True
gainesville:30235,30235,59,partial,AacaKkvmihNQixscF49O0w,True,2026-02,same pano,0,unvalidated,True,True,True,True,False,True,True
gainesville:30237,30237,59,partial,AacaKkvmihNQixscF49O0w,True,2026-02,same pano,0,unvalidated,,False,False,False,False,False,False
gainesville:30262,30262,59,partial,6qEdKw6GEJMEd4pHtgrB0g,True,2026-02,same pano,0,unvalidated,True,False,True,True,False,True,True
gainesville:30264,30264,59,partial,6qEdKw6GEJMEd4pHtgrB0g,True,2026-02,same pano,0,unvalidated,True,True,True,True,True,True,True
gainesville:30265,30265,48,full,eGXbQD7Bay5-lvSG9s1_lQ,True,2026-02,same pano,0,agreed,True,True,True,True,True,True,True
gainesville:30267,30267,48,full,eGXbQD7Bay5-lvSG9s1_lQ,True,2026-02,same pano,0,agreed,True,False,True,True,False,True,True
gainesville:30268,30268,48,full,eGXbQD7Bay5-lvSG9s1_lQ,True,2026-02,same pano,0,agreed,True,True,True,True,True,True,True
gainesville:30271,30271,48,full,eGXbQD7Bay5-lvSG9s1_lQ,True,2026-02,same pano,0,agreed,True,True,True,True,True,True,True
gainesville:30279,30279,48,full,hu6pM29EmkOAuRR2zX41Ng,True,2018-10,same pano,0,agreed,True,True,True,True,True,True,True
gainesville:30281,30281,48,full,3ceq7CQQ4M-oNo7NYgfqOA,True,2018-10,same pano,0,agreed,True,True,True,False,True,False,False
gainesville:30284,30284,30,partial,IWe_PeQ9JzKSTvqvGXjRcw,True,2026-02,same pano,0,agreed,True,True,True,True,True,True,True
gainesville:30286,30286,30,partial,iXVFKpy2j3vPjxM5PvgvVg,False,2026-02,same month,0,unvalidated,True,,True,True,,True,True
gainesville:30287,30287,30,partial,XKP3XfCwfKjSsQmRuVPgDg,False,2026-02,newer than ours,-88,unvalidated,True,,True,True,,True,True
gainesville:30289,30289,30,partial,XKP3XfCwfKjSsQmRuVPgDg,False,2026-02,same month,0,agreed,True,,True,True,,True,True
gainesville:30290,30290,30,partial,hhNVrNC0_ZFjrMNeTcfXlw,False,2026-02,same month,0,unvalidated,True,,True,True,,True,True
gainesville:30292,30292,30,partial,jfc6ZKDIEPRwYf_Teprg1Q,False,2026-02,newer than ours,-88,unvalidated,,,True,True,,True,True
gainesville:30355,30355,50,full,s9ZOb_LrksjSMSOExDUfpg,True,2019-06,same pano,0,unvalidated,True,True,True,True,True,True,True
gainesville:30357,30357,50,full,s9ZOb_LrksjSMSOExDUfpg,True,2019-06,same pano,0,unvalidated,True,True,True,True,True,True,True
gainesville:30358,30358,50,full,6GIwGjISvYWHVKakjJBUEw,False,2026-02,same month,0,unvalidated,True,,True,False,,True,False
gainesville:30359,30359,50,full,6GIwGjISvYWHVKakjJBUEw,False,2026-02,same month,0,unvalidated,True,,True,True,,True,True
gainesville:30361,30361,50,full,VLDcdsZfsvDrxZ0ciRizkg,True,2026-02,same pano,0,unvalidated,True,False,False,False,False,False,False
gainesville:30363,30363,50,full,VLDcdsZfsvDrxZ0ciRizkg,True,2026-02,same pano,0,unvalidated,True,False,True,False,False,True,False
gainesville:30364,30364,50,full,8vGhGMvW1Rmv1YvCLe_ykQ,True,2026-02,same pano,0,unvalidated,,True,True,True,True,True,True
gainesville:30366,30366,50,full,NKb1v-H8Amo5QDwDY8VJZg,True,2026-02,same pano,0,unvalidated,,False,True,True,False,True,True
gainesville:30367,30367,50,full,Uq4CTRuOOPX1EwGQ9qm8IA,False,2026-02,same month,0,unvalidated,True,,True,True,,True,True
gainesville:30369,30369,50,full,Uq4CTRuOOPX1EwGQ9qm8IA,False,2026-02,same month,0,unvalidated,True,,True,True,,True,True
gainesville:30370,30370,50,full,cRQ9nhjHrL_u7dxFTau-Ig,False,2026-02,same month,0,unvalidated,,,True,True,,True,True
gainesville:30376,30376,50,full,_W-_U3KQnOvxhqJOPf3UIw,True,2024-06,same pano,0,unvalidated,True,True,True,True,True,True,True
gainesville:30377,30377,50,full,jS2EoxKG0wbIgKeB0_002g,True,2024-06,same pano,0,unvalidated,True,True,True,True,True,True,True
gainesville:30378,30378,50,full,2CcZp1CLo9d1GXhNlS-6KA,True,2024-06,same pano,0,unvalidated,True,True,True,True,True,True,True
gainesville:30379,30379,50,full,2CcZp1CLo9d1GXhNlS-6KA,True,2024-06,same pano,0,unvalidated,True,True,True,True,True,True,True
gainesville:30381,30381,50,full,K2jTJMOQQahMg87ZCnfh1w,True,2024-06,same pano,0,unvalidated,True,True,True,True,True,True,True
gainesville:30383,30383,50,full,RyyswO7VHQMbiHmnoBWopQ,True,2025-04,same pano,0,unvalidated,True,True,True,True,False,True,True
gainesville:30386,30386,40,full,Ju9gWk090ZExYmDxgO0KOg,True,2026-02,same pano,0,unvalidated,True,False,True,True,False,True,False
gainesville:30389,30389,40,full,XAEs__P11i8VgIH8-QFXXQ,False,2026-02,same month,0,unvalidated,True,,False,True,,True,True
gainesville:30392,30392,50,full,FFx_BeZnUxusANvwHx1omA,True,2025-04,same pano,0,unvalidated,True,True,True,True,True,True,True
gainesville:30393,30393,50,full,FFx_BeZnUxusANvwHx1omA,True,2025-04,same pano,0,unvalidated,,False,False,True,False,False,True
gainesville:30396,30396,44,full,FFx_BeZnUxusANvwHx1omA,True,2025-04,same pano,0,unvalidated,True,True,False,False,True,False,False
gainesville:30399,30399,44,full,sGcnJR7zS5iLnpDMihDX3Q,True,2025-04,same pano,0,unvalidated,True,True,True,True,True,True,True
gainesville:30400,30400,44,full,CHyg56SbQAEhv9cJkw2ovw,True,2025-04,same pano,0,unvalidated,True,False,True,True,False,True,True
gainesville:30401,30401,44,full,CHyg56SbQAEhv9cJkw2ovw,True,2025-04,same pano,0,unvalidated,True,False,True,False,False,True,False
gainesville:30404,30404,44,full,lEhYa23nSrvKFF1lwUSEww,True,2026-02,same pano,0,unvalidated,True,True,True,False,True,False,False
gainesville:30408,30408,40,full,lEhYa23nSrvKFF1lwUSEww,True,2026-02,same pano,0,unvalidated,True,False,False,True,False,False,True
gainesville:30410,30410,50,full,a8Km4kJN1mYdY8rxdMwIiQ,True,2026-02,same pano,0,unvalidated,True,False,True,True,False,True,True
gainesville:30412,30412,50,full,Y-yU47gTBpqv2ngVK_QvZA,True,2026-02,same pano,0,unvalidated,,False,True,True,False,True,True
gainesville:30413,30413,50,full,Prwu24pl8sNdT48JbcKNoA,True,2026-02,same pano,0,unvalidated,True,True,True,True,True,True,True
gainesville:30415,30415,50,full,rMJNveZxbAcucKaIpINfNA,True,2026-02,same pano,0,unvalidated,True,True,True,True,True,True,True
gainesville:30416,30416,50,full,E10zNfN3Fw_wwdZxUHnrmg,True,2026-02,same pano,0,unvalidated,True,True,True,True,False,True,True
gainesville:30417,30417,50,full,U-FnnL8qAtyS7ge8CSu1iw,True,2024-06,same pano,0,unvalidated,True,True,True,True,True,True,True
gainesville:30418,30418,50,full,W6aKD8ZR5BHdv987e7nx4w,True,2026-02,same pano,0,unvalidated,True,True,True,True,True,True,True
gainesville:30419,30419,50,full,W6aKD8ZR5BHdv987e7nx4w,True,2026-02,same pano,0,unvalidated,True,True,True,True,True,True,True
gainesville:30420,30420,50,full,gEmHuYK6Z5e8uA3TyAb_4g,False,2026-02,same month,0,unvalidated,True,,True,True,,True,True
gainesville:30422,30422,50,full,gEmHuYK6Z5e8uA3TyAb_4g,False,2026-02,same month,0,unvalidated,True,,True,True,,True,False
gainesville:30423,30423,50,full,uJngy1ciqPv5H_PLSzKQpA,False,2026-02,same month,0,unvalidated,True,,False,True,,True,False
gainesville:30425,30425,50,full,2bdwBlr8SZAylMnlrHAkag,False,2026-02,same month,0,unvalidated,True,,False,True,,False,True
gainesville:30426,30426,38,full,unDbfjSUGGJUAVyyhubmUA,False,2026-02,newer than ours,-20,unvalidated,True,,False,False,,True,False
gainesville:30428,30428,38,full,unDbfjSUGGJUAVyyhubmUA,False,2026-02,newer than ours,-20,unvalidated,True,,False,True,,False,False
gainesville:30429,30429,50,full,M5jXmSQNL5E7wRIkNZmnOw,False,2026-02,same month,0,unvalidated,True,,True,True,,True,True
gainesville:30431,30431,50,full,M5jXmSQNL5E7wRIkNZmnOw,False,2026-02,same month,0,unvalidated,True,,True,True,,True,True
gainesville:30432,30432,50,full,Ah0m4NYgGeO5BYeHHFmljA,False,2025-04,1-18 mo older,10,unvalidated,True,,True,False,,True,False
gainesville:30434,30434,50,full,ED4QW5JaANkOG4FX9Fo5Fg,False,2025-04,1-18 mo older,10,unvalidated,True,,True,False,,False,False
gainesville:30438,30438,32,full,OxYgaPThgrACWyu1xTyXuw,True,2025-04,same pano,0,unvalidated,True,False,False,False,False,False,False
gainesville:30441,30441,40,full,wM_bIS3bt4VYXuFY85xW_A,False,2026-02,same month,0,unvalidated,True,,True,False,,True,False
gainesville:30443,30443,50,full,jC8IJ6QLP57ktt3ljYViqg,False,2026-02,same month,0,unvalidated,True,,True,True,,True,True
gainesville:30444,30444,50,full,jC8IJ6QLP57ktt3ljYViqg,False,2026-02,same month,0,unvalidated,True,,True,False,,True,False
gainesville:30445,30445,59,partial,NT7KjzhFEgTrhZBsB6ItQw,True,2026-02,same pano,0,unvalidated,True,True,True,True,True,True,True
gainesville:30447,30447,59,partial,h81gZN0kZ0ft_Wqk7MA4-w,True,2026-02,same pano,0,unvalidated,True,True,True,True,True,True,True
gainesville:30448,30448,59,partial,h81gZN0kZ0ft_Wqk7MA4-w,True,2026-02,same pano,0,unvalidated,True,True,True,True,False,True,True
gainesville:30450,30450,59,partial,h81gZN0kZ0ft_Wqk7MA4-w,True,2026-02,same pano,0,unvalidated,,False,True,True,False,True,False
gainesville:30457,30457,59,partial,Pk4Ssb_HGiiQ_Owd9Mutiw,True,2026-03,same pano,0,unvalidated,True,True,True,True,True,True,True
gainesville:30459,30459,59,partial,lhHwU7_HUFtHkSi8UCvywQ,True,2026-03,same pano,0,unvalidated,True,False,True,True,False,True,True
gainesville:30460,30460,59,partial,LhEnXg5mketYHGpKi8AkDQ,True,2026-03,same pano,0,unvalidated,True,True,True,True,True,True,True
gainesville:30462,30462,59,partial,LhEnXg5mketYHGpKi8AkDQ,True,2026-03,same pano,0,agreed,True,True,True,True,True,True,True
gainesville:30464,30464,59,partial,3NU9wt9kC00feLBUJlo4eg,False,2026-02,1-18 mo older,1,unvalidated,True,,False,True,,False,True
gainesville:30468,30468,59,partial,rHc0KCVn5aYSHoaE6mVN-g,False,2026-02,same month,0,unvalidated,True,,True,True,,True,True
gainesville:30473,30473,59,partial,T0ViHzYYhBbHAI0m8PKRjg,False,2026-02,same month,0,unvalidated,True,,False,True,,False,True
gainesville:30475,30475,14,full,cfqJf42U-dzuuZXwrOuc-Q,True,2026-03,same pano,0,unvalidated,True,True,True,True,True,True,True
gainesville:30476,30476,59,partial,gEIvDP2fSxBxqSODXKW6qQ,False,2026-02,same month,0,unvalidated,True,,True,True,,True,True
gainesville:30477,30477,59,partial,jEqpyHouckYBJZD-AGhAbQ,False,2026-02,same month,0,unvalidated,True,,True,True,,True,True
gainesville:30478,30478,59,partial,gy8L5tP9vxDubM-SPTcb8w,True,2024-06,same pano,0,unvalidated,True,True,True,True,True,True,True
gainesville:30480,30480,59,partial,gy8L5tP9vxDubM-SPTcb8w,True,2024-06,same pano,0,agreed,True,False,True,True,False,False,False
gainesville:30481,30481,59,partial,C1d7T-IZiGd9aYWa1xsOrA,True,2018-10,same pano,0,unvalidated,True,True,True,True,True,True,True
gainesville:30482,30482,59,partial,C1d7T-IZiGd9aYWa1xsOrA,True,2018-10,same pano,0,unvalidated,True,True,True,True,True,True,True
gainesville:30484,30484,59,partial,ZU3PeYU603mu8YhY_gj18g,False,2025-01,1-18 mo older,13,unvalidated,True,,True,True,,True,True
gainesville:30488,30488,59,partial,nX7Gcp9RB_lRalTUhF-YnQ,False,2026-02,same month,0,unvalidated,True,,True,True,,True,True
gainesville:30492,30492,59,partial,dc63t_wMSS_-AcyWa9CW3Q,False,2025-05,1-18 mo older,9,unvalidated,True,,False,False,,False,False
gainesville:30494,30494,59,partial,ZkOrbGrGZFFm0m_fCZ-9aA,False,2025-01,newer than ours,-3,unvalidated,True,,True,True,,True,True
gainesville:30495,30495,59,partial,tD5j5NZ6-6MLVtJkzAJ4xQ,False,2025-04,newer than ours,-6,unvalidated,True,,False,False,,False,False
gainesville:30502,30502,59,partial,0DYB_70rZ2PMELQ_j9fNuA,False,2025-04,newer than ours,-6,agreed,True,,True,True,,True,True
gainesville:30504,30504,59,partial,0DYB_70rZ2PMELQ_j9fNuA,False,2025-04,newer than ours,-6,unvalidated,True,,True,True,,True,True
gainesville:30511,30511,59,partial,rIEWpWREvFJ_VEzDoKEFWw,True,2026-02,same pano,0,unvalidated,True,True,True,True,True,True,True
gainesville:30512,30512,59,partial,rIEWpWREvFJ_VEzDoKEFWw,True,2026-02,same pano,0,agreed,True,True,True,True,True,True,True
gainesville:30548,30548,59,partial,yj03fZ1xCRTKcqYxs0WuTA,True,2026-02,same pano,0,agreed,True,True,True,True,True,True,True
gainesville:30550,30550,59,partial,cBKvj-zJtsPSz_sBnm9xLQ,True,2026-02,same pano,0,unvalidated,True,True,True,False,True,True,False
gainesville:30552,30552,59,partial,f_48a_A4uDvyJUTS08hNLg,True,2026-03,same pano,0,unvalidated,True,True,True,True,False,True,True
gainesville:30553,30553,59,partial,f_48a_A4uDvyJUTS08hNLg,True,2026-03,same pano,0,unvalidated,True,True,True,True,False,True,True
gainesville:30555,30555,14,full,urxBsJBhTkVN0XBFGLN_Mg,True,2026-03,same pano,0,unvalidated,True,True,False,True,True,False,True
gainesville:30556,30556,40,full,F03-4GzMlvNz30XRhDhoIA,True,2026-03,same pano,0,unvalidated,True,True,False,False,False,False,True
gainesville:30568,30568,59,partial,GpmvsPlwSKHAleWD4bo0AQ,False,2026-02,same month,0,unvalidated,True,,False,False,,False,False
gainesville:30570,30570,59,partial,GpmvsPlwSKHAleWD4bo0AQ,False,2026-02,same month,0,unvalidated,True,,True,False,,True,False
gainesville:30571,30571,16,full,wStvAPa0p5m3jZ4kw9j4gg,False,2026-02,same month,0,unvalidated,True,,False,False,,False,False
gainesville:30573,30573,16,full,wStvAPa0p5m3jZ4kw9j4gg,False,2026-02,same month,0,unvalidated,True,,False,False,,False,False
gainesville:30574,30574,16,full,wStvAPa0p5m3jZ4kw9j4gg,False,2026-02,same month,0,unvalidated,True,,False,False,,False,False
gainesville:30575,30575,59,partial,wStvAPa0p5m3jZ4kw9j4gg,False,2026-02,same month,0,unvalidated,True,,False,False,,False,False
gainesville:30603,30603,59,partial,yO-JdjeJheopZiD0z6ukWA,False,2025-05,1-18 mo older,9,unvalidated,True,,True,True,,True,True
gainesville:30605,30605,59,partial,B9jZwITjL87eOFnY6flSSw,False,2025-05,1-18 mo older,9,unvalidated,True,,True,True,,True,True
gainesville:30606,30606,59,partial,EcB3Lufq9YcRsgquy6yeYw,True,2026-02,same pano,0,unvalidated,True,True,True,True,True,True,True
gainesville:30607,30607,59,partial,EcB3Lufq9YcRsgquy6yeYw,True,2026-02,same pano,0,unvalidated,True,True,True,True,False,True,True
gainesville:30726,30726,59,partial,jT-vkaS1iaDLhQnkdIvbzQ,True,2026-03,same pano,0,unvalidated,True,False,True,False,False,True,False
gainesville:30728,30728,59,partial,jT-vkaS1iaDLhQnkdIvbzQ,True,2026-03,same pano,0,unvalidated,True,True,True,True,True,True,True
gainesville:30729,30729,59,partial,A0p5QOoI166WTkA5O9Qnlw,True,2026-02,same pano,0,unvalidated,True,True,True,True,True,True,True
gainesville:30732,30732,59,partial,A0p5QOoI166WTkA5O9Qnlw,True,2026-02,same pano,0,unvalidated,True,True,True,True,True,True,True
gainesville:30736,30736,7,partial,_1b30ApDf8UKEUHm62LEbg,False,2026-03,same month,0,unvalidated,True,,True,True,,True,True
gainesville:30738,30738,7,partial,_1b30ApDf8UKEUHm62LEbg,False,2026-03,newer than ours,-1,unvalidated,True,,True,True,,True,True
gainesville:30739,30739,7,partial,_1b30ApDf8UKEUHm62LEbg,False,2026-03,newer than ours,-1,unvalidated,True,,True,True,,True,True
gainesville:30741,30741,7,partial,4dOjL0IN4v-mJ-FNxDG-Iw,True,2026-02,same pano,0,unvalidated,True,True,True,True,True,True,True
gainesville:30748,30748,7,partial,nh_Pci5A2Ugog2kObOj43w,False,2026-02,1-18 mo older,1,unvalidated,True,,True,False,,True,False
gainesville:30752,30752,7,partial,bfAJc1AoxKtvpBxMr7dLAQ,False,2026-02,same month,0,unvalidated,True,,True,True,,True,True
gainesville:30755,30755,7,partial,ZfpUP1JSm3sSlesf6SXotA,False,2026-03,same month,0,unvalidated,True,,False,True,,False,True
gainesville:30757,30757,7,partial,ZfpUP1JSm3sSlesf6SXotA,False,2026-03,newer than ours,-1,unvalidated,True,,True,True,,True,True
gainesville:30761,30761,16,full,7hwk64FRMTK-fzGgv96KUw,False,2026-03,same month,0,unvalidated,True,,True,True,,True,True
gainesville:30763,30763,16,full,7hwk64FRMTK-fzGgv96KUw,False,2026-03,newer than ours,-11,unvalidated,True,,False,False,,False,False
gainesville:30774,30774,7,partial,PhG5G7OxTRKqtEsKuryA8Q,True,2024-06,same pano,0,unvalidated,,True,True,True,True,True,True
gainesville:30789,30789,7,partial,S9gG2aqmbEMuM7EnybxIyA,False,2026-02,same month,0,unvalidated,True,,True,True,,True,True
gainesville:30791,30791,7,partial,S9gG2aqmbEMuM7EnybxIyA,False,2026-02,same month,0,unvalidated,True,,True,True,,True,True
gainesville:30793,30793,7,partial,8ebJD34E-fFokEEboPs7CQ,True,2026-02,same pano,0,unvalidated,True,False,True,True,False,True,True
gainesville:30794,30794,7,partial,H85HXcbZxqdGMpdF5Z551g,True,2026-02,same pano,0,unvalidated,True,True,True,True,True,True,True
gainesville:30808,30808,7,partial,SicV9GCeaBfXpy1GPlF-hg,False,2026-02,same month,0,unvalidated,True,,True,True,,True,True
gainesville:30810,30810,7,partial,SicV9GCeaBfXpy1GPlF-hg,False,2026-02,same month,0,unvalidated,True,,True,True,,True,True
gainesville:30811,30811,7,partial,0uoYUohGE19exxy6YROxsQ,False,2026-02,same month,0,unvalidated,True,,True,True,,True,True
gainesville:30813,30813,7,partial,0uoYUohGE19exxy6YROxsQ,False,2026-02,same month,0,unvalidated,True,,True,True,,True,True
gainesville:30818,30818,7,partial,0xdI-D8KjqL18-dcDy-r4g,False,2026-02,same month,0,unvalidated,True,,True,True,,True,True
gainesville:30819,30819,7,partial,w1ji7cRIbZU0l4MEUcDBGw,True,2026-02,same pano,0,unvalidated,True,True,True,True,True,True,True
gainesville:30825,30825,7,partial,S2R_lbKYmP6fedplL8FA6w,True,2026-02,same pano,0,unvalidated,True,True,True,True,True,True,True
gainesville:30827,30827,7,partial,S2R_lbKYmP6fedplL8FA6w,True,2026-02,same pano,0,unvalidated,True,True,True,True,True,True,True
gainesville:30830,30830,7,partial,uvi_BE9FfzfKkNc-A52g2A,False,2026-02,same month,0,unvalidated,True,,True,True,,True,True
gainesville:30831,30831,7,partial,uvi_BE9FfzfKkNc-A52g2A,False,2026-02,same month,0,unvalidated,True,,True,True,,True,True
gainesville:30833,30833,7,partial,D1qNCYu9BU2VrvNLFysMig,False,2026-02,same month,0,unvalidated,True,,False,True,,False,True
gainesville:30836,30836,47,full,Yb0PES-Ijb8WxZnZ9LCnRw,True,2025-04,same pano,0,unvalidated,True,False,True,True,False,True,True
gainesville:30839,30839,47,full,Yb0PES-Ijb8WxZnZ9LCnRw,True,2025-04,same pano,0,unvalidated,True,True,True,True,False,False,True
gainesville:30844,30844,8,full,W20GMEw3HGRT_0p1RqmfZg,False,2026-02,same month,0,unvalidated,True,,True,False,,False,False
gainesville:30845,30845,8,full,pT0aQXwKC4O8BMo6ZCNXMw,False,2026-02,newer than ours,-20,unvalidated,True,,False,False,,False,False
gainesville:30847,30847,8,full,c__e-e50dVwWVoWCBTU5Ig,True,2026-02,same pano,0,unvalidated,True,True,True,True,True,True,True
gainesville:30848,30848,8,full,c__e-e50dVwWVoWCBTU5Ig,True,2026-02,same pano,0,unvalidated,True,True,True,True,True,True,True
gainesville:30850,30850,7,partial,ivHe3-CKeG4vQRLm2FpSrg,True,2026-02,same pano,0,unvalidated,True,True,True,False,True,True,False
gainesville:30854,30854,47,full,utUe8yrcxCFBCRUQTDcVUg,False,2026-02,1-18 mo older,1,unvalidated,True,,True,False,,False,False
gainesville:30856,30856,16,full,utUe8yrcxCFBCRUQTDcVUg,False,2026-02,same month,0,unvalidated,True,,True,True,,False,True
gainesville:30859,30859,7,partial,zb_V__SOE-MppzRRHWrqxQ,True,2026-02,same pano,0,unvalidated,True,True,True,True,True,True,True
gainesville:30862,30862,7,partial,FeBFaLZREwSuFQJpmnFSLg,True,2026-02,same pano,0,unvalidated,True,True,True,True,True,True,True
gainesville:30864,30864,7,partial,FeBFaLZREwSuFQJpmnFSLg,True,2026-02,same pano,0,unvalidated,True,True,True,True,True,True,True
gainesville:30865,30865,7,partial,9D-oOS00uSg18nvfm8t9zQ,True,2026-02,same pano,0,unvalidated,True,True,True,True,True,True,True
gainesville:30867,30867,7,partial,df4VaRV_FV0bivWby0fD_Q,True,2026-02,same pano,0,unvalidated,True,True,True,True,True,True,True
gainesville:30869,30869,7,partial,df4VaRV_FV0bivWby0fD_Q,True,2026-02,same pano,0,unvalidated,True,True,True,True,True,True,True
gainesville:30871,30871,7,partial,9D-oOS00uSg18nvfm8t9zQ,True,2026-02,same pano,0,unvalidated,True,True,True,True,True,True,True
gainesville:30873,30873,7,partial,MXgOH_QayxTe_s0ll1ZGjg,True,2026-02,same pano,0,unvalidated,True,True,True,True,True,True,True
gainesville:30874,30874,7,partial,MXgOH_QayxTe_s0ll1ZGjg,True,2026-02,same pano,0,unvalidated,True,True,True,True,True,True,True
gainesville:30875,30875,7,partial,UvwAT6Y5VGAhFyGuHqY-ew,True,2026-02,same pano,0,unvalidated,True,True,True,True,True,True,True
gainesville:30877,30877,7,partial,UvwAT6Y5VGAhFyGuHqY-ew,True,2026-02,same pano,0,unvalidated,True,True,True,True,True,True,True
gainesville:30878,30878,7,partial,UvwAT6Y5VGAhFyGuHqY-ew,True,2026-02,same pano,0,unvalidated,True,False,True,True,False,True,True
gainesville:30895,30895,7,partial,7AD7egLuL3i0WgFJ7dK5Og,True,2026-02,same pano,0,unvalidated,True,True,True,True,True,True,True
gainesville:30896,30896,6,full,b-0DnTU1BFzR1fq6SU_4qw,True,2026-02,same pano,0,unvalidated,True,True,True,False,True,False,False
gainesville:30930,30930,7,partial,Nzko76tHAvDWumoR-l0NfA,False,2026-02,same month,0,unvalidated,True,,True,True,,True,True
gainesville:30931,30931,7,partial,fnRak8zQvaMQoVZsDogvgQ,False,2026-02,same month,0,unvalidated,True,,True,True,,True,True
gainesville:30950,30950,16,full,diFDvdfmSmnOMaQlv_6stA,False,2025-04,1-18 mo older,10,unvalidated,True,,False,False,,False,True
gainesville:30951,30951,16,full,diFDvdfmSmnOMaQlv_6stA,False,2025-04,1-18 mo older,10,unvalidated,True,,False,True,,False,True
gainesville:30954,30954,47,full,ncIRu0e4n7nBM44LKbnlxQ,True,2026-03,same pano,0,unvalidated,False,False,True,False,False,False,False
gainesville:30955,30955,47,full,ncIRu0e4n7nBM44LKbnlxQ,True,2026-03,same pano,0,unvalidated,True,False,True,False,False,True,False
gainesville:30957,30957,7,partial,MteAe1LEifO7OZ0-VvxC5Q,False,2026-02,same month,0,unvalidated,True,,True,True,,False,True
gainesville:30959,30959,7,partial,wa5o9CW8l53So3h7TRR2aw,False,2026-03,newer than ours,-1,unvalidated,True,,True,True,,True,True
gainesville:30961,30961,7,partial,m6UcT2LIcOTFUV7ciECtEg,False,2026-03,newer than ours,-1,unvalidated,True,,True,True,,True,True
gainesville:30978,30978,7,partial,BZGAo_Jn935fbRgyuHWPqw,True,2026-02,same pano,0,unvalidated,True,True,True,True,True,True,True
gainesville:30979,30979,7,partial,BZGAo_Jn935fbRgyuHWPqw,True,2026-02,same pano,0,unvalidated,,False,False,False,False,False,False
gainesville:30980,30980,7,partial,YdhkYTV4VLEZgksg4cmtyQ,True,2026-02,same pano,0,unvalidated,True,True,True,True,True,True,True
gainesville:30981,30981,7,partial,_YTwoqGef-IbrBFgbiBNnw,False,2026-02,same month,0,unvalidated,True,,True,True,,True,True
gainesville:30983,30983,7,partial,HJe9zCAbYpmpEyPjwuzSvA,False,2026-02,same month,0,unvalidated,True,,True,True,,False,False
gainesville:30985,30985,7,partial,Uzwfw9mgDwYt6JM__6fRtg,False,2026-02,same month,0,unvalidated,True,,True,True,,True,True
gainesville:30986,30986,7,partial,rarEWe4r3Gj3vN2p6dsO9A,False,2026-02,same month,0,unvalidated,True,,True,True,,True,True
gainesville:30988,30988,7,partial,rarEWe4r3Gj3vN2p6dsO9A,False,2026-02,1-18 mo older,1,unvalidated,True,,True,True,,True,True
gainesville:30991,30991,7,partial,2PPQCUIaCZpf8Ng3b_eeHw,False,2026-03,same month,0,unvalidated,True,,True,True,,True,True
gainesville:30993,30993,7,partial,kZdGIm_4o4VGc1gVBVHV3A,False,2026-03,same month,0,unvalidated,,,True,True,,True,True
gainesville:31011,31011,6,full,Lp_KvUlamszx5TNbtgA4dw,False,2017-05,>36 mo older,85,unvalidated,True,,False,False,,False,False
gainesville:31013,31013,7,partial,Lp_KvUlamszx5TNbtgA4dw,False,2017-05,>36 mo older,85,unvalidated,True,,True,True,,True,True
gainesville:31014,31014,7,partial,Lp_KvUlamszx5TNbtgA4dw,False,2017-05,>36 mo older,85,unvalidated,True,,False,False,,False,False
gainesville:31016,31016,6,full,8qsrjmeafrbJGlmrBKGR_w,False,2024-06,newer than ours,-39,unvalidated,True,,False,True,,False,True
gainesville:31017,31017,7,partial,JJ1vpsXiBN_fgHVLiL5PNw,False,2026-03,same month,0,unvalidated,True,,True,True,,True,True
gainesville:31019,31019,7,partial,XllohPAmYbdQ9sJsNLSAxw,False,2026-03,same month,0,unvalidated,True,,True,True,,True,True
gainesville:31024,31024,7,partial,76IlnGqPvnZEwu1kj1ckAg,False,2026-02,same month,0,agreed,True,,True,True,,True,True
gainesville:31026,31026,8,full,7gah4OrPvwDtJWPKasD57Q,False,2026-02,same month,0,unvalidated,True,,False,False,,False,True
gainesville:31028,31028,8,full,7gah4OrPvwDtJWPKasD57Q,False,2026-02,same month,0,unvalidated,True,,True,True,,True,True
gainesville:31029,31029,6,full,k5CP5ewmS-vXRxBY4PLsiw,True,2021-03,same pano,0,unvalidated,True,True,True,True,True,True,True
gainesville:31031,31031,7,partial,k5CP5ewmS-vXRxBY4PLsiw,True,2021-03,same pano,0,unvalidated,True,False,True,True,False,True,True
gainesville:31034,31034,7,partial,p1rhaMIKuShTiJiAmLyR4g,True,2021-03,same pano,0,unvalidated,True,True,False,False,True,False,False
gainesville:31035,31035,7,partial,p1rhaMIKuShTiJiAmLyR4g,True,2021-03,same pano,0,unvalidated,True,False,False,False,False,False,False
gainesville:31037,31037,7,partial,8zaV0YnRoFu-DcXYmOtfnA,True,2026-02,same pano,0,unvalidated,True,False,True,True,False,True,True
gainesville:31039,31039,7,partial,swg9rGF5H8Nw0HB37cT9oA,True,2026-03,same pano,0,unvalidated,,False,True,True,False,False,False
gainesville:31049,31049,16,full,-NlqxRm-BZvE44HxmDOrHg,False,2025-04,same month,0,unvalidated,True,,False,True,,False,True
gainesville:31052,31052,16,full,-NlqxRm-BZvE44HxmDOrHg,False,2025-04,same month,0,unvalidated,True,,True,True,,False,False
gainesville:31053,31053,6,full,ptP-BoD4MFfcHr5jyYXn8Q,True,2021-03,same pano,0,unvalidated,False,False,False,False,False,False,False
gainesville:31054,31054,6,full,PJTPNkyNqGlv9_yHpwGe6Q,True,2024-06,same pano,0,unvalidated,False,False,False,False,False,False,False
gainesville:31061,31061,8,full,D5E4VXfeSoM8qswZEFiOJw,False,2026-02,same month,0,unvalidated,True,,False,True,,False,True
gainesville:31063,31063,8,full,D5E4VXfeSoM8qswZEFiOJw,False,2026-02,same month,0,unvalidated,True,,False,True,,False,True
gainesville:31065,31065,8,full,WB381pPQJxhXWMSFEWZJjg,False,2026-02,same month,0,unvalidated,True,,True,True,,True,True
gainesville:31067,31067,8,full,WB381pPQJxhXWMSFEWZJjg,False,2026-02,same month,0,unvalidated,True,,True,True,,True,True
gainesville:31074,31074,8,full,nmTp3FQtv4WteNTZhNj8uQ,False,2026-02,same month,0,unvalidated,True,,True,True,,True,True
gainesville:31087,31087,8,full,w0_wjn1SAKoakfl6NJevQw,False,2026-02,same month,0,unvalidated,True,,True,True,,True,True
gainesville:31089,31089,8,full,w0_wjn1SAKoakfl6NJevQw,False,2026-02,same month,0,unvalidated,True,,True,True,,True,True
gainesville:31090,31090,8,full,OtR1uLm7lGW5GS6HFSV3sA,False,2026-02,same month,0,unvalidated,True,,True,True,,True,True
gainesville:31094,31094,8,full,2pVysblcUAYroWr7BdusPg,False,2026-02,same month,0,unvalidated,True,,True,True,,True,True
gainesville:31098,31098,8,full,4b8gCuMel2ETFkNhMwO1Pw,False,2026-02,newer than ours,-16,unvalidated,True,,True,True,,True,True
gainesville:31101,31101,8,full,2pVysblcUAYroWr7BdusPg,False,2026-02,same month,0,unvalidated,True,,True,True,,True,True
gainesville:31106,31106,8,full,NXP8ftF6KeBkD7tjPVM-Jw,False,2026-02,same month,0,unvalidated,True,,True,True,,True,True
gainesville:31108,31108,8,full,NXP8ftF6KeBkD7tjPVM-Jw,False,2026-02,same month,0,unvalidated,True,,True,True,,True,True
gainesville:31109,31109,8,full,NXP8ftF6KeBkD7tjPVM-Jw,False,2026-02,same month,0,agreed,True,,True,True,,True,True
gainesville:31111,31111,8,full,NXP8ftF6KeBkD7tjPVM-Jw,False,2026-02,same month,0,unvalidated,True,,True,True,,True,True
gainesville:31112,31112,8,full,NXP8ftF6KeBkD7tjPVM-Jw,False,2026-02,same month,0,unvalidated,True,,True,True,,True,True
gainesville:31114,31114,8,full,NXP8ftF6KeBkD7tjPVM-Jw,False,2026-02,same month,0,unvalidated,True,,True,True,,True,True
gainesville:31115,31115,8,full,NXP8ftF6KeBkD7tjPVM-Jw,False,2026-02,same month,0,unvalidated,True,,True,True,,True,True
gainesville:31118,31118,8,full,NXP8ftF6KeBkD7tjPVM-Jw,False,2026-02,same month,0,unvalidated,True,,True,True,,True,True
gainesville:31119,31119,8,full,C6-m0vvBd6Z6flAif6fhRQ,False,2026-02,same month,0,unvalidated,True,,True,True,,True,True
gainesville:31121,31121,24,full,C6-m0vvBd6Z6flAif6fhRQ,False,2026-02,same month,0,unvalidated,True,,True,True,,True,True
gainesville:31122,31122,8,full,C6-m0vvBd6Z6flAif6fhRQ,False,2026-02,same month,0,unvalidated,True,,False,True,,False,True
gainesville:31124,31124,8,full,C6-m0vvBd6Z6flAif6fhRQ,False,2026-02,same month,0,unvalidated,True,,True,True,,True,True
gainesville:31125,31125,8,full,l7wltCJRthyXxS-mgQno0w,False,2026-02,same month,0,unvalidated,,,True,True,,True,True
gainesville:31126,31126,8,full,l7wltCJRthyXxS-mgQno0w,False,2026-02,same month,0,unvalidated,,,False,False,,False,False
gainesville:31127,31127,8,full,egci-hM1YaoT3GEJV69NZg,False,2026-02,same month,0,unvalidated,True,,True,True,,True,True
gainesville:31130,31130,8,full,cy5wrV5JWQajX8fuk-nyog,False,2023-09,1-18 mo older,9,unvalidated,True,,True,True,,True,True
gainesville:31133,31133,8,full,cy5wrV5JWQajX8fuk-nyog,False,2023-09,1-18 mo older,9,unvalidated,True,,True,True,,True,True
gainesville:31136,31136,8,full,7KPXVVX5BKaiFHwHd7063g,False,2026-02,same month,0,unvalidated,True,,True,True,,True,True
gainesville:31140,31140,8,full,tFENbuCE8lYyvH4XBM1ItQ,False,2026-02,newer than ours,-16,unvalidated,True,,True,True,,True,True
gainesville:31141,31141,8,full,tFENbuCE8lYyvH4XBM1ItQ,False,2026-02,same month,0,unvalidated,True,,True,True,,True,True
gainesville:31142,31142,8,full,yQLrW6e27q6eMSXEMaptRQ,False,2026-02,same month,0,unvalidated,,,False,False,,False,False
gainesville:31143,31143,8,full,yQLrW6e27q6eMSXEMaptRQ,False,2026-02,same month,0,unvalidated,,,True,True,,False,False
gainesville:31145,31145,8,full,eAzb6VbegAowdFau2YzauA,False,2026-02,same month,0,unvalidated,True,,False,False,,False,False
gainesville:31147,31147,8,full,eAzb6VbegAowdFau2YzauA,False,2026-02,same month,0,unvalidated,True,,True,True,,True,False
gainesville:31149,31149,7,partial,7gah4OrPvwDtJWPKasD57Q,False,2026-02,same month,0,unvalidated,True,,False,False,,False,False
gainesville:31153,31153,8,full,nmTp3FQtv4WteNTZhNj8uQ,False,2026-02,same month,0,unvalidated,True,,True,True,,True,True
gainesville:31156,31156,8,full,V0JBqX9ZsVNEMyPJRm3MDw,False,2026-02,same month,0,unvalidated,True,,True,True,,True,True
gainesville:31161,31161,8,full,Am51X35Dyj9UQzTf8Xdt-A,False,2026-02,same month,0,unvalidated,True,,True,True,,True,False
gainesville:31164,31164,8,full,Am51X35Dyj9UQzTf8Xdt-A,False,2026-02,same month,0,unvalidated,True,,True,True,,True,True
gainesville:31166,31166,8,full,Am51X35Dyj9UQzTf8Xdt-A,False,2026-02,same month,0,unvalidated,True,,True,False,,True,False
gainesville:31167,31167,8,full,Am51X35Dyj9UQzTf8Xdt-A,False,2026-02,same month,0,unvalidated,True,,True,True,,True,True
gainesville:31171,31171,8,full,DB_bBGQvswj2oTihSQhRAw,False,2026-02,newer than ours,-88,unvalidated,,,True,True,,False,True
gainesville:31172,31172,8,full,DB_bBGQvswj2oTihSQhRAw,False,2026-02,newer than ours,-88,unvalidated,,,True,True,,False,False
gainesville:31173,31173,8,full,SqTX7n8Gg4WBy52KY80aEQ,False,2026-02,newer than ours,-88,unvalidated,True,,True,True,,True,True
gainesville:31175,31175,8,full,FAneKJyQTWrmrCZdaElV_A,False,2026-02,newer than ours,-29,unvalidated,True,,True,True,,True,True
gainesville:31176,31176,8,full,kmvnqYgNDuf4_g3EZBd-SQ,False,2026-02,same month,0,unvalidated,,,True,True,,True,True
gainesville:31177,31177,8,full,kmvnqYgNDuf4_g3EZBd-SQ,False,2026-02,same month,0,unvalidated,False,,True,True,,True,True
gainesville:31180,31180,7,partial,_K_eTgoYIgpp4pY0qmqQaw,False,2026-02,same month,0,unvalidated,True,,True,True,,True,True
gainesville:31183,31183,7,partial,_K_eTgoYIgpp4pY0qmqQaw,False,2026-02,same month,0,unvalidated,True,,True,True,,True,False
gainesville:31185,31185,47,full,fuyzhNl11ecGoutfH-QYdA,False,2026-02,newer than ours,-10,unvalidated,True,,True,True,,True,True
gainesville:31188,31188,47,full,fuyzhNl11ecGoutfH-QYdA,False,2026-02,newer than ours,-10,unvalidated,,,False,False,,False,False
gainesville:31191,31191,47,full,MhBx_AAotb9-_qDsoQv_jA,False,2026-02,newer than ours,-10,unvalidated,True,,True,True,,False,False
gainesville:31193,31193,47,full,MhBx_AAotb9-_qDsoQv_jA,False,2026-02,newer than ours,-10,unvalidated,True,,False,True,,True,False
gainesville:31194,31194,8,full,smfGUxbH3fbeAdRvXNZN1w,False,2026-02,same month,0,unvalidated,True,,True,True,,True,True
gainesville:31196,31196,8,full,9e-0ngX9R54uefxarZjAwQ,True,2026-02,same pano,0,unvalidated,True,True,True,True,True,True,True
gainesville:31197,31197,8,full,wOBdpmuxFzk8KK9PCn6J7g,False,2026-02,same month,0,unvalidated,True,,True,True,,True,True
gainesville:31201,31201,24,full,4zE91fOixCYbJWf8L180fw,False,2026-02,same month,0,unvalidated,True,,True,True,,True,True
gainesville:31204,31204,40,full,yjbfpbMbwzZRHbDaqREz8w,True,2026-02,same pano,0,unvalidated,True,True,True,True,True,True,True
gainesville:31207,31207,47,full,E38kXo7JZseF1aPJS2dsAw,True,2026-02,same pano,0,unvalidated,True,True,True,True,True,False,False
gainesville:31208,31208,47,full,E38kXo7JZseF1aPJS2dsAw,True,2026-02,same pano,0,unvalidated,True,True,False,False,True,False,False
gainesville:31211,31211,8,full,rIVGoN96-RsuR2UKYLL8Rg,True,2026-02,same pano,0,unvalidated,True,True,True,True,True,True,True
gainesville:31213,31213,8,full,rIVGoN96-RsuR2UKYLL8Rg,True,2026-02,same pano,0,unvalidated,True,True,True,True,True,True,True
gainesville:31214,31214,8,full,2IbX6A-a5RFPa13igTG1sQ,True,2026-02,same pano,0,unvalidated,True,True,True,True,True,True,True
gainesville:31216,31216,8,full,2IbX6A-a5RFPa13igTG1sQ,True,2026-02,same pano,0,unvalidated,True,True,True,True,True,True,True
gainesville:31217,31217,8,full,0lJ9udutZ62p-DoY-AjokQ,True,2026-02,same pano,0,unvalidated,,True,True,True,False,True,True
gainesville:31218,31218,8,full,0lJ9udutZ62p-DoY-AjokQ,True,2026-02,same pano,0,unvalidated,,True,True,True,False,False,False
gainesville:31224,31224,8,full,JH8DMLzYtXYyk8UYTIEqpw,True,2026-02,same pano,0,unvalidated,,True,True,True,False,True,True
gainesville:31226,31226,8,full,JH8DMLzYtXYyk8UYTIEqpw,True,2026-02,same pano,0,unvalidated,True,True,True,False,False,False,False
gainesville:31227,31227,8,full,LmKlZsXkt5uc5wcGEsSNOg,True,2026-02,same pano,0,unvalidated,True,True,True,True,True,True,True
gainesville:31229,31229,8,full,LmKlZsXkt5uc5wcGEsSNOg,True,2026-02,same pano,0,unvalidated,True,True,True,True,True,True,True
gainesville:31230,31230,44,full,hr7EaOjrm9b1S5NTFm0GFQ,False,2026-03,same month,0,unvalidated,,,True,False,,False,False
gainesville:31232,31232,8,full,hr7EaOjrm9b1S5NTFm0GFQ,False,2026-03,newer than ours,-21,unvalidated,True,,False,False,,False,False
gainesville:31234,31234,8,full,30dRcqT8EPf7nW2j2jURDg,False,2026-03,newer than ours,-21,unvalidated,True,,False,True,,False,True
gainesville:31235,31235,8,full,_6cqNZDE1zr88WoZNB4liQ,False,2026-02,same month,0,unvalidated,True,,True,True,,True,True
gainesville:31236,31236,8,full,_6cqNZDE1zr88WoZNB4liQ,False,2026-02,same month,0,unvalidated,False,,False,False,,False,False
gainesville:31250,31250,8,full,itcUTDAnrTEs4NtG591yYg,False,2026-02,same month,0,unvalidated,True,,True,True,,True,True
gainesville:31251,31251,8,full,itcUTDAnrTEs4NtG591yYg,False,2026-02,same month,0,unvalidated,True,,True,True,,True,True
gainesville:31253,31253,8,full,itcUTDAnrTEs4NtG591yYg,False,2026-02,same month,0,unvalidated,True,,True,True,,True,True
gainesville:31254,31254,8,full,itcUTDAnrTEs4NtG591yYg,False,2026-02,same month,0,unvalidated,True,,True,True,,True,True
gainesville:31256,31256,8,full,itcUTDAnrTEs4NtG591yYg,False,2026-02,same month,0,unvalidated,True,,True,True,,True,True
gainesville:31257,31257,8,full,itcUTDAnrTEs4NtG591yYg,False,2026-02,same month,0,unvalidated,True,,True,True,,True,True
gainesville:31262,31262,8,full,itcUTDAnrTEs4NtG591yYg,False,2026-02,same month,0,unvalidated,True,,True,True,,True,True
gainesville:31263,31263,8,full,itcUTDAnrTEs4NtG591yYg,False,2026-02,same month,0,unvalidated,True,,True,True,,True,True
gainesville:31265,31265,8,full,ryoQnXF290DnPgDRgEJJYQ,False,2026-02,same month,0,unvalidated,,,True,True,,True,True
gainesville:31267,31267,8,full,ryoQnXF290DnPgDRgEJJYQ,False,2026-02,same month,0,unvalidated,,,True,True,,True,True
gainesville:31268,31268,8,full,2EMmlW5GmBeKOVwzxNV_jQ,False,2026-02,newer than ours,-80,unvalidated,True,,True,True,,True,True
gainesville:31270,31270,8,full,2EMmlW5GmBeKOVwzxNV_jQ,False,2026-02,newer than ours,-80,unvalidated,True,,True,True,,True,True
gainesville:31271,31271,8,full,2EMmlW5GmBeKOVwzxNV_jQ,False,2026-02,same month,0,unvalidated,True,,True,True,,True,True
gainesville:31273,31273,8,full,2EMmlW5GmBeKOVwzxNV_jQ,False,2026-02,same month,0,unvalidated,,,True,True,,True,True
gainesville:31274,31274,8,full,2EMmlW5GmBeKOVwzxNV_jQ,False,2026-02,newer than ours,-20,unvalidated,True,,True,True,,True,True
gainesville:31276,31276,8,full,2EMmlW5GmBeKOVwzxNV_jQ,False,2026-02,newer than ours,-20,unvalidated,True,,True,True,,True,True
gainesville:31277,31277,8,full,0p2rmhfcBPJUSWZEkmoqNg,False,2024-06,19-36 mo older,20,unvalidated,True,,True,True,,True,True
gainesville:31279,31279,8,full,0p2rmhfcBPJUSWZEkmoqNg,False,2024-06,19-36 mo older,20,unvalidated,True,,True,True,,True,True
gainesville:31281,31281,8,full,fQwZEIoMXv-qAhzZD4i4Eg,False,2026-02,same month,0,unvalidated,True,,True,True,,True,True
gainesville:31282,31282,8,full,BpZ2X3QD1FcZ0SNZOZVViA,False,2026-02,same month,0,unvalidated,True,,True,True,,True,True
gainesville:31283,31283,8,full,hwCoK1mzaQ94XDZUrCWDmQ,False,2026-02,same month,0,unvalidated,,,True,True,,False,False
gainesville:31285,31285,8,full,hwCoK1mzaQ94XDZUrCWDmQ,False,2026-02,same month,0,unvalidated,,,True,True,,False,True
gainesville:31287,31287,8,full,hwCoK1mzaQ94XDZUrCWDmQ,False,2026-02,same month,0,unvalidated,,,True,True,,True,False
gainesville:31288,31288,8,full,eun_fLp9KVPHp4HB8dy8ag,False,2026-02,same month,0,unvalidated,True,,True,True,,True,True
gainesville:31290,31290,8,full,eun_fLp9KVPHp4HB8dy8ag,False,2026-02,same month,0,agreed,True,,False,False,,False,False
gainesville:31291,31291,8,full,eun_fLp9KVPHp4HB8dy8ag,False,2026-02,same month,0,unvalidated,True,,True,True,,True,True
gainesville:31293,31293,8,full,UEz1eB66mqiPR1ftUH7TLA,False,2026-02,same month,0,unvalidated,True,,True,False,,True,False
gainesville:31295,31295,8,full,UEz1eB66mqiPR1ftUH7TLA,False,2026-02,same month,0,unvalidated,True,,True,False,,True,False
gainesville:31296,31296,8,full,UEz1eB66mqiPR1ftUH7TLA,False,2026-02,same month,0,unvalidated,,,False,False,,False,False
gainesville:31298,31298,8,full,UEz1eB66mqiPR1ftUH7TLA,False,2026-02,same month,0,unvalidated,True,,False,True,,False,True
gainesville:31299,31299,8,full,JxSv2Y8ZhrTqRooI5l-P5w,False,2026-02,same month,0,unvalidated,True,,True,True,,True,True
gainesville:31301,31301,8,full,JxSv2Y8ZhrTqRooI5l-P5w,False,2026-02,same month,0,unvalidated,True,,True,False,,False,False
gainesville:31302,31302,8,full,JxSv2Y8ZhrTqRooI5l-P5w,False,2026-02,same month,0,unvalidated,True,,False,True,,False,False
gainesville:31304,31304,8,full,JxSv2Y8ZhrTqRooI5l-P5w,False,2026-02,same month,0,unvalidated,True,,True,True,,True,True
gainesville:31305,31305,24,full,FoUWvHgCri-jsQxi-FmgCQ,False,2026-02,same month,0,unvalidated,True,,False,True,,False,True
gainesville:31307,31307,24,full,FoUWvHgCri-jsQxi-FmgCQ,False,2026-02,same month,0,unvalidated,True,,False,True,,False,True
gainesville:31309,31309,24,full,FoUWvHgCri-jsQxi-FmgCQ,False,2026-02,same month,0,unvalidated,True,,False,False,,False,False
gainesville:31310,31310,8,full,6BpCxCJ1HMW9J0onvjxOaw,False,2026-02,same month,0,unvalidated,True,,True,False,,True,False
gainesville:31312,31312,8,full,6BpCxCJ1HMW9J0onvjxOaw,False,2026-02,same month,0,unvalidated,,,False,False,,False,True
gainesville:31313,31313,8,full,6BpCxCJ1HMW9J0onvjxOaw,False,2026-02,same month,0,unvalidated,True,,False,True,,False,False
gainesville:31315,31315,8,full,6BpCxCJ1HMW9J0onvjxOaw,False,2026-02,same month,0,unvalidated,,,True,True,,False,True
gainesville:31316,31316,8,full,VXYS250UVE-QSBJC7DkI7Q,True,2026-02,same pano,0,unvalidated,,True,False,True,True,False,True
gainesville:31318,31318,8,full,VXYS250UVE-QSBJC7DkI7Q,True,2026-02,same pano,0,unvalidated,,False,False,False,False,False,False
gainesville:31320,31320,8,full,VXYS250UVE-QSBJC7DkI7Q,True,2026-02,same pano,0,unvalidated,True,False,True,True,False,True,True
gainesville:31321,31321,8,full,BT9QMYKdR96U3QfN127Ysw,False,2026-02,same month,0,unvalidated,True,,True,True,,True,True
gainesville:31322,31322,8,full,BT9QMYKdR96U3QfN127Ysw,False,2026-02,same month,0,unvalidated,True,,True,True,,True,True
gainesville:31324,31324,48,full,iBAwAiQWd79gYUphsn3dDA,False,2026-02,1-18 mo older,1,unvalidated,True,,False,True,,False,True
gainesville:31326,31326,8,full,iBAwAiQWd79gYUphsn3dDA,False,2026-02,same month,0,unvalidated,True,,True,True,,True,True
gainesville:31327,31327,8,full,P3K2PkdHtaz1NpfeHtxTLw,False,2026-03,same month,0,unvalidated,True,,True,True,,True,False
gainesville:31329,31329,8,full,PvzOpoQizbUB-WHMKSvqhA,False,2026-03,newer than ours,-1,unvalidated,True,,True,False,,True,False
gainesville:31330,31330,8,full,x8R5VF83pnIzqWhiHAbVSA,False,2026-03,same month,0,unvalidated,True,,True,False,,False,False
gainesville:31332,31332,8,full,x8R5VF83pnIzqWhiHAbVSA,False,2026-03,newer than ours,-1,unvalidated,,,True,False,,True,False
gainesville:31333,31333,48,full,x8R5VF83pnIzqWhiHAbVSA,False,2026-03,newer than ours,-1,unvalidated,True,,False,True,,False,False
gainesville:31335,31335,48,full,x8R5VF83pnIzqWhiHAbVSA,False,2026-03,newer than ours,-1,unvalidated,True,,True,False,,True,False
gainesville:31336,31336,8,full,8GgsfqegkalpGjPDj-dKZw,False,2024-06,same month,0,unvalidated,,,False,False,,False,False
gainesville:31337,31337,35,full,8GgsfqegkalpGjPDj-dKZw,False,2024-06,same month,0,unvalidated,,,True,False,,False,False
gainesville:31340,31340,35,full,8GgsfqegkalpGjPDj-dKZw,False,2024-06,same month,0,agreed,True,,True,False,,True,False
gainesville:31341,31341,8,full,-hBdUtWNE2PuMUZI6O39Ig,False,2024-06,same month,0,unvalidated,True,,True,True,,True,True
gainesville:31343,31343,8,full,-hBdUtWNE2PuMUZI6O39Ig,False,2024-06,same month,0,unvalidated,True,,True,True,,True,True
gainesville:31344,31344,8,full,t86E_d6JTHRHKXjJ8DXf1g,False,2024-06,same month,0,unvalidated,True,,True,True,,True,True
gainesville:31346,31346,8,full,t86E_d6JTHRHKXjJ8DXf1g,False,2024-06,same month,0,unvalidated,True,,True,True,,True,True
gainesville:31347,31347,8,full,KIrCpeNi86xUDQEPqodHKg,True,2024-06,same pano,0,unvalidated,True,False,True,True,False,True,True
gainesville:31349,31349,8,full,KIrCpeNi86xUDQEPqodHKg,True,2024-06,same pano,0,agreed,True,False,True,True,False,True,True
gainesville:31350,31350,8,full,hUBkLaV1Y49rr53eS2LHvg,True,2024-06,same pano,0,unvalidated,True,True,True,True,False,False,True
gainesville:31353,31353,8,full,hUBkLaV1Y49rr53eS2LHvg,True,2024-06,same pano,0,unvalidated,True,True,False,False,True,True,False
gainesville:31357,31357,8,full,RGDFBU-6I0vYQRMOa-TNVw,True,2026-03,same pano,0,unvalidated,True,False,True,True,False,True,True
gainesville:31358,31358,8,full,RGDFBU-6I0vYQRMOa-TNVw,True,2026-03,same pano,0,agreed,True,True,True,True,False,True,True
gainesville:31362,31362,8,full,sYfH3FNuud3tgx6qZ662WA,False,2026-02,same month,0,unvalidated,True,,False,True,,False,True
gainesville:31364,31364,8,full,sYfH3FNuud3tgx6qZ662WA,False,2026-02,same month,0,unvalidated,True,,True,True,,True,False
gainesville:31365,31365,6,full,sYfH3FNuud3tgx6qZ662WA,False,2026-02,1-18 mo older,1,unvalidated,True,,False,False,,False,False
gainesville:31367,31367,6,full,sYfH3FNuud3tgx6qZ662WA,False,2026-02,1-18 mo older,1,unvalidated,True,,True,True,,True,False
gainesville:31368,31368,6,full,sYfH3FNuud3tgx6qZ662WA,False,2026-02,same month,0,unvalidated,True,,False,False,,False,False
gainesville:31370,31370,6,full,sYfH3FNuud3tgx6qZ662WA,False,2026-02,same month,0,unvalidated,True,,True,True,,True,True
gainesville:31371,31371,6,full,UqWpwyFrDHVqF0CWdMrOMA,False,2026-02,1-18 mo older,1,unvalidated,True,,True,True,,True,True
gainesville:31373,31373,6,full,UqWpwyFrDHVqF0CWdMrOMA,False,2026-02,1-18 mo older,1,unvalidated,True,,False,True,,False,True
gainesville:31385,31385,8,full,kuJnnhFrTi0ZR52V12InPg,True,2026-02,same pano,0,unvalidated,True,True,True,True,True,True,True
gainesville:31387,31387,8,full,hylL9n5U6qBxw9drE-tOvg,True,2026-03,same pano,0,unvalidated,True,True,True,True,True,True,True
gainesville:31390,31390,8,full,hylL9n5U6qBxw9drE-tOvg,True,2026-03,same pano,0,unvalidated,,True,True,True,True,True,True
gainesville:31393,31393,8,full,hylL9n5U6qBxw9drE-tOvg,True,2026-03,same pano,0,unvalidated,True,True,True,True,True,True,True
gainesville:31395,31395,8,full,kZjh7s7hPi4livfEbTq2_A,False,2026-02,same month,0,unvalidated,True,,True,True,,True,True
gainesville:31398,31398,8,full,b9lNrdugXlM7J446MLtlYQ,True,2026-03,same pano,0,unvalidated,True,True,True,True,True,True,True
gainesville:31400,31400,8,full,b9lNrdugXlM7J446MLtlYQ,True,2026-03,same pano,0,unvalidated,True,True,True,True,True,True,True
gainesville:31401,31401,8,full,b9lNrdugXlM7J446MLtlYQ,True,2026-03,same pano,0,unvalidated,True,True,True,True,False,True,True
gainesville:31403,31403,8,full,b9lNrdugXlM7J446MLtlYQ,True,2026-03,same pano,0,unvalidated,True,True,True,True,True,True,True
gainesville:31404,31404,8,full,pIqaLXxM0pTQzjzdOPrdvQ,False,2026-03,newer than ours,-1,unvalidated,True,,True,True,,True,True
gainesville:31406,31406,8,full,pIqaLXxM0pTQzjzdOPrdvQ,False,2026-03,same month,0,unvalidated,True,,True,True,,True,True
gainesville:31414,31414,8,full,MEBIFlrekhjFrL7M2MxgWQ,False,2026-02,same month,0,unvalidated,True,,True,True,,True,True
gainesville:31415,31415,8,full,Epkocxw012RrzEX0l0eNxw,False,2026-02,same month,0,unvalidated,True,,True,True,,True,True
gainesville:31420,31420,8,full,diPHsFm08mJ16t6MwrvAUQ,True,2026-03,same pano,0,unvalidated,True,True,True,True,True,True,True
gainesville:31421,31421,8,full,diPHsFm08mJ16t6MwrvAUQ,True,2026-03,same pano,0,unvalidated,True,False,False,False,False,False,False
gainesville:31425,31425,8,full,c__e-e50dVwWVoWCBTU5Ig,True,2026-02,same pano,0,unvalidated,,False,False,True,False,False,True
gainesville:31427,31427,8,full,pT0aQXwKC4O8BMo6ZCNXMw,False,2026-02,same month,0,unvalidated,True,,False,False,,False,False
gainesville:31429,31429,8,full,pT0aQXwKC4O8BMo6ZCNXMw,False,2026-02,newer than ours,-20,unvalidated,True,,True,True,,True,True
gainesville:31439,31439,8,full,gu_P5lBDumHtcfeCBpOO_A,False,2026-02,same month,0,unvalidated,True,,True,True,,True,True
gainesville:31440,31440,8,full,gu_P5lBDumHtcfeCBpOO_A,False,2026-02,same month,0,unvalidated,False,,True,True,,False,True
gainesville:31441,31441,8,full,OgNcQgiNOOqG68Tj90szCg,False,2026-02,same month,0,unvalidated,True,,True,True,,True,True
gainesville:31442,31442,8,full,OgNcQgiNOOqG68Tj90szCg,False,2026-02,same month,0,agreed,True,,True,True,,True,True
gainesville:31444,31444,8,full,hgEKPC2kZnl2ePRgsRUSHQ,True,2018-10,same pano,0,unvalidated,True,True,True,True,False,True,True
gainesville:31446,31446,8,full,hgEKPC2kZnl2ePRgsRUSHQ,True,2018-10,same pano,0,unvalidated,True,True,True,True,True,True,True
gainesville:31448,31448,8,full,198cEOHtRc8decOTBrg8lA,False,2026-03,newer than ours,-1,unvalidated,True,,True,True,,True,True
gainesville:31450,31450,8,full,198cEOHtRc8decOTBrg8lA,False,2026-03,newer than ours,-1,unvalidated,True,,True,True,,True,True
gainesville:31451,31451,48,full,Q3QpK3DXdcH6VXeV3x4uXg,False,2026-03,newer than ours,-1,unvalidated,True,,True,False,,True,False
gainesville:31453,31453,48,full,_50Bnr9qPiYgl4RfmZk8cQ,False,2026-03,newer than ours,-1,unvalidated,True,,True,True,,True,True
gainesville:31454,31454,44,full,m047unuCTrJ7KOflJvqAYQ,False,2026-03,same month,0,unvalidated,True,,False,False,,False,False
gainesville:31455,31455,44,full,m047unuCTrJ7KOflJvqAYQ,False,2026-03,same month,0,unvalidated,,,True,False,,False,False
gainesville:31464,31464,8,full,BT9QMYKdR96U3QfN127Ysw,False,2026-02,same month,0,unvalidated,True,,True,True,,True,True
gainesville:31488,31488,8,full,IIElaBZWP3Qm1a2rLC_c4g,False,2026-02,same month,0,unvalidated,,,True,False,,True,False
gainesville:31489,31489,8,full,IIElaBZWP3Qm1a2rLC_c4g,False,2026-02,same month,0,unvalidated,True,,True,True,,False,False
gainesville:31490,31490,8,full,5-IOQ-lb4DTAlsTVr8NoWw,True,2026-02,same pano,0,unvalidated,True,True,True,False,True,True,False
gainesville:31492,31492,24,full,5-IOQ-lb4DTAlsTVr8NoWw,True,2026-02,same pano,0,unvalidated,True,True,False,False,True,False,False
gainesville:31494,31494,44,full,5-IOQ-lb4DTAlsTVr8NoWw,True,2026-02,same pano,0,agreed,True,True,True,True,True,False,True
gainesville:31496,31496,44,full,5-IOQ-lb4DTAlsTVr8NoWw,True,2026-02,same pano,0,unvalidated,True,False,False,True,False,True,True
gainesville:31502,31502,8,full,GM1LfGF07K_uvYXmtLB1EA,False,2026-02,same month,0,unvalidated,True,,True,True,,False,False
gainesville:31503,31503,8,full,GM1LfGF07K_uvYXmtLB1EA,False,2026-02,same month,0,unvalidated,False,,False,False,,False,False
gainesville:31506,31506,8,full,79SrjnXJSoT1eviXbDSi0A,False,2026-02,same month,0,unvalidated,True,,True,False,,True,False
gainesville:31507,31507,24,full,79SrjnXJSoT1eviXbDSi0A,False,2026-02,same month,0,unvalidated,True,,True,True,,True,True
gainesville:31509,31509,24,full,79SrjnXJSoT1eviXbDSi0A,False,2026-02,same month,0,unvalidated,True,,True,True,,True,True
gainesville:31510,31510,24,full,79SrjnXJSoT1eviXbDSi0A,False,2026-02,same month,0,unvalidated,True,,True,False,,True,False
gainesville:31512,31512,24,full,79SrjnXJSoT1eviXbDSi0A,False,2026-02,same month,0,unvalidated,True,,True,True,,True,False
gainesville:31515,31515,24,full,79SrjnXJSoT1eviXbDSi0A,False,2026-02,same month,0,unvalidated,True,,True,False,,True,False
gainesville:31516,31516,8,full,79SrjnXJSoT1eviXbDSi0A,False,2026-02,same month,0,unvalidated,True,,True,True,,True,True
gainesville:31517,31517,44,full,vTn4NdFD3U-7g6CRPgYpOw,False,2026-02,same month,0,unvalidated,True,,False,True,,False,False
gainesville:31519,31519,8,full,vTn4NdFD3U-7g6CRPgYpOw,False,2026-02,same month,0,unvalidated,True,,True,True,,True,False
gainesville:31523,31523,44,full,vTn4NdFD3U-7g6CRPgYpOw,False,2026-02,1-18 mo older,1,agreed,True,,True,True,,True,True
gainesville:31524,31524,44,full,vTn4NdFD3U-7g6CRPgYpOw,False,2026-02,1-18 mo older,1,unvalidated,True,,True,True,,True,True
gainesville:31526,31526,44,full,vTn4NdFD3U-7g6CRPgYpOw,False,2026-02,same month,0,unvalidated,True,,True,True,,True,True
gainesville:31527,31527,24,full,DAweRe13Dk16LO1CtK4YAA,False,2024-06,same month,0,unvalidated,,,True,False,,True,False
gainesville:31529,31529,24,full,DAweRe13Dk16LO1CtK4YAA,False,2024-06,same month,0,unvalidated,True,,False,True,,False,False
gainesville:31531,31531,24,full,DAweRe13Dk16LO1CtK4YAA,False,2024-06,19-36 mo older,20,unvalidated,True,,False,True,,False,True
gainesville:31532,31532,24,full,VZ5jNoAPEQUYpwjZZIwk3A,False,2026-02,same month,0,unvalidated,True,,True,True,,True,True
gainesville:31533,31533,24,full,VZ5jNoAPEQUYpwjZZIwk3A,False,2026-02,newer than ours,-88,unvalidated,,,True,True,,False,False
gainesville:31535,31535,24,full,VZ5jNoAPEQUYpwjZZIwk3A,False,2026-02,newer than ours,-88,unvalidated,True,,True,False,,True,False
gainesville:31537,31537,8,full,aUcTPk9jmht7YurZT9sUQg,False,2026-02,same month,0,unvalidated,True,,False,False,,False,False
gainesville:31539,31539,8,full,YTWOPU__eqJR0bR-ixY2oQ,False,2026-02,newer than ours,-16,unvalidated,True,,True,False,,True,False
gainesville:31540,31540,24,full,w5wWPpLnWOzmw742UuWZeg,False,2026-02,same month,0,unvalidated,True,,False,True,,False,True
gainesville:31544,31544,8,full,DqYYBlqtdeTp35lZWQDizw,False,2026-02,same month,0,unvalidated,True,,True,True,,False,True
gainesville:31546,31546,47,full,DqYYBlqtdeTp35lZWQDizw,False,2026-02,newer than ours,-10,unvalidated,True,,False,True,,False,False
gainesville:31549,31549,40,full,zCIBul6f-XmntReqlAQpRQ,False,2023-08,19-36 mo older,30,agreed,True,,False,False,,False,False
gainesville:31554,31554,24,full,LrSPoZgOxGxMpWz3N6gFpw,True,2026-02,same pano,0,unvalidated,True,True,True,True,True,True,True
gainesville:31556,31556,24,full,QVQ3lEJLoSsriWMT82DujA,False,2025-04,same month,0,unvalidated,True,,True,True,,True,False
gainesville:31557,31557,8,full,C6-m0vvBd6Z6flAif6fhRQ,False,2026-02,same month,0,unvalidated,True,,True,False,,True,False
gainesville:31559,31559,8,full,BwBI2QzUfTkaIo_vSZ1pdw,False,2026-02,same month,0,unvalidated,True,,False,False,,False,False
gainesville:31561,31561,8,full,C6-m0vvBd6Z6flAif6fhRQ,False,2026-02,same month,0,unvalidated,True,,True,True,,True,True
gainesville:31563,31563,24,full,C6-m0vvBd6Z6flAif6fhRQ,False,2026-02,same month,0,unvalidated,True,,False,False,,False,False
gainesville:31564,31564,24,full,lbiNMyop3Ihlw3tUSTF-dA,True,2025-04,same pano,0,unvalidated,True,True,True,True,True,True,True
gainesville:31573,31573,40,full,ol8pd2Ch0zQansepx0ATGA,True,2024-06,same pano,0,unvalidated,True,False,False,False,False,False,False
gainesville:31576,31576,40,full,ol8pd2Ch0zQansepx0ATGA,True,2024-06,same pano,0,unvalidated,True,False,True,True,False,False,False
gainesville:31578,31578,24,full,Iv1jQgnWb-PhD7mNLge9hw,False,2024-06,same month,0,unvalidated,True,,False,True,,False,True
gainesville:31579,31579,24,full,Iv1jQgnWb-PhD7mNLge9hw,False,2024-06,same month,0,unvalidated,,,True,False,,False,False
gainesville:31583,31583,24,full,DAweRe13Dk16LO1CtK4YAA,False,2024-06,19-36 mo older,20,unvalidated,True,,True,False,,True,False
gainesville:31584,31584,24,full,U9g_aRuJMxlJTUX2UWX6Mg,False,2026-02,same month,0,unvalidated,,,True,True,,True,True
gainesville:31586,31586,24,full,U9g_aRuJMxlJTUX2UWX6Mg,False,2026-02,same month,0,unvalidated,,,True,True,,True,True
gainesville:31587,31587,24,full,Fv91NF3ZoYSbViEATkvMVg,False,2026-02,same month,0,unvalidated,True,,False,False,,False,False
gainesville:31589,31589,24,full,VZ5jNoAPEQUYpwjZZIwk3A,False,2026-02,same month,0,unvalidated,True,,False,False,,False,False
gainesville:31591,31591,24,full,VZ5jNoAPEQUYpwjZZIwk3A,False,2026-02,newer than ours,-88,unvalidated,,,False,False,,False,False
gainesville:31593,31593,24,full,_G-kZCg1hypkTZicJxXanQ,False,2021-03,newer than ours,-29,unvalidated,True,,True,True,,False,True
gainesville:31594,31594,24,full,SkiAoDq-xvIFm_RQNIwI1w,True,2026-02,same pano,0,unvalidated,True,True,True,False,True,True,False
gainesville:31595,31595,8,full,79SrjnXJSoT1eviXbDSi0A,False,2026-02,same month,0,unvalidated,True,,False,True,,False,True
gainesville:31597,31597,24,full,79SrjnXJSoT1eviXbDSi0A,False,2026-02,same month,0,unvalidated,True,,True,True,,True,True
gainesville:31598,31598,24,full,79SrjnXJSoT1eviXbDSi0A,False,2026-02,same month,0,unvalidated,True,,False,False,,False,False
gainesville:31600,31600,24,full,79SrjnXJSoT1eviXbDSi0A,False,2026-02,same month,0,unvalidated,True,,True,True,,False,True
gainesville:31602,31602,24,full,79SrjnXJSoT1eviXbDSi0A,False,2026-02,same month,0,unvalidated,True,,True,True,,True,True
gainesville:31603,31603,8,full,79SrjnXJSoT1eviXbDSi0A,False,2026-02,same month,0,unvalidated,True,,True,False,,True,False
gainesville:31605,31605,24,full,-88-6wUCtYG9-XwARiyJCg,True,2026-02,same pano,0,unvalidated,True,True,True,True,True,True,True
gainesville:31606,31606,8,full,1_e3k7FQdn_cpSKrEHHs2w,True,2026-02,same pano,0,unvalidated,True,True,False,True,True,False,True
gainesville:31610,31610,44,full,7tmWRrYcsvfLfywmqu_RiA,True,2026-02,same pano,0,unvalidated,True,True,False,True,True,True,True
gainesville:31612,31612,44,full,1_e3k7FQdn_cpSKrEHHs2w,True,2026-02,same pano,0,unvalidated,True,True,True,True,False,False,False
gainesville:31613,31613,24,full,YUeLUy_Myju3IunQU4DVRA,False,2025-04,1-18 mo older,10,unvalidated,True,,True,True,,True,True
gainesville:31615,31615,24,full,p-7EbAaxorAar9fwjCUxKA,True,2025-04,same pano,0,unvalidated,True,True,True,True,True,False,True
gainesville:31618,31618,24,full,dWXcx5cU52onIYDUVZizmw,True,2025-04,same pano,0,unvalidated,True,True,False,True,False,False,True
gainesville:31621,31621,44,full,F6q8q7HFYOV0jK77DHZwag,True,2026-02,same pano,0,unvalidated,True,True,True,True,True,True,True
gainesville:31625,31625,44,full,NYYW5nXJVu4xilMQg2-ZgQ,False,2025-04,1-18 mo older,10,unvalidated,True,,True,True,,True,True
gainesville:31629,31629,40,full,CbyP9NbJnnCudmk60-q23w,True,2023-09,same pano,0,unvalidated,True,True,False,False,True,False,False
gainesville:31631,31631,24,full,fv3E_tE5oFzeQV5zbVJ2dw,True,2026-02,same pano,0,unvalidated,True,True,True,True,True,True,True
gainesville:31633,31633,24,full,fv3E_tE5oFzeQV5zbVJ2dw,True,2026-02,same pano,0,unvalidated,True,False,True,True,False,True,True
gainesville:31634,31634,31,full,M5BZjsQVvluBVN8oDawFrg,True,2019-05,same pano,0,unvalidated,True,True,True,True,True,True,True
gainesville:31635,31635,31,full,zm6_fvFBjTas3QvHD1wy1w,True,2026-02,same pano,0,unvalidated,True,False,True,True,False,True,True
gainesville:31636,31636,31,full,rCdbiSqQeI4bptXuTGv-Lg,True,2026-02,same pano,0,unvalidated,True,True,True,True,True,True,True
gainesville:31637,31637,31,full,bYIi7TmXtEiAPfT1RO4ExQ,True,2026-02,same pano,0,unvalidated,True,True,True,True,True,True,True
gainesville:31638,31638,31,full,hVULvEXHC-J5u9tWWe_RUg,True,2026-02,same pano,0,unvalidated,True,True,True,True,True,True,True
gainesville:31639,31639,31,full,tCevVex-2Wv6-OzivEttWg,True,2026-02,same pano,0,unvalidated,True,True,True,True,True,True,True
gainesville:31752,31752,31,full,YvOmRV7GD46rBPjMgumY7w,True,2026-02,same pano,0,agreed,True,True,True,True,False,True,True
gainesville:31753,31753,31,full,SwpBF5-EL3XirOCxviri2Q,True,2026-02,same pano,0,unvalidated,True,True,True,True,False,True,False
gainesville:31792,31792,31,full,zA-84wBacUtQscd9BAz82Q,True,2024-06,same pano,0,unvalidated,True,False,True,True,False,False,True
gainesville:31793,31793,31,full,zA-84wBacUtQscd9BAz82Q,True,2024-06,same pano,0,unvalidated,,False,True,False,False,True,False
gainesville:31797,31797,31,full,zA-84wBacUtQscd9BAz82Q,True,2024-06,same pano,0,unvalidated,True,False,False,False,False,False,False
gainesville:31799,31799,31,full,QO3ar5HZu1xqKCp9CdTPXA,True,2007-11,same pano,0,unvalidated,,False,False,False,False,False,False
gainesville:31802,31802,32,full,uj2zlyGX8KaAM5mxBLu7ng,True,2026-02,same pano,0,unvalidated,True,False,False,False,False,False,False
gainesville:31804,31804,32,full,uj2zlyGX8KaAM5mxBLu7ng,True,2026-02,same pano,0,unvalidated,True,False,False,True,False,False,False
gainesville:31808,31808,32,full,--VRuVCZD5KEpY9JDGUmLQ,True,2026-02,same pano,0,unvalidated,,False,False,False,False,False,False
gainesville:31810,31810,32,full,--VRuVCZD5KEpY9JDGUmLQ,True,2026-02,same pano,0,unvalidated,True,True,False,False,False,False,True
gainesville:31812,31812,32,full,b5OPTLzjT6nfdF99GJmf0g,True,2022-05,same pano,0,unvalidated,True,False,False,False,False,False,False
gainesville:31813,31813,32,full,b5OPTLzjT6nfdF99GJmf0g,True,2022-05,same pano,0,unvalidated,True,False,False,False,False,False,False
gainesville:31815,31815,32,full,wRDpK96q5OLjNy_FiyxtOQ,False,2026-02,same month,0,unvalidated,True,,False,False,,False,False
gainesville:31817,31817,32,full,wRDpK96q5OLjNy_FiyxtOQ,False,2026-02,same month,0,unvalidated,True,,False,False,,True,False
gainesville:31820,31820,31,full,ALRwktry_QAY7LSnRDzuug,True,2025-04,same pano,0,unvalidated,True,True,True,False,True,True,False
gainesville:31822,31822,31,full,ALRwktry_QAY7LSnRDzuug,True,2025-04,same pano,0,unvalidated,True,True,True,False,True,True,False
gainesville:31826,31826,150,full,3FCpKbQBs8pxKFGx2f9t2g,False,2025-04,1-18 mo older,10,unvalidated,True,,True,True,,True,True
gainesville:31830,31830,150,full,9SdLRtRjPeHA7OlwRR9fcA,True,2026-02,same pano,0,unvalidated,True,False,True,False,False,True,True
gainesville:31833,31833,31,full,v-06uTIRmWxdG_7OT0ftlA,False,2025-05,1-18 mo older,9,unvalidated,True,,False,False,,False,False
gainesville:31836,31836,31,full,JH6AyRc_O-R-NIaMDabroQ,True,2026-02,same pano,0,unvalidated,True,True,True,True,True,True,True
gainesville:31837,31837,31,full,iToxBTAv3ESN_QE00nejNw,False,2026-02,same month,0,unvalidated,True,,True,True,,True,True
gainesville:31838,31838,31,full,EffMEWk1UTy7O1k8BAqOnQ,True,2024-06,same pano,0,unvalidated,True,True,True,True,True,True,True
gainesville:31840,31840,31,full,EffMEWk1UTy7O1k8BAqOnQ,True,2024-06,same pano,0,unvalidated,True,True,True,True,True,True,True
gainesville:31841,31841,31,full,Fyi_aAoIHLiLYAuJKoSSKw,True,2026-02,same pano,0,unvalidated,True,True,True,True,True,True,True
gainesville:31843,31843,31,full,Fyi_aAoIHLiLYAuJKoSSKw,True,2026-02,same pano,0,unvalidated,True,True,True,True,False,True,True
gainesville:31844,31844,31,full,FQV1uEEdwhETynnTFfKymA,True,2026-02,same pano,0,unvalidated,True,True,True,True,True,True,True
gainesville:31846,31846,31,full,FQV1uEEdwhETynnTFfKymA,True,2026-02,same pano,0,unvalidated,True,True,True,True,False,True,True
gainesville:31849,31849,31,full,Rfz47M9L6IC3cbsReMkIWA,True,2026-02,same pano,0,unvalidated,True,True,True,True,True,True,True
gainesville:31851,31851,31,full,v9Xm_Cbd6nGZHPuyiamM9Q,True,2026-02,same pano,0,unvalidated,True,True,True,True,False,False,False
gainesville:31852,31852,31,full,j1Hnc23tOBPnXBsvM_Qz1Q,False,2019-07,>36 mo older,79,unvalidated,True,,True,True,,True,True
gainesville:31853,31853,31,full,j1Hnc23tOBPnXBsvM_Qz1Q,False,2019-07,>36 mo older,79,unvalidated,True,,True,True,,True,True
gainesville:31854,31854,29,full,2LfYhL1KWxDijVjnw5HDfg,True,2026-02,same pano,0,unvalidated,True,True,True,True,True,True,True
gainesville:31856,31856,29,full,VItP9slmfeEJp0BSGkvHmg,True,2025-05,same pano,0,unvalidated,True,True,True,True,False,False,False
gainesville:31858,31858,29,full,uN3WiS_BzWoLtM562n842g,True,2025-04,same pano,0,unvalidated,True,True,True,True,True,True,True
gainesville:31859,31859,29,full,achlqn4-v2NQeJb2sKFSKw,True,2025-04,same pano,0,unvalidated,,False,True,True,False,True,True
gainesville:31861,31861,29,full,achlqn4-v2NQeJb2sKFSKw,True,2025-04,same pano,0,unvalidated,True,False,True,True,False,True,True
gainesville:31920,31920,31,full,7iFuDuvuXCaArt4jv1-rAg,True,2026-02,same pano,0,unvalidated,True,True,True,True,True,True,True
gainesville:31921,31921,31,full,NKj0dlbTLs9sdtTN6htWIQ,True,2026-02,same pano,0,unvalidated,True,True,True,True,True,True,True
gainesville:31922,31922,30,partial,KMxqWMF65SF7-JD8Q7L3eQ,True,2026-02,same pano,0,unvalidated,True,True,True,True,True,True,False
gainesville:31924,31924,32,full,4agXptSENBgZrqdlfCVWfg,True,2026-02,same pano,0,unvalidated,True,True,True,False,True,True,False
gainesville:31925,31925,30,partial,idUMeFrCLXZEZmE2eGwyOw,True,2026-02,same pano,0,unvalidated,True,True,True,False,True,True,False
gainesville:31927,31927,30,partial,idUMeFrCLXZEZmE2eGwyOw,True,2026-02,same pano,0,unvalidated,True,True,True,False,True,True,True
gainesville:31928,31928,30,partial,idUMeFrCLXZEZmE2eGwyOw,True,2026-02,same pano,0,unvalidated,True,True,True,True,True,True,False
gainesville:31934,31934,43,full,Zfw_3R9KlJgJq_7CxnT9_A,True,2026-02,same pano,0,unvalidated,False,True,True,True,False,True,True
gainesville:31935,31935,43,full,Zfw_3R9KlJgJq_7CxnT9_A,True,2026-02,same pano,0,unvalidated,,True,True,True,True,True,True
gainesville:31936,31936,43,full,Zfw_3R9KlJgJq_7CxnT9_A,True,2026-02,same pano,0,unvalidated,True,True,True,True,True,True,True
gainesville:31938,31938,43,full,Zfw_3R9KlJgJq_7CxnT9_A,True,2026-02,same pano,0,unvalidated,True,True,True,True,False,True,True
gainesville:31954,31954,43,full,I879uNpFWMUvzBHQ4D56OA,False,2026-02,same month,0,unvalidated,True,,False,True,,True,True
gainesville:31955,31955,43,full,I879uNpFWMUvzBHQ4D56OA,False,2026-02,same month,0,unvalidated,True,,True,True,,False,False
gainesville:31957,31957,43,full,I879uNpFWMUvzBHQ4D56OA,False,2026-02,same month,0,unvalidated,,,True,True,,True,True
gainesville:31958,31958,43,full,I879uNpFWMUvzBHQ4D56OA,False,2026-02,same month,0,unvalidated,,,True,True,,True,True
gainesville:31960,31960,43,full,I879uNpFWMUvzBHQ4D56OA,False,2026-02,same month,0,unvalidated,True,,True,True,,True,True
gainesville:31961,31961,43,full,I879uNpFWMUvzBHQ4D56OA,False,2026-02,same month,0,unvalidated,True,,True,True,,True,True
gainesville:31970,31970,43,full,mth1fPwtkzJzOI8rTWRn4A,False,2019-07,>36 mo older,79,unvalidated,True,,True,True,,True,True
gainesville:31971,31971,43,full,mth1fPwtkzJzOI8rTWRn4A,False,2019-07,same month,0,unvalidated,True,,True,True,,True,True
gainesville:31972,31972,43,full,mth1fPwtkzJzOI8rTWRn4A,False,2019-07,same month,0,unvalidated,True,,True,True,,True,True
gainesville:31975,31975,43,full,IFjX2CatoqDwj1TaLYPX9A,True,2023-09,same pano,0,unvalidated,True,True,True,True,True,True,True
gainesville:31976,31976,43,full,IFjX2CatoqDwj1TaLYPX9A,True,2023-09,same pano,0,unvalidated,True,True,True,True,True,True,True
gainesville:31978,31978,43,full,IFjX2CatoqDwj1TaLYPX9A,True,2023-09,same pano,0,unvalidated,True,True,True,True,True,True,True
gainesville:31979,31979,43,full,IFjX2CatoqDwj1TaLYPX9A,True,2023-09,same pano,0,unvalidated,True,True,True,True,True,True,True
gainesville:31982,31982,43,full,kQzu8zEQkvK0fHnoSphIoQ,True,2026-02,same pano,0,unvalidated,True,True,True,True,False,True,True
gainesville:31983,31983,43,full,kQzu8zEQkvK0fHnoSphIoQ,True,2026-02,same pano,0,unvalidated,True,True,True,True,True,True,True
gainesville:31985,31985,43,full,kQzu8zEQkvK0fHnoSphIoQ,True,2026-02,same pano,0,unvalidated,True,True,True,True,False,True,True
gainesville:31986,31986,43,full,IFjX2CatoqDwj1TaLYPX9A,True,2023-09,same pano,0,unvalidated,True,True,True,True,True,True,True
gainesville:31987,31987,43,full,47ZXYxCdI5dEn0rC3AFP6Q,False,2026-02,same month,0,unvalidated,,,True,True,,True,True
gainesville:31988,31988,43,full,47ZXYxCdI5dEn0rC3AFP6Q,False,2026-02,same month,0,agreed,True,,True,True,,True,True
gainesville:31989,31989,43,full,47ZXYxCdI5dEn0rC3AFP6Q,False,2026-02,same month,0,unvalidated,True,,True,True,,True,True
gainesville:31990,31990,43,full,47ZXYxCdI5dEn0rC3AFP6Q,False,2026-02,same month,0,unvalidated,True,,True,True,,True,True
gainesville:31991,31991,43,full,47ZXYxCdI5dEn0rC3AFP6Q,False,2026-02,same month,0,unvalidated,True,,True,True,,True,True
gainesville:31992,31992,43,full,47ZXYxCdI5dEn0rC3AFP6Q,False,2026-02,same month,0,unvalidated,True,,True,True,,True,True
gainesville:31993,31993,43,full,47ZXYxCdI5dEn0rC3AFP6Q,False,2026-02,same month,0,unvalidated,True,,True,True,,True,True
gainesville:31994,31994,43,full,47ZXYxCdI5dEn0rC3AFP6Q,False,2026-02,same month,0,unvalidated,True,,True,True,,True,True
gainesville:31999,31999,43,full,NUukYF92yhUrjYv97_hAAA,True,2026-02,same pano,0,unvalidated,True,False,True,True,False,False,True
gainesville:32001,32001,43,full,NUukYF92yhUrjYv97_hAAA,True,2026-02,same pano,0,unvalidated,True,False,False,False,False,False,False
gainesville:32002,32002,43,full,NUukYF92yhUrjYv97_hAAA,True,2026-02,same pano,0,unvalidated,True,True,True,False,True,True,False
gainesville:32004,32004,43,full,NUukYF92yhUrjYv97_hAAA,True,2026-02,same pano,0,unvalidated,True,True,False,True,True,False,True
gainesville:32005,32005,43,full,NUukYF92yhUrjYv97_hAAA,True,2026-02,same pano,0,unvalidated,True,False,True,False,False,True,False
gainesville:32007,32007,43,full,NUukYF92yhUrjYv97_hAAA,True,2026-02,same pano,0,unvalidated,True,False,True,True,False,True,True
gainesville:32008,32008,35,full,U1dlXlomHm-kOukY7iDYNw,True,2026-02,same pano,0,unvalidated,,False,False,True,False,False,False
gainesville:32009,32009,35,full,U1dlXlomHm-kOukY7iDYNw,True,2026-02,same pano,0,unvalidated,False,False,False,False,False,False,False
gainesville:32010,32010,35,full,PpinmsJ4j3S8hXvhKwVy3A,False,2026-02,same month,0,unvalidated,True,,True,False,,True,False
gainesville:32013,32013,43,full,PpinmsJ4j3S8hXvhKwVy3A,False,2026-02,same month,0,unvalidated,True,,True,False,,True,False
gainesville:32015,32015,43,full,PpinmsJ4j3S8hXvhKwVy3A,False,2026-02,same month,0,unvalidated,True,,True,True,,True,True
gainesville:32016,32016,43,full,PpinmsJ4j3S8hXvhKwVy3A,False,2026-02,same month,0,unvalidated,True,,True,True,,True,True
gainesville:32018,32018,35,full,PpinmsJ4j3S8hXvhKwVy3A,False,2026-02,same month,0,agreed,True,,True,True,,True,True
gainesville:32019,32019,35,full,ZpZSH1GDMTQWmk9hSX_ZgQ,False,2026-03,newer than ours,-1,unvalidated,True,,True,True,,True,False
gainesville:32020,32020,35,full,xuHBGqYHy3k_UMSG_2SfMQ,False,2026-03,newer than ours,-1,unvalidated,True,,True,True,,True,True
gainesville:32022,32022,35,full,V2oiNBUuu4QgZuEnHt2Xiw,False,2026-03,newer than ours,-1,unvalidated,True,,False,True,,False,False
gainesville:32023,32023,35,full,V2oiNBUuu4QgZuEnHt2Xiw,False,2026-03,newer than ours,-1,unvalidated,True,,True,True,,True,False
gainesville:32025,32025,43,full,V2oiNBUuu4QgZuEnHt2Xiw,False,2026-03,newer than ours,-1,unvalidated,True,,True,True,,True,True
gainesville:32026,32026,43,full,IJzQoNkSZdwLnV_nObSHVQ,False,2026-02,same month,0,unvalidated,True,,True,True,,True,True
gainesville:32027,32027,43,full,IJzQoNkSZdwLnV_nObSHVQ,False,2026-02,same month,0,unvalidated,True,,True,False,,True,False
gainesville:32029,32029,43,full,IJzQoNkSZdwLnV_nObSHVQ,False,2026-02,same month,0,unvalidated,True,,True,False,,True,False
gainesville:32031,32031,43,full,IJzQoNkSZdwLnV_nObSHVQ,False,2026-02,same month,0,unvalidated,True,,True,True,,False,True
gainesville:32033,32033,43,full,ZVafdaMeEjCdN7hnmBqb_w,True,2026-02,same pano,0,unvalidated,True,True,True,True,True,True,True
gainesville:32034,32034,43,full,ZVafdaMeEjCdN7hnmBqb_w,True,2026-02,same pano,0,unvalidated,True,True,True,True,True,True,True
gainesville:32036,32036,43,full,aaOT6U3O_gFTwj5V6T0xqg,True,2026-02,same pano,0,unvalidated,True,True,True,True,True,True,True
gainesville:32037,32037,43,full,_p-gAr4QjsPgo_FlxOnu2w,False,2026-02,same month,0,unvalidated,True,,True,True,,True,True
gainesville:32038,32038,43,full,_p-gAr4QjsPgo_FlxOnu2w,False,2026-02,same month,0,unvalidated,,,True,True,,False,False
gainesville:32044,32044,43,full,BqNxcW2jD1AnG0u8OYpizQ,True,2026-02,same pano,0,unvalidated,True,True,True,True,True,True,True
gainesville:32045,32045,43,full,BqNxcW2jD1AnG0u8OYpizQ,True,2026-02,same pano,0,unvalidated,True,False,True,True,False,True,True
gainesville:32047,32047,43,full,N6sTRYBZBgBozF04UBY6SQ,False,2026-03,same month,0,unvalidated,True,,True,True,,True,True
gainesville:32048,32048,43,full,N6sTRYBZBgBozF04UBY6SQ,False,2026-03,same month,0,unvalidated,True,,True,True,,True,True
gainesville:32050,32050,43,full,04DrRoEz9g98wUdjSZGqyw,True,2026-02,same pano,0,unvalidated,True,True,True,True,True,True,True
gainesville:32052,32052,43,full,04DrRoEz9g98wUdjSZGqyw,True,2026-02,same pano,0,unvalidated,True,True,True,True,True,True,True
gainesville:32053,32053,43,full,Ik5F3nBiVdHoR5n6l4JkbA,False,2026-02,newer than ours,-20,unvalidated,True,,True,True,,True,True
gainesville:32055,32055,43,full,Ik5F3nBiVdHoR5n6l4JkbA,False,2026-02,same month,0,unvalidated,True,,True,True,,True,True
gainesville:32056,32056,43,full,Ik5F3nBiVdHoR5n6l4JkbA,False,2026-02,same month,0,unvalidated,True,,True,True,,True,True
gainesville:32058,32058,43,full,zY2lwWUoTa8Dub86UytUdg,False,2026-02,same month,0,unvalidated,True,,True,True,,True,True
gainesville:32060,32060,43,full,zY2lwWUoTa8Dub86UytUdg,False,2026-02,same month,0,unvalidated,True,,True,True,,True,True
gainesville:32061,32061,43,full,CnS3MTfoWdSyrRWpledX_A,False,2026-02,same month,0,unvalidated,True,,True,True,,True,True
gainesville:32063,32063,43,full,CnS3MTfoWdSyrRWpledX_A,False,2026-02,same month,0,unvalidated,True,,True,True,,True,True
gainesville:32069,32069,43,full,UN3UGP8ldEXgXAvKj1EZmg,False,2026-02,same month,0,unvalidated,True,,True,True,,True,True
gainesville:32071,32071,43,full,X2utVVKcUje3TwfRDBcOdg,False,2026-02,same month,0,unvalidated,True,,True,True,,True,True
gainesville:32073,32073,43,full,X2utVVKcUje3TwfRDBcOdg,False,2026-02,same month,0,unvalidated,True,,True,True,,True,True
gainesville:32075,32075,43,full,X2utVVKcUje3TwfRDBcOdg,False,2026-02,same month,0,unvalidated,True,,False,False,,False,False
gainesville:32076,32076,43,full,zdhshJdVdws81TnJEs_t8w,True,2026-02,same pano,0,unvalidated,True,True,True,True,True,True,True
gainesville:32078,32078,43,full,zdhshJdVdws81TnJEs_t8w,True,2026-02,same pano,0,unvalidated,True,True,True,True,True,True,True
gainesville:32081,32081,43,full,4vOSSKgDuUUzqL0i80rjMQ,False,2011-03,>36 mo older,179,unvalidated,True,,True,True,,True,True
gainesville:32082,32082,43,full,4vOSSKgDuUUzqL0i80rjMQ,False,2011-03,>36 mo older,179,unvalidated,True,,True,True,,True,True
gainesville:32084,32084,43,full,4vOSSKgDuUUzqL0i80rjMQ,False,2011-03,same month,0,agreed,True,,True,True,,True,True
gainesville:32087,32087,43,full,_4RidNDitgvNb2ZD-mpH7Q,False,2018-10,newer than ours,-91,unvalidated,True,,True,True,,True,True
gainesville:32089,32089,43,full,_4RidNDitgvNb2ZD-mpH7Q,False,2018-10,>36 mo older,88,unvalidated,True,,True,True,,True,True
gainesville:32096,32096,43,full,DPxOw_zKiefNJoWoe7uOOA,False,2026-02,same month,0,unvalidated,,,True,True,,True,True
gainesville:32099,32099,43,full,DPxOw_zKiefNJoWoe7uOOA,False,2026-02,same month,0,unvalidated,,,True,True,,True,True
gainesville:32100,32100,43,full,DPxOw_zKiefNJoWoe7uOOA,False,2026-02,same month,0,unvalidated,True,,True,True,,False,True
gainesville:32102,32102,43,full,Fki1MsHG0W9EQqWW244qOQ,False,2026-02,same month,0,unvalidated,True,,True,True,,True,True
gainesville:32103,32103,43,full,Fki1MsHG0W9EQqWW244qOQ,False,2026-02,same month,0,unvalidated,True,,True,True,,True,True
gainesville:32104,32104,43,full,TLt32xHRFAaagTbYIkREtQ,False,2026-02,same month,0,unvalidated,,,True,True,,True,True
gainesville:32105,32105,43,full,TLt32xHRFAaagTbYIkREtQ,False,2026-02,same month,0,unvalidated,True,,True,True,,True,True
gainesville:32107,32107,43,full,ygtxSLdrwCGbFVFvJf16ZA,False,2026-02,same month,0,unvalidated,True,,True,True,,True,True
gainesville:32109,32109,43,full,ygtxSLdrwCGbFVFvJf16ZA,False,2026-02,same month,0,unvalidated,True,,True,True,,True,True
gainesville:32110,32110,43,full,qmA-zp4CfYfoiaDmjN6MMA,True,2026-02,same pano,0,unvalidated,True,True,True,True,True,True,True
gainesville:32112,32112,43,full,qmA-zp4CfYfoiaDmjN6MMA,True,2026-02,same pano,0,unvalidated,True,True,False,True,True,False,False
gainesville:32113,32113,35,full,qmA-zp4CfYfoiaDmjN6MMA,True,2026-02,same pano,0,unvalidated,True,True,False,True,True,False,True
gainesville:32115,32115,43,full,qmA-zp4CfYfoiaDmjN6MMA,True,2026-02,same pano,0,unvalidated,True,True,False,True,True,False,True
gainesville:32118,32118,35,full,Q7v_ZWuNtCL7_DziXbKNEQ,True,2026-02,same pano,0,unvalidated,True,True,False,False,False,False,False
gainesville:32120,32120,35,full,Q7v_ZWuNtCL7_DziXbKNEQ,True,2026-02,same pano,0,unvalidated,True,True,False,True,True,False,True
gainesville:32121,32121,35,full,Q7v_ZWuNtCL7_DziXbKNEQ,True,2026-02,same pano,0,unvalidated,True,False,True,True,False,True,True
gainesville:32122,32122,35,full,Q7v_ZWuNtCL7_DziXbKNEQ,True,2026-02,same pano,0,unvalidated,True,True,True,True,True,True,True
gainesville:32125,32125,43,full,Q7v_ZWuNtCL7_DziXbKNEQ,True,2026-02,same pano,0,unvalidated,True,True,True,False,True,True,False
gainesville:32128,32128,43,full,nhO2QYVWB_CTEDn3B5L4mQ,True,2018-10,same pano,0,unvalidated,True,True,True,True,True,True,True
gainesville:32129,32129,43,full,0wCVZg0lQp5UY8yYZx2K8w,False,2026-02,same month,0,unvalidated,True,,True,True,,True,True
gainesville:32130,32130,43,full,0wCVZg0lQp5UY8yYZx2K8w,False,2026-02,same month,0,unvalidated,True,,True,True,,True,True
gainesville:32137,32137,43,full,_-KZCiOUuvr6BOxHfH25lA,True,2019-06,same pano,0,unvalidated,True,True,True,True,True,True,True
gainesville:32140,32140,43,full,1vzhzrShi-b7_lw4IfiHtg,True,2014-12,same pano,0,unvalidated,,True,True,True,True,True,True
gainesville:32141,32141,43,full,IiohRqRJkZys5-aUqprRcQ,True,2014-12,same pano,0,unvalidated,,True,True,True,True,True,True
gainesville:32142,32142,43,full,EEwl-rbtxygbI5nbpLMX0g,True,2019-06,same pano,0,unvalidated,True,True,True,True,True,True,True
gainesville:32157,32157,43,full,YCvZ_XGrGUWGk40Ts6adqg,False,2026-03,same month,0,unvalidated,,,True,True,,True,True
gainesville:32161,32161,43,full,8C8dCJrZDQ7vTCTUL5d0ug,True,2026-03,same pano,0,unvalidated,False,False,True,True,False,True,True
gainesville:32162,32162,43,full,DwvF_3NyiKcfzcT0Cs7p-A,True,2026-02,same pano,0,unvalidated,True,True,True,True,True,True,True
gainesville:32163,32163,43,full,DwvF_3NyiKcfzcT0Cs7p-A,True,2026-02,same pano,0,unvalidated,True,True,True,False,True,True,False
gainesville:32165,32165,42,full,ovxRAkfq6VrQ09kCr6OEGw,True,2026-02,same pano,0,unvalidated,True,False,True,True,False,True,True
gainesville:32166,32166,42,full,8cOgb1C4nVGV60YrX6Psqw,True,2026-02,same pano,0,unvalidated,True,True,False,True,True,False,True
gainesville:32167,32167,43,full,fIxNtpvvrO8BwnbYjK0VYQ,False,2019-06,>36 mo older,81,unvalidated,True,,True,True,,True,True
gainesville:32169,32169,43,full,fIxNtpvvrO8BwnbYjK0VYQ,False,2019-06,>36 mo older,81,unvalidated,True,,True,True,,True,True
gainesville:32172,32172,43,full,eQRSrEK4b3yg3g2kM8pGeg,False,2019-06,>36 mo older,81,unvalidated,True,,True,True,,True,False
gainesville:32173,32173,43,full,eQRSrEK4b3yg3g2kM8pGeg,False,2019-06,>36 mo older,81,unvalidated,True,,False,True,,False,True
gainesville:32178,32178,35,full,jFvoM0n_sKEW3QvXK_lQrQ,False,2025-05,1-18 mo older,10,unvalidated,True,,False,True,,False,False
gainesville:32180,32180,35,full,jFvoM0n_sKEW3QvXK_lQrQ,False,2025-05,1-18 mo older,10,unvalidated,,,True,True,,True,True
gainesville:32185,32185,43,full,I8OznZwbs65Oxw5eQZxBaQ,False,2026-03,same month,0,unvalidated,True,,True,True,,True,True
gainesville:32187,32187,43,full,I8OznZwbs65Oxw5eQZxBaQ,False,2026-03,same month,0,unvalidated,True,,True,True,,True,True
gainesville:32188,32188,43,full,CAV5L-D0ahnj6lwboxUaTw,False,2026-03,same month,0,unvalidated,True,,True,True,,True,True
gainesville:32189,32189,43,full,CAV5L-D0ahnj6lwboxUaTw,False,2026-03,same month,0,unvalidated,True,,True,True,,True,True
gainesville:32191,32191,43,full,YuP1Y9PC4Ds88ogRqu1F5g,False,2026-03,same month,0,unvalidated,True,,True,True,,True,True
gainesville:32193,32193,43,full,YuP1Y9PC4Ds88ogRqu1F5g,False,2026-03,same month,0,unvalidated,True,,True,True,,True,True
gainesville:32202,32202,43,full,rg7Sis8HnjcyuDxg5Aw3ag,False,2026-03,same month,0,unvalidated,True,,False,False,,False,False
gainesville:32204,32204,43,full,rg7Sis8HnjcyuDxg5Aw3ag,False,2026-03,same month,0,unvalidated,True,,True,True,,False,True
gainesville:32215,32215,43,full,HReYikxBH2ShgMmgJnPISQ,True,2024-06,same pano,0,unvalidated,True,True,False,True,True,True,True
gainesville:32217,32217,43,full,xMY6EkmbN9OZqwHeC_S7Zg,True,2026-03,same pano,0,unvalidated,True,False,False,False,False,False,False
gainesville:32231,32231,43,full,0GgJmJL0bYuqKeOJgDpW8g,True,2026-02,same pano,0,unvalidated,,True,True,True,True,True,True
gainesville:32233,32233,43,full,vbW2W3-AE2tr1NJYHCuHgw,True,2026-02,same pano,0,unvalidated,True,True,True,True,True,True,True
gainesville:32234,32234,43,full,6UMb3_rUbFsrGjP_iWk2sw,False,2026-03,same month,0,unvalidated,True,,True,True,,True,True
gainesville:32236,32236,43,full,6UMb3_rUbFsrGjP_iWk2sw,False,2026-03,newer than ours,-1,unvalidated,True,,True,True,,True,True
gainesville:32237,32237,43,full,r3O3RWT9OL2bO6gUxcIN0w,True,2026-02,same pano,0,unvalidated,True,False,True,True,False,True,True
gainesville:32239,32239,43,full,r3O3RWT9OL2bO6gUxcIN0w,True,2026-02,same pano,0,unvalidated,True,True,True,True,True,True,True
gainesville:32251,32251,35,full,14MJ8XYZvjU1ODkWKl7YBg,True,2026-02,same pano,0,unvalidated,True,True,True,True,True,True,True
gainesville:32253,32253,35,full,14MJ8XYZvjU1ODkWKl7YBg,True,2026-02,same pano,0,unvalidated,True,True,True,False,True,True,True
gainesville:32260,32260,43,full,mC7GmTRG_XhK317XZSZ1Ig,True,2026-02,same pano,0,unvalidated,True,True,True,True,True,True,True
gainesville:32263,32263,43,full,8G1O_W8dRSwujhhxeg4WYw,True,2011-03,same pano,0,unvalidated,True,True,True,True,True,True,True
gainesville:32264,32264,43,full,8G1O_W8dRSwujhhxeg4WYw,True,2011-03,same pano,0,unvalidated,True,True,True,True,False,True,True
gainesville:32266,32266,43,full,8G1O_W8dRSwujhhxeg4WYw,True,2011-03,same pano,0,unvalidated,True,True,True,True,False,True,True
gainesville:32267,32267,43,full,8G1O_W8dRSwujhhxeg4WYw,True,2011-03,same pano,0,unvalidated,True,True,True,True,True,True,True
gainesville:32268,32268,43,full,8G1O_W8dRSwujhhxeg4WYw,True,2011-03,same pano,0,unvalidated,True,True,True,True,True,True,True
gainesville:32274,32274,43,full,IHMkNTKPwDtvUPaDYEq4Tg,False,2026-02,same month,0,unvalidated,True,,True,True,,True,True
gainesville:32275,32275,43,full,w7da_0IWVlrrMXZBddGrrA,False,2026-02,same month,0,unvalidated,True,,True,True,,True,True
gainesville:32282,32282,43,full,ex2xM-YwlmgWMCthnbV7aQ,True,2026-02,same pano,0,unvalidated,,True,True,True,True,True,True
gainesville:32283,32283,43,full,DwiReJyL-jh4guyIMLqpbw,True,2026-02,same pano,0,unvalidated,True,True,True,True,True,True,True
gainesville:32287,32287,43,full,pWYUmF0s9xCtseOKZUhQng,True,2014-12,same pano,0,unvalidated,,True,True,True,True,True,True
gainesville:32301,32301,43,full,g6Raq4h1bcFUsDvgGXb83A,True,2019-06,same pano,0,unvalidated,True,False,True,True,False,True,True
gainesville:32302,32302,43,full,OpbklI22iSMHqLp-IgjchQ,True,2007-12,same pano,0,unvalidated,True,True,True,True,True,True,True
gainesville:32303,32303,43,full,OpbklI22iSMHqLp-IgjchQ,True,2007-12,same pano,0,unvalidated,,False,True,True,False,True,True
gainesville:32305,32305,43,full,Q9659zhQfQ29Rv28BGs3Ag,True,2023-09,same pano,0,unvalidated,,True,True,True,True,True,True
gainesville:32307,32307,43,full,Q9659zhQfQ29Rv28BGs3Ag,True,2023-09,same pano,0,unvalidated,True,True,True,True,True,True,True
gainesville:32309,32309,43,full,Q9659zhQfQ29Rv28BGs3Ag,True,2023-09,same pano,0,unvalidated,True,True,True,True,True,True,True
gainesville:32311,32311,43,full,Q9659zhQfQ29Rv28BGs3Ag,True,2023-09,same pano,0,unvalidated,True,True,True,True,True,True,True
gainesville:32313,32313,43,full,4j0Y9nLuOJcSQ9q68TqLww,True,2011-03,same pano,0,unvalidated,,True,True,True,False,False,False
gainesville:32314,32314,43,full,bWbKa3zXnjZDO1eFx3IPsw,True,2015-02,same pano,0,unvalidated,True,True,True,True,True,True,True
gainesville:32319,32319,35,full,y8ZRq9GGChlCn4Fi4B1sVA,True,2026-02,same pano,0,agreed,True,True,False,False,True,True,False
gainesville:32320,32320,35,full,y8ZRq9GGChlCn4Fi4B1sVA,True,2026-02,same pano,0,unvalidated,True,True,False,False,True,False,False
gainesville:32322,32322,35,full,NUDRURYqWkkCfqT373nLRw,False,2026-03,same month,0,unvalidated,True,,True,False,,False,False
gainesville:32323,32323,35,full,NUDRURYqWkkCfqT373nLRw,False,2026-03,same month,0,unvalidated,True,,True,True,,True,True
gainesville:32327,32327,43,full,95cbWEh3HaG_fL9ZOyDkMQ,False,2026-02,same month,0,agreed,True,,True,True,,False,False
gainesville:32329,32329,43,full,95cbWEh3HaG_fL9ZOyDkMQ,False,2026-02,same month,0,unvalidated,True,,True,True,,True,True
gainesville:32330,32330,35,full,7W3beu7k1fTOTWACwoSLpQ,False,2026-02,same month,0,unvalidated,True,,False,True,,False,True
gainesville:32332,32332,35,full,7W3beu7k1fTOTWACwoSLpQ,False,2026-02,same month,0,agreed,True,,False,True,,False,True
gainesville:32334,32334,35,full,7W3beu7k1fTOTWACwoSLpQ,False,2026-02,same month,0,unvalidated,True,,True,True,,True,True
gainesville:32340,32340,43,full,mYGWdXRbIQPy44d4tJhHIQ,False,2026-03,newer than ours,-1,unvalidated,True,,True,True,,True,True
gainesville:32342,32342,43,full,mYGWdXRbIQPy44d4tJhHIQ,False,2026-03,newer than ours,-1,unvalidated,True,,True,True,,True,True
gainesville:32343,32343,43,full,mYGWdXRbIQPy44d4tJhHIQ,False,2026-03,same month,0,agreed,True,,True,True,,False,False
gainesville:32344,32344,43,full,ZbvYzPp9CK47OCx04LUHsg,True,2026-03,same pano,0,unvalidated,True,True,True,False,True,True,True
gainesville:32346,32346,43,full,mYGWdXRbIQPy44d4tJhHIQ,False,2026-03,newer than ours,-1,unvalidated,True,,False,False,,False,False
gainesville:32348,32348,43,full,mYGWdXRbIQPy44d4tJhHIQ,False,2026-03,same month,0,unvalidated,True,,True,False,,False,False
gainesville:32354,32354,43,full,owl78037LsFXQNXVwGlO-g,False,2026-03,newer than ours,-1,unvalidated,True,,True,True,,True,True
gainesville:32356,32356,43,full,owl78037LsFXQNXVwGlO-g,False,2026-03,same month,0,unvalidated,True,,True,True,,True,True
gainesville:32357,32357,43,full,owl78037LsFXQNXVwGlO-g,False,2026-03,same month,0,unvalidated,True,,True,True,,True,True
gainesville:32359,32359,43,full,owl78037LsFXQNXVwGlO-g,False,2026-03,same month,0,unvalidated,True,,True,True,,False,True
gainesville:32377,32377,38,full,duipuRtuoF_wkLN8NXE_4Q,True,2024-06,same pano,0,unvalidated,True,True,True,True,True,True,True
gainesville:32379,32379,38,full,duipuRtuoF_wkLN8NXE_4Q,True,2024-06,same pano,0,unvalidated,True,True,True,True,True,True,True
gainesville:32381,32381,38,full,VRNW6rVwwnsZHgctoJe3_A,False,2026-02,newer than ours,-88,unvalidated,True,,False,True,,False,True
gainesville:32384,32384,38,full,VRNW6rVwwnsZHgctoJe3_A,False,2026-02,newer than ours,-115,unvalidated,True,,True,True,,True,True
gainesville:32386,32386,38,full,VRNW6rVwwnsZHgctoJe3_A,False,2026-02,newer than ours,-115,unvalidated,True,,True,True,,True,True
gainesville:32389,32389,38,full,e2yB9Ob1m6G3Ci_TuT2_UQ,False,2026-02,newer than ours,-45,unvalidated,True,,True,True,,True,True
gainesville:32390,32390,38,full,V2SmLCUH3VJ-OvkWwQMaaw,False,2026-02,same month,0,unvalidated,True,,True,True,,True,True
gainesville:32391,32391,38,full,V2SmLCUH3VJ-OvkWwQMaaw,False,2026-02,newer than ours,-45,unvalidated,True,,True,True,,True,True
gainesville:32393,32393,38,full,V2SmLCUH3VJ-OvkWwQMaaw,False,2026-02,newer than ours,-45,unvalidated,True,,True,True,,True,True
gainesville:32395,32395,38,full,V2SmLCUH3VJ-OvkWwQMaaw,False,2026-02,newer than ours,-45,unvalidated,True,,False,False,,False,False
gainesville:32397,32397,38,full,uDX81iMNFe0Bf07i1w0x1A,False,2026-02,newer than ours,-45,unvalidated,True,,True,True,,True,True
gainesville:32399,32399,38,full,uDX81iMNFe0Bf07i1w0x1A,False,2026-02,newer than ours,-45,unvalidated,True,,True,True,,True,True
gainesville:32401,32401,38,full,UW5OiBED-1zvY_6r9l3TDA,False,2026-02,newer than ours,-45,unvalidated,True,,True,True,,True,True
gainesville:32402,32402,38,full,w4qLpbr5DRYfs3NQLqR2bQ,False,2026-02,newer than ours,-45,unvalidated,True,,True,True,,True,True
gainesville:32403,32403,38,full,K0kzo7CZkPw40L6xcjmo_g,False,2026-02,same month,0,unvalidated,True,,True,True,,True,True
gainesville:32405,32405,38,full,f0R8kUjKFG7kzlL7wKMWWg,True,2024-06,same pano,0,unvalidated,True,True,True,True,True,True,True
gainesville:32407,32407,38,full,f0R8kUjKFG7kzlL7wKMWWg,True,2024-06,same pano,0,unvalidated,True,True,True,True,True,True,True
gainesville:32408,32408,38,full,sWknDO8n4r8Udl4zxHxvNg,True,2024-06,same pano,0,unvalidated,True,True,True,True,True,True,True
gainesville:32410,32410,38,full,sWknDO8n4r8Udl4zxHxvNg,True,2024-06,same pano,0,unvalidated,True,True,True,True,True,True,True
gainesville:32411,32411,38,full,sWknDO8n4r8Udl4zxHxvNg,True,2024-06,same pano,0,unvalidated,True,True,True,True,True,True,True
gainesville:32413,32413,38,full,sWknDO8n4r8Udl4zxHxvNg,True,2024-06,same pano,0,unvalidated,True,False,True,True,False,True,True
gainesville:32416,32416,38,full,UTHRBkOHNjjQffvQ1unRlQ,True,2024-06,same pano,0,unvalidated,True,True,True,True,True,True,True
gainesville:32418,32418,38,full,DpAz8T_9V5hGuNLRF9-FTA,True,2024-06,same pano,0,unvalidated,True,True,True,True,True,True,True
gainesville:32428,32428,38,full,ubEuuNV6tkyHij6ACt4M5Q,True,2024-06,same pano,0,unvalidated,True,True,True,True,True,True,True
gainesville:32429,32429,38,full,ubEuuNV6tkyHij6ACt4M5Q,True,2024-06,same pano,0,unvalidated,True,True,True,True,True,True,True
gainesville:32436,32436,38,full,sLS0JFLq8CldHmrEZCztkA,True,2024-06,same pano,0,unvalidated,True,True,True,True,True,True,True
gainesville:32438,32438,38,full,sLS0JFLq8CldHmrEZCztkA,True,2024-06,same pano,0,unvalidated,True,True,True,True,True,True,True
gainesville:32441,32441,38,full,oLCMQctize2hZVlklcs0Ww,True,2024-06,same pano,0,unvalidated,True,True,True,True,True,True,True
gainesville:32442,32442,38,full,GbiKT3ewXXAlgBbOkg32OA,False,2019-06,>36 mo older,60,unvalidated,True,,False,False,,False,False
gainesville:32462,32462,38,full,xyIYv73SQGEcFfRhAaWWRw,True,2026-02,same pano,0,unvalidated,True,False,True,True,False,True,False
gainesville:32464,32464,38,full,G2KwwHN32gYcFN-Rz8yLNg,True,2026-02,same pano,0,unvalidated,True,False,True,True,False,True,True
gainesville:32468,32468,38,full,G2KwwHN32gYcFN-Rz8yLNg,True,2026-02,same pano,0,unvalidated,True,True,True,True,True,True,False
gainesville:32469,32469,38,full,TktqC6HI0o9l6KTj98VJuw,True,2026-02,same pano,0,unvalidated,True,True,True,True,True,True,True
gainesville:32470,32470,30,partial,IyHUfC4UMelJDFDjVxWwZw,False,2026-02,same month,0,unvalidated,,,True,True,,False,False
gainesville:32471,32471,38,full,IyHUfC4UMelJDFDjVxWwZw,False,2026-02,same month,0,unvalidated,True,,False,True,,False,True
gainesville:32472,32472,30,partial,IyHUfC4UMelJDFDjVxWwZw,False,2026-02,same month,0,unvalidated,True,,False,False,,False,False
gainesville:32493,32493,38,full,P2CtJ_618MMn2gIpYbK7Dg,True,2024-06,same pano,0,unvalidated,False,False,True,True,False,False,True
gainesville:32495,32495,38,full,P2CtJ_618MMn2gIpYbK7Dg,True,2024-06,same pano,0,unvalidated,,True,True,True,False,True,True
gainesville:32496,32496,50,full,2bdwBlr8SZAylMnlrHAkag,False,2026-02,same month,0,unvalidated,True,,True,False,,True,False
gainesville:32498,32498,50,full,pMCoDJeFCRF3r2m25Fcw5w,False,2026-02,same month,0,unvalidated,True,,True,True,,False,True
gainesville:32507,32507,38,full,2Rxg2Jfv2ILybTcu2rBP1w,True,2026-02,same pano,0,unvalidated,True,False,True,True,False,False,True
gainesville:32511,32511,30,partial,xTyOR3eciAvZTdLeEP6Mjw,False,2026-02,same month,0,unvalidated,True,,True,True,,True,True
gainesville:32516,32516,32,full,9pvTF5bzIjCB5dXhiREy-A,False,2023-08,19-36 mo older,30,unvalidated,True,,False,True,,False,False
gainesville:32520,32520,32,full,lch7iK7Rfyv2-YIA-KQKoA,True,2023-09,same pano,0,unvalidated,True,False,True,True,False,True,True
gainesville:32522,32522,38,full,poz9ICg_-8ENp9-c-OCulw,False,2026-02,same month,0,unvalidated,True,,True,True,,True,True
gainesville:32523,32523,38,full,poz9ICg_-8ENp9-c-OCulw,False,2026-02,same month,0,unvalidated,True,,True,True,,True,True
gainesville:32526,32526,44,full,OtgbUjSLxiu8uF8DZcLq0Q,True,2026-02,same pano,0,unvalidated,,False,False,False,False,False,False
gainesville:32532,32532,44,full,SqJofi6LpmsjJFme3WGCaA,False,2026-02,same month,0,unvalidated,True,,True,True,,True,True
gainesville:32534,32534,44,full,SqJofi6LpmsjJFme3WGCaA,False,2026-02,same month,0,unvalidated,True,,True,True,,True,True
gainesville:32535,32535,44,full,-7cRAciIV87iBdvXpKQ7dA,True,2024-06,same pano,0,unvalidated,True,True,True,True,True,True,True
gainesville:32537,32537,44,full,-7cRAciIV87iBdvXpKQ7dA,True,2024-06,same pano,0,unvalidated,True,False,True,True,False,True,True
gainesville:32539,32539,44,full,-7cRAciIV87iBdvXpKQ7dA,True,2024-06,same pano,0,unvalidated,True,True,True,True,False,True,True
gainesville:32541,32541,44,full,-7cRAciIV87iBdvXpKQ7dA,True,2024-06,same pano,0,unvalidated,True,True,True,True,True,True,True
gainesville:32542,32542,44,full,-7cRAciIV87iBdvXpKQ7dA,True,2024-06,same pano,0,unvalidated,,False,False,False,False,False,False
gainesville:32543,32543,44,full,M4NNkvixey54sWMilwTTGg,True,2026-02,same pano,0,unvalidated,True,True,True,True,True,True,True
gainesville:32545,32545,44,full,M4NNkvixey54sWMilwTTGg,True,2026-02,same pano,0,unvalidated,True,True,True,True,True,True,True
gainesville:32546,32546,44,full,srMhZIfkaO8mGHYnBJuDfg,True,2019-06,same pano,0,unvalidated,True,True,True,True,True,True,True
gainesville:32548,32548,44,full,srMhZIfkaO8mGHYnBJuDfg,True,2019-06,same pano,0,unvalidated,True,True,True,True,True,True,True
gainesville:32549,32549,44,full,65kxFTBgmbOPUQbC612rdg,True,2024-06,same pano,0,unvalidated,True,True,True,True,True,True,True
gainesville:32551,32551,44,full,65kxFTBgmbOPUQbC612rdg,True,2024-06,same pano,0,unvalidated,True,True,True,True,True,True,True
gainesville:32553,32553,44,full,M4NNkvixey54sWMilwTTGg,True,2026-02,same pano,0,unvalidated,True,True,True,True,True,True,True
gainesville:32554,32554,44,full,M4NNkvixey54sWMilwTTGg,True,2026-02,same pano,0,unvalidated,True,False,True,True,False,True,True
gainesville:32557,32557,44,full,1CvvANAk4EUbbRTMPRs5QQ,True,2019-06,same pano,0,unvalidated,True,True,True,True,True,True,True
gainesville:32558,32558,44,full,1CvvANAk4EUbbRTMPRs5QQ,True,2019-06,same pano,0,unvalidated,True,True,True,True,True,True,True
gainesville:32559,32559,44,full,M-UgNhaM8cAH1WnRZlQZlA,True,2023-09,same pano,0,unvalidated,True,True,True,True,True,True,True
gainesville:32560,32560,44,full,qvC6yW1mJxj9hbBzxq5Vkg,True,2023-09,same pano,0,unvalidated,True,True,True,True,True,True,True
gainesville:32561,32561,44,full,ji6_0H17i45-3vbsBztCnQ,True,2023-08,same pano,0,unvalidated,True,True,True,True,True,True,True
gainesville:32562,32562,44,full,ji6_0H17i45-3vbsBztCnQ,True,2023-08,same pano,0,unvalidated,True,True,True,True,True,True,True
gainesville:32563,32563,44,full,HcRKAZu4TZwzHZGnVu1qRA,True,2024-06,same pano,0,unvalidated,True,True,True,True,True,True,True
gainesville:32565,32565,44,full,HcRKAZu4TZwzHZGnVu1qRA,True,2024-06,same pano,0,unvalidated,True,True,True,True,False,True,True
gainesville:32566,32566,44,full,HcRKAZu4TZwzHZGnVu1qRA,True,2024-06,same pano,0,unvalidated,True,True,True,True,True,True,True
gainesville:32568,32568,44,full,HcRKAZu4TZwzHZGnVu1qRA,True,2024-06,same pano,0,unvalidated,True,True,True,True,True,True,True
gainesville:32569,32569,44,full,Tqb1XXnZs7Nk5MO-Z1WXCg,True,2024-06,same pano,0,unvalidated,True,True,True,True,True,True,True
gainesville:32570,32570,44,full,Tqb1XXnZs7Nk5MO-Z1WXCg,True,2024-06,same pano,0,unvalidated,True,True,True,True,True,True,True
gainesville:32571,32571,44,full,T14UkVfwTGcHCjZBfUsExw,True,2011-06,same pano,0,unvalidated,True,True,True,True,True,True,True
gainesville:32572,32572,44,full,T14UkVfwTGcHCjZBfUsExw,True,2011-06,same pano,0,unvalidated,True,True,True,True,True,True,True
gainesville:32574,32574,40,full,AbrL-Yl1gtMtKZpUAUk3OQ,False,2025-04,1-18 mo older,10,unvalidated,True,,False,True,,False,False
gainesville:32576,32576,24,full,CbyP9NbJnnCudmk60-q23w,True,2023-09,same pano,0,unvalidated,True,True,True,True,True,True,True
gainesville:32580,32580,24,full,CbyP9NbJnnCudmk60-q23w,True,2023-09,same pano,0,unvalidated,True,True,False,True,True,False,False
gainesville:32582,32582,44,full,F6q8q7HFYOV0jK77DHZwag,True,2026-02,same pano,0,unvalidated,True,True,True,False,True,True,False
gainesville:32585,32585,44,full,F6q8q7HFYOV0jK77DHZwag,True,2026-02,same pano,0,unvalidated,True,True,True,True,True,True,True
gainesville:32589,32589,24,full,dWXcx5cU52onIYDUVZizmw,True,2025-04,same pano,0,unvalidated,True,True,False,False,False,False,False
gainesville:32591,32591,44,full,NYdDdvTWjeeWUyGhMrUDew,True,2026-02,same pano,0,unvalidated,True,True,True,True,False,False,True
gainesville:32593,32593,44,full,NYdDdvTWjeeWUyGhMrUDew,True,2026-02,same pano,0,unvalidated,True,True,True,True,True,True,True
gainesville:32594,32594,50,full,NYdDdvTWjeeWUyGhMrUDew,True,2026-02,same pano,0,unvalidated,True,True,False,False,False,False,False
gainesville:32596,32596,44,full,xHsZmf-WhjJXh7SUjfZK_w,True,2026-02,same pano,0,unvalidated,True,True,True,True,True,True,True
gainesville:32597,32597,44,full,xHsZmf-WhjJXh7SUjfZK_w,True,2026-02,same pano,0,unvalidated,True,True,True,True,True,True,True
gainesville:32599,32599,44,full,Z0FBlStEZs7ErZLC0QO0Vw,True,2026-02,same pano,0,unvalidated,,True,True,True,True,True,True
gainesville:32600,32600,44,full,Z0FBlStEZs7ErZLC0QO0Vw,True,2026-02,same pano,0,unvalidated,,True,True,True,True,True,True
gainesville:32601,32601,44,full,Z0FBlStEZs7ErZLC0QO0Vw,True,2026-02,same pano,0,unvalidated,True,True,True,True,True,True,True
gainesville:32603,32603,44,full,Z0FBlStEZs7ErZLC0QO0Vw,True,2026-02,same pano,0,unvalidated,,False,False,True,False,False,True
gainesville:32604,32604,40,full,lEhYa23nSrvKFF1lwUSEww,True,2026-02,same pano,0,unvalidated,True,False,True,True,False,True,True
gainesville:32607,32607,40,full,Mhewn-8zGt0lyr8QwPiEjg,False,2026-02,newer than ours,-59,unvalidated,True,,True,False,,False,False
gainesville:32608,32608,40,full,avltfJZDuhjd9BfqOjQdnQ,False,2026-02,newer than ours,-59,agreed,True,,False,True,,True,True
gainesville:32610,32610,40,full,avltfJZDuhjd9BfqOjQdnQ,False,2026-02,newer than ours,-59,unvalidated,True,,True,False,,True,False
gainesville:32612,32612,50,full,avltfJZDuhjd9BfqOjQdnQ,False,2026-02,same month,0,unvalidated,True,,True,True,,True,True
gainesville:32615,32615,44,full,MMC9gIKYmb7_8bvf3f7rkg,False,2026-02,newer than ours,-10,unvalidated,True,,False,False,,False,False
gainesville:32618,32618,44,full,CHyg56SbQAEhv9cJkw2ovw,True,2025-04,same pano,0,unvalidated,True,True,False,True,True,False,True
gainesville:32619,32619,44,full,CHyg56SbQAEhv9cJkw2ovw,True,2025-04,same pano,0,unvalidated,True,False,True,False,False,True,False
gainesville:32631,32631,40,full,UB61KQVUm5cxfw4Ec6gzcA,False,2026-02,same month,0,unvalidated,True,,True,True,,True,True
gainesville:32635,32635,40,full,gVtrXR9rny0Db5rKj7Vj4A,True,2026-02,same pano,0,unvalidated,True,True,False,False,True,False,False
gainesville:32637,32637,44,full,HLjGn_DwMh-54diwJVL4qA,False,2017-05,>36 mo older,85,unvalidated,True,,True,True,,True,True
gainesville:32642,32642,44,full,HLjGn_DwMh-54diwJVL4qA,False,2017-05,>36 mo older,85,unvalidated,True,,True,True,,True,False
gainesville:32643,32643,8,full,zNzpHbdsjHqDKpy_XJuBWg,False,2026-03,same month,0,unvalidated,True,,True,True,,True,True
gainesville:32645,32645,44,full,m047unuCTrJ7KOflJvqAYQ,False,2026-03,same month,0,unvalidated,True,,True,True,,True,True
gainesville:32646,32646,44,full,zNzpHbdsjHqDKpy_XJuBWg,False,2026-03,same month,0,unvalidated,True,,False,False,,True,False
gainesville:32648,32648,44,full,lScC8gQG7RvgTKVJu6hYYA,False,2026-03,same month,0,unvalidated,True,,True,True,,True,True
gainesville:32649,32649,44,full,lScC8gQG7RvgTKVJu6hYYA,False,2026-03,same month,0,unvalidated,True,,False,True,,False,False
gainesville:32651,32651,44,full,S_TwOCDq5QyAVEaIxCuJWw,True,2026-02,same pano,0,unvalidated,True,False,True,True,False,True,True
gainesville:32652,32652,44,full,S_TwOCDq5QyAVEaIxCuJWw,True,2026-02,same pano,0,unvalidated,True,True,True,True,True,True,True
gainesville:32655,32655,44,full,nCMYLqmpOadTo4jkCvh4AQ,True,2026-02,same pano,0,unvalidated,True,True,True,True,True,True,True
gainesville:32657,32657,44,full,nCMYLqmpOadTo4jkCvh4AQ,True,2026-02,same pano,0,unvalidated,True,False,True,True,False,True,True
gainesville:32658,32658,44,full,9Z53cvNcWasQVVsVC9-8FQ,False,2026-03,same month,0,unvalidated,,,True,True,,True,True
gainesville:32659,32659,44,full,9Z53cvNcWasQVVsVC9-8FQ,False,2026-03,newer than ours,-1,unvalidated,True,,True,True,,True,True
gainesville:32660,32660,44,full,WOX-ezrXXXdwKz5qbRS51w,False,2026-03,same month,0,unvalidated,True,,True,True,,False,False
gainesville:32661,32661,44,full,Mz1iqcNnAaeJ8TTPwDY8sw,False,2026-03,same month,0,unvalidated,True,,True,True,,True,True
gainesville:32662,32662,44,full,40TyZaZjoczmDM7y1iXlPg,False,2026-03,same month,0,unvalidated,True,,False,True,,False,True
gainesville:32664,32664,44,full,40TyZaZjoczmDM7y1iXlPg,False,2026-03,same month,0,unvalidated,True,,True,True,,True,True
gainesville:32665,32665,44,full,VXpkAb6z_DYMQB8aCkK8pA,False,2026-02,same month,0,agreed,True,,True,True,,False,False
gainesville:32666,32666,44,full,VXpkAb6z_DYMQB8aCkK8pA,False,2026-02,same month,0,unvalidated,False,,True,True,,False,True
gainesville:32667,32667,44,full,LoIazg8myw4e8VEJE4ubFg,False,2026-02,1-18 mo older,1,unvalidated,True,,True,True,,True,True
gainesville:32668,32668,44,full,LoIazg8myw4e8VEJE4ubFg,False,2026-02,1-18 mo older,1,unvalidated,True,,True,True,,True,True
gainesville:32670,32670,44,full,ijfJzuG_53xzb0dozKcm7w,False,2026-02,1-18 mo older,1,unvalidated,True,,True,True,,True,True
gainesville:32672,32672,44,full,ijfJzuG_53xzb0dozKcm7w,False,2026-02,1-18 mo older,1,unvalidated,True,,True,True,,True,True
gainesville:32673,32673,44,full,ijfJzuG_53xzb0dozKcm7w,False,2026-02,same month,0,unvalidated,True,,True,True,,True,True
gainesville:32675,32675,44,full,ijfJzuG_53xzb0dozKcm7w,False,2026-02,same month,0,unvalidated,True,,True,True,,True,True
gainesville:32676,32676,44,full,ijfJzuG_53xzb0dozKcm7w,False,2026-02,same month,0,unvalidated,True,,True,True,,True,True
gainesville:32683,32683,44,full,Cz1JmXdqzZy-eGLtbFVL2w,False,2026-02,same month,0,unvalidated,True,,True,True,,True,True
gainesville:32684,32684,44,full,xrcnvMCybEIx9lhIrOk0jg,False,2026-02,same month,0,unvalidated,,,False,False,,False,False
gainesville:32696,32696,44,full,4TSh1R_-Z14iiPv38BTe8w,True,2026-02,same pano,0,unvalidated,True,False,False,False,False,False,False
gainesville:32697,32697,44,full,4TSh1R_-Z14iiPv38BTe8w,True,2026-02,same pano,0,unvalidated,True,False,False,True,False,False,False
gainesville:32703,32703,48,full,qvGIWybWJQZDb8AbPeBQjQ,False,2026-03,newer than ours,-1,unvalidated,True,,True,True,,True,True
gainesville:32705,32705,44,full,qvGIWybWJQZDb8AbPeBQjQ,False,2026-03,newer than ours,-1,unvalidated,,,True,True,,True,True
gainesville:32706,32706,44,full,qvGIWybWJQZDb8AbPeBQjQ,False,2026-03,newer than ours,-1,unvalidated,True,,True,True,,True,False
gainesville:32708,32708,44,full,qvGIWybWJQZDb8AbPeBQjQ,False,2026-03,newer than ours,-1,unvalidated,True,,True,True,,True,True
gainesville:32709,32709,50,full,Hb-0Bw-xfoHMho6e7H2S-Q,True,2026-02,same pano,0,unvalidated,True,True,False,True,True,True,False
gainesville:32710,32710,50,full,Hb-0Bw-xfoHMho6e7H2S-Q,True,2026-02,same pano,0,unvalidated,True,True,False,True,False,False,False
gainesville:32712,32712,50,full,cfkKpV7ds3aDL6yoX-nWig,True,2016-07,same pano,0,unvalidated,True,True,True,True,True,False,True
gainesville:32713,32713,50,full,cfkKpV7ds3aDL6yoX-nWig,True,2016-07,same pano,0,unvalidated,True,True,True,True,True,True,True
gainesville:32715,32715,50,full,AfTQa_Xshb9q73xLs4_ykQ,True,2026-02,same pano,0,unvalidated,True,False,True,True,False,True,True
gainesville:32719,32719,44,full,JaMQX5xol5L7Zqad0K5Fzw,False,2026-03,same month,0,unvalidated,False,,True,True,,False,False
gainesville:32721,32721,8,full,JaMQX5xol5L7Zqad0K5Fzw,False,2026-03,newer than ours,-21,unvalidated,True,,True,True,,True,True
gainesville:32723,32723,8,full,JaMQX5xol5L7Zqad0K5Fzw,False,2026-03,newer than ours,-21,unvalidated,,,True,False,,True,False
gainesville:32724,32724,44,full,5-IOQ-lb4DTAlsTVr8NoWw,True,2026-02,same pano,0,unvalidated,True,False,True,False,False,True,False
gainesville:32726,32726,8,full,5-IOQ-lb4DTAlsTVr8NoWw,True,2026-02,same pano,0,unvalidated,True,False,True,False,False,True,False
gainesville:32728,32728,24,full,5-IOQ-lb4DTAlsTVr8NoWw,True,2026-02,same pano,0,unvalidated,True,False,False,False,False,False,False
gainesville:32730,32730,44,full,5-IOQ-lb4DTAlsTVr8NoWw,True,2026-02,same pano,0,unvalidated,True,False,True,True,False,False,True
gainesville:32732,32732,44,full,DNDuSmDqbc2cmY1ggA_42g,False,2026-02,same month,0,unvalidated,True,,True,False,,False,False
gainesville:32733,32733,8,full,DNDuSmDqbc2cmY1ggA_42g,False,2026-02,same month,0,unvalidated,,,True,True,,False,False
gainesville:32734,32734,8,full,TUeo9NgcCmRnPSL7Dq4EOA,False,2026-02,same month,0,unvalidated,True,,True,True,,True,True
gainesville:32736,32736,44,full,TUeo9NgcCmRnPSL7Dq4EOA,False,2026-02,1-18 mo older,1,unvalidated,True,,True,True,,True,False
gainesville:32738,32738,44,full,vTn4NdFD3U-7g6CRPgYpOw,False,2026-02,same month,0,unvalidated,True,,True,True,,True,True
gainesville:32740,32740,8,full,vTn4NdFD3U-7g6CRPgYpOw,False,2026-02,same month,0,unvalidated,True,,True,True,,True,True
gainesville:32744,32744,44,full,AiL5ooVV82HHxyGpczTg6Q,True,2026-02,same pano,0,unvalidated,True,True,True,True,True,True,True
gainesville:32745,32745,44,full,AiL5ooVV82HHxyGpczTg6Q,True,2026-02,same pano,0,unvalidated,,False,False,True,False,False,False
gainesville:32746,32746,50,full,VLDcdsZfsvDrxZ0ciRizkg,True,2026-02,same pano,0,unvalidated,True,True,True,True,True,True,True
gainesville:32748,32748,50,full,VLDcdsZfsvDrxZ0ciRizkg,True,2026-02,same pano,0,unvalidated,True,True,True,True,True,True,True
gainesville:32750,32750,50,full,6GIwGjISvYWHVKakjJBUEw,False,2026-02,same month,0,unvalidated,True,,True,False,,True,False
gainesville:32752,32752,50,full,6GIwGjISvYWHVKakjJBUEw,False,2026-02,same month,0,unvalidated,True,,True,True,,True,True
gainesville:32753,32753,50,full,6GIwGjISvYWHVKakjJBUEw,False,2026-02,same month,0,unvalidated,True,,True,True,,True,True
gainesville:32754,32754,50,full,6GIwGjISvYWHVKakjJBUEw,False,2026-02,same month,0,agreed,True,,True,True,,True,False
gainesville:32763,32763,33,full,JC9z23omRLe4gFpbJ9-org,True,2026-03,same pano,0,unvalidated,True,False,True,False,False,False,False
gainesville:32765,32765,33,full,JC9z23omRLe4gFpbJ9-org,True,2026-03,same pano,0,unvalidated,False,True,True,True,False,False,False
gainesville:32768,32768,33,full,JC9z23omRLe4gFpbJ9-org,True,2026-03,same pano,0,unvalidated,,False,True,True,False,False,False
gainesville:32770,32770,33,full,KEyC4MDevwyrR2jbe3o1mg,True,2026-03,same pano,0,unvalidated,False,False,False,False,False,False,False
gainesville:32771,32771,33,full,GxenOz6miBLmL_9RAUMj4w,False,2026-03,same month,0,unvalidated,False,,False,False,,False,False
gainesville:32773,32773,33,full,rX84P6OeKJBgQ0dgCgOtYQ,False,2026-03,same month,0,unvalidated,,,True,True,,True,True
gainesville:32774,32774,27,full,rX84P6OeKJBgQ0dgCgOtYQ,False,2026-03,same month,0,unvalidated,True,,True,True,,False,False
gainesville:32777,32777,27,full,xiKH3qufWpjwbvPZ794BvA,False,2026-03,same month,0,unvalidated,,,False,False,,False,False
gainesville:32779,32779,33,full,uSGcD6wrN3imHT68LBggFA,True,2026-03,same pano,0,unvalidated,,True,False,False,True,False,False
gainesville:32780,32780,27,full,egIRZMH95lsr1DVXQgpZCw,True,2026-03,same pano,0,unvalidated,False,False,True,True,False,False,False
gainesville:32782,32782,33,full,egIRZMH95lsr1DVXQgpZCw,True,2026-03,same pano,0,unvalidated,,False,False,False,False,False,False
gainesville:32783,32783,27,full,hp7jpnJtRvKPu0VXWDc4TA,False,2025-04,same month,0,unvalidated,True,,True,True,,True,True
gainesville:32785,32785,33,full,hp7jpnJtRvKPu0VXWDc4TA,False,2025-04,1-18 mo older,11,unvalidated,True,,False,True,,False,True
gainesville:32786,32786,35,full,ngucGOjoVBJxz9gI2kO4jg,False,2026-02,same month,0,unvalidated,,,True,True,,True,True
gainesville:32788,32788,35,full,ngucGOjoVBJxz9gI2kO4jg,False,2026-02,1-18 mo older,2,unvalidated,,,True,False,,True,False
gainesville:32789,32789,35,full,S0aud5EuAWIHlSKEOaKbLQ,False,2026-04,same month,0,unvalidated,True,,True,False,,True,False
gainesville:32791,32791,35,full,p7OXuTzKWyoInY0WNYg3kg,False,2026-04,newer than ours,-2,unvalidated,True,,True,True,,True,True
gainesville:32793,32793,35,full,cEvMESEIqnMR2_2A6DJNPA,False,2026-02,same month,0,unvalidated,True,,False,True,,False,True
gainesville:32794,32794,35,full,cEvMESEIqnMR2_2A6DJNPA,False,2026-02,same month,0,unvalidated,True,,True,True,,False,True
gainesville:32795,32795,27,full,ADf88Y4WeYZyYVISIDs5zQ,False,2026-02,1-18 mo older,1,unvalidated,True,,False,False,,False,False
gainesville:32797,32797,27,full,ADf88Y4WeYZyYVISIDs5zQ,False,2026-02,same month,0,unvalidated,True,,True,True,,True,True
gainesville:32799,32799,27,full,_KnTtm3IhY9kNbFe5tz5pA,False,2026-02,newer than ours,-10,unvalidated,True,,True,True,,False,False
gainesville:32800,32800,29,full,hRGzyk1PAJvTLRS-tdUDLg,True,2025-04,same pano,0,unvalidated,True,True,True,True,True,True,True
gainesville:32803,32803,29,full,vee2nLoDdXUB3QOh7FFgow,True,2025-04,same pano,0,unvalidated,True,True,False,False,True,False,False
gainesville:32805,32805,29,full,vee2nLoDdXUB3QOh7FFgow,True,2025-04,same pano,0,unvalidated,True,True,True,True,True,True,True
gainesville:32807,32807,30,partial,BlePwtAMT2E0ZUlmwaZabQ,True,2026-02,same pano,0,unvalidated,True,True,False,False,True,False,False
gainesville:32812,32812,33,full,As7h7iugYwbis8HVgtUTZQ,False,2026-02,same month,0,unvalidated,True,,True,False,,False,False
gainesville:32816,32816,33,full,93gPx8D3XJ--XYBNLw89yg,True,2026-02,same pano,0,unvalidated,True,True,False,False,True,False,False
gainesville:32817,32817,33,full,93gPx8D3XJ--XYBNLw89yg,True,2026-02,same pano,0,unvalidated,True,True,True,False,True,True,False
gainesville:32819,32819,48,full,sA5_unavnx8LbS6EGvjNIg,True,2019-06,same pano,0,unvalidated,True,False,False,True,False,False,True
gainesville:32820,32820,48,full,sA5_unavnx8LbS6EGvjNIg,True,2019-06,same pano,0,unvalidated,True,True,True,True,True,True,True
gainesville:32822,32822,48,full,dVzwjZi2w3DkUfKGcIPPcw,True,2026-02,same pano,0,unvalidated,True,False,False,False,False,False,False
gainesville:32823,32823,48,full,dVzwjZi2w3DkUfKGcIPPcw,True,2026-02,same pano,0,unvalidated,True,False,True,True,False,True,True
gainesville:32825,32825,48,full,I4MiYuKc89aTq3nls0niqQ,False,2026-02,same month,0,unvalidated,True,,True,True,,True,True
gainesville:32826,32826,48,full,I4MiYuKc89aTq3nls0niqQ,False,2026-02,newer than ours,-20,unvalidated,,,False,False,,False,False
gainesville:32827,32827,33,full,CAoSFkNJSE0wb2dLRUlDQWdJQzZrcktPZUE.,False,2018-06,newer than ours,-127,agreed,True,,True,False,,True,False
gainesville:32829,32829,33,full,CAoSFkNJSE0wb2dLRUlDQWdJQzZrdnFJVXc.,False,2018-06,newer than ours,-127,agreed,True,,False,False,,False,False
gainesville:32830,32830,33,full,CAoSFkNJSE0wb2dLRUlDQWdJQzY0dFBOY2c.,False,2018-06,>36 mo older,92,agreed,True,,True,True,,True,True
gainesville:32832,32832,33,full,CAoSF0NJSE0wb2dLRUlDQWdJQzY0dTdld3dF,False,2018-06,>36 mo older,92,agreed,True,,False,True,,False,True
gainesville:32835,32835,33,full,CAoSFkNJSE0wb2dLRUlDQWdJQzZrdFM2YlE.,False,2018-06,>36 mo older,92,agreed,True,,True,True,,True,True
gainesville:32837,32837,33,full,CAoSFkNJSE0wb2dLRUlDQWdJQzZrdFM2YlE.,False,2018-06,>36 mo older,92,agreed,True,,False,True,,False,True
gainesville:32839,32839,33,full,CAoSFkNJSE0wb2dLRUlDQWdJQzZrdFM2YlE.,False,2018-06,>36 mo older,92,agreed,True,,False,True,,True,True
gainesville:32842,32842,30,partial,CAoSFkNJSE0wb2dLRUlDQWdJQzZrdFM2YlE.,False,2018-06,>36 mo older,92,agreed,True,,True,False,,False,False
gainesville:32844,32844,30,partial,CAoSFkNJSE0wb2dLRUlDQWdJQzZrdFM2YlE.,False,2018-06,>36 mo older,92,agreed,True,,False,False,,False,False
gainesville:32860,32860,38,full,ZxMhDjri2YfEdf1oouhzkg,True,2026-02,same pano,0,unvalidated,True,True,True,True,False,True,True
gainesville:32862,32862,38,full,xyIYv73SQGEcFfRhAaWWRw,True,2026-02,same pano,0,unvalidated,True,False,True,True,False,True,True
gainesville:32865,32865,38,full,xyIYv73SQGEcFfRhAaWWRw,True,2026-02,same pano,0,unvalidated,True,True,False,False,True,False,True
gainesville:32867,32867,33,full,Ht2oMvWFtEc6biiY4Brtlw,False,2026-02,newer than ours,-45,unvalidated,True,,True,True,,True,True
gainesville:32868,32868,33,full,UmDTKtMuL21K0DBevE1NOw,False,2026-02,same month,0,unvalidated,True,,True,True,,True,True
gainesville:32869,32869,48,full,94WTxfEfYWCUvoQE7u2N8w,True,2026-02,same pano,0,unvalidated,True,False,False,False,False,False,False
gainesville:32871,32871,50,full,94WTxfEfYWCUvoQE7u2N8w,True,2026-02,same pano,0,unvalidated,True,True,False,False,False,False,False
gainesville:32872,32872,50,full,YMoMgphoe4BSXE7BvPcbxQ,True,2026-02,same pano,0,unvalidated,True,False,True,False,False,False,False
gainesville:32875,32875,50,full,YMoMgphoe4BSXE7BvPcbxQ,True,2026-02,same pano,0,unvalidated,True,True,True,False,True,True,False
gainesville:32878,32878,48,full,YMoMgphoe4BSXE7BvPcbxQ,True,2026-02,same pano,0,unvalidated,True,False,False,False,False,False,False
gainesville:32881,32881,50,full,21YA1B3kijODHI4rpnR7oQ,True,2026-02,same pano,0,unvalidated,True,False,False,True,False,True,True
gainesville:32884,32884,48,full,g4XlRjhpBANOEPYHugpitA,True,2026-02,same pano,0,unvalidated,True,False,True,True,False,True,True
gainesville:32886,32886,48,full,94WTxfEfYWCUvoQE7u2N8w,True,2026-02,same pano,0,unvalidated,True,True,True,False,False,True,True
gainesville:32887,32887,50,full,94WTxfEfYWCUvoQE7u2N8w,True,2026-02,same pano,0,unvalidated,True,False,True,True,False,True,True
gainesville:32888,32888,48,full,FKSRaCvKVEKh40wKEg85mA,True,2026-02,same pano,0,unvalidated,True,True,True,True,True,True,True
gainesville:32890,32890,48,full,FKSRaCvKVEKh40wKEg85mA,True,2026-02,same pano,0,unvalidated,True,True,True,True,False,True,True
gainesville:32891,32891,48,full,VQeR5b2F4GxQgbl8gUgvQg,True,2026-02,same pano,0,unvalidated,True,True,True,True,True,True,True
gainesville:32893,32893,48,full,VQeR5b2F4GxQgbl8gUgvQg,True,2026-02,same pano,0,unvalidated,True,True,True,True,False,True,True
gainesville:32895,32895,48,full,8yYenUSD95FmA-Un1AYIug,True,2026-02,same pano,0,unvalidated,True,True,True,False,True,True,False
gainesville:32896,32896,48,full,8yYenUSD95FmA-Un1AYIug,True,2026-02,same pano,0,unvalidated,True,True,True,False,True,False,False
gainesville:32897,32897,48,full,jV7l9C2g1-OqpZ_4ocWCSQ,False,2026-02,newer than ours,-20,unvalidated,True,,True,True,,True,True
gainesville:32899,32899,48,full,jV7l9C2g1-OqpZ_4ocWCSQ,False,2026-02,same month,0,unvalidated,True,,False,False,,False,False
gainesville:32900,32900,48,full,O8NYlGpmwbtCHrKLOXjQMg,True,2023-10,same pano,0,unvalidated,True,True,True,True,True,True,True
gainesville:32902,32902,48,full,O8NYlGpmwbtCHrKLOXjQMg,True,2023-10,same pano,0,unvalidated,False,False,True,True,False,False,False
gainesville:32904,32904,33,full,ZRpY8JCcSqx46ooVkIzqQA,False,2026-02,same month,0,unvalidated,True,,True,True,,True,True
gainesville:32905,32905,33,full,ZRpY8JCcSqx46ooVkIzqQA,False,2026-02,same month,0,unvalidated,,,True,True,,True,True
gainesville:32909,32909,48,full,KqZzM0v2PbaoxQmq6wk3Xw,True,2026-02,same pano,0,unvalidated,True,True,True,True,True,True,True
gainesville:32910,32910,48,full,KqZzM0v2PbaoxQmq6wk3Xw,True,2026-02,same pano,0,unvalidated,True,True,True,True,False,False,True
gainesville:32911,32911,48,full,2_N-SgsI8TkZFBnyr_WJCQ,True,2026-02,same pano,0,unvalidated,True,True,True,True,True,True,True
gainesville:32913,32913,48,full,2_N-SgsI8TkZFBnyr_WJCQ,True,2026-02,same pano,0,unvalidated,True,True,True,True,True,True,True
gainesville:32915,32915,48,full,CJvm1H2MHaakZ4KxljSkJg,True,2026-02,same pano,0,unvalidated,True,False,True,True,False,True,True
gainesville:32916,32916,48,full,CJvm1H2MHaakZ4KxljSkJg,True,2026-02,same pano,0,unvalidated,False,False,True,True,False,True,True
gainesville:32917,32917,48,full,7IdNI60aTlJq1JISb7poIA,True,2026-02,same pano,0,unvalidated,True,True,True,True,True,True,True
gainesville:32919,32919,48,full,7IdNI60aTlJq1JISb7poIA,True,2026-02,same pano,0,unvalidated,True,True,True,True,True,True,True
gainesville:32920,32920,48,full,JAqQcyfymVkpcRWSZj-8YQ,True,2026-02,same pano,0,unvalidated,True,True,True,True,True,True,True
gainesville:32921,32921,48,full,JAqQcyfymVkpcRWSZj-8YQ,True,2026-02,same pano,0,agreed,True,True,True,True,False,True,True
gainesville:32947,32947,8,full,B7bZqV_31NmMla2MCMdmIQ,False,2026-03,newer than ours,-1,unvalidated,True,,False,False,,False,False
gainesville:32949,32949,48,full,B7bZqV_31NmMla2MCMdmIQ,False,2026-03,newer than ours,-1,unvalidated,True,,True,False,,True,False
gainesville:32956,32956,48,full,liYadV70hyyJtXqyVAUOgg,True,2024-06,same pano,0,unvalidated,,False,True,True,False,True,True
gainesville:32958,32958,48,full,liYadV70hyyJtXqyVAUOgg,True,2024-06,same pano,0,unvalidated,True,True,True,True,True,True,True
gainesville:32959,32959,48,full,Of0T8R_QvwImgRW1N6rnhg,True,2026-02,same pano,0,unvalidated,True,False,True,True,False,True,True
gainesville:32960,32960,48,full,XkHPKy-kYbyP5V6UH71Oeg,True,2026-02,same pano,0,unvalidated,True,False,True,True,False,True,True
gainesville:32964,32964,48,full,ugFXtCzYfvylhGZii71ckg,True,2026-02,same pano,0,unvalidated,True,True,True,False,True,True,False
gainesville:32975,32975,48,full,ta4z-OKL72YGMQp2gRSPvA,True,2026-02,same pano,0,unvalidated,True,False,True,True,False,False,False
gainesville:32977,32977,48,full,wm28V0DwNxpFgi5OdagGVg,True,2026-02,same pano,0,unvalidated,True,True,True,True,False,True,True
gainesville:32982,32982,48,full,e3PEX0QDgayA6mPKA4K6tw,True,2026-02,same pano,0,unvalidated,True,True,True,True,True,True,True
gainesville:32984,32984,48,full,e3PEX0QDgayA6mPKA4K6tw,True,2026-02,same pano,0,unvalidated,True,True,True,True,True,True,True
gainesville:32985,32985,48,full,vnRjHmnyofYaLLqqeH0BmA,True,2026-02,same pano,0,unvalidated,True,True,True,True,True,True,True
gainesville:32987,32987,48,full,vnRjHmnyofYaLLqqeH0BmA,True,2026-02,same pano,0,unvalidated,True,True,True,True,True,True,True
gainesville:32993,32993,48,full,yFlgHtV3oCBH5YGhnU8F0Q,True,2024-06,same pano,0,unvalidated,,True,True,True,False,False,False
gainesville:32995,32995,48,full,yFlgHtV3oCBH5YGhnU8F0Q,True,2024-06,same pano,0,unvalidated,True,False,True,True,False,True,True
gainesville:33052,33052,48,full,tWnodInvJ785ubMXQlkTfg,True,2024-06,same pano,0,unvalidated,True,False,True,True,False,True,True
gainesville:33054,33054,48,full,tWnodInvJ785ubMXQlkTfg,True,2024-06,same pano,0,unvalidated,True,True,True,True,True,True,True
gainesville:33055,33055,35,full,lKeldf1ZTHzuLTByyZGjWg,True,2024-06,same pano,0,unvalidated,,True,True,True,True,False,False
gainesville:33057,33057,48,full,lKeldf1ZTHzuLTByyZGjWg,True,2024-06,same pano,0,unvalidated,True,False,False,False,False,False,False
gainesville:33063,33063,48,full,HWKNKFC1gaWPqPIB2GYXqw,False,2026-03,same month,0,unvalidated,True,,True,True,,True,True
gainesville:33065,33065,48,full,HWKNKFC1gaWPqPIB2GYXqw,False,2026-03,same month,0,unvalidated,,,True,True,,True,True
gainesville:33066,33066,48,full,5tt1V0jzeahRFCPYdqYSBw,True,2026-02,same pano,0,unvalidated,True,False,True,True,False,True,True
gainesville:33068,33068,48,full,5tt1V0jzeahRFCPYdqYSBw,True,2026-02,same pano,0,unvalidated,True,True,True,False,True,True,False
gainesville:33069,33069,48,full,z79dPyzmwE5fpqNV6LhArw,False,2026-03,same month,0,unvalidated,,,True,True,,True,True
gainesville:33071,33071,48,full,z79dPyzmwE5fpqNV6LhArw,False,2026-03,same month,0,unvalidated,True,,True,True,,True,True
gainesville:33072,33072,48,full,L2athbjy6uhMm7if8dqXBw,False,2026-03,same month,0,unvalidated,True,,True,True,,True,True
gainesville:33074,33074,48,full,L2athbjy6uhMm7if8dqXBw,False,2026-03,same month,0,unvalidated,True,,True,True,,True,True
gainesville:33075,33075,48,full,XE85_xda5eJVS3PlixV3zQ,False,2026-03,same month,0,unvalidated,True,,True,True,,True,True
gainesville:33077,33077,48,full,57kKnhX4FurNI7aT4AXd8Q,False,2026-03,newer than ours,-1,unvalidated,True,,True,True,,True,True
gainesville:33079,33079,48,full,57kKnhX4FurNI7aT4AXd8Q,False,2026-03,newer than ours,-1,unvalidated,True,,True,True,,True,True
gainesville:33081,33081,48,full,57kKnhX4FurNI7aT4AXd8Q,False,2026-03,newer than ours,-1,unvalidated,True,,True,True,,True,True
gainesville:33083,33083,48,full,57kKnhX4FurNI7aT4AXd8Q,False,2026-03,newer than ours,-1,unvalidated,True,,True,True,,True,True
gainesville:33084,33084,48,full,a-ILsGChb-cC35R8HB5CoQ,False,2026-02,same month,0,unvalidated,True,,True,True,,False,False
gainesville:33086,33086,48,full,a-ILsGChb-cC35R8HB5CoQ,False,2026-02,same month,0,unvalidated,True,,True,True,,True,True
gainesville:33088,33088,48,full,a-ILsGChb-cC35R8HB5CoQ,False,2026-02,1-18 mo older,1,unvalidated,True,,True,False,,False,True
gainesville:33089,33089,8,full,6If1Sf-gEM8Jjfc9a9_vNw,False,2026-02,1-18 mo older,1,unvalidated,True,,True,True,,True,True
gainesville:33090,33090,48,full,6If1Sf-gEM8Jjfc9a9_vNw,False,2026-02,same month,0,unvalidated,True,,True,True,,False,True
gainesville:33092,33092,8,full,6If1Sf-gEM8Jjfc9a9_vNw,False,2026-02,1-18 mo older,1,unvalidated,,,True,False,,True,False
gainesville:33094,33094,35,full,8GgsfqegkalpGjPDj-dKZw,False,2024-06,same month,0,unvalidated,,,False,True,,False,True
gainesville:33097,33097,8,full,8GgsfqegkalpGjPDj-dKZw,False,2024-06,same month,0,unvalidated,,,False,False,,False,False
gainesville:33098,33098,48,full,D77icTPIprpsXMQI9F2Z3A,False,2026-03,same month,0,unvalidated,True,,True,True,,True,True
gainesville:33100,33100,35,full,D77icTPIprpsXMQI9F2Z3A,False,2026-03,same month,0,unvalidated,,,False,True,,False,True
gainesville:33102,33102,35,full,vIXRE9P5xt5wtQGXSEt92Q,False,2026-03,same month,0,agreed,True,,False,False,,False,False
gainesville:33103,33103,8,full,P3K2PkdHtaz1NpfeHtxTLw,False,2026-03,same month,0,unvalidated,True,,True,True,,False,True
gainesville:33105,33105,8,full,P3K2PkdHtaz1NpfeHtxTLw,False,2026-03,newer than ours,-1,unvalidated,True,,True,True,,True,True
gainesville:33116,33116,48,full,YnB2pGjM13Unbsu8bss7dw,False,2026-03,same month,0,unvalidated,True,,True,True,,True,True
gainesville:33118,33118,48,full,YnB2pGjM13Unbsu8bss7dw,False,2026-03,same month,0,unvalidated,,,True,True,,True,True
gainesville:33120,33120,48,full,YnB2pGjM13Unbsu8bss7dw,False,2026-03,newer than ours,-1,unvalidated,True,,True,True,,True,True
gainesville:33123,33123,48,full,PgAUTHiqMOHzrzAYvgHBWw,False,2026-03,same month,0,unvalidated,True,,True,True,,True,True
gainesville:33125,33125,48,full,eGXbQD7Bay5-lvSG9s1_lQ,True,2026-02,same pano,0,unvalidated,True,False,False,False,False,False,False
gainesville:33126,33126,48,full,eGXbQD7Bay5-lvSG9s1_lQ,True,2026-02,same pano,0,unvalidated,True,True,False,True,True,False,False
gainesville:33129,33129,48,full,eGXbQD7Bay5-lvSG9s1_lQ,True,2026-02,same pano,0,unvalidated,True,False,False,True,False,False,True
gainesville:33131,33131,48,full,eGXbQD7Bay5-lvSG9s1_lQ,True,2026-02,same pano,0,unvalidated,True,False,False,False,False,False,False
gainesville:33137,33137,48,full,NqG4FJwAd6G0LprkI_oObQ,True,2026-02,same pano,0,unvalidated,True,True,True,True,True,True,True
gainesville:33138,33138,35,full,NqG4FJwAd6G0LprkI_oObQ,True,2026-02,same pano,0,unvalidated,True,True,True,True,True,True,True
gainesville:33148,33148,48,full,HTCXXoQe8Ef6oGAQ2CBDDQ,False,2026-02,same month,0,unvalidated,True,,True,False,,True,False
gainesville:33152,33152,48,full,HTCXXoQe8Ef6oGAQ2CBDDQ,False,2026-02,same month,0,unvalidated,True,,True,True,,True,True
gainesville:33153,33153,48,full,VMzkeG7qR9kE1UTVOShkIw,False,2026-03,same month,0,unvalidated,True,,True,True,,True,True
gainesville:33155,33155,48,full,VMzkeG7qR9kE1UTVOShkIw,False,2026-03,same month,0,unvalidated,True,,False,True,,False,True
gainesville:33156,33156,48,full,l0e4t3MOq28Lh2AHZUxSRg,False,2026-02,same month,0,unvalidated,True,,True,True,,True,True
gainesville:33157,33157,48,full,l0e4t3MOq28Lh2AHZUxSRg,False,2026-02,same month,0,unvalidated,True,,True,True,,True,True
gainesville:33158,33158,48,full,WcMxSSAZdMQbLiPuaeKVSw,False,2026-02,same month,0,unvalidated,,,True,True,,True,True
gainesville:33169,33169,48,full,O6ZmLeGhsCkYQaoSPK8rtw,False,2026-02,same month,0,unvalidated,False,,False,False,,False,True
gainesville:33170,33170,48,full,O6ZmLeGhsCkYQaoSPK8rtw,False,2026-02,same month,0,unvalidated,False,,True,True,,True,False
gainesville:33182,33182,48,full,XktA637IaxDqHOyO2Mo2jw,False,2026-02,1-18 mo older,1,unvalidated,True,,False,False,,False,False
gainesville:33184,33184,48,full,XktA637IaxDqHOyO2Mo2jw,False,2026-02,1-18 mo older,1,unvalidated,True,,True,False,,True,True
gainesville:33185,33185,35,full,y7O31-JQDhal6ti_Va9OTw,False,2026-03,same month,0,unvalidated,True,,True,True,,True,True
gainesville:33187,33187,35,full,y7O31-JQDhal6ti_Va9OTw,False,2026-03,same month,0,unvalidated,True,,True,True,,True,True
gainesville:33188,33188,48,full,xbnaEnAHq-qrogxMgMsGcA,False,2026-03,same month,0,unvalidated,True,,True,False,,False,False
gainesville:33190,33190,48,full,xbnaEnAHq-qrogxMgMsGcA,False,2026-03,same month,0,unvalidated,True,,True,True,,True,False
gainesville:33192,33192,35,full,xbnaEnAHq-qrogxMgMsGcA,False,2026-03,same month,0,unvalidated,True,,True,True,,True,True
gainesville:33193,33193,48,full,jbN98YlsVra1Uh_36_1Qrw,False,2026-02,1-18 mo older,1,unvalidated,True,,True,True,,True,True
gainesville:33195,33195,48,full,jbN98YlsVra1Uh_36_1Qrw,False,2026-02,1-18 mo older,1,unvalidated,True,,False,False,,True,False
gainesville:33197,33197,48,full,KWCkoUAgDosZyafp8JgPBw,False,2026-03,same month,0,unvalidated,,,True,True,,True,True
gainesville:33198,33198,48,full,KWCkoUAgDosZyafp8JgPBw,False,2026-03,same month,0,unvalidated,False,,True,True,,True,True
gainesville:33199,33199,48,full,yKoQV6CHso_UaJPwX5NhOg,False,2026-03,same month,0,unvalidated,True,,True,True,,True,True
gainesville:33200,33200,48,full,0AP5aTZz6iO0XR37ZJK2bQ,False,2026-03,same month,0,unvalidated,,,True,True,,True,True
gainesville:33201,33201,48,full,yvPOT4gzQ5-e3BQS6l9LAg,False,2026-03,newer than ours,-1,unvalidated,True,,True,True,,True,True
gainesville:33203,33203,48,full,BPNbATYpVsIyQGSZ5AVBjw,False,2026-03,newer than ours,-1,unvalidated,True,,True,True,,True,True
gainesville:33204,33204,48,full,VZPq5Kp8G8whXK9t0sDxjg,False,2026-02,same month,0,unvalidated,True,,True,True,,True,True
gainesville:33206,33206,48,full,VZPq5Kp8G8whXK9t0sDxjg,False,2026-02,same month,0,unvalidated,True,,True,True,,True,True
gainesville:33207,33207,48,full,1Oacmefbn7e-3icZMljEsA,True,2026-02,same pano,0,unvalidated,True,True,True,True,True,True,True
gainesville:33209,33209,8,full,1Oacmefbn7e-3icZMljEsA,True,2026-02,same pano,0,unvalidated,True,True,True,True,True,True,True
gainesville:33210,33210,48,full,0ih1gMK4A1vipTutKnBGaA,True,2026-02,same pano,0,unvalidated,True,True,True,True,False,True,True
gainesville:33212,33212,48,full,0ih1gMK4A1vipTutKnBGaA,True,2026-02,same pano,0,unvalidated,True,True,True,True,True,True,True
gainesville:33214,33214,48,full,0ih1gMK4A1vipTutKnBGaA,True,2026-02,same pano,0,unvalidated,True,False,True,True,False,True,True
gainesville:33216,33216,48,full,0ih1gMK4A1vipTutKnBGaA,True,2026-02,same pano,0,unvalidated,True,False,True,True,False,True,True
gainesville:33220,33220,48,full,Vm-M23AQP1oZM9MzEqZA-A,True,2026-02,same pano,0,unvalidated,True,True,True,True,False,True,True
gainesville:33225,33225,48,full,OaZYdikwZABfR39ZXG6hgw,True,2026-02,same pano,0,unvalidated,True,True,True,True,True,True,True
gainesville:33227,33227,48,full,FIWxeD_8xnQl5-GnA8LxyQ,True,2026-02,same pano,0,unvalidated,True,True,True,True,True,True,True
gainesville:33238,33238,48,full,CjXNw3pUsmuloTfeQQ6ndQ,True,2026-02,same pano,0,unvalidated,True,True,True,True,True,True,True
gainesville:33241,33241,48,full,CjXNw3pUsmuloTfeQQ6ndQ,True,2026-02,same pano,0,unvalidated,True,True,True,True,True,True,True
gainesville:33244,33244,48,full,8okzHbKoGHvX5fojc_dUdQ,False,2026-03,same month,0,unvalidated,True,,True,True,,True,True
gainesville:33246,33246,48,full,8okzHbKoGHvX5fojc_dUdQ,False,2026-03,same month,0,agreed,True,,True,True,,False,True
gainesville:33247,33247,48,full,O92yXm-Rj_AjHYBCs6V1Dw,False,2026-03,same month,0,unvalidated,,,True,True,,True,True
gainesville:33248,33248,48,full,O92yXm-Rj_AjHYBCs6V1Dw,False,2026-03,same month,0,unvalidated,False,,True,True,,True,True
gainesville:33249,33249,48,full,4djKopPkwagZYUbMZQZEBQ,False,2026-03,same month,0,unvalidated,True,,True,True,,True,True
gainesville:33251,33251,48,full,4djKopPkwagZYUbMZQZEBQ,False,2026-03,newer than ours,-1,unvalidated,True,,True,True,,True,True
gainesville:33258,33258,48,full,PoNwnmBy3Bug2w8cXNMseg,True,2026-03,same pano,0,unvalidated,True,True,True,True,True,True,True
gainesville:33259,33259,35,full,jR9SBKb26qnl0k6oKSmcbQ,False,2026-02,1-18 mo older,1,unvalidated,True,,True,True,,True,True
gainesville:33261,33261,35,full,jR9SBKb26qnl0k6oKSmcbQ,False,2026-02,same month,0,unvalidated,True,,False,False,,False,False
gainesville:33263,33263,35,full,jR9SBKb26qnl0k6oKSmcbQ,False,2026-02,same month,0,unvalidated,True,,False,True,,False,True
gainesville:33265,33265,48,full,R_yrsn1CxmEDjqXxbTHq7A,True,2026-02,same pano,0,agreed,True,True,True,True,False,True,True
gainesville:33266,33266,48,full,R_yrsn1CxmEDjqXxbTHq7A,True,2026-02,same pano,0,unvalidated,False,True,True,True,True,True,True
gainesville:33267,33267,44,full,qvGIWybWJQZDb8AbPeBQjQ,False,2026-03,newer than ours,-1,unvalidated,True,,True,True,,True,True
gainesville:33269,33269,48,full,qvGIWybWJQZDb8AbPeBQjQ,False,2026-03,newer than ours,-1,unvalidated,True,,True,False,,True,False
gainesville:33270,33270,44,full,qvGIWybWJQZDb8AbPeBQjQ,False,2026-03,newer than ours,-1,unvalidated,True,,False,False,,False,False
gainesville:33272,33272,44,full,qvGIWybWJQZDb8AbPeBQjQ,False,2026-03,newer than ours,-1,unvalidated,True,,True,True,,True,False
gainesville:33273,33273,35,full,ta35opMOM95JKNKZLjCkqg,False,2026-03,same month,0,unvalidated,True,,True,True,,True,True
gainesville:33274,33274,35,full,ta35opMOM95JKNKZLjCkqg,False,2026-03,same month,0,unvalidated,True,,True,False,,True,False
gainesville:33276,33276,48,full,qq3DCdjRSHpgIpz2NhdPuA,False,2026-02,1-18 mo older,1,unvalidated,True,,True,True,,True,True
gainesville:33278,33278,48,full,qq3DCdjRSHpgIpz2NhdPuA,False,2026-02,newer than ours,-45,unvalidated,True,,True,True,,True,True
gainesville:33279,33279,48,full,RsahfdPZN2lKRfK84KuynA,False,2026-03,same month,0,unvalidated,True,,True,True,,True,True
gainesville:33280,33280,48,full,RsahfdPZN2lKRfK84KuynA,False,2026-03,same month,0,unvalidated,True,,True,True,,True,True
gainesville:33281,33281,48,full,BPNbATYpVsIyQGSZ5AVBjw,False,2026-03,same month,0,unvalidated,True,,True,True,,True,True
gainesville:33282,33282,48,full,BPNbATYpVsIyQGSZ5AVBjw,False,2026-03,newer than ours,-1,unvalidated,True,,True,True,,True,True
gainesville:33285,33285,48,full,iHJSqGwaig5cxqLg7F0_iQ,True,2015-02,same pano,0,unvalidated,True,True,True,True,False,True,True
gainesville:33287,33287,48,full,iHJSqGwaig5cxqLg7F0_iQ,True,2015-02,same pano,0,unvalidated,True,True,True,True,True,True,True
gainesville:33289,33289,48,full,3ceq7CQQ4M-oNo7NYgfqOA,True,2018-10,same pano,0,unvalidated,True,False,True,True,False,True,False
gainesville:33299,33299,48,full,gR0LAIObjqAHqk_AfauDGA,True,2021-03,same pano,0,unvalidated,,False,True,True,False,True,True
gainesville:33312,33312,48,full,uWOIab-bUqIDVJDPdJPWcg,True,2026-02,same pano,0,unvalidated,True,True,True,True,False,True,True
gainesville:33314,33314,48,full,uWOIab-bUqIDVJDPdJPWcg,True,2026-02,same pano,0,unvalidated,True,False,True,False,False,True,False
gainesville:33318,33318,44,full,m047unuCTrJ7KOflJvqAYQ,False,2026-03,same month,0,unvalidated,True,,False,False,,False,False
gainesville:33320,33320,44,full,m047unuCTrJ7KOflJvqAYQ,False,2026-03,same month,0,unvalidated,,,True,True,,True,True
gainesville:33321,33321,42,full,3Utrj2b1LaWXEF6X4fsRrQ,False,2026-03,same month,0,unvalidated,True,,False,False,,False,False
gainesville:33323,33323,42,full,3Utrj2b1LaWXEF6X4fsRrQ,False,2026-03,same month,0,unvalidated,True,,False,False,,False,False
gainesville:33326,33326,42,full,aXwimQ2mAuDWZzw--7IlwQ,False,2024-11,1-18 mo older,16,unvalidated,True,,False,False,,False,False
gainesville:33329,33329,5,full,aXwimQ2mAuDWZzw--7IlwQ,False,2024-11,1-18 mo older,16,unvalidated,True,,False,False,,False,False
gainesville:33331,33331,5,full,aXwimQ2mAuDWZzw--7IlwQ,False,2024-11,1-18 mo older,16,unvalidated,True,,False,False,,False,False
gainesville:33334,33334,5,full,aXwimQ2mAuDWZzw--7IlwQ,False,2024-11,1-18 mo older,16,unvalidated,True,,False,False,,False,False
gainesville:33338,33338,42,full,jEYYMKsA8XG5LZxVomF-jA,False,2026-03,same month,0,unvalidated,True,,False,False,,False,False
gainesville:33339,33339,42,full,jEYYMKsA8XG5LZxVomF-jA,False,2026-03,same month,0,unvalidated,True,,True,False,,True,False
gainesville:33341,33341,42,full,gGZaQkvjUazCBu4wQ25MtA,False,2026-03,no run pano nearby,,unvalidated,True,,False,False,,False,False
gainesville:33343,33343,42,full,gGZaQkvjUazCBu4wQ25MtA,False,2026-03,no run pano nearby,,unvalidated,True,,False,False,,False,False
gainesville:33345,33345,42,full,9xpbP51mD7JDOgOd3h4c7Q,False,2026-03,no run pano nearby,,unvalidated,True,,False,False,,False,False
gainesville:33346,33346,42,full,9xpbP51mD7JDOgOd3h4c7Q,False,2026-03,no run pano nearby,,unvalidated,True,,False,False,,False,False
gainesville:33347,33347,42,full,cwfHF_jSgZiQOsoprnUcYg,False,2026-03,no run pano nearby,,unvalidated,,,False,False,,False,False
gainesville:33349,33349,42,full,cwfHF_jSgZiQOsoprnUcYg,False,2026-03,no run pano nearby,,unvalidated,True,,False,False,,False,False
gainesville:33350,33350,42,full,pvjnymrMZ2KzglEZjHTiWA,False,2026-03,same month,0,unvalidated,True,,True,True,,False,False
gainesville:33351,33351,42,full,pvjnymrMZ2KzglEZjHTiWA,False,2026-03,same month,0,unvalidated,False,,True,True,,True,True
gainesville:33353,33353,42,full,IBFDyanjZAM9fNCrOJIEgQ,False,2026-03,same month,0,unvalidated,True,,True,True,,True,True
gainesville:33355,33355,42,full,IBFDyanjZAM9fNCrOJIEgQ,False,2026-03,same month,0,unvalidated,True,,True,True,,True,True
gainesville:33356,33356,42,full,K61OD51M6zT9R0hA0m5EhA,False,2026-03,same month,0,unvalidated,True,,True,True,,False,False
gainesville:33358,33358,42,full,K61OD51M6zT9R0hA0m5EhA,False,2026-03,same month,0,unvalidated,True,,True,True,,True,True
gainesville:33359,33359,42,full,PeTqIZP2MHoUXlbthT_YRQ,False,2018-10,>36 mo older,89,unvalidated,True,,True,True,,True,True
gainesville:33361,33361,42,full,PeTqIZP2MHoUXlbthT_YRQ,False,2018-10,>36 mo older,89,unvalidated,True,,True,True,,True,True
gainesville:33379,33379,42,full,pFSu2AKnI_y7xiZmN7OfkQ,True,2026-03,same pano,0,unvalidated,True,True,True,True,True,True,True
gainesville:33381,33381,42,full,rshdO-m4rhFla4tROkuWRw,True,2026-03,same pano,0,unvalidated,True,True,True,True,False,True,True
gainesville:33382,33382,42,full,l_H_TsiXTGoayuFzYU1njw,True,2024-06,same pano,0,unvalidated,True,True,True,True,True,True,True
gainesville:33384,33384,42,full,l_H_TsiXTGoayuFzYU1njw,True,2024-06,same pano,0,unvalidated,,True,True,True,True,True,True
gainesville:33385,33385,42,full,nCaCaYcBx-OieYWVn31dGg,True,2026-03,same pano,0,unvalidated,,True,True,False,False,False,False
gainesville:33387,33387,42,full,nCaCaYcBx-OieYWVn31dGg,True,2026-03,same pano,0,unvalidated,,True,True,True,True,True,False
gainesville:33416,33416,42,full,LAygDj_sfuYFW2oei1FQEw,True,2014-12,same pano,0,unvalidated,True,True,True,True,True,True,True
gainesville:33417,33417,42,full,LAygDj_sfuYFW2oei1FQEw,True,2014-12,same pano,0,unvalidated,True,True,True,True,True,True,True
gainesville:33419,33419,42,full,JpVAGnuMG7lJh6eb8XrUdw,True,2011-03,same pano,0,unvalidated,True,True,True,True,True,True,True
gainesville:33421,33421,42,full,JpVAGnuMG7lJh6eb8XrUdw,True,2011-03,same pano,0,unvalidated,True,True,True,True,True,True,True
gainesville:33424,33424,42,full,3GxEBIg1eXwtVSvUDkp5SQ,True,2025-04,same pano,0,unvalidated,True,True,True,True,True,True,True
gainesville:33425,33425,42,full,mJCvJNUkz8YSqqKLxG7Evg,True,2007-12,same pano,0,unvalidated,False,False,True,True,False,True,True
gainesville:33426,33426,42,full,zgNyzOCVFbJFQhuQ1hmhpQ,True,2025-03,same pano,0,unvalidated,True,True,True,True,False,False,False
gainesville:33428,33428,42,full,zgNyzOCVFbJFQhuQ1hmhpQ,True,2025-03,same pano,0,unvalidated,True,True,True,True,False,True,True
gainesville:33431,33431,42,full,zgNyzOCVFbJFQhuQ1hmhpQ,True,2025-03,same pano,0,unvalidated,True,False,False,False,False,False,False
gainesville:33432,33432,42,full,-VQotbsQAK356i9jcJrzVA,False,2024-11,1-18 mo older,4,unvalidated,True,,True,True,,True,True
gainesville:33441,33441,42,full,x8fW51i-6z4I92ZIKW6npA,False,2024-06,newer than ours,-15,unvalidated,True,,True,True,,True,True
gainesville:33443,33443,42,full,x8fW51i-6z4I92ZIKW6npA,False,2024-06,newer than ours,-15,unvalidated,True,,False,False,,False,False
gainesville:33444,33444,42,full,x8fW51i-6z4I92ZIKW6npA,False,2024-06,newer than ours,-15,unvalidated,True,,True,True,,True,True
gainesville:33446,33446,42,full,-VQotbsQAK356i9jcJrzVA,False,2024-11,1-18 mo older,4,unvalidated,True,,False,False,,False,False
gainesville:33448,33448,42,full,-VQotbsQAK356i9jcJrzVA,False,2024-11,1-18 mo older,4,unvalidated,True,,False,False,,False,False
gainesville:33449,33449,42,full,-VQotbsQAK356i9jcJrzVA,False,2024-11,1-18 mo older,4,unvalidated,True,,False,False,,False,False
gainesville:33467,33467,42,full,iDEhXtRD_wzt4-LSrzbRsg,False,2026-03,same month,0,unvalidated,True,,True,True,,True,True
gainesville:33469,33469,42,full,iDEhXtRD_wzt4-LSrzbRsg,False,2026-03,same month,0,agreed,True,,True,True,,True,True
gainesville:33485,33485,42,full,wkzYvsgsrQUsd2LYyf3Wlg,False,2026-03,same month,0,unvalidated,True,,True,True,,True,True
gainesville:33487,33487,42,full,XA0pOYhk2KaTN062ZV_ppg,False,2026-03,same month,0,unvalidated,True,,True,True,,True,True
gainesville:33488,33488,42,full,XA0pOYhk2KaTN062ZV_ppg,False,2026-03,same month,0,unvalidated,True,,False,True,,False,True
gainesville:33489,33489,42,full,XA0pOYhk2KaTN062ZV_ppg,False,2026-03,same month,0,unvalidated,True,,False,False,,False,False
gainesville:33586,33586,42,full,w-pXJRoO205C8g5QT-foGQ,True,2026-03,same pano,0,unvalidated,True,True,True,True,False,False,False
gainesville:33588,33588,42,full,e4pDaxZJj16T7uKIWl2i_Q,False,2026-03,newer than ours,-46,unvalidated,True,,True,True,,True,True
gainesville:33591,33591,42,full,e4pDaxZJj16T7uKIWl2i_Q,False,2026-03,newer than ours,-46,unvalidated,True,,True,True,,True,True
gainesville:33593,33593,42,full,yEaK_XCphlN4k4Qh20SZ8g,False,2026-03,same month,0,unvalidated,True,,True,True,,True,True
gainesville:33594,33594,42,full,yEaK_XCphlN4k4Qh20SZ8g,False,2026-03,same month,0,agreed,True,,True,True,,True,True
gainesville:33595,33595,35,full,ArdXY7HtDRvEEGA9thmDEw,False,2026-03,newer than ours,-17,unvalidated,True,,True,True,,True,True
gainesville:33596,33596,35,full,ArdXY7HtDRvEEGA9thmDEw,False,2026-03,same month,0,unvalidated,True,,True,True,,True,False
gainesville:33602,33602,42,full,YnzWgf0oAp90fuo3zYlbtA,True,2026-03,same pano,0,unvalidated,True,True,True,True,False,True,True
gainesville:33605,33605,42,full,p8udz2wd39CVEINqI_EuTQ,False,2026-03,same month,0,unvalidated,False,,True,True,,True,True
gainesville:33612,33612,42,full,iIsb_9OoJAT9dZEh88lHjg,False,2026-03,same month,0,unvalidated,,,False,False,,False,False
gainesville:33613,33613,42,full,iIsb_9OoJAT9dZEh88lHjg,False,2026-03,same month,0,unvalidated,True,,True,True,,True,True
gainesville:33614,33614,42,full,X9kzoEHPo8JWRRM4p0gjpA,False,2026-03,same month,0,unvalidated,True,,True,True,,True,True
gainesville:33616,33616,42,full,eBo4P9smU6qPSYrxuz0mhA,True,2026-03,same pano,0,agreed,True,True,True,True,True,True,True
gainesville:33618,33618,42,full,deV5y3DC4Dn4S2EYSpChQg,True,2026-03,same pano,0,unvalidated,True,True,True,True,True,True,True
gainesville:33620,33620,42,full,t3ccRZlH3iCuUeZVYSsqnw,True,2026-03,same pano,0,unvalidated,True,True,True,True,True,True,True
gainesville:33622,33622,42,full,t3ccRZlH3iCuUeZVYSsqnw,True,2026-03,same pano,0,unvalidated,True,True,True,True,True,True,True
gainesville:33631,33631,44,full,AfTQa_Xshb9q73xLs4_ykQ,True,2026-02,same pano,0,unvalidated,True,True,True,True,True,True,True
gainesville:33634,33634,50,full,Hb-0Bw-xfoHMho6e7H2S-Q,True,2026-02,same pano,0,unvalidated,True,False,True,True,False,True,True
gainesville:33638,33638,44,full,6DMMmrSSsAqOXNsDliAl0Q,True,2026-02,same pano,0,unvalidated,True,True,False,False,True,False,False
gainesville:33639,33639,44,full,Do05VFoA_yPQk2lsuVgLlg,True,2026-02,same pano,0,agreed,True,False,True,True,False,True,True
gainesville:33641,33641,50,full,onlGcKDcnUiytZgVS9yRyQ,True,2026-02,same pano,0,unvalidated,True,True,True,True,True,True,True
gainesville:33644,33644,50,full,onlGcKDcnUiytZgVS9yRyQ,True,2026-02,same pano,0,unvalidated,True,True,True,True,True,True,True
gainesville:33645,33645,50,full,Do05VFoA_yPQk2lsuVgLlg,True,2026-02,same pano,0,unvalidated,True,True,True,True,True,True,True
gainesville:33647,33647,50,full,hAFXzpp-A_oxHcxhHvj_Xg,True,2026-02,same pano,0,unvalidated,True,False,False,False,False,False,False
gainesville:33649,33649,50,full,hAFXzpp-A_oxHcxhHvj_Xg,True,2026-02,same pano,0,unvalidated,,False,False,False,False,False,False
gainesville:33650,33650,50,full,aA3-XGG8sTb-ZBlweN1Wgw,True,2026-02,same pano,0,unvalidated,True,True,True,True,True,True,True
gainesville:33651,33651,50,full,0JxrqnU_qw_Vk2dhHQ1n8w,True,2026-02,same pano,0,agreed,True,True,True,True,False,True,True
gainesville:33653,33653,50,full,xdoc0fsG07puR9FnKl1MJQ,True,2026-02,same pano,0,unvalidated,True,False,True,True,False,True,True
gainesville:33654,33654,50,full,xDmi9uZpYf6VoiHmWoTpNQ,True,2026-02,same pano,0,unvalidated,True,False,True,True,False,True,True
gainesville:33655,33655,50,full,YMoMgphoe4BSXE7BvPcbxQ,True,2026-02,same pano,0,unvalidated,True,False,False,True,False,False,True
gainesville:33656,33656,50,full,94WTxfEfYWCUvoQE7u2N8w,True,2026-02,same pano,0,unvalidated,True,False,False,False,False,False,False
gainesville:33658,33658,48,full,94WTxfEfYWCUvoQE7u2N8w,True,2026-02,same pano,0,unvalidated,True,False,True,True,False,True,False
gainesville:33661,33661,48,full,g4XlRjhpBANOEPYHugpitA,True,2026-02,same pano,0,unvalidated,True,True,True,True,True,True,True
gainesville:33662,33662,50,full,21YA1B3kijODHI4rpnR7oQ,True,2026-02,same pano,0,unvalidated,True,True,True,True,True,True,True
gainesville:33666,33666,50,full,h1LM0-QKFbBY8iI0C_BXvQ,True,2026-02,same pano,0,unvalidated,True,False,False,True,False,False,True
gainesville:33667,33667,50,full,qZYwoOkVZDxhhbaEYTS9Ww,True,2026-02,same pano,0,unvalidated,True,True,True,True,True,True,True
gainesville:33676,33676,50,full,ssEWhDjLY22KYucEQftyIA,True,2024-06,same pano,0,agreed,True,False,True,True,False,True,True
gainesville:33677,33677,50,full,soCPb9HFDAnGV-vXS72hcg,True,2024-06,same pano,0,unvalidated,True,True,True,True,True,True,True
gainesville:33679,33679,50,full,AAFxUYV9qHMWtqLU-7fsUg,True,2024-06,same pano,0,unvalidated,True,True,True,True,True,True,True
gainesville:33680,33680,50,full,n2fcy_iGohZw9h8B2xxJMw,True,2026-02,same pano,0,unvalidated,True,True,False,False,True,False,False
gainesville:33682,33682,50,full,n2fcy_iGohZw9h8B2xxJMw,True,2026-02,same pano,0,unvalidated,True,True,True,True,True,True,True
gainesville:33687,33687,50,full,vn3GN5lnBm7mwq4suWtE3Q,True,2026-02,same pano,0,unvalidated,True,True,True,True,True,False,False
gainesville:33688,33688,50,full,vn3GN5lnBm7mwq4suWtE3Q,True,2026-02,same pano,0,unvalidated,True,True,True,True,True,True,True
gainesville:33690,33690,50,full,TQPLvTxsJIYeG0km7ZgU-g,True,2026-02,same pano,0,unvalidated,True,True,False,False,True,False,False
gainesville:33697,33697,50,full,3Ug-ameBpC-OBAihT35r9w,True,2026-02,same pano,0,unvalidated,True,True,True,True,False,True,True
gainesville:33699,33699,50,full,KgHnhZ-6_yxJatGURDrPmg,True,2026-02,same pano,0,unvalidated,True,True,True,True,True,True,True
gainesville:33700,33700,50,full,N42PTzH9lt1lKiu0caWnLg,True,2026-02,same pano,0,unvalidated,False,True,True,True,False,False,False
gainesville:33718,33718,42,full,2xNvf7XTdWhzkGArOqjivQ,True,2026-03,same pano,0,unvalidated,True,False,True,True,False,True,True
gainesville:33720,33720,42,full,2xNvf7XTdWhzkGArOqjivQ,True,2026-03,same pano,0,unvalidated,True,True,True,True,True,True,True
gainesville:33721,33721,42,full,XvBaCu_b2PH0SP2efEp71A,True,2023-08,same pano,0,unvalidated,True,True,True,True,False,True,True
gainesville:33723,33723,42,full,XvBaCu_b2PH0SP2efEp71A,True,2023-08,same pano,0,unvalidated,True,True,True,True,True,True,True
gainesville:33724,33724,42,full,2OX29pD_9C6U_wtKP2n3-w,False,2011-03,>36 mo older,180,unvalidated,True,,True,True,,True,True
gainesville:33726,33726,42,full,2OX29pD_9C6U_wtKP2n3-w,False,2011-03,>36 mo older,180,unvalidated,True,,True,True,,True,True
gainesville:33732,33732,43,full,1evIlYxoeC1LhSEfGv2G5g,True,2026-02,same pano,0,unvalidated,True,True,True,False,True,True,False
gainesville:33733,33733,42,full,ovxRAkfq6VrQ09kCr6OEGw,True,2026-02,same pano,0,unvalidated,True,False,False,False,False,False,False
gainesville:33736,33736,42,full,w1OR3KoJmKpXSk8M-OTc0w,False,2019-07,same month,0,unvalidated,True,,True,True,,True,True
gainesville:33738,33738,42,full,KTj7-8xep3l0CldMcVaRSw,False,2019-07,newer than ours,-100,unvalidated,True,,True,True,,True,True
gainesville:33739,33739,42,full,bgoPfug7D4Zw0JXK81xcIg,True,2026-03,same pano,0,unvalidated,,False,False,False,False,False,False
gainesville:33744,33744,35,full,M0e-ExtrcQU8qjvEBN-KTg,False,2025-01,1-18 mo older,14,unvalidated,True,,False,True,,False,False
gainesville:33745,33745,35,full,M0e-ExtrcQU8qjvEBN-KTg,False,2025-01,1-18 mo older,14,unvalidated,,,True,True,,False,False
gainesville:33746,33746,35,full,knUexTFhkzr9higniTtrow,True,2025-04,same pano,0,unvalidated,True,True,True,True,True,True,True
gainesville:33748,33748,35,full,knUexTFhkzr9higniTtrow,True,2025-04,same pano,0,unvalidated,True,False,True,True,False,True,True
gainesville:33749,33749,26,full,knUexTFhkzr9higniTtrow,True,2025-04,same pano,0,unvalidated,True,False,False,True,False,True,True
gainesville:33750,33750,35,full,knUexTFhkzr9higniTtrow,True,2025-04,same pano,0,unvalidated,True,False,True,True,False,False,False
gainesville:33754,33754,26,full,lh4KZNE7hdB2NPm4Oo3U4Q,True,2026-03,same pano,0,unvalidated,True,False,False,True,False,True,False
gainesville:33756,33756,42,full,Is9aQ5ErocMZvOE78ZULqA,True,2026-03,same pano,0,unvalidated,True,False,True,True,False,True,True
gainesville:33757,33757,42,full,Is9aQ5ErocMZvOE78ZULqA,True,2026-03,same pano,0,unvalidated,True,True,True,True,True,True,True
gainesville:33766,33766,42,full,i-UZ6UkOVAcAjfauJa5ikQ,True,2026-03,same pano,0,unvalidated,True,True,True,True,True,True,True
gainesville:33768,33768,42,full,4BHej6059FhmNH4gGExVxg,False,2026-03,newer than ours,-17,agreed,True,,True,True,,True,True
gainesville:33770,33770,43,full,xMY6EkmbN9OZqwHeC_S7Zg,True,2026-03,same pano,0,unvalidated,True,False,True,False,False,False,False
gainesville:33772,33772,43,full,xMY6EkmbN9OZqwHeC_S7Zg,True,2026-03,same pano,0,unvalidated,True,False,True,True,False,True,True
gainesville:33830,33830,42,full,lbTDEABoV3VYx0KeZn9jQQ,True,2026-03,same pano,0,unvalidated,True,True,True,True,True,True,True
gainesville:33831,33831,42,full,lbTDEABoV3VYx0KeZn9jQQ,True,2026-03,same pano,0,unvalidated,True,True,True,True,True,True,True
gainesville:33842,33842,43,full,8C8dCJrZDQ7vTCTUL5d0ug,True,2026-03,same pano,0,unvalidated,False,True,True,True,True,True,True
gainesville:33843,33843,43,full,8C8dCJrZDQ7vTCTUL5d0ug,True,2026-03,same pano,0,unvalidated,True,True,True,False,True,True,False
gainesville:33845,33845,43,full,8C8dCJrZDQ7vTCTUL5d0ug,True,2026-03,same pano,0,unvalidated,True,True,True,True,True,True,True
gainesville:33854,33854,42,full,l2FiXX-biHYsnUIbjZnMLQ,True,2024-06,same pano,0,unvalidated,,False,True,True,False,True,True
gainesville:33855,33855,42,full,Wm6YygVgCAWFclxCaE0UNQ,False,2019-07,>36 mo older,80,unvalidated,True,,True,True,,False,True
gainesville:33857,33857,42,full,Wm6YygVgCAWFclxCaE0UNQ,False,2019-07,>36 mo older,80,unvalidated,True,,False,False,,False,False
gainesville:33858,33858,35,full,akPKkLHEruKZ6C64rnlDxA,True,2026-03,same pano,0,unvalidated,True,False,True,True,False,False,True
gainesville:33860,33860,35,full,akPKkLHEruKZ6C64rnlDxA,True,2026-03,same pano,0,unvalidated,True,False,True,True,False,False,True
gainesville:33915,33915,42,full,0KWX0luWwyqIibD0eqiWZQ,True,2022-05,same pano,0,agreed,,False,False,False,False,False,False
gainesville:33916,33916,42,full,0KWX0luWwyqIibD0eqiWZQ,True,2022-05,same pano,0,unvalidated,True,False,False,False,False,False,False
gainesville:33922,33922,42,full,1RgnpUofWM9S-JA6KdCvUg,False,2026-03,same month,0,unvalidated,True,,True,True,,True,True
gainesville:33923,33923,35,full,1RgnpUofWM9S-JA6KdCvUg,False,2026-03,same month,0,unvalidated,True,,True,True,,True,True
gainesville:33926,33926,42,full,ubgROrNot8H3MnWjnuTDPg,True,2026-03,same pano,0,agreed,True,False,True,True,False,True,True
gainesville:33929,33929,35,full,lLyyja12Y37e4mEvV6NQVg,False,2007-12,>36 mo older,219,unvalidated,True,,False,True,,False,False
gainesville:33930,33930,35,full,lLyyja12Y37e4mEvV6NQVg,False,2007-12,>36 mo older,219,unvalidated,True,,True,True,,False,True
gainesville:33934,33934,35,full,lLyyja12Y37e4mEvV6NQVg,False,2007-12,>36 mo older,219,unvalidated,True,,True,True,,False,True
gainesville:33958,33958,42,full,lGW5zIEMznC-WwnpLpXU5g,True,2023-03,same pano,0,agreed,True,True,True,True,False,False,False
gainesville:33960,33960,42,full,lGW5zIEMznC-WwnpLpXU5g,True,2023-03,same pano,0,unvalidated,True,True,True,True,False,True,True
gainesville:33965,33965,35,full,GDYCB4P8iOUKpOOJiVDqKg,True,2026-02,same pano,0,unvalidated,True,True,True,False,True,True,True
gainesville:33966,33966,35,full,GDYCB4P8iOUKpOOJiVDqKg,True,2026-02,same pano,0,unvalidated,True,True,True,True,True,True,True
gainesville:33967,33967,35,full,IGgnnn8WbpEbWWsZrumU_w,True,2026-02,same pano,0,unvalidated,True,True,True,True,True,True,True
gainesville:33969,33969,35,full,IGgnnn8WbpEbWWsZrumU_w,True,2026-02,same pano,0,unvalidated,True,True,True,True,True,True,True
gainesville:33970,33970,35,full,IGgnnn8WbpEbWWsZrumU_w,True,2026-02,same pano,0,unvalidated,True,True,False,True,True,False,True
gainesville:33972,33972,35,full,IGgnnn8WbpEbWWsZrumU_w,True,2026-02,same pano,0,unvalidated,True,True,True,True,True,True,True
gainesville:33974,33974,35,full,x_vSc2KmFluZ4W1q55vMLw,True,2024-06,same pano,0,unvalidated,False,False,True,True,False,True,True
gainesville:33975,33975,35,full,bijIhJ-c-JtJa6jw2HMb1A,True,2026-02,same pano,0,unvalidated,False,True,True,True,False,False,False
gainesville:33979,33979,35,full,51n5qhPxDEC1XHlpQBvU_w,True,2026-02,same pano,0,agreed,True,True,True,True,True,True,True
gainesville:33980,33980,35,full,51n5qhPxDEC1XHlpQBvU_w,True,2026-02,same pano,0,unvalidated,True,True,True,True,True,True,True
gainesville:33981,33981,35,full,JyYf8DWnbIvRTQmyVRSCRw,True,2026-02,same pano,0,agreed,True,True,True,True,False,True,True
gainesville:33982,33982,35,full,JyYf8DWnbIvRTQmyVRSCRw,True,2026-02,same pano,0,unvalidated,True,True,True,True,True,True,True
gainesville:33985,33985,35,full,GSgMPWa0x8EzTg6TUNyY-g,True,2026-02,same pano,0,unvalidated,True,True,True,True,True,True,True
gainesville:33986,33986,35,full,GSgMPWa0x8EzTg6TUNyY-g,True,2026-02,same pano,0,unvalidated,True,True,True,True,True,True,True
gainesville:33987,33987,35,full,zPwwP1b-pa18Hk-LfjcHFQ,True,2026-02,same pano,0,unvalidated,True,True,True,True,True,True,True
gainesville:33989,33989,35,full,zPwwP1b-pa18Hk-LfjcHFQ,True,2026-02,same pano,0,unvalidated,True,False,True,True,False,True,True
gainesville:34004,34004,35,full,_0v_y2nBdFtEoFRBPF6WjA,False,2026-02,same month,0,unvalidated,True,,True,True,,True,True
gainesville:34017,34017,35,full,AnY0bVnhVsAFK-lNdoKLtg,False,2026-02,same month,0,unvalidated,True,,True,True,,True,True
gainesville:34018,34018,35,full,AnY0bVnhVsAFK-lNdoKLtg,False,2026-02,same month,0,unvalidated,,,True,True,,True,True
gainesville:34019,34019,35,full,FSIYcVGKXQdKv4Jls-uEtg,False,2026-02,same month,0,unvalidated,True,,False,False,,True,True
gainesville:34022,34022,35,full,lyqORmqOCt7I-HstSHKJmA,True,2026-02,same pano,0,unvalidated,,True,True,True,False,True,True
gainesville:34023,34023,35,full,lyqORmqOCt7I-HstSHKJmA,True,2026-02,same pano,0,unvalidated,True,False,False,False,False,False,False
gainesville:34030,34030,35,full,QjjeQVuK4Q9bZjInhwAhvQ,True,2026-02,same pano,0,unvalidated,True,True,True,True,False,True,True
gainesville:34031,34031,35,full,QjjeQVuK4Q9bZjInhwAhvQ,True,2026-02,same pano,0,unvalidated,True,True,True,True,True,True,True
gainesville:34032,34032,35,full,-uhLu2EZ-OfbGbfPgqGz7A,True,2026-02,same pano,0,unvalidated,True,False,True,True,False,True,True
gainesville:34035,34035,35,full,qW2UCqBNVybd9YwAuwF92A,True,2026-02,same pano,0,unvalidated,True,True,True,True,True,True,True
gainesville:34037,34037,35,full,qW2UCqBNVybd9YwAuwF92A,True,2026-02,same pano,0,unvalidated,True,True,True,True,True,True,True
gainesville:34038,34038,35,full,H8iGdBgA1KH-4f4KZr7GZw,True,2026-02,same pano,0,unvalidated,True,True,True,True,True,True,True
gainesville:34040,34040,35,full,H8iGdBgA1KH-4f4KZr7GZw,True,2026-02,same pano,0,unvalidated,True,True,True,True,True,True,True
gainesville:34041,34041,35,full,OBFCFrOE83z7ijVr-OWt9g,True,2026-02,same pano,0,unvalidated,True,True,False,True,True,False,True
gainesville:34043,34043,35,full,OBFCFrOE83z7ijVr-OWt9g,True,2026-02,same pano,0,unvalidated,True,True,True,True,True,True,True
gainesville:34044,34044,35,full,4My9h4mmpjE82U1up3jWOA,True,2026-02,same pano,0,unvalidated,True,True,True,True,True,True,True
gainesville:34046,34046,35,full,4My9h4mmpjE82U1up3jWOA,True,2026-02,same pano,0,unvalidated,True,True,True,True,True,True,True
gainesville:34047,34047,35,full,4My9h4mmpjE82U1up3jWOA,True,2026-02,same pano,0,unvalidated,True,True,True,True,True,True,True
gainesville:34049,34049,35,full,x_wSdtZ55FrJnAtYc6C88A,True,2026-02,same pano,0,unvalidated,True,True,True,True,True,True,True
gainesville:34051,34051,35,full,x_wSdtZ55FrJnAtYc6C88A,True,2026-02,same pano,0,unvalidated,True,True,True,True,True,True,True
gainesville:34052,34052,35,full,mGeLnRSt6TZZcKp6pYP3qg,True,2024-06,same pano,0,unvalidated,True,True,True,True,True,True,True
gainesville:34053,34053,35,full,8b1s6omsRK7eyQbjUvhefg,True,2024-06,same pano,0,unvalidated,,True,True,True,True,True,True
gainesville:34054,34054,35,full,GrGO57RAuYCud_IZQKJrDQ,True,2026-02,same pano,0,unvalidated,True,True,True,True,True,True,True
gainesville:34056,34056,35,full,GrGO57RAuYCud_IZQKJrDQ,True,2026-02,same pano,0,unvalidated,True,True,True,True,True,True,True
gainesville:34057,34057,35,full,oXLhDsKZxWA_WNznGVkOcQ,True,2024-06,same pano,0,unvalidated,True,True,True,True,True,True,True
gainesville:34059,34059,35,full,oXLhDsKZxWA_WNznGVkOcQ,True,2024-06,same pano,0,unvalidated,True,True,True,True,True,True,True
gainesville:34060,34060,35,full,pdOiJiNvws_3shPvsp7CIw,True,2026-02,same pano,0,unvalidated,True,True,True,True,True,True,True
gainesville:34063,34063,35,full,L3fC8LpyEP_aica800rR9g,True,2026-02,same pano,0,unvalidated,True,True,True,True,True,True,True
gainesville:34064,34064,35,full,zZzZ8Hk5anaiybRzoKDN4A,True,2026-02,same pano,0,unvalidated,True,True,True,True,True,True,True
gainesville:34065,34065,35,full,zZzZ8Hk5anaiybRzoKDN4A,True,2026-02,same pano,0,unvalidated,True,True,True,True,True,True,True
gainesville:34068,34068,35,full,5upEkwE3DDZ85XSabc-gug,True,2026-03,same pano,0,unvalidated,True,False,True,True,False,True,True
gainesville:34072,34072,35,full,m89bI1G4RdEMNQzyB9_apg,False,2026-03,same month,0,unvalidated,True,,True,True,,True,True
gainesville:34073,34073,35,full,m89bI1G4RdEMNQzyB9_apg,False,2026-03,same month,0,unvalidated,True,,True,True,,True,True
gainesville:34075,34075,35,full,el3YZ9wSmly9c6YQhNaabA,False,2026-02,1-18 mo older,1,unvalidated,True,,True,True,,True,True
gainesville:34078,34078,35,full,7X90qSfUjwfUrEZDzLv91A,False,2026-03,newer than ours,-1,unvalidated,True,,True,True,,True,True
gainesville:34080,34080,35,full,7X90qSfUjwfUrEZDzLv91A,False,2026-03,same month,0,unvalidated,True,,True,True,,True,True
gainesville:34081,34081,35,full,W-1KCLgkGcaId-sLTtF6jQ,True,2026-02,same pano,0,unvalidated,True,False,True,True,False,True,True
gainesville:34082,34082,35,full,W-1KCLgkGcaId-sLTtF6jQ,True,2026-02,same pano,0,unvalidated,True,False,True,True,False,True,True
gainesville:34083,34083,35,full,pM_zjaOL4jt8_niIC0EU2Q,True,2026-02,same pano,0,unvalidated,True,True,True,True,True,True,True
gainesville:34085,34085,35,full,pM_zjaOL4jt8_niIC0EU2Q,True,2026-02,same pano,0,unvalidated,True,True,True,True,True,True,True
gainesville:34087,34087,35,full,pM_zjaOL4jt8_niIC0EU2Q,True,2026-02,same pano,0,unvalidated,True,True,True,True,False,True,True
gainesville:34089,34089,35,full,fN5E5mVLq-gWaNYjMRjGRA,True,2026-02,same pano,0,unvalidated,True,True,True,True,True,True,True
gainesville:34091,34091,35,full,fN5E5mVLq-gWaNYjMRjGRA,True,2026-02,same pano,0,unvalidated,True,False,True,True,False,True,True
gainesville:34092,34092,35,full,tCkS6vhqMkdQp5x1GmViUQ,True,2014-12,same pano,0,unvalidated,True,True,True,True,True,True,True
gainesville:34094,34094,35,full,tCkS6vhqMkdQp5x1GmViUQ,True,2014-12,same pano,0,unvalidated,True,True,True,True,True,True,True
gainesville:34095,34095,35,full,5qeAwA4-WxZ-Dxf8fswiNw,False,2026-03,same month,0,unvalidated,False,,True,True,,False,False
gainesville:34097,34097,35,full,5qeAwA4-WxZ-Dxf8fswiNw,False,2026-03,newer than ours,-1,unvalidated,,,True,True,,True,True
gainesville:34098,34098,35,full,o3VcB1CXcVljF8t3Yc8j9w,False,2026-03,newer than ours,-180,unvalidated,True,,True,True,,True,True
gainesville:34100,34100,35,full,o3VcB1CXcVljF8t3Yc8j9w,False,2026-03,newer than ours,-180,unvalidated,True,,True,True,,True,True
gainesville:34101,34101,35,full,ELVn-m0_7lNX_fPytocgNA,False,2026-02,same month,0,unvalidated,,,True,True,,False,False
gainesville:34103,34103,35,full,aatEkJSuLoWvA1P-0vZXTw,False,2026-03,newer than ours,-1,unvalidated,,,True,True,,True,True
gainesville:34104,34104,35,full,pgZHcJu4D2P8euzCjdYX0A,False,2026-03,newer than ours,-1,unvalidated,True,,False,True,,False,True
gainesville:34106,34106,35,full,qH3tjn-D7yrUYJLDgYdc2Q,False,2026-02,same month,0,unvalidated,True,,True,True,,True,True
gainesville:34107,34107,43,full,31LzAuK9I4pTv832cvoThg,False,2026-02,same month,0,agreed,True,,True,True,,True,True
gainesville:34108,34108,43,full,31LzAuK9I4pTv832cvoThg,False,2026-02,same month,0,unvalidated,,,False,False,,False,False
gainesville:34110,34110,35,full,31LzAuK9I4pTv832cvoThg,False,2026-02,same month,0,unvalidated,,,True,False,,True,False
gainesville:34111,34111,35,full,oLDleRLRUenGiIe-SHODoQ,False,2026-03,newer than ours,-17,unvalidated,True,,True,True,,True,True
gainesville:34113,34113,35,full,oLDleRLRUenGiIe-SHODoQ,False,2026-03,same month,0,unvalidated,True,,True,True,,True,True
gainesville:34114,34114,35,full,p3cMexJeZX1Fi_vOH6b8Nw,False,2026-03,same month,0,unvalidated,True,,True,True,,True,True
gainesville:34115,34115,35,full,NsQVUpjB0LVQ08V30_Xn3g,False,2026-03,same month,0,unvalidated,True,,True,True,,True,True
gainesville:34116,34116,35,full,NsQVUpjB0LVQ08V30_Xn3g,False,2026-03,same month,0,agreed,True,,True,True,,True,True
gainesville:34120,34120,35,full,_5Vk9_DQS2pNQJXX5pcozg,False,2026-02,newer than ours,-16,unvalidated,True,,True,True,,True,True
gainesville:34122,34122,35,full,RXFJemxxUNflTs8JZZECPw,False,2025-05,newer than ours,-7,unvalidated,,,True,True,,True,True
gainesville:34125,34125,35,full,LBn5iVUx9YIMPhFLp_i9Ig,True,2026-03,same pano,0,unvalidated,True,True,True,True,True,True,True
gainesville:34127,34127,35,full,Y263xN1JCpxLpNd9N3nkXA,True,2026-03,same pano,0,unvalidated,True,True,True,True,True,True,True
gainesville:34130,34130,35,full,NHz7O9UHXAFbv-Ez21jTMQ,True,2025-04,same pano,0,unvalidated,True,True,True,True,False,True,True
gainesville:34132,34132,35,full,NHz7O9UHXAFbv-Ez21jTMQ,True,2025-04,same pano,0,unvalidated,True,True,True,True,True,True,True
gainesville:34134,34134,35,full,4Hgz9RzmZgTsFjo43aWojg,True,2026-03,same pano,0,unvalidated,True,True,True,True,True,True,True
gainesville:34136,34136,35,full,8GNkPkrBimzIa135pXG7fA,True,2026-03,same pano,0,unvalidated,True,True,True,True,True,True,True
gainesville:34138,34138,35,full,8D9ekfFMSx0LX_7QTNJaTQ,True,2025-04,same pano,0,agreed,True,True,True,True,True,True,True
gainesville:34141,34141,35,full,lF8zv3BSQ9w1Anb-ZImyNg,True,2025-04,same pano,0,unvalidated,True,True,True,True,True,True,True
gainesville:34143,34143,35,full,lF8zv3BSQ9w1Anb-ZImyNg,True,2025-04,same pano,0,unvalidated,True,True,True,True,True,True,True
gainesville:34145,34145,35,full,aAvzRn1XxArDvzFxO4LlBA,True,2016-07,same pano,0,unvalidated,True,True,True,True,True,True,True
gainesville:34148,34148,35,full,aAvzRn1XxArDvzFxO4LlBA,True,2016-07,same pano,0,unvalidated,True,True,True,True,True,True,True
gainesville:34150,34150,35,full,QhD5EKfTifnDB_8PXdmkhg,True,2025-04,same pano,0,unvalidated,True,True,True,True,True,True,True
gainesville:34152,34152,35,full,QhD5EKfTifnDB_8PXdmkhg,True,2025-04,same pano,0,unvalidated,True,True,True,True,True,True,True
gainesville:34153,34153,35,full,QhD5EKfTifnDB_8PXdmkhg,True,2025-04,same pano,0,unvalidated,True,True,True,True,True,True,True
gainesville:34155,34155,35,full,QhD5EKfTifnDB_8PXdmkhg,True,2025-04,same pano,0,unvalidated,True,True,True,True,True,True,True
gainesville:34158,34158,35,full,4gHaUJlH2UE_IndyZtM1gw,True,2016-07,same pano,0,unvalidated,True,True,True,True,True,True,True
gainesville:34159,34159,35,full,4gHaUJlH2UE_IndyZtM1gw,True,2016-07,same pano,0,unvalidated,True,True,True,True,True,True,True
gainesville:34160,34160,35,full,4gHaUJlH2UE_IndyZtM1gw,True,2016-07,same pano,0,unvalidated,True,False,False,False,False,False,False
gainesville:34161,34161,35,full,4gHaUJlH2UE_IndyZtM1gw,True,2016-07,same pano,0,unvalidated,True,True,True,True,True,True,True
gainesville:34163,34163,35,full,4gHaUJlH2UE_IndyZtM1gw,True,2016-07,same pano,0,unvalidated,True,True,True,True,True,True,True
gainesville:34164,34164,35,full,4gHaUJlH2UE_IndyZtM1gw,True,2016-07,same pano,0,unvalidated,True,True,True,True,True,True,True
gainesville:34166,34166,35,full,4gHaUJlH2UE_IndyZtM1gw,True,2016-07,same pano,0,unvalidated,True,True,True,True,True,True,True
gainesville:34167,34167,35,full,4gHaUJlH2UE_IndyZtM1gw,True,2016-07,same pano,0,unvalidated,,True,True,True,True,True,True
gainesville:34170,34170,35,full,yCRShuWAM2LkWB5j9Zy16A,True,2018-10,same pano,0,unvalidated,True,True,True,True,True,True,True
gainesville:34172,34172,35,full,oocE2x4PQAVoIlECM_8TrA,True,2026-02,same pano,0,unvalidated,,True,True,True,True,True,True
gainesville:34174,34174,35,full,JgA_eAV0U6E0hD2nNmv4Jg,False,2026-02,same month,0,unvalidated,True,,True,False,,True,False
gainesville:34176,34176,35,full,JgA_eAV0U6E0hD2nNmv4Jg,False,2026-02,same month,0,unvalidated,True,,True,True,,True,True
gainesville:34177,34177,35,full,tNcO6fbYCoyuNQG2j-ACDw,False,2026-03,newer than ours,-1,unvalidated,True,,True,True,,True,True
gainesville:34179,34179,48,full,tNcO6fbYCoyuNQG2j-ACDw,False,2026-03,same month,0,unvalidated,,,True,True,,True,True
gainesville:34180,34180,35,full,y7O31-JQDhal6ti_Va9OTw,False,2026-03,same month,0,unvalidated,True,,False,False,,False,True
gainesville:34182,34182,35,full,y7O31-JQDhal6ti_Va9OTw,False,2026-03,same month,0,unvalidated,True,,True,False,,True,False
gainesville:34183,34183,48,full,A-CF8pHgBcJ9BOlRIsj9oA,False,2026-02,same month,0,unvalidated,True,,True,True,,True,True
gainesville:34185,34185,48,full,A-CF8pHgBcJ9BOlRIsj9oA,False,2026-02,same month,0,unvalidated,True,,True,True,,True,False
gainesville:34190,34190,35,full,cp8owXff5YlM_kM8MNvtbw,False,2026-03,newer than ours,-1,unvalidated,True,,True,True,,True,True
gainesville:34192,34192,35,full,mWUqZ1fOPqM-8z-RmfDjmA,True,2026-03,same pano,0,unvalidated,True,True,True,True,True,True,True
gainesville:34194,34194,35,full,vpa4WHCY4Q3s_LkKCgrFrg,False,2026-03,newer than ours,-17,unvalidated,True,,True,True,,True,True
gainesville:34197,34197,35,full,vpa4WHCY4Q3s_LkKCgrFrg,False,2026-03,same month,0,unvalidated,True,,True,True,,True,True
gainesville:34199,34199,35,full,vpa4WHCY4Q3s_LkKCgrFrg,False,2026-03,same month,0,unvalidated,True,,True,True,,True,True
gainesville:34203,34203,35,full,vpa4WHCY4Q3s_LkKCgrFrg,False,2026-03,same month,0,unvalidated,True,,True,True,,True,True
gainesville:34207,34207,35,full,syUaJNfPR2ihdKyvmKCWiA,False,2026-03,same month,0,unvalidated,True,,True,True,,True,True
gainesville:34208,34208,35,full,syUaJNfPR2ihdKyvmKCWiA,False,2026-03,same month,0,unvalidated,True,,True,True,,True,False
gainesville:34212,34212,35,full,b-azHLq5uJSlywVqKYbgHA,True,2024-06,same pano,0,unvalidated,True,True,True,True,True,True,True
gainesville:34213,34213,35,full,zuiFNvrAZxvxPGeacHPkPw,True,2024-06,same pano,0,unvalidated,True,True,True,True,True,True,True
gainesville:34215,34215,35,full,00_gWifLFKC3J4aXwLyzjg,True,2024-06,same pano,0,unvalidated,True,True,True,True,True,True,True
gainesville:34216,34216,35,full,00_gWifLFKC3J4aXwLyzjg,True,2024-06,same pano,0,unvalidated,,True,True,True,True,True,True
gainesville:34219,34219,35,full,kBass4zmf1lvrtCBl164YQ,True,2024-06,same pano,0,unvalidated,,True,True,True,False,True,True
gainesville:34221,34221,35,full,kBass4zmf1lvrtCBl164YQ,True,2024-06,same pano,0,unvalidated,True,True,True,True,True,True,True
gainesville:34222,34222,6,full,rsTEtt5EkEvFetNBNCUgow,True,2024-06,same pano,0,unvalidated,True,True,False,True,True,False,True
gainesville:34225,34225,6,full,PgGGk26yeCRNS5wqcit6Tg,True,2026-03,same pano,0,unvalidated,,False,True,True,False,False,True
gainesville:34226,34226,35,full,myq0Pe5WeWJOXtrYOYwsBQ,True,2024-06,same pano,0,unvalidated,True,True,True,True,True,True,True
gainesville:34228,34228,35,full,myq0Pe5WeWJOXtrYOYwsBQ,True,2024-06,same pano,0,unvalidated,True,True,True,True,False,True,True
gainesville:34229,34229,35,full,H-4sSMmWic5c3CTvLe6mag,True,2025-04,same pano,0,unvalidated,,True,True,True,False,False,False
gainesville:34232,34232,35,full,H-4sSMmWic5c3CTvLe6mag,True,2025-04,same pano,0,unvalidated,,False,True,True,False,False,False
gainesville:34233,34233,35,full,RkIeFGKQF63tXQVc7EpFHw,True,2025-04,same pano,0,unvalidated,True,True,True,True,True,True,True
gainesville:34234,34234,35,full,RkIeFGKQF63tXQVc7EpFHw,True,2025-04,same pano,0,unvalidated,True,True,True,True,True,True,True
gainesville:34236,34236,35,full,BOeTZrngkYC9XgAWAXy18w,True,2025-04,same pano,0,unvalidated,,True,True,True,True,True,True
gainesville:34238,34238,35,full,BOeTZrngkYC9XgAWAXy18w,True,2025-04,same pano,0,unvalidated,True,True,True,True,True,True,True
gainesville:34239,34239,35,full,IUsF8Y_SS1TOw6wTbJIs_Q,True,2026-03,same pano,0,agreed,True,False,True,True,False,True,True
gainesville:34241,34241,35,full,HVylzG8nFBYKpnSC9sE7tg,True,2026-03,same pano,0,unvalidated,True,True,True,True,True,True,True
gainesville:34243,34243,35,full,c6dmCrPJQ5nMFDh50YisOw,True,2026-03,same pano,0,unvalidated,True,True,True,True,True,True,True
gainesville:34245,34245,35,full,c6dmCrPJQ5nMFDh50YisOw,True,2026-03,same pano,0,unvalidated,True,True,True,True,True,True,True
gainesville:34247,34247,35,full,S3f-7T8_9_FBSYAX5rNipQ,True,2026-03,same pano,0,unvalidated,,False,True,True,False,True,True
gainesville:34249,34249,35,full,S3f-7T8_9_FBSYAX5rNipQ,True,2026-03,same pano,0,unvalidated,True,True,True,True,True,True,True
gainesville:34250,34250,35,full,HoyLmOhWnidIE82jPNlkvA,False,2026-03,same month,0,unvalidated,True,,True,True,,True,True
gainesville:34252,34252,35,full,HoyLmOhWnidIE82jPNlkvA,False,2026-03,same month,0,unvalidated,True,,True,True,,True,True
gainesville:34253,34253,35,full,HoyLmOhWnidIE82jPNlkvA,False,2026-03,same month,0,unvalidated,,,True,True,,True,True
gainesville:34255,34255,35,full,HoyLmOhWnidIE82jPNlkvA,False,2026-03,same month,0,unvalidated,True,,True,True,,True,True
gainesville:34256,34256,35,full,S3f-7T8_9_FBSYAX5rNipQ,True,2026-03,same pano,0,unvalidated,True,True,True,True,True,True,True
gainesville:34258,34258,35,full,S3f-7T8_9_FBSYAX5rNipQ,True,2026-03,same pano,0,unvalidated,True,True,True,True,True,True,True
gainesville:34259,34259,43,full,WVsyuJXDz77hjejVJ44e3A,False,2026-03,newer than ours,-1,unvalidated,True,,True,True,,True,True
gainesville:34260,34260,35,full,WVsyuJXDz77hjejVJ44e3A,False,2026-03,newer than ours,-1,unvalidated,True,,True,True,,True,True
gainesville:34263,34263,35,full,V2oiNBUuu4QgZuEnHt2Xiw,False,2026-03,newer than ours,-1,unvalidated,True,,True,True,,True,True
gainesville:34264,34264,35,full,FuBNAMVPpY40l4uva3YdWA,False,2026-03,newer than ours,-11,unvalidated,True,,False,True,,False,True
gainesville:34266,34266,35,full,Vp2JpopAs3D1ai0QD2M4dw,True,2026-03,same pano,0,unvalidated,True,True,True,True,True,True,True
gainesville:34267,34267,35,full,KeYHqFFzHiKfpDMnQC7euw,False,2026-03,same month,0,unvalidated,True,,True,True,,True,True
gainesville:34269,34269,35,full,KeYHqFFzHiKfpDMnQC7euw,False,2026-03,same month,0,unvalidated,True,,True,True,,True,True
gainesville:34270,34270,35,full,Vp2JpopAs3D1ai0QD2M4dw,True,2026-03,same pano,0,unvalidated,True,True,True,True,True,True,True
gainesville:34273,34273,35,full,fa-wuI3keu_PN7pDXR7Z7w,True,2025-04,same pano,0,unvalidated,True,True,True,True,True,True,True
gainesville:34274,34274,35,full,fa-wuI3keu_PN7pDXR7Z7w,True,2025-04,same pano,0,unvalidated,True,True,True,True,False,False,True
gainesville:34277,34277,35,full,fa-wuI3keu_PN7pDXR7Z7w,True,2025-04,same pano,0,unvalidated,True,True,True,True,True,True,True
gainesville:34279,34279,35,full,fa-wuI3keu_PN7pDXR7Z7w,True,2025-04,same pano,0,unvalidated,True,True,True,True,True,True,True
gainesville:34281,34281,35,full,9C1--YXbSEjTgqH1Khd1kw,True,2026-03,same pano,0,unvalidated,,False,True,True,False,True,False
gainesville:34282,34282,35,full,9C1--YXbSEjTgqH1Khd1kw,True,2026-03,same pano,0,agreed,True,True,True,True,True,True,True
gainesville:34284,34284,35,full,9C1--YXbSEjTgqH1Khd1kw,True,2026-03,same pano,0,unvalidated,True,True,True,True,True,True,True
gainesville:34285,34285,35,full,9C1--YXbSEjTgqH1Khd1kw,True,2026-03,same pano,0,unvalidated,True,True,True,True,True,True,True
gainesville:34286,34286,6,full,tpXT1P1XvE6MRhetCfWN_w,True,2026-03,same pano,0,unvalidated,True,True,True,True,True,True,True
gainesville:34289,34289,35,full,tpXT1P1XvE6MRhetCfWN_w,True,2026-03,same pano,0,unvalidated,True,True,True,True,False,True,False
gainesville:34291,34291,35,full,YXKEeA7uKDYh7uVSw7bvAQ,True,2026-03,same pano,0,unvalidated,True,True,True,True,True,True,True
gainesville:34295,34295,6,full,YXKEeA7uKDYh7uVSw7bvAQ,True,2026-03,same pano,0,unvalidated,True,True,True,False,True,True,False
gainesville:34299,34299,35,full,cnvOWNHdDq5aCeQ7U549VA,True,2026-03,same pano,0,unvalidated,True,True,True,True,True,True,True
gainesville:34301,34301,35,full,cnvOWNHdDq5aCeQ7U549VA,True,2026-03,same pano,0,unvalidated,True,True,True,True,False,True,True
gainesville:34303,34303,35,full,XXZTMfmQVFcKdCKZ-htloA,True,2026-03,same pano,0,unvalidated,True,True,True,True,False,True,True
gainesville:34305,34305,35,full,XXZTMfmQVFcKdCKZ-htloA,True,2026-03,same pano,0,unvalidated,True,True,True,True,True,True,True
gainesville:34312,34312,35,full,smLXorjpTNrRlXJCKVZEhw,True,2026-03,same pano,0,unvalidated,True,True,True,True,True,True,False
gainesville:34313,34313,35,full,smLXorjpTNrRlXJCKVZEhw,True,2026-03,same pano,0,unvalidated,,True,False,True,True,False,True
gainesville:34315,34315,6,full,vNz2Lm_0maWgvYSSpXgDCg,False,2026-03,same month,0,unvalidated,True,,False,True,,False,True
gainesville:34317,34317,6,full,vNz2Lm_0maWgvYSSpXgDCg,False,2026-03,same month,0,unvalidated,True,,True,True,,True,True
gainesville:34319,34319,6,full,Ma6G3jdylxdSHydfNBIWtw,False,2026-03,same month,0,unvalidated,True,,True,True,,True,True
gainesville:34321,34321,6,full,Ma6G3jdylxdSHydfNBIWtw,False,2026-03,same month,0,unvalidated,True,,True,False,,True,False
gainesville:34322,34322,6,full,Ma6G3jdylxdSHydfNBIWtw,False,2026-03,same month,0,unvalidated,True,,True,True,,True,True
gainesville:34324,34324,35,full,yVrJ6WwmPGSqGVIehFRehQ,False,2026-02,1-18 mo older,1,unvalidated,True,,True,True,,True,True
gainesville:34325,34325,35,full,yVrJ6WwmPGSqGVIehFRehQ,False,2026-02,1-18 mo older,1,unvalidated,True,,True,True,,True,True
gainesville:34327,34327,35,full,yVrJ6WwmPGSqGVIehFRehQ,False,2026-02,1-18 mo older,1,unvalidated,True,,True,True,,True,True
gainesville:34330,34330,35,full,DxDVIt0C7fpBaG78bNjobw,False,2026-02,1-18 mo older,1,unvalidated,,,True,True,,True,True
gainesville:34332,34332,35,full,kpmb2ItiPBIYP9R99LdkJA,False,2026-02,1-18 mo older,1,unvalidated,True,,True,True,,True,True
gainesville:34333,34333,43,full,NUukYF92yhUrjYv97_hAAA,True,2026-02,same pano,0,unvalidated,True,True,False,False,True,False,False
gainesville:34335,34335,43,full,NUukYF92yhUrjYv97_hAAA,True,2026-02,same pano,0,unvalidated,True,True,True,True,True,True,True
gainesville:34337,34337,43,full,NUukYF92yhUrjYv97_hAAA,True,2026-02,same pano,0,unvalidated,True,False,True,True,False,True,True
gainesville:34339,34339,43,full,NUukYF92yhUrjYv97_hAAA,True,2026-02,same pano,0,unvalidated,True,False,False,True,False,False,True
gainesville:34340,34340,43,full,NUukYF92yhUrjYv97_hAAA,True,2026-02,same pano,0,unvalidated,True,True,True,True,True,True,True
gainesville:34342,34342,43,full,NUukYF92yhUrjYv97_hAAA,True,2026-02,same pano,0,unvalidated,True,True,True,True,True,True,False
gainesville:34343,34343,35,full,ad1WmXTQlbKoAM1kRLiWIg,False,2026-03,newer than ours,-21,unvalidated,True,,True,True,,True,True
gainesville:34345,34345,35,full,ad1WmXTQlbKoAM1kRLiWIg,False,2026-03,newer than ours,-21,unvalidated,True,,True,True,,True,True
gainesville:34348,34348,35,full,iBfrw4awpauoiCoywp9PVw,False,2026-02,1-18 mo older,1,unvalidated,True,,True,True,,True,True
gainesville:34350,34350,35,full,82XoUls3SGbdOfNqe6mwmQ,False,2026-03,newer than ours,-1,unvalidated,True,,True,True,,True,True
gainesville:34352,34352,35,full,82XoUls3SGbdOfNqe6mwmQ,False,2026-03,newer than ours,-1,unvalidated,,,True,True,,True,True
gainesville:34361,34361,35,full,ZziEQ-cR0K0ZqBTYlPsNdw,False,2026-03,newer than ours,-1,unvalidated,,,True,True,,True,True
gainesville:34362,34362,35,full,ZziEQ-cR0K0ZqBTYlPsNdw,False,2026-03,same month,0,unvalidated,True,,True,True,,True,True
gainesville:34363,34363,35,full,YY_xbPJeNwaeE-73X4HEPA,True,2026-02,same pano,0,unvalidated,True,True,True,True,True,True,True
gainesville:34365,34365,35,full,YY_xbPJeNwaeE-73X4HEPA,True,2026-02,same pano,0,unvalidated,True,True,True,True,True,True,True
gainesville:34366,34366,35,full,RPgVQHgV5QijQWSxHcQEIA,False,2026-02,1-18 mo older,1,unvalidated,True,,True,True,,True,True
gainesville:34367,34367,35,full,RPgVQHgV5QijQWSxHcQEIA,False,2026-02,1-18 mo older,1,unvalidated,True,,True,True,,True,True
gainesville:34371,34371,35,full,GMlbVksP5Ej4is1Qr1ZWpA,False,2026-02,1-18 mo older,1,unvalidated,False,,True,True,,False,True
gainesville:34373,34373,35,full,GMlbVksP5Ej4is1Qr1ZWpA,False,2026-02,1-18 mo older,1,unvalidated,True,,True,True,,True,True
gainesville:34374,34374,35,full,d8_BmESOFQ0khF42FNXJMw,False,2026-02,1-18 mo older,1,unvalidated,,,True,True,,True,False
gainesville:34375,34375,35,full,d8_BmESOFQ0khF42FNXJMw,False,2026-02,1-18 mo older,1,unvalidated,,,True,True,,True,True
gainesville:34376,34376,35,full,f0j0jLgxQFkjqsGV945oaw,False,2026-02,1-18 mo older,1,unvalidated,True,,True,True,,True,True
gainesville:34377,34377,35,full,f0j0jLgxQFkjqsGV945oaw,False,2026-02,1-18 mo older,1,unvalidated,True,,True,True,,True,True
gainesville:34379,34379,35,full,RA-NsyqRHVKN7eMmr1RWMQ,False,2026-02,1-18 mo older,1,unvalidated,True,,True,True,,True,True
gainesville:34380,34380,35,full,RA-NsyqRHVKN7eMmr1RWMQ,False,2026-02,1-18 mo older,1,unvalidated,,,True,True,,True,True
gainesville:34381,34381,35,full,Uu7tDRukX8hsZdqpatm_lw,False,2026-02,1-18 mo older,1,unvalidated,,,True,True,,True,True
gainesville:34382,34382,35,full,Uu7tDRukX8hsZdqpatm_lw,False,2026-02,1-18 mo older,1,unvalidated,True,,True,True,,True,True
gainesville:34387,34387,35,full,_x7ZT1ks0XisWCJwPevOAA,False,2026-02,1-18 mo older,1,unvalidated,True,,True,True,,True,True
gainesville:34389,34389,35,full,Opf1bE4knh_wh8KOBQ8isQ,False,2026-03,same month,0,agreed,True,,True,True,,True,True
gainesville:34391,34391,35,full,Opf1bE4knh_wh8KOBQ8isQ,False,2026-03,same month,0,unvalidated,True,,True,True,,True,True
gainesville:34392,34392,35,full,p_EA7AoeBTCwFQlYr2sRMA,False,2026-03,same month,0,unvalidated,True,,True,True,,True,True
gainesville:34394,34394,35,full,p_EA7AoeBTCwFQlYr2sRMA,False,2026-03,same month,0,unvalidated,True,,True,True,,True,True
gainesville:34395,34395,35,full,SN4Q1qFAd_FvZin3tyARQA,True,2026-03,same pano,0,unvalidated,True,True,True,True,True,True,True
gainesville:34397,34397,35,full,SN4Q1qFAd_FvZin3tyARQA,True,2026-03,same pano,0,unvalidated,True,True,True,True,True,True,True
gainesville:34398,34398,35,full,NIcP5liW8NF4etEWoDbEGQ,False,2026-02,1-18 mo older,1,unvalidated,,,True,True,,False,False
gainesville:34400,34400,35,full,NIcP5liW8NF4etEWoDbEGQ,False,2026-02,1-18 mo older,1,unvalidated,,,True,True,,True,True
gainesville:34401,34401,35,full,k_2E0ppd1HR5z1wV5MFLXw,False,2026-02,1-18 mo older,1,unvalidated,True,,True,True,,False,False
gainesville:34403,34403,35,full,RekDDSPa4f-M0Sd_q1Nuhg,False,2026-02,1-18 mo older,1,unvalidated,,,True,True,,True,True
gainesville:34404,34404,35,full,RekDDSPa4f-M0Sd_q1Nuhg,False,2026-02,same month,0,unvalidated,,,True,True,,True,True
gainesville:34406,34406,35,full,RekDDSPa4f-M0Sd_q1Nuhg,False,2026-02,same month,0,unvalidated,True,,True,True,,True,True
gainesville:34407,34407,35,full,RekDDSPa4f-M0Sd_q1Nuhg,False,2026-02,1-18 mo older,1,unvalidated,True,,True,True,,True,True
gainesville:34408,34408,35,full,plFJ3k6MOKr5y7RSAOi34w,False,2026-03,same month,0,unvalidated,,,True,True,,True,True
gainesville:34409,34409,35,full,plFJ3k6MOKr5y7RSAOi34w,False,2026-03,newer than ours,-1,unvalidated,True,,True,True,,True,True
gainesville:34411,34411,35,full,vclBIiYLVqvwBkl4oRq-WQ,False,2026-02,1-18 mo older,1,unvalidated,True,,True,True,,True,True
gainesville:34413,34413,35,full,OtSyUkoD-Kd5DhlN_DZcuA,True,2026-03,same pano,0,unvalidated,True,True,True,True,True,True,True
gainesville:34415,34415,35,full,OtSyUkoD-Kd5DhlN_DZcuA,True,2026-03,same pano,0,unvalidated,True,True,True,True,True,True,True
gainesville:34416,34416,35,full,DqZYY6-3jvDivQmiVBO62A,False,2026-03,newer than ours,-1,unvalidated,,,True,True,,True,True
gainesville:34418,34418,35,full,DqZYY6-3jvDivQmiVBO62A,False,2026-03,newer than ours,-1,unvalidated,True,,True,True,,True,True
gainesville:34419,34419,35,full,SAUziJtBSVPxlaTLwG3L9g,True,2026-02,same pano,0,unvalidated,,True,True,True,True,True,True
gainesville:34420,34420,35,full,SAUziJtBSVPxlaTLwG3L9g,True,2026-02,same pano,0,unvalidated,True,True,True,True,True,True,True
gainesville:34421,34421,35,full,SAUziJtBSVPxlaTLwG3L9g,True,2026-02,same pano,0,unvalidated,True,False,True,True,False,True,True
gainesville:34422,34422,35,full,SAUziJtBSVPxlaTLwG3L9g,True,2026-02,same pano,0,unvalidated,True,True,True,True,True,True,True
gainesville:34423,34423,35,full,ysQdynYGI_Ca2jSf5yljzQ,True,2026-03,same pano,0,unvalidated,True,False,True,True,False,False,False
gainesville:34424,34424,35,full,ysQdynYGI_Ca2jSf5yljzQ,True,2026-03,same pano,0,unvalidated,True,False,True,True,False,True,True
gainesville:34425,34425,35,full,ysQdynYGI_Ca2jSf5yljzQ,True,2026-03,same pano,0,unvalidated,True,True,True,True,True,True,True
gainesville:34426,34426,57,full,VCJ3tDg9wVt78gamp0sUOQ,True,2026-02,same pano,0,unvalidated,True,True,True,True,True,True,True
gainesville:34428,34428,57,full,QIdiSbQI2Nj6uV5uS1QyxQ,True,2026-02,same pano,0,unvalidated,True,True,True,True,True,True,True
gainesville:34429,34429,57,full,CHySAzn0--dBbaDR8Fml8g,False,2025-04,1-18 mo older,10,unvalidated,True,,False,False,,False,False
gainesville:34434,34434,54,full,H1x-eRUW1gXspKZOMeGr0Q,False,2025-04,1-18 mo older,10,unvalidated,True,,True,False,,True,False
gainesville:34438,34438,54,full,ltZnH2GEgduSgHuWfBp-Hw,True,2026-02,same pano,0,unvalidated,True,False,False,True,False,False,True
gainesville:34439,34439,54,full,ltZnH2GEgduSgHuWfBp-Hw,True,2026-02,same pano,0,unvalidated,True,False,True,True,False,True,True
gainesville:34444,34444,57,full,IR1TMBciqooM0_02wBJEgg,True,2026-02,same pano,0,unvalidated,True,True,True,True,True,True,True
gainesville:34445,34445,57,full,nyUu8npAt-H8nAtfT2U2Ng,False,2026-02,same month,0,unvalidated,True,,True,True,,True,True
gainesville:34446,34446,54,full,_S4qQHgtWy0X_IsKGElF2Q,False,2026-02,same month,0,unvalidated,True,,True,True,,True,True
gainesville:34451,34451,57,full,6ngnFpWzVK6kW-YEpDX9DA,False,2025-04,1-18 mo older,10,unvalidated,True,,False,False,,False,False
gainesville:34452,34452,57,full,oy9-zvRfnhtOVctlHmRMvQ,True,2024-06,same pano,0,unvalidated,True,True,True,True,True,True,True
gainesville:34454,34454,57,full,oy9-zvRfnhtOVctlHmRMvQ,True,2024-06,same pano,0,unvalidated,True,True,True,True,True,True,True
gainesville:34484,34484,35,full,7XCeFSWumKjy5b3FNpMUUg,False,2026-02,same month,0,agreed,True,,True,True,,True,True
gainesville:34485,34485,35,full,7XCeFSWumKjy5b3FNpMUUg,False,2026-02,same month,0,agreed,True,,True,True,,False,False
gainesville:34486,34486,35,full,7XCeFSWumKjy5b3FNpMUUg,False,2026-02,same month,0,agreed,True,,True,True,,True,True
gainesville:34488,34488,35,full,dU1_tBa0L0ULkkAOxMkGPQ,False,2026-02,same month,0,agreed,True,,True,True,,False,False
gainesville:34490,34490,35,full,dU1_tBa0L0ULkkAOxMkGPQ,False,2026-02,same month,0,unvalidated,True,,True,True,,True,True
gainesville:34491,34491,35,full,uFPELdynnDhjVsooCfrWDQ,False,2026-02,same month,0,agreed,True,,True,True,,True,True
gainesville:34492,34492,35,full,uFPELdynnDhjVsooCfrWDQ,False,2026-02,newer than ours,-20,agreed,True,,True,True,,True,False
gainesville:34496,34496,35,full,rKZZFAejCFUn_t20293lhw,True,2026-02,same pano,0,agreed,True,True,True,True,True,True,True
gainesville:34498,34498,35,full,H-VoD9ZgVotLxtXb2pRj1w,True,2026-02,same pano,0,agreed,True,False,True,True,False,True,True
gainesville:34500,34500,35,full,tUhSqhA9OoXHaBgktozv1Q,True,2026-02,same pano,0,agreed,True,True,True,True,True,True,True
gainesville:34501,34501,35,full,tUhSqhA9OoXHaBgktozv1Q,True,2026-02,same pano,0,agreed,True,True,False,True,True,False,False
gainesville:34502,34502,35,full,YwQT2MYpFxsFQWlHQdkeQg,False,2019-07,newer than ours,-29,agreed,True,,True,True,,True,True
gainesville:34503,34503,35,full,YwQT2MYpFxsFQWlHQdkeQg,False,2019-07,newer than ours,-29,agreed,True,,False,False,,False,False
gainesville:34512,34512,35,full,HMTjYnnVmUb6O0OLP6lImw,True,2026-02,same pano,0,unvalidated,,True,True,True,True,True,True
gainesville:34513,34513,35,full,HMTjYnnVmUb6O0OLP6lImw,True,2026-02,same pano,0,unvalidated,True,True,True,True,True,True,True
gainesville:34518,34518,35,full,_4m5ZmGfNWLt-BUtjd-ahA,False,2026-02,same month,0,unvalidated,True,,True,True,,True,True
gainesville:34521,34521,35,full,_4m5ZmGfNWLt-BUtjd-ahA,False,2026-02,same month,0,unvalidated,True,,True,True,,True,True
gainesville:34522,34522,48,full,8okzHbKoGHvX5fojc_dUdQ,False,2026-03,same month,0,unvalidated,True,,True,True,,True,True
gainesville:34524,34524,48,full,8okzHbKoGHvX5fojc_dUdQ,False,2026-03,same month,0,unvalidated,True,,True,True,,True,True
gainesville:34525,34525,35,full,o3tv1-mvHWy2PB4EbRJXsw,False,2016-07,newer than ours,-17,unvalidated,True,,True,True,,True,True
gainesville:34526,34526,35,full,tPXvWx3KTVivFkfLapigTA,False,2016-07,newer than ours,-17,unvalidated,True,,True,True,,True,True
gainesville:34528,34528,35,full,1ZuFMhf1CO8c_lNFc036bQ,False,2016-07,newer than ours,-17,unvalidated,True,,True,True,,True,True
gainesville:34530,34530,35,full,1ZuFMhf1CO8c_lNFc036bQ,False,2016-07,newer than ours,-17,unvalidated,True,,True,True,,True,True
gainesville:34531,34531,35,full,PfqmW6Mn9ZDhQB9rv4q5Hw,False,2026-02,same month,0,unvalidated,True,,True,True,,True,True
gainesville:34541,34541,35,full,qoVH8_-USuTZoCG6wqKNpQ,True,2026-02,same pano,0,unvalidated,True,True,True,True,True,True,True
gainesville:34544,34544,35,full,2h0PKk2VE2MJciDK7ijC_w,True,2026-02,same pano,0,unvalidated,True,True,True,False,True,True,False
gainesville:34546,34546,35,full,2h0PKk2VE2MJciDK7ijC_w,True,2026-02,same pano,0,unvalidated,True,True,True,False,True,True,False
gainesville:34547,34547,35,full,YtZaT3QjdqoBkaIWrFOOqw,True,2026-02,same pano,0,unvalidated,True,True,True,True,True,True,True
gainesville:34549,34549,35,full,YtZaT3QjdqoBkaIWrFOOqw,True,2026-02,same pano,0,unvalidated,True,True,True,True,True,True,True
gainesville:34551,34551,35,full,YtZaT3QjdqoBkaIWrFOOqw,True,2026-02,same pano,0,unvalidated,True,True,True,True,True,True,True
gainesville:34553,34553,35,full,YtZaT3QjdqoBkaIWrFOOqw,True,2026-02,same pano,0,unvalidated,True,True,True,True,True,True,True
gainesville:34564,34564,35,full,Yb3VU4XUN1PWAcByhpQQXQ,True,2026-02,same pano,0,agreed,True,True,True,True,True,True,True
gainesville:34566,34566,35,full,Yb3VU4XUN1PWAcByhpQQXQ,True,2026-02,same pano,0,unvalidated,True,True,True,True,True,True,True
gainesville:34576,34576,35,full,DaUMm9P8tcrgHiamp-Z7pQ,True,2026-02,same pano,0,unvalidated,True,True,True,True,True,True,True
gainesville:34577,34577,35,full,6m5jn5kvNlpbHMu_xTr9PQ,True,2026-02,same pano,0,agreed,True,True,True,True,False,True,True
gainesville:34580,34580,35,full,CeT7aq712djam6iy7R9N7Q,True,2026-02,same pano,0,unvalidated,True,False,True,True,False,False,False
gainesville:34581,34581,35,full,Aoj7Zrk7ZSRmAm9xpqWlIA,True,2026-02,same pano,0,unvalidated,True,True,True,True,True,True,True
gainesville:34585,34585,35,full,H9klnsMnA8WNw2teNrtrSQ,True,2026-02,same pano,0,unvalidated,,False,True,False,False,False,False
gainesville:34587,34587,35,full,H9klnsMnA8WNw2teNrtrSQ,True,2026-02,same pano,0,unvalidated,,False,True,False,False,False,False
gainesville:34589,34589,35,full,xPAgyOdB1gGHY6iQgd1owQ,False,2026-02,same month,0,unvalidated,True,,True,True,,True,True
gainesville:34591,34591,35,full,Ec-DTYIvt9BMTakXVs-RtA,False,2026-02,1-18 mo older,1,unvalidated,True,,True,True,,True,True
gainesville:34614,34614,35,full,bcNsOc7RlDm9L9VmIGXYpg,True,2026-02,same pano,0,unvalidated,True,True,True,True,True,True,True
gainesville:34616,34616,35,full,bcNsOc7RlDm9L9VmIGXYpg,True,2026-02,same pano,0,unvalidated,True,False,True,True,False,True,False
gainesville:34617,34617,35,full,QRO-kqyiyNO0smS-bWdybQ,True,2026-03,same pano,0,unvalidated,True,True,True,True,True,True,True
gainesville:34619,34619,35,full,QRO-kqyiyNO0smS-bWdybQ,True,2026-03,same pano,0,unvalidated,True,False,True,True,False,True,True
gainesville:34620,34620,35,full,uGMNNsyyzIntD5I3CBYEeA,False,2026-03,same month,0,unvalidated,True,,True,True,,True,True
gainesville:34622,34622,35,full,uGMNNsyyzIntD5I3CBYEeA,False,2026-03,same month,0,unvalidated,True,,True,True,,True,True
gainesville:34623,34623,35,full,uGMNNsyyzIntD5I3CBYEeA,False,2026-03,same month,0,unvalidated,True,,True,True,,True,True
gainesville:34625,34625,35,full,jXSb3Qfs7GjsxioBcq_Vyw,True,2024-06,same pano,0,unvalidated,True,True,True,True,False,True,True
gainesville:34626,34626,35,full,jXSb3Qfs7GjsxioBcq_Vyw,True,2024-06,same pano,0,unvalidated,True,True,True,True,True,True,True
gainesville:34628,34628,35,full,jXSb3Qfs7GjsxioBcq_Vyw,True,2024-06,same pano,0,unvalidated,True,True,True,True,True,True,True
gainesville:34629,34629,35,full,jXSb3Qfs7GjsxioBcq_Vyw,True,2024-06,same pano,0,unvalidated,True,True,True,True,True,True,True
gainesville:34632,34632,35,full,7wUDQf1paJ9OLcqY3bKsCA,False,2026-03,newer than ours,-17,unvalidated,,,True,True,,True,True
gainesville:34634,34634,35,full,3EdTjAjwonnxRazZyznwUQ,True,2026-03,same pano,0,unvalidated,True,False,True,True,False,True,True
gainesville:34636,34636,35,full,3EdTjAjwonnxRazZyznwUQ,True,2026-03,same pano,0,unvalidated,True,True,True,True,True,True,True
gainesville:34637,34637,35,full,2sGYI5kLeV0iq49LflMYpA,True,2026-03,same pano,0,unvalidated,False,False,True,True,False,True,True
gainesville:34640,34640,35,full,R0ur5KBv0jh4oixBxf59YA,False,2023-08,same month,0,unvalidated,True,,True,True,,True,True
gainesville:34641,34641,35,full,R0ur5KBv0jh4oixBxf59YA,False,2023-08,same month,0,unvalidated,True,,True,True,,True,True
gainesville:34647,34647,35,full,3lAocsa4U-Uu3s4JuVxWaw,True,2026-02,same pano,0,unvalidated,True,True,True,True,False,True,True
gainesville:34650,34650,35,full,3lAocsa4U-Uu3s4JuVxWaw,True,2026-02,same pano,0,unvalidated,True,True,True,True,True,True,True
gainesville:34652,34652,35,full,pCTlTIWT-UbEMUKD9tYqdA,False,2026-03,newer than ours,-31,unvalidated,True,,False,False,,False,False
gainesville:34654,34654,35,full,s3zY_ro3LuRzLQYsrKknqw,True,2026-02,same pano,0,unvalidated,True,True,True,True,True,True,True
gainesville:34655,34655,35,full,s3zY_ro3LuRzLQYsrKknqw,True,2026-02,same pano,0,unvalidated,,False,True,True,False,True,True
gainesville:34656,34656,35,full,rih1LtxfgMF97QbjxiWLmA,False,2026-03,same month,0,unvalidated,False,,True,False,,True,False
gainesville:34657,34657,35,full,rih1LtxfgMF97QbjxiWLmA,False,2026-03,same month,0,unvalidated,True,,True,True,,True,True
gainesville:34658,34658,48,full,jbN98YlsVra1Uh_36_1Qrw,False,2026-02,1-18 mo older,1,unvalidated,True,,True,True,,True,False
gainesville:34660,34660,48,full,jbN98YlsVra1Uh_36_1Qrw,False,2026-02,1-18 mo older,1,unvalidated,True,,True,True,,False,True
gainesville:34661,34661,48,full,gttsomzOygzgvhM6uv0Nzw,False,2026-03,same month,0,unvalidated,,,True,True,,True,True
gainesville:34663,34663,35,full,gttsomzOygzgvhM6uv0Nzw,False,2026-03,same month,0,unvalidated,,,True,True,,False,True
gainesville:34664,34664,35,full,gttsomzOygzgvhM6uv0Nzw,False,2026-03,same month,0,unvalidated,True,,False,False,,False,False
gainesville:34668,34668,35,full,5Yj_L3bSxc5VmhQhWF9fCw,True,2026-02,same pano,0,unvalidated,True,True,True,True,True,True,True
gainesville:34670,34670,35,full,U-Jt9oj5fTwvmCtiekhdMw,True,2024-06,same pano,0,unvalidated,True,False,True,True,False,True,True
gainesville:34673,34673,35,full,Gkspm7N663pK0QKfU_HRBA,True,2025-04,same pano,0,unvalidated,True,True,True,True,True,True,True
gainesville:34675,34675,35,full,Gkspm7N663pK0QKfU_HRBA,True,2025-04,same pano,0,unvalidated,True,True,True,True,True,True,True
gainesville:34677,34677,35,full,5Yj_L3bSxc5VmhQhWF9fCw,True,2026-02,same pano,0,unvalidated,True,True,True,True,True,True,True
gainesville:34679,34679,35,full,XZbttPuFau0YexhbciMMiQ,False,2026-02,same month,0,unvalidated,True,,True,True,,True,True
gainesville:34681,34681,35,full,XZbttPuFau0YexhbciMMiQ,False,2026-02,same month,0,unvalidated,,,True,True,,True,True
gainesville:34682,34682,35,full,XZbttPuFau0YexhbciMMiQ,False,2026-02,newer than ours,-115,agreed,True,,True,True,,True,True
gainesville:34684,34684,35,full,XZbttPuFau0YexhbciMMiQ,False,2026-02,same month,0,unvalidated,True,,True,True,,True,True
gainesville:34685,34685,35,full,XZbttPuFau0YexhbciMMiQ,False,2026-02,same month,0,unvalidated,True,,True,True,,True,True
gainesville:34687,34687,35,full,ieeutDJy_yNMQXomTxu0Fg,True,2026-02,same pano,0,unvalidated,True,True,True,True,True,True,True
gainesville:34689,34689,35,full,CuTb_4aCe6ptzwL44YjjVw,True,2026-02,same pano,0,agreed,True,True,True,True,True,True,True
gainesville:34693,34693,35,full,pWZCAIGXBWxSEfuIgqslEA,True,2015-02,same pano,0,unvalidated,True,True,True,True,True,True,True
gainesville:34694,34694,35,full,pWZCAIGXBWxSEfuIgqslEA,True,2015-02,same pano,0,unvalidated,True,True,True,True,True,True,True
gainesville:34695,34695,35,full,ilesLMI1rJuuOzJk4nihkg,True,2015-02,same pano,0,unvalidated,True,True,True,True,True,True,True
gainesville:34697,34697,35,full,ilesLMI1rJuuOzJk4nihkg,True,2015-02,same pano,0,agreed,True,False,True,True,False,True,True
gainesville:34711,34711,27,full,8eiupMrhuZk56AHbK9ExGw,True,2026-04,same pano,0,unvalidated,,True,True,True,True,True,False
gainesville:34712,34712,27,full,8eiupMrhuZk56AHbK9ExGw,True,2026-04,same pano,0,unvalidated,True,True,True,True,False,False,True
gainesville:34714,34714,35,full,oGOJge86q9SSDerZDkg5Bg,True,2026-04,same pano,0,unvalidated,True,False,True,True,False,False,False
gainesville:34715,34715,35,full,oGOJge86q9SSDerZDkg5Bg,True,2026-04,same pano,0,unvalidated,True,False,False,True,False,False,True
gainesville:34716,34716,35,full,pRTi3mSuUgDyKPb_rmFyDA,True,2026-04,same pano,0,unvalidated,True,True,True,True,True,True,True
gainesville:34718,34718,35,full,1KlixphSUTh0jln6fnDMew,True,2026-02,same pano,0,unvalidated,True,False,True,True,False,True,True
gainesville:34719,34719,35,full,-gF04VenXk18fceJ0k4rzA,True,2026-03,same pano,0,unvalidated,True,True,True,True,True,True,True
gainesville:34720,34720,35,full,g6_wv2u53Tw_Yzw54p3cAw,True,2026-03,same pano,0,unvalidated,True,True,True,True,True,True,True
gainesville:34722,34722,35,full,xS7pM-RbaLZ64hC4E-1T5Q,True,2026-02,same pano,0,unvalidated,True,True,True,True,True,True,True
gainesville:34723,34723,35,full,xS7pM-RbaLZ64hC4E-1T5Q,True,2026-02,same pano,0,unvalidated,True,True,True,True,True,True,True
gainesville:34725,34725,35,full,N-lvY_areqQcbz5CtB8e4w,True,2026-02,same pano,0,unvalidated,True,False,True,True,False,True,True
gainesville:34726,34726,35,full,lY21RKe-lDYkjxy4IZXJzg,True,2026-02,same pano,0,unvalidated,True,True,True,True,True,True,True
gainesville:34727,34727,35,full,wGmSJNqgIRLcVusv92vl3g,True,2026-02,same pano,0,unvalidated,True,True,True,True,True,True,True
gainesville:34728,34728,35,full,wGmSJNqgIRLcVusv92vl3g,True,2026-02,same pano,0,unvalidated,,True,True,True,True,True,True
gainesville:34730,34730,35,full,AQcIoU2UGdIJhbZU6qlWzw,True,2026-02,same pano,0,unvalidated,True,True,True,True,True,True,True
gainesville:34734,34734,35,full,zuyC4NhTzrqiv4QVGOaFsw,True,2026-02,same pano,0,unvalidated,True,True,True,True,False,True,True
gainesville:34738,34738,35,full,ymNkimC4_--UC319_Nt_bA,True,2026-02,same pano,0,unvalidated,True,True,True,True,True,True,True
gainesville:34741,34741,35,full,zuyC4NhTzrqiv4QVGOaFsw,True,2026-02,same pano,0,unvalidated,True,True,True,True,True,True,True
gainesville:34744,34744,35,full,bseUuCGkKBou6fzgqqfaeQ,True,2026-04,same pano,0,unvalidated,True,True,True,True,True,True,True
gainesville:34745,34745,35,full,bseUuCGkKBou6fzgqqfaeQ,True,2026-04,same pano,0,unvalidated,,True,True,True,True,True,True
gainesville:34748,34748,35,full,UrIIaN0_GatdGEaYZMmRYg,True,2026-04,same pano,0,unvalidated,True,False,False,True,False,False,True
gainesville:34749,34749,35,full,UrIIaN0_GatdGEaYZMmRYg,True,2026-04,same pano,0,unvalidated,True,True,True,True,True,False,True
gainesville:34750,34750,35,full,UrIIaN0_GatdGEaYZMmRYg,True,2026-04,same pano,0,unvalidated,True,True,True,True,True,True,True
gainesville:34751,34751,35,full,UrIIaN0_GatdGEaYZMmRYg,True,2026-04,same pano,0,unvalidated,True,True,True,True,True,True,True
gainesville:34754,34754,35,full,q3RofRj5gnrrNie-8J54CA,True,2026-02,same pano,0,unvalidated,True,True,True,True,True,True,True
gainesville:34756,34756,35,full,q3RofRj5gnrrNie-8J54CA,True,2026-02,same pano,0,unvalidated,True,True,True,True,True,True,True
gainesville:34763,34763,35,full,fc-5QnHh8jWUHElL7yuPxA,True,2026-02,same pano,0,unvalidated,True,False,True,True,False,True,True
gainesville:34766,34766,35,full,EgCocormBdX05woJ8RKqww,True,2026-02,same pano,0,unvalidated,True,True,True,True,True,True,True
gainesville:34767,34767,35,full,EgCocormBdX05woJ8RKqww,True,2026-02,same pano,0,agreed,True,False,True,True,False,False,False
gainesville:34770,34770,35,full,6vrQORBmZ1JmbO-89o59rg,True,2026-02,same pano,0,unvalidated,True,True,False,True,False,False,False
gainesville:34771,34771,35,full,6vrQORBmZ1JmbO-89o59rg,True,2026-02,same pano,0,unvalidated,True,True,True,False,True,True,False
gainesville:34772,34772,35,full,4fSN_IZmMHHkm5aYpzRLkg,True,2026-02,same pano,0,unvalidated,True,True,True,True,True,True,True
gainesville:34774,34774,35,full,4fSN_IZmMHHkm5aYpzRLkg,True,2026-02,same pano,0,unvalidated,True,True,True,True,True,True,True
gainesville:34778,34778,35,full,-oi_rqtu89i3E_m-WNi5yA,True,2026-02,same pano,0,unvalidated,True,True,True,True,True,True,True
gainesville:34779,34779,35,full,-oi_rqtu89i3E_m-WNi5yA,True,2026-02,same pano,0,unvalidated,True,True,True,True,True,True,True
gainesville:34781,34781,35,full,YbnH12-ZC1vIJHOoImiOXQ,True,2026-02,same pano,0,unvalidated,True,True,True,True,False,True,True
gainesville:34783,34783,35,full,YbnH12-ZC1vIJHOoImiOXQ,True,2026-02,same pano,0,unvalidated,True,True,True,True,False,True,True
gainesville:34784,34784,35,full,FpU1CUPgR5hQvGrXn-5NPQ,True,2026-04,same pano,0,unvalidated,True,True,True,True,True,True,True
gainesville:34788,34788,35,full,FpU1CUPgR5hQvGrXn-5NPQ,True,2026-04,same pano,0,agreed,True,True,True,True,True,True,True
gainesville:34789,34789,35,full,IMSiqNkgQdeREAaMcSwIAg,True,2026-04,same pano,0,unvalidated,True,True,True,True,True,True,True
gainesville:34791,34791,35,full,IMSiqNkgQdeREAaMcSwIAg,True,2026-04,same pano,0,unvalidated,True,True,True,True,True,True,True
gainesville:34800,34800,35,full,wytjzc00vnsEbGFusYLt-A,True,2026-02,same pano,0,unvalidated,True,True,True,True,True,True,True
gainesville:34801,34801,35,full,wytjzc00vnsEbGFusYLt-A,True,2026-02,same pano,0,unvalidated,,True,True,True,False,True,True
gainesville:34804,34804,27,full,sICj5avUY2Ud_myxwHG1rQ,True,2026-02,same pano,0,unvalidated,True,False,True,True,False,True,False
gainesville:34805,34805,27,full,sICj5avUY2Ud_myxwHG1rQ,True,2026-02,same pano,0,unvalidated,True,False,True,True,False,False,False
gainesville:34808,34808,35,full,brN8t_KF72f0USAqS9akGw,True,2026-02,same pano,0,unvalidated,True,True,True,True,True,True,False
gainesville:34809,34809,35,full,brN8t_KF72f0USAqS9akGw,True,2026-02,same pano,0,unvalidated,True,False,False,False,False,True,False
gainesville:34811,34811,27,full,ieln1N6D5CKNoo4KgddbZQ,True,2026-03,same pano,0,unvalidated,True,False,True,False,False,True,False
gainesville:34812,34812,27,full,ieln1N6D5CKNoo4KgddbZQ,True,2026-03,same pano,0,unvalidated,True,False,True,True,False,True,True
gainesville:34814,34814,35,full,Ve42WeWHaoNPpjBQmYQ4ag,True,2026-02,same pano,0,unvalidated,True,False,False,False,False,False,False
gainesville:34815,34815,27,full,Ve42WeWHaoNPpjBQmYQ4ag,True,2026-02,same pano,0,unvalidated,True,False,False,False,False,False,False
gainesville:34816,34816,35,full,F6Nb9c9OrvS4IPr33ax-LA,True,2026-02,same pano,0,unvalidated,True,False,False,False,False,False,False
gainesville:34818,34818,35,full,F6Nb9c9OrvS4IPr33ax-LA,True,2026-02,same pano,0,unvalidated,True,False,True,False,False,False,False
gainesville:34820,34820,35,full,oZJyM4OrkUKWJANf7wNPQQ,True,2026-03,same pano,0,unvalidated,True,True,True,True,True,True,True
gainesville:34847,34847,26,full,KI_ks43p-sXjUV1QI-KhKQ,True,2025-04,same pano,0,unvalidated,True,True,False,False,True,False,False
gainesville:34849,34849,26,full,ZisNkD6fffUuE2lhcLetsg,True,2025-04,same pano,0,unvalidated,True,True,False,True,True,False,True
gainesville:34860,34860,35,full,aBUhILhDz4_6-N86LAs9Ww,False,2026-03,newer than ours,-17,unvalidated,True,,True,True,,True,False
gainesville:34861,34861,35,full,C6H-qA8-pzdeO4XPRKVoeg,False,2026-03,same month,0,unvalidated,True,,False,True,,False,True
gainesville:34862,34862,35,full,C6H-qA8-pzdeO4XPRKVoeg,False,2026-03,newer than ours,-17,unvalidated,True,,True,True,,True,False
gainesville:34865,34865,8,full,8GgsfqegkalpGjPDj-dKZw,False,2024-06,same month,0,unvalidated,,,False,False,,False,False
gainesville:34866,34866,35,full,8GgsfqegkalpGjPDj-dKZw,False,2024-06,same month,0,agreed,True,,False,False,,False,False
gainesville:34867,34867,48,full,Anmgtct_lMOn0KeRdLG8TA,False,2026-03,same month,0,unvalidated,True,,True,False,,True,False
gainesville:34869,34869,35,full,Anmgtct_lMOn0KeRdLG8TA,False,2026-03,same month,0,unvalidated,True,,True,True,,True,True
gainesville:34871,34871,35,full,vkY7EE9GcPQhnuW6y6g4bA,False,2026-03,same month,0,agreed,True,,True,False,,True,True
gainesville:34873,34873,35,full,vkY7EE9GcPQhnuW6y6g4bA,False,2026-03,same month,0,unvalidated,True,,True,True,,True,True
gainesville:34874,34874,35,full,vb8PzpxLkSO5cH71zAA6Ag,False,2026-03,same month,0,unvalidated,True,,True,True,,True,False
gainesville:34875,34875,35,full,vb8PzpxLkSO5cH71zAA6Ag,False,2026-03,same month,0,unvalidated,True,,True,True,,True,True
gainesville:34876,34876,35,full,aBQSsuJjU_cTu6NpTp0-Sw,False,2026-03,same month,0,unvalidated,True,,True,True,,True,True
gainesville:34877,34877,35,full,KE5dZD3I4lbPYN3nLMZAfA,False,2026-03,same month,0,unvalidated,True,,True,True,,True,True
gainesville:34880,34880,35,full,LbFUNXhF7u-vjDVSwApX0g,False,2026-03,same month,0,unvalidated,True,,True,True,,True,True
gainesville:34882,34882,35,full,tAq-4XV4dQBP2lu9eJn1Pg,False,2026-03,same month,0,unvalidated,True,,True,True,,True,True
gainesville:34883,34883,35,full,Lwxf98hy3hfo4tLaIBibwg,False,2026-03,same month,0,unvalidated,True,,True,True,,True,True
gainesville:34884,34884,35,full,Lwxf98hy3hfo4tLaIBibwg,False,2026-03,same month,0,unvalidated,True,,True,True,,True,True
gainesville:34885,34885,35,full,m0_aYiryt8lDTsPk5VzMzg,False,2026-03,same month,0,unvalidated,,,True,True,,True,True
gainesville:34887,34887,35,full,m0_aYiryt8lDTsPk5VzMzg,False,2026-03,same month,0,unvalidated,,,True,True,,True,True
gainesville:34888,34888,35,full,m0_aYiryt8lDTsPk5VzMzg,False,2026-03,newer than ours,-17,unvalidated,True,,True,True,,True,True
gainesville:34890,34890,35,full,m0_aYiryt8lDTsPk5VzMzg,False,2026-03,newer than ours,-17,unvalidated,True,,True,True,,True,True
gainesville:34891,34891,35,full,hFGhAO6-bAJ1izuBeFK2nA,False,2026-03,same month,0,unvalidated,True,,True,True,,True,True
gainesville:34892,34892,35,full,hFGhAO6-bAJ1izuBeFK2nA,False,2026-03,same month,0,unvalidated,False,,True,True,,True,True
gainesville:34894,34894,35,full,OSf9POpxOHGAyhrvASXuBA,False,2026-03,same month,0,agreed,True,,True,True,,True,True
gainesville:34895,34895,35,full,L0zz8nX3V231_9V5WzjDHw,False,2026-03,same month,0,unvalidated,,,True,True,,True,True
gainesville:34906,34906,35,full,8Dtf_e4otJNtf6xlHddNMg,False,2026-03,same month,0,unvalidated,True,,True,True,,True,True
gainesville:34908,34908,35,full,8Dtf_e4otJNtf6xlHddNMg,False,2026-03,same month,0,unvalidated,True,,True,True,,True,True
gainesville:34909,34909,35,full,XzTVXnfE86r9M-yFw6gTNA,False,2026-03,same month,0,unvalidated,True,,False,False,,False,False
gainesville:34911,34911,35,full,yQT9do-9t_dD0GcYgouNJw,False,2026-03,same month,0,unvalidated,True,,False,False,,False,False
gainesville:34915,34915,35,full,w8yqk2eFDqnNAwc5sh38Mg,False,2026-03,same month,0,unvalidated,True,,True,True,,True,True
gainesville:34916,34916,35,full,w8yqk2eFDqnNAwc5sh38Mg,False,2026-03,same month,0,unvalidated,True,,True,True,,True,True
gainesville:34918,34918,35,full,w8yqk2eFDqnNAwc5sh38Mg,False,2026-03,same month,0,unvalidated,True,,True,True,,True,True
gainesville:34919,34919,35,full,w8yqk2eFDqnNAwc5sh38Mg,False,2026-03,same month,0,unvalidated,True,,True,True,,True,True
gainesville:34924,34924,35,full,pB8pl4P-ahT0Oo6gX51smQ,False,2026-03,same month,0,unvalidated,True,,True,True,,True,True
gainesville:34927,34927,42,full,ubgROrNot8H3MnWjnuTDPg,True,2026-03,same pano,0,unvalidated,True,True,True,True,True,True,True
gainesville:34928,34928,42,full,pMJWrfaq8JG3Tk_aShtq-w,True,2026-03,same pano,0,unvalidated,True,True,True,True,True,True,False
gainesville:34929,34929,35,full,o5zkzHetTu52fl1dGY61ZA,True,2026-03,same pano,0,unvalidated,True,True,True,True,True,False,True
gainesville:34933,34933,35,full,lLyyja12Y37e4mEvV6NQVg,False,2007-12,>36 mo older,219,unvalidated,True,,False,True,,False,False
gainesville:34934,34934,35,full,lLyyja12Y37e4mEvV6NQVg,False,2007-12,>36 mo older,219,unvalidated,True,,True,False,,True,False
gainesville:34940,34940,35,full,pMJWrfaq8JG3Tk_aShtq-w,True,2026-03,same pano,0,unvalidated,True,False,False,False,False,False,False
gainesville:34942,34942,42,full,hvKeopUmmANG6Y3m43K4WQ,True,2026-03,same pano,0,unvalidated,True,False,True,True,False,True,True
gainesville:34943,34943,42,full,UgNFRGjNVdoj7yhu3-J7wA,True,2026-03,same pano,0,unvalidated,True,True,True,False,True,True,False
gainesville:34944,34944,35,full,akPKkLHEruKZ6C64rnlDxA,True,2026-03,same pano,0,unvalidated,True,True,True,False,False,True,False
gainesville:34946,34946,35,full,akPKkLHEruKZ6C64rnlDxA,True,2026-03,same pano,0,unvalidated,True,True,True,True,True,True,False
gainesville:34952,34952,35,full,8iS-tVvzYjBPQjgpm-SH8w,True,2026-03,same pano,0,unvalidated,True,True,True,True,True,True,True
gainesville:34953,34953,35,full,FVjschsliJFRabMzal5_4w,True,2026-03,same pano,0,unvalidated,False,False,False,False,False,False,False
gainesville:34973,34973,35,full,GoSE0sue9qBnBSOPELr6yw,True,2026-03,same pano,0,unvalidated,True,True,True,True,True,True,True
gainesville:34974,34974,35,full,GoSE0sue9qBnBSOPELr6yw,True,2026-03,same pano,0,unvalidated,True,True,True,True,True,True,True
gainesville:34976,34976,35,full,1ZaFCtPfwmvrrmAT_qD1JA,True,2026-03,same pano,0,unvalidated,True,True,True,True,True,True,True
gainesville:34977,34977,35,full,1ZaFCtPfwmvrrmAT_qD1JA,True,2026-03,same pano,0,unvalidated,True,True,True,True,True,True,True
gainesville:34979,34979,35,full,H-VoD9ZgVotLxtXb2pRj1w,True,2026-02,same pano,0,unvalidated,True,True,True,True,True,True,True
gainesville:34981,34981,35,full,itI1Ydvz1r_oP-DUQUaUdQ,True,2026-02,same pano,0,unvalidated,True,True,True,True,True,True,True
gainesville:34983,34983,35,full,uFPELdynnDhjVsooCfrWDQ,False,2026-02,same month,0,agreed,True,,True,True,,True,True
gainesville:34985,34985,35,full,541A-S1Zmba5EMf64VhPDw,True,2024-06,same pano,0,unvalidated,True,True,False,True,True,False,True
gainesville:34987,34987,35,full,LcuoNRHqWakekezZt71dFg,True,2026-02,same pano,0,unvalidated,True,False,True,True,False,True,True
gainesville:34989,34989,35,full,LcuoNRHqWakekezZt71dFg,True,2026-02,same pano,0,unvalidated,True,True,True,True,True,True,True
gainesville:34995,34995,35,full,mxd4QZXJWAgUAxgof2adSQ,True,2026-02,same pano,0,unvalidated,True,True,False,True,True,False,True
gainesville:34996,34996,35,full,mxd4QZXJWAgUAxgof2adSQ,True,2026-02,same pano,0,unvalidated,True,True,True,True,True,True,True
gainesville:34998,34998,35,full,aWLJg5_y7EJUvfMJAK621g,True,2026-02,same pano,0,unvalidated,True,False,True,False,False,True,False
gainesville:35000,35000,35,full,aWLJg5_y7EJUvfMJAK621g,True,2026-02,same pano,0,unvalidated,True,False,False,False,False,False,False
gainesville:35002,35002,27,full,H4bciFBiAVXMqd7nA9gJDw,True,2026-03,same pano,0,unvalidated,,False,False,False,False,False,False
gainesville:35003,35003,33,full,H4bciFBiAVXMqd7nA9gJDw,True,2026-03,same pano,0,unvalidated,True,True,True,False,False,True,False
gainesville:35004,35004,35,full,7SI9wXfTN5mUl0yAPuuEsw,True,2026-02,same pano,0,unvalidated,True,True,True,True,False,True,True
gainesville:35006,35006,35,full,7SI9wXfTN5mUl0yAPuuEsw,True,2026-02,same pano,0,unvalidated,True,False,True,True,False,True,True
gainesville:35008,35008,35,full,iqAE74TVcKe0243AxGt2Lg,True,2026-04,same pano,0,unvalidated,,False,False,False,False,False,False
gainesville:35009,35009,35,full,iqAE74TVcKe0243AxGt2Lg,True,2026-04,same pano,0,unvalidated,True,False,True,True,False,True,True
gainesville:35010,35010,35,full,zG8kMM449e2Z9t-UrxTq4A,True,2026-04,same pano,0,unvalidated,True,True,True,True,True,True,True
gainesville:35012,35012,35,full,XSlxwb7Imefgq0gJFG3UGA,True,2026-04,same pano,0,unvalidated,,False,True,False,False,True,False
gainesville:35015,35015,35,full,rMyWKFYc3aKrlK5RO61KuA,True,2026-02,same pano,0,unvalidated,True,True,True,True,True,True,True
gainesville:35016,35016,35,full,rMyWKFYc3aKrlK5RO61KuA,True,2026-02,same pano,0,unvalidated,True,False,True,True,False,False,False
gainesville:35017,35017,35,full,hqtp4xNzLd08P9zQgg7DcA,True,2026-04,same pano,0,unvalidated,True,True,True,True,True,True,True
gainesville:35019,35019,35,full,hqtp4xNzLd08P9zQgg7DcA,True,2026-04,same pano,0,agreed,True,True,True,True,True,True,True
gainesville:35023,35023,35,full,Gaedy05FN0KMmHk4cKbM7g,True,2026-02,same pano,0,unvalidated,True,True,True,True,True,True,True
gainesville:35024,35024,35,full,Gaedy05FN0KMmHk4cKbM7g,True,2026-02,same pano,0,unvalidated,True,True,True,True,True,True,True
gainesville:35025,35025,35,full,Gaedy05FN0KMmHk4cKbM7g,True,2026-02,same pano,0,unvalidated,True,True,True,True,True,True,True
gainesville:35026,35026,35,full,Gaedy05FN0KMmHk4cKbM7g,True,2026-02,same pano,0,unvalidated,True,True,True,True,True,True,True
gainesville:35028,35028,35,full,Riv_GWpnjTjZ_BwOlSkHbw,True,2026-02,same pano,0,unvalidated,True,True,True,True,True,True,True
gainesville:35029,35029,35,full,Riv_GWpnjTjZ_BwOlSkHbw,True,2026-02,same pano,0,unvalidated,True,False,False,True,False,True,True
gainesville:35031,35031,35,full,Qwpas2GG5mz1mxGzjMRJ5A,True,2026-02,same pano,0,unvalidated,True,False,True,True,False,False,False
gainesville:35033,35033,35,full,mIebEH6h60ThequzOmx90w,True,2024-06,same pano,0,unvalidated,True,True,True,True,True,True,True
gainesville:35046,35046,35,full,zuiStdqazH3GoawVqSTmVQ,True,2026-02,same pano,0,unvalidated,True,True,True,True,True,True,True
gainesville:35047,35047,35,full,zuiStdqazH3GoawVqSTmVQ,True,2026-02,same pano,0,unvalidated,True,True,True,True,True,True,True
gainesville:35049,35049,35,full,zuiStdqazH3GoawVqSTmVQ,True,2026-02,same pano,0,unvalidated,True,True,True,True,True,True,True
gainesville:35051,35051,35,full,UPKLU5anfHNgbOiHFmhuHQ,True,2024-06,same pano,0,unvalidated,True,True,True,True,True,True,True
gainesville:35053,35053,35,full,Jh0WddAz6DISKPs3qnNk1w,True,2026-02,same pano,0,unvalidated,True,True,True,True,True,True,True
gainesville:35054,35054,35,full,Jh0WddAz6DISKPs3qnNk1w,True,2026-02,same pano,0,unvalidated,True,True,True,True,True,True,True
gainesville:35055,35055,35,full,Jh0WddAz6DISKPs3qnNk1w,True,2026-02,same pano,0,unvalidated,True,True,True,True,True,True,True
gainesville:35057,35057,35,full,Jh0WddAz6DISKPs3qnNk1w,True,2026-02,same pano,0,unvalidated,True,True,True,True,True,True,True
gainesville:35058,35058,35,full,mNiOLIdwJrFxZ1IxNag5FA,True,2026-02,same pano,0,unvalidated,True,True,True,True,True,True,True
gainesville:35059,35059,35,full,mNiOLIdwJrFxZ1IxNag5FA,True,2026-02,same pano,0,unvalidated,True,True,True,True,True,True,True
gainesville:35061,35061,35,full,GDYpXWVwoDBlC048X4rRSw,True,2026-02,same pano,0,unvalidated,True,True,True,True,True,True,True
gainesville:35065,35065,35,full,GDYpXWVwoDBlC048X4rRSw,True,2026-02,same pano,0,unvalidated,False,False,False,False,False,False,False
gainesville:35066,35066,35,full,7eT4BMiUl1OTPX2ZBP-aag,True,2026-02,same pano,0,unvalidated,True,False,True,True,False,True,True
gainesville:35068,35068,35,full,7eT4BMiUl1OTPX2ZBP-aag,True,2026-02,same pano,0,unvalidated,True,True,True,True,True,True,True
gainesville:35069,35069,43,full,N37n6atIEvIECOtrmhsSQg,False,2026-03,same month,0,unvalidated,True,,True,False,,True,False
gainesville:35071,35071,43,full,N37n6atIEvIECOtrmhsSQg,False,2026-03,same month,0,unvalidated,True,,True,True,,False,True
gainesville:35072,35072,35,full,LTzadHX3oiLSD95hNa460A,False,2026-03,newer than ours,-1,unvalidated,True,,True,True,,True,True
gainesville:35074,35074,35,full,LTzadHX3oiLSD95hNa460A,False,2026-03,same month,0,unvalidated,,,True,True,,True,True
gainesville:35077,35077,35,full,jFvoM0n_sKEW3QvXK_lQrQ,False,2025-05,1-18 mo older,10,unvalidated,True,,True,True,,True,True
gainesville:35079,35079,35,full,jFvoM0n_sKEW3QvXK_lQrQ,False,2025-05,1-18 mo older,10,agreed,True,,False,False,,False,False
gainesville:35084,35084,43,full,szbp5PX7pCb2QCzZVkzx3A,True,2026-03,same pano,0,unvalidated,True,True,True,True,True,True,True
gainesville:35086,35086,43,full,LYk7mpWxRmTWAyJH3FoAxg,True,2026-03,same pano,0,unvalidated,True,True,True,True,False,True,True
gainesville:35090,35090,35,full,YwQT2MYpFxsFQWlHQdkeQg,False,2019-07,newer than ours,-29,unvalidated,True,,True,True,,True,True
gainesville:35091,35091,35,full,YwQT2MYpFxsFQWlHQdkeQg,False,2019-07,newer than ours,-29,unvalidated,,,False,False,,False,False
gainesville:35108,35108,35,full,d8Sv7fgnrvmpla87jgh9ig,True,2026-03,same pano,0,unvalidated,True,True,True,True,True,True,True
gainesville:35109,35109,35,full,bAx1VTqAJ2YC5ZHqUWrKiQ,False,2022-05,>36 mo older,46,unvalidated,True,,True,True,,True,True
gainesville:35112,35112,35,full,XcN8PwZMuJqg5SQy37uWZA,False,2025-01,1-18 mo older,14,unvalidated,True,,True,True,,True,True
gainesville:35113,35113,35,full,M0e-ExtrcQU8qjvEBN-KTg,False,2025-01,1-18 mo older,14,unvalidated,True,,True,True,,True,True
gainesville:35117,35117,26,full,lh4KZNE7hdB2NPm4Oo3U4Q,True,2026-03,same pano,0,unvalidated,True,False,True,False,False,False,False
gainesville:35120,35120,35,full,hBfJ76KvkDd8GVXPSnchOA,False,2024-10,1-18 mo older,17,unvalidated,True,,True,True,,True,True
gainesville:35122,35122,35,full,hBfJ76KvkDd8GVXPSnchOA,False,2024-10,1-18 mo older,17,unvalidated,True,,True,True,,True,True
gainesville:35123,35123,35,full,hBfJ76KvkDd8GVXPSnchOA,False,2024-10,1-18 mo older,17,unvalidated,True,,False,False,,False,False
gainesville:35125,35125,35,full,L8XTKI6dssqmL-9EbRzw2w,False,2024-10,1-18 mo older,16,unvalidated,True,,True,True,,True,True
gainesville:35126,35126,35,full,L8XTKI6dssqmL-9EbRzw2w,False,2024-10,1-18 mo older,16,unvalidated,False,,True,True,,True,True
gainesville:35128,35128,35,full,NcKFMkysHQtU5p8q_gWCXA,False,2026-02,1-18 mo older,1,unvalidated,True,,True,True,,True,False
gainesville:35129,35129,35,full,NcKFMkysHQtU5p8q_gWCXA,False,2026-02,1-18 mo older,1,unvalidated,True,,True,True,,True,True
gainesville:35131,35131,35,full,NcKFMkysHQtU5p8q_gWCXA,False,2026-02,1-18 mo older,1,unvalidated,True,,True,True,,True,True
gainesville:35132,35132,35,full,6CbOvA3z49IV-o7Epza6PQ,False,2026-03,same month,0,unvalidated,True,,True,True,,True,True
gainesville:35134,35134,35,full,_BXEOUFT4aQlGrSGmG_s0w,False,2026-02,1-18 mo older,1,unvalidated,,,True,True,,True,True
gainesville:35135,35135,35,full,_BXEOUFT4aQlGrSGmG_s0w,False,2026-02,1-18 mo older,1,unvalidated,False,,True,True,,True,True
gainesville:35140,35140,35,full,pijvTtkiL_IVBvV4aFQWog,True,2026-02,same pano,0,unvalidated,True,True,True,False,True,True,False
gainesville:35142,35142,43,full,pijvTtkiL_IVBvV4aFQWog,True,2026-02,same pano,0,agreed,True,True,True,True,True,True,True
gainesville:35144,35144,43,full,AD857kjzfyudfY3_-frhIw,True,2026-02,same pano,0,unvalidated,True,True,True,True,True,True,True
gainesville:35145,35145,43,full,AD857kjzfyudfY3_-frhIw,True,2026-02,same pano,0,unvalidated,True,True,True,True,True,True,True
gainesville:35146,35146,35,full,jErjYDt2yxYAejRsoZUFtQ,True,2026-02,same pano,0,unvalidated,,False,True,True,False,False,False
gainesville:35147,35147,35,full,LZqYrHUneVCHDHhw29h35A,True,2026-02,same pano,0,unvalidated,False,False,False,False,False,False,False
gainesville:35148,35148,35,full,XBTUevj30ep7jGdjGpy6Kw,True,2026-02,same pano,0,unvalidated,True,True,True,False,True,True,False
gainesville:35149,35149,43,full,XBTUevj30ep7jGdjGpy6Kw,True,2026-02,same pano,0,unvalidated,True,True,False,True,True,False,False
gainesville:35151,35151,35,full,U1dlXlomHm-kOukY7iDYNw,True,2026-02,same pano,0,unvalidated,,False,True,True,False,False,True
gainesville:35152,35152,35,full,U1dlXlomHm-kOukY7iDYNw,True,2026-02,same pano,0,unvalidated,False,False,True,False,False,False,False
gainesville:35153,35153,43,full,7W3beu7k1fTOTWACwoSLpQ,False,2026-02,same month,0,unvalidated,True,,False,False,,False,False
gainesville:35155,35155,43,full,7W3beu7k1fTOTWACwoSLpQ,False,2026-02,same month,0,unvalidated,False,,True,False,,False,False
gainesville:35156,35156,35,full,7W3beu7k1fTOTWACwoSLpQ,False,2026-02,same month,0,unvalidated,True,,True,True,,True,False
gainesville:35158,35158,35,full,7W3beu7k1fTOTWACwoSLpQ,False,2026-02,same month,0,unvalidated,True,,True,True,,True,True
gainesville:35160,35160,35,full,7W3beu7k1fTOTWACwoSLpQ,False,2026-02,same month,0,unvalidated,True,,True,True,,True,True
gainesville:35164,35164,35,full,0qZTSreE8El2Kn1fIHY5cg,True,2026-02,same pano,0,unvalidated,,True,True,False,True,False,False
gainesville:35170,35170,35,full,UIF8qwharzBWiW1SzKPoEg,True,2026-03,same pano,0,unvalidated,,True,True,False,True,True,False
gainesville:35172,35172,35,full,Q7v_ZWuNtCL7_DziXbKNEQ,True,2026-02,same pano,0,unvalidated,True,False,True,True,False,True,True
gainesville:35174,35174,43,full,Q7v_ZWuNtCL7_DziXbKNEQ,True,2026-02,same pano,0,unvalidated,True,True,True,True,True,True,True
gainesville:35175,35175,43,full,Q7v_ZWuNtCL7_DziXbKNEQ,True,2026-02,same pano,0,unvalidated,True,False,True,True,False,True,True
gainesville:35176,35176,35,full,Q7v_ZWuNtCL7_DziXbKNEQ,True,2026-02,same pano,0,unvalidated,True,True,False,True,True,False,True
gainesville:35178,35178,35,full,12-h7N3GDUqta_xCmFmMvA,False,2026-02,same month,0,unvalidated,True,,True,False,,False,False
gainesville:35179,35179,35,full,c_kMDKPCfgMKpPTShpLRdQ,True,2024-06,same pano,0,unvalidated,True,True,True,True,True,True,True
gainesville:35193,35193,35,full,BaFvfRcMEIdOcSN6UTgz3w,True,2026-03,same pano,0,unvalidated,True,True,True,True,True,True,True
gainesville:35195,35195,35,full,BaFvfRcMEIdOcSN6UTgz3w,True,2026-03,same pano,0,unvalidated,True,True,True,True,True,True,True
gainesville:35196,35196,35,full,TOyCvngD4t_G7GGx7JobTQ,True,2026-03,same pano,0,unvalidated,,True,True,True,False,True,True
gainesville:35198,35198,35,full,TOyCvngD4t_G7GGx7JobTQ,True,2026-03,same pano,0,unvalidated,,False,True,True,False,False,False
gainesville:35200,35200,35,full,YIv0ArV9Qdct_dJXZ08elA,True,2026-02,same pano,0,unvalidated,True,False,True,True,False,True,True
gainesville:35202,35202,35,full,YIv0ArV9Qdct_dJXZ08elA,True,2026-02,same pano,0,unvalidated,True,True,True,True,True,True,True
gainesville:35203,35203,35,full,YIv0ArV9Qdct_dJXZ08elA,True,2026-02,same pano,0,unvalidated,True,True,True,True,True,True,True
gainesville:35205,35205,35,full,YIv0ArV9Qdct_dJXZ08elA,True,2026-02,same pano,0,unvalidated,True,True,True,True,True,True,True
gainesville:35206,35206,35,full,YIv0ArV9Qdct_dJXZ08elA,True,2026-02,same pano,0,unvalidated,True,True,True,True,True,True,True
gainesville:35208,35208,35,full,YIv0ArV9Qdct_dJXZ08elA,True,2026-02,same pano,0,unvalidated,True,False,True,True,False,True,True
gainesville:35210,35210,43,full,IJzQoNkSZdwLnV_nObSHVQ,False,2026-02,same month,0,unvalidated,True,,True,True,,True,True
gainesville:35212,35212,43,full,IJzQoNkSZdwLnV_nObSHVQ,False,2026-02,same month,0,unvalidated,True,,True,True,,True,True
gainesville:35213,35213,43,full,IJzQoNkSZdwLnV_nObSHVQ,False,2026-02,same month,0,unvalidated,True,,False,False,,False,False
gainesville:35215,35215,43,full,IJzQoNkSZdwLnV_nObSHVQ,False,2026-02,same month,0,unvalidated,True,,True,True,,True,True
gainesville:35216,35216,35,full,iu_dvDu6kc3FrEX69e6ufQ,True,2026-02,same pano,0,unvalidated,True,True,True,True,True,True,True
gainesville:35217,35217,35,full,iu_dvDu6kc3FrEX69e6ufQ,True,2026-02,same pano,0,unvalidated,,True,True,True,True,True,True
gainesville:35219,35219,35,full,6-tNVth5ck0axWmPuKpiXg,True,2024-06,same pano,0,unvalidated,,True,True,True,True,True,True
gainesville:35223,35223,35,full,A0reUj0ApcvfXOuGXoj3_w,True,2024-06,same pano,0,unvalidated,,False,True,True,False,True,True
gainesville:35225,35225,48,full,56132vPPXLtETHvyu6EzJQ,False,2026-02,same month,0,unvalidated,True,,True,False,,True,False
gainesville:35227,35227,48,full,56132vPPXLtETHvyu6EzJQ,False,2026-02,same month,0,unvalidated,True,,True,True,,True,True
gainesville:35228,35228,48,full,VMzkeG7qR9kE1UTVOShkIw,False,2026-03,same month,0,unvalidated,True,,True,True,,False,True
gainesville:35230,35230,48,full,VMzkeG7qR9kE1UTVOShkIw,False,2026-03,same month,0,unvalidated,True,,True,False,,True,True
gainesville:35244,35244,35,full,aP05nuZgj-sZw85p-oG9Ug,True,2026-03,same pano,0,unvalidated,True,False,True,True,False,True,True
gainesville:35245,35245,35,full,aP05nuZgj-sZw85p-oG9Ug,True,2026-03,same pano,0,unvalidated,True,True,True,True,True,True,True
gainesville:35249,35249,6,full,_g_LoxZ2fONSFf3nMzMieQ,False,2026-03,same month,0,agreed,True,,False,True,,False,True
gainesville:35250,35250,35,full,_g_LoxZ2fONSFf3nMzMieQ,False,2026-03,same month,0,unvalidated,True,,True,False,,True,False
gainesville:35252,35252,35,full,_g_LoxZ2fONSFf3nMzMieQ,False,2026-03,same month,0,unvalidated,True,,True,True,,True,True
gainesville:35253,35253,6,full,_g_LoxZ2fONSFf3nMzMieQ,False,2026-03,newer than ours,-1,agreed,True,,True,False,,True,False
gainesville:35255,35255,6,full,_g_LoxZ2fONSFf3nMzMieQ,False,2026-03,newer than ours,-1,unvalidated,True,,True,False,,True,False
gainesville:35256,35256,6,full,_g_LoxZ2fONSFf3nMzMieQ,False,2026-03,same month,0,unvalidated,,,False,True,,False,True
gainesville:35258,35258,6,full,_g_LoxZ2fONSFf3nMzMieQ,False,2026-03,same month,0,unvalidated,True,,True,True,,True,True
gainesville:35259,35259,6,full,_g_LoxZ2fONSFf3nMzMieQ,False,2026-03,same month,0,unvalidated,True,,True,True,,True,True
gainesville:35260,35260,43,full,ZCrIshCMRcuJ_uu1U8NbJw,True,2026-03,same pano,0,unvalidated,True,True,True,True,True,False,True
gainesville:35261,35261,35,full,NUDRURYqWkkCfqT373nLRw,False,2026-03,same month,0,unvalidated,True,,False,True,,True,True
gainesville:35262,35262,43,full,aEtwZmzfYQqCxXSJdHs2kg,True,2026-03,same pano,0,unvalidated,True,False,True,True,False,True,True
gainesville:35265,35265,48,full,9RI5_l7TuNQNLseftljIrA,False,2026-03,newer than ours,-1,unvalidated,True,,False,False,,False,False
gainesville:35267,35267,8,full,9RI5_l7TuNQNLseftljIrA,False,2026-03,same month,0,unvalidated,True,,False,True,,False,True
gainesville:35268,35268,48,full,XNxZf3T580aZpxWew8WoeQ,False,2026-03,newer than ours,-1,agreed,True,,True,False,,True,False
gainesville:35270,35270,48,full,XNxZf3T580aZpxWew8WoeQ,False,2026-03,newer than ours,-1,unvalidated,,,False,False,,False,False
gainesville:35271,35271,48,full,XNxZf3T580aZpxWew8WoeQ,False,2026-03,newer than ours,-1,unvalidated,,,False,True,,True,False
gainesville:35273,35273,35,full,oZ8MdNhmJ7tDs-u_tQePZw,True,2026-03,same pano,0,unvalidated,True,True,False,False,True,False,False
gainesville:35275,35275,35,full,7yF_E2aJU9HQuk5Y5HY1fQ,False,2026-03,same month,0,unvalidated,True,,True,True,,True,True
gainesville:35276,35276,48,full,qgcx0PrMtN7iYh5QheQdiQ,False,2026-03,same month,0,unvalidated,False,,True,True,,True,False
gainesville:35280,35280,35,full,oiiWVAQD9yCwtt0VPodtRA,True,2026-02,same pano,0,unvalidated,True,False,True,True,False,True,True
gainesville:35281,35281,35,full,Gyg5q3OjNzqBIqzQNHf23g,True,2026-02,same pano,0,unvalidated,,True,True,True,True,True,True
gainesville:35282,35282,26,full,6Wfq7W0cHfQaCp6j6t4zRA,True,2026-03,same pano,0,unvalidated,True,False,True,True,False,False,False
gainesville:35283,35283,35,full,4dxp3fJtPRCyWZNHydC4VA,True,2026-03,same pano,0,unvalidated,True,False,False,False,False,False,False
gainesville:35287,35287,35,full,tXBhnsn79wCFbIMqnIvf7Q,True,2024-06,same pano,0,unvalidated,,True,True,True,False,True,True
gainesville:35288,35288,48,full,lKeldf1ZTHzuLTByyZGjWg,True,2024-06,same pano,0,unvalidated,True,True,True,True,True,True,True
gainesville:35291,35291,35,full,8G0UwTtCjiHPRBU2yfo0TQ,False,2026-03,same month,0,unvalidated,True,,False,False,,False,False
gainesville:35293,35293,6,full,8G0UwTtCjiHPRBU2yfo0TQ,False,2026-03,same month,0,unvalidated,True,,False,False,,False,False
gainesville:35294,35294,35,full,8G0UwTtCjiHPRBU2yfo0TQ,False,2026-03,same month,0,unvalidated,True,,True,False,,True,False
gainesville:35297,35297,6,full,OkPLroWd8wXAWvdHc_lW0w,True,2026-03,same pano,0,unvalidated,True,False,True,False,False,True,False
gainesville:35298,35298,6,full,OkPLroWd8wXAWvdHc_lW0w,True,2026-03,same pano,0,unvalidated,True,True,True,True,True,False,True
gainesville:35300,35300,8,full,VxCxU4h9lrrak4i4x1tugQ,False,2026-03,same month,0,unvalidated,True,,True,True,,True,True
gainesville:35303,35303,8,full,VxCxU4h9lrrak4i4x1tugQ,False,2026-03,newer than ours,-21,unvalidated,,,True,True,,True,True
gainesville:35307,35307,8,full,hUBkLaV1Y49rr53eS2LHvg,True,2024-06,same pano,0,unvalidated,True,False,True,True,False,False,True
gainesville:35310,35310,8,full,hUBkLaV1Y49rr53eS2LHvg,True,2024-06,same pano,0,unvalidated,True,False,True,True,False,True,True
gainesville:35312,35312,5,full,ILxSA__WCH2yIv-A7kYiYA,True,2026-03,same pano,0,unvalidated,True,False,True,True,False,True,True
gainesville:35314,35314,5,full,ILxSA__WCH2yIv-A7kYiYA,True,2026-03,same pano,0,unvalidated,True,True,True,True,True,True,True
gainesville:35316,35316,5,full,ILxSA__WCH2yIv-A7kYiYA,True,2026-03,same pano,0,unvalidated,True,True,True,True,True,True,True
gainesville:35317,35317,5,full,HjQaaE_eML4Y46VMHduhnA,True,2026-03,same pano,0,unvalidated,True,True,True,True,True,True,True
gainesville:35320,35320,5,full,HjQaaE_eML4Y46VMHduhnA,True,2026-03,same pano,0,unvalidated,True,True,True,True,True,True,True
gainesville:35321,35321,5,full,q9bT5J2TGkXGEP49n-k9QA,True,2026-03,same pano,0,unvalidated,True,True,True,True,True,True,True
gainesville:35323,35323,5,full,q9bT5J2TGkXGEP49n-k9QA,True,2026-03,same pano,0,unvalidated,True,True,True,True,True,True,True
gainesville:35324,35324,5,full,OR5nHgzpIYOqY-3gG71vAA,True,2026-03,same pano,0,unvalidated,True,True,True,True,True,True,True
gainesville:35326,35326,5,full,OR5nHgzpIYOqY-3gG71vAA,True,2026-03,same pano,0,unvalidated,True,True,True,True,False,True,True
gainesville:35353,35353,5,full,1c6DmOEjEm3ICGOwFpGJaA,True,2026-03,same pano,0,unvalidated,True,True,True,True,True,True,True
gainesville:35355,35355,5,full,1c6DmOEjEm3ICGOwFpGJaA,True,2026-03,same pano,0,unvalidated,True,True,True,True,True,True,True
gainesville:35356,35356,5,full,Dmt8vV8Xgo70cgEjmGwRcQ,True,2026-03,same pano,0,unvalidated,True,True,True,True,True,True,True
gainesville:35358,35358,5,full,Dmt8vV8Xgo70cgEjmGwRcQ,True,2026-03,same pano,0,unvalidated,True,True,True,True,True,True,True
gainesville:35359,35359,5,full,TnsQnvufaCVBcRk3SWNLow,False,2026-03,same month,0,unvalidated,True,,True,True,,True,True
gainesville:35362,35362,5,full,TnsQnvufaCVBcRk3SWNLow,False,2026-03,same month,0,unvalidated,True,,True,True,,True,True
gainesville:35363,35363,42,full,MY9yUmeR3NCTAmgW_e3ohQ,True,2026-03,same pano,0,unvalidated,True,True,True,False,True,True,False
gainesville:35364,35364,42,full,MY9yUmeR3NCTAmgW_e3ohQ,True,2026-03,same pano,0,unvalidated,True,True,False,False,True,False,False
gainesville:35365,35365,42,full,lE2zHp6UHIJqoNj5FfpWrg,True,2026-03,same pano,0,unvalidated,,False,False,False,False,False,False
gainesville:35368,35368,5,full,y6Pq3DdEfFoWutl6zvfnkQ,True,2026-03,same pano,0,unvalidated,,True,True,True,True,True,True
gainesville:35369,35369,5,full,PVegnD-wfMyI48UXiNtO2A,True,2026-03,same pano,0,unvalidated,,True,True,True,True,True,True
gainesville:35375,35375,5,full,M1HI8e9yaLfmcDIPcjGGdg,True,2026-03,same pano,0,unvalidated,True,True,True,True,True,True,True
gainesville:35377,35377,5,full,eTYVzhrG7h0zTZQjXJGvpA,True,2026-03,same pano,0,unvalidated,,False,True,True,False,False,False
gainesville:35382,35382,5,full,myQ6Oz9HO5OwjKHm20FjAQ,True,2026-03,same pano,0,unvalidated,,False,True,True,False,True,True
gainesville:35383,35383,5,full,Y-BdNXN-269vt5-iJuVw6A,True,2026-03,same pano,0,unvalidated,,True,True,True,True,True,True
gainesville:35387,35387,5,full,MOL8FqDeXz_oeD7TFJfBpQ,True,2026-03,same pano,0,unvalidated,,False,False,False,False,False,False
gainesville:35394,35394,5,full,hzAEJ2bVWu7GFaHNXYEaew,True,2026-03,same pano,0,unvalidated,True,False,True,True,False,True,True
gainesville:35398,35398,5,full,hzAEJ2bVWu7GFaHNXYEaew,True,2026-03,same pano,0,unvalidated,True,True,True,True,True,True,True
gainesville:35401,35401,26,full,vrC_Pne873CpJ-0Qx4XLgw,True,2026-03,same pano,0,unvalidated,True,False,True,True,False,True,True
gainesville:35403,35403,26,full,GaK9xrM2flWfiVg_ry_leQ,False,2026-03,same month,0,unvalidated,True,,True,True,,True,True
gainesville:35406,35406,26,full,nVNm23lYHKTy5BR7TsAIMQ,True,2026-03,same pano,0,unvalidated,True,True,True,True,True,True,True
gainesville:35409,35409,5,full,1hYlZBPpfWjABJGZOvozLg,False,2026-03,same month,0,unvalidated,True,,True,True,,True,True
gainesville:35411,35411,5,full,YRfwXP-OGme_WutXxyv5_Q,False,2026-03,same month,0,unvalidated,,,True,False,,True,False
gainesville:35413,35413,5,full,YRfwXP-OGme_WutXxyv5_Q,False,2026-03,same month,0,unvalidated,True,,False,False,,False,False
gainesville:35415,35415,5,full,PjUzIEUFIJ9sQluZc7JC3g,False,2026-03,same month,0,unvalidated,True,,True,True,,True,True
gainesville:35416,35416,5,full,PjUzIEUFIJ9sQluZc7JC3g,False,2026-03,same month,0,unvalidated,True,,True,True,,True,True
gainesville:35441,35441,5,full,PQosMWW9_fiqVmdikRa9xQ,True,2025-04,same pano,0,unvalidated,True,True,True,True,True,True,True
gainesville:35443,35443,5,full,PQosMWW9_fiqVmdikRa9xQ,True,2025-04,same pano,0,unvalidated,True,True,True,True,True,True,True
gainesville:35444,35444,5,full,vAO8LyHbSKrvdboD4F49aA,True,2025-04,same pano,0,unvalidated,True,True,True,True,True,True,True
gainesville:35446,35446,5,full,vAO8LyHbSKrvdboD4F49aA,True,2025-04,same pano,0,unvalidated,True,True,True,True,True,True,True
gainesville:35447,35447,5,full,HJvikTtzdj2kQyZxDc5Wrw,True,2026-03,same pano,0,unvalidated,True,True,True,True,True,True,True
gainesville:35449,35449,5,full,HJvikTtzdj2kQyZxDc5Wrw,True,2026-03,same pano,0,unvalidated,True,True,True,True,True,True,True
gainesville:35450,35450,5,full,XgziGnDAQhk3Ww5RHhsmhg,True,2026-03,same pano,0,unvalidated,True,True,True,True,True,True,True
gainesville:35452,35452,5,full,XgziGnDAQhk3Ww5RHhsmhg,True,2026-03,same pano,0,unvalidated,,True,True,True,False,True,True
gainesville:35455,35455,5,full,ndg8JyQrraBrIf6E5pzepA,True,2026-03,same pano,0,unvalidated,True,False,True,True,False,True,True
gainesville:35457,35457,5,full,ndg8JyQrraBrIf6E5pzepA,True,2026-03,same pano,0,unvalidated,True,True,True,True,True,True,True
gainesville:35468,35468,5,full,ZX9dCulDY-q9Bm1LwJLXaQ,True,2026-03,same pano,0,unvalidated,True,True,True,True,False,True,True
gainesville:35470,35470,5,full,ZX9dCulDY-q9Bm1LwJLXaQ,True,2026-03,same pano,0,unvalidated,True,True,True,True,True,True,True
gainesville:35474,35474,5,full,dZEq1uTL3x7Rg4FJlNdkyw,True,2026-03,same pano,0,unvalidated,True,True,True,True,True,True,True
gainesville:35477,35477,26,full,lh4KZNE7hdB2NPm4Oo3U4Q,True,2026-03,same pano,0,unvalidated,True,True,True,True,False,False,True
gainesville:35480,35480,26,full,UHULgRJndmzBUWC3DUHscA,True,2021-03,same pano,0,unvalidated,True,True,True,False,True,False,False
gainesville:35482,35482,35,full,UHULgRJndmzBUWC3DUHscA,True,2021-03,same pano,0,unvalidated,,False,False,True,False,False,False
gainesville:35485,35485,35,full,RyB7ytyM6QTVJGazo33WlQ,True,2025-04,same pano,0,unvalidated,True,True,True,True,True,False,False
gainesville:35487,35487,5,full,zk5Hj1hIEAU7LguFLsSigQ,False,2026-03,same month,0,unvalidated,,,True,True,,True,True
gainesville:35488,35488,5,full,WL7bTUJwiJtSdNv1DxNpJg,False,2026-03,same month,0,unvalidated,,,True,True,,True,True
gainesville:35497,35497,5,full,Eeu2qEYxSSOClsT_whY8iA,True,2025-01,same pano,0,unvalidated,True,True,True,True,True,True,True
gainesville:35499,35499,5,full,Eeu2qEYxSSOClsT_whY8iA,True,2025-01,same pano,0,unvalidated,True,True,True,True,True,True,True
gainesville:35515,35515,5,full,Ij4VBDCwSo14_OkdOBLr_Q,True,2026-03,same pano,0,unvalidated,True,True,True,True,True,True,True
gainesville:35517,35517,5,full,Ij4VBDCwSo14_OkdOBLr_Q,True,2026-03,same pano,0,agreed,True,True,True,True,True,True,True
gainesville:35522,35522,5,full,yD5LmamNHQ3Vdt4QHe2VKA,True,2025-03,same pano,0,unvalidated,True,True,True,True,True,True,True
gainesville:35524,35524,5,full,yD5LmamNHQ3Vdt4QHe2VKA,True,2025-03,same pano,0,unvalidated,True,True,True,True,True,True,True
gainesville:35525,35525,5,full,PInbEuhDxFnacm9v2tCneQ,True,2026-03,same pano,0,unvalidated,True,False,True,True,False,True,False
gainesville:35527,35527,5,full,1sEvppoK0O3i0r7NeMiYAQ,True,2026-03,same pano,0,unvalidated,True,True,True,True,True,True,True
gainesville:35551,35551,5,full,TbH87ms_MujlJqNsj08oIA,True,2025-03,same pano,0,unvalidated,,True,True,True,True,True,True
gainesville:35553,35553,5,full,TbH87ms_MujlJqNsj08oIA,True,2025-03,same pano,0,agreed,True,True,True,True,False,True,True
gainesville:35554,35554,5,full,mCEQKV5V8YMfa75k6W6g7g,True,2026-03,same pano,0,unvalidated,,True,True,True,True,True,True
gainesville:35556,35556,5,full,mCEQKV5V8YMfa75k6W6g7g,True,2026-03,same pano,0,unvalidated,True,False,True,True,False,True,True
gainesville:35558,35558,5,full,HZsg1DEbHKLYVPwZhu2n8A,True,2025-03,same pano,0,unvalidated,True,True,True,True,True,False,False
gainesville:35559,35559,5,full,HZsg1DEbHKLYVPwZhu2n8A,True,2025-03,same pano,0,unvalidated,True,True,True,True,True,True,True
gainesville:35566,35566,25,full,EGcQyj-HiP3PQY5LBGSnEg,False,2026-03,same month,0,unvalidated,True,,True,True,,True,True
gainesville:35568,35568,5,full,PuifUVWymV_NdoZ5CPvYcA,False,2026-03,same month,0,unvalidated,True,,True,True,,True,True
gainesville:35570,35570,5,full,PETvNkMbDZ4_-PLTx4uk_Q,True,2025-03,same pano,0,unvalidated,True,True,True,True,True,True,True
gainesville:35572,35572,5,full,pr-CKWQ2Btx0ovUnKL6CCg,True,2025-01,same pano,0,unvalidated,True,True,True,True,False,True,True
gainesville:35587,35587,5,full,5AT6z3HngZ2XeoiyJk144w,True,2024-06,same pano,0,agreed,True,False,True,True,False,True,True
gainesville:35589,35589,5,full,5AT6z3HngZ2XeoiyJk144w,True,2024-06,same pano,0,unvalidated,True,False,True,True,False,True,True
gainesville:35593,35593,5,full,6dEwO_ku_Pc0ndbGMB4tSg,True,2024-06,same pano,0,unvalidated,True,True,True,True,True,True,True
gainesville:35595,35595,5,full,6dEwO_ku_Pc0ndbGMB4tSg,True,2024-06,same pano,0,unvalidated,True,False,True,True,False,True,True
gainesville:35629,35629,5,full,lDFAyDnKSqZc3VxkbORKxA,False,2026-03,same month,0,unvalidated,True,,True,False,,False,False
gainesville:35632,35632,5,full,lDFAyDnKSqZc3VxkbORKxA,False,2026-03,same month,0,unvalidated,True,,True,True,,True,True
gainesville:35633,35633,5,full,FDsJ3uB31xGjxFjg5B_h4g,False,2026-03,same month,0,unvalidated,True,,False,True,,False,True
gainesville:35635,35635,5,full,FDsJ3uB31xGjxFjg5B_h4g,False,2026-03,same month,0,unvalidated,True,,False,True,,False,False
gainesville:35636,35636,5,full,8RhXJC7O6jYBptB8ymI2vg,False,2023-08,19-36 mo older,31,unvalidated,,,True,False,,True,False
gainesville:35638,35638,25,full,8RhXJC7O6jYBptB8ymI2vg,False,2023-08,newer than ours,-85,unvalidated,True,,False,True,,False,True
gainesville:35672,35672,5,full,iSj_ZPGQ4HNPW35D-UIvvA,True,2026-03,same pano,0,unvalidated,True,True,True,True,True,True,True
gainesville:35674,35674,5,full,iSj_ZPGQ4HNPW35D-UIvvA,True,2026-03,same pano,0,unvalidated,True,True,True,True,True,True,True
gainesville:35675,35675,5,full,PLTXTv3f3Hmc0XcYct3PDA,True,2025-03,same pano,0,unvalidated,True,True,True,True,True,True,True
gainesville:35677,35677,25,full,PLTXTv3f3Hmc0XcYct3PDA,True,2025-03,same pano,0,unvalidated,,True,False,True,True,False,True
gainesville:35678,35678,5,full,CUHgdh8zMKUl-X10oo8rNA,False,2024-06,1-18 mo older,7,unvalidated,True,,True,True,,True,True
gainesville:35680,35680,5,full,CUHgdh8zMKUl-X10oo8rNA,False,2024-06,same month,0,agreed,True,,True,True,,True,True
gainesville:35690,35690,25,full,1b6MMzS3ISX_vO0mLMaDEA,True,2007-12,same pano,0,unvalidated,,True,False,False,False,False,True
gainesville:35692,35692,25,full,1b6MMzS3ISX_vO0mLMaDEA,True,2007-12,same pano,0,unvalidated,True,True,False,True,True,True,True
gainesville:35694,35694,5,full,5cgx3jSPtnw4bv23nqd5gg,True,2025-04,same pano,0,unvalidated,False,False,True,True,False,True,True
gainesville:35696,35696,5,full,5cgx3jSPtnw4bv23nqd5gg,True,2025-04,same pano,0,unvalidated,False,False,False,False,False,False,False
gainesville:35725,35725,26,full,Sny88ksMhJOQYw9U-ZOBFA,True,2024-10,same pano,0,unvalidated,True,True,True,False,True,True,False
gainesville:35727,35727,28,full,Sny88ksMhJOQYw9U-ZOBFA,True,2024-10,same pano,0,unvalidated,True,False,False,False,False,False,False
gainesville:35731,35731,28,full,ixr6S1FoyEF5RXvuWpbG6g,True,2026-03,same pano,0,unvalidated,True,False,False,True,False,True,False
gainesville:35734,35734,26,full,toS62W6oONAzITJH2BcafA,True,2026-03,same pano,0,unvalidated,True,True,True,True,False,False,False
gainesville:35737,35737,5,full,RusZjNZRexsu7fKff8Golw,True,2026-03,same pano,0,unvalidated,True,True,True,True,False,False,False
gainesville:35739,35739,5,full,RusZjNZRexsu7fKff8Golw,True,2026-03,same pano,0,unvalidated,,False,True,True,False,False,True
gainesville:35742,35742,5,full,YPVijwmPgsxSgAxKI_EtGA,False,2026-03,same month,0,unvalidated,True,,False,False,,False,False
gainesville:35744,35744,42,full,aXwimQ2mAuDWZzw--7IlwQ,False,2024-11,1-18 mo older,16,unvalidated,True,,False,False,,False,False
gainesville:35746,35746,42,full,aXwimQ2mAuDWZzw--7IlwQ,False,2024-11,1-18 mo older,16,unvalidated,True,,False,False,,False,False
gainesville:35749,35749,42,full,3Utrj2b1LaWXEF6X4fsRrQ,False,2026-03,same month,0,unvalidated,True,,True,False,,True,False
gainesville:35751,35751,42,full,jEYYMKsA8XG5LZxVomF-jA,False,2026-03,same month,0,unvalidated,True,,False,False,,False,False
gainesville:35753,35753,42,full,jEYYMKsA8XG5LZxVomF-jA,False,2026-03,same month,0,unvalidated,True,,False,False,,False,False
gainesville:35813,35813,28,full,jPggudqgwsDZMtnLJGFTYw,True,2026-03,same pano,0,unvalidated,True,True,True,True,False,True,True
gainesville:35815,35815,28,full,xYeV4jPNWeieTT13XWxjqw,False,2026-03,same month,0,unvalidated,True,,True,True,,True,True
gainesville:35817,35817,28,full,PqiaeVF1BNusKP7vvKceBQ,True,2026-03,same pano,0,agreed,True,True,False,False,True,False,False
gainesville:35832,35832,28,full,_6VmfgAfzG5hkemTFD9FcQ,True,2026-03,same pano,0,unvalidated,True,True,True,True,True,True,True
gainesville:35833,35833,28,full,_6VmfgAfzG5hkemTFD9FcQ,True,2026-03,same pano,0,unvalidated,True,True,True,True,True,True,True
gainesville:35846,35846,28,full,bnc-faNn9_aiyZumzE4t7A,True,2026-03,same pano,0,unvalidated,True,True,True,True,True,True,True
gainesville:35847,35847,28,full,bnc-faNn9_aiyZumzE4t7A,True,2026-03,same pano,0,unvalidated,True,True,True,True,False,True,True
gainesville:35850,35850,28,full,Wu5cEg8ghtVFaEuk4VDmgQ,True,2026-03,same pano,0,unvalidated,True,True,True,True,True,True,True
gainesville:35852,35852,28,full,HW8LKgUxwRFnexp6WzvEww,True,2026-03,same pano,0,unvalidated,True,True,True,True,False,True,True
gainesville:35864,35864,28,full,poMPTzAXXghB_q5MHz98lw,True,2026-03,same pano,0,unvalidated,True,True,True,True,True,True,True
gainesville:35866,35866,28,full,x0AZbU0lCYN4wehUnDFxaw,True,2026-03,same pano,0,unvalidated,True,True,True,True,True,True,True
gainesville:35920,35920,28,full,8a8YPOhxToq10-uHcEDqeg,True,2026-03,same pano,0,unvalidated,True,True,True,True,False,True,True
gainesville:35922,35922,28,full,t-sBTgrRHcjysJXvEknTrA,True,2026-03,same pano,0,unvalidated,True,True,True,True,True,True,True
gainesville:35928,35928,28,full,PgNLh3PTTZU0Nr7i9dNq8Q,True,2026-03,same pano,0,unvalidated,,False,True,True,False,False,False
gainesville:35930,35930,28,full,QZs1hYl0kaPMc5ub_BxExA,True,2026-03,same pano,0,unvalidated,,True,True,True,False,False,False
gainesville:35935,35935,28,full,KBEolTWLsbri4LpOuPF9qw,True,2026-03,same pano,0,unvalidated,True,True,True,True,True,True,True
gainesville:35943,35943,28,full,x909U3rSlSB57LX07R0XSg,True,2026-03,same pano,0,unvalidated,,True,True,True,True,True,True
gainesville:35945,35945,28,full,x909U3rSlSB57LX07R0XSg,True,2026-03,same pano,0,unvalidated,True,True,True,True,False,True,False
gainesville:35964,35964,28,full,k4Olg4NSdwe9WxxaZcOnaQ,True,2026-03,same pano,0,unvalidated,True,True,True,True,True,True,True
gainesville:35966,35966,28,full,bktvwRjxZLl903Ztcc541w,True,2026-03,same pano,0,unvalidated,True,True,True,True,True,True,True
gainesville:35977,35977,28,full,_BpG6EqquJ0BGcieIyH1-w,True,2023-09,same pano,0,unvalidated,True,False,True,True,False,True,True
gainesville:35979,35979,28,full,c1VEqa1eeof9JC14knihEg,True,2023-09,same pano,0,unvalidated,True,True,True,True,False,True,True
gainesville:36002,36002,6,full,BhV9oGrp_jSjFYs99nWEMg,True,2026-03,same pano,0,unvalidated,True,False,True,True,False,False,False
gainesville:36004,36004,6,full,1oot7ByAPcI6Y-XCyMkk5g,True,2026-03,same pano,0,unvalidated,True,True,True,True,True,True,False
gainesville:36006,36006,6,full,OkPLroWd8wXAWvdHc_lW0w,True,2026-03,same pano,0,unvalidated,True,True,False,True,True,False,True
gainesville:36008,36008,35,full,OkPLroWd8wXAWvdHc_lW0w,True,2026-03,same pano,0,disagreed,,False,False,False,False,False,False
gainesville:36009,36009,35,full,8G0UwTtCjiHPRBU2yfo0TQ,False,2026-03,same month,0,unvalidated,True,,False,False,,False,False
gainesville:36012,36012,6,full,8G0UwTtCjiHPRBU2yfo0TQ,False,2026-03,same month,0,unvalidated,True,,False,False,,False,False
gainesville:36013,36013,6,full,jc1oAJeO4Z2d-NGOWXopqQ,True,2026-03,same pano,0,unvalidated,True,True,False,True,False,False,False
gainesville:36015,36015,6,full,jc1oAJeO4Z2d-NGOWXopqQ,True,2026-03,same pano,0,unvalidated,,False,True,True,False,True,True
gainesville:36042,36042,6,full,Gv7WDrs0EiD-z6CKwpY09A,False,2026-03,newer than ours,-21,unvalidated,True,,True,True,,True,True
gainesville:36043,36043,6,full,Gv7WDrs0EiD-z6CKwpY09A,False,2026-03,newer than ours,-21,unvalidated,True,,True,True,,True,True
gainesville:36047,36047,6,full,7GtkI2Mpf0nQPoZtoIiCjg,False,2026-03,same month,0,unvalidated,True,,True,True,,True,True
gainesville:36048,36048,6,full,7GtkI2Mpf0nQPoZtoIiCjg,False,2026-03,same month,0,unvalidated,True,,True,True,,True,True
gainesville:36050,36050,6,full,wnmaShyMYwZ4T17rTE2T8Q,False,2026-03,same month,0,unvalidated,True,,True,True,,True,True
gainesville:36053,36053,6,full,oQOSabeYS3ujEgwQceBpEg,False,2026-03,same month,0,unvalidated,True,,True,True,,True,True
gainesville:36054,36054,6,full,oQOSabeYS3ujEgwQceBpEg,False,2026-03,same month,0,unvalidated,True,,True,True,,True,False
gainesville:36057,36057,6,full,oQOSabeYS3ujEgwQceBpEg,False,2026-03,same month,0,unvalidated,True,,True,True,,True,True
gainesville:36058,36058,6,full,oQOSabeYS3ujEgwQceBpEg,False,2026-03,same month,0,unvalidated,True,,True,True,,True,True
gainesville:36060,36060,6,full,ISpA1W5G1IWTZW62vl98ag,True,2026-03,same pano,0,unvalidated,True,True,True,True,True,True,True
gainesville:36061,36061,6,full,ISpA1W5G1IWTZW62vl98ag,True,2026-03,same pano,0,unvalidated,True,True,True,True,True,True,True
gainesville:36074,36074,6,full,Ek-zUARSGx4IAQ-_Bt3Wbg,True,2026-03,same pano,0,unvalidated,True,False,True,True,False,True,True
gainesville:36076,36076,6,full,Ek-zUARSGx4IAQ-_Bt3Wbg,True,2026-03,same pano,0,unvalidated,True,True,True,True,False,True,True
gainesville:36078,36078,6,full,Ek-zUARSGx4IAQ-_Bt3Wbg,True,2026-03,same pano,0,unvalidated,True,True,True,True,True,True,True
gainesville:36080,36080,6,full,Ek-zUARSGx4IAQ-_Bt3Wbg,True,2026-03,same pano,0,unvalidated,True,True,True,True,True,True,True
gainesville:36083,36083,6,full,sYyjz322kP5v-VQmRepUTQ,True,2026-02,same pano,0,unvalidated,True,True,True,True,True,True,True
gainesville:36085,36085,6,full,sYyjz322kP5v-VQmRepUTQ,True,2026-02,same pano,0,unvalidated,True,True,True,True,True,True,True
gainesville:36101,36101,6,full,ICUoYVV_dXvc9W3ge2PnWg,True,2026-03,same pano,0,unvalidated,True,True,True,True,True,False,True
gainesville:36103,36103,6,full,ipToralrmxeYSXpR6yWFfw,True,2026-03,same pano,0,agreed,True,True,True,True,True,True,True
gainesville:36106,36106,6,full,m-JCIZydNkA4jOyKZyV8ng,True,2026-03,same pano,0,unvalidated,True,True,True,True,True,True,True
gainesville:36109,36109,6,full,m-JCIZydNkA4jOyKZyV8ng,True,2026-03,same pano,0,unvalidated,True,True,True,True,True,True,True
gainesville:36111,36111,6,full,9V0LQw1aJCdvp2lCw_mciA,True,2026-03,same pano,0,unvalidated,True,True,True,True,False,True,True
gainesville:36112,36112,6,full,9V0LQw1aJCdvp2lCw_mciA,True,2026-03,same pano,0,unvalidated,True,False,True,True,False,True,True
gainesville:36113,36113,6,full,xIJBYNfowLkIjhCuQZi0Vg,True,2026-02,same pano,0,agreed,True,True,True,True,True,True,True
gainesville:36114,36114,6,full,xIJBYNfowLkIjhCuQZi0Vg,True,2026-02,same pano,0,unvalidated,True,True,True,True,True,True,True
gainesville:36134,36134,6,full,691eIdJqmsQeNEGjCeMszw,True,2026-02,same pano,0,unvalidated,True,True,True,True,True,True,True
gainesville:36136,36136,6,full,691eIdJqmsQeNEGjCeMszw,True,2026-02,same pano,0,unvalidated,True,True,True,True,True,True,True
gainesville:36138,36138,6,full,691eIdJqmsQeNEGjCeMszw,True,2026-02,same pano,0,unvalidated,True,False,False,True,False,False,False
gainesville:36140,36140,6,full,TtWIaS2aCuwChu-vnwONKQ,False,2026-03,newer than ours,-1,unvalidated,True,,True,False,,False,False
gainesville:36142,36142,6,full,MAXOKsk47e-iUJv2C9QIEw,False,2026-03,newer than ours,-1,unvalidated,True,,False,False,,False,False
gainesville:36143,36143,6,full,ShDnb7Kz2YqZ_ehD3R23wQ,False,2026-03,same month,0,unvalidated,True,,True,True,,True,True
gainesville:36144,36144,6,full,tbPpZn5p4qtbVYptUWNR8Q,False,2026-03,same month,0,unvalidated,True,,False,True,,False,True
gainesville:36145,36145,6,full,tbPpZn5p4qtbVYptUWNR8Q,False,2026-03,same month,0,unvalidated,True,,True,False,,True,False
gainesville:36147,36147,6,full,tbPpZn5p4qtbVYptUWNR8Q,False,2026-03,same month,0,unvalidated,True,,True,True,,True,True
gainesville:36149,36149,6,full,Ma6G3jdylxdSHydfNBIWtw,False,2026-03,same month,0,unvalidated,True,,True,True,,True,False
gainesville:36151,36151,35,full,Ma6G3jdylxdSHydfNBIWtw,False,2026-03,same month,0,unvalidated,True,,True,False,,True,False
gainesville:36160,36160,6,full,5rWctnry9zfweYbN19zg5A,True,2026-03,same pano,0,unvalidated,True,True,True,True,True,True,True
gainesville:36161,36161,6,full,PgGGk26yeCRNS5wqcit6Tg,True,2026-03,same pano,0,unvalidated,,True,True,True,False,False,False
gainesville:36162,36162,6,full,9zdBYOGfrC7REPYkWOUgAA,False,2026-03,same month,0,unvalidated,True,,True,True,,False,True
gainesville:36164,36164,6,full,9zdBYOGfrC7REPYkWOUgAA,False,2026-03,same month,0,unvalidated,True,,True,True,,True,True
gainesville:36165,36165,6,full,9zdBYOGfrC7REPYkWOUgAA,False,2026-03,same month,0,unvalidated,True,,True,False,,True,False
gainesville:36167,36167,6,full,uKBiyUwfI5xF84xVjicLog,False,2026-02,1-18 mo older,1,unvalidated,True,,True,True,,True,True
gainesville:36169,36169,8,full,uKBiyUwfI5xF84xVjicLog,False,2026-02,same month,0,agreed,True,,True,True,,False,False
gainesville:36205,36205,6,full,Z8__-mSTCE-kx5NDJJKhYg,False,2026-03,same month,0,unvalidated,True,,True,True,,True,True
gainesville:36207,36207,6,full,Z8__-mSTCE-kx5NDJJKhYg,False,2026-03,same month,0,unvalidated,True,,True,False,,False,False
gainesville:36210,36210,6,full,Ip2N2vIs1KigOw_9eMoC3A,True,2026-03,same pano,0,unvalidated,True,True,True,True,False,True,True
gainesville:36211,36211,6,full,Ip2N2vIs1KigOw_9eMoC3A,True,2026-03,same pano,0,unvalidated,True,True,True,True,True,True,True
gainesville:36212,36212,35,full,9WlX8SlphWTKsKJTc9MQwg,True,2026-03,same pano,0,unvalidated,True,True,True,True,True,True,True
gainesville:36214,36214,35,full,9WlX8SlphWTKsKJTc9MQwg,True,2026-03,same pano,0,unvalidated,,True,True,True,True,True,True
gainesville:36215,36215,6,full,9WlX8SlphWTKsKJTc9MQwg,True,2026-03,same pano,0,unvalidated,True,True,True,True,True,True,True
gainesville:36218,36218,6,full,-2mYCA_v9qrSAg14qBZbuA,True,2026-02,same pano,0,unvalidated,True,True,True,True,True,True,True
gainesville:36219,36219,6,full,-2mYCA_v9qrSAg14qBZbuA,True,2026-02,same pano,0,unvalidated,True,False,False,True,False,False,True
gainesville:36220,36220,6,full,-2mYCA_v9qrSAg14qBZbuA,True,2026-02,same pano,0,unvalidated,True,True,True,True,True,True,True
gainesville:36226,36226,35,full,tpXT1P1XvE6MRhetCfWN_w,True,2026-03,same pano,0,unvalidated,True,False,True,True,False,True,True
gainesville:36228,36228,35,full,tpXT1P1XvE6MRhetCfWN_w,True,2026-03,same pano,0,unvalidated,True,True,True,True,True,True,True
gainesville:36230,36230,6,full,xmCXNa3uTVwAweVs-_7PKg,False,2026-03,same month,0,unvalidated,True,,True,True,,True,True
gainesville:36232,36232,6,full,kAgF2OhTZir5ekxO3ysyWA,False,2026-03,same month,0,unvalidated,True,,True,True,,False,False
gainesville:36233,36233,6,full,YhbFR2OSsWzKTcqs65rkQQ,False,2026-03,newer than ours,-21,unvalidated,True,,True,True,,True,True
gainesville:36235,36235,6,full,YhbFR2OSsWzKTcqs65rkQQ,False,2026-03,same month,0,unvalidated,True,,True,True,,True,True
gainesville:36236,36236,6,full,YhbFR2OSsWzKTcqs65rkQQ,False,2026-03,same month,0,unvalidated,,,True,True,,True,True
gainesville:36238,36238,6,full,VAHBracQjf3gdgmwTGIG-Q,False,2026-03,same month,0,unvalidated,True,,True,True,,True,False
gainesville:36258,36258,6,full,2acn_vplkq_PDELmfkLWhQ,True,2026-02,same pano,0,unvalidated,True,True,True,True,True,True,True
gainesville:36261,36261,6,full,2acn_vplkq_PDELmfkLWhQ,True,2026-02,same pano,0,unvalidated,True,True,True,True,True,True,True
gainesville:36263,36263,6,full,vdEHhlytr8q_-h9loc-u7g,True,2026-03,same pano,0,agreed,True,False,True,True,False,True,True
gainesville:36265,36265,6,full,vdEHhlytr8q_-h9loc-u7g,True,2026-03,same pano,0,unvalidated,True,True,True,True,True,True,True
gainesville:36291,36291,7,partial,k5CP5ewmS-vXRxBY4PLsiw,True,2021-03,same pano,0,unvalidated,True,True,False,False,True,False,False
gainesville:36293,36293,6,full,k5CP5ewmS-vXRxBY4PLsiw,True,2021-03,same pano,0,unvalidated,True,False,True,True,False,False,False
gainesville:36295,36295,7,partial,k5CP5ewmS-vXRxBY4PLsiw,True,2021-03,same pano,0,unvalidated,True,True,True,True,True,True,True
gainesville:36297,36297,7,partial,p1rhaMIKuShTiJiAmLyR4g,True,2021-03,same pano,0,unvalidated,True,True,True,True,True,True,True
gainesville:36301,36301,6,full,pahWWq_HN8n_ZH5ObGmWHQ,True,2018-10,same pano,0,unvalidated,True,False,True,True,False,True,True
gainesville:36302,36302,6,full,pahWWq_HN8n_ZH5ObGmWHQ,True,2018-10,same pano,0,unvalidated,,True,True,True,False,True,True
gainesville:36310,36310,6,full,J6zsIQ-g_DLxPTq5BY4Pfw,True,2024-06,same pano,0,unvalidated,True,True,True,False,True,True,False
gainesville:36312,36312,6,full,J6zsIQ-g_DLxPTq5BY4Pfw,True,2024-06,same pano,0,unvalidated,True,True,True,True,True,True,True
gainesville:36313,36313,7,partial,m3fleSUJozRjxQCSpRaBBg,False,2019-07,>36 mo older,59,unvalidated,True,,False,True,,False,True
gainesville:36315,36315,6,full,m3fleSUJozRjxQCSpRaBBg,False,2019-07,>36 mo older,59,unvalidated,True,,True,True,,True,True
gainesville:36322,36322,6,full,_g_LoxZ2fONSFf3nMzMieQ,False,2026-03,same month,0,unvalidated,,,True,True,,True,True
gainesville:36323,36323,6,full,_g_LoxZ2fONSFf3nMzMieQ,False,2026-03,newer than ours,-1,agreed,True,,False,False,,False,False
gainesville:36324,36324,6,full,_g_LoxZ2fONSFf3nMzMieQ,False,2026-03,newer than ours,-1,unvalidated,True,,False,False,,False,False
gainesville:36326,36326,35,full,_g_LoxZ2fONSFf3nMzMieQ,False,2026-03,same month,0,unvalidated,True,,False,True,,False,True
gainesville:36328,36328,35,full,_g_LoxZ2fONSFf3nMzMieQ,False,2026-03,same month,0,unvalidated,True,,False,True,,False,True
gainesville:36329,36329,6,full,_g_LoxZ2fONSFf3nMzMieQ,False,2026-03,same month,0,unvalidated,True,,True,False,,True,False
gainesville:36334,36334,6,full,_g_LoxZ2fONSFf3nMzMieQ,False,2026-03,same month,0,unvalidated,True,,False,False,,False,False
gainesville:36341,36341,6,full,b-0DnTU1BFzR1fq6SU_4qw,True,2026-02,same pano,0,unvalidated,True,False,True,True,False,True,True
gainesville:36342,36342,7,partial,b-0DnTU1BFzR1fq6SU_4qw,True,2026-02,same pano,0,unvalidated,True,True,True,False,True,True,False
gainesville:36344,36344,35,full,12-h7N3GDUqta_xCmFmMvA,False,2026-02,same month,0,unvalidated,True,,False,True,,False,False
gainesville:36345,36345,35,full,12-h7N3GDUqta_xCmFmMvA,False,2026-02,newer than ours,-20,unvalidated,True,,False,False,,False,False
gainesville:36354,36354,6,full,f6TxJvwk3-eRy_AQJu1KaA,False,2026-02,same month,0,unvalidated,True,,True,True,,True,True
gainesville:36355,36355,6,full,f6TxJvwk3-eRy_AQJu1KaA,False,2026-02,same month,0,unvalidated,True,,True,True,,True,True
gainesville:36356,36356,6,full,f6TxJvwk3-eRy_AQJu1KaA,False,2026-02,same month,0,unvalidated,True,,True,True,,True,True
gainesville:36357,36357,6,full,rBcXxLib5MMZflZlaG22yw,False,2026-02,same month,0,unvalidated,True,,True,True,,True,True
gainesville:36359,36359,6,full,rBcXxLib5MMZflZlaG22yw,False,2026-02,same month,0,unvalidated,True,,True,True,,True,True
gainesville:36373,36373,6,full,V2wpJwTagWJBgk9TkLJHjA,False,2026-02,1-18 mo older,1,unvalidated,True,,True,True,,True,True
gainesville:36374,36374,6,full,V2wpJwTagWJBgk9TkLJHjA,False,2026-02,1-18 mo older,1,agreed,True,,True,True,,True,True
gainesville:36405,36405,6,full,iqO_U4k5xFLHCpgllIZZVQ,False,2026-03,newer than ours,-1,unvalidated,True,,True,True,,True,True
gainesville:36406,36406,6,full,iqO_U4k5xFLHCpgllIZZVQ,False,2026-03,newer than ours,-1,unvalidated,True,,True,True,,True,True
gainesville:36440,36440,6,full,ptP-BoD4MFfcHr5jyYXn8Q,True,2021-03,same pano,0,unvalidated,False,False,False,False,False,False,False
gainesville:36442,36442,6,full,ptP-BoD4MFfcHr5jyYXn8Q,True,2021-03,same pano,0,unvalidated,,False,False,False,False,False,False
gainesville:36443,36443,29,full,q4zk5tdaRi9U-WwdgjXh0Q,False,2026-02,same month,0,unvalidated,True,,True,True,,True,True
gainesville:36445,36445,29,full,CxBnp0b2kEl1pnSJtTuyGg,False,2026-02,same month,0,unvalidated,True,,True,True,,True,True
gainesville:36446,36446,29,full,4bNP3WU7rhC40GSZLQwFvQ,False,2026-02,same month,0,unvalidated,True,,True,True,,True,True
gainesville:36448,36448,29,full,4bNP3WU7rhC40GSZLQwFvQ,False,2026-02,same month,0,unvalidated,True,,False,False,,False,False
gainesville:36450,36450,29,full,hRGzyk1PAJvTLRS-tdUDLg,True,2025-04,same pano,0,unvalidated,True,False,False,False,False,False,False
gainesville:36453,36453,30,partial,-GtqdgIp7XgkEZJ4-HoyOw,True,2026-02,same pano,0,unvalidated,True,True,True,True,True,True,True
gainesville:36455,36455,27,full,-FLRGyHoCo1dIhxkCRS9pg,True,2026-03,same pano,0,unvalidated,True,True,True,True,True,True,True
gainesville:36460,36460,33,full,6sLptC1E4JVf0Xs68dbUzg,True,2026-02,same pano,0,unvalidated,True,False,True,True,False,True,False
gainesville:36527,36527,29,full,QQ8YcDAoyUMtTIvkW78HqQ,True,2025-04,same pano,0,unvalidated,True,True,True,True,True,True,True
gainesville:36528,36528,29,full,q6-Nyz29motsV5UAG3UhFg,True,2025-04,same pano,0,unvalidated,,False,True,True,False,True,True
gainesville:36529,36529,29,full,M6aVaQPIEPu54QRH_HXy0g,True,2015-02,same pano,0,unvalidated,True,True,True,True,False,True,True
gainesville:36531,36531,29,full,M6aVaQPIEPu54QRH_HXy0g,True,2015-02,same pano,0,agreed,True,True,False,False,True,False,False
gainesville:36532,36532,29,full,dJG0E7TrtkHGg-QMOxLecw,True,2025-04,same pano,0,unvalidated,True,True,True,True,True,False,False
gainesville:36534,36534,29,full,dJG0E7TrtkHGg-QMOxLecw,True,2025-04,same pano,0,agreed,True,True,False,False,True,False,False
gainesville:36535,36535,29,full,dJG0E7TrtkHGg-QMOxLecw,True,2025-04,same pano,0,unvalidated,True,False,True,True,False,True,True
gainesville:36537,36537,29,full,izTQzPiP0_8KnQorQThSQQ,True,2026-02,same pano,0,unvalidated,True,True,True,True,True,True,True
gainesville:36538,36538,29,full,7d5BdP3ntoii4OuUnqEFiQ,True,2025-04,same pano,0,unvalidated,True,True,False,True,True,False,True
gainesville:36542,36542,27,full,HylDo2JbKuJE0-C0p90Ygg,True,2025-04,same pano,0,agreed,True,True,True,True,False,False,False
gainesville:36546,36546,29,full,tplIdHlSv2PBQFZDAhnoEg,True,2026-02,same pano,0,unvalidated,True,False,False,True,False,False,False
gainesville:36549,36549,27,full,1z6_KZzQw_QTYa5UGppzgQ,False,2026-02,same month,0,unvalidated,True,,False,False,,False,False
gainesville:36550,36550,29,full,7mguz_VOnGShrcfNUtNBPg,True,2026-02,same pano,0,unvalidated,True,True,True,True,True,True,True
gainesville:36552,36552,29,full,7mguz_VOnGShrcfNUtNBPg,True,2026-02,same pano,0,unvalidated,True,True,True,True,True,True,True
gainesville:36556,36556,29,full,6_ohcTn-BZ0nkENPZ2275A,True,2025-04,same pano,0,unvalidated,True,True,True,True,False,True,True
gainesville:36558,36558,29,full,h4emAJD63hzUMKlPsT6MBA,True,2025-04,same pano,0,unvalidated,,True,True,True,False,False,False
gainesville:36562,36562,29,full,uks_yKAwfW3wKDl3tTYMsg,True,2024-06,same pano,0,unvalidated,True,True,True,True,True,True,True
gainesville:36563,36563,29,full,jkvdjf93oEv92K8e7Ck-eA,False,2026-02,same month,0,unvalidated,True,,True,True,,True,True
gainesville:36592,36592,29,full,Zw3ChjC3srfHcKpMcj8qVA,True,2026-02,same pano,0,unvalidated,,False,False,False,False,False,False
gainesville:36593,36593,29,full,Zw3ChjC3srfHcKpMcj8qVA,True,2026-02,same pano,0,unvalidated,True,False,True,True,False,False,False
gainesville:36599,36599,29,full,dCwrJ6eD88J_j0l9V8FScw,True,2026-02,same pano,0,unvalidated,True,False,False,False,False,False,False
gainesville:36601,36601,29,full,f6lX65ZkkyhANrH_WZGq_A,True,2026-02,same pano,0,unvalidated,True,False,True,True,False,False,False
gainesville:36603,36603,29,full,f6lX65ZkkyhANrH_WZGq_A,True,2026-02,same pano,0,unvalidated,False,True,True,True,False,False,False
gainesville:36614,36614,29,full,fABc2irnIp0Vo8n-hv1yKw,True,2026-02,same pano,0,unvalidated,,False,True,True,False,False,False
gainesville:36616,36616,29,full,fABc2irnIp0Vo8n-hv1yKw,True,2026-02,same pano,0,unvalidated,True,False,True,True,False,True,False
gainesville:36619,36619,29,full,dODrJV8O12J7ZDKc4m-Vsg,True,2026-02,same pano,0,unvalidated,True,True,True,True,True,True,True
gainesville:36620,36620,29,full,vrGXyCDrXHbOtCXSpBGaAQ,True,2026-02,same pano,0,unvalidated,True,True,True,True,True,True,True
gainesville:36710,36710,26,full,vrC_Pne873CpJ-0Qx4XLgw,True,2026-03,same pano,0,unvalidated,True,False,True,False,False,False,False
gainesville:36714,36714,26,full,_6PxXaZzsbXnMUOLf86pkA,True,2026-03,same pano,0,unvalidated,True,True,True,True,True,True,False
gainesville:36718,36718,5,full,hzAEJ2bVWu7GFaHNXYEaew,True,2026-03,same pano,0,unvalidated,True,True,True,False,True,True,False
gainesville:36721,36721,5,full,nVNm23lYHKTy5BR7TsAIMQ,True,2026-03,same pano,0,unvalidated,,False,True,True,False,True,False
gainesville:36722,36722,5,full,BB7ZI4RlUFACr8-J_Lt8kg,True,2026-03,same pano,0,unvalidated,True,True,True,False,True,True,False
gainesville:36727,36727,26,full,bvPOceMj5K4cZqrAtNJXmg,True,2026-03,same pano,0,unvalidated,True,True,True,True,True,True,True
gainesville:36729,36729,28,full,ixr6S1FoyEF5RXvuWpbG6g,True,2026-03,same pano,0,unvalidated,True,True,True,True,True,False,True
gainesville:36734,36734,26,full,5-Wdib7_Vo492F_dhE7Eww,True,2026-03,same pano,0,unvalidated,True,True,True,True,True,True,True
gainesville:36736,36736,28,full,CIAeQOBmYxeBK5KkB9Zx1w,True,2026-03,same pano,0,unvalidated,True,True,True,True,True,True,True
gainesville:36745,36745,28,full,aJe_swPUO_yVcFaOXan4Gg,True,2023-09,same pano,0,unvalidated,,True,True,True,False,True,True
gainesville:36747,36747,28,full,aJe_swPUO_yVcFaOXan4Gg,True,2023-09,same pano,0,unvalidated,True,True,True,True,False,False,False
gainesville:36788,36788,28,full,rk3BVezEGWPKOK7l_WcrKg,True,2026-03,same pano,0,unvalidated,True,True,True,True,True,True,True
gainesville:36790,36790,28,full,rk3BVezEGWPKOK7l_WcrKg,True,2026-03,same pano,0,unvalidated,True,True,True,True,True,True,True
gainesville:36791,36791,28,full,UXF9vRk_6fXbzYcXJkw6Iw,True,2026-03,same pano,0,unvalidated,True,False,False,False,False,False,False
gainesville:36793,36793,28,full,UXF9vRk_6fXbzYcXJkw6Iw,True,2026-03,same pano,0,unvalidated,False,False,False,False,False,False,False
gainesville:36822,36822,28,full,WBKupTPSlHVbTQLmnpMW4Q,True,2026-03,same pano,0,unvalidated,,True,False,False,True,True,False
gainesville:36823,36823,28,full,WBKupTPSlHVbTQLmnpMW4Q,True,2026-03,same pano,0,unvalidated,True,False,False,True,False,False,True
gainesville:36824,36824,28,full,53lFpphd9CwcH7E4U9sVBQ,True,2026-03,same pano,0,unvalidated,True,False,False,True,False,False,False
gainesville:36828,36828,28,full,CVM2msW8FZCKUiM7UUxobg,True,2026-03,same pano,0,unvalidated,True,True,True,True,True,True,True
gainesville:36830,36830,28,full,CVM2msW8FZCKUiM7UUxobg,True,2026-03,same pano,0,unvalidated,True,False,True,True,False,False,False
gainesville:36843,36843,28,full,tkXW59Rv_kJOjgbbnCmpEA,True,2025-01,same pano,0,unvalidated,True,True,False,True,True,False,True
gainesville:36845,36845,25,full,tkXW59Rv_kJOjgbbnCmpEA,True,2025-01,same pano,0,unvalidated,True,True,True,True,True,True,True
gainesville:36847,36847,28,full,AVjdixuUjuFHD-iFoKhXZg,True,2026-03,same pano,0,unvalidated,True,True,True,True,True,True,True
gainesville:36852,36852,28,full,LTypBWCZr0BoLiwTSbPjEg,True,2026-03,same pano,0,unvalidated,True,False,True,True,False,False,False
gainesville:36854,36854,28,full,LTypBWCZr0BoLiwTSbPjEg,True,2026-03,same pano,0,unvalidated,True,True,True,True,True,True,True
gainesville:36858,36858,28,full,LTypBWCZr0BoLiwTSbPjEg,True,2026-03,same pano,0,unvalidated,True,True,True,False,False,True,False
gainesville:36859,36859,28,full,aGT5oR6ZX4_lvj53v0OYwA,True,2026-03,same pano,0,unvalidated,True,True,True,True,True,True,True
gainesville:36860,36860,28,full,VarEOIO1Jbon9mG3C_6seQ,True,2026-03,same pano,0,unvalidated,True,True,True,True,False,False,True
gainesville:36861,36861,28,full,7gzpWwPMb7eVv1Y9VTlkVA,True,2026-03,same pano,0,unvalidated,True,True,True,True,True,True,True
gainesville:36863,36863,28,full,FB4l5pOdt5zlmvYlnO-fQw,True,2026-03,same pano,0,unvalidated,True,True,True,True,True,True,True
gainesville:36869,36869,28,full,n6HTXi6-uRKbyhlQpVdkBQ,True,2026-03,same pano,0,unvalidated,True,True,False,True,True,False,True
gainesville:36871,36871,28,full,YOhHcCDH-BvxkSc24tTncg,True,2026-03,same pano,0,unvalidated,True,True,False,True,False,False,True
gainesville:36872,36872,28,full,obbji9HUOl-q1mGQz-OhMg,True,2026-03,same pano,0,unvalidated,True,True,True,True,False,False,True
gainesville:36874,36874,28,full,fUmMUZmdGkgvg8S9kQDS7g,True,2026-03,same pano,0,unvalidated,True,True,True,True,True,True,True
gainesville:36887,36887,28,full,ZirBYa4puVL7ruhrEtDKhQ,True,2026-03,same pano,0,unvalidated,True,True,False,True,False,False,False
gainesville:36888,36888,28,full,ZirBYa4puVL7ruhrEtDKhQ,True,2026-03,same pano,0,unvalidated,True,True,False,True,True,False,True
gainesville:36895,36895,28,full,auPPcAN2t6qaEv_l40wEHA,False,2026-03,same month,0,unvalidated,True,,False,False,,False,False
gainesville:36896,36896,28,full,auPPcAN2t6qaEv_l40wEHA,False,2026-03,same month,0,unvalidated,True,,False,False,,False,False
gainesville:36999,36999,28,full,SfUeR7s2CNLt8KVcFPqdWQ,True,2026-03,same pano,0,unvalidated,True,True,True,True,False,False,False
gainesville:37001,37001,28,full,SfUeR7s2CNLt8KVcFPqdWQ,True,2026-03,same pano,0,unvalidated,True,True,True,True,True,True,True
gainesville:37003,37003,28,full,xi3Scwb2jzPYyYZDYQJ2_A,True,2026-03,same pano,0,unvalidated,True,True,True,True,True,True,True
gainesville:37005,37005,28,full,XZ5T5enwvg1IfdWxuPnLMQ,True,2026-03,same pano,0,unvalidated,True,True,True,True,True,True,True
gainesville:37037,37037,28,full,tpxDlXhQY71sEqF5SK3sWg,True,2026-03,same pano,0,unvalidated,True,True,False,True,True,False,True
gainesville:37039,37039,28,full,tpxDlXhQY71sEqF5SK3sWg,True,2026-03,same pano,0,unvalidated,True,True,True,False,True,True,False
gainesville:37078,37078,28,full,lT3h63jCCorq0SdKz8CjOA,True,2026-03,same pano,0,unvalidated,True,True,True,True,False,True,True
gainesville:37080,37080,28,full,lT3h63jCCorq0SdKz8CjOA,True,2026-03,same pano,0,unvalidated,True,True,True,True,True,True,True
gainesville:37081,37081,28,full,vbm5LxNBBSvBdGw3WIQfUg,True,2025-01,same pano,0,unvalidated,,False,False,True,False,False,True
gainesville:37082,37082,28,full,ivG9aoi-uxWCflUlDpMivg,True,2025-01,same pano,0,unvalidated,True,True,True,True,False,True,True
gainesville:37085,37085,28,full,rQASEa4eSAMwEjPM2dHGuw,True,2026-03,same pano,0,unvalidated,True,True,True,True,True,True,True
gainesville:37087,37087,28,full,rQASEa4eSAMwEjPM2dHGuw,True,2026-03,same pano,0,unvalidated,True,False,False,True,False,False,True
gainesville:37116,37116,26,full,xXb3FXsr5ksKGNFMYzJ9wQ,True,2026-03,same pano,0,unvalidated,True,True,False,False,True,False,False
gainesville:37117,37117,27,full,xXb3FXsr5ksKGNFMYzJ9wQ,True,2026-03,same pano,0,unvalidated,True,False,True,False,False,True,False
gainesville:37119,37119,27,full,xXb3FXsr5ksKGNFMYzJ9wQ,True,2026-03,same pano,0,unvalidated,True,True,False,False,True,False,False
gainesville:37120,37120,28,full,xXb3FXsr5ksKGNFMYzJ9wQ,True,2026-03,same pano,0,unvalidated,True,True,True,False,True,True,False
gainesville:37122,37122,28,full,xXb3FXsr5ksKGNFMYzJ9wQ,True,2026-03,same pano,0,unvalidated,True,True,False,False,True,False,False
gainesville:37123,37123,26,full,xXb3FXsr5ksKGNFMYzJ9wQ,True,2026-03,same pano,0,unvalidated,True,True,False,False,True,False,False
gainesville:37125,37125,26,full,xXb3FXsr5ksKGNFMYzJ9wQ,True,2026-03,same pano,0,unvalidated,True,True,True,False,True,True,False
gainesville:37126,37126,26,full,xXb3FXsr5ksKGNFMYzJ9wQ,True,2026-03,same pano,0,unvalidated,True,True,True,False,True,True,False
gainesville:37128,37128,26,full,kX2URDsPyYMqpSdosNYhkg,True,2023-09,same pano,0,unvalidated,True,True,False,False,True,False,False
gainesville:37130,37130,26,full,kX2URDsPyYMqpSdosNYhkg,True,2023-09,same pano,0,agreed,True,True,False,True,True,False,False
gainesville:37131,37131,26,full,kX2URDsPyYMqpSdosNYhkg,True,2023-09,same pano,0,unvalidated,True,True,False,False,True,False,False
gainesville:37184,37184,28,full,qrxQ8LWjGy_1vdD4VOQe-g,True,2026-03,same pano,0,unvalidated,True,True,True,True,True,True,True
gainesville:37188,37188,28,full,qrxQ8LWjGy_1vdD4VOQe-g,True,2026-03,same pano,0,unvalidated,True,False,True,False,False,True,False
gainesville:37191,37191,25,full,4lUmUoXZDDr6hwP93BL3TA,True,2026-03,same pano,0,unvalidated,True,True,True,True,True,True,True
gainesville:37194,37194,28,full,4lUmUoXZDDr6hwP93BL3TA,True,2026-03,same pano,0,unvalidated,True,False,False,False,False,False,False
gainesville:37196,37196,25,full,bMZBI07ues3rk3u0aSRPpQ,True,2026-03,same pano,0,unvalidated,True,True,True,False,True,True,False
gainesville:37198,37198,28,full,37Meg5LU4cnAOBpv7ZikEw,True,2026-03,same pano,0,unvalidated,True,True,True,True,True,True,True
gainesville:37200,37200,28,full,37Meg5LU4cnAOBpv7ZikEw,True,2026-03,same pano,0,unvalidated,True,True,True,True,True,True,True
gainesville:37202,37202,28,full,nJYeix4W3AH9RCbAfs9Lpg,True,2026-03,same pano,0,unvalidated,True,True,True,True,True,True,True
gainesville:37204,37204,28,full,_iU7VBLZHYytJ6DVKcoYPg,True,2026-03,same pano,0,unvalidated,True,False,True,False,False,False,False
gainesville:37206,37206,28,full,uUaYiNqAgqS7GfGePggRmQ,True,2026-03,same pano,0,unvalidated,True,True,True,True,True,True,True
gainesville:37208,37208,28,full,klcGN2c8WgeyqI-xGRmMnA,True,2026-03,same pano,0,unvalidated,True,True,True,True,True,True,True
gainesville:37209,37209,28,full,JlKRRLTqHkOaLxfHZh5c_g,True,2026-03,same pano,0,unvalidated,True,True,True,True,True,True,True
gainesville:37211,37211,28,full,BaxdriYeFTTuoctoudMskA,True,2026-03,same pano,0,agreed,True,True,True,True,True,True,True
gainesville:37212,37212,28,full,AgtSHN4Y4xyTAXm99PHZog,True,2026-03,same pano,0,unvalidated,True,True,True,False,True,True,True
gainesville:37217,37217,26,full,toS62W6oONAzITJH2BcafA,True,2026-03,same pano,0,unvalidated,True,False,True,True,False,True,True
gainesville:37219,37219,26,full,Sny88ksMhJOQYw9U-ZOBFA,True,2024-10,same pano,0,unvalidated,True,False,False,True,False,False,True
gainesville:37222,37222,28,full,Sny88ksMhJOQYw9U-ZOBFA,True,2024-10,same pano,0,unvalidated,True,True,True,True,True,False,False
gainesville:37262,37262,26,full,l8Jmokuc585fNOU_6bWsEQ,True,2023-09,same pano,0,unvalidated,True,True,True,False,True,True,False
gainesville:37264,37264,26,full,l8Jmokuc585fNOU_6bWsEQ,True,2023-09,same pano,0,unvalidated,,False,False,False,False,False,False
gainesville:37265,37265,28,full,BjKGwiz_SJg2cMvkny9SKw,True,2022-05,same pano,0,unvalidated,True,False,True,False,False,False,False
gainesville:37267,37267,28,full,BjKGwiz_SJg2cMvkny9SKw,True,2022-05,same pano,0,unvalidated,,False,False,True,False,False,False
gainesville:37268,37268,26,full,BjKGwiz_SJg2cMvkny9SKw,True,2022-05,same pano,0,unvalidated,True,True,True,True,False,True,True
gainesville:37270,37270,26,full,LpvWpDeHyo6KZO05ENq-uA,True,2022-05,same pano,0,unvalidated,True,True,False,False,True,False,False
gainesville:37271,37271,26,full,LpvWpDeHyo6KZO05ENq-uA,True,2022-05,same pano,0,unvalidated,,True,True,False,True,True,True
gainesville:37273,37273,26,full,LpvWpDeHyo6KZO05ENq-uA,True,2022-05,same pano,0,unvalidated,True,True,True,True,True,True,False
gainesville:37274,37274,26,full,LpvWpDeHyo6KZO05ENq-uA,True,2022-05,same pano,0,unvalidated,True,True,False,False,True,False,True
gainesville:37277,37277,26,full,kX2URDsPyYMqpSdosNYhkg,True,2023-09,same pano,0,unvalidated,True,False,True,False,False,True,True
gainesville:37280,37280,26,full,BRXqrYVi5aSK1HnVucUl2w,True,2023-09,same pano,0,unvalidated,True,True,True,True,True,True,True
gainesville:37281,37281,26,full,BRXqrYVi5aSK1HnVucUl2w,True,2023-09,same pano,0,unvalidated,True,True,True,True,True,True,True
gainesville:37282,37282,28,full,LC3sKtCVcphrpiGrhbJVPQ,True,2024-06,same pano,0,unvalidated,,True,True,True,True,True,True
gainesville:37286,37286,26,full,T-v5MdWtdn8nThPT47SB9A,True,2026-03,same pano,0,unvalidated,True,False,True,True,False,False,True
gainesville:37288,37288,26,full,T-v5MdWtdn8nThPT47SB9A,True,2026-03,same pano,0,unvalidated,True,False,False,False,False,False,False
gainesville:37289,37289,28,full,T-v5MdWtdn8nThPT47SB9A,True,2026-03,same pano,0,unvalidated,True,False,True,False,False,True,False
gainesville:37291,37291,27,full,xXb3FXsr5ksKGNFMYzJ9wQ,True,2026-03,same pano,0,unvalidated,True,False,True,True,False,True,True
gainesville:37292,37292,28,full,xXb3FXsr5ksKGNFMYzJ9wQ,True,2026-03,same pano,0,unvalidated,True,False,False,False,False,False,False
gainesville:37294,37294,27,full,xXb3FXsr5ksKGNFMYzJ9wQ,True,2026-03,same pano,0,unvalidated,True,True,False,False,True,False,True
gainesville:37295,37295,26,full,xXb3FXsr5ksKGNFMYzJ9wQ,True,2026-03,same pano,0,unvalidated,True,False,False,False,False,False,False
gainesville:37297,37297,26,full,zAOumZVOd5CNIFWn1YOtFg,True,2026-03,same pano,0,unvalidated,True,True,True,True,True,True,True
gainesville:37299,37299,26,full,zAOumZVOd5CNIFWn1YOtFg,True,2026-03,same pano,0,unvalidated,True,True,True,True,True,True,True
gainesville:37301,37301,26,full,92REmkimEvqUAMvLaHw-vA,True,2026-03,same pano,0,unvalidated,,True,True,True,True,True,True
gainesville:37302,37302,26,full,92REmkimEvqUAMvLaHw-vA,True,2026-03,same pano,0,agreed,True,True,True,True,True,True,True
gainesville:37340,37340,26,full,9MM5IMOW3mY2X8xCpFK56w,True,2024-06,same pano,0,unvalidated,True,True,True,True,True,True,True
gainesville:37341,37341,26,full,9MM5IMOW3mY2X8xCpFK56w,True,2024-06,same pano,0,unvalidated,True,False,True,True,False,True,True
gainesville:37345,37345,26,full,wqZsN78PK4hWNIazHGWnMA,True,2026-03,same pano,0,unvalidated,True,True,True,True,True,True,True
gainesville:37348,37348,26,full,LvPaZJ74eas-4UMnpbnD6A,True,2026-03,same pano,0,unvalidated,,False,True,True,False,True,True
gainesville:37352,37352,26,full,AcCg_YbnaNeevcy1pNNK0Q,True,2023-10,same pano,0,unvalidated,True,True,True,True,False,True,True
gainesville:37354,37354,26,full,EuMfxrdrdOyX4vdC9pl6qA,True,2024-06,same pano,0,unvalidated,True,True,True,True,True,True,True
gainesville:37357,37357,26,full,SYqX1pgP4WA9eNOY_X-Lkg,True,2026-03,same pano,0,unvalidated,True,True,True,True,True,True,True
gainesville:37359,37359,26,full,A3Fm_SdA0EDdO-Ooc5q94w,True,2026-03,same pano,0,unvalidated,True,True,True,True,True,True,True
gainesville:37364,37364,26,full,8Sqs2oDt9AjNTlWmi_LfFA,True,2026-03,same pano,0,unvalidated,True,True,True,True,True,True,True
gainesville:37366,37366,26,full,sT2qw9gDcTL4xBHsA5-1Hg,True,2026-03,same pano,0,unvalidated,True,True,True,True,False,True,True
gainesville:37367,37367,26,full,jtjW7AZcOVR2XZGGbaFuoA,True,2026-03,same pano,0,unvalidated,,False,True,True,False,True,True
gainesville:37368,37368,26,full,jtjW7AZcOVR2XZGGbaFuoA,True,2026-03,same pano,0,unvalidated,True,False,False,True,False,False,True
gainesville:37369,37369,26,full,SYeYmPaaICfgxMlcXU-QnQ,True,2026-03,same pano,0,unvalidated,True,True,True,True,True,True,True
gainesville:37371,37371,26,full,SYeYmPaaICfgxMlcXU-QnQ,True,2026-03,same pano,0,unvalidated,True,True,True,True,True,True,True
gainesville:37373,37373,26,full,bpfhcgfNvgP61mEPlXfMsw,True,2026-03,same pano,0,unvalidated,True,True,True,True,True,True,True
gainesville:37374,37374,26,full,bpfhcgfNvgP61mEPlXfMsw,True,2026-03,same pano,0,unvalidated,True,True,True,False,False,True,False
gainesville:37375,37375,26,full,bpfhcgfNvgP61mEPlXfMsw,True,2026-03,same pano,0,unvalidated,True,True,True,True,True,True,True
gainesville:37379,37379,26,full,FticUx72NBC0LPcYWkt2vg,True,2026-03,same pano,0,unvalidated,True,True,True,True,True,True,True
gainesville:37381,37381,26,full,FticUx72NBC0LPcYWkt2vg,True,2026-03,same pano,0,unvalidated,True,True,True,True,True,True,True
gainesville:37383,37383,26,full,7K08z-d1aCI88zBZw7T72w,True,2026-03,same pano,0,unvalidated,True,True,True,True,True,True,True
gainesville:37389,37389,26,full,8f3hk9jHzI67z--G1s53NA,True,2026-03,same pano,0,unvalidated,True,True,True,True,True,True,True
gainesville:37390,37390,26,full,B03Fvr9Apr5E22F2xk0cig,True,2026-03,same pano,0,agreed,True,True,True,True,True,True,True
gainesville:37391,37391,26,full,GyEplMgRF1P7QGjHBON2RQ,True,2026-03,same pano,0,unvalidated,True,True,True,True,True,True,True
gainesville:37393,37393,26,full,GyEplMgRF1P7QGjHBON2RQ,True,2026-03,same pano,0,unvalidated,True,True,True,True,True,True,True
gainesville:37394,37394,26,full,GyEplMgRF1P7QGjHBON2RQ,True,2026-03,same pano,0,unvalidated,True,True,True,True,True,True,True
gainesville:37395,37395,26,full,y_-EZRAulNob9R14iKBc2A,True,2026-03,same pano,0,unvalidated,,True,True,True,True,True,True
gainesville:37396,37396,26,full,tTMzaHDLupnCWlUZ0BAhhQ,True,2026-03,same pano,0,unvalidated,,True,True,True,True,True,True
gainesville:37397,37397,26,full,tTMzaHDLupnCWlUZ0BAhhQ,True,2026-03,same pano,0,unvalidated,True,True,True,True,True,True,True
gainesville:37398,37398,26,full,tTMzaHDLupnCWlUZ0BAhhQ,True,2026-03,same pano,0,unvalidated,True,True,True,True,True,True,True
gainesville:37400,37400,26,full,SL2GoI1lzmMq-zAj42g73A,True,2026-03,same pano,0,unvalidated,True,True,True,True,True,True,True
gainesville:37401,37401,26,full,SL2GoI1lzmMq-zAj42g73A,True,2026-03,same pano,0,unvalidated,True,True,True,True,True,True,True
gainesville:37402,37402,26,full,SL2GoI1lzmMq-zAj42g73A,True,2026-03,same pano,0,unvalidated,True,True,True,True,True,True,True
gainesville:37403,37403,26,full,LbB6t_yU2w5IaTm_BtKKEg,True,2026-03,same pano,0,agreed,True,True,True,True,True,True,True
gainesville:37404,37404,26,full,LbB6t_yU2w5IaTm_BtKKEg,True,2026-03,same pano,0,unvalidated,True,True,True,True,True,True,True
gainesville:37405,37405,26,full,bcqSD2JIwbIPqoWQBrAkxQ,True,2026-03,same pano,0,agreed,True,True,True,True,True,True,True
gainesville:37406,37406,26,full,bcqSD2JIwbIPqoWQBrAkxQ,True,2026-03,same pano,0,unvalidated,True,True,True,True,True,True,True
gainesville:37407,37407,26,full,bcqSD2JIwbIPqoWQBrAkxQ,True,2026-03,same pano,0,unvalidated,True,True,True,True,True,True,True
gainesville:37412,37412,26,full,oTzvBSAf1wyEEExJGkStSA,True,2026-03,same pano,0,unvalidated,,True,True,True,True,True,True
gainesville:37413,37413,26,full,oTzvBSAf1wyEEExJGkStSA,True,2026-03,same pano,0,unvalidated,True,True,True,True,True,True,True
gainesville:37414,37414,26,full,pmEr0CQuZXf1V-QduaBP-w,True,2025-05,same pano,0,unvalidated,True,True,True,True,True,True,True
gainesville:37418,37418,26,full,Hp8S2WguDkCnwelJcZCoww,True,2026-03,same pano,0,unvalidated,True,False,True,True,False,True,True
gainesville:37422,37422,26,full,YB43RL5rmlXowwdDBm3W3Q,True,2026-03,same pano,0,unvalidated,True,True,True,True,False,True,True
gainesville:37425,37425,26,full,sokwVGy3E0MXJOsWCiBoTQ,True,2025-04,same pano,0,unvalidated,True,True,True,True,True,True,True
gainesville:37435,37435,26,full,fAmiRh6B7f_ebK1HVpSf-g,True,2026-03,same pano,0,unvalidated,True,True,True,True,True,True,True
gainesville:37436,37436,26,full,fAmiRh6B7f_ebK1HVpSf-g,True,2026-03,same pano,0,unvalidated,,True,True,True,True,True,True
gainesville:37437,37437,26,full,fAmiRh6B7f_ebK1HVpSf-g,True,2026-03,same pano,0,unvalidated,,True,True,True,True,True,True
gainesville:37438,37438,26,full,fAmiRh6B7f_ebK1HVpSf-g,True,2026-03,same pano,0,unvalidated,True,True,True,True,True,True,True
gainesville:37439,37439,26,full,wTTUxFcV6DCDpJqimxKAhg,True,2026-03,same pano,0,unvalidated,True,True,True,True,True,True,True
gainesville:37440,37440,26,full,wTTUxFcV6DCDpJqimxKAhg,True,2026-03,same pano,0,unvalidated,True,True,True,True,True,True,True
gainesville:37441,37441,26,full,wTTUxFcV6DCDpJqimxKAhg,True,2026-03,same pano,0,unvalidated,True,True,True,True,True,True,True
gainesville:37442,37442,26,full,wTTUxFcV6DCDpJqimxKAhg,True,2026-03,same pano,0,unvalidated,True,True,True,True,True,True,True
gainesville:37449,37449,26,full,GtXhl6Eg1yhaqV5-CYYvHA,True,2026-03,same pano,0,unvalidated,,True,True,True,True,True,True
gainesville:37450,37450,26,full,GtXhl6Eg1yhaqV5-CYYvHA,True,2026-03,same pano,0,unvalidated,True,True,True,True,True,True,True
gainesville:37453,37453,26,full,KxN_YL0tYKalU_47zIu8dg,True,2026-03,same pano,0,unvalidated,True,True,True,True,True,True,True
gainesville:37455,37455,26,full,KxN_YL0tYKalU_47zIu8dg,True,2026-03,same pano,0,unvalidated,True,True,True,True,True,True,True
gainesville:37457,37457,5,full,4C-GPyBFtRegO8IrVO-LAg,True,2026-03,same pano,0,unvalidated,True,True,True,True,True,True,True
gainesville:37458,37458,5,full,aSSYNz6BW6lv4nOqcQeUVg,True,2026-03,same pano,0,unvalidated,True,True,True,True,True,True,True
gainesville:37459,37459,26,full,lKm5awnDaf8yKoENBdW0-g,True,2026-03,same pano,0,unvalidated,True,True,True,True,False,True,True
gainesville:37460,37460,26,full,lGGhUWMi4QnmQJvuMBwX5A,True,2026-03,same pano,0,unvalidated,True,True,True,True,True,True,True
gainesville:37464,37464,26,full,FbEhRIehpmgswlb8UTgFFQ,True,2026-03,same pano,0,unvalidated,True,True,True,True,True,True,True
gainesville:37466,37466,26,full,P7w0EAcVfJm-DPKJ2F2aCw,True,2026-03,same pano,0,unvalidated,True,True,True,True,True,True,True
gainesville:37470,37470,26,full,ZJwQ_OEwtgVRXTbsHlluKA,True,2026-03,same pano,0,unvalidated,True,True,True,True,False,True,True
gainesville:37472,37472,26,full,ZJwQ_OEwtgVRXTbsHlluKA,True,2026-03,same pano,0,unvalidated,True,False,False,True,False,False,True
gainesville:37483,37483,26,full,5sWR2n9Vy7_e4x_IooV9bQ,True,2026-03,same pano,0,unvalidated,True,False,False,True,False,False,True
gainesville:37485,37485,26,full,5sWR2n9Vy7_e4x_IooV9bQ,True,2026-03,same pano,0,unvalidated,True,True,True,True,True,True,False
gainesville:37512,37512,26,full,yuQYgFXHfT9nIsCade_ZAA,True,2024-06,same pano,0,unvalidated,True,False,False,True,False,False,True
gainesville:37514,37514,26,full,yuQYgFXHfT9nIsCade_ZAA,True,2024-06,same pano,0,unvalidated,True,True,True,True,True,True,True
gainesville:37516,37516,5,full,9SDXPWBUGqmsV_9hzkmbKQ,True,2026-03,same pano,0,unvalidated,True,True,False,False,True,False,False
gainesville:37517,37517,26,full,9SDXPWBUGqmsV_9hzkmbKQ,True,2026-03,same pano,0,unvalidated,,False,True,True,False,True,True
gainesville:37524,37524,42,full,j0aZYv_mk4nxZh5wT9ThqQ,True,2026-03,same pano,0,unvalidated,True,True,True,True,False,True,True
gainesville:37525,37525,26,full,b3i-Ox35s9b_cvOgnaTM1w,True,2026-03,same pano,0,unvalidated,True,True,True,True,True,True,True
gainesville:37527,37527,26,full,b3i-Ox35s9b_cvOgnaTM1w,True,2026-03,same pano,0,unvalidated,True,True,True,True,True,True,True
gainesville:37534,37534,26,full,Jhwkk08oFAgaVm5puGe2ng,True,2023-09,same pano,0,unvalidated,True,True,False,True,True,False,True
gainesville:37536,37536,26,full,Jhwkk08oFAgaVm5puGe2ng,True,2023-09,same pano,0,unvalidated,True,False,True,True,False,True,True
gainesville:37539,37539,26,full,A2CrBvKn1K4rOfB5Daelbw,True,2026-03,same pano,0,unvalidated,True,True,True,True,True,True,True
gainesville:37540,37540,26,full,A2CrBvKn1K4rOfB5Daelbw,True,2026-03,same pano,0,unvalidated,True,True,True,True,False,True,True
gainesville:37541,37541,26,full,SXdESbPJr7CL82sBW1QLRw,True,2026-03,same pano,0,unvalidated,True,False,True,True,False,True,True
gainesville:37543,37543,26,full,SXdESbPJr7CL82sBW1QLRw,True,2026-03,same pano,0,unvalidated,True,False,True,True,False,True,True
gainesville:37545,37545,27,full,SXdESbPJr7CL82sBW1QLRw,True,2026-03,same pano,0,unvalidated,True,True,True,True,True,True,True
gainesville:37546,37546,26,full,A-s6_AqrliJqXxT0Y9hucA,True,2023-09,same pano,0,unvalidated,True,True,True,True,False,True,True
gainesville:37562,37562,26,full,WaXjnCDZEqUrwfZHjMGYpA,True,2026-03,same pano,0,unvalidated,True,True,True,True,True,True,True
gainesville:37563,37563,26,full,WaXjnCDZEqUrwfZHjMGYpA,True,2026-03,same pano,0,unvalidated,True,False,True,True,False,True,True
gainesville:37566,37566,26,full,mO6EnBpaOw5-UmVRhna6MQ,True,2025-04,same pano,0,unvalidated,True,True,True,True,False,True,True
gainesville:37570,37570,27,full,SMJO7gt2dPFRxURwEs_SCg,True,2025-04,same pano,0,unvalidated,True,True,True,True,True,True,True
gainesville:37576,37576,27,full,o9c1E77szMFrebXaWQZjGQ,True,2026-03,same pano,0,unvalidated,True,False,True,True,False,True,False
gainesville:37578,37578,27,full,nDgoS1lxj79bFZhW_a3p_A,True,2026-03,same pano,0,unvalidated,True,True,True,True,True,True,False
gainesville:37580,37580,26,full,MG2QLuOGRX6iGr9UOipxPA,True,2024-06,same pano,0,unvalidated,True,True,True,True,True,True,True
gainesville:37582,37582,26,full,E94ujiRjm9M8d_pGTfIEhQ,True,2024-06,same pano,0,unvalidated,True,True,True,True,True,True,True
gainesville:37583,37583,26,full,CXS93Xw99HQuLlbEAy16DQ,True,2024-06,same pano,0,unvalidated,True,False,True,True,False,True,True
gainesville:37585,37585,26,full,6e6qOL79sCRkAABkAX0WyQ,True,2026-03,same pano,0,agreed,True,True,True,True,False,False,False
gainesville:37591,37591,26,full,le5W7FHeiTpfXSPghElmsg,True,2025-04,same pano,0,unvalidated,True,False,True,True,False,True,True
gainesville:37592,37592,26,full,le5W7FHeiTpfXSPghElmsg,True,2025-04,same pano,0,unvalidated,True,True,True,True,False,True,True
gainesville:37594,37594,26,full,mmon9perr8wFoXRvyBdf9g,True,2025-04,same pano,0,unvalidated,True,True,True,False,True,True,False
gainesville:37595,37595,26,full,ZisNkD6fffUuE2lhcLetsg,True,2025-04,same pano,0,unvalidated,True,True,True,True,True,True,True
gainesville:37596,37596,26,full,2dGdCfDdvZG81lfRRFLu8Q,True,2026-03,same pano,0,unvalidated,True,False,True,True,False,True,True
gainesville:37598,37598,27,full,2dGdCfDdvZG81lfRRFLu8Q,True,2026-03,same pano,0,unvalidated,True,False,False,False,False,False,False
gainesville:37637,37637,27,full,oDUsglKlhGHtxhWiSKGFFQ,True,2019-06,same pano,0,unvalidated,True,False,False,False,False,False,False
gainesville:37639,37639,35,full,oDUsglKlhGHtxhWiSKGFFQ,True,2019-06,same pano,0,unvalidated,True,True,False,False,True,False,False
gainesville:37640,37640,35,full,coF6e311GX8sdackz73i3w,True,2026-03,same pano,0,unvalidated,True,False,True,False,False,False,False
gainesville:37642,37642,35,full,coF6e311GX8sdackz73i3w,True,2026-03,same pano,0,unvalidated,,False,True,True,False,True,True
gainesville:37644,37644,35,full,AEUXEq54KRFPXpYiZQIsMw,True,2026-02,same pano,0,unvalidated,True,True,False,False,False,False,True
gainesville:37645,37645,35,full,AEUXEq54KRFPXpYiZQIsMw,True,2026-02,same pano,0,unvalidated,,False,True,True,False,False,False
gainesville:37647,37647,27,full,ieln1N6D5CKNoo4KgddbZQ,True,2026-03,same pano,0,unvalidated,True,False,False,False,False,False,False
gainesville:37648,37648,27,full,ieln1N6D5CKNoo4KgddbZQ,True,2026-03,same pano,0,unvalidated,True,False,False,False,False,False,False
gainesville:37681,37681,26,full,uXUHbpiM67RrjorqcYI8vQ,True,2026-03,same pano,0,unvalidated,True,True,True,True,True,True,True
gainesville:37683,37683,27,full,uXUHbpiM67RrjorqcYI8vQ,True,2026-03,same pano,0,unvalidated,,False,False,True,False,False,True
gainesville:37706,37706,28,full,x5rLWUUtTr4CgPQqKsvFwQ,True,2026-03,same pano,0,unvalidated,True,True,True,True,True,True,True
gainesville:37707,37707,28,full,x5rLWUUtTr4CgPQqKsvFwQ,True,2026-03,same pano,0,unvalidated,True,True,True,True,False,False,False
gainesville:37708,37708,28,full,ZodDODxoUYsoE9VhSFfIlw,True,2026-03,same pano,0,unvalidated,True,True,True,True,True,True,True
gainesville:37709,37709,28,full,ZodDODxoUYsoE9VhSFfIlw,True,2026-03,same pano,0,unvalidated,True,True,True,True,True,True,True
gainesville:37711,37711,28,full,KjUDlreKWt6t28YzpuXo9g,True,2026-03,same pano,0,unvalidated,True,True,True,True,False,True,True
gainesville:37713,37713,28,full,vI7ELMEHWQ-wMOhr1lhJyg,True,2026-03,same pano,0,unvalidated,True,False,True,False,False,True,False
gainesville:37714,37714,28,full,wlK5eTCHMuIrOj0F9Gdwww,True,2026-03,same pano,0,unvalidated,True,False,True,True,False,True,True
gainesville:37715,37715,28,full,XR4uAOE4z4BcAmRj3mUayQ,True,2026-03,same pano,0,unvalidated,True,True,True,True,True,True,True
gainesville:37719,37719,28,full,NESZJ5g6cKW4Kw4qttil3g,True,2019-06,same pano,0,unvalidated,True,True,True,True,True,False,False
gainesville:37721,37721,28,full,NESZJ5g6cKW4Kw4qttil3g,True,2019-06,same pano,0,unvalidated,True,True,False,False,False,False,True
gainesville:37783,37783,28,full,QcSFSse0AxuS553IzSOHXA,True,2024-06,same pano,0,unvalidated,True,True,True,True,True,True,True
gainesville:37785,37785,28,full,QcSFSse0AxuS553IzSOHXA,True,2024-06,same pano,0,unvalidated,True,True,True,True,True,True,True
gainesville:37790,37790,28,full,IXxcVkKs7EPYvuc6x0qr4Q,True,2022-05,same pano,0,unvalidated,True,True,True,True,True,True,True
gainesville:37793,37793,28,full,IXxcVkKs7EPYvuc6x0qr4Q,True,2022-05,same pano,0,unvalidated,True,True,True,True,True,True,True
gainesville:37794,37794,28,full,PTBnG3l3GaqegixA0Mh-dQ,True,2024-06,same pano,0,unvalidated,True,True,True,True,True,True,True
gainesville:37795,37795,28,full,PTBnG3l3GaqegixA0Mh-dQ,True,2024-06,same pano,0,unvalidated,True,True,True,True,True,True,True
gainesville:37797,37797,28,full,erUFIDcXUnEj57SHR3C3Dg,True,2024-06,same pano,0,unvalidated,True,True,True,True,True,True,True
gainesville:37799,37799,28,full,erUFIDcXUnEj57SHR3C3Dg,True,2024-06,same pano,0,unvalidated,True,True,True,True,True,True,True
gainesville:37802,37802,28,full,STOvx-6jUvQasDLIfeg1Yw,True,2024-06,same pano,0,unvalidated,True,True,True,True,True,True,True
gainesville:37804,37804,28,full,STOvx-6jUvQasDLIfeg1Yw,True,2024-06,same pano,0,unvalidated,True,True,True,True,True,True,True
gainesville:37808,37808,28,full,Udi5nLHtDnnMBcRkB9tL1w,True,2024-06,same pano,0,unvalidated,True,True,True,True,True,True,True
gainesville:37809,37809,28,full,Udi5nLHtDnnMBcRkB9tL1w,True,2024-06,same pano,0,unvalidated,True,True,True,True,True,True,True
gainesville:37812,37812,28,full,Udi5nLHtDnnMBcRkB9tL1w,True,2024-06,same pano,0,unvalidated,True,True,True,True,True,True,True
gainesville:37815,37815,28,full,vMSgdCXz8epCYmRrXwsQzw,True,2024-06,same pano,0,unvalidated,True,True,True,True,True,True,True
gainesville:37817,37817,28,full,vMSgdCXz8epCYmRrXwsQzw,True,2024-06,same pano,0,unvalidated,True,True,True,True,True,True,True
gainesville:37819,37819,28,full,vMSgdCXz8epCYmRrXwsQzw,True,2024-06,same pano,0,agreed,True,True,True,True,True,True,True
gainesville:37842,37842,28,full,J8ECS1VQpR1c-Ro4LqunsQ,True,2026-03,same pano,0,unvalidated,True,True,True,True,True,True,True
gainesville:37844,37844,28,full,vxJeCTXw3_1dhsIQNGk3bQ,True,2026-03,same pano,0,unvalidated,True,True,True,True,True,True,True
gainesville:37890,37890,28,full,tfczW_h6emJIM9w2HrYEjg,True,2023-09,same pano,0,unvalidated,True,True,True,True,False,True,False
gainesville:37893,37893,28,full,tfczW_h6emJIM9w2HrYEjg,True,2023-09,same pano,0,unvalidated,True,False,False,False,False,True,True
gainesville:37910,37910,28,full,VGnXChggEa58oD8wD6yGAA,True,2026-03,same pano,0,unvalidated,True,True,True,True,True,True,True
gainesville:37911,37911,28,full,VGnXChggEa58oD8wD6yGAA,True,2026-03,same pano,0,unvalidated,True,True,True,True,True,True,True
gainesville:37966,37966,28,full,xf2KuZqP-vNLg0Bz6o8bAQ,True,2026-03,same pano,0,unvalidated,True,True,True,True,True,True,True
gainesville:37967,37967,28,full,xf2KuZqP-vNLg0Bz6o8bAQ,True,2026-03,same pano,0,unvalidated,True,True,True,True,True,True,True
gainesville:37975,37975,28,full,7Uv08oFfPP2OR0D3ss6CGQ,True,2026-03,same pano,0,unvalidated,True,True,True,True,True,True,True
gainesville:37977,37977,28,full,bK4IzInsRgD_8qYDZIxy-w,True,2026-03,same pano,0,unvalidated,True,True,True,True,False,False,True
gainesville:37984,37984,28,full,XwgXUBsT8oJK_WdsLA9Nlw,True,2024-06,same pano,0,unvalidated,True,True,True,True,True,True,True
gainesville:37985,37985,28,full,XwgXUBsT8oJK_WdsLA9Nlw,True,2024-06,same pano,0,unvalidated,True,True,True,True,True,True,True
gainesville:38002,38002,28,full,MPPU594CEK0cOXf6VkioXQ,True,2026-03,same pano,0,unvalidated,True,True,True,True,True,False,False
gainesville:38004,38004,28,full,MPPU594CEK0cOXf6VkioXQ,True,2026-03,same pano,0,unvalidated,True,True,True,True,False,True,True
gainesville:38006,38006,27,full,JDAwbf75HylYYRlUZZft8Q,True,2026-03,same pano,0,unvalidated,True,True,True,True,True,True,True
gainesville:38019,38019,28,full,6VhU2udFC4E5iQOr3Vx7QQ,True,2026-03,same pano,0,unvalidated,True,False,False,False,False,False,False
gainesville:38021,38021,28,full,6VhU2udFC4E5iQOr3Vx7QQ,True,2026-03,same pano,0,unvalidated,,False,False,False,False,False,False
gainesville:38030,38030,28,full,v1FvaxwXcy1jpeh4FPHBQQ,True,2022-05,same pano,0,unvalidated,True,True,True,True,False,False,False
gainesville:38032,38032,28,full,v1FvaxwXcy1jpeh4FPHBQQ,True,2022-05,same pano,0,unvalidated,True,True,True,True,True,True,True
gainesville:38034,38034,28,full,PeTZOu1Moeh7zftYbyYA1g,True,2023-09,same pano,0,unvalidated,True,True,True,True,True,True,True
gainesville:38036,38036,28,full,HbeWdIDxnQGw3F5fw78BDg,True,2026-03,same pano,0,unvalidated,True,True,True,True,False,False,True
gainesville:38037,38037,28,full,HbeWdIDxnQGw3F5fw78BDg,True,2026-03,same pano,0,unvalidated,True,True,True,True,False,False,False
gainesville:38040,38040,25,full,jzcgE8KcldPmOQS-UXv9hQ,True,2026-03,same pano,0,unvalidated,True,True,True,True,False,True,True
gainesville:38042,38042,25,full,jzcgE8KcldPmOQS-UXv9hQ,True,2026-03,same pano,0,unvalidated,True,True,True,True,False,False,True
gainesville:38043,38043,28,full,VI6wFwApa0UrGcacNwGVBQ,True,2026-03,same pano,0,unvalidated,True,True,True,True,True,True,True
gainesville:38045,38045,28,full,_kVB94_M_4CyJ0aCYPmHaw,True,2026-03,same pano,0,unvalidated,True,True,True,True,True,True,True
gainesville:38049,38049,28,full,Ma6XcToTT5WweGb39EDxXg,False,2026-03,same month,0,unvalidated,True,,True,False,,True,False
gainesville:38050,38050,28,full,Ma6XcToTT5WweGb39EDxXg,False,2026-03,same month,0,unvalidated,,,False,False,,False,False
gainesville:38055,38055,28,full,unHEvH739eHJG30TfBymfQ,True,2026-03,same pano,0,unvalidated,True,True,True,True,True,True,True
gainesville:38120,38120,26,full,nGxr22WtLpYpMNcacPfPKQ,True,2023-09,same pano,0,unvalidated,True,True,True,True,True,True,True
gainesville:38121,38121,26,full,nGxr22WtLpYpMNcacPfPKQ,True,2023-09,same pano,0,unvalidated,True,True,False,True,True,False,False
gainesville:38123,38123,26,full,nGxr22WtLpYpMNcacPfPKQ,True,2023-09,same pano,0,unvalidated,True,True,False,True,False,False,True
gainesville:38124,38124,26,full,wwkHiZsOXeX51K_ocd4gXw,True,2024-06,same pano,0,unvalidated,True,True,True,True,True,True,True
gainesville:38126,38126,26,full,wwkHiZsOXeX51K_ocd4gXw,True,2024-06,same pano,0,unvalidated,True,True,True,True,True,True,True
gainesville:38128,38128,28,full,BjKGwiz_SJg2cMvkny9SKw,True,2022-05,same pano,0,unvalidated,True,False,True,True,False,True,True
gainesville:38130,38130,28,full,BjKGwiz_SJg2cMvkny9SKw,True,2022-05,same pano,0,unvalidated,,True,True,True,False,True,True
gainesville:38140,38140,28,full,iRLXPtKBtfu9MHWcuUrDpA,True,2026-03,same pano,0,unvalidated,True,True,True,False,False,False,False
gainesville:38142,38142,28,full,iRLXPtKBtfu9MHWcuUrDpA,True,2026-03,same pano,0,unvalidated,True,True,False,False,True,False,False
gainesville:38219,38219,25,full,IIovh57ni43fSq81LBXHsw,True,2023-09,same pano,0,unvalidated,True,True,True,True,True,True,True
gainesville:38222,38222,25,full,KZrXblmGxssFydcezlci4A,True,2024-10,same pano,0,unvalidated,True,True,True,True,True,True,True
gainesville:38236,38236,25,full,w_uqadzuSDgdd7GTuZWLDA,True,2024-10,same pano,0,unvalidated,True,True,True,True,True,True,True
gainesville:38237,38237,25,full,w_uqadzuSDgdd7GTuZWLDA,True,2024-10,same pano,0,unvalidated,True,True,True,True,True,True,True
gainesville:38238,38238,25,full,HgG_XcfZ8fLYreEuiHlhAA,True,2025-01,same pano,0,unvalidated,True,False,True,False,False,True,False
gainesville:38240,38240,5,full,HgG_XcfZ8fLYreEuiHlhAA,True,2025-01,same pano,0,unvalidated,True,True,False,False,True,False,False
gainesville:38244,38244,25,full,DOgIq1zI0XZ9reRr68XEeQ,True,2025-01,same pano,0,unvalidated,True,True,True,True,True,False,False
gainesville:38246,38246,25,full,DOgIq1zI0XZ9reRr68XEeQ,True,2025-01,same pano,0,unvalidated,True,True,True,True,True,True,False
gainesville:38301,38301,25,full,2s3_D7SnTpBQ-rNznsevRw,True,2007-12,same pano,0,unvalidated,True,True,True,True,False,True,True
gainesville:38303,38303,25,full,2s3_D7SnTpBQ-rNznsevRw,True,2007-12,same pano,0,unvalidated,,True,True,True,True,True,True
gainesville:38304,38304,25,full,S2Fr9uHIOOj2KgswKhTdwQ,False,2024-10,newer than ours,-99,unvalidated,True,,False,False,,False,False
gainesville:38306,38306,25,full,LCY_hKg_kypHqqsDgsegCw,False,2024-10,newer than ours,-99,unvalidated,True,,True,True,,True,True
gainesville:38307,38307,25,full,Y36rA0dSDh6M8kyIqOKm4g,True,2016-07,same pano,0,unvalidated,True,True,True,True,True,True,True
gainesville:38309,38309,25,full,Y36rA0dSDh6M8kyIqOKm4g,True,2016-07,same pano,0,unvalidated,True,True,True,True,False,True,True
gainesville:38310,38310,5,full,8RhXJC7O6jYBptB8ymI2vg,False,2023-08,19-36 mo older,31,unvalidated,True,,True,True,,True,True
gainesville:38312,38312,5,full,8RhXJC7O6jYBptB8ymI2vg,False,2023-08,19-36 mo older,31,unvalidated,,,False,True,,False,True
gainesville:38314,38314,25,full,8RhXJC7O6jYBptB8ymI2vg,False,2023-08,newer than ours,-85,unvalidated,True,,True,True,,True,True
gainesville:38315,38315,5,full,FDsJ3uB31xGjxFjg5B_h4g,False,2026-03,same month,0,unvalidated,True,,True,True,,True,True
gainesville:38334,38334,25,full,UGwEnGeN5JFskNroaNG_Dg,False,2015-01,>36 mo older,104,unvalidated,True,,True,True,,True,True
gainesville:38336,38336,25,full,UGwEnGeN5JFskNroaNG_Dg,False,2015-01,>36 mo older,104,unvalidated,,,False,False,,False,False
gainesville:38362,38362,25,full,hx3lwDkAsxzPNNbXBBrCRQ,True,2026-03,same pano,0,unvalidated,True,False,True,True,False,True,True
gainesville:38363,38363,25,full,hx3lwDkAsxzPNNbXBBrCRQ,True,2026-03,same pano,0,unvalidated,True,False,True,True,False,False,False
gainesville:38365,38365,25,full,xpO1wZLkreUoc7KfV3hSwg,True,2026-03,same pano,0,unvalidated,,True,False,False,True,True,False
gainesville:38367,38367,25,full,xpO1wZLkreUoc7KfV3hSwg,True,2026-03,same pano,0,unvalidated,True,True,True,True,False,False,False
gainesville:38368,38368,25,full,CZVEg_3-_8iYymlWrVoPFw,True,2026-03,same pano,0,unvalidated,,False,True,True,False,True,False
gainesville:38370,38370,25,full,QcXeAgLY4hgTLlmNyC-tww,True,2026-03,same pano,0,unvalidated,True,True,True,True,True,True,True
gainesville:38371,38371,25,full,nQLQmDQNjegAuoMHySN9XA,True,2023-09,same pano,0,unvalidated,True,True,True,True,False,False,False
gainesville:38373,38373,25,full,nQLQmDQNjegAuoMHySN9XA,True,2023-09,same pano,0,unvalidated,,False,True,True,False,True,True
gainesville:38378,38378,25,full,fl9cHgPKYaalulotIYKAyA,True,2026-03,same pano,0,unvalidated,True,True,True,True,True,True,True
gainesville:38380,38380,25,full,fl9cHgPKYaalulotIYKAyA,True,2026-03,same pano,0,unvalidated,True,True,True,True,True,True,True
gainesville:38382,38382,25,full,2L0sMJRvdyiOqeFuhuE0QQ,True,2026-03,same pano,0,unvalidated,True,True,True,True,True,True,True
gainesville:38383,38383,25,full,CYyLj6ErCo5A_2t3Pqltjg,True,2026-03,same pano,0,unvalidated,True,True,True,True,True,True,True
gainesville:38384,38384,25,full,WI_T_sYxWTsJdP4j7rTgpA,True,2026-03,same pano,0,unvalidated,True,True,True,True,False,True,True
gainesville:38387,38387,25,full,WI_T_sYxWTsJdP4j7rTgpA,True,2026-03,same pano,0,unvalidated,,False,True,True,False,True,True
gainesville:38388,38388,25,full,Ukr-Xi8UQOqazoAD0NMZtw,True,2026-03,same pano,0,unvalidated,True,True,True,True,True,True,True
gainesville:38390,38390,25,full,Ukr-Xi8UQOqazoAD0NMZtw,True,2026-03,same pano,0,unvalidated,True,True,True,True,True,True,True
gainesville:38392,38392,25,full,iIVG3QN2jxxP355yZNUzjA,True,2026-03,same pano,0,unvalidated,True,True,True,True,False,True,True
gainesville:38393,38393,25,full,iIVG3QN2jxxP355yZNUzjA,True,2026-03,same pano,0,unvalidated,True,False,True,True,False,True,True
gainesville:38394,38394,25,full,T9OHF2HS0kpMuuKe9r6AVw,True,2026-03,same pano,0,unvalidated,True,False,True,True,False,False,False
gainesville:38396,38396,25,full,7pXXsb_pidfjVonkeZOm4g,True,2026-03,same pano,0,unvalidated,True,True,True,True,True,True,True
gainesville:38419,38419,25,full,n0NdAyBDWK00Xl97yoRTfQ,True,2026-03,same pano,0,unvalidated,True,False,True,True,False,True,True
gainesville:38421,38421,25,full,n0NdAyBDWK00Xl97yoRTfQ,True,2026-03,same pano,0,unvalidated,True,False,True,True,False,True,True
gainesville:38429,38429,25,full,8x3vfIA2k9cRxqHxIghUsQ,True,2026-03,same pano,0,unvalidated,True,True,True,True,True,True,True
gainesville:38431,38431,25,full,8x3vfIA2k9cRxqHxIghUsQ,True,2026-03,same pano,0,unvalidated,True,True,True,True,True,True,True
gainesville:38432,38432,25,full,2tRTSLkxHTvbHM73xMl5tg,True,2026-03,same pano,0,unvalidated,True,False,False,False,False,False,False
gainesville:38433,38433,25,full,2tRTSLkxHTvbHM73xMl5tg,True,2026-03,same pano,0,unvalidated,,False,False,False,False,False,False
gainesville:38482,38482,28,full,iBk3nH3w5g8nxABQqwupQg,True,2026-03,same pano,0,unvalidated,True,True,True,False,True,False,False
gainesville:38484,38484,28,full,iBk3nH3w5g8nxABQqwupQg,True,2026-03,same pano,0,unvalidated,True,True,False,True,False,False,True
gainesville:38485,38485,25,full,L1CugAWPA5HdGMLKPvv0SQ,False,2026-03,no run pano nearby,,unvalidated,True,,False,False,,False,False
gainesville:38487,38487,25,full,L1CugAWPA5HdGMLKPvv0SQ,False,2026-03,no run pano nearby,,unvalidated,True,,False,False,,False,False
gainesville:38488,38488,25,full,AJu2Xel-d36ajfGezQx3bg,False,2026-03,no run pano nearby,,unvalidated,True,,False,False,,False,False
gainesville:38490,38490,25,full,AJu2Xel-d36ajfGezQx3bg,False,2026-03,no run pano nearby,,unvalidated,True,,False,False,,False,False
gainesville:38491,38491,25,full,z-0tj0dPCgdWkO6mocmrfQ,False,2023-09,newer than ours,-189,unvalidated,True,,False,False,,False,False
gainesville:38494,38494,25,full,KIygF64pBqemxdu2UntZUQ,False,2023-09,no run pano nearby,,unvalidated,True,,False,False,,False,False
gainesville:38495,38495,25,full,pOIZa7w9_nBB7oMKKwyLVQ,False,2026-03,same month,0,unvalidated,True,,False,True,,False,True
gainesville:38497,38497,25,full,pOIZa7w9_nBB7oMKKwyLVQ,False,2026-03,same month,0,unvalidated,True,,False,True,,False,False
gainesville:38498,38498,25,full,UOm1qz-h27PzK_X2bzn14g,True,2026-03,same pano,0,unvalidated,True,True,True,True,True,True,True
gainesville:38500,38500,25,full,UOm1qz-h27PzK_X2bzn14g,True,2026-03,same pano,0,unvalidated,True,True,True,True,True,True,True
gainesville:38538,38538,25,full,JYcxYfDezWBW_o6kBs2BaQ,True,2026-03,same pano,0,unvalidated,True,False,False,True,False,False,False
gainesville:38539,38539,25,full,JYcxYfDezWBW_o6kBs2BaQ,True,2026-03,same pano,0,unvalidated,True,False,False,False,False,False,False
gainesville:38541,38541,25,full,PeYfvs8Uwyfe3F-dCUgfGQ,True,2026-03,same pano,0,unvalidated,True,True,True,True,True,True,True
gainesville:38543,38543,25,full,PeYfvs8Uwyfe3F-dCUgfGQ,True,2026-03,same pano,0,unvalidated,True,True,True,True,True,True,True
gainesville:38549,38549,25,full,7CS0rWI5KIwZpRgHhlfNeQ,True,2025-02,same pano,0,unvalidated,True,False,True,True,False,True,True
gainesville:38550,38550,25,full,ZEkCKYTD4jvEwM05tKYhKw,True,2026-03,same pano,0,unvalidated,,False,True,True,False,True,True
gainesville:38552,38552,25,full,MSFaFeI8RAv82FmEtosfNg,True,2011-05,same pano,0,unvalidated,True,True,True,True,False,True,True
gainesville:38559,38559,25,full,4eJYemMpuBTstXkliDVjRQ,True,2026-03,same pano,0,unvalidated,True,False,False,False,False,False,False
gainesville:38560,38560,25,full,4eJYemMpuBTstXkliDVjRQ,True,2026-03,same pano,0,unvalidated,True,True,True,True,True,True,True
gainesville:38563,38563,25,full,OdPOSWXFUHRBLfzh0XXC_w,True,2026-03,same pano,0,unvalidated,True,True,True,True,True,True,True
gainesville:38564,38564,25,full,OdPOSWXFUHRBLfzh0XXC_w,True,2026-03,same pano,0,unvalidated,True,False,True,True,False,True,True
gainesville:38565,38565,25,full,OdPOSWXFUHRBLfzh0XXC_w,True,2026-03,same pano,0,unvalidated,True,True,True,True,True,True,True
gainesville:38566,38566,25,full,zXhYRCfA0km1Nq3G4_RNpg,False,2026-03,same month,0,unvalidated,True,,True,True,,True,True
gainesville:38570,38570,25,full,_pYma78m-bjuSfUpkJ-ASg,True,2023-09,same pano,0,unvalidated,True,True,True,True,True,True,True
gainesville:38572,38572,25,full,_pYma78m-bjuSfUpkJ-ASg,True,2023-09,same pano,0,unvalidated,True,True,True,True,True,True,True
gainesville:38593,38593,25,full,lCZJczsmFwuZAgqsk-pORQ,True,2023-09,same pano,0,unvalidated,True,True,True,True,True,True,True
gainesville:38595,38595,25,full,lCZJczsmFwuZAgqsk-pORQ,True,2023-09,same pano,0,unvalidated,True,True,True,True,True,True,False
gainesville:38596,38596,25,full,qFA8pN0x8d1IstfzcLtT_Q,True,2026-03,same pano,0,unvalidated,True,True,True,True,True,True,True
gainesville:38598,38598,25,full,qFA8pN0x8d1IstfzcLtT_Q,True,2026-03,same pano,0,unvalidated,True,True,True,True,False,True,True
gainesville:38626,38626,25,full,1dg_dq1J-lVNI3Gpa5TQ8w,True,2026-03,same pano,0,unvalidated,True,True,True,True,True,True,True
gainesville:38627,38627,25,full,1dg_dq1J-lVNI3Gpa5TQ8w,True,2026-03,same pano,0,unvalidated,True,True,True,True,True,True,True
gainesville:38630,38630,25,full,gfq1OBWomhx8edgqNdSpig,True,2026-03,same pano,0,unvalidated,True,False,True,True,False,True,True
gainesville:38631,38631,25,full,gfq1OBWomhx8edgqNdSpig,True,2026-03,same pano,0,unvalidated,True,True,True,True,True,True,True
gainesville:38657,38657,25,full,JlgWvkvYCXybLuKNN_GAWg,True,2026-03,same pano,0,unvalidated,True,True,True,True,True,True,True
gainesville:38658,38658,25,full,JlgWvkvYCXybLuKNN_GAWg,True,2026-03,same pano,0,unvalidated,True,True,True,True,True,True,True
gainesville:38659,38659,25,full,30lrgBqZyRNYR9_mBAv3Dw,False,2026-03,same month,0,unvalidated,True,,True,True,,False,False
gainesville:38663,38663,25,full,TYYqS_Zff185o4hH6guSGg,False,2026-03,same month,0,unvalidated,True,,False,False,,False,False
gainesville:38665,38665,25,full,ug5BFK_heG4p0Xn1H6Waaw,True,2026-03,same pano,0,unvalidated,,False,True,True,False,True,True
gainesville:38667,38667,25,full,ug5BFK_heG4p0Xn1H6Waaw,True,2026-03,same pano,0,unvalidated,True,True,True,True,False,True,True
gainesville:38675,38675,25,full,lsMZB5_S94s5B9HgQUDHhQ,True,2026-03,same pano,0,unvalidated,True,True,True,False,True,True,False
gainesville:38678,38678,28,full,qrxQ8LWjGy_1vdD4VOQe-g,True,2026-03,same pano,0,unvalidated,True,True,False,True,True,False,True
gainesville:38681,38681,28,full,qrxQ8LWjGy_1vdD4VOQe-g,True,2026-03,same pano,0,unvalidated,True,False,False,True,False,False,False
gainesville:38683,38683,25,full,bMZBI07ues3rk3u0aSRPpQ,True,2026-03,same pano,0,unvalidated,True,False,False,True,False,False,True
gainesville:38685,38685,28,full,_iU7VBLZHYytJ6DVKcoYPg,True,2026-03,same pano,0,unvalidated,True,True,False,True,True,True,True
gainesville:38687,38687,25,full,8GyZfycVg9vdMQjSeZyfew,True,2026-03,same pano,0,unvalidated,True,True,True,True,True,True,True
gainesville:38689,38689,25,full,8GyZfycVg9vdMQjSeZyfew,True,2026-03,same pano,0,unvalidated,True,True,True,True,True,True,True
gainesville:38690,38690,25,full,ih7Uhh7lgoAfiWIMRRqCSQ,True,2026-03,same pano,0,unvalidated,True,True,True,True,True,True,True
gainesville:38692,38692,25,full,W7Wafx_Fh1tAeK9TsvunIA,True,2026-03,same pano,0,unvalidated,True,True,True,True,True,True,True
gainesville:38710,38710,25,full,GTnAB-A7jGYOfo65X6WZpg,True,2026-03,same pano,0,unvalidated,True,True,True,False,False,True,False
gainesville:38712,38712,25,full,WV4lQFhNBnox409GZ09I6g,True,2026-03,same pano,0,unvalidated,True,False,False,False,False,False,False
gainesville:38716,38716,28,full,BpyTiNqupkwstTD-Zhg8Ow,True,2026-03,same pano,0,unvalidated,True,True,False,True,True,True,True
gainesville:38717,38717,25,full,QYIDSbItHlX47Tp5bNq85w,True,2026-03,same pano,0,unvalidated,True,True,True,True,True,True,True
gainesville:38719,38719,25,full,7w3J2b3Rrwd3FRqchTuqdQ,True,2026-03,same pano,0,unvalidated,True,True,True,True,True,True,True
gainesville:38720,38720,25,full,H7JlWnM6GaoANam615mSnA,True,2026-03,same pano,0,unvalidated,True,True,True,True,True,True,True
gainesville:38722,38722,25,full,H7JlWnM6GaoANam615mSnA,True,2026-03,same pano,0,unvalidated,True,True,True,True,True,True,True
gainesville:38735,38735,25,full,1MG0WtQ20k7dF49MZN-obg,True,2026-03,same pano,0,unvalidated,True,True,True,True,True,True,True
gainesville:38737,38737,25,full,1MG0WtQ20k7dF49MZN-obg,True,2026-03,same pano,0,unvalidated,True,True,True,True,True,True,True
gainesville:38741,38741,25,full,EjyM0J-KxqFI0YDqQWTF5A,True,2026-03,same pano,0,unvalidated,True,True,True,True,True,True,True
gainesville:38757,38757,25,full,lcSA0d1BwVmfXLVURsV-pg,True,2015-01,same pano,0,unvalidated,True,True,True,True,True,True,True
gainesville:38762,38762,25,full,lcSA0d1BwVmfXLVURsV-pg,True,2015-01,same pano,0,unvalidated,True,True,True,True,True,True,True
gainesville:38763,38763,25,full,0kZeeC6KXLnuvNsVkHXRrA,True,2015-01,same pano,0,unvalidated,False,False,False,False,False,False,False
gainesville:38772,38772,25,full,cQkh4Ewd8B0ldEETuaIoCQ,True,2026-03,same pano,0,unvalidated,True,True,True,True,True,True,True
gainesville:38773,38773,25,full,cQkh4Ewd8B0ldEETuaIoCQ,True,2026-03,same pano,0,unvalidated,True,True,True,True,True,True,True
gainesville:38774,38774,25,full,ymDxyp4jn2BfCTzSstWwHw,True,2026-03,same pano,0,unvalidated,True,True,True,True,True,True,True
gainesville:38775,38775,25,full,fvA8ly-YUCfu7fw0sC3dqA,True,2026-03,same pano,0,unvalidated,,False,True,True,False,True,True
gainesville:38780,38780,25,full,UC08BLBYXZF1WPvmwymNRg,True,2026-03,same pano,0,unvalidated,True,True,True,True,False,True,True
gainesville:38781,38781,25,full,UC08BLBYXZF1WPvmwymNRg,True,2026-03,same pano,0,unvalidated,True,False,True,True,False,False,False
gainesville:38788,38788,25,full,dIo2nU0SBziyIY0yW3h_mg,False,2026-03,same month,0,unvalidated,,,True,True,,True,True
gainesville:38790,38790,25,full,4WWXGjsgY3AXx4YWdKmD1Q,True,2026-03,same pano,0,unvalidated,True,True,False,True,True,False,True
gainesville:38792,38792,25,full,4WWXGjsgY3AXx4YWdKmD1Q,True,2026-03,same pano,0,unvalidated,True,True,False,True,True,False,True
gainesville:38793,38793,25,full,3lNmJILRAnpct8IMUuafoQ,True,2026-03,same pano,0,unvalidated,True,True,True,True,True,True,True
gainesville:38795,38795,25,full,ahZMz8i9uZKd_Jfej6kWkQ,True,2026-03,same pano,0,unvalidated,True,True,True,True,True,True,True
gainesville:38796,38796,25,full,v19aulqcRhtkVQMXYcp2Gg,True,2026-03,same pano,0,unvalidated,True,True,True,True,True,True,True
gainesville:38798,38798,25,full,ubCDtDg3z-NlNaVP7kY2qw,True,2026-03,same pano,0,unvalidated,True,True,True,True,False,True,True
gainesville:38800,38800,25,full,FAz56XBMfgcoySlsmm7pqg,True,2026-03,same pano,0,unvalidated,True,False,True,True,False,True,True
gainesville:38802,38802,25,full,vjQEgPi87O72eGvKPKSo7w,True,2026-03,same pano,0,unvalidated,True,True,True,True,True,True,True
gainesville:38804,38804,25,full,bwbdIXoC8EUnM6BZQWmmDQ,True,2026-03,same pano,0,unvalidated,True,True,True,True,True,True,True
gainesville:38805,38805,25,full,D5r25atf9F3B6dIUBF-Niw,True,2026-03,same pano,0,unvalidated,True,True,True,True,True,True,True
gainesville:38807,38807,25,full,JefW8g9A_gv4_IcuB6A0mg,True,2026-03,same pano,0,unvalidated,True,True,True,True,False,True,True
gainesville:38843,38843,25,full,48UuD2nizMFYzOh3YZpF6Q,True,2023-08,same pano,0,unvalidated,True,False,False,False,False,False,False
gainesville:38845,38845,25,full,48UuD2nizMFYzOh3YZpF6Q,True,2023-08,same pano,0,unvalidated,True,True,True,True,False,False,False
gainesville:38846,38846,25,full,xKUEq0lFnka1N7581dR3hA,False,2023-03,1-18 mo older,5,unvalidated,True,,True,True,,False,False
gainesville:38848,38848,25,full,xKUEq0lFnka1N7581dR3hA,False,2023-03,1-18 mo older,5,agreed,True,,False,False,,False,False
gainesville:38849,38849,25,full,eko9exicpwM8zJmecVFAUw,False,2026-03,newer than ours,-30,unvalidated,True,,False,False,,False,False
gainesville:38851,38851,25,full,eko9exicpwM8zJmecVFAUw,False,2026-03,newer than ours,-30,unvalidated,True,,True,True,,True,True
gainesville:38852,38852,28,full,YOhHcCDH-BvxkSc24tTncg,True,2026-03,same pano,0,unvalidated,True,True,True,False,True,True,False
gainesville:38855,38855,28,full,6vB3oGCa4nz2GAGQvThhTw,True,2026-03,same pano,0,unvalidated,True,True,True,True,True,True,True
gainesville:38872,38872,25,full,lhxEMuNXSW0429eBjVUz-Q,True,2026-03,same pano,0,unvalidated,True,True,True,True,True,True,True
gainesville:38876,38876,5,full,boHpzbmW4TYaJeyip8BXsA,True,2026-03,same pano,0,unvalidated,True,True,False,False,True,False,False
gainesville:38879,38879,5,full,178BEEeVwvmyNBPHc7rclA,True,2025-03,same pano,0,unvalidated,True,True,True,True,False,True,True
gainesville:38882,38882,5,full,u-82mNG5pjQA1q5YpC1OoQ,True,2025-03,same pano,0,unvalidated,True,True,True,True,True,True,True
gainesville:38885,38885,25,full,4TfV5srYnBWG3h5ILCXCkw,True,2026-03,same pano,0,unvalidated,True,True,True,True,False,True,True
gainesville:38886,38886,25,full,_paMFb51HDYk1FfQP_M6NQ,True,2026-03,same pano,0,unvalidated,True,False,True,True,False,True,True
gainesville:38887,38887,25,full,jJkYwgpYOAb1wbnFh2gUbg,True,2026-03,same pano,0,unvalidated,True,True,True,True,False,True,True
gainesville:38889,38889,25,full,DA4D453sqpnTeGhUUprlNQ,True,2026-03,same pano,0,unvalidated,True,True,True,True,True,True,True
gainesville:38900,38900,25,full,_Y22Al74MOS-JYl_tGI8lw,True,2026-03,same pano,0,unvalidated,,False,False,False,False,False,False
gainesville:38902,38902,25,full,_Y22Al74MOS-JYl_tGI8lw,True,2026-03,same pano,0,unvalidated,True,False,False,False,False,False,False
gainesville:38906,38906,25,full,7Hk5GbxsbLtJ0MGetfFrAg,True,2026-03,same pano,0,agreed,True,True,True,True,False,False,False
gainesville:38907,38907,25,full,7Hk5GbxsbLtJ0MGetfFrAg,True,2026-03,same pano,0,unvalidated,,False,False,False,False,False,False
gainesville:38927,38927,25,full,xNEWXgP-OMLBvHhs4Is4nw,True,2026-03,same pano,0,unvalidated,True,True,True,True,True,True,True
gainesville:38928,38928,25,full,T0hdYaqvxfY8G6s1130hRQ,True,2026-03,same pano,0,unvalidated,True,False,False,True,False,False,True
gainesville:38929,38929,25,full,lNAsWt2Uilnm8WB1zVDy9A,True,2026-03,same pano,0,unvalidated,,True,True,True,False,False,False
gainesville:38931,38931,25,full,xNEWXgP-OMLBvHhs4Is4nw,True,2026-03,same pano,0,unvalidated,True,True,False,True,False,False,False
gainesville:38932,38932,25,full,J2QY-1stvfr32chK_6VSpw,True,2026-03,same pano,0,unvalidated,True,True,True,True,False,True,True
gainesville:38934,38934,25,full,Q4OyHqSPq-G4i_OkKFdoLA,True,2026-03,same pano,0,unvalidated,True,True,True,True,True,True,True
gainesville:38935,38935,25,full,Q4OyHqSPq-G4i_OkKFdoLA,True,2026-03,same pano,0,unvalidated,,False,True,True,False,False,False
gainesville:38936,38936,25,full,Q4OyHqSPq-G4i_OkKFdoLA,True,2026-03,same pano,0,unvalidated,True,True,True,True,False,True,True
gainesville:38938,38938,25,full,nxcEai_YDZ5o9SCmU6_8xw,False,2026-03,newer than ours,-132,unvalidated,True,,True,True,,True,True
gainesville:38939,38939,25,full,_iLK1p2VtIvPBoST1jizeQ,False,2026-03,same month,0,unvalidated,True,,True,True,,True,True
gainesville:38940,38940,25,full,IS19otypIvGG575QHJsFzg,True,2026-03,same pano,0,unvalidated,True,True,True,True,True,True,True
gainesville:38942,38942,25,full,p4YecuJWhihPQFe1XqRT9w,True,2026-03,same pano,0,unvalidated,True,True,True,True,False,True,True
gainesville:38943,38943,25,full,azbaoNI8Eph75vpJOn5FFw,True,2026-03,same pano,0,unvalidated,True,True,True,True,True,True,True
gainesville:38945,38945,25,full,6RBakCJ56K_VJKEjFJU2Xw,True,2026-03,same pano,0,unvalidated,True,True,True,True,True,True,True
gainesville:38947,38947,25,full,AfKBivwCmo4lj7v9DSTUJg,False,2026-03,no run pano nearby,,unvalidated,True,,False,False,,False,False
gainesville:38951,38951,25,full,ryvANg2xcKw87ZiZfmG9rQ,False,2026-03,no run pano nearby,,agreed,True,,False,False,,False,False
gainesville:38952,38952,25,full,kThOogn7GaParT1YL-7H1w,False,2026-03,no run pano nearby,,unvalidated,True,,False,False,,False,False
gainesville:38958,38958,25,full,LZtzEhCbQQAHU0vGW6FEXw,True,2026-03,same pano,0,unvalidated,True,True,True,True,True,True,True
gainesville:38959,38959,25,full,6CpEQYcyeKeVKmCWOcMHyQ,True,2011-05,same pano,0,unvalidated,True,True,True,True,True,True,True
gainesville:38983,38983,25,full,ebe1DBUNCX8MV2vLlFUk3w,True,2026-03,same pano,0,unvalidated,True,True,True,False,False,True,True
gainesville:38984,38984,25,full,ebe1DBUNCX8MV2vLlFUk3w,True,2026-03,same pano,0,unvalidated,True,True,True,True,False,False,True
gainesville:38997,38997,5,full,WC2LPMORCGuARDwUtOxh_w,True,2025-01,same pano,0,unvalidated,,True,True,True,True,True,True
gainesville:38998,38998,5,full,og_ff5pZkydD91ZcW-p-_w,True,2025-01,same pano,0,unvalidated,True,True,True,True,True,True,True
gainesville:38999,38999,25,full,auVE8W1GoSTSeCYKyymc9Q,True,2026-03,same pano,0,unvalidated,,False,True,True,False,True,True
gainesville:39000,39000,25,full,zkL23sXe-E6-NcG11HMkwQ,True,2024-10,same pano,0,unvalidated,True,False,True,True,False,True,True
gainesville:39003,39003,25,full,E4MHvo5y01dhy6PJujkxvw,True,2025-01,same pano,0,unvalidated,True,False,True,True,False,False,False
gainesville:39005,39005,25,full,E4MHvo5y01dhy6PJujkxvw,True,2025-01,same pano,0,unvalidated,True,True,True,True,True,True,True
gainesville:39019,39019,25,full,4Omo1BERz2kCpgjocyUNHw,False,2026-03,newer than ours,-30,unvalidated,True,,True,True,,True,True
gainesville:39021,39021,25,full,4Omo1BERz2kCpgjocyUNHw,False,2026-03,newer than ours,-30,unvalidated,True,,False,False,,False,False
gainesville:39022,39022,25,full,5nWpQv_ABchNaR3SAFVAEg,False,2026-03,newer than ours,-30,unvalidated,True,,True,True,,True,True
gainesville:39024,39024,25,full,5nWpQv_ABchNaR3SAFVAEg,False,2026-03,newer than ours,-178,unvalidated,True,,True,True,,True,True
gainesville:39025,39025,25,full,XD9TWyJm6T2koVgo0mR7qg,True,2023-09,same pano,0,unvalidated,,False,False,False,False,False,False
gainesville:39027,39027,25,full,XD9TWyJm6T2koVgo0mR7qg,True,2023-09,same pano,0,unvalidated,False,False,False,False,False,False,False
gainesville:39029,39029,25,full,29BEmsHZqaZQYHFzDdna_A,False,2026-03,no run pano nearby,,unvalidated,True,,False,False,,False,False
gainesville:39030,39030,25,full,29BEmsHZqaZQYHFzDdna_A,False,2026-03,no run pano nearby,,unvalidated,True,,False,False,,False,False
gainesville:39031,39031,25,full,e8BlNQLf2Sim_WOzMji-Ow,False,2026-03,no run pano nearby,,unvalidated,True,,False,False,,False,False
gainesville:39033,39033,25,full,e8BlNQLf2Sim_WOzMji-Ow,False,2026-03,no run pano nearby,,unvalidated,True,,False,False,,False,False
gainesville:39034,39034,25,full,lchngOZNaURT5t1pr439uw,False,2026-03,newer than ours,-219,unvalidated,True,,False,False,,False,False
gainesville:39036,39036,25,full,lchngOZNaURT5t1pr439uw,False,2026-03,newer than ours,-219,unvalidated,True,,True,False,,True,False
gainesville:39038,39038,28,full,QOpgKM-XXmLzY15YUOfu-Q,True,2026-03,same pano,0,unvalidated,True,True,True,True,True,True,True
gainesville:39041,39041,28,full,0iDuaHMbDaCws0Sikz8PHQ,True,2023-09,same pano,0,unvalidated,True,True,False,False,True,False,False
gainesville:39045,39045,28,full,NV4my_xoD2ER8dfJx3RIQg,True,2026-03,same pano,0,unvalidated,True,True,True,True,True,True,True
gainesville:39048,39048,28,full,NV4my_xoD2ER8dfJx3RIQg,True,2026-03,same pano,0,unvalidated,True,True,True,False,True,True,False
gainesville:39072,39072,25,full,TOPOdjRZADRbQNcnoVUpcQ,True,2026-03,same pano,0,unvalidated,True,True,True,True,True,True,True
gainesville:39073,39073,25,full,TOPOdjRZADRbQNcnoVUpcQ,True,2026-03,same pano,0,unvalidated,True,True,True,True,True,True,True
gainesville:39077,39077,25,full,TG1GZ0U8sVTxLrve74yvjQ,False,2026-03,no run pano nearby,,unvalidated,True,,False,False,,False,False
gainesville:39079,39079,25,full,TG1GZ0U8sVTxLrve74yvjQ,False,2026-03,no run pano nearby,,unvalidated,True,,False,False,,False,False
gainesville:39080,39080,25,full,TG1GZ0U8sVTxLrve74yvjQ,False,2026-03,no run pano nearby,,unvalidated,True,,False,False,,False,False
gainesville:39084,39084,25,full,ll6ImAbbGH0rLhr-BVVw1A,True,2026-03,same pano,0,unvalidated,True,False,True,True,False,False,False
gainesville:39086,39086,25,full,ll6ImAbbGH0rLhr-BVVw1A,True,2026-03,same pano,0,unvalidated,,True,True,True,False,False,False
gainesville:39087,39087,25,full,ll6ImAbbGH0rLhr-BVVw1A,True,2026-03,same pano,0,unvalidated,True,True,True,True,True,True,True
gainesville:39088,39088,25,full,ll6ImAbbGH0rLhr-BVVw1A,True,2026-03,same pano,0,unvalidated,,True,False,True,False,False,False
gainesville:39118,39118,28,full,tkXW59Rv_kJOjgbbnCmpEA,True,2025-01,same pano,0,unvalidated,True,False,True,False,False,True,False
gainesville:39120,39120,25,full,tkXW59Rv_kJOjgbbnCmpEA,True,2025-01,same pano,0,unvalidated,True,False,False,False,False,False,False
gainesville:39138,39138,32,full,1PT7A-w8AXctaXw3s_PRKA,True,2026-02,same pano,0,unvalidated,True,True,True,False,True,True,True
gainesville:39140,39140,32,full,1PT7A-w8AXctaXw3s_PRKA,True,2026-02,same pano,0,agreed,True,True,True,True,True,True,False
gainesville:39141,39141,32,full,1PT7A-w8AXctaXw3s_PRKA,True,2026-02,same pano,0,unvalidated,True,True,False,False,True,False,False
gainesville:39143,39143,32,full,8mZ5-M6iy5WIUbHUDcdzSw,True,2025-04,same pano,0,agreed,True,False,True,True,False,True,True
gainesville:39148,39148,32,full,ffDpQCe_fd1ztXUua-krIQ,True,2025-04,same pano,0,agreed,True,False,True,True,False,True,True
gainesville:39152,39152,32,full,jRO52nK2VrjpRZuZ_FDSTw,True,2026-02,same pano,0,agreed,True,False,True,True,False,True,False
gainesville:39154,39154,35,full,dIq-GXhnzvES3cPNTboaJw,True,2026-02,same pano,0,unvalidated,False,False,False,False,False,False,False
gainesville:39155,39155,35,full,dIq-GXhnzvES3cPNTboaJw,True,2026-02,same pano,0,unvalidated,False,True,True,True,True,True,True
gainesville:39157,39157,35,full,D2uXYvhSIZwwdoq5AqvZDA,False,2026-02,same month,0,unvalidated,True,,False,False,,False,False
gainesville:39158,39158,35,full,D2uXYvhSIZwwdoq5AqvZDA,False,2026-02,same month,0,unvalidated,True,,False,False,,True,True
gainesville:39176,39176,27,full,GXhraM-EkSq6UVxwA9dC2Q,True,2026-02,same pano,0,unvalidated,True,True,True,True,True,True,True
gainesville:39177,39177,27,full,GXhraM-EkSq6UVxwA9dC2Q,True,2026-02,same pano,0,unvalidated,True,True,True,True,True,True,True
gainesville:39179,39179,27,full,2W6EHy1XiRudB68nHj77HQ,True,2025-04,same pano,0,unvalidated,,False,True,True,False,False,False
gainesville:39180,39180,27,full,uIFMkbr6UlTtV2pO6k-9xg,True,2025-04,same pano,0,agreed,True,True,True,True,False,True,True
gainesville:39181,39181,27,full,nuMh8f27SdFJxbfZfVpr0A,True,2025-04,same pano,0,unvalidated,True,False,True,True,False,True,True
gainesville:39183,39183,27,full,htxmiQMHYTS1YskpZEZU0w,True,2026-02,same pano,0,unvalidated,True,False,True,True,False,False,True
gainesville:39184,39184,27,full,1z6_KZzQw_QTYa5UGppzgQ,False,2026-02,same month,0,unvalidated,True,,False,False,,False,False
gainesville:39189,39189,29,full,tplIdHlSv2PBQFZDAhnoEg,True,2026-02,same pano,0,unvalidated,True,False,True,False,False,False,False
gainesville:39191,39191,29,full,7d5BdP3ntoii4OuUnqEFiQ,True,2025-04,same pano,0,unvalidated,True,False,True,False,False,True,False
gainesville:39195,39195,27,full,HylDo2JbKuJE0-C0p90Ygg,True,2025-04,same pano,0,unvalidated,True,False,False,False,False,False,False
gainesville:39203,39203,27,full,nDgoS1lxj79bFZhW_a3p_A,True,2026-03,same pano,0,unvalidated,True,False,True,True,False,True,True
gainesville:39207,39207,27,full,o9c1E77szMFrebXaWQZjGQ,True,2026-03,same pano,0,unvalidated,True,True,True,True,True,True,True
gainesville:39210,39210,27,full,SMJO7gt2dPFRxURwEs_SCg,True,2025-04,same pano,0,unvalidated,True,False,True,True,False,False,True
gainesville:39215,39215,26,full,5sWR2n9Vy7_e4x_IooV9bQ,True,2026-03,same pano,0,unvalidated,True,True,True,False,True,True,False
gainesville:39216,39216,26,full,5sWR2n9Vy7_e4x_IooV9bQ,True,2026-03,same pano,0,unvalidated,,False,False,False,False,False,False
gainesville:39218,39218,27,full,f_96eJityA3rh1Tnp-la1Q,True,2026-03,same pano,0,unvalidated,,True,True,True,False,True,True
gainesville:39219,39219,27,full,f_96eJityA3rh1Tnp-la1Q,True,2026-03,same pano,0,unvalidated,True,True,True,True,True,True,True
gainesville:39220,39220,27,full,PoQ25Nv1pkiDIawtJU-EMA,True,2026-03,same pano,0,unvalidated,True,True,True,True,False,True,True
gainesville:39222,39222,27,full,ysq8c-eRmpCCNQtfsvx8HA,True,2026-03,same pano,0,unvalidated,,True,True,True,True,True,True
gainesville:39223,39223,27,full,y8ASg5N-gq7R0sCCbu2eJQ,True,2026-03,same pano,0,unvalidated,,True,True,True,False,False,False
gainesville:39224,39224,27,full,y8ASg5N-gq7R0sCCbu2eJQ,True,2026-03,same pano,0,unvalidated,True,False,True,True,False,True,True
gainesville:39226,39226,27,full,2dGdCfDdvZG81lfRRFLu8Q,True,2026-03,same pano,0,unvalidated,True,True,False,False,True,False,False
gainesville:39229,39229,26,full,2dGdCfDdvZG81lfRRFLu8Q,True,2026-03,same pano,0,unvalidated,True,True,True,True,True,False,False
gainesville:39230,39230,27,full,ss6UNdSuDgLVoNRjDq4NIg,True,2026-03,same pano,0,unvalidated,False,True,True,True,True,True,True
gainesville:39232,39232,27,full,ss6UNdSuDgLVoNRjDq4NIg,True,2026-03,same pano,0,unvalidated,True,True,True,True,False,False,False
gainesville:39233,39233,27,full,ss6UNdSuDgLVoNRjDq4NIg,True,2026-03,same pano,0,unvalidated,True,True,True,True,True,True,True
gainesville:39234,39234,27,full,ss6UNdSuDgLVoNRjDq4NIg,True,2026-03,same pano,0,unvalidated,True,True,True,True,True,True,True
gainesville:39237,39237,26,full,pz7QX3b85MOKzcBTlM0lEA,True,2026-03,same pano,0,unvalidated,True,True,True,False,True,True,False
gainesville:39238,39238,26,full,pz7QX3b85MOKzcBTlM0lEA,True,2026-03,same pano,0,unvalidated,True,True,True,False,True,True,False
gainesville:39239,39239,27,full,6U6ny889KfHe4BnTMwwb8Q,True,2026-03,same pano,0,unvalidated,True,True,True,True,True,True,True
gainesville:39240,39240,27,full,hUp4BHEd3wJsiBVzqNFiQg,True,2026-03,same pano,0,agreed,True,True,True,True,True,True,True
gainesville:39243,39243,26,full,hUp4BHEd3wJsiBVzqNFiQg,True,2026-03,same pano,0,unvalidated,,True,True,False,True,True,False
gainesville:39244,39244,26,full,hUp4BHEd3wJsiBVzqNFiQg,True,2026-03,same pano,0,agreed,True,True,True,False,True,True,False
gainesville:39258,39258,27,full,sETdDdfrga6Hbe1sDCq3CQ,True,2026-03,same pano,0,unvalidated,True,True,True,True,True,True,True
gainesville:39259,39259,27,full,sETdDdfrga6Hbe1sDCq3CQ,True,2026-03,same pano,0,unvalidated,True,True,True,True,True,True,True
gainesville:39263,39263,27,full,agOoVVuicCJqfQBtdiyaVQ,True,2026-03,same pano,0,unvalidated,True,True,True,True,True,True,True
gainesville:39264,39264,27,full,agOoVVuicCJqfQBtdiyaVQ,True,2026-03,same pano,0,unvalidated,True,False,True,True,False,True,True
gainesville:39265,39265,27,full,b-prp26oMt2J4_On9xdeJg,True,2025-04,same pano,0,unvalidated,True,True,True,True,True,True,True
gainesville:39267,39267,27,full,KBmu6Sg-95EyILwNurNM2g,True,2026-03,same pano,0,unvalidated,,False,True,True,False,True,True
gainesville:39268,39268,27,full,tyF9IMG6m0aEhaj6tWWzhA,True,2024-06,same pano,0,unvalidated,True,True,True,True,True,True,True
gainesville:39270,39270,27,full,tyF9IMG6m0aEhaj6tWWzhA,True,2024-06,same pano,0,unvalidated,True,True,True,True,True,True,True
gainesville:39288,39288,27,full,MW0elzOF8j-qQCc6jcxr8w,True,2023-09,same pano,0,agreed,True,True,True,True,True,True,True
gainesville:39290,39290,27,full,wm8lEwyz4hGIXZoe9fWtgQ,True,2026-03,same pano,0,unvalidated,True,True,True,True,True,True,True
gainesville:39291,39291,27,full,tJOSRDdD_UrvGjEfSAP2Tg,True,2026-03,same pano,0,unvalidated,True,True,True,True,True,True,True
gainesville:39293,39293,27,full,MkD2jVsP5uJiJO_lyRY6BA,True,2026-03,same pano,0,unvalidated,True,True,True,True,True,True,True
gainesville:39295,39295,27,full,vSYB8Bhtwusvw6HguwRyBQ,True,2026-03,same pano,0,unvalidated,True,False,True,True,False,True,True
gainesville:39296,39296,27,full,v-dgSM8rMbMmtwny7dg9zA,True,2026-03,same pano,0,unvalidated,True,True,False,True,True,False,True
gainesville:39333,39333,27,full,tcfq3FmVSFKbQk5Jc61tYA,True,2026-03,same pano,0,unvalidated,False,False,False,False,False,False,False
gainesville:39335,39335,27,full,tcfq3FmVSFKbQk5Jc61tYA,True,2026-03,same pano,0,unvalidated,True,False,True,True,False,False,False
gainesville:39339,39339,27,full,9cCFX_3_bVrC57P1mPW2Lw,True,2026-03,same pano,0,unvalidated,True,True,True,True,True,True,True
gainesville:39341,39341,27,full,9cCFX_3_bVrC57P1mPW2Lw,True,2026-03,same pano,0,unvalidated,True,True,True,True,False,True,True
gainesville:39342,39342,27,full,P8dszQTduIvrtKQyvgnn-A,True,2026-03,same pano,0,unvalidated,True,True,True,True,True,True,True
gainesville:39344,39344,27,full,m1rAfbkss29ADHWRv8ftvQ,True,2026-03,same pano,0,unvalidated,,True,True,True,False,True,True
gainesville:39345,39345,28,full,5bBLmpm4MqVE-LuFA7E7vg,True,2026-03,same pano,0,unvalidated,True,True,True,True,True,False,False
gainesville:39347,39347,27,full,5bBLmpm4MqVE-LuFA7E7vg,True,2026-03,same pano,0,unvalidated,True,True,False,False,True,False,False
gainesville:39349,39349,28,full,_ZA9Bw6FUcv_0whYwME8WQ,True,2024-06,same pano,0,unvalidated,,True,True,True,True,True,True
gainesville:39350,39350,27,full,JB2k6w5YLhcZ_WgbYV4YQA,True,2024-06,same pano,0,unvalidated,True,True,True,True,False,False,False
gainesville:39351,39351,26,full,xXb3FXsr5ksKGNFMYzJ9wQ,True,2026-03,same pano,0,unvalidated,True,False,True,True,False,True,True
gainesville:39353,39353,26,full,vm-k5caob21LGXziOZu25A,True,2026-03,same pano,0,unvalidated,True,True,False,True,True,False,True
gainesville:39354,39354,26,full,T-v5MdWtdn8nThPT47SB9A,True,2026-03,same pano,0,unvalidated,True,True,False,False,True,False,False
gainesville:39356,39356,26,full,T-v5MdWtdn8nThPT47SB9A,True,2026-03,same pano,0,unvalidated,True,True,True,True,True,True,True
gainesville:39357,39357,28,full,T-v5MdWtdn8nThPT47SB9A,True,2026-03,same pano,0,unvalidated,True,True,False,True,True,False,True
gainesville:39360,39360,27,full,sJ00szQoyUaoIJfNWwXrDg,True,2026-03,same pano,0,unvalidated,True,True,False,False,True,False,False
gainesville:39362,39362,28,full,sJ00szQoyUaoIJfNWwXrDg,True,2026-03,same pano,0,unvalidated,True,True,False,True,True,False,True
gainesville:39365,39365,27,full,W8XZ2iUKHhJkNdMz7BtdMw,True,2026-02,same pano,0,unvalidated,,False,True,True,False,True,True
gainesville:39368,39368,27,full,W8XZ2iUKHhJkNdMz7BtdMw,True,2026-02,same pano,0,unvalidated,True,False,True,True,False,True,True
gainesville:39369,39369,27,full,kUGSxGU_f-iIqVAXtEXvlQ,True,2026-03,same pano,0,unvalidated,True,True,True,True,False,True,True
gainesville:39371,39371,27,full,Cq19UO7GpqoG_nkT4K0OJA,True,2026-03,same pano,0,unvalidated,True,True,True,True,False,False,False
gainesville:39388,39388,27,full,_47aXyF3fE80GC4XkM2OOQ,True,2026-03,same pano,0,unvalidated,True,True,True,True,True,True,True
gainesville:39389,39389,27,full,_47aXyF3fE80GC4XkM2OOQ,True,2026-03,same pano,0,unvalidated,True,True,True,True,True,True,True
gainesville:39390,39390,27,full,DlhFgCLBFKtXzgMYxR_irg,True,2026-03,same pano,0,unvalidated,True,False,True,True,False,True,True
gainesville:39391,39391,27,full,OMMOzuQZ1nihIvf2Zm0paQ,True,2026-03,same pano,0,unvalidated,True,True,True,True,True,True,True
gainesville:39398,39398,27,full,SqTGUIyDajzUtK3mRzDZVA,True,2026-03,same pano,0,unvalidated,True,True,True,True,True,True,True
gainesville:39399,39399,27,full,SxMVl_DRQndQkQAvu9a01Q,True,2026-03,same pano,0,unvalidated,True,True,True,True,True,True,True
gainesville:39407,39407,27,full,BLg7J-c1W_GtM3GTOCinow,True,2026-03,same pano,0,unvalidated,True,True,True,True,True,True,True
gainesville:39408,39408,27,full,BLg7J-c1W_GtM3GTOCinow,True,2026-03,same pano,0,agreed,True,True,True,True,True,True,True
gainesville:39409,39409,27,full,BLg7J-c1W_GtM3GTOCinow,True,2026-03,same pano,0,unvalidated,True,True,True,True,True,True,True
gainesville:39410,39410,27,full,BLg7J-c1W_GtM3GTOCinow,True,2026-03,same pano,0,unvalidated,False,False,True,True,False,True,True
gainesville:39411,39411,27,full,wVKtThECAR4MY9WSpJz_BA,True,2026-03,same pano,0,unvalidated,True,True,True,True,False,True,True
gainesville:39412,39412,27,full,wVKtThECAR4MY9WSpJz_BA,True,2026-03,same pano,0,unvalidated,True,True,True,True,True,True,True
gainesville:39413,39413,27,full,xoGuODQ5N2nxJA-nca2J6g,True,2026-03,same pano,0,unvalidated,True,False,True,True,False,True,True
gainesville:39414,39414,27,full,xoGuODQ5N2nxJA-nca2J6g,True,2026-03,same pano,0,unvalidated,True,True,True,True,True,True,True
gainesville:39421,39421,27,full,0rJrj19V-cya4HuXvr8FAg,True,2026-03,same pano,0,unvalidated,True,True,True,True,True,True,True
gainesville:39423,39423,27,full,0rJrj19V-cya4HuXvr8FAg,True,2026-03,same pano,0,unvalidated,True,True,True,True,True,True,True
gainesville:39424,39424,27,full,B0GbY3eyskpIEXNzG7SEXg,True,2026-03,same pano,0,unvalidated,True,True,True,True,True,True,True
gainesville:39426,39426,27,full,hXk9H1zU5b0YhEchIO7K4Q,True,2026-03,same pano,0,unvalidated,True,True,True,True,False,True,True
gainesville:39427,39427,27,full,P8MdusP7DnNU0njqH5NmTg,True,2026-03,same pano,0,unvalidated,True,True,True,True,True,True,True
gainesville:39430,39430,27,full,Q9G84KKXRk7-7tEl9qprfg,True,2026-03,same pano,0,unvalidated,True,True,True,True,True,True,True
gainesville:39431,39431,27,full,XhOooKH-LpQwME6NYx6OnQ,True,2026-03,same pano,0,unvalidated,True,True,True,True,True,True,True
gainesville:39432,39432,27,full,XhOooKH-LpQwME6NYx6OnQ,True,2026-03,same pano,0,unvalidated,True,True,True,True,True,True,True
gainesville:39581,39581,27,full,C6pVsjH6nO_C7XaoDw8EQw,True,2026-02,same pano,0,unvalidated,True,True,True,True,True,True,True
gainesville:39583,39583,27,full,C6pVsjH6nO_C7XaoDw8EQw,True,2026-02,same pano,0,unvalidated,True,True,True,True,True,True,True
gainesville:39584,39584,27,full,drjKrw9ZXOdxz_mSC3v-kQ,True,2026-03,same pano,0,unvalidated,True,False,True,True,False,True,True
gainesville:39586,39586,27,full,drjKrw9ZXOdxz_mSC3v-kQ,True,2026-03,same pano,0,unvalidated,True,False,True,True,False,True,True
gainesville:39587,39587,27,full,D5EoNl2EfMDG-qM0b1UiFw,True,2026-04,same pano,0,unvalidated,True,True,True,True,True,True,True
gainesville:39589,39589,27,full,D5EoNl2EfMDG-qM0b1UiFw,True,2026-04,same pano,0,unvalidated,True,True,True,True,True,True,True
gainesville:39590,39590,27,full,ja1BFFKMP9CUnHFGT2O5sA,True,2026-04,same pano,0,unvalidated,True,True,True,True,True,True,True
gainesville:39592,39592,27,full,ja1BFFKMP9CUnHFGT2O5sA,True,2026-04,same pano,0,unvalidated,True,True,True,True,True,True,True
gainesville:39604,39604,27,full,xOL3idSckfj7SpqOgtB_Fg,True,2026-04,same pano,0,unvalidated,True,True,True,True,True,True,True
gainesville:39606,39606,27,full,xOL3idSckfj7SpqOgtB_Fg,True,2026-04,same pano,0,unvalidated,True,True,True,True,True,True,True
gainesville:39620,39620,27,full,jw5oemDvHGxEIUvUCDAqwg,True,2026-03,same pano,0,unvalidated,True,True,True,True,True,True,True
gainesville:39621,39621,27,full,jw5oemDvHGxEIUvUCDAqwg,True,2026-03,same pano,0,unvalidated,True,True,True,True,True,True,True
gainesville:39622,39622,27,full,jw5oemDvHGxEIUvUCDAqwg,True,2026-03,same pano,0,unvalidated,True,True,True,True,True,True,True
gainesville:39624,39624,27,full,jw5oemDvHGxEIUvUCDAqwg,True,2026-03,same pano,0,unvalidated,True,True,True,True,True,True,True
gainesville:39625,39625,27,full,WzAZu29OeHlgGsYWj-JSxA,True,2026-04,same pano,0,unvalidated,True,True,True,True,True,True,True
gainesville:39627,39627,27,full,WzAZu29OeHlgGsYWj-JSxA,True,2026-04,same pano,0,unvalidated,True,True,True,True,False,True,True
gainesville:39628,39628,27,full,WzAZu29OeHlgGsYWj-JSxA,True,2026-04,same pano,0,unvalidated,True,True,True,True,True,True,True
gainesville:39629,39629,27,full,LODuELsym1X9ugepflZG9g,True,2026-02,same pano,0,unvalidated,True,True,True,True,True,True,True
gainesville:39660,39660,29,full,CAoSFkNJSE0wb2dLRUlDQWdJQzZrcnpCVVE.,False,2018-06,>36 mo older,82,agreed,True,,True,False,,True,False
gainesville:39663,39663,27,full,CAoSFkNJSE0wb2dLRUlDQWdJQzZrcnpCVVE.,False,2018-06,>36 mo older,92,agreed,True,,False,False,,False,False
gainesville:39671,39671,30,partial,BlePwtAMT2E0ZUlmwaZabQ,True,2026-02,same pano,0,unvalidated,True,True,False,True,True,False,True
gainesville:39675,39675,33,full,-FLRGyHoCo1dIhxkCRS9pg,True,2026-03,same pano,0,unvalidated,True,True,False,True,True,False,True
gainesville:39677,39677,27,full,sICj5avUY2Ud_myxwHG1rQ,True,2026-02,same pano,0,unvalidated,True,False,True,False,False,False,True
gainesville:39678,39678,27,full,sICj5avUY2Ud_myxwHG1rQ,True,2026-02,same pano,0,unvalidated,True,False,False,True,False,False,False
gainesville:39679,39679,27,full,hU-L7ItrtQfbWstCFNkQ3A,True,2026-04,same pano,0,unvalidated,True,True,True,True,True,True,True
gainesville:39681,39681,27,full,YnUUNvepuU8YujEHU7GU_g,True,2026-04,same pano,0,unvalidated,True,True,True,True,True,True,True
gainesville:39682,39682,27,full,bh8DljTPtsgoBcg7ZNAKNQ,True,2026-04,same pano,0,unvalidated,True,True,True,True,True,True,True
gainesville:39684,39684,27,full,bh8DljTPtsgoBcg7ZNAKNQ,True,2026-04,same pano,0,unvalidated,True,True,True,True,True,True,True
gainesville:39685,39685,27,full,HqWJ-71OaqnsiGUBo3j4Fw,True,2026-04,same pano,0,unvalidated,True,True,True,True,True,True,True
gainesville:39686,39686,27,full,HqWJ-71OaqnsiGUBo3j4Fw,True,2026-04,same pano,0,unvalidated,True,True,True,True,False,True,True
gainesville:39712,39712,27,full,e09FTGLY8ZfpjUchjyL12A,True,2026-03,same pano,0,unvalidated,False,False,False,False,False,False,False
gainesville:39714,39714,27,full,e09FTGLY8ZfpjUchjyL12A,True,2026-03,same pano,0,unvalidated,False,False,True,True,False,True,True
gainesville:39715,39715,27,full,9dCMxwkqwFzFnyMlzdn8fg,True,2024-06,same pano,0,unvalidated,,False,True,True,False,False,False
gainesville:39717,39717,27,full,9dCMxwkqwFzFnyMlzdn8fg,True,2024-06,same pano,0,unvalidated,True,True,True,True,True,True,True
gainesville:39718,39718,27,full,9dCMxwkqwFzFnyMlzdn8fg,True,2024-06,same pano,0,agreed,True,True,True,True,True,True,True
gainesville:39720,39720,27,full,9dCMxwkqwFzFnyMlzdn8fg,True,2024-06,same pano,0,agreed,True,False,False,True,False,False,False
gainesville:39721,39721,27,full,J8rGGsGFmmrJm_ZFUprAyQ,True,2026-03,same pano,0,unvalidated,False,False,True,True,False,False,False
gainesville:39722,39722,27,full,xxfGhm-qOA0Rx6OsNXe0DQ,True,2026-03,same pano,0,unvalidated,False,False,True,True,False,False,False
gainesville:39723,39723,27,full,O3RY_HhhW6v0_6IqvsPaNA,True,2026-04,same pano,0,unvalidated,,True,False,False,True,False,True
gainesville:39725,39725,27,full,BGDewAfb-bApaR8DpvPrvQ,True,2026-04,same pano,0,unvalidated,True,False,True,True,False,True,True
gainesville:39728,39728,27,full,WGj-MiMNuiuvB25TrmUH-g,True,2026-02,same pano,0,unvalidated,True,True,True,True,False,True,True
gainesville:39730,39730,27,full,WGj-MiMNuiuvB25TrmUH-g,True,2026-02,same pano,0,unvalidated,True,True,True,True,True,True,True
gainesville:39731,39731,27,full,QtgMWhj8i44asAdtJNnYng,True,2026-02,same pano,0,unvalidated,True,True,True,True,True,True,True
gainesville:39733,39733,27,full,hXJjGdZxe-wfgD74zRjxQg,True,2026-02,same pano,0,unvalidated,True,True,True,True,True,True,True
gainesville:39734,39734,27,full,hXJjGdZxe-wfgD74zRjxQg,True,2026-02,same pano,0,unvalidated,True,True,True,True,False,True,True
gainesville:39736,39736,27,full,hXJjGdZxe-wfgD74zRjxQg,True,2026-02,same pano,0,unvalidated,True,True,True,True,False,True,True
gainesville:39738,39738,27,full,b9HK31tbKhLHkRNLySx-2Q,True,2026-04,same pano,0,agreed,True,True,True,True,True,True,True
gainesville:39741,39741,27,full,b9HK31tbKhLHkRNLySx-2Q,True,2026-04,same pano,0,unvalidated,True,True,True,True,True,True,True
gainesville:39745,39745,27,full,T4RAPrHS5vPwDqeC4lV1_w,True,2026-04,same pano,0,unvalidated,True,True,True,True,True,True,True
gainesville:39750,39750,27,full,3ueKNqv33_9mRenqDGnUFw,True,2025-04,same pano,0,unvalidated,True,True,True,True,True,True,True
gainesville:39751,39751,27,full,OzhQ9tFd8GJ6-mnDuw5-GQ,True,2025-04,same pano,0,unvalidated,True,True,True,True,True,True,True
gainesville:39753,39753,27,full,oShMdKOqW5EMcJ06u2N-OQ,True,2024-06,same pano,0,unvalidated,True,True,True,True,True,True,True
gainesville:39778,39778,27,full,gDwUCV_S9W8mv1ciozuNZg,True,2026-04,same pano,0,unvalidated,True,True,True,True,True,True,True
gainesville:39780,39780,27,full,gDwUCV_S9W8mv1ciozuNZg,True,2026-04,same pano,0,unvalidated,True,True,True,True,True,True,True
gainesville:39861,39861,27,full,HGPQE6NHwmodOabH0UhLMA,True,2026-03,same pano,0,unvalidated,True,True,True,True,False,False,False
gainesville:39862,39862,27,full,HGPQE6NHwmodOabH0UhLMA,True,2026-03,same pano,0,unvalidated,,False,False,False,False,False,False
gainesville:39864,39864,27,full,NamIhmauAe6h8Dbc7qDMlw,True,2026-03,same pano,0,unvalidated,,False,False,False,False,False,False
gainesville:39865,39865,27,full,NamIhmauAe6h8Dbc7qDMlw,True,2026-03,same pano,0,unvalidated,,False,False,False,False,False,False
gainesville:39888,39888,27,full,HfJkLBeb61E2mamX410-mQ,True,2026-04,same pano,0,unvalidated,,True,True,True,False,False,False
gainesville:39890,39890,27,full,jefv2Pj3ZE39XmqaGmKcfQ,True,2026-04,same pano,0,unvalidated,,True,True,True,True,True,True
gainesville:39891,39891,27,full,mst9LA2vjXW51NKR3NAV_A,True,2026-04,same pano,0,unvalidated,True,False,True,True,False,False,False
gainesville:39893,39893,27,full,mst9LA2vjXW51NKR3NAV_A,True,2026-04,same pano,0,unvalidated,True,False,False,False,False,False,False
gainesville:39894,39894,27,full,MyHclmtQJ_FSZzmbMzNVPg,True,2026-02,same pano,0,unvalidated,True,True,True,True,True,True,True
gainesville:39896,39896,27,full,MyHclmtQJ_FSZzmbMzNVPg,True,2026-02,same pano,0,unvalidated,True,True,True,True,True,True,True
gainesville:39905,39905,28,full,ID3nIDbtbsQsxQnnu1irBA,True,2026-03,same pano,0,unvalidated,,False,True,False,False,True,True
gainesville:39907,39907,28,full,ID3nIDbtbsQsxQnnu1irBA,True,2026-03,same pano,0,unvalidated,True,True,True,True,True,True,True
gainesville:39908,39908,28,full,PiXlNoR41xc2oJJvOwwxWQ,True,2026-03,same pano,0,unvalidated,True,True,True,True,True,True,True
gainesville:39910,39910,28,full,iRLXPtKBtfu9MHWcuUrDpA,True,2026-03,same pano,0,unvalidated,True,False,False,True,False,False,True
gainesville:39911,39911,28,full,ki2PL5RYM6NA3n_ihXZnSQ,True,2026-03,same pano,0,unvalidated,True,False,False,False,False,False,False
gainesville:39912,39912,28,full,ki2PL5RYM6NA3n_ihXZnSQ,True,2026-03,same pano,0,unvalidated,True,True,False,False,True,False,False
gainesville:39914,39914,27,full,mslzo9q1KABDNkMY52kgog,True,2026-03,same pano,0,unvalidated,True,True,True,True,True,True,True
gainesville:39916,39916,27,full,mslzo9q1KABDNkMY52kgog,True,2026-03,same pano,0,unvalidated,True,True,True,True,True,True,True
gainesville:39933,39933,27,full,IJIX_hx0MBTxWRvy8R0DQA,True,2026-02,same pano,0,unvalidated,True,False,True,True,False,True,True
gainesville:39935,39935,27,full,S853eC-5pT0UgdkxaGgb5w,True,2026-02,same pano,0,unvalidated,True,True,True,True,True,True,True
gainesville:39936,39936,27,full,3fhiaGLxFy2W2YJxinTL7A,True,2026-02,same pano,0,unvalidated,True,False,False,False,False,False,False
gainesville:39938,39938,27,full,9VNpdJdqR7VxTMBZioGzFw,True,2026-02,same pano,0,unvalidated,True,False,False,False,False,False,False
gainesville:39944,39944,27,full,V51mgTUqcPKQ0nng4dgfFA,True,2026-03,same pano,0,unvalidated,,False,False,False,False,False,False
gainesville:39946,39946,27,full,V51mgTUqcPKQ0nng4dgfFA,True,2026-03,same pano,0,agreed,True,False,True,True,False,False,False
gainesville:39965,39965,27,full,j2PTtj30doXqJGGzTGLVRg,True,2026-03,same pano,0,unvalidated,True,True,True,True,False,False,False
gainesville:39967,39967,27,full,A3UTPgRcrpMLVjjFS9Sf3g,True,2026-03,same pano,0,unvalidated,,False,False,False,False,False,False
gainesville:39992,39992,27,full,LvIwfSzBPkbyX6ZC2w77WA,True,2026-03,same pano,0,unvalidated,True,True,True,True,True,True,True
gainesville:39994,39994,27,full,LvIwfSzBPkbyX6ZC2w77WA,True,2026-03,same pano,0,unvalidated,True,True,True,True,False,True,True
gainesville:40001,40001,27,full,d3o2bWEXL8DVuESVGZmoSA,True,2026-03,same pano,0,unvalidated,True,False,False,True,False,False,False
gainesville:40003,40003,27,full,d3o2bWEXL8DVuESVGZmoSA,True,2026-03,same pano,0,unvalidated,True,True,True,True,True,True,True
gainesville:40005,40005,27,full,phXp8K9C0DrZ5F5GphmC7w,True,2026-03,same pano,0,unvalidated,True,True,True,True,True,True,True
gainesville:40008,40008,27,full,QJDBwPkoZkWYY1PhcYSLPw,True,2026-03,same pano,0,unvalidated,True,True,True,True,True,True,True
gainesville:40010,40010,27,full,QJDBwPkoZkWYY1PhcYSLPw,True,2026-03,same pano,0,unvalidated,True,True,True,True,True,True,True
gainesville:40016,40016,27,full,XRvnyevT_Ngity0lCrfXoA,True,2026-03,same pano,0,unvalidated,True,True,True,True,True,True,True
gainesville:40017,40017,27,full,XRvnyevT_Ngity0lCrfXoA,True,2026-03,same pano,0,unvalidated,True,True,True,True,True,True,True
gainesville:40018,40018,27,full,HdfXvLgwla_o1sd2A4KkkQ,True,2026-02,same pano,0,agreed,True,False,True,True,False,True,True
gainesville:40019,40019,27,full,ee6PST_lrYEHkjMRQU1z1A,True,2026-03,same pano,0,unvalidated,,False,True,True,False,True,True
gainesville:40022,40022,27,full,g-h6QGVB2YdFVxU_P3cYEA,True,2022-05,same pano,0,unvalidated,True,True,True,True,True,True,True
gainesville:40023,40023,27,full,g-h6QGVB2YdFVxU_P3cYEA,True,2022-05,same pano,0,unvalidated,True,True,True,True,True,True,True
gainesville:40024,40024,27,full,3Vwb3lVBFkavmGL2WufqWg,True,2022-05,same pano,0,unvalidated,True,False,True,True,False,True,True
gainesville:40025,40025,27,full,3Vwb3lVBFkavmGL2WufqWg,True,2022-05,same pano,0,unvalidated,True,True,True,True,True,True,True
gainesville:40028,40028,27,full,vYZJgGKvUZLiojhI5P1yoQ,True,2022-05,same pano,0,unvalidated,,True,True,True,True,True,True
gainesville:40029,40029,27,full,vYZJgGKvUZLiojhI5P1yoQ,True,2022-05,same pano,0,unvalidated,True,True,True,True,True,True,True
gainesville:40046,40046,27,full,twzDxx-I3pVvN0KkuKYOGQ,True,2024-06,same pano,0,unvalidated,,True,True,True,True,True,True
gainesville:40048,40048,35,full,twzDxx-I3pVvN0KkuKYOGQ,True,2024-06,same pano,0,unvalidated,True,True,True,True,True,True,True
gainesville:40049,40049,27,full,oFZZmtzLirnszBkS4WcJtw,True,2026-03,same pano,0,unvalidated,True,True,True,False,False,True,False
gainesville:40051,40051,27,full,oFZZmtzLirnszBkS4WcJtw,True,2026-03,same pano,0,unvalidated,True,True,True,True,False,False,True
gainesville:40052,40052,35,full,Ycb1SR2bGDmQ_WlxKVDLWA,True,2026-02,same pano,0,unvalidated,True,True,False,False,False,False,True
gainesville:40054,40054,35,full,AEUXEq54KRFPXpYiZQIsMw,True,2026-02,same pano,0,unvalidated,True,False,True,False,False,True,False
gainesville:40055,40055,35,full,11w_IcHqmUTI3Z_on1bUGg,True,2026-02,same pano,0,unvalidated,True,True,False,True,False,False,False
gainesville:40057,40057,35,full,F6Nb9c9OrvS4IPr33ax-LA,True,2026-02,same pano,0,agreed,True,False,False,False,False,False,False
gainesville:40066,40066,28,full,ou8W0JHJT46oMnNqLrxIMg,True,2026-03,same pano,0,unvalidated,,False,True,False,False,True,False
gainesville:40068,40068,28,full,4VlIZtttMEF-sS4fpBGaMw,True,2026-03,same pano,0,unvalidated,True,False,True,False,False,False,False
gainesville:40072,40072,28,full,YBJ2FRcCClVPG8h8wYiz9A,True,2026-03,same pano,0,unvalidated,True,False,False,False,False,False,False
gainesville:40074,40074,28,full,YBJ2FRcCClVPG8h8wYiz9A,True,2026-03,same pano,0,unvalidated,,False,False,False,False,False,False
gainesville:40077,40077,27,full,pvemAw-uqVXl5C5LxnwF8w,True,2026-03,same pano,0,unvalidated,True,True,True,True,False,False,False
gainesville:40079,40079,27,full,pvemAw-uqVXl5C5LxnwF8w,True,2026-03,same pano,0,unvalidated,True,False,True,True,False,False,False
gainesville:40084,40084,27,full,mItw-rJttvY_8NbdA2QmKQ,True,2026-03,same pano,0,unvalidated,,True,True,True,False,False,False
gainesville:40085,40085,27,full,mItw-rJttvY_8NbdA2QmKQ,True,2026-03,same pano,0,unvalidated,True,True,True,True,True,True,True
gainesville:40089,40089,27,full,-2NtnCtWY6OttSCoLNlNCw,True,2026-03,same pano,0,unvalidated,True,False,True,True,False,False,False
gainesville:40090,40090,27,full,-2NtnCtWY6OttSCoLNlNCw,True,2026-03,same pano,0,unvalidated,,False,False,False,False,False,False
gainesville:40107,40107,27,full,t7fxKSmYoEQyd66oXDrkEg,True,2026-03,same pano,0,unvalidated,True,False,True,True,False,True,True
gainesville:40108,40108,27,full,t7fxKSmYoEQyd66oXDrkEg,True,2026-03,same pano,0,unvalidated,True,False,True,True,False,True,True
gainesville:40122,40122,27,full,udLw0jFWYbaU0ZM51eSS3Q,True,2026-03,same pano,0,unvalidated,True,True,True,True,True,True,True
gainesville:40123,40123,27,full,udLw0jFWYbaU0ZM51eSS3Q,True,2026-03,same pano,0,unvalidated,,True,True,True,True,True,True
gainesville:40134,40134,27,full,MFm4ZjUsmiNvSex7a-rk8A,True,2026-03,same pano,0,unvalidated,True,False,False,False,False,False,False
gainesville:40136,40136,27,full,MFm4ZjUsmiNvSex7a-rk8A,True,2026-03,same pano,0,unvalidated,True,False,False,False,False,False,False
gainesville:40144,40144,27,full,H2XhihQSTuklK8sLRvHyDQ,True,2026-04,same pano,0,unvalidated,True,True,True,True,True,True,True
gainesville:40145,40145,27,full,YVMWAsALkv5odRdUq6H0kA,True,2026-04,same pano,0,unvalidated,True,True,True,True,True,True,True
gainesville:40157,40157,27,full,W54feJIl8jWO-QE4t5KJwg,True,2026-03,same pano,0,unvalidated,True,False,False,False,False,False,False
gainesville:40159,40159,27,full,G39plccFRV9mCHnE-FGBkg,True,2026-03,same pano,0,unvalidated,,False,False,False,False,False,False
gainesville:40163,40163,27,full,N58qicVMTlfQtHPfUD9DXw,True,2026-03,same pano,0,unvalidated,,False,False,True,False,False,False
gainesville:40165,40165,27,full,N58qicVMTlfQtHPfUD9DXw,True,2026-03,same pano,0,unvalidated,,False,False,False,False,False,False
gainesville:40170,40170,27,full,xZVIVnJJiZGNwdN2im_xIQ,True,2026-04,same pano,0,unvalidated,True,True,True,True,True,True,True
gainesville:40172,40172,27,full,xZVIVnJJiZGNwdN2im_xIQ,True,2026-04,same pano,0,unvalidated,True,True,True,True,True,True,True
gainesville:40173,40173,27,full,rEow_BUNEwph3rNLq6kdFg,True,2026-04,same pano,0,unvalidated,False,False,True,True,False,False,False
gainesville:40175,40175,27,full,rEow_BUNEwph3rNLq6kdFg,True,2026-04,same pano,0,unvalidated,,False,False,False,False,False,False
gainesville:40176,40176,27,full,Ld8gfuN4FjB-8IPmnlF5Fw,True,2026-04,same pano,0,unvalidated,True,True,False,True,True,False,True
gainesville:40189,40189,27,full,uwkUWljkOMArYMqBVh6ANg,True,2026-03,same pano,0,unvalidated,,False,False,False,False,False,False
gainesville:40190,40190,27,full,wG0Z9PB4WFWDMLVBYr2huA,True,2026-03,same pano,0,unvalidated,False,False,False,False,False,False,False
gainesville:40242,40242,27,full,-ZAMx9BRtEnotpLdglIyvg,True,2025-05,same pano,0,agreed,True,True,True,True,True,True,True
gainesville:40243,40243,27,full,cE2HNcKIb6zYGW5EL_sJdA,True,2025-04,same pano,0,unvalidated,True,True,True,True,True,True,True
gainesville:40276,40276,27,full,UJiNSxn5gHAHt2yPI1-SdQ,True,2022-05,same pano,0,unvalidated,,False,True,True,False,False,False
gainesville:40277,40277,27,full,UJiNSxn5gHAHt2yPI1-SdQ,True,2022-05,same pano,0,unvalidated,True,True,True,True,False,True,True
gainesville:40278,40278,33,full,Xm93wQVF9XThTfy8Ii3XMA,True,2026-03,same pano,0,unvalidated,False,False,False,False,False,False,False
gainesville:40279,40279,26,full,bo3cwRL5fMe5k64D4NZhxw,True,2026-03,same pano,0,unvalidated,True,True,True,True,True,True,True
gainesville:40281,40281,26,full,bo3cwRL5fMe5k64D4NZhxw,True,2026-03,same pano,0,unvalidated,True,True,True,False,True,True,False
gainesville:40313,40313,27,full,egIRZMH95lsr1DVXQgpZCw,True,2026-03,same pano,0,unvalidated,False,False,True,True,False,True,True
gainesville:40314,40314,33,full,egIRZMH95lsr1DVXQgpZCw,True,2026-03,same pano,0,unvalidated,,False,True,True,False,True,True
gainesville:40316,40316,27,full,69qqnqpxNcvq6KskekGsKQ,True,2026-02,same pano,0,unvalidated,True,True,True,True,True,True,True
gainesville:40317,40317,33,full,69qqnqpxNcvq6KskekGsKQ,True,2026-02,same pano,0,agreed,True,False,True,True,False,True,True
gainesville:40326,40326,27,full,s7nkW0V5OAILAcj3TuAD5Q,True,2026-03,same pano,0,unvalidated,True,True,True,True,False,True,True
gainesville:40328,40328,27,full,s7nkW0V5OAILAcj3TuAD5Q,True,2026-03,same pano,0,unvalidated,True,True,True,True,False,True,True
gainesville:40335,40335,27,full,i2F0kkJqZ_ugceTA8leBsA,True,2026-03,same pano,0,unvalidated,True,True,True,True,True,True,True
gainesville:40337,40337,27,full,i2F0kkJqZ_ugceTA8leBsA,True,2026-03,same pano,0,unvalidated,True,True,True,True,True,True,True
gainesville:40347,40347,28,full,53lFpphd9CwcH7E4U9sVBQ,True,2026-03,same pano,0,unvalidated,True,True,True,False,True,True,False
gainesville:40349,40349,28,full,53lFpphd9CwcH7E4U9sVBQ,True,2026-03,same pano,0,agreed,True,True,True,True,True,True,True
gainesville:40350,40350,28,full,53lFpphd9CwcH7E4U9sVBQ,True,2026-03,same pano,0,unvalidated,,True,True,True,False,False,False
gainesville:40352,40352,28,full,53lFpphd9CwcH7E4U9sVBQ,True,2026-03,same pano,0,agreed,True,False,True,False,False,True,False
gainesville:40406,40406,27,full,vvyWECCSG2zma2j8tmCO6g,True,2026-03,same pano,0,unvalidated,True,False,True,True,False,False,True
gainesville:40408,40408,27,full,2nKIIhvHVEbumZEqvzqXeQ,True,2026-03,same pano,0,unvalidated,True,True,True,True,True,True,True
gainesville:40411,40411,27,full,ymEIY2saYKsL77t5iF5JDg,True,2026-03,same pano,0,unvalidated,True,True,True,True,False,True,True
gainesville:40413,40413,27,full,ymEIY2saYKsL77t5iF5JDg,True,2026-03,same pano,0,unvalidated,True,True,True,True,True,True,True
gainesville:40419,40419,27,full,YqiEQbuOR19GHJ3haOmwAg,True,2026-03,same pano,0,unvalidated,True,True,True,True,True,True,True
gainesville:40421,40421,27,full,YqiEQbuOR19GHJ3haOmwAg,True,2026-03,same pano,0,unvalidated,,False,False,False,False,False,False
gainesville:40427,40427,27,full,Z8ZXwtZiv4g68kyY3rUwbw,True,2026-02,same pano,0,unvalidated,True,True,True,True,True,True,True
gainesville:40429,40429,27,full,HQV0KveH5f1AJTtHJSEm6w,True,2026-04,same pano,0,unvalidated,True,False,True,True,False,True,True
gainesville:40430,40430,26,full,f_96eJityA3rh1Tnp-la1Q,True,2026-03,same pano,0,unvalidated,True,True,False,False,False,False,True
gainesville:40432,40432,26,full,aLxnPJw4PC9u7ns94U_UCQ,True,2026-03,same pano,0,unvalidated,True,True,True,False,True,True,False
gainesville:40439,40439,27,full,WOxkMLYr-XVgiLODklOaSQ,True,2026-02,same pano,0,unvalidated,,False,True,True,False,True,True
gainesville:40441,40441,27,full,3QFmeN10sSFDy7HkXkqsRg,True,2026-02,same pano,0,unvalidated,True,False,False,True,False,False,False
gainesville:40458,40458,26,full,A2CrBvKn1K4rOfB5Daelbw,True,2026-03,same pano,0,unvalidated,True,False,True,True,False,True,False
gainesville:40459,40459,26,full,A2CrBvKn1K4rOfB5Daelbw,True,2026-03,same pano,0,unvalidated,True,False,True,True,False,True,True
gainesville:40462,40462,26,full,A2CrBvKn1K4rOfB5Daelbw,True,2026-03,same pano,0,unvalidated,True,False,False,False,False,False,False
gainesville:40463,40463,26,full,A2CrBvKn1K4rOfB5Daelbw,True,2026-03,same pano,0,unvalidated,True,True,True,False,True,True,False
gainesville:40491,40491,32,full,yEpAXy6GloHd1QUlYDue4A,True,2026-02,same pano,0,unvalidated,True,True,True,True,True,True,True
gainesville:40493,40493,40,full,Q0Xv85VGwnqfbcDyYBdhaA,True,2026-02,same pano,0,unvalidated,True,True,True,False,True,True,False
gainesville:40498,40498,32,full,P-0kEkEDO5vAsWvkoViUGw,True,2025-04,same pano,0,unvalidated,True,False,True,False,False,True,False
gainesville:40500,40500,32,full,P-0kEkEDO5vAsWvkoViUGw,True,2025-04,same pano,0,unvalidated,True,True,True,True,True,True,True
gainesville:40505,40505,32,full,jcjsy30yXNRqJSL2TWDfBQ,True,2025-04,same pano,0,unvalidated,True,False,True,True,False,True,True
gainesville:40508,40508,40,full,IEYRn0cpTrqlThJwEdgv7A,True,2026-02,same pano,0,unvalidated,True,True,True,True,False,True,True
gainesville:40509,40509,32,full,0E56EdbJ9u9QMax_EV6gHA,True,2025-04,same pano,0,unvalidated,True,True,False,True,True,False,True
gainesville:40511,40511,32,full,0E56EdbJ9u9QMax_EV6gHA,True,2025-04,same pano,0,unvalidated,True,True,True,True,True,False,False
gainesville:40512,40512,40,full,0E56EdbJ9u9QMax_EV6gHA,True,2025-04,same pano,0,unvalidated,True,True,True,True,False,False,True
gainesville:40516,40516,40,full,0E56EdbJ9u9QMax_EV6gHA,True,2025-04,same pano,0,unvalidated,True,False,True,False,False,True,False
gainesville:40517,40517,32,full,yNjiMWq5eovCio6qs0-74g,True,2025-04,same pano,0,unvalidated,True,True,False,False,True,False,False
gainesville:40518,40518,32,full,6gjE3Lp78XtUHgULfzTBnw,True,2025-04,same pano,0,unvalidated,True,True,False,False,True,False,False
gainesville:40519,40519,32,full,6gjE3Lp78XtUHgULfzTBnw,True,2025-04,same pano,0,unvalidated,True,False,False,False,False,False,False
gainesville:40522,40522,40,full,EiXoglrvklzXnFRbBJGXRw,True,2026-02,same pano,0,unvalidated,True,True,True,True,False,True,True
gainesville:40525,40525,40,full,AQk90VZhmb15sFSXvsPTOw,True,2026-02,same pano,0,unvalidated,True,True,True,False,True,True,False
gainesville:40527,40527,40,full,AQk90VZhmb15sFSXvsPTOw,True,2026-02,same pano,0,unvalidated,True,False,False,True,False,False,True
gainesville:40529,40529,32,full,25Bc1Cjkc0HgZxLN6GTaHQ,True,2025-04,same pano,0,unvalidated,,True,True,True,True,True,True
gainesville:40531,40531,32,full,25Bc1Cjkc0HgZxLN6GTaHQ,True,2025-04,same pano,0,unvalidated,True,False,True,True,False,True,True
gainesville:40532,40532,32,full,FB_8GiuOv0LQybuQpC9nbw,True,2022-05,same pano,0,agreed,True,True,True,True,False,True,True
gainesville:40534,40534,32,full,FB_8GiuOv0LQybuQpC9nbw,True,2022-05,same pano,0,unvalidated,,True,True,True,True,True,True
gainesville:40535,40535,32,full,I6t5j8oqexL7432Fq-uStg,True,2023-09,same pano,0,unvalidated,True,True,True,True,True,True,True
gainesville:40537,40537,32,full,WXaQFTlCDznGOvhH6gKtXQ,True,2025-04,same pano,0,unvalidated,True,True,True,True,True,True,True
gainesville:40540,40540,32,full,IPKqJsnJdqFitC3lHEDqvg,True,2025-04,same pano,0,unvalidated,True,True,False,False,True,False,False
gainesville:40542,40542,32,full,IPKqJsnJdqFitC3lHEDqvg,True,2025-04,same pano,0,unvalidated,True,False,True,True,False,True,True
gainesville:40543,40543,32,full,oueBBHYCdEespzIDJcrIww,True,2025-04,same pano,0,agreed,True,True,True,True,True,True,True
gainesville:40546,40546,32,full,oJkY_4nhB-v5jkdp1A0AeA,True,2025-04,same pano,0,unvalidated,True,True,False,True,False,False,False
gainesville:40548,40548,20,full,LarjHewnA2zRvL1qtIDSTg,True,2026-02,same pano,0,unvalidated,True,False,True,True,False,False,True
gainesville:40549,40549,20,full,usH4elUpSrIXYDucsxvM2Q,True,2026-02,same pano,0,unvalidated,True,True,True,True,True,True,True
gainesville:40550,40550,20,full,DEcwpQDbD4tTxuYmXB0bEQ,True,2026-02,same pano,0,unvalidated,,False,True,True,False,True,True
gainesville:40552,40552,32,full,DEcwpQDbD4tTxuYmXB0bEQ,True,2026-02,same pano,0,unvalidated,True,False,True,False,False,True,False
gainesville:40555,40555,32,full,2aV0h9Cb52tr5IveeXr_1g,True,2026-02,same pano,0,unvalidated,True,True,True,False,True,True,False
gainesville:40557,40557,32,full,2aV0h9Cb52tr5IveeXr_1g,True,2026-02,same pano,0,unvalidated,True,True,False,True,True,False,True
gainesville:40559,40559,32,full,ZPayD-Wpy9xWTrAnX8A1TA,True,2026-02,same pano,0,unvalidated,True,True,True,True,True,True,True
gainesville:40564,40564,32,full,bEuXGwPlVVya5UZlIbwp8g,True,2026-02,same pano,0,unvalidated,True,True,True,True,False,True,False
gainesville:40567,40567,32,full,tPleF90M9PgNIJ546EuTBg,True,2024-06,same pano,0,unvalidated,True,True,False,False,True,True,True
gainesville:40569,40569,32,full,n1wJqHqk6XARjPFu19SBfA,True,2023-09,same pano,0,unvalidated,True,True,True,True,True,True,True
gainesville:40571,40571,32,full,Wzt4hIIXZvQd5rcqwgFpJQ,True,2026-02,same pano,0,unvalidated,True,True,True,True,True,True,True
gainesville:40573,40573,32,full,Coug0CM2LHBd4Tbz7eH5ig,True,2026-02,same pano,0,unvalidated,True,True,True,True,True,True,True
gainesville:40574,40574,32,full,wtqMhJPqpjtlL0PMx-jjJw,True,2018-10,same pano,0,unvalidated,True,True,False,False,True,False,False
gainesville:40576,40576,32,full,wtqMhJPqpjtlL0PMx-jjJw,True,2018-10,same pano,0,unvalidated,True,True,False,False,True,False,False
gainesville:40578,40578,32,full,D1Dao4Cd0HOZp9tA3kDjPQ,True,2024-06,same pano,0,unvalidated,,False,False,False,False,False,False
gainesville:40579,40579,32,full,D1Dao4Cd0HOZp9tA3kDjPQ,True,2024-06,same pano,0,unvalidated,True,True,False,False,True,False,False
gainesville:40580,40580,32,full,w8T8tBbBjkGZJaBBapEI4g,True,2023-09,same pano,0,unvalidated,True,True,True,True,True,True,True
gainesville:40582,40582,32,full,w8T8tBbBjkGZJaBBapEI4g,True,2023-09,same pano,0,unvalidated,,False,True,True,False,True,True
gainesville:40583,40583,32,full,NdYcENuYgOgCFznw_mJudg,True,2023-09,same pano,0,unvalidated,True,True,True,True,True,True,True
gainesville:40585,40585,32,full,NdYcENuYgOgCFznw_mJudg,True,2023-09,same pano,0,unvalidated,True,True,True,True,True,True,True
gainesville:40587,40587,32,full,CJEeSRVbDucDGN9XLx2qZw,True,2023-03,same pano,0,unvalidated,True,True,True,True,True,True,True
gainesville:40590,40590,32,full,VTl0uDOGkqo_nHgE4eXdDw,True,2023-09,same pano,0,unvalidated,True,True,True,True,True,True,True
gainesville:40594,40594,32,full,DUPlQA3LmBpH1QGD4F1H_g,True,2026-02,same pano,0,unvalidated,True,True,True,True,True,True,True
gainesville:40596,40596,32,full,XFsP51jaPVzrvhghR2Q8Bw,True,2023-09,same pano,0,unvalidated,True,True,False,False,True,False,False
gainesville:40599,40599,32,full,Z0-jz0iA46Z8iLRzm2qwrQ,True,2026-02,same pano,0,unvalidated,True,True,True,True,True,True,True
gainesville:40601,40601,32,full,vrU5XaM5kjU7NrE97Bs-4A,True,2026-02,same pano,0,unvalidated,True,True,True,True,True,True,True
gainesville:40602,40602,32,full,TxoxB65mMOs5b7u2x-oYJw,True,2026-02,same pano,0,unvalidated,True,True,True,True,True,True,True
gainesville:40606,40606,32,full,i6wN0MTH12tUvj0_Fx8Saw,True,2026-02,same pano,0,unvalidated,True,False,True,True,False,False,True
gainesville:40608,40608,32,full,CwJDinx_wBARrqPo2sd2nA,True,2023-09,same pano,0,unvalidated,True,True,True,True,True,False,True
gainesville:40612,40612,32,full,CwJDinx_wBARrqPo2sd2nA,True,2023-09,same pano,0,unvalidated,True,True,False,False,True,False,False
gainesville:40616,40616,32,full,11gqQYwuMNJgSk789fBf1A,True,2026-02,same pano,0,unvalidated,True,False,False,False,False,True,False
gainesville:40617,40617,32,full,11gqQYwuMNJgSk789fBf1A,True,2026-02,same pano,0,unvalidated,True,True,True,True,True,True,True
gainesville:40619,40619,32,full,KO0Wu3F9U1O7ZK6kRRrtSw,True,2018-10,same pano,0,unvalidated,True,True,True,True,True,True,True
gainesville:40621,40621,32,full,KO0Wu3F9U1O7ZK6kRRrtSw,True,2018-10,same pano,0,unvalidated,True,True,True,True,True,True,True
gainesville:40622,40622,32,full,KO0Wu3F9U1O7ZK6kRRrtSw,True,2018-10,same pano,0,unvalidated,True,True,True,True,True,True,True
gainesville:40624,40624,32,full,lG8HwQVPS4eL3o0hnmbWyw,True,2018-10,same pano,0,unvalidated,True,True,True,True,True,True,True
gainesville:40625,40625,32,full,Se7502MKlfTypnmSlxlN2Q,True,2022-05,same pano,0,unvalidated,True,True,False,False,True,False,False
gainesville:40627,40627,32,full,Se7502MKlfTypnmSlxlN2Q,True,2022-05,same pano,0,unvalidated,,True,False,True,True,False,False
gainesville:40628,40628,32,full,zgtUVgI5OmR-ljhG1I8LbA,True,2023-09,same pano,0,unvalidated,,True,True,True,True,False,False
gainesville:40635,40635,32,full,IYR4QHrszX5WZq8FSmoecw,True,2023-09,same pano,0,unvalidated,True,False,True,True,False,True,True
gainesville:40637,40637,32,full,IYR4QHrszX5WZq8FSmoecw,True,2023-09,same pano,0,unvalidated,True,True,True,True,False,False,False
gainesville:40640,40640,32,full,bxb4RF0kPj-ZK9SsKlreFA,True,2023-09,same pano,0,unvalidated,True,True,False,False,True,False,False
gainesville:40642,40642,32,full,E8KcUceO34kuIj91cYizmw,True,2023-09,same pano,0,unvalidated,True,False,False,False,False,False,False
gainesville:40685,40685,32,full,OxYgaPThgrACWyu1xTyXuw,True,2025-04,same pano,0,unvalidated,True,False,False,False,False,False,False
gainesville:40687,40687,40,full,BMVnBgDWBB5kqAh64YWHKg,True,2026-02,same pano,0,unvalidated,True,True,True,True,True,True,True
gainesville:40690,40690,50,full,BHlPiTerAD_ZhMStSYIZzg,True,2023-10,same pano,0,unvalidated,True,True,False,True,False,False,True
gainesville:40692,40692,50,full,BHlPiTerAD_ZhMStSYIZzg,True,2023-10,same pano,0,unvalidated,True,False,True,True,False,True,True
gainesville:40695,40695,32,full,Eu4qYgNSQtbmETsNwcSx0Q,True,2026-02,same pano,0,unvalidated,True,False,True,True,False,True,False
gainesville:40697,40697,32,full,rdPBUsj33Wi31vVXQE0TUg,True,2026-02,same pano,0,unvalidated,True,False,True,True,False,True,True
gainesville:40698,40698,32,full,ZYSreeUZxBXN3_ZAvlSHtw,True,2026-02,same pano,0,unvalidated,True,True,True,True,True,True,True
gainesville:40700,40700,32,full,Xu155Zszug2IPtMFkpHdYQ,True,2026-02,same pano,0,agreed,True,False,True,True,False,True,True
gainesville:40702,40702,30,partial,NDu_AzYXWTh3EHjZ62wwTw,True,2026-02,same pano,0,unvalidated,True,True,True,True,True,True,True
gainesville:40703,40703,30,partial,NDu_AzYXWTh3EHjZ62wwTw,True,2026-02,same pano,0,unvalidated,True,True,True,True,False,True,True
gainesville:40722,40722,32,full,MeUYPbnzw3IH67aiaSr06Q,True,2026-02,same pano,0,unvalidated,True,False,True,True,False,False,True
gainesville:40725,40725,40,full,nnUoweA-BnKcVJbGCKoQmA,True,2026-02,same pano,0,unvalidated,True,True,False,True,True,False,True
gainesville:40728,40728,32,full,AE8d0cj2kSb1lCWoxLbH8A,True,2025-04,same pano,0,unvalidated,True,True,True,True,True,True,True
gainesville:40734,40734,32,full,AE8d0cj2kSb1lCWoxLbH8A,True,2025-04,same pano,0,unvalidated,True,True,False,False,False,False,False
gainesville:40735,40735,54,full,dkpZE_XLQzogzcwO3yXu0g,True,2026-02,same pano,0,unvalidated,True,True,True,True,True,True,True
gainesville:40737,40737,54,full,4I-WKm074ANg6g-tcKrdIA,True,2025-04,same pano,0,unvalidated,True,True,True,True,True,True,True
gainesville:40750,40750,32,full,D_xEbvD791IygPs_dSTK-Q,True,2023-09,same pano,0,agreed,True,True,True,True,True,True,True
gainesville:40752,40752,32,full,k48a0qSTe4w3XE7Cx4D9yQ,True,2023-09,same pano,0,unvalidated,True,True,False,False,False,False,False
gainesville:40753,40753,32,full,8bNLIFyfZHPLbKKS1w9lHQ,True,2023-09,same pano,0,unvalidated,True,True,True,True,False,True,True
gainesville:40755,40755,32,full,mNnecT-XjLLa__rc9Girrg,True,2023-09,same pano,0,unvalidated,True,True,True,True,True,True,True
gainesville:40756,40756,32,full,Ph_lT1P5PM-imS9iG8fZ8Q,True,2023-09,same pano,0,unvalidated,True,True,True,True,True,True,True
gainesville:40758,40758,32,full,Ph_lT1P5PM-imS9iG8fZ8Q,True,2023-09,same pano,0,unvalidated,True,True,False,False,True,False,False
gainesville:40763,40763,32,full,exv_W8tWfs3-y8uNrMsFdw,True,2026-02,same pano,0,unvalidated,True,True,True,True,True,True,True
gainesville:40765,40765,32,full,TYKdknQrUzQZ-eRSt2DlRQ,True,2026-02,same pano,0,unvalidated,True,True,True,False,True,True,False
gainesville:40777,40777,32,full,rFxM6b9BSwj_u8-z1-LgLA,True,2026-02,same pano,0,unvalidated,True,True,True,False,True,True,False
gainesville:40778,40778,32,full,rFxM6b9BSwj_u8-z1-LgLA,True,2026-02,same pano,0,unvalidated,,True,True,False,False,True,True
gainesville:40781,40781,32,full,xmLVJ4PErSPsJRpRbE8NlA,True,2026-02,same pano,0,unvalidated,True,False,True,True,False,True,False
gainesville:40783,40783,30,partial,AJqwajaoGPLWj9V-dPF0MQ,True,2026-02,same pano,0,unvalidated,True,True,True,True,True,True,True
gainesville:40789,40789,38,full,hbTfCNGmeZkyjLfnZ2Gy5g,True,2026-02,same pano,0,agreed,True,False,True,True,False,True,True
gainesville:40793,40793,32,full,lch7iK7Rfyv2-YIA-KQKoA,True,2023-09,same pano,0,unvalidated,True,False,True,True,False,False,False
gainesville:40803,40803,32,full,a5Pc96FaGST7Y-0RTCS37A,True,2026-02,same pano,0,unvalidated,,True,True,True,True,True,False
gainesville:40808,40808,32,full,msy6nwEyv7jXEvO-rV_1kw,True,2026-02,same pano,0,unvalidated,True,False,False,False,False,False,False
gainesville:40809,40809,32,full,uj2zlyGX8KaAM5mxBLu7ng,True,2026-02,same pano,0,unvalidated,True,False,True,True,False,False,True
gainesville:40813,40813,32,full,uj2zlyGX8KaAM5mxBLu7ng,True,2026-02,same pano,0,unvalidated,True,False,False,False,False,False,False
gainesville:40815,40815,31,full,zA-84wBacUtQscd9BAz82Q,True,2024-06,same pano,0,unvalidated,True,True,False,False,False,True,False
gainesville:40817,40817,31,full,zA-84wBacUtQscd9BAz82Q,True,2024-06,same pano,0,unvalidated,True,True,False,True,False,False,True
gainesville:40820,40820,31,full,zA-84wBacUtQscd9BAz82Q,True,2024-06,same pano,0,unvalidated,True,True,True,True,True,True,True
gainesville:40823,40823,31,full,zA-84wBacUtQscd9BAz82Q,True,2024-06,same pano,0,unvalidated,,False,False,False,False,False,False
gainesville:40824,40824,32,full,aqxze0sgtoCq-H-2w5zx-Q,True,2026-02,same pano,0,unvalidated,True,True,False,True,True,False,True
gainesville:40826,40826,32,full,TyUoVmKYOYf3YufYgOhWPg,True,2026-02,same pano,0,unvalidated,True,True,True,True,True,True,True
gainesville:40843,40843,32,full,b5OPTLzjT6nfdF99GJmf0g,True,2022-05,same pano,0,unvalidated,True,True,True,True,True,True,True
gainesville:40845,40845,32,full,b5OPTLzjT6nfdF99GJmf0g,True,2022-05,same pano,0,unvalidated,True,True,False,False,True,False,False
gainesville:40846,40846,32,full,YDTr8LXPDt5ieA8MA6ZXLA,True,2026-02,same pano,0,unvalidated,True,True,True,True,True,True,False
gainesville:40848,40848,30,partial,KMxqWMF65SF7-JD8Q7L3eQ,True,2026-02,same pano,0,unvalidated,True,False,True,True,False,True,True
gainesville:40849,40849,32,full,32ffmQSh2Q_kydmSOzSiGQ,True,2026-02,same pano,0,unvalidated,True,True,True,True,True,True,True
gainesville:40851,40851,32,full,KofeJHyYIL9HWaoOmd0Tvw,True,2026-02,same pano,0,unvalidated,True,False,True,True,False,True,True
gainesville:40889,40889,32,full,iTkV3cvpXiAZ8he2qkq9fg,True,2026-02,same pano,0,unvalidated,True,True,True,True,True,True,True
gainesville:40890,40890,32,full,3SeQjXbchQpsRZfdMZYj9w,True,2026-02,same pano,0,unvalidated,True,True,True,True,True,True,True
gainesville:40891,40891,32,full,PTJLUAqRUO3rfkg64n5tEQ,True,2026-02,same pano,0,unvalidated,True,True,True,False,True,True,False
gainesville:40893,40893,32,full,TYKdknQrUzQZ-eRSt2DlRQ,True,2026-02,same pano,0,unvalidated,True,True,False,False,True,False,False
gainesville:40894,40894,32,full,46IaK1-ExofZeHyzehnLdQ,True,2026-02,same pano,0,unvalidated,True,True,True,True,True,True,True
gainesville:40895,40895,32,full,ms3iYcwPiSQrYyzZBHMxZg,True,2026-02,same pano,0,unvalidated,True,True,True,False,True,True,False
gainesville:40910,40910,32,full,iEvQjxgHw3i1EhH6dQiCDg,True,2023-09,same pano,0,unvalidated,True,True,True,True,True,True,True
gainesville:40911,40911,32,full,b3T5WakNf-l5TvqdIQmpLg,True,2023-08,same pano,0,unvalidated,True,False,True,True,False,True,True
gainesville:40913,40913,150,full,LGWZ9UErDhz6pnPwF4yC2w,True,2025-04,same pano,0,unvalidated,True,False,False,False,False,False,False
gainesville:40914,40914,150,full,hbWI5U_tlsNbnhfb7sVNyw,True,2025-04,same pano,0,unvalidated,True,True,False,False,False,False,False
gainesville:40915,40915,150,full,0cWO4C7dSuCTNKO2W4TLNw,True,2025-04,same pano,0,unvalidated,False,False,False,False,False,False,False
gainesville:40916,40916,150,full,yELzZO9_N1154ENnqiEJfg,True,2025-04,same pano,0,unvalidated,True,False,False,False,False,True,True
gainesville:40920,40920,20,full,iN_z3Oiw9aneNMCaJL4Uzg,False,2026-02,newer than ours,-88,unvalidated,True,,True,True,,False,False
gainesville:40921,40921,20,full,6jq_65ZQylQJp2G1iLNt2A,False,2026-02,newer than ours,-88,unvalidated,True,,False,False,,False,False
gainesville:41159,41159,30,partial,Fq6X5wPMpQRXXBknKSYFQQ,True,2026-02,same pano,0,unvalidated,True,True,False,True,True,False,True
gainesville:41160,41160,31,full,Fq6X5wPMpQRXXBknKSYFQQ,True,2026-02,same pano,0,unvalidated,True,False,True,True,False,False,False
gainesville:41161,41161,30,partial,xrtmHUEiOPHmfv1vDaY_pQ,True,2026-02,same pano,0,unvalidated,True,True,True,True,True,True,True
gainesville:41162,41162,30,partial,xrtmHUEiOPHmfv1vDaY_pQ,True,2026-02,same pano,0,unvalidated,True,True,False,False,False,False,False
gainesville:41163,41163,30,partial,xrtmHUEiOPHmfv1vDaY_pQ,True,2026-02,same pano,0,unvalidated,True,True,False,False,True,False,False
