lat,lng,cross_track_m
43.4972,-1.4604,0.01
43.484,-1.4629,0.02
43.4739,-1.4897,2.62
43.4796,-1.4655,3.54
43.4833,-1.4484,2.0
43.4989,-1.4548,7.89
43.4875,-1.4566,0.42
43.4917,-1.4852,0.95
43.5041,-1.473,4.98
43.4922,-1.477,0.31
43.4842,-1.4468,2.34
43.4953,-1.4667,1.41
43.4916,-1.4506,
43.4929,-1.4623,0.71
43.4892,-1.4763,
43.5072,-1.4333,0.35
43.4888,-1.491,0.79
43.5066,-1.458,17.65
43.4728,-1.4862,1.8
43.4709,-1.4923,26.02
43.5038,-1.4636,2.91
43.4939,-1.4785,0.26
43.5004,-1.4201,0.03
43.5008,-1.4477,
43.4915,-1.4911,1.21
43.503,-1.4536,2.01
43.4884,-1.4564,2.51
43.4752,-1.484,0.36
43.4998,-1.462,12.25
43.4904,-1.4704,1.41
43.4903,-1.4919,0.43
43.4916,-1.4523,
43.4791,-1.4845,1.18
43.4502,-1.4943,2.23
43.4839,-1.4722,
43.4888,-1.4828,0.07
43.4809,-1.4943,1.49
43.4952,-1.4706,2.1
43.5093,-1.4438,2.23
43.4897,-1.4887,2.52
43.4908,-1.4784,7.82
43.4804,-1.4793,0.5
43.4937,-1.4911,20.79
43.486,-1.4728,0.3
43.4965,-1.4821,2.64
43.4912,-1.4694,13.44
43.4927,-1.4899,0.01
43.4882,-1.4756,8.97
43.4874,-1.4813,0.14
43.4794,-1.4874,2.42
43.4869,-1.4825,24.38
43.4887,-1.477,
43.4915,-1.4822,1.96
43.4892,-1.4759,
43.5035,-1.45,1.02
43.4818,-1.4897,
43.4793,-1.4876,2.71
43.5012,-1.4672,0.06
43.4916,-1.4702,4.33
43.5029,-1.4505,1.4
43.4781,-1.4921,1.16
43.5099,-1.4435,0.31
43.4927,-1.4545,1.73
43.4965,-1.4692,0.41
43.4925,-1.4434,1.68
43.4845,-1.4783,2.17
43.5005,-1.4669,4.42
43.4936,-1.4917,0.57
43.4937,-1.4448,1.73
43.499,-1.4603,3.09
43.4862,-1.4826,9.48
43.482,-1.4877,3.16
43.5054,-1.4633,1.84
43.4922,-1.4744,0.16
43.4976,-1.4325,0.83
43.4665,-1.4967,2.07
43.4993,-1.4648,
43.499,-1.4409,
43.4876,-1.4938,0.66
43.4961,-1.4813,0.02
43.5082,-1.4607,0.45
43.4892,-1.4698,
43.4745,-1.4851,2.25
43.4811,-1.4857,0.24
43.4781,-1.4528,0.18
43.4905,-1.4612,1.06
43.4898,-1.4766,
43.4793,-1.4559,0.26
43.4853,-1.4826,13.08
43.5082,-1.433,2.35
43.4893,-1.4679,0.24
43.4881,-1.4553,1.45
43.481,-1.4609,0.97
43.4918,-1.4798,
43.4777,-1.4875,0.28
43.4912,-1.4909,2.42
43.4813,-1.4598,4.91
43.5087,-1.435,1.0
43.4734,-1.4806,
43.4845,-1.4977,3.99
43.4856,-1.471,
43.5062,-1.4869,0.0
43.4961,-1.4776,
43.4936,-1.464,1.08
43.4867,-1.4569,1.99
43.4949,-1.4825,1.17
43.4901,-1.4709,10.16
43.4963,-1.4596,
43.4845,-1.4794,11.61
43.4918,-1.4521,
43.4863,-1.4739,8.14
43.4919,-1.4857,2.5
43.4953,-1.4789,4.11
43.4633,-1.4815,
43.4801,-1.4671,1.1
43.509,-1.4664,1.06
43.5117,-1.4921,
43.4789,-1.4673,0.25
43.4867,-1.4938,1.82
43.4903,-1.4706,0.92
43.4931,-1.4926,
43.5022,-1.4815,5.73
43.4722,-1.4842,
43.4952,-1.4779,28.94
43.4934,-1.4893,1.09
43.495,-1.4847,0.06
43.4843,-1.4485,5.65
43.4804,-1.492,2.1
43.4868,-1.4779,1.54
43.4871,-1.4813,18.61
43.4871,-1.4818,
43.4911,-1.4871,17.81
43.4988,-1.458,0.29
43.4945,-1.4596,3.95
43.4877,-1.4789,
43.4927,-1.4545,1.67
43.4774,-1.4942,0.94
43.4718,-1.4834,
43.4964,-1.4742,2.83
43.4853,-1.4823,0.36
43.4909,-1.4764,
43.4951,-1.4611,1.26
43.478,-1.5014,0.56
43.4973,-1.4913,2.38
43.4968,-1.4699,
43.4953,-1.4674,29.04
43.4821,-1.4971,3.48
43.5026,-1.4552,1.26
43.4935,-1.4754,
43.4908,-1.4627,3.16
43.4796,-1.5005,0.02
43.4969,-1.4562,0.96
43.4963,-1.4851,10.04
43.4927,-1.4615,0.46
43.4984,-1.4586,16.84
43.5066,-1.4762,0.71
43.4672,-1.4915,4.09
43.4762,-1.4829,2.6
43.4852,-1.4835,0.14
43.4802,-1.4835,2.05
43.4959,-1.4714,0.93
43.4971,-1.4333,3.84
43.4903,-1.4753,
43.5022,-1.4775,0.76
43.4902,-1.4723,13.32
43.4869,-1.4626,0.88
43.4942,-1.4656,1.38
43.5053,-1.4457,
43.5005,-1.4669,0.65
43.4691,-1.4899,3.47
43.4903,-1.4792,7.21
43.4949,-1.4383,0.44
43.4984,-1.4578,3.11
43.4937,-1.4812,8.14
43.4866,-1.4675,0.8
43.4753,-1.4526,22.56
43.4949,-1.4628,2.88
43.4816,-1.4982,1.14
43.4778,-1.4755,
43.493,-1.4516,0.39
43.467,-1.4916,1.46
43.5095,-1.4722,2.78
43.4871,-1.4488,3.11
43.4825,-1.4861,2.63
43.4845,-1.4807,2.24
43.4928,-1.4723,3.72
43.4812,-1.4954,1.71
43.4738,-1.4797,
43.492,-1.4957,0.09
43.4951,-1.4681,
43.4911,-1.4739,0.02
43.4866,-1.4847,0.38
43.4957,-1.4709,0.02
43.5076,-1.4341,0.14
43.4971,-1.4891,0.1
43.4999,-1.4579,1.16
43.4793,-1.4558,5.78
43.4988,-1.4791,1.65
43.4884,-1.4538,0.01
43.4953,-1.4666,1.01
43.5049,-1.4322,0.56
43.4744,-1.4899,1.78
43.5039,-1.4526,1.34
43.4688,-1.4849,
43.4857,-1.4703,
43.5073,-1.4801,1.37
43.4861,-1.4845,4.49
43.4863,-1.4872,0.86
43.4881,-1.4906,0.47
43.4841,-1.4772,0.55
43.4881,-1.4644,2.91
43.489,-1.4679,6.74
43.4745,-1.49,1.75
43.4643,-1.4824,
43.4938,-1.4784,0.44
43.5129,-1.4339,0.68
43.4989,-1.4552,
43.4869,-1.4683,1.07
43.4885,-1.4913,0.97
43.4928,-1.4723,5.59
43.5096,-1.4657,0.62
43.4652,-1.4951,8.6
43.4793,-1.4899,2.8
43.4863,-1.4767,1.31
43.4775,-1.474,
43.4782,-1.4742,
43.4999,-1.4819,11.54
43.4503,-1.4945,2.24
43.4814,-1.4568,
43.4905,-1.4678,3.0
43.4811,-1.5011,0.19
43.481,-1.485,0.9
43.4652,-1.4844,22.1
43.5049,-1.4432,2.79
43.4902,-1.4828,1.94
43.4908,-1.4679,0.16
43.5001,-1.4512,0.5
43.478,-1.4752,
43.5028,-1.4477,2.0
43.4903,-1.4524,0.28
43.4872,-1.4942,0.96
43.4864,-1.4789,5.25
43.497,-1.4873,0.47
43.4842,-1.4701,2.82
43.4914,-1.4537,3.27
43.4696,-1.4849,
43.4607,-1.4959,3.44
43.5097,-1.4636,1.29
43.4767,-1.4685,0.97
43.4851,-1.4763,0.15
43.487,-1.4879,1.88
43.4921,-1.4951,2.14
43.4865,-1.4868,1.22
43.4862,-1.467,0.3
43.4935,-1.4901,0.92
43.5064,-1.4915,
43.4836,-1.4551,1.01
43.5119,-1.4398,0.03
43.4955,-1.4663,2.73
43.4899,-1.4775,
43.4886,-1.4765,
43.4821,-1.4772,1.06
43.4926,-1.4914,1.28
43.4932,-1.478,5.52
43.4806,-1.4663,2.96
43.4938,-1.4769,0.52
43.4805,-1.4658,0.29
43.4981,-1.4181,0.01
43.4969,-1.4785,
43.4925,-1.4796,
43.4919,-1.4515,
43.4818,-1.4772,0.0
43.5124,-1.4353,0.2
43.4849,-1.4722,15.04
43.4888,-1.4546,1.25
43.4899,-1.4598,3.82
43.5063,-1.4667,1.24
43.4897,-1.4595,0.64
43.4988,-1.4548,8.14
43.4967,-1.4556,0.4
43.4802,-1.4922,0.95
43.4829,-1.4769,1.32
43.481,-1.4573,22.36
43.4952,-1.4425,1.2
43.482,-1.4656,1.68
43.5101,-1.4576,1.11
43.4967,-1.4271,1.46
43.4874,-1.4936,0.73
43.5065,-1.4304,0.87
43.4939,-1.494,2.94
43.4973,-1.4589,
43.4953,-1.4581,
43.4846,-1.4825,4.27
43.4809,-1.4772,0.01
43.4962,-1.4881,0.47
43.5052,-1.467,1.28
43.5043,-1.4475,1.57
43.4827,-1.4738,1.45
43.4831,-1.4988,0.5
43.5051,-1.4698,6.79
43.4796,-1.5021,1.85
43.4989,-1.4812,0.23
43.484,-1.4997,0.18
43.4903,-1.4864,0.27
43.506,-1.4759,1.39
43.4661,-1.4917,1.03
43.4768,-1.484,0.66
43.4814,-1.4653,3.09
43.4939,-1.4822,6.01
43.4932,-1.4539,0.43
43.5055,-1.4633,0.32
43.4944,-1.484,1.79
43.4813,-1.4597,7.27
43.4896,-1.4909,0.23
43.4899,-1.4823,12.96
43.4823,-1.4665,0.25
43.4997,-1.4546,24.68
43.4882,-1.4764,18.55
43.5037,-1.4707,5.04
43.4937,-1.4779,0.04
43.5097,-1.4681,1.38
43.4949,-1.4691,0.12
43.4829,-1.4688,0.45
43.4878,-1.454,2.5
43.4937,-1.4922,13.57
43.4588,-1.4852,
43.4848,-1.4764,0.64
43.482,-1.4911,1.26
43.4989,-1.4818,0.24
43.5037,-1.4702,4.74
43.4998,-1.4346,
43.5039,-1.4476,2.4
43.4833,-1.4526,1.4
43.4897,-1.4551,1.71
43.4816,-1.4769,1.86
43.466,-1.4871,3.31
43.5137,-1.4673,0.84
43.4917,-1.4774,3.51
43.4661,-1.4953,2.36
43.4918,-1.4629,20.61
43.4998,-1.4621,11.97
43.473,-1.483,
43.4927,-1.4719,4.38
43.4803,-1.469,1.58
43.4946,-1.4609,1.34
43.497,-1.4517,0.93
43.4908,-1.4628,1.03
43.4952,-1.4695,9.14
43.488,-1.4826,3.55
43.4807,-1.4824,0.69
43.496,-1.4912,2.01
43.4891,-1.4699,
43.48,-1.4785,0.85
43.4939,-1.4761,21.17
43.4867,-1.4551,0.09
43.4888,-1.4881,1.63
43.4919,-1.4636,2.08
43.4833,-1.4551,1.67
43.4909,-1.4629,3.77
43.4639,-1.4973,1.67
43.4784,-1.4918,2.01
43.4811,-1.4843,0.44
43.491,-1.4757,
43.4952,-1.4778,
43.4928,-1.4517,22.08
43.4924,-1.4954,0.6
43.4993,-1.455,
43.4828,-1.4843,1.9
43.4929,-1.4724,3.33
43.4895,-1.4439,0.44
43.49,-1.4708,24.57
43.4846,-1.4808,11.62
43.4814,-1.4826,0.43
43.4971,-1.4938,1.96
43.4763,-1.4689,0.22
43.4826,-1.4823,12.47
43.4965,-1.4697,2.8
43.4986,-1.4619,3.58
43.4873,-1.4806,14.52
43.4813,-1.4594,5.9
43.5015,-1.4553,0.16
43.4835,-1.4779,4.01
43.4768,-1.4794,
43.5029,-1.4425,0.85
43.509,-1.4651,1.0
43.4882,-1.4763,18.76
43.4937,-1.4531,1.33
43.4864,-1.4941,1.18
43.498,-1.4664,0.53
43.4964,-1.4688,0.04
43.4654,-1.4929,3.52
43.5069,-1.4622,2.46
43.4684,-1.4838,
43.4947,-1.4788,0.01
43.5138,-1.446,0.04
43.4758,-1.4905,3.11
43.4925,-1.4781,2.16
43.4687,-1.4936,1.17
43.4916,-1.4533,2.97
43.4932,-1.4679,3.26
43.4894,-1.4798,
43.4984,-1.4675,1.32
43.5122,-1.4633,1.56
43.493,-1.4568,0.29
43.4841,-1.4508,0.68
43.4867,-1.4832,12.49
43.5116,-1.435,0.2
43.4936,-1.4775,2.89
43.4891,-1.451,0.85
43.4899,-1.445,0.35
43.4777,-1.4989,1.02
43.4965,-1.4344,0.93
43.5012,-1.4473,
43.493,-1.4571,1.93
43.4901,-1.4517,1.44
43.4938,-1.4585,9.5
43.4962,-1.4525,
43.4897,-1.482,9.7
43.4871,-1.4707,
43.4885,-1.4937,1.66
43.4759,-1.4796,0.63
43.4801,-1.4954,0.88
43.5154,-1.4599,0.37
43.4922,-1.4527,
43.4855,-1.4709,
43.5019,-1.4773,0.32
43.5024,-1.4785,4.9
43.4846,-1.4725,
43.4912,-1.4926,1.51
43.4964,-1.4342,4.31
43.4938,-1.4611,0.69
43.4901,-1.4656,
43.4897,-1.483,0.56
43.5047,-1.4279,2.35
43.4958,-1.4913,2.04
43.4972,-1.4829,5.07
43.5017,-1.4552,23.38
43.4887,-1.4823,7.62
43.4884,-1.4654,8.32
43.4799,-1.5015,1.5
43.4792,-1.4737,8.31
43.4934,-1.4503,1.48
43.4906,-1.4865,0.94
43.5097,-1.4647,3.46
43.5019,-1.4608,3.4
43.4893,-1.4537,0.71
43.5025,-1.4531,
43.4785,-1.4999,
43.4809,-1.4919,0.93
43.4916,-1.4825,5.39
43.4858,-1.4762,0.07
43.4795,-1.4868,2.42
43.4598,-1.4959,0.49
43.4923,-1.4658,2.03
43.4912,-1.4955,4.46
43.4775,-1.4961,12.15
43.4834,-1.4909,0.86
43.5054,-1.4292,3.09
43.4945,-1.4706,
43.4798,-1.4859,0.04
43.5097,-1.4882,0.27
43.4971,-1.4841,0.06
43.4785,-1.4993,
43.4853,-1.4937,0.31
43.4863,-1.4897,4.48
43.4952,-1.4672,12.77
43.5087,-1.4645,0.65
43.4948,-1.4355,1.67
43.4909,-1.4539,1.99
43.5092,-1.4637,1.14
43.4985,-1.4936,2.39
43.4767,-1.4688,1.38
43.4845,-1.4579,1.21
43.4931,-1.4532,6.53
43.5008,-1.4888,
43.4943,-1.4692,2.29
43.4857,-1.49,5.27
43.4994,-1.4819,8.42
43.4886,-1.4824,3.1
43.4928,-1.4923,2.1
43.4868,-1.4833,1.67
43.4825,-1.4913,0.18
43.4762,-1.48,0.45
43.4963,-1.4877,0.74
43.4716,-1.4914,24.45
43.478,-1.5045,11.53
43.4895,-1.4634,
43.4823,-1.4844,0.47
43.4919,-1.4767,
43.4848,-1.4954,3.44
43.4713,-1.4875,1.54
43.4905,-1.4852,0.74
43.5109,-1.4685,3.35
43.4979,-1.4825,4.75
43.4854,-1.466,2.49
43.4935,-1.4504,2.35
43.4651,-1.4847,23.14
43.4943,-1.4526,5.12
43.4852,-1.4715,
43.48,-1.4509,1.32
43.4965,-1.4825,2.08
43.4885,-1.4676,5.69
43.4954,-1.4641,1.59
43.4613,-1.4923,0.49
43.482,-1.4943,1.47
43.4844,-1.4964,1.44
43.5076,-1.4634,0.46
43.4835,-1.4868,22.66
43.4818,-1.4827,1.85
43.4979,-1.4198,0.41
43.4766,-1.4854,0.81
43.4842,-1.4798,2.78
43.4954,-1.4647,0.51
43.4817,-1.4999,2.11
43.4933,-1.4544,0.46
43.4692,-1.4896,4.52
43.4958,-1.4873,5.05
43.4789,-1.4501,0.16
43.461,-1.4815,
43.4772,-1.4838,12.25
43.4873,-1.4677,2.22
43.4813,-1.4585,3.12
43.4954,-1.4674,
43.4795,-1.4561,0.77
43.4911,-1.4657,
43.4767,-1.4944,0.49
43.4577,-1.4865,
43.4995,-1.4812,9.08
43.4857,-1.4912,1.25
43.5118,-1.4402,0.25
43.4942,-1.4626,2.3
43.4782,-1.4749,
43.5118,-1.487,0.65
43.5081,-1.4353,0.48
43.4764,-1.4843,0.8
43.483,-1.4557,1.83
43.5072,-1.4605,0.51
43.4844,-1.5009,1.08
43.5052,-1.4759,1.72
43.479,-1.4737,1.78
43.486,-1.4898,3.56
43.4998,-1.4574,11.18
43.4907,-1.4604,7.35
43.494,-1.4837,1.87
43.4998,-1.4545,11.89
43.502,-1.4529,1.11
43.4922,-1.4734,24.32
43.4933,-1.4586,0.74
43.4963,-1.4839,2.81
43.4609,-1.4938,2.81
43.5058,-1.4583,0.17
43.4817,-1.4826,1.83
43.4949,-1.4638,0.09
43.4808,-1.4854,1.07
43.4787,-1.4924,2.32
43.4936,-1.4937,9.74
43.479,-1.4936,1.29
43.4833,-1.4794,2.79
43.4904,-1.4741,
43.4808,-1.4988,1.21
43.5041,-1.4369,2.58
43.4946,-1.4815,0.13
43.4928,-1.4636,2.42
43.5129,-1.4629,1.48
43.4861,-1.4483,8.38
43.5082,-1.4339,0.66
43.5109,-1.4701,0.76
43.4924,-1.4834,0.15
43.4784,-1.4921,0.2
43.4779,-1.4942,1.36
43.4839,-1.4891,0.16
43.4997,-1.4465,2.78
43.4812,-1.4845,0.44
43.4979,-1.4525,12.98
43.4835,-1.4864,16.99
43.4803,-1.4549,1.05
43.4816,-1.4938,0.43
43.5015,-1.4781,1.28
43.4953,-1.4859,0.31
43.4855,-1.476,0.83
43.4925,-1.4833,0.36
43.4905,-1.4606,5.77
43.4802,-1.4787,0.9
43.4798,-1.4532,0.91
43.4851,-1.4755,0.59
43.4968,-1.4633,1.32
43.494,-1.4537,4.61
43.5091,-1.4651,0.26
43.4896,-1.4445,1.82
43.4983,-1.4566,18.78
43.4874,-1.4587,2.39
43.4873,-1.4683,2.32
43.4892,-1.4733,
43.4984,-1.4541,2.28
43.4805,-1.4572,2.97
43.4847,-1.4609,2.68
43.4889,-1.4885,0.04
43.4709,-1.4879,0.58
43.4882,-1.491,5.15
43.495,-1.4676,0.48
43.5045,-1.4851,0.79
43.5072,-1.4616,1.82
43.4933,-1.4797,10.8
43.4845,-1.4704,1.91
43.5065,-1.4744,1.14
43.4798,-1.4565,2.08
43.4965,-1.4361,1.4
43.4763,-1.483,0.63
43.4844,-1.4572,6.07
43.4902,-1.4918,0.31
43.504,-1.4723,2.52
43.5032,-1.4663,
43.4794,-1.4736,9.06
43.4923,-1.4802,
43.5022,-1.4207,1.3
43.4887,-1.4727,1.42
43.4884,-1.4509,2.73
43.5072,-1.4538,0.05
43.4997,-1.4374,0.79
43.5038,-1.423,3.68
43.4766,-1.4763,
43.5046,-1.448,0.45
43.4852,-1.4721,0.31
43.5027,-1.453,15.72
43.4992,-1.461,2.07
43.5018,-1.4549,
43.494,-1.4539,0.62
43.4738,-1.4834,1.05
43.4926,-1.4852,1.64
43.4932,-1.4679,0.7
43.4963,-1.4752,
43.4913,-1.4917,1.55
43.4951,-1.478,17.89
43.4934,-1.4867,0.48
43.5053,-1.4617,2.4
43.4989,-1.4474,1.8
43.4707,-1.4925,27.84
43.4978,-1.4631,1.63
43.4903,-1.4863,0.07
43.4922,-1.4949,1.44
43.4929,-1.494,2.66
43.4937,-1.4924,14.14
43.4952,-1.4856,0.51
43.4833,-1.4662,0.12
43.4836,-1.5007,5.84
43.5157,-1.4661,3.43
43.4845,-1.4823,1.84
43.4941,-1.4828,7.96
43.4934,-1.4638,0.06
43.4602,-1.4893,2.2
43.4916,-1.4828,2.61
43.5028,-1.4824,0.19
43.4975,-1.486,1.1
43.508,-1.4644,1.21
43.5036,-1.4234,4.53
43.4936,-1.4633,0.9
43.4698,-1.4881,0.23
43.4785,-1.4923,2.93
43.4978,-1.4353,0.38
43.4837,-1.4784,3.12
43.5017,-1.4389,2.04
43.5015,-1.4557,23.07
43.5082,-1.4845,1.0
43.4962,-1.4736,7.39
43.4942,-1.4701,
43.49,-1.4791,9.01
43.4752,-1.4901,2.88
43.5065,-1.4724,0.59
43.4843,-1.4889,5.09
43.4767,-1.453,0.53
43.479,-1.5043,1.5
43.4901,-1.4871,3.54
43.4712,-1.4847,
43.4885,-1.4616,0.68
43.4793,-1.503,0.81
43.4763,-1.4832,1.54
43.4993,-1.4897,2.02
43.5,-1.4526,0.94
43.4833,-1.4496,2.8
43.4972,-1.4563,0.26
43.4738,-1.4855,7.68
43.5034,-1.4507,16.48
43.4942,-1.4657,8.03
43.4979,-1.4522,2.39
43.4946,-1.4384,0.24
43.4975,-1.4454,1.17
43.4653,-1.4953,0.37
43.4888,-1.4716,
43.4868,-1.4668,3.16
43.4882,-1.4766,17.99
43.4868,-1.4684,0.88
43.492,-1.4703,1.58
43.4902,-1.4605,1.76
43.5097,-1.482,0.19
43.491,-1.4599,2.95
43.5108,-1.4348,0.68
43.4835,-1.4793,2.02
43.4893,-1.4728,
43.5026,-1.4391,4.03
43.5086,-1.445,0.31
43.4916,-1.4884,0.94
43.4973,-1.4683,25.93
43.4978,-1.4213,1.36
43.4846,-1.4827,4.15
43.4858,-1.471,18.67
43.4915,-1.481,16.65
43.4983,-1.4935,1.68
43.4948,-1.4691,3.25
43.5109,-1.4854,0.56
43.5083,-1.4332,1.29
43.4887,-1.4668,0.18
43.487,-1.453,2.03
43.4913,-1.4942,1.25
43.4955,-1.4689,
43.4702,-1.4892,0.69
43.4844,-1.4901,14.84
43.5005,-1.4921,0.58
43.4787,-1.4682,0.62
43.4781,-1.4745,
43.4961,-1.4397,0.69
43.5134,-1.446,0.97
43.4986,-1.4477,4.07
43.4762,-1.4893,1.99
43.4918,-1.4535,2.39
43.4953,-1.4711,9.94
43.4958,-1.4417,0.46
43.4919,-1.4845,0.45
43.4992,-1.4546,8.78
43.4944,-1.4528,2.66
43.4983,-1.4873,0.72
43.4835,-1.488,
43.4835,-1.4466,0.96
43.5091,-1.467,0.5
43.4952,-1.4626,0.62
43.4913,-1.4789,18.33
43.4912,-1.4534,4.39
43.5089,-1.4678,1.42
43.4812,-1.4882,2.71
43.5116,-1.4406,2.37
43.4887,-1.4771,
43.4714,-1.4917,24.75
43.5027,-1.4711,0.47
43.5028,-1.4421,1.14
43.4914,-1.4788,16.21
43.4932,-1.4734,
43.5053,-1.4616,1.15
43.4649,-1.4954,3.01
43.4932,-1.4574,1.32
43.4866,-1.4875,1.09
43.4938,-1.476,16.03
43.4939,-1.4824,5.54
43.51,-1.4669,2.18
43.4813,-1.4587,4.37
43.4799,-1.487,
43.4902,-1.482,3.14
43.4931,-1.4831,0.44
43.4683,-1.4912,3.47
43.4808,-1.4999,4.22
43.4695,-1.4938,
43.5011,-1.4827,0.52
43.4967,-1.4773,
43.4763,-1.4794,0.73
43.4786,-1.5001,
43.484,-1.463,1.4
43.5023,-1.4667,
43.4974,-1.4294,3.96
43.4948,-1.4581,
43.46,-1.4823,
43.4924,-1.4532,0.98
43.5086,-1.4664,1.08
43.4972,-1.4816,
43.4815,-1.4827,3.39
43.484,-1.4566,0.73
43.4849,-1.481,29.53
43.4929,-1.4444,2.12
43.4848,-1.4586,9.73
43.4763,-1.4732,
43.4828,-1.4901,1.6
43.4812,-1.4592,2.65
43.4998,-1.4574,13.46
43.4882,-1.4762,18.0
43.4792,-1.4877,2.42
43.5015,-1.4482,
43.4906,-1.4921,0.24
43.4942,-1.4598,1.41
43.4879,-1.4663,0.59
43.4778,-1.5001,1.36
43.4899,-1.4622,0.46
43.5053,-1.4613,1.7
43.5048,-1.46,
43.4922,-1.4699,
43.468,-1.4918,16.34
43.4843,-1.4712,
43.4974,-1.424,0.62
43.5102,-1.4675,1.66
43.4932,-1.4922,
43.4934,-1.4902,1.6
43.5012,-1.4499,0.83
43.4854,-1.4939,0.85
43.4945,-1.4432,2.56
43.4845,-1.4973,0.85
43.4791,-1.485,7.04
43.5062,-1.4875,2.0
43.4983,-1.4809,
43.5023,-1.4792,3.86
43.4949,-1.4579,22.06
43.5049,-1.4762,2.16
43.5096,-1.4656,0.49
43.4828,-1.4689,0.75
43.5048,-1.4323,0.41
43.5036,-1.4697,0.56
43.4869,-1.4864,1.21
43.4861,-1.4755,1.0
43.4863,-1.4843,0.58
43.5048,-1.4685,0.19
43.4939,-1.4559,1.9
43.4982,-1.4822,4.87
43.4932,-1.4478,1.05
43.4793,-1.49,1.81
43.4881,-1.4791,
43.4776,-1.4761,
43.4981,-1.4551,4.96
43.4876,-1.4672,0.45
43.4895,-1.4536,0.51
43.4757,-1.4697,
43.4808,-1.4802,0.61
43.5095,-1.4719,3.01
43.5053,-1.4715,1.58
43.5036,-1.4264,0.48
43.4828,-1.474,9.74
43.4854,-1.4707,
43.4639,-1.4981,2.94
43.5162,-1.4658,0.61
43.4882,-1.453,1.9
43.4816,-1.4825,2.78
43.5062,-1.4911,
43.4911,-1.481,16.7
43.4809,-1.4625,1.31
43.4956,-1.471,0.38
43.4782,-1.4683,2.8
43.4949,-1.4891,28.88
43.4961,-1.4517,0.19
43.4922,-1.4764,
43.4923,-1.4801,
43.486,-1.4919,0.88
43.5028,-1.4481,29.21
43.4974,-1.4822,
43.4821,-1.4772,0.21
43.4739,-1.4794,
43.481,-1.4757,0.37
43.4962,-1.4525,
43.5079,-1.4878,1.94
43.5103,-1.4407,1.34
43.4969,-1.4638,2.29
43.4926,-1.4732,0.02
43.4942,-1.4833,1.47
43.5003,-1.48,4.53
43.4991,-1.4197,0.65
43.4836,-1.4779,0.02
43.4808,-1.4785,1.45
43.5078,-1.4633,0.94
43.4852,-1.4711,
43.4956,-1.4717,1.74
43.4809,-1.4979,0.66
43.4967,-1.4751,0.87
43.5024,-1.4471,0.98
43.4793,-1.5026,0.73
43.4753,-1.479,14.04
43.4867,-1.4905,1.21
43.4953,-1.4725,
43.5081,-1.4638,0.83
43.509,-1.444,0.51
43.4912,-1.492,1.56
43.4953,-1.4724,
43.4793,-1.4654,0.66
43.4951,-1.4945,2.33
43.4853,-1.4729,14.1
43.4935,-1.4771,2.4
43.4969,-1.4256,0.46
43.5028,-1.4418,2.77
43.4826,-1.486,23.8
43.4897,-1.4755,
43.5096,-1.4655,0.52
43.4826,-1.4662,1.15
43.4831,-1.4837,1.75
43.4912,-1.4532,2.9
43.5023,-1.4795,1.42
43.4982,-1.4913,2.6
43.4963,-1.4707,4.17
43.4875,-1.4626,
43.508,-1.4656,1.5
43.4854,-1.4932,2.04
43.48,-1.4766,0.02
43.4863,-1.4761,5.68
43.5027,-1.4396,1.99
43.4778,-1.4546,1.99
43.4795,-1.474,11.31
43.5075,-1.4759,0.59
43.4939,-1.4941,2.95
43.469,-1.4901,3.38
43.4879,-1.4663,0.37
43.4823,-1.4946,0.99
43.482,-1.4712,
43.5014,-1.4675,0.26
43.4961,-1.435,4.26
43.4841,-1.4722,
43.4924,-1.4794,
43.5009,-1.4485,
43.4801,-1.484,19.92
43.5079,-1.4832,0.83
43.4974,-1.4567,0.2
43.4938,-1.4464,1.95
43.4975,-1.4585,
43.4899,-1.4753,
43.4879,-1.4826,4.23
43.5011,-1.4839,
43.4842,-1.4627,0.35
43.4957,-1.4717,4.04
43.502,-1.4542,
43.4797,-1.5013,4.87
43.4909,-1.4623,0.43
43.4939,-1.4559,0.23
43.4969,-1.4833,1.78
43.4846,-1.4478,8.69
43.489,-1.469,
43.4917,-1.4538,1.63
43.4693,-1.4932,1.64
43.495,-1.4914,2.3
43.4842,-1.4992,14.21
43.4918,-1.4771,10.38
43.4943,-1.4444,1.18
43.4795,-1.5037,0.98
43.4741,-1.4832,7.16
43.5028,-1.4543,1.98
43.4975,-1.4683,
43.5017,-1.4569,18.39
43.4864,-1.4668,1.22
43.4889,-1.4936,1.13
43.5019,-1.4573,1.2
43.4908,-1.4878,
43.4744,-1.4832,0.57
43.4656,-1.4949,0.13
43.5021,-1.4479,0.44
43.5132,-1.4626,1.33
43.4806,-1.5029,1.54
43.4771,-1.4917,0.72
43.4945,-1.467,0.9
43.5075,-1.4873,0.23
43.5058,-1.4586,0.04
43.5146,-1.4613,0.98
43.5036,-1.4683,0.6
43.4946,-1.4425,1.05
43.4903,-1.4533,1.68
43.4778,-1.4996,0.59
43.4803,-1.4523,1.27
43.4901,-1.4677,18.71
43.5036,-1.448,12.42
43.499,-1.4496,2.14
43.5099,-1.4479,
43.4811,-1.4602,1.69
43.4894,-1.472,7.95
43.4954,-1.4894,1.52
43.4873,-1.4827,9.7
43.4939,-1.477,1.25
43.4656,-1.4928,0.36
43.4881,-1.4636,
43.4905,-1.4648,
43.5011,-1.458,
43.4919,-1.4707,10.95
43.507,-1.472,0.63
43.4979,-1.4522,0.45
43.4863,-1.4844,0.97
43.502,-1.4538,
43.4826,-1.4658,3.08
43.4946,-1.4789,1.21
43.495,-1.4408,0.13
43.4999,-1.4463,2.59
43.4778,-1.4929,1.2
43.4923,-1.4954,3.83
43.4962,-1.4602,0.62
43.482,-1.4896,
43.4765,-1.4689,3.15
43.4526,-1.494,1.87
43.4857,-1.476,6.95
43.5028,-1.4539,0.78
43.478,-1.458,5.94
43.4855,-1.4846,2.05
43.5078,-1.4915,
43.4961,-1.4729,3.42
43.495,-1.4408,3.08
43.4937,-1.4941,10.75
43.4936,-1.477,2.75
43.4958,-1.4862,0.34
43.5099,-1.4329,19.67
43.5068,-1.4623,0.5
43.4947,-1.479,7.23
43.4997,-1.4874,
43.5023,-1.4504,
43.4939,-1.4817,8.15
43.4807,-1.4675,1.9
43.5084,-1.4658,0.84
43.4902,-1.4733,23.41
43.51,-1.433,27.73
43.5048,-1.4609,0.55
43.5111,-1.4873,0.4
43.4795,-1.4872,2.29
43.4947,-1.461,0.29
43.4907,-1.4908,5.41
43.4873,-1.4621,1.94
43.4903,-1.4714,0.89
43.4908,-1.4712,2.08
43.4891,-1.4772,
43.4951,-1.476,
43.493,-1.4659,1.64
43.4763,-1.4967,1.53
43.4908,-1.4624,1.18
43.4847,-1.4585,0.89
43.4689,-1.4933,0.59
43.4674,-1.492,6.33
43.4956,-1.4898,0.12
43.5042,-1.4475,0.54
43.5081,-1.4875,3.04
43.4875,-1.4672,1.53
43.4797,-1.5008,0.97
43.4953,-1.4525,0.98
43.4788,-1.5,
43.4906,-1.4731,24.06
43.5002,-1.4511,0.36
43.4839,-1.4905,4.47
43.4748,-1.4899,2.22
43.4957,-1.4575,0.94
43.4947,-1.4418,1.63
43.5097,-1.4334,
43.4853,-1.4661,0.15
43.4918,-1.4699,4.01
43.5083,-1.4877,0.61
43.4953,-1.4643,3.08
43.4831,-1.4742,6.02
43.4788,-1.4728,
43.5003,-1.4882,
43.4911,-1.4818,11.35
43.4967,-1.4752,0.83
43.4666,-1.491,18.25
43.4938,-1.4838,0.7
43.4816,-1.4933,20.78
43.492,-1.4757,
43.4979,-1.42,0.94
43.4859,-1.4905,3.45
43.505,-1.4672,0.84
43.4671,-1.4924,9.38
43.4882,-1.469,
43.5003,-1.4539,21.22
43.5033,-1.443,1.56
43.4947,-1.4698,13.24
43.4929,-1.4609,0.43
43.4861,-1.4612,0.17
43.4907,-1.4624,3.9
43.4899,-1.4711,14.76
43.4904,-1.4686,
43.5001,-1.4816,0.32
43.4858,-1.4916,2.94
43.4959,-1.4805,2.1
43.4842,-1.457,1.04
43.4907,-1.4722,0.43
43.48,-1.4747,1.89
43.488,-1.4811,15.27
43.4932,-1.4903,1.18
43.4933,-1.4797,3.77
43.5018,-1.4449,1.08
43.5057,-1.4312,0.29
43.4842,-1.4501,5.52
43.466,-1.4958,0.54
43.4609,-1.4896,1.91
43.4864,-1.4926,1.21
43.4601,-1.4893,2.76
43.4935,-1.4576,2.97
43.4887,-1.4668,0.48
43.5075,-1.4448,1.89
43.486,-1.4904,2.65
43.4772,-1.4826,8.46
43.4887,-1.4584,0.25
43.4698,-1.4889,1.51
43.4817,-1.4853,1.71
43.4639,-1.4967,0.81
43.4823,-1.4583,6.82
43.4851,-1.494,1.07
43.4792,-1.4655,0.43
43.4923,-1.4834,0.23
43.4967,-1.4266,0.5
43.5058,-1.4745,1.9
43.4918,-1.4958,0.07
43.4937,-1.4608,0.05
43.502,-1.4788,1.94
43.4982,-1.4806,
43.4879,-1.4743,1.36
43.4745,-1.4898,2.75
43.4931,-1.4491,2.57
43.4866,-1.4742,14.61
43.4981,-1.453,3.04
43.4886,-1.4761,
43.4987,-1.4589,
43.51,-1.4882,0.64
43.4755,-1.4795,0.64
43.4831,-1.4685,1.28
43.4915,-1.4666,
43.5009,-1.4459,1.14
43.4769,-1.4757,
43.5106,-1.4348,0.51
43.4914,-1.4788,11.55
43.4924,-1.4806,3.1
43.4975,-1.4597,
43.4901,-1.4818,10.21
43.5039,-1.4743,5.27
43.4978,-1.4673,3.22
43.5049,-1.4469,0.23
43.5027,-1.4546,2.24
43.5048,-1.4686,0.79
43.4817,-1.4656,1.01
43.4947,-1.4788,1.1
43.4941,-1.479,16.07
43.4868,-1.4617,
43.5052,-1.4858,0.77
43.4851,-1.4831,0.4
43.4807,-1.48,0.89
43.4981,-1.4797,2.25
43.4872,-1.4494,1.39
43.4792,-1.4849,18.04
43.494,-1.4871,0.09
43.4952,-1.469,29.81
43.4954,-1.4569,0.85
43.5036,-1.469,1.72
43.4827,-1.4899,4.16
43.5018,-1.4811,13.86
43.4858,-1.4708,24.34
43.5101,-1.4643,0.09
43.4896,-1.4781,2.07
43.4688,-1.4948,26.46
43.4855,-1.4712,26.55
43.4764,-1.4709,
43.5052,-1.4837,1.09
43.4917,-1.4784,2.05
43.4698,-1.4849,
43.4886,-1.4687,
43.4906,-1.4939,4.19
43.4869,-1.4694,2.12
43.4823,-1.488,21.7
43.5004,-1.4499,6.65
43.4992,-1.4347,0.7
43.4788,-1.4924,1.59
43.4999,-1.4571,0.9
43.4784,-1.4747,
43.4962,-1.4602,0.77
43.4882,-1.4968,
43.5091,-1.4644,1.28
43.4837,-1.4555,0.5
43.5013,-1.4825,0.23
43.4949,-1.4794,0.3
43.505,-1.4849,0.96
43.4691,-1.4934,1.29
43.4967,-1.4692,1.97
43.5021,-1.4462,0.81
43.4787,-1.473,26.31
43.4686,-1.4906,2.92
43.4811,-1.4645,7.66
43.4875,-1.4758,16.54
43.4657,-1.4836,25.45
43.4898,-1.494,2.16
43.4844,-1.4594,0.06
43.5041,-1.4725,4.59
43.4844,-1.4603,0.28
43.481,-1.4545,3.39
43.4974,-1.4557,1.11
43.4959,-1.4722,2.83
43.4886,-1.4827,1.58
43.4955,-1.4773,
43.4845,-1.4968,5.35
43.4963,-1.4717,0.41
43.502,-1.4519,
43.4909,-1.4776,13.29
43.4996,-1.4793,1.74
43.4857,-1.4711,17.37
43.4912,-1.4738,0.16
43.4792,-1.5041,1.96
43.4915,-1.4945,1.1
43.4791,-1.4557,1.59
43.4916,-1.481,15.82
43.4797,-1.5,0.76
43.4851,-1.4759,2.18
43.4906,-1.4703,0.77
43.4814,-1.4828,3.47
43.4788,-1.5003,
43.4972,-1.4562,3.86
43.4825,-1.4531,4.14
43.4942,-1.4757,
43.4864,-1.4757,27.65
43.4911,-1.4931,1.42
43.505,-1.4857,0.62
43.4636,-1.4817,
43.4889,-1.4726,0.31
43.4856,-1.4736,16.26
43.489,-1.4567,
43.5097,-1.4328,13.09
43.4953,-1.4704,5.01
43.5018,-1.4533,2.65
43.4811,-1.4706,
43.5046,-1.4842,0.49
43.4836,-1.4883,
43.5096,-1.447,
43.4943,-1.4543,1.34
43.5148,-1.4669,0.21
43.4784,-1.4731,0.82
43.5039,-1.4429,0.84
43.4871,-1.4969,
43.4851,-1.4592,6.93
43.4883,-1.482,22.72
43.5083,-1.4676,0.72
43.5002,-1.4521,19.26
43.4942,-1.4895,0.6
43.4972,-1.4246,0.21
43.5128,-1.4378,1.19
43.505,-1.4468,1.99
43.4869,-1.4815,
43.5102,-1.4488,
43.4973,-1.4844,0.69
43.4932,-1.4746,
43.5027,-1.49,
43.4937,-1.4777,1.64
43.5082,-1.4914,
43.4954,-1.488,3.0
43.493,-1.4758,27.08
43.4986,-1.4878,0.09
43.4999,-1.4573,4.14
43.5031,-1.4532,1.07
43.4967,-1.4796,
43.4837,-1.4854,3.23
43.4947,-1.4773,
43.496,-1.438,0.01
43.4809,-1.4629,2.57
43.5057,-1.4594,0.3
43.4893,-1.4966,
43.4896,-1.4698,
43.4897,-1.4551,1.61
43.4933,-1.4681,3.11
43.4878,-1.4688,
43.4953,-1.4582,
43.4931,-1.456,1.49
43.5053,-1.4633,1.43
43.4758,-1.4799,1.86
43.4782,-1.451,0.91
43.4902,-1.4558,0.88
43.4868,-1.4803,1.11
43.5026,-1.4385,0.77
43.5022,-1.4515,
43.5035,-1.4665,1.92
43.4916,-1.4692,19.55
43.4874,-1.4619,2.06
43.5038,-1.4627,17.6
43.5068,-1.4606,0.8
43.5045,-1.459,
43.4813,-1.4707,
43.4667,-1.4916,3.06
43.4922,-1.4547,1.23
43.4978,-1.4211,1.27
43.4876,-1.4744,0.1
43.4903,-1.4586,0.44
43.4921,-1.4951,1.75
43.5102,-1.482,2.82
43.4789,-1.4587,6.08
43.4804,-1.4861,5.04
43.5021,-1.4806,0.71
43.4938,-1.4794,3.39
43.4867,-1.4868,0.02
43.5016,-1.4573,
43.5028,-1.4543,1.86
43.4954,-1.4464,0.4
43.4935,-1.4609,1.32
43.5031,-1.4829,0.46
43.5043,-1.4652,0.38
43.4752,-1.4793,6.84
43.5,-1.4651,12.31
43.481,-1.4807,4.12
43.5013,-1.4803,0.62
43.4975,-1.4388,0.45
43.4941,-1.4793,3.38
43.4854,-1.4827,2.45
43.4888,-1.455,1.14
43.4904,-1.492,0.83
43.4845,-1.4901,0.55
43.4865,-1.4696,2.44
43.4992,-1.4469,3.42
43.4882,-1.4828,1.88
43.4982,-1.4799,2.11
43.4773,-1.4833,
43.492,-1.4704,0.69
43.5004,-1.4562,17.31
43.5,-1.4547,1.49
43.4908,-1.4767,
43.482,-1.4826,0.04
43.4811,-1.4584,2.9
43.5079,-1.4342,17.5
43.4803,-1.4822,0.67
43.5019,-1.4552,
43.4871,-1.4768,3.57
43.5132,-1.4355,0.7
43.4862,-1.4766,0.91
43.4757,-1.4722,
43.4837,-1.5005,5.76
43.4661,-1.4959,2.01
43.495,-1.4579,27.72
43.4858,-1.4736,0.66
43.4813,-1.4988,4.14
43.507,-1.4876,1.13
43.4938,-1.4819,1.46
43.4877,-1.4665,0.28
43.487,-1.4528,2.06
43.4868,-1.487,0.22
43.493,-1.4516,2.75
43.4857,-1.4762,0.27
43.4763,-1.4707,
43.4845,-1.4974,0.42
43.4976,-1.423,0.78
43.4834,-1.4874,1.51
43.4832,-1.4781,4.15
43.4843,-1.479,1.51
43.4898,-1.4697,
43.4867,-1.4638,1.33
43.4935,-1.4667,2.73
43.4843,-1.4976,4.99
43.4789,-1.4676,0.86
43.4908,-1.486,0.09
43.5037,-1.4679,2.01
43.4931,-1.4728,4.28
43.4819,-1.4877,4.85
43.4922,-1.4912,1.53
43.4687,-1.4936,1.2
43.4943,-1.4908,3.59
43.5107,-1.4641,1.94
43.4871,-1.4695,0.94
43.4785,-1.5046,5.61
43.5082,-1.4353,2.36
43.4762,-1.486,1.29
43.4984,-1.4571,0.3
43.4787,-1.4947,1.83
43.4911,-1.4622,0.41
43.4977,-1.4321,1.75
43.4964,-1.4912,2.14
43.4836,-1.4665,0.8
43.4894,-1.4573,1.55
43.4827,-1.4881,
43.5045,-1.4463,1.44
43.4975,-1.4396,
43.4791,-1.4751,
43.5012,-1.4393,1.77
43.4981,-1.4576,0.28
43.4655,-1.4923,1.03
43.4982,-1.4618,1.23
43.4883,-1.4775,4.52
43.4734,-1.4806,
43.4937,-1.4465,0.72
43.5062,-1.4614,16.26
43.4915,-1.4769,1.58
43.4832,-1.4661,0.23
43.4943,-1.482,0.6
43.493,-1.4483,2.11
43.4948,-1.4899,1.94
43.4847,-1.4917,
43.4813,-1.4592,4.94
43.4849,-1.4848,2.16
43.5026,-1.4761,0.4
43.4847,-1.4723,
43.4891,-1.4767,
43.4736,-1.4826,0.36
43.4781,-1.4948,1.54
43.4669,-1.4882,7.14
43.4969,-1.451,0.39
43.4519,-1.4934,2.54
43.5085,-1.4334,22.07
43.5017,-1.4595,0.91
43.4891,-1.4686,
43.4833,-1.4528,1.5
43.4843,-1.4714,
43.5018,-1.4677,0.16
43.4995,-1.4614,5.38
43.5017,-1.4658,
43.4943,-1.4801,0.35
43.4888,-1.4565,12.09
43.4925,-1.4436,1.53
43.5111,-1.492,
43.4819,-1.4775,0.17
43.5027,-1.4545,1.56
43.483,-1.4879,
43.5015,-1.4385,1.82
43.4839,-1.4663,9.91
43.4936,-1.4469,1.56
43.4944,-1.4716,1.82
43.5112,-1.443,1.55
43.494,-1.4539,3.99
43.4923,-1.4744,3.01
43.4924,-1.466,0.5
43.4841,-1.4465,2.22
43.4917,-1.4692,26.51
43.4917,-1.4639,3.51
43.4898,-1.4723,
43.4889,-1.4643,
43.4946,-1.471,28.23
43.4837,-1.4765,21.36
43.4914,-1.4961,0.13
43.4756,-1.476,
43.4661,-1.4939,1.24
43.503,-1.438,0.64
43.5085,-1.435,0.44
43.4838,-1.4475,8.89
43.4966,-1.4735,0.41
43.4758,-1.4753,
43.4957,-1.4721,4.81
43.4948,-1.4667,0.14
43.4891,-1.4526,1.69
43.4973,-1.4778,3.16
43.5058,-1.474,5.31
43.4536,-1.4943,1.85
43.4949,-1.4407,4.31
43.5067,-1.46,1.03
43.4775,-1.484,1.22
43.4929,-1.4625,0.33
43.5053,-1.4612,1.54
43.4848,-1.4661,6.41
43.4515,-1.4954,2.63
43.4921,-1.4716,0.49
43.4909,-1.4954,1.33
43.4795,-1.4536,0.74
43.4895,-1.4681,2.16
43.4938,-1.4462,0.42
43.4631,-1.4813,
43.5059,-1.4565,0.9
43.4919,-1.4772,1.35
43.4809,-1.4783,2.37
43.489,-1.4826,0.39
43.4906,-1.4573,0.3
43.4943,-1.4656,1.32
43.4853,-1.4931,2.94
43.4873,-1.4849,0.66
43.4986,-1.4479,3.9
43.494,-1.4653,1.39
43.4639,-1.482,
43.4905,-1.4715,1.4
43.505,-1.4322,1.19
43.4854,-1.4661,0.38
43.4917,-1.4848,2.7
43.5028,-1.4539,0.59
43.4812,-1.4802,1.91
43.4995,-1.4792,1.79
43.4911,-1.4954,3.92
43.4872,-1.4621,2.55
43.4894,-1.4819,3.6
43.4796,-1.5002,0.39
43.4751,-1.4529,7.07
43.4969,-1.487,0.59
43.4901,-1.4806,
43.5099,-1.4723,0.28
43.5009,-1.4485,
43.4842,-1.4723,
43.5033,-1.451,16.04
43.479,-1.4472,2.68
43.4977,-1.4278,0.69
43.5017,-1.4536,3.33
43.4805,-1.4708,
43.4949,-1.4813,14.47
43.4886,-1.4966,
43.5019,-1.481,0.04
43.4902,-1.4753,
43.4936,-1.4924,0.29
43.4822,-1.4844,0.48
43.4866,-1.464,1.25
43.4665,-1.491,6.83
43.4837,-1.4554,0.53
43.4837,-1.5008,3.3
43.5058,-1.4749,0.82
43.4867,-1.4741,5.21
43.4504,-1.4934,1.84
43.4937,-1.4918,2.99
43.4899,-1.4749,0.78
43.4896,-1.4926,0.51
43.481,-1.4603,0.58
43.4895,-1.4491,1.32
43.508,-1.4446,1.34
43.4923,-1.4649,1.79
43.4908,-1.4773,
43.4997,-1.4874,
43.495,-1.4815,6.33
43.4835,-1.5018,0.92
43.4976,-1.4225,0.95
43.4782,-1.455,2.85
43.5052,-1.4321,0.84
43.4877,-1.4672,4.4
43.4838,-1.4891,11.13
43.4913,-1.4602,1.94
43.4994,-1.4379,1.9
43.4946,-1.4609,0.49
43.4949,-1.4782,9.46
43.5057,-1.4314,3.98
43.4908,-1.4805,2.06
43.5006,-1.446,2.97
43.5018,-1.4519,
43.4912,-1.4757,
43.4932,-1.4531,6.33
43.5017,-1.4545,25.18
43.4941,-1.4667,21.74
43.5015,-1.4672,9.56
43.4923,-1.4715,3.2
43.5073,-1.4634,1.27
43.4806,-1.4665,2.71
43.4868,-1.4984,
43.4861,-1.4668,0.31
43.511,-1.4638,1.31
43.5012,-1.4486,29.48
43.4904,-1.4682,
43.4721,-1.4842,
43.4803,-1.4578,1.17
43.4989,-1.4382,2.0
43.4855,-1.49,5.15
43.4893,-1.475,1.29
43.4908,-1.4924,0.16
43.4783,-1.4506,0.84
43.4912,-1.4801,
43.4853,-1.4778,1.02
43.5068,-1.4874,1.1
43.4912,-1.4929,2.05
43.4994,-1.4381,0.19
43.4838,-1.4851,3.12
43.4957,-1.4367,0.83
43.4915,-1.4896,0.78
43.4965,-1.4705,23.37
43.4953,-1.4898,0.33
43.4763,-1.4968,2.84
43.4958,-1.4514,4.01
43.4833,-1.4906,14.61
43.4939,-1.4669,19.55
43.5047,-1.4476,1.01
43.4879,-1.4605,2.11
43.5091,-1.4592,0.38
43.4779,-1.5008,1.12
43.4962,-1.4455,4.67
43.5015,-1.4565,9.0
43.4847,-1.4961,1.43
43.4744,-1.4852,2.34
43.506,-1.4637,2.16
43.5065,-1.4866,0.58
43.487,-1.4525,1.91
43.4836,-1.4733,
43.506,-1.4738,0.96
43.5138,-1.4622,1.06
43.4881,-1.4674,2.06
43.4848,-1.4613,0.18
43.5011,-1.48,1.48
43.4845,-1.4826,4.27
43.4871,-1.4519,1.92
43.4921,-1.4733,
43.5059,-1.4727,1.24
43.4956,-1.4517,1.3
43.4811,-1.4932,1.61
43.481,-1.4613,5.75
43.4855,-1.4925,3.68
43.5043,-1.4483,0.04
43.4923,-1.4536,4.13
43.4853,-1.4788,
43.4937,-1.4669,3.26
43.479,-1.4936,1.3
43.5019,-1.4531,2.02
43.4994,-1.4896,0.41
43.509,-1.4815,1.66
43.4849,-1.4826,12.17
43.4875,-1.4827,0.2
43.4929,-1.4806,11.26
43.4902,-1.4557,5.59
43.4663,-1.492,0.05
43.4802,-1.4767,0.18
43.4951,-1.4417,0.55
43.4845,-1.4899,9.25
43.5106,-1.4426,0.72
43.4915,-1.4888,0.67
43.496,-1.4843,4.03
43.4867,-1.4931,1.25
43.5109,-1.485,1.04
43.5019,-1.4575,1.65
43.4784,-1.4929,6.82
43.4833,-1.4546,1.77
43.4758,-1.4822,1.86
43.4925,-1.4852,1.65
43.4969,-1.4864,2.09
43.4899,-1.4768,
43.4846,-1.481,0.42
43.4951,-1.4767,
43.4877,-1.4815,1.72
43.4701,-1.4839,
43.5047,-1.4763,1.02
43.4769,-1.4685,0.26
43.4676,-1.4922,0.09
43.4956,-1.4522,0.99
43.5109,-1.492,
43.4968,-1.475,12.21
43.4821,-1.4536,0.49
43.4951,-1.4544,2.08
43.4945,-1.4716,2.52
43.4935,-1.4918,0.34
43.491,-1.4939,1.04
43.483,-1.4661,1.42
43.507,-1.4299,1.52
43.5065,-1.4735,0.65
43.494,-1.4454,2.23
43.4865,-1.4927,0.58
43.4828,-1.4738,1.95
43.4854,-1.4704,
43.4924,-1.464,0.48
43.5083,-1.4877,0.84
43.4819,-1.4681,3.84
43.4946,-1.4543,2.1
43.498,-1.4909,3.47
43.5045,-1.4634,0.15
43.4856,-1.492,2.38
43.4707,-1.4926,
43.4886,-1.4643,
43.4901,-1.4767,
43.4915,-1.476,
43.4892,-1.4688,
43.4602,-1.4821,
43.5065,-1.478,1.92
43.4867,-1.4971,
43.5017,-1.4598,5.44
43.5112,-1.4873,0.24
43.4817,-1.4859,1.98
43.4967,-1.4609,0.89
43.4837,-1.4793,1.83
43.4886,-1.4821,1.69
43.5006,-1.4519,
43.4874,-1.4594,3.58
43.4877,-1.4828,0.46
43.4979,-1.4837,
43.4938,-1.4925,14.62
43.492,-1.4527,
43.4685,-1.4838,
43.4982,-1.4933,2.46
43.4985,-1.4857,
43.5035,-1.4503,15.24
43.4845,-1.4746,
43.5127,-1.4702,4.37
43.4748,-1.4833,1.42
43.4916,-1.4618,0.62
43.5052,-1.4609,0.06
43.4976,-1.4887,3.0
43.5084,-1.4638,1.0
43.4895,-1.4792,8.15
43.4886,-1.4889,1.36
43.5026,-1.4541,0.66
43.5085,-1.4351,0.37
43.485,-1.479,
43.5072,-1.4334,0.36
43.4791,-1.4659,2.35
43.5034,-1.464,3.47
43.5015,-1.4833,
43.4596,-1.4891,5.58
43.4979,-1.4202,1.14
43.4884,-1.4668,1.44
43.5035,-1.467,0.32
43.4865,-1.4676,1.99
43.4793,-1.454,0.93
43.5006,-1.467,0.26
43.4922,-1.4753,
43.515,-1.4603,1.31
43.4932,-1.493,
43.492,-1.4645,2.07
43.4951,-1.4771,
43.4815,-1.4572,
43.4931,-1.479,8.14
43.4837,-1.4531,0.92
43.5026,-1.461,11.55
43.4641,-1.4955,2.25
43.4781,-1.4749,
43.4835,-1.478,2.04
43.5053,-1.4458,26.97
43.4889,-1.4939,1.73
43.4941,-1.4598,0.98
43.5006,-1.4372,0.56
43.4982,-1.4884,3.21
43.498,-1.4352,0.61
43.4877,-1.4612,0.31
43.479,-1.4925,0.88
43.4941,-1.4771,1.47
43.4979,-1.4561,
43.4968,-1.4336,3.18
43.4945,-1.46,25.5
43.4879,-1.4761,
43.4939,-1.4517,2.39
43.5056,-1.4315,0.63
43.5118,-1.4455,3.25
43.5162,-1.4658,3.49
43.4838,-1.4454,4.12
43.4932,-1.4747,
43.4955,-1.4523,1.27
43.5155,-1.4596,0.17
43.4878,-1.4617,29.71
43.5099,-1.4668,2.45
43.4893,-1.4773,
43.5029,-1.4527,1.51
43.4862,-1.498,
43.4931,-1.448,1.79
43.4783,-1.4998,12.92
43.4648,-1.4952,3.43
43.4804,-1.487,
43.4947,-1.4919,25.97
43.4801,-1.455,3.7
43.491,-1.4779,17.12
43.4686,-1.4954,17.51
43.4987,-1.4579,1.39
43.4956,-1.4532,
43.4815,-1.479,0.37
43.4944,-1.4787,10.27
43.4989,-1.4881,14.36
43.5026,-1.443,1.17
43.4962,-1.445,2.65
43.5097,-1.482,0.28
43.4784,-1.455,5.72
43.4822,-1.4835,0.87
43.4908,-1.4936,0.4
43.4801,-1.482,4.28
43.4996,-1.4508,2.06
43.494,-1.4453,2.14
43.4959,-1.4864,19.6
43.4885,-1.4484,
43.4931,-1.4796,9.81
43.4794,-1.4989,
43.4813,-1.4799,1.4
43.4756,-1.472,
43.4962,-1.4812,0.31
43.4779,-1.4949,1.84
43.499,-1.4625,
43.4792,-1.4946,0.22
43.4881,-1.4755,1.81
43.4761,-1.4814,0.08
43.472,-1.4843,
43.5012,-1.4383,1.91
43.4848,-1.4724,13.78
43.4794,-1.5023,2.85
43.4828,-1.4528,3.3
43.5098,-1.4436,0.24
43.5046,-1.4674,8.3
43.4752,-1.4903,0.76
43.4799,-1.4565,0.28
43.4946,-1.4602,
43.4943,-1.467,21.82
43.5013,-1.4565,2.16
43.4809,-1.4631,1.6
43.4887,-1.4759,
43.4945,-1.4632,0.68
43.4796,-1.502,1.84
43.4922,-1.48,
43.4985,-1.4563,1.74
43.4814,-1.4653,3.38
43.4985,-1.4619,0.9
43.4975,-1.4614,0.05
43.4963,-1.4561,5.33
43.4809,-1.4968,0.82
43.4886,-1.4817,18.72
43.5025,-1.4677,0.03
43.5018,-1.4528,23.83
43.4965,-1.4339,3.05
43.4996,-1.482,13.37
43.4874,-1.4506,2.06
43.4872,-1.4587,1.06
43.4953,-1.4886,
43.4855,-1.4763,0.81
43.4994,-1.4547,18.2
43.4582,-1.4864,17.28
43.4963,-1.4741,8.03
43.4812,-1.4648,0.96
43.4815,-1.4577,
43.5006,-1.4651,
43.5053,-1.4654,0.23
43.4931,-1.4674,1.01
43.4756,-1.4796,1.8
43.488,-1.4913,3.4
43.4841,-1.4504,0.1
43.4977,-1.4218,0.88
43.4816,-1.4628,2.16
43.4792,-1.4847,14.5
43.4907,-1.4794,
43.4888,-1.4786,0.8
43.4845,-1.4722,
43.499,-1.4639,
43.4841,-1.4791,1.06
43.4808,-1.4987,3.01
43.4803,-1.4709,
43.513,-1.4375,0.42
43.5048,-1.4621,1.09
43.5028,-1.4543,0.22
43.4913,-1.4854,2.43
43.4987,-1.4918,1.5
43.484,-1.4642,1.71
43.4813,-1.466,0.94
43.5048,-1.466,1.22
43.4943,-1.4823,0.69
43.4963,-1.4521,11.25
43.493,-1.4549,2.15
43.5085,-1.4367,2.83
43.4935,-1.4554,1.82
43.4752,-1.4527,22.02
43.4868,-1.4866,1.86
43.481,-1.4989,0.03
43.4867,-1.4904,3.13
43.4783,-1.4844,12.67
43.4818,-1.4776,0.19
43.4995,-1.4635,1.21
43.4932,-1.4499,2.38
43.4806,-1.5038,1.83
43.4972,-1.4581,21.02
43.5027,-1.4678,0.05
43.4859,-1.4759,19.57
43.4909,-1.464,0.7
43.4867,-1.4551,0.03
43.461,-1.4897,2.94
43.4894,-1.4696,
43.4777,-1.4817,1.19
43.4958,-1.4891,0.69
43.4909,-1.4679,1.49
43.4832,-1.4661,0.23
43.4912,-1.4739,0.11
43.4941,-1.4884,0.49
43.5107,-1.4425,0.75
43.4934,-1.4633,1.45
43.4732,-1.4809,
43.4959,-1.4694,3.54
43.502,-1.483,1.4
43.5023,-1.4783,4.95
43.4885,-1.4917,0.05
43.4944,-1.464,0.45
43.4883,-1.4486,22.26
43.4978,-1.4677,0.37
43.4843,-1.4596,0.22
43.5017,-1.4451,0.82
43.4907,-1.4768,
43.4977,-1.4457,0.49
43.4686,-1.4905,5.46
43.4801,-1.4837,2.41
43.4894,-1.4792,8.46
43.4808,-1.4681,2.1
43.4785,-1.4743,
43.4831,-1.4844,1.22
43.5062,-1.4638,2.09
43.4907,-1.4914,0.12
43.4845,-1.4742,
43.4833,-1.4527,1.34
43.4908,-1.4777,6.9
43.4863,-1.4616,0.05
43.4893,-1.4822,1.51
43.5031,-1.4638,0.03
43.4945,-1.4681,1.74
43.4807,-1.4886,2.36
43.4886,-1.4563,1.5
43.5082,-1.4354,1.44
43.4975,-1.4634,1.93
43.4835,-1.4464,1.42
43.4711,-1.4847,
43.4863,-1.4874,0.4
43.4784,-1.4943,1.36
43.4866,-1.4741,5.43
43.4925,-1.4746,8.01
43.4914,-1.457,1.44
43.4978,-1.4281,1.81
43.4964,-1.486,1.77
43.4912,-1.4747,0.06
43.4899,-1.4909,0.81
43.4689,-1.4875,0.29
43.489,-1.4561,1.62
43.4907,-1.4676,5.96
43.4761,-1.4689,2.37
43.5091,-1.4675,1.02
43.4991,-1.4865,
43.4767,-1.4912,2.64
43.4938,-1.4573,1.08
43.4955,-1.4531,
43.4796,-1.487,11.68
43.4797,-1.4818,1.0
43.4856,-1.4704,
43.5023,-1.4391,1.6
43.4717,-1.4907,0.13
43.5009,-1.4494,0.26
43.4848,-1.4753,2.39
43.5014,-1.479,7.06
43.5,-1.42,0.02
43.4889,-1.4628,
43.4953,-1.4772,
43.4807,-1.4786,0.95
43.5085,-1.4602,0.6
43.5028,-1.4508,25.48
43.4922,-1.4707,2.11
43.4966,-1.4754,2.92
43.5078,-1.4351,0.56
43.4825,-1.4663,1.41
43.5083,-1.485,1.71
43.4931,-1.4675,2.57
43.4924,-1.4652,1.96
43.5053,-1.4758,1.16
43.4726,-1.4822,
43.5026,-1.4712,3.15
43.4796,-1.4713,
43.4824,-1.4673,5.72
43.4863,-1.4768,1.51
43.4889,-1.4538,1.36
43.5054,-1.4293,3.28
43.4929,-1.4902,0.21
43.4865,-1.4854,1.23
43.4876,-1.4508,0.96
43.5041,-1.4271,0.48
43.5023,-1.4485,1.89
43.5061,-1.4762,1.63
43.5096,-1.4715,0.18
43.488,-1.4565,2.99
43.4738,-1.4815,
43.4826,-1.4658,2.34
43.4936,-1.4604,1.45
43.4871,-1.4489,1.38
43.4961,-1.4429,1.63
43.4955,-1.4674,
43.4884,-1.4771,8.32
43.4789,-1.5046,1.77
43.4781,-1.4548,2.56
43.5069,-1.4761,0.32
43.5006,-1.4492,
43.48,-1.4559,6.85
43.4927,-1.4755,
43.4872,-1.4542,1.93
43.4695,-1.4893,1.87
43.4954,-1.4696,0.34
43.4739,-1.4813,
43.4639,-1.4968,1.37
43.49,-1.4561,5.46
43.4838,-1.4999,5.8
43.479,-1.4814,2.73
43.4921,-1.4636,0.08
43.4811,-1.4759,2.52
43.4932,-1.4598,1.75
43.4859,-1.4902,3.34
43.4966,-1.4882,10.5
43.5019,-1.4661,
43.4661,-1.4949,3.04
43.4882,-1.4824,27.86
43.4921,-1.4625,
43.4827,-1.4529,3.59
43.4934,-1.48,4.73
43.5056,-1.4866,1.68
43.4924,-1.4532,3.07
43.4903,-1.4739,
43.4894,-1.4699,
43.5021,-1.4676,0.19
43.4938,-1.4779,0.04
43.4797,-1.486,3.06
43.4944,-1.4624,0.89
43.4855,-1.4711,29.33
43.4935,-1.4562,0.05
43.4982,-1.457,21.16
43.4758,-1.4823,0.54
43.4792,-1.4541,0.82
43.4982,-1.4351,0.82
43.5055,-1.4644,1.07
43.491,-1.4781,29.93
43.4786,-1.4993,
43.4795,-1.5013,4.13
43.4936,-1.4753,
43.4766,-1.4807,2.62
43.4884,-1.4743,
43.498,-1.4566,
43.4609,-1.4937,2.42
43.4819,-1.4913,3.88
43.4861,-1.4714,0.13
43.4923,-1.4621,
43.49,-1.4886,1.91
43.4953,-1.457,4.29
43.4826,-1.474,22.68
43.4942,-1.4877,0.93
43.4774,-1.4959,2.15
43.4825,-1.4965,1.51
43.4864,-1.49,0.88
43.4976,-1.4328,3.04
43.4965,-1.4441,0.6
43.4866,-1.4562,0.06
43.491,-1.4777,0.42
43.488,-1.4941,0.49
43.4926,-1.4647,0.06
43.4873,-1.4737,
43.4889,-1.4831,0.81
43.4971,-1.4511,0.93
43.5115,-1.4686,2.65
43.4798,-1.4854,26.74
43.474,-1.4832,1.5
43.5027,-1.4398,2.51
43.4935,-1.4783,1.27
43.4858,-1.4705,
43.4821,-1.4581,1.02
43.4852,-1.4711,
43.4925,-1.473,0.43
43.4814,-1.4634,1.42
43.5022,-1.4616,0.39
43.4949,-1.4786,1.05
43.4764,-1.4846,0.58
43.5101,-1.4657,0.72
43.4945,-1.4755,
43.5068,-1.4605,0.92
43.4963,-1.4739,2.91
43.4827,-1.4781,1.9
43.4938,-1.4929,13.8
43.5011,-1.4483,
43.4863,-1.4648,3.07
43.4973,-1.4616,0.56
43.5007,-1.4599,3.59
43.4832,-1.4865,19.83
43.4977,-1.4215,1.3
43.4955,-1.4659,1.2
43.504,-1.4523,2.77
43.5041,-1.4367,1.93
43.4853,-1.4874,1.16
43.4893,-1.459,2.05
43.478,-1.4817,1.09
43.4923,-1.456,0.28
43.4862,-1.4739,16.52
43.5065,-1.4873,0.45
43.4872,-1.4624,0.97
43.4544,-1.4944,2.94
43.4859,-1.4712,0.59
43.5002,-1.4911,0.26
43.5055,-1.4614,0.58
43.5039,-1.4371,0.24
43.4836,-1.5016,2.65
43.4803,-1.5007,2.81
43.5052,-1.4703,0.61
43.4924,-1.4787,3.11
43.4657,-1.4922,0.86
43.4903,-1.4674,0.09
43.4902,-1.4957,20.23
43.4861,-1.4945,2.17
43.4921,-1.4711,18.87
43.4954,-1.4585,
43.4834,-1.4825,3.14
43.5057,-1.4313,0.64
43.481,-1.4573,20.72
43.4846,-1.4814,0.33
43.4835,-1.4717,
43.4962,-1.4884,2.48
43.5056,-1.4596,0.42
43.474,-1.4811,
43.4766,-1.4689,2.95
43.484,-1.4641,1.65
43.4846,-1.4861,
43.4864,-1.4729,
43.5033,-1.4428,0.97
43.4948,-1.4891,26.22
43.4922,-1.4712,22.36
43.4882,-1.4916,0.73
43.4917,-1.4595,2.05
43.5008,-1.4839,
43.4894,-1.4805,0.23
43.4795,-1.4763,3.96
43.4883,-1.4937,0.09
43.4931,-1.4762,3.87
43.4935,-1.4472,1.21
43.5083,-1.4607,1.19
43.4939,-1.4771,0.99
43.5021,-1.4531,19.34
43.4903,-1.4954,2.39
43.4882,-1.4696,
43.481,-1.4575,19.65
43.4947,-1.4817,0.11
43.4961,-1.4362,2.76
43.4914,-1.4642,1.91
43.5114,-1.4685,3.02
43.4836,-1.4827,0.56
43.4836,-1.4693,5.03
43.5004,-1.48,3.86
43.4751,-1.4847,3.42
43.4811,-1.459,0.93
43.4815,-1.4502,
43.4886,-1.4891,12.5
43.4894,-1.4581,0.58
43.4965,-1.4342,1.66
43.4943,-1.4695,1.03
43.4833,-1.4691,0.65
43.4978,-1.4859,0.6
43.4803,-1.4983,1.42
43.4921,-1.4792,
43.4887,-1.4778,
43.4815,-1.4655,2.82
43.4783,-1.494,4.83
43.4922,-1.4648,1.69
43.5079,-1.4915,
43.495,-1.4674,3.47
43.4828,-1.4786,0.94
43.4984,-1.435,0.73
43.4937,-1.4589,0.44
43.5038,-1.4229,3.57
43.4872,-1.4716,
43.4828,-1.4972,0.7
43.493,-1.4622,0.83
43.4983,-1.4481,2.44
43.4866,-1.4945,0.78
43.4873,-1.4846,1.31
43.4682,-1.4911,5.05
43.5045,-1.4845,3.51
43.5064,-1.4597,
43.4717,-1.4835,
43.4934,-1.4665,2.69
43.4855,-1.4846,1.41
43.4923,-1.4639,0.2
43.4858,-1.49,5.11
43.5003,-1.4201,1.2
43.5008,-1.4814,0.33
43.509,-1.435,1.3
43.4891,-1.4783,
43.4922,-1.4529,
43.4885,-1.455,3.97
43.4941,-1.4657,12.0
43.4856,-1.466,1.82
43.5048,-1.428,4.1
43.4863,-1.4657,1.51
43.491,-1.4663,
43.4809,-1.4614,0.53
43.4762,-1.4857,0.84
43.4794,-1.5038,1.26
43.4859,-1.4909,3.26
43.4871,-1.4485,2.84
43.5021,-1.4815,0.2
43.4921,-1.4727,18.91
43.481,-1.4679,1.83
43.4999,-1.4562,13.05
43.5044,-1.435,1.59
43.4867,-1.4839,1.41
43.4992,-1.4353,2.05
43.4963,-1.4524,
43.4833,-1.4834,1.2
43.5069,-1.4593,2.28
43.4958,-1.471,9.71
43.4882,-1.4916,2.31
43.5088,-1.4645,0.67
43.5014,-1.4204,0.68
43.4805,-1.466,2.5
43.5019,-1.4466,0.43
43.4929,-1.4932,0.88
43.487,-1.4631,0.61
43.5038,-1.4744,5.06
43.4944,-1.4778,4.51
43.4848,-1.4808,27.7
43.5024,-1.4541,15.65
43.4925,-1.4789,13.39
43.5015,-1.4458,3.97
43.4942,-1.4797,0.2
43.4885,-1.4789,1.35
43.4829,-1.497,1.06
43.4934,-1.4551,1.88
43.4873,-1.4743,0.69
43.4959,-1.4716,1.84
43.5083,-1.4374,0.1
43.5063,-1.4583,27.2
43.479,-1.4852,3.9
43.4792,-1.475,
43.476,-1.4825,2.98
43.4918,-1.4738,22.97
43.5032,-1.4845,1.66
43.5,-1.4378,1.4
43.5069,-1.4877,1.9
43.5064,-1.4873,0.33
43.4972,-1.488,1.45
43.4911,-1.4776,0.42
43.4934,-1.4868,1.17
43.4826,-1.491,3.67
43.494,-1.4538,0.54
43.4928,-1.468,
43.5089,-1.4652,0.81
43.4845,-1.4787,1.54
43.4901,-1.4932,0.74
43.5079,-1.4863,0.02
43.5029,-1.4424,1.02
43.4939,-1.466,1.41
43.4875,-1.4834,1.78
43.4876,-1.4636,0.05
43.5093,-1.465,0.71
43.4798,-1.501,1.7
43.5114,-1.444,1.1
43.48,-1.4923,0.84
43.5027,-1.4823,0.31
43.4911,-1.4927,1.38
43.4832,-1.4492,1.83
43.5018,-1.4579,2.87
43.4782,-1.5002,0.83
43.4956,-1.4854,0.13
43.4901,-1.4726,20.51
43.508,-1.4863,0.13
43.4885,-1.4932,0.53
43.4909,-1.4715,2.13
43.4769,-1.4793,
43.4894,-1.4719,2.09
43.4981,-1.457,
43.4878,-1.4823,0.89
43.5103,-1.4678,2.62
43.4885,-1.4667,0.96
43.494,-1.4812,4.3
43.4916,-1.4625,18.88
43.4758,-1.4842,2.96
43.4634,-1.4957,1.15
43.5061,-1.4855,0.77
43.4808,-1.4829,0.19
43.506,-1.4868,0.09
43.4837,-1.4525,3.36
43.4936,-1.4635,1.55
43.5062,-1.4769,0.48
43.494,-1.4628,0.79
43.4838,-1.4854,2.18
43.4795,-1.4471,1.48
43.4883,-1.476,1.19
43.4959,-1.4827,7.29
43.4794,-1.4741,0.82
43.4879,-1.4642,0.7
43.4656,-1.4951,0.93
43.4672,-1.4844,
43.4802,-1.4983,1.59
43.4972,-1.4828,15.42
43.5006,-1.4788,0.76
43.4939,-1.4809,4.64
43.4952,-1.4526,0.59
43.5051,-1.4633,1.44
43.4963,-1.4437,1.66
43.5104,-1.4437,0.01
43.4785,-1.4551,3.9
43.4628,-1.4813,
43.4506,-1.495,2.33
43.5008,-1.4653,
43.4835,-1.4779,3.83
43.4789,-1.4674,1.32
43.4795,-1.4935,1.67
43.4994,-1.4815,10.26
43.5077,-1.4819,1.93
43.5095,-1.4437,2.46
43.4994,-1.4671,4.76
43.4781,-1.4686,0.5
43.5025,-1.4622,0.32
43.4764,-1.4966,1.38
43.4817,-1.494,0.37
43.4821,-1.4972,1.46
43.4938,-1.4786,4.33
43.5036,-1.4631,1.18
43.5122,-1.4689,0.73
43.4796,-1.4782,2.85
43.4888,-1.4759,
43.502,-1.4613,0.64
43.4866,-1.4559,0.41
43.4835,-1.5012,5.54
43.4995,-1.4544,1.44
43.4811,-1.4503,16.18
43.492,-1.4801,
43.5065,-1.4588,1.79
43.4955,-1.4353,0.66
43.4985,-1.479,1.58
43.5128,-1.438,0.26
43.4766,-1.4805,9.35
43.4932,-1.4724,26.11
43.4996,-1.4347,15.96
43.4843,-1.4997,4.52
43.5046,-1.4479,0.72
43.4913,-1.479,24.03
43.4863,-1.4654,1.49
43.4824,-1.4984,0.63
43.4985,-1.4872,15.51
43.4889,-1.469,
43.4838,-1.4523,0.05
43.4939,-1.4824,5.91
43.4804,-1.4752,0.35
43.4929,-1.479,1.12
43.5076,-1.4448,1.37
43.4985,-1.492,0.22
43.4807,-1.4835,0.16
43.5072,-1.4585,0.26
43.4793,-1.501,5.77
43.5047,-1.4646,0.31
43.4838,-1.4788,2.55
43.4773,-1.4919,0.92
43.4902,-1.4452,3.51
43.4872,-1.4832,21.4
43.4676,-1.4943,2.2
43.4875,-1.4943,0.77
43.4693,-1.4895,3.97
43.4897,-1.4568,4.81
43.4944,-1.4898,1.69
43.4988,-1.4366,0.11
43.484,-1.4514,6.7
43.5118,-1.4705,0.81
43.4918,-1.4631,0.94
43.4873,-1.4505,0.32
43.4854,-1.475,
43.4791,-1.473,
43.4949,-1.4637,0.12
43.4786,-1.447,2.72
43.476,-1.4497,1.69
43.4885,-1.4547,4.41
43.4929,-1.4798,27.76
43.4924,-1.4714,1.73
43.4908,-1.4893,1.13
43.4907,-1.4541,18.29
43.4999,-1.458,1.17
43.4774,-1.4925,
43.5,-1.4551,0.73
43.5064,-1.4595,
43.4815,-1.4707,
43.496,-1.4848,2.44
43.5073,-1.4541,0.23
43.5041,-1.4635,1.12
43.4848,-1.4783,15.67
43.5107,-1.464,1.95
43.486,-1.4925,1.28
43.5059,-1.4298,1.5
43.4832,-1.4896,6.04
43.4763,-1.484,4.49
43.4949,-1.4875,1.24
43.5056,-1.4643,1.3
43.4952,-1.4668,0.6
43.4817,-1.4979,5.8
43.501,-1.4553,
43.4841,-1.4652,3.98
43.484,-1.4753,
43.4938,-1.4853,0.49
43.4781,-1.4957,1.65
43.4751,-1.4771,
43.4761,-1.4493,6.69
43.4922,-1.4672,
43.5067,-1.4587,1.7
43.4973,-1.4841,0.11
43.4989,-1.4493,2.43
43.482,-1.4826,0.75
43.5035,-1.4502,8.69
43.4818,-1.4655,6.62
43.4837,-1.4891,11.62
43.4874,-1.4614,18.5
43.4796,-1.4562,0.75
43.5046,-1.4326,0.99
43.4941,-1.491,2.26
43.4931,-1.48,3.23
43.4843,-1.4988,14.2
43.4941,-1.4692,0.31
43.4833,-1.4465,0.17
43.5109,-1.4914,
43.4889,-1.4699,
43.4873,-1.4741,19.88
43.5106,-1.469,0.41
43.4601,-1.4822,
43.4914,-1.4761,
43.4963,-1.4611,0.72
43.4833,-1.4512,1.3
43.4785,-1.5013,1.66
43.4923,-1.4912,1.65
43.4876,-1.4819,14.39
43.5001,-1.4507,0.76
43.5114,-1.4886,0.39
43.4873,-1.4676,2.39
43.506,-1.4725,0.78
43.4828,-1.4823,14.09
43.4947,-1.4893,6.73
43.494,-1.4916,4.75
43.4876,-1.4704,
43.491,-1.4655,
43.4859,-1.4905,1.03
43.4834,-1.5019,5.55
43.4985,-1.4567,1.28
43.4832,-1.4743,10.08
43.4985,-1.4858,
43.4892,-1.4698,
43.4915,-1.4696,7.47
43.4948,-1.4827,0.7
43.4762,-1.4514,5.03
43.5,-1.4561,1.72
43.4956,-1.4379,0.52
43.49,-1.4628,24.01
43.4876,-1.4688,
43.4874,-1.4948,1.21
43.493,-1.494,1.29
43.4842,-1.4986,0.44
43.493,-1.4918,
43.4835,-1.502,0.76
43.4953,-1.4777,
43.4784,-1.4998,
43.5029,-1.4538,1.24
43.4917,-1.4789,
43.4945,-1.4533,1.07
43.4866,-1.4666,1.64
43.4939,-1.4639,0.13
43.4901,-1.4757,
43.5112,-1.4648,1.93
43.4818,-1.4959,1.99
43.4914,-1.4816,7.06
43.4915,-1.4534,2.01
43.4882,-1.462,
43.4716,-1.4911,2.63
43.4896,-1.4756,
43.5065,-1.4875,1.71
43.4863,-1.4871,1.1
43.4993,-1.4548,26.15
43.4782,-1.5004,1.46
43.4874,-1.4903,0.13
43.5061,-1.4637,2.27
43.5021,-1.4805,0.74
43.4935,-1.4727,0.34
43.48,-1.4983,1.88
43.4894,-1.4789,0.35
43.4872,-1.463,0.18
43.4923,-1.4567,2.11
43.4908,-1.4573,0.04
43.5071,-1.4633,0.58
43.5024,-1.4787,3.12
43.5072,-1.4801,0.12
43.5025,-1.4487,2.01
43.5114,-1.4714,0.21
43.4871,-1.4829,3.07
43.4899,-1.4654,
43.4812,-1.4647,8.21
43.4821,-1.4912,3.76
43.5,-1.4655,7.06
43.4882,-1.4968,
43.5008,-1.4557,
43.4951,-1.4674,0.13
43.4845,-1.4786,1.15
43.4916,-1.4826,2.12
43.486,-1.4662,0.84
43.5114,-1.4921,
43.4804,-1.4754,10.38
43.4806,-1.4754,0.08
43.5046,-1.4594,
43.4994,-1.4544,1.33
43.4773,-1.4827,19.68
43.5024,-1.4567,1.67
43.4809,-1.4804,2.71
43.4811,-1.4761,2.62
43.4809,-1.463,2.54
43.4833,-1.4511,2.96
43.4867,-1.4667,0.81
43.5076,-1.4311,1.29
43.4848,-1.4834,0.21
43.4835,-1.4537,0.36
43.4825,-1.486,13.81
43.4976,-1.4678,0.6
43.4883,-1.4687,
43.5068,-1.4597,1.24
43.5013,-1.4486,21.31
43.4895,-1.4762,
43.4809,-1.462,1.25
43.4897,-1.4756,
43.4883,-1.4887,1.29
43.5025,-1.4483,2.98
43.4927,-1.4733,2.58
43.5023,-1.48,0.94
43.4899,-1.4772,
43.5063,-1.4861,1.92
43.4888,-1.4736,
43.4937,-1.4761,0.09
43.4985,-1.4596,2.21
43.4796,-1.4842,9.61
43.4796,-1.4851,
43.4961,-1.4325,1.34
43.4841,-1.4662,1.43
43.4833,-1.4524,0.59
43.469,-1.4933,0.57
43.4817,-1.4862,1.47
43.4997,-1.4561,
43.4992,-1.4508,1.51
43.4956,-1.4329,0.94
43.4953,-1.4894,1.14
43.4826,-1.4876,3.59
43.4973,-1.4836,23.63
43.5003,-1.4598,1.86
43.5104,-1.4339,
43.4906,-1.4631,2.04
43.5074,-1.4634,1.06
43.4796,-1.477,0.83
43.5074,-1.4673,0.13
43.491,-1.4536,3.6
43.4744,-1.4806,
43.4588,-1.4851,
43.4851,-1.4945,0.15
43.5028,-1.4421,3.44
43.4975,-1.4569,0.78
43.4843,-1.4716,
43.5063,-1.4857,4.06
43.4899,-1.4753,
43.5,-1.4665,1.99
43.4942,-1.4385,2.58
43.4952,-1.4627,0.46
43.4814,-1.4501,
43.4926,-1.4792,
43.4939,-1.4513,6.26
43.495,-1.4895,0.81
43.4999,-1.4569,4.27
43.4786,-1.5024,2.45
43.507,-1.4719,0.16
43.496,-1.4517,0.34
43.5071,-1.461,1.49
43.4953,-1.4699,3.83
43.498,-1.4678,15.73
43.4974,-1.4587,
43.4985,-1.4904,1.64
43.4762,-1.4841,2.0
43.4822,-1.4859,0.77
43.4737,-1.4835,1.13
43.484,-1.4441,0.2
43.4995,-1.4808,1.28
43.4799,-1.4581,1.59
43.4914,-1.4734,0.92
43.4984,-1.448,2.58
43.4794,-1.4561,1.97
43.4816,-1.4848,0.85
43.5069,-1.4711,0.17
43.4851,-1.4716,
43.4665,-1.4911,1.28
43.4838,-1.4847,1.07
43.4993,-1.4612,3.75
43.4863,-1.478,1.58
43.4786,-1.4554,0.68
43.4951,-1.4458,1.39
43.4816,-1.4827,0.79
43.4909,-1.4728,0.13
43.469,-1.4944,
43.4921,-1.4862,3.5
43.4896,-1.4758,
43.4908,-1.4725,0.1
43.5014,-1.4596,2.43
43.4669,-1.4929,3.59
43.499,-1.4402,25.35
43.4987,-1.4878,9.8
43.4883,-1.4817,2.87
43.4615,-1.4907,1.55
43.4993,-1.4639,9.55
43.4993,-1.4648,
43.5093,-1.4637,0.75
43.4805,-1.465,0.22
43.5027,-1.4425,1.44
43.4747,-1.4801,
43.4876,-1.484,1.3
43.4861,-1.4612,0.12
43.4918,-1.4852,4.12
43.4824,-1.4564,0.37
43.4942,-1.4764,25.91
43.4836,-1.4908,1.1
43.4968,-1.4747,0.68
43.4813,-1.4764,1.69
43.4873,-1.4946,0.16
43.4963,-1.4857,0.19
43.4856,-1.4779,11.11
43.4898,-1.4769,
43.4785,-1.4912,1.2
43.4945,-1.4908,1.63
43.4974,-1.4779,3.03
43.4855,-1.4929,1.63
43.5063,-1.4675,0.37
43.4772,-1.4942,0.79
43.4916,-1.4931,1.27
43.4873,-1.4507,0.29
43.4908,-1.4899,0.15
43.4928,-1.4756,
43.5001,-1.4357,1.09
43.4821,-1.4873,0.32
43.4872,-1.4823,
43.5038,-1.4821,0.31
43.4993,-1.4868,
43.4905,-1.4634,0.31
43.5031,-1.4687,3.3
43.4811,-1.4762,2.48
43.5011,-1.484,
43.5075,-1.4865,3.55
43.4939,-1.4556,0.33
43.4963,-1.471,1.57
43.5027,-1.4629,0.35
43.4781,-1.4529,0.34
43.5017,-1.4602,0.34
43.4713,-1.4876,0.15
43.5019,-1.4662,
43.4944,-1.4753,
43.4884,-1.4767,11.38
43.5047,-1.4279,3.79
43.5003,-1.4502,1.55
43.4895,-1.4711,
43.4905,-1.496,0.49
43.4862,-1.4764,1.24
43.4897,-1.4918,0.48
43.5015,-1.4671,16.28
43.5006,-1.4368,0.11
43.4915,-1.4817,15.43
43.4886,-1.491,7.57
43.4956,-1.4531,
43.4961,-1.4371,2.21
43.4956,-1.4695,0.6
43.4886,-1.4821,1.75
43.4939,-1.4645,0.02
43.4902,-1.4625,
43.4952,-1.4521,2.74
43.4616,-1.491,3.0
43.4837,-1.4899,
43.5006,-1.4383,1.67
43.497,-1.4682,2.23
43.4799,-1.447,1.52
43.4993,-1.4348,1.03
43.4928,-1.4913,1.44
43.492,-1.4804,
43.5084,-1.4661,1.44
43.5104,-1.4336,
43.4864,-1.4758,24.15
43.48,-1.4852,1.85
43.4914,-1.4605,2.3
43.5058,-1.4727,2.36
43.4887,-1.492,1.55
43.4859,-1.4742,1.29
43.4977,-1.4858,0.73
43.5035,-1.4607,0.19
43.4916,-1.4506,
43.5,-1.4659,1.41
43.4969,-1.4873,1.38
43.4996,-1.4563,
43.4876,-1.4507,3.16
43.4947,-1.4882,0.37
43.5073,-1.4543,0.14
43.4946,-1.4758,
43.4836,-1.4539,5.44
43.4946,-1.4427,2.42
43.4822,-1.4856,4.08
43.4681,-1.4917,19.13
43.4758,-1.489,3.33
43.4806,-1.5026,2.11
43.4933,-1.4884,2.14
43.4819,-1.468,3.8
43.4873,-1.474,
43.49,-1.4785,0.97
43.4912,-1.4533,3.03
43.4817,-1.4871,1.42
43.4794,-1.4736,10.17
43.4974,-1.4829,2.79
43.4986,-1.4876,10.45
43.4867,-1.484,1.26
43.4754,-1.4842,1.76
43.4924,-1.4567,1.95
43.4842,-1.45,0.36
43.4782,-1.4516,1.63
43.5032,-1.4483,0.48
43.5023,-1.444,0.84
43.4945,-1.4454,3.28
43.4951,-1.4398,1.5
43.4662,-1.494,5.05
43.4961,-1.4361,0.53
43.5121,-1.4859,7.75
43.5003,-1.4359,0.06
43.4947,-1.4684,1.06
43.4853,-1.478,11.77
43.5035,-1.4516,1.56
43.492,-1.4918,1.7
43.4922,-1.4657,2.0
43.4936,-1.492,2.73
43.494,-1.4535,4.59
43.4954,-1.4855,1.16
43.4919,-1.4698,17.62
43.5072,-1.476,0.29
43.4949,-1.4915,3.02
43.5088,-1.4461,
43.4958,-1.4696,5.76
43.4775,-1.4542,0.07
43.4787,-1.4539,2.42
43.4943,-1.4569,
43.465,-1.4866,
43.493,-1.4933,1.18
43.4938,-1.4613,0.13
43.496,-1.4729,7.62
43.4812,-1.4706,
43.4981,-1.461,0.72
43.4962,-1.4511,2.67
43.4852,-1.4872,1.32
43.5095,-1.4333,12.55
43.4981,-1.4804,
43.4952,-1.4378,1.83
43.4847,-1.4919,
43.5071,-1.4662,2.89
43.476,-1.4795,0.29
43.4846,-1.4971,4.22
43.4638,-1.4976,1.99
43.5096,-1.4339,
43.4979,-1.4898,0.35
43.4937,-1.4917,3.2
43.4842,-1.4496,1.31
43.4942,-1.4608,0.62
43.5063,-1.4911,
43.4947,-1.4694,2.02
43.4943,-1.4895,2.68
43.5105,-1.4293,0.83
43.4966,-1.4823,2.35
43.4848,-1.4624,0.19
43.4902,-1.463,2.93
43.5108,-1.4696,0.42
43.481,-1.501,0.47
43.5037,-1.4694,0.36
43.4816,-1.4669,1.13
43.4975,-1.4938,0.73
43.4787,-1.4995,
43.4932,-1.4499,1.85
43.5077,-1.4823,0.98
43.4688,-1.4935,1.14
43.4832,-1.4767,1.59
43.497,-1.4839,0.24
43.4923,-1.4723,0.44
43.4897,-1.4542,1.15
43.4837,-1.4779,0.18
43.4901,-1.4516,1.41
43.4997,-1.4357,1.19
43.4788,-1.5,
43.4886,-1.4538,0.77
43.4837,-1.4735,
43.4919,-1.4725,0.03
43.4998,-1.4563,20.01
43.5002,-1.4509,0.63
43.5,-1.4561,5.1
43.4688,-1.4946,
43.4939,-1.4867,3.7
43.5052,-1.4859,0.65
43.5062,-1.4915,
43.4836,-1.4905,14.1
43.5103,-1.4406,0.39
43.491,-1.4684,0.04
43.5073,-1.4876,0.8
43.4905,-1.4959,2.77
43.4737,-1.4828,1.38
43.509,-1.4868,3.89
43.4818,-1.4897,
43.5051,-1.476,1.95
43.4787,-1.4726,
43.5049,-1.464,0.35
43.4788,-1.4497,28.23
43.4688,-1.4904,3.31
43.4939,-1.4835,0.02
43.4916,-1.4795,
43.5083,-1.4331,1.46
43.4732,-1.4826,
43.4892,-1.4734,
43.5039,-1.4466,1.11
43.4939,-1.4549,1.42
43.4969,-1.4599,0.88
43.4943,-1.4645,0.76
43.4845,-1.4797,13.05
43.4865,-1.4673,0.11
43.4866,-1.4791,3.01
43.4958,-1.4698,1.16
43.5001,-1.4356,1.07
43.4941,-1.4642,0.14
43.492,-1.4797,
43.4787,-1.4732,14.05
43.4896,-1.4789,0.42
43.4804,-1.4523,1.26
43.4915,-1.48,
43.475,-1.4902,0.36
43.4835,-1.4867,25.34
43.4593,-1.4957,0.93
43.4963,-1.4715,1.13
43.4959,-1.4725,3.62
43.4845,-1.4726,
43.4929,-1.4746,27.49
43.4891,-1.4622,2.77
43.4858,-1.4845,1.1
43.4937,-1.4797,5.52
43.4941,-1.4542,1.25
43.4842,-1.4826,2.75
43.4691,-1.4931,0.79
43.4729,-1.4899,1.66
43.4993,-1.4547,13.17
43.4969,-1.4766,5.27
43.5011,-1.4518,
43.4918,-1.4708,1.84
43.4661,-1.4941,3.88
43.4885,-1.4615,0.5
43.4867,-1.4691,0.97
43.5105,-1.4438,0.37
43.5056,-1.4623,0.06
43.4896,-1.4692,
43.4853,-1.4941,1.54
43.4966,-1.4337,3.28
43.4791,-1.5024,1.83
43.4918,-1.4769,24.66
43.4939,-1.4795,4.15
43.4965,-1.4746,2.19
43.5059,-1.431,0.63
43.4737,-1.4829,2.01
43.4929,-1.4686,
43.4912,-1.4925,3.18
43.4815,-1.4671,0.03
43.4995,-1.4588,3.0
43.4928,-1.4719,2.39
43.4865,-1.4887,9.45
43.5023,-1.4835,1.78
43.495,-1.4764,
43.4896,-1.4682,1.14
43.4995,-1.4565,23.67
43.5105,-1.4404,0.37
43.4993,-1.4813,1.74
43.4685,-1.4937,1.11
43.4827,-1.4721,
43.5095,-1.468,1.64
43.4749,-1.4905,15.53
43.4858,-1.4732,0.71
43.4939,-1.4651,0.76
43.4928,-1.4918,3.68
43.4948,-1.4777,24.52
43.5155,-1.4597,0.16
43.4868,-1.4816,
43.4864,-1.4772,1.1
43.4873,-1.4483,1.89
43.4882,-1.4797,
43.4699,-1.4887,1.51
43.4965,-1.4343,0.54
43.4787,-1.4738,23.14
43.5113,-1.4411,1.62
43.4815,-1.4983,5.62
43.4965,-1.4644,1.59
43.4653,-1.4872,1.69
43.4914,-1.4775,1.97
43.4934,-1.4863,0.55
43.5095,-1.487,0.48
43.4925,-1.4433,1.47
43.4813,-1.4819,2.29
43.4888,-1.4582,9.24
43.5011,-1.4546,
43.4998,-1.4627,5.4
43.4888,-1.4657,9.0
43.4895,-1.4634,
43.4977,-1.4318,2.01
43.4961,-1.4732,3.31
43.4805,-1.4944,2.1
43.5005,-1.4506,0.09
43.5021,-1.4444,0.33
43.4921,-1.4793,
43.4922,-1.4529,
43.4677,-1.4919,5.22
43.4649,-1.4829,
43.49,-1.4779,0.8
43.4999,-1.4626,2.35
43.4747,-1.49,1.34
43.4776,-1.499,1.13
43.4918,-1.4553,0.82
43.4912,-1.4687,1.22
43.4976,-1.4827,4.31
43.503,-1.4495,1.45
43.4882,-1.4649,0.22
43.468,-1.4915,3.9
43.5039,-1.4715,4.99
43.5053,-1.4611,0.97
43.4736,-1.4899,0.56
43.4847,-1.4962,0.12
43.476,-1.4498,1.93
43.484,-1.4804,0.67
43.4947,-1.4333,1.39
43.479,-1.4755,
43.4899,-1.4784,10.49
43.4948,-1.4576,0.11
43.5062,-1.4726,1.66
43.4841,-1.466,1.04
43.5031,-1.4426,2.37
43.4919,-1.4443,2.07
43.5035,-1.4681,2.74
43.4985,-1.4542,2.27
43.5063,-1.4856,4.04
43.4953,-1.4779,
43.4969,-1.435,1.11
43.4969,-1.4624,1.73
43.482,-1.4818,
43.5066,-1.4453,0.71
43.5,-1.4518,1.41
43.506,-1.4724,1.3
43.4874,-1.4809,10.25
43.5001,-1.454,0.54
43.4835,-1.4542,0.1
43.491,-1.4572,0.74
43.4873,-1.4502,0.11
43.4976,-1.4361,1.98
43.46,-1.4954,0.23
43.5004,-1.4564,2.86
43.5019,-1.479,13.49
43.4883,-1.4539,1.23
43.4939,-1.4825,5.45
43.508,-1.4658,1.83
43.4667,-1.4948,2.47
43.4889,-1.4526,0.94
43.501,-1.4921,11.27
43.4908,-1.4573,0.04
43.4871,-1.4696,0.98
43.4902,-1.4719,0.59
43.4961,-1.4364,2.96
43.4873,-1.4968,
43.4662,-1.4961,2.53
43.5034,-1.4642,1.01
43.5057,-1.4296,4.31
43.4936,-1.4922,3.01
43.4911,-1.486,1.07
43.4948,-1.4627,2.17
43.4994,-1.4893,0.36
43.5032,-1.4667,
43.4935,-1.4652,1.09
43.4934,-1.4516,0.25
43.4922,-1.4698,
43.471,-1.4847,
43.502,-1.4547,
43.4976,-1.4613,0.29
43.4663,-1.4935,3.93
43.4889,-1.4929,1.07
43.495,-1.4692,2.51
43.5046,-1.4482,2.58
43.4955,-1.4699,17.18
43.5019,-1.4448,2.09
43.4941,-1.4825,8.0
43.507,-1.4715,1.3
43.5035,-1.4427,1.63
43.4961,-1.4805,22.38
43.4832,-1.4674,1.07
43.4955,-1.4702,3.42
43.4962,-1.4716,3.81
43.4934,-1.461,1.25
43.4847,-1.4728,
43.4978,-1.4363,0.68
43.5043,-1.4483,0.43
43.494,-1.4722,0.26
43.4793,-1.4587,1.5
43.4917,-1.4726,0.44
43.4973,-1.4595,
43.4967,-1.4506,3.5
43.5036,-1.4678,1.68
43.4937,-1.4747,
43.484,-1.4791,0.71
43.5036,-1.4265,0.03
43.4891,-1.4759,
43.4824,-1.4657,2.45
43.4938,-1.488,1.12
43.5044,-1.4669,1.42
43.5022,-1.4515,
43.4907,-1.4713,0.73
43.4789,-1.467,3.28
43.4866,-1.4849,0.84
43.4931,-1.4494,0.83
43.5006,-1.492,0.79
43.4803,-1.457,1.31
43.5094,-1.4438,0.48
43.5112,-1.4634,1.15
43.4817,-1.4623,2.87
43.5003,-1.4835,0.4
43.4933,-1.4866,0.38
43.4994,-1.4895,0.75
43.501,-1.4474,
43.5068,-1.4689,4.96
43.4895,-1.4681,8.25
43.4804,-1.4653,0.05
43.4909,-1.4679,1.33
43.4751,-1.4772,
43.5009,-1.4523,
43.4994,-1.4816,7.91
43.4791,-1.474,12.21
43.4798,-1.4779,2.43
43.5015,-1.4579,
43.4953,-1.4645,0.18
43.504,-1.474,5.76
43.5065,-1.4865,0.78
43.4788,-1.4727,
43.4988,-1.4607,0.95
43.4793,-1.4842,0.24
43.4808,-1.4679,3.57
43.4892,-1.4637,
43.4939,-1.4942,3.18
43.5025,-1.4434,0.76
43.5048,-1.4473,0.4
43.4932,-1.4729,2.23
43.4685,-1.4935,0.6
43.4797,-1.4534,0.91
43.5101,-1.4486,
43.5115,-1.4348,1.59
43.4786,-1.456,0.86
43.5084,-1.4916,
43.5026,-1.4496,25.2
43.489,-1.4662,0.45
43.4817,-1.4898,
43.4963,-1.4941,4.26
43.4886,-1.4527,1.08
43.4985,-1.4578,1.59
43.497,-1.451,0.65
43.5085,-1.4445,1.55
43.5039,-1.4905,
43.5133,-1.4676,1.61
43.4866,-1.4868,0.86
43.4889,-1.4821,7.96
43.4865,-1.4695,2.44
43.495,-1.4355,0.74
43.4815,-1.4997,1.32
43.5001,-1.4541,5.94
43.5068,-1.4597,1.11
43.4969,-1.4512,2.13
43.493,-1.4489,1.94
43.4809,-1.4616,1.18
43.4838,-1.4839,0.8
43.4859,-1.4743,1.09
43.4803,-1.4549,1.1
43.4885,-1.4553,1.6
43.5122,-1.4353,0.8
43.4897,-1.4795,18.88
43.4922,-1.4805,18.07
43.4813,-1.4996,3.69
43.4918,-1.4755,
43.4957,-1.4702,19.89
43.5048,-1.484,0.19
43.5103,-1.4431,0.98
43.5023,-1.4544,14.57
43.4993,-1.4198,0.53
43.4877,-1.4824,15.02
43.4983,-1.4586,7.3
43.4927,-1.4444,2.16
43.4771,-1.4823,0.77
43.4915,-1.4642,2.02
43.4814,-1.4981,1.76
43.479,-1.488,2.23
43.5108,-1.4439,1.22
43.4832,-1.4555,1.02
43.4907,-1.4703,0.14
43.4969,-1.4871,0.5
43.4778,-1.4841,1.41
43.4748,-1.4901,1.11
43.4684,-1.4905,25.47
43.4918,-1.4744,0.33
43.4761,-1.4955,1.33
43.4952,-1.467,1.73
43.4833,-1.4546,1.77
43.4929,-1.4682,
43.5052,-1.4649,0.24
43.4909,-1.468,5.48
43.5027,-1.4531,15.2
43.4956,-1.4852,0.72
43.4971,-1.4832,2.46
43.4925,-1.4791,
43.4995,-1.4584,1.85
43.508,-1.4353,0.74
43.4904,-1.4534,0.84
43.49,-1.4602,1.9
43.4869,-1.4802,0.44
43.4999,-1.4649,1.46
43.5117,-1.4915,
43.501,-1.4799,0.45
43.452,-1.4937,2.8
43.4887,-1.4563,1.91
43.4865,-1.4938,1.09
43.4923,-1.4673,
43.4947,-1.4648,1.41
43.4984,-1.4926,5.25
43.4892,-1.4739,
43.483,-1.4966,1.26
43.4836,-1.455,1.12
43.4903,-1.4725,0.64
43.4963,-1.452,4.46
43.4782,-1.4952,2.08
43.4912,-1.4787,0.02
43.49,-1.4546,4.58
43.4974,-1.4382,2.26
43.4759,-1.4797,0.86
43.4826,-1.4785,0.65
43.5028,-1.4415,2.27
43.491,-1.4622,1.19
43.4983,-1.4932,2.37
43.4884,-1.4653,0.36
43.482,-1.4687,0.97
43.4848,-1.4909,0.34
43.474,-1.4855,1.33
43.4848,-1.4956,3.6
43.4787,-1.4734,1.09
43.4911,-1.4728,0.33
43.4683,-1.4848,
43.5087,-1.4677,1.14
43.4806,-1.4753,0.17
43.493,-1.492,23.48
43.4918,-1.4725,0.25
43.4982,-1.4788,1.49
43.5056,-1.4594,0.35
43.4915,-1.4846,1.41
43.4784,-1.4889,1.76
43.4813,-1.4799,1.39
43.4903,-1.4726,0.6
43.4837,-1.4528,0.22
43.4892,-1.4664,0.49
43.4721,-1.4866,4.15
43.5085,-1.4338,3.23
43.4837,-1.4612,1.52
43.4908,-1.4793,
43.4744,-1.4903,17.96
43.4905,-1.4957,0.63
43.5092,-1.4336,13.0
43.4838,-1.4789,0.29
43.4841,-1.4464,1.56
43.4894,-1.4961,
43.4927,-1.4772,3.17
43.4838,-1.4767,0.12
43.4882,-1.4926,0.99
43.5043,-1.4842,5.9
43.4935,-1.4807,0.46
43.4939,-1.4607,2.02
43.4896,-1.4718,2.75
43.4806,-1.4666,0.59
43.4968,-1.4883,23.33
43.4945,-1.4946,3.96
43.4909,-1.4909,1.84
43.5115,-1.4332,0.22
43.4977,-1.4553,0.58
43.4836,-1.4456,1.67
43.4904,-1.4691,
43.4761,-1.4689,1.96
43.4978,-1.4279,0.8
43.4917,-1.4811,1.41
43.4828,-1.4742,22.0
43.4812,-1.4598,7.68
43.4755,-1.471,
43.4699,-1.4928,1.47
43.4968,-1.4758,2.44
43.5029,-1.4611,0.19
43.4844,-1.4963,1.37
43.5016,-1.4559,16.6
43.4816,-1.4579,27.76
43.4976,-1.4493,1.88
43.4893,-1.4742,
43.4971,-1.4833,0.53
43.5063,-1.4455,0.66
43.4945,-1.4579,0.86
43.5023,-1.4481,2.34
43.5046,-1.4634,0.27
43.484,-1.499,5.61
43.4824,-1.4913,0.09
43.4829,-1.4583,
43.5056,-1.4867,2.45
43.4968,-1.4512,0.76
43.5049,-1.4629,0.87
43.4787,-1.4722,
43.4892,-1.4665,0.03
43.4941,-1.445,1.38
43.48,-1.4784,0.32
43.4941,-1.4916,4.23
43.467,-1.4944,1.5
43.4824,-1.4826,6.54
43.4781,-1.4951,2.09
43.5038,-1.4475,0.97
43.5042,-1.4477,1.1
43.4882,-1.4827,5.49
43.4889,-1.4679,1.84
43.4896,-1.488,0.96
43.4962,-1.4836,1.54
43.4715,-1.4912,3.17
43.4746,-1.4832,0.01
43.4939,-1.4569,1.06
43.486,-1.4711,1.87
43.4809,-1.4933,0.92
43.5006,-1.4793,0.9
43.5063,-1.458,0.15
43.4703,-1.4923,0.23
43.4947,-1.4384,0.07
43.482,-1.4665,1.22
43.4934,-1.4643,1.03
43.5042,-1.4822,0.39
43.4747,-1.4777,
43.4985,-1.4617,0.86
43.5047,-1.4609,0.86
43.5021,-1.4475,0.36
43.4976,-1.4328,3.85
43.4873,-1.4567,2.19
43.4936,-1.4595,0.83
43.4867,-1.4783,10.44
43.4775,-1.4963,27.18
43.483,-1.4584,
43.4994,-1.4818,0.77
43.4683,-1.4874,2.5
43.5009,-1.4475,
43.481,-1.4754,1.07
43.5044,-1.4489,3.38
43.4861,-1.4765,9.25
43.4781,-1.4949,0.81
43.5007,-1.4652,
43.4978,-1.4791,1.72
43.5024,-1.4438,1.1
43.5059,-1.4713,20.97
43.4865,-1.4694,2.58
43.498,-1.4185,0.48
43.4989,-1.4365,4.72
43.5014,-1.4893,
43.4878,-1.4637,9.94
43.4865,-1.4642,1.02
43.4903,-1.4678,0.34
43.5057,-1.4613,1.97
43.4818,-1.4826,1.94
43.505,-1.4459,11.2
43.4787,-1.4732,13.9
43.5106,-1.4717,2.08
43.4846,-1.4809,11.12
43.4985,-1.482,4.63
43.4801,-1.4674,1.54
43.5099,-1.4689,0.02
43.495,-1.4644,1.12
43.4898,-1.4759,
43.4801,-1.4934,0.55
43.4719,-1.4869,0.51
43.4808,-1.4667,0.15
43.5001,-1.4796,1.82
43.4926,-1.4706,
43.4889,-1.4922,1.27
43.4951,-1.4643,0.19
43.4718,-1.4844,
43.4791,-1.4662,3.2
43.5087,-1.4442,0.87
43.4914,-1.4928,0.68
43.4987,-1.4817,15.11
43.5023,-1.4802,0.96
43.4908,-1.4759,
43.5031,-1.4516,14.45
43.4878,-1.4673,0.14
43.4852,-1.4729,11.53
43.4994,-1.4563,9.92
43.5068,-1.464,1.88
43.4979,-1.4526,12.9
43.4941,-1.4831,5.36
43.4998,-1.4598,0.36
43.4758,-1.4958,2.63
43.483,-1.4684,1.16
43.4817,-1.4874,1.62
43.4955,-1.4795,2.36
43.487,-1.477,1.9
43.501,-1.4575,
43.4963,-1.4782,
43.4869,-1.4692,1.15
43.4955,-1.4702,5.4
43.4896,-1.4694,
43.5111,-1.4417,1.05
43.5029,-1.4469,1.93
43.4998,-1.4902,0.75
43.5123,-1.4707,1.73
43.4826,-1.4562,0.54
43.4812,-1.4996,3.98
43.4777,-1.4544,1.4
43.4876,-1.4812,10.63
43.4916,-1.4785,2.1
43.4806,-1.4921,0.72
43.5095,-1.4437,0.49
43.4911,-1.4632,3.18
43.4804,-1.4793,3.84
43.5038,-1.4373,4.06
43.475,-1.4795,
43.4907,-1.4779,1.04
43.4858,-1.491,0.89
43.5097,-1.435,0.94
43.4933,-1.4733,
43.4908,-1.4661,
43.4836,-1.4536,3.05
43.4791,-1.4854,3.47
43.4924,-1.4788,1.62
43.4797,-1.5019,2.19
43.4795,-1.4955,1.55
43.4861,-1.4896,1.32
43.4898,-1.4959,
43.4918,-1.4692,
43.4908,-1.4891,0.22
43.4975,-1.4828,4.95
43.4827,-1.4962,2.15
43.5079,-1.4874,0.02
43.4933,-1.4762,0.74
43.5028,-1.44,1.54
43.4864,-1.4704,1.65
43.4957,-1.4629,0.15
43.4807,-1.4977,3.1
43.4916,-1.4766,23.35
43.4868,-1.47,2.02
43.4861,-1.4759,1.61
43.4778,-1.4817,1.03
43.4901,-1.4671,7.3
43.5099,-1.435,0.98
43.4996,-1.4341,10.42
43.4886,-1.4816,17.39
43.493,-1.4794,2.51
43.483,-1.4742,9.99
43.5017,-1.4579,12.07
43.4993,-1.4388,12.97
43.4951,-1.4631,2.11
43.5067,-1.4661,4.0
43.5043,-1.4651,0.65
43.4976,-1.4633,4.05
43.484,-1.4794,3.29
43.5031,-1.4521,1.08
43.4892,-1.4827,3.95
43.4921,-1.4932,3.09
43.4992,-1.456,1.13
43.4932,-1.478,1.37
43.493,-1.4716,
43.4899,-1.4924,0.77
43.4926,-1.4721,2.06
43.4856,-1.4764,1.12
43.4931,-1.4641,0.7
43.4818,-1.4583,2.69
43.5063,-1.4303,0.4
43.4998,-1.4647,1.93
43.4967,-1.4889,0.05
43.476,-1.4502,1.33
43.4948,-1.4821,0.32
43.483,-1.4769,0.34
43.4832,-1.4679,0.72
43.4998,-1.4464,1.17
43.4954,-1.4792,4.03
43.4774,-1.4766,
43.5058,-1.4578,0.82
43.478,-1.4725,
43.475,-1.4834,0.64
43.4849,-1.4827,2.16
43.4879,-1.4634,
43.4938,-1.4804,1.17
43.4898,-1.463,
43.4856,-1.4917,0.78
43.4839,-1.4804,1.44
43.4989,-1.4367,2.21
43.4841,-1.4796,2.77
43.487,-1.4969,
43.4978,-1.4937,2.8
43.4957,-1.4796,10.61
43.4968,-1.4631,1.56
43.5046,-1.4678,0.36
43.5103,-1.4437,0.43
43.4915,-1.4663,
43.4774,-1.4743,
43.4582,-1.4873,3.32
43.4942,-1.4749,
43.4865,-1.4888,9.44
43.5092,-1.4913,
43.5035,-1.4662,4.86
43.4876,-1.4825,12.15
43.4853,-1.4716,15.69
43.4833,-1.469,0.63
43.4873,-1.4621,1.27
43.4824,-1.4656,9.41
43.4836,-1.4459,1.1
43.4939,-1.4458,2.46
43.4813,-1.459,4.84
43.4964,-1.4743,8.28
43.5069,-1.4793,0.74
43.4936,-1.4551,1.2
43.4781,-1.4548,2.67
43.4904,-1.4748,0.23
43.51,-1.4434,0.32
43.4975,-1.4825,20.17
43.4786,-1.4502,
43.4933,-1.4603,1.69
43.4966,-1.4864,0.54
43.4734,-1.4859,2.78
43.4997,-1.4549,
43.4853,-1.4858,1.35
43.4855,-1.4826,4.29
43.5131,-1.4678,3.3
43.4824,-1.4828,0.27
43.4848,-1.4956,2.03
43.4873,-1.4801,
43.5072,-1.4872,1.34
43.4994,-1.482,14.43
43.4771,-1.4826,0.92
43.4865,-1.4708,0.1
43.5023,-1.4676,4.38
43.4902,-1.4526,0.67
43.4734,-1.4898,2.27
43.4834,-1.4862,3.36
43.4825,-1.4823,12.57
43.4942,-1.4908,3.03
43.4841,-1.4474,1.11
43.4876,-1.4507,2.84
43.5009,-1.4841,
43.4947,-1.4713,2.88
43.4781,-1.4881,1.11
43.4962,-1.4452,3.77
43.4965,-1.4698,1.62
43.5087,-1.4459,
43.4969,-1.4761,2.8
43.4836,-1.4616,0.62
43.5005,-1.4383,1.15
43.4932,-1.4673,1.36
43.4936,-1.4781,0.29
43.4898,-1.4627,
43.4814,-1.4997,1.6
43.5115,-1.4335,0.53
43.4869,-1.4723,
43.4962,-1.4512,0.73
43.498,-1.4526,1.02
43.485,-1.4862,3.08
43.4947,-1.4835,2.16
43.4813,-1.4964,1.93
43.4828,-1.4665,1.63
43.4921,-1.4558,0.36
43.4926,-1.4564,0.75
43.4923,-1.4544,1.32
43.503,-1.4754,1.6
43.4778,-1.4998,0.92
43.495,-1.4765,
43.4941,-1.4752,
43.4938,-1.493,13.53
43.4883,-1.4675,1.6
43.508,-1.4835,1.42
43.4786,-1.4743,
43.4777,-1.4543,6.12
43.4951,-1.4894,0.92
43.4927,-1.4912,5.12
43.49,-1.4822,2.29
43.4813,-1.4682,1.63
43.4943,-1.4677,2.29
43.4938,-1.4735,
43.4962,-1.4697,14.18
43.4933,-1.4891,1.39
43.5072,-1.4332,0.2
43.4976,-1.483,18.14
43.4845,-1.4798,13.0
43.4949,-1.4406,1.69
43.4914,-1.4777,0.13
43.507,-1.4601,1.93
43.4877,-1.4744,2.83
43.4917,-1.4638,4.37
43.4869,-1.4827,12.11
43.4821,-1.4819,
43.5052,-1.4703,3.05
43.4943,-1.4673,20.67
43.4951,-1.482,4.27
43.4841,-1.4711,
43.5083,-1.4702,1.07
43.4807,-1.4603,12.68
43.4867,-1.4878,1.45
43.482,-1.4913,2.01
43.5032,-1.4494,15.92
43.4943,-1.4452,4.26
43.499,-1.4581,1.04
43.5062,-1.4837,2.05
43.4797,-1.5016,7.41
43.4777,-1.484,6.07
43.4836,-1.4536,0.27
43.4961,-1.4912,2.76
43.4678,-1.4916,13.37
43.4846,-1.4891,1.62
43.4948,-1.4637,0.48
43.5056,-1.4631,0.1
43.4952,-1.446,5.23
43.4834,-1.4879,
43.4745,-1.4781,
43.4936,-1.476,0.05
43.5036,-1.4494,0.52
43.5091,-1.4678,1.45
43.482,-1.4712,
43.5075,-1.4867,1.61
43.4937,-1.4607,2.24
43.4921,-1.4702,16.46
43.5009,-1.4798,0.15
43.4978,-1.4552,0.43
43.5057,-1.4872,2.4
43.4895,-1.4686,
43.4861,-1.4846,11.28
43.4826,-1.4848,2.66
43.4964,-1.4394,0.35
43.4897,-1.4711,
43.4886,-1.4655,2.58
43.4929,-1.4647,0.25
43.4838,-1.4905,2.57
43.4826,-1.4859,28.83
43.4867,-1.4798,7.55
43.4951,-1.4654,0.44
43.5027,-1.4546,1.69
43.4941,-1.4761,
43.4898,-1.4512,0.46
43.5106,-1.4438,1.01
43.4954,-1.4713,0.21
43.4855,-1.4725,2.15
43.4614,-1.4813,
43.5128,-1.435,0.7
43.4831,-1.4862,3.17
43.4736,-1.4801,
43.4878,-1.4817,8.05
43.4915,-1.4765,21.12
43.4929,-1.4533,6.55
43.4937,-1.4809,8.44
43.4913,-1.4534,2.75
43.4757,-1.4819,2.49
43.4889,-1.4879,0.96
43.4994,-1.4469,1.9
43.4903,-1.4678,0.4
43.4928,-1.4733,2.87
43.51,-1.4658,0.43
43.4955,-1.4914,2.16
43.5119,-1.4713,1.14
43.4956,-1.4527,2.76
43.4725,-1.4863,0.51
43.4819,-1.471,
43.4933,-1.468,3.06
43.4955,-1.4568,1.26
43.4943,-1.4837,1.27
43.4927,-1.492,0.91
43.4794,-1.4715,
43.4984,-1.4876,0.14
43.4932,-1.4732,19.48
43.4979,-1.4677,1.74
43.4901,-1.4672,2.36
43.4816,-1.4624,3.22
43.4935,-1.4666,2.99
43.4967,-1.4505,3.29
43.5005,-1.4561,22.0
43.5054,-1.432,0.38
43.4909,-1.4705,17.55
43.4936,-1.479,8.31
43.4892,-1.4719,0.98
43.4837,-1.4472,1.82
43.4695,-1.4929,0.97
43.4863,-1.4778,0.79
43.4828,-1.4768,6.37
43.4953,-1.4914,2.44
43.4982,-1.4931,4.58
43.4837,-1.4862,1.7
43.4938,-1.4784,1.14
43.5017,-1.4481,
43.49,-1.4925,0.05
43.4995,-1.4897,0.9
43.5126,-1.4383,0.26
43.5118,-1.4688,1.36
43.4804,-1.4768,0.05
43.4668,-1.493,4.1
43.4973,-1.451,0.47
43.5045,-1.4335,0.81
43.5029,-1.4514,0.85
43.5058,-1.4741,0.3
43.489,-1.4689,
43.4857,-1.4708,
43.4866,-1.4622,0.67
43.4954,-1.4591,
43.5128,-1.4349,1.1
43.4846,-1.4581,1.13
43.4846,-1.4719,
43.4834,-1.4858,25.55
43.4813,-1.4859,0.07
43.4842,-1.4723,
43.4976,-1.4289,0.69
43.4926,-1.4773,19.07
43.4924,-1.4947,1.06
43.4943,-1.4792,2.95
43.4866,-1.4827,10.41
43.4912,-1.4658,
43.4835,-1.4898,
43.4953,-1.4646,0.53
43.514,-1.4621,1.71
43.493,-1.4723,14.84
43.4923,-1.4866,2.27
43.503,-1.4466,1.76
43.5138,-1.4672,8.13
43.5077,-1.4633,0.99
43.4857,-1.4606,0.41
43.488,-1.4618,
43.5048,-1.447,2.51
43.4906,-1.4908,3.58
43.496,-1.4752,
43.4782,-1.4729,0.77
43.4831,-1.4961,1.66
43.4798,-1.5012,2.33
43.4881,-1.4821,19.17
43.5056,-1.4622,0.14
43.4796,-1.4774,0.11
43.4818,-1.4778,1.32
43.4914,-1.4638,2.25
43.5046,-1.4461,0.75
43.4864,-1.4868,0.93
43.4911,-1.4726,0.55
43.5133,-1.4368,1.85
43.4873,-1.4852,0.04
43.4896,-1.4795,21.68
43.4881,-1.4738,16.52
43.4857,-1.4724,1.15
43.504,-1.422,1.72
43.4986,-1.4807,2.73
43.4818,-1.479,0.66
43.5018,-1.4432,0.06
43.4938,-1.4831,0.8
43.4897,-1.496,
43.488,-1.4819,0.4
43.4969,-1.4357,0.15
43.5015,-1.4675,3.9
43.4993,-1.4349,2.83
43.4671,-1.4878,4.43
43.4866,-1.4484,8.46
43.4791,-1.4551,0.63
43.4651,-1.4831,
43.491,-1.4782,24.42
43.4688,-1.4904,3.22
43.4856,-1.4602,5.9
43.4902,-1.4606,2.5
43.4897,-1.4757,
43.493,-1.4831,0.43
43.4902,-1.487,4.38
43.5012,-1.4819,0.89
43.4969,-1.4699,
43.5016,-1.4541,1.54
43.4849,-1.459,0.52
43.5032,-1.4508,20.04
43.4947,-1.4712,7.9
43.4787,-1.4908,1.54
43.4897,-1.4888,3.92
43.4801,-1.4743,15.16
43.494,-1.489,3.17
43.4808,-1.4572,0.39
43.4771,-1.4752,
43.489,-1.4723,0.74
43.4929,-1.4506,0.05
43.4899,-1.4561,0.44
43.4929,-1.4734,14.59
43.4933,-1.4793,8.01
43.4805,-1.484,1.28
43.5134,-1.4625,1.47
43.4674,-1.492,1.6
43.4869,-1.4763,2.9
43.4936,-1.478,0.97
43.4813,-1.458,
43.5032,-1.4468,2.32
43.4837,-1.5007,0.29
43.4827,-1.495,0.37
43.4811,-1.4809,3.72
43.4979,-1.4405,
43.4909,-1.4734,0.43
43.4791,-1.5042,0.97
43.5014,-1.4434,0.67
43.4931,-1.4567,0.49
43.4864,-1.4882,1.0
43.4914,-1.4645,2.41
43.4842,-1.4992,7.18
43.4802,-1.5039,0.24
43.4764,-1.4833,5.61
43.5094,-1.4646,1.36
43.4867,-1.4764,0.79
43.4914,-1.4793,
43.4861,-1.471,2.46
43.4832,-1.4674,1.49
43.4839,-1.4999,0.02
43.4814,-1.4824,3.17
43.4957,-1.458,1.38
43.4806,-1.5031,1.86
43.497,-1.4835,0.77
43.496,-1.485,2.1
43.4861,-1.4898,3.04
43.4882,-1.4908,0.04
43.4834,-1.4959,0.64
43.489,-1.4921,1.01
43.4973,-1.456,2.36
43.4967,-1.4336,3.31
43.4897,-1.4637,
43.4915,-1.4795,
43.484,-1.4664,2.2
43.5006,-1.4816,10.65
43.5019,-1.4677,2.45
43.4804,-1.4682,3.0
43.4964,-1.4858,2.17
43.4799,-1.4554,0.12
43.4906,-1.486,1.81
43.486,-1.4777,6.08
43.4869,-1.4805,8.26
43.5011,-1.4818,2.01
43.5045,-1.4845,0.78
43.4836,-1.4906,3.85
43.4786,-1.4995,
43.4972,-1.468,2.32
43.4714,-1.4912,0.79
43.5097,-1.4333,22.16
43.5005,-1.4506,0.32
43.4866,-1.4677,0.78
43.4878,-1.4824,0.77
43.4913,-1.491,2.27
43.4792,-1.5007,3.47
43.4916,-1.4702,1.07
43.4895,-1.4543,1.83
43.5062,-1.4764,1.39
43.5071,-1.4634,0.47
43.4816,-1.4966,2.12
43.4946,-1.49,1.34
43.481,-1.465,0.48
43.4915,-1.4788,16.54
43.5001,-1.4667,0.11
43.4789,-1.4499,8.18
43.4874,-1.4588,3.02
43.5006,-1.4788,0.61
43.4918,-1.4798,
43.4979,-1.4611,2.81
43.4796,-1.5003,0.18
43.4808,-1.5009,0.14
43.4954,-1.4729,
43.484,-1.4999,3.57
43.488,-1.4606,2.99
43.4502,-1.4935,2.51
43.4977,-1.4511,0.08
43.4813,-1.4962,1.46
43.5001,-1.4801,4.02
43.4825,-1.4876,3.78
43.4976,-1.4455,0.24
43.4835,-1.4461,1.62
43.4616,-1.4914,3.57
43.5073,-1.4673,0.01
43.4726,-1.4863,0.66
43.4596,-1.4958,2.06
43.4669,-1.4928,3.89
43.4798,-1.4848,
43.4978,-1.4677,1.58
43.4941,-1.4661,17.67
43.4798,-1.4896,0.99
43.4631,-1.4961,0.45
43.4831,-1.4846,0.36
43.504,-1.4621,
43.4807,-1.4824,0.83
43.4683,-1.4874,2.75
43.5048,-1.4598,
43.466,-1.4944,5.09
43.4937,-1.4588,0.69
43.5066,-1.4672,1.84
43.492,-1.4695,
43.4815,-1.4984,4.76
43.4938,-1.4949,1.75
43.4902,-1.4951,1.84
43.4939,-1.4567,1.2
43.4942,-1.4783,2.16
43.5033,-1.4846,0.69
43.4779,-1.4877,1.55
43.487,-1.4801,19.21
43.4967,-1.4835,2.07
43.4965,-1.4787,
43.4944,-1.4526,7.17
43.4953,-1.4879,1.94
43.5056,-1.4836,0.3
43.4662,-1.495,2.59
43.4925,-1.4729,0.17
43.4852,-1.4762,4.68
43.4956,-1.4795,10.39
43.5,-1.454,1.2
43.4865,-1.4883,1.68
43.5024,-1.4485,0.88
43.4943,-1.457,
43.5018,-1.4896,
43.493,-1.4801,0.16
43.4766,-1.4806,1.59
43.4815,-1.4831,1.19
43.4828,-1.4662,2.97
43.5027,-1.4483,
43.5027,-1.4524,17.01
43.476,-1.4689,0.81
43.4751,-1.4838,0.69
43.4962,-1.4434,1.05
43.4944,-1.4806,0.59
43.4787,-1.4994,
43.5034,-1.4263,1.13
43.5022,-1.4486,2.42
43.4642,-1.4823,
43.495,-1.4764,
43.5018,-1.446,0.91
43.4654,-1.4833,0.31
43.478,-1.4546,6.45
43.507,-1.4621,2.93
43.4979,-1.4673,0.38
43.4684,-1.4914,22.54
43.5017,-1.4594,5.6
43.4959,-1.4876,0.37
43.4925,-1.4727,0.41
43.4978,-1.4853,17.66
43.4803,-1.4953,1.22
43.5034,-1.4242,2.47
43.481,-1.458,2.56
43.4929,-1.492,13.58
43.4941,-1.4624,0.68
43.4875,-1.4838,5.55
43.4959,-1.4708,1.3
43.4991,-1.482,6.71
43.4884,-1.4614,2.81
43.5063,-1.4736,1.58
43.4674,-1.4911,0.21
43.5024,-1.4494,25.14
43.4845,-1.4575,2.48
43.466,-1.4944,3.92
43.5014,-1.4804,0.27
43.4828,-1.4841,1.39
43.4881,-1.4508,1.24
43.502,-1.4813,0.06
43.4808,-1.4707,
43.4835,-1.496,0.92
43.4707,-1.4928,
43.4897,-1.4831,4.51
43.4736,-1.4818,
43.4985,-1.4404,
43.5078,-1.4447,0.06
43.4798,-1.4839,1.71
43.4664,-1.4935,4.38
43.4857,-1.4759,19.04
43.5066,-1.4587,1.75
43.485,-1.479,
43.4898,-1.494,2.34
43.4885,-1.4615,0.54
43.4788,-1.4721,
43.4921,-1.4808,1.81
43.4947,-1.4578,0.77
43.4937,-1.4917,3.68
43.4687,-1.4905,3.2
43.5074,-1.4691,1.23
43.4852,-1.4712,
43.4944,-1.4622,1.28
43.5016,-1.457,24.79
43.5083,-1.4638,0.8
43.4943,-1.4752,
43.4946,-1.443,2.33
43.4797,-1.4954,1.16
43.497,-1.4353,0.86
43.4842,-1.476,
43.4899,-1.4564,5.07
43.4943,-1.4793,11.97
43.5002,-1.4814,0.24
43.4824,-1.4877,3.2
43.493,-1.4746,
43.4894,-1.497,
43.5075,-1.4343,2.43
43.492,-1.4669,
43.4879,-1.4746,4.02
43.4976,-1.4671,0.49
43.4803,-1.4821,5.39
43.478,-1.4927,2.25
43.4861,-1.4751,1.0
43.4866,-1.485,1.08
43.4782,-1.4848,
43.4773,-1.4819,1.35
43.4967,-1.4749,0.77
43.4864,-1.4618,0.43
43.5006,-1.4918,0.24
43.4953,-1.4706,1.26
43.4965,-1.444,0.53
43.5028,-1.4823,5.48
43.4867,-1.4552,2.41
43.4954,-1.4727,
43.4842,-1.4599,0.77
43.4905,-1.4609,2.51
43.4887,-1.4677,6.16
43.4896,-1.4594,0.84
43.4921,-1.4956,2.99
43.4891,-1.4662,6.55
43.4912,-1.4775,0.44
43.4947,-1.4662,29.02
43.5073,-1.4303,2.04
43.4936,-1.4868,3.47
43.5099,-1.4437,2.01
43.5108,-1.4642,2.06
43.4884,-1.4937,0.0
43.4796,-1.4661,2.42
43.4939,-1.4748,
43.474,-1.4782,
43.4949,-1.4669,1.33
43.5129,-1.4679,3.84
43.4796,-1.4766,0.21
43.4688,-1.4936,1.18
43.4944,-1.4772,0.75
43.5029,-1.4499,2.62
43.4895,-1.4908,1.06
43.5117,-1.4351,0.12
43.5025,-1.447,0.94
43.4978,-1.4523,13.72
43.5113,-1.4637,0.05
43.4958,-1.4581,1.66
43.464,-1.4954,2.72
43.4949,-1.4404,0.82
43.505,-1.4284,6.31
43.4964,-1.4821,6.16
43.4776,-1.4841,1.7
43.4988,-1.4404,10.1
43.5023,-1.4801,1.0
43.5079,-1.432,1.62
43.4899,-1.4712,13.13
43.4956,-1.4354,0.37
43.4935,-1.4802,9.43
43.4838,-1.4865,11.54
43.48,-1.4844,28.9
43.4956,-1.4691,26.1
43.4892,-1.4622,0.15
43.4901,-1.4707,12.37
43.5059,-1.4836,1.56
43.4697,-1.4936,
43.488,-1.4816,1.82
43.4783,-1.492,0.09
43.4815,-1.4768,1.58
43.4878,-1.4673,0.18
43.508,-1.4608,0.95
43.4845,-1.4906,0.55
43.4689,-1.4875,0.62
43.4905,-1.4885,1.3
43.5025,-1.4537,15.33
43.4963,-1.4818,5.0
43.5098,-1.4882,2.78
43.5059,-1.4708,0.53
43.4802,-1.4882,
43.4604,-1.4953,2.38
43.4753,-1.4793,2.04
43.487,-1.4934,1.65
43.4781,-1.4729,8.59
43.4889,-1.4826,0.5
43.4951,-1.4522,4.52
43.4851,-1.4917,22.6
43.4804,-1.4944,1.86
43.494,-1.4822,8.06
43.4615,-1.4918,0.56
43.4883,-1.4537,1.17
43.4918,-1.495,1.04
43.4941,-1.4608,2.64
43.4849,-1.4746,
43.4935,-1.4748,
43.4852,-1.4749,
43.5029,-1.4842,1.5
43.4929,-1.4929,1.35
43.4907,-1.4813,0.29
43.4894,-1.4821,1.18
43.4926,-1.494,1.94
43.504,-1.4524,0.61
43.4883,-1.4703,
43.4588,-1.4848,
43.5069,-1.4533,0.29
43.4886,-1.4564,2.22
43.4909,-1.4819,11.35
43.4895,-1.4441,0.06
43.4974,-1.4883,1.23
43.5099,-1.4644,0.75
43.5007,-1.4372,0.18
43.4922,-1.4775,
43.482,-1.4974,1.27
43.4937,-1.4812,8.07
43.5036,-1.4674,2.66
43.4902,-1.4657,
43.4846,-1.4616,1.78
43.4814,-1.458,28.64
43.4925,-1.4602,1.97
43.4824,-1.4717,
43.4881,-1.483,7.59
43.5014,-1.4493,2.3
43.4865,-1.4642,1.1
43.4863,-1.4892,3.29
43.4856,-1.4733,2.49
43.5006,-1.4807,2.63
43.4875,-1.484,0.64
43.4936,-1.4506,2.91
43.5077,-1.4813,2.0
43.4815,-1.4932,7.46
43.5149,-1.4668,0.96
43.4893,-1.4756,
43.487,-1.4568,2.08
43.5046,-1.4481,2.57
43.4936,-1.4933,7.67
43.4785,-1.4987,1.11
43.4908,-1.4699,0.82
43.4674,-1.4845,
43.4866,-1.4878,2.08
43.4842,-1.4502,5.23
43.4871,-1.449,2.0
43.4908,-1.4716,1.89
43.4808,-1.4756,6.38
43.4952,-1.4674,15.93
43.509,-1.4913,
43.4892,-1.4574,1.33
43.4793,-1.4876,2.83
43.5006,-1.4832,0.18
43.4764,-1.4839,6.7
43.4858,-1.4755,
43.4861,-1.4762,1.67
43.4847,-1.4959,4.51
43.4842,-1.457,0.99
43.4954,-1.4703,4.71
43.4886,-1.4509,0.68
43.5074,-1.4342,1.03
43.484,-1.4697,4.23
43.4951,-1.4636,2.56
43.4916,-1.479,
43.4869,-1.4694,3.06
43.4932,-1.4768,1.13
43.5015,-1.4553,0.12
43.461,-1.4941,1.44
43.4924,-1.479,20.13
43.4756,-1.4821,0.64
43.4997,-1.467,0.47
43.4804,-1.4984,1.65
43.4796,-1.4583,0.29
43.5106,-1.464,2.13
43.4974,-1.4497,2.12
43.4954,-1.4841,0.64
43.4675,-1.4942,1.04
43.492,-1.4738,
43.4962,-1.4345,1.2
43.494,-1.4776,0.17
43.486,-1.4759,8.04
43.4912,-1.4814,1.9
43.4985,-1.479,1.45
43.4833,-1.4519,0.78
43.4774,-1.4919,0.91
43.5,-1.4533,0.74
43.4982,-1.4934,0.5
43.4856,-1.4751,
43.5052,-1.4706,0.31
43.4898,-1.4735,
43.4992,-1.4392,15.4
43.4751,-1.4906,17.17
43.4937,-1.4507,2.54
43.4792,-1.4556,12.94
43.4988,-1.4474,2.28
43.4952,-1.4415,7.25
43.4894,-1.4534,1.42
43.4866,-1.4679,0.88
43.5007,-1.4787,1.71
43.4909,-1.4876,
43.4893,-1.468,1.67
43.4896,-1.4569,4.9
43.4849,-1.4763,0.36
43.5021,-1.4488,0.21
43.4985,-1.455,3.6
43.4936,-1.4829,0.61
43.501,-1.4502,0.8
43.4851,-1.4903,2.45
43.4821,-1.5001,1.65
43.4906,-1.4622,0.11
43.4856,-1.4772,1.22
43.4954,-1.4711,1.47
43.4904,-1.471,0.89
43.4915,-1.4774,0.46
43.5061,-1.4555,1.59
43.4913,-1.4817,2.98
43.5132,-1.446,0.17
43.4895,-1.4438,0.59
43.4939,-1.4879,0.81
43.495,-1.4649,0.36
43.4889,-1.4759,
43.4813,-1.4602,1.91
43.4945,-1.4756,
43.4916,-1.4726,0.37
43.4888,-1.476,
43.4882,-1.4637,
43.4974,-1.4786,6.82
43.4676,-1.4941,1.27
43.5065,-1.4715,0.09
43.4833,-1.4532,1.32
43.4801,-1.465,1.42
43.4956,-1.4913,2.03
43.4898,-1.4728,
43.4659,-1.4836,
43.4959,-1.4728,8.15
43.5101,-1.4433,1.73
43.5111,-1.4646,0.96
43.4877,-1.4926,0.81
43.4952,-1.4685,
43.4842,-1.4851,2.6
43.4764,-1.4738,
43.4838,-1.4664,2.37
43.499,-1.4604,2.61
43.4852,-1.473,2.25
43.4875,-1.4813,0.75
43.4907,-1.4601,6.73
43.4849,-1.4588,7.59
43.4845,-1.4576,5.75
43.4964,-1.4438,0.48
43.5112,-1.4647,0.27
43.4698,-1.4929,1.84
43.4698,-1.4888,1.52
43.4985,-1.4876,0.18
43.4868,-1.4802,0.27
43.4895,-1.4788,0.06
43.4866,-1.4559,1.19
43.4896,-1.4713,
43.4891,-1.4675,0.09
43.5131,-1.4372,1.49
43.5067,-1.4724,1.2
43.4931,-1.4494,2.46
43.4953,-1.4764,
43.4792,-1.4761,
43.4952,-1.477,
43.4666,-1.4947,1.03
43.5007,-1.4918,1.06
43.499,-1.4672,1.39
43.489,-1.4699,
43.4702,-1.4894,4.24
43.4967,-1.4559,0.73
43.4811,-1.4587,1.42
43.4923,-1.4911,1.89
43.4828,-1.4862,2.89
43.4844,-1.4804,1.02
43.4907,-1.477,
43.4996,-1.4628,20.57
43.4842,-1.4712,
43.4909,-1.4938,1.56
43.4908,-1.4714,1.64
43.476,-1.4704,
43.4831,-1.4962,1.6
43.4808,-1.4575,5.48
43.4939,-1.4648,0.08
43.4948,-1.4788,1.2
43.4812,-1.4948,0.04
43.4669,-1.4906,1.28
43.4873,-1.4504,0.97
43.5028,-1.4209,2.37
43.4983,-1.4564,18.1
43.5073,-1.4688,1.41
43.4859,-1.4754,17.63
43.4695,-1.4839,
43.4876,-1.4942,0.73
43.5058,-1.474,1.01
43.484,-1.4995,0.32
43.4918,-1.4784,2.86
43.4783,-1.4936,1.41
43.4925,-1.4707,27.69
43.4874,-1.467,1.82
43.4741,-1.4899,0.88
43.5076,-1.4605,0.67
43.4897,-1.4941,1.39
43.4598,-1.4827,
43.5057,-1.4592,0.44
43.4802,-1.5016,1.3
43.4937,-1.4616,0.33
43.4906,-1.4862,0.94
43.4939,-1.4701,
43.5052,-1.4633,1.04
43.4914,-1.4795,
43.5089,-1.4645,0.87
43.4827,-1.466,4.52
43.4897,-1.4823,3.07
43.4879,-1.4749,0.5
43.5128,-1.4346,0.41
43.5035,-1.4213,1.66
43.4804,-1.4548,3.37
43.4932,-1.4674,0.27
43.492,-1.4556,0.31
43.5116,-1.435,1.09
43.487,-1.4814,
43.4995,-1.4564,19.27
43.4755,-1.4699,
43.4976,-1.4304,3.03
43.4823,-1.482,
43.5076,-1.4309,1.51
43.464,-1.4955,2.41
43.4943,-1.4659,14.27
43.5003,-1.4839,21.23
43.4782,-1.4934,7.01
43.4944,-1.4536,1.03
43.4766,-1.484,0.64
43.4837,-1.4792,1.7
43.5028,-1.4414,2.29
43.5052,-1.4704,0.49
43.4935,-1.4557,0.46
43.483,-1.488,
43.5005,-1.4837,26.38
43.494,-1.445,0.09
43.49,-1.471,13.43
43.4915,-1.4781,0.94
43.4903,-1.474,
43.4905,-1.4736,
43.5034,-1.4427,1.05
43.4773,-1.4829,
43.5051,-1.4287,2.78
43.494,-1.4622,0.82
43.4916,-1.4812,2.11
43.5009,-1.4794,3.91
43.4832,-1.4688,0.51
43.4881,-1.4602,1.31
43.4809,-1.4617,1.4
43.486,-1.4904,2.02
43.493,-1.4939,6.36
43.4917,-1.4806,
43.4755,-1.4762,
43.4882,-1.4779,11.73
43.4817,-1.4852,0.67
43.5049,-1.4323,0.79
43.4864,-1.4755,26.91
43.4764,-1.4829,3.04
43.4852,-1.4717,15.84
43.4844,-1.4792,0.81
43.5017,-1.4452,1.08
43.49,-1.4794,16.92
43.5081,-1.4811,1.95
43.4952,-1.4696,3.52
43.4835,-1.4905,14.7
43.4949,-1.4687,13.85
43.493,-1.4555,1.39
43.4705,-1.4921,0.88
43.4811,-1.5011,0.17
43.4934,-1.4539,1.54
43.5067,-1.4552,0.06
43.4898,-1.4722,
43.492,-1.4725,0.8
43.5028,-1.4469,1.34
43.5112,-1.4707,0.23
43.5056,-1.4459,2.24
43.4863,-1.4877,1.32
43.48,-1.4581,1.16
43.4655,-1.4871,1.96
43.5034,-1.464,1.27
43.4931,-1.4802,3.76
43.4947,-1.4915,1.48
43.5018,-1.4666,
43.4924,-1.466,2.08
43.5039,-1.4836,0.37
43.4874,-1.4879,2.75
43.5095,-1.4913,
43.5016,-1.4654,
43.4841,-1.4795,2.84
43.4861,-1.4735,0.98
43.4862,-1.4763,1.38
43.4802,-1.4789,0.65
43.5047,-1.445,2.63
43.4882,-1.4752,0.85
43.4787,-1.5024,2.3
43.4945,-1.4609,1.22
43.4646,-1.4826,
43.4931,-1.4793,4.57
43.4715,-1.4915,24.51
43.4822,-1.4656,1.86
43.496,-1.4549,0.71
43.4855,-1.4828,0.57
43.4858,-1.4757,
43.4693,-1.4939,
43.5036,-1.4214,1.51
43.4974,-1.4848,0.18
43.4894,-1.4576,0.73
43.5024,-1.4772,4.01
43.4949,-1.4335,1.99
43.5012,-1.4393,1.81
43.4896,-1.4796,22.92
43.4903,-1.4935,1.65
43.5041,-1.4466,0.38
43.4894,-1.4789,2.04
43.484,-1.472,
43.4859,-1.474,0.57
43.4919,-1.4911,1.58
43.4848,-1.473,22.14
43.5025,-1.4432,1.1
43.4902,-1.4952,1.71
43.4787,-1.4585,5.65
43.4864,-1.4885,3.03
43.466,-1.4942,0.45
43.5083,-1.4605,0.92
43.4902,-1.4606,1.24
43.4991,-1.4637,24.85
43.4965,-1.4746,2.14
43.4846,-1.4765,1.73
43.4944,-1.4453,3.01
43.4872,-1.4744,3.03
43.4938,-1.4934,2.57
43.4957,-1.4697,17.03
43.485,-1.4914,3.75
43.5062,-1.4763,1.48
43.5019,-1.4557,22.53
43.4671,-1.4927,5.12
43.4793,-1.474,0.89
43.4881,-1.4565,2.93
43.4939,-1.4791,14.64
43.4871,-1.4902,0.49
43.4943,-1.4692,2.15
43.4879,-1.4744,4.4
43.4919,-1.4725,0.77
43.4961,-1.488,0.44
43.5012,-1.4459,2.43
43.4815,-1.4631,2.49
43.4965,-1.4384,2.58
43.4968,-1.469,2.01
43.4831,-1.4866,29.82
43.5067,-1.4785,0.78
43.4895,-1.4587,0.87
43.5034,-1.4244,1.81
43.4761,-1.4744,
43.4936,-1.4747,
43.4938,-1.482,6.2
43.4966,-1.4507,3.05
43.495,-1.4535,0.6
43.4781,-1.4992,1.52
43.4907,-1.4599,0.68
43.4942,-1.4909,2.64
43.4828,-1.4986,0.02
43.496,-1.4942,4.05
43.489,-1.4781,
43.504,-1.4525,1.66
43.4931,-1.4658,1.74
43.4825,-1.4872,0.16
43.4857,-1.4706,
43.4994,-1.487,
43.476,-1.4846,0.51
43.4887,-1.4821,1.34
43.4875,-1.467,1.48
43.4936,-1.4794,12.87
43.5023,-1.4503,
43.5008,-1.4489,
43.496,-1.4806,10.28
43.5082,-1.4676,0.77
43.4977,-1.4795,17.14
43.4937,-1.4529,7.55
43.5025,-1.4207,1.65
43.4773,-1.4874,0.88
43.4915,-1.4647,0.16
43.4894,-1.4577,0.45
43.4649,-1.4874,16.12
43.4935,-1.4916,9.39
43.4893,-1.4826,9.85
43.4913,-1.4644,2.18
43.481,-1.4581,2.56
43.4927,-1.4749,7.09
43.4808,-1.4751,0.18
43.4964,-1.4369,0.73
43.4881,-1.4603,1.04
43.4967,-1.4695,0.48
43.5021,-1.4528,0.85
43.4962,-1.4357,2.14
43.5111,-1.4686,3.36
43.4907,-1.4602,2.28
43.5029,-1.4707,1.27
43.4918,-1.4509,
43.4926,-1.4648,0.02
43.5008,-1.4677,0.72
43.4709,-1.4847,
43.4936,-1.447,1.23
43.4983,-1.435,0.96
43.4978,-1.421,0.98
43.4875,-1.467,2.88
43.4974,-1.4595,
43.4842,-1.4622,0.93
43.505,-1.4664,0.76
43.4846,-1.4797,18.23
43.4883,-1.4596,0.21
43.4688,-1.4903,3.19
43.5143,-1.4618,1.15
43.4841,-1.4748,2.22
43.5069,-1.4661,0.21
43.4941,-1.4675,2.67
43.4839,-1.479,4.04
43.4975,-1.4597,
43.4955,-1.4604,0.26
43.4841,-1.4748,0.12
43.4957,-1.4598,
43.5027,-1.4435,1.29
43.5045,-1.467,2.18
43.49,-1.4817,4.4
43.4848,-1.4828,3.22
43.4882,-1.4743,
43.4976,-1.4852,0.32
43.5031,-1.4519,3.55
43.4965,-1.4508,2.69
43.5065,-1.4623,0.09
43.4837,-1.4871,1.35
43.4832,-1.4865,26.52
43.4841,-1.4465,4.93
43.4972,-1.4846,0.6
43.4901,-1.4792,7.12
43.478,-1.4731,20.86
43.4993,-1.4671,0.26
43.4794,-1.4499,13.15
43.4915,-1.4606,1.21
43.5026,-1.4562,1.65
43.494,-1.4772,0.4
43.4946,-1.4906,2.58
43.4674,-1.4942,0.8
43.4919,-1.4693,
43.5065,-1.4778,1.99
43.5119,-1.4713,0.55
43.4958,-1.4872,1.4
43.4948,-1.4699,11.05
43.4812,-1.4858,0.15
43.4907,-1.4628,9.75
43.4796,-1.4861,2.91
43.4925,-1.4532,1.05
43.5022,-1.4791,3.35
43.5113,-1.444,0.15
43.4988,-1.4552,
43.4645,-1.4954,2.52
43.4966,-1.451,1.93
43.5031,-1.4469,1.97
43.4889,-1.4763,
43.4899,-1.467,6.22
43.4779,-1.492,1.77
43.4889,-1.4886,1.01
43.4949,-1.4407,1.41
43.4831,-1.4964,1.67
43.4945,-1.4917,3.55
43.4923,-1.4893,1.33
43.4914,-1.4786,3.62
43.4908,-1.4898,3.09
43.493,-1.4673,1.11
43.4946,-1.4783,8.53
43.4923,-1.4779,26.45
43.4955,-1.4708,0.57
43.4978,-1.4208,0.87
43.5,-1.4816,2.2
43.4914,-1.4692,3.58
43.4915,-1.4783,0.98
43.513,-1.4374,1.26
43.4795,-1.4501,0.01
43.5058,-1.4459,3.09
43.4801,-1.4954,0.95
43.4843,-1.4826,0.68
43.4894,-1.458,0.42
43.4901,-1.462,0.02
43.4811,-1.4994,6.5
43.5062,-1.4554,0.58
43.5051,-1.476,2.07
43.5067,-1.4787,0.93
43.5002,-1.4515,0.31
43.4954,-1.4547,1.12
43.465,-1.4848,23.26
43.5033,-1.4431,0.55
43.4867,-1.4553,0.09
43.4895,-1.4736,
43.4968,-1.4639,3.25
43.4646,-1.4954,2.68
43.4908,-1.4726,0.11
43.4962,-1.4382,1.49
43.4903,-1.4911,0.56
43.4841,-1.4466,2.16
43.4893,-1.4665,0.15
43.5017,-1.4592,2.25
43.4939,-1.4683,1.68
43.4841,-1.476,
43.4842,-1.4906,1.77
43.4934,-1.4615,0.71
43.496,-1.4424,1.32
43.4912,-1.4787,3.45
43.4928,-1.4745,
43.5017,-1.4554,13.01
43.4925,-1.4661,1.85
43.4973,-1.4813,
43.4836,-1.4545,2.55
43.4988,-1.4197,0.81
43.47,-1.4927,1.28
43.4917,-1.4769,25.99
43.5016,-1.4388,1.08
43.481,-1.4605,1.1
43.4933,-1.478,1.33
43.4893,-1.4818,8.56
43.4931,-1.4519,0.79
43.4968,-1.4876,2.32
43.4809,-1.4757,2.21
43.5085,-1.488,6.76
43.5135,-1.4624,1.29
43.5049,-1.4471,1.12
43.4793,-1.5027,1.85
43.4938,-1.4934,2.87
43.4902,-1.4715,0.93
43.4925,-1.4745,7.2
43.4821,-1.4901,
43.493,-1.4758,24.87
43.4854,-1.4778,1.21
43.497,-1.462,0.04
43.4897,-1.4821,2.45
43.4902,-1.4729,20.28
43.4903,-1.4919,0.59
43.4924,-1.4723,0.1
43.4863,-1.4653,1.42
43.5001,-1.4663,6.54
43.4842,-1.4984,5.28
43.4997,-1.4674,
43.4917,-1.4852,2.19
43.5055,-1.4836,0.57
43.49,-1.4793,6.94
43.4813,-1.4603,2.9
43.4822,-1.4824,8.32
43.4847,-1.4765,1.42
43.4635,-1.4957,3.09
43.4803,-1.4751,1.8
43.4832,-1.4866,
43.4866,-1.4789,1.99
43.4956,-1.4776,
43.5076,-1.4808,1.84
43.5029,-1.461,1.02
43.4802,-1.4879,
43.497,-1.4883,1.21
43.4967,-1.4267,0.3
43.4848,-1.4724,14.61
43.492,-1.4635,0.09
43.4794,-1.4739,9.99
43.4944,-1.4661,28.36
43.4903,-1.4741,
43.4776,-1.4964,
43.4944,-1.4774,0.67
43.5001,-1.4908,0.47
43.5051,-1.4445,1.78
43.4838,-1.4779,0.29
43.508,-1.4704,0.27
43.4953,-1.4766,
43.485,-1.4904,2.5
43.4849,-1.495,3.47
43.4941,-1.4671,20.9
43.5039,-1.4465,2.82
43.4811,-1.4595,2.61
43.4973,-1.4884,1.41
43.5083,-1.4522,
43.4839,-1.4515,0.13
43.5072,-1.4299,4.28
43.5095,-1.4648,1.17
43.5043,-1.4491,3.59
43.4952,-1.4425,0.86
43.4877,-1.4812,16.88
43.494,-1.4763,11.33
43.4978,-1.4611,0.4
43.4895,-1.4696,
43.5076,-1.431,1.68
43.5024,-1.4525,0.36
43.4971,-1.4849,0.98
43.4924,-1.4629,0.52
43.4962,-1.4693,10.15
43.5038,-1.4744,0.12
43.506,-1.4707,0.36
43.4901,-1.4601,0.66
43.4868,-1.4832,1.35
43.5095,-1.4721,4.57
43.4827,-1.4862,3.0
43.482,-1.4902,
43.4767,-1.4839,8.77
43.4938,-1.4915,2.13
43.4904,-1.4588,0.22
43.4909,-1.4717,1.43
43.4728,-1.4815,
43.4976,-1.4853,0.35
43.4797,-1.4744,13.64
43.4654,-1.4925,1.7
43.4922,-1.4939,7.63
43.4949,-1.4645,1.24
43.5133,-1.4626,1.39
43.4962,-1.4453,4.12
43.51,-1.4871,0.35
43.4911,-1.4779,23.31
43.4921,-1.4548,0.89
43.4902,-1.4869,5.27
43.4764,-1.4736,
43.4956,-1.4604,0.12
43.5018,-1.4547,
43.5047,-1.4633,0.19
43.5052,-1.4288,2.44
43.5044,-1.4674,0.17
43.4977,-1.4277,1.25
43.493,-1.495,0.05
43.4952,-1.4522,2.61
43.4915,-1.493,1.27
43.4823,-1.4983,0.66
43.5036,-1.4682,1.68
43.4945,-1.4454,2.99
43.488,-1.4819,0.87
43.4906,-1.4741,
43.484,-1.4644,1.62
43.4955,-1.466,1.29
43.4801,-1.4528,1.15
43.4889,-1.4799,0.79
43.5013,-1.4518,
43.4853,-1.4943,1.46
43.4953,-1.4412,0.87
43.4866,-1.4903,3.22
43.4868,-1.4618,
43.4908,-1.485,3.76
43.5014,-1.4488,1.87
43.4962,-1.472,0.98
43.4937,-1.4769,0.34
43.4761,-1.4802,0.66
43.492,-1.4555,0.43
43.478,-1.4842,1.33
43.4941,-1.483,2.14
43.4962,-1.4883,1.11
43.5019,-1.439,0.69
43.4839,-1.4756,
43.5027,-1.4759,2.14
43.4964,-1.4611,0.81
43.4978,-1.4792,0.49
43.4904,-1.478,1.04
43.5057,-1.4736,0.92
43.4815,-1.4826,0.16
43.4972,-1.4938,2.17
43.4839,-1.479,3.86
43.505,-1.4629,0.76
43.5052,-1.4706,0.24
43.4769,-1.4534,0.31
43.4908,-1.4696,16.9
43.489,-1.4759,
43.4895,-1.4823,6.36
43.4922,-1.4802,
43.5103,-1.4681,0.76
43.506,-1.4623,2.21
43.5099,-1.4435,0.37
43.4834,-1.4459,0.01
43.49,-1.4779,0.93
43.4986,-1.4819,4.71
43.4993,-1.4819,1.42
43.4883,-1.4937,0.14
43.5016,-1.4481,
43.5001,-1.4544,11.16
43.4919,-1.4673,
43.4834,-1.4871,21.99
43.4774,-1.4919,1.19
43.4738,-1.4796,
43.4798,-1.4745,12.37
43.4863,-1.4763,4.11
43.4956,-1.4717,4.47
43.4826,-1.4877,1.66
43.4974,-1.4558,5.28
43.4992,-1.4352,2.39
43.4968,-1.4625,2.12
43.49,-1.4759,
43.4791,-1.4843,1.4
43.4918,-1.4632,1.18
43.4749,-1.4798,
43.5032,-1.4701,2.56
43.4837,-1.4745,0.86
43.4949,-1.4544,2.35
43.4991,-1.4354,1.18
43.5094,-1.487,3.83
43.4867,-1.4874,2.47
43.4923,-1.4713,14.76
43.496,-1.4761,
43.4951,-1.4881,12.95
43.5147,-1.4609,1.4
43.4969,-1.4835,0.67
43.4803,-1.5009,5.26
43.4915,-1.4864,1.99
43.495,-1.4781,1.33
43.4841,-1.4904,1.53
43.4975,-1.4888,1.8
43.4753,-1.4705,
43.4887,-1.4617,0.24
43.5053,-1.4673,2.55
43.4667,-1.4931,4.18
43.4889,-1.4562,1.95
43.4953,-1.4697,3.75
43.4911,-1.4599,1.69
43.4788,-1.4586,6.0
43.4828,-1.4955,1.17
43.4925,-1.4441,1.19
43.5026,-1.4391,6.67
43.489,-1.4756,
43.4833,-1.4471,1.97
43.4793,-1.4946,0.31
43.4976,-1.44,
43.507,-1.4629,0.49
43.488,-1.4754,3.28
43.4975,-1.438,0.59
43.4786,-1.5002,
43.4921,-1.4861,0.38
43.4944,-1.4844,0.6
43.5072,-1.4673,0.42
43.495,-1.4785,1.37
43.4868,-1.4866,1.87
43.4874,-1.456,0.16
43.5043,-1.4828,0.1
43.4957,-1.472,4.59
43.4656,-1.4838,28.13
43.4874,-1.4506,3.51
43.4865,-1.4619,6.3
43.4981,-1.4805,
43.4911,-1.4789,10.86
43.5124,-1.4703,0.06
43.498,-1.4616,0.63
43.5132,-1.4338,0.57
43.4832,-1.4896,11.8
43.4803,-1.4745,1.43
43.4834,-1.478,4.31
43.5047,-1.446,0.4
43.4925,-1.487,2.84
43.4805,-1.486,0.03
43.4857,-1.4778,10.14
43.4975,-1.4683,
43.4837,-1.4882,
43.4913,-1.4813,3.43
43.4612,-1.4814,
43.4966,-1.4703,24.1
43.4838,-1.4866,6.56
43.5004,-1.4841,
43.4945,-1.4916,2.26
43.4659,-1.4947,1.32
43.5095,-1.4917,
43.4811,-1.4828,3.09
43.4834,-1.4861,1.71
43.5021,-1.4472,0.49
43.4907,-1.4711,0.06
43.5057,-1.4756,0.47
43.4941,-1.4777,0.3
43.5125,-1.4386,0.17
43.4926,-1.4444,1.79
43.5083,-1.4655,1.85
43.4945,-1.4901,1.39
43.4872,-1.4855,2.89
43.5004,-1.45,1.77
43.5034,-1.4692,2.42
43.4912,-1.4919,0.27
43.4765,-1.4913,0.54
43.5063,-1.4873,0.2
43.491,-1.4949,0.32
43.4863,-1.4887,1.43
43.494,-1.4534,1.8
43.4939,-1.4913,1.8
43.496,-1.4707,0.29
43.4755,-1.4903,2.85
43.4842,-1.4489,0.85
43.492,-1.491,5.15
43.4886,-1.4592,1.15
43.5018,-1.4669,
43.4857,-1.4701,
43.4894,-1.4536,0.72
43.4972,-1.45,2.09
43.5074,-1.4915,
43.4934,-1.4947,4.52
43.4912,-1.4761,
43.5073,-1.4877,0.94
43.4988,-1.4595,0.81
43.5041,-1.4737,5.74
43.5088,-1.4597,0.23
43.5066,-1.4303,0.34
43.4798,-1.4502,1.09
43.4661,-1.4838,
43.4918,-1.4551,1.55
43.4818,-1.4845,0.85
43.466,-1.4837,
43.5039,-1.471,5.31
43.5108,-1.4865,0.54
43.5145,-1.4616,1.36
43.5007,-1.4459,0.79
43.5059,-1.491,
43.4647,-1.4954,2.79
43.4769,-1.4943,1.03
43.4865,-1.4765,3.97
43.5056,-1.4728,1.09
43.5022,-1.4792,3.88
43.4811,-1.4635,0.71
43.4889,-1.4724,0.9
43.4952,-1.4914,2.52
43.4955,-1.4882,2.9
43.46,-1.4893,2.51
43.4798,-1.4765,0.93
43.5076,-1.4308,9.96
43.5005,-1.4498,1.71
43.4944,-1.4866,1.23
43.49,-1.4819,2.36
43.4767,-1.4914,0.27
43.509,-1.4652,1.18
43.4968,-1.4821,22.38
43.4904,-1.4814,1.37
43.4808,-1.4785,1.26
43.5063,-1.4306,0.51
43.4936,-1.4915,0.67
43.4802,-1.4889,0.25
43.4795,-1.4714,
43.4932,-1.4883,0.26
43.499,-1.4819,6.94
43.4915,-1.4785,5.43
43.4948,-1.461,0.1
43.4943,-1.4779,6.01
43.4794,-1.5039,1.78
43.5092,-1.4816,0.97
43.4948,-1.4899,0.59
43.4911,-1.4769,
43.499,-1.4605,1.84
43.4936,-1.4796,3.15
43.4887,-1.476,
43.4943,-1.4661,
43.4794,-1.4654,0.54
43.495,-1.4424,2.11
43.4841,-1.4632,1.68
43.4877,-1.4814,1.43
43.4971,-1.4356,0.0
43.4905,-1.485,0.81
43.5076,-1.4877,1.29
43.4666,-1.4913,0.76
43.4747,-1.4778,
43.4893,-1.4725,
43.4849,-1.4828,3.25
43.4671,-1.4844,
43.489,-1.4686,
43.4933,-1.4876,0.34
43.5109,-1.4853,0.71
43.493,-1.4883,0.7
43.4721,-1.4831,
43.49,-1.468,1.49
43.5119,-1.4461,2.2
43.4929,-1.4589,1.73
43.4662,-1.4874,2.35
43.4938,-1.4516,0.36
43.479,-1.4667,3.87
43.5034,-1.4504,16.65
43.4759,-1.4751,
43.4779,-1.4579,6.2
43.492,-1.4706,13.4
43.4947,-1.4784,1.98
43.4939,-1.491,9.42
43.4806,-1.4828,
43.4928,-1.4645,0.03
43.4937,-1.476,6.97
43.4893,-1.4536,0.92
43.5031,-1.4609,0.46
43.4993,-1.4932,2.66
43.5035,-1.4609,0.46
43.4872,-1.463,0.38
43.5067,-1.4871,1.36
43.4861,-1.49,1.09
43.5017,-1.4598,0.59
43.4973,-1.4357,2.0
43.459,-1.4842,
43.4866,-1.4843,1.29
43.5003,-1.4816,11.42
43.4884,-1.4672,0.43
43.5105,-1.4684,3.77
43.4914,-1.4699,0.88
43.498,-1.4667,1.35
43.4962,-1.4876,1.24
43.5086,-1.4334,25.75
43.491,-1.4817,2.0
43.5014,-1.4804,0.34
43.4958,-1.4366,0.51
43.4846,-1.4762,24.06
43.4905,-1.4858,1.25
43.4976,-1.4828,8.53
43.493,-1.4735,
43.5029,-1.4758,2.77
43.4925,-1.4676,
43.4989,-1.4624,
43.4989,-1.458,0.3
43.49,-1.4871,2.37
43.4792,-1.4815,1.74
43.4837,-1.4786,2.22
43.4815,-1.4572,
43.498,-1.4862,17.19
43.4861,-1.4612,0.2
43.5128,-1.4345,0.51
43.4885,-1.465,19.57
43.4841,-1.4767,0.36
43.4901,-1.4794,17.35
43.4811,-1.4804,1.38
43.5043,-1.4429,0.13
43.4824,-1.4581,2.04
43.4561,-1.485,
43.5025,-1.448,1.02
43.4915,-1.4787,12.44
43.4909,-1.4601,6.17
43.4951,-1.481,0.5
43.4823,-1.4856,3.11
43.5085,-1.4879,3.21
43.4883,-1.4622,
43.4847,-1.4744,
43.4942,-1.4669,21.81
43.4877,-1.4833,0.53
43.4875,-1.4931,0.85
43.4881,-1.4786,
43.5035,-1.4506,7.5
43.4662,-1.4915,0.97
43.4956,-1.4662,3.37
43.4878,-1.4737,7.15
43.504,-1.472,4.63
43.4974,-1.4582,
43.4994,-1.4645,22.07
43.502,-1.4571,0.42
43.5035,-1.4847,0.54
43.4798,-1.4533,0.99
43.4586,-1.4857,
43.5056,-1.4639,1.49
43.4915,-1.486,0.39
43.4978,-1.4852,20.61
43.4884,-1.4672,0.82
43.4979,-1.4857,16.99
43.4942,-1.4769,0.28
43.493,-1.494,5.41
43.5007,-1.4816,11.96
43.4747,-1.48,
43.496,-1.4379,0.18
43.4761,-1.4509,5.62
43.5044,-1.4656,0.96
43.4975,-1.4592,
43.4938,-1.4788,9.05
43.4889,-1.4767,
43.4941,-1.4625,0.74
43.5077,-1.435,0.11
43.4699,-1.4882,0.3
43.4601,-1.4822,
43.4901,-1.4673,2.31
43.4806,-1.4604,1.59
43.4982,-1.4483,2.35
43.4942,-1.4581,6.09
43.4926,-1.4748,7.25
43.4962,-1.4802,
43.4917,-1.4525,
43.4845,-1.4801,13.52
43.4808,-1.4666,0.03
43.4983,-1.4926,4.45
43.5085,-1.4335,13.92
43.4923,-1.4787,3.35
43.4956,-1.463,0.84
43.5033,-1.4468,2.38
43.496,-1.436,0.77
43.4902,-1.4808,
43.4791,-1.4993,1.79
43.4974,-1.4359,1.39
43.4781,-1.4726,20.68
43.482,-1.4961,1.62
43.4974,-1.4294,1.1
43.4867,-1.4635,1.88
43.4897,-1.482,9.64
43.5104,-1.4301,1.64
43.5037,-1.4428,0.87
43.4814,-1.4828,2.98
43.4948,-1.4781,3.29
43.5042,-1.4658,1.47
43.5062,-1.4582,17.62
43.4945,-1.4776,2.8
43.5117,-1.4453,3.13
43.4502,-1.4941,2.59
43.4904,-1.4574,0.39
43.4808,-1.4546,4.79
43.4841,-1.4724,
43.4833,-1.4484,1.52
43.4671,-1.4925,5.29
43.4879,-1.4735,8.85
43.4935,-1.4924,4.13
43.4822,-1.4945,1.19
43.4775,-1.4739,
43.5112,-1.4714,0.41
43.4788,-1.4998,
43.4835,-1.4978,4.08
43.4854,-1.4724,16.34
43.4965,-1.4839,18.34
43.4759,-1.4891,2.08
43.4823,-1.5002,1.89
43.4922,-1.4647,1.82
43.5022,-1.4793,1.74
43.4961,-1.4432,0.54
43.4915,-1.4552,
43.4991,-1.4552,
43.4928,-1.4898,0.13
43.5019,-1.4551,
43.5126,-1.446,1.3
43.5002,-1.4597,1.86
43.5002,-1.4534,0.65
43.4944,-1.457,
43.5064,-1.4583,28.78
43.4815,-1.4542,0.56
43.4935,-1.4875,1.57
43.4957,-1.4565,2.1
43.5111,-1.4645,1.38
43.4906,-1.4913,0.01
43.5069,-1.4871,1.42
43.5118,-1.4401,0.15
43.5108,-1.4685,3.2
43.4851,-1.4943,1.72
43.472,-1.4832,
43.4663,-1.4875,2.65
43.5068,-1.4315,1.59
43.4845,-1.4784,0.15
43.4838,-1.4842,0.44
43.488,-1.4736,1.69
43.4952,-1.4782,12.64
43.4789,-1.4881,1.76
43.4975,-1.4393,26.27
43.48,-1.4749,2.6
43.5062,-1.4302,0.25
43.4905,-1.4787,1.51
43.4836,-1.4453,1.63
43.495,-1.4423,1.28
43.4877,-1.4904,0.46
43.4935,-1.4554,0.37
43.5019,-1.466,
43.4882,-1.4817,1.96
43.4936,-1.4799,6.31
43.5105,-1.4291,1.33
43.4915,-1.486,0.88
43.4882,-1.4597,0.27
43.4815,-1.4555,2.27
43.4957,-1.4417,1.36
43.5001,-1.4506,1.15
43.4886,-1.4592,1.12
43.4936,-1.4725,6.19
43.4841,-1.4712,
43.4825,-1.4771,1.11
43.5072,-1.462,0.78
43.5054,-1.4673,1.32
43.496,-1.486,0.71
43.4918,-1.4534,0.31
43.4882,-1.4812,1.39
43.4685,-1.4849,
43.4696,-1.4839,
43.5061,-1.4873,0.43
43.4984,-1.4922,0.19
43.4886,-1.4702,
43.488,-1.4743,15.42
43.4882,-1.4783,21.48
43.4989,-1.4408,
43.5028,-1.4419,3.02
43.4905,-1.4789,7.48
43.506,-1.43,0.86
43.5089,-1.4637,1.38
43.4879,-1.4828,1.52
43.4658,-1.4947,0.18
43.5016,-1.4825,1.92
43.4935,-1.4611,0.09
43.4972,-1.4839,0.09
43.5077,-1.482,0.77
43.5026,-1.4497,25.23
43.5018,-1.4788,0.06
43.4891,-1.4751,2.22
43.491,-1.4783,19.76
43.4739,-1.4832,0.09
43.4867,-1.4933,1.5
43.5055,-1.4862,0.68
43.509,-1.4666,0.83
43.4803,-1.4691,1.15
43.5092,-1.4637,0.96
43.4783,-1.5011,0.87
43.4903,-1.4729,0.2
43.4894,-1.4825,1.73
43.5052,-1.4444,1.7
43.4871,-1.4855,0.75
43.4821,-1.491,1.19
43.4891,-1.4782,
43.4922,-1.4603,2.1
43.5113,-1.4647,8.63
43.4887,-1.4527,0.96
43.4941,-1.4826,7.99
43.4951,-1.4581,
43.5042,-1.4906,
43.4957,-1.4323,1.78
43.4815,-1.457,
43.4987,-1.4365,0.21
43.5024,-1.4623,0.7
43.4884,-1.4823,25.05
43.4822,-1.4656,1.72
43.504,-1.4676,0.51
43.4733,-1.4806,
43.4778,-1.4928,2.77
43.4797,-1.5009,1.34
43.4805,-1.4859,0.21
43.5111,-1.4416,2.8
43.4788,-1.468,0.32
43.5021,-1.4498,1.57
43.5015,-1.4675,4.03
43.5029,-1.4687,1.12
43.4819,-1.5,2.57
43.5086,-1.4638,1.28
43.4856,-1.4762,2.53
43.4788,-1.4843,1.45
43.4922,-1.4708,1.72
43.469,-1.4875,0.23
43.4867,-1.4789,10.33
43.4933,-1.4895,0.31
43.4931,-1.4523,0.23
43.4927,-1.4755,
43.4851,-1.4729,0.08
43.4916,-1.4751,
43.4748,-1.485,3.14
43.5033,-1.4484,1.2
43.4997,-1.457,23.32
43.4868,-1.469,2.62
43.488,-1.4607,3.08
43.4916,-1.4841,0.14
43.4897,-1.4681,6.14
43.4903,-1.4676,0.48
43.4967,-1.4736,0.03
43.5015,-1.4459,1.87
43.4976,-1.4912,2.85
43.5006,-1.4789,4.43
43.4771,-1.4961,3.02
43.4935,-1.483,0.18
43.4987,-1.4607,1.38
43.4852,-1.4947,1.45
43.4998,-1.4628,1.46
43.5035,-1.4637,3.84
43.4825,-1.4966,1.14
43.4872,-1.4803,17.44
43.508,-1.4649,0.89
43.4882,-1.4687,
43.49,-1.4689,
43.493,-1.4548,2.3
43.5045,-1.4621,7.91
43.505,-1.4459,14.08
43.4805,-1.4823,0.11
43.5116,-1.4886,0.24
43.4613,-1.4921,1.1
43.4994,-1.4358,0.25
43.5144,-1.4616,1.43
43.4884,-1.4759,14.86
43.4909,-1.4849,0.03
43.5082,-1.4377,5.07
43.5051,-1.4464,1.59
43.4953,-1.479,2.6
43.4985,-1.4587,
43.4962,-1.4733,3.31
43.4943,-1.4671,21.86
43.4652,-1.4831,26.2
43.4998,-1.4564,28.45
43.5027,-1.4465,1.19
43.5041,-1.4727,4.91
43.5121,-1.4461,4.87
43.4738,-1.4857,2.76
43.505,-1.4839,0.16
43.481,-1.478,1.55
43.466,-1.4947,1.14
43.4565,-1.4855,
43.4614,-1.492,1.47
43.482,-1.4827,1.82
43.5039,-1.4714,5.44
43.4846,-1.4589,1.86
43.4842,-1.4763,
43.4841,-1.4987,5.37
43.4915,-1.4812,1.35
43.4926,-1.4712,14.21
43.4942,-1.4665,1.17
43.5045,-1.4276,1.93
43.4587,-1.4885,5.49
43.4844,-1.4601,2.41
43.494,-1.4599,0.75
43.4945,-1.4791,10.38
43.4944,-1.4527,2.15
43.4903,-1.4575,1.19
43.4887,-1.4618,0.14
43.4951,-1.464,2.4
43.4915,-1.49,3.18
43.4912,-1.4526,6.2
43.4628,-1.4955,1.45
43.4683,-1.4939,0.89
43.494,-1.4879,1.07
43.4871,-1.4704,29.38
43.5117,-1.4404,0.31
43.4774,-1.4942,1.43
43.4953,-1.4335,1.34
43.4996,-1.4372,0.08
43.4946,-1.4886,
43.4783,-1.493,3.3
43.4764,-1.4844,0.87
43.4984,-1.4905,1.78
43.4776,-1.4738,
43.4939,-1.4934,13.35
43.5131,-1.4355,1.4
43.4787,-1.4553,0.51
43.5017,-1.4552,27.49
43.5094,-1.468,1.74
43.4925,-1.4808,2.91
43.4887,-1.4727,0.46
43.5055,-1.4728,0.25
43.4749,-1.4775,
43.4611,-1.4927,0.8
43.4592,-1.4839,
43.4903,-1.479,8.86
43.506,-1.4726,1.28
43.5027,-1.476,2.42
43.4816,-1.4847,0.96
43.4992,-1.4886,13.93
43.4961,-1.437,3.36
43.4698,-1.4929,1.72
43.4688,-1.4873,1.44
43.5061,-1.4557,0.14
43.493,-1.4615,0.14
43.4854,-1.475,
43.4817,-1.4852,1.64
43.4941,-1.4816,1.02
43.4944,-1.4829,2.23
43.4851,-1.4758,6.41
43.4817,-1.4865,1.29
43.4939,-1.4838,0.72
43.487,-1.4762,2.19
43.4961,-1.4912,1.7
43.4824,-1.4876,4.37
43.5044,-1.4618,28.48
43.4661,-1.4917,0.08
43.4978,-1.4287,0.5
43.4887,-1.4927,1.69
43.4803,-1.4889,1.93
43.4945,-1.4596,0.1
43.4961,-1.4562,0.94
43.4952,-1.4391,1.0
43.492,-1.4711,2.08
43.4974,-1.4815,
43.4883,-1.4797,25.19
43.4921,-1.4616,1.07
43.4682,-1.4914,3.22
43.4905,-1.4959,1.93
43.488,-1.4601,2.01
43.4795,-1.4866,2.72
43.4772,-1.4553,
43.5036,-1.4847,1.58
43.4941,-1.4795,1.94
43.4981,-1.4572,23.09
43.4867,-1.4743,14.96
43.5055,-1.491,
43.4946,-1.4774,11.2
43.4791,-1.476,
43.5108,-1.4861,0.49
43.4924,-1.4602,2.01
43.491,-1.4848,0.21
43.4851,-1.4731,1.18
43.4974,-1.4679,0.22
43.4749,-1.4849,1.34
43.4926,-1.4785,0.06
43.462,-1.4811,
43.4877,-1.4642,2.42
43.4868,-1.4541,1.69
43.4811,-1.4563,0.46
43.4954,-1.4588,
43.4957,-1.472,4.49
43.4973,-1.4829,5.15
43.4963,-1.4397,0.29
43.4945,-1.4688,1.34
43.4961,-1.4602,0.62
43.4915,-1.4821,4.54
43.5061,-1.4713,0.87
43.4763,-1.4811,1.93
43.4943,-1.4881,1.03
43.5027,-1.4499,26.29
43.487,-1.486,2.96
43.4651,-1.4953,2.93
43.4959,-1.4744,
43.4973,-1.4243,0.4
43.491,-1.4738,0.41
43.4916,-1.4648,0.44
43.5091,-1.435,0.81
43.4695,-1.4937,
43.483,-1.4585,
43.4985,-1.4562,0.08
43.4912,-1.4942,1.42
43.4905,-1.4814,1.08
43.4957,-1.4659,2.52
43.4875,-1.4541,2.73
43.5037,-1.4521,0.53
43.4884,-1.4783,0.02
43.5025,-1.4482,11.01
43.4967,-1.4557,0.03
43.4821,-1.5001,1.34
43.4986,-1.4579,1.63
43.5035,-1.4748,0.75
43.4933,-1.4664,2.5
43.5069,-1.4623,0.96
43.4644,-1.4953,2.68
43.513,-1.4628,1.43
43.4863,-1.4762,2.98
43.5003,-1.4461,2.16
43.4955,-1.4697,11.46
43.4983,-1.4549,0.96
43.4922,-1.494,2.11
43.4899,-1.4887,2.32
43.4825,-1.4881,
43.5009,-1.4542,
43.5045,-1.4673,0.01
43.4866,-1.4691,1.24
43.4919,-1.4594,1.91
43.5021,-1.4481,2.45
43.4962,-1.4326,1.29
43.5136,-1.4358,0.1
43.5023,-1.4462,2.17
43.5071,-1.4688,0.47
43.5025,-1.482,0.41
43.4875,-1.4925,0.44
43.4959,-1.4723,2.57
43.4919,-1.4747,26.82
43.4674,-1.492,0.85
43.5005,-1.4364,0.7
43.4851,-1.4901,4.42
43.5147,-1.4611,0.02
43.4964,-1.4746,8.81
43.5055,-1.4614,1.27
43.4984,-1.4678,2.87
43.4972,-1.4774,0.37
43.4785,-1.5008,20.41
43.5017,-1.4566,8.87
43.4764,-1.4734,
43.5135,-1.4356,0.94
43.488,-1.4486,2.01
43.4757,-1.482,0.23
43.4953,-1.4545,1.25
43.4956,-1.4567,2.1
43.4856,-1.4879,1.28
43.483,-1.4661,4.27
43.4809,-1.4998,4.79
43.4957,-1.4379,0.47
43.4997,-1.4553,27.47
43.4841,-1.4458,1.73
43.4925,-1.4544,0.73
43.5006,-1.4915,9.35
43.5032,-1.4515,15.04
43.4938,-1.4606,3.76
43.5031,-1.4531,0.82
43.4812,-1.4938,1.54
43.5074,-1.4872,0.23
43.4761,-1.4892,1.76
43.4859,-1.4777,6.29
43.4892,-1.4569,26.28
43.4972,-1.4274,1.8
43.4938,-1.467,3.12
43.4933,-1.4737,
43.5077,-1.4674,0.55
43.4905,-1.4535,6.27
43.494,-1.4917,1.6
43.4633,-1.496,0.25
43.4869,-1.4668,5.97
43.5016,-1.4596,2.69
43.4938,-1.4619,0.89
43.478,-1.4752,
43.489,-1.4821,17.33
43.4975,-1.4291,1.24
43.4967,-1.4868,1.45
43.4947,-1.4626,1.33
43.4874,-1.4663,0.65
43.5041,-1.4816,1.43
43.4939,-1.4461,0.41
43.499,-1.4347,0.63
43.504,-1.4837,0.16
43.4848,-1.489,15.83
43.4939,-1.4514,3.79
43.4854,-1.4878,0.04
43.4809,-1.4884,3.25
43.4847,-1.4811,0.08
43.4966,-1.4609,0.32
43.484,-1.4468,1.67
43.5024,-1.4556,0.49
43.4882,-1.4672,0.39
43.5039,-1.4225,2.78
43.489,-1.4751,0.37
43.4918,-1.4796,
43.5006,-1.4564,2.5
43.5105,-1.4872,0.4
43.4869,-1.4978,
43.4841,-1.4777,0.1
43.4791,-1.5012,1.72
43.4905,-1.4851,0.34
43.486,-1.4706,22.64
43.4991,-1.4885,14.56
43.4949,-1.4623,0.27
43.4997,-1.4567,23.71
43.4914,-1.4627,0.96
43.4785,-1.4956,1.43
43.4801,-1.471,
43.4978,-1.4677,1.77
43.4881,-1.4608,3.11
43.4973,-1.4821,
43.5021,-1.4534,26.76
43.5041,-1.4498,3.4
43.4783,-1.5046,9.0
43.4837,-1.4992,1.03
43.4789,-1.4738,14.88
43.4961,-1.4372,2.11
43.4891,-1.451,0.86
43.4944,-1.4438,2.44
43.5041,-1.4465,2.11
43.5114,-1.4329,1.02
43.468,-1.4939,0.58
43.4783,-1.4532,2.54
43.4789,-1.4671,2.53
43.4925,-1.4739,12.5
43.502,-1.4677,3.99
43.4628,-1.496,0.81
43.5049,-1.4283,6.67
43.4858,-1.4762,0.44
43.4915,-1.4647,0.08
43.4945,-1.4669,0.27
43.4755,-1.4698,
43.4836,-1.5008,5.68
43.4937,-1.4931,3.01
43.4932,-1.4524,1.91
43.5047,-1.4763,0.13
43.5033,-1.4524,1.56
43.4889,-1.466,0.15
43.4674,-1.4943,0.64
43.5032,-1.426,1.85
43.5039,-1.4712,5.78
43.4851,-1.4592,0.03
43.48,-1.4739,
43.4588,-1.4849,
43.4842,-1.4739,
43.4862,-1.4654,2.82
43.501,-1.4671,2.68
43.4998,-1.4674,
43.4869,-1.4629,1.07
43.4951,-1.4899,0.69
43.5017,-1.439,0.49
43.4925,-1.4734,11.94
43.4843,-1.4484,5.45
43.4748,-1.4899,0.47
43.4961,-1.4863,19.55
43.4963,-1.4865,2.56
43.5019,-1.4447,0.15
43.4671,-1.4878,4.19
43.5024,-1.4515,
43.4852,-1.473,0.52
43.4649,-1.4868,
43.4935,-1.4915,1.58
43.4997,-1.4199,0.02
43.4894,-1.4755,
43.494,-1.4663,2.16
43.4844,-1.475,0.07
43.4845,-1.4788,1.96
43.4982,-1.4195,0.38
43.4698,-1.4927,1.79
43.4777,-1.4942,1.58
43.4944,-1.4794,19.73
43.4813,-1.4957,1.46
43.4811,-1.4569,20.0
43.4993,-1.447,1.9
43.5099,-1.4338,
43.4887,-1.4778,
43.506,-1.4559,0.14
43.508,-1.488,4.44
43.4947,-1.4602,
43.5035,-1.4659,0.94
43.4899,-1.4546,1.0
43.5045,-1.4648,0.33
43.4884,-1.4772,6.97
43.4879,-1.4755,2.68
43.4972,-1.489,0.41
43.5036,-1.4504,0.45
43.4778,-1.4997,0.81
43.482,-1.486,3.82
43.4948,-1.4677,1.6
43.5097,-1.4665,1.93
43.502,-1.4661,
43.4901,-1.4917,0.32
43.4984,-1.4675,0.66
43.4773,-1.4745,
43.4905,-1.4851,0.53
43.4827,-1.4785,0.62
43.4918,-1.4848,5.3
43.4854,-1.4598,0.2
43.491,-1.4696,1.24
43.4907,-1.4539,14.15
43.4596,-1.4891,5.72
43.474,-1.4902,17.43
43.487,-1.4864,2.09
43.4986,-1.4674,1.93
43.4703,-1.4838,
43.4959,-1.4897,0.36
43.5057,-1.4593,0.36
43.4957,-1.4578,0.65
43.485,-1.4717,
43.5081,-1.4378,5.03
43.4804,-1.4517,1.55
43.5004,-1.4922,2.52
43.5045,-1.4612,1.37
43.4909,-1.4541,3.46
43.4952,-1.4788,0.63
43.4886,-1.496,
43.4984,-1.4365,1.44
43.4857,-1.4706,
43.4965,-1.4362,1.64
43.4857,-1.4701,
43.4867,-1.4787,10.4
43.5057,-1.4836,0.78
43.4973,-1.4679,2.36
43.4763,-1.4831,3.49
43.4769,-1.4964,1.95
43.4947,-1.4672,0.48
43.4885,-1.4765,12.45
43.4771,-1.4536,0.78
43.4926,-1.4735,2.09
43.4787,-1.4732,14.69
43.485,-1.4758,9.39
43.4918,-1.4605,1.06
43.4843,-1.4714,
43.4812,-1.4576,
43.4998,-1.4585,1.84
43.4843,-1.5001,2.25
43.4809,-1.4808,12.0
43.4934,-1.4615,1.32
43.5043,-1.4274,1.5
43.4972,-1.4451,1.45
43.4904,-1.478,0.5
43.5069,-1.4876,1.23
43.4672,-1.4924,2.7
43.5056,-1.4614,1.34
43.4996,-1.4543,1.23
43.4956,-1.4734,
43.4846,-1.4799,19.61
43.4629,-1.4958,1.93
43.4768,-1.4826,14.34
43.5005,-1.4791,0.58
43.4865,-1.4665,6.59
43.4901,-1.479,8.95
43.4883,-1.4776,0.82
43.505,-1.4633,2.74
43.4993,-1.4645,27.53
43.4978,-1.4861,0.49
43.498,-1.4188,0.45
43.4967,-1.4875,2.37
43.492,-1.4784,2.57
43.493,-1.4527,4.53
43.4998,-1.4669,0.86
43.4889,-1.4763,
43.4925,-1.473,0.19
43.4946,-1.4713,5.97
43.4799,-1.4773,3.13
43.478,-1.4988,1.78
43.4788,-1.4997,
43.5047,-1.468,7.46
43.5006,-1.4887,
43.4954,-1.4782,22.85
43.5047,-1.4763,2.82
43.4711,-1.492,25.09
43.466,-1.4918,1.47
43.486,-1.4751,1.53
43.5108,-1.4656,2.0
43.5073,-1.4803,0.0
43.4977,-1.432,0.31
43.4823,-1.4844,0.51
43.4881,-1.4795,
43.4868,-1.4633,1.61
43.4919,-1.4747,28.8
43.5065,-1.4745,1.5
43.4999,-1.4384,1.66
43.4899,-1.4681,1.18
43.5068,-1.4608,0.62
43.4941,-1.4669,26.94
43.4798,-1.4652,0.54
43.494,-1.4793,1.07
43.5,-1.4535,1.01
43.4836,-1.4543,5.93
43.4991,-1.4504,1.85
43.4905,-1.4911,2.74
43.4813,-1.4688,0.79
43.4979,-1.4519,0.32
43.4933,-1.4652,0.41
43.4808,-1.4678,1.06
43.4895,-1.4817,1.72
43.4879,-1.4794,
43.472,-1.4869,0.39
43.4892,-1.4676,0.34
43.4902,-1.469,
43.4993,-1.4591,1.05
43.4952,-1.4685,
43.4876,-1.4688,
43.4825,-1.4834,1.35
43.4931,-1.4775,0.45
43.49,-1.4917,0.38
43.4693,-1.4875,0.11
43.4968,-1.451,0.3
43.4923,-1.4809,2.52
43.493,-1.4751,1.86
43.4846,-1.4792,11.64
43.5036,-1.4683,1.81
43.5035,-1.4687,0.35
43.5027,-1.4481,17.75
43.4826,-1.474,22.28
43.4978,-1.4862,0.61
43.4823,-1.4656,2.08
43.5029,-1.4502,2.03
43.499,-1.4567,0.28
43.4848,-1.4913,21.77
43.4639,-1.4974,1.8
43.4887,-1.4783,10.15
43.4957,-1.4325,0.43
43.485,-1.4711,
43.4999,-1.4877,
43.4995,-1.4346,1.51
43.4813,-1.4798,0.97
43.4843,-1.4628,2.81
43.4862,-1.4896,1.17
43.4961,-1.4684,
43.4835,-1.4883,
43.4998,-1.4875,
43.4832,-1.4767,2.18
43.4927,-1.4891,0.34
43.4911,-1.4689,13.48
43.4948,-1.479,0.36
43.4947,-1.4762,
43.4856,-1.4661,5.36
43.484,-1.4474,0.64
43.4812,-1.4544,1.0
43.4887,-1.4646,
43.4937,-1.4849,0.24
43.4963,-1.451,1.95
43.5038,-1.4848,1.24
43.5034,-1.4688,1.4
43.4948,-1.481,26.56
43.4862,-1.4613,0.27
43.4936,-1.4606,1.05
43.5077,-1.4825,0.89
43.491,-1.46,1.52
43.4842,-1.4724,
43.4863,-1.4667,1.49
43.4976,-1.4599,14.45
43.485,-1.4661,0.45
43.5067,-1.4302,0.7
43.4936,-1.4777,0.76
43.4921,-1.4522,
43.4951,-1.4697,1.82
43.4976,-1.4307,3.65
43.5066,-1.4716,0.57
43.4937,-1.4848,0.99
43.496,-1.4864,18.59
43.4782,-1.4516,0.47
43.5106,-1.4308,2.32
43.4923,-1.4947,1.69
43.4917,-1.4837,0.65
43.4912,-1.4508,1.53
43.4806,-1.4824,0.4
43.4987,-1.4377,0.53
43.4916,-1.4787,17.52
43.5001,-1.438,0.2
43.4953,-1.4785,0.72
43.4988,-1.4818,1.22
43.4846,-1.4662,0.09
43.4606,-1.4894,0.94
43.4896,-1.4675,0.69
43.5058,-1.4613,0.2
43.4902,-1.4822,7.17
43.4997,-1.4373,0.36
43.4955,-1.4647,0.78
43.5059,-1.4707,0.65
43.4851,-1.4722,0.46
43.4812,-1.4591,2.49
43.5017,-1.4895,
43.5029,-1.4668,
43.4717,-1.491,2.23
43.51,-1.433,25.66
43.5134,-1.4675,1.11
43.495,-1.4771,
43.4963,-1.451,2.63
43.4682,-1.4848,
43.5041,-1.4218,0.98
43.4909,-1.4761,
43.4843,-1.4571,6.53
43.5019,-1.4661,
43.4953,-1.489,
43.4963,-1.47,1.76
43.5098,-1.4474,
43.4873,-1.4813,0.17
43.4864,-1.4883,2.56
43.4752,-1.4841,1.38
43.4935,-1.4551,1.36
43.4986,-1.4548,1.19
43.4787,-1.4741,
43.485,-1.4947,3.37
43.4733,-1.4898,2.16
43.4912,-1.4737,0.66
43.5021,-1.479,0.02
43.4799,-1.4982,1.63
43.4856,-1.4826,8.53
43.4778,-1.4894,0.44
43.4806,-1.4985,3.02
43.4736,-1.4857,2.04
43.4979,-1.4794,1.98
43.5012,-1.45,0.38
43.4828,-1.4956,0.59
43.5105,-1.4298,1.71
43.4937,-1.49,0.29
43.5135,-1.4363,0.03
43.504,-1.4839,4.97
43.4862,-1.4656,2.64
43.492,-1.47,17.02
43.4794,-1.4936,0.87
43.4876,-1.4757,9.28
43.511,-1.4716,1.24
43.4888,-1.4739,
43.4812,-1.465,0.72
43.4856,-1.4714,11.65
43.4908,-1.4955,0.8
43.4797,-1.4783,2.32
43.4902,-1.4829,2.11
43.4878,-1.4529,1.73
43.4946,-1.4918,13.83
43.4814,-1.4707,
43.4899,-1.4793,6.58
43.5086,-1.452,
43.4876,-1.4814,1.13
43.4786,-1.4843,1.37
43.487,-1.4669,1.83
43.487,-1.4829,2.96
43.4849,-1.4913,5.12
43.4835,-1.4907,1.63
43.4956,-1.4464,0.84
43.4797,-1.4847,
43.4905,-1.4748,0.19
43.475,-1.4531,0.19
43.4899,-1.4732,
43.461,-1.4929,0.53
43.4933,-1.4642,1.2
43.4854,-1.4825,3.34
43.509,-1.4676,11.51
43.4881,-1.4585,2.39
43.5053,-1.461,1.75
43.4951,-1.4879,0.49
43.4908,-1.46,5.67
43.4905,-1.4574,0.02
43.493,-1.4639,3.07
43.4914,-1.4619,0.89
43.4961,-1.4612,0.67
43.5037,-1.4701,0.28
43.4898,-1.4597,0.46
43.5076,-1.4759,1.45
43.51,-1.469,0.99
43.4952,-1.4657,1.77
43.4924,-1.4753,
43.489,-1.48,0.74
43.4893,-1.468,7.64
43.4903,-1.4609,0.96
43.5083,-1.434,12.25
43.491,-1.4882,6.34
43.4975,-1.4597,
43.4885,-1.4588,2.09
43.5041,-1.4722,5.22
43.4884,-1.4824,19.61
43.5043,-1.4356,1.53
43.5018,-1.4475,28.4
43.4957,-1.4876,10.71
43.4903,-1.4685,
43.5062,-1.4448,1.31
43.4996,-1.4644,1.6
43.4827,-1.456,0.84
43.4871,-1.4629,0.1
43.5036,-1.4506,0.17
43.4973,-1.4684,
43.4999,-1.4904,0.67
43.4849,-1.4782,15.1
43.484,-1.4852,1.48
43.4909,-1.4759,
43.5014,-1.4494,2.97
43.4998,-1.4628,1.0
43.4585,-1.486,
43.4842,-1.4473,0.21
43.504,-1.4487,1.04
43.4963,-1.4742,8.2
43.4841,-1.4706,1.43
43.4954,-1.4675,
43.5107,-1.4884,0.57
43.506,-1.4708,1.43
43.5082,-1.4703,0.58
43.4984,-1.4803,2.47
43.4759,-1.4777,
43.5017,-1.4674,0.12
43.4908,-1.4888,0.01
43.487,-1.4808,11.12
43.4889,-1.4743,
43.5019,-1.4532,2.33
43.4985,-1.4814,
43.503,-1.4827,0.26
43.4942,-1.4769,0.09
43.4963,-1.4715,4.76
43.4802,-1.4526,0.97
43.4897,-1.4592,2.17
43.5017,-1.4585,5.55
43.4765,-1.4809,0.71
43.4968,-1.4871,1.04
43.49,-1.4776,22.68
43.4961,-1.4367,1.04
43.4866,-1.4756,
43.4874,-1.4596,1.92
43.484,-1.4468,4.35
43.4961,-1.4896,0.22
43.4885,-1.4673,0.0
43.5036,-1.4684,2.01
43.4995,-1.4809,1.41
43.4987,-1.4819,4.88
43.4954,-1.4532,
43.5066,-1.4303,0.98
43.4805,-1.479,0.5
43.461,-1.4928,0.67
43.4968,-1.4505,5.41
43.4853,-1.4943,1.49
43.5019,-1.4474,20.33
43.5014,-1.4835,
43.4916,-1.4551,24.07
43.5058,-1.4665,1.02
43.5112,-1.4404,0.72
43.4938,-1.4803,0.34
43.5021,-1.4543,
43.4929,-1.4517,10.77
43.4915,-1.4729,11.1
43.491,-1.4691,
43.4939,-1.491,12.01
43.5079,-1.4321,1.53
43.4964,-1.4866,2.41
43.5046,-1.4827,1.8
43.4735,-1.4899,0.47
43.4842,-1.4989,0.68
43.5013,-1.4581,
43.4947,-1.4671,0.88
43.4936,-1.4657,1.72
43.4881,-1.4914,3.3
43.5131,-1.4338,1.11
43.5,-1.4669,8.69
43.4764,-1.4767,
43.4881,-1.4487,1.06
43.5037,-1.4746,5.12
43.4792,-1.5002,1.24
43.48,-1.482,1.72
43.4918,-1.4917,2.53
43.4946,-1.4633,1.0
43.4815,-1.4546,1.28
43.4981,-1.4676,0.89
43.502,-1.4525,24.97
43.5031,-1.4496,0.57
43.4911,-1.4804,21.43
43.5072,-1.445,1.32
43.4864,-1.4644,0.8
43.4831,-1.4988,0.36
43.4965,-1.4743,2.79
43.4794,-1.4501,0.4
43.4874,-1.4946,0.41
43.4871,-1.4692,2.28
43.4913,-1.4444,0.22
43.4807,-1.4769,0.17
43.4664,-1.4913,0.64
43.4704,-1.4882,4.86
43.4845,-1.479,1.03
43.4916,-1.4729,1.11
43.484,-1.4637,1.58
43.4903,-1.4725,1.85
43.4933,-1.4523,0.35
43.4902,-1.4801,
43.4901,-1.4778,1.11
43.4842,-1.4467,7.48
43.4936,-1.4553,1.6
43.5122,-1.4857,0.25
43.4886,-1.455,0.22
43.4797,-1.4922,3.61
43.5145,-1.467,0.66
43.5082,-1.4329,1.41
43.5007,-1.4544,
43.4981,-1.4486,1.91
43.4815,-1.4839,0.93
43.4685,-1.4959,1.29
43.4921,-1.4528,
43.4839,-1.476,
43.4878,-1.4965,
43.4912,-1.4598,2.67
43.4743,-1.4832,1.76
43.5066,-1.4593,0.09
43.511,-1.442,4.1
43.4872,-1.4908,0.07
43.4813,-1.4963,3.49
43.4943,-1.4642,0.15
43.5031,-1.4509,14.45
43.4668,-1.4918,0.58
43.4973,-1.4581,29.21
43.4948,-1.4524,6.68
43.4875,-1.48,
43.4894,-1.4583,1.33
43.4947,-1.4634,0.66
43.5079,-1.4639,0.77
43.485,-1.478,1.08
43.4835,-1.4744,0.68
43.4856,-1.4846,1.43
43.4933,-1.4865,0.46
43.4597,-1.4828,
43.4928,-1.4667,2.32
43.4944,-1.487,0.31
43.4931,-1.4567,0.5
43.4893,-1.4787,17.97
43.476,-1.4747,
43.4866,-1.4565,0.75
43.484,-1.4962,0.18
43.5029,-1.4634,0.38
43.4785,-1.4915,2.2
43.5044,-1.4667,2.28
43.5089,-1.4815,1.49
43.4863,-1.4644,3.16
43.5044,-1.4471,1.15
43.4966,-1.4876,20.38
43.5012,-1.4518,
43.5006,-1.468,0.59
43.4684,-1.491,3.32
43.4846,-1.4813,0.63
43.4842,-1.4851,0.38
43.4917,-1.4835,3.11
43.4864,-1.4892,8.48
43.5001,-1.4504,2.57
43.4938,-1.4763,0.72
43.4901,-1.4724,21.51
43.4925,-1.4438,1.12
43.4814,-1.5013,0.26
43.4902,-1.4604,0.6
43.481,-1.4645,2.2
43.5012,-1.4578,
43.4864,-1.4904,2.79
43.4894,-1.4889,0.18
43.5128,-1.4691,10.04
43.4863,-1.4865,1.91
43.4985,-1.4549,2.47
43.4634,-1.4815,
43.4673,-1.4913,0.6
43.5079,-1.4353,2.87
43.4915,-1.4791,
43.4957,-1.465,1.03
43.4914,-1.4738,1.04
43.5089,-1.4657,0.46
43.5013,-1.4791,6.48
43.5026,-1.4687,0.26
43.4817,-1.4836,1.1
43.4897,-1.4567,4.8
43.507,-1.4596,1.84
43.4963,-1.4436,1.63
43.493,-1.4841,0.45
43.4977,-1.4937,3.8
43.5081,-1.4353,3.51
43.4945,-1.4385,0.17
43.5036,-1.4521,2.4
43.468,-1.4941,1.38
43.4956,-1.4523,0.21
43.4735,-1.4833,0.21
43.4811,-1.4995,3.91
43.5001,-1.488,
43.5136,-1.436,1.25
43.5093,-1.4645,0.19
43.4901,-1.462,0.03
43.507,-1.4672,0.25
43.4785,-1.4552,1.79
43.4854,-1.471,
43.4836,-1.454,5.49
43.4977,-1.4831,28.39
43.4976,-1.4789,1.05
43.4815,-1.4544,1.91
43.496,-1.4424,0.61
43.4798,-1.4986,22.78
43.5034,-1.4212,1.72
43.4931,-1.4889,1.19
43.4979,-1.4864,0.28
43.4956,-1.4517,2.09
43.4838,-1.4825,2.62
43.4973,-1.4811,
43.4936,-1.4667,2.12
43.4926,-1.4765,4.64
43.5049,-1.4664,0.57
43.4885,-1.4818,0.8
43.4771,-1.4917,0.76
43.4882,-1.4701,
43.4975,-1.4679,2.35
43.4929,-1.4509,0.23
43.4796,-1.4772,0.52
43.4824,-1.4657,1.26
43.4937,-1.4861,1.84
43.481,-1.4664,0.35
43.4655,-1.4924,0.45
43.4957,-1.4637,1.78
43.5,-1.4654,5.32
43.4961,-1.4516,0.18
43.4971,-1.4771,5.67
43.4981,-1.457,
43.5068,-1.4689,0.7
43.4761,-1.4511,2.44
43.5018,-1.4205,1.04
43.5023,-1.4621,0.22
43.5114,-1.4645,
43.4782,-1.4851,
43.4953,-1.47,1.68
43.4634,-1.496,1.8
43.4844,-1.485,0.53
43.5029,-1.4755,2.15
43.4826,-1.472,
43.4916,-1.4669,
43.4842,-1.4798,2.81
43.4855,-1.4732,3.09
43.4833,-1.451,2.82
43.4968,-1.4888,8.99
43.5023,-1.4514,
43.4973,-1.4498,1.58
43.4981,-1.4183,0.32
43.4999,-1.4794,2.05
43.5005,-1.446,2.93
43.4909,-1.4718,0.08
43.4621,-1.4811,
43.505,-1.4461,0.62
43.4845,-1.4903,2.56
43.4983,-1.4483,2.22
43.4851,-1.4858,1.3
43.4793,-1.4737,7.84
43.4995,-1.4468,1.78
43.4934,-1.4516,0.48
43.488,-1.4688,
43.4995,-1.4552,
43.4843,-1.448,5.02
43.4814,-1.4931,0.78
43.492,-1.4699,17.35
43.4959,-1.4419,0.77
43.4916,-1.457,1.6
43.4968,-1.478,
43.497,-1.479,
43.4977,-1.4626,0.12
43.4884,-1.464,
43.4665,-1.4965,2.22
43.4747,-1.4832,0.48
43.4848,-1.4891,22.59
43.4944,-1.4807,1.74
43.5106,-1.4402,0.05
43.5064,-1.4838,1.82
43.5105,-1.464,1.8
43.4884,-1.4589,1.39
43.4922,-1.487,3.03
43.484,-1.4761,
43.494,-1.4629,0.72
43.493,-1.4884,2.55
43.4825,-1.483,0.14
43.4929,-1.46,2.67
43.5097,-1.4664,1.38
43.4833,-1.4825,3.29
43.4951,-1.4773,
43.5117,-1.4685,2.95
43.5068,-1.4712,1.07
43.4952,-1.4388,1.87
43.4947,-1.4418,3.47
43.4804,-1.5035,0.95
43.4832,-1.4681,0.78
43.4808,-1.4605,3.83
43.4991,-1.489,0.8
43.4888,-1.4774,
43.4986,-1.461,0.23
43.4918,-1.4632,1.53
43.4858,-1.4916,10.58
43.4967,-1.4561,5.24
43.4859,-1.4704,
43.4836,-1.4895,17.9
43.4689,-1.4935,1.12
43.4976,-1.4606,1.08
43.5084,-1.466,1.55
43.4589,-1.4845,
43.5068,-1.4301,0.56
43.4941,-1.4663,10.1
43.5033,-1.4525,1.55
43.4868,-1.4668,0.94
43.5018,-1.4606,3.61
43.4939,-1.4797,12.33
43.5005,-1.4913,9.74
43.5083,-1.4351,0.59
43.4815,-1.4654,3.29
43.4983,-1.4564,15.66
43.4944,-1.4696,1.26
43.4768,-1.4531,0.43
43.5017,-1.458,6.43
43.4917,-1.4829,2.44
43.4768,-1.4532,0.37
43.4929,-1.4511,1.04
43.4892,-1.4558,1.99
43.5124,-1.469,1.68
43.4925,-1.4726,1.16
43.4844,-1.4803,0.27
43.4782,-1.4932,6.84
43.4964,-1.4335,0.27
43.5014,-1.4486,18.58
43.4883,-1.4752,0.28
43.481,-1.4979,2.79
43.5005,-1.4537,
43.5109,-1.47,0.23
43.4923,-1.4746,7.73
43.4982,-1.4405,
43.4952,-1.4782,8.43
43.4785,-1.4927,0.2
43.511,-1.485,0.58
43.5,-1.4532,0.88
43.4848,-1.4479,8.56
43.4953,-1.4689,
43.4841,-1.4826,2.68
43.4775,-1.472,
43.5017,-1.4547,25.1
43.5096,-1.4437,0.5
43.5042,-1.4361,1.36
43.495,-1.4628,1.84
43.4774,-1.4917,1.67
43.4805,-1.4953,0.69
43.5082,-1.4916,
43.5083,-1.4812,1.53
43.4836,-1.488,
43.4885,-1.4784,0.31
43.4871,-1.4624,1.9
43.5037,-1.4466,1.77
43.4684,-1.4938,0.94
43.4896,-1.4714,25.63
43.4856,-1.4751,
43.5027,-1.4665,
43.4985,-1.4558,0.03
43.4873,-1.4695,24.64
43.4837,-1.5003,5.63
43.4829,-1.4768,6.4
43.46,-1.496,0.61
43.4961,-1.4377,0.85
43.4853,-1.4727,13.79
43.4888,-1.4835,0.99
43.4853,-1.494,1.35
43.5037,-1.4637,0.85
43.4874,-1.4744,1.83
43.5003,-1.484,
43.4804,-1.4953,1.52
43.4944,-1.4761,
43.4867,-1.4875,1.62
43.4886,-1.4941,0.5
43.4921,-1.4534,0.03
43.476,-1.4892,1.75
43.4788,-1.4727,
43.4938,-1.4572,1.3
43.492,-1.4797,
43.4864,-1.4945,0.31
43.484,-1.4864,27.77
43.4991,-1.4367,0.37
43.4936,-1.4548,0.81
43.4876,-1.4971,
43.4613,-1.4922,0.67
43.4739,-1.4902,16.63
43.4828,-1.4905,7.69
43.4883,-1.4536,1.05
43.4958,-1.452,0.95
43.5075,-1.4871,1.13
43.5111,-1.4628,1.17
43.46,-1.4958,3.84
43.5024,-1.4558,0.49
43.4957,-1.47,3.32
43.4843,-1.4741,
43.4921,-1.4706,1.42
43.4915,-1.4727,0.09
43.4937,-1.4798,0.06
43.4897,-1.4564,0.58
43.4939,-1.46,0.76
43.4839,-1.4518,1.58
43.4926,-1.478,0.55
43.4897,-1.4761,
43.4676,-1.4941,1.25
43.4899,-1.4916,0.02
43.4815,-1.4832,0.53
43.4832,-1.4989,1.27
43.4985,-1.4479,2.21
43.496,-1.4749,
43.4838,-1.4453,1.14
43.5078,-1.4639,0.89
43.4753,-1.4902,2.89
43.4769,-1.4863,0.07
43.4982,-1.4906,2.08
43.4844,-1.4862,
43.4926,-1.4872,2.29
43.4983,-1.4562,17.43
43.4641,-1.4954,2.99
43.4836,-1.4891,13.27
43.4989,-1.4818,0.77
43.4962,-1.4748,
43.4917,-1.4958,3.92
43.4876,-1.4629,
43.5023,-1.4207,1.43
43.5057,-1.4637,1.9
43.4891,-1.4773,
43.4806,-1.4858,0.31
43.4876,-1.4836,2.68
43.4942,-1.4835,5.87
43.4817,-1.4999,1.57
43.4984,-1.4581,0.69
43.4991,-1.4567,0.51
43.4862,-1.466,2.82
43.5069,-1.4859,3.09
43.4879,-1.4566,1.62
43.4857,-1.466,1.65
43.5021,-1.4497,1.56
43.5122,-1.4461,2.05
43.4877,-1.4533,1.55
43.4913,-1.4927,2.31
43.4511,-1.4933,0.19
43.4789,-1.4731,26.44
43.4798,-1.4983,6.34
43.4813,-1.4798,1.33
43.4864,-1.4886,2.7
43.5025,-1.4764,2.36
43.5035,-1.4652,1.15
43.4966,-1.4851,0.28
43.5024,-1.4529,24.76
43.5122,-1.4689,0.88
43.5136,-1.4359,0.49
43.495,-1.4846,0.07
43.4879,-1.4553,1.47
43.4763,-1.4968,0.58
43.4879,-1.4529,0.24
43.4926,-1.4943,0.75
43.5036,-1.4686,2.25
43.4843,-1.4663,3.37
43.5051,-1.4857,0.68
43.4888,-1.4819,21.24
43.4883,-1.4792,19.01
43.4771,-1.4822,0.79
43.4834,-1.4456,0.49
43.4931,-1.4721,25.71
43.5113,-1.4637,0.35
43.4978,-1.4382,2.1
43.4874,-1.4559,0.23
43.4813,-1.4611,0.72
43.5003,-1.4382,2.18
43.4905,-1.4869,2.03
43.4825,-1.4672,0.1
43.4967,-1.4336,3.33
43.4517,-1.4933,3.46
43.4903,-1.4748,1.37
43.4899,-1.4628,29.27
43.4936,-1.4686,1.94
43.461,-1.494,2.34
43.5039,-1.4477,0.02
43.5038,-1.4472,1.6
43.5126,-1.4383,0.22
43.5014,-1.4782,1.52
43.4911,-1.4789,12.33
43.5,-1.4524,0.84
43.4694,-1.493,0.79
43.4843,-1.4724,
43.4915,-1.4702,1.85
43.4958,-1.4699,1.83
43.4931,-1.4492,2.68
43.4981,-1.4463,1.14
43.4797,-1.5006,0.05
43.5077,-1.4812,0.75
43.4958,-1.4657,2.21
43.5,-1.4552,0.71
43.4817,-1.4873,1.64
43.4894,-1.4718,10.53
43.4956,-1.4735,
43.5022,-1.4546,15.25
43.498,-1.4525,3.69
43.4996,-1.4573,28.07
43.4922,-1.4652,0.52
43.4838,-1.4522,0.06
43.5093,-1.4439,0.49
43.4929,-1.4643,0.78
43.4966,-1.4882,11.04
43.5005,-1.4836,17.72
43.4833,-1.4833,1.91
43.494,-1.4795,3.73
43.4634,-1.4955,3.98
43.5132,-1.4826,0.86
43.4635,-1.496,2.11
43.5116,-1.4406,0.28
43.4943,-1.4671,21.84
43.4917,-1.4734,0.39
43.484,-1.4723,
43.511,-1.4418,1.05
43.4786,-1.4553,0.93
43.4845,-1.4834,1.03
43.4985,-1.4382,1.53
43.4967,-1.4866,2.35
43.4778,-1.4942,1.69
43.4975,-1.4634,4.31
43.5038,-1.4216,1.29
43.4967,-1.4581,1.49
43.4977,-1.4492,1.98
43.4798,-1.4982,2.54
43.4864,-1.4756,29.71
43.5074,-1.4805,1.08
43.4846,-1.4611,0.25
43.4911,-1.4542,1.14
43.4863,-1.4857,2.04
43.4981,-1.4798,1.49
43.4921,-1.4773,18.23
43.4868,-1.4568,6.96
43.4946,-1.4696,3.61
43.4812,-1.4578,29.83
43.5035,-1.4493,1.3
43.4639,-1.4956,2.14
43.4925,-1.4748,6.87
43.5073,-1.4663,1.73
43.4859,-1.4918,4.81
43.4832,-1.4491,1.56
43.4891,-1.479,0.54
43.5098,-1.4681,0.64
43.4927,-1.4711,27.39
43.5017,-1.4583,4.91
43.4691,-1.4942,
43.4954,-1.4672,
43.4838,-1.5001,0.24
43.4917,-1.4738,11.25
43.4819,-1.4876,3.92
43.4952,-1.4572,1.12
43.494,-1.4523,2.31
43.5099,-1.4437,1.32
43.4682,-1.4874,0.1
43.5078,-1.4829,0.28
43.4915,-1.4777,9.64
43.5102,-1.4683,2.8
43.4882,-1.4815,0.24
43.4792,-1.4986,7.83
43.481,-1.478,1.17
43.5002,-1.4538,0.41
43.506,-1.4561,0.4
43.5048,-1.4643,0.13
43.4975,-1.4598,21.96
43.5108,-1.4685,5.39
43.4904,-1.4777,4.92
43.4974,-1.4602,1.73
43.5005,-1.452,
43.5115,-1.4336,3.53
43.4951,-1.4658,1.71
43.5045,-1.4328,1.59
43.5072,-1.476,0.26
43.4961,-1.4358,0.02
43.4979,-1.4564,
43.4848,-1.4662,0.17
43.4848,-1.4811,15.65
43.4887,-1.4546,0.39
43.4903,-1.4715,1.07
43.4901,-1.4768,
43.5034,-1.4376,1.21
43.4796,-1.4745,2.44
43.4879,-1.4489,1.57
43.4873,-1.4812,0.49
43.4824,-1.4718,
43.4949,-1.4895,1.1
43.4797,-1.4998,11.02
43.4973,-1.4564,2.07
43.4921,-1.4519,
43.4931,-1.479,8.43
43.4756,-1.4717,
43.4884,-1.4654,4.42
43.4984,-1.4571,0.08
43.5005,-1.4383,2.07
43.4977,-1.4678,1.13
43.5078,-1.483,0.28
43.4936,-1.4746,
43.4785,-1.5046,6.92
43.4986,-1.4891,3.0
43.4907,-1.4772,
43.5058,-1.4576,0.84
43.4872,-1.4968,
43.4939,-1.4568,1.16
43.4947,-1.4635,0.4
43.4846,-1.4899,0.43
43.4933,-1.4608,3.21
43.4923,-1.4567,1.09
43.5018,-1.4578,0.41
43.5024,-1.4545,1.4
43.4833,-1.4537,1.04
43.4963,-1.4648,1.51
43.4949,-1.4538,0.82
43.5021,-1.4536,
43.5081,-1.4608,0.19
43.5023,-1.4463,0.51
43.4775,-1.4871,0.03
43.484,-1.489,8.99
43.4926,-1.4709,27.53
43.4879,-1.4741,5.62
43.4935,-1.4862,0.99
43.4946,-1.4654,0.51
43.4841,-1.4457,1.49
43.4901,-1.4601,0.59
43.4879,-1.4608,0.43
43.4908,-1.4724,0.1
43.4973,-1.4881,1.51
43.4987,-1.4809,1.94
43.4959,-1.4712,0.84
43.4937,-1.4755,
43.4786,-1.4722,
43.5005,-1.479,0.33
43.482,-1.4773,4.0
43.4995,-1.4871,
43.5025,-1.4763,2.33
43.4844,-1.4975,0.89
43.4915,-1.478,0.45
43.4985,-1.4196,0.96
43.4855,-1.4736,17.46
43.4987,-1.4595,1.26
43.5027,-1.4503,25.61
43.4966,-1.4695,0.76
43.495,-1.4424,3.03
43.482,-1.4981,1.17
43.481,-1.4952,1.57
43.4802,-1.4821,1.03
43.4862,-1.4767,1.2
43.4968,-1.489,4.69
43.514,-1.4672,1.42
43.4896,-1.4512,0.06
43.4886,-1.4783,9.38
43.4979,-1.4523,0.13
43.4967,-1.4737,0.54
43.4927,-1.4952,1.08
43.4906,-1.4806,5.59
43.4857,-1.492,7.81
43.4836,-1.4545,6.19
43.4829,-1.4958,2.51
43.4895,-1.4794,9.81
43.4809,-1.4995,2.35
43.4855,-1.4779,11.68
43.5018,-1.4463,0.25
43.4902,-1.4528,0.57
43.4828,-1.4741,22.41
43.5078,-1.4816,1.0
43.4958,-1.4636,1.7
43.5021,-1.4614,0.66
43.4939,-1.4684,5.42
43.4883,-1.4509,0.87
43.5049,-1.4282,5.73
43.4914,-1.4808,
43.4958,-1.4658,1.02
43.502,-1.4791,11.43
43.4805,-1.4518,1.52
43.4952,-1.4877,0.05
43.4914,-1.4646,1.23
43.4912,-1.4529,6.12
43.5124,-1.4691,1.82
43.4808,-1.4469,1.7
43.4919,-1.4653,0.85
43.4839,-1.4751,
43.4882,-1.4886,0.52
43.4888,-1.4921,1.27
43.4936,-1.4647,0.94
43.4959,-1.4861,0.45
43.4687,-1.4951,17.67
43.4958,-1.4362,0.89
43.5076,-1.4628,1.1
43.4947,-1.4577,0.42
43.4845,-1.4792,1.5
43.4702,-1.4893,1.53
43.4936,-1.4597,0.86
43.4912,-1.4691,14.84
43.4773,-1.4835,
43.4885,-1.4788,1.22
43.4826,-1.4846,2.69
43.4974,-1.4851,0.56
43.4953,-1.4808,0.05
43.4872,-1.4498,0.88
43.4978,-1.4284,0.34
43.4884,-1.4687,
43.4679,-1.4917,3.26
43.486,-1.461,0.05
43.4851,-1.4748,
43.4989,-1.4811,0.48
43.4901,-1.4452,1.48
43.4862,-1.4669,0.23
43.4804,-1.5017,4.23
43.4877,-1.482,6.3
43.4923,-1.4942,2.61
43.5025,-1.4553,0.06
43.4951,-1.4527,0.2
43.4943,-1.4442,1.59
43.5038,-1.4429,1.54
43.4806,-1.4688,3.25
43.4863,-1.4891,3.31
43.491,-1.4737,0.13
43.5057,-1.4872,2.54
43.4884,-1.4614,0.48
43.481,-1.4805,2.09
43.4801,-1.4675,2.72
43.4951,-1.464,0.39
43.4809,-1.4632,1.74
43.4947,-1.4422,2.82
43.5009,-1.4918,15.29
43.5037,-1.4701,4.26
43.4874,-1.4625,19.33
43.4835,-1.4905,14.62
43.5027,-1.4762,3.34
43.4944,-1.4717,1.48
43.4936,-1.4843,0.47
43.505,-1.4696,2.03
43.4892,-1.4638,
43.4863,-1.477,0.83
43.5026,-1.4534,15.25
43.493,-1.4599,1.95
43.5024,-1.4391,1.46
43.4841,-1.4507,0.5
43.4901,-1.458,0.9
43.4853,-1.4992,1.66
43.4939,-1.4723,0.07
43.505,-1.4629,0.88
43.4903,-1.4953,2.56
43.4879,-1.4585,2.98
43.5032,-1.468,0.78
43.4836,-1.4717,
43.4882,-1.4791,
43.4762,-1.4517,0.29
43.4823,-1.4674,8.73
43.4736,-1.4818,
43.5024,-1.4528,18.58
43.5023,-1.479,2.26
43.501,-1.4816,1.89
43.5042,-1.4363,1.38
43.4946,-1.4857,1.4
43.4874,-1.4664,0.21
43.4962,-1.4715,3.87
43.4976,-1.4354,0.01
43.513,-1.4339,0.71
43.4993,-1.4931,2.63
43.4845,-1.4826,0.97
43.4961,-1.4371,2.28
43.5106,-1.4872,0.98
43.4952,-1.4626,2.39
43.5046,-1.4621,0.32
43.4963,-1.4856,2.09
43.4804,-1.5005,2.48
43.5011,-1.4557,
43.4982,-1.4845,
43.4991,-1.4397,14.01
43.4917,-1.465,0.24
43.4794,-1.4562,1.97
43.5004,-1.4383,2.78
43.4806,-1.4797,1.01
43.5,-1.4528,1.04
43.4762,-1.4731,
43.4918,-1.4709,2.09
43.4998,-1.4558,18.41
43.4936,-1.4695,
43.4967,-1.4753,1.08
43.4715,-1.4873,0.24
43.4844,-1.4749,7.38
43.4902,-1.4735,29.33
43.4631,-1.4958,2.43
43.4892,-1.4526,0.59
43.5033,-1.4262,1.3
43.4625,-1.4812,
43.5055,-1.4659,1.18
43.4674,-1.4944,2.61
43.501,-1.4794,7.3
43.4972,-1.4831,2.46
43.4659,-1.4955,0.36
43.494,-1.4455,2.08
43.4997,-1.463,6.74
43.4869,-1.4923,1.01
43.4867,-1.4934,1.94
43.5051,-1.4667,0.1
43.4951,-1.4593,
43.4956,-1.4854,0.15
43.4924,-1.4794,
43.4948,-1.4524,4.4
43.5019,-1.4575,1.75
43.5109,-1.4643,2.72
43.4776,-1.4817,2.47
43.4897,-1.4781,2.36
43.5011,-1.4573,
43.4846,-1.472,
43.4954,-1.4712,0.66
43.4863,-1.4615,0.44
43.4875,-1.4812,8.7
43.5007,-1.4564,1.28
43.4849,-1.4951,3.4
43.498,-1.4575,0.66
43.4898,-1.4815,14.41
43.4928,-1.4952,0.98
43.4886,-1.4919,1.18
43.4911,-1.4818,11.36
43.4636,-1.4957,0.98
43.5062,-1.4665,0.62
43.486,-1.4739,10.8
43.4962,-1.4454,4.65
43.4844,-1.4705,0.63
43.507,-1.4689,6.0
43.4669,-1.4881,7.62
43.4837,-1.4904,13.93
43.4794,-1.4985,10.5
43.5033,-1.4637,0.08
43.4934,-1.467,0.81
43.5061,-1.458,7.3
43.498,-1.4405,
43.4845,-1.4617,1.63
43.5007,-1.446,3.1
43.4836,-1.4869,7.11
43.4785,-1.4915,1.43
43.4897,-1.4791,9.01
43.4844,-1.4575,1.04
43.4864,-1.4879,0.87
43.4953,-1.4802,0.14
43.4901,-1.4816,0.99
43.5053,-1.4758,0.86
43.4979,-1.4826,3.33
43.4929,-1.4671,0.97
43.4896,-1.4913,0.51
43.49,-1.4562,5.3
43.4659,-1.4944,0.54
43.4813,-1.5014,0.05
43.5021,-1.4544,
43.4801,-1.4749,3.06
43.4922,-1.477,3.99
43.4882,-1.4753,2.51
43.5041,-1.4735,5.82
43.4972,-1.4382,1.76
43.4789,-1.4735,0.59
43.4851,-1.476,6.38
43.4865,-1.4701,1.65
43.5081,-1.4875,2.38
43.4962,-1.4445,3.57
43.4845,-1.4969,0.52
43.486,-1.4919,2.03
43.4882,-1.4531,0.57
43.5,-1.4383,2.26
43.5004,-1.4461,2.55
43.4952,-1.4824,1.02
43.489,-1.4789,0.35
43.4915,-1.4777,4.19
43.4912,-1.4503,1.38
43.5046,-1.4826,3.56
43.491,-1.4745,3.26
43.4763,-1.452,0.25
43.4874,-1.462,0.44
43.4927,-1.4534,5.95
43.4968,-1.4445,0.33
43.4999,-1.4566,1.36
43.5058,-1.4748,0.74
43.4851,-1.4731,0.71
43.5071,-1.4632,0.49
43.4907,-1.4842,0.44
43.4984,-1.4405,
43.4937,-1.4934,0.1
43.5113,-1.444,1.52
43.4678,-1.4875,4.07
43.4606,-1.4953,0.84
43.4787,-1.4555,0.26
43.498,-1.4377,1.71
43.4807,-1.4688,3.06
43.511,-1.4884,0.64
43.4904,-1.4678,0.16
43.4789,-1.4985,2.11
43.4937,-1.4591,0.84
43.5027,-1.463,2.68
43.5097,-1.4871,3.93
43.4964,-1.4517,0.27
43.4992,-1.4582,0.2
43.4902,-1.4535,1.24
43.4905,-1.4613,0.61
43.4778,-1.4988,1.45
43.4942,-1.4831,4.4
43.4871,-1.4718,
43.466,-1.4924,0.1
43.4936,-1.452,0.43
43.5093,-1.4508,
43.4836,-1.4553,0.71
43.5007,-1.4795,1.55
43.4782,-1.4883,1.34
43.5056,-1.4625,0.09
43.5033,-1.4663,26.14
43.4909,-1.4816,2.5
43.4832,-1.4908,2.98
43.4963,-1.4816,1.12
43.5021,-1.4501,11.22
43.4859,-1.4743,1.31
43.4971,-1.4842,4.77
43.5043,-1.4465,0.51
43.4993,-1.4641,12.3
43.493,-1.4486,2.41
43.5057,-1.4297,0.72
43.4735,-1.4899,0.55
43.5006,-1.446,3.06
43.4862,-1.4715,0.04
43.4844,-1.4818,1.95
43.4871,-1.4818,
43.5034,-1.4687,0.25
43.4963,-1.4442,3.6
43.4897,-1.4915,0.11
43.5065,-1.4553,0.19
43.4843,-1.4475,6.07
43.4922,-1.4658,1.97
43.4892,-1.4732,
43.4937,-1.4615,0.5
43.5074,-1.4297,0.26
43.4891,-1.4938,0.91
43.4812,-1.4562,1.0
43.4996,-1.4808,1.28
43.4947,-1.442,3.2
43.4942,-1.4753,
43.4967,-1.4509,0.74
43.5049,-1.447,0.64
43.5051,-1.4461,2.19
43.4939,-1.4784,0.3
43.4809,-1.4907,
43.4859,-1.4901,4.01
43.5084,-1.4645,1.23
43.4816,-1.4583,3.55
43.4708,-1.4847,
43.4831,-1.474,2.0
43.4858,-1.4704,
43.4854,-1.4719,0.22
43.4928,-1.4796,
43.4832,-1.4689,1.26
43.489,-1.464,
43.4803,-1.4878,
43.4894,-1.4535,1.79
43.4717,-1.4845,
43.511,-1.4653,0.44
43.4944,-1.4829,1.93
43.4967,-1.4358,0.37
43.4897,-1.4824,11.27
43.4936,-1.4787,4.76
43.4948,-1.4691,3.43
43.4771,-1.4536,6.01
43.4932,-1.4663,2.15
43.4781,-1.4748,
43.4857,-1.4707,
43.4927,-1.472,5.53
43.4899,-1.4708,
43.4846,-1.4723,
43.47,-1.4888,1.64
43.4891,-1.4907,1.43
43.4817,-1.4916,0.11
43.5108,-1.486,0.48
43.4894,-1.4821,0.84
43.4797,-1.5017,6.66
43.4827,-1.4894,
43.4563,-1.4854,
43.4979,-1.4524,13.07
43.5114,-1.4329,4.19
43.4945,-1.4669,2.35
43.4924,-1.4756,
43.4768,-1.4913,0.52
43.485,-1.4828,3.03
43.4988,-1.4475,2.48
43.4905,-1.4632,1.69
43.4895,-1.4568,1.38
43.5104,-1.482,1.19
43.488,-1.4754,0.21
43.4924,-1.4818,
43.4867,-1.4775,0.74
43.4941,-1.4878,1.06
43.4865,-1.4796,0.24
43.4879,-1.483,0.36
43.4963,-1.4562,0.95
43.4791,-1.5012,1.55
43.4843,-1.4479,5.39
43.4944,-1.4796,
43.4874,-1.4509,0.84
43.503,-1.4635,0.32
43.4954,-1.4546,1.95
43.5063,-1.4672,0.37
43.4852,-1.4942,0.58
43.5032,-1.4494,12.23
43.4843,-1.4984,3.52
43.4961,-1.4431,0.72
43.4816,-1.4878,3.05
43.4917,-1.4836,4.02
43.4989,-1.4378,0.75
43.5036,-1.4904,
43.4857,-1.4784,
43.5013,-1.4546,22.58
43.4873,-1.4592,1.45
43.5028,-1.4496,2.84
43.5013,-1.4794,26.02
43.4873,-1.4662,0.53
43.4916,-1.4508,
43.4909,-1.4766,
43.4957,-1.4372,2.09
43.4659,-1.4925,0.0
43.4886,-1.4824,2.01
43.4854,-1.4759,0.55
43.4927,-1.4635,2.45
43.494,-1.4526,3.03
43.488,-1.4585,3.29
43.4904,-1.4732,0.87
43.4897,-1.4908,0.02
43.4648,-1.4954,2.82
43.4825,-1.4672,0.92
43.496,-1.4766,
43.4859,-1.4915,11.06
43.4941,-1.4753,
43.4917,-1.473,17.35
43.491,-1.4683,4.28
43.4922,-1.4653,0.99
43.4773,-1.454,0.72
43.4997,-1.4807,5.54
43.484,-1.4991,0.47
43.4724,-1.4864,0.64
43.4939,-1.454,0.77
43.4963,-1.465,1.48
43.4996,-1.4549,
43.481,-1.4505,1.98
43.4884,-1.4786,2.33
43.4979,-1.4825,3.27
43.4843,-1.485,1.24
43.5113,-1.4325,0.38
43.4879,-1.4932,0.66
43.5025,-1.4838,1.46
43.5019,-1.4523,
43.5036,-1.4681,1.96
43.4863,-1.4652,1.36
43.4796,-1.4983,2.87
43.4974,-1.4886,1.76
43.5033,-1.4496,0.88
43.487,-1.4859,0.43
43.5029,-1.4611,0.59
43.4905,-1.4762,
43.4868,-1.4701,1.24
43.4913,-1.4687,11.21
43.4853,-1.4992,1.79
43.5075,-1.4673,0.42
43.5066,-1.4623,0.85
43.4929,-1.4511,1.14
43.4806,-1.5034,3.91
43.5062,-1.4869,0.02
43.4938,-1.4794,2.75
43.4836,-1.4767,0.55
43.5017,-1.4563,18.21
43.4952,-1.4647,0.28
43.4816,-1.4825,3.73
43.4831,-1.4896,1.5
43.5041,-1.4835,0.2
43.5022,-1.4539,
43.4942,-1.4543,0.85
43.4869,-1.4688,3.77
43.5063,-1.4669,1.48
43.4759,-1.4702,
43.4926,-1.4714,1.08
43.4928,-1.453,3.97
43.4937,-1.4666,0.13
43.4643,-1.4955,2.27
43.4834,-1.4824,1.72
43.4958,-1.4658,1.65
43.4809,-1.4996,2.42
43.4974,-1.4275,1.82
43.494,-1.4889,3.22
43.5034,-1.4638,1.32
43.4849,-1.4622,0.4
43.4818,-1.4864,0.14
43.4959,-1.471,0.37
43.5013,-1.4576,
43.5009,-1.4887,
43.48,-1.453,0.83
43.489,-1.4823,1.82
43.4904,-1.4616,0.5
43.4887,-1.4656,9.4
43.4611,-1.4814,
43.4906,-1.4789,7.3
43.4898,-1.4928,1.08
43.512,-1.4397,0.0
43.484,-1.4512,0.43
43.4857,-1.4828,0.15
43.4889,-1.4658,9.54
43.4965,-1.4869,2.26
43.4739,-1.4899,0.73
43.4904,-1.4793,18.27
43.4857,-1.4924,0.28
43.4981,-1.4908,2.16
43.4811,-1.46,2.74
43.5023,-1.453,28.61
43.4996,-1.4928,2.22
43.4889,-1.4788,0.42
43.4999,-1.4545,8.21
43.4977,-1.4601,0.44
43.4992,-1.4552,
43.4761,-1.4852,0.36
43.4914,-1.4598,6.2
43.488,-1.4748,3.94
43.4832,-1.4862,0.95
43.5047,-1.4908,
43.4718,-1.4845,
43.4909,-1.4448,0.68
43.4837,-1.4867,1.53
43.4794,-1.4743,7.59
43.4691,-1.4941,
43.4983,-1.4919,1.74
43.495,-1.46,
43.4928,-1.4803,0.43
43.51,-1.467,2.0
43.4997,-1.4568,18.95
43.5001,-1.4523,7.4
43.5117,-1.4713,0.61
43.4957,-1.4661,2.7
43.4918,-1.4443,1.86
43.4846,-1.4615,1.82
43.4919,-1.4845,0.2
43.4999,-1.4547,11.28
43.4666,-1.4916,0.29
43.4866,-1.4561,0.02
43.512,-1.4865,1.0
43.5006,-1.4535,
43.4912,-1.4868,1.04
43.4961,-1.4359,0.06
43.4787,-1.4816,1.34
43.4947,-1.4804,
43.502,-1.4812,8.27
43.5123,-1.4684,4.15
43.4666,-1.4933,3.98
43.4888,-1.459,1.05
43.4821,-1.4817,
43.4864,-1.4769,2.27
43.4885,-1.4914,0.21
43.4853,-1.4939,0.11
43.4923,-1.4734,19.2
43.4828,-1.4955,1.01
43.4953,-1.4711,8.29
43.4857,-1.4607,0.4
43.4996,-1.4671,4.99
43.4823,-1.4826,2.79
43.4896,-1.4742,
43.4957,-1.4566,5.11
43.4808,-1.4752,1.3
43.4905,-1.4766,
43.4927,-1.4543,0.11
43.4905,-1.4677,5.05
43.4974,-1.478,2.27
43.4781,-1.4882,1.29
43.4838,-1.4805,1.6
43.4907,-1.4451,0.81
43.4962,-1.4818,0.41
43.4932,-1.4745,
43.4805,-1.4745,0.73
43.5009,-1.4798,0.56
43.4872,-1.467,2.54
43.4806,-1.4573,2.58
43.4654,-1.495,7.81
43.4897,-1.4734,
43.488,-1.4644,0.19
43.5094,-1.465,1.25
43.4849,-1.4827,3.4
43.4948,-1.4383,0.06
43.4937,-1.4839,0.54
43.4973,-1.4349,1.03
43.4906,-1.4778,8.89
43.491,-1.4641,0.36
43.485,-1.4728,0.04
43.4832,-1.4683,0.32
43.4775,-1.4872,0.1
43.4944,-1.4689,1.6
43.4801,-1.4745,0.47
43.4912,-1.4534,2.95
43.4902,-1.4871,3.94
43.4662,-1.4948,2.35
43.4771,-1.495,1.47
43.4939,-1.4858,1.13
43.5039,-1.4504,3.0
43.4773,-1.4554,
43.4892,-1.4801,7.64
43.4743,-1.4899,1.59
43.4873,-1.4621,0.79
43.4923,-1.4792,
43.4885,-1.4724,17.84
43.4989,-1.4197,0.75
43.4851,-1.4835,0.81
43.4939,-1.4808,0.41
43.5114,-1.4407,1.03
43.5063,-1.4875,1.77
43.4931,-1.4776,0.55
43.5101,-1.4821,2.57
43.5121,-1.4704,0.61
43.481,-1.4917,4.27
43.4885,-1.4743,
43.4652,-1.4872,2.27
43.484,-1.4647,1.94
43.4953,-1.46,
43.4947,-1.4653,0.53
43.4944,-1.4826,1.49
43.5072,-1.4687,0.11
43.4965,-1.473,1.19
43.4796,-1.5004,0.18
43.4799,-1.4775,2.67
43.4952,-1.4386,2.08
43.4887,-1.451,0.68
43.4865,-1.4903,2.88
43.4777,-1.4919,1.54
43.4779,-1.5007,0.96
43.4917,-1.4917,2.08
43.4892,-1.4677,0.42
43.4757,-1.4701,
43.5004,-1.4834,0.04
43.4992,-1.4673,10.78
43.4912,-1.4802,
43.4926,-1.4833,0.28
43.5057,-1.4441,1.79
43.4913,-1.4763,
43.5102,-1.4656,0.37
43.4951,-1.4682,
43.4796,-1.4817,0.99
43.4846,-1.4783,1.95
43.4685,-1.4904,24.94
43.5042,-1.4363,1.31
43.5034,-1.475,3.43
43.484,-1.4511,0.39
43.4796,-1.4737,14.46
43.5032,-1.4608,0.45
43.4905,-1.4779,9.69
43.4805,-1.4548,5.6
43.5057,-1.4738,0.77
43.4686,-1.4873,1.09
43.4974,-1.451,0.52
43.4794,-1.4586,2.25
43.4928,-1.4656,1.93
43.4861,-1.477,19.68
43.4934,-1.4473,1.26
43.506,-1.4457,1.85
43.4869,-1.4772,1.67
43.4912,-1.4803,
43.4942,-1.4871,0.22
43.4904,-1.4741,
43.5044,-1.4819,0.14
43.4605,-1.4956,0.45
43.4963,-1.4818,0.3
43.4989,-1.4358,1.31
43.489,-1.4753,20.82
43.4922,-1.4764,
43.4784,-1.4917,1.57
43.4981,-1.4936,0.26
43.488,-1.483,0.63
43.4956,-1.4629,2.29
43.4898,-1.4739,
43.4878,-1.4609,0.4
43.4784,-1.4552,2.86
43.5002,-1.4797,1.9
43.5087,-1.4338,1.13
43.501,-1.4817,1.12
43.5016,-1.4792,28.9
43.4894,-1.4584,1.54
43.4931,-1.4864,0.95
43.5038,-1.4705,4.79
43.4777,-1.4817,3.02
43.4871,-1.4613,
43.4931,-1.466,3.47
43.4609,-1.4946,0.86
43.5037,-1.4692,3.93
43.4964,-1.4702,3.06
43.4718,-1.4907,0.47
43.4881,-1.4911,4.12
43.486,-1.4738,6.55
43.4811,-1.4826,2.05
43.4673,-1.4845,
43.4912,-1.4524,6.39
43.4892,-1.4571,14.39
43.4568,-1.4859,
43.46,-1.4824,
43.4759,-1.4959,1.47
43.5001,-1.4802,7.24
43.4956,-1.4875,20.25
43.5,-1.4662,1.57
43.4929,-1.475,1.63
43.4953,-1.471,10.51
43.4851,-1.4787,
43.5026,-1.4664,
43.4952,-1.4461,0.21
43.4869,-1.4802,0.7
43.4943,-1.4609,2.92
43.4906,-1.4596,0.36
43.4992,-1.4821,17.86
43.5036,-1.468,2.18
43.487,-1.4807,11.83
43.4777,-1.495,1.14
43.4927,-1.4544,0.4
43.4995,-1.4616,10.83
43.4775,-1.4741,
43.4809,-1.491,
43.4759,-1.4777,
43.4719,-1.4844,
43.4894,-1.4555,1.56
43.4818,-1.4825,5.08
43.5034,-1.4511,0.02
43.4835,-1.49,
43.5027,-1.4393,0.19
43.4996,-1.4466,2.53
43.4636,-1.4959,0.3
43.4986,-1.4611,0.48
43.4961,-1.4355,1.67
43.493,-1.4897,0.09
43.4975,-1.4398,
43.5052,-1.4633,1.24
43.4859,-1.4761,12.88
43.4947,-1.4333,1.87
43.4884,-1.477,9.17
43.502,-1.4572,0.44
43.4886,-1.4819,3.43
43.5001,-1.4907,0.34
43.4804,-1.4708,
43.4947,-1.4686,2.88
43.4979,-1.4622,1.04
43.4937,-1.4793,13.29
43.5016,-1.465,
43.4888,-1.4777,
43.4949,-1.4675,1.51
43.4862,-1.4987,
43.4973,-1.4275,1.65
43.4854,-1.4929,1.92
43.496,-1.4747,
43.4922,-1.4853,0.49
43.504,-1.4834,1.03
43.5012,-1.4383,1.54
43.4933,-1.4576,2.93
43.4854,-1.4598,0.44
43.4869,-1.4929,1.23
43.5003,-1.4361,0.82
43.4844,-1.4789,1.77
43.4913,-1.4918,2.74
43.4939,-1.463,0.76
43.5093,-1.4589,0.26
43.4905,-1.4734,28.76
43.4789,-1.4936,1.54
43.5012,-1.4582,
43.4979,-1.4201,1.03
43.4895,-1.4711,
43.4929,-1.4749,12.98
43.4801,-1.4785,0.95
43.4931,-1.494,1.62
43.498,-1.4574,0.88
43.4863,-1.4877,0.92
43.4773,-1.4834,
43.4829,-1.4777,0.12
43.4934,-1.4565,0.72
43.5002,-1.4685,1.28
43.5132,-1.4677,2.19
43.4925,-1.4432,1.42
43.4898,-1.4749,0.49
43.4952,-1.4723,
43.4948,-1.4781,3.02
43.4964,-1.4384,2.68
43.4754,-1.4764,
43.4828,-1.4858,
43.5026,-1.4488,2.14
43.4927,-1.4531,1.0
43.4993,-1.4383,1.75
43.4968,-1.4688,1.73
43.479,-1.4991,1.7
43.4918,-1.4651,0.08
43.4983,-1.4486,2.26
43.4963,-1.4807,
43.4881,-1.4938,0.81
43.4861,-1.4766,12.26
43.4868,-1.4983,
43.4763,-1.4861,1.33
43.4986,-1.4477,1.75
43.5041,-1.4675,0.29
43.4884,-1.4596,0.5
43.5106,-1.4717,0.64
43.476,-1.4748,
43.486,-1.4845,1.85
43.4947,-1.4835,0.66
43.4837,-1.4528,5.68
43.4939,-1.4914,11.98
43.5075,-1.4632,0.55
43.4837,-1.5011,3.26
43.4992,-1.4198,0.6
43.4879,-1.4747,6.75
43.4825,-1.4738,10.44
43.488,-1.4642,2.98
43.4799,-1.4921,3.44
43.491,-1.4682,8.92
43.49,-1.4742,
43.5135,-1.4331,
43.5035,-1.4664,1.68
43.492,-1.4802,
43.4927,-1.4591,5.83
43.5044,-1.4669,2.44
43.4949,-1.4811,20.22
43.4977,-1.4317,2.48
43.4879,-1.4759,26.94
43.5049,-1.4634,0.89
43.4904,-1.4683,
43.5111,-1.444,1.54
43.4845,-1.4625,1.19
43.4997,-1.4573,21.03
43.4961,-1.47,14.39
43.4896,-1.4632,
43.498,-1.4674,1.81
43.4848,-1.491,1.04
43.4889,-1.4688,
43.4956,-1.4371,1.97
43.4872,-1.481,0.58
43.5038,-1.4706,1.09
43.487,-1.4582,1.69
43.5065,-1.4868,0.22
43.5081,-1.4325,1.5
43.4876,-1.4673,0.98
43.5015,-1.4496,1.54
43.4853,-1.4903,1.34
43.4888,-1.4889,0.99
43.4849,-1.4729,12.88
43.4876,-1.4742,7.67
43.4903,-1.4645,
43.4897,-1.4918,0.8
43.4918,-1.4642,2.95
43.507,-1.4625,0.91
43.4894,-1.4437,0.47
43.4716,-1.4911,3.14
43.4863,-1.4661,1.98
43.4646,-1.4826,
43.4873,-1.4685,1.48
43.4918,-1.4704,18.05
43.5069,-1.4689,1.85
43.5061,-1.4587,1.75
43.4896,-1.4742,
43.4649,-1.485,22.89
43.4983,-1.4821,4.77
43.4867,-1.4876,1.67
43.4992,-1.4545,1.08
43.4752,-1.4841,0.02
43.5034,-1.45,7.9
43.5083,-1.4852,0.17
43.5017,-1.4597,0.8
43.5079,-1.4647,0.9
43.492,-1.4733,19.08
43.4841,-1.4712,
43.4871,-1.4907,0.98
43.5029,-1.4843,1.08
43.4768,-1.4838,8.56
43.4786,-1.4554,0.56
43.4917,-1.4933,0.91
43.499,-1.4606,0.18
43.5081,-1.4378,5.33
43.488,-1.4604,0.86
43.4816,-1.4844,0.6
43.4813,-1.4569,
43.4839,-1.4696,5.74
43.4919,-1.4813,7.62
43.4976,-1.4307,3.17
43.4882,-1.4528,2.27
43.5031,-1.4254,1.71
43.488,-1.4735,1.99
43.504,-1.4485,0.36
43.502,-1.481,6.29
43.4978,-1.4855,17.14
43.5037,-1.463,1.83
43.5053,-1.472,0.06
43.5129,-1.4376,1.11
43.4847,-1.4714,
43.4947,-1.4872,1.99
43.4944,-1.458,1.34
43.4867,-1.483,8.55
43.4817,-1.4877,3.21
43.4996,-1.4616,11.53
43.4956,-1.4524,0.12
43.4851,-1.4827,3.39
43.4742,-1.4781,
43.4892,-1.451,2.47
43.4836,-1.4663,0.2
43.4977,-1.4221,0.79
43.4767,-1.4856,0.51
43.4779,-1.4733,
43.4689,-1.4849,
43.5098,-1.4681,1.12
43.4974,-1.4584,
43.4955,-1.4801,0.73
43.4817,-1.487,1.42
43.487,-1.4568,1.77
43.4998,-1.4554,13.18
43.4943,-1.4762,
43.4755,-1.471,
43.4615,-1.4812,
43.4889,-1.4908,1.53
43.4954,-1.4641,1.61
43.4978,-1.4566,
43.4811,-1.4564,0.5
43.4916,-1.4843,0.05
43.492,-1.4703,0.2
43.5023,-1.4676,0.26
43.4893,-1.472,4.93
43.4931,-1.4573,1.56
43.4626,-1.4812,
43.4696,-1.4892,1.8
43.5074,-1.4639,0.83
43.4889,-1.4878,0.89
43.4942,-1.4676,1.6
43.4845,-1.4663,0.45
43.5111,-1.4424,1.01
43.5025,-1.4767,3.06
43.4849,-1.473,15.27
43.5026,-1.4712,1.22
43.4571,-1.4862,
43.4897,-1.4885,0.44
43.4784,-1.4993,
43.49,-1.4947,1.86
43.5076,-1.4348,0.22
43.4829,-1.4725,
43.5037,-1.4494,0.53
43.4947,-1.4872,2.65
43.5022,-1.4529,14.57
43.5043,-1.482,0.08
43.4962,-1.475,
43.4835,-1.4538,0.25
43.4854,-1.46,0.24
43.5006,-1.4504,0.35
43.4594,-1.4891,5.5
43.4906,-1.4803,24.02
43.5087,-1.4913,
43.4971,-1.4827,22.53
43.4806,-1.4668,1.32
43.493,-1.4792,4.27
43.4929,-1.4625,1.62
43.4925,-1.4945,1.81
43.4806,-1.465,0.15
43.4888,-1.4834,0.94
43.5037,-1.4697,4.38
43.485,-1.4858,1.27
43.499,-1.4641,
43.492,-1.4697,29.48
43.4914,-1.4534,5.52
43.4815,-1.4548,0.22
43.5089,-1.4867,0.59
43.4863,-1.4712,1.61
43.4661,-1.4873,2.46
43.4766,-1.4711,
43.4939,-1.4873,1.09
43.5045,-1.4611,0.78
43.4953,-1.4767,
43.4659,-1.4871,1.75
43.4907,-1.4768,
43.4943,-1.4441,1.8
43.4898,-1.4943,1.55
43.477,-1.4915,2.12
43.5006,-1.4481,
43.4822,-1.4895,
43.5069,-1.4623,1.55
43.4894,-1.4633,
43.4771,-1.4751,
43.4931,-1.4676,9.14
43.4757,-1.4701,
43.4954,-1.4887,
43.5094,-1.4722,2.33
43.5007,-1.4487,
43.4952,-1.4378,0.8
43.4959,-1.4515,2.02
43.4945,-1.4894,1.35
43.4792,-1.4739,1.67
43.4946,-1.4779,1.99
43.499,-1.4403,25.2
43.4991,-1.4609,2.35
43.4788,-1.4553,9.25
43.487,-1.4769,0.74
43.4967,-1.49,0.5
43.4942,-1.4542,1.1
43.5017,-1.4562,18.98
43.4902,-1.4679,2.48
43.4912,-1.4598,2.69
43.4856,-1.4828,0.47
43.4935,-1.4635,1.65
43.5021,-1.4791,4.91
43.4808,-1.4825,1.34
43.495,-1.4708,5.96
43.4915,-1.4853,0.94
43.4812,-1.4609,0.1
43.5001,-1.4363,0.86
43.5031,-1.4259,1.65
43.4856,-1.4776,0.95
43.4851,-1.4761,1.62
43.4908,-1.4809,0.67
43.4883,-1.4565,2.7
43.5016,-1.4808,0.02
43.4984,-1.4488,1.91
43.5067,-1.4721,0.45
43.4881,-1.4819,9.99
43.5057,-1.4635,0.66
43.5114,-1.4332,1.21
43.4977,-1.4554,4.1
43.4764,-1.4522,0.03
43.5073,-1.4872,1.08
43.4846,-1.4613,0.74
43.4847,-1.4965,0.07
43.5039,-1.4818,0.36
43.5152,-1.4602,0.27
43.4964,-1.4511,0.39
43.5098,-1.4918,
43.5042,-1.4494,3.26
43.4966,-1.4871,2.28
43.4855,-1.4857,0.85
43.4984,-1.4574,2.11
43.4795,-1.5033,0.45
43.4782,-1.5001,0.22
43.476,-1.4499,2.17
43.4775,-1.4818,1.53
43.5028,-1.4518,0.62
43.4954,-1.4843,0.75
43.5034,-1.4609,0.01
43.4874,-1.4757,0.35
43.4899,-1.464,
43.4873,-1.4935,1.7
43.4892,-1.4908,1.64
43.496,-1.4755,
43.4879,-1.4565,3.01
43.4931,-1.479,8.01
43.4935,-1.452,1.81
43.4983,-1.4537,1.88
43.5042,-1.4362,1.42
43.4903,-1.4868,2.96
43.4784,-1.4842,1.3
43.5076,-1.4526,
43.4775,-1.4925,
43.4973,-1.4845,2.14
43.4958,-1.4598,
43.4913,-1.4803,
43.5004,-1.4913,0.61
43.4696,-1.4879,0.4
43.4632,-1.4958,1.16
43.4907,-1.4651,
43.4834,-1.4979,4.04
43.4969,-1.4875,1.69
43.4804,-1.5006,2.76
43.485,-1.4953,3.88
43.4952,-1.4699,0.3
43.4975,-1.4385,0.72
43.5015,-1.4566,1.58
43.4964,-1.4337,0.11
43.4933,-1.4938,8.98
43.5034,-1.4697,2.27
43.4821,-1.4962,2.14
43.5052,-1.4463,1.03
43.4909,-1.4698,2.94
43.4888,-1.4934,0.95
43.4836,-1.4734,
43.4824,-1.4816,
43.49,-1.4621,0.04
43.487,-1.4803,4.82
43.5038,-1.4847,1.12
43.5112,-1.4429,1.03
43.4834,-1.4743,0.94
43.5073,-1.4875,0.97
43.5102,-1.4673,1.18
43.4895,-1.4758,
43.5013,-1.4673,0.05
43.4855,-1.4726,2.33
43.4906,-1.4678,2.1
43.4868,-1.4724,
43.4864,-1.4648,0.21
43.4772,-1.4749,
43.5017,-1.4603,5.58
43.4852,-1.473,6.01
43.4866,-1.4674,0.45
43.4885,-1.4942,0.02
43.485,-1.4818,1.61
43.4865,-1.4904,1.84
43.4982,-1.455,0.57
43.5062,-1.4449,0.74
43.4985,-1.462,1.26
43.499,-1.4648,
43.5,-1.4925,2.75
43.4924,-1.4868,2.5
43.4928,-1.4789,0.77
43.4868,-1.4625,0.5
43.4955,-1.4943,3.89
43.4657,-1.4948,0.17
43.5039,-1.4492,0.5
43.496,-1.4706,10.47
43.4921,-1.4724,0.62
43.5065,-1.4874,0.57
43.5017,-1.4554,14.64
43.4799,-1.4566,1.95
43.4984,-1.4587,25.89
43.4805,-1.5019,0.38
43.4906,-1.454,25.43
43.4955,-1.4793,5.64
43.4809,-1.4577,2.44
43.4973,-1.4355,0.6
43.4931,-1.4621,0.81
43.4988,-1.4567,0.51
43.498,-1.4937,1.18
43.4982,-1.4934,1.32
43.4979,-1.4629,1.78
43.4933,-1.4673,1.47
43.4952,-1.4668,1.36
43.4675,-1.4876,5.15
43.5032,-1.4252,1.4
43.4602,-1.4953,0.39
43.4995,-1.4539,
43.4811,-1.498,2.39
43.503,-1.4519,12.05
43.4929,-1.4715,
43.4865,-1.4934,0.68
43.4801,-1.4744,8.76
43.51,-1.4722,0.74
43.4783,-1.4728,13.52
43.4937,-1.4609,0.08
43.5097,-1.4581,0.31
43.4833,-1.4488,2.2
43.5023,-1.4526,0.62
43.4977,-1.4608,2.3
43.5147,-1.461,0.03
43.4927,-1.4679,
43.5,-1.4534,0.95
43.4814,-1.4671,0.67
43.4785,-1.4561,0.95
43.4799,-1.4777,2.09
43.4889,-1.4762,
43.4951,-1.488,1.24
43.49,-1.4788,0.4
43.4862,-1.4774,3.69
43.4954,-1.4777,
43.4811,-1.4599,2.62
43.5017,-1.4601,5.52
43.4906,-1.4621,3.23
43.5026,-1.4677,0.03
43.4833,-1.499,1.53
43.5121,-1.4633,1.59
43.5041,-1.4736,6.08
43.4952,-1.4581,
43.5018,-1.4548,
43.4906,-1.4715,1.56
43.491,-1.4446,0.43
43.4968,-1.4349,0.42
43.4828,-1.4659,0.47
43.4814,-1.486,0.04
43.4872,-1.4807,1.25
43.4912,-1.4517,5.7
43.4988,-1.4816,6.72
43.4848,-1.4759,
43.4929,-1.4661,0.22
43.491,-1.4697,2.06
43.5041,-1.4466,1.23
43.4938,-1.462,1.04
43.4628,-1.4961,5.29
43.4961,-1.4368,2.68
43.5018,-1.4464,0.56
43.4979,-1.4839,
43.4955,-1.4699,14.29
43.476,-1.4494,0.82
43.511,-1.4704,1.75
43.4877,-1.4688,
43.5045,-1.4346,1.44
43.4843,-1.4901,15.91
43.4751,-1.453,0.74
43.4993,-1.4611,1.2
43.4796,-1.4663,2.45
43.4662,-1.4828,
43.4915,-1.4753,
43.481,-1.4572,13.91
43.4838,-1.4761,
43.4956,-1.4331,0.12
43.4858,-1.4609,0.02
43.4952,-1.4781,12.67
43.4877,-1.4881,1.22
43.4876,-1.4671,4.58
43.4995,-1.454,28.31
43.4876,-1.4826,0.06
43.502,-1.4484,2.05
43.4815,-1.4834,1.12
43.4521,-1.4935,2.08
43.493,-1.4727,8.3
43.4978,-1.4624,0.73
43.499,-1.4887,0.81
43.5026,-1.4517,22.76
43.496,-1.4654,0.96
43.4929,-1.475,1.82
43.4783,-1.4747,
43.4965,-1.4345,1.03
43.511,-1.4707,1.12
43.4928,-1.4711,
43.4857,-1.4606,7.43
43.5097,-1.4661,3.47
43.4921,-1.4797,
43.5052,-1.4669,0.06
43.5115,-1.4349,1.1
43.4899,-1.4671,2.28
43.484,-1.4468,1.24
43.4805,-1.4796,0.86
43.5006,-1.4844,
43.4782,-1.4953,2.0
43.4996,-1.4554,
43.4885,-1.4677,1.8
43.4854,-1.4939,1.17
43.4781,-1.5045,11.2
43.4732,-1.4807,
43.4867,-1.4775,0.82
43.4878,-1.4826,1.44
43.489,-1.4769,
43.503,-1.4425,0.73
43.4598,-1.4955,0.61
43.4989,-1.4813,3.86
43.4888,-1.4882,0.83
43.495,-1.4693,2.28
43.4863,-1.4894,8.22
43.4837,-1.4859,2.69
43.4931,-1.4914,1.01
43.4951,-1.4783,5.0
43.507,-1.46,1.92
43.4832,-1.4675,1.54
43.4871,-1.4924,1.35
43.4906,-1.4914,0.1
43.4807,-1.4834,0.72
43.4954,-1.4779,
43.4908,-1.4909,1.9
43.4918,-1.4796,
43.4937,-1.465,0.61
43.4901,-1.4853,1.61
43.4929,-1.4912,4.46
43.4883,-1.4814,0.42
43.4842,-1.4497,1.33
43.484,-1.4804,1.58
43.4811,-1.4662,0.86
43.508,-1.4834,1.31
43.4874,-1.4743,1.46
43.5066,-1.4781,1.58
43.4925,-1.4535,4.8
43.4766,-1.4712,
43.4961,-1.4355,5.46
43.47,-1.4928,1.23
43.4804,-1.4834,1.71
43.4816,-1.4786,1.65
43.4713,-1.4846,
43.4993,-1.4642,14.57
43.4956,-1.4528,9.91
43.5033,-1.4212,1.85
43.4879,-1.464,5.78
43.4976,-1.4937,4.47
43.494,-1.4761,27.45
43.4773,-1.4766,
43.4982,-1.4562,28.13
43.4878,-1.4644,2.04
43.4965,-1.4764,
43.4766,-1.4802,25.71
43.4956,-1.4691,28.0
43.5058,-1.4579,0.69
43.5027,-1.4394,0.03
43.4934,-1.4807,6.77
43.4885,-1.4655,0.87
43.4995,-1.4636,3.52
43.4882,-1.4932,1.15
43.4866,-1.479,2.41
43.497,-1.4837,0.67
43.4872,-1.4516,2.32
43.4864,-1.4764,1.04
43.4775,-1.4926,27.12
43.4925,-1.4713,2.14
43.5069,-1.4837,0.1
43.4877,-1.4942,0.73
43.4996,-1.49,0.61
43.4933,-1.4618,1.07
43.4847,-1.4582,7.05
43.5095,-1.4819,0.58
43.496,-1.4808,0.89
43.4986,-1.4196,0.97
43.4833,-1.4474,2.96
43.4903,-1.4618,0.82
43.4938,-1.4916,2.28
43.4889,-1.4964,
43.4798,-1.4742,0.76
43.4918,-1.4706,14.29
43.4824,-1.4852,2.52
43.4995,-1.4645,17.31
43.4978,-1.4287,1.17
43.4791,-1.4546,1.98
43.4984,-1.4473,0.49
43.4912,-1.492,0.6
43.5045,-1.4634,0.03
43.4807,-1.4805,13.85
43.4894,-1.4717,15.8
43.4833,-1.4988,2.63
43.4942,-1.4693,2.3
43.4956,-1.4333,0.1
43.5003,-1.446,2.56
43.4734,-1.4858,5.54
43.4868,-1.4632,1.52
43.4824,-1.4824,4.57
43.4868,-1.4725,
43.4673,-1.4945,3.01
43.505,-1.4446,2.63
43.4874,-1.4755,2.16
43.489,-1.4662,0.37
43.4941,-1.4721,0.26
43.491,-1.4736,0.09
43.504,-1.474,0.87
43.4946,-1.4624,2.89
43.4961,-1.4349,3.65
43.4833,-1.4508,0.72
43.4734,-1.4899,0.07
43.4941,-1.4654,1.19
43.4926,-1.4774,22.61
43.5037,-1.4265,0.13
43.4862,-1.4892,3.49
43.4837,-1.4852,0.48
43.4848,-1.4814,2.13
43.4951,-1.4673,1.08
43.4962,-1.4349,1.99
43.5051,-1.4633,1.46
43.4807,-1.4745,0.33
43.4948,-1.4712,2.42
43.4665,-1.4878,4.99
43.4934,-1.4782,1.07
43.5057,-1.459,0.26
43.4998,-1.4544,0.04
43.4739,-1.4785,
43.493,-1.449,2.28
43.4868,-1.4569,0.55
43.4904,-1.4702,12.86
43.5059,-1.4458,0.12
43.4993,-1.435,2.44
43.4939,-1.4514,4.63
43.4888,-1.4628,
43.5009,-1.4558,
43.4978,-1.4212,1.32
43.4878,-1.4607,2.26
43.503,-1.4514,12.28
43.4935,-1.456,0.02
43.4897,-1.455,1.82
43.4797,-1.4935,1.85
43.4874,-1.4669,7.08
43.4779,-1.501,1.52
43.4991,-1.4791,1.95
43.5087,-1.4457,
43.508,-1.4875,2.38
43.4884,-1.4823,22.76
43.5056,-1.4642,1.64
43.4839,-1.476,
43.4918,-1.4917,1.5
43.4945,-1.4758,
43.4977,-1.4363,0.78
43.4932,-1.4794,7.26
43.4913,-1.4957,0.72
43.4882,-1.4532,1.06
43.5076,-1.4684,1.61
43.4868,-1.4929,1.53
43.4874,-1.4828,0.57
43.489,-1.4743,
43.4814,-1.4579,
43.4807,-1.4831,2.43
43.4834,-1.4666,1.67
43.4902,-1.4732,20.2
43.5069,-1.4661,0.87
43.4774,-1.4918,1.76
43.4666,-1.488,4.37
43.5081,-1.4608,0.57
43.4868,-1.4699,0.6
43.4848,-1.472,
43.4984,-1.4568,0.52
43.4828,-1.477,1.27
43.4937,-1.4586,0.1
43.512,-1.4462,3.95
43.4897,-1.4681,0.9
43.4844,-1.4717,
43.5057,-1.4756,1.72
43.5094,-1.4331,0.29
43.4938,-1.4643,0.71
43.4907,-1.4684,27.85
43.4928,-1.4644,0.81
43.4821,-1.4582,5.29
43.4827,-1.5005,1.9
43.4995,-1.4922,0.44
43.4803,-1.4681,2.51
43.482,-1.4859,3.45
43.4928,-1.4684,
43.4948,-1.4702,1.21
43.4914,-1.4733,0.86
43.4669,-1.4917,5.85
43.5041,-1.4834,0.27
43.4649,-1.4871,26.45
43.4903,-1.4675,0.94
43.5023,-1.4533,
43.4986,-1.4674,0.51
43.4846,-1.4613,0.12
43.4969,-1.4518,1.74
43.4888,-1.4725,8.75
43.4995,-1.4562,23.66
43.4931,-1.4944,0.02
43.493,-1.4735,
43.4928,-1.4667,2.26
43.4595,-1.483,
43.4882,-1.4728,2.15
43.4904,-1.4614,3.0
43.5005,-1.4366,0.95
43.4844,-1.4726,
43.4755,-1.4699,
43.5018,-1.446,0.84
43.4901,-1.4917,0.19
43.4864,-1.4617,0.24
43.4808,-1.4918,4.31
43.4927,-1.4601,1.9
43.4863,-1.4759,9.9
43.4778,-1.5,0.95
43.4942,-1.4819,0.04
43.5051,-1.4699,1.2
43.5056,-1.4621,0.29
43.4868,-1.4568,5.45
43.4981,-1.4599,3.73
43.4902,-1.4527,0.73
43.4925,-1.4782,2.02
43.4912,-1.4801,
43.474,-1.4792,
43.484,-1.4511,0.45
43.4901,-1.463,7.82
43.5057,-1.4864,0.45
43.5031,-1.4687,1.27
43.4912,-1.4685,10.68
43.5057,-1.4854,2.75
43.4862,-1.4759,1.0
43.4913,-1.4786,3.58
43.4794,-1.5031,0.13
43.4982,-1.4625,1.96
43.4935,-1.454,5.82
43.4966,-1.4386,2.27
43.4833,-1.4505,0.78
43.4932,-1.4588,6.67
43.4966,-1.4561,1.58
43.4924,-1.4852,1.18
43.492,-1.4743,0.36
43.4868,-1.4741,2.1
43.4849,-1.4906,3.03
43.4961,-1.4705,1.24
43.4983,-1.4881,1.81
43.4863,-1.4705,0.91
43.4793,-1.4734,15.22
43.4884,-1.4961,
43.4836,-1.4853,1.31
43.4867,-1.4928,0.42
43.4703,-1.4838,
43.4774,-1.4874,1.32
43.5082,-1.4843,0.8
43.494,-1.4822,8.08
43.4936,-1.4601,2.5
43.4971,-1.4501,2.24
43.5067,-1.4611,0.19
43.4949,-1.4536,2.29
43.4883,-1.4764,0.48
43.4934,-1.4787,9.75
43.4919,-1.4791,
43.495,-1.4704,22.01
43.5133,-1.4366,2.19
43.4939,-1.4519,1.69
43.4999,-1.465,0.72
43.4915,-1.4535,3.03
43.4896,-1.4674,0.69
43.4761,-1.4827,3.06
43.4606,-1.4817,
43.4823,-1.49,
43.495,-1.4678,14.34
43.4814,-1.4653,8.09
43.4935,-1.48,12.14
43.4844,-1.4796,0.07
43.4872,-1.4625,0.92
43.496,-1.4732,6.99
43.4596,-1.4955,0.73
43.4891,-1.4908,1.18
43.4911,-1.494,1.14
43.4913,-1.4788,16.02
43.4731,-1.4827,
43.4802,-1.4848,0.52
43.494,-1.4668,26.43
43.493,-1.4778,0.28
43.4806,-1.4798,1.03
43.5081,-1.466,0.48
43.4865,-1.4771,10.06
43.4802,-1.4934,0.73
43.4786,-1.4947,1.95
43.4942,-1.4625,0.27
43.4948,-1.4607,0.41
43.5013,-1.4459,4.25
43.4889,-1.4938,2.03
43.4958,-1.4693,20.11
43.4872,-1.4939,0.31
43.4837,-1.4861,1.57
43.5025,-1.4558,0.18
43.4898,-1.4724,
43.4869,-1.4825,27.82
43.4895,-1.4713,
43.5091,-1.4669,0.01
43.4833,-1.4547,1.84
43.4758,-1.4823,1.47
43.4813,-1.4958,1.4
43.4864,-1.4902,3.04
43.5002,-1.4504,0.85
43.492,-1.4785,2.57
43.4908,-1.482,11.26
43.4945,-1.4945,0.19
43.4869,-1.4799,16.46
43.4929,-1.4569,2.87
43.4944,-1.4659,10.93
43.4924,-1.4631,3.5
43.5011,-1.4565,1.71
43.5037,-1.4511,1.64
43.4812,-1.4813,1.94
43.4972,-1.4562,2.26
43.5073,-1.464,0.73
43.4978,-1.4896,0.49
43.494,-1.4645,0.44
43.5039,-1.4505,1.84
43.5046,-1.4647,0.07
43.5022,-1.4615,6.9
43.5042,-1.4477,1.32
43.4903,-1.4928,0.7
43.4869,-1.4577,1.83
43.5127,-1.4354,0.53
43.4941,-1.489,3.99
43.4948,-1.4624,1.48
43.4962,-1.4448,1.78
43.5012,-1.4572,
43.5023,-1.4391,1.48
43.5147,-1.4669,0.56
43.4988,-1.4196,0.86
43.48,-1.482,1.61
43.4817,-1.4875,1.58
43.4844,-1.4805,1.38
43.4851,-1.483,0.92
43.4925,-1.4641,0.28
43.4877,-1.4688,
43.4929,-1.4797,27.12
43.4921,-1.4706,5.38
43.4737,-1.4857,1.88
43.49,-1.4655,
43.4927,-1.4663,0.8
43.5076,-1.4307,9.91
43.5034,-1.4518,0.19
43.4667,-1.4881,5.8
43.4956,-1.4867,1.23
43.4896,-1.4653,
43.4966,-1.4814,
43.4877,-1.4826,0.24
43.4783,-1.5,12.75
43.4687,-1.495,18.74
43.4795,-1.5013,4.04
43.4689,-1.4944,
43.4763,-1.4834,0.96
43.5055,-1.446,0.57
43.5056,-1.4868,2.89
43.47,-1.4883,0.65
43.4936,-1.4657,1.74
43.5112,-1.4413,0.76
43.4836,-1.4452,1.65
43.4837,-1.4856,1.57
43.5035,-1.4827,0.89
43.5029,-1.4901,
43.5067,-1.464,1.42
43.4869,-1.4861,2.92
43.4823,-1.4771,0.7
43.4964,-1.4745,8.44
43.4812,-1.4605,0.65
43.4871,-1.4691,0.47
43.4685,-1.4909,3.04
43.4971,-1.4637,0.85
43.4984,-1.4575,2.55
43.4972,-1.4913,2.51
43.4841,-1.4663,0.8
43.4967,-1.4357,0.21
43.5005,-1.4812,0.17
43.4778,-1.4756,
43.4997,-1.4898,9.85
43.4812,-1.4604,7.04
43.5002,-1.4357,0.54
43.4874,-1.4555,0.3
43.4919,-1.4644,2.72
43.4908,-1.4601,3.79
43.4956,-1.4638,1.87
43.4942,-1.4767,7.38
43.5041,-1.4618,
43.4833,-1.447,1.91
43.5066,-1.4864,0.85
43.4798,-1.4565,2.07
43.4997,-1.4674,
43.4788,-1.5007,
43.4983,-1.4582,0.95
43.4854,-1.4828,4.65
43.4841,-1.4864,
43.5031,-1.4465,1.71
43.487,-1.4806,1.99
43.4905,-1.4859,1.09
43.4934,-1.4732,
43.4875,-1.4483,2.18
43.4934,-1.4521,1.78
43.4828,-1.4689,0.79
43.4833,-1.4731,
43.5013,-1.4555,22.72
43.4958,-1.4635,1.28
43.4809,-1.4952,1.74
43.4731,-1.486,1.01
43.4783,-1.5002,16.25
43.5109,-1.4852,0.85
43.4857,-1.4923,4.03
43.4924,-1.4779,23.5
43.4932,-1.4543,0.79
43.4883,-1.4509,2.4
43.5076,-1.4875,0.41
43.4802,-1.4922,1.33
43.4947,-1.4543,2.28
43.502,-1.483,1.39
43.4823,-1.486,0.03
43.4995,-1.4641,2.31
43.4869,-1.4695,0.99
43.4947,-1.4595,26.95
43.4913,-1.4802,
43.5035,-1.4748,3.08
43.4969,-1.4849,0.63
43.4918,-1.4526,
43.4887,-1.4645,
43.4901,-1.4819,2.28
43.5086,-1.4442,2.13
43.4869,-1.4743,5.67
43.4952,-1.478,20.45
43.5014,-1.4823,1.06
43.4906,-1.4819,2.26
43.4873,-1.4944,0.67
43.4886,-1.4933,0.99
43.4838,-1.4469,1.8
43.5029,-1.4209,2.69
43.4957,-1.4324,0.08
43.4792,-1.4558,0.59
43.5046,-1.4278,1.15
43.4876,-1.4909,4.54
43.4896,-1.4669,1.19
43.5039,-1.4624,
43.4946,-1.4916,3.45
43.4802,-1.4579,1.21
43.4925,-1.4739,5.97
43.4735,-1.4897,2.53
43.4931,-1.4785,23.97
43.493,-1.4794,10.26
43.4806,-1.4833,2.02
43.4796,-1.4769,0.31
43.4787,-1.4539,2.36
43.5015,-1.4535,23.58
43.5071,-1.4597,15.29
43.4972,-1.456,8.17
43.4967,-1.4868,1.39
43.4832,-1.4852,2.05
43.4932,-1.4574,1.33
43.5075,-1.4306,2.05
43.4869,-1.4485,8.57
43.4962,-1.488,4.51
43.4939,-1.457,0.96
43.5022,-1.4791,6.08
43.4848,-1.461,1.29
43.4894,-1.4671,0.62
43.4853,-1.4763,1.11
43.491,-1.4925,0.79
43.468,-1.4902,4.72
43.4799,-1.485,17.96
43.5033,-1.4639,3.39
43.4934,-1.4875,0.32
43.506,-1.4636,1.89
43.479,-1.4668,0.14
43.4599,-1.4892,4.19
43.4928,-1.4718,14.02
43.5077,-1.4821,1.34
43.4798,-1.4988,
43.5111,-1.4348,0.73
43.486,-1.4715,0.1
43.5019,-1.4609,0.67
43.5082,-1.4329,1.63
43.495,-1.4701,0.72
43.4951,-1.4573,1.12
43.4905,-1.4681,20.98
43.491,-1.4543,3.24
43.5026,-1.4763,3.3
43.4931,-1.4526,4.51
43.4795,-1.4778,0.51
43.4933,-1.4587,0.85
43.4884,-1.4967,
43.4904,-1.4715,1.91
43.49,-1.4819,9.35
43.5031,-1.4533,1.79
43.5065,-1.4743,1.45
43.5122,-1.4712,0.93
43.4989,-1.4863,
43.4871,-1.4755,23.23
43.5091,-1.435,0.89
43.4829,-1.4557,1.12
43.4859,-1.4705,
43.5105,-1.4684,0.09
43.4949,-1.4529,0.73
43.5,-1.4538,1.01
43.4953,-1.4914,1.65
43.4812,-1.4932,1.94
43.4992,-1.4891,0.92
43.4994,-1.4549,
43.4925,-1.4808,11.55
43.4875,-1.4966,
43.4927,-1.4787,0.4
43.4881,-1.4647,0.37
43.4833,-1.4493,2.22
43.4901,-1.4515,0.87
43.4954,-1.4791,5.45
43.5052,-1.4673,1.53
43.4936,-1.4468,1.94
43.4958,-1.4716,1.79
43.4933,-1.4551,2.01
43.5081,-1.4523,
43.5052,-1.4434,2.42
43.491,-1.4749,13.38
43.5086,-1.4455,15.14
43.4943,-1.4659,10.91
43.5096,-1.433,0.9
43.4969,-1.4504,1.94
43.503,-1.4635,0.37
43.4768,-1.4953,1.68
43.4877,-1.4566,2.91
43.4973,-1.488,1.01
43.5133,-1.4676,1.45
43.4924,-1.4799,
43.4898,-1.4622,0.52
43.495,-1.4779,19.91
43.4834,-1.4872,16.83
43.5082,-1.4645,1.31
43.4813,-1.4823,6.2
43.488,-1.4673,4.92
43.4914,-1.4623,19.93
43.486,-1.4856,0.8
43.4905,-1.4606,5.7
43.4809,-1.4618,1.29
43.4892,-1.4742,
43.4931,-1.4856,0.46
43.4702,-1.489,0.79
43.4951,-1.4853,0.57
43.4951,-1.4721,
43.4941,-1.4892,3.11
43.506,-1.4673,0.1
43.4954,-1.4583,
43.4923,-1.456,0.24
43.4985,-1.4552,1.53
43.4832,-1.491,1.64
43.493,-1.4483,1.95
43.4941,-1.4816,1.12
43.4814,-1.4998,3.89
43.5073,-1.4303,2.07
43.4845,-1.4765,2.84
43.4883,-1.465,0.36
43.5022,-1.4451,1.75
43.4904,-1.4659,
43.4758,-1.4689,0.84
43.4796,-1.4841,0.61
43.4955,-1.4714,0.16
43.5073,-1.4338,0.1
43.4888,-1.4491,1.89
43.5003,-1.45,6.9
43.4833,-1.4476,0.21
43.4943,-1.4749,
43.4873,-1.4631,0.64
43.495,-1.438,2.35
43.5122,-1.4684,4.08
43.511,-1.4685,3.42
43.5061,-1.4766,0.44
43.4935,-1.4613,4.22
43.4999,-1.4541,0.76
43.507,-1.4586,1.27
43.4978,-1.4352,0.49
43.4992,-1.4383,1.54
43.4926,-1.4731,0.47
43.4976,-1.4354,0.05
43.4936,-1.4928,0.05
43.4806,-1.4745,0.41
43.4987,-1.4567,0.66
43.4961,-1.4721,2.78
43.5012,-1.4575,
43.5117,-1.4872,0.43
43.4914,-1.4693,10.29
43.4911,-1.493,1.49
43.4912,-1.4686,5.0
43.5089,-1.4637,1.37
43.4929,-1.4529,0.26
43.4998,-1.4584,1.41
43.502,-1.4812,0.03
43.4857,-1.473,1.75
43.4963,-1.4738,2.92
43.4887,-1.4836,1.78
43.5024,-1.4505,
43.4767,-1.4531,0.37
43.4931,-1.4598,1.67
43.4987,-1.4476,2.23
43.5044,-1.4827,0.18
43.4791,-1.4735,0.17
43.4871,-1.4851,0.61
43.4979,-1.4863,0.33
43.5017,-1.4658,
43.494,-1.491,4.78
43.5043,-1.4817,0.78
43.5051,-1.4838,0.69
43.4982,-1.4569,
43.4885,-1.4641,
43.4945,-1.4607,0.69
43.4999,-1.4625,3.12
43.4843,-1.4469,7.35
43.4865,-1.4774,2.4
43.4926,-1.4817,
43.4806,-1.4837,1.13
43.5027,-1.4396,2.32
43.5016,-1.467,
43.4915,-1.477,2.0
43.4901,-1.4537,0.25
43.4924,-1.4946,0.11
43.5056,-1.4632,0.85
43.4912,-1.4521,6.32
43.4962,-1.4397,0.65
43.5004,-1.4361,0.35
43.4956,-1.4395,0.09
43.4846,-1.4829,2.64
43.4939,-1.4684,3.28
43.4796,-1.4741,12.88
43.4941,-1.4627,0.9
43.4745,-1.4832,0.63
43.498,-1.4194,0.65
43.4936,-1.4647,1.01
43.502,-1.4461,3.68
43.4904,-1.4783,1.04
43.5082,-1.4354,1.25
43.4735,-1.4823,2.06
43.5043,-1.4466,2.08
43.4934,-1.4788,1.25
43.5066,-1.4716,0.43
43.4936,-1.4746,
43.4821,-1.4665,0.14
43.4945,-1.4751,
43.4928,-1.4624,0.01
43.4875,-1.4665,0.27
43.4872,-1.4664,0.2
43.4921,-1.4793,
43.496,-1.4726,3.66
43.4882,-1.4813,0.33
43.5071,-1.4583,0.03
43.4931,-1.4521,0.22
43.4932,-1.4767,1.1
43.4922,-1.4844,0.11
43.5091,-1.444,0.48
43.4916,-1.4816,15.49
43.502,-1.4895,
43.4614,-1.4813,
43.4684,-1.4909,3.08
43.4795,-1.4576,0.57
43.495,-1.4402,1.1
43.5111,-1.4416,2.85
43.5045,-1.4349,1.26
43.4785,-1.4552,0.47
43.4901,-1.4933,0.83
43.4936,-1.4787,0.94
43.4925,-1.444,1.14
43.4863,-1.4862,0.74
43.4905,-1.4817,2.55
43.5045,-1.4674,2.61
43.4623,-1.4812,
43.5115,-1.4872,2.42
43.5014,-1.4392,1.66
43.5034,-1.4649,3.06
43.48,-1.4845,25.01
43.49,-1.4909,0.51
43.4673,-1.4877,4.86
43.4941,-1.4643,0.27
43.4675,-1.4921,2.21
43.4699,-1.4928,1.37
43.4909,-1.4811,0.41
43.4696,-1.493,1.98
43.4778,-1.4734,
43.5017,-1.4451,0.95
43.4886,-1.4912,4.75
43.5053,-1.486,1.97
43.4896,-1.4819,7.05
43.4599,-1.4958,3.87
43.4939,-1.4765,0.9
43.4861,-1.4776,1.68
43.4872,-1.4484,2.53
43.4994,-1.4346,1.31
43.5,-1.453,1.05
43.4781,-1.4842,1.42
43.4753,-1.4846,0.21
43.4906,-1.463,1.88
43.4936,-1.4549,0.84
43.5061,-1.4911,
43.5031,-1.4905,
43.485,-1.4949,3.54
43.5045,-1.443,0.57
43.5019,-1.4791,16.22
43.4958,-1.4804,3.67
43.4992,-1.4393,16.09
43.4947,-1.4805,
43.5061,-1.4623,1.24
43.4934,-1.4882,0.54
43.4785,-1.4937,0.8
43.5037,-1.4494,1.04
43.4904,-1.4841,0.07
43.4952,-1.4834,0.6
43.4995,-1.4339,
43.4756,-1.4698,
43.4812,-1.4561,0.83
43.5024,-1.4819,0.49
43.4948,-1.4652,0.47
43.497,-1.4746,13.37
43.4786,-1.4927,2.64
43.478,-1.4683,2.62
43.4702,-1.4926,1.84
43.4903,-1.4737,
43.5125,-1.4385,0.17
43.489,-1.4545,1.0
43.4952,-1.4626,3.22
43.4988,-1.4623,29.27
43.4952,-1.48,0.07
43.4868,-1.4619,
43.4928,-1.4921,2.6
43.4917,-1.4735,0.25
43.4908,-1.4883,0.89
43.4945,-1.4689,1.37
43.4733,-1.4807,
43.4836,-1.4893,0.39
43.4843,-1.4478,0.68
43.4775,-1.4834,
43.4978,-1.486,0.67
43.4872,-1.4589,0.3
43.4797,-1.45,13.98
43.4814,-1.4585,3.44
43.5037,-1.4745,0.1
43.5086,-1.4677,0.9
43.4871,-1.4688,0.84
43.4782,-1.4891,0.52
43.4863,-1.4737,2.62
43.5022,-1.4816,0.01
43.4717,-1.4834,
43.4825,-1.4531,0.29
43.495,-1.4532,0.95
43.4901,-1.4757,
43.4888,-1.4589,0.36
43.467,-1.4921,0.36
43.4754,-1.4904,1.76
43.4888,-1.4823,3.36
43.4973,-1.4779,7.97
43.4821,-1.4713,
43.5007,-1.4916,9.56
43.4956,-1.4733,
43.4913,-1.4805,
43.5056,-1.4442,2.97
43.4833,-1.5008,2.39
43.4852,-1.4593,6.83
43.5102,-1.4677,0.39
43.4889,-1.496,
43.4979,-1.4679,15.78
43.4924,-1.4651,2.86
43.4837,-1.4972,1.22
43.4944,-1.486,0.58
43.4952,-1.4768,
43.4961,-1.4842,0.24
43.4781,-1.4747,
43.4606,-1.4957,0.63
43.4935,-1.4778,0.26
43.5053,-1.4711,5.33
43.4984,-1.4821,4.74
43.4809,-1.4627,1.47
43.4817,-1.4856,1.73
43.4953,-1.4694,19.34
43.4846,-1.4582,1.02
43.4982,-1.4533,0.39
43.5,-1.4877,
43.4966,-1.4338,3.26
43.5049,-1.4662,1.46
43.504,-1.4522,1.97
43.5097,-1.458,0.98
43.4651,-1.4845,22.37
43.489,-1.4526,1.12
43.496,-1.4743,
43.4836,-1.4535,0.19
43.4872,-1.4513,1.76
43.5085,-1.4448,1.0
43.494,-1.476,
43.4983,-1.4932,3.82
43.4939,-1.4938,3.04
43.4838,-1.4721,
43.5027,-1.449,1.85
43.5087,-1.4813,1.56
43.4907,-1.4771,
43.4907,-1.4547,3.07
43.5041,-1.4675,0.62
43.5079,-1.4607,2.05
43.5083,-1.4916,
43.4541,-1.4945,2.67
43.4728,-1.4861,5.72
43.5042,-1.4832,0.18
43.5095,-1.4652,2.46
43.4964,-1.482,0.79
43.4939,-1.4555,1.38
43.4948,-1.4415,2.3
43.4912,-1.4786,3.48
43.4886,-1.4751,0.64
43.5056,-1.4756,0.61
43.5002,-1.4685,0.87
43.4965,-1.4441,0.34
43.4932,-1.4721,
43.4905,-1.4957,3.16
43.4841,-1.4655,3.55
43.4846,-1.4889,7.47
43.4867,-1.4667,0.71
43.5094,-1.465,0.44
43.5062,-1.4638,1.36
43.4996,-1.4358,1.11
43.4712,-1.4922,
43.4938,-1.4816,8.15
43.4798,-1.4849,
43.4843,-1.4767,1.6
43.484,-1.4771,0.42
43.4832,-1.4892,19.87
43.4942,-1.4447,0.37
43.4849,-1.4892,
43.4814,-1.4582,22.48
43.4749,-1.4776,
43.4923,-1.4743,0.66
43.4886,-1.4825,3.07
43.4797,-1.502,1.88
43.499,-1.4899,3.89
43.4961,-1.4838,1.15
43.4873,-1.4755,8.51
43.4815,-1.4556,2.26
43.5015,-1.4892,
43.4804,-1.4844,0.24
43.495,-1.4797,0.31
43.4764,-1.4835,4.37
43.4851,-1.4757,1.12
43.4817,-1.4541,1.89
43.4894,-1.4908,2.78
43.4959,-1.4721,6.05
43.4901,-1.4759,
43.503,-1.4755,2.47
43.4974,-1.4496,1.68
43.481,-1.4612,5.68
43.492,-1.4521,
43.4913,-1.4597,2.57
43.487,-1.4626,7.54
43.4811,-1.4663,0.64
43.4938,-1.4724,0.01
43.502,-1.4535,28.6
43.5119,-1.4705,1.2
43.4973,-1.4332,4.56
43.4897,-1.4913,1.24
43.4965,-1.4698,1.59
43.4966,-1.4346,0.92
43.4782,-1.4931,4.6
43.5015,-1.4548,1.31
43.4859,-1.4661,0.2
43.4862,-1.4773,0.21
43.4884,-1.4485,
43.4863,-1.4674,1.17
43.5062,-1.4875,1.7
43.5077,-1.4313,2.0
43.4905,-1.4551,4.15
43.4867,-1.4792,11.8
43.4815,-1.4793,0.2
43.4903,-1.474,
43.4914,-1.4767,4.29
43.5095,-1.472,2.68
43.4909,-1.4788,4.14
43.4839,-1.4696,5.91
43.4769,-1.4874,0.94
43.4803,-1.4888,9.12
43.5083,-1.4882,1.5
43.4821,-1.486,3.49
43.4811,-1.4603,0.94
43.4886,-1.4678,2.19
43.4886,-1.4752,1.95
43.4791,-1.485,17.16
43.4946,-1.4905,2.37
43.4817,-1.4792,0.64
43.4992,-1.4671,1.23
43.5133,-1.446,1.2
43.4813,-1.4981,2.01
43.4943,-1.4835,1.25
43.4966,-1.4791,
43.4944,-1.4436,2.63
43.4998,-1.4794,2.4
43.4937,-1.4818,6.39
43.4971,-1.458,8.68
43.4948,-1.4827,2.95
43.5041,-1.4479,1.95
43.5021,-1.4685,0.85
43.5036,-1.4428,0.98
43.5096,-1.4332,8.38
43.5027,-1.463,0.79
43.4834,-1.4664,1.37
43.4675,-1.4846,
43.4853,-1.4706,
43.4787,-1.4558,0.1
43.4677,-1.4875,0.79
43.507,-1.4713,0.83
43.4801,-1.4842,
43.4584,-1.488,3.12
43.5135,-1.4362,0.78
43.4965,-1.4825,1.32
43.5022,-1.4685,2.63
43.4869,-1.4864,0.04
43.4964,-1.4747,9.09
43.4802,-1.4709,
43.488,-1.494,0.19
43.4808,-1.4758,9.47
43.5093,-1.4817,0.04
43.4816,-1.4655,2.55
43.4886,-1.482,0.89
43.4905,-1.4784,0.53
43.4857,-1.4915,1.29
43.493,-1.4527,0.28
43.4963,-1.4611,1.57
43.4934,-1.4804,6.66
43.4722,-1.4841,
43.4949,-1.4577,12.48
43.5032,-1.4468,1.71
43.4881,-1.4753,1.41
43.5128,-1.4342,0.91
43.498,-1.456,
43.4931,-1.4925,
43.4792,-1.4946,0.21
43.5004,-1.4911,9.92
43.4662,-1.4839,
43.5055,-1.4662,1.61
43.485,-1.4714,
43.4847,-1.486,23.86
43.4767,-1.4529,0.5
43.4848,-1.4753,0.18
43.4927,-1.4644,0.02
43.4904,-1.4821,11.91
43.5022,-1.4462,3.52
43.5072,-1.462,0.11
43.5089,-1.4658,0.61
43.4934,-1.4645,0.77
43.4978,-1.449,1.78
43.4904,-1.4758,
43.5095,-1.465,0.92
43.48,-1.4566,0.58
43.4992,-1.4932,2.91
43.4875,-1.4759,21.07
43.4944,-1.4773,0.67
43.4823,-1.4656,6.84
43.4827,-1.4862,3.18
43.4928,-1.4807,11.22
43.4862,-1.4654,3.53
43.4801,-1.4767,0.78
43.4873,-1.4844,0.43
43.4931,-1.4787,21.83
43.4889,-1.494,1.58
43.4981,-1.487,0.41
43.5083,-1.4338,0.73
43.4943,-1.4755,
43.5069,-1.4319,3.31
43.4952,-1.441,1.57
43.5038,-1.451,3.13
43.4838,-1.4966,3.16
43.4865,-1.4674,0.92
43.4722,-1.483,
43.4844,-1.4663,2.57
43.5023,-1.478,5.07
43.5101,-1.45,
43.4901,-1.456,5.57
43.4869,-1.4977,
43.4839,-1.4852,1.01
43.4879,-1.4751,0.87
43.4685,-1.4905,18.17
43.4963,-1.452,0.82
43.4863,-1.4617,1.95
43.4863,-1.4739,7.58
43.5046,-1.4467,1.43
43.4931,-1.4558,0.21
43.4927,-1.4807,9.67
43.4829,-1.488,
43.4868,-1.4568,1.01
43.5006,-1.4505,0.4
43.4973,-1.4682,21.2
43.4916,-1.4917,0.62
43.484,-1.4767,0.12
43.4979,-1.4199,0.85
43.4894,-1.453,1.74
43.4934,-1.4604,1.87
43.4832,-1.4768,0.36
43.4683,-1.4911,3.49
43.4801,-1.4849,1.07
43.4845,-1.49,9.75
43.4989,-1.4934,2.95
43.4908,-1.4704,10.77
43.4998,-1.4542,0.7
43.4928,-1.4799,
43.497,-1.4562,0.24
43.4953,-1.4353,0.41
43.4942,-1.4446,0.52
43.4963,-1.4561,5.89
43.4883,-1.4509,0.98
43.4902,-1.4519,1.26
43.4931,-1.4497,1.45
43.4969,-1.4273,2.12
43.4838,-1.4695,4.96
43.5123,-1.446,2.99
43.4894,-1.4699,
43.4985,-1.4873,12.89
43.5115,-1.4342,0.92
43.5117,-1.4873,0.43
43.491,-1.4747,3.0
43.4905,-1.4548,0.83
43.4968,-1.4868,2.5
43.4712,-1.4876,0.13
43.4936,-1.4885,1.97
43.4956,-1.4415,1.3
43.5003,-1.4684,0.93
43.4594,-1.4834,
43.5067,-1.4309,0.11
43.4973,-1.4616,0.33
43.4786,-1.4685,0.43
43.4896,-1.4675,0.66
43.4946,-1.4813,0.14
43.478,-1.4959,3.16
43.4934,-1.467,0.86
43.5012,-1.4565,1.41
43.4764,-1.4841,1.45
43.4777,-1.496,1.97
43.4975,-1.4583,
43.5066,-1.4785,0.82
43.484,-1.4907,1.37
43.4839,-1.4961,1.03
43.4742,-1.4808,
43.4911,-1.4445,0.66
43.5016,-1.4824,3.14
43.4933,-1.4597,1.98
43.4799,-1.4921,4.42
43.5046,-1.4326,0.96
43.4842,-1.476,
43.4944,-1.4779,3.39
43.4818,-1.4978,1.43
43.4987,-1.4404,11.81
43.4786,-1.45,29.5
43.4987,-1.4818,4.82
43.4698,-1.4849,
43.4974,-1.4841,13.7
43.488,-1.4964,
43.4929,-1.4547,2.23
43.4936,-1.4448,1.77
43.4937,-1.4775,0.64
43.5001,-1.4526,10.19
43.4809,-1.4577,2.32
43.5073,-1.4687,2.27
43.4654,-1.4928,0.29
43.4896,-1.4789,2.07
43.4944,-1.4793,11.32
43.4805,-1.4521,1.67
43.4791,-1.4551,2.54
43.4811,-1.4564,0.4
43.4906,-1.4894,1.46
43.5117,-1.4402,1.57
43.4884,-1.4916,2.43
43.4852,-1.4731,1.25
43.4826,-1.4834,0.58
43.4784,-1.4583,4.78
43.4795,-1.4744,2.39
43.4925,-1.4781,0.89
43.5013,-1.482,1.05
43.4949,-1.4408,5.51
43.4901,-1.4556,1.08
43.501,-1.4921,11.04
43.4768,-1.4915,0.21
43.4834,-1.4743,0.87
43.5032,-1.4261,1.78
43.495,-1.4795,0.47
43.4977,-1.4782,1.41
43.4961,-1.4778,
43.5045,-1.4649,0.65
43.5034,-1.4697,1.89
43.4944,-1.4908,0.83
43.4974,-1.4582,
43.5034,-1.4903,
43.4942,-1.4687,0.71
43.4872,-1.4924,0.96
43.4861,-1.4719,1.73
43.5022,-1.478,1.43
43.4873,-1.4681,1.14
43.4884,-1.4614,1.53
43.4868,-1.4571,1.83
43.4611,-1.4814,
43.4662,-1.4938,4.76
43.4942,-1.483,7.78
43.4873,-1.48,
43.5098,-1.4503,
43.4853,-1.472,0.21
43.4938,-1.476,22.06
43.5108,-1.4691,0.98
43.4879,-1.4734,8.81
43.5036,-1.4504,1.58
43.4989,-1.4366,0.11
43.4933,-1.4476,1.19
43.4831,-1.4963,1.33
43.4916,-1.4766,22.65
43.4847,-1.4792,29.78
43.4765,-1.4839,9.03
43.4779,-1.4929,1.81
43.4885,-1.491,2.9
43.5112,-1.4633,0.81
43.4671,-1.4946,3.5
43.4904,-1.4843,0.21
43.4839,-1.4719,
43.4899,-1.4627,
43.4968,-1.4761,2.67
43.4847,-1.4588,1.54
43.5128,-1.4341,0.27
43.4863,-1.4755,22.22
43.5083,-1.4359,0.37
43.5031,-1.4752,1.55
43.481,-1.4913,11.09
43.5106,-1.4309,1.9
43.493,-1.4769,1.1
43.4992,-1.4198,0.57
43.4816,-1.4951,0.66
43.466,-1.4872,2.62
43.4862,-1.4844,1.25
43.4944,-1.4437,0.11
43.4836,-1.5007,5.92
43.4917,-1.463,1.75
43.5021,-1.439,1.67
43.4817,-1.4782,1.36
43.5017,-1.4556,0.93
43.4876,-1.4643,12.9
43.4933,-1.4538,0.56
43.4839,-1.4865,21.58
43.5094,-1.4726,3.01
43.4844,-1.4762,28.43
43.4784,-1.4741,
43.4988,-1.4618,2.24
43.5071,-1.4579,0.79
43.5033,-1.4637,4.61
43.5014,-1.4489,1.9
43.4883,-1.4886,0.77
43.4788,-1.4906,1.89
43.4813,-1.4916,3.72
43.5107,-1.487,0.67
43.5003,-1.454,14.31
43.4708,-1.4917,0.15
43.4882,-1.4675,1.7
43.4921,-1.4698,29.26
43.5096,-1.4648,3.77
43.494,-1.4827,5.29
43.5,-1.4566,0.9
43.4702,-1.4924,0.59
43.4813,-1.4706,
43.4775,-1.494,0.2
43.5012,-1.4819,2.55
43.4837,-1.487,1.6
43.4753,-1.4525,21.6
43.4833,-1.4907,2.17
43.4994,-1.4819,4.93
43.4836,-1.487,8.17
43.4881,-1.4728,8.75
43.4772,-1.484,0.85
43.4808,-1.4998,4.54
43.5098,-1.4636,1.55
43.4881,-1.491,0.37
43.4771,-1.4839,6.13
43.4947,-1.4685,2.98
43.4863,-1.492,0.47
43.4857,-1.4915,1.39
43.5129,-1.4355,1.53
43.4863,-1.4926,1.4
43.5071,-1.4837,0.93
43.5084,-1.4676,0.66
43.5097,-1.433,0.67
43.4656,-1.4952,1.12
43.4526,-1.4938,2.24
43.5057,-1.4587,0.06
43.5042,-1.4429,0.34
43.4907,-1.4721,0.26
43.4887,-1.4673,0.09
43.5036,-1.4694,0.84
43.472,-1.4843,
43.4896,-1.4816,1.12
43.5051,-1.4629,0.64
43.4939,-1.4755,
43.4822,-1.4787,0.86
43.5066,-1.4594,0.17
43.4933,-1.4883,3.11
43.4999,-1.4568,1.13
43.4767,-1.4824,2.48
43.4821,-1.4788,0.07
43.4951,-1.4706,16.58
43.5055,-1.4863,1.56
43.5044,-1.4669,2.69
43.5118,-1.4457,3.82
43.4846,-1.4762,22.32
43.4959,-1.4548,1.24
43.4904,-1.4616,0.61
43.493,-1.4782,1.32
43.4783,-1.4937,4.89
43.4922,-1.479,24.84
43.4791,-1.4736,7.88
43.5088,-1.4916,
43.4792,-1.4559,2.33
43.4972,-1.4639,1.52
43.4799,-1.4838,2.06
43.4808,-1.483,0.58
43.4909,-1.4763,
43.4875,-1.4828,1.93
43.5079,-1.4633,0.54
43.4955,-1.471,1.86
43.4983,-1.4885,3.67
43.4833,-1.4634,1.14
43.4855,-1.4847,1.94
43.4885,-1.4555,0.25
43.5092,-1.4917,
43.4927,-1.4942,1.96
43.5073,-1.4538,0.32
43.4964,-1.484,17.21
43.4753,-1.4842,1.46
43.4755,-1.4702,
43.4945,-1.485,1.48
43.4878,-1.4926,0.35
43.4776,-1.4817,1.44
43.4908,-1.4638,0.58
43.4938,-1.4862,1.65
43.4959,-1.4518,0.73
43.4799,-1.453,0.68
43.4857,-1.4759,14.84
43.4942,-1.4569,
43.5051,-1.4322,1.1
43.4858,-1.4902,0.62
43.492,-1.473,15.38
43.5074,-1.4868,1.27
43.4937,-1.4608,0.67
43.5136,-1.4673,8.45
43.4937,-1.4762,0.13
43.483,-1.4782,1.06
43.4833,-1.454,1.38
43.4843,-1.4983,0.35
43.4858,-1.4778,5.83
43.494,-1.4792,3.6
43.4961,-1.4873,21.97
43.4915,-1.4899,2.16
43.4879,-1.4883,2.09
43.4893,-1.4727,
43.4872,-1.4756,3.74
43.4891,-1.4621,0.36
43.4912,-1.4883,0.79
43.4921,-1.477,0.56
43.4955,-1.4518,3.58
43.4904,-1.4766,
43.4901,-1.4958,
43.4963,-1.4383,2.89
43.4947,-1.4834,0.75
43.484,-1.4994,0.61
43.504,-1.4816,1.48
43.4933,-1.4576,2.74
43.4835,-1.4745,10.03
43.4834,-1.4463,0.3
43.4779,-1.4546,2.15
43.4833,-1.4478,0.18
43.4843,-1.4621,1.37
43.4797,-1.4945,0.63
43.4625,-1.4956,3.0
43.4965,-1.4873,20.62
43.4985,-1.4559,1.84
43.4828,-1.4951,1.1
43.4959,-1.4514,2.8
43.5033,-1.4494,0.53
43.494,-1.4524,1.93
43.4779,-1.4724,
43.5039,-1.4522,0.48
43.4873,-1.4805,15.02
43.5033,-1.4493,0.97
43.5057,-1.4756,0.83
43.4968,-1.4756,2.9
43.4786,-1.5005,
43.4787,-1.4964,1.26
43.494,-1.4757,
43.4834,-1.4775,3.8
43.4946,-1.48,
43.4866,-1.4558,0.05
43.4895,-1.471,
43.5056,-1.4734,0.16
43.4971,-1.4562,0.81
43.4846,-1.458,1.31
43.4806,-1.5024,1.61
43.4942,-1.4781,0.42
43.4928,-1.4789,3.44
43.5085,-1.4336,11.03
43.4865,-1.4829,1.0
43.465,-1.4858,
43.4883,-1.4769,1.0
43.49,-1.4808,
43.4877,-1.4636,9.4
43.4966,-1.4643,1.27
43.5037,-1.4521,2.3
43.4798,-1.4666,3.41
43.4923,-1.4797,
43.4935,-1.4772,3.82
43.4876,-1.476,
43.4892,-1.4557,1.91
43.4874,-1.4829,3.21
43.4806,-1.4826,17.03
43.4837,-1.4665,0.45
43.5072,-1.4298,0.01
43.4971,-1.4618,3.63
43.4784,-1.4987,1.4
43.4897,-1.4544,0.47
43.5096,-1.4331,1.79
43.4954,-1.4728,
43.5081,-1.4839,0.09
43.4865,-1.4706,0.3
43.5013,-1.479,3.66
43.5058,-1.4636,1.42
43.498,-1.4795,1.26
43.4762,-1.4813,1.41
43.4762,-1.4741,
43.492,-1.4729,26.5
43.48,-1.458,1.2
43.491,-1.477,
43.4839,-1.4722,
43.4929,-1.4556,1.49
43.4948,-1.4946,4.04
43.5072,-1.4662,3.04
43.4944,-1.4846,1.74
43.4867,-1.478,2.05
43.5095,-1.4716,2.48
43.4917,-1.4606,0.54
43.5075,-1.4344,7.2
43.4834,-1.4907,2.69
43.5021,-1.4476,0.34
43.4791,-1.4555,10.48
43.5131,-1.4627,1.43
43.4996,-1.4896,10.21
43.4906,-1.4758,
43.4991,-1.4357,0.13
43.4714,-1.4911,1.02
43.5008,-1.467,4.59
43.4746,-1.49,1.79
43.5035,-1.4691,1.24
43.4848,-1.4964,4.91
43.4951,-1.4852,0.23
43.4937,-1.4934,0.31
43.4831,-1.4768,2.37
43.4792,-1.4955,1.4
43.5017,-1.459,0.8
43.4909,-1.46,3.12
43.479,-1.4665,3.83
43.5095,-1.4331,0.83
43.4858,-1.4919,8.72
43.463,-1.4813,
43.5134,-1.4332,
43.4736,-1.4835,1.55
43.5059,-1.4854,0.79
43.4908,-1.4942,3.48
43.4953,-1.4633,1.68
43.4916,-1.4846,2.31
43.4939,-1.4866,1.47
43.4914,-1.4691,3.58
43.5136,-1.4328,
43.4871,-1.4815,28.29
43.4933,-1.4544,0.62
43.4666,-1.4908,22.68
43.509,-1.4333,0.72
43.4982,-1.4377,0.52
43.5078,-1.4447,1.47
43.4965,-1.4727,0.26
43.4904,-1.4801,
43.5032,-1.468,0.72
43.4812,-1.499,0.44
43.498,-1.4186,0.29
43.5029,-1.4757,2.73
43.4871,-1.4763,0.9
43.5004,-1.4913,0.21
43.4769,-1.4823,1.58
43.4933,-1.4786,20.59
43.4811,-1.4576,
43.5114,-1.4328,0.4
43.5008,-1.4918,11.99
43.4863,-1.4772,0.4
43.4961,-1.4357,4.98
43.4812,-1.4648,7.96
43.5014,-1.4822,2.81
43.5039,-1.4506,2.99
43.4977,-1.4224,0.91
43.5028,-1.441,1.42
43.4879,-1.4604,3.19
43.4764,-1.4841,1.48
43.4797,-1.4653,0.37
43.5072,-1.4605,0.54
43.5013,-1.4478,
43.496,-1.4798,
43.4862,-1.4618,26.34
43.4895,-1.4585,1.67
43.4806,-1.4888,2.66
43.4887,-1.4724,17.67
43.5015,-1.4543,1.38
43.4991,-1.4899,1.38
43.5107,-1.4656,1.22
43.5034,-1.4634,1.33
43.4944,-1.4674,27.2
43.4855,-1.493,1.77
43.4862,-1.4717,0.33
43.4974,-1.4682,26.82
43.5002,-1.4837,0.6
43.4912,-1.4694,13.14
43.5066,-1.4307,0.78
43.4951,-1.4409,1.65
43.4935,-1.4862,1.34
43.4846,-1.4966,0.31
43.4962,-1.4816,0.06
43.4948,-1.453,1.01
43.4954,-1.4579,23.05
43.5031,-1.4668,
43.496,-1.4324,1.42
43.4871,-1.4586,1.53
43.4969,-1.4503,2.39
43.4963,-1.4885,0.26
43.4853,-1.4757,2.88
43.4833,-1.454,1.36
43.4982,-1.4534,0.14
43.4905,-1.4451,1.47
43.508,-1.4355,3.9
43.4936,-1.4734,
43.4893,-1.4834,1.39
43.4873,-1.4696,24.91
43.5079,-1.4642,0.25
43.4967,-1.4826,1.9
43.4862,-1.4829,0.74
43.4989,-1.4678,
43.4902,-1.4736,
43.4918,-1.4595,1.92
43.4838,-1.4447,0.78
43.4998,-1.4384,1.32
43.4966,-1.4885,0.04
43.4839,-1.4753,
43.4972,-1.483,1.79
43.4895,-1.4708,
43.4905,-1.479,0.11
43.5023,-1.4784,4.26
43.4919,-1.4695,
43.4858,-1.4482,8.54
43.5034,-1.4646,1.82
43.4965,-1.4863,1.9
43.4961,-1.4876,0.23
43.4582,-1.4876,3.99
43.4954,-1.4632,1.41
43.5018,-1.4527,
43.5075,-1.4664,0.37
43.481,-1.4993,3.15
43.5076,-1.4346,3.52
43.4842,-1.479,1.41
43.5035,-1.4749,3.17
43.5036,-1.4699,0.53
43.4828,-1.4724,
43.4811,-1.4645,0.95
43.4864,-1.4787,1.36
43.4916,-1.4773,2.1
43.4991,-1.4399,7.95
43.4935,-1.4504,2.54
43.4897,-1.4512,0.0
43.4603,-1.482,
43.5127,-1.4354,0.95
43.4833,-1.4471,2.31
43.4796,-1.4841,1.25
43.5036,-1.4847,0.82
43.4836,-1.4469,0.35
43.5121,-1.4689,0.47
43.4948,-1.4809,
43.5071,-1.476,0.0
43.4901,-1.4753,
43.4976,-1.4554,0.63
43.4832,-1.4676,1.02
43.4788,-1.4732,25.81
43.4914,-1.487,2.28
43.4828,-1.4871,0.88
43.5037,-1.4836,2.88
43.4898,-1.4742,
43.4797,-1.487,18.22
43.4927,-1.4535,6.56
43.5094,-1.435,0.09
43.4984,-1.4811,
43.5122,-1.4391,0.03
43.5026,-1.4551,1.95
43.5105,-1.4919,
43.4939,-1.445,1.55
43.4865,-1.4765,0.88
43.4855,-1.4927,1.21
43.4958,-1.4723,8.29
43.4847,-1.4914,
43.4919,-1.4935,1.29
43.4797,-1.5014,0.92
43.4952,-1.4914,1.73
43.4983,-1.4676,0.17
43.4871,-1.4969,
43.4864,-1.4703,2.05
43.4944,-1.4717,1.68
43.4796,-1.4657,2.36
43.4783,-1.4842,1.27
43.495,-1.4422,1.31
43.4835,-1.4465,1.23
43.501,-1.4786,0.83
43.4643,-1.4953,2.88
43.5076,-1.4873,2.74
43.4767,-1.4824,0.82
43.4891,-1.4821,15.51
43.4842,-1.4475,0.94
43.4967,-1.4758,4.51
43.5031,-1.4845,1.6
43.4941,-1.4791,2.04
43.4734,-1.4805,
43.5017,-1.4594,0.83
43.4933,-1.4615,1.55
43.4829,-1.4911,1.13
43.5068,-1.4913,
43.508,-1.4665,0.71
43.4786,-1.4886,1.65
43.4815,-1.4584,4.32
43.488,-1.4619,
43.5087,-1.4814,1.2
43.4841,-1.4659,0.49
43.5065,-1.4686,1.97
43.5066,-1.4612,0.43
43.4954,-1.4519,2.3
43.4931,-1.4526,0.15
43.4843,-1.4717,
43.4819,-1.4876,2.16
43.4871,-1.4718,
43.4842,-1.4474,0.4
43.4958,-1.4801,2.49
43.4994,-1.4642,3.04
43.4839,-1.4768,2.55
43.4929,-1.4762,1.99
43.4942,-1.4877,1.02
43.4756,-1.4701,
43.4922,-1.4536,6.93
43.4989,-1.4359,1.78
43.4678,-1.4942,1.74
43.5112,-1.4885,0.56
43.4909,-1.4944,3.22
43.4815,-1.4789,0.33
43.497,-1.4594,
43.4944,-1.4536,1.32
43.4992,-1.4821,19.14
43.4877,-1.4616,17.52
43.4893,-1.4687,
43.5009,-1.467,4.72
43.4901,-1.4714,0.94
43.4899,-1.4945,2.61
43.4773,-1.4746,
43.4942,-1.4771,4.76
43.5058,-1.4866,0.81
43.4933,-1.473,3.7
43.5006,-1.4789,1.94
43.4881,-1.4732,1.18
43.4999,-1.4572,4.27
43.4909,-1.4703,20.8
43.4965,-1.4702,21.48
43.4939,-1.4915,4.06
43.4962,-1.4735,3.21
43.5056,-1.446,0.45
43.4929,-1.4724,5.23
43.4809,-1.4619,1.24
43.4982,-1.4676,0.98
43.4869,-1.4827,14.51
43.4962,-1.4734,3.29
43.4862,-1.4666,2.09
43.5079,-1.464,0.1
43.4924,-1.4937,2.15
43.4869,-1.4879,0.39
43.4939,-1.4888,1.39
43.4948,-1.4607,1.57
43.4933,-1.4674,0.76
43.4971,-1.4768,2.5
43.5073,-1.4837,0.29
43.4723,-1.4865,0.38
43.5006,-1.4541,
43.4887,-1.4837,2.21
43.4912,-1.4488,3.03
43.5122,-1.4712,0.74
43.5104,-1.4292,1.77
43.4817,-1.4867,1.31
43.4856,-1.4762,0.21
43.497,-1.4937,11.91
43.485,-1.4591,0.3
43.4995,-1.4634,2.3
43.4936,-1.4862,1.65
43.494,-1.4836,0.24
43.5117,-1.4713,0.61
43.4639,-1.4954,2.7
43.4827,-1.4739,10.2
43.4786,-1.4959,1.62
43.5058,-1.4614,1.78
43.4924,-1.4591,1.36
43.4961,-1.4652,1.46
43.4905,-1.469,
43.4894,-1.4533,1.63
43.5107,-1.4687,0.21
43.4902,-1.4519,2.3
43.4639,-1.4819,
43.4932,-1.454,0.16
43.475,-1.4796,
43.501,-1.4575,
43.4905,-1.4853,1.09
43.4697,-1.4928,1.38
43.4672,-1.4914,0.78
43.5116,-1.4445,0.7
43.4922,-1.487,2.92
43.4875,-1.4634,0.3
43.5004,-1.4912,9.79
43.4803,-1.5035,2.14
43.4942,-1.4694,0.51
43.4888,-1.4919,1.14
43.4928,-1.4879,2.85
43.4906,-1.4922,0.81
43.4867,-1.4841,0.63
43.4658,-1.4947,0.33
43.4859,-1.4755,12.9
43.4923,-1.4911,4.87
43.4958,-1.4364,0.67
43.5067,-1.4874,0.65
43.5062,-1.4855,6.13
43.5119,-1.4868,0.1
43.4838,-1.4837,0.51
43.5032,-1.4505,28.96
43.4809,-1.4606,5.46
43.5045,-1.4666,0.58
43.4944,-1.4668,1.82
43.4994,-1.437,0.58
43.4846,-1.485,2.04
43.4978,-1.46,0.26
43.5049,-1.4633,2.84
43.5011,-1.4674,0.77
43.4733,-1.4805,
43.4806,-1.5001,2.01
43.5033,-1.4508,16.11
43.4926,-1.4551,0.93
43.508,-1.4341,14.76
43.4975,-1.4789,9.05
43.4795,-1.4924,0.4
43.4922,-1.4789,19.01
43.492,-1.4534,0.95
43.4977,-1.4288,1.38
43.4956,-1.4613,1.22
43.5023,-1.4563,0.21
43.5038,-1.4838,3.1
43.499,-1.4644,
43.4801,-1.471,
43.4989,-1.4547,0.79
43.5034,-1.468,0.48
43.4849,-1.4661,6.17
43.4899,-1.4561,1.03
43.4931,-1.4534,6.77
43.4902,-1.4918,0.44
43.4697,-1.489,1.72
43.4937,-1.4886,1.8
43.4746,-1.4779,
43.4958,-1.4379,0.25
43.4922,-1.4623,
43.5,-1.4905,0.06
43.481,-1.4689,2.61
43.4518,-1.4954,3.97
43.4815,-1.4545,3.8
43.5063,-1.468,2.47
43.4925,-1.4939,1.92
43.4901,-1.4604,1.85
43.4841,-1.4459,4.48
43.4795,-1.4983,3.03
43.5043,-1.4472,0.78
43.4853,-1.4732,10.22
43.5017,-1.4462,1.69
43.4861,-1.4716,0.26
43.5025,-1.449,2.04
43.4806,-1.4548,6.07
43.4926,-1.4746,11.13
43.501,-1.4501,0.89
43.5025,-1.453,
43.4907,-1.482,11.18
43.5066,-1.4865,0.9
43.4896,-1.4816,10.78
43.5025,-1.4687,0.58
43.4946,-1.4424,2.59
43.4816,-1.4655,8.54
43.4604,-1.4894,2.35
43.4629,-1.4962,0.95
43.4614,-1.4919,1.31
43.4925,-1.4628,0.61
43.4757,-1.4699,
43.5037,-1.4467,3.81
43.4795,-1.4867,2.65
43.4882,-1.481,7.25
43.4844,-1.4826,4.35
43.4903,-1.4815,1.64
43.4783,-1.4842,5.06
43.4665,-1.4933,4.09
43.4827,-1.4882,
43.5094,-1.4725,4.34
43.4866,-1.4785,2.03
43.484,-1.451,0.56
43.5133,-1.4337,6.7
43.4867,-1.4702,2.3
43.4919,-1.4652,0.24
43.4936,-1.4799,3.79
43.5023,-1.4471,1.12
43.4947,-1.4714,2.64
43.4513,-1.4953,2.52
43.4988,-1.4811,0.04
43.496,-1.4768,
43.4874,-1.4949,2.1
43.4789,-1.4736,1.8
43.4927,-1.4643,0.09
43.4826,-1.4849,3.65
43.4795,-1.4996,28.6
43.4838,-1.4849,1.31
43.4899,-1.4769,
43.4845,-1.4724,
43.4889,-1.4526,1.05
43.4924,-1.4752,
43.494,-1.486,1.21
43.4911,-1.4571,0.96
43.4908,-1.4896,0.16
43.4951,-1.4686,
43.4845,-1.4717,
43.5028,-1.4424,4.17
43.4802,-1.488,
43.4809,-1.4604,0.87
43.4952,-1.4389,1.58
43.4845,-1.4806,1.33
43.4964,-1.4687,8.09
43.4937,-1.4752,
43.5105,-1.4718,2.66
43.4883,-1.4792,25.06
43.4962,-1.4705,1.42
43.494,-1.4829,5.2
43.5072,-1.4335,0.13
43.4971,-1.4771,2.64
43.495,-1.4776,
43.4602,-1.482,
43.4598,-1.4826,
43.4942,-1.4665,1.47
43.4675,-1.4923,0.45
43.4861,-1.4617,
43.5067,-1.4599,1.11
43.486,-1.4661,0.37
43.5115,-1.4441,1.74
43.4945,-1.4812,0.22
43.498,-1.4628,2.24
43.4656,-1.4834,5.0
43.4771,-1.4942,0.66
43.5066,-1.4858,2.81
43.4973,-1.468,9.77
43.4753,-1.4904,1.31
43.4948,-1.4674,0.26
43.4961,-1.477,
43.5043,-1.4849,0.58
43.5045,-1.4457,1.59
43.4937,-1.4921,13.47
43.4984,-1.4679,1.5
43.4967,-1.4513,0.41
43.5091,-1.4679,0.58
43.4869,-1.4945,0.43
43.4836,-1.4717,
43.5084,-1.4855,0.19
43.4946,-1.4752,
43.5043,-1.4662,2.33
43.4965,-1.4552,0.84
43.5004,-1.4835,0.91
43.4921,-1.4634,0.8
43.4988,-1.4917,1.33
43.509,-1.444,2.6
43.4955,-1.4708,0.4
43.4875,-1.4668,0.23
43.4917,-1.4735,0.73
43.486,-1.4729,0.43
43.4951,-1.4395,1.8
43.4877,-1.4601,3.57
43.491,-1.4543,3.04
43.4887,-1.4828,0.27
43.4834,-1.486,11.06
43.4926,-1.4807,3.14
43.476,-1.4848,0.18
43.4883,-1.4822,28.54
43.4884,-1.4828,2.29
43.474,-1.4786,
43.4809,-1.4782,2.49
43.4978,-1.46,3.52
43.4774,-1.4836,
43.482,-1.4537,0.48
43.4806,-1.4832,2.16
43.5062,-1.4665,0.92
43.4708,-1.488,0.58
43.4864,-1.4782,0.41
43.4678,-1.4942,1.85
43.504,-1.4429,0.3
43.4791,-1.5001,1.44
43.5081,-1.434,4.79
43.4971,-1.484,0.09
43.5031,-1.4511,11.82
43.4842,-1.4777,0.44
43.5035,-1.4508,0.86
43.4879,-1.4942,0.78
43.4892,-1.475,0.93
43.4924,-1.481,11.47
43.4946,-1.4889,
43.4903,-1.4722,0.38
43.4945,-1.4849,0.28
43.4905,-1.4687,
43.4943,-1.4882,1.49
43.5075,-1.4634,0.06
43.5058,-1.491,
43.506,-1.4726,1.1
43.4875,-1.4836,4.81
43.5027,-1.4501,26.09
43.4824,-1.4771,0.94
43.4858,-1.4909,3.19
43.4966,-1.4733,0.79
43.4877,-1.4532,0.81
43.4839,-1.4517,1.09
43.4714,-1.4913,3.18
43.4885,-1.4555,0.18
43.4942,-1.4947,2.28
43.4833,-1.4474,1.21
43.4876,-1.4614,0.28
43.5136,-1.4327,
43.4914,-1.469,5.37
43.4952,-1.4705,6.98
43.4874,-1.4556,0.1
43.4984,-1.4856,
43.502,-1.4549,
43.4801,-1.4843,
43.499,-1.49,1.47
43.4696,-1.493,2.0
43.504,-1.4737,0.83
43.5099,-1.4668,2.5
43.4835,-1.4543,0.2
43.4913,-1.4909,4.7
43.4767,-1.4687,0.53
43.502,-1.4813,0.02
43.4966,-1.4815,28.74
43.4944,-1.4783,18.73
43.4907,-1.4537,4.26
43.4999,-1.465,2.11
43.4982,-1.491,3.87
43.4944,-1.4805,0.59
43.4962,-1.4862,2.45
43.4761,-1.4512,1.15
43.4919,-1.4957,6.03
43.4934,-1.4729,1.67
43.4939,-1.4565,1.07
43.4938,-1.4914,3.06
43.4929,-1.4757,
43.4892,-1.4777,
43.4956,-1.4327,0.04
43.4888,-1.4678,1.74
43.495,-1.4575,0.22
43.4921,-1.4633,0.77
43.4624,-1.4812,
43.4888,-1.4965,
43.4951,-1.4683,
43.4812,-1.4802,1.29
43.4766,-1.4895,0.57
43.4872,-1.4802,
43.4873,-1.4591,1.33
43.4881,-1.4584,0.85
43.5119,-1.4684,4.77
43.4916,-1.4443,1.68
43.4826,-1.4894,
43.502,-1.4791,12.54
43.5146,-1.4612,0.67
43.4924,-1.4813,
43.5046,-1.468,0.53
43.4853,-1.4935,3.38
43.4861,-1.4769,18.2
43.4705,-1.4848,
43.5082,-1.4638,0.82
43.485,-1.4945,3.0
43.4894,-1.4805,0.1
43.4836,-1.4764,27.12
43.4899,-1.4714,1.15
43.5028,-1.4668,
43.4813,-1.4634,1.63
43.4809,-1.4952,1.63
43.5015,-1.4894,
43.4901,-1.4727,19.95
43.4947,-1.4666,1.18
43.4863,-1.4665,1.48
43.4896,-1.4815,0.4
43.5072,-1.4595,
43.4907,-1.486,0.76
43.5021,-1.4499,1.38
43.4677,-1.4941,1.21
43.487,-1.4742,3.83
43.5022,-1.4803,1.17
43.4843,-1.4985,3.37
43.4793,-1.4499,13.95
43.498,-1.4787,1.62
43.5043,-1.485,1.26
43.4841,-1.4698,3.78
43.4954,-1.4353,0.48
43.4924,-1.4745,7.73
43.5011,-1.4485,
43.4958,-1.4693,16.38
43.4909,-1.4783,13.51
43.4961,-1.4735,6.86
43.4898,-1.467,2.36
43.4783,-1.5014,2.9
43.5054,-1.4461,1.51
43.4809,-1.4605,3.78
43.5004,-1.4816,12.23
43.4813,-1.4964,1.0
43.4898,-1.4716,0.03
43.4763,-1.452,0.19
43.5052,-1.4457,
43.4977,-1.4311,0.84
43.4941,-1.4759,
43.5042,-1.4654,0.52
43.4855,-1.4661,1.08
43.4932,-1.4651,0.71
43.4849,-1.4614,1.01
43.4929,-1.475,3.66
43.491,-1.4819,11.39
43.5059,-1.4665,1.33
43.48,-1.5014,2.38
43.4903,-1.4894,0.26
43.5102,-1.4721,0.71
43.4929,-1.4445,2.08
43.4842,-1.4492,0.97
43.4894,-1.4763,
43.4853,-1.4713,
43.493,-1.4746,
43.4966,-1.4595,
43.5024,-1.4515,
43.4871,-1.4584,1.65
43.5115,-1.4349,0.84
43.5041,-1.4481,2.76
43.4962,-1.4867,22.05
43.4993,-1.4358,0.15
43.4971,-1.4877,2.01
43.4795,-1.4499,13.33
43.51,-1.471,0.32
43.4743,-1.4853,2.25
43.4737,-1.483,1.31
43.4968,-1.4626,1.06
43.4968,-1.4836,1.14
43.4939,-1.4723,0.32
43.4821,-1.4878,3.62
43.4773,-1.4685,0.59
43.4836,-1.4861,1.55
43.4992,-1.4503,2.38
43.4954,-1.4802,5.07
43.5021,-1.4833,1.48
43.4928,-1.4646,0.33
43.4982,-1.4912,3.25
43.5017,-1.4569,14.21
43.488,-1.4749,4.04
43.5016,-1.4789,3.55
43.4834,-1.5008,2.2
43.5002,-1.4516,0.64
43.4947,-1.4421,3.05
43.5079,-1.4665,0.03
43.4883,-1.4538,1.09
43.4867,-1.4834,3.29
43.4828,-1.4788,1.02
43.5114,-1.4873,7.96
43.5035,-1.4637,4.01
43.4979,-1.4631,1.09
43.4978,-1.4826,3.29
43.5074,-1.4663,0.14
43.4979,-1.4785,1.26
43.508,-1.4879,4.33
43.4905,-1.462,0.2
43.4913,-1.4915,1.36
43.4988,-1.4883,0.2
43.4635,-1.496,1.91
43.5008,-1.4844,
43.5061,-1.4446,1.77
43.4896,-1.4712,
43.4827,-1.4561,0.83
43.4921,-1.4724,0.34
43.4796,-1.4999,6.52
43.4902,-1.4856,0.32
43.4843,-1.4474,8.43
43.4877,-1.4642,0.47
43.4983,-1.4917,3.62
43.492,-1.4894,2.5
43.4955,-1.4883,2.73
43.4881,-1.488,1.61
43.4897,-1.463,
43.4607,-1.4817,
43.4939,-1.4622,0.98
43.4724,-1.4826,
43.4833,-1.4494,2.46
43.4943,-1.4752,
43.5072,-1.4299,1.08
43.4951,-1.4706,8.22
43.4991,-1.4472,1.89
43.496,-1.4819,0.17
43.5002,-1.4514,0.62
43.4881,-1.4757,5.92
43.481,-1.4807,2.6
43.4904,-1.4712,1.11
43.4892,-1.4964,
43.4905,-1.4675,1.89
43.4939,-1.4773,0.14
43.4825,-1.4862,0.85
43.5128,-1.4349,0.62
43.4932,-1.4932,29.99
43.5089,-1.4594,0.02
43.4937,-1.4726,0.45
43.4914,-1.4797,
43.4971,-1.4501,2.24
43.4829,-1.4526,2.51
43.4987,-1.4678,
43.49,-1.4823,12.73
43.4847,-1.4764,2.73
43.4797,-1.487,26.0
43.5066,-1.4762,0.78
43.4686,-1.4839,
43.4943,-1.4759,
43.5028,-1.4903,
43.4936,-1.4605,0.35
43.4983,-1.462,2.34
43.4872,-1.4704,
43.4942,-1.4794,10.46
43.4905,-1.4619,1.13
43.4814,-1.4687,0.47
43.4868,-1.4773,0.8
43.5041,-1.4728,5.23
43.4904,-1.485,1.52
43.5119,-1.4873,0.7
43.4942,-1.4644,0.23
43.4817,-1.485,0.97
43.5022,-1.4614,1.21
43.4909,-1.478,16.11
43.4775,-1.4918,1.98
43.5094,-1.4636,1.75
43.4824,-1.4859,14.81
43.4609,-1.4815,
43.4789,-1.4815,1.45
43.5011,-1.4818,0.45
43.4859,-1.4737,0.63
43.4592,-1.4837,
43.4905,-1.4749,9.53
43.4848,-1.4781,1.13
43.499,-1.4601,2.88
43.5028,-1.471,1.35
43.4815,-1.4575,
43.4829,-1.4742,20.03
43.4908,-1.4678,1.05
43.4955,-1.4855,0.43
43.4906,-1.4535,1.46
43.4859,-1.4755,17.57
43.4973,-1.4499,1.84
43.4981,-1.4617,0.94
43.499,-1.4598,2.96
43.4898,-1.4548,1.5
43.4894,-1.4763,
43.488,-1.4811,23.18
43.49,-1.4924,0.61
43.4929,-1.4637,1.98
43.507,-1.4686,0.11
43.4841,-1.4852,2.36
43.4885,-1.4751,0.64
43.4946,-1.4533,0.62
43.5065,-1.4587,4.35
43.4798,-1.4504,0.12
43.4936,-1.4766,0.26
43.4886,-1.4647,
43.4941,-1.4449,0.98
43.4928,-1.4763,1.69
43.4969,-1.4258,0.54
43.4831,-1.4958,2.5
43.4608,-1.4952,1.37
43.4991,-1.4884,14.56
43.4925,-1.4442,1.51
43.5043,-1.4659,2.04
43.4801,-1.4528,1.18
43.5031,-1.4636,0.02
43.4882,-1.461,3.36
43.4804,-1.4944,2.0
43.476,-1.45,2.09
43.4766,-1.4528,0.09
43.4758,-1.4779,
43.5065,-1.4685,2.26
43.4856,-1.4827,1.91
43.4643,-1.4824,
43.5024,-1.4493,25.1
43.4663,-1.495,1.0
43.5116,-1.4445,0.55
43.4937,-1.4649,0.44
43.505,-1.4633,1.45
43.4508,-1.4933,0.02
43.4902,-1.4582,1.24
43.4939,-1.4522,2.0
43.501,-1.4493,0.66
43.4795,-1.4856,9.52
43.4859,-1.4907,1.5
43.4843,-1.4781,0.64
43.4806,-1.503,1.47
43.4899,-1.4791,9.17
43.4911,-1.4845,2.09
43.4786,-1.4727,
43.5085,-1.4645,1.01
43.4933,-1.4587,1.61
43.477,-1.4536,0.66
43.4965,-1.4514,0.22
43.4951,-1.4354,0.59
43.5069,-1.4792,0.7
43.4834,-1.4732,
43.4758,-1.4702,
43.4794,-1.4739,8.53
43.4961,-1.4653,0.96
43.4866,-1.4778,1.38
43.5083,-1.4375,1.36
43.502,-1.468,2.35
43.4929,-1.489,1.0
43.4737,-1.4856,6.15
43.4935,-1.4556,2.1
43.496,-1.4729,3.47
43.4885,-1.4689,
43.5047,-1.4846,0.71
43.4763,-1.4863,1.35
43.4774,-1.4829,
43.4867,-1.4785,10.5
43.493,-1.4801,3.65
43.4945,-1.4797,
43.4946,-1.4525,6.77
43.4772,-1.4837,23.99
43.5037,-1.47,4.46
43.4961,-1.4879,0.52
43.4971,-1.4799,
43.4947,-1.4658,20.79
43.4738,-1.4899,0.87
43.4907,-1.4718,0.42
43.5038,-1.4508,3.21
43.4811,-1.4682,2.19
43.5118,-1.4399,1.64
43.4811,-1.4937,0.46
43.4887,-1.4889,2.56
43.4648,-1.4873,23.36
43.4888,-1.4755,
43.499,-1.4642,
43.4967,-1.464,1.92
43.4863,-1.466,1.33
43.4799,-1.4954,1.24
43.4924,-1.4798,
43.5039,-1.4225,2.7
43.4975,-1.4787,7.26
43.4908,-1.4638,0.65
43.4969,-1.4932,
43.5026,-1.4839,1.4
43.4948,-1.4875,2.1
43.5026,-1.4429,1.18
43.4795,-1.4537,0.72
43.4895,-1.4695,
43.4865,-1.4741,14.68
43.4876,-1.4598,2.64
43.4787,-1.4884,1.5
43.5018,-1.4557,15.33
43.4728,-1.4817,
43.5004,-1.4383,1.59
43.4893,-1.4544,2.14
43.4794,-1.4842,1.23
43.4617,-1.4812,
43.5024,-1.4818,5.68
43.4873,-1.481,1.04
43.5048,-1.446,0.13
43.488,-1.4753,0.39
43.5061,-1.4308,1.08
43.4925,-1.4754,
43.5027,-1.4426,1.34
43.4999,-1.4505,0.77
43.4663,-1.4839,
43.5084,-1.4657,1.75
43.4852,-1.4821,0.76
43.4807,-1.4787,0.97
43.5091,-1.4335,0.29
43.4904,-1.4551,1.7
43.4714,-1.4913,3.04
43.5071,-1.4799,0.28
43.4895,-1.4771,
43.4923,-1.4792,
43.4797,-1.4851,
43.4812,-1.4826,1.94
43.5041,-1.45,3.38
43.4998,-1.4805,3.78
43.4767,-1.4687,0.62
43.4972,-1.4356,0.71
43.4789,-1.5012,1.64
43.5013,-1.4597,0.91
43.507,-1.4327,0.55
43.4756,-1.4785,
43.4895,-1.4553,1.52
43.4885,-1.4624,
43.4681,-1.4914,3.18
43.5021,-1.4683,0.6
43.4919,-1.4693,
43.4886,-1.4591,2.0
43.4804,-1.4876,
43.5053,-1.4759,1.41
43.484,-1.4612,0.5
43.4928,-1.4721,2.13
43.4507,-1.495,1.59
43.4995,-1.4929,2.35
43.4751,-1.4844,0.4
43.4933,-1.4883,1.04
43.4901,-1.4708,7.55
43.4887,-1.4965,
43.4855,-1.4603,0.1
43.5028,-1.4482,
43.511,-1.4317,0.12
43.4859,-1.4745,1.19
43.4842,-1.4494,1.12
43.4842,-1.4495,0.64
43.4782,-1.4847,
43.4815,-1.4574,
43.4975,-1.478,0.28
43.4854,-1.4933,1.71
43.4939,-1.4664,0.22
43.4947,-1.478,3.17
43.4938,-1.4779,0.76
43.4912,-1.4817,2.99
43.4915,-1.4766,10.85
43.4846,-1.4725,
43.4807,-1.4833,2.37
43.493,-1.466,2.13
43.4901,-1.476,
43.4928,-1.489,0.59
43.5073,-1.4595,
43.492,-1.4626,
43.4838,-1.4757,
43.4585,-1.4861,
43.5065,-1.4737,0.0
43.5035,-1.4517,3.65
43.4885,-1.4552,0.04
43.5024,-1.4482,1.29
43.4961,-1.4375,1.33
43.4875,-1.4633,7.08
43.4945,-1.479,1.96
43.4673,-1.4833,
43.4961,-1.4698,0.73
43.5068,-1.4453,1.44
43.4785,-1.4724,
43.466,-1.4946,3.79
43.4796,-1.5012,4.82
43.4912,-1.4956,1.23
43.5057,-1.4588,0.05
43.4931,-1.4748,28.79
43.5059,-1.4707,2.08
43.4929,-1.472,13.74
43.4838,-1.4997,6.3
43.4884,-1.4816,4.8
43.5112,-1.4414,0.87
43.4877,-1.461,2.61
43.4858,-1.4723,0.45
43.4597,-1.4828,
43.5117,-1.445,2.44
43.4861,-1.4739,15.01
43.5087,-1.4814,1.26
43.4924,-1.4813,
43.4879,-1.464,1.1
43.4948,-1.4627,1.16
43.4801,-1.4743,20.6
43.4865,-1.4855,1.07
43.4898,-1.4729,
43.4861,-1.4904,10.63
43.4904,-1.4624,20.36
43.4914,-1.4793,
43.4935,-1.4596,1.42
43.4799,-1.4945,0.69
43.4934,-1.4521,0.71
43.4933,-1.4864,1.2
43.4812,-1.4589,2.73
43.495,-1.4528,0.14
43.4864,-1.4945,0.44
43.494,-1.4721,7.58
43.4794,-1.5026,2.58
43.4916,-1.4639,3.22
43.5038,-1.4678,2.94
43.4873,-1.4832,18.22
43.4999,-1.4578,1.15
43.5001,-1.4528,12.23
43.4939,-1.491,5.68
43.4881,-1.4601,1.48
43.4866,-1.4621,0.55
43.4846,-1.4914,
43.4846,-1.4719,
43.5072,-1.4875,1.09
43.4756,-1.4843,6.84
43.4984,-1.4577,1.26
43.4976,-1.4781,1.58
43.4911,-1.4623,0.2
43.4971,-1.4249,0.24
43.5026,-1.4625,0.66
43.4814,-1.4613,0.71
43.4829,-1.4825,3.82
43.484,-1.4752,
43.5097,-1.4713,0.35
43.5019,-1.4561,1.55
43.4898,-1.4803,
43.5004,-1.4682,0.7
43.5069,-1.4915,
43.467,-1.488,6.6
43.4837,-1.4857,2.99
43.4895,-1.4889,0.41
43.4764,-1.4524,0.09
43.4864,-1.492,0.36
43.4972,-1.4814,
43.5005,-1.4885,
43.4851,-1.4826,12.85
43.4807,-1.4514,1.27
43.493,-1.4938,2.14
43.4846,-1.4785,9.17
43.4705,-1.4923,2.22
43.4913,-1.4761,
43.5075,-1.4592,
43.4816,-1.4793,0.21
43.5087,-1.4677,1.08
43.4762,-1.477,
43.51,-1.4639,2.69
43.4852,-1.4788,
43.4991,-1.4582,0.24
43.4821,-1.4914,0.68
43.4949,-1.4709,5.85
43.4838,-1.4845,0.86
43.4969,-1.452,1.1
43.5071,-1.4596,22.96
43.5016,-1.4792,25.21
43.4887,-1.4591,1.41
43.4888,-1.4565,10.26
43.4884,-1.4668,0.43
43.49,-1.491,0.29
43.4986,-1.4919,1.16
43.495,-1.4775,
43.5038,-1.4509,3.18
43.4951,-1.4694,2.6
43.4852,-1.4756,0.49
43.4921,-1.4726,9.23
43.4791,-1.4997,1.58
43.5036,-1.4673,0.89
43.4892,-1.4908,1.24
43.4743,-1.4898,2.76
43.4918,-1.48,
43.4867,-1.4868,1.4
43.4929,-1.4783,0.96
43.4891,-1.4559,2.1
43.4768,-1.4913,2.57
43.5064,-1.4775,1.28
43.4882,-1.4756,9.41
43.4792,-1.4991,12.11
43.4977,-1.485,18.6
43.4722,-1.4831,
43.502,-1.439,1.44
43.4842,-1.4498,1.26
43.4832,-1.4742,0.76
43.506,-1.4874,1.57
43.5007,-1.4519,
43.4957,-1.487,1.0
43.4883,-1.4595,0.44
43.4927,-1.4745,21.06
43.4932,-1.4615,1.43
43.4881,-1.4815,9.37
43.4894,-1.4719,2.72
43.4963,-1.4869,23.07
43.4963,-1.4383,2.46
43.4981,-1.4598,2.5
43.4948,-1.4595,
43.4949,-1.4716,
43.5031,-1.4426,0.51
43.4836,-1.4547,0.88
43.4893,-1.4763,
43.4924,-1.4562,0.57
43.4702,-1.4848,
43.5102,-1.4657,0.4
43.4858,-1.4878,0.88
43.4893,-1.4572,0.64
43.4999,-1.4364,0.35
43.5041,-1.4496,0.9
43.4952,-1.4685,
43.4923,-1.4592,1.51
43.484,-1.4442,0.42
43.4866,-1.4558,0.59
43.4804,-1.4745,0.91
43.4866,-1.4564,0.34
43.4981,-1.4841,
43.5013,-1.4673,0.11
43.4885,-1.4791,1.28
43.4869,-1.4722,
43.4973,-1.4778,2.87
43.504,-1.4465,4.69
43.4909,-1.4759,
43.5112,-1.4873,0.0
43.4813,-1.4674,2.41
43.4889,-1.451,0.7
43.4859,-1.4719,0.63
43.4845,-1.482,1.92
43.5058,-1.4588,1.27
43.4898,-1.4782,14.63
43.4984,-1.4487,2.12
43.5032,-1.4638,1.08
43.4766,-1.4913,0.41
43.5,-1.4522,0.99
43.4846,-1.459,0.17
43.5063,-1.4772,0.69
43.4914,-1.4813,2.44
43.4939,-1.4545,1.3
43.5087,-1.4519,
43.4801,-1.5013,4.52
43.4991,-1.4822,22.57
43.4871,-1.4856,1.25
43.4901,-1.4821,0.68
43.4806,-1.5033,1.82
43.492,-1.4594,1.84
43.4858,-1.4947,1.34
43.5076,-1.4874,0.61
43.4798,-1.4653,0.52
43.4935,-1.4603,0.19
43.4855,-1.4736,19.41
43.5028,-1.4402,1.02
43.498,-1.461,0.59
43.4859,-1.4826,8.76
43.4967,-1.4581,2.07
43.5011,-1.4888,
43.486,-1.4779,23.39
43.5035,-1.4835,3.57
43.5021,-1.4493,1.24
43.4882,-1.4584,0.48
43.483,-1.4876,1.72
43.4923,-1.4618,28.39
43.4858,-1.4738,0.51
43.5051,-1.4667,0.17
43.502,-1.4488,8.33
43.4867,-1.4831,16.72
43.4931,-1.4936,1.18
43.4955,-1.4414,1.32
43.4781,-1.499,2.36
43.4795,-1.5023,2.03
43.4915,-1.4759,
43.4947,-1.4672,1.22
43.4999,-1.4649,2.4
43.4754,-1.4794,0.85
43.5061,-1.4613,0.17
43.4874,-1.4633,1.11
43.4951,-1.4409,1.58
43.4843,-1.4597,1.02
43.4943,-1.4824,1.18
43.4968,-1.4887,17.13
43.4887,-1.4796,2.97
43.491,-1.4881,15.96
43.4873,-1.4848,0.75
43.4923,-1.4536,4.36
43.4903,-1.4783,0.85
43.4812,-1.4648,1.08
43.4771,-1.4716,
43.4865,-1.4826,10.14
43.4936,-1.4841,0.49
43.5014,-1.4823,1.1
43.4931,-1.4621,2.28
43.4968,-1.4687,1.49
43.4782,-1.4997,13.16
43.4804,-1.4653,1.44
43.5021,-1.4615,2.35
43.5038,-1.4637,0.77
43.5115,-1.4334,0.15
43.503,-1.4844,1.37
43.5018,-1.4477,29.43
43.4897,-1.477,
43.4962,-1.4512,1.63
43.4933,-1.4779,0.04
43.5056,-1.4735,0.57
43.4941,-1.4452,1.9
43.4868,-1.4744,14.88
43.4902,-1.4801,
43.5096,-1.4583,0.17
43.5015,-1.4391,0.36
43.4848,-1.4764,1.05
43.5001,-1.4462,2.47
43.4818,-1.454,0.92
43.4817,-1.4857,1.2
43.5041,-1.4833,0.76
43.4811,-1.4937,1.02
43.4922,-1.4793,
43.4936,-1.4842,0.52
43.4948,-1.4839,1.04
43.4686,-1.4953,19.0
43.492,-1.4594,1.56
43.4914,-1.4755,
43.4938,-1.4601,0.39
43.4971,-1.4353,0.77
43.4898,-1.4535,0.4
43.4863,-1.4944,0.33
43.4948,-1.4334,1.46
43.4991,-1.4497,3.84
43.4893,-1.4511,0.72
43.4929,-1.4842,0.5
43.5075,-1.4804,0.77
43.5093,-1.435,0.23
43.4765,-1.4874,1.32
43.4992,-1.4891,0.24
43.4975,-1.429,0.66
43.4778,-1.5003,1.61
43.4905,-1.4819,2.06
43.4895,-1.457,2.83
43.4826,-1.4836,1.13
43.4872,-1.4515,2.07
43.4899,-1.4779,0.39
43.4819,-1.4686,1.12
43.4817,-1.4836,1.12
43.5129,-1.4377,0.25
43.4966,-1.4387,1.92
43.4929,-1.4791,1.55
43.5065,-1.4612,0.25
43.4985,-1.4568,3.52
43.4907,-1.4691,
43.4937,-1.4801,0.68
43.5039,-1.4719,2.22
43.4994,-1.4671,0.12
43.4975,-1.4555,0.76
43.4893,-1.4666,0.7
43.4964,-1.4396,0.55
43.511,-1.4685,0.17
43.5004,-1.4521,
43.5023,-1.4487,4.87
43.5077,-1.4914,
43.4916,-1.4774,0.35
43.4799,-1.4747,1.51
43.4609,-1.4895,2.06
43.5068,-1.4837,2.08
43.4792,-1.5008,1.38
43.4816,-1.4898,
43.4961,-1.4351,1.75
43.4868,-1.4801,0.02
43.4891,-1.4801,0.78
43.48,-1.4771,3.47
43.4845,-1.4905,2.57
43.488,-1.4733,8.8
43.4876,-1.4587,1.53
43.4791,-1.4855,2.63
43.4921,-1.4744,0.04
43.5126,-1.463,1.75
43.498,-1.4526,0.85
43.4973,-1.4777,2.38
43.4716,-1.4845,
43.489,-1.493,0.96
43.451,-1.4929,2.72
43.4868,-1.457,0.93
43.4925,-1.4815,
43.491,-1.4729,0.54
43.4923,-1.4868,3.75
43.4809,-1.4756,0.01
43.4578,-1.4865,
43.4945,-1.4681,1.81
43.4833,-1.467,1.6
43.4916,-1.4508,
43.5119,-1.4887,0.0
43.4756,-1.4783,
43.5017,-1.4583,0.2
43.4919,-1.4643,2.41
43.5056,-1.4663,1.27
43.4926,-1.4732,0.34
43.4832,-1.4848,0.33
43.4827,-1.4838,1.05
43.5003,-1.4684,1.02
43.4956,-1.4778,
43.4596,-1.4955,0.97
43.4986,-1.4878,0.11
43.5016,-1.4572,
43.4987,-1.4679,
43.5055,-1.4727,4.56
43.4772,-1.4916,1.67
43.4948,-1.4663,19.83
43.4874,-1.4908,3.5
43.4902,-1.4715,0.28
43.4975,-1.4298,5.42
43.4961,-1.481,0.71
43.5022,-1.4791,0.09
43.5047,-1.4665,1.08
43.5128,-1.4348,0.5
43.4845,-1.4996,3.15
43.5004,-1.4799,6.7
43.4798,-1.5013,4.48
43.4931,-1.462,0.85
43.4823,-1.4771,3.99
43.4934,-1.4939,1.21
43.4835,-1.4874,1.49
43.4864,-1.4793,4.97
43.4946,-1.4776,11.1
43.5007,-1.4564,1.23
43.4783,-1.4746,
43.4846,-1.4897,9.11
43.4897,-1.4786,1.23
43.4673,-1.4943,0.49
43.5074,-1.4805,0.52
43.486,-1.4746,0.75
43.484,-1.477,0.39
43.476,-1.4502,2.51
43.5019,-1.4787,0.87
43.4874,-1.4619,0.06
43.4781,-1.4685,0.27
43.5032,-1.4518,0.79
43.5017,-1.4676,0.83
43.5058,-1.457,0.22
43.4975,-1.4395,
43.4752,-1.477,
43.4846,-1.4827,1.85
43.493,-1.4659,3.64
43.5066,-1.4302,1.4
43.5006,-1.4916,0.84
43.5003,-1.4505,2.16
43.5024,-1.4768,3.39
43.4714,-1.4874,0.15
43.4869,-1.4633,0.75
43.4712,-1.4914,0.12
43.496,-1.4732,7.0
43.4987,-1.488,0.07
43.4959,-1.4799,26.39
43.5013,-1.4562,25.54
43.4868,-1.4624,0.41
43.498,-1.462,0.57
43.4925,-1.4795,
43.4879,-1.4739,5.0
43.5001,-1.4382,1.89
43.4846,-1.4889,5.66
43.4907,-1.454,20.65
43.5067,-1.4721,0.2
43.4957,-1.484,0.9
43.4931,-1.48,1.07
43.507,-1.4859,0.13
43.489,-1.451,0.73
43.4995,-1.4636,1.64
43.5034,-1.4493,1.18
43.4964,-1.4912,1.15
43.4921,-1.4745,9.77
43.4983,-1.4929,5.06
43.5007,-1.4559,
43.4984,-1.4924,5.29
43.4616,-1.4908,2.39
43.4966,-1.4696,1.73
43.4925,-1.4755,
43.4943,-1.488,0.5
43.4731,-1.4861,0.97
43.4887,-1.4657,0.94
43.4886,-1.4819,7.73
43.508,-1.4915,
43.489,-1.4754,
43.4931,-1.4886,2.07
43.4937,-1.4944,4.01
43.4943,-1.4918,15.37
43.4788,-1.4986,2.36
43.4672,-1.4915,0.78
43.5077,-1.4697,1.92
43.4888,-1.4734,
43.5044,-1.4613,1.98
43.4969,-1.4637,2.4
43.4959,-1.4805,1.6
43.5019,-1.4553,
43.4966,-1.4581,1.26
43.5065,-1.4838,1.23
43.4933,-1.4566,0.43
43.498,-1.4382,2.08
43.4912,-1.4869,1.78
43.4795,-1.4763,0.07
43.4868,-1.4923,0.61
43.5022,-1.4783,1.31
43.5009,-1.4518,
43.4956,-1.4599,
43.4925,-1.4591,1.18
43.4842,-1.4483,0.84
43.5076,-1.4838,0.75
43.4882,-1.4942,0.27
43.4934,-1.4938,9.77
43.4941,-1.4768,0.44
43.5023,-1.4834,1.71
43.4992,-1.46,0.39
43.4871,-1.4859,1.67
43.5108,-1.4914,
43.4878,-1.4741,9.92
43.4717,-1.4913,23.72
43.4897,-1.4677,0.64
43.5036,-1.4748,3.0
43.5075,-1.4803,1.03
43.5063,-1.4875,1.8
43.4892,-1.468,1.59
43.5041,-1.4734,5.35
43.4847,-1.4586,1.02
43.5014,-1.4783,1.22
43.4804,-1.4752,0.1
43.4975,-1.4586,
43.4725,-1.4824,
43.5006,-1.4814,2.07
43.4985,-1.456,0.02
43.4875,-1.4831,2.39
43.4903,-1.4525,0.31
43.4872,-1.4804,16.12
43.5048,-1.4762,0.99
43.5072,-1.4612,2.15
43.4837,-1.501,0.33
43.4885,-1.4793,0.66
43.5028,-1.4629,0.38
43.4955,-1.4794,2.31
43.4884,-1.4784,0.58
43.4892,-1.4735,
43.4829,-1.4663,1.57
43.4939,-1.456,1.74
43.4871,-1.4768,0.54
43.4903,-1.4818,2.38
43.4969,-1.476,2.16
43.4843,-1.5005,2.25
43.4949,-1.4544,1.85
43.4948,-1.4678,1.68
43.5097,-1.4689,1.91
43.5012,-1.4801,1.02
43.5035,-1.4903,
43.5023,-1.4526,0.49
43.4793,-1.4557,9.55
43.491,-1.474,3.02
43.484,-1.4905,2.78
43.4908,-1.4706,6.74
43.4971,-1.4771,1.62
43.4789,-1.4815,1.38
43.5025,-1.4392,4.33
43.4813,-1.4931,1.59
43.4801,-1.4675,2.3
43.4929,-1.4841,1.0
43.5122,-1.4704,0.14
43.4889,-1.4581,1.52
43.5033,-1.4427,0.51
43.5054,-1.4757,0.1
43.4909,-1.4763,
43.4854,-1.4785,
43.5077,-1.4815,2.16
43.4833,-1.4509,1.82
43.4915,-1.4618,0.76
43.481,-1.4681,4.4
43.4842,-1.447,3.15
43.4983,-1.4577,0.87
43.4836,-1.4531,1.23
43.5041,-1.4499,3.36
43.4966,-1.4867,1.49
43.5029,-1.4518,18.97
43.4993,-1.4562,0.21
43.491,-1.4868,3.52
43.4944,-1.4804,0.46
43.4986,-1.4365,0.18
43.4838,-1.4969,2.95
43.4905,-1.4852,0.68
43.4901,-1.4949,1.73
43.5011,-1.4548,
43.4657,-1.4948,0.21
43.4841,-1.4657,3.62
43.5,-1.4664,1.61
43.5026,-1.454,0.63
43.5,-1.4548,1.19
43.478,-1.4958,0.87
43.4698,-1.4887,6.78
43.4907,-1.4717,0.75
43.4847,-1.4714,
43.4841,-1.4627,0.1
43.4889,-1.4765,
43.4861,-1.4901,1.37
43.5123,-1.4632,0.86
43.4942,-1.4834,5.72
43.4908,-1.4538,1.28
43.4992,-1.4471,1.81
43.4899,-1.4547,0.06
43.4958,-1.4564,1.86
43.4768,-1.4953,1.26
43.5037,-1.4822,1.55
43.4937,-1.4867,0.39
43.5005,-1.4493,
43.4972,-1.4595,
43.511,-1.4317,2.65
43.5015,-1.4573,
43.5028,-1.4495,2.67
43.475,-1.4902,0.69
43.4845,-1.4576,0.32
43.4866,-1.4636,2.34
43.4985,-1.4365,0.13
43.4863,-1.4739,7.06
43.4935,-1.4516,0.48
43.4799,-1.4893,4.78
43.507,-1.4325,0.61
43.4974,-1.4782,2.48
43.4999,-1.4565,9.51
43.494,-1.4751,
43.4808,-1.4997,2.05
43.5053,-1.4711,0.56
43.5067,-1.4876,1.56
43.4811,-1.4808,2.13
43.4801,-1.5014,3.75
43.4851,-1.4479,8.62
43.4842,-1.4491,2.4
43.4832,-1.477,3.09
43.4861,-1.4847,17.83
43.4937,-1.4927,2.63
43.5086,-1.4652,1.15
43.4923,-1.4704,28.22
43.4978,-1.4891,2.44
43.4983,-1.4619,2.1
43.5135,-1.446,0.5
43.4858,-1.4713,1.3
43.4677,-1.4942,1.92
43.4921,-1.4624,
43.4841,-1.4508,6.67
43.4905,-1.4625,13.61
43.4932,-1.4722,
43.4801,-1.4515,1.6
43.4927,-1.4731,14.22
43.4684,-1.4874,2.75
43.5026,-1.4612,0.42
43.4685,-1.4955,19.46
43.5054,-1.4609,1.63
43.4949,-1.469,0.38
43.4869,-1.4683,4.99
43.4933,-1.4655,1.52
43.4981,-1.4863,17.25
43.4845,-1.4799,13.11
43.4985,-1.4474,1.53
43.4933,-1.4531,7.57
43.4668,-1.4929,1.42
43.4931,-1.4883,2.97
43.4939,-1.4529,2.25
43.4912,-1.4523,6.45
43.512,-1.4397,1.98
43.4584,-1.4862,
43.4888,-1.496,
43.4788,-1.4985,1.05
43.5023,-1.4452,1.25
43.466,-1.4872,3.35
43.4939,-1.4681,0.47
43.4941,-1.4875,1.0
43.5041,-1.4485,1.46
43.4977,-1.4493,3.07
43.5004,-1.465,
43.4878,-1.4942,0.5
43.4938,-1.465,0.37
43.4917,-1.4516,
43.4827,-1.4785,0.72
43.4951,-1.4759,
43.4935,-1.4676,0.05
43.4625,-1.4957,3.21
43.4941,-1.4654,1.25
43.4919,-1.4812,1.19
43.4846,-1.48,23.47
43.4838,-1.4858,1.97
43.485,-1.4747,
43.509,-1.4815,1.65
43.494,-1.4784,3.69
43.4801,-1.492,4.8
43.4939,-1.4947,0.45
43.4956,-1.4868,0.9
43.4684,-1.4936,0.75
43.5037,-1.4746,5.39
43.478,-1.4746,
43.4841,-1.446,4.58
43.5055,-1.473,0.01
43.4907,-1.4803,12.8
43.4886,-1.469,
43.4852,-1.4945,1.54
43.4979,-1.4623,0.62
43.4797,-1.4999,0.61
43.4812,-1.4579,29.84
43.4922,-1.4793,
43.4916,-1.4765,
43.4797,-1.4783,3.35
43.4787,-1.4993,
43.4797,-1.4945,0.28
43.4955,-1.473,
43.4869,-1.4626,0.79
43.4944,-1.4907,3.2
43.4656,-1.4928,0.23
43.4937,-1.4637,0.49
43.4946,-1.4885,23.52
43.4997,-1.4539,25.53
43.5013,-1.4479,
43.505,-1.4284,5.81
43.4939,-1.4459,0.14
43.5073,-1.4605,0.73
43.5112,-1.4631,0.84
43.5019,-1.4467,0.48
43.4981,-1.4627,2.64
43.4904,-1.4752,29.67
43.4972,-1.4346,0.14
43.4948,-1.4771,
43.5043,-1.4466,1.46
43.5128,-1.4348,1.05
43.4867,-1.4548,0.46
43.4906,-1.4757,
43.4903,-1.4732,8.45
43.4986,-1.4903,1.51
43.5035,-1.4658,1.71
43.4884,-1.4793,14.89
43.4957,-1.4355,0.62
43.4602,-1.4955,0.16
43.4718,-1.4907,0.37
43.4889,-1.482,23.05
43.4902,-1.4675,0.05
43.4965,-1.4367,0.51
43.5022,-1.4675,2.35
43.4946,-1.4882,0.8
43.4964,-1.4725,0.76
43.5005,-1.465,
43.4884,-1.491,4.4
43.4671,-1.4833,
43.4958,-1.4897,0.39
43.4864,-1.479,5.94
43.4981,-1.4903,0.46
43.4779,-1.4754,
43.48,-1.4567,1.76
43.4669,-1.4945,0.03
43.4846,-1.4965,5.73
43.5044,-1.4665,2.36
43.5147,-1.4669,4.41
43.4841,-1.499,0.45
43.4928,-1.4806,2.99
43.5026,-1.4207,1.37
43.4927,-1.4566,0.94
43.4803,-1.4791,2.31
43.5014,-1.4571,
43.4942,-1.4538,1.35
43.493,-1.477,1.26
43.4822,-1.4534,1.24
43.5019,-1.452,
43.4874,-1.4704,
43.4906,-1.4607,7.77
43.5095,-1.4334,20.52
43.4943,-1.4666,1.52
43.4856,-1.4605,0.75
43.4963,-1.4719,1.1
43.501,-1.4674,1.74
43.4662,-1.4874,2.33
43.479,-1.4737,1.65
43.4872,-1.4744,2.63
43.4995,-1.4564,23.01
43.4598,-1.4892,5.98
43.4842,-1.4491,0.96
43.4897,-1.4816,12.37
43.499,-1.4885,0.06
43.4938,-1.4463,2.08
43.4833,-1.4661,6.76
43.4912,-1.4869,5.82
43.4963,-1.4562,1.02
43.4969,-1.4803,
43.4744,-1.4898,2.68
43.4793,-1.4561,1.89
43.4982,-1.4846,
43.4982,-1.4466,1.08
43.4754,-1.4845,0.87
43.5014,-1.4561,
43.4942,-1.486,1.46
43.5033,-1.4509,16.24
43.4884,-1.4676,6.1
43.4883,-1.4824,27.03
43.4912,-1.4769,29.51
43.4997,-1.4543,1.44
43.4975,-1.4937,3.41
43.4919,-1.4911,1.42
43.4978,-1.4796,19.49
43.4937,-1.4846,0.17
43.4766,-1.4954,0.78
43.4869,-1.4688,3.58
43.4898,-1.4716,0.55
43.5024,-1.4566,2.47
43.4879,-1.4566,2.98
43.493,-1.472,25.44
43.5041,-1.4848,1.12
43.4579,-1.4865,19.83
43.4923,-1.4615,1.9
43.4847,-1.4785,13.05
43.5003,-1.4382,4.33
43.4712,-1.4913,0.22
43.4937,-1.4687,1.38
43.5043,-1.483,0.0
43.4983,-1.4918,3.98
43.4794,-1.4856,2.23
43.4871,-1.4542,1.35
43.4848,-1.479,
43.4808,-1.4605,1.2
43.5086,-1.4599,0.0
43.4898,-1.4795,17.98
43.4886,-1.4726,0.02
43.5026,-1.4516,25.85
43.4958,-1.4652,0.91
43.4938,-1.4798,12.88
43.4648,-1.4853,22.33
43.4983,-1.491,4.19
43.4897,-1.4922,0.45
43.4809,-1.4753,0.82
43.5023,-1.4492,25.07
43.4904,-1.482,2.24
43.505,-1.4465,2.36
43.4953,-1.4644,3.16
43.4865,-1.4795,1.31
43.4847,-1.4809,10.8
43.4946,-1.4888,
43.503,-1.4513,12.24
43.4788,-1.4732,18.79
43.4905,-1.4686,
43.4951,-1.4643,0.78
43.4879,-1.4688,
43.4843,-1.4979,5.45
43.5026,-1.4484,25.08
43.485,-1.4919,
43.4824,-1.4853,3.95
43.4862,-1.4981,
43.4965,-1.4513,0.41
43.5023,-1.477,0.6
43.4763,-1.4955,1.82
43.4938,-1.4761,16.01
43.5109,-1.4855,0.52
43.4944,-1.4841,1.89
43.4923,-1.4532,6.36
43.4836,-1.4785,0.63
43.4937,-1.4648,0.37
43.4764,-1.4836,4.13
43.4971,-1.4826,29.02
43.4781,-1.4527,0.0
43.4868,-1.4573,1.84
43.5027,-1.4524,13.35
43.5012,-1.4575,
43.486,-1.4748,1.42
43.4951,-1.4394,0.46
43.4937,-1.4468,1.54
43.4903,-1.4911,0.12
43.4798,-1.4935,1.62
43.4844,-1.4977,0.82
43.4803,-1.465,1.15
43.4807,-1.4671,0.87
43.4766,-1.4825,0.57
43.4971,-1.4876,1.17
43.4791,-1.4717,
43.4946,-1.4707,
43.4903,-1.461,2.32
43.4902,-1.473,20.03
43.4817,-1.4851,1.5
43.4883,-1.4909,1.37
43.5087,-1.4652,0.8
43.5025,-1.447,0.96
43.5064,-1.4553,0.22
43.4783,-1.5006,10.91
43.4945,-1.4431,0.32
43.4676,-1.4846,
43.492,-1.4812,7.54
43.4845,-1.4815,0.43
43.4833,-1.491,1.92
43.4944,-1.4755,
43.4932,-1.4602,1.74
43.4985,-1.4544,2.25
43.4841,-1.4703,2.0
43.4816,-1.484,0.94
43.494,-1.4681,1.31
43.4938,-1.4685,1.62
43.4973,-1.4838,17.85
43.5033,-1.475,2.09
43.495,-1.4402,1.11
43.4887,-1.4742,
43.4818,-1.4877,1.37
43.4879,-1.4485,2.01
43.4992,-1.4549,27.99
43.482,-1.4845,1.18
43.4931,-1.4858,0.05
43.4794,-1.4994,
43.4814,-1.4964,1.9
43.492,-1.4775,29.83
43.499,-1.4638,22.18
43.5077,-1.4629,0.86
43.5106,-1.4884,0.53
43.5018,-1.4776,0.23
43.4965,-1.4344,0.89
43.4818,-1.4912,1.56
43.5028,-1.4515,0.78
43.4919,-1.4917,2.32
43.4959,-1.471,3.03
43.4867,-1.4782,1.74
43.4783,-1.4938,5.33
43.4906,-1.4636,0.45
43.5094,-1.4724,2.54
43.4886,-1.4655,1.05
43.4924,-1.4843,0.87
43.4887,-1.4933,0.94
43.481,-1.4639,0.7
43.4888,-1.4659,0.36
43.5045,-1.4676,0.31
43.4953,-1.4699,1.34
43.506,-1.4299,0.95
43.4739,-1.4856,2.55
43.5042,-1.4472,0.21
43.5085,-1.4677,0.76
43.4917,-1.4797,
43.4938,-1.4619,0.67
43.49,-1.4541,1.48
43.4899,-1.4818,6.26
43.4941,-1.4781,0.26
43.5008,-1.4486,
43.4938,-1.4813,8.05
43.4802,-1.4526,0.98
43.4975,-1.4613,0.0
43.4774,-1.4741,
43.4792,-1.4842,4.04
43.4887,-1.489,9.02
43.4918,-1.491,4.87
43.4933,-1.4655,1.51
43.5111,-1.4651,0.62
43.4821,-1.4873,0.34
43.492,-1.4858,1.19
43.4604,-1.4819,
43.4831,-1.486,17.45
43.4941,-1.4766,7.46
43.4916,-1.4772,2.25
43.4882,-1.4675,1.92
43.4909,-1.481,1.36
43.4876,-1.4837,1.99
43.4938,-1.4864,1.13
43.4822,-1.4825,0.16
43.4912,-1.4941,1.24
43.4822,-1.4876,5.32
43.4827,-1.4912,0.43
43.4917,-1.4506,
43.4991,-1.4488,1.24
43.4996,-1.4569,
43.4951,-1.438,3.16
43.4916,-1.4862,1.97
43.4902,-1.4709,0.57
43.4815,-1.4543,1.74
43.4936,-1.4916,1.12
43.4858,-1.4734,0.41
43.4966,-1.4506,3.23
43.4969,-1.4864,2.19
43.4913,-1.4443,1.04
43.51,-1.4481,
43.4865,-1.4693,2.42
43.4947,-1.4916,3.54
43.4881,-1.4881,1.41
43.492,-1.4789,29.95
43.5102,-1.469,0.02
43.4961,-1.4851,1.7
43.496,-1.4807,1.28
43.483,-1.484,1.93
43.5018,-1.4205,1.09
43.4871,-1.4518,2.15
43.4967,-1.4834,2.14
43.5021,-1.4832,1.42
43.477,-1.4951,1.51
43.4955,-1.4414,1.11
43.4935,-1.4923,0.3
43.4693,-1.4876,0.28
43.4756,-1.47,
43.4756,-1.4694,
43.5084,-1.4859,0.02
43.4938,-1.4614,0.28
43.487,-1.4805,0.42
43.5,-1.4504,0.45
43.4969,-1.4581,1.91
43.4603,-1.4955,0.15
43.4874,-1.4506,1.65
43.4808,-1.4573,0.26
43.497,-1.483,0.09
43.5107,-1.4656,1.29
43.4877,-1.491,4.3
43.494,-1.4666,18.74
43.4922,-1.4707,2.06
43.496,-1.4721,2.52
43.4678,-1.4875,4.39
43.4808,-1.4905,
43.5066,-1.4597,12.45
43.4891,-1.4689,
43.4968,-1.483,0.12
43.4847,-1.4718,
43.5007,-1.4795,0.21
43.4859,-1.474,0.55
43.4785,-1.473,14.26
43.4928,-1.473,16.55
43.5041,-1.4483,1.77
43.4919,-1.4568,2.07
43.494,-1.4825,8.01
43.4655,-1.484,24.3
43.5067,-1.4623,0.03
43.4808,-1.4603,16.35
43.4889,-1.4647,
43.4964,-1.4395,0.94
43.5022,-1.4527,0.73
43.4879,-1.4704,
43.4817,-1.4668,2.38
43.4898,-1.4547,0.83
43.4842,-1.4598,1.03
43.5014,-1.4499,1.03
43.4784,-1.4742,
43.5008,-1.4383,1.28
43.4683,-1.4912,3.49
43.5012,-1.4552,22.11
43.4934,-1.4779,1.18
43.5118,-1.4713,0.61
43.4935,-1.4676,0.11
43.4911,-1.4624,9.59
43.4962,-1.4433,0.73
43.4849,-1.4754,0.1
43.4848,-1.4809,23.61
43.4803,-1.5016,3.79
43.4961,-1.4872,28.41
43.4837,-1.453,0.97
43.4996,-1.4199,0.34
43.479,-1.4669,3.74
43.5032,-1.452,1.67
43.4932,-1.4446,2.52
43.5017,-1.4562,20.02
43.493,-1.4951,0.2
43.4897,-1.4818,1.15
43.4859,-1.4782,
43.495,-1.488,0.54
43.499,-1.4915,2.28
43.4808,-1.4855,0.59
43.4963,-1.4714,1.41
43.4973,-1.4777,0.41
43.5058,-1.4866,0.15
43.5008,-1.4489,
43.5097,-1.4472,
43.4963,-1.4704,2.04
43.4917,-1.4788,28.77
43.4969,-1.4745,1.0
43.5028,-1.4631,2.47
43.4762,-1.4689,1.08
43.5063,-1.4679,1.98
43.495,-1.4574,1.01
43.4936,-1.4901,0.64
43.4985,-1.4475,0.93
43.4687,-1.4873,1.1
43.4896,-1.4715,23.55
43.4891,-1.496,
43.4874,-1.4931,0.81
43.5018,-1.4828,1.18
43.4876,-1.4587,1.83
43.4791,-1.4985,3.86
43.504,-1.4503,2.89
43.476,-1.4907,3.36
43.4666,-1.4908,28.18
43.4969,-1.4824,23.23
43.4896,-1.4825,0.49
43.5059,-1.4617,0.45
43.5002,-1.4362,1.84
43.4934,-1.4604,0.35
43.5065,-1.4741,1.21
43.4618,-1.4812,
43.492,-1.4758,
43.4781,-1.4518,1.7
43.5052,-1.4289,2.58
43.507,-1.4324,0.74
43.4938,-1.4694,
43.4799,-1.4894,1.88
43.4833,-1.4502,1.97
43.4971,-1.445,1.49
43.5113,-1.4686,2.83
43.4945,-1.4883,1.29
43.4653,-1.4952,2.96
43.4986,-1.482,2.52
43.49,-1.4559,1.27
43.5032,-1.4507,23.82
43.4941,-1.4776,0.91
43.4952,-1.4698,0.36
43.4842,-1.4988,3.51
43.4811,-1.4857,0.32
43.5071,-1.4607,1.64
43.5036,-1.4688,0.65
43.4945,-1.4946,1.66
43.4905,-1.4733,18.79
43.4791,-1.45,0.31
43.4957,-1.4651,1.0
43.5018,-1.4535,2.97
43.479,-1.4735,0.5
43.4814,-1.5012,0.77
43.4733,-1.4859,1.16
43.4867,-1.4555,0.12
43.4996,-1.4554,
43.4796,-1.4536,0.8
43.5034,-1.4696,2.0
43.4871,-1.4937,0.45
43.4837,-1.4749,23.82
43.4934,-1.4867,0.3
43.5006,-1.4542,
43.4648,-1.4852,22.42
43.4858,-1.4752,20.25
43.5028,-1.4526,15.62
43.4833,-1.4513,2.41
43.5048,-1.463,0.84
43.4786,-1.4744,
43.4819,-1.4915,0.96
43.4863,-1.4826,9.82
43.4976,-1.4846,15.48
43.4927,-1.4567,1.23
43.4847,-1.4784,14.16
43.4846,-1.4703,0.88
43.4894,-1.4971,
43.5056,-1.4295,2.61
43.496,-1.4697,3.7
43.485,-1.4727,0.48
43.4965,-1.4391,0.36
43.4884,-1.4527,0.98
43.4961,-1.4699,2.79
43.4931,-1.4841,0.58
43.4661,-1.4956,0.53
43.497,-1.4764,2.47
43.4787,-1.4721,
43.4879,-1.4641,0.67
43.5094,-1.4587,0.29
43.4919,-1.4856,0.24
43.4814,-1.4557,1.77
43.4615,-1.4904,1.19
43.4926,-1.4891,0.31
43.4708,-1.4879,0.65
43.4812,-1.4764,0.85
43.4952,-1.4643,0.46
43.4869,-1.4906,1.72
43.4914,-1.4959,1.24
43.5071,-1.48,0.14
43.4902,-1.4754,
43.5026,-1.439,0.34
43.4874,-1.4938,0.13
43.4707,-1.4848,
43.4905,-1.4761,
43.4965,-1.4874,20.33
43.5078,-1.4352,1.41
43.4594,-1.4958,2.12
43.4965,-1.4749,8.99
43.4848,-1.4791,
43.4871,-1.4704,
43.4937,-1.4588,4.2
43.4894,-1.4935,2.25
43.4796,-1.4855,16.58
43.4968,-1.4778,
43.4938,-1.4582,2.08
43.4862,-1.4769,0.94
43.4897,-1.4753,
43.4862,-1.4894,1.43
43.4531,-1.4942,2.02
43.4875,-1.4973,
43.5039,-1.4475,2.42
43.499,-1.4934,2.9
43.493,-1.4658,3.0
43.4928,-1.4924,1.69
43.4811,-1.4603,8.57
43.4929,-1.4804,2.67
43.4837,-1.455,7.23
43.4932,-1.4774,0.3
43.5096,-1.4636,0.64
43.4858,-1.4757,
43.4566,-1.4857,
43.4901,-1.4626,29.3
43.4975,-1.4496,2.15
43.5061,-1.4837,1.97
43.4903,-1.4632,2.65
43.4938,-1.4819,6.29
43.4806,-1.4663,2.94
43.4915,-1.4909,5.29
43.4842,-1.4469,2.03
43.4935,-1.4633,0.1
43.5118,-1.4458,4.92
43.4574,-1.4864,
43.4936,-1.464,1.17
43.4717,-1.4909,2.07
43.5108,-1.4422,2.98
43.4869,-1.4533,2.2
43.4932,-1.4587,1.66
43.5019,-1.4773,0.47
43.4869,-1.4535,2.2
43.4813,-1.4543,1.36
43.512,-1.4353,0.41
43.479,-1.488,2.22
43.478,-1.4944,1.3
43.5102,-1.4711,0.28
43.4759,-1.4726,
43.4713,-1.4914,2.83
43.4788,-1.5013,3.29
43.5078,-1.4675,0.41
43.489,-1.4775,
43.4967,-1.4899,1.94
43.4961,-1.4772,
43.4924,-1.4893,0.62
43.4898,-1.4818,6.68
43.4927,-1.4954,0.79
43.4978,-1.4522,13.35
43.4914,-1.4916,0.77
43.5022,-1.4451,1.99
43.4815,-1.4632,2.8
43.5024,-1.4565,2.89
43.5015,-1.4205,0.81
43.4761,-1.4851,0.54
43.4848,-1.4727,15.29
43.4749,-1.4899,2.37
43.4864,-1.4616,6.01
43.4831,-1.4524,0.56
43.4936,-1.4839,0.08
43.4832,-1.4729,
43.4967,-1.4836,1.65
43.4972,-1.4773,0.16
43.4874,-1.4839,5.99
43.4786,-1.5002,
43.4658,-1.492,1.49
43.4957,-1.4692,22.93
43.4939,-1.4885,1.14
43.5052,-1.485,4.85
43.4803,-1.4524,1.18
43.495,-1.4629,2.68
43.4936,-1.4598,4.25
43.5007,-1.4919,3.65
43.493,-1.4622,0.87
43.4916,-1.4524,
43.5107,-1.4685,1.12
43.496,-1.4757,
43.5011,-1.4785,0.81
43.4972,-1.4682,11.41
43.4813,-1.4821,2.64
43.4952,-1.4783,1.02
43.5046,-1.4677,8.06
43.4939,-1.4753,
43.4811,-1.4647,1.31
43.5,-1.4924,3.15
43.4795,-1.4765,0.09
43.5035,-1.4662,3.1
43.4958,-1.4863,0.15
43.5007,-1.4533,
43.4929,-1.4898,0.4
43.481,-1.4779,0.87
43.4932,-1.4784,23.58
43.5059,-1.4619,0.36
43.5075,-1.4866,1.88
43.5025,-1.4624,0.59
43.4856,-1.4704,
43.4657,-1.4921,1.19
43.5029,-1.453,1.59
43.498,-1.4865,0.17
43.5085,-1.4364,4.41
43.4852,-1.4764,7.08
43.4975,-1.4584,
43.5083,-1.4359,2.5
43.4785,-1.4993,
43.4689,-1.4945,
43.4813,-1.4587,0.67
43.5064,-1.4682,1.62
43.5054,-1.4457,23.41
43.4783,-1.4846,
43.4949,-1.4704,13.99
43.5088,-1.4867,0.68
43.4986,-1.479,1.65
43.4954,-1.4584,
43.4781,-1.4958,3.49
43.5003,-1.4814,0.67
43.4903,-1.4793,16.04
43.4904,-1.4869,2.25
43.4609,-1.4936,2.09
43.5008,-1.4531,
43.4886,-1.4548,0.09
43.4996,-1.4384,1.38
43.4868,-1.4874,1.59
43.4723,-1.4829,
43.5052,-1.4604,22.7
43.4924,-1.4735,1.35
43.5067,-1.469,1.13
43.4677,-1.4847,
43.4932,-1.4651,0.63
43.4901,-1.4486,0.35
43.4941,-1.4837,1.47
43.4675,-1.4921,2.11
43.5097,-1.4662,0.72
43.4899,-1.4622,0.66
43.4956,-1.4893,0.29
43.4772,-1.4748,
43.4924,-1.4723,0.38
43.495,-1.4945,2.26
43.4849,-1.4952,3.34
43.507,-1.4551,0.44
43.4615,-1.4907,1.96
43.4861,-1.4768,16.25
43.4894,-1.4779,20.17
43.5003,-1.4799,2.37
43.5032,-1.4528,1.51
43.505,-1.4695,5.38
43.4639,-1.4961,0.26
43.4905,-1.4451,1.25
43.49,-1.4601,1.87
43.4754,-1.4789,
43.484,-1.4646,1.32
43.5028,-1.451,23.17
43.4986,-1.4596,1.76
43.503,-1.4706,1.35
43.4985,-1.4622,9.55
43.4845,-1.472,
43.5027,-1.4426,1.37
43.464,-1.4958,4.01
43.4886,-1.4561,0.81
43.498,-1.4351,0.48
43.4885,-1.4779,23.97
43.4937,-1.4847,0.23
43.4937,-1.4658,2.08
43.4995,-1.4818,0.06
43.5051,-1.47,1.19
43.5027,-1.4395,1.07
43.4951,-1.4425,1.07
43.4969,-1.4637,0.48
43.4926,-1.4592,6.91
43.4943,-1.4706,
43.4853,-1.4914,3.87
43.4923,-1.4651,1.65
43.5076,-1.4341,0.17
43.5001,-1.4928,19.86
43.4997,-1.4586,2.04
43.4914,-1.4768,1.27
43.492,-1.4537,3.75
43.468,-1.4919,17.38
43.4867,-1.4799,0.51
43.4846,-1.4973,4.04
43.4991,-1.4398,13.88
43.4941,-1.4762,27.85
43.4866,-1.4846,0.18
43.4941,-1.4782,0.14
43.4889,-1.4776,
43.503,-1.4825,5.58
43.5113,-1.4686,2.85
43.4949,-1.4703,5.82
43.4858,-1.4911,0.9
43.4934,-1.4692,
43.5064,-1.4763,1.13
43.4928,-1.4568,0.61
43.5075,-1.4527,
43.5023,-1.4775,4.3
43.4825,-1.4851,4.14
43.4792,-1.4987,19.5
43.487,-1.4863,1.74
43.5102,-1.4348,1.32
43.4938,-1.4805,5.32
43.49,-1.4709,16.29
43.4786,-1.5046,6.84
43.5074,-1.4914,
43.4991,-1.4383,1.91
43.4877,-1.4484,1.94
43.4968,-1.426,0.47
43.4708,-1.4924,26.37
43.4931,-1.4753,1.51
43.4882,-1.4817,0.52
43.4936,-1.4812,6.95
43.4866,-1.4922,0.25
43.4996,-1.4571,
43.4654,-1.4953,0.57
43.4897,-1.4684,20.27
43.478,-1.4942,1.29
43.4847,-1.4793,25.91
43.502,-1.452,
43.4897,-1.4746,24.97
43.4938,-1.4778,0.79
43.4606,-1.4958,1.25
43.4997,-1.49,0.84
43.4783,-1.5007,7.62
43.4773,-1.484,1.19
43.4759,-1.4843,1.91
43.4813,-1.4569,
43.4883,-1.478,0.52
43.493,-1.4776,0.28
43.4964,-1.476,
43.4918,-1.4846,0.12
43.5055,-1.4757,0.0
43.4828,-1.4658,6.79
43.4846,-1.4814,0.47
43.4984,-1.4802,2.39
43.5061,-1.4726,1.53
43.499,-1.4495,1.96
43.4838,-1.4561,0.54
43.4906,-1.4884,1.0
43.4806,-1.4518,0.45
43.4903,-1.4552,1.69
43.4908,-1.4692,
43.4831,-1.4833,0.43
43.4829,-1.4842,1.98
43.5014,-1.4384,1.74
43.4885,-1.491,0.99
43.5084,-1.4521,
43.493,-1.4753,5.01
43.4624,-1.4958,2.07
43.495,-1.4421,1.52
43.4644,-1.4954,2.41
43.4876,-1.4554,1.4
43.4741,-1.4899,0.85
43.4822,-1.4787,1.13
43.4869,-1.4755,
43.4903,-1.4606,1.38
43.4862,-1.4978,
43.487,-1.4721,
43.4793,-1.5023,1.62
43.4932,-1.4609,0.75
43.4834,-1.4896,20.78
43.503,-1.4706,1.37
43.4969,-1.4621,4.42
43.4808,-1.4575,2.51
43.4953,-1.4353,0.13
43.4775,-1.4685,1.01
43.4976,-1.431,1.54
43.487,-1.483,5.41
43.5158,-1.4661,3.31
43.4968,-1.4634,2.53
43.4935,-1.4521,0.63
43.5034,-1.4466,1.56
43.5015,-1.4519,
43.4904,-1.4706,2.0
43.5039,-1.4625,
43.4944,-1.4771,0.79
43.4747,-1.4899,2.41
43.5077,-1.4684,0.92
43.515,-1.4604,1.04
43.4788,-1.4554,1.13
43.4789,-1.4675,0.89
43.4929,-1.4737,
43.4808,-1.4746,1.24
43.5022,-1.4391,1.68
43.482,-1.497,2.97
43.4519,-1.4953,2.98
43.4967,-1.46,0.21
43.4819,-1.4969,2.71
43.5037,-1.4512,3.1
43.494,-1.4915,12.06
43.4871,-1.4485,2.94
43.4901,-1.4678,12.84
43.4947,-1.4648,1.26
43.4801,-1.4869,
43.496,-1.4825,1.55
43.4862,-1.4713,0.19
43.4811,-1.4806,0.87
43.4967,-1.4884,15.52
43.4864,-1.4891,8.68
43.4605,-1.4956,0.0
43.4792,-1.4588,0.85
43.4882,-1.4599,0.25
43.4948,-1.4573,26.93
43.4837,-1.4734,
43.4796,-1.4661,0.68
43.5021,-1.4813,8.76
43.4958,-1.4418,0.32
43.4982,-1.4484,2.25
43.4612,-1.4899,1.84
43.4927,-1.4553,1.1
43.5026,-1.4429,1.24
43.4925,-1.4872,2.26
43.4868,-1.4686,0.51
43.4589,-1.4846,
43.4795,-1.5012,4.86
43.4796,-1.4578,0.63
43.4863,-1.4873,0.67
43.4823,-1.4823,12.12
43.4992,-1.4888,13.05
43.4791,-1.4663,3.4
43.486,-1.4611,0.04
43.4893,-1.4788,13.83
43.4874,-1.4691,19.53
43.4902,-1.4708,0.79
43.4936,-1.4557,0.95
43.4789,-1.4734,11.39
43.4945,-1.4528,0.84
43.4805,-1.4657,2.7
43.488,-1.4759,20.51
43.4927,-1.4746,19.1
43.5034,-1.4433,1.87
43.4929,-1.461,0.15
43.4781,-1.4744,
43.4984,-1.4609,1.81
43.5105,-1.469,0.43
43.5067,-1.4596,0.17
43.4948,-1.4687,2.54
43.4869,-1.4869,2.75
43.491,-1.4696,3.63
43.4874,-1.4509,1.49
43.4836,-1.4873,1.91
43.5111,-1.4318,3.15
43.5023,-1.4513,
43.4896,-1.4551,1.86
43.4681,-1.4938,0.57
43.5068,-1.4672,0.98
43.5068,-1.4317,1.42
43.5084,-1.4332,11.7
43.4904,-1.4958,0.33
43.5101,-1.4349,1.4
43.4658,-1.4871,1.72
43.4969,-1.4742,0.04
43.4915,-1.4726,0.25
43.4795,-1.4935,0.95
43.5054,-1.4437,2.91
43.4809,-1.4809,11.71
43.5034,-1.4468,2.48
43.4838,-1.447,1.99
43.4795,-1.4869,2.34
43.4942,-1.4799,0.32
43.4902,-1.483,0.99
43.5033,-1.448,0.66
43.4946,-1.4625,2.92
43.461,-1.4944,1.11
43.4917,-1.4706,1.67
43.4994,-1.4895,0.39
43.503,-1.4537,1.99
43.5068,-1.4611,0.51
43.5038,-1.4703,4.66
43.4801,-1.5039,0.13
43.4814,-1.4796,1.38
43.5001,-1.4816,0.01
43.4833,-1.4773,2.86
43.4908,-1.4956,1.33
43.4811,-1.4952,1.48
43.4838,-1.4473,1.22
43.5023,-1.4439,0.95
43.4946,-1.4596,10.01
43.4901,-1.4853,0.68
43.5064,-1.4838,1.91
43.4931,-1.4938,2.85
43.4866,-1.4705,0.65
43.487,-1.4761,3.77
43.5084,-1.4663,1.2
43.4954,-1.4589,
43.5017,-1.4432,0.33
43.4753,-1.4789,22.71
43.4921,-1.479,
43.4889,-1.4718,21.71
43.4782,-1.4956,0.29
43.4782,-1.4816,2.98
43.5045,-1.4328,1.36
43.4975,-1.4594,
43.5065,-1.4593,17.47
43.4898,-1.4714,14.89
43.5095,-1.4653,0.49
43.4894,-1.4934,2.51
43.5073,-1.4339,0.4
43.4665,-1.4841,
43.5052,-1.4668,0.17
43.4863,-1.4778,0.76
43.4839,-1.4963,2.63
43.4951,-1.4891,28.61
43.503,-1.4609,0.28
43.4841,-1.4705,1.46
43.4779,-1.496,2.42
43.5017,-1.4577,15.3
43.4784,-1.4683,1.81
43.4914,-1.4807,
43.4968,-1.494,2.46
43.5022,-1.4676,0.24
43.5068,-1.4761,0.4
43.4901,-1.4949,1.77
43.4947,-1.4455,4.87
43.5036,-1.4633,2.73
43.4956,-1.4864,0.15
43.4939,-1.4796,4.32
43.4772,-1.4538,0.51
43.4867,-1.4971,
43.4678,-1.4918,3.78
43.4848,-1.4813,0.54
43.5083,-1.4861,0.57
43.5073,-1.4802,1.25
43.4774,-1.472,
43.5012,-1.4204,0.53
43.4914,-1.4883,1.86
43.5001,-1.4507,0.34
43.5049,-1.4855,0.78
43.4802,-1.455,3.21
43.4848,-1.4826,12.29
43.4903,-1.4611,1.87
43.4827,-1.4845,1.93
43.5023,-1.4537,
43.5073,-1.464,0.71
43.479,-1.4851,3.3
43.4964,-1.4702,2.64
43.491,-1.4777,0.95
43.4866,-1.4765,0.61
43.479,-1.4558,1.23
43.4795,-1.4575,1.14
43.4976,-1.4227,0.94
43.4867,-1.4834,6.31
43.4894,-1.4721,18.23
43.4811,-1.4914,1.77
43.4835,-1.5019,0.68
43.4916,-1.4595,2.08
43.4883,-1.4772,0.81
43.4747,-1.4899,2.5
43.4971,-1.4605,0.15
43.4823,-1.4681,0.7
43.4799,-1.4748,0.87
43.4905,-1.4539,18.86
43.4958,-1.489,0.54
43.5105,-1.4428,0.36
43.489,-1.4764,
43.494,-1.4763,15.78
43.5052,-1.4649,0.32
43.4913,-1.4794,
43.4873,-1.4925,0.45
43.4653,-1.4842,21.07
43.4901,-1.4932,0.64
43.4957,-1.4367,1.0
43.4951,-1.4798,0.64
43.4995,-1.4811,9.05
43.4932,-1.495,1.82
43.4688,-1.4947,
43.4881,-1.4882,1.65
43.4823,-1.4879,21.66
43.4935,-1.4545,0.73
43.475,-1.4531,0.53
43.4934,-1.4914,1.03
43.4825,-1.485,2.99
43.4841,-1.4653,3.97
43.495,-1.4876,0.48
43.4942,-1.4758,
43.4839,-1.4666,15.16
43.4907,-1.4573,0.22
43.4885,-1.4726,2.69
43.5024,-1.4786,3.45
43.4862,-1.4777,1.2
43.4908,-1.4545,2.34
43.4588,-1.4887,5.35
43.4851,-1.4719,15.44
43.5047,-1.4475,1.32
43.4754,-1.4902,2.97
43.4962,-1.4354,2.46
43.4932,-1.4617,3.69
43.4914,-1.4693,3.47
43.5052,-1.4909,
43.4996,-1.4873,
43.4936,-1.4737,
43.4922,-1.4935,2.5
43.4789,-1.4904,2.27
43.5012,-1.4434,2.79
43.4966,-1.4884,1.94
43.4873,-1.451,0.6
43.5007,-1.4564,2.61
43.4888,-1.4537,0.8
43.4925,-1.4744,15.38
43.4841,-1.4568,1.29
43.4945,-1.4648,0.37
43.4903,-1.4757,
43.4827,-1.4858,
43.4564,-1.4854,
43.4796,-1.4983,2.97
43.4941,-1.4662,13.37
43.4868,-1.4571,1.75
43.4785,-1.4816,1.16
43.5017,-1.4826,1.17
43.4947,-1.4455,5.16
43.5062,-1.4873,0.04
43.4997,-1.4669,3.83
43.5108,-1.4423,1.38
43.4975,-1.4389,0.39
43.477,-1.4825,9.95
43.4871,-1.4859,2.69
43.5094,-1.4917,
43.4916,-1.4538,3.55
43.4874,-1.4841,5.83
43.4756,-1.4783,
43.5079,-1.4648,0.88
43.5022,-1.4789,2.68
43.5035,-1.4678,0.55
43.4933,-1.4788,8.78
43.5101,-1.4334,
43.4902,-1.4576,4.74
43.4937,-1.4584,1.22
43.4916,-1.4443,1.83
43.5012,-1.4485,
43.4882,-1.4695,
43.5124,-1.4388,0.01
43.4967,-1.4512,1.6
43.504,-1.4736,1.2
43.504,-1.437,0.44
43.4948,-1.4784,4.87
43.5066,-1.4723,0.47
43.4684,-1.4912,17.0
43.4954,-1.4692,25.17
43.4843,-1.4477,7.19
43.5037,-1.4373,0.17
43.4921,-1.4707,8.96
43.4815,-1.4571,
43.4712,-1.4846,
43.4877,-1.4665,0.12
43.4896,-1.4792,8.76
43.4931,-1.4588,1.19
43.4967,-1.4874,2.35
43.4963,-1.4685,24.89
43.4786,-1.4738,
43.4916,-1.4516,
43.4912,-1.4517,5.4
43.4922,-1.4717,0.12
43.4854,-1.4735,22.19
43.4915,-1.4694,1.52
43.4982,-1.4903,2.43
43.4826,-1.477,4.03
43.4967,-1.4264,0.48
43.493,-1.4913,4.67
43.4932,-1.486,0.48
43.4968,-1.4823,22.19
43.5077,-1.4448,0.69
43.4632,-1.4814,
43.4899,-1.4878,3.59
43.506,-1.4309,0.65
43.4876,-1.4611,1.89
43.463,-1.4813,
43.4812,-1.4583,19.26
43.4909,-1.472,0.71
43.5058,-1.4742,1.22
43.5009,-1.4843,
43.5008,-1.4482,
43.4939,-1.4753,
43.4913,-1.4739,0.52
43.4868,-1.4801,1.06
43.4893,-1.4728,
43.4957,-1.4694,4.71
43.4809,-1.4707,
43.4976,-1.4309,2.23
43.4957,-1.4699,1.15
43.4846,-1.4752,2.18
43.4943,-1.4917,2.92
43.4857,-1.4605,7.1
43.5041,-1.4482,0.71
43.4902,-1.4749,0.45
43.4891,-1.4544,1.74
43.4814,-1.4659,0.76
43.4899,-1.4917,0.05
43.4946,-1.4607,0.5
43.4905,-1.4909,2.48
43.5001,-1.4878,
43.4897,-1.4886,1.23
43.502,-1.4448,1.11
43.4817,-1.4783,1.46
43.4963,-1.4328,1.86
43.5009,-1.4794,7.2
43.4904,-1.4956,1.24
43.4876,-1.4613,3.11
43.48,-1.4551,3.11
43.4922,-1.4844,0.36
43.5025,-1.4565,1.46
43.4779,-1.5004,1.41
43.4877,-1.4613,0.29
43.5026,-1.4508,
43.5087,-1.4645,1.15
43.485,-1.4903,0.53
43.4783,-1.4956,1.54
43.5043,-1.4359,1.17
43.4836,-1.4753,
43.5024,-1.4541,14.15
43.5087,-1.435,1.46
43.4848,-1.4854,0.38
43.4886,-1.4829,0.43
43.5011,-1.4474,
43.4997,-1.4926,2.01
43.4925,-1.4428,1.67
43.4649,-1.4828,
43.4927,-1.4764,1.53
43.516,-1.4661,8.77
43.4751,-1.49,2.74
43.4949,-1.4765,
43.4981,-1.4843,
43.4929,-1.4736,
43.4816,-1.4912,1.28
43.4807,-1.4757,10.62
43.475,-1.4848,0.31
43.4926,-1.4842,0.84
43.4864,-1.4792,5.28
43.4931,-1.4479,1.43
43.5066,-1.4687,6.77
43.4944,-1.4597,0.75
43.5008,-1.4476,
43.5014,-1.4458,2.71
43.4664,-1.484,
43.4847,-1.4827,1.29
43.495,-1.4716,
43.491,-1.463,3.46
43.4838,-1.4519,3.44
43.4952,-1.446,1.62
43.496,-1.4696,12.0
43.4872,-1.471,
43.5038,-1.4215,1.38
43.4942,-1.453,1.57
43.4882,-1.4828,2.4
43.4944,-1.475,
43.4673,-1.4921,4.99
43.4973,-1.4333,4.45
43.4856,-1.4604,0.54
43.4792,-1.4544,1.28
43.4979,-1.4364,0.03
43.4783,-1.5009,0.6
43.498,-1.4866,0.15
43.4896,-1.4595,0.68
43.4924,-1.4739,1.74
43.4901,-1.4536,1.65
43.4931,-1.4732,19.11
43.4863,-1.471,0.27
43.4984,-1.4886,4.03
43.4948,-1.4775,28.82
43.4883,-1.4761,1.19
43.4843,-1.4629,1.63
43.4785,-1.4732,0.81
43.4918,-1.4696,17.19
43.4925,-1.4632,2.85
43.4917,-1.4697,3.72
43.5046,-1.4453,2.73
43.4881,-1.4759,12.6
43.4905,-1.4679,14.04
43.4935,-1.4882,0.97
43.4758,-1.478,
43.5016,-1.457,22.41
43.5032,-1.453,1.16
43.4932,-1.4542,1.02
43.4975,-1.4851,0.03
43.4823,-1.4687,1.88
43.4937,-1.4508,2.77
43.506,-1.4559,0.18
43.5111,-1.4707,0.15
43.4815,-1.4682,1.65
43.4918,-1.4642,3.17
43.4838,-1.5002,0.93
43.486,-1.4732,0.27
43.4846,-1.4996,3.02
43.4951,-1.4385,2.1
43.4832,-1.4861,8.86
43.4795,-1.4654,0.16
43.4893,-1.4527,1.58
43.4897,-1.469,
43.4921,-1.467,
43.5004,-1.4538,26.97
43.492,-1.471,12.37
43.4827,-1.4977,0.43
43.4841,-1.4464,5.53
43.508,-1.4653,0.13
43.4929,-1.4624,0.02
43.4872,-1.4484,2.43
43.4946,-1.4814,0.1
43.5035,-1.4521,1.5
43.5011,-1.4793,6.94
43.4886,-1.4586,1.61
43.4897,-1.459,1.75
43.5057,-1.4866,1.41
43.4922,-1.4948,1.16
43.4939,-1.4833,1.9
43.4898,-1.4785,0.32
43.4777,-1.4922,1.33
43.4841,-1.4987,0.9
43.4963,-1.484,16.23
43.4985,-1.4564,0.27
43.4881,-1.4688,
43.4875,-1.4837,0.9
43.4684,-1.4909,5.05
43.507,-1.4872,1.46
43.4648,-1.4954,1.7
43.4797,-1.4746,2.04
43.4933,-1.4761,0.77
43.4951,-1.4914,1.81
43.4688,-1.4952,2.05
43.4936,-1.4806,8.95
43.4785,-1.4736,26.2
43.5034,-1.4679,1.81
43.5011,-1.482,9.98
43.4944,-1.4758,
43.4698,-1.4888,6.61
43.492,-1.4733,24.05
43.4947,-1.4921,
43.502,-1.4471,0.45
43.4977,-1.4889,2.18
43.494,-1.4542,0.21
43.4937,-1.4606,0.12
43.496,-1.4706,4.91
43.4898,-1.471,24.71
43.4846,-1.4965,0.75
43.4968,-1.4745,0.84
43.4894,-1.4683,10.23
43.4945,-1.4829,2.99
43.4784,-1.4725,
43.4581,-1.4871,2.0
43.493,-1.4882,0.21
43.48,-1.4745,1.3
43.4976,-1.4614,1.83
43.4913,-1.4792,
43.5079,-1.481,1.69
43.4802,-1.4953,1.27
43.4927,-1.4626,5.13
43.4948,-1.4874,2.61
43.4921,-1.4647,2.52
43.5061,-1.4672,0.8
43.4884,-1.4825,22.42
43.4975,-1.4602,2.46
43.4848,-1.4759,29.4
43.502,-1.4446,0.48
43.4765,-1.4526,0.11
43.4734,-1.4899,0.18
43.4946,-1.4802,
43.4892,-1.4688,
43.4912,-1.4634,2.01
43.4884,-1.4591,1.98
43.4786,-1.4538,2.56
43.4884,-1.4726,3.01
43.4873,-1.4663,0.41
43.48,-1.4558,0.95
43.4793,-1.4984,3.18
43.4943,-1.4642,0.04
43.4711,-1.4837,
43.4825,-1.4877,2.36
43.4956,-1.4547,1.11
43.5021,-1.445,2.27
43.4922,-1.4918,0.83
43.4911,-1.4926,1.14
43.4885,-1.4509,0.68
43.4909,-1.4843,0.55
43.494,-1.4697,
43.5083,-1.4851,1.12
43.5013,-1.4571,
43.4787,-1.4961,1.37
43.5095,-1.468,1.71
43.5041,-1.4841,1.89
43.4938,-1.4821,6.1
43.5081,-1.4327,1.74
43.4778,-1.5015,1.96
43.485,-1.4662,0.38
43.5027,-1.484,1.44
43.4864,-1.4942,0.91
43.4827,-1.4782,1.95
43.4965,-1.4729,0.23
43.4977,-1.4851,20.3
43.4802,-1.4745,1.24
43.4595,-1.4831,
43.4947,-1.4777,9.72
43.4797,-1.5002,0.24
43.5021,-1.4483,1.49
43.5073,-1.4301,2.23
43.495,-1.466,0.98
43.4981,-1.4868,1.77
43.5064,-1.4304,0.07
43.4679,-1.4836,
43.4968,-1.482,23.02
43.5074,-1.4449,1.89
43.4642,-1.4955,2.27
43.4888,-1.4784,10.31
43.5013,-1.4565,1.76
43.4868,-1.4541,1.8
43.4975,-1.4304,0.88
43.485,-1.462,1.16
43.4948,-1.4664,21.05
43.4843,-1.4713,
43.4774,-1.484,1.02
43.5037,-1.4428,1.02
43.4946,-1.4668,0.12
43.4886,-1.4491,1.74
43.4813,-1.4826,4.11
43.4815,-1.4544,0.59
43.5081,-1.4326,1.68
43.4931,-1.4628,0.23
43.4894,-1.4651,
43.5056,-1.463,0.44
43.495,-1.4593,
43.5102,-1.4493,
43.4888,-1.4826,3.47
43.483,-1.4726,
43.4759,-1.4703,
43.4914,-1.4443,0.98
43.4783,-1.475,
43.4929,-1.4783,0.93
43.4896,-1.457,3.52
43.4693,-1.4932,1.76
43.4936,-1.4636,0.38
43.4953,-1.4883,25.0
43.4925,-1.4662,2.12
43.4941,-1.4764,18.52
43.4875,-1.4825,14.24
43.5054,-1.4604,1.54
43.4678,-1.4905,0.46
43.4783,-1.4551,2.85
43.4836,-1.4825,2.17
43.4963,-1.4331,1.5
43.4941,-1.4789,16.9
43.4894,-1.4697,
43.493,-1.485,1.39
43.5124,-1.4683,4.46
43.4962,-1.465,1.13
43.491,-1.4805,7.73
43.4979,-1.4599,2.28
43.4881,-1.4926,0.71
43.4864,-1.488,2.65
43.5154,-1.4664,2.52
43.5035,-1.4696,2.01
43.4838,-1.4446,0.71
43.4808,-1.4904,
43.4669,-1.4832,
43.494,-1.4542,1.09
43.4923,-1.4955,2.41
43.4939,-1.4887,2.59
43.4784,-1.5003,24.7
43.4942,-1.4919,17.67
43.4775,-1.4962,17.84
43.4935,-1.4655,0.84
43.4754,-1.4703,
43.4998,-1.4817,1.75
43.4983,-1.455,4.74
43.486,-1.4747,0.82
43.4972,-1.4777,6.27
43.4769,-1.4825,21.51
43.4839,-1.4444,0.57
43.4733,-1.4822,10.28
43.4938,-1.4513,1.42
43.4949,-1.4578,17.77
43.4955,-1.4523,1.53
43.5023,-1.4502,27.94
43.5034,-1.4689,2.83
43.512,-1.4461,3.06
43.466,-1.4942,3.05
43.4822,-1.4665,0.88
43.4987,-1.4681,
43.4827,-1.4985,0.27
43.4501,-1.4936,1.27
43.4982,-1.4609,0.79
43.4906,-1.4864,1.42
43.5069,-1.4722,0.81
43.4941,-1.4814,0.98
43.4879,-1.4811,28.44
43.4902,-1.4821,2.75
43.4937,-1.4751,
43.5031,-1.4902,
43.4916,-1.4789,28.23
43.5049,-1.4855,0.94
43.4958,-1.4892,0.23
43.4968,-1.4748,1.36
43.4883,-1.4649,7.05
43.4912,-1.453,4.16
43.5023,-1.4676,0.24
43.4975,-1.4828,2.34
43.496,-1.475,
43.4868,-1.493,0.14
43.4934,-1.4637,0.86
43.4795,-1.4898,1.3
43.4959,-1.4806,1.67
43.4944,-1.4918,13.79
43.5066,-1.4782,1.32
43.4913,-1.4928,1.9
43.4895,-1.4671,0.62
43.4945,-1.4782,21.53
43.507,-1.4796,0.82
43.4888,-1.4819,21.99
43.4872,-1.4809,0.87
43.4905,-1.4766,
43.4605,-1.4894,1.67
43.494,-1.4722,0.2
43.4819,-1.4538,0.76
43.4736,-1.4827,0.09
43.5128,-1.4629,1.48
43.5063,-1.4638,1.9
43.4816,-1.4708,
43.5084,-1.4338,0.79
43.4845,-1.4725,
43.5016,-1.4571,
43.4984,-1.4888,4.03
43.4746,-1.4898,2.6
43.4692,-1.4933,1.55
43.4962,-1.4884,0.8
43.4911,-1.4776,0.41
43.4938,-1.4757,
43.488,-1.4751,2.14
43.4872,-1.476,0.5
43.5091,-1.4337,12.46
43.5023,-1.4782,4.83
43.5033,-1.47,3.03
43.5011,-1.4796,23.58
43.4791,-1.4661,3.12
43.4798,-1.5013,2.8
43.4894,-1.4715,28.6
43.4978,-1.4679,15.52
43.4675,-1.4942,1.05
43.492,-1.4732,12.92
43.4926,-1.479,21.79
43.489,-1.4878,0.6
43.4803,-1.5008,2.78
43.494,-1.487,0.29
43.5043,-1.449,3.26
43.4967,-1.4263,0.49
43.4843,-1.4802,0.01
43.4991,-1.4489,1.42
43.4782,-1.4842,5.1
43.4836,-1.4793,1.99
43.4979,-1.4574,0.75
43.4944,-1.4672,27.25
43.4948,-1.4412,0.54
43.4894,-1.4782,7.47
43.4509,-1.4933,0.04
43.5023,-1.4664,
43.4946,-1.487,2.06
43.4969,-1.4887,21.76
43.5021,-1.4489,5.59
43.4797,-1.4564,2.01
43.4834,-1.4794,2.55
43.4781,-1.4922,1.23
43.4934,-1.4894,1.15
43.4898,-1.4923,0.59
43.485,-1.4892,
43.4944,-1.4629,0.83
43.5121,-1.4683,5.22
43.4974,-1.4883,1.7
43.4591,-1.4841,
43.5024,-1.4837,2.95
43.4998,-1.4806,6.99
43.5026,-1.4527,27.13
43.4897,-1.475,1.37
43.488,-1.4884,0.32
43.4793,-1.4742,12.59
43.4848,-1.4907,0.74
43.4935,-1.4789,6.38
43.4848,-1.4907,0.13
43.4755,-1.4691,15.22
43.5013,-1.4539,23.81
43.4996,-1.4508,2.33
43.4986,-1.4382,1.58
43.4823,-1.4854,3.61
43.5034,-1.4519,1.74
43.5058,-1.4582,0.34
43.487,-1.4744,6.09
43.4826,-1.4981,0.0
43.4951,-1.4606,1.37
43.4953,-1.4826,0.3
43.4861,-1.4988,
43.4659,-1.4924,0.57
43.4775,-1.4835,
43.5009,-1.4483,
43.492,-1.4537,3.09
43.4931,-1.4787,29.31
43.4906,-1.4786,0.36
43.4873,-1.4679,2.24
43.4951,-1.482,4.08
43.4925,-1.4549,0.66
43.4896,-1.4566,0.94
43.5042,-1.4474,2.1
43.4799,-1.4531,0.76
43.4919,-1.4854,1.85
43.4955,-1.4864,0.2
43.4855,-1.4762,2.02
43.4936,-1.4771,0.73
43.4984,-1.482,4.69
43.4857,-1.4919,2.27
43.4873,-1.4631,0.75
43.4921,-1.4626,
43.4788,-1.4937,1.14
43.4756,-1.4759,
43.4895,-1.4795,13.49
43.494,-1.4869,0.5
43.4955,-1.479,9.31
43.4983,-1.4874,0.3
43.4677,-1.492,5.89
43.4845,-1.4821,1.77
43.485,-1.4905,0.96
43.4981,-1.462,0.97
43.4823,-1.4855,3.28
43.4806,-1.5029,1.7
43.4945,-1.4715,2.44
43.488,-1.4823,17.54
43.4841,-1.444,0.08
43.4878,-1.4674,0.86
43.4837,-1.4855,2.88
43.4923,-1.4443,0.03
43.4968,-1.4629,0.41
43.4785,-1.4742,
43.4938,-1.4631,0.94
43.5015,-1.4457,1.98
43.4978,-1.4515,1.61
43.496,-1.4716,1.64
43.4932,-1.4734,
43.5082,-1.4842,0.48
43.4889,-1.4589,0.64
43.483,-1.4862,3.16
43.4864,-1.4617,6.66
43.4826,-1.4882,
43.5017,-1.4557,1.12
43.4953,-1.4519,3.58
43.4889,-1.4889,1.33
43.4934,-1.4503,2.19
43.4904,-1.4781,0.4
43.4911,-1.4817,2.04
43.5023,-1.4621,0.11
43.4953,-1.4771,
43.4898,-1.4753,
43.4868,-1.4742,5.59
43.4785,-1.4537,2.66
43.4948,-1.4712,6.19
43.4717,-1.4871,0.63
43.4951,-1.467,1.93
43.4518,-1.4936,3.34
43.4901,-1.4561,5.52
43.4851,-1.4764,0.17
43.5063,-1.4667,1.66
43.4818,-1.4914,1.16
43.5001,-1.4923,2.98
43.4856,-1.4902,0.03
43.4889,-1.4765,
43.4888,-1.491,1.92
43.5037,-1.4374,0.17
43.4989,-1.4473,2.08
43.5008,-1.4564,2.84
43.5025,-1.452,23.85
43.4858,-1.4708,
43.4928,-1.4625,0.05
43.4659,-1.4943,3.28
43.4952,-1.452,3.8
43.4904,-1.4741,
43.4789,-1.4552,11.95
43.4895,-1.4442,0.07
43.4857,-1.473,0.36
43.4949,-1.4785,9.27
43.4906,-1.4841,0.06
43.4967,-1.47,20.56
43.5035,-1.4608,1.67
43.4847,-1.4729,28.62
43.4952,-1.4723,
43.4933,-1.4782,1.02
43.5119,-1.4915,
43.4912,-1.4883,0.88
43.4913,-1.4775,0.21
43.4849,-1.4911,1.97
43.4928,-1.4772,2.07
43.4885,-1.4649,28.82
43.4982,-1.491,2.91
43.4861,-1.4905,10.68
43.4899,-1.4793,6.7
43.5109,-1.4348,0.62
43.4836,-1.4991,1.75
43.4795,-1.4714,
43.5028,-1.4529,2.74
43.5019,-1.4559,8.57
43.5121,-1.4863,1.05
43.5034,-1.4518,0.83
43.5045,-1.463,0.24
43.4917,-1.4785,2.74
43.4926,-1.4653,2.59
43.4822,-1.4855,4.06
43.4975,-1.4301,4.73
43.5098,-1.4689,0.08
43.459,-1.4957,1.27
43.4908,-1.4702,21.54
43.4859,-1.4761,9.92
43.5064,-1.4869,0.17
43.4943,-1.4884,1.52
43.4937,-1.4618,0.9
43.4945,-1.4599,18.84
43.4914,-1.4692,3.59
43.4744,-1.4898,2.75
43.4955,-1.464,1.62
43.4811,-1.4914,1.19
43.4942,-1.466,27.09
43.4882,-1.4778,13.83
43.5024,-1.4613,2.85
43.5115,-1.4407,0.25
43.4939,-1.4607,3.59
43.485,-1.4779,1.09
43.4806,-1.4665,2.54
43.5041,-1.4618,
43.4919,-1.4605,1.51
43.4981,-1.4617,1.58
43.4993,-1.4816,1.48
43.5084,-1.4812,1.59
43.4983,-1.4565,11.64
43.4785,-1.4739,
43.4631,-1.4961,1.29
43.4951,-1.4816,0.84
43.4873,-1.4593,1.39
43.4963,-1.4459,0.86
43.4897,-1.4792,0.18
43.4928,-1.4712,
43.4861,-1.4776,2.03
43.4847,-1.4781,2.43
43.4974,-1.4682,22.11
43.4836,-1.4467,2.84
43.4802,-1.4744,1.13
43.504,-1.4495,0.04
43.5047,-1.4596,
43.5147,-1.4669,0.01
43.4852,-1.482,1.11
43.4959,-1.4699,11.14
43.5051,-1.4608,0.11
43.4905,-1.4703,1.5
43.4881,-1.481,8.35
43.4804,-1.4654,0.49
43.4862,-1.4671,0.01
43.4948,-1.4525,3.15
43.4936,-1.481,0.59
43.5116,-1.4447,1.35
43.4837,-1.4881,
43.4921,-1.4806,15.47
43.5092,-1.435,0.66
43.5084,-1.4339,7.6
43.5066,-1.4875,1.67
43.4841,-1.4797,0.59
43.4817,-1.4859,1.38
43.4912,-1.4844,0.55
43.4841,-1.4505,0.23
43.4982,-1.4869,0.15
43.5081,-1.4633,0.57
43.4953,-1.4633,0.98
43.5037,-1.4745,5.51
43.4815,-1.4615,0.36
43.5061,-1.4713,0.17
43.5058,-1.4744,2.12
43.4839,-1.4516,0.68
43.4986,-1.4806,2.55
43.4943,-1.483,1.61
43.4944,-1.4704,
43.4989,-1.4563,0.44
43.4977,-1.4514,1.53
43.4922,-1.4534,3.15
43.5001,-1.4537,8.51
43.4943,-1.4754,
43.4767,-1.4953,1.71
43.4839,-1.4454,0.94
43.4927,-1.4646,0.14
43.5083,-1.4632,0.07
43.4911,-1.4869,3.23
43.4964,-1.4509,2.78
43.4804,-1.4651,0.39
43.5092,-1.4673,0.21
43.4885,-1.4814,15.58
43.4629,-1.4956,1.29
43.4901,-1.4626,26.47
43.5083,-1.4356,1.25
43.478,-1.4547,2.44
43.4969,-1.4802,
43.4774,-1.4818,1.35
43.5064,-1.4776,1.62
43.509,-1.4337,1.67
43.5057,-1.4664,0.73
43.497,-1.4357,0.2
43.5017,-1.4649,
43.4994,-1.4676,
43.4785,-1.5024,2.56
43.4946,-1.443,2.3
43.4966,-1.4752,3.6
43.4829,-1.4987,0.33
43.4818,-1.494,0.55
43.4947,-1.47,0.21
43.493,-1.4737,
43.4885,-1.4798,0.72
43.4911,-1.4633,3.25
43.4944,-1.4688,0.39
43.5089,-1.4913,
43.4873,-1.4939,2.26
43.5033,-1.4502,24.82
43.4933,-1.4759,4.82
43.5021,-1.4449,2.2
43.4741,-1.479,
43.4692,-1.4931,0.81
43.4938,-1.4787,3.14
43.5003,-1.4564,1.39
43.4867,-1.4622,5.88
43.4946,-1.4709,26.79
43.4873,-1.4675,1.51
43.4838,-1.461,0.39
43.5071,-1.4636,0.36
43.5117,-1.4706,0.68
43.4946,-1.4903,1.92
43.4934,-1.4576,2.06
43.4812,-1.4588,2.77
43.4887,-1.4941,0.93
43.4868,-1.4774,0.57
43.489,-1.4937,0.64
43.5018,-1.4791,16.99
43.4776,-1.4963,22.79
43.4921,-1.4938,1.88
43.4964,-1.4515,0.09
43.4815,-1.4585,4.27
43.4695,-1.4894,2.1
43.4797,-1.4665,3.66
43.4994,-1.4614,5.29
43.4936,-1.4737,
43.4944,-1.4848,1.59
43.4873,-1.4738,
43.4892,-1.4939,1.51
43.4837,-1.5008,0.32
43.4756,-1.4906,2.17
43.4989,-1.456,0.52
43.5019,-1.4546,
43.4908,-1.4652,
43.4866,-1.4877,2.01
43.4898,-1.4541,0.56
43.4785,-1.4922,4.8
43.5071,-1.4299,0.88
43.493,-1.461,0.17
43.4921,-1.4536,7.1
43.4811,-1.4642,7.35
43.486,-1.4744,0.69
43.4967,-1.4632,2.27
43.4786,-1.4723,
43.5078,-1.4701,2.53
43.4844,-1.4797,0.1
43.4907,-1.47,2.3
43.4848,-1.4611,0.52
43.4993,-1.4554,
43.4882,-1.4611,3.52
43.4899,-1.4814,18.9
43.4892,-1.4825,1.99
43.4876,-1.4939,0.34
43.4968,-1.4581,2.35
43.4905,-1.4632,1.04
43.4786,-1.4728,
43.4784,-1.4726,
43.4936,-1.4577,0.23
43.4808,-1.4573,4.99
43.4826,-1.453,3.72
43.4802,-1.4678,2.37
43.4825,-1.5003,1.46
43.5009,-1.4564,1.23
43.4859,-1.4711,1.06
43.4951,-1.4398,1.38
43.507,-1.453,15.58
43.4969,-1.4744,0.67
43.4672,-1.4916,1.53
43.4963,-1.4712,0.67
43.5015,-1.4596,2.45
43.4867,-1.4799,0.33
43.4656,-1.4871,1.71
43.4815,-1.4827,1.95
43.4996,-1.4924,1.95
43.4868,-1.4635,0.9
43.4893,-1.4687,
43.5053,-1.461,0.46
43.4835,-1.4862,1.75
43.4827,-1.4667,0.48
43.498,-1.486,16.98
43.5026,-1.4493,2.35
43.5104,-1.4913,
43.4903,-1.4952,3.17
43.5,-1.4539,2.89
43.4681,-1.4848,
43.5036,-1.4674,1.14
43.4917,-1.4704,1.38
43.5127,-1.463,1.62
43.4901,-1.4642,
43.493,-1.466,0.74
43.5046,-1.4907,
43.4949,-1.4669,0.63
43.4981,-1.4909,6.6
43.5091,-1.4881,0.03
43.4924,-1.4789,11.77
43.4837,-1.4559,2.3
43.4887,-1.4527,1.05
43.4938,-1.492,17.32
43.497,-1.4748,20.54
43.4684,-1.4959,17.71
43.4826,-1.4779,0.57
43.4915,-1.4863,2.1
43.476,-1.4845,0.6
43.4845,-1.4704,0.43
43.4892,-1.4737,
43.4992,-1.4567,1.54
43.4864,-1.476,17.77
43.4886,-1.469,
43.4789,-1.4558,9.15
43.4865,-1.4886,6.38
43.4928,-1.4785,0.43
43.4934,-1.4737,
43.49,-1.4545,1.23
43.4792,-1.5029,0.96
43.481,-1.4575,19.69
43.4868,-1.4615,
43.493,-1.4913,1.17
43.4882,-1.4814,3.01
43.4999,-1.4905,0.33
43.5008,-1.4394,0.57
43.5032,-1.4512,16.03
43.4896,-1.4921,1.13
43.4967,-1.4558,0.46
43.4906,-1.4606,7.83
43.4907,-1.4884,1.02
43.4845,-1.4717,
43.4848,-1.4717,
43.4741,-1.4782,
43.4852,-1.4937,3.57
43.4793,-1.4541,0.93
43.4959,-1.4724,3.3
43.4967,-1.4751,1.93
43.4766,-1.4826,3.41
43.488,-1.4608,1.78
43.4789,-1.5024,1.65
43.4901,-1.4533,0.64
43.4796,-1.4564,2.08
43.5022,-1.4502,22.16
43.4935,-1.4869,0.41
43.4815,-1.4836,1.54
43.4782,-1.4998,10.66
43.4842,-1.5002,1.29
43.5134,-1.4334,
43.4881,-1.4674,1.37
43.4911,-1.4625,13.72
43.5076,-1.4862,0.39
43.4698,-1.4839,
43.4935,-1.4733,
43.4981,-1.4464,1.41
43.4919,-1.493,4.18
43.4883,-1.4817,0.53
43.5071,-1.4662,1.11
43.4694,-1.4839,
43.4851,-1.4819,1.43
43.4811,-1.4592,0.6
43.4845,-1.4743,
43.4965,-1.475,8.37
43.4909,-1.4923,0.06
43.5059,-1.4636,1.8
43.5034,-1.4693,1.38
43.4936,-1.4946,3.38
43.4828,-1.4974,0.95
43.4861,-1.4945,2.64
43.5035,-1.4508,0.09
43.5089,-1.4917,
43.4982,-1.4565,22.76
43.4991,-1.4607,1.96
43.4935,-1.4805,9.09
43.4962,-1.4699,0.21
43.5061,-1.4665,1.46
43.4533,-1.4943,1.99
43.4862,-1.492,0.38
43.5093,-1.4869,0.29
43.4859,-1.4737,3.72
43.4863,-1.4649,1.56
43.4837,-1.4869,1.75
43.4813,-1.466,0.99
43.4906,-1.47,7.49
43.4774,-1.4742,
43.4872,-1.4496,1.92
43.4709,-1.4918,2.03
43.5037,-1.4629,1.65
43.4844,-1.4705,0.27
43.4922,-1.4615,0.65
43.4966,-1.4732,0.96
43.4978,-1.4209,0.72
43.4952,-1.4416,0.55
43.5082,-1.4703,0.4
43.4911,-1.4759,
43.4862,-1.4663,1.0
43.495,-1.4694,1.25
43.4892,-1.482,8.44
43.4924,-1.4661,1.81
43.5097,-1.4665,1.85
43.4936,-1.4557,0.8
43.4801,-1.4677,2.48
43.4995,-1.4371,0.23
43.506,-1.4706,1.64
43.4833,-1.4883,
43.4837,-1.445,4.13
43.4797,-1.4954,1.43
43.4928,-1.4656,2.66
43.4981,-1.4181,0.04
43.4904,-1.4715,1.32
43.491,-1.4883,1.17
43.5098,-1.433,11.19
43.4944,-1.4916,2.15
43.4592,-1.4958,1.6
43.5035,-1.467,0.57
43.485,-1.4758,12.38
43.4844,-1.4763,27.25
43.4941,-1.4769,9.06
43.4876,-1.4912,2.51
43.493,-1.4921,
43.4809,-1.4826,0.96
43.4925,-1.4713,0.91
43.4833,-1.4985,3.73
43.5019,-1.4487,17.79
43.498,-1.4629,1.69
43.4867,-1.4637,1.29
43.473,-1.486,5.18
43.4968,-1.4357,0.18
43.4939,-1.4722,7.73
43.4785,-1.4998,
43.4921,-1.4655,0.83
43.4873,-1.4675,0.85
43.4828,-1.4951,0.28
43.4861,-1.4753,3.32
43.5008,-1.4818,13.32
43.4794,-1.5012,5.79
43.4785,-1.4992,
43.4986,-1.4549,3.5
43.4919,-1.4784,2.91
43.4899,-1.4945,1.8
43.481,-1.4506,0.44
43.467,-1.4879,5.41
43.4922,-1.4811,2.15
43.5027,-1.4535,1.72
43.475,-1.4834,1.93
43.4864,-1.4885,1.67
43.476,-1.4775,
43.4862,-1.473,28.73
43.4889,-1.4788,1.54
43.4931,-1.4882,1.31
43.492,-1.4756,
43.5006,-1.481,0.02
43.4978,-1.4404,
43.4917,-1.4642,3.97
43.4801,-1.4891,0.48
43.4966,-1.4771,
43.4889,-1.4671,1.38
43.4827,-1.4978,0.1
43.5099,-1.4871,0.2
43.505,-1.4761,2.16
43.5035,-1.4521,4.1
43.5057,-1.491,
43.5072,-1.4529,
43.4964,-1.4338,0.41
43.4799,-1.474,16.56
43.5119,-1.4352,0.77
43.4984,-1.4539,2.31
43.4974,-1.4351,1.06
43.4805,-1.4658,2.6
43.4957,-1.4396,0.17
43.5057,-1.4664,0.24
43.5027,-1.4666,
43.4863,-1.4863,1.44
43.4782,-1.4683,1.21
43.5028,-1.4759,2.68
43.4827,-1.4666,0.39
43.482,-1.4974,4.4
43.4865,-1.488,2.71
43.5077,-1.4876,13.87
43.489,-1.4661,7.2
43.4505,-1.4949,2.61
43.4949,-1.453,0.75
43.5021,-1.455,18.99
43.5046,-1.4851,0.75
43.4921,-1.4835,0.51
43.4893,-1.4731,
43.4989,-1.4364,2.6
43.4832,-1.4847,0.04
43.4865,-1.4852,1.14
43.4962,-1.4814,0.05
43.4769,-1.4822,0.29
43.4868,-1.4943,1.38
43.4905,-1.4676,1.02
43.4883,-1.4597,2.16
43.5113,-1.4405,0.98
43.4839,-1.4792,0.56
43.4891,-1.4828,0.18
43.4927,-1.4875,0.98
43.4843,-1.478,0.52
43.504,-1.4269,0.74
43.5092,-1.4644,0.9
43.502,-1.4808,2.35
43.4686,-1.4935,0.68
43.4815,-1.4982,1.82
43.5068,-1.4876,1.35
43.5017,-1.4893,
43.4981,-1.4678,13.09
43.4942,-1.4782,2.2
43.4895,-1.4716,19.07
43.4885,-1.4792,2.84
43.4855,-1.4603,0.3
43.487,-1.4765,0.03
43.4761,-1.4507,7.6
43.4986,-1.4489,1.78
43.5011,-1.48,1.34
43.4985,-1.4556,0.36
43.4956,-1.4718,5.37
43.4828,-1.496,2.26
43.5033,-1.4485,1.23
43.4969,-1.4594,
43.494,-1.4661,9.6
43.5036,-1.448,12.54
43.4973,-1.464,1.81
43.4903,-1.4909,1.06
43.4908,-1.4842,0.15
43.5006,-1.4837,
43.4661,-1.4947,3.93
43.4998,-1.4618,1.36
43.4961,-1.4366,2.89
43.4894,-1.4738,
43.5104,-1.4338,
43.4963,-1.451,2.54
43.4925,-1.4736,2.11
43.5021,-1.4501,6.18
43.5067,-1.4672,1.45
43.4928,-1.4749,1.56
43.4888,-1.4735,
43.5098,-1.433,4.78
43.4921,-1.4755,
43.4601,-1.4953,0.13
43.4987,-1.4619,3.66
43.4999,-1.4653,1.45
43.4738,-1.4833,1.41
43.4965,-1.4851,0.27
43.5015,-1.4551,1.41
43.4811,-1.4811,7.39
43.5093,-1.4332,0.41
43.5043,-1.4829,0.05
43.4826,-1.4824,3.53
43.4674,-1.4845,
43.4922,-1.4714,9.15
43.5002,-1.4816,10.35
43.496,-1.4563,1.73
43.4977,-1.4911,2.78
43.4748,-1.485,1.04
43.4846,-1.4793,12.6
43.5001,-1.4668,1.45
43.4926,-1.4953,0.99
43.4899,-1.46,1.73
43.4812,-1.4916,1.55
43.5112,-1.4685,2.63
43.4838,-1.4525,0.08
43.4924,-1.474,2.3
43.4968,-1.485,0.63
43.494,-1.4811,0.91
43.4873,-1.4822,
43.49,-1.4749,0.84
43.5026,-1.4677,3.9
43.5034,-1.469,0.14
43.4935,-1.4927,4.44
43.4921,-1.4654,2.07
43.5036,-1.4638,0.77
43.5036,-1.4514,2.99
43.4804,-1.4752,1.45
43.4909,-1.4448,0.6
43.4838,-1.4805,1.07
43.4983,-1.4924,2.36
43.5016,-1.4825,1.07
43.4791,-1.5031,1.61
43.49,-1.4777,13.41
43.5025,-1.4553,0.41
43.4927,-1.4851,1.67
43.4954,-1.4889,
43.4825,-1.4849,2.75
43.4896,-1.4543,2.66
43.4833,-1.4774,0.18
43.4957,-1.4837,0.17
43.5083,-1.4331,1.48
43.4888,-1.47,
43.502,-1.4679,3.09
43.4895,-1.4825,6.81
43.4938,-1.4572,1.14
43.4916,-1.4758,
43.4874,-1.4632,0.6
43.4931,-1.473,3.77
43.4953,-1.4786,0.16
43.5022,-1.4803,1.14
43.493,-1.4484,2.05
43.497,-1.4254,0.49
43.4682,-1.4838,
43.4907,-1.4678,1.41
43.4892,-1.4589,2.14
43.4975,-1.451,1.59
43.4765,-1.4827,0.11
43.4939,-1.4764,0.74
43.4882,-1.4771,15.69
43.4768,-1.453,8.15
43.4925,-1.4738,5.74
43.4968,-1.4695,9.57
43.4967,-1.4508,0.02
43.4905,-1.491,4.79
43.4908,-1.4449,0.92
43.4783,-1.4726,29.97
43.4969,-1.4825,25.26
43.4581,-1.4867,2.01
43.4981,-1.4823,4.89
43.5055,-1.4673,2.07
43.4963,-1.4332,0.38
43.4995,-1.467,0.92
43.4974,-1.4829,2.13
43.4922,-1.4956,2.46
43.4672,-1.4922,5.5
43.4952,-1.4882,24.08
43.479,-1.4733,8.35
43.4668,-1.4948,2.89
43.4851,-1.4591,7.51
43.5005,-1.4915,0.68
43.4899,-1.4813,25.92
43.4582,-1.4877,3.78
43.5011,-1.4459,2.63
43.478,-1.5047,3.41
43.4968,-1.4628,0.72
43.5,-1.4818,10.63
43.4916,-1.4771,0.48
43.4867,-1.4901,1.21
43.5002,-1.4801,7.06
43.484,-1.4992,4.69
43.4869,-1.4821,
43.4931,-1.4903,0.35
43.4906,-1.4963,0.02
43.4752,-1.4793,11.05
43.4921,-1.4738,
43.4909,-1.4722,0.25
43.4903,-1.4839,0.32
43.4854,-1.4948,0.27
43.4893,-1.4933,2.31
43.4951,-1.4379,2.99
43.4814,-1.4557,1.2
43.4872,-1.4682,2.19
43.4975,-1.4235,0.56
43.4963,-1.4436,1.68
43.4932,-1.4927,
43.4796,-1.4664,3.4
43.4965,-1.4728,0.07
43.4866,-1.4843,1.23
43.4909,-1.4812,1.87
43.4904,-1.4617,1.27
43.4883,-1.4763,0.84
43.4823,-1.4876,5.03
43.5005,-1.4842,
43.4696,-1.4892,1.81
43.4953,-1.4581,
43.4843,-1.4486,6.12
43.5053,-1.429,2.56
43.4765,-1.4841,0.94
43.478,-1.4731,25.17
43.4785,-1.5003,
43.4983,-1.4915,5.26
43.4775,-1.4818,1.53
43.4972,-1.4245,0.28
43.4794,-1.4585,2.34
43.4888,-1.4669,1.08
43.5018,-1.4581,0.56
43.499,-1.4472,1.95
43.4787,-1.4956,2.33
43.4672,-1.4833,
43.5067,-1.4602,0.39
43.4515,-1.4935,2.86
43.4898,-1.4741,
43.4986,-1.4405,25.36
43.4627,-1.4961,1.87
43.4693,-1.4849,
43.4955,-1.4707,2.09
43.491,-1.4953,0.13
43.4938,-1.4948,1.29
43.5108,-1.4863,0.51
43.4909,-1.486,0.4
43.4926,-1.4955,2.01
43.4878,-1.4539,1.42
43.4982,-1.4377,0.7
43.4892,-1.4784,
43.4916,-1.4824,5.09
43.4816,-1.4584,3.72
43.494,-1.4838,0.95
43.5107,-1.4424,3.11
43.4811,-1.4824,12.75
43.4854,-1.4915,4.21
43.5038,-1.4711,1.8
43.4849,-1.4623,1.7
43.4987,-1.449,1.67
43.4926,-1.4664,0.02
43.4885,-1.4961,
43.5008,-1.4787,1.75
43.4934,-1.4796,12.16
43.4839,-1.4663,2.9
43.45,-1.4939,1.97
43.504,-1.4222,1.73
43.4919,-1.4554,0.42
43.4882,-1.4725,0.97
43.486,-1.4828,0.07
43.5072,-1.4586,0.35
43.4844,-1.4801,0.05
43.5112,-1.4426,0.43
43.4897,-1.4789,0.16
43.4957,-1.4707,0.43
43.4684,-1.4937,0.8
43.5027,-1.4208,2.08
43.4985,-1.4548,1.03
43.4951,-1.4915,2.75
43.4761,-1.4745,
43.5066,-1.4871,1.13
43.4923,-1.4443,0.97
43.5028,-1.4631,1.1
43.4996,-1.467,0.32
43.4999,-1.4553,5.19
43.5135,-1.446,0.67
43.4664,-1.4933,4.07
43.4943,-1.4802,0.1
43.4853,-1.4828,3.46
43.4748,-1.4901,0.88
43.4728,-1.4833,
43.4933,-1.4691,
43.5029,-1.4503,1.71
43.4903,-1.4748,0.41
43.5016,-1.4552,12.35
43.494,-1.4946,3.44
43.4812,-1.4562,0.65
43.4738,-1.4795,
43.4839,-1.4631,0.14
43.4935,-1.4755,19.74
43.4964,-1.47,4.17
43.4952,-1.4707,1.56
43.4977,-1.4223,1.88
43.4986,-1.4382,1.63
43.5021,-1.4492,0.08
43.4874,-1.4931,0.8
43.4956,-1.4649,1.17
43.4836,-1.4615,0.63
43.4908,-1.4781,12.36
43.4987,-1.4549,9.95
43.463,-1.4962,1.58
43.494,-1.4674,2.63
43.5007,-1.4678,0.28
43.4898,-1.4549,2.12
43.4872,-1.4665,0.0
43.4719,-1.4908,1.72
43.5075,-1.4308,2.26
43.4955,-1.4378,0.11
43.5019,-1.456,2.85
43.4877,-1.4965,
43.5001,-1.4523,8.42
43.4991,-1.4357,0.49
43.4911,-1.4542,3.58
43.5091,-1.4337,8.52
43.4828,-1.5004,1.93
43.4904,-1.4807,18.63
43.4814,-1.4917,0.82
43.5074,-1.4593,
43.4901,-1.4749,0.94
43.4812,-1.4949,0.34
43.5018,-1.4774,0.18
43.5076,-1.4865,2.9
43.5022,-1.4484,1.92
43.4767,-1.4945,0.85
43.4774,-1.487,0.41
43.4862,-1.4753,7.34
43.4877,-1.4823,13.41
43.4838,-1.4632,0.36
43.4833,-1.4875,1.85
43.5023,-1.4568,2.11
43.4977,-1.4612,1.27
43.5001,-1.4667,4.6
43.4807,-1.4943,2.11
43.4994,-1.4198,0.43
43.4928,-1.4721,0.85
43.4964,-1.4872,22.7
43.4914,-1.4636,3.58
43.5063,-1.4869,0.23
43.5047,-1.4846,0.73
43.5042,-1.4831,0.13
43.4925,-1.4799,
43.4897,-1.4709,
43.4679,-1.4917,3.02
43.4845,-1.4804,13.17
43.4951,-1.467,2.14
43.5085,-1.4446,1.68
43.4834,-1.4732,
43.4839,-1.4748,9.41
43.4915,-1.4815,5.83
43.4943,-1.4947,0.98
43.4939,-1.4648,0.1
43.4955,-1.4846,0.42
43.4903,-1.4586,0.78
43.4937,-1.4637,0.22
43.5054,-1.4604,0.83
43.4863,-1.4867,1.77
43.4822,-1.4873,0.27
43.4842,-1.4499,2.57
43.5022,-1.4834,2.33
43.5018,-1.4675,0.39
43.5032,-1.4752,2.51
43.4809,-1.4851,0.58
43.4881,-1.4827,5.24
43.4828,-1.4898,1.12
43.4637,-1.4957,2.5
43.4918,-1.477,18.58
43.4791,-1.473,
43.4962,-1.4359,2.61
43.4717,-1.4908,0.17
43.4511,-1.4953,0.48
43.5049,-1.4663,1.42
43.4884,-1.4804,0.74
43.4929,-1.4926,1.81
43.4809,-1.4618,7.09
43.4799,-1.4553,2.36
43.4806,-1.4888,3.26
43.4809,-1.4805,4.43
43.5089,-1.4678,1.42
43.4863,-1.4706,1.25
43.4863,-1.4974,
43.5069,-1.4611,0.32
43.4514,-1.4932,2.81
43.4932,-1.4657,1.67
43.4867,-1.4667,4.28
43.4838,-1.4836,0.97
43.4992,-1.4671,3.7
43.4969,-1.4892,0.01
43.4855,-1.4602,0.28
43.4795,-1.487,2.27
43.4933,-1.4895,0.31
43.4762,-1.4955,1.16
43.49,-1.4598,0.05
43.481,-1.4965,1.12
43.4904,-1.4937,1.92
43.4716,-1.4835,
43.498,-1.4191,0.56
43.4888,-1.4826,0.84
43.4936,-1.4577,0.27
43.4898,-1.4887,2.43
43.4867,-1.4829,0.95
43.4849,-1.492,
43.5108,-1.4439,1.23
43.4925,-1.4792,
43.4935,-1.4756,15.91
43.4909,-1.4937,0.39
43.4858,-1.4713,0.92
43.4916,-1.4697,5.89
43.4999,-1.4619,0.24
43.5095,-1.4468,
43.4908,-1.4603,6.65
43.4886,-1.4656,1.1
43.5088,-1.4663,0.24
43.5052,-1.4705,0.33
43.4994,-1.4891,11.67
43.4933,-1.4533,7.02
43.493,-1.4735,
43.4969,-1.4447,0.73
43.4928,-1.4737,26.74
43.4929,-1.457,2.06
43.4869,-1.4625,7.37
43.4829,-1.479,1.67
43.4919,-1.4744,0.26
43.5115,-1.4408,0.1
43.4744,-1.4852,2.31
43.4894,-1.4818,1.05
43.4904,-1.4701,12.35
43.4879,-1.4789,
43.4835,-1.4634,1.03
43.4993,-1.4385,10.6
43.4731,-1.4898,1.75
43.5026,-1.456,0.73
43.4896,-1.4697,
43.4898,-1.4624,10.24
43.4863,-1.4765,1.24
43.5017,-1.4581,4.77
43.4915,-1.4775,0.93
43.4874,-1.4842,1.83
43.495,-1.4915,3.02
43.4992,-1.4348,1.24
43.4925,-1.4767,0.39
43.4906,-1.4622,0.13
43.5084,-1.436,2.94
43.4948,-1.466,16.86
43.4679,-1.4847,
43.4841,-1.4963,0.02
43.5009,-1.4203,0.35
43.4904,-1.4844,0.55
43.4809,-1.4989,0.6
43.5036,-1.4689,1.92
43.4922,-1.4709,11.7
43.4961,-1.4369,2.49
43.4957,-1.466,3.02
43.469,-1.4899,4.41
43.5015,-1.4484,24.13
43.5035,-1.4668,3.75
43.5109,-1.4857,0.5
43.4946,-1.4657,9.17
43.5156,-1.4662,4.05
43.4756,-1.4715,
43.5,-1.4555,1.18
43.4835,-1.4793,2.26
43.4779,-1.4841,1.43
43.4639,-1.4978,2.29
43.4931,-1.4737,
43.4729,-1.4861,1.71
43.4847,-1.4721,
43.4842,-1.4992,11.19
43.4742,-1.4853,2.09
43.482,-1.4537,0.55
43.4787,-1.4728,
43.4946,-1.4785,1.75
43.4921,-1.4701,16.77
43.4544,-1.4946,2.7
43.4905,-1.4591,0.33
43.4975,-1.4495,2.08
43.4883,-1.4813,1.79
43.4709,-1.4837,
43.4972,-1.4618,0.99
43.4833,-1.448,0.0
43.4939,-1.4543,1.6
43.4961,-1.4864,21.9
43.4916,-1.454,0.88
43.4856,-1.4916,3.23
43.4798,-1.4895,3.14
43.4967,-1.4354,0.35
43.4975,-1.4642,2.23
43.5033,-1.4429,1.17
43.4772,-1.482,1.66
43.5074,-1.4802,0.78
43.5059,-1.4739,0.75
43.4889,-1.4822,2.59
43.4998,-1.4557,18.03
43.5016,-1.4476,
43.51,-1.4332,
43.4828,-1.491,1.72
43.4936,-1.4584,1.43
43.4855,-1.4927,1.7
43.4952,-1.4809,0.08
43.4865,-1.4878,2.7
43.4756,-1.4894,1.06
43.5007,-1.4559,
43.4952,-1.4697,3.81
43.488,-1.4913,1.57
43.4888,-1.4688,
43.484,-1.4712,
43.49,-1.4641,
43.4964,-1.455,0.69
43.5108,-1.4695,0.07
43.4768,-1.4943,0.92
43.4983,-1.4609,0.88
43.4871,-1.4765,5.24
43.49,-1.4577,3.01
43.499,-1.4637,19.71
43.469,-1.4839,
43.5095,-1.4718,3.07
43.4921,-1.48,
43.5026,-1.4389,0.03
43.4869,-1.4828,3.64
43.497,-1.4515,0.8
43.4842,-1.4472,1.28
43.463,-1.4956,0.15
43.4965,-1.4601,1.24
43.4881,-1.4727,8.8
43.4831,-1.4728,
43.5035,-1.4608,0.07
43.4804,-1.5018,1.06
43.4967,-1.4755,2.68
43.4832,-1.4524,2.11
43.4836,-1.4766,11.33
43.5036,-1.4671,0.21
43.508,-1.4654,0.36
43.4935,-1.4516,0.85
43.471,-1.4921,25.31
43.4774,-1.4554,20.13
43.4807,-1.4515,0.69
43.4694,-1.4939,
43.4881,-1.4821,17.35
43.4965,-1.4644,1.14
43.5016,-1.4455,1.44
43.4957,-1.4638,1.87
43.4691,-1.4898,2.53
43.4878,-1.4606,1.63
43.4839,-1.4736,
43.4944,-1.4795,27.95
43.4992,-1.4554,
43.4941,-1.4919,20.44
43.4812,-1.4989,4.33
43.4912,-1.4514,4.48
43.5016,-1.4486,0.09
43.5097,-1.435,0.99
43.4874,-1.4844,1.57
43.4885,-1.4827,0.27
43.4981,-1.4377,1.12
43.4868,-1.4635,0.96
43.494,-1.4682,1.19
43.4993,-1.4551,
43.5034,-1.4645,1.51
43.4895,-1.4668,2.63
43.4827,-1.4953,1.37
43.4931,-1.4795,3.85
43.4968,-1.4756,2.53
43.4761,-1.4854,0.88
43.4918,-1.4805,
43.4964,-1.4889,0.16
43.4787,-1.4734,1.27
43.4958,-1.4323,1.41
43.4972,-1.4841,1.71
43.4797,-1.4666,0.52
43.4858,-1.4707,
43.4918,-1.4704,17.93
43.512,-1.4685,3.27
43.4761,-1.4841,1.92
43.4827,-1.4661,0.88
43.5098,-1.4821,0.81
43.4946,-1.4527,1.96
43.5013,-1.4459,2.08
43.4902,-1.4521,0.28
43.4912,-1.4776,0.48
43.5028,-1.4465,1.0
43.509,-1.4645,1.17
43.4842,-1.4987,0.67
43.5097,-1.4336,
43.4939,-1.4561,1.33
43.5004,-1.452,
43.4915,-1.4641,2.43
43.4955,-1.4613,2.37
43.4868,-1.4697,3.1
43.4784,-1.4562,1.43
43.4824,-1.4532,2.44
43.4837,-1.4716,
43.4874,-1.4832,14.38
43.4931,-1.4896,0.04
43.4841,-1.4444,1.77
43.459,-1.4888,4.08
43.4806,-1.4918,4.0
43.4973,-1.4843,0.52
43.4795,-1.4749,26.51
43.4906,-1.4604,1.75
43.494,-1.4528,3.06
43.4842,-1.4702,2.74
43.5114,-1.4915,
43.4941,-1.4794,4.01
43.4931,-1.4754,1.5
43.4662,-1.4961,2.87
43.4657,-1.4954,1.13
43.488,-1.4914,1.26
43.5047,-1.4665,0.53
43.4871,-1.4762,2.05
43.4829,-1.4843,0.26
43.4914,-1.4845,0.82
43.507,-1.4913,
43.479,-1.4502,0.26
43.4921,-1.4715,0.5
43.4903,-1.4934,6.1
43.4651,-1.4952,2.32
43.4938,-1.4821,6.15
43.4993,-1.4627,
43.4887,-1.4549,1.09
43.4957,-1.4869,0.7
43.5021,-1.4771,0.74
43.4917,-1.475,
43.4665,-1.4966,2.07
43.4986,-1.4489,1.77
43.5056,-1.4732,0.25
43.4918,-1.4697,17.27
43.4897,-1.4765,
43.4927,-1.4721,1.69
43.5024,-1.4542,14.84
43.4919,-1.4702,0.37
43.4742,-1.4782,
43.4837,-1.4825,2.51
43.4924,-1.4725,0.93
43.4921,-1.4528,
43.4881,-1.4754,6.97
43.4919,-1.4762,
43.4679,-1.4915,13.34
43.4823,-1.4823,10.88
43.489,-1.4579,2.08
43.4888,-1.4583,1.41
43.47,-1.4885,2.49
43.4885,-1.4819,1.14
43.4858,-1.4608,0.14
43.5042,-1.4675,0.33
43.493,-1.4489,1.57
43.4945,-1.4798,
43.4863,-1.467,2.41
43.4827,-1.4954,2.43
43.4929,-1.4715,26.45
43.4943,-1.4581,2.59
43.4863,-1.487,0.83
43.4908,-1.4697,12.61
43.4814,-1.4584,3.23
43.4898,-1.4726,
43.4918,-1.4629,14.49
43.5075,-1.4342,0.04
43.4988,-1.4619,1.52
43.5085,-1.4813,2.09
43.4788,-1.4557,3.66
43.4843,-1.4903,2.72
43.4942,-1.479,3.38
43.4861,-1.4896,3.78
43.4975,-1.4354,0.64
43.5121,-1.4684,2.17
43.5024,-1.4897,
43.4889,-1.4833,0.88
43.4987,-1.4596,3.21
43.4867,-1.4827,11.01
43.4929,-1.4774,0.98
43.4721,-1.4867,0.09
43.4962,-1.4344,0.24
43.4629,-1.496,6.54
43.471,-1.4878,0.53
43.4968,-1.4634,1.37
43.4941,-1.4644,0.54
43.4943,-1.4628,1.17
43.4993,-1.4509,2.17
43.4873,-1.4704,
43.4707,-1.4838,
43.5105,-1.4656,0.97
43.4998,-1.4539,19.01
43.5043,-1.4673,0.45
43.4827,-1.4839,1.21
43.496,-1.4809,0.16
43.4978,-1.4518,0.68
43.4809,-1.4609,3.35
43.4954,-1.4378,0.12
43.4873,-1.4678,2.21
43.4926,-1.4754,
43.5073,-1.4605,0.9
43.495,-1.4693,1.17
43.4846,-1.4788,14.09
43.4845,-1.4805,13.07
43.4986,-1.4477,1.61
43.4922,-1.4952,17.6
43.5053,-1.4713,1.16
43.4529,-1.4941,2.01
43.5122,-1.4391,1.55
43.4944,-1.4942,0.26
43.4955,-1.4831,0.58
43.498,-1.4615,0.74
43.4836,-1.446,1.53
43.5028,-1.4381,1.39
43.4983,-1.4923,4.51
43.4886,-1.4701,
43.5026,-1.4542,0.26
43.481,-1.4933,1.04
43.4908,-1.474,21.16
43.4966,-1.4748,2.29
43.4961,-1.4513,2.98
43.4992,-1.4582,0.19
43.4915,-1.4641,3.21
43.4892,-1.4784,
43.4965,-1.461,0.85
43.486,-1.4727,0.43
43.5026,-1.4562,1.86
43.4591,-1.4889,3.98
43.4856,-1.4708,
43.4953,-1.452,3.62
43.4925,-1.4818,
43.4791,-1.499,11.92
43.492,-1.4712,1.8
43.5011,-1.4572,
43.4581,-1.4865,5.02
43.4884,-1.483,0.09
43.4971,-1.4832,0.63
43.5,-1.4536,2.85
43.4884,-1.4816,0.61
43.4948,-1.4712,2.84
43.4958,-1.4515,1.16
43.48,-1.471,
43.4807,-1.5008,0.1
43.4683,-1.4838,
43.4758,-1.4906,1.61
43.4957,-1.4873,12.08
43.4999,-1.4626,1.69
43.4871,-1.4719,
43.4951,-1.4641,0.39
43.4896,-1.4808,0.34
43.4871,-1.4811,12.3
43.4843,-1.4572,1.13
43.4882,-1.4689,
43.4996,-1.4899,0.95
43.4881,-1.4509,1.12
43.4937,-1.4874,0.69
43.4924,-1.464,3.2
43.4916,-1.4929,3.08
43.487,-1.4613,
43.4838,-1.4846,0.97
43.5016,-1.4652,
43.4876,-1.4667,0.5
43.4898,-1.4722,
43.4847,-1.4662,5.65
43.4883,-1.4585,0.33
43.4879,-1.4817,12.91
43.4925,-1.4706,27.93
43.4839,-1.4454,1.06
43.4919,-1.4527,
43.4884,-1.4588,0.69
43.4694,-1.4929,0.84
43.4914,-1.4819,2.14
43.482,-1.4825,3.51
43.4834,-1.5008,2.17
43.4873,-1.4671,2.89
43.5016,-1.4453,1.23
43.4852,-1.4828,1.16
43.5034,-1.4832,0.66
43.4917,-1.4851,2.99
43.5067,-1.4762,0.46
43.4729,-1.4833,
43.4926,-1.4532,0.96
43.4871,-1.483,6.85
43.4781,-1.4997,0.72
43.4864,-1.4786,0.6
43.4885,-1.4761,15.29
43.4818,-1.4656,2.07
43.5019,-1.4558,14.2
43.4958,-1.4581,1.55
43.4923,-1.4918,0.72
43.4929,-1.4771,1.97
43.4831,-1.4908,2.01
43.4919,-1.4754,
43.4812,-1.4675,2.65
43.4901,-1.4823,5.67
43.4862,-1.4901,4.6
43.4941,-1.4627,0.75
43.5021,-1.4669,
43.5,-1.4659,1.99
43.4948,-1.4772,
43.486,-1.4727,0.42
43.4935,-1.4646,0.83
43.4966,-1.479,
43.4874,-1.4755,5.68
43.4989,-1.4378,0.7
43.4946,-1.4699,0.73
43.4832,-1.4906,14.72
43.4798,-1.4582,0.83
43.4938,-1.4449,1.75
43.5006,-1.4807,2.73
43.4857,-1.4715,1.49
43.4938,-1.4558,0.95
43.4932,-1.4497,2.24
43.4793,-1.475,
43.4967,-1.4826,0.03
43.4767,-1.4798,
43.5009,-1.4819,13.01
43.508,-1.4877,0.64
43.4883,-1.4774,0.97
43.4932,-1.4629,2.14
43.4919,-1.4836,2.42
43.4762,-1.4792,0.08
43.4791,-1.4549,0.26
43.4862,-1.4616,12.61
43.4967,-1.4693,1.91
43.504,-1.4719,4.57
43.4888,-1.4909,3.25
43.4603,-1.4893,2.3
43.4894,-1.4926,1.36
43.4997,-1.4901,0.66
43.4892,-1.4961,
43.5072,-1.4861,3.87
43.5026,-1.455,1.93
43.5059,-1.4566,0.91
43.494,-1.4532,3.0
43.5026,-1.4839,1.4
43.492,-1.4761,
43.4813,-1.4607,11.09
43.4834,-1.4983,3.83
43.49,-1.472,23.85
43.4856,-1.4723,2.34
43.4914,-1.4944,1.1
43.4736,-1.4835,1.42
43.4861,-1.4776,0.65
43.4903,-1.4821,12.03
43.5094,-1.435,0.33
43.4881,-1.4915,2.96
43.4993,-1.461,2.4
43.4925,-1.4801,29.39
43.4844,-1.4979,0.42
43.4844,-1.472,
43.4976,-1.4276,1.93
43.4761,-1.4509,5.01
43.4953,-1.4773,
43.5036,-1.4633,1.7
43.4921,-1.477,0.52
43.5044,-1.4429,0.35
43.4912,-1.4727,0.23
43.4798,-1.458,1.01
43.507,-1.4537,0.43
43.4915,-1.4895,1.16
43.4855,-1.4716,0.25
43.4899,-1.481,
43.4974,-1.4684,
43.499,-1.4491,2.23
43.4855,-1.4927,1.73
43.4933,-1.4798,2.7
43.492,-1.4812,1.28
43.4791,-1.4558,2.3
43.5021,-1.4616,0.52
43.4869,-1.4771,2.73
43.4864,-1.4797,12.34
43.4893,-1.4832,1.14
43.4998,-1.4623,10.45
43.5001,-1.4524,8.57
43.4836,-1.4902,
43.4833,-1.452,0.1
43.5012,-1.4597,1.81
43.498,-1.4487,1.91
43.4772,-1.4949,1.64
43.4971,-1.4595,
43.4942,-1.4894,2.46
43.4943,-1.4859,1.4
43.4805,-1.4661,2.38
43.461,-1.4942,0.6
43.4845,-1.4725,
43.4937,-1.4749,
43.4767,-1.4874,0.44
43.5073,-1.4297,0.25
43.4899,-1.4541,2.01
43.5085,-1.488,3.88
43.4925,-1.4427,1.3
43.498,-1.4488,1.9
43.4842,-1.4766,3.15
43.4908,-1.4545,2.33
43.4915,-1.4777,6.34
43.4954,-1.4632,1.26
43.4855,-1.4786,
43.4842,-1.4981,5.33
43.4962,-1.4692,6.98
43.5055,-1.4439,2.97
43.5029,-1.4541,1.58
43.4835,-1.4872,10.88
43.5117,-1.4451,2.13
43.4776,-1.4929,0.98
43.4933,-1.4653,0.54
43.5019,-1.4522,
43.4936,-1.4885,1.71
43.51,-1.4337,
43.4892,-1.4783,27.15
43.48,-1.4838,2.35
43.5159,-1.466,2.48
43.4893,-1.4685,26.96
43.4925,-1.4728,0.12
43.4896,-1.481,0.14
43.4959,-1.4807,1.09
43.4947,-1.4634,0.99
43.4942,-1.4788,14.95
43.4899,-1.4716,1.61
43.5057,-1.4586,0.95
43.48,-1.4508,0.27
43.4926,-1.4591,1.21
43.4899,-1.4599,1.36
43.5134,-1.4336,19.27
43.5015,-1.4386,1.75
43.4816,-1.4616,0.9
43.495,-1.4423,1.9
43.4917,-1.454,1.28
43.48,-1.4921,2.16
43.5087,-1.4638,1.31
43.4942,-1.466,24.34
43.4995,-1.4614,5.22
43.489,-1.4641,
43.4872,-1.4906,3.01
43.4694,-1.4877,0.68
43.4845,-1.4577,6.28
43.4994,-1.4468,2.48
43.4976,-1.4326,1.96
43.4938,-1.4927,14.54
43.49,-1.454,2.99
43.481,-1.4581,5.74
43.504,-1.4489,0.61
43.507,-1.464,1.38
43.5009,-1.4494,0.03
43.4585,-1.4883,3.91
43.5013,-1.4393,1.9
43.4875,-1.488,0.63
43.5029,-1.4541,2.72
43.4659,-1.4955,0.24
43.4952,-1.4879,1.43
43.4891,-1.4689,
43.4801,-1.5015,1.68
43.4997,-1.463,1.68
43.5006,-1.4797,6.62
43.4609,-1.4931,0.32
43.4817,-1.4773,2.31
43.4841,-1.4625,1.22
43.4838,-1.4665,0.16
43.4999,-1.4902,8.94
43.4903,-1.4867,0.0
43.4909,-1.474,9.36
43.5058,-1.4577,0.81
43.4808,-1.4748,0.25
43.4837,-1.4785,2.56
43.48,-1.4935,0.53
43.484,-1.4639,1.73
43.5032,-1.426,2.2
43.5017,-1.4657,
43.4777,-1.4929,2.0
43.4926,-1.4566,1.75
43.4846,-1.4722,
43.4968,-1.4348,0.73
43.5049,-1.4687,7.79
43.4927,-1.479,14.19
43.4834,-1.5015,5.41
43.4848,-1.4958,0.0
43.5076,-1.4664,0.45
43.5069,-1.4531,0.18
43.4506,-1.4949,3.92
43.4746,-1.4851,2.03
43.4964,-1.4716,2.31
43.5058,-1.4727,2.29
43.4927,-1.472,5.89
43.4939,-1.4542,1.41
43.4883,-1.4612,2.82
43.4829,-1.4823,14.4
43.4772,-1.4917,0.65
43.4963,-1.4845,
43.4737,-1.4899,0.55
43.4869,-1.4682,4.83
43.4833,-1.502,1.1
43.4812,-1.4837,1.3
43.485,-1.4826,12.59
43.4828,-1.4784,1.3
43.4934,-1.4614,0.56
43.4978,-1.4552,0.77
43.4912,-1.4541,0.54
43.4805,-1.479,0.79
43.5031,-1.4754,2.37
43.4836,-1.472,
43.4854,-1.4597,6.45
43.4828,-1.477,4.58
43.4994,-1.4589,1.6
43.4829,-1.4739,2.14
43.4993,-1.4897,1.62
43.4944,-1.4597,5.9
43.5106,-1.4291,1.47
43.4926,-1.4772,10.93
43.4915,-1.4808,
43.4998,-1.4646,1.97
43.4875,-1.4758,12.14
43.4891,-1.4878,0.12
43.4895,-1.4807,0.51
43.4943,-1.478,0.85
43.479,-1.4668,3.75
43.4943,-1.4718,0.83
43.5071,-1.4549,1.89
43.4925,-1.4705,
43.4865,-1.4643,0.79
43.4929,-1.4939,5.33
43.4755,-1.49,0.32
43.4661,-1.4957,0.44
43.4847,-1.4834,0.02
43.4821,-1.4858,3.69
43.4848,-1.4995,2.44
43.5104,-1.4429,1.57
43.476,-1.4504,0.63
43.4898,-1.4916,0.12
43.4948,-1.4538,12.27
43.4964,-1.4687,3.06
43.4804,-1.5007,4.83
43.4768,-1.4862,1.13
43.4923,-1.4805,17.83
43.5019,-1.4461,0.76
43.4838,-1.4523,6.32
43.4755,-1.4761,
43.5025,-1.4564,2.03
43.491,-1.4951,0.95
43.5087,-1.4598,0.1
43.4836,-1.4905,14.31
43.4935,-1.4559,0.01
43.5019,-1.4566,2.51
43.4948,-1.4414,0.67
43.483,-1.4834,1.07
43.5083,-1.4882,0.17
43.4842,-1.4496,0.75
43.4817,-1.4708,
43.5014,-1.4538,23.77
43.4913,-1.4735,0.97
43.4866,-1.4564,2.25
43.4847,-1.4849,1.63
43.4895,-1.4912,3.18
43.4924,-1.4735,6.29
43.4806,-1.4666,2.4
43.4987,-1.4616,2.09
43.4765,-1.4849,0.1
43.498,-1.4802,26.89
43.4788,-1.4969,1.35
43.4669,-1.4947,0.5
43.4885,-1.4888,0.76
43.4874,-1.4595,2.92
43.5123,-1.4709,1.53
43.4762,-1.4516,0.45
43.4991,-1.4644,
43.4636,-1.4955,3.8
43.4951,-1.4521,4.06
43.4825,-1.4583,13.93
43.478,-1.4879,1.39
43.4898,-1.4598,0.72
43.5024,-1.4453,0.71
43.4875,-1.4599,2.89
43.4847,-1.4745,
43.5127,-1.4381,0.28
43.4932,-1.4759,2.27
43.4875,-1.4839,0.72
43.4885,-1.4782,8.56
43.4796,-1.4842,11.31
43.4577,-1.4865,
43.5045,-1.4466,0.93
43.5024,-1.4534,
43.4867,-1.4798,0.64
43.5025,-1.4901,
43.4798,-1.4501,13.76
43.5048,-1.4633,1.01
43.4781,-1.4686,1.28
43.4972,-1.4878,1.14
43.4891,-1.472,2.44
43.4902,-1.4794,17.97
43.5047,-1.4841,0.36
43.4788,-1.5002,
43.4847,-1.4853,0.62
43.4886,-1.4838,1.42
43.4869,-1.4692,2.41
43.4793,-1.4987,26.81
43.5035,-1.4657,1.61
43.4909,-1.486,1.82
43.4995,-1.4542,12.8
43.4796,-1.466,2.86
43.4816,-1.4656,2.77
43.5071,-1.4636,0.42
43.4771,-1.4839,5.76
43.5065,-1.4595,13.4
43.4643,-1.4955,1.43
43.5137,-1.4674,0.54
43.4831,-1.4741,3.61
43.4665,-1.4911,4.55
43.4953,-1.477,
43.4898,-1.4792,0.21
43.4923,-1.4777,
43.5035,-1.4663,1.64
43.4925,-1.4566,1.59
43.493,-1.4687,
43.4964,-1.4581,1.21
43.4956,-1.4913,0.74
43.4782,-1.4956,0.74
43.4875,-1.4565,0.34
43.5022,-1.453,16.13
43.493,-1.4951,2.03
43.4907,-1.4625,0.68
43.4893,-1.4759,
43.4994,-1.4379,0.3
43.4944,-1.4899,1.55
43.4976,-1.4323,0.31
43.4655,-1.495,0.18
43.4833,-1.4519,0.59
43.4898,-1.4625,20.37
43.4915,-1.4883,2.5
43.4714,-1.4919,
43.5098,-1.466,0.03
43.5135,-1.4357,0.04
43.4768,-1.4757,
43.4759,-1.4778,
43.4933,-1.4631,0.13
43.5071,-1.4578,0.91
43.4807,-1.4707,
43.4809,-1.4759,8.52
43.4997,-1.4466,1.36
43.4863,-1.4884,2.23
43.4839,-1.4713,
43.4993,-1.4564,0.4
43.491,-1.4791,20.47
43.4866,-1.4726,
43.4953,-1.4778,
43.4757,-1.4516,15.01
43.4878,-1.4529,1.23
43.4891,-1.4589,1.02
43.4626,-1.496,1.65
43.4918,-1.4858,2.39
43.507,-1.4611,0.25
43.4795,-1.4922,4.88
43.502,-1.4787,2.36
43.4843,-1.4663,2.83
43.4871,-1.4517,2.23
43.4939,-1.463,0.85
43.4939,-1.4534,0.63
43.48,-1.4944,0.92
43.4872,-1.4974,
43.4834,-1.4982,3.9
43.494,-1.4662,1.88
43.4958,-1.4519,0.53
43.4847,-1.4725,19.47
43.4964,-1.4881,0.18
43.4812,-1.498,2.38
43.4929,-1.4529,0.43
43.4755,-1.4521,17.24
43.484,-1.4645,1.52
43.4948,-1.4675,1.89
43.4844,-1.48,0.1
43.4866,-1.4798,0.8
43.4946,-1.4758,
43.4781,-1.4892,0.04
43.4838,-1.4908,2.28
43.4768,-1.4963,3.92
43.469,-1.4849,
43.4663,-1.4948,2.0
43.507,-1.4601,0.02
43.4884,-1.4916,0.84
43.5039,-1.4622,
43.5029,-1.4539,1.47
43.491,-1.4806,5.45
43.4931,-1.4804,11.27
43.5089,-1.466,1.65
43.498,-1.4187,0.21
43.4924,-1.4919,0.7
43.483,-1.4911,1.66
43.4897,-1.4734,
43.5021,-1.4486,9.54
43.4832,-1.4958,0.2
43.4846,-1.4832,0.17
43.4949,-1.4792,0.05
43.5161,-1.4664,
43.4819,-1.4772,0.85
43.4603,-1.4955,3.14
43.4795,-1.4997,19.23
43.5094,-1.4818,0.56
43.4926,-1.4899,0.09
43.4797,-1.4984,10.79
43.5022,-1.4777,0.85
43.4944,-1.4535,1.68
43.4977,-1.4491,1.77
43.5103,-1.472,0.43
43.5107,-1.4641,2.98
43.4855,-1.4777,1.31
43.503,-1.4756,2.64
43.5111,-1.4715,1.43
43.5003,-1.4502,1.7
43.4883,-1.4774,0.96
43.4875,-1.4507,3.2
43.5108,-1.4692,0.98
43.4977,-1.4319,0.93
43.4838,-1.5007,0.56
43.5049,-1.4621,1.16
43.5034,-1.4639,0.1
43.5058,-1.458,0.48
43.4935,-1.461,4.23
43.4982,-1.4195,0.4
43.4882,-1.4692,
43.4902,-1.4583,1.48
43.4649,-1.4857,
43.4926,-1.4716,3.97
43.4837,-1.4749,28.06
43.4935,-1.4938,0.39
43.4759,-1.4955,0.93
43.4938,-1.4665,0.07
43.4935,-1.4788,1.15
43.5086,-1.4653,0.86
43.5079,-1.4838,1.34
43.4772,-1.4916,1.71
43.4939,-1.4671,2.78
43.4925,-1.4653,2.02
43.4905,-1.4821,11.68
43.4863,-1.4885,2.33
43.4827,-1.4783,2.04
43.4872,-1.4689,1.2
43.4862,-1.4983,
43.4988,-1.4348,0.26
43.4808,-1.4918,1.9
43.4909,-1.4805,3.53
43.4962,-1.4597,
43.4879,-1.4752,1.14
43.4889,-1.4731,
43.508,-1.4379,4.3
43.4913,-1.4816,5.1
43.5076,-1.4809,1.24
43.5062,-1.4456,0.63
43.4864,-1.4858,0.89
43.5027,-1.453,15.4
43.4829,-1.4824,0.27
43.5015,-1.4559,22.67
43.5043,-1.4354,1.66
43.479,-1.5024,1.71
43.4993,-1.4645,
43.508,-1.4878,3.43
43.4837,-1.4527,0.01
43.4955,-1.4913,1.43
43.4983,-1.4929,4.47
43.48,-1.4769,2.58
43.4881,-1.4963,
43.4697,-1.4849,
43.5039,-1.4622,
43.4832,-1.5007,2.04
43.4685,-1.4907,5.54
43.4819,-1.498,0.89
43.4807,-1.4676,1.59
43.4937,-1.4801,5.7
43.4932,-1.469,
43.496,-1.4731,7.11
43.4997,-1.4346,27.15
43.4925,-1.4774,27.08
43.4846,-1.4583,0.91
43.4864,-1.4889,9.29
43.4805,-1.502,2.24
43.4766,-1.4762,
43.5085,-1.4638,1.17
43.5047,-1.4478,0.32
43.4994,-1.4637,0.04
43.5034,-1.452,5.03
43.5152,-1.4601,0.25
43.5012,-1.4434,1.59
43.5,-1.4527,0.95
43.4879,-1.4743,5.08
43.5098,-1.4579,1.0
43.4858,-1.473,1.06
43.4917,-1.4834,2.46
43.4988,-1.4476,2.89
43.4935,-1.4925,0.26
43.4997,-1.4818,1.39
43.4582,-1.4955,2.58
43.465,-1.4863,
43.4846,-1.4806,12.65
43.4906,-1.4722,0.57
43.4922,-1.4811,8.48
43.4989,-1.4815,5.67
43.4917,-1.4787,18.72
43.4805,-1.4682,2.81
43.4914,-1.4917,1.6
43.5131,-1.446,1.64
43.4946,-1.4832,0.14
43.4812,-1.4881,3.5
43.49,-1.4713,0.72
43.4902,-1.4528,1.87
43.4891,-1.4764,
43.5035,-1.4681,5.01
43.4866,-1.4795,7.6
43.481,-1.4642,0.96
43.4814,-1.4687,1.03
43.4792,-1.4844,2.71
43.4859,-1.478,27.75
43.4984,-1.4682,2.1
43.4986,-1.4875,10.25
43.4959,-1.4866,29.11
43.5031,-1.4258,0.29
43.486,-1.4908,11.74
43.5051,-1.4857,0.66
43.5065,-1.4688,0.86
43.4804,-1.5007,5.02
43.4804,-1.4873,
43.4966,-1.4358,1.04
43.491,-1.4622,1.14
43.4923,-1.4778,
43.4968,-1.4884,22.26
43.4818,-1.498,2.21
43.4969,-1.4622,2.0
43.4739,-1.4832,1.02
43.4869,-1.4631,0.65
43.5028,-1.4402,1.93
43.49,-1.4576,2.68
43.4901,-1.4579,0.58
43.4949,-1.4606,2.37
43.4999,-1.4546,10.19
43.481,-1.4609,0.34
43.4908,-1.4868,4.31
43.4738,-1.4856,1.36
43.497,-1.4512,1.88
43.4975,-1.4668,0.99
43.5005,-1.4803,2.65
43.4812,-1.4815,1.42
43.4865,-1.474,6.34
43.4992,-1.4567,0.22
43.5005,-1.4202,0.12
43.4873,-1.4944,1.72
43.4904,-1.479,7.87
43.4819,-1.498,1.4
43.4902,-1.4778,0.45
43.4931,-1.4878,0.51
43.4776,-1.4543,0.98
43.4936,-1.4757,24.13
43.4936,-1.4734,
43.49,-1.4947,1.6
43.5009,-1.4786,1.81
43.492,-1.4702,4.45
43.4999,-1.4575,0.97
43.4917,-1.4516,
43.493,-1.4805,13.33
43.5088,-1.4653,0.84
43.4516,-1.4954,3.19
43.4903,-1.4552,2.22
43.4836,-1.4753,
43.4593,-1.4836,
43.4801,-1.4767,3.56
43.4937,-1.4795,0.9
43.5085,-1.4339,3.63
43.5005,-1.468,0.61
43.4835,-1.4541,0.03
43.4935,-1.4918,9.92
43.4881,-1.4785,
43.511,-1.4419,2.92
43.4963,-1.4912,2.88
43.4998,-1.4546,18.36
43.5096,-1.4659,0.64
43.4828,-1.4975,0.77
43.4938,-1.4575,1.03
43.4854,-1.4935,0.59
43.5065,-1.487,0.67
43.503,-1.452,16.18
43.4804,-1.4768,0.06
43.4976,-1.4683,
43.4995,-1.4199,0.41
43.4811,-1.4761,2.8
43.4856,-1.4734,2.58
43.4871,-1.4759,3.29
43.5015,-1.4545,1.35
43.4882,-1.4726,2.06
43.4861,-1.4906,10.89
43.4816,-1.484,0.86
43.4803,-1.4681,2.44
43.4931,-1.485,1.53
43.4803,-1.4752,10.2
43.4918,-1.4957,6.13
43.5155,-1.4597,0.18
43.4872,-1.4518,2.55
43.4951,-1.4775,
43.4892,-1.4878,0.09
43.5033,-1.4608,0.29
43.4801,-1.484,16.63
43.496,-1.4381,0.56
43.4979,-1.4673,0.75
43.4832,-1.4852,2.4
43.4962,-1.4882,1.63
43.4985,-1.4557,0.19
43.5014,-1.4557,23.01
43.5033,-1.4495,6.31
43.5105,-1.4438,0.14
43.4841,-1.4762,
43.4908,-1.4813,0.34
43.4858,-1.4724,1.82
43.4856,-1.4948,0.31
43.5002,-1.4907,10.03
43.4924,-1.4806,2.62
43.4994,-1.4509,5.83
43.4975,-1.4786,2.1
43.4896,-1.4588,1.03
43.5077,-1.4807,1.08
43.4803,-1.479,1.48
43.4938,-1.4757,
43.4653,-1.4833,4.7
43.4968,-1.4625,0.91
43.4945,-1.4774,10.09
43.5014,-1.4565,4.27
43.4838,-1.4904,13.89
43.4959,-1.4868,
43.488,-1.4703,
43.4926,-1.4522,
43.4669,-1.4927,8.28
43.4855,-1.4902,0.32
43.4842,-1.4803,1.64
43.4965,-1.434,1.88
43.4966,-1.4697,1.63
43.4809,-1.4967,0.94
43.4968,-1.4696,17.51
43.4796,-1.4499,14.33
43.4876,-1.4704,
43.4915,-1.4959,1.01
43.4923,-1.4745,1.62
43.4711,-1.4916,2.24
43.5029,-1.4529,1.49
43.4946,-1.4571,
43.4815,-1.4965,1.81
43.4841,-1.4603,0.26
43.4921,-1.4792,
43.4921,-1.4538,6.43
43.4847,-1.4825,12.72
43.4922,-1.4778,
43.4583,-1.4955,2.3
43.4903,-1.4885,1.41
43.4934,-1.4675,0.04
43.5032,-1.468,0.57
43.4923,-1.4706,15.2
43.5049,-1.4638,0.11
43.4965,-1.4389,1.0
43.4755,-1.4899,0.47
43.4933,-1.4727,14.97
43.4888,-1.451,0.67
43.5079,-1.4316,10.41
43.4918,-1.4651,0.09
43.5058,-1.4854,0.74
43.4938,-1.4796,4.22
43.5033,-1.468,0.49
43.5045,-1.4345,1.47
43.5059,-1.4863,0.14
43.4765,-1.4809,2.39
43.5015,-1.4577,
43.4812,-1.458,21.82
43.5071,-1.4606,1.43
43.4869,-1.4538,2.14
43.4823,-1.482,
43.4894,-1.4759,
43.4944,-1.468,2.06
43.4906,-1.4863,1.09
43.4996,-1.4568,
43.4722,-1.4866,0.15
43.4971,-1.4449,1.34
43.497,-1.4888,23.54
43.492,-1.4519,
43.4868,-1.4867,1.84
43.4789,-1.4815,3.06
43.4837,-1.4862,2.42
43.4833,-1.4774,3.64
43.4833,-1.4987,3.79
43.4809,-1.4633,1.58
43.4888,-1.4822,1.83
43.5024,-1.4484,1.36
43.4811,-1.498,1.3
43.495,-1.4544,1.83
43.4587,-1.4886,5.88
43.4988,-1.4901,1.76
43.4789,-1.5012,1.7
43.4881,-1.4942,1.2
43.4873,-1.4745,8.73
43.4998,-1.4506,1.49
43.4899,-1.4681,0.92
43.496,-1.4912,1.91
43.4892,-1.4932,1.6
43.4852,-1.4595,0.09
43.4978,-1.4282,1.86
43.4974,-1.4634,2.26
43.4951,-1.4833,2.69
43.4885,-1.4547,3.8
43.4838,-1.4907,1.23
43.4778,-1.4922,1.43
43.4912,-1.486,0.36
43.4913,-1.4739,0.8
43.4788,-1.4905,2.42
43.508,-1.4811,1.95
43.4834,-1.499,1.55
43.4845,-1.4802,13.68
43.5031,-1.4754,2.61
43.4841,-1.4624,0.92
43.5065,-1.4735,0.15
43.4902,-1.4674,0.98
43.4904,-1.4806,20.17
43.5104,-1.4919,
43.4929,-1.4728,16.84
43.4946,-1.4525,4.68
43.4869,-1.4576,1.95
43.4896,-1.4623,2.25
43.4869,-1.4682,4.71
43.4785,-1.4735,18.07
43.47,-1.4886,2.07
43.4888,-1.4646,
43.4972,-1.451,1.01
43.5106,-1.431,2.44
43.4841,-1.4902,17.05
43.4647,-1.4855,29.8
43.4975,-1.4299,5.68
43.4733,-1.4859,1.52
43.4871,-1.4765,5.38
43.5022,-1.4536,
43.4902,-1.4852,0.43
43.5136,-1.4623,1.0
43.494,-1.4763,19.78
43.5025,-1.4506,
43.4795,-1.4945,0.36
43.4765,-1.4965,3.71
43.472,-1.4833,
43.5055,-1.4729,0.2
43.4868,-1.4724,
43.4791,-1.4946,0.26
43.4994,-1.4582,9.01
43.4928,-1.4713,27.19
43.5019,-1.4608,0.41
43.5081,-1.4882,4.15
43.4726,-1.4862,5.58
43.4943,-1.484,0.62
43.4984,-1.4678,2.75
43.5012,-1.4802,0.92
43.4762,-1.4706,
43.5027,-1.4399,2.48
43.4904,-1.4534,0.7
43.5118,-1.4351,1.19
43.4837,-1.4863,1.68
43.4849,-1.4909,1.14
43.5042,-1.4823,1.26
43.4959,-1.4741,
43.4896,-1.4624,1.19
43.4955,-1.473,
43.4938,-1.4582,0.55
43.495,-1.4814,9.56
43.4923,-1.47,
43.4771,-1.4942,0.67
43.5129,-1.4679,3.79
43.4784,-1.4727,26.62
43.5043,-1.4634,1.09
43.4995,-1.4675,
43.4911,-1.4693,20.35
43.4929,-1.4927,1.85
43.4907,-1.4627,10.82
43.4785,-1.4723,
43.482,-1.4845,0.76
43.5031,-1.4687,1.19
43.5027,-1.463,0.58
43.4662,-1.4939,4.96
43.4813,-1.4577,
43.5068,-1.4453,1.06
43.4946,-1.4682,1.77
43.4784,-1.493,5.4
43.4996,-1.4555,
43.4854,-1.472,16.15
43.4961,-1.4853,1.59
43.4804,-1.4822,0.55
43.4938,-1.4931,12.69
43.4792,-1.4741,12.51
43.5038,-1.471,4.37
43.4798,-1.4945,0.39
43.479,-1.4556,1.56
43.5049,-1.4848,0.98
43.4975,-1.4595,
43.5033,-1.4831,1.42
43.4935,-1.4737,
43.4834,-1.4878,25.13
43.481,-1.4637,6.88
43.4593,-1.489,4.46
43.4788,-1.4738,16.09
43.4942,-1.4452,4.84
43.493,-1.4571,1.9
43.4964,-1.4518,0.24
43.485,-1.4817,1.83
43.4885,-1.4652,9.82
43.478,-1.475,
43.5006,-1.4543,
43.4796,-1.4764,0.94
43.4845,-1.4784,1.27
43.4815,-1.455,0.99
43.4945,-1.4776,1.2
43.4677,-1.4876,5.19
43.5097,-1.4335,
43.4979,-1.4382,2.08
43.5066,-1.4597,11.34
43.4949,-1.4791,0.84
43.4792,-1.4656,2.78
43.4935,-1.4532,7.42
43.4893,-1.4782,21.83
43.4938,-1.4792,14.11
43.5035,-1.4666,4.03
43.4833,-1.4516,2.18
43.4906,-1.4787,0.42
43.4938,-1.4462,0.53
43.4823,-1.4656,4.91
43.5102,-1.4642,1.1
43.4931,-1.4628,1.5
43.4905,-1.4723,0.18
43.5026,-1.4535,15.14
43.4921,-1.4759,
43.4953,-1.4773,
43.4928,-1.4547,1.77
43.5157,-1.4594,0.2
43.4786,-1.4956,1.53
43.4905,-1.4739,
43.493,-1.4798,22.28
43.5056,-1.462,0.3
43.4907,-1.4629,0.94
43.5069,-1.432,1.2
43.4987,-1.4935,3.3
43.5091,-1.4439,0.46
43.493,-1.4626,0.21
43.4925,-1.4662,2.31
43.511,-1.4658,25.12
43.4808,-1.4607,0.19
43.4919,-1.4855,0.18
43.5065,-1.4856,5.91
43.4924,-1.462,
43.4937,-1.4693,
43.4928,-1.488,0.73
43.502,-1.4573,0.73
43.4653,-1.4832,13.39
43.4922,-1.4864,2.26
43.5071,-1.433,0.34
43.481,-1.476,11.35
43.4815,-1.4547,1.1
43.4981,-1.4899,1.59
43.4885,-1.4927,0.62
43.4809,-1.4969,0.68
43.492,-1.4931,3.71
43.4805,-1.4656,2.4
43.4968,-1.4931,
43.4955,-1.453,27.28
43.4764,-1.4839,7.0
43.5069,-1.4875,1.37
43.4944,-1.4883,1.9
43.5056,-1.4731,0.18
43.4939,-1.4647,0.14
43.4926,-1.4792,
43.4871,-1.4494,1.47
43.4945,-1.4708,
43.5074,-1.4539,0.97
43.5021,-1.4495,1.13
43.4814,-1.4836,1.58
43.4873,-1.459,0.68
43.4892,-1.4785,
43.4911,-1.4802,
43.4947,-1.4654,0.51
43.4938,-1.4937,2.64
43.4954,-1.4894,1.52
43.4881,-1.4762,26.21
43.4963,-1.47,0.78
43.5056,-1.4627,0.25
43.4955,-1.4335,0.22
43.483,-1.4839,1.87
43.5068,-1.461,0.22
43.4787,-1.499,
43.4885,-1.4791,1.71
43.5044,-1.433,1.68
43.5053,-1.4461,0.58
43.487,-1.4684,1.96
43.4884,-1.4766,11.89
43.4941,-1.4528,0.29
43.4865,-1.4768,17.86
43.4939,-1.4838,0.66
43.4876,-1.4881,1.38
43.4893,-1.4667,0.26
43.4971,-1.4683,12.76
43.4969,-1.4635,1.16
43.4907,-1.4626,0.72
43.4882,-1.4698,
43.4919,-1.4856,2.21
43.4707,-1.4919,0.01
43.5069,-1.4583,21.17
43.4935,-1.4929,5.35
43.4901,-1.4759,
43.5072,-1.4639,1.15
43.4855,-1.4879,1.79
43.4919,-1.4701,2.42
43.4765,-1.471,
43.5075,-1.4838,0.69
43.494,-1.4916,5.15
43.509,-1.4331,0.99
43.4805,-1.4602,1.14
43.4954,-1.4587,
43.5049,-1.4601,
43.4781,-1.4521,0.75
43.4946,-1.4858,2.06
43.5017,-1.4586,5.58
43.5036,-1.4478,2.29
43.4929,-1.4733,14.69
43.5072,-1.4538,0.25
43.5027,-1.4609,15.87
43.4659,-1.4947,0.55
43.4941,-1.4679,1.8
43.4879,-1.4553,1.42
43.5023,-1.4438,1.02
43.502,-1.4678,0.91
43.5015,-1.4781,1.43
43.4866,-1.4741,5.62
43.4872,-1.4758,0.17
43.4971,-1.4794,
43.4833,-1.4501,2.24
43.4861,-1.4878,0.77
43.5035,-1.4847,2.91
43.4961,-1.437,2.41
43.4961,-1.4775,
43.4867,-1.479,10.97
43.4926,-1.4745,17.34
43.4785,-1.4685,1.51
43.4946,-1.4578,0.79
43.4996,-1.4645,13.29
43.5023,-1.4521,25.21
43.4928,-1.492,1.46
43.4799,-1.4502,15.07
43.4917,-1.4533,0.09
43.4787,-1.4736,13.88
43.4957,-1.4548,1.43
43.4562,-1.4851,
43.4759,-1.4824,1.22
43.4905,-1.4738,
43.4706,-1.4881,0.45
43.5025,-1.4766,3.24
43.4996,-1.4615,1.46
43.4906,-1.4549,3.17
43.4863,-1.4617,9.21
43.5038,-1.4228,3.38
43.4797,-1.474,0.96
43.4839,-1.4446,0.93
43.4922,-1.4677,
43.4877,-1.4831,2.11
43.4825,-1.4882,
43.481,-1.4943,1.94
43.4981,-1.4179,0.68
43.4974,-1.4382,2.42
43.4895,-1.4586,1.26
43.4937,-1.4947,1.18
43.4757,-1.4821,1.5
43.4716,-1.4909,0.75
43.4811,-1.4707,
43.5002,-1.4879,
43.4853,-1.4786,
43.509,-1.4594,0.28
43.4922,-1.4864,1.94
43.4918,-1.4595,1.36
43.4849,-1.478,1.0
43.4927,-1.4634,2.4
43.4993,-1.455,
43.4664,-1.4947,1.44
43.4833,-1.4768,2.0
43.503,-1.4537,2.04
43.4792,-1.4733,21.65
43.4986,-1.4553,11.1
43.4956,-1.4464,1.42
43.49,-1.4535,0.42
43.4897,-1.4742,
43.4886,-1.4782,8.75
43.4787,-1.4681,0.38
43.5054,-1.4861,0.45
43.4862,-1.4888,2.36
43.4761,-1.451,3.46
43.476,-1.4496,1.37
43.4817,-1.4956,0.83
43.4925,-1.4548,0.97
43.4888,-1.4546,0.01
43.4909,-1.4877,
43.4796,-1.4654,1.18
43.4904,-1.4842,0.01
43.4877,-1.463,
43.4923,-1.4639,0.2
43.49,-1.4671,6.64
43.4786,-1.4816,1.24
43.5062,-1.4763,1.49
43.4978,-1.4893,1.93
43.4923,-1.4592,1.44
43.4536,-1.4942,3.1
43.5029,-1.4524,15.93
43.4911,-1.476,
43.4863,-1.4756,17.21
43.4963,-1.4596,
43.4988,-1.4592,22.73
43.4854,-1.4715,15.92
43.4929,-1.4718,16.18
43.4928,-1.4842,1.06
43.4812,-1.4946,0.62
43.4967,-1.49,1.61
43.4816,-1.4542,2.17
43.4938,-1.485,0.39
43.4951,-1.4782,2.87
43.4919,-1.4784,3.04
43.476,-1.4775,
43.4933,-1.463,0.12
43.4686,-1.4907,2.5
43.496,-1.4514,2.98
43.4927,-1.4646,0.22
43.507,-1.4691,25.38
43.4931,-1.4494,2.58
43.4938,-1.4531,1.35
43.5099,-1.466,0.07
43.4916,-1.4838,1.9
43.4812,-1.4763,1.71
43.4786,-1.4733,1.04
43.4821,-1.4899,
43.4819,-1.4977,1.24
43.4887,-1.4773,
43.4857,-1.491,3.16
43.4974,-1.4358,1.41
43.4971,-1.4797,
43.5073,-1.4528,
43.5033,-1.4498,0.12
43.4918,-1.4695,17.67
43.4616,-1.4812,
43.4512,-1.4931,2.48
43.5036,-1.4826,0.74
43.4675,-1.4919,11.17
43.4954,-1.4414,2.14
43.4874,-1.483,2.39
43.489,-1.4561,1.95
43.4849,-1.4914,15.73
43.499,-1.4823,
43.491,-1.4808,19.52
43.4785,-1.4745,
43.5005,-1.4599,3.0
43.492,-1.4957,1.19
43.515,-1.4668,1.6
43.5064,-1.4454,1.9
43.4936,-1.4747,
43.4932,-1.4755,1.13
43.5026,-1.4539,0.19
43.4948,-1.4573,17.64
43.4892,-1.4649,
43.4925,-1.4938,1.87
43.4757,-1.4891,2.82
43.5043,-1.4274,1.09
43.4567,-1.4858,
43.4908,-1.4897,2.93
43.4852,-1.494,1.44
43.4906,-1.4546,1.72
43.5046,-1.4459,0.01
43.4982,-1.4799,2.33
43.4869,-1.4699,1.22
43.496,-1.4763,
43.4939,-1.4859,1.22
43.4841,-1.4826,1.36
43.4772,-1.482,1.46
43.4835,-1.4829,1.77
43.5155,-1.4663,2.31
43.4953,-1.4859,2.32
43.4952,-1.4801,0.24
43.5064,-1.4584,
43.4908,-1.4777,6.36
43.5033,-1.4246,1.05
43.5096,-1.4882,0.21
43.4872,-1.493,0.78
43.465,-1.483,
43.5017,-1.4558,0.21
43.4951,-1.4825,2.44
43.5141,-1.4672,1.49
43.5124,-1.446,2.09
43.4788,-1.4989,22.34
43.4805,-1.4655,2.08
43.4894,-1.4575,0.95
43.4894,-1.475,1.64
43.4912,-1.4444,0.67
43.4926,-1.4544,0.26
43.4979,-1.4894,2.13
43.49,-1.4945,1.56
43.479,-1.4545,2.46
43.4813,-1.4881,3.93
43.4861,-1.4714,0.75
43.5,-1.4377,0.68
43.5003,-1.4798,2.24
43.4875,-1.4541,2.72
43.4939,-1.4555,1.33
43.4893,-1.4968,
43.4856,-1.4924,1.23
43.4898,-1.4718,7.97
43.5029,-1.4904,
43.4874,-1.4631,6.5
43.4909,-1.4879,29.64
43.4948,-1.4782,1.38
43.4914,-1.4754,
43.499,-1.4886,0.35
43.4849,-1.4806,
43.5016,-1.4519,
43.5115,-1.434,3.09
43.4824,-1.4881,
43.4901,-1.4886,1.38
43.4851,-1.4832,0.35
43.5005,-1.4802,3.03
43.4902,-1.4829,1.36
43.5119,-1.4688,0.38
43.4789,-1.5005,
43.4948,-1.4416,3.26
43.4727,-1.4835,
43.5129,-1.4377,0.23
43.4948,-1.467,1.63
43.4954,-1.4793,2.26
43.4846,-1.4752,0.02
43.4882,-1.4767,17.88
43.5016,-1.4806,0.07
43.5052,-1.4672,0.53
43.5017,-1.4788,1.27
43.4719,-1.4833,
43.4787,-1.4986,2.35
43.4953,-1.4775,
43.4896,-1.4719,2.29
43.4939,-1.4756,
43.4934,-1.4783,1.17
43.4783,-1.5024,4.47
43.4999,-1.4876,
43.5009,-1.4459,3.34
43.4922,-1.4704,15.78
43.4847,-1.4916,
43.4799,-1.4566,2.06
43.4864,-1.4669,0.77
43.4841,-1.4774,0.02
43.4872,-1.4809,1.36
43.5035,-1.4241,3.16
43.5045,-1.4633,0.39
43.476,-1.45,5.07
43.4957,-1.4874,18.99
43.4594,-1.4958,2.06
43.4782,-1.4852,
43.4748,-1.4904,16.08
43.4811,-1.4841,0.4
43.4873,-1.4736,
43.4913,-1.4798,
43.4975,-1.4642,1.64
43.4973,-1.4333,1.18
43.4935,-1.4639,0.96
43.4768,-1.4823,0.25
43.4947,-1.4682,2.5
43.4864,-1.4786,1.34
43.485,-1.4993,1.75
43.4785,-1.4728,26.21
43.5058,-1.4738,4.54
43.4904,-1.4589,0.58
43.476,-1.4842,2.04
43.4797,-1.5015,8.78
43.4849,-1.49,1.51
43.4868,-1.4545,2.25
43.4966,-1.4642,1.25
43.4813,-1.4822,4.48
43.4957,-1.4629,0.95
43.4945,-1.4778,3.9
43.4987,-1.468,
43.4828,-1.4724,
43.4916,-1.4806,
43.4791,-1.4988,11.76
43.4902,-1.4608,3.02
43.5084,-1.4858,0.19
43.5048,-1.4688,0.85
43.506,-1.4623,1.26
43.4866,-1.4788,1.92
43.5061,-1.4868,0.16
43.4504,-1.4948,3.21
43.4792,-1.4542,0.95
43.5013,-1.4562,20.64
43.4895,-1.4912,0.45
43.4965,-1.4813,
43.4836,-1.5013,0.34
43.4908,-1.4708,2.32
43.4869,-1.4539,1.74
43.485,-1.4755,0.27
43.4925,-1.4649,0.2
43.5044,-1.4333,1.37
43.4912,-1.4634,3.28
43.4893,-1.4879,0.42
43.5016,-1.454,4.28
43.5017,-1.4462,1.21
43.4968,-1.4594,
43.4915,-1.4638,4.39
43.4938,-1.4769,0.36
43.4963,-1.4457,2.94
43.4905,-1.4736,
43.5085,-1.4664,0.18
43.4974,-1.4454,1.23
43.491,-1.4722,0.58
43.4762,-1.4802,3.32
43.4808,-1.4679,2.3
43.4912,-1.4747,0.19
43.4905,-1.4608,3.28
43.4785,-1.4927,0.94
43.4787,-1.5047,7.03
43.4988,-1.4678,
43.4651,-1.4873,1.55
43.4951,-1.4894,0.89
43.4902,-1.4519,1.09
43.5056,-1.4316,0.19
43.4863,-1.4713,0.48
43.4972,-1.4831,1.79
43.4958,-1.4363,0.82
43.4983,-1.4469,0.52
43.4902,-1.4783,0.53
43.4792,-1.4936,1.78
43.4786,-1.456,0.86
43.5018,-1.4649,
43.48,-1.4892,0.92
43.5003,-1.4562,13.88
43.5034,-1.4499,1.11
43.4771,-1.4898,0.19
43.4865,-1.4773,2.21
43.5042,-1.4842,1.73
43.494,-1.4885,0.71
43.486,-1.4901,0.84
43.4667,-1.4946,0.7
43.506,-1.4855,3.9
43.4782,-1.4511,0.23
43.4922,-1.4701,29.12
43.4938,-1.4803,5.47
43.4644,-1.4955,2.32
43.4891,-1.4576,1.71
43.4648,-1.4872,23.28
43.4945,-1.4433,2.58
43.4857,-1.4723,0.92
43.5033,-1.4525,1.55
43.4759,-1.4689,0.08
43.494,-1.4826,5.37
43.4762,-1.4858,1.16
43.4869,-1.4537,1.98
43.4938,-1.4815,8.14
43.4849,-1.4953,1.95
43.4791,-1.4998,1.61
43.4995,-1.434,26.24
43.4957,-1.4719,6.5
43.4943,-1.483,0.76
43.4864,-1.486,0.45
43.4963,-1.4343,2.47
43.4862,-1.477,1.49
43.4866,-1.4777,1.59
43.4852,-1.4942,0.91
43.5084,-1.4443,1.51
43.4791,-1.4848,2.39
43.5063,-1.4588,0.99
43.4815,-1.4707,
43.495,-1.4528,0.43
43.4897,-1.4914,0.45
43.4891,-1.4639,
43.478,-1.4686,0.03
43.5008,-1.4796,1.44
43.4939,-1.4553,1.44
43.498,-1.4801,25.41
43.4884,-1.4759,14.13
43.5034,-1.451,0.17
43.4905,-1.4894,1.52
43.4676,-1.4943,2.24
43.4878,-1.4755,2.11
43.4925,-1.4443,1.47
43.4901,-1.4784,0.14
43.4776,-1.4919,2.52
43.4695,-1.4878,0.83
43.4979,-1.4551,0.43
43.4913,-1.4755,
43.5042,-1.4473,2.06
43.4962,-1.4449,1.5
43.4878,-1.464,1.64
43.4838,-1.4718,
43.4828,-1.4527,3.39
43.4781,-1.4842,1.23
43.4967,-1.4755,3.52
43.4685,-1.4906,5.3
43.4863,-1.4868,1.14
43.4905,-1.4538,13.89
43.4961,-1.4746,
43.5003,-1.4521,29.96
43.4953,-1.4839,0.17
43.5097,-1.4436,2.04
43.4937,-1.4582,0.63
43.4877,-1.4791,
43.4592,-1.4957,0.18
43.4761,-1.4706,
43.4817,-1.4781,1.27
43.5071,-1.462,0.04
43.5015,-1.4578,
43.49,-1.481,
43.489,-1.458,1.25
43.4878,-1.4815,2.26
43.4864,-1.4882,1.58
43.496,-1.47,12.06
43.4902,-1.4861,0.16
43.4921,-1.4811,0.9
43.4826,-1.472,
43.4893,-1.4555,1.85
43.4991,-1.4581,0.34
43.4941,-1.4832,5.62
43.4583,-1.4879,2.99
43.4933,-1.4756,0.64
43.483,-1.4893,25.04
43.4803,-1.492,4.64
43.4838,-1.4453,1.1
43.4963,-1.4581,1.18
43.4835,-1.4719,
43.5019,-1.454,
43.4954,-1.4704,2.85
43.4758,-1.4754,
43.483,-1.4792,1.65
43.4895,-1.4936,1.6
43.4959,-1.4892,0.35
43.49,-1.4721,23.17
43.507,-1.4859,0.1
43.4797,-1.4746,2.07
43.5016,-1.4788,3.61
43.4863,-1.476,16.32
43.5033,-1.4501,16.62
43.5103,-1.4656,0.26
43.49,-1.4788,0.41
43.4936,-1.455,1.02
43.4927,-1.4758,
43.4853,-1.4947,2.07
43.4872,-1.4745,9.28
43.4835,-1.4977,3.97
43.4957,-1.4572,1.12
43.4923,-1.4793,
43.4791,-1.4925,0.47
43.4787,-1.4726,
43.4997,-1.4899,0.81
43.4952,-1.4654,0.42
43.4973,-1.4333,4.28
43.4824,-1.4895,
43.4987,-1.486,
43.4917,-1.464,2.36
43.4866,-1.4845,0.17
43.4955,-1.4822,0.8
43.4844,-1.4902,1.81
43.5018,-1.4542,
43.5028,-1.4417,2.56
43.4842,-1.4502,0.17
43.495,-1.4945,4.18
43.502,-1.4206,1.27
43.5021,-1.4662,
43.4878,-1.4831,1.94
43.4834,-1.4665,2.09
43.4865,-1.4885,1.67
43.4965,-1.4562,0.95
43.4873,-1.4846,0.61
43.4813,-1.4961,1.07
43.4838,-1.4851,1.75
43.4896,-1.4814,0.09
43.495,-1.4677,4.11
43.4864,-1.4973,
43.4902,-1.4718,0.51
43.4864,-1.4771,2.01
43.4917,-1.4832,3.56
43.4932,-1.4639,0.21
43.49,-1.4621,0.21
43.4959,-1.4942,2.62
43.4933,-1.4922,23.05
43.4928,-1.4734,14.28
43.4848,-1.4723,14.36
43.4952,-1.4786,0.16
43.4938,-1.4449,1.74
43.4806,-1.4827,23.46
43.4991,-1.4648,
43.4874,-1.4845,0.65
43.4864,-1.4785,1.49
43.4883,-1.4779,0.36
43.498,-1.4825,3.04
43.5064,-1.4451,1.0
43.4881,-1.4731,2.16
43.4966,-1.4696,2.55
43.4808,-1.4746,0.02
43.4926,-1.4734,4.26
43.4917,-1.4768,25.28
43.468,-1.4874,2.31
43.4964,-1.4838,1.48
43.4948,-1.4915,2.12
43.486,-1.4716,1.65
43.5038,-1.4707,5.36
43.4828,-1.4683,0.68
43.5047,-1.4595,
43.4838,-1.4967,3.12
43.4935,-1.4806,0.5
43.486,-1.4946,2.65
43.4825,-1.4719,
43.5001,-1.4522,12.35
43.4913,-1.4598,6.16
43.4961,-1.4513,5.02
43.4787,-1.5024,2.08
43.4795,-1.4742,1.71
43.4811,-1.4689,1.91
43.5083,-1.4846,1.05
43.4901,-1.4801,
43.4956,-1.4332,0.61
43.5045,-1.4336,0.81
43.4832,-1.4836,1.68
43.5058,-1.4754,4.43
43.5028,-1.4469,1.34
43.4962,-1.4346,1.64
43.5022,-1.4529,17.7
43.4781,-1.5047,4.13
43.4872,-1.4944,0.37
43.5009,-1.4675,1.36
43.4922,-1.4593,6.26
43.4854,-1.4779,11.55
43.4935,-1.4683,1.97
43.502,-1.4543,
43.4883,-1.4942,0.15
43.4782,-1.4514,0.63
43.4875,-1.4943,0.62
43.4899,-1.4719,20.65
43.469,-1.49,2.86
43.5009,-1.4526,
43.4965,-1.4551,0.77
43.4925,-1.4714,3.81
43.4795,-1.4999,6.65
43.5057,-1.4734,3.92
43.5068,-1.4876,1.42
43.4896,-1.4536,0.61
43.4969,-1.4748,14.98
43.5042,-1.4655,0.56
43.4743,-1.4807,
43.5055,-1.4294,2.87
43.5086,-1.4442,1.13
43.4786,-1.4684,1.11
43.4806,-1.5025,2.03
43.4929,-1.4951,0.63
43.4814,-1.4794,1.08
43.4599,-1.4825,
43.4956,-1.4893,1.66
43.4984,-1.4936,4.43
43.4823,-1.4901,
43.4959,-1.4597,
43.4762,-1.4856,0.83
43.4954,-1.4604,0.05
43.4791,-1.4502,1.7
43.4893,-1.4697,
43.5116,-1.4405,1.61
43.471,-1.4878,0.45
43.4877,-1.4644,0.73
43.4908,-1.4542,2.28
43.4871,-1.493,0.85
43.4814,-1.4542,0.34
43.506,-1.4446,1.62
43.5033,-1.4639,1.93
43.5017,-1.4389,1.62
43.4914,-1.482,1.87
43.4898,-1.4771,
43.5077,-1.4314,1.67
43.4926,-1.4713,14.52
43.5037,-1.4678,0.99
43.4927,-1.4709,
43.484,-1.4567,0.92
43.4839,-1.4666,11.14
43.4937,-1.4658,1.84
43.4812,-1.4676,2.8
43.4955,-1.4863,1.19
43.5096,-1.4338,
43.4843,-1.5005,0.71
43.4632,-1.496,0.33
43.4868,-1.4922,0.28
43.5115,-1.4408,0.28
43.4714,-1.4846,
43.479,-1.4989,1.82
43.4639,-1.4962,0.4
43.5023,-1.4562,3.07
43.4916,-1.4606,0.16
43.4842,-1.4439,0.05
43.495,-1.4766,
43.475,-1.4845,0.7
43.4826,-1.477,1.39
43.4897,-1.4939,1.67
43.5082,-1.4376,2.85
43.4679,-1.492,19.55
43.4821,-1.4973,1.32
43.4862,-1.4713,0.27
43.4933,-1.4758,2.18
43.4915,-1.4443,1.0
43.4893,-1.4908,1.61
43.4903,-1.4555,5.49
43.479,-1.4736,2.76
43.494,-1.4784,1.11
43.4899,-1.468,3.75
43.5091,-1.4677,1.32
43.4927,-1.4755,
43.4991,-1.4813,0.65
43.4925,-1.4814,
43.4924,-1.474,6.22
43.4915,-1.4823,1.78
43.4764,-1.4709,
43.4829,-1.5005,2.22
43.4932,-1.4564,0.09
43.4877,-1.4641,2.97
43.5049,-1.4673,0.49
43.4934,-1.4893,0.18
43.5,-1.4562,1.29
43.4996,-1.4558,
43.5018,-1.448,
43.4778,-1.492,1.34
43.492,-1.4604,1.92
43.4903,-1.4806,
43.491,-1.4785,17.77
43.4893,-1.4435,0.98
43.4974,-1.482,
43.465,-1.4864,
43.5007,-1.4885,
43.4954,-1.4524,1.17
43.4937,-1.488,0.74
43.4933,-1.4942,1.26
43.5095,-1.4437,2.41
43.4952,-1.4761,
43.4969,-1.4745,10.16
43.502,-1.4565,0.51
43.5086,-1.4677,1.04
43.4922,-1.4632,0.3
43.4793,-1.4986,11.14
43.4713,-1.4918,24.32
43.4727,-1.4836,
43.5034,-1.4635,0.62
43.4819,-1.471,
43.485,-1.4827,2.22
43.4952,-1.4856,1.32
43.4957,-1.4694,7.77
43.4962,-1.4611,0.63
43.4865,-1.4765,1.03
43.4954,-1.488,2.71
43.4871,-1.4761,0.02
43.4815,-1.4915,3.97
43.4946,-1.4655,0.49
43.4913,-1.4866,1.05
43.4984,-1.4377,0.78
43.4809,-1.461,3.65
43.4891,-1.4794,14.94
43.4779,-1.4733,
43.4867,-1.4784,10.36
43.503,-1.4611,0.31
43.4898,-1.4744,
43.4985,-1.455,2.52
43.4915,-1.489,0.77
43.5099,-1.4682,0.01
43.4982,-1.4916,4.33
43.4833,-1.4536,1.11
43.4997,-1.467,5.14
43.487,-1.4531,1.74
43.5119,-1.4685,3.07
43.4848,-1.4584,9.41
43.5076,-1.4874,0.54
43.4947,-1.4713,2.89
43.489,-1.4787,9.9
43.4701,-1.4848,
43.477,-1.4685,0.17
43.498,-1.4667,1.1
43.4976,-1.4937,4.71
43.5047,-1.4672,2.02
43.4833,-1.4671,1.64
43.4837,-1.4901,
43.5031,-1.4466,1.6
43.4976,-1.478,1.71
43.4794,-1.4945,0.13
43.4805,-1.5021,1.59
43.499,-1.4547,7.58
43.481,-1.4581,2.59
43.5117,-1.4452,2.9
43.4917,-1.4791,
43.4873,-1.4687,0.1
43.4831,-1.4524,1.16
43.4637,-1.4818,
43.4832,-1.4689,1.59
43.5123,-1.4708,1.62
43.5034,-1.4608,0.26
43.487,-1.4527,2.03
43.5083,-1.4653,2.15
43.4882,-1.4697,
43.4864,-1.4729,
43.4992,-1.4812,2.13
43.4965,-1.4744,2.71
43.4951,-1.463,2.27
43.4947,-1.4666,0.52
43.4907,-1.4686,
43.48,-1.4552,0.86
43.4814,-1.4659,0.71
43.5019,-1.447,0.51
43.4974,-1.4568,0.01
43.4852,-1.4993,1.53
43.4988,-1.4491,1.16
43.481,-1.4632,7.55
43.4897,-1.4783,13.78
43.4884,-1.4798,15.62
43.4876,-1.4966,
43.4894,-1.4826,9.56
43.4789,-1.5007,
43.5013,-1.4547,22.37
43.4962,-1.4444,3.7
43.4843,-1.4725,
43.4887,-1.4678,1.66
43.4805,-1.4603,1.3
43.4966,-1.4864,2.16
43.5024,-1.4483,1.28
43.4751,-1.4837,0.72
43.4996,-1.4373,2.64
43.4681,-1.494,1.19
43.4971,-1.4354,0.55
43.5119,-1.4871,2.45
43.4783,-1.5007,1.16
43.4938,-1.4514,0.55
43.5006,-1.4814,0.91
43.4954,-1.4788,7.27
43.4946,-1.4904,2.03
43.4996,-1.4538,
43.4912,-1.4689,2.86
43.4813,-1.4576,
43.4978,-1.4204,1.31
43.4903,-1.4677,0.12
43.5069,-1.4595,2.01
43.4838,-1.4562,0.36
43.4958,-1.4465,2.22
43.4897,-1.4543,4.42
43.4931,-1.4622,5.86
43.4871,-1.4489,1.66
43.4923,-1.452,
43.4956,-1.4696,9.47
43.4897,-1.4909,0.21
43.4925,-1.4734,13.49
43.4919,-1.4801,
43.4849,-1.4762,0.67
43.485,-1.4591,0.16
43.4964,-1.4723,1.23
43.4894,-1.4582,0.97
43.4825,-1.4719,
43.4836,-1.4451,2.09
43.4997,-1.456,20.35
43.5045,-1.4649,0.72
43.4609,-1.4948,0.04
43.493,-1.4725,3.07
43.4847,-1.4907,2.54
43.491,-1.4697,0.79
43.49,-1.4742,
43.4951,-1.4648,0.21
43.499,-1.4355,0.12
43.5037,-1.4904,
43.5035,-1.4666,1.84
43.4961,-1.4563,1.94
43.4692,-1.494,
43.5065,-1.4593,13.31
43.5037,-1.4632,3.99
43.508,-1.4639,0.76
43.5036,-1.4677,0.78
43.4771,-1.4749,
43.4922,-1.4718,0.02
43.4938,-1.4852,0.43
43.4982,-1.4788,1.58
43.4779,-1.4684,2.64
43.4952,-1.4605,0.21
43.4943,-1.4803,0.23
43.4917,-1.4795,
43.4948,-1.4624,2.37
43.4917,-1.4773,1.23
43.5019,-1.4894,
43.4614,-1.4921,1.07
43.4833,-1.4475,0.91
43.4761,-1.4842,2.02
43.4994,-1.4612,1.36
43.5034,-1.4505,16.12
43.477,-1.4839,0.43
43.4701,-1.4889,1.07
43.4675,-1.4833,
43.4649,-1.487,
43.5069,-1.4589,1.67
43.4836,-1.4753,
43.5053,-1.4443,1.76
43.4874,-1.4593,4.14
43.476,-1.4506,1.65
43.494,-1.4777,0.24
43.4739,-1.4814,
43.4661,-1.4955,2.71
43.5079,-1.4319,1.32
43.4976,-1.4553,0.5
43.4771,-1.4825,0.16
43.4886,-1.4823,0.38
43.5062,-1.4615,16.46
43.5042,-1.4635,1.14
43.493,-1.4673,0.99
43.5046,-1.4826,0.34
43.4816,-1.4983,1.5
43.4998,-1.4199,0.82
43.485,-1.4591,2.08
43.4869,-1.498,
43.4905,-1.4789,7.45
43.4988,-1.4594,8.73
43.4866,-1.4797,1.41
43.486,-1.4776,1.09
43.4775,-1.4541,5.39
43.48,-1.4954,0.76
43.4916,-1.4703,1.26
43.4976,-1.4601,0.39
43.4951,-1.4774,
43.4843,-1.5004,0.85
43.4932,-1.4656,1.58
43.4878,-1.4664,0.43
43.4854,-1.46,2.41
43.4921,-1.4803,
43.4936,-1.4808,8.67
43.5108,-1.4313,0.01
43.4654,-1.4951,4.0
43.4832,-1.496,1.51
43.5111,-1.4638,1.07
43.4921,-1.479,28.7
43.4805,-1.4921,1.41
43.4979,-1.4835,
43.5029,-1.4511,1.01
43.4875,-1.4673,0.66
43.4799,-1.4923,1.65
43.486,-1.4722,1.43
43.507,-1.4602,1.79
43.4973,-1.4684,
43.4863,-1.4666,0.98
43.4915,-1.4891,0.93
43.4784,-1.4748,
43.4953,-1.4689,
43.4834,-1.478,3.93
43.4916,-1.4894,1.51
43.502,-1.4449,1.92
43.4939,-1.4682,0.55
43.5033,-1.4639,2.33
43.4684,-1.4936,0.69
43.4918,-1.4929,1.11
43.467,-1.4844,
43.4897,-1.4748,7.31
43.4989,-1.4897,2.34
43.4863,-1.4707,1.19
43.4838,-1.4841,0.18
43.4782,-1.4743,
43.4834,-1.502,0.18
43.4895,-1.4737,
43.5093,-1.459,0.27
43.4965,-1.434,1.52
43.4642,-1.4822,
43.5021,-1.454,
43.4825,-1.4685,0.78
43.4822,-1.4817,
43.4811,-1.4469,0.82
43.4975,-1.4587,
43.5043,-1.4663,2.35
43.4844,-1.501,2.81
43.4965,-1.4705,22.95
43.4939,-1.4547,1.33
43.483,-1.4843,0.88
43.5097,-1.4581,0.03
43.4952,-1.4632,1.33
43.4805,-1.4795,0.75
43.4951,-1.4817,4.72
43.4873,-1.4512,2.02
43.4892,-1.4763,
43.4976,-1.4678,0.38
43.5033,-1.4514,0.3
43.4817,-1.4914,3.84
43.5022,-1.4534,
43.4905,-1.4867,0.26
43.4959,-1.4721,0.36
43.4848,-1.4805,
43.508,-1.4446,2.05
43.5021,-1.4807,0.22
43.4952,-1.4819,0.28
43.4906,-1.4939,2.51
43.4899,-1.4876,2.88
43.4776,-1.4918,2.4
43.4755,-1.4845,1.58
43.4809,-1.4634,1.35
43.5074,-1.4538,0.21
43.4805,-1.4833,1.86
43.4989,-1.4625,
43.5022,-1.4686,0.17
43.4905,-1.4936,5.49
43.5012,-1.4491,0.89
43.4993,-1.4369,0.33
43.4904,-1.492,0.38
43.4962,-1.4856,1.82
43.493,-1.4627,0.24
43.4817,-1.4866,1.16
43.4879,-1.4756,3.49
43.4954,-1.4774,
43.4952,-1.4878,0.55
43.4949,-1.4611,0.19
43.5108,-1.4313,2.37
43.4954,-1.4664,2.03
43.4985,-1.4608,0.76
43.4923,-1.4631,0.62
43.481,-1.499,3.88
43.4774,-1.4869,0.08
43.4987,-1.4623,24.05
43.495,-1.4701,0.58
43.4877,-1.461,2.62
43.4906,-1.4536,0.96
43.4778,-1.4923,0.89
43.5014,-1.456,
43.504,-1.4523,1.21
43.4762,-1.4828,3.17
43.5115,-1.4444,0.44
43.4862,-1.4658,3.02
43.4874,-1.4844,1.86
43.4945,-1.4601,
43.4838,-1.4611,0.23
43.4758,-1.4818,0.58
43.4958,-1.4703,24.95
43.4936,-1.4919,2.84
43.4841,-1.4458,1.7
43.4907,-1.4602,2.77
43.4936,-1.4667,3.58
43.4788,-1.4496,
43.5017,-1.4547,22.36
43.4757,-1.4697,
43.4644,-1.4955,1.01
43.502,-1.4807,0.16
43.5118,-1.4705,0.51
43.4883,-1.477,0.2
43.4796,-1.4945,0.34
43.4948,-1.4531,1.13
43.4873,-1.4674,0.07
43.5077,-1.4699,1.79
43.4964,-1.4888,0.01
43.4674,-1.4923,0.65
43.4918,-1.4858,2.5
43.5084,-1.4361,3.33
43.4754,-1.4523,17.52
43.4969,-1.4519,1.69
43.5049,-1.4447,4.39
43.5033,-1.461,0.19
43.4842,-1.4826,1.04
43.5036,-1.469,0.26
43.4737,-1.4817,
43.4823,-1.4853,3.04
43.504,-1.484,0.73
43.4864,-1.4645,0.91
43.488,-1.4882,0.11
43.4972,-1.4817,
43.4835,-1.5014,0.28
43.5027,-1.4383,1.44
43.4763,-1.4835,0.7
43.4657,-1.4836,
43.4975,-1.4591,
43.4938,-1.4671,3.07
43.4941,-1.4539,2.3
43.5087,-1.4664,1.27
43.4869,-1.4815,
43.4936,-1.4874,0.96
43.4816,-1.4629,2.23
43.4905,-1.4609,2.05
43.4584,-1.4955,2.42
43.4948,-1.4701,0.52
43.5022,-1.4547,15.18
43.4845,-1.4809,0.75
43.5063,-1.4772,0.64
43.4919,-1.4762,
43.5015,-1.4495,2.91
43.4894,-1.4969,
43.4934,-1.4728,0.2
43.4911,-1.4664,
43.5078,-1.4875,14.19
43.5054,-1.4319,0.5
43.4904,-1.4452,1.81
43.4841,-1.4567,5.37
43.5003,-1.4669,2.31
43.4867,-1.4872,0.51
43.4915,-1.4606,0.33
43.4845,-1.4902,2.72
43.465,-1.483,
43.4899,-1.4513,0.93
43.4785,-1.5,
43.4679,-1.4903,1.0
43.4853,-1.4708,
43.5045,-1.434,1.92
43.5064,-1.4455,0.66
43.4845,-1.497,5.44
43.5022,-1.4782,1.63
43.4922,-1.4777,
43.4934,-1.4544,0.77
43.4962,-1.4462,0.45
43.4842,-1.4493,1.06
43.5021,-1.4549,15.86
43.4776,-1.495,0.52
43.5117,-1.4686,3.7
43.4853,-1.4713,
43.4633,-1.4957,1.61
43.4906,-1.479,0.48
43.4862,-1.4878,0.83
43.4984,-1.4812,
43.4808,-1.4998,2.5
43.4904,-1.4885,1.42
43.4836,-1.4755,
43.4933,-1.4939,1.14
43.4865,-1.464,2.62
43.4859,-1.4752,9.16
43.4909,-1.4925,0.05
43.4914,-1.4821,2.04
43.5161,-1.4659,1.31
43.4927,-1.4799,
43.4772,-1.4867,0.2
43.4859,-1.4826,8.84
43.4946,-1.4595,14.13
43.5008,-1.4202,1.37
43.5088,-1.4638,1.33
43.4966,-1.4595,
43.4891,-1.463,
43.4887,-1.4626,
43.4888,-1.4751,0.48
43.503,-1.4471,2.65
43.4883,-1.4612,2.46
43.503,-1.4476,2.81
43.4969,-1.4761,2.09
43.4967,-1.4735,0.28
43.4882,-1.4773,14.33
43.5077,-1.4819,0.45
43.4961,-1.4839,0.86
43.4951,-1.4414,13.47
43.4896,-1.4756,
43.4944,-1.4772,8.09
43.4883,-1.4534,1.05
43.4966,-1.4838,18.67
43.498,-1.4679,18.68
43.4983,-1.4405,
43.5114,-1.4636,0.46
43.5018,-1.4578,0.43
43.4849,-1.4906,1.03
43.5078,-1.483,0.2
43.4973,-1.4635,3.18
43.4985,-1.4874,11.13
43.4771,-1.4827,13.87
43.4653,-1.4953,0.58
43.4814,-1.4767,1.48
43.4684,-1.4938,0.94
43.4806,-1.4933,0.99
43.4949,-1.4409,3.73
43.4894,-1.4825,9.22
43.5009,-1.4554,
43.5029,-1.4465,1.23
43.4968,-1.4746,1.02
43.4671,-1.4946,3.45
43.4965,-1.4513,1.93
43.4881,-1.4602,1.17
43.4961,-1.4841,1.56
43.4898,-1.4736,
43.4602,-1.4952,0.18
43.5063,-1.4771,0.62
43.4632,-1.4814,
43.4978,-1.4573,1.16
43.5141,-1.4619,1.78
43.456,-1.4849,
43.4984,-1.4611,0.44
43.4977,-1.4672,1.54
43.4954,-1.4781,
43.5098,-1.4666,1.87
43.4945,-1.4673,20.1
43.5045,-1.4484,2.73
43.4924,-1.4705,28.06
43.5074,-1.4305,2.29
43.5112,-1.432,3.37
43.4836,-1.4533,0.07
43.4939,-1.4516,1.61
43.4941,-1.4531,1.14
43.5051,-1.4461,1.75
43.5064,-1.4742,1.92
43.4947,-1.4836,0.75
43.4896,-1.4828,0.76
43.4897,-1.4717,2.61
43.4948,-1.4822,0.28
43.4838,-1.4736,
43.4814,-1.4982,1.49
43.4785,-1.4947,2.07
43.4981,-1.4561,
43.4939,-1.4774,0.07
43.4925,-1.4429,1.46
43.5017,-1.4592,0.81
43.503,-1.4515,12.64
43.5048,-1.4847,0.98
43.5019,-1.4563,0.18
43.4854,-1.473,0.88
43.4909,-1.4955,2.61
43.4843,-1.4904,0.56
43.5046,-1.463,0.55
43.4655,-1.4951,5.61
43.4967,-1.4641,1.42
43.4916,-1.4596,2.16
43.4713,-1.4846,
43.5101,-1.4672,1.48
43.4815,-1.4654,7.54
43.4871,-1.4807,1.65
43.483,-1.4824,0.81
43.4862,-1.4753,5.82
43.5112,-1.4885,1.8
43.4856,-1.4775,1.06
43.4928,-1.4902,0.31
43.4867,-1.4838,1.51
43.4871,-1.4905,1.98
43.4875,-1.4567,1.87
43.4846,-1.4624,0.57
43.4844,-1.4889,4.18
43.5011,-1.4203,0.4
43.5024,-1.4431,0.57
43.4951,-1.4825,0.36
43.4963,-1.4849,23.3
43.5081,-1.434,5.08
43.4864,-1.4664,6.39
43.5021,-1.4545,
43.5073,-1.4759,0.51
43.4938,-1.468,0.44
43.4955,-1.4795,3.38
43.5109,-1.4655,0.51
43.4882,-1.4702,
43.4965,-1.4875,20.55
43.5047,-1.4471,1.85
43.5148,-1.4608,1.56
43.4898,-1.4562,1.91
43.4992,-1.4487,1.27
43.4963,-1.4439,2.92
43.4842,-1.47,3.5
43.4993,-1.4821,18.74
43.4785,-1.5,
43.4904,-1.4588,0.08
43.4767,-1.4713,
43.4985,-1.4614,0.06
43.5018,-1.445,0.72
43.4951,-1.4706,12.25
43.499,-1.4546,0.5
43.5126,-1.4682,4.36
43.5123,-1.4706,1.96
43.4849,-1.4959,4.41
43.4609,-1.4947,0.42
43.49,-1.4535,0.16
43.4956,-1.4548,1.31
43.4909,-1.4734,0.47
43.4946,-1.4684,3.62
43.4933,-1.483,0.52
43.481,-1.499,1.38
43.4983,-1.4597,2.48
43.5014,-1.4673,0.25
43.4979,-1.4379,1.04
43.479,-1.4923,1.26
43.4967,-1.4355,0.86
43.494,-1.4608,2.4
43.4833,-1.4487,2.58
43.4811,-1.4838,0.68
43.4876,-1.4541,2.73
43.4768,-1.4759,
43.4793,-1.475,
43.4901,-1.4926,0.15
43.5,-1.4519,1.45
43.5127,-1.4681,4.17
43.4876,-1.4829,5.29
43.4946,-1.4426,2.42
43.4871,-1.4493,0.64
43.5031,-1.461,0.1
43.4984,-1.4622,4.75
43.4983,-1.4583,0.75
43.5075,-1.4674,0.36
43.4856,-1.4712,15.99
43.4904,-1.493,0.68
43.4786,-1.4911,0.15
43.4932,-1.4727,17.04
43.5008,-1.4886,
43.4979,-1.491,2.8
43.4948,-1.4761,
43.5011,-1.4477,
43.4923,-1.4722,0.4
43.4843,-1.4834,0.49
43.49,-1.4916,0.51
43.4917,-1.4757,
43.5058,-1.4297,1.12
43.4879,-1.474,0.78
43.4791,-1.4815,1.65
43.4982,-1.4626,2.67
43.4878,-1.4817,12.5
43.4963,-1.4711,1.25
43.4816,-1.4953,1.35
43.5084,-1.4878,2.56
43.493,-1.4805,11.35
43.4822,-1.482,
43.487,-1.4929,0.99
43.4773,-1.4928,6.17
43.504,-1.4636,0.86
43.4875,-1.4597,2.75
43.4865,-1.4698,2.42
43.4991,-1.4915,2.31
43.5018,-1.4525,
43.4789,-1.4983,2.29
43.4934,-1.4501,1.92
43.5046,-1.4648,0.15
43.4872,-1.4698,23.73
43.4944,-1.4792,10.18
43.4915,-1.469,11.71
43.5018,-1.4567,2.18
43.4804,-1.4921,0.73
43.4805,-1.4659,2.52
43.4963,-1.4859,1.95
43.4757,-1.469,0.54
43.4861,-1.4777,5.21
43.4858,-1.4752,24.15
43.5071,-1.476,0.11
43.488,-1.4815,1.31
43.4918,-1.4703,14.07
43.4979,-1.446,2.12
43.4917,-1.4831,3.24
43.5117,-1.4449,2.17
43.5018,-1.4811,10.79
43.4984,-1.4789,1.63
43.4977,-1.4609,1.36
43.4797,-1.484,1.85
43.4945,-1.4534,0.69
43.4964,-1.4698,7.75
43.4948,-1.4537,12.48
43.4796,-1.5,2.37
43.4949,-1.4845,0.25
43.4778,-1.5002,1.5
43.4954,-1.4828,0.51
43.5028,-1.448,17.46
43.512,-1.4712,0.38
43.5075,-1.4867,1.38
43.468,-1.4848,
43.4872,-1.4829,2.93
43.5108,-1.4439,1.21
43.5027,-1.449,1.83
43.5046,-1.4676,7.57
43.5104,-1.4405,0.21
43.4916,-1.4846,0.43
43.4775,-1.4832,
43.4825,-1.4739,17.53
43.5035,-1.4466,1.22
43.5035,-1.45,1.04
43.4999,-1.4356,0.91
43.5022,-1.4513,
43.4881,-1.4702,
43.4819,-1.4872,0.97
43.4784,-1.4744,
43.4772,-1.4718,
43.4657,-1.4835,21.46
43.4817,-1.4583,1.39
43.4964,-1.4872,21.47
43.4911,-1.476,
43.489,-1.4718,11.9
43.5094,-1.4589,0.25
43.4832,-1.4482,0.18
43.5047,-1.4852,1.14
43.4883,-1.4723,4.39
43.4971,-1.4511,0.88
43.4764,-1.4839,1.38
43.4938,-1.4806,5.09
43.4707,-1.4919,0.13
43.5109,-1.4698,0.35
43.489,-1.4908,0.96
43.4868,-1.4871,1.99
43.4799,-1.4505,0.95
43.4951,-1.46,
43.4927,-1.4807,11.43
43.504,-1.4489,0.77
43.49,-1.4719,27.49
43.4945,-1.4828,1.03
43.5036,-1.4685,0.98
43.5111,-1.4885,0.65
43.4879,-1.4758,22.97
43.4693,-1.493,0.81
43.4944,-1.4771,9.85
43.4903,-1.4806,29.78
43.5017,-1.4205,0.91
43.502,-1.4612,5.48
43.4966,-1.4821,0.3
43.4862,-1.4903,1.55
43.5049,-1.4692,1.51
43.4868,-1.4827,12.83
43.4907,-1.4785,0.28
43.4905,-1.475,15.75
43.4965,-1.4699,2.47
43.4875,-1.4658,0.51
43.4696,-1.488,0.18
43.481,-1.4884,2.59
43.4907,-1.4789,0.45
43.4784,-1.4739,
43.5009,-1.4459,3.04
43.5049,-1.4692,1.35
43.4893,-1.4961,
43.4857,-1.4782,
43.4875,-1.4689,23.86
43.4812,-1.4802,2.22
43.5111,-1.4319,1.89
43.4964,-1.482,5.69
43.4937,-1.4815,6.66
43.5022,-1.455,11.97
43.4914,-1.4746,0.06
43.4996,-1.4372,0.05
43.4921,-1.4568,2.18
43.5123,-1.469,1.35
43.4937,-1.4687,0.03
43.4842,-1.4485,0.68
43.5104,-1.4302,0.18
43.503,-1.4512,12.01
43.4811,-1.4601,2.68
43.4968,-1.48,
43.5008,-1.4496,0.07
43.4895,-1.4553,1.45
43.4807,-1.4987,1.12
43.4763,-1.4733,
43.5006,-1.4811,0.4
43.4846,-1.483,0.11
43.4946,-1.4671,0.32
43.4813,-1.46,1.87
43.5061,-1.4765,0.55
43.5032,-1.4528,1.55
43.5034,-1.4634,1.32
43.5123,-1.439,2.94
43.4878,-1.4639,0.36
43.4931,-1.4786,
43.5062,-1.4767,0.28
43.481,-1.4912,22.72
43.4987,-1.4892,2.64
43.492,-1.4755,
43.4915,-1.4911,1.35
43.5054,-1.4723,0.5
43.4795,-1.4843,8.38
43.5059,-1.4867,0.28
43.5052,-1.4458,25.38
43.4638,-1.4819,
43.4947,-1.4577,0.19
43.4842,-1.4501,0.03
43.4884,-1.4703,
43.511,-1.4644,2.33
43.498,-1.4381,1.29
43.4843,-1.5007,2.02
43.4936,-1.4753,
43.4881,-1.4796,
43.4936,-1.4757,23.73
43.4679,-1.4941,1.58
43.5081,-1.4661,0.18
43.4819,-1.4656,2.19
43.5017,-1.4563,20.79
43.4911,-1.4955,2.37
43.5045,-1.4277,1.59
43.4846,-1.4906,1.53
43.4986,-1.4674,1.55
43.4999,-1.4575,4.06
43.5083,-1.4358,1.99
43.4845,-1.4722,
43.4931,-1.4859,0.25
43.4932,-1.4797,3.71
43.487,-1.486,1.79
43.4935,-1.481,6.87
43.4683,-1.4916,26.29
43.4891,-1.4776,
43.4833,-1.4497,3.0
43.4823,-1.491,1.1
43.5048,-1.4685,7.46
43.5068,-1.4583,
43.5028,-1.4411,1.7
43.49,-1.4948,1.52
43.4659,-1.4836,
43.4878,-1.4539,1.63
43.4959,-1.4421,1.63
43.5081,-1.4632,0.86
43.4664,-1.484,
43.4882,-1.4758,0.87
43.4902,-1.4534,2.51
43.488,-1.4926,0.37
43.4858,-1.4828,0.33
43.4893,-1.473,
43.4711,-1.4915,0.07
43.4685,-1.4849,
43.4933,-1.4914,1.89
43.4974,-1.4635,3.9
43.4967,-1.4831,0.02
43.4593,-1.4836,
43.4936,-1.4921,3.44
43.4931,-1.472,
43.5109,-1.4717,1.3
43.5092,-1.4333,0.02
43.4826,-1.4963,2.13
43.4948,-1.4544,0.05
43.5024,-1.4521,25.24
43.4834,-1.4455,0.63
43.5025,-1.4838,1.5
43.4886,-1.482,1.75
43.4829,-1.479,1.47
43.496,-1.4726,3.65
43.4847,-1.4584,0.48
43.4806,-1.4933,1.07
43.5033,-1.448,0.99
43.4955,-1.4674,
43.5018,-1.4548,
43.496,-1.4423,1.36
43.4935,-1.4922,0.44
43.5018,-1.4829,11.77
43.499,-1.4595,3.05
43.4845,-1.4591,0.43
43.4918,-1.4652,0.15
43.5111,-1.4885,0.68
43.493,-1.4516,0.48
43.4936,-1.4587,0.89
43.4952,-1.4821,4.42
43.4965,-1.488,9.56
43.4952,-1.4836,0.14
43.4954,-1.4704,9.92
43.4831,-1.4838,1.73
43.4905,-1.4884,0.94
43.491,-1.4924,1.67
43.4902,-1.4558,5.6
43.4854,-1.4758,2.06
43.4796,-1.4955,1.43
43.4926,-1.4753,
43.4901,-1.491,0.36
43.4802,-1.468,2.13
43.4938,-1.4886,3.39
43.5115,-1.4339,0.66
43.5035,-1.4829,2.22
43.5094,-1.4588,0.38
43.4885,-1.4556,0.04
43.4921,-1.4745,12.76
43.5103,-1.4883,0.53
43.4919,-1.4761,
43.478,-1.4921,1.54
43.48,-1.482,1.61
43.489,-1.4829,0.05
43.4709,-1.4925,
43.4865,-1.4856,0.83
43.4796,-1.4562,3.96
43.481,-1.4641,1.12
43.4967,-1.4818,25.32
43.4795,-1.4898,3.03
43.495,-1.4679,24.68
43.4912,-1.4527,6.13
43.4972,-1.4846,4.42
43.4843,-1.4472,8.98
43.4972,-1.489,0.19
43.4926,-1.4867,1.41
43.4789,-1.5047,4.92
43.477,-1.495,1.27
43.4819,-1.4789,0.56
43.4644,-1.4825,
43.4839,-1.4443,0.65
43.4893,-1.4803,0.9
43.4807,-1.4574,1.91
43.4776,-1.4926,21.74
43.4999,-1.4571,0.94
43.494,-1.4827,2.16
43.4837,-1.4448,0.04
43.4906,-1.4635,0.64
43.4751,-1.4901,2.77
43.4963,-1.4854,2.27
43.4857,-1.4857,1.45
43.4891,-1.4889,0.07
43.4772,-1.4834,
43.4842,-1.449,0.92
43.507,-1.46,1.89
43.4862,-1.4895,2.9
43.4786,-1.4741,
43.4865,-1.4671,0.39
43.4978,-1.4624,0.24
43.4814,-1.4825,1.91
43.5124,-1.446,2.52
43.4972,-1.4887,1.14
43.4969,-1.4625,1.73
43.5016,-1.4656,
43.5013,-1.4489,1.84
43.4977,-1.4323,3.14
43.5045,-1.485,0.71
43.4976,-1.4456,0.37
43.4947,-1.4356,3.72
43.4872,-1.4755,12.82
43.5053,-1.4633,0.84
43.482,-1.4789,0.07
43.5118,-1.4685,2.88
43.502,-1.4811,0.03
43.5105,-1.4683,3.21
43.4788,-1.4471,2.7
43.5063,-1.4737,0.5
43.4939,-1.4914,7.69
43.4918,-1.4643,3.04
43.4889,-1.4725,1.22
43.4815,-1.4554,2.17
43.484,-1.4835,0.13
43.4906,-1.4748,2.13
43.4993,-1.4792,2.04
43.4889,-1.462,1.93
43.4833,-1.4853,2.13
43.5014,-1.4518,
43.5021,-1.4784,1.85
43.4913,-1.4804,
43.4894,-1.4705,
43.4968,-1.4885,21.54
43.4872,-1.4903,0.43
43.4724,-1.4841,
43.4922,-1.4703,16.1
43.4813,-1.4661,1.0
43.493,-1.4532,7.25
43.4863,-1.4729,
43.4736,-1.4803,
43.4888,-1.4713,
43.5041,-1.4723,4.73
43.4855,-1.4706,
43.4867,-1.4755,
43.4817,-1.4686,1.09
43.5,-1.4553,0.77
43.49,-1.4539,0.35
43.5045,-1.4674,3.54
43.4929,-1.4504,0.35
43.4931,-1.4946,0.21
43.4858,-1.4911,1.47
43.4858,-1.4948,1.17
43.4951,-1.4459,1.32
43.5091,-1.4334,0.44
43.4778,-1.4927,11.61
43.4959,-1.436,1.89
43.4857,-1.4725,0.67
43.4843,-1.4604,0.27
43.5007,-1.4918,0.93
43.5023,-1.4491,22.85
43.4915,-1.4792,
43.5104,-1.4348,0.76
43.4953,-1.4694,25.95
43.4917,-1.4538,0.12
43.4932,-1.484,0.79
43.4917,-1.4872,2.59
43.4877,-1.4532,0.68
43.488,-1.4738,14.25
43.5104,-1.4575,0.05
43.4819,-1.479,0.59
43.4921,-1.452,
43.5088,-1.435,1.77
43.4853,-1.4876,0.97
43.4847,-1.4803,
43.5017,-1.4575,22.52
43.5051,-1.4433,2.62
43.489,-1.4577,0.84
43.4966,-1.4748,2.34
43.5009,-1.4564,1.29
43.4809,-1.4574,18.22
43.4777,-1.499,0.24
43.4934,-1.4732,22.51
43.4965,-1.4912,2.5
43.502,-1.4484,1.75
43.4945,-1.4656,0.54
43.4995,-1.4613,1.63
43.4985,-1.4596,2.1
43.4901,-1.4761,
43.4943,-1.4687,0.15
43.4975,-1.459,
43.4833,-1.4486,2.67
43.4745,-1.4832,0.68
43.4824,-1.5003,1.7
43.4846,-1.4802,19.93
43.4925,-1.465,1.78
43.5023,-1.4463,0.53
43.4888,-1.494,0.92
43.4851,-1.4848,1.59
43.4771,-1.4961,1.55
43.4501,-1.4937,3.06
43.5042,-1.4496,3.65
43.4962,-1.4805,
43.4883,-1.4648,7.08
43.5052,-1.4633,1.16
43.4942,-1.4798,0.31
43.5088,-1.4596,0.23
43.4929,-1.4832,0.21
43.5053,-1.4457,25.61
43.5109,-1.4652,16.7
43.4864,-1.4765,4.55
43.4925,-1.4563,0.72
43.4989,-1.4811,0.05
43.495,-1.4636,2.37
43.4926,-1.4748,1.31
43.5027,-1.4464,3.26
43.485,-1.4818,1.68
43.4971,-1.4813,
43.4837,-1.4452,1.14
43.4872,-1.4808,1.5
43.4906,-1.4807,2.03
43.4926,-1.4784,0.36
43.4934,-1.4801,9.55
43.4825,-1.4894,
43.475,-1.4848,0.48
43.4992,-1.4675,
43.4875,-1.4627,
43.4971,-1.4874,2.23
43.4894,-1.4573,0.28
43.4965,-1.4363,1.78
43.4886,-1.4825,0.03
43.4872,-1.4624,1.02
43.4911,-1.4809,20.75
43.495,-1.4418,1.51
43.4968,-1.4891,0.48
43.4986,-1.4377,0.58
43.5043,-1.4825,0.75
43.5077,-1.4826,0.34
43.5038,-1.4706,5.21
43.5001,-1.4462,2.15
43.476,-1.4728,
43.4774,-1.4989,0.77
43.481,-1.4571,14.77
43.4714,-1.4914,3.01
43.4812,-1.4953,1.4
43.493,-1.4588,1.14
43.4913,-1.4956,4.59
43.4895,-1.4569,1.01
43.4875,-1.4815,0.65
43.5029,-1.438,1.96
43.4524,-1.4939,2.09
43.4796,-1.4578,0.66
43.4797,-1.5019,1.69
43.491,-1.4747,1.58
43.4868,-1.4872,2.08
43.5047,-1.447,2.34
43.4757,-1.4906,2.05
43.4607,-1.4895,0.65
43.5018,-1.4677,1.04
43.5055,-1.46,0.69
43.4856,-1.4709,
43.4847,-1.49,3.19
43.485,-1.4617,0.73
43.4997,-1.4806,3.5
43.4928,-1.46,1.76
43.4882,-1.4727,1.62
43.467,-1.4947,3.74
43.5109,-1.4873,0.09
43.4908,-1.4812,0.34
43.4944,-1.4847,0.52
43.4831,-1.4879,
43.4953,-1.4789,2.49
43.5097,-1.4646,0.78
43.4938,-1.492,25.49
43.4957,-1.4797,4.57
43.4821,-1.4656,2.05
43.4968,-1.4878,1.72
43.5101,-1.4336,
43.4961,-1.4464,0.35
43.4759,-1.4955,1.74
43.4981,-1.4574,4.99
43.5025,-1.4523,0.08
43.4513,-1.4934,0.13
43.4865,-1.4699,2.31
43.4877,-1.4754,4.58
43.5021,-1.4784,1.47
43.4764,-1.4894,1.48
43.5025,-1.4483,9.93
43.4834,-1.4634,0.53
43.4647,-1.4953,2.29
43.4938,-1.4792,13.71
43.5033,-1.4751,2.62
43.4897,-1.4884,1.16
43.4897,-1.4829,0.94
43.4863,-1.4829,1.06
43.4906,-1.4815,8.25
43.4949,-1.4763,
43.4974,-1.4615,0.37
43.485,-1.4718,
43.4929,-1.467,0.92
43.4808,-1.4933,1.12
43.4949,-1.4628,2.74
43.4889,-1.4889,1.44
43.4879,-1.4749,7.28
43.5028,-1.4687,0.17
43.4967,-1.451,0.37
43.4964,-1.4836,1.43
43.4963,-1.4817,0.33
43.4993,-1.4792,2.07
43.4951,-1.4709,2.73
43.4812,-1.4991,1.92
43.5055,-1.4601,0.68
43.5036,-1.4428,0.75
43.4855,-1.4706,
43.4838,-1.4992,1.22
43.5084,-1.4866,1.93
43.4958,-1.4358,3.36
43.4927,-1.4715,14.31
43.4833,-1.4824,1.46
43.4653,-1.4926,0.87
43.4881,-1.4932,1.12
43.4837,-1.4747,9.78
43.4739,-1.4814,
43.5022,-1.4441,0.92
43.4868,-1.4775,0.54
43.4819,-1.4825,4.82
43.4813,-1.4578,
43.4987,-1.4196,0.98
43.4797,-1.4858,0.41
43.4793,-1.4925,0.18
43.484,-1.4794,3.14
43.46,-1.4823,
43.4787,-1.4555,0.69
43.4814,-1.4986,4.33
43.4957,-1.4719,0.25
43.5028,-1.4406,0.71
43.4816,-1.477,2.07
43.4781,-1.4817,1.11
43.4891,-1.466,16.23
43.4627,-1.4812,
43.4927,-1.4751,18.36
43.5045,-1.4343,1.57
43.489,-1.4621,0.59
43.4859,-1.4756,20.47
43.4958,-1.4709,0.72
43.5059,-1.4616,1.78
43.4807,-1.4682,1.84
43.4907,-1.4788,5.97
43.4959,-1.4654,0.76
43.4738,-1.4784,
43.4701,-1.4925,1.29
43.508,-1.4633,0.5
43.4947,-1.478,2.91
43.4801,-1.4982,2.99
43.5001,-1.4527,11.62
43.4827,-1.4825,4.53
43.4801,-1.4838,1.86
43.4851,-1.4943,3.27
43.4841,-1.4889,7.57
43.4971,-1.4589,
43.4963,-1.4885,3.39
43.5076,-1.4759,3.21
43.5024,-1.4564,2.21
43.4929,-1.4647,1.28
43.4885,-1.4564,2.35
43.5046,-1.4826,2.63
43.4807,-1.4769,0.14
43.4723,-1.4865,0.78
43.5067,-1.4602,1.07
43.4982,-1.4808,
43.4977,-1.4315,1.98
43.4684,-1.4907,13.06
43.4794,-1.4741,0.67
43.4784,-1.4535,2.61
43.4946,-1.4757,
43.494,-1.464,0.02
43.5025,-1.4625,0.91
43.4838,-1.4562,0.38
43.5079,-1.4831,0.54
43.4886,-1.4827,0.46
43.5041,-1.4905,
43.4976,-1.4302,4.18
43.4717,-1.4914,24.36
43.467,-1.488,6.86
43.4909,-1.4788,0.69
43.4872,-1.4687,0.23
43.4938,-1.4935,2.88
43.508,-1.4874,0.23
43.4926,-1.4642,0.43
43.512,-1.4872,2.61
43.4785,-1.4561,0.82
43.4893,-1.4511,0.61
43.5111,-1.4423,1.43
43.4921,-1.4593,1.95
43.4784,-1.4945,1.22
43.4907,-1.4537,1.62
43.4697,-1.4891,1.77
43.4951,-1.47,0.37
43.4942,-1.4719,0.22
43.498,-1.4867,0.72
43.45,-1.4936,2.41
43.4842,-1.463,1.76
43.4886,-1.4912,4.24
43.5044,-1.4828,1.31
43.4991,-1.4546,0.51
43.4933,-1.4732,24.04
43.4944,-1.4696,1.22
43.4899,-1.482,2.39
43.491,-1.4535,3.03
43.4823,-1.4716,
43.4859,-1.461,0.09
43.4841,-1.4738,
43.4812,-1.4763,1.69
43.4808,-1.4688,2.82
43.5008,-1.4518,
43.4851,-1.4593,0.06
43.4806,-1.4977,2.16
43.5012,-1.4564,6.4
43.4944,-1.4899,0.97
43.4809,-1.4573,16.5
43.4978,-1.452,5.48
43.5093,-1.4817,0.24
43.497,-1.4892,0.15
43.504,-1.4717,3.95
43.4989,-1.4791,1.76
43.4524,-1.4937,1.99
43.4916,-1.4533,0.62
43.4988,-1.4547,1.46
43.5065,-1.4586,12.21
43.4919,-1.4732,2.09
43.4866,-1.4901,1.01
43.4818,-1.4667,1.89
43.4946,-1.4602,
43.4819,-1.4875,1.35
43.4799,-1.4772,3.25
43.4959,-1.4422,1.37
43.4789,-1.4502,1.02
43.4703,-1.4884,1.09
43.4932,-1.4861,0.7
43.4957,-1.458,1.27
43.4783,-1.5024,3.38
43.4816,-1.4469,1.16
43.4826,-1.4738,6.46
43.4878,-1.4971,
43.5094,-1.4723,1.19
43.501,-1.4518,
43.4884,-1.4784,0.1
43.4882,-1.4672,1.47
43.479,-1.4731,29.1
43.495,-1.4704,18.11
43.4783,-1.5013,1.29
43.4907,-1.4722,0.09
43.5022,-1.4535,
43.485,-1.4858,1.39
43.4885,-1.4687,
43.4862,-1.4649,2.52
43.4958,-1.4603,0.17
43.4773,-1.4685,0.71
43.5077,-1.4838,0.92
43.4799,-1.4982,2.47
43.4833,-1.4538,1.31
43.5046,-1.4656,0.89
43.4849,-1.4858,0.76
43.4699,-1.4848,
43.4926,-1.4808,11.48
43.491,-1.4753,
43.5066,-1.469,0.9
43.5078,-1.4878,2.28
43.4855,-1.473,1.57
43.4877,-1.4635,8.65
43.4909,-1.4627,10.26
43.4947,-1.4673,1.3
43.4811,-1.4969,1.2
43.4804,-1.4934,0.57
43.473,-1.4812,
43.4848,-1.4849,1.32
43.4904,-1.4921,0.2
43.5031,-1.4253,1.89
43.4753,-1.4791,9.81
43.4839,-1.4778,0.02
43.4742,-1.4853,2.03
43.4933,-1.4891,0.75
43.4849,-1.4712,
43.4916,-1.4917,2.91
43.4882,-1.4782,17.4
43.4998,-1.4619,11.78
43.4743,-1.4902,19.05
43.4869,-1.4568,1.74
43.506,-1.476,1.38
43.4869,-1.4868,2.86
43.5098,-1.4711,0.25
43.4926,-1.4663,2.33
43.4917,-1.4703,12.7
43.4944,-1.4526,4.72
43.4885,-1.4966,
43.4915,-1.4539,2.03
43.4915,-1.4917,1.47
43.4993,-1.46,0.9
43.4844,-1.4782,1.6
43.4988,-1.4552,29.49
43.4849,-1.4587,6.58
43.4937,-1.4794,2.71
43.5078,-1.434,0.35
43.5066,-1.4595,0.15
43.49,-1.4452,1.33
43.4918,-1.4872,2.67
43.4953,-1.4591,
43.4872,-1.4879,1.86
43.4868,-1.4539,1.98
43.4819,-1.4656,2.08
43.4943,-1.4909,1.79
43.5115,-1.4921,
43.4789,-1.4924,1.82
43.4788,-1.4956,0.79
43.4906,-1.4819,1.66
43.4968,-1.4336,1.87
43.4917,-1.4698,5.16
43.5035,-1.4655,1.51
43.4671,-1.4905,1.98
43.4786,-1.491,1.31
43.4823,-1.4817,
43.4979,-1.4674,0.46
43.5021,-1.4676,1.39
43.4972,-1.4595,
43.4967,-1.4831,0.25
43.4908,-1.4766,
43.4993,-1.4893,0.55
43.4806,-1.4788,1.14
43.488,-1.4643,0.2
43.5029,-1.4492,1.88
43.4974,-1.4847,0.32
43.5074,-1.469,1.4
43.4891,-1.4756,
43.4903,-1.4837,0.34
43.5098,-1.4913,
43.4889,-1.4537,0.57
43.4678,-1.4918,4.16
43.4702,-1.4924,0.45
43.4845,-1.4727,
43.4927,-1.4942,0.45
43.4978,-1.4632,6.6
43.4996,-1.4548,
43.4841,-1.4461,1.73
43.4837,-1.4864,2.62
43.4883,-1.4688,
43.4733,-1.4899,0.15
43.4878,-1.4882,1.3
43.5099,-1.4882,0.48
43.4907,-1.4714,1.63
43.5084,-1.4604,0.55
43.5024,-1.4624,0.82
43.4678,-1.4904,0.62
43.4856,-1.4722,2.27
43.489,-1.4728,22.73
43.4935,-1.4684,1.89
43.4878,-1.4508,1.55
43.4931,-1.4922,
43.4923,-1.4869,2.78
43.4852,-1.4748,
43.5065,-1.4579,2.71
43.4729,-1.4814,
43.4944,-1.4785,9.44
43.4931,-1.4798,10.56
43.4997,-1.4618,12.13
43.5061,-1.43,0.66
43.4961,-1.443,1.08
43.4868,-1.4546,0.63
43.4816,-1.4846,0.7
43.4903,-1.4766,
43.4975,-1.438,0.54
43.4758,-1.4724,
43.4944,-1.4895,1.06
43.4905,-1.4549,1.4
43.4959,-1.4729,7.88
43.505,-1.4695,1.98
43.5002,-1.4798,2.09
43.4951,-1.4876,0.58
43.4836,-1.4539,4.47
43.4892,-1.4829,0.85
43.4848,-1.4783,14.36
43.4925,-1.4943,3.03
43.49,-1.4672,2.19
43.4757,-1.4517,17.16
43.4884,-1.4623,
43.4947,-1.4683,2.12
43.4817,-1.4771,2.18
43.4859,-1.4717,2.02
43.4816,-1.4784,1.47
43.4984,-1.4482,6.49
43.5047,-1.4324,0.09
43.4813,-1.4597,6.63
43.5035,-1.4834,3.55
43.4873,-1.4588,1.91
43.5016,-1.4807,0.03
43.5015,-1.4558,22.12
43.4852,-1.4871,2.59
43.5006,-1.4793,0.01
43.5095,-1.4336,
43.4608,-1.4895,0.27
43.4854,-1.4934,1.7
43.5138,-1.4622,1.23
43.4821,-1.4819,
43.4909,-1.4792,29.32
43.4896,-1.4569,4.87
43.4905,-1.4922,0.26
43.4935,-1.4693,
43.4902,-1.453,0.61
43.4943,-1.4897,2.26
43.4801,-1.4568,0.67
43.4858,-1.466,0.6
43.482,-1.4976,1.27
43.5123,-1.439,0.02
43.464,-1.4821,
43.4942,-1.4445,1.02
43.4872,-1.4689,1.29
43.4814,-1.4987,2.01
43.4646,-1.4953,2.4
43.4846,-1.4789,14.61
43.5019,-1.4446,0.3
43.4891,-1.4791,0.71
43.4895,-1.4698,
43.4885,-1.4527,0.97
43.4799,-1.4651,0.27
43.4967,-1.4776,
43.4808,-1.4919,1.05
43.4733,-1.4898,1.94
43.4837,-1.4529,0.42
43.491,-1.4742,3.08
43.4903,-1.4749,0.46
43.4848,-1.492,
43.4981,-1.4485,1.9
43.4776,-1.4921,1.23
43.4967,-1.4556,1.04
43.4938,-1.467,2.88
43.5054,-1.4629,0.08
43.4864,-1.478,0.62
43.4877,-1.4566,2.79
43.4707,-1.4921,1.71
43.4978,-1.4206,1.06
43.4859,-1.4609,0.09
43.4985,-1.4545,2.08
43.5055,-1.4318,0.6
43.4781,-1.4749,
43.4901,-1.4761,
43.4846,-1.461,0.88
43.5095,-1.4652,0.03
43.4945,-1.479,1.82
43.4832,-1.4671,1.39
43.4939,-1.4818,8.13
43.4865,-1.4765,1.54
43.4952,-1.4774,
43.4913,-1.4814,1.2
43.492,-1.4645,1.96
43.4808,-1.4807,14.24
43.4953,-1.484,0.15
43.4954,-1.4771,
43.4935,-1.4604,0.41
43.4838,-1.4609,2.94
43.4899,-1.456,2.07
43.5008,-1.492,3.74
43.4884,-1.4756,20.9
43.4926,-1.455,0.85
43.5077,-1.4314,1.39
43.5001,-1.4509,0.15
43.4883,-1.4586,0.44
43.4869,-1.4829,2.26
43.4805,-1.4889,2.47
43.4828,-1.4912,1.57
43.4649,-1.4952,1.52
43.4865,-1.4798,5.36
43.5017,-1.4778,0.73
43.491,-1.4882,4.77
43.467,-1.4906,1.47
43.5006,-1.4914,9.49
43.5036,-1.4692,0.4
43.4936,-1.4936,16.88
43.5071,-1.4837,1.14
43.492,-1.4516,
43.4848,-1.4859,5.03
43.5055,-1.4615,0.6
43.4877,-1.4672,0.03
43.5054,-1.4646,0.65
43.4926,-1.4722,1.72
43.4868,-1.4698,1.88
43.5077,-1.4665,0.73
43.4935,-1.4586,1.04
43.4934,-1.4921,13.02
43.4914,-1.4764,24.78
43.4919,-1.491,5.11
43.4898,-1.493,1.14
43.4905,-1.4605,2.09
43.4817,-1.4779,1.19
43.4846,-1.4803,27.03
43.4764,-1.4765,
43.4901,-1.4543,0.02
43.4974,-1.4818,
43.483,-1.4779,2.45
43.486,-1.4743,2.28
43.4935,-1.4946,3.45
43.5023,-1.4796,1.83
43.5039,-1.4216,1.21
43.4657,-1.4922,0.73
43.4937,-1.4937,1.97
43.491,-1.4688,18.19
43.4604,-1.4952,1.85
43.4958,-1.471,0.26
43.4845,-1.4718,
43.4844,-1.4817,1.72
43.4667,-1.4948,2.34
43.4925,-1.4565,2.68
43.4904,-1.4534,0.25
43.4791,-1.4848,1.93
43.4834,-1.4457,0.22
43.5036,-1.4825,0.64
43.4766,-1.4943,1.05
43.4895,-1.4818,2.77
43.4771,-1.4537,0.57
43.4988,-1.4616,0.87
43.4868,-1.497,
43.491,-1.4626,23.93
43.5058,-1.4458,1.99
43.4818,-1.4865,0.27
43.4848,-1.496,4.54
43.4731,-1.481,
43.493,-1.4445,2.27
43.5044,-1.4465,3.53
43.4877,-1.4932,1.25
43.4928,-1.4625,0.06
43.4873,-1.4813,1.5
43.4962,-1.4523,26.54
43.464,-1.4983,3.56
43.4945,-1.4869,1.31
43.4994,-1.4892,11.12
43.4859,-1.476,12.66
43.4763,-1.4867,1.36
43.5049,-1.4691,1.2
43.4662,-1.4954,2.25
43.478,-1.4943,0.89
43.4898,-1.4593,2.23
43.486,-1.476,14.14
43.5018,-1.4464,0.54
43.4841,-1.465,4.01
43.4798,-1.4748,2.9
43.4881,-1.4737,16.42
43.4913,-1.4636,2.65
43.4816,-1.4656,3.14
43.5021,-1.4391,1.94
43.4799,-1.4849,25.87
43.4998,-1.4622,10.9
43.476,-1.4746,
43.4928,-1.4542,0.18
43.4821,-1.4536,0.57
43.479,-1.4556,1.47
43.4928,-1.4763,1.8
43.4969,-1.487,2.56
43.512,-1.4866,0.54
43.4982,-1.4575,5.58
43.4777,-1.4928,8.32
43.5059,-1.4753,4.86
43.5064,-1.4612,0.15
43.513,-1.4678,3.71
43.4861,-1.4669,0.75
43.5151,-1.4603,0.79
43.4815,-1.4658,0.7
43.505,-1.4463,1.22
43.4778,-1.4876,1.28
43.5084,-1.4812,1.02
43.5003,-1.4911,1.45
43.4932,-1.4883,2.57
43.4842,-1.448,0.21
43.4946,-1.4781,9.95
43.4863,-1.4976,
43.4837,-1.4856,2.9
43.4929,-1.489,0.7
43.4931,-1.476,2.26
43.4793,-1.4936,1.41
43.4837,-1.4859,1.89
43.4782,-1.5,0.54
43.506,-1.4761,1.31
43.4859,-1.4717,2.33
43.5078,-1.4863,4.02
43.4819,-1.4861,3.95
43.4808,-1.4756,0.35
43.5003,-1.4541,17.47
43.4875,-1.4841,0.63
43.481,-1.4773,0.28
43.4993,-1.4565,0.4
43.4913,-1.4689,5.79
43.5035,-1.4239,3.18
43.5045,-1.4485,2.9
43.4852,-1.4858,1.21
43.5023,-1.4619,0.16
43.5001,-1.4666,6.08
43.4925,-1.471,14.7
43.4951,-1.4527,2.16
43.4873,-1.4743,7.09
43.4863,-1.4864,1.98
43.4907,-1.4814,7.96
43.5097,-1.4918,
43.5025,-1.4481,0.56
43.5072,-1.43,2.4
43.4987,-1.459,
43.4992,-1.4675,25.56
43.5035,-1.4679,1.65
43.4833,-1.4545,1.74
43.4883,-1.4621,
43.4755,-1.4843,4.78
43.4914,-1.4961,3.48
43.4944,-1.4863,1.56
43.4788,-1.4989,29.15
43.4917,-1.4843,3.4
43.4855,-1.4784,
43.4869,-1.4976,
43.507,-1.4586,1.25
43.4777,-1.4759,
43.5026,-1.482,5.66
43.4943,-1.4676,12.67
43.4931,-1.4561,0.32
43.4667,-1.4931,4.05
43.4866,-1.4972,
43.4917,-1.4797,
43.4893,-1.4492,1.66
43.5047,-1.4646,0.25
43.4785,-1.4995,
43.4971,-1.4512,1.01
43.4931,-1.48,6.29
43.483,-1.5006,2.06
43.489,-1.478,
43.4944,-1.4707,
43.4851,-1.4755,2.04
43.4759,-1.4817,1.54
43.5077,-1.4876,9.95
43.4963,-1.4703,3.55
43.4959,-1.4746,
43.4903,-1.4723,0.5
43.5095,-1.4726,1.11
43.5078,-1.4876,15.16
43.4864,-1.467,0.64
43.4928,-1.4533,6.21
43.495,-1.4652,0.92
43.4933,-1.4949,1.93
43.4976,-1.4672,0.04
43.4989,-1.4548,7.97
43.4966,-1.4562,0.99
43.4885,-1.4915,3.61
43.4869,-1.4694,1.83
43.5057,-1.4728,2.11
43.5028,-1.4403,1.72
43.4897,-1.476,
43.4914,-1.4815,5.81
43.4598,-1.4892,5.24
43.4905,-1.4624,15.31
43.5027,-1.4506,25.33
43.4904,-1.4708,0.08
43.5026,-1.4611,5.21
43.5011,-1.4394,0.15
43.4924,-1.4912,1.48
43.4813,-1.4688,0.77
43.4914,-1.4795,
43.4905,-1.4758,
43.4867,-1.4802,8.2
43.4961,-1.4773,
43.5036,-1.4516,3.23
43.4959,-1.4867,29.91
43.4916,-1.4885,0.72
43.4824,-1.4827,1.13
43.4856,-1.4765,1.1
43.5042,-1.4272,0.37
43.4974,-1.4849,0.28
43.4833,-1.4542,1.48
43.4609,-1.4931,0.38
43.4672,-1.4945,3.2
43.5068,-1.471,5.06
43.4885,-1.4823,11.34
43.4833,-1.4512,2.55
43.4994,-1.4627,
43.4835,-1.487,24.26
43.4948,-1.4754,
43.4846,-1.4801,27.45
43.4898,-1.4767,
43.5034,-1.4511,0.07
43.4916,-1.4692,17.28
43.4987,-1.4548,1.45
43.4936,-1.4914,4.36
43.487,-1.4542,0.83
43.4818,-1.471,
43.4872,-1.485,0.6
43.4858,-1.4783,
43.5054,-1.4723,5.2
43.4828,-1.4845,3.43
43.4789,-1.4673,2.27
43.4953,-1.4581,
43.4936,-1.4529,7.53
43.5115,-1.4915,
43.489,-1.4685,
43.502,-1.4675,0.05
43.4939,-1.4664,1.04
43.4954,-1.4688,
43.4899,-1.4596,0.68
43.4898,-1.4638,
43.5094,-1.4637,0.22
43.4822,-1.4687,1.74
43.5067,-1.4871,1.34
43.4842,-1.4484,0.55
43.4666,-1.4842,
43.4882,-1.4809,1.14
43.4884,-1.4654,10.59
43.4788,-1.4494,
43.5006,-1.4808,2.62
43.4946,-1.4887,
43.5009,-1.4394,1.17
43.4977,-1.4216,1.19
43.5065,-1.4762,0.64
43.5062,-1.4455,1.99
43.4961,-1.4818,0.97
43.4983,-1.4572,18.57
43.4868,-1.4615,
43.4903,-1.4835,2.04
43.4874,-1.4693,23.43
43.4829,-1.4909,1.69
43.4981,-1.4529,0.4
43.5091,-1.4868,0.28
43.4956,-1.4701,2.48
43.4822,-1.4825,1.6
43.5123,-1.4683,4.3
43.5101,-1.4483,
43.4924,-1.4802,28.72
43.4797,-1.4579,0.69
43.5032,-1.4497,0.58
43.4984,-1.487,22.01
43.4935,-1.4472,0.98
43.5027,-1.4509,
43.4797,-1.4764,1.28
43.4953,-1.4657,0.18
43.4944,-1.4938,0.38
43.5023,-1.4543,14.58
43.5122,-1.4704,0.19
43.5104,-1.4343,
43.4939,-1.4919,25.02
43.4638,-1.4959,0.91
43.4847,-1.4962,1.55
43.4796,-1.4983,0.61
43.4797,-1.4741,3.78
43.5022,-1.4481,2.87
43.4973,-1.4819,
43.4915,-1.4765,20.83
43.4961,-1.4363,2.9
43.4882,-1.4758,0.98
43.4798,-1.4819,1.2
43.5101,-1.4408,0.53
43.4654,-1.4871,1.95
43.501,-1.4458,2.39
43.4876,-1.4488,5.01
43.4929,-1.4725,4.65
43.5041,-1.4636,1.03
43.4917,-1.4745,0.44
43.486,-1.4925,1.17
43.4949,-1.465,0.5
43.4939,-1.4749,
43.4954,-1.4586,
43.4958,-1.4704,27.25
43.4922,-1.471,15.71
43.4793,-1.4992,25.3
43.4823,-1.4873,0.33
43.5055,-1.4868,2.03
43.4897,-1.4713,26.46
43.4786,-1.5013,1.91
43.4918,-1.4666,
43.4942,-1.4763,
43.4936,-1.4596,0.79
43.4937,-1.4802,5.59
43.4889,-1.4659,0.3
43.4972,-1.4806,
43.5044,-1.4656,1.09
43.4826,-1.4834,0.72
43.4906,-1.4689,
43.4897,-1.4623,0.07
43.5075,-1.4871,1.78
43.4841,-1.4461,4.68
43.49,-1.4754,
43.497,-1.4849,0.77
43.5055,-1.4616,0.76
43.4635,-1.496,2.11
43.4935,-1.4791,7.94
43.4942,-1.4917,0.21
43.4734,-1.4858,1.86
43.4932,-1.4723,
43.5002,-1.4532,0.92
43.4937,-1.4686,2.7
43.5109,-1.4698,0.25
43.4781,-1.4525,0.24
43.5113,-1.4921,
43.4782,-1.4954,2.28
43.5064,-1.4451,0.87
43.495,-1.4701,0.59
43.4861,-1.4611,6.22
43.499,-1.4383,2.06
43.4909,-1.4883,2.66
43.4985,-1.4597,4.06
43.484,-1.4835,0.13
43.4844,-1.4749,11.54
43.498,-1.4867,0.4
43.4946,-1.4784,1.98
43.4822,-1.4878,12.26
43.4654,-1.4841,21.85
43.4891,-1.4545,1.32
43.4809,-1.4629,1.32
43.4663,-1.492,0.38
43.4913,-1.4597,2.37
43.4837,-1.497,2.9
43.4981,-1.4184,0.39
43.469,-1.4932,0.7
43.5005,-1.4792,3.24
43.5021,-1.4539,
43.5095,-1.4651,0.69
43.5015,-1.479,6.63
43.5005,-1.4814,0.67
43.4913,-1.4644,1.56
43.5103,-1.4872,4.36
43.4897,-1.4623,0.2
43.4813,-1.4469,1.19
43.4889,-1.4786,10.31
43.4947,-1.4626,2.72
43.5058,-1.4673,0.17
43.4816,-1.477,2.1
43.4857,-1.4784,
43.4896,-1.4805,10.49
43.4921,-1.4933,2.54
43.4894,-1.4805,0.41
43.4983,-1.4382,1.54
43.4831,-1.4661,0.73
43.5006,-1.4536,
43.4995,-1.4466,3.1
43.5044,-1.4276,1.95
43.485,-1.4848,1.11
43.4932,-1.4641,1.28
43.4807,-1.4953,1.2
43.4845,-1.4788,2.1
43.4944,-1.4791,2.59
43.4866,-1.4678,0.51
43.4744,-1.4782,
43.4857,-1.4731,0.16
43.5091,-1.4674,4.92
43.4842,-1.4777,0.45
43.4808,-1.4978,3.33
43.4884,-1.4592,2.51
43.484,-1.4455,1.06
43.4947,-1.4818,0.14
43.4945,-1.4656,0.57
43.492,-1.4772,3.14
43.4792,-1.4739,1.43
43.4839,-1.5002,0.24
43.4898,-1.4727,
43.4989,-1.4901,1.68
43.5005,-1.454,
43.4862,-1.4668,3.03
43.4907,-1.4933,0.37
43.5058,-1.4755,1.89
43.4984,-1.4821,2.43
43.4934,-1.4747,
43.5056,-1.444,0.3
43.4783,-1.5008,6.34
43.4932,-1.4524,0.33
43.49,-1.4784,0.47
43.4872,-1.4832,18.43
43.4892,-1.4889,1.62
43.4825,-1.4823,11.16
43.4796,-1.4768,1.02
43.4917,-1.4756,
43.496,-1.4686,
43.4973,-1.4808,
43.5015,-1.4482,
43.4903,-1.4685,
43.5094,-1.468,1.84
43.4961,-1.4549,0.34
43.5062,-1.4584,28.53
43.493,-1.4951,1.67
43.4909,-1.488,22.25
43.4906,-1.4661,
43.4952,-1.4772,
43.5072,-1.4687,0.06
43.4824,-1.4859,11.73
43.4942,-1.4452,2.4
43.4691,-1.4932,0.78
43.4832,-1.4555,0.71
43.4896,-1.4817,7.79
43.498,-1.4936,1.98
43.5013,-1.4544,27.93
43.4756,-1.4518,18.54
43.4923,-1.471,1.92
43.4938,-1.495,2.32
43.4907,-1.4705,0.09
43.4782,-1.5005,1.27
43.4799,-1.4765,0.71
43.4664,-1.4876,4.19
43.4946,-1.4661,
43.4865,-1.4639,2.64
43.4835,-1.4853,1.64
43.4923,-1.4531,18.11
43.5106,-1.4427,2.04
43.4921,-1.4523,
43.484,-1.4608,0.8
43.493,-1.4522,12.24
43.498,-1.4901,0.01
43.5099,-1.4882,0.45
43.5081,-1.4326,1.53
43.4908,-1.4934,1.85
43.4972,-1.4513,14.53
43.4914,-1.4695,3.93
43.5015,-1.4482,
43.4893,-1.4678,0.24
43.4935,-1.4677,0.19
43.4922,-1.4567,2.26
43.487,-1.4857,0.98
43.5001,-1.4347,
43.4917,-1.4911,1.84
43.4922,-1.4866,3.4
43.4977,-1.4353,0.27
43.4829,-1.4841,1.65
43.4937,-1.4886,1.91
43.5078,-1.4317,1.09
43.4935,-1.4606,1.59
43.4792,-1.5023,1.82
43.4837,-1.4613,0.08
43.4895,-1.4797,
43.5095,-1.4881,0.08
43.492,-1.4749,
43.5101,-1.469,0.26
43.4781,-1.4752,
43.5084,-1.4362,0.9
43.5022,-1.4778,1.16
43.5045,-1.4462,1.15
43.4806,-1.4986,0.92
43.4935,-1.4447,2.2
43.5056,-1.4597,0.43
43.4981,-1.4787,1.7
43.4749,-1.4848,2.11
43.4954,-1.4583,
43.4861,-1.4663,1.86
43.5053,-1.4614,1.95
43.5034,-1.4499,1.12
43.4828,-1.4842,1.0
43.4892,-1.4782,
43.4994,-1.4584,0.96
43.4916,-1.4782,7.67
43.494,-1.4778,0.18
43.4891,-1.4663,1.64
43.5018,-1.446,3.97
43.5028,-1.4757,2.02
43.4925,-1.4631,3.06
43.5075,-1.4639,0.89
43.4934,-1.4948,2.03
43.4953,-1.4605,0.36
43.4964,-1.4601,0.35
43.4918,-1.481,1.71
43.4975,-1.4589,
43.4953,-1.4545,2.49
43.4932,-1.4524,0.17
43.478,-1.5012,1.18
43.4992,-1.4358,0.2
43.4796,-1.4742,4.61
43.49,-1.4689,
43.4673,-1.4923,1.68
43.5066,-1.4749,0.35
43.4947,-1.4637,0.43
43.5075,-1.4628,0.57
43.4807,-1.4999,2.59
43.5023,-1.4779,4.69
43.4971,-1.46,0.21
43.4946,-1.4697,12.38
43.4914,-1.4746,0.14
43.5008,-1.4372,0.22
43.48,-1.4847,16.0
43.4842,-1.46,2.54
43.4917,-1.4767,23.98
43.4954,-1.4657,0.49
43.4876,-1.4744,1.51
43.4908,-1.4933,2.43
43.4945,-1.4385,0.5
43.4977,-1.4891,1.86
43.484,-1.4566,5.68
43.4985,-1.4877,0.51
43.4935,-1.4917,9.45
43.4811,-1.484,0.29
43.4812,-1.4582,20.69
43.4995,-1.4379,1.47
43.5068,-1.4788,0.84
43.503,-1.4525,1.28
43.4847,-1.4806,
43.4801,-1.475,2.7
43.4832,-1.4795,2.88
43.4897,-1.4881,0.89
43.5059,-1.4613,0.15
43.4983,-1.4933,4.11
43.4905,-1.4614,1.17
43.4831,-1.4849,0.93
43.4637,-1.4955,3.99
43.4616,-1.4913,3.63
43.488,-1.4824,15.7
43.4716,-1.4846,
43.5117,-1.4635,0.76
43.4939,-1.4556,1.33
43.4812,-1.4914,1.5
43.4917,-1.486,2.54
43.4773,-1.4746,
43.4999,-1.4582,1.22
43.5046,-1.4461,1.7
43.5085,-1.4339,6.57
43.4884,-1.4828,6.11
43.498,-1.456,
43.4945,-1.4527,0.12
43.4993,-1.4643,19.14
43.4929,-1.4796,20.41
43.5018,-1.4449,1.08
43.4975,-1.4234,0.55
43.4864,-1.4645,0.72
43.4923,-1.4769,4.09
43.4894,-1.4529,1.75
43.4835,-1.4618,0.99
43.4774,-1.4928,5.78
43.4656,-1.4952,0.86
43.5069,-1.4587,2.68
43.4882,-1.473,2.04
43.4816,-1.4787,1.57
43.4919,-1.4628,26.3
43.4844,-1.4905,0.97
43.4935,-1.4764,1.19
43.4984,-1.4681,3.11
43.491,-1.4752,
43.4982,-1.4573,23.87
43.471,-1.4918,2.09
43.5147,-1.4608,1.66
43.4906,-1.4963,0.63
43.5112,-1.4427,0.21
43.5064,-1.4714,0.5
43.4827,-1.4661,1.76
43.4793,-1.501,6.85
43.4989,-1.4348,0.03
43.4836,-1.4542,5.94
43.4979,-1.4894,2.15
43.4796,-1.4713,
43.479,-1.4669,3.69
43.4813,-1.4652,0.23
43.5013,-1.4499,1.17
43.5076,-1.4639,0.9
43.4811,-1.4585,2.76
43.502,-1.4555,28.7
43.4867,-1.4568,2.77
43.4826,-1.5004,1.72
43.5085,-1.4653,0.6
43.4891,-1.4931,1.05
43.4982,-1.4936,0.87
43.4967,-1.4271,1.18
43.4789,-1.4729,
43.4881,-1.4736,15.89
43.4967,-1.4755,2.63
43.4922,-1.4918,0.81
43.4934,-1.4757,0.54
43.4984,-1.4587,20.71
43.4837,-1.486,1.75
43.4934,-1.4746,
43.4929,-1.4732,2.73
43.4791,-1.4956,0.66
43.5069,-1.471,1.92
43.487,-1.4698,0.74
43.4904,-1.4705,0.1
43.4769,-1.4715,
43.4898,-1.4749,1.68
43.4927,-1.4748,1.6
43.4821,-1.4972,5.94
43.482,-1.4862,4.06
43.4873,-1.4663,0.67
43.4962,-1.4327,2.8
43.4582,-1.4874,3.75
43.4939,-1.4583,1.19
43.4805,-1.4753,0.11
43.5041,-1.427,0.76
43.5062,-1.4554,0.75
43.4811,-1.4646,1.04
43.4972,-1.451,2.99
43.4837,-1.4763,
43.5016,-1.4676,0.78
43.4999,-1.4598,0.62
43.5046,-1.4458,0.18
43.4797,-1.4534,0.94
43.509,-1.4665,0.55
43.4972,-1.4246,0.18
43.4872,-1.4499,1.07
43.4948,-1.441,1.93
43.5052,-1.4671,0.15
43.4676,-1.4876,5.49
43.4851,-1.4713,
43.5022,-1.4563,0.14
43.4904,-1.4574,0.6
43.4844,-1.4974,0.54
43.4733,-1.4824,22.26
43.4838,-1.4852,2.37
43.5008,-1.4795,6.67
43.4837,-1.4751,
43.4835,-1.4617,1.02
43.5026,-1.4902,
43.4938,-1.4949,2.05
43.5105,-1.4305,0.07
43.491,-1.4909,1.81
43.4855,-1.4601,0.03
43.4946,-1.4699,0.26
43.4896,-1.4787,0.58
43.4861,-1.4925,1.39
43.5066,-1.4639,1.46
43.4873,-1.4739,
43.4504,-1.4946,3.27
43.4796,-1.5002,0.39
43.491,-1.481,7.64
43.4936,-1.461,4.14
43.4953,-1.4825,0.09
43.4907,-1.4809,2.07
43.4713,-1.4912,0.27
43.4872,-1.4516,2.34
43.4951,-1.47,0.33
43.4876,-1.4816,0.5
43.5029,-1.4512,0.93
43.4934,-1.4586,0.96
43.4933,-1.4863,1.47
43.4836,-1.4551,1.05
43.479,-1.4542,2.22
43.4898,-1.4824,13.19
43.4889,-1.4545,0.77
43.5121,-1.4861,0.74
43.4844,-1.4663,0.34
43.4736,-1.4897,2.71
43.4872,-1.4499,0.45
43.4752,-1.4843,0.83
43.4878,-1.4818,0.39
43.5083,-1.4632,0.14
43.4955,-1.4378,0.19
43.4946,-1.476,
43.5108,-1.44,0.11
43.5066,-1.4454,0.5
43.4949,-1.4701,8.06
43.483,-1.4909,3.59
43.4797,-1.4471,1.58
43.4636,-1.4817,
43.4956,-1.4797,2.86
43.467,-1.4928,3.0
43.5097,-1.4646,0.82
43.5066,-1.464,1.54
43.4737,-1.4799,
43.4853,-1.448,8.75
43.5033,-1.4495,0.32
43.4943,-1.4443,1.37
43.4676,-1.4833,
43.4856,-1.4763,0.88
43.5077,-1.4683,1.32
43.4828,-1.4824,2.99
43.4828,-1.4583,
43.4951,-1.4384,2.01
43.4803,-1.4791,2.19
43.4611,-1.4927,0.84
43.4682,-1.4937,0.86
43.5013,-1.4544,22.99
43.4907,-1.4805,3.39
43.4973,-1.4862,1.32
43.4969,-1.4336,1.22
43.4916,-1.4852,1.06
43.5081,-1.4445,1.79
43.492,-1.4936,1.62
43.4892,-1.4821,13.45
43.4859,-1.4609,7.19
43.508,-1.4652,0.16
43.4941,-1.4526,11.58
43.4916,-1.4833,1.85
43.5036,-1.4695,0.8
43.5058,-1.4635,1.66
43.4818,-1.4772,0.79
43.4946,-1.4833,0.2
43.5133,-1.4338,2.2
43.461,-1.4897,3.1
43.4712,-1.4919,24.17
43.4982,-1.4915,2.26
43.4923,-1.4804,17.81
43.4843,-1.499,15.11
43.504,-1.462,
43.4817,-1.4871,0.73
43.4914,-1.4928,2.36
43.511,-1.4652,0.84
43.4775,-1.492,1.69
43.4836,-1.4468,0.26
43.4903,-1.4553,0.56
43.4706,-1.492,0.88
43.4989,-1.49,1.64
43.4946,-1.4428,2.39
43.4964,-1.4897,2.54
43.4935,-1.4938,1.02
43.4871,-1.476,3.4
43.4903,-1.4606,0.89
43.5036,-1.452,0.3
43.4761,-1.4705,
43.4913,-1.46,1.66
43.5113,-1.4635,1.22
43.5058,-1.4569,0.41
43.4704,-1.4848,
43.4788,-1.5047,9.59
43.5064,-1.4912,
43.4924,-1.4809,11.97
43.478,-1.4959,0.63
43.4946,-1.4673,12.64
43.4887,-1.4772,
43.5074,-1.4629,0.01
43.4846,-1.4609,0.51
43.4806,-1.4576,1.54
43.5033,-1.4516,0.77
43.5015,-1.4805,0.22
43.4983,-1.4486,2.36
43.5067,-1.4583,
43.4717,-1.4872,0.11
43.495,-1.4523,2.42
43.4924,-1.4562,0.52
43.4921,-1.4676,
43.5055,-1.4439,2.32
43.4898,-1.4448,0.07
43.4716,-1.4872,4.32
43.4856,-1.4918,0.99
43.5003,-1.465,
43.4973,-1.478,7.78
43.4947,-1.4761,
43.5009,-1.4572,16.84
43.5058,-1.4311,0.61
43.4836,-1.4782,2.88
43.4809,-1.4579,1.38
43.4932,-1.4783,15.01
43.5083,-1.4375,2.46
43.4848,-1.4746,
43.504,-1.4722,5.16
43.4901,-1.463,0.23
43.4868,-1.4939,1.73
43.5084,-1.4335,1.42
43.4977,-1.4402,
43.4986,-1.4349,0.52
43.4844,-1.4742,
43.48,-1.5037,2.54
43.4948,-1.4691,3.38
43.5001,-1.4347,
43.4948,-1.4681,2.28
43.481,-1.4602,1.04
43.4687,-1.4934,1.03
43.4975,-1.439,7.76
43.4919,-1.4553,0.57
43.4506,-1.4933,0.88
43.4936,-1.4931,6.63
43.4819,-1.4902,
43.4873,-1.4697,24.74
43.4919,-1.471,1.86
43.4834,-1.4875,1.45
43.4924,-1.4712,2.57
43.4833,-1.4517,1.91
43.4756,-1.4904,2.84
43.4911,-1.4729,0.53
43.4859,-1.4914,11.72
43.506,-1.4709,1.09
43.4866,-1.4739,2.47
43.4963,-1.455,0.05
43.4852,-1.4827,3.59
43.5037,-1.4628,8.97
43.4922,-1.4637,0.13
43.4926,-1.4633,2.6
43.4917,-1.4815,11.8
43.4826,-1.4949,0.5
43.4909,-1.4535,6.28
43.5,-1.4542,1.31
43.4944,-1.4865,1.63
43.4841,-1.4463,5.36
43.4931,-1.476,1.0
43.498,-1.4487,1.96
43.4905,-1.4753,
43.4957,-1.4368,0.44
43.4871,-1.4801,25.38
43.4873,-1.468,0.98
43.4948,-1.4594,
43.4991,-1.4499,4.1
43.4861,-1.4616,25.62
43.5013,-1.489,
43.5023,-1.4818,0.37
43.4613,-1.49,0.9
43.5054,-1.4658,0.79
43.4937,-1.4666,0.53
43.4964,-1.474,2.9
43.4985,-1.4616,0.81
43.4865,-1.477,16.7
43.5008,-1.4529,
43.4958,-1.4802,1.75
43.5063,-1.4736,0.44
43.5012,-1.4478,
43.4934,-1.4758,0.69
43.485,-1.4948,1.99
43.484,-1.4636,1.77
43.4644,-1.4825,
43.4942,-1.4643,0.64
43.477,-1.4961,2.61
43.4775,-1.4764,
43.499,-1.49,1.67
43.4902,-1.479,8.54
43.4961,-1.4694,24.48
43.4832,-1.4771,3.83
43.4868,-1.469,2.28
43.4795,-1.4743,1.59
43.4962,-1.4685,
43.4837,-1.4961,1.45
43.4779,-1.4547,2.37
43.4911,-1.4783,
43.4835,-1.4693,3.13
43.4873,-1.4974,
43.5088,-1.4654,0.1
43.4782,-1.4942,22.5
43.4904,-1.4753,
43.5018,-1.4544,27.62
43.4953,-1.4781,20.91
43.479,-1.4552,0.19
43.4882,-1.4621,
43.488,-1.4911,4.17
43.5065,-1.4587,1.69
43.4922,-1.4758,
43.4661,-1.4873,2.2
43.4997,-1.4807,7.68
43.5065,-1.4553,0.21
43.5026,-1.4559,0.12
43.4986,-1.4616,0.52
43.4956,-1.4368,0.15
43.4888,-1.4786,0.31
43.4897,-1.449,1.18
43.4935,-1.4609,0.07
43.4803,-1.4983,1.11
43.4876,-1.4911,2.04
43.4885,-1.4792,0.61
43.4957,-1.4573,0.98
43.4681,-1.4913,3.7
43.4936,-1.4897,0.79
43.5072,-1.4614,2.09
43.4863,-1.4662,2.13
43.4914,-1.4536,0.25
43.498,-1.4197,1.16
43.487,-1.4529,2.05
43.4702,-1.4891,0.76
43.4793,-1.4815,1.54
43.4961,-1.4812,0.07
43.4967,-1.4794,
43.4753,-1.4704,
43.4809,-1.4508,0.03
43.4953,-1.4612,1.79
43.4726,-1.4863,2.81
43.4942,-1.4581,2.42
43.4852,-1.4748,
43.486,-1.4715,0.02
43.4844,-1.4766,1.6
43.5065,-1.4867,0.39
43.4799,-1.5016,2.07
43.4833,-1.4984,3.75
43.4836,-1.4634,0.8
43.5001,-1.4511,0.49
43.5019,-1.4675,0.0
43.5072,-1.4544,0.16
43.4921,-1.4863,2.14
43.4951,-1.4768,
43.5029,-1.4679,0.01
43.4878,-1.4827,1.66
43.4911,-1.4625,17.85
43.4773,-1.4828,24.08
43.4926,-1.4954,3.05
43.5091,-1.4337,11.56
43.4926,-1.4736,6.18
43.5132,-1.4338,1.67
43.5161,-1.4662,26.15
43.494,-1.4684,0.88
43.5056,-1.487,2.93
43.4958,-1.4696,13.22
43.4992,-1.4671,0.27
43.466,-1.4957,0.21
43.4974,-1.4912,2.44
43.4849,-1.4816,2.03
43.4952,-1.4854,1.01
43.4849,-1.4811,22.68
43.4696,-1.489,5.39
43.501,-1.4671,4.6
43.4891,-1.4774,
43.4811,-1.4943,0.55
43.4914,-1.4541,0.59
43.4817,-1.4855,0.85
43.4838,-1.4754,
43.4912,-1.4571,1.15
43.492,-1.4809,1.41
43.4975,-1.4824,27.42
43.5119,-1.4398,0.02
43.485,-1.495,1.8
43.5059,-1.4457,2.13
43.476,-1.4816,1.5
43.4886,-1.4552,0.59
43.4979,-1.438,1.13
43.479,-1.4925,0.58
43.4811,-1.4594,2.74
43.4879,-1.474,5.45
43.4961,-1.4878,0.52
43.498,-1.4898,2.28
43.4882,-1.4597,2.07
43.4928,-1.4806,12.91
43.4886,-1.4927,1.96
43.5036,-1.4691,1.41
43.4894,-1.4669,0.44
43.483,-1.4793,1.69
43.5108,-1.4873,0.31
43.4867,-1.4742,5.14
43.494,-1.4783,0.08
43.4862,-1.4898,2.63
43.4931,-1.4758,16.29
43.4892,-1.4786,
43.4919,-1.4709,10.21
43.4599,-1.4955,0.13
43.5039,-1.4623,
43.4881,-1.473,1.45
43.4653,-1.4951,1.62
43.4904,-1.4554,4.5
43.4929,-1.46,1.6
43.4929,-1.4802,3.57
43.4929,-1.4736,28.25
43.4929,-1.4794,15.24
43.4996,-1.4633,2.09
43.503,-1.4506,1.1
43.4842,-1.4469,3.26
43.4963,-1.4871,22.42
43.4793,-1.4955,1.52
43.4788,-1.468,0.55
43.4883,-1.4533,1.34
43.4995,-1.4807,1.44
43.4853,-1.4827,2.83
43.5034,-1.4662,11.3
43.4813,-1.4951,1.0
43.4937,-1.4899,0.55
43.4738,-1.4902,15.77
43.5025,-1.4553,0.83
43.4848,-1.472,
43.4968,-1.4756,2.85
43.4994,-1.4509,5.52
43.5028,-1.4516,0.7
43.5028,-1.4521,12.17
43.5025,-1.4555,0.02
43.5064,-1.4623,0.13
43.4781,-1.4685,0.14
43.4878,-1.4553,1.46
43.4962,-1.4861,2.58
43.4823,-1.4532,2.14
43.507,-1.4837,0.98
43.5013,-1.455,21.78
43.504,-1.4676,1.98
43.4899,-1.4924,0.56
43.4994,-1.4377,1.36
43.5084,-1.437,2.56
43.4833,-1.4553,0.96
43.4922,-1.4935,0.42
43.4797,-1.4848,
43.4758,-1.4818,1.57
43.4941,-1.4674,1.84
43.489,-1.4768,
43.4821,-1.4535,0.73
43.5125,-1.4702,0.12
43.483,-1.4958,3.05
43.4811,-1.4569,21.1
43.4766,-1.4913,0.3
43.5085,-1.4362,3.35
43.4885,-1.4752,0.44
43.4789,-1.4498,18.18
43.5043,-1.4472,0.05
43.4872,-1.4713,
43.5004,-1.4669,0.67
43.483,-1.4875,2.27
43.4995,-1.4811,1.21
43.5,-1.4657,1.31
43.4879,-1.4674,0.17
43.5024,-1.4557,1.83
43.4867,-1.4781,5.76
43.4875,-1.4554,1.24
43.4934,-1.4608,0.28
43.4972,-1.4596,
43.5054,-1.461,0.64
43.5064,-1.4596,
43.5029,-1.4381,1.81
43.4726,-1.4821,
43.4861,-1.4734,1.36
43.4978,-1.4563,
43.4842,-1.4631,2.18
43.4867,-1.4934,0.47
43.4908,-1.4624,0.66
43.4813,-1.4559,0.51
43.507,-1.462,0.22
43.5008,-1.4477,
43.4933,-1.4892,1.57
43.4966,-1.4701,19.72
43.4868,-1.4545,0.79
43.4674,-1.4924,0.09
43.4907,-1.4731,19.2
43.4908,-1.4537,0.69
43.4934,-1.492,8.96
43.4795,-1.4763,0.58
43.4955,-1.4581,20.42
43.497,-1.4347,0.7
43.4942,-1.4672,20.81
43.492,-1.4738,
43.4977,-1.4608,2.34
43.5127,-1.4352,0.53
43.4783,-1.4533,2.57
43.499,-1.4594,3.52
43.4823,-1.5002,1.89
43.4801,-1.455,3.51
43.4852,-1.4914,2.0
43.4933,-1.4502,3.36
43.4957,-1.4604,0.33
43.4791,-1.4658,2.43
43.5058,-1.4573,0.72
43.4905,-1.4482,1.22
43.4752,-1.4841,1.15
43.4797,-1.4564,2.09
43.4798,-1.4922,2.2
43.4954,-1.4585,
43.4997,-1.4373,0.54
43.4785,-1.4729,26.28
43.4862,-1.4986,
43.5072,-1.464,0.82
43.5056,-1.4621,0.25
43.4838,-1.4736,
43.4776,-1.4737,
43.5068,-1.4858,0.17
43.4859,-1.4924,1.21
43.5135,-1.4674,0.05
43.5101,-1.4721,0.87
43.4777,-1.4545,1.69
43.4939,-1.4758,
43.4843,-1.4851,3.73
43.4947,-1.4607,0.24
43.4971,-1.4637,1.18
43.4755,-1.4786,
43.4958,-1.4843,0.54
43.5025,-1.4677,0.12
43.5104,-1.4575,0.15
43.4808,-1.4803,0.4
43.4957,-1.4576,0.81
43.4842,-1.4989,3.37
43.4953,-1.4857,0.53
43.4931,-1.4557,0.73
43.4965,-1.4551,0.82
43.4883,-1.4967,
43.4809,-1.501,0.34
43.4943,-1.4761,
43.4963,-1.4736,3.13
43.4912,-1.4519,6.14
43.4925,-1.4738,5.87
43.4778,-1.4841,1.34
43.4847,-1.4805,29.82
43.4907,-1.4598,0.65
43.4913,-1.4762,
43.5005,-1.4917,0.96
43.4917,-1.479,
43.4956,-1.4716,0.44
43.4962,-1.4516,2.2
43.4787,-1.4924,1.48
43.4608,-1.4816,
43.496,-1.4612,0.79
43.471,-1.4917,2.18
43.4978,-1.452,12.21
43.5046,-1.4467,0.02
43.5091,-1.4651,1.23
43.5033,-1.4752,2.63
43.4867,-1.4782,1.63
43.5027,-1.476,2.33
43.4877,-1.4754,4.63
43.4822,-1.4899,
43.4898,-1.4772,
43.4878,-1.497,
43.4956,-1.4525,0.14
43.487,-1.4934,1.06
43.4949,-1.4581,
43.4974,-1.4938,1.47
43.4954,-1.4791,2.33
43.4987,-1.4673,1.59
43.4838,-1.476,
43.4838,-1.4999,5.88
43.5026,-1.447,1.01
43.4869,-1.4537,2.15
43.4817,-1.4622,2.55
43.4938,-1.4851,0.44
43.4967,-1.4752,1.2
43.4934,-1.483,0.38
43.4911,-1.4846,1.2
43.5024,-1.4558,1.37
43.4959,-1.4846,2.28
43.5107,-1.4685,4.01
43.5016,-1.4832,
43.4854,-1.4927,3.23
43.4827,-1.4847,3.67
43.4883,-1.4806,0.61
43.4869,-1.4867,1.8
43.5019,-1.4674,4.81
43.4826,-1.4982,0.03
43.4964,-1.4822,4.33
43.5125,-1.4386,1.37
43.4781,-1.4842,0.31
43.4781,-1.4685,2.67
43.4904,-1.4791,7.19
43.4946,-1.4759,
43.5004,-1.4498,9.37
43.4869,-1.483,3.65
43.4884,-1.4802,0.8
43.4795,-1.4765,0.25
43.4812,-1.4635,0.75
43.4906,-1.4861,0.57
43.4896,-1.4914,0.31
43.4757,-1.4695,
43.4983,-1.4382,1.47
43.4766,-1.4874,1.23
43.473,-1.4813,
43.5009,-1.4478,
43.4768,-1.4859,0.69
43.5048,-1.4908,
43.4775,-1.4938,2.27
43.5074,-1.4634,1.04
43.5001,-1.4363,1.22
43.4922,-1.4712,20.25
43.4807,-1.4673,1.27
43.5001,-1.453,7.52
43.4702,-1.4883,5.08
43.5068,-1.4583,
43.4927,-1.4666,2.02
43.4617,-1.4812,
43.4781,-1.4529,0.62
43.5059,-1.4621,0.03
43.4908,-1.4731,15.38
43.4915,-1.4537,2.74
43.4926,-1.4799,
43.5036,-1.4633,2.18
43.4881,-1.462,
43.4878,-1.4586,2.69
43.4793,-1.4815,3.19
43.4975,-1.4601,0.22
43.495,-1.488,0.11
43.4809,-1.4827,1.15
43.4881,-1.4539,0.69
43.5056,-1.491,
43.4889,-1.4751,0.55
43.5018,-1.4474,24.21
43.4897,-1.4762,
43.4754,-1.4788,
43.4995,-1.4539,
43.4918,-1.4539,1.62
43.4998,-1.4875,
43.4933,-1.4516,0.21
43.4949,-1.4834,1.57
43.4908,-1.4678,1.49
43.4946,-1.4695,2.61
43.4962,-1.446,1.79
43.4959,-1.4824,1.62
43.5027,-1.4543,1.14
43.4923,-1.4937,0.15
43.5048,-1.4597,
43.4856,-1.4761,1.49
43.4887,-1.4769,
43.4931,-1.4947,0.12
43.5045,-1.4342,1.64
43.4846,-1.485,1.08
43.5063,-1.445,0.55
43.4868,-1.4941,1.54
43.5089,-1.4663,2.05
43.5111,-1.4714,1.88
43.4986,-1.4567,1.01
43.4943,-1.4673,27.73
43.4876,-1.4613,2.69
43.4768,-1.4964,1.21
43.4766,-1.4852,0.81
43.4817,-1.4877,1.08
43.4754,-1.4698,
43.4769,-1.4962,2.94
43.4904,-1.4675,0.87
43.5021,-1.4517,
43.493,-1.4752,1.58
43.4697,-1.4839,
43.4872,-1.476,0.52
43.4904,-1.4807,24.93
43.496,-1.4581,1.04
43.5011,-1.4459,2.7
43.5019,-1.4829,3.02
43.5013,-1.4803,0.48
43.5058,-1.4298,1.42
43.4957,-1.4736,
43.4963,-1.444,2.04
43.4966,-1.4562,0.95
43.4837,-1.4558,0.48
43.4908,-1.4887,0.29
43.4993,-1.4583,0.0
43.4974,-1.4913,2.19
43.4664,-1.4876,4.67
43.4933,-1.4681,3.24
43.4909,-1.4544,2.61
43.4827,-1.4657,10.82
43.4871,-1.4492,0.26
43.4815,-1.4578,
43.4947,-1.4892,18.11
43.4665,-1.4967,4.68
43.4927,-1.492,0.66
43.4925,-1.4711,14.42
43.5045,-1.4327,1.46
43.5045,-1.4465,2.48
43.4933,-1.4785,16.41
43.4745,-1.4804,
43.4614,-1.4903,0.66
43.4998,-1.4645,4.92
43.4669,-1.4947,3.4
43.4868,-1.4945,0.62
43.4915,-1.4816,16.33
43.5033,-1.4378,0.02
43.4936,-1.4924,3.03
43.4903,-1.4522,0.4
43.4865,-1.4618,6.15
43.4941,-1.4669,28.57
43.4893,-1.4573,1.27
43.5059,-1.4613,0.24
43.4958,-1.4635,2.58
43.4709,-1.4922,25.73
43.4948,-1.4688,0.34
43.4932,-1.4864,1.48
43.5093,-1.4679,1.84
43.4904,-1.4707,0.95
43.4998,-1.4903,0.4
43.4914,-1.4944,1.16
43.4854,-1.4879,2.39
43.498,-1.4524,0.54
43.4985,-1.4545,2.3
43.4861,-1.4616,21.18
43.4631,-1.4958,1.18
43.4988,-1.4592,29.16
43.4727,-1.482,
43.4938,-1.4914,2.01
43.5066,-1.4306,0.75
43.4808,-1.4622,1.66
43.4836,-1.4871,8.79
43.4871,-1.4627,0.93
43.488,-1.4528,2.31
43.5018,-1.4528,24.97
43.4829,-1.4662,1.99
43.4961,-1.485,2.06
43.4794,-1.4923,1.05
43.4891,-1.4674,0.13
43.4931,-1.4662,2.03
43.5045,-1.4827,0.22
43.4903,-1.4728,0.24
43.5039,-1.4848,3.09
43.4657,-1.4927,0.12
43.4943,-1.4439,2.21
43.5099,-1.4577,0.87
43.4844,-1.4663,2.33
43.5035,-1.4651,1.76
43.5011,-1.4434,3.94
43.4998,-1.4543,3.91
43.4949,-1.4899,0.04
43.4813,-1.5012,0.39
43.506,-1.4587,1.66
43.4937,-1.4932,0.34
43.5014,-1.4486,17.03
43.4852,-1.4759,3.76
43.4998,-1.4818,1.35
43.4878,-1.4755,2.19
43.4902,-1.4741,
43.4908,-1.4779,9.4
43.4752,-1.4526,22.73
43.4878,-1.4792,
43.505,-1.4468,1.13
43.4886,-1.4751,0.7
43.4978,-1.4784,1.15
43.495,-1.4709,1.82
43.4783,-1.4999,11.19
43.5019,-1.4485,1.23
43.4873,-1.4811,1.09
43.495,-1.4593,
43.5002,-1.4358,0.41
43.4815,-1.4551,2.41
43.4889,-1.4673,0.96
43.4919,-1.4871,2.74
43.4885,-1.4654,1.58
43.4637,-1.4956,0.55
43.4655,-1.4928,0.21
43.4778,-1.495,1.74
43.499,-1.4888,1.02
43.4791,-1.4661,2.94
43.4973,-1.4847,3.63
43.5032,-1.47,2.59
43.4777,-1.4817,1.12
43.4807,-1.4803,8.55
43.5078,-1.4875,11.01
43.4988,-1.4895,2.59
43.4949,-1.466,8.95
43.497,-1.4749,26.8
43.4866,-1.4796,1.67
43.4858,-1.4709,18.97
43.5051,-1.4697,2.05
43.505,-1.4466,0.19
43.4925,-1.4911,5.0
43.4968,-1.4837,9.99
43.4876,-1.4881,1.21
43.4929,-1.4882,4.81
43.4995,-1.4585,1.69
43.4881,-1.479,
43.498,-1.4551,0.42
43.4967,-1.4797,
43.4966,-1.4912,2.09
43.507,-1.4603,1.7
43.4852,-1.4778,1.06
43.4757,-1.4822,1.74
43.4809,-1.4579,2.53
43.4872,-1.4714,
43.4975,-1.4234,0.51
43.4978,-1.4282,1.94
43.4782,-1.4933,7.17
43.4959,-1.4874,0.83
43.5045,-1.4484,2.75
43.5061,-1.4874,1.63
43.4856,-1.4715,0.87
43.4712,-1.4876,3.99
43.4826,-1.5004,2.41
43.4929,-1.493,0.87
43.4882,-1.4539,0.93
43.4914,-1.4915,0.06
43.4765,-1.4851,0.84
43.5118,-1.4635,0.53
43.4874,-1.4561,0.06
43.5044,-1.4844,0.75
43.4871,-1.4487,2.86
43.4674,-1.4918,11.98
43.5038,-1.4494,2.9
43.4982,-1.4936,2.18
43.4749,-1.4797,
43.4841,-1.4658,3.41
43.4887,-1.4547,0.58
43.4984,-1.4621,0.4
43.5005,-1.4833,0.18
43.4964,-1.488,1.0
43.4973,-1.4564,1.73
43.5053,-1.4714,1.7
43.4842,-1.4778,0.32
43.4839,-1.4905,1.56
43.4786,-1.474,
43.5078,-1.4682,3.12
43.4872,-1.4758,3.66
43.4975,-1.4589,
43.5045,-1.4672,2.08
43.5029,-1.4678,2.99
43.506,-1.4723,1.32
43.4939,-1.4867,0.3
43.5053,-1.4647,0.52
43.4937,-1.4669,3.39
43.478,-1.5015,1.68
43.4898,-1.4566,4.82
43.465,-1.4953,3.23
43.4942,-1.4761,
43.4903,-1.4684,
43.4887,-1.4645,
43.4688,-1.4934,1.01
43.4668,-1.4882,0.36
43.4505,-1.4947,2.97
43.4836,-1.4828,1.6
43.4855,-1.4726,2.34
43.4927,-1.48,28.42
43.4821,-1.4877,2.57
43.4967,-1.4555,0.91
43.5007,-1.4796,6.56
43.5,-1.4565,0.47
43.4898,-1.4786,0.16
43.4737,-1.4835,0.9
43.4782,-1.4517,1.83
43.5022,-1.4668,
43.4954,-1.4414,1.43
43.4949,-1.4523,6.44
43.493,-1.494,1.82
43.5041,-1.4676,1.22
43.4974,-1.4685,
43.4864,-1.4881,2.73
43.4998,-1.4876,
43.475,-1.4902,0.33
43.4815,-1.4657,0.74
43.4842,-1.4707,2.58
43.4704,-1.4882,1.28
43.4684,-1.4957,20.67
43.4879,-1.4604,1.99
43.503,-1.4475,1.61
43.4838,-1.4998,6.07
43.4927,-1.4912,5.04
43.4804,-1.4875,
43.5002,-1.4836,0.03
43.4918,-1.4521,
43.4888,-1.4658,0.46
43.4934,-1.4611,1.17
43.4976,-1.4511,1.81
43.4882,-1.4774,14.19
43.4994,-1.4813,9.11
43.4846,-1.4766,1.79
43.4913,-1.4665,
43.4977,-1.4312,0.21
43.4811,-1.4595,2.48
43.4989,-1.4817,0.24
43.5063,-1.4588,0.92
43.4931,-1.4725,13.46
43.4989,-1.436,1.94
43.4891,-1.4826,3.54
43.4862,-1.4735,0.77
43.5,-1.4879,
43.5012,-1.4784,1.01
43.4954,-1.483,0.57
43.4973,-1.4382,2.05
43.5072,-1.4877,1.01
43.4931,-1.4532,7.42
43.4874,-1.4832,9.42
43.5113,-1.4706,0.44
43.4974,-1.4615,0.31
43.5003,-1.4668,4.13
43.5082,-1.4812,1.94
43.4843,-1.5008,1.97
43.5012,-1.4826,0.56
43.494,-1.4456,2.0
43.4597,-1.4958,3.6
43.5041,-1.4429,0.02
43.5059,-1.4756,1.13
43.4944,-1.4827,1.03
43.4867,-1.4623,0.23
43.5088,-1.4441,2.59
43.49,-1.4792,6.66
43.5064,-1.4684,1.85
43.4928,-1.4722,6.12
43.511,-1.464,10.53
43.4754,-1.4845,3.05
43.4901,-1.4707,18.73
43.4905,-1.4931,0.53
43.5095,-1.4646,1.5
43.4982,-1.4598,2.54
43.4822,-1.4858,1.88
43.4859,-1.4906,1.2
43.4931,-1.4888,0.33
43.4904,-1.4778,4.66
43.4887,-1.4911,0.38
43.4911,-1.4814,3.06
43.5028,-1.4533,1.66
43.499,-1.4677,
43.4823,-1.4822,19.85
43.4888,-1.492,1.45
43.496,-1.4713,5.66
43.4949,-1.4601,
43.4875,-1.4828,2.67
43.5014,-1.4793,26.08
43.4664,-1.4964,2.01
43.5071,-1.4605,3.28
43.5016,-1.4533,23.48
43.483,-1.474,2.51
43.4801,-1.4821,1.22
43.5075,-1.4861,0.47
43.467,-1.4927,4.05
43.5022,-1.4617,0.35
43.4933,-1.4731,18.86
43.504,-1.4724,0.67
43.4944,-1.4625,0.88
43.4935,-1.4947,0.88
43.487,-1.483,1.32
43.498,-1.4551,0.38
43.4806,-1.4798,0.98
43.4753,-1.4767,
43.4968,-1.4687,0.25
43.5025,-1.4564,1.74
43.4914,-1.4909,4.71
43.5045,-1.4486,3.19
43.495,-1.4652,0.15
43.4756,-1.4716,
43.5025,-1.4557,0.05
43.4834,-1.4454,0.66
43.4641,-1.4954,2.86
43.4824,-1.4682,1.03
43.4953,-1.4786,6.11
43.5128,-1.4679,6.1
43.4902,-1.4857,0.72
43.4976,-1.4847,16.15
43.4831,-1.4556,1.62
43.5035,-1.4467,2.7
43.4853,-1.4725,15.25
43.4912,-1.48,
43.4882,-1.481,0.55
43.4916,-1.4752,
43.4693,-1.4931,0.81
43.4959,-1.4563,1.84
43.4893,-1.459,2.18
43.4929,-1.451,1.25
43.5126,-1.446,1.67
43.5096,-1.435,0.55
43.5016,-1.4555,0.68
43.4704,-1.4922,0.57
43.5034,-1.465,1.56
43.4589,-1.4847,
43.4609,-1.4933,0.12
43.5067,-1.4749,0.66
43.4887,-1.4765,
43.4927,-1.4779,0.04
43.5089,-1.4662,1.94
43.4912,-1.4757,
43.495,-1.442,1.7
43.4863,-1.4897,4.08
43.5055,-1.446,2.43
43.4999,-1.4577,1.08
43.5086,-1.4813,1.89
43.4895,-1.4821,0.99
43.4793,-1.4855,2.31
43.487,-1.4945,0.36
43.484,-1.475,17.02
43.4913,-1.4883,1.58
43.4854,-1.4732,12.12
43.4959,-1.4837,0.71
43.4841,-1.4962,0.07
43.4878,-1.4757,8.91
43.4873,-1.4673,1.75
43.4791,-1.4923,2.07
43.4868,-1.4543,1.18
43.4888,-1.4627,
43.4957,-1.4691,25.38
43.4889,-1.473,25.46
43.4898,-1.4535,0.41
43.5075,-1.4685,1.49
43.4975,-1.451,1.4
43.476,-1.4505,4.25
43.5062,-1.4612,0.2
43.4907,-1.4705,0.5
43.4806,-1.5037,1.41
43.4932,-1.4784,20.11
43.5134,-1.4364,1.27
43.4927,-1.459,1.61
43.4968,-1.46,0.77
43.4894,-1.4879,0.75
43.4812,-1.4995,3.88
43.4827,-1.4961,2.34
43.4949,-1.4574,6.51
43.4807,-1.4978,0.8
43.4585,-1.486,
43.4832,-1.4878,26.22
43.4885,-1.4764,13.33
43.5046,-1.4665,0.69
43.4861,-1.4706,16.44
43.4612,-1.4925,0.12
43.5058,-1.4443,1.11
43.4814,-1.4917,1.11
43.5026,-1.4528,
43.5017,-1.4669,
43.4909,-1.4908,5.0
43.4962,-1.4352,2.24
43.4944,-1.4757,
43.5017,-1.4596,0.87
43.5009,-1.4522,
43.4819,-1.4836,0.81
43.4913,-1.4625,0.51
43.4868,-1.4816,
43.4974,-1.4589,
43.484,-1.4719,
43.4789,-1.4988,11.48
43.5026,-1.4528,29.98
43.49,-1.4557,2.36
43.4967,-1.46,0.55
43.493,-1.4527,0.32
43.4899,-1.4915,0.03
43.4946,-1.4694,1.97
43.482,-1.4897,
43.496,-1.4465,0.64
43.4952,-1.4571,0.57
43.5018,-1.4667,
43.5043,-1.4429,0.39
43.4806,-1.492,1.22
43.4952,-1.4394,1.23
43.4914,-1.4637,3.38
43.4884,-1.4723,9.89
43.4839,-1.4474,0.26
43.4794,-1.4955,1.55
43.4906,-1.4625,6.26
43.4844,-1.4794,0.52
43.5074,-1.4686,0.12
43.5039,-1.4502,1.53
43.4963,-1.4741,8.16
43.5111,-1.4709,1.35
43.4794,-1.4586,2.8
43.5056,-1.4641,1.52
43.4947,-1.4572,
43.4656,-1.4949,6.37
43.491,-1.4686,14.48
43.5087,-1.4867,3.61
43.481,-1.4643,1.43
43.4974,-1.4557,1.14
43.4918,-1.4748,
43.4933,-1.4643,1.13
43.5009,-1.4564,2.94
43.4837,-1.4971,2.85
43.4899,-1.4771,
43.4791,-1.4847,1.42
43.4944,-1.4859,1.39
43.5065,-1.4687,3.23
43.5086,-1.4601,0.29
43.4837,-1.4525,0.08
43.4893,-1.4792,5.95
43.4881,-1.4753,4.95
43.4884,-1.4769,10.17
43.5006,-1.437,0.66
43.5089,-1.488,0.16
43.5045,-1.463,0.45
43.4895,-1.4742,
43.4824,-1.4583,8.33
43.4828,-1.4908,0.7
43.504,-1.4478,1.86
43.4888,-1.4618,0.04
43.4843,-1.4979,0.43
43.4676,-1.4919,6.78
43.4974,-1.4331,5.91
43.4902,-1.4736,
43.4984,-1.4472,0.36
43.494,-1.4836,2.84
43.4994,-1.481,1.14
43.4968,-1.4608,1.55
43.4974,-1.4861,1.11
43.504,-1.437,2.04
43.5107,-1.4687,1.77
43.4919,-1.4813,9.96
43.4921,-1.4654,1.58
43.5108,-1.4348,0.6
43.4905,-1.459,0.45
43.4932,-1.4516,0.04
43.4991,-1.4471,1.86
43.4779,-1.5006,1.45
43.4914,-1.4796,
43.5012,-1.4795,26.85
43.5084,-1.4656,1.82
43.4846,-1.4794,13.1
43.4949,-1.4844,0.49
43.4905,-1.4731,11.95
43.4976,-1.4827,4.65
43.4815,-1.4573,
43.4951,-1.4635,2.79
43.5043,-1.4653,0.21
43.4923,-1.4649,1.87
43.4959,-1.4726,8.19
43.4921,-1.486,0.48
43.4849,-1.4728,15.12
43.4998,-1.4794,1.85
43.4952,-1.4877,0.94
43.4813,-1.4595,2.42
43.4924,-1.4871,2.23
43.4922,-1.4708,1.57
43.4607,-1.4959,5.52
43.4926,-1.4739,12.43
43.5035,-1.4508,0.01
43.5093,-1.4913,
43.4898,-1.4881,3.88
43.4866,-1.4879,0.9
43.4652,-1.4831,21.85
43.4898,-1.4447,0.99
43.5087,-1.4916,
43.4859,-1.478,
43.4985,-1.4488,1.86
43.4914,-1.4728,3.56
43.4807,-1.4825,5.95
43.4938,-1.4748,
43.4905,-1.478,0.04
43.4847,-1.4834,0.49
43.4924,-1.4707,14.99
43.5012,-1.4539,
43.51,-1.4434,0.35
43.485,-1.4714,
43.4964,-1.488,0.05
43.4832,-1.4895,1.67
43.496,-1.4685,
43.4807,-1.4547,6.54
43.4997,-1.4507,1.67
43.5077,-1.4875,11.09
43.4638,-1.4959,0.83
43.4789,-1.4553,4.79
43.4842,-1.4799,2.72
43.4856,-1.4724,2.36
43.4833,-1.4668,1.5
43.4975,-1.4231,0.72
43.4944,-1.444,2.0
43.4976,-1.4305,4.07
43.4945,-1.466,22.86
43.485,-1.4728,0.11
43.4911,-1.4532,3.09
43.5062,-1.4672,1.3
43.502,-1.4553,22.62
43.4625,-1.496,2.61
43.4781,-1.4522,0.86
43.4854,-1.49,4.77
43.4901,-1.4872,3.52
43.4814,-1.4795,1.4
43.4775,-1.4928,6.11
43.4993,-1.4351,2.42
43.4924,-1.4547,1.24
43.4607,-1.4894,1.04
43.4998,-1.4819,12.54
43.5071,-1.433,0.16
43.4811,-1.4596,2.27
43.4939,-1.4858,1.29
43.51,-1.4644,4.41
43.4999,-1.4674,
43.4828,-1.4863,1.49
43.4634,-1.4816,
43.5019,-1.4432,0.21
43.4837,-1.4471,1.37
43.507,-1.469,18.08
43.4953,-1.4944,4.26
43.4809,-1.4615,0.68
43.4823,-1.4895,
43.5067,-1.4787,1.07
43.4952,-1.46,
43.4953,-1.4858,0.55
43.4849,-1.4807,
43.4835,-1.4901,
43.4938,-1.4763,0.79
43.4846,-1.481,0.61
43.4984,-1.488,2.24
43.4993,-1.481,1.25
43.4908,-1.4915,0.32
43.5027,-1.4519,0.54
43.492,-1.4594,4.76
43.4895,-1.4927,0.34
43.4905,-1.4841,0.07
43.4954,-1.4612,1.93
43.4844,-1.4862,
43.5054,-1.4456,
43.5078,-1.4703,1.43
43.4802,-1.4821,0.82
43.4949,-1.4778,21.44
43.4798,-1.5017,2.17
43.4736,-1.4819,28.17
43.4839,-1.461,0.64
43.4989,-1.4916,1.27
43.5068,-1.4672,1.11
43.5017,-1.4566,8.93
43.4809,-1.4635,1.16
43.4824,-1.4967,2.55
43.4763,-1.474,
43.5117,-1.4886,0.11
43.4849,-1.4719,
43.4965,-1.494,4.22
43.4898,-1.473,
43.4863,-1.4761,9.14
43.4866,-1.456,0.36
43.4587,-1.4856,
43.4801,-1.5011,3.1
43.4864,-1.4889,1.35
43.5036,-1.4692,3.0
43.4939,-1.469,0.29
43.5016,-1.4653,
43.49,-1.4679,8.25
43.4997,-1.4808,8.69
43.4816,-1.4687,1.02
43.5039,-1.4491,0.68
43.4673,-1.4909,0.03
43.4697,-1.488,0.33
43.4793,-1.4587,1.99
43.5061,-1.4447,1.32
43.4931,-1.4541,1.85
43.4916,-1.4664,
43.4814,-1.4766,1.48
43.4876,-1.4827,0.41
43.4965,-1.4392,0.25
43.4934,-1.4636,1.06
43.4802,-1.4569,0.86
43.4923,-1.4543,1.22
43.4923,-1.4794,
43.4864,-1.4796,9.89
43.5001,-1.4516,1.23
43.4894,-1.4544,2.07
43.4761,-1.4773,
43.4791,-1.4988,11.95
43.4938,-1.4577,1.36
43.4948,-1.4456,4.62
43.5003,-1.454,16.67
43.4903,-1.4555,1.18
43.4864,-1.4787,5.18
43.4933,-1.48,2.21
43.4929,-1.4832,0.51
43.4806,-1.5036,0.83
43.4881,-1.4786,
43.5053,-1.4673,1.47
43.4957,-1.4838,1.9
43.4964,-1.4689,0.6
43.4702,-1.4884,0.3
43.4956,-1.4369,0.3
43.5054,-1.4851,0.88
43.4965,-1.4359,0.33
43.498,-1.4615,1.01
43.4852,-1.4826,12.32
43.5042,-1.4674,0.59
43.4989,-1.4792,1.83
43.4789,-1.4979,1.48
43.4796,-1.4745,2.54
43.4927,-1.4736,7.1
43.4857,-1.4606,0.57
43.4939,-1.4779,0.47
43.4937,-1.4929,2.41
43.4941,-1.4529,6.2
43.5034,-1.4646,1.71
43.4811,-1.4501,
43.4738,-1.4897,2.74
43.4969,-1.4837,5.95
43.4677,-1.4908,0.28
43.4855,-1.4916,0.54
43.5058,-1.4311,1.07
43.4996,-1.4559,
43.4843,-1.4987,10.7
43.491,-1.477,
43.4852,-1.4757,0.84
43.4952,-1.4894,1.13
43.4897,-1.4549,3.23
43.4653,-1.4927,2.65
43.4782,-1.4988,2.02
43.4693,-1.4839,
43.5015,-1.4674,0.21
43.4983,-1.4931,5.1
43.4796,-1.4561,3.93
43.4925,-1.4722,1.49
43.4929,-1.4714,
43.5043,-1.4656,0.58
43.5002,-1.4906,9.81
43.4984,-1.4549,1.62
43.4836,-1.4756,
43.4583,-1.4878,4.19
43.4955,-1.4832,0.53
43.4978,-1.4797,21.3
43.4857,-1.4921,7.27
43.4994,-1.4347,1.23
43.4924,-1.4946,2.04
43.4944,-1.4386,1.46
43.4811,-1.4597,2.3
43.4969,-1.4697,23.17
43.4802,-1.4836,2.28
43.4874,-1.4843,1.78
43.484,-1.4606,0.93
43.4968,-1.464,2.64
43.4827,-1.4846,3.6
43.507,-1.4717,0.88
43.5027,-1.4687,0.04
43.4975,-1.4615,0.34
43.482,-1.4971,3.0
43.4867,-1.4801,0.53
43.5038,-1.4709,5.74
43.5019,-1.4576,1.43
43.4873,-1.4745,6.68
43.5044,-1.4351,1.23
43.4956,-1.4799,3.18
43.5003,-1.4359,0.21
43.5061,-1.4308,0.94
43.4833,-1.4517,0.58
43.4941,-1.4543,1.55
43.4954,-1.4898,0.28
43.4893,-1.4526,0.05
43.499,-1.4886,0.67
43.4813,-1.4609,0.4
43.4874,-1.4821,
43.4848,-1.496,0.09
43.487,-1.463,0.53
43.4956,-1.4328,0.13
43.4795,-1.478,1.4
43.4939,-1.4766,4.81
43.4967,-1.4444,0.18
43.4963,-1.4698,14.35
43.5025,-1.4463,3.51
43.5069,-1.4913,
43.4904,-1.4704,0.42
43.4949,-1.469,2.35
43.4791,-1.4994,1.56
43.4943,-1.4453,3.48
43.501,-1.4382,1.37
43.5033,-1.4466,1.48
43.4868,-1.4778,1.24
43.4915,-1.4732,0.31
43.4789,-1.4956,0.99
43.489,-1.4771,
43.4917,-1.4525,
43.4887,-1.482,7.64
43.5005,-1.4681,0.69
43.4664,-1.4919,0.56
43.4954,-1.4579,27.75
43.4792,-1.4544,0.77
43.4913,-1.4696,1.05
43.4916,-1.4695,4.91
43.5078,-1.4815,0.83
43.4863,-1.4774,2.79
43.4839,-1.4749,17.81
43.4907,-1.4786,1.33
43.4885,-1.4758,27.89
43.4759,-1.4843,1.8
43.4783,-1.4683,1.51
43.481,-1.4639,1.55
43.4863,-1.4895,6.36
43.4748,-1.4777,
43.5067,-1.4603,1.1
43.4785,-1.4746,
43.4765,-1.4765,
43.4983,-1.4917,1.78
43.4746,-1.4803,
43.4662,-1.4916,0.3
43.4844,-1.4782,0.93
43.4937,-1.4575,0.37
43.4715,-1.4873,0.2
43.4884,-1.4801,0.32
43.4893,-1.4636,
43.4922,-1.4894,1.74
43.4921,-1.4705,1.57
43.4905,-1.4911,0.63
43.4984,-1.4679,4.32
43.4833,-1.4554,0.89
43.5027,-1.484,1.44
43.5073,-1.486,0.27
43.4933,-1.4608,2.27
43.4818,-1.4791,0.74
43.5033,-1.4261,1.31
43.4783,-1.4582,4.95
43.5025,-1.4506,
43.4989,-1.4595,1.87
43.486,-1.4754,1.79
43.4851,-1.473,1.46
43.4789,-1.4987,4.66
43.4904,-1.482,3.17
43.4822,-1.4965,0.49
43.4787,-1.5006,
43.5013,-1.4549,21.97
43.481,-1.4828,1.13
43.4639,-1.4972,1.67
43.4923,-1.4789,15.04
43.4863,-1.4887,1.25
43.4815,-1.4575,
43.4714,-1.492,
43.4816,-1.4938,0.62
43.476,-1.4794,0.29
43.4916,-1.4641,2.87
43.5065,-1.4588,1.37
43.4978,-1.4678,8.98
43.4846,-1.4796,19.01
43.4977,-1.4833,
43.4591,-1.4889,3.87
43.514,-1.462,2.04
43.4881,-1.4818,0.66
43.4901,-1.4816,0.21
43.4911,-1.4948,2.17
43.4834,-1.498,3.98
43.4911,-1.4598,2.55
43.5089,-1.4595,0.13
43.4784,-1.4994,29.55
43.5119,-1.4869,0.15
43.4969,-1.4805,
43.491,-1.454,3.64
43.4941,-1.4783,2.8
43.4897,-1.475,5.45
43.4946,-1.4454,5.3
43.5099,-1.4637,1.24
43.4821,-1.4944,1.06
43.492,-1.495,2.75
43.4933,-1.4791,6.31
43.4806,-1.4519,1.45
43.4977,-1.4783,1.24
43.4891,-1.4792,0.05
43.502,-1.4615,8.31
43.4996,-1.4567,
43.4923,-1.4652,0.36
43.5087,-1.488,1.47
43.4859,-1.4907,2.2
43.4831,-1.4782,4.37
43.5038,-1.4465,2.71
43.4703,-1.4883,1.28
43.4785,-1.4584,5.28
43.5023,-1.4549,1.37
43.4939,-1.4562,1.69
43.4815,-1.4552,2.08
43.5063,-1.4677,1.17
43.4908,-1.478,12.52
43.4849,-1.473,19.54
43.508,-1.465,0.84
43.4889,-1.4888,1.26
43.5018,-1.4789,7.47
43.4963,-1.472,2.28
43.4864,-1.4675,1.94
43.4912,-1.4497,1.8
43.4915,-1.4597,1.6
43.4938,-1.4681,0.46
43.4886,-1.4764,
43.5068,-1.4314,1.45
43.4981,-1.4935,4.16
43.4787,-1.4556,7.73
43.4905,-1.4593,0.05
43.4943,-1.4822,0.55
43.5047,-1.4477,0.03
43.5098,-1.482,0.63
43.4859,-1.4705,
43.4821,-1.4902,
43.5127,-1.446,1.31
43.4882,-1.4531,1.61
43.5027,-1.4529,17.31
43.4851,-1.4948,0.19
43.4863,-1.4883,0.97
43.4835,-1.4717,
43.4854,-1.4714,16.81
43.5087,-1.488,0.64
43.4859,-1.4706,
43.5002,-1.4201,0.06
43.4901,-1.4809,
43.5016,-1.4459,3.48
43.4979,-1.4552,4.89
43.5023,-1.4798,0.54
43.4966,-1.451,1.16
43.4915,-1.4929,1.05
43.4885,-1.4538,0.65
43.4932,-1.4792,5.59
43.4825,-1.4816,
43.5027,-1.4392,5.2
43.5021,-1.4771,1.17
43.4841,-1.4993,0.53
43.5021,-1.4486,13.98
43.5039,-1.4711,5.41
43.4955,-1.4794,4.0
43.4793,-1.4842,1.51
43.4858,-1.4912,1.39
43.4789,-1.4926,0.19
43.4842,-1.4462,1.54
43.4782,-1.4531,1.49
43.4926,-1.4874,1.9
43.5121,-1.4461,1.95
43.5114,-1.4409,0.38
43.497,-1.4622,2.16
43.4944,-1.4786,10.66
43.5069,-1.4534,0.01
43.5104,-1.4691,0.34
43.4802,-1.4847,0.04
43.4734,-1.4822,1.9
43.46,-1.4959,2.76
43.5,-1.4377,0.77
43.4975,-1.4276,1.95
43.4932,-1.4939,2.72
43.4801,-1.4786,1.23
43.4931,-1.4878,0.44
43.5112,-1.4885,0.59
43.492,-1.476,
43.4938,-1.4774,0.3
43.4859,-1.4734,0.44
43.4774,-1.483,
43.4859,-1.4737,1.02
43.495,-1.4636,0.38
43.5018,-1.4606,0.05
43.4922,-1.4737,22.09
43.4961,-1.4733,7.07
43.4851,-1.4917,25.84
43.4882,-1.4769,16.22
43.4773,-1.4828,27.41
43.4967,-1.4265,0.69
43.5052,-1.4462,0.58
43.492,-1.486,4.07
43.478,-1.4925,2.93
43.4799,-1.4555,1.98
43.5116,-1.4921,
43.4934,-1.4675,0.08
43.4955,-1.4533,
43.4935,-1.492,6.17
43.4808,-1.4806,16.29
43.4948,-1.4714,18.82
43.4862,-1.4708,2.03
43.5067,-1.4312,1.03
43.4838,-1.484,0.13
43.5013,-1.4542,22.67
43.4793,-1.4716,
43.5023,-1.4561,3.04
43.493,-1.4722,13.88
43.4997,-1.4563,
43.5006,-1.4366,1.74
43.4843,-1.4981,0.45
43.4948,-1.4764,
43.4946,-1.4903,1.63
43.4782,-1.4581,5.29
43.491,-1.4535,4.25
43.4908,-1.49,0.11
43.4915,-1.481,17.52
43.4806,-1.4836,0.15
43.4916,-1.4909,5.28
43.4917,-1.4814,3.6
43.4732,-1.486,1.0
43.4987,-1.4553,19.31
43.5149,-1.4606,1.07
43.5055,-1.4852,3.78
43.5074,-1.4304,2.21
43.4781,-1.4947,1.09
43.4871,-1.4854,0.55
43.5057,-1.4458,2.56
43.5124,-1.4683,4.51
43.4995,-1.482,14.34
43.4958,-1.4351,
43.4948,-1.4671,1.92
43.4808,-1.477,0.19
43.4748,-1.4905,15.62
43.4876,-1.4667,0.36
43.4822,-1.4826,2.32
43.4859,-1.4911,12.16
43.4995,-1.4347,10.88
43.4978,-1.4516,1.05
43.4975,-1.4912,2.11
43.4881,-1.4831,0.01
43.4659,-1.4837,
43.5085,-1.4866,0.58
43.4862,-1.4716,0.11
43.5056,-1.4629,0.28
43.4951,-1.4397,1.61
43.4935,-1.4772,0.48
43.4971,-1.4561,8.4
43.5,-1.4906,0.31
43.5021,-1.4536,
43.4901,-1.4725,21.09
43.4972,-1.4848,0.06
43.5066,-1.4588,1.5
43.481,-1.4707,
43.4948,-1.4821,2.02
43.4923,-1.4741,1.6
43.4843,-1.4473,11.7
43.5044,-1.4907,
43.5028,-1.4424,0.94
43.4947,-1.4693,2.61
43.509,-1.4637,1.28
43.4867,-1.4793,11.12
43.4898,-1.4738,
43.4649,-1.4849,22.19
43.4946,-1.4946,3.98
43.4803,-1.457,2.09
43.4919,-1.4616,1.22
43.5107,-1.4684,4.08
43.5046,-1.4451,3.12
43.4768,-1.4825,18.46
43.4661,-1.4922,0.04
43.5051,-1.4286,3.16
43.4976,-1.4859,2.41
43.4936,-1.4788,5.6
43.5035,-1.4238,2.74
43.4897,-1.4939,0.84
43.4954,-1.4658,1.08
43.497,-1.452,0.35
43.5016,-1.4387,1.67
43.493,-1.4488,2.05
43.4992,-1.439,13.01
43.4678,-1.4919,4.93
43.4921,-1.475,
43.5018,-1.4465,0.48
43.4875,-1.4564,0.28
43.4881,-1.4813,0.16
43.5073,-1.445,1.61
43.4915,-1.4738,0.99
43.486,-1.4909,11.79
43.4945,-1.4434,2.6
43.4776,-1.4964,
43.4837,-1.4868,1.73
43.4883,-1.4778,0.68
43.5059,-1.4586,1.59
43.4822,-1.4858,4.18
43.5004,-1.4814,0.58
43.4748,-1.485,2.03
43.5064,-1.4451,0.98
43.4877,-1.4817,1.02
43.4903,-1.4808,
43.4913,-1.4756,
43.4871,-1.4828,4.31
43.4943,-1.4625,0.74
43.4944,-1.4629,0.83
43.4843,-1.5,0.69
43.4674,-1.4918,10.28
43.4756,-1.47,
43.5007,-1.4839,
43.4811,-1.4678,3.16
43.5024,-1.4533,
43.4883,-1.4828,1.21
43.4786,-1.4735,11.59
43.5078,-1.4318,1.67
43.5003,-1.4814,0.72
43.4898,-1.4689,
43.498,-1.4525,1.15
43.5041,-1.4731,5.16
43.4983,-1.435,0.88
43.4853,-1.4709,
43.5023,-1.4666,
43.4788,-1.4552,12.25
43.4827,-1.4659,5.82
43.4962,-1.4516,0.3
43.4905,-1.4856,1.41
43.4935,-1.4555,0.56
43.4871,-1.4522,1.81
43.4819,-1.4976,4.25
43.4699,-1.4839,
43.491,-1.4909,1.62
43.499,-1.4383,2.06
43.4945,-1.4867,1.13
43.5012,-1.4491,0.69
43.4933,-1.484,0.43
43.4913,-1.4698,0.68
43.5052,-1.4289,2.74
43.51,-1.4577,1.35
43.4777,-1.4686,0.93
43.4832,-1.4687,0.19
43.4821,-1.447,8.61
43.4855,-1.4718,9.37
43.4932,-1.4729,4.69
43.4947,-1.49,1.46
43.4581,-1.4868,2.96
43.5071,-1.4797,0.81
43.5154,-1.4664,2.66
43.5017,-1.4531,23.34
43.5013,-1.4383,2.25
43.5061,-1.4738,0.98
43.5061,-1.4862,0.47
43.4952,-1.4823,0.68
43.4919,-1.4627,
43.4865,-1.4905,3.55
43.4776,-1.4942,1.46
43.501,-1.4673,1.85
43.4948,-1.4857,2.55
43.4892,-1.4575,0.14
43.4989,-1.4564,0.31
43.4862,-1.4612,5.92
43.4906,-1.4767,
43.4903,-1.4612,1.81
43.4834,-1.4959,0.98
43.4982,-1.4572,22.5
43.5069,-1.4318,1.4
43.4962,-1.4581,1.1
43.4899,-1.4788,0.38
43.4906,-1.4867,0.35
43.472,-1.4868,0.23
43.4855,-1.475,
43.4999,-1.4817,1.97
43.4952,-1.4898,0.57
43.5046,-1.448,0.42
43.4794,-1.4899,1.63
43.4971,-1.4682,11.92
43.4667,-1.491,25.05
43.4937,-1.4529,6.34
43.4861,-1.4773,18.58
43.4905,-1.4675,6.54
43.5068,-1.4552,0.05
43.4969,-1.4512,0.6
43.4967,-1.4888,2.49
43.4819,-1.4666,1.94
43.498,-1.4364,0.11
43.4919,-1.4805,
43.4996,-1.481,9.15
43.4975,-1.436,1.37
43.4784,-1.4842,5.01
43.4814,-1.4615,0.02
43.492,-1.4917,1.52
43.5076,-1.4347,0.34
43.486,-1.4779,23.68
43.4806,-1.4977,0.24
43.5045,-1.4341,1.93
43.4609,-1.4932,0.16
43.5017,-1.4777,0.43
43.487,-1.4489,1.95
43.4953,-1.46,
43.4945,-1.4809,0.11
43.4759,-1.4906,3.29
43.4968,-1.4799,
43.4973,-1.4513,22.32
43.4827,-1.477,1.35
43.4787,-1.5013,3.98
43.5086,-1.4645,0.93
43.5011,-1.4598,2.08
43.4873,-1.45,0.1
43.4989,-1.4673,0.46
43.4852,-1.4707,
43.4868,-1.4544,1.08
43.4897,-1.4922,1.59
43.4898,-1.4721,26.34
43.4814,-1.4796,1.39
43.4947,-1.4524,6.73
43.5014,-1.4574,
43.4605,-1.4952,1.42
43.4808,-1.4576,2.54
43.4961,-1.4512,2.42
43.467,-1.492,0.07
43.491,-1.4874,
43.5018,-1.4664,
43.4654,-1.4872,1.95
43.4806,-1.4708,
43.4865,-1.4755,
43.4792,-1.4842,1.4
43.4859,-1.4845,1.45
43.4787,-1.4738,24.41
43.4995,-1.4551,
43.4825,-1.4662,1.31
43.5038,-1.4904,
43.461,-1.493,0.38
43.4847,-1.4609,2.73
43.4909,-1.4537,4.43
43.4866,-1.488,1.69
43.4956,-1.4943,2.8
43.4565,-1.4855,
43.4866,-1.4878,1.8
43.4878,-1.4932,1.15
43.5047,-1.4682,0.6
43.4871,-1.4669,2.1
43.4872,-1.4854,1.01
43.4877,-1.4637,0.12
43.5024,-1.4535,
43.4783,-1.4551,2.84
43.4775,-1.4989,1.02
43.4879,-1.4911,4.43
43.5075,-1.4876,0.5
43.4994,-1.4468,1.83
43.4838,-1.4792,0.84
43.4919,-1.455,0.16
43.4835,-1.4662,6.84
43.4862,-1.4979,
43.4887,-1.477,
43.4868,-1.4764,1.53
43.505,-1.4665,0.72
43.4945,-1.4867,1.02
43.4798,-1.4783,1.62
43.485,-1.4615,1.26
43.4841,-1.4626,1.79
43.5046,-1.4482,2.57
43.4891,-1.4776,
43.484,-1.4467,1.5
43.4654,-1.4951,1.15
43.4827,-1.486,26.11
43.5018,-1.4567,2.21
43.4838,-1.476,
43.4963,-1.4848,
43.4847,-1.4717,
43.4837,-1.4992,0.95
43.4854,-1.4729,0.19
43.5121,-1.4353,0.57
43.4876,-1.4635,0.12
43.4823,-1.4946,1.0
43.4943,-1.4772,3.75
43.4965,-1.4879,15.58
43.4864,-1.4484,8.48
43.4976,-1.4615,1.8
43.4846,-1.4579,1.27
43.4784,-1.4928,2.53
43.5115,-1.4337,0.74
43.5157,-1.4596,5.55
43.5033,-1.4498,1.0
43.494,-1.4623,0.7
43.4888,-1.4691,
43.4812,-1.46,6.44
43.492,-1.4911,2.15
43.502,-1.4554,25.59
43.5027,-1.4611,0.21
43.4985,-1.4479,3.2
43.5106,-1.4914,
43.4898,-1.477,
43.502,-1.4502,0.74
43.5028,-1.4423,3.22
43.4668,-1.4842,
43.4913,-1.4797,
43.486,-1.473,0.0
43.4874,-1.4673,4.48
43.4947,-1.4686,2.69
43.4806,-1.4669,0.9
43.4766,-1.4965,3.61
43.5002,-1.48,3.84
43.478,-1.475,
43.4727,-1.4862,1.44
43.4816,-1.4626,2.78
43.5072,-1.4615,1.91
43.5025,-1.4392,2.41
43.4835,-1.4733,
43.4875,-1.4835,2.01
43.4834,-1.4906,14.4
43.4972,-1.4775,0.83
43.5012,-1.4889,
43.4822,-1.4835,0.65
43.4952,-1.4634,2.62
43.5065,-1.4915,
43.5113,-1.4872,0.09
43.4863,-1.4651,1.12
43.4994,-1.4198,0.46
43.4792,-1.4984,3.36
43.5105,-1.4296,0.26
43.4776,-1.4685,1.07
43.4889,-1.4672,0.84
43.4885,-1.4594,0.49
43.4986,-1.4596,1.65
43.507,-1.4587,1.34
43.4894,-1.4623,0.69
43.5018,-1.4809,1.17
43.4907,-1.485,2.08
43.4803,-1.4525,1.03
43.4891,-1.4663,0.45
43.5053,-1.4654,0.19
43.4912,-1.4664,
43.4887,-1.4538,0.8
43.4877,-1.4704,
43.4983,-1.4622,1.63
43.465,-1.4859,
43.5067,-1.4611,0.66
43.4925,-1.4955,2.37
43.4848,-1.4716,
43.4813,-1.4501,
43.492,-1.473,20.35
43.4767,-1.4826,9.71
43.4965,-1.4864,2.27
43.4987,-1.4613,1.22
43.4777,-1.4758,
43.4868,-1.4544,0.98
43.4788,-1.4843,1.46
43.4813,-1.4988,1.78
43.5026,-1.4528,
43.4769,-1.4714,
43.4962,-1.4844,21.95
43.485,-1.4953,0.12
43.4807,-1.4547,5.96
43.5059,-1.4836,1.5
43.4945,-1.4775,0.01
43.4795,-1.4775,0.86
43.5068,-1.4711,4.08
43.49,-1.4768,
43.5024,-1.462,0.41
43.4981,-1.4463,1.37
43.4865,-1.4673,0.4
43.4878,-1.4757,13.72
43.499,-1.449,2.07
43.4895,-1.4652,
43.4862,-1.4614,0.74
43.5069,-1.4689,0.1
43.496,-1.4379,0.03
43.4814,-1.4614,0.5
43.4862,-1.476,0.98
43.5015,-1.4459,2.78
43.5135,-1.4331,
43.4681,-1.4874,0.15
43.4922,-1.4533,0.08
43.5066,-1.4592,0.11
43.4938,-1.4644,1.02
43.4746,-1.478,
43.4993,-1.4811,1.51
43.4908,-1.4449,1.02
43.5036,-1.4847,0.63
43.4902,-1.4806,
43.4878,-1.4538,1.33
43.4844,-1.4819,1.96
43.4941,-1.4669,24.89
43.507,-1.4761,0.15
43.4838,-1.4473,0.56
43.4786,-1.5014,4.35
43.4878,-1.4602,3.3
43.4907,-1.4894,1.2
43.498,-1.484,
43.5035,-1.4655,1.52
43.4907,-1.469,
43.4541,-1.4943,3.11
43.4913,-1.4799,
43.501,-1.4382,1.44
43.4939,-1.4558,1.26
43.4831,-1.4838,1.87
43.4937,-1.4633,0.9
43.4849,-1.4911,5.47
43.4919,-1.4794,
43.5015,-1.457,26.14
43.4842,-1.4479,0.11
43.4931,-1.4541,0.31
43.504,-1.4738,5.72
43.4782,-1.453,0.99
43.4939,-1.446,1.22
43.4842,-1.4504,4.98
43.4846,-1.4892,1.51
43.4924,-1.4801,
43.4945,-1.4811,0.09
43.4822,-1.4676,
43.502,-1.439,1.26
43.5089,-1.4663,1.68
43.4823,-1.4674,16.18
43.4861,-1.4756,1.41
43.4708,-1.4918,0.13
43.5144,-1.467,0.78
43.495,-1.4849,0.38
43.4875,-1.4909,4.06
43.4976,-1.4229,0.87
43.5092,-1.4868,0.25
43.4829,-1.4842,2.89
43.4939,-1.4778,0.34
43.4792,-1.5003,1.22
43.4858,-1.4719,2.12
43.4937,-1.4785,0.66
43.4886,-1.4546,2.09
43.4661,-1.4838,
43.4869,-1.4685,0.47
43.4812,-1.4675,2.56
43.4936,-1.4766,0.39
43.5113,-1.4324,0.17
43.4956,-1.4851,0.41
43.49,-1.479,8.94
43.4662,-1.4839,
43.4833,-1.4958,2.11
43.4898,-1.4783,18.81
43.4996,-1.4557,
43.491,-1.4758,
43.4809,-1.4615,1.8
43.4894,-1.4554,1.65
43.4864,-1.4927,0.84
43.4822,-1.4714,
43.4895,-1.488,0.84
43.4685,-1.4954,19.07
43.4902,-1.4677,9.22
43.4927,-1.4765,1.4
43.4799,-1.4739,27.49
43.4861,-1.4662,0.96
43.4839,-1.4713,
43.4849,-1.4815,2.05
43.4874,-1.4925,0.0
43.491,-1.4541,2.24
43.4966,-1.494,2.8
43.5008,-1.4571,13.16
43.4916,-1.4596,4.08
43.488,-1.4787,
43.4921,-1.495,1.07
43.4797,-1.5007,0.05
43.5013,-1.456,
43.4865,-1.4677,1.64
43.4906,-1.4932,0.44
43.5134,-1.4366,2.26
43.5026,-1.4428,1.27
43.491,-1.4872,29.47
43.5023,-1.4788,4.76
43.5057,-1.4614,1.13
43.4945,-1.4885,14.97
43.502,-1.4472,4.22
43.4799,-1.4743,1.5
43.4895,-1.4782,1.32
43.4977,-1.4893,0.53
43.5024,-1.4564,0.23
43.491,-1.4533,8.61
43.509,-1.4675,12.85
43.5121,-1.4859,5.45
43.4845,-1.4747,
43.4784,-1.4744,
43.4759,-1.4824,0.68
43.4697,-1.493,2.03
43.5059,-1.4567,0.3
43.5049,-1.4602,
43.493,-1.4885,1.64
43.5057,-1.4459,0.19
43.4969,-1.4635,1.34
43.487,-1.4568,1.92
43.4827,-1.4529,3.64
43.4836,-1.4547,0.95
43.4616,-1.4909,2.74
43.4958,-1.4893,1.29
43.4833,-1.4466,0.08
43.4917,-1.4641,4.65
43.4982,-1.4484,3.02
43.503,-1.4668,
43.4828,-1.4881,
43.494,-1.4537,0.23
43.4841,-1.4568,1.19
43.4673,-1.4908,0.16
43.4661,-1.4959,2.16
43.5063,-1.4714,0.54
43.5109,-1.4857,1.26
43.4992,-1.489,0.18
43.4824,-1.4824,2.93
43.5033,-1.4504,
43.5003,-1.4201,0.06
43.4653,-1.4926,0.13
43.4962,-1.4781,
43.4893,-1.4797,
43.4931,-1.4685,
43.484,-1.4997,3.25
43.485,-1.4919,
43.4522,-1.4938,2.13
43.4929,-1.4523,
43.48,-1.4506,0.98
43.4929,-1.4669,1.28
43.5016,-1.439,0.94
43.488,-1.4539,0.27
43.4894,-1.4686,
43.506,-1.4558,2.38
43.497,-1.4889,17.92
43.4857,-1.4725,0.75
43.5108,-1.4639,0.84
43.4945,-1.4787,1.19
43.4755,-1.4905,1.93
43.4957,-1.4821,0.6
43.4965,-1.486,2.19
43.5077,-1.4862,0.31
43.501,-1.4828,0.63
43.4934,-1.4607,1.54
43.4894,-1.4911,1.41
43.4848,-1.4814,1.52
43.4877,-1.4601,3.57
43.4915,-1.4887,0.34
43.5112,-1.4429,0.4
43.5091,-1.4816,1.45
43.495,-1.4758,
43.489,-1.4537,0.4
43.4763,-1.4795,0.92
43.4838,-1.4747,9.64
43.4883,-1.4598,2.44
43.4867,-1.483,3.92
43.4873,-1.4592,2.03
43.507,-1.4583,12.16
43.5116,-1.4872,0.3
43.4844,-1.4802,0.24
43.499,-1.4677,
43.4871,-1.481,10.86
43.4832,-1.4771,3.87
43.4891,-1.4821,9.82
43.4928,-1.488,3.08
43.4756,-1.4714,
43.4962,-1.4346,1.49
43.497,-1.4863,1.55
43.4946,-1.4894,1.77
43.5096,-1.4723,1.89
43.5,-1.4655,1.36
43.4615,-1.4915,3.19
43.5038,-1.4837,0.86
43.5045,-1.4462,1.32
43.5017,-1.4584,0.14
43.4842,-1.4983,0.6
43.4812,-1.4582,20.23
43.482,-1.4835,1.04
43.5044,-1.4665,2.43
43.5092,-1.4881,0.06
43.4958,-1.4943,2.56
43.4807,-1.4856,0.18
43.4839,-1.4835,0.33
43.4783,-1.4744,
43.5,-1.4673,
43.495,-1.4644,1.11
43.4857,-1.4916,1.79
43.4861,-1.4903,1.46
43.4907,-1.4599,0.76
43.4913,-1.4571,1.35
43.4725,-1.4823,
43.489,-1.4752,10.27
43.4805,-1.5022,1.59
43.4808,-1.4509,2.26
43.4885,-1.478,15.73
43.5076,-1.4673,3.51
43.4975,-1.4784,2.43
43.4913,-1.4747,0.34
43.4784,-1.5005,23.05
43.4989,-1.456,0.07
43.4817,-1.4617,1.02
43.4903,-1.4791,0.58
43.4932,-1.4516,0.04
43.4959,-1.4716,1.82
43.4773,-1.4942,0.8
43.4805,-1.4602,7.28
43.4809,-1.4804,2.64
43.4908,-1.4816,2.6
43.5118,-1.4873,3.08
43.4776,-1.476,
43.4868,-1.487,1.79
43.4946,-1.4638,0.71
43.4789,-1.4946,0.06
43.5,-1.4546,1.81
43.4926,-1.4942,4.2
43.4811,-1.4917,3.58
43.4926,-1.4712,14.2
43.4861,-1.4903,3.22
43.4845,-1.4751,0.01
43.4653,-1.495,8.49
43.4975,-1.4827,4.82
43.4898,-1.4742,
43.4931,-1.4919,
43.477,-1.4914,1.11
43.4934,-1.4805,6.7
43.49,-1.4802,
43.4997,-1.4384,1.33
43.5007,-1.4678,0.61
43.4909,-1.4719,3.91
43.492,-1.4772,3.83
43.4881,-1.461,1.66
43.4908,-1.4784,1.52
43.4789,-1.5007,
43.498,-1.467,1.86
43.4853,-1.4875,1.29
43.4863,-1.4735,4.09
43.4884,-1.4651,9.01
43.4919,-1.4527,
43.4859,-1.4918,3.97
43.4797,-1.485,
43.483,-1.4911,1.21
43.4829,-1.4788,0.41
43.499,-1.4356,0.31
43.4756,-1.4693,29.47
43.4937,-1.4799,3.04
43.4845,-1.4716,
43.4948,-1.4667,0.88
43.4824,-1.4657,2.32
43.4824,-1.4947,0.82
43.4839,-1.4613,1.75
43.4802,-1.5011,3.79
43.4939,-1.4753,
43.5044,-1.465,0.87
43.4998,-1.4346,
43.5029,-1.4756,0.15
43.4895,-1.4734,
43.4907,-1.4637,0.66
43.4783,-1.4466,2.85
43.5079,-1.4675,0.37
43.4916,-1.4545,2.29
43.4919,-1.4654,0.14
43.506,-1.4706,1.13
43.4806,-1.4667,1.87
43.4815,-1.4554,1.72
43.4817,-1.4951,1.71
43.4937,-1.4586,0.57
43.4789,-1.4974,1.24
43.4886,-1.4593,1.06
43.4806,-1.4575,1.83
43.4794,-1.4538,0.81
43.4951,-1.4681,
43.4949,-1.4668,0.09
43.4799,-1.4776,2.32
43.4926,-1.4615,1.13
43.4894,-1.4707,
43.4976,-1.4399,
43.4591,-1.484,
43.4961,-1.4358,0.49
43.4757,-1.4782,
43.4901,-1.4723,22.01
43.4853,-1.4946,0.31
43.4935,-1.4653,1.08
43.495,-1.4651,0.93
43.4941,-1.4782,4.04
43.5,-1.4463,2.1
43.4998,-1.4585,1.57
43.4907,-1.463,1.57
43.4921,-1.4894,1.66
43.4881,-1.4609,3.3
43.4907,-1.4923,0.82
43.4921,-1.4738,
43.4838,-1.4746,0.41
43.4925,-1.4767,0.07
43.4507,-1.4951,3.31
43.4894,-1.4591,0.29
43.4898,-1.4791,8.85
43.4895,-1.4572,1.41
43.5009,-1.4525,
43.497,-1.4382,1.61
43.4819,-1.4863,0.41
43.5016,-1.4566,9.33
43.496,-1.4882,16.17
43.4768,-1.4913,2.45
43.4871,-1.4762,0.46
43.4821,-1.4656,1.59
43.5011,-1.455,
43.4758,-1.4818,1.74
43.4876,-1.4941,0.02
43.4951,-1.46,
43.4863,-1.4664,1.82
43.4993,-1.4889,12.44
43.4794,-1.4738,0.69
43.4997,-1.4549,24.88
43.4806,-1.4469,1.75
43.4956,-1.4326,0.19
43.4911,-1.4883,1.51
43.4902,-1.4717,0.4
43.4813,-1.4604,3.71
43.4782,-1.4745,
43.4712,-1.4837,
43.4829,-1.4778,0.47
43.4967,-1.4555,0.83
43.4881,-1.4824,25.02
43.511,-1.4641,16.81
43.5112,-1.4348,0.64
43.4838,-1.4831,0.21
43.5024,-1.4686,1.78
43.4887,-1.4797,1.66
43.4772,-1.4827,15.86
43.5034,-1.4846,0.76
43.5067,-1.4661,1.08
43.5078,-1.4674,0.53
43.4814,-1.4951,1.12
43.4924,-1.4714,3.39
43.4968,-1.4357,0.18
43.4949,-1.4406,1.27
43.4812,-1.4847,1.06
43.4975,-1.4678,2.58
43.4883,-1.4926,1.07
43.4764,-1.4868,1.01
43.5002,-1.465,29.2
43.4849,-1.4826,12.29
43.4948,-1.4674,1.5
43.5103,-1.4682,1.49
43.5007,-1.4496,0.02
43.4925,-1.4892,0.53
43.5076,-1.4809,0.51
43.4811,-1.4844,0.42
43.4968,-1.4261,0.47
43.4924,-1.4753,
43.4772,-1.4828,20.17
43.4891,-1.468,1.55
43.4861,-1.4919,0.51
43.502,-1.447,0.48
43.4931,-1.4723,23.75
43.4798,-1.4853,25.22
43.4666,-1.4932,3.95
43.4781,-1.4524,0.31
43.495,-1.4674,0.82
43.4956,-1.4395,0.14
43.483,-1.4783,3.74
43.4877,-1.4744,2.16
43.5026,-1.4563,2.38
43.475,-1.4847,0.29
43.501,-1.4786,0.77
43.4838,-1.4834,0.25
43.4764,-1.4837,0.56
43.4987,-1.4903,1.8
43.508,-1.4324,1.46
43.4984,-1.4195,0.81
43.4914,-1.4853,0.73
43.5108,-1.4314,0.06
43.4889,-1.462,1.26
43.4811,-1.4663,0.81
43.4896,-1.4709,
43.4953,-1.4612,1.87
43.4976,-1.4857,0.44
43.4838,-1.4753,
43.4757,-1.4757,
43.4958,-1.4943,4.25
43.4835,-1.4891,14.33
43.4911,-1.4725,0.03
43.4779,-1.4545,6.65
43.507,-1.4719,0.23
43.4803,-1.4846,0.31
43.4902,-1.4676,11.36
43.4927,-1.4737,14.99
43.5015,-1.4581,29.84
43.4934,-1.4565,0.65
43.5006,-1.4372,0.31
43.505,-1.4909,
43.511,-1.4652,0.76
43.4909,-1.4732,0.34
43.4975,-1.4495,2.11
43.4956,-1.463,0.73
43.4888,-1.4619,0.82
43.4934,-1.4796,11.54
43.4816,-1.4787,1.14
43.5021,-1.4816,4.22
43.4795,-1.4995,
43.4773,-1.4838,13.8
43.4812,-1.4827,1.61
43.4854,-1.4992,3.43
43.4878,-1.4738,6.19
43.4906,-1.4541,
43.501,-1.4478,
43.4805,-1.4833,1.93
43.5082,-1.4339,0.45
43.4951,-1.4672,1.68
43.4866,-1.4881,1.62
43.51,-1.4638,1.5
43.4769,-1.4864,0.23
43.4904,-1.4845,0.78
43.4908,-1.4933,0.63
43.4941,-1.483,5.17
43.4801,-1.4568,0.68
43.4669,-1.4917,1.09
43.4689,-1.4839,
43.4948,-1.4776,25.87
43.4806,-1.4576,1.24
43.5107,-1.469,1.14
43.4942,-1.4598,0.81
43.492,-1.4761,
43.4827,-1.4683,1.14
43.485,-1.4723,0.68
43.4874,-1.4567,2.21
43.4972,-1.4879,1.61
43.4907,-1.4546,1.24
43.4923,-1.4617,18.86
43.4911,-1.4915,1.04
43.4791,-1.4589,2.35
43.5013,-1.458,
43.4785,-1.4948,1.28
43.4909,-1.4933,1.93
43.4853,-1.4936,0.83
43.4807,-1.4801,0.77
43.4996,-1.4547,
43.5022,-1.4443,0.95
43.4778,-1.4686,0.64
43.4862,-1.4736,4.54
43.4808,-1.4513,1.62
43.5025,-1.4677,0.06
43.4653,-1.4843,20.68
43.4914,-1.4786,0.63
43.493,-1.4642,0.92
43.4788,-1.5047,9.02
43.484,-1.4512,6.81
43.4963,-1.4706,3.67
43.5023,-1.4663,
43.5063,-1.4623,0.1
43.4956,-1.4866,1.07
43.4797,-1.4924,0.76
43.5124,-1.4354,0.92
43.4924,-1.468,
43.507,-1.4628,0.45
43.4767,-1.4528,7.78
43.4967,-1.4445,0.28
43.4783,-1.4935,6.2
43.4812,-1.4816,4.22
43.4892,-1.4791,0.49
43.4892,-1.4685,
43.4981,-1.4179,0.09
43.494,-1.4812,4.23
43.502,-1.4785,2.25
43.4992,-1.4609,1.33
43.512,-1.4873,2.73
43.4952,-1.46,
43.482,-1.5001,2.45
43.5052,-1.4653,0.32
43.5004,-1.4564,1.32
43.491,-1.4754,
43.4909,-1.477,
43.4951,-1.4799,0.8
43.4851,-1.4715,
43.4886,-1.4553,0.8
43.4908,-1.4713,1.25
43.5065,-1.4454,0.57
43.4691,-1.4933,1.4
43.4836,-1.4455,1.65
43.4837,-1.4468,2.5
43.4999,-1.462,1.83
43.4813,-1.459,4.83
43.4908,-1.4895,2.7
43.4944,-1.4861,0.97
43.4801,-1.4837,2.32
43.4584,-1.488,2.6
43.4943,-1.4688,0.06
43.502,-1.461,3.69
43.4934,-1.4885,1.84
43.5034,-1.4689,0.75
43.4988,-1.4407,
43.4809,-1.4771,0.03
43.4985,-1.4614,0.25
43.5017,-1.4561,20.55
43.4924,-1.4743,16.88
43.4954,-1.4665,1.28
43.4877,-1.4665,0.31
43.4867,-1.4935,2.25
43.5137,-1.4358,3.86
43.4926,-1.4678,
43.4899,-1.4931,1.71
43.4952,-1.4656,0.17
43.4848,-1.4753,0.22
43.4985,-1.456,1.88
43.4871,-1.4627,0.85
43.4826,-1.4834,0.28
43.4835,-1.4462,1.61
43.5,-1.4541,3.99
43.4893,-1.4724,
43.497,-1.4767,3.1
43.4739,-1.4856,0.81
43.5005,-1.4564,2.95
43.4837,-1.4829,0.05
43.5109,-1.44,0.5
43.4894,-1.4591,1.68
43.5106,-1.4685,4.08
43.4972,-1.46,3.3
43.4616,-1.4914,3.64
43.4942,-1.4686,0.07
43.5002,-1.4536,0.32
43.4931,-1.4948,1.28
43.4979,-1.491,2.48
43.5034,-1.4652,3.32
43.5074,-1.4686,0.23
43.475,-1.4849,0.56
43.4751,-1.4906,16.25
43.4639,-1.4977,2.11
43.5026,-1.4388,0.33
43.508,-1.438,1.02
43.4789,-1.4672,0.83
43.4628,-1.496,1.83
43.4869,-1.4696,1.59
43.5056,-1.444,1.59
43.4796,-1.4817,0.92
43.5071,-1.4608,1.67
43.4804,-1.5039,0.08
43.4827,-1.477,1.3
43.5004,-1.4912,0.69
43.4843,-1.4981,0.2
43.493,-1.4672,1.26
43.4773,-1.4837,24.92
43.49,-1.4712,1.54
43.479,-1.4555,0.47
43.4904,-1.4552,4.62
43.4908,-1.4748,0.21
43.5049,-1.484,0.19
43.4913,-1.46,2.11
43.4697,-1.4936,
43.4863,-1.4658,1.37
43.4826,-1.4657,6.95
43.5007,-1.4813,0.52
43.4841,-1.4506,0.64
43.5104,-1.4713,0.23
43.492,-1.4772,7.63
43.4995,-1.4793,1.77
43.4926,-1.4664,2.26
43.4974,-1.4667,0.73
43.5053,-1.4709,0.27
43.5009,-1.4829,0.92
43.4822,-1.4715,
43.4929,-1.4542,0.11
43.4759,-1.4958,2.51
43.4962,-1.4801,
43.4765,-1.4808,2.72
43.4972,-1.489,0.87
43.4888,-1.4658,0.6
43.493,-1.4602,0.49
43.502,-1.4682,0.89
43.4952,-1.4626,0.66
43.5096,-1.468,5.37
43.499,-1.46,0.99
43.494,-1.4524,2.2
43.4947,-1.4807,
43.4912,-1.4868,2.4
43.5083,-1.4656,1.93
43.4871,-1.4702,21.25
43.5092,-1.4591,0.18
43.4866,-1.4637,2.25
43.5079,-1.4675,0.41
43.5061,-1.4672,0.5
43.5015,-1.4391,0.57
43.4937,-1.465,1.22
43.5038,-1.4226,1.21
43.4819,-1.4582,0.2
43.5002,-1.4815,0.5
43.4968,-1.463,0.35
43.4887,-1.4838,1.05
43.4983,-1.4568,20.07
43.4913,-1.4727,1.24
43.4939,-1.453,5.55
43.51,-1.4682,0.68
43.4966,-1.4862,2.06
43.4896,-1.4792,8.16
43.4809,-1.4507,0.1
43.493,-1.4541,0.48
43.4806,-1.5007,1.31
43.4974,-1.4679,2.53
43.4814,-1.4569,
43.4888,-1.4686,
43.4905,-1.4741,
43.4952,-1.4822,4.65
43.4827,-1.4559,0.93
43.4783,-1.4463,3.37
43.4898,-1.4513,0.54
43.4962,-1.4874,10.15
43.484,-1.4697,4.33
43.4926,-1.4765,1.1
43.5121,-1.4712,0.09
43.4945,-1.481,0.12
43.506,-1.456,0.31
43.4929,-1.4601,1.13
43.4902,-1.4708,0.68
43.4879,-1.4737,2.53
43.493,-1.4518,0.64
43.4843,-1.4889,1.23
43.4797,-1.4533,0.96
43.4907,-1.4597,0.49
43.4788,-1.4926,0.59
43.4898,-1.4594,2.0
43.4934,-1.4884,3.01
43.497,-1.4872,2.54
43.4932,-1.4933,27.99
43.4986,-1.4859,
43.4959,-1.4655,1.22
43.5071,-1.4329,0.33
43.5014,-1.4891,
43.4889,-1.4629,
43.492,-1.4806,14.21
43.4941,-1.4582,1.48
43.4834,-1.4691,0.76
43.463,-1.4959,2.42
43.4878,-1.482,1.24
43.4799,-1.4784,0.9
43.4686,-1.4956,1.86
43.488,-1.4969,
43.4918,-1.4443,1.98
43.49,-1.4753,
43.502,-1.4669,
43.5059,-1.4755,1.08
43.4949,-1.4757,
43.4754,-1.4524,19.04
43.5104,-1.4656,0.65
43.4996,-1.4675,
43.4873,-1.4613,
43.485,-1.4952,3.72
43.4897,-1.4749,0.96
43.484,-1.4767,0.23
43.483,-1.4791,1.69
43.4964,-1.4595,
43.4962,-1.4444,3.7
43.4943,-1.4702,
43.5065,-1.4912,
43.4978,-1.4792,1.78
43.5006,-1.4812,1.68
43.4725,-1.4838,
43.489,-1.4661,0.18
43.5044,-1.4353,1.53
43.4678,-1.4847,
43.5033,-1.4492,2.26
43.4608,-1.496,2.48
43.4831,-1.5006,2.58
43.4686,-1.4937,1.15
43.5032,-1.4637,0.86
43.4672,-1.4905,1.09
43.4786,-1.499,
43.4993,-1.4549,28.71
43.4648,-1.4873,22.86
43.5101,-1.4913,
43.4889,-1.4732,
43.5067,-1.4858,0.03
43.5,-1.4668,0.92
43.4861,-1.4772,17.29
43.4911,-1.4692,
43.5129,-1.446,2.18
43.482,-1.4582,7.11
43.4836,-1.4765,17.55
43.4935,-1.4795,12.57
43.493,-1.4513,0.7
43.4995,-1.4509,2.46
43.5044,-1.4275,2.25
43.4801,-1.4747,1.12
43.4538,-1.4944,1.95
43.4666,-1.4911,10.71
43.4927,-1.4626,0.02
43.4798,-1.4983,2.23
43.5069,-1.4722,1.28
43.4952,-1.4573,1.28
43.496,-1.4376,3.33
43.4742,-1.4831,2.7
43.49,-1.493,0.47
43.4879,-1.4747,3.96
43.483,-1.4687,0.15
43.4942,-1.4675,1.75
43.4929,-1.4657,2.55
43.5092,-1.4679,1.56
43.4826,-1.486,19.03
43.4912,-1.4599,4.34
43.4754,-1.4707,
43.5038,-1.4508,3.31
43.4921,-1.4785,2.67
43.4933,-1.4501,1.9
43.4812,-1.4587,2.79
43.5005,-1.4921,0.83
43.5064,-1.4681,1.96
43.4791,-1.4656,2.81
43.4904,-1.4711,1.0
43.4946,-1.4687,1.35
43.4918,-1.4632,1.13
43.5037,-1.4694,3.84
43.4883,-1.4765,0.53
43.5092,-1.4439,2.44
43.4892,-1.4741,
43.4935,-1.4738,
43.492,-1.4714,0.25
43.4933,-1.4616,3.26
43.4823,-1.4966,1.75
43.5073,-1.4297,0.21
43.5035,-1.4376,1.18
43.4916,-1.4784,2.34
43.4966,-1.4898,2.19
43.4931,-1.4602,1.79
43.4918,-1.4569,1.93
43.4842,-1.4569,1.16
43.4687,-1.4949,21.77
43.4845,-1.4973,0.51
43.4985,-1.4813,
43.4757,-1.4844,1.47
43.4901,-1.4918,0.0
43.4994,-1.4641,0.19
43.4953,-1.4702,8.2
43.4926,-1.4901,1.01
43.4883,-1.4932,1.26
43.4921,-1.475,
43.4834,-1.4884,
43.4952,-1.4579,
43.4951,-1.4381,3.93
43.5124,-1.4703,1.27
43.5016,-1.465,
43.4819,-1.4871,0.64
43.4983,-1.4801,2.51
43.4756,-1.4693,26.91
43.5002,-1.4534,0.58
43.5004,-1.4883,
43.5064,-1.4579,0.49
43.4925,-1.4519,
43.4934,-1.479,6.38
43.4979,-1.4562,
43.5017,-1.481,7.86
43.4792,-1.4739,1.01
43.4965,-1.4364,1.66
43.5037,-1.4231,3.94
43.4993,-1.4369,0.36
43.4889,-1.4686,
43.4648,-1.4828,
43.5051,-1.4464,2.22
43.4942,-1.4878,1.06
43.4999,-1.4651,1.85
43.4953,-1.4612,1.81
43.4884,-1.4801,0.68
43.5067,-1.431,0.17
43.4949,-1.4662,9.36
43.4905,-1.4921,0.93
43.4762,-1.4802,1.94
43.4846,-1.4915,
43.4808,-1.4933,0.74
43.4978,-1.4515,1.78
43.4873,-1.4879,2.42
43.5074,-1.4605,1.34
43.4885,-1.4557,0.13
43.491,-1.46,5.55
43.4972,-1.4772,2.06
43.4793,-1.5009,1.49
43.5025,-1.4507,
43.4878,-1.4819,0.77
43.5083,-1.4848,1.24
43.4854,-1.4916,2.03
43.5035,-1.4467,2.94
43.4825,-1.4859,23.26
43.5111,-1.4914,
43.466,-1.4955,1.19
43.4863,-1.4737,3.59
43.4873,-1.483,3.73
43.4833,-1.4472,2.74
43.466,-1.4923,0.32
43.4989,-1.4884,0.48
43.4836,-1.4972,2.83
43.4852,-1.4847,2.03
43.4925,-1.4919,0.59
43.4885,-1.4762,14.82
43.494,-1.4796,7.15
43.5107,-1.4311,0.0
43.4931,-1.4615,0.05
43.4889,-1.4779,
43.4601,-1.4958,2.05
43.4914,-1.4763,28.77
43.4816,-1.4877,2.65
43.4922,-1.4751,
43.5019,-1.4524,
43.5067,-1.4719,0.17
43.4838,-1.4835,0.76
43.481,-1.4634,4.11
43.513,-1.4355,1.55
43.4786,-1.4585,5.19
43.489,-1.4723,1.81
43.4811,-1.4804,0.96
43.4909,-1.4542,1.39
43.4999,-1.456,1.34
43.4779,-1.5015,2.28
43.4858,-1.4731,0.6
43.4936,-1.4506,3.02
43.4897,-1.4759,
43.4785,-1.4986,1.98
43.4918,-1.4699,2.37
43.4742,-1.4808,
43.5106,-1.4348,0.52
43.4882,-1.4647,0.38
43.4933,-1.4773,0.22
43.5013,-1.4553,22.84
43.4931,-1.4521,0.43
43.4792,-1.5012,1.5
43.4969,-1.4764,5.03
43.489,-1.4964,
43.4977,-1.4792,12.51
43.4597,-1.4955,0.81
43.4924,-1.4703,
43.4898,-1.4684,16.73
43.4894,-1.4907,2.38
43.4788,-1.4735,0.78
43.4964,-1.4368,0.65
43.4822,-1.4857,3.21
43.4942,-1.4445,0.85
43.4978,-1.4833,
43.481,-1.4994,2.23
43.4809,-1.4607,5.57
43.4896,-1.4714,
43.5079,-1.4811,1.71
43.4805,-1.452,1.52
43.4884,-1.4726,5.77
43.4909,-1.4815,2.48
43.4881,-1.4528,2.51
43.51,-1.4659,0.02
43.5018,-1.4556,14.5
43.4989,-1.4494,2.44
43.4936,-1.4774,2.37
43.491,-1.4688,20.51
43.4923,-1.4807,3.2
43.4922,-1.4616,8.92
43.4904,-1.455,1.7
43.4888,-1.4738,
43.4611,-1.4898,3.28
43.4827,-1.4985,0.97
43.4859,-1.474,0.73
43.4855,-1.4924,1.55
43.4843,-1.4478,1.34
43.4816,-1.4999,2.12
43.4971,-1.4681,2.18
43.4845,-1.4592,0.46
43.4927,-1.4917,0.8
43.4917,-1.4932,0.99
43.4915,-1.4596,2.32
43.4866,-1.4827,10.77
43.4864,-1.4887,3.01
43.4588,-1.4886,5.97
43.48,-1.5012,3.24
43.4817,-1.4682,0.86
43.4753,-1.4841,2.15
43.5109,-1.4858,0.48
43.4895,-1.4623,0.43
43.4962,-1.4523,
43.4892,-1.474,
43.4755,-1.4692,16.3
43.5027,-1.447,0.99
43.5032,-1.4529,1.23
43.5052,-1.4652,0.39
43.5023,-1.4431,0.02
43.4932,-1.4672,0.91
43.4793,-1.504,2.9
43.4959,-1.4713,0.8
43.4836,-1.4546,0.86
43.4913,-1.4535,1.31
43.4943,-1.479,2.03
43.4859,-1.4752,16.65
43.5023,-1.4785,0.53
43.4768,-1.4714,
43.5075,-1.4807,1.28
43.4909,-1.4782,12.45
43.4816,-1.4583,2.84
43.4885,-1.4796,0.11
43.4988,-1.4565,0.4
43.4902,-1.4824,0.48
43.4815,-1.4951,0.99
43.4872,-1.4941,1.18
43.4922,-1.4702,28.91
43.4936,-1.4936,13.98
43.4911,-1.4485,3.65
43.4566,-1.4857,
43.4915,-1.4779,0.21
43.4975,-1.4299,0.99
43.4927,-1.4913,1.55
43.4993,-1.4591,1.53
43.4954,-1.4582,29.26
43.509,-1.433,0.63
43.4999,-1.4557,1.19
43.5019,-1.4206,1.17
43.4929,-1.4637,2.16
43.5076,-1.463,0.1
43.5099,-1.4578,0.3
43.4872,-1.4829,0.33
43.4935,-1.4555,1.68
43.4814,-1.4938,1.91
43.496,-1.4847,1.77
43.496,-1.4378,0.25
43.4828,-1.4684,0.85
43.4845,-1.4751,0.03
43.5019,-1.4544,
43.4858,-1.4739,1.55
43.4635,-1.4816,
43.4952,-1.4335,1.57
43.4931,-1.4599,1.76
43.4873,-1.4744,2.52
43.4944,-1.4918,13.39
43.5077,-1.481,0.4
43.4928,-1.4554,0.34
43.4818,-1.454,1.81
43.4914,-1.4945,1.04
43.4964,-1.4784,
43.4931,-1.4919,
43.4816,-1.4862,1.37
43.4939,-1.4659,13.27
43.4999,-1.4925,2.62
43.487,-1.4755,
43.4802,-1.4569,0.57
43.4871,-1.4585,1.53
43.4927,-1.4918,0.8
43.4772,-1.4832,
43.4954,-1.4688,
43.4915,-1.4638,4.32
43.465,-1.4873,2.01
43.4846,-1.4743,
43.5084,-1.4336,0.88
43.4937,-1.4698,
43.5029,-1.4633,0.5
43.5136,-1.4674,0.42
43.4939,-1.4767,1.87
43.4876,-1.4832,1.18
43.4833,-1.4873,17.0
43.4952,-1.4411,1.18
43.4826,-1.4985,0.09
43.4903,-1.4555,5.39
43.4825,-1.4833,0.58
43.4936,-1.4651,1.27
43.4924,-1.4955,2.57
43.4876,-1.4838,2.87
43.4999,-1.4505,1.13
43.4828,-1.4787,0.94
43.4877,-1.483,1.5
43.506,-1.4712,1.0
43.4905,-1.466,
43.5018,-1.4577,0.53
43.4772,-1.4836,
43.5039,-1.4741,5.45
43.4956,-1.4804,0.46
43.4962,-1.4895,0.0
43.5008,-1.4671,0.63
43.4943,-1.4787,12.73
43.5095,-1.4728,0.95
43.479,-1.4843,1.55
43.4667,-1.4914,1.47
43.4926,-1.4787,2.36
43.5024,-1.4435,0.1
43.4891,-1.4742,
43.4928,-1.4546,2.29
43.5054,-1.4646,0.61
43.4943,-1.4662,27.32
43.4939,-1.4933,12.27
43.4861,-1.4826,9.11
43.503,-1.4901,
43.4785,-1.4923,0.32
43.4788,-1.4999,
43.4869,-1.4764,2.84
43.4904,-1.4715,1.25
43.4763,-1.4969,1.7
43.5052,-1.4708,0.06
43.4904,-1.4632,2.7
43.5067,-1.4788,1.02
43.4864,-1.4755,
43.5049,-1.4283,0.02
43.4913,-1.4928,0.69
43.4798,-1.4782,0.64
43.482,-1.4581,0.98
43.5007,-1.4831,0.49
43.4871,-1.482,
43.4972,-1.4804,
43.4978,-1.4286,0.26
43.495,-1.4796,0.46
43.4936,-1.46,0.59
43.4857,-1.4727,0.57
43.4945,-1.4799,
43.4937,-1.4581,1.17
43.4932,-1.4619,0.82
43.5012,-1.4838,
43.4639,-1.498,2.04
43.4915,-1.4731,0.59
43.4945,-1.4783,18.75
43.4794,-1.5032,0.5
43.489,-1.462,1.02
43.4916,-1.486,0.99
43.4937,-1.4758,18.93
43.4798,-1.45,13.54
43.4872,-1.4511,1.38
43.4903,-1.4704,15.07
43.4809,-1.4989,1.01
43.4791,-1.4996,1.46
43.4998,-1.4357,1.19
43.4963,-1.469,0.76
43.492,-1.4645,2.47
43.4867,-1.4836,1.97
43.4917,-1.483,2.85
43.468,-1.4874,0.04
43.4797,-1.5004,0.77
43.4842,-1.447,1.86
43.5111,-1.4426,1.81
43.4944,-1.4679,2.56
43.5056,-1.4315,0.7
43.4887,-1.4657,1.12
43.5032,-1.4751,1.72
43.4669,-1.4832,
43.4788,-1.4731,26.6
43.4805,-1.4518,0.28
43.4941,-1.486,1.36
43.4857,-1.4722,2.21
43.4842,-1.4902,17.09
43.4895,-1.479,0.39
43.5054,-1.4909,
43.5114,-1.4329,0.16
43.4783,-1.4987,1.06
43.4928,-1.4615,0.4
43.4832,-1.4958,2.16
43.4763,-1.4909,3.25
43.4783,-1.4929,1.5
43.4967,-1.4444,0.59
43.5077,-1.4639,0.92
43.4811,-1.4809,3.05
43.5094,-1.4881,0.01
43.4821,-1.4665,0.51
43.4761,-1.4774,
43.495,-1.4629,0.39
43.5029,-1.4687,1.99
43.4837,-1.5006,0.62
43.4826,-1.4911,1.85
43.4925,-1.4615,1.54
43.4842,-1.4983,0.43
43.4829,-1.4909,4.05
43.4973,-1.4835,29.07
43.4816,-1.4844,0.59
43.4903,-1.4822,12.06
43.4773,-1.4869,0.1
43.4904,-1.4678,3.06
43.4779,-1.4928,0.88
43.487,-1.4865,2.32
43.509,-1.488,0.02
43.4938,-1.4529,7.55
43.494,-1.4935,25.8
43.4918,-1.4638,0.52
43.4945,-1.476,
43.4949,-1.471,6.16
43.496,-1.4759,
43.4966,-1.4443,1.11
43.4792,-1.4848,16.45
43.5031,-1.4255,1.83
43.4942,-1.4529,6.51
43.4914,-1.4816,3.04
43.4975,-1.4391,13.36
43.4973,-1.4452,1.42
43.5071,-1.464,0.79
43.4663,-1.4963,1.1
43.4665,-1.4949,1.99
43.5028,-1.452,11.74
43.4932,-1.4803,11.04
43.4965,-1.436,1.33
43.4888,-1.4581,1.78
43.4881,-1.4599,1.88
43.5008,-1.4817,12.98
43.5042,-1.4657,1.58
43.506,-1.4446,1.58
43.5032,-1.4519,0.12
43.4972,-1.4244,0.33
43.4853,-1.4706,
43.4761,-1.4793,0.39
43.4809,-1.4754,0.58
43.486,-1.4777,6.03
43.488,-1.4905,1.23
43.4945,-1.4894,1.48
43.4764,-1.4955,1.83
43.5048,-1.4665,0.45
43.4937,-1.4517,0.25
43.4802,-1.4787,0.85
43.4883,-1.4758,11.5
43.4857,-1.4661,4.84
43.4953,-1.4708,0.53
43.489,-1.4889,0.28
43.4963,-1.4718,1.41
43.4841,-1.472,
43.494,-1.4525,2.27
43.4925,-1.4431,1.38
43.4766,-1.484,0.56
43.4807,-1.492,0.93
43.477,-1.4753,
43.4812,-1.4601,6.84
43.4996,-1.4586,3.08
43.4874,-1.481,7.78
43.4819,-1.4981,0.02
43.4915,-1.4824,1.63
43.4813,-1.4765,0.93
43.4887,-1.4767,
43.4884,-1.4781,7.09
43.5118,-1.4454,3.1
43.4922,-1.4718,1.56
43.471,-1.4924,
43.4845,-1.479,0.76
43.4865,-1.4791,0.01
43.4923,-1.4714,3.37
43.496,-1.4897,0.43
43.4929,-1.4798,
43.4878,-1.4814,1.6
43.506,-1.471,1.34
43.4961,-1.4894,0.95
43.4825,-1.4982,0.66
43.4992,-1.4648,
43.4941,-1.4934,20.36
43.4781,-1.4929,0.61
43.4901,-1.4855,0.45
43.4627,-1.4962,2.12
43.489,-1.475,0.01
43.4897,-1.4631,
43.5063,-1.4553,0.38
43.4939,-1.4888,2.31
43.4595,-1.4832,
43.5035,-1.4661,1.08
43.4788,-1.4815,1.38
43.5036,-1.4689,0.57
43.4695,-1.4894,2.24
43.4914,-1.4958,3.94
43.4937,-1.4586,6.12
43.4963,-1.444,1.44
43.4916,-1.4871,2.31
43.4881,-1.4816,2.1
43.5023,-1.4551,0.37
43.4931,-1.4688,
43.5076,-1.4343,19.81
43.4701,-1.4885,0.29
43.4764,-1.483,4.67
43.4632,-1.4961,0.13
43.4731,-1.4827,
43.4986,-1.488,0.75
43.5065,-1.4453,0.9
43.4884,-1.4752,0.41
43.5134,-1.4363,0.68
43.4658,-1.4955,1.0
43.4842,-1.4863,
43.4872,-1.4688,0.36
43.499,-1.4883,14.66
43.4939,-1.4751,
43.5081,-1.4446,1.92
43.4937,-1.4585,0.24
43.5046,-1.4452,2.72
43.4991,-1.4547,8.04
43.4869,-1.4902,0.92
43.4833,-1.4634,0.64
43.4877,-1.4534,0.88
43.4772,-1.483,
43.508,-1.4646,0.96
43.4957,-1.4798,9.52
43.4907,-1.4922,0.18
43.4946,-1.4649,0.41
43.494,-1.4659,19.55
43.505,-1.4695,1.97
43.4815,-1.4634,1.35
43.501,-1.4557,
43.5,-1.4545,10.5
43.4803,-1.4768,0.78
43.4921,-1.4794,
43.4847,-1.4782,0.83
43.4949,-1.4826,3.82
43.4856,-1.4481,8.68
43.5024,-1.4767,2.61
43.5022,-1.4552,0.21
43.5022,-1.4662,
43.4928,-1.4736,22.98
43.508,-1.4914,
43.4842,-1.4487,0.88
43.491,-1.4729,0.46
43.4746,-1.4851,1.9
43.4836,-1.4897,
43.4758,-1.4698,
43.4927,-1.4734,2.03
43.5114,-1.4686,2.67
43.5051,-1.4672,1.15
43.4926,-1.4717,3.53
43.4983,-1.4536,2.45
43.4932,-1.4587,1.42
43.4977,-1.4572,1.3
43.4977,-1.4362,0.83
43.4898,-1.4759,
43.5162,-1.4664,
43.4934,-1.4806,6.74
43.4874,-1.48,
43.5004,-1.4882,
43.468,-1.4875,1.98
43.4897,-1.4882,1.2
43.4999,-1.4375,0.62
43.4897,-1.4623,0.14
43.5058,-1.4585,4.23
43.4995,-1.4675,
43.483,-1.4586,
43.4894,-1.4756,
43.4787,-1.4741,
43.4965,-1.4365,1.48
43.4835,-1.4755,
43.4846,-1.4581,6.79
43.4836,-1.4824,2.56
43.4737,-1.4798,
43.4933,-1.4671,0.64
43.4843,-1.5004,2.69
43.4657,-1.4871,0.35
43.4939,-1.4857,0.91
43.4815,-1.4835,1.07
43.4514,-1.4954,0.37
43.4809,-1.4688,2.61
43.4829,-1.4558,1.08
43.4863,-1.4892,1.09
43.4955,-1.4395,0.24
43.4791,-1.475,
43.4873,-1.4909,1.17
43.5107,-1.4688,1.61
43.4828,-1.4559,1.24
43.4777,-1.4921,1.25
43.4949,-1.4756,
43.4928,-1.4797,
43.4883,-1.4594,0.24
43.4831,-1.4879,28.11
43.4913,-1.4621,7.59
43.4883,-1.4724,2.34
43.4874,-1.4741,19.91
43.5081,-1.4662,0.49
43.4913,-1.4541,0.19
43.4996,-1.4379,2.47
43.4913,-1.4692,15.27
43.4954,-1.4768,
43.4859,-1.4721,0.69
43.4901,-1.4821,2.48
43.4841,-1.4738,
43.5051,-1.4698,1.88
43.5,-1.4347,
43.4906,-1.4756,
43.4862,-1.473,22.46
43.4884,-1.4652,0.1
43.5115,-1.4338,4.02
43.4894,-1.4722,26.04
43.4949,-1.4776,
43.5045,-1.4338,1.27
43.4847,-1.4765,1.74
43.51,-1.4349,1.19
43.4876,-1.4587,1.65
43.4808,-1.483,2.41
43.5025,-1.482,0.44
43.4916,-1.4837,1.21
43.4937,-1.4724,6.38
43.4812,-1.4918,0.57
43.4966,-1.4832,0.86
43.4836,-1.5012,0.12
43.4973,-1.4559,1.67
43.4978,-1.4791,1.56
43.5018,-1.4894,
43.497,-1.4252,0.36
43.4941,-1.4754,
43.5055,-1.466,1.32
43.4947,-1.4659,27.41
43.4939,-1.4458,1.42
43.4816,-1.4842,0.79
43.4796,-1.4735,25.62
43.493,-1.4795,8.04
43.4924,-1.4747,6.31
43.4888,-1.4563,1.97
43.4839,-1.4518,7.2
43.4836,-1.4451,1.16
43.5112,-1.432,1.83
43.4906,-1.4869,2.35
43.5042,-1.4364,1.07
43.516,-1.466,3.92
43.4947,-1.4531,1.15
43.4979,-1.4567,
43.4848,-1.4857,0.66
43.4756,-1.4712,
43.5057,-1.4673,0.75
43.5017,-1.4585,0.01
43.4928,-1.4745,25.63
43.4932,-1.4877,0.2
43.4935,-1.4746,
43.4615,-1.4917,0.94
43.5077,-1.4629,0.31
43.4968,-1.4505,3.16
43.4967,-1.4559,1.08
43.4882,-1.4672,1.0
43.4901,-1.4578,0.21
43.4952,-1.4611,1.7
43.4899,-1.4785,0.34
43.4901,-1.4784,0.14
43.4965,-1.4766,
43.4932,-1.4862,0.08
43.4932,-1.4794,9.13
43.4887,-1.4755,
43.4801,-1.4527,1.1
43.4936,-1.4651,1.29
43.4967,-1.4512,1.7
43.4846,-1.4791,12.7
43.4637,-1.4955,4.38
43.496,-1.4765,
43.4815,-1.4917,0.33
43.4862,-1.4663,1.02
43.4991,-1.4593,2.14
43.4926,-1.459,1.25
43.4893,-1.4719,3.84
43.4894,-1.4909,1.93
43.4807,-1.5035,1.44
43.4762,-1.4855,1.18
43.493,-1.4727,4.4
43.5161,-1.4663,28.68
43.4961,-1.4911,1.72
43.48,-1.465,0.43
43.4917,-1.485,1.94
43.511,-1.4705,1.76
43.4931,-1.4731,3.49
43.5101,-1.4333,
43.4964,-1.4707,9.77
43.484,-1.4793,3.52
43.4785,-1.4928,6.42
43.4941,-1.468,1.55
43.5093,-1.4881,0.09
43.4956,-1.4661,1.04
43.4844,-1.4719,
43.4938,-1.4631,0.89
43.4811,-1.4689,2.56
43.4892,-1.479,9.35
43.5109,-1.4439,1.2
43.4907,-1.4788,0.5
43.497,-1.484,5.03
43.4994,-1.4809,1.21
43.4863,-1.4712,1.96
43.4805,-1.4839,1.14
43.4883,-1.4763,1.02
43.4954,-1.4524,1.1
43.4921,-1.4636,0.05
43.4947,-1.4683,1.41
43.4797,-1.5018,4.75
43.5101,-1.4683,4.02
43.4764,-1.4689,3.68
43.4918,-1.479,
43.48,-1.4853,2.03
43.5003,-1.491,0.46
43.4939,-1.4793,3.56
43.4692,-1.4839,
43.4667,-1.493,3.98
43.476,-1.4495,1.61
43.4787,-1.4884,1.12
43.4972,-1.4617,0.88
43.4934,-1.4632,0.02
43.4672,-1.4912,1.67
43.5059,-1.4444,1.25
43.4975,-1.4784,1.93
43.467,-1.4833,
43.483,-1.4741,8.81
43.4974,-1.4355,0.43
43.4804,-1.4571,2.66
43.4799,-1.5013,3.56
43.4912,-1.4695,2.21
43.4871,-1.4521,1.83
43.4879,-1.4662,0.47
43.4906,-1.4753,
43.4836,-1.4991,1.43
43.4873,-1.4756,3.33
43.5089,-1.4337,0.44
43.4938,-1.4762,7.25
43.5017,-1.4809,0.02
43.4838,-1.4559,0.71
43.4847,-1.4614,1.3
43.4907,-1.4805,0.57
43.4792,-1.4732,24.74
43.4963,-1.4344,0.75
43.4884,-1.4597,1.79
43.4869,-1.4934,2.46
43.4917,-1.4548,0.06
43.4804,-1.4919,4.44
43.4852,-1.4709,
43.5032,-1.461,0.38
43.4904,-1.4957,0.69
43.4736,-1.4802,
43.4851,-1.472,15.27
43.4874,-1.469,20.53
43.4689,-1.4902,3.21
43.4878,-1.4553,1.49
43.5125,-1.4682,4.36
43.4958,-1.4844,1.93
43.4949,-1.4826,0.33
43.4872,-1.4494,1.56
43.4919,-1.4813,0.72
43.4765,-1.4806,1.37
43.5003,-1.4201,0.05
43.4903,-1.461,0.55
43.5011,-1.4492,0.81
43.4869,-1.4945,0.46
43.4878,-1.4631,
43.4921,-1.4759,
43.4954,-1.4413,2.21
43.5017,-1.4595,3.68
43.4855,-1.4992,2.82
43.5055,-1.4728,0.99
43.4971,-1.477,2.28
43.489,-1.4721,1.69
43.4847,-1.4589,2.78
43.485,-1.4835,0.12
43.4849,-1.4913,8.79
43.5117,-1.4687,2.96
43.4771,-1.4821,0.29
43.4782,-1.4513,0.42
43.4883,-1.4598,2.95
43.4942,-1.4751,
43.4851,-1.4949,3.31
43.4802,-1.4884,
43.4848,-1.4827,2.09
43.4965,-1.4897,2.47
43.49,-1.4874,3.94
43.5034,-1.4643,1.03
43.5027,-1.4523,11.29
43.4985,-1.4821,3.64
43.4792,-1.4543,0.64
43.4931,-1.4769,1.14
43.4892,-1.4686,
43.5071,-1.455,1.04
43.5076,-1.4344,9.35
43.4837,-1.4806,2.78
43.5006,-1.4504,0.47
43.4988,-1.4382,1.87
43.5016,-1.456,20.82
43.4927,-1.4731,7.21
43.4918,-1.4672,
43.4833,-1.4524,2.32
43.4922,-1.4957,2.05
43.5072,-1.4801,0.31
43.4925,-1.4601,1.95
43.476,-1.4504,3.48
43.492,-1.4845,0.62
43.4849,-1.4725,0.78
43.4695,-1.4931,1.95
43.5036,-1.4677,1.83
43.4889,-1.482,20.22
43.4913,-1.4635,2.22
43.5049,-1.4639,0.24
43.5023,-1.4817,0.32
43.497,-1.4766,2.89
43.4727,-1.4818,
43.5059,-1.4563,0.74
43.5105,-1.4296,0.63
43.512,-1.4865,0.9
43.4702,-1.489,0.1
43.4884,-1.476,15.46
43.5112,-1.4648,0.12
43.5068,-1.4609,0.09
43.4898,-1.4741,
43.494,-1.4531,5.16
43.4836,-1.4746,10.16
43.4946,-1.4543,2.04
43.4871,-1.4701,19.69
43.4979,-1.4203,1.23
43.5021,-1.4564,0.11
43.4905,-1.4723,0.26
43.4892,-1.4802,0.67
43.4642,-1.4955,2.24
43.4875,-1.4566,2.48
43.4859,-1.4776,1.17
43.503,-1.4704,0.11
43.4841,-1.4622,0.5
43.4964,-1.4724,1.55
43.4963,-1.4881,0.01
43.516,-1.4662,21.22
43.4969,-1.4888,23.59
43.511,-1.4401,0.25
43.4807,-1.4755,0.15
43.4768,-1.4824,2.23
43.5051,-1.4621,0.93
43.4991,-1.4593,1.45
43.468,-1.4941,1.29
43.4665,-1.4933,2.21
43.4867,-1.4703,1.27
43.5005,-1.4883,
43.4871,-1.4763,2.04
43.4844,-1.4748,17.13
43.4856,-1.4915,0.9
43.5017,-1.4582,0.6
43.4792,-1.49,2.97
43.5002,-1.4909,0.34
43.5058,-1.4742,1.95
43.4951,-1.4653,0.65
43.5045,-1.4621,3.4
43.5021,-1.4474,0.38
43.5082,-1.4646,1.43
43.4998,-1.4363,4.27
43.4805,-1.4838,1.21
43.493,-1.4555,2.38
43.4823,-1.49,
43.4841,-1.4657,3.55
43.4774,-1.495,0.88
43.5111,-1.463,1.12
43.4959,-1.4819,0.43
43.5037,-1.4696,4.32
43.4933,-1.4799,2.74
43.4797,-1.4583,0.02
43.4831,-1.4876,1.86
43.4922,-1.4443,0.79
43.4853,-1.4763,5.11
43.4977,-1.4624,0.02
43.4852,-1.4916,17.13
43.5016,-1.439,0.74
43.4784,-1.4583,5.25
43.4896,-1.4784,0.51
43.5104,-1.4429,0.36
43.5061,-1.4765,0.01
43.5061,-1.4837,1.78
43.5035,-1.4239,0.8
43.4764,-1.4737,
43.4947,-1.4688,2.75
43.4997,-1.4631,2.43
43.483,-1.4794,1.76
43.4935,-1.4796,0.91
43.4836,-1.4548,1.08
43.5025,-1.4764,2.4
43.4769,-1.4896,0.34
43.4799,-1.4668,1.93
43.4823,-1.497,0.99
43.4906,-1.4817,2.79
43.4811,-1.4585,2.78
43.5118,-1.4456,3.39
43.494,-1.4755,
43.5022,-1.477,0.43
43.4903,-1.4631,2.58
43.4933,-1.4934,25.63
43.4808,-1.4885,2.31
43.4741,-1.4902,18.54
43.5092,-1.4465,
43.511,-1.4645,1.79
43.4931,-1.4649,1.3
43.4962,-1.4446,3.21
43.5097,-1.4436,0.25
43.5077,-1.4821,0.8
43.4809,-1.4828,1.4
43.4889,-1.4826,0.88
43.4819,-1.4666,1.76
43.489,-1.4788,9.83
43.4965,-1.4812,
43.4792,-1.4925,0.15
43.495,-1.4522,2.46
43.4983,-1.4873,0.05
43.4924,-1.4791,29.3
43.4975,-1.4628,0.24
43.4587,-1.4957,0.98
43.5069,-1.4597,0.16
43.4867,-1.4678,1.74
43.4938,-1.4459,1.23
43.4992,-1.4792,2.03
43.4841,-1.4474,1.0
43.4938,-1.4785,4.75
43.4961,-1.4731,3.34
43.4943,-1.4757,
43.4914,-1.4953,2.34
43.4829,-1.4893,29.82
43.4942,-1.4871,0.41
43.4791,-1.5007,13.69
43.4923,-1.4956,2.25
43.4989,-1.4814,0.09
43.4665,-1.4917,0.47
43.4931,-1.4445,2.54
43.4766,-1.4912,2.8
43.4777,-1.4736,
43.4914,-1.4728,8.15
43.4875,-1.4755,5.08
43.51,-1.4821,3.28
43.4973,-1.4603,0.07
43.5027,-1.4513,22.65
43.5007,-1.4534,
43.4959,-1.4564,1.86
43.498,-1.4192,0.94
43.4942,-1.4704,
43.4948,-1.4776,28.61
43.4926,-1.4842,1.15
43.4921,-1.4603,2.11
43.4787,-1.4999,
43.4942,-1.4915,9.53
43.5025,-1.4541,4.64
43.4808,-1.4784,1.67
43.496,-1.4809,0.5
43.4908,-1.4538,1.12
43.5074,-1.463,0.78
43.4862,-1.4944,0.75
43.4856,-1.4826,8.51
43.4846,-1.497,0.52
43.4936,-1.4616,2.27
43.4833,-1.4515,2.4
43.4928,-1.4941,1.67
43.4941,-1.4664,0.69
43.5096,-1.4727,2.0
43.5122,-1.4393,0.12
43.4923,-1.4546,0.91
43.47,-1.4883,1.01
43.4996,-1.456,
43.4841,-1.4507,6.78
43.4936,-1.4814,6.9
43.498,-1.4571,
43.4953,-1.4697,3.31
43.4639,-1.4966,1.5
43.5077,-1.4827,0.27
43.4935,-1.484,0.89
43.4923,-1.4834,0.44
43.4954,-1.4702,4.86
43.4914,-1.4516,23.8
43.5072,-1.4614,1.96
43.4884,-1.4813,15.88
43.5073,-1.4341,0.84
43.5039,-1.4848,1.32
43.4771,-1.4839,0.48
43.4932,-1.4478,1.11
43.4847,-1.4896,5.68
43.4587,-1.4956,2.24
43.4743,-1.4898,0.31
43.4985,-1.4546,0.95
43.4817,-1.4656,2.8
43.4776,-1.4928,5.98
43.4906,-1.4702,1.46
43.5081,-1.4704,0.16
43.4905,-1.4634,0.62
43.4943,-1.4871,0.73
43.5038,-1.4466,0.86
43.4916,-1.4831,2.89
43.4841,-1.4705,1.2
43.4926,-1.4708,
43.5103,-1.4575,0.32
43.4876,-1.4554,1.36
43.4974,-1.4293,1.15
43.4887,-1.496,
43.4715,-1.4919,
43.4926,-1.4521,
43.4977,-1.4219,0.71
43.459,-1.4842,
43.4947,-1.4651,0.31
43.4847,-1.4963,0.95
43.487,-1.4629,0.57
43.5123,-1.4705,2.65
43.4767,-1.4896,0.06
43.4884,-1.4802,0.42
43.4804,-1.4689,0.69
43.4884,-1.4926,0.09
43.4819,-1.4827,2.26
43.503,-1.447,2.42
43.5078,-1.4606,0.95
43.4986,-1.4682,22.62
43.5,-1.4796,1.98
43.4862,-1.4779,4.7
43.4862,-1.4708,1.65
43.4665,-1.4912,2.9
43.504,-1.4717,4.08
43.5029,-1.4843,1.02
43.4982,-1.4405,
43.4533,-1.4941,2.96
43.4865,-1.474,5.92
43.4935,-1.4636,1.12
43.4864,-1.4857,1.3
43.4918,-1.485,1.65
43.4813,-1.4995,3.7
43.5078,-1.4809,0.39
43.4887,-1.476,
43.4948,-1.4689,0.2
43.5099,-1.4637,1.32
43.493,-1.4717,
43.5122,-1.471,1.48
43.4841,-1.4651,4.0
43.4977,-1.4857,0.85
43.4763,-1.4796,0.3
43.506,-1.4665,0.64
43.4739,-1.4782,
43.4953,-1.4394,0.08
43.4884,-1.4756,27.23
43.4756,-1.4843,0.91
43.4925,-1.4766,0.55
43.4872,-1.469,1.09
43.4805,-1.4842,1.18
43.4928,-1.4953,1.7
43.5029,-1.4497,3.71
43.5076,-1.4866,8.81
43.4856,-1.4707,
43.5068,-1.4791,0.6
43.4971,-1.4251,0.34
43.487,-1.4862,1.77
43.4755,-1.4522,17.27
43.4944,-1.4864,1.88
43.4887,-1.4546,2.75
43.4886,-1.4743,
43.4903,-1.4723,0.8
43.4949,-1.4623,0.05
43.4864,-1.4878,1.96
43.4828,-1.4876,1.28
43.4936,-1.4678,0.27
43.4977,-1.4614,1.48
43.4951,-1.4818,4.3
43.4936,-1.4726,0.03
43.4996,-1.4343,4.1
43.4993,-1.4551,
43.4812,-1.4707,
43.5071,-1.4548,1.61
43.456,-1.4849,
43.4969,-1.4351,0.59
43.4812,-1.4661,0.93
43.4813,-1.4938,1.9
43.4953,-1.4885,29.76
43.5,-1.4363,0.75
43.4788,-1.4956,1.91
43.4855,-1.4827,0.36
43.4834,-1.4619,0.75
43.4897,-1.4715,15.17
43.4803,-1.4835,1.76
43.4713,-1.4836,
43.5088,-1.4517,
43.4897,-1.4764,
43.4826,-1.467,0.08
43.4867,-1.4549,0.26
43.4875,-1.4756,1.65
43.5047,-1.4683,0.64
43.4985,-1.448,6.58
43.5061,-1.4869,0.15
43.4966,-1.4883,11.39
43.4803,-1.4953,1.17
43.4629,-1.4959,2.15
43.4925,-1.4648,0.19
43.4929,-1.4657,2.57
43.4971,-1.458,14.54
43.4912,-1.4928,3.61
43.4944,-1.466,18.06
43.4921,-1.4939,1.89
43.5004,-1.4835,9.92
43.5037,-1.4702,4.07
43.4876,-1.476,
43.4765,-1.4911,0.7
43.4875,-1.4743,7.87
43.4983,-1.4789,1.48
43.4692,-1.4849,
43.4782,-1.4987,2.4
43.4974,-1.4589,
43.4902,-1.4792,6.64
43.4936,-1.4896,0.92
43.4737,-1.483,1.89
43.482,-1.4773,2.44
43.4854,-1.4708,
43.4976,-1.4555,3.94
43.511,-1.4708,1.2
43.4613,-1.4813,
43.4827,-1.466,2.04
43.5021,-1.4563,0.25
43.4919,-1.451,
43.4898,-1.4817,0.98
43.4911,-1.478,28.21
43.4874,-1.4845,1.44
43.4864,-1.4826,9.98
43.4916,-1.4543,1.74
43.4981,-1.4803,28.59
43.4886,-1.4546,0.78
43.4939,-1.4943,3.91
43.4976,-1.4781,1.6
43.4876,-1.4483,2.1
43.495,-1.4826,0.64
43.4962,-1.4842,9.68
43.5059,-1.462,0.33
43.5054,-1.4605,1.1
43.4894,-1.4681,1.53
43.5075,-1.4915,
43.5069,-1.4536,0.1
43.4916,-1.4847,3.72
43.5148,-1.4669,0.04
43.5002,-1.4923,2.86
43.5002,-1.4461,2.2
43.4868,-1.494,1.68
43.491,-1.4932,1.43
43.48,-1.4514,1.25
43.4883,-1.4688,
43.4612,-1.4925,0.16
43.4869,-1.4532,2.16
43.4839,-1.4998,0.07
43.481,-1.4772,0.05
43.4885,-1.455,4.1
43.5069,-1.4683,1.35
43.5067,-1.46,0.22
43.4886,-1.4562,1.02
43.5023,-1.4774,4.6
43.4942,-1.4448,0.39
43.5064,-1.4597,
43.4603,-1.4893,2.29
43.5044,-1.485,0.68
43.4806,-1.5002,4.12
43.4959,-1.4324,1.6
43.4914,-1.4691,4.84
43.4796,-1.4841,1.37
43.4904,-1.4705,2.86
43.5065,-1.4742,1.6
43.5017,-1.46,5.74
43.5021,-1.4518,
43.4856,-1.4846,1.82
43.5037,-1.4699,4.49
43.4668,-1.4916,3.91
43.5002,-1.4668,5.36
43.4968,-1.4383,1.43
43.4815,-1.4687,0.64
43.5092,-1.4334,3.79
43.4811,-1.4965,0.39
43.4822,-1.4945,1.1
43.4604,-1.4953,0.65
43.4845,-1.4762,27.16
43.496,-1.4465,0.16
43.4863,-1.4613,5.43
43.4909,-1.4662,
43.4826,-1.4862,3.0
43.4894,-1.4575,0.96
43.5016,-1.4825,2.77
43.4867,-1.4835,0.18
43.5072,-1.4616,1.17
43.4841,-1.4649,3.65
43.4976,-1.4889,0.56
43.474,-1.4897,2.57
43.4963,-1.4512,0.43
43.5016,-1.4487,1.15
43.4891,-1.4719,1.1
43.5071,-1.464,0.92
43.4806,-1.4688,3.26
43.4834,-1.4732,
43.4972,-1.4561,2.74
43.4893,-1.4798,28.4
43.5058,-1.4752,2.49
43.498,-1.4866,0.95
43.5118,-1.4688,0.78
43.4984,-1.4926,5.42
43.4797,-1.4564,0.14
43.4844,-1.4791,0.79
43.4922,-1.4525,
43.4802,-1.4982,2.76
43.495,-1.4814,0.16
43.4883,-1.4727,5.44
43.4634,-1.4957,1.57
43.4931,-1.455,1.67
43.4705,-1.4882,0.83
43.501,-1.4574,
43.4898,-1.4626,28.08
43.4783,-1.4995,19.25
43.4737,-1.4817,
43.5062,-1.4726,1.8
43.484,-1.4769,0.1
43.5055,-1.4757,0.32
43.493,-1.4683,
43.4942,-1.4751,
43.4931,-1.448,1.39
43.5109,-1.4421,1.28
43.5069,-1.4711,0.92
43.4787,-1.4907,1.6
43.4777,-1.4993,0.36
43.477,-1.4535,0.67
43.489,-1.4963,
43.4985,-1.482,4.64
43.4995,-1.4894,10.48
43.4999,-1.4573,1.06
43.4857,-1.472,2.46
43.5046,-1.4852,0.85
43.4862,-1.4711,0.45
43.4809,-1.4621,1.29
43.4899,-1.4758,
43.4843,-1.4482,5.65
43.4944,-1.463,0.79
43.4896,-1.4693,
43.4877,-1.4791,
43.5017,-1.4589,1.63
43.4952,-1.4855,1.44
43.5019,-1.4473,15.83
43.5096,-1.4332,13.56
43.4783,-1.4941,11.63
43.4914,-1.4808,
43.4798,-1.4852,22.95
43.4963,-1.4686,18.27
43.4822,-1.4534,1.18
43.4894,-1.4793,0.46
43.5025,-1.4554,0.26
43.4901,-1.4788,0.42
43.5033,-1.4466,1.52
43.4817,-1.4825,2.24
43.4994,-1.4553,
43.5066,-1.4838,1.08
43.485,-1.4915,18.55
43.4972,-1.4775,4.95
43.487,-1.4579,1.81
43.4753,-1.4846,2.46
43.4842,-1.4442,1.19
43.4947,-1.4419,1.71
43.5063,-1.4676,0.77
43.4978,-1.491,2.8
43.4811,-1.4991,4.21
43.4989,-1.4491,0.97
43.493,-1.4864,1.57
43.4949,-1.4843,0.65
43.4962,-1.436,2.83
43.4931,-1.4746,
43.5029,-1.4633,0.4
43.4942,-1.4755,
43.4916,-1.486,0.62
43.498,-1.4796,2.22
43.4802,-1.4751,1.27
43.5051,-1.4434,2.53
43.4762,-1.4799,1.18
43.4848,-1.4763,0.57
43.499,-1.4347,0.22
43.5003,-1.4922,3.04
43.4874,-1.4482,0.7
43.4992,-1.447,2.34
43.4792,-1.4589,0.84
43.4769,-1.4952,1.72
43.5025,-1.4898,
43.4968,-1.4685,3.34
43.4805,-1.5007,1.41
43.4931,-1.4729,3.01
43.4878,-1.4822,2.97
43.4905,-1.4855,1.34
43.4784,-1.5009,10.05
43.4687,-1.4904,2.69
43.491,-1.4945,2.52
43.4763,-1.4739,
43.4916,-1.4696,6.41
43.5034,-1.469,1.51
43.5103,-1.4348,1.13
43.497,-1.4766,1.58
43.4931,-1.4649,1.36
43.4792,-1.4717,
43.4897,-1.4752,21.96
43.4808,-1.465,0.14
43.4791,-1.4555,13.64
43.5056,-1.444,1.78
43.4951,-1.4695,2.89
43.5033,-1.4505,
43.4861,-1.4662,4.42
43.5001,-1.467,19.81
43.5082,-1.4676,0.74
43.4835,-1.4897,27.36
43.4933,-1.4757,0.3
43.4916,-1.4751,
43.5025,-1.4519,22.82
43.496,-1.4359,5.88
43.4804,-1.4835,1.75
43.4809,-1.465,0.36
43.4888,-1.4673,0.12
43.4967,-1.4347,0.46
43.4929,-1.4644,0.78
43.4807,-1.4574,2.18
43.5076,-1.4344,12.83
43.4955,-1.4663,1.32
43.4805,-1.465,0.32
43.4973,-1.4241,0.55
43.4869,-1.4979,
43.5075,-1.4344,1.12
43.5068,-1.4604,0.99
43.5036,-1.4502,2.7
43.4972,-1.4604,2.83
43.5062,-1.4861,1.24
43.5016,-1.4567,2.4
43.4833,-1.5008,1.49
43.5079,-1.464,0.01
43.482,-1.4873,0.78
43.4787,-1.4926,1.21
43.4926,-1.4765,0.97
43.4811,-1.4595,1.21
43.5027,-1.4761,3.09
43.4966,-1.4817,26.84
43.4968,-1.4272,1.72
43.479,-1.4732,17.03
43.4663,-1.4936,4.68
43.4767,-1.476,
43.5098,-1.4338,
43.4886,-1.4687,
43.4942,-1.4527,5.56
43.4985,-1.4878,3.94
43.4938,-1.4814,8.05
43.4941,-1.4874,0.56
43.4964,-1.485,13.94
43.5105,-1.4295,2.59
43.5,-1.4542,2.42
43.4808,-1.4625,1.91
43.5027,-1.461,10.85
43.488,-1.4788,
43.5002,-1.4504,0.68
43.4594,-1.4833,
43.4906,-1.4751,22.69
43.4951,-1.4673,2.31
43.4907,-1.4713,2.02
43.487,-1.453,1.97
43.5111,-1.4708,1.3
43.4816,-1.4915,1.11
43.4776,-1.4989,1.0
43.5,-1.4535,1.02
43.5079,-1.4704,0.08
43.4957,-1.4869,1.71
43.5037,-1.4233,4.36
43.4851,-1.4868,3.38
43.4932,-1.4939,2.31
43.4973,-1.4639,1.89
43.4971,-1.4605,0.14
43.5022,-1.4487,0.17
43.4873,-1.4907,3.3
43.5008,-1.483,0.34
43.4901,-1.4754,
43.4809,-1.4624,1.29
43.4858,-1.4909,1.47
43.5108,-1.4873,0.02
43.4813,-1.4599,2.82
43.4946,-1.4907,2.54
43.4899,-1.4773,
43.492,-1.4835,0.7
43.5109,-1.4315,2.34
43.4887,-1.4889,0.76
43.4971,-1.4636,0.97
43.4964,-1.4758,
43.4837,-1.5004,0.88
43.5032,-1.4753,2.51
43.506,-1.4615,15.34
43.4887,-1.4785,1.03
43.5112,-1.4914,
43.4871,-1.4622,11.44
43.498,-1.4797,1.19
43.491,-1.4641,0.39
43.4669,-1.4843,
43.4909,-1.4627,14.48
43.4944,-1.4861,0.35
43.4965,-1.4881,1.76
43.4826,-1.4872,0.73
43.497,-1.4913,2.35
43.5023,-1.479,1.58
43.5012,-1.4458,1.78
43.4956,-1.471,0.12
43.4874,-1.4949,2.5
43.4838,-1.4892,0.11
43.4845,-1.4809,1.48
43.4933,-1.4551,1.7
43.4835,-1.5016,0.73
43.5081,-1.4882,4.06
43.494,-1.4599,0.93
43.4871,-1.4524,1.82
43.4785,-1.5008,28.19
43.4881,-1.4969,
43.501,-1.4203,0.33
43.4956,-1.4707,0.58
43.5127,-1.4691,4.29
43.4907,-1.4805,0.74
43.5091,-1.4335,1.07
43.4809,-1.4665,0.27
43.4952,-1.4684,
43.4949,-1.4793,0.31
43.4913,-1.4854,5.43
43.5059,-1.4618,0.2
43.5105,-1.4307,0.14
43.4815,-1.4998,2.49
43.4811,-1.4991,4.26
43.4711,-1.4877,0.18
43.501,-1.492,11.23
43.4949,-1.4576,0.21
43.487,-1.4627,0.43
43.5023,-1.4613,2.89
43.4885,-1.4967,
43.5042,-1.4817,0.97
43.4809,-1.4855,0.11
43.5015,-1.455,1.3
43.4868,-1.468,4.4
43.4891,-1.4537,0.49
43.4672,-1.4946,3.35
43.4931,-1.4481,2.22
43.4925,-1.4809,11.67
43.4873,-1.4807,13.89
43.4904,-1.4868,0.75
43.4907,-1.471,3.66
43.4714,-1.4836,
43.474,-1.4856,4.42
43.4985,-1.4559,0.02
43.4712,-1.4916,2.42
43.5058,-1.475,0.84
43.4949,-1.4638,0.5
43.5008,-1.4394,0.34
43.4881,-1.4814,0.05
43.4951,-1.4335,0.73
43.4782,-1.4891,1.19
43.4922,-1.4525,
43.4836,-1.4751,
43.5022,-1.4541,
43.4895,-1.4788,0.13
43.498,-1.4795,1.96
43.492,-1.4937,1.86
43.4837,-1.4557,0.25
43.4927,-1.4876,1.53
43.4931,-1.4923,
43.4872,-1.4711,
43.4945,-1.4779,2.47
43.4847,-1.4812,3.82
43.4829,-1.4905,0.18
43.4698,-1.4888,1.55
43.4874,-1.4973,
43.4901,-1.4715,0.9
43.5022,-1.4779,1.32
43.4862,-1.4651,2.65
43.4896,-1.4789,0.41
43.4872,-1.4848,0.16
43.5036,-1.4676,0.05
43.4947,-1.492,
43.4962,-1.4814,0.08
43.4864,-1.4794,5.99
43.4916,-1.4842,0.06
43.4931,-1.4641,0.39
43.4889,-1.4828,0.34
43.5121,-1.4394,2.17
43.4731,-1.4811,
43.4834,-1.4776,3.94
43.4883,-1.4612,3.25
43.5064,-1.4305,1.31
43.4866,-1.4905,2.56
43.4832,-1.4489,1.76
43.4801,-1.4891,0.18
43.4878,-1.4883,1.66
43.4832,-1.477,0.12
43.4949,-1.4662,5.16
43.4865,-1.4885,1.35
43.4955,-1.4631,1.04
43.4871,-1.4804,4.7
43.4763,-1.4521,0.15
43.4871,-1.4975,
43.4875,-1.4967,
43.4862,-1.4754,13.61
43.5034,-1.4522,3.41
43.4968,-1.4749,7.52
43.4712,-1.4916,6.81
43.4673,-1.4918,0.51
43.4861,-1.4718,1.7
43.4933,-1.4748,
43.4947,-1.4685,0.2
43.5108,-1.4867,0.5
43.483,-1.4659,10.65
43.4876,-1.46,2.83
43.4994,-1.4792,2.01
43.4851,-1.4781,13.83
43.4929,-1.477,1.37
43.4996,-1.4633,2.11
43.5036,-1.4698,0.88
43.4889,-1.467,1.62
43.4957,-1.4565,2.08
43.4846,-1.459,1.88
43.4936,-1.4597,0.82
43.4939,-1.4563,0.86
43.4895,-1.475,1.66
43.4839,-1.4995,5.97
43.4853,-1.4595,8.12
43.483,-1.4907,12.57
43.477,-1.4943,1.02
43.472,-1.4869,2.03
43.4933,-1.4663,3.11
43.4921,-1.4774,27.26
43.4827,-1.4844,0.06
43.4858,-1.4913,1.91
43.4813,-1.4816,1.48
43.4862,-1.4757,0.97
43.4903,-1.4862,0.0
43.4914,-1.4817,8.18
43.4939,-1.4607,2.21
43.4851,-1.4722,0.39
43.4866,-1.4639,1.31
43.4988,-1.458,0.13
43.4918,-1.4617,0.76
43.502,-1.4831,1.41
43.5112,-1.4413,2.6
43.5076,-1.4878,1.97
43.4817,-1.4845,0.67
43.5055,-1.4617,0.96
43.4956,-1.485,0.64
43.5065,-1.4305,0.07
43.492,-1.4696,29.68
43.4872,-1.4684,1.36
43.5082,-1.4376,4.08
43.501,-1.4518,
43.4935,-1.453,7.72
43.5035,-1.4517,2.86
43.4741,-1.481,
43.4943,-1.4781,1.92
43.496,-1.4716,0.74
43.5046,-1.4593,
43.4765,-1.4944,1.16
43.488,-1.4508,1.35
43.4835,-1.4544,0.41
43.5075,-1.4604,0.8
43.4891,-1.4822,1.89
43.4954,-1.4394,0.15
43.4822,-1.4914,0.5
43.4894,-1.4535,0.85
43.4987,-1.4881,0.5
43.4834,-1.446,0.07
43.4672,-1.4943,0.14
43.4893,-1.4925,0.73
43.4821,-1.4714,
43.5018,-1.4607,4.84
43.4894,-1.4838,2.0
43.4942,-1.4663,15.84
43.4844,-1.4726,
43.4921,-1.4751,
43.4879,-1.4822,1.37
43.4941,-1.4703,
43.4864,-1.4741,14.75
43.483,-1.4664,0.69
43.4933,-1.4913,4.94
43.4878,-1.4566,3.18
43.5024,-1.4556,1.17
43.4926,-1.4566,0.78
43.4894,-1.4907,2.2
43.4945,-1.4631,0.69
43.4675,-1.491,0.15
43.4939,-1.4644,1.02
43.4958,-1.4548,1.5
43.4824,-1.4872,0.36
43.485,-1.4788,
43.4669,-1.4843,
43.4959,-1.4612,1.29
43.4834,-1.4872,17.33
43.4935,-1.4759,0.72
43.5001,-1.4664,6.49
43.4912,-1.4528,6.19
43.4837,-1.4826,2.89
43.4948,-1.4898,0.07
43.4749,-1.49,2.52
43.4914,-1.4808,
43.4959,-1.4722,3.04
43.4677,-1.4906,0.24
43.4837,-1.4866,1.27
43.4921,-1.487,2.83
43.4806,-1.5027,1.57
43.4742,-1.4853,5.2
43.4787,-1.4998,
43.4958,-1.4351,25.94
43.4936,-1.4759,7.8
43.4993,-1.4818,1.2
43.4891,-1.4756,
43.4838,-1.4735,
43.4983,-1.4676,2.81
43.494,-1.4673,2.73
43.4947,-1.4667,0.31
43.481,-1.4919,0.19
43.4992,-1.4592,0.17
43.503,-1.4474,2.44
43.4862,-1.49,2.11
43.4798,-1.4666,3.06
43.5084,-1.4337,1.18
43.49,-1.4712,0.55
43.4829,-1.4871,2.43
43.4764,-1.4766,
43.4857,-1.4751,
43.481,-1.468,6.87
43.477,-1.4874,0.77
43.4955,-1.4568,1.0
43.4776,-1.4555,1.17
43.5027,-1.4509,28.5
43.4798,-1.4843,22.91
43.4907,-1.4699,1.59
43.4939,-1.4564,0.98
43.4768,-1.4874,0.89
43.5053,-1.4629,0.61
43.4937,-1.4668,3.45
43.4832,-1.4875,1.88
43.4806,-1.4769,0.37
43.5008,-1.4521,
43.4918,-1.4813,1.62
43.4989,-1.4361,2.23
43.4905,-1.4857,1.61
43.4936,-1.4868,0.06
43.4912,-1.4757,
43.4921,-1.4443,1.3
43.4894,-1.494,1.01
43.4882,-1.4879,1.19
43.4707,-1.4927,
43.4981,-1.4869,1.55
43.4786,-1.4731,14.74
43.4865,-1.4702,2.05
43.5091,-1.451,
43.4912,-1.4685,4.67
43.5081,-1.4864,3.17
43.4811,-1.4586,2.7
43.4797,-1.4748,15.2
43.4834,-1.4832,2.06
43.5099,-1.4659,0.02
43.4915,-1.4894,1.33
43.5017,-1.4599,0.12
43.4942,-1.4947,3.84
43.4948,-1.4841,0.88
43.4962,-1.4356,2.51
43.4945,-1.4943,0.33
43.4942,-1.4694,1.04
43.4911,-1.4817,2.31
43.4969,-1.4933,
43.4885,-1.4743,
43.4639,-1.4963,1.41
43.4903,-1.4928,0.04
43.4937,-1.4735,
43.4671,-1.4925,3.88
43.4973,-1.484,13.48
43.4997,-1.4925,2.33
43.4919,-1.4854,0.23
43.493,-1.4639,0.8
43.4933,-1.4638,0.12
43.4944,-1.4623,2.05
43.4827,-1.4583,
43.4983,-1.4483,6.29
43.4954,-1.478,
43.4931,-1.4572,1.8
43.4788,-1.4967,1.36
43.4842,-1.4606,0.37
43.4777,-1.4988,1.18
43.4962,-1.4841,11.66
43.4835,-1.5014,5.33
43.4668,-1.4946,0.45
43.4992,-1.4637,20.35
43.4879,-1.4753,8.34
43.5112,-1.4322,0.82
43.4976,-1.4605,1.26
43.4936,-1.4505,2.91
43.4785,-1.4468,2.97
43.4823,-1.4533,1.57
43.4882,-1.4648,0.32
43.4887,-1.4818,20.67
43.5014,-1.4497,1.52
43.4995,-1.4628,
43.4828,-1.4784,2.7
43.508,-1.4353,2.17
43.4999,-1.4556,1.23
43.5028,-1.4841,1.59
43.4853,-1.4596,1.52
43.4978,-1.4213,1.41
43.5039,-1.4267,0.31
43.4868,-1.4772,1.78
43.5152,-1.4666,2.41
43.4864,-1.4708,0.29
43.485,-1.4865,2.44
43.4908,-1.4788,4.84
43.4796,-1.4659,0.54
43.4908,-1.4908,4.92
43.5077,-1.4309,10.15
43.5069,-1.43,1.02
43.4832,-1.4675,1.16
43.4784,-1.4737,
43.4703,-1.4848,
43.4948,-1.4601,
43.4783,-1.5002,17.14
43.4961,-1.4843,2.59
43.5079,-1.4914,
43.4893,-1.4544,2.11
43.5,-1.4803,3.84
43.5023,-1.4617,0.63
43.4942,-1.4662,21.15
43.4936,-1.476,0.17
43.4995,-1.437,0.67
43.4799,-1.4741,9.84
43.5027,-1.4491,2.1
43.4954,-1.4693,25.12
43.493,-1.4731,3.07
43.4848,-1.492,
43.4888,-1.4741,
43.5036,-1.4501,1.87
43.5003,-1.4502,1.95
43.4798,-1.4778,1.86
43.4908,-1.4684,23.5
43.4948,-1.4636,2.13
43.4894,-1.4704,
43.487,-1.4581,1.8
43.5033,-1.4246,1.43
43.4847,-1.4725,25.91
43.5119,-1.487,0.42
43.502,-1.4611,0.96
43.4811,-1.4578,20.91
43.4795,-1.4584,0.44
43.5069,-1.4537,1.39
43.4789,-1.4541,2.17
43.484,-1.4737,
43.4983,-1.4377,0.52
43.5019,-1.461,5.14
43.5046,-1.4592,
43.4961,-1.4734,6.89
43.4812,-1.495,0.27
43.5077,-1.4351,0.36
43.5014,-1.454,23.03
43.4859,-1.4758,16.45
43.4765,-1.4525,0.3
43.4938,-1.466,1.64
43.5083,-1.4334,1.76
43.4957,-1.47,7.31
43.4912,-1.452,6.24
43.4867,-1.4828,2.44
43.4932,-1.493,
43.4938,-1.4838,2.52
43.4987,-1.4674,0.47
43.5033,-1.4525,1.57
43.4925,-1.4747,1.89
43.4762,-1.4515,0.75
43.4854,-1.4857,1.33
43.4811,-1.4848,0.76
43.5073,-1.4877,0.97
43.5035,-1.4633,1.07
43.4816,-1.4982,5.57
43.4966,-1.4387,1.65
43.5153,-1.4599,0.38
43.4871,-1.4687,0.49
43.4756,-1.4719,
43.491,-1.4873,
43.4898,-1.4737,
43.494,-1.475,
43.4842,-1.489,0.82
43.5137,-1.446,0.38
43.4992,-1.4545,1.35
43.4849,-1.4956,4.0
43.5152,-1.4666,2.27
43.4677,-1.4906,0.78
43.4765,-1.4954,1.77
43.4807,-1.4756,10.36
43.4922,-1.4734,29.64
43.4998,-1.4794,1.75
43.5,-1.4565,0.0
43.5033,-1.4527,1.56
43.5018,-1.4485,0.55
43.4833,-1.4533,1.47
43.5111,-1.4714,1.24
43.4907,-1.4708,0.17
43.488,-1.4756,6.59
43.4699,-1.4848,
43.4898,-1.4877,2.94
43.5111,-1.4646,0.93
43.492,-1.4853,0.07
43.4947,-1.4896,1.33
43.5033,-1.4492,1.02
43.4826,-1.498,0.03
43.4924,-1.481,12.97
43.4865,-1.4666,3.39
43.4828,-1.4858,
43.4952,-1.467,1.77
43.4873,-1.4508,1.05
43.5036,-1.4638,0.77
43.5043,-1.4656,0.89
43.5077,-1.4811,0.56
43.4897,-1.4817,1.2
43.5023,-1.4545,15.16
43.4872,-1.4827,9.37
43.5015,-1.4788,4.11
43.5056,-1.4619,0.86
43.4932,-1.4781,1.7
43.494,-1.4526,2.83
43.4842,-1.4749,0.18
43.5013,-1.4673,1.89
43.4787,-1.4559,0.94
43.499,-1.4495,2.13
43.4898,-1.4793,7.16
43.5026,-1.4435,1.22
43.4741,-1.481,
43.4569,-1.486,
43.4907,-1.4688,
43.4877,-1.4761,
43.5028,-1.4678,0.03
43.5055,-1.466,1.4
43.4913,-1.4867,1.62
43.4814,-1.4913,1.69
43.4886,-1.4762,
43.4843,-1.4487,6.5
43.486,-1.4717,0.32
43.4884,-1.4917,3.08
43.5045,-1.4338,1.29
43.487,-1.458,1.84
43.4908,-1.4818,2.22
43.5048,-1.4642,0.4
43.5067,-1.4687,16.79
43.4997,-1.4616,1.58
43.4855,-1.466,1.4
43.4839,-1.5002,0.39
43.4997,-1.4199,0.08
43.4904,-1.4703,11.52
43.4905,-1.4715,1.43
43.4838,-1.4756,
43.4989,-1.4552,
43.4916,-1.4832,2.26
43.482,-1.4878,3.8
43.4925,-1.4787,3.54
43.4833,-1.4894,0.14
43.4678,-1.4875,1.3
43.4886,-1.491,4.56
43.4867,-1.4567,0.6
43.476,-1.4689,2.13
43.4886,-1.4726,0.67
43.4845,-1.4575,6.07
43.5,-1.4525,0.88
43.5017,-1.4589,0.01
43.4671,-1.4905,2.27
43.4935,-1.4747,
43.4902,-1.453,0.51
43.4967,-1.4693,0.78
43.4967,-1.4738,0.0
43.4956,-1.4599,
43.4903,-1.4787,0.47
43.4854,-1.4599,0.45
43.5115,-1.4706,0.85
43.5,-1.4803,6.96
43.4957,-1.4722,4.52
43.4751,-1.4794,23.65
43.4859,-1.4845,1.65
43.5099,-1.4476,
43.4958,-1.4659,2.98
43.4952,-1.4592,
43.5,-1.4661,1.58
43.4833,-1.4664,1.93
43.4785,-1.4913,0.48
43.4976,-1.4362,1.02
43.4976,-1.4571,0.19
43.4605,-1.4818,
43.5085,-1.4369,2.69
43.4923,-1.4532,9.36
43.458,-1.4865,11.41
43.4838,-1.4556,6.22
43.5045,-1.4472,1.23
43.493,-1.4745,
43.4988,-1.4673,0.48
43.4893,-1.4835,1.79
43.4947,-1.4873,1.85
43.4993,-1.489,11.99
43.487,-1.4975,
43.5103,-1.468,2.22
43.4909,-1.4541,0.61
43.5019,-1.4566,2.49
43.4905,-1.4616,2.41
43.4796,-1.4659,2.75
43.4842,-1.4443,0.02
43.5054,-1.4724,0.02
43.49,-1.4732,
43.4996,-1.4818,0.82
43.4902,-1.4706,9.77
43.508,-1.4836,1.0
43.5049,-1.4432,0.03
43.4961,-1.4683,
43.481,-1.4635,0.35
43.4939,-1.4683,0.13
43.4785,-1.495,1.24
43.483,-1.4769,0.75
43.4904,-1.4956,1.53
43.4912,-1.4909,4.59
43.498,-1.4896,1.97
43.4829,-1.4969,1.07
43.5024,-1.4664,
43.5021,-1.4494,1.01
43.4936,-1.4448,1.82
43.484,-1.4998,3.62
43.4713,-1.4921,
43.4957,-1.4604,0.03
43.4962,-1.4353,2.44
43.4823,-1.4912,3.37
43.4844,-1.4976,0.68
43.5067,-1.4749,2.27
43.5075,-1.4758,2.58
43.4963,-1.4692,0.06
43.4863,-1.4782,2.46
43.493,-1.4935,1.31
43.4861,-1.4737,0.04
43.4845,-1.4827,0.08
43.4892,-1.472,0.7
43.4946,-1.4871,2.79
43.4843,-1.4705,0.79
43.4832,-1.4881,
43.4841,-1.4607,0.67
43.492,-1.4774,21.39
43.4861,-1.4757,1.43
43.5017,-1.4675,1.46
43.4995,-1.4376,0.36
43.4784,-1.5046,5.34
43.4886,-1.4563,1.23
43.4939,-1.455,1.46
43.4827,-1.4741,22.65
43.4757,-1.4723,
43.4942,-1.4779,1.19
43.5084,-1.4856,0.08
43.481,-1.4664,0.59
43.4792,-1.4992,15.14
43.4984,-1.4619,1.11
43.4657,-1.4871,2.15
43.4946,-1.4683,0.46
43.5022,-1.4471,1.1
43.475,-1.4774,
43.4938,-1.4558,2.88
43.4956,-1.4796,4.2
43.4816,-1.4916,0.24
43.4964,-1.4852,0.46
43.484,-1.4903,14.54
43.5011,-1.4547,
43.4879,-1.4508,1.47
43.4892,-1.4589,1.71
43.4898,-1.4629,
43.4977,-1.4827,2.18
43.5054,-1.4608,0.6
43.4817,-1.4541,0.13
43.4558,-1.4846,
43.4851,-1.4713,
43.4975,-1.478,5.35
43.5055,-1.4442,1.49
43.4848,-1.4805,
43.4898,-1.4597,0.47
43.4793,-1.4845,12.33
43.4871,-1.4861,1.72
43.4974,-1.4585,
43.5063,-1.4306,0.77
43.4664,-1.4935,4.47
43.4583,-1.4863,
43.5081,-1.4837,2.02
43.4757,-1.4905,2.98
43.4899,-1.4774,
43.4927,-1.4713,14.55
43.5,-1.4926,12.49
43.4953,-1.4463,0.81
43.4944,-1.4657,1.58
43.4802,-1.4869,
43.4778,-1.4927,8.06
43.4964,-1.4601,0.13
43.5025,-1.4625,0.87
43.5028,-1.4525,15.69
43.5031,-1.4469,1.47
43.4924,-1.4812,25.75
43.4756,-1.4691,7.79
43.5108,-1.4424,1.05
43.4912,-1.4809,25.26
43.4633,-1.4956,3.06
43.4834,-1.4768,4.37
43.4918,-1.47,0.51
43.4853,-1.4732,7.44
43.4795,-1.4816,4.2
43.4984,-1.4579,0.49
43.5034,-1.4479,1.25
43.4901,-1.4517,1.32
43.4909,-1.4719,0.29
43.4662,-1.4936,1.77
43.5017,-1.4601,0.14
43.4958,-1.4465,2.12
43.4596,-1.4829,
43.498,-1.4837,
43.481,-1.4776,0.77
43.4813,-1.482,2.59
43.4996,-1.4378,1.71
43.5063,-1.467,4.39
43.5154,-1.4598,0.09
43.4834,-1.4853,1.99
43.4843,-1.48,2.8
43.5051,-1.4285,4.12
43.4909,-1.4681,0.64
43.5016,-1.4551,13.13
43.5056,-1.4673,1.1
43.4823,-1.4878,11.24
43.5096,-1.4819,0.6
43.5074,-1.4631,0.67
43.5015,-1.4567,1.92
43.491,-1.4849,0.36
43.4795,-1.4738,2.0
43.5025,-1.4536,15.16
43.5109,-1.442,1.19
43.4834,-1.5021,2.84
43.4966,-1.4751,5.86
43.4799,-1.4555,1.74
43.4799,-1.4819,1.18
43.4971,-1.4802,
43.4885,-1.4726,0.94
43.484,-1.489,9.47
43.4862,-1.473,17.41
43.4669,-1.4919,0.3
43.5105,-1.4306,0.16
43.4985,-1.4871,19.43
43.4881,-1.4828,0.2
43.5069,-1.4712,0.83
43.4983,-1.4624,1.63
43.4931,-1.464,0.36
43.4888,-1.4715,
43.5025,-1.4515,
43.496,-1.4654,1.43
43.4856,-1.4771,1.28
43.5001,-1.4541,0.69
43.4938,-1.46,0.49
43.5088,-1.4597,0.04
43.4795,-1.4782,3.78
43.4915,-1.457,1.53
43.4974,-1.4828,5.06
43.4657,-1.4836,26.32
43.4884,-1.4786,0.77
43.4813,-1.4824,9.03
43.4769,-1.4533,5.99
43.4758,-1.4725,
43.5111,-1.4422,1.4
43.4855,-1.493,2.22
43.4569,-1.486,
43.4901,-1.4754,
43.5121,-1.4864,1.01
43.4787,-1.4998,
43.4874,-1.4567,2.2
43.5042,-1.4849,0.91
43.5097,-1.4691,0.55
43.4963,-1.4754,
43.5008,-1.4486,
43.5021,-1.4552,19.55
43.4871,-1.4855,0.88
43.4885,-1.4795,5.2
43.502,-1.4549,26.95
43.4958,-1.4653,0.85
43.4801,-1.4579,1.03
43.4834,-1.4692,1.73
43.4878,-1.4638,9.76
43.4865,-1.4792,1.16
43.4993,-1.4565,0.27
43.4695,-1.4929,0.93
43.5107,-1.4869,0.51
43.497,-1.4273,1.94
43.4948,-1.4789,3.73
43.5077,-1.47,1.93
43.4831,-1.4845,0.31
43.4936,-1.4916,3.15
43.4883,-1.4509,0.82
43.5049,-1.4636,0.15
43.4824,-1.4825,0.61
43.4849,-1.4764,0.1
43.4737,-1.4831,0.15
43.4962,-1.4451,3.09
43.4929,-1.4795,26.01
43.4845,-1.4833,0.31
43.474,-1.4791,
43.4965,-1.4595,
43.496,-1.4698,0.22
43.4953,-1.4666,0.64
43.4828,-1.4859,26.8
43.469,-1.4901,3.34
43.4572,-1.4863,
43.505,-1.4621,1.51
43.501,-1.4541,
43.4782,-1.5014,1.41
43.5031,-1.4636,1.7
43.4949,-1.4525,2.59
43.4933,-1.4475,1.23
43.489,-1.496,
43.4782,-1.4921,0.05
43.4927,-1.4866,1.75
43.4802,-1.4751,0.74
43.4766,-1.4527,0.11
43.5041,-1.4841,0.76
43.4931,-1.454,0.84
43.4838,-1.4749,18.95
43.4919,-1.4534,1.15
43.464,-1.4957,0.2
43.5008,-1.4482,
43.4778,-1.492,0.91
43.4949,-1.4536,7.15
43.4963,-1.4852,0.23
43.4778,-1.5002,1.67
43.504,-1.4217,1.11
43.5014,-1.4494,2.72
43.5099,-1.4668,2.77
43.4838,-1.4855,1.8
43.4979,-1.4793,1.86
43.5105,-1.4656,1.01
43.4682,-1.4938,0.75
43.487,-1.4722,
43.4907,-1.4808,0.93
43.4851,-1.4835,0.1
43.5066,-1.4582,
43.4933,-1.4686,
43.4861,-1.4733,4.26
43.4981,-1.4676,1.27
43.4794,-1.4539,0.9
43.4896,-1.4742,
43.4891,-1.456,2.29
43.4883,-1.4942,0.1
43.5035,-1.4502,6.25
43.4811,-1.4943,3.12
43.493,-1.4792,3.52
43.496,-1.4845,0.17
43.4795,-1.4573,3.77
43.4872,-1.4854,2.7
43.4863,-1.4671,2.0
43.4939,-1.4585,7.62
43.5103,-1.4883,0.57
43.4915,-1.4517,
43.484,-1.4994,0.32
43.4853,-1.478,12.46
43.4903,-1.4838,0.19
43.4606,-1.4817,
43.4686,-1.4849,
43.5033,-1.4906,
43.4824,-1.488,
43.4903,-1.482,2.39
43.4955,-1.464,1.73
43.4893,-1.4668,0.52
43.5,-1.4657,1.4
43.4943,-1.4794,14.85
43.479,-1.4756,
43.4867,-1.4781,9.35
43.4922,-1.4647,1.72
43.4736,-1.4825,0.85
43.4757,-1.4843,1.43
43.5126,-1.4702,0.21
43.4899,-1.4535,0.37
43.4783,-1.489,1.73
43.4836,-1.5014,2.71
43.4911,-1.4921,1.05
43.4939,-1.445,0.01
43.4948,-1.4779,7.57
43.4795,-1.4922,3.27
43.4971,-1.4878,1.57
43.4969,-1.4836,2.33
43.4837,-1.4453,2.33
43.4952,-1.4354,0.56
43.4968,-1.4445,0.38
43.4785,-1.4537,2.66
43.4929,-1.4778,0.54
43.4894,-1.478,12.01
43.5056,-1.4634,1.64
43.5113,-1.4885,0.45
43.464,-1.4821,
43.5015,-1.4824,1.1
43.4827,-1.4723,
43.4715,-1.4916,24.7
43.4929,-1.4558,0.37
43.4977,-1.4313,0.99
43.5036,-1.4236,3.36
43.498,-1.4896,2.57
43.4884,-1.4592,2.13
43.5023,-1.4559,0.14
43.4964,-1.4888,0.24
43.5037,-1.4232,4.22
43.5049,-1.446,2.02
43.483,-1.4779,2.52
43.4778,-1.4686,0.1
43.5009,-1.4919,15.57
43.4839,-1.4999,0.02
43.484,-1.4723,
43.4929,-1.4903,0.2
43.4904,-1.4792,7.17
43.4654,-1.4928,1.69
43.499,-1.4489,1.68
43.4851,-1.4869,3.55
43.4839,-1.4758,
43.483,-1.4965,1.22
43.5056,-1.4663,1.39
43.5071,-1.4451,2.18
43.505,-1.4433,2.64
43.4928,-1.4798,
43.513,-1.4826,0.16
43.4917,-1.4894,1.94
43.4927,-1.4746,17.09
43.4898,-1.4565,0.16
43.491,-1.4622,0.59
43.4834,-1.4461,0.13
43.4948,-1.4779,13.7
43.4747,-1.485,1.92
43.4841,-1.4506,0.73
43.4783,-1.4816,3.25
43.4985,-1.4577,8.05
43.4951,-1.4784,1.13
43.4952,-1.4771,
43.4941,-1.453,1.26
43.4903,-1.4679,2.18
43.4867,-1.4554,0.04
43.4934,-1.4545,0.87
43.4969,-1.4939,2.42
43.4932,-1.4737,
43.486,-1.4746,0.77
43.4859,-1.466,3.75
43.493,-1.4559,1.04
43.5023,-1.4522,25.16
43.4936,-1.4668,2.29
43.4963,-1.4549,0.17
43.4806,-1.4824,0.19
43.4793,-1.4737,0.9
43.5003,-1.4563,5.51
43.4995,-1.4598,0.42
43.4775,-1.4721,
43.4906,-1.4909,9.48
43.5076,-1.4695,1.97
43.456,-1.4849,
43.4978,-1.46,1.71
43.4976,-1.4382,2.04
43.5022,-1.4618,0.35
43.4937,-1.4642,1.0
43.5016,-1.4534,23.53
43.4824,-1.4581,0.78
43.4798,-1.484,1.87
43.5,-1.4906,0.18
43.4709,-1.4838,
43.5126,-1.4702,0.1
43.5072,-1.486,3.82
43.4786,-1.4843,1.2
43.4876,-1.4836,1.24
43.4999,-1.4576,0.98
43.4904,-1.4929,0.77
43.4955,-1.4464,1.14
43.4795,-1.4563,2.08
43.4837,-1.4764,28.17
43.4922,-1.4724,0.41
43.4954,-1.4801,0.14
43.4787,-1.5013,1.7
43.5008,-1.4599,3.77
43.4941,-1.4781,5.15
43.493,-1.4803,2.95
43.481,-1.4777,0.66
43.4657,-1.4946,5.68
43.4937,-1.4509,2.78
43.4924,-1.4602,2.05
43.4818,-1.4836,1.0
43.4947,-1.4783,2.01
43.4747,-1.4801,
43.5049,-1.4633,0.12
43.4902,-1.4818,2.25
43.5,-1.42,0.05
43.5077,-1.4812,0.76
43.4941,-1.4685,0.47
43.4757,-1.4699,
43.498,-1.4861,17.13
43.5,-1.4562,1.41
43.5034,-1.4512,0.08
43.4884,-1.4825,17.42
43.4945,-1.4886,28.65
43.4878,-1.4744,3.35
43.4668,-1.4916,2.61
43.4819,-1.4826,2.12
43.4916,-1.4629,1.76
43.5109,-1.4316,0.11
43.4908,-1.4701,14.2
43.4962,-1.4737,7.76
43.4928,-1.4773,0.5
43.4981,-1.453,0.33
43.497,-1.4747,19.57
43.4985,-1.4563,0.12
43.4954,-1.4706,10.4
43.4695,-1.4878,1.1
43.4808,-1.475,0.42
43.4803,-1.4869,
43.4775,-1.4941,0.27
43.4785,-1.473,14.4
43.4906,-1.4851,1.61
43.4871,-1.4626,0.96
43.483,-1.4824,3.41
43.4869,-1.4743,5.86
43.4981,-1.4485,2.72
43.5028,-1.4404,1.61
43.5022,-1.4542,
43.5027,-1.4525,20.65
43.4975,-1.4513,24.01
43.4975,-1.4385,0.6
43.5049,-1.4637,0.24
43.4852,-1.4828,3.09
43.5083,-1.486,0.28
43.4834,-1.4892,16.02
43.502,-1.4897,
43.4774,-1.4744,
43.4805,-1.4822,6.03
43.4835,-1.4692,2.26
43.5126,-1.4384,0.23
43.4899,-1.4514,1.15
43.4876,-1.4828,2.33
43.4902,-1.486,0.38
43.4723,-1.4828,
43.488,-1.4828,2.15
43.4902,-1.4927,0.49
43.5033,-1.4515,0.36
43.4961,-1.485,3.05
43.5006,-1.456,
43.4965,-1.439,0.44
43.4813,-1.48,1.48
43.4866,-1.4622,0.14
43.4888,-1.488,2.59
43.485,-1.4717,
43.5103,-1.4431,0.2
43.4585,-1.4883,4.46
43.49,-1.454,1.57
43.5071,-1.458,0.59
43.4997,-1.4586,0.79
43.4688,-1.4902,4.8
43.4844,-1.4997,2.61
43.4818,-1.4864,0.76
43.4924,-1.4519,
43.5103,-1.4913,
43.49,-1.4629,10.97
43.491,-1.4751,23.66
43.4578,-1.4865,28.97
43.4802,-1.5009,2.87
43.495,-1.4458,1.05
43.5069,-1.4593,2.22
43.4655,-1.4953,0.07
43.5064,-1.4875,1.8
43.4902,-1.4731,20.63
43.4914,-1.4914,0.75
43.5016,-1.4553,12.5
43.4936,-1.4585,1.89
43.4911,-1.479,14.54
43.4934,-1.4766,0.71
43.473,-1.4861,0.99
43.4866,-1.4795,2.05
43.4891,-1.4794,11.45
43.4941,-1.4797,0.05
43.48,-1.4745,1.94
43.4972,-1.4636,0.43
43.4969,-1.4836,1.04
43.4879,-1.4639,7.4
43.4811,-1.4682,3.0
43.4933,-1.4937,17.82
43.4908,-1.4693,
43.4924,-1.4744,16.28
43.4821,-1.4857,3.94
43.511,-1.492,
43.4976,-1.429,0.32
43.4937,-1.4579,1.45
43.484,-1.4646,0.4
43.5072,-1.4618,1.88
43.4836,-1.4534,0.02
43.4876,-1.4834,1.47
43.4809,-1.4626,1.25
43.5084,-1.4604,0.53
43.4971,-1.4334,3.68
43.5083,-1.4645,1.29
43.511,-1.4706,1.54
43.4921,-1.4754,
43.4906,-1.4676,1.01
43.4706,-1.4838,
43.4844,-1.5009,2.55
43.4936,-1.477,0.19
43.4962,-1.4651,0.82
43.5054,-1.4609,0.69
43.5055,-1.4457,21.03
43.4928,-1.475,4.06
43.4833,-1.4874,2.45
43.5115,-1.434,1.24
43.4935,-1.4795,12.14
43.4826,-1.4785,0.78
43.4911,-1.4689,22.31
43.4787,-1.4683,0.8
43.4818,-1.4777,0.75
43.4775,-1.4896,0.9
43.4994,-1.4809,1.11
43.5119,-1.4352,0.39
43.4956,-1.4835,0.86
43.5021,-1.457,0.34
43.5085,-1.4366,3.37
43.5001,-1.4564,2.55
43.5119,-1.4867,0.25
43.505,-1.4761,2.31
43.498,-1.4187,0.1
43.5101,-1.4336,
43.4796,-1.4922,1.41
43.4838,-1.4664,1.14
43.4974,-1.4641,1.79
43.4855,-1.4948,0.12
43.482,-1.4686,0.88
43.5004,-1.4496,24.11
43.5076,-1.4804,0.67
43.4946,-1.4779,0.92
43.4931,-1.4753,1.54
43.4987,-1.4808,2.55
43.4932,-1.494,4.28
43.48,-1.4669,1.32
43.4775,-1.495,2.18
43.4974,-1.4602,0.19
43.5015,-1.4487,1.92
43.5008,-1.4394,0.87
43.4801,-1.4983,1.81
43.4865,-1.4945,0.48
43.507,-1.4551,0.2
43.487,-1.4755,27.74
43.5008,-1.4787,1.5
43.4786,-1.4937,1.01
43.5005,-1.4564,1.42
43.4906,-1.4808,0.45
43.4992,-1.4626,
43.4958,-1.4396,0.47
43.4946,-1.4891,25.82
43.5023,-1.4799,0.31
43.4865,-1.4843,0.99
43.5005,-1.4499,1.21
43.4909,-1.4946,0.32
43.4898,-1.4789,0.35
43.4947,-1.4626,0.74
43.4966,-1.4865,2.4
43.4839,-1.4565,0.44
43.476,-1.4907,3.33
43.5041,-1.4218,1.78
43.4568,-1.4859,
43.4867,-1.4681,1.44
43.479,-1.4843,1.39
43.492,-1.4604,1.92
43.5007,-1.4677,0.58
43.5159,-1.466,1.89
43.4876,-1.4801,
43.4951,-1.4779,19.72
43.4806,-1.4682,2.73
43.4938,-1.4638,0.25
43.5024,-1.4528,21.21
43.4903,-1.4658,
43.5016,-1.4387,1.92
43.5108,-1.4884,0.6
43.4756,-1.4842,2.64
43.503,-1.4472,2.74
43.5107,-1.4312,2.32
43.4903,-1.4707,0.87
43.4769,-1.4755,
43.4947,-1.479,10.95
43.5056,-1.4853,0.92
43.4828,-1.4952,1.35
43.4839,-1.4767,0.28
43.4898,-1.4942,2.21
43.4793,-1.456,1.94
43.4948,-1.4675,0.45
43.5053,-1.4655,0.33
43.494,-1.4691,0.61
43.5045,-1.4343,1.61
43.4728,-1.4816,
43.4942,-1.4608,2.68
43.473,-1.4898,1.69
43.4951,-1.4786,0.44
43.4689,-1.4874,0.58
43.508,-1.4835,3.38
43.4916,-1.4839,2.33
43.5058,-1.4569,0.27
43.5054,-1.4645,0.2
43.495,-1.4611,0.21
43.4976,-1.4382,0.97
43.476,-1.4496,1.29
43.486,-1.4878,1.07
43.4809,-1.4612,2.68
43.4948,-1.4652,0.94
43.5093,-1.468,2.03
43.5047,-1.4841,0.07
43.4846,-1.4744,
43.4658,-1.4945,4.98
43.4797,-1.4654,0.81
43.494,-1.4945,5.86
43.4876,-1.4644,10.42
43.4869,-1.477,2.35
43.4925,-1.4652,3.12
43.4844,-1.498,3.5
43.4866,-1.4787,1.94
43.5077,-1.4814,0.28
43.4867,-1.4681,1.67
43.4951,-1.4416,0.11
43.4925,-1.4427,1.22
43.5016,-1.4669,
43.4946,-1.4624,2.87
43.4948,-1.4679,1.92
43.4949,-1.4915,1.65
43.4763,-1.4769,
43.4992,-1.45,3.8
43.4786,-1.4956,1.71
43.4928,-1.4771,2.1
43.5013,-1.4577,
43.4745,-1.4851,5.63
43.5024,-1.4488,1.77
43.4916,-1.4648,0.31
43.4881,-1.4829,0.53
43.4793,-1.4844,10.92
43.5139,-1.4673,1.35
43.488,-1.4831,1.4
43.4937,-1.4679,0.27
43.4928,-1.4803,2.53
43.498,-1.419,0.58
43.4928,-1.4589,1.43
43.4907,-1.472,0.08
43.5,-1.4538,3.01
43.4945,-1.4854,0.87
43.4989,-1.458,0.31
43.4885,-1.4624,
43.4818,-1.454,0.36
43.4875,-1.4616,0.24
43.5049,-1.4672,0.9
43.4756,-1.4892,1.66
43.4979,-1.4799,23.94
43.4943,-1.4676,9.18
43.4987,-1.4791,1.51
43.4783,-1.4816,0.99
43.4774,-1.4685,1.01
43.4831,-1.4728,
43.4892,-1.4631,
43.507,-1.472,0.57
43.509,-1.4645,1.07
43.4764,-1.4689,3.55
43.4829,-1.4903,0.56
43.4772,-1.496,2.85
43.4681,-1.4912,6.68
43.4786,-1.4885,1.39
43.4965,-1.4581,1.24
43.4955,-1.4599,
43.4934,-1.4447,2.5
43.4886,-1.4617,2.93
43.4969,-1.4347,0.72
43.4806,-1.5002,1.66
43.4831,-1.5007,1.87
43.4725,-1.4864,0.59
43.4853,-1.4733,17.59
43.4861,-1.4709,2.43
43.5091,-1.4671,0.26
43.477,-1.4753,
43.5045,-1.4455,1.01
43.4813,-1.4593,0.32
43.4825,-1.4984,0.6
43.4789,-1.4493,
43.4983,-1.4623,2.96
43.5094,-1.4727,0.27
43.5002,-1.4461,3.21
43.4917,-1.4815,14.43
43.4871,-1.4523,1.82
43.4812,-1.4824,13.35
43.4817,-1.4619,1.83
43.4908,-1.49,3.21
43.4949,-1.4787,1.96
43.4874,-1.491,0.98
43.4767,-1.4857,0.64
43.4953,-1.4687,
43.4772,-1.495,1.01
43.481,-1.4681,1.42
43.4861,-1.4899,0.72
43.4987,-1.482,3.57
43.4946,-1.4784,1.15
43.4883,-1.4703,
43.4909,-1.4818,1.37
43.5027,-1.4384,0.65
43.4981,-1.4675,0.57
43.4923,-1.4537,6.53
43.4956,-1.4517,3.72
43.4822,-1.4877,3.86
43.4845,-1.485,0.13
43.4911,-1.4923,0.01
43.4871,-1.4813,25.11
43.4811,-1.4758,1.6
43.4897,-1.4669,5.91
43.499,-1.4791,1.9
43.4788,-1.472,
43.5069,-1.4578,14.93
43.5067,-1.4838,0.56
43.4696,-1.4937,
43.4857,-1.4878,1.08
43.4901,-1.4576,3.08
43.5101,-1.4673,1.29
43.5,-1.4655,6.94
43.4811,-1.4805,0.23
43.4946,-1.4906,3.09
43.5044,-1.4487,3.32
43.4892,-1.4824,6.26
43.4878,-1.4825,4.71
43.4866,-1.4794,2.48
43.4802,-1.5035,2.98
43.4907,-1.4687,
43.4866,-1.4787,1.93
43.5064,-1.4584,27.57
43.4896,-1.4762,
43.4836,-1.4554,0.54
43.4981,-1.4839,
43.4896,-1.4552,1.38
43.4939,-1.4759,
43.4789,-1.4754,
43.4972,-1.4513,4.16
43.4816,-1.463,2.5
43.4598,-1.4827,
43.5,-1.455,0.87
43.4909,-1.4733,0.27
43.4639,-1.497,1.42
43.4862,-1.4899,4.12
43.4791,-1.476,
43.4869,-1.4773,1.19
43.5078,-1.4873,0.13
43.4907,-1.4819,1.89
43.47,-1.4885,4.83
43.5091,-1.4917,
43.4779,-1.4928,0.27
43.4978,-1.486,0.52
43.4763,-1.4689,3.88
43.4952,-1.4882,21.5
43.4944,-1.4758,
43.484,-1.4635,0.05
43.4974,-1.4238,0.56
43.4988,-1.482,11.89
43.4983,-1.4468,0.81
43.4946,-1.4752,
43.4865,-1.4707,0.0
43.4932,-1.4802,2.74
43.4879,-1.4746,4.09
43.4968,-1.4889,5.03
43.5047,-1.443,1.61
43.4961,-1.4695,24.72
43.4895,-1.4749,1.55
43.4915,-1.4892,1.19
43.5114,-1.4326,1.03
43.5,-1.4668,0.3
43.4994,-1.4382,0.08
43.5082,-1.4864,0.76
43.4582,-1.4872,1.6
43.4671,-1.4944,0.22
43.4931,-1.4526,0.16
43.4974,-1.4236,0.62
43.4888,-1.4798,1.36
43.4791,-1.45,5.39
43.5032,-1.4251,1.34
43.4693,-1.4896,3.15
43.4878,-1.4793,
43.4969,-1.4685,1.55
43.4933,-1.4729,2.3
43.482,-1.4915,0.48
43.4991,-1.4378,1.0
43.4881,-1.4489,1.39
43.4967,-1.4878,19.73
43.5104,-1.4341,
43.4946,-1.4803,
43.4908,-1.4704,10.58
43.497,-1.4768,5.45
43.4952,-1.4802,0.69
43.4926,-1.4912,5.1
43.5153,-1.4665,2.5
43.4897,-1.4929,1.81
43.4672,-1.4878,4.65
43.5071,-1.4609,2.32
43.495,-1.4848,0.07
43.4929,-1.4763,3.35
43.4762,-1.4518,0.18
43.4782,-1.455,2.81
43.4883,-1.4743,
43.4747,-1.4833,1.09
43.487,-1.4742,1.98
43.4955,-1.4834,0.66
43.4745,-1.49,1.77
43.4929,-1.4776,0.84
43.4901,-1.4452,1.45
43.4597,-1.4958,2.65
43.4926,-1.4518,
43.4766,-1.4529,0.36
43.5047,-1.4467,2.66
43.4929,-1.4928,1.21
43.5106,-1.492,
43.4914,-1.496,0.6
43.5024,-1.4786,4.13
43.4882,-1.4817,0.7
43.5063,-1.4612,0.15
43.4835,-1.4778,4.03
43.5089,-1.4659,0.99
43.4791,-1.4987,9.04
43.4983,-1.4584,0.66
43.4972,-1.4451,1.43
43.4927,-1.471,
43.4606,-1.4958,4.39
43.4915,-1.4786,1.23
43.4874,-1.4743,8.13
43.4934,-1.4475,1.23
43.5072,-1.4334,0.2
43.4938,-1.4659,2.27
43.5105,-1.4335,
43.4889,-1.4565,17.73
43.4795,-1.4777,0.65
43.4822,-1.4581,1.31
43.498,-1.4669,1.35
43.4956,-1.4701,2.78
43.5146,-1.4614,0.83
43.4984,-1.461,1.22
43.4897,-1.4793,7.03
43.4508,-1.4952,3.2
43.5095,-1.4647,2.28
43.4926,-1.479,23.97
43.4763,-1.4955,1.48
43.5055,-1.4599,0.58
43.4999,-1.4817,1.74
43.5035,-1.4691,2.57
43.4874,-1.4589,2.28
43.4927,-1.4786,1.01
43.4993,-1.4545,1.5
43.4957,-1.4897,0.43
43.4938,-1.4689,0.35
43.4931,-1.452,0.64
43.4908,-1.4727,0.12
43.4939,-1.4823,2.03
43.5027,-1.4502,25.86
43.4779,-1.495,0.81
43.508,-1.4654,0.39
43.4766,-1.4946,0.64
43.5033,-1.4504,
43.508,-1.4646,0.65
43.486,-1.4705,29.65
43.4919,-1.4513,
43.4906,-1.4635,0.5
43.5118,-1.4634,0.31
43.4842,-1.4761,
43.4958,-1.4724,8.48
43.5035,-1.4264,0.56
43.4711,-1.4847,
43.4604,-1.4954,0.95
43.4841,-1.4724,
43.5069,-1.464,1.8
43.5009,-1.4889,
43.4849,-1.4759,23.96
43.5,-1.4669,6.4
43.4913,-1.466,
43.4982,-1.4365,0.03
43.4509,-1.4952,1.09
43.5039,-1.4268,0.22
43.4832,-1.488,
43.4845,-1.4972,0.41
43.482,-1.4656,2.23
43.4861,-1.4662,0.68
43.5025,-1.4543,1.35
43.4922,-1.4797,
43.4935,-1.4758,5.57
43.4866,-1.4692,1.54
43.4836,-1.4974,3.69
43.4871,-1.4936,0.39
43.4605,-1.4953,1.14
43.4648,-1.4954,2.82
43.4926,-1.4805,2.22
43.5013,-1.4539,
43.4921,-1.4773,22.99
43.4858,-1.466,0.89
43.4936,-1.4576,1.32
43.4923,-1.4651,0.49
43.4963,-1.4705,0.31
43.5009,-1.4922,0.98
43.4911,-1.4445,0.59
43.4906,-1.4624,0.69
43.4836,-1.4745,0.8
43.4928,-1.4879,0.82
43.4835,-1.5014,0.12
43.495,-1.4771,
43.5048,-1.4467,2.51
43.4978,-1.4612,1.13
43.481,-1.4577,19.25
43.4691,-1.4875,0.03
43.4936,-1.4776,1.45
43.4931,-1.4754,5.4
43.4874,-1.4847,0.77
43.4677,-1.4918,5.15
43.5077,-1.4822,1.01
43.479,-1.4988,1.74
43.5083,-1.4444,1.43
43.5041,-1.4497,3.55
43.5054,-1.4292,2.89
43.4936,-1.4926,2.13
43.4898,-1.4733,
43.4896,-1.492,0.5
43.4944,-1.4681,3.07
43.4944,-1.4781,15.02
43.4852,-1.4779,1.3
43.5114,-1.4646,18.03
43.4885,-1.4829,0.72
43.4962,-1.4684,
43.4885,-1.4938,1.11
43.4939,-1.4518,1.74
43.4702,-1.4884,1.12
43.5078,-1.4342,18.64
43.4943,-1.4597,0.76
43.4915,-1.454,3.21
43.4878,-1.4603,3.2
43.4896,-1.4681,7.48
43.4925,-1.4642,0.33
43.5084,-1.4659,1.49
43.4826,-1.4979,0.02
43.4859,-1.4783,
43.4886,-1.4673,0.12
43.4811,-1.4883,2.61
43.481,-1.4966,0.04
43.4794,-1.4924,0.15
43.4779,-1.4753,
43.4879,-1.4831,4.57
43.5057,-1.4739,0.75
43.4869,-1.4866,0.72
43.4849,-1.459,0.03
43.4587,-1.4854,
43.5067,-1.4688,12.55
43.492,-1.4951,1.15
43.4868,-1.4679,3.8
43.4889,-1.4755,
43.4756,-1.4519,17.96
43.4977,-1.4402,
43.5018,-1.4564,0.99
43.4995,-1.4588,2.22
43.496,-1.4397,0.52
43.4741,-1.4897,2.51
43.4889,-1.4563,2.11
43.4869,-1.4803,0.17
43.4943,-1.4581,2.15
43.4896,-1.4588,0.91
43.482,-1.4681,2.56
43.4943,-1.4385,2.51
43.5038,-1.4494,1.82
43.4966,-1.4694,0.65
43.4922,-1.4536,3.94
43.4912,-1.4491,1.46
43.495,-1.4649,0.3
43.4796,-1.5006,0.22
43.4874,-1.4567,1.97
43.4983,-1.4906,1.61
43.4812,-1.5013,0.18
43.4687,-1.4849,
43.5009,-1.4556,
43.4782,-1.4884,0.82
43.4514,-1.4953,2.44
43.5058,-1.4673,0.36
43.5064,-1.4738,0.29
43.4652,-1.4843,21.32
43.4983,-1.4922,2.34
43.4915,-1.4729,10.08
43.4838,-1.4832,0.1
43.4955,-1.4599,
43.4992,-1.4626,
43.479,-1.4588,5.98
43.489,-1.4492,1.76
43.4941,-1.467,20.96
43.5,-1.4534,0.97
43.4918,-1.4808,12.57
43.4812,-1.4609,5.15
43.4953,-1.4708,1.22
43.4753,-1.4846,3.1
43.478,-1.4928,1.08
43.5059,-1.4636,1.63
43.4899,-1.4873,2.61
43.4913,-1.4768,11.83
43.4899,-1.4875,2.71
43.4808,-1.4572,0.48
43.4759,-1.4727,
43.4954,-1.4585,
43.4866,-1.474,2.34
43.4952,-1.4635,2.84
43.4937,-1.4785,3.1
43.4872,-1.4847,0.25
43.4797,-1.4579,0.83
43.4961,-1.4431,0.73
43.4774,-1.4897,0.61
43.5018,-1.4475,
43.4852,-1.4848,1.5
43.4815,-1.4879,3.17
43.4845,-1.4966,5.44
43.4867,-1.4985,
43.4912,-1.4532,1.33
43.4911,-1.4921,0.1
43.4675,-1.4846,
43.5047,-1.4325,0.61
43.4855,-1.4709,
43.4862,-1.4894,2.98
43.497,-1.4519,0.57
43.5069,-1.4452,2.46
43.4976,-1.4304,3.05
43.4805,-1.5019,1.4
43.4892,-1.4799,22.97
43.4967,-1.4819,23.59
43.497,-1.4881,1.46
43.4927,-1.4916,1.05
43.5031,-1.4379,0.59
43.4975,-1.4354,0.13
43.492,-1.4604,1.57
43.4843,-1.4978,0.63
43.504,-1.4221,1.63
43.4845,-1.4824,0.77
43.4949,-1.4785,8.9
43.4921,-1.475,
43.488,-1.4752,1.65
43.4975,-1.436,1.39
43.4811,-1.4812,6.07
43.4782,-1.4849,
43.5013,-1.448,
43.5036,-1.4747,4.27
43.4902,-1.469,
43.4962,-1.4351,2.12
43.4957,-1.4708,0.27
43.4755,-1.4905,1.98
43.501,-1.454,
43.4848,-1.4958,1.53
43.4948,-1.4412,1.59
43.4851,-1.4946,0.69
43.493,-1.4761,2.04
43.4791,-1.503,1.38
43.4936,-1.4786,0.8
43.4917,-1.4701,5.38
43.5026,-1.4761,2.73
43.4807,-1.4856,0.06
43.4844,-1.4816,0.15
43.4858,-1.4736,3.7
43.4862,-1.4758,0.96
43.4982,-1.4912,3.76
43.4886,-1.4759,
43.5065,-1.4596,12.99
43.4736,-1.4858,3.33
43.4935,-1.4563,0.26
43.5054,-1.4606,0.92
43.4872,-1.4497,1.36
43.4936,-1.4923,3.64
43.4907,-1.4868,2.77
43.4977,-1.4632,3.93
43.4899,-1.4488,0.71
43.5006,-1.4805,2.51
43.4966,-1.4793,
43.5013,-1.4204,0.55
43.4868,-1.47,0.79
43.4787,-1.4908,1.74
43.4959,-1.4397,0.24
43.5076,-1.4592,
43.4778,-1.4723,
43.4993,-1.4817,1.51
43.4941,-1.4658,23.12
43.5096,-1.4584,0.45
43.4915,-1.4946,0.93
43.4892,-1.4793,3.93
43.4795,-1.4736,14.07
43.4937,-1.4616,0.15
43.4826,-1.4844,0.02
43.5106,-1.4309,0.15
43.4951,-1.4579,
43.4858,-1.4719,0.23
43.5084,-1.4603,0.65
43.4949,-1.4579,25.19
43.4782,-1.4516,1.39
43.4968,-1.4689,2.39
43.507,-1.4323,0.86
43.4787,-1.5008,
43.5011,-1.4891,
43.4821,-1.4713,
43.5034,-1.4647,1.0
43.4951,-1.4785,1.71
43.4816,-1.4914,3.7
43.4783,-1.4731,0.84
43.4765,-1.4946,0.71
43.488,-1.4815,6.37
43.497,-1.4876,1.5
43.4927,-1.4534,6.32
43.4941,-1.4783,3.32
43.49,-1.4603,1.82
43.4561,-1.485,
43.5019,-1.4556,27.56
43.5124,-1.4387,0.05
43.491,-1.4819,14.27
43.4861,-1.4901,2.91
43.491,-1.4924,1.22
43.5067,-1.4915,
43.4787,-1.4986,1.16
43.4974,-1.4566,0.18
43.4985,-1.4806,1.9
43.4959,-1.4602,1.35
43.5043,-1.4674,0.01
43.4917,-1.455,0.65
43.4905,-1.4759,
43.4833,-1.4667,1.54
43.5003,-1.4563,8.22
43.4869,-1.4633,0.36
43.5004,-1.4494,
43.4957,-1.4516,3.83
43.4928,-1.4778,0.23
43.4957,-1.4886,1.58
43.4894,-1.4511,0.53
43.4978,-1.4856,17.1
43.4958,-1.4373,1.6
43.4996,-1.4571,28.68
43.4753,-1.4907,3.91
43.4789,-1.4978,0.87
43.5071,-1.4875,1.12
43.5082,-1.4354,1.28
43.4501,-1.4934,2.93
43.4797,-1.5003,0.54
43.4845,-1.4795,13.15
43.4745,-1.4804,
43.5053,-1.4713,0.62
43.5018,-1.4485,0.88
43.4932,-1.455,1.25
43.4909,-1.4536,0.27
43.4826,-1.4471,8.83
43.5015,-1.4559,28.2
43.4931,-1.4559,0.33
43.484,-1.4995,0.29
43.4838,-1.4519,1.47
43.4899,-1.4596,1.36
43.4838,-1.4843,0.68
43.485,-1.4863,2.87
43.4839,-1.4455,4.42
43.4874,-1.4673,1.33
43.5093,-1.4818,0.31
43.4839,-1.4468,1.53
43.5058,-1.4574,0.82
43.4758,-1.4959,3.83
43.498,-1.4612,1.77
43.4789,-1.4753,
43.4892,-1.4773,
43.4621,-1.4811,
43.4915,-1.4539,2.63
43.4837,-1.4825,1.18
43.4872,-1.494,2.2
43.5113,-1.4323,1.06
43.4968,-1.4747,0.83
43.5002,-1.4685,0.93
43.4909,-1.472,0.03
43.4855,-1.4759,1.31
43.4831,-1.4823,11.39
43.4871,-1.4935,1.14
43.4943,-1.4695,1.61
43.4802,-1.4749,1.53
43.5043,-1.4492,3.44
43.4803,-1.4601,0.68
43.4972,-1.4888,1.08
43.4825,-1.4825,0.49
43.4918,-1.4772,1.34
43.4923,-1.4679,
43.4679,-1.4939,0.59
43.4869,-1.4744,14.0
43.4828,-1.4659,0.01
43.5045,-1.4348,1.52
43.4935,-1.4471,1.05
43.4954,-1.4944,2.53
43.4837,-1.4756,
43.5034,-1.4649,1.87
43.4917,-1.4845,4.54
43.4942,-1.4676,2.75
43.483,-1.4769,0.26
43.4881,-1.4815,5.98
43.4915,-1.476,
43.5052,-1.4859,0.73
43.5035,-1.4668,1.43
43.4936,-1.4691,
43.4983,-1.4567,19.43
43.4912,-1.4768,28.91
43.5,-1.4795,1.91
43.4838,-1.4447,0.98
43.4831,-1.4768,0.84
43.4895,-1.4783,1.13
43.487,-1.4764,1.14
43.484,-1.4663,2.68
43.4895,-1.4822,9.39
43.4899,-1.491,0.14
43.4916,-1.4538,1.87
43.4973,-1.4846,0.06
43.4872,-1.4669,7.33
43.4943,-1.4836,0.66
43.4904,-1.4611,1.6
43.4874,-1.466,1.18
43.4993,-1.456,0.82
43.4902,-1.4791,0.39
43.4788,-1.4554,1.48
43.4932,-1.4889,0.07
43.4883,-1.4782,0.55
43.4882,-1.4743,
43.4902,-1.4815,1.7
43.4987,-1.4475,3.65
43.4919,-1.4748,
43.5055,-1.4601,0.71
43.5043,-1.4906,
43.4948,-1.4711,6.28
43.4922,-1.4949,1.04
43.4932,-1.4943,0.6
43.4979,-1.4824,4.79
43.4909,-1.4775,17.37
43.4827,-1.4834,1.49
43.4971,-1.4357,0.34
43.4896,-1.4824,0.28
43.4953,-1.4944,2.42
43.4812,-1.4814,4.79
43.4971,-1.4837,0.31
43.5007,-1.4794,1.0
43.492,-1.4568,2.18
43.4503,-1.4934,2.04
43.5084,-1.4854,0.09
43.4958,-1.4842,0.28
43.4899,-1.4794,17.51
43.4973,-1.4241,0.54
43.4967,-1.4594,
43.4575,-1.4864,
43.5056,-1.4864,2.29
43.4754,-1.4794,0.59
43.4937,-1.4582,1.14
43.5125,-1.4703,0.09
43.4912,-1.4805,21.09
43.5067,-1.4597,0.99
43.497,-1.4503,1.91
43.4865,-1.4707,0.23
43.4914,-1.4622,19.85
43.4897,-1.4747,18.27
43.4813,-1.4593,5.02
43.4941,-1.475,
43.4971,-1.4449,1.4
43.5131,-1.4677,3.0
43.4935,-1.4839,2.08
43.4864,-1.4672,1.86
43.4867,-1.4774,0.08
43.5119,-1.446,3.59
43.4884,-1.4586,0.76
43.5062,-1.4737,1.13
43.4961,-1.4367,2.82
43.4814,-1.4997,3.75
43.4856,-1.4857,1.26
43.4929,-1.4505,0.24
43.485,-1.481,
43.4773,-1.495,1.24
43.5054,-1.4612,0.89
43.4949,-1.4538,5.84
43.4791,-1.4901,3.04
43.4837,-1.486,2.54
43.4732,-1.4825,29.53
43.5025,-1.4489,1.9
43.4759,-1.4842,0.86
43.4796,-1.4657,2.18
43.4962,-1.4735,3.26
43.5068,-1.4314,1.43
43.4979,-1.4459,0.54
43.4794,-1.5024,0.23
43.5067,-1.4838,1.17
43.4982,-1.4467,0.93
43.4586,-1.4884,4.45
43.4976,-1.4787,2.08
43.4919,-1.4738,28.27
43.4871,-1.4858,1.48
43.4749,-1.4901,0.76
43.4935,-1.4884,2.74
43.4908,-1.4684,24.94
43.5064,-1.4639,1.66
43.4841,-1.4656,3.53
43.4923,-1.4766,15.74
43.4971,-1.4838,2.16
43.4954,-1.4781,28.24
43.4934,-1.4597,1.9
43.4867,-1.4682,0.16
43.4973,-1.468,2.5
43.4862,-1.4763,1.04
43.4813,-1.4989,1.7
43.4904,-1.4551,0.91
43.4844,-1.4573,1.11
43.4885,-1.4798,0.22
43.4845,-1.4725,
43.4839,-1.4964,2.65
43.4874,-1.4595,2.81
43.4908,-1.481,0.46
43.4839,-1.4564,0.58
43.4881,-1.4673,0.05
43.4601,-1.4893,2.09
43.4879,-1.454,0.31
43.5108,-1.4866,0.5
43.4911,-1.4758,
43.4896,-1.4812,0.97
43.4799,-1.4849,17.32
43.483,-1.4825,4.4
43.4708,-1.492,2.0
43.4938,-1.4748,
43.4962,-1.4703,11.94
43.4786,-1.5046,5.91
43.482,-1.4788,0.11
43.4892,-1.4736,
43.4937,-1.4928,2.34
43.4872,-1.4693,0.86
43.4697,-1.489,1.55
43.4645,-1.4953,2.56
43.4724,-1.4864,0.64
43.5018,-1.4565,6.31
43.4902,-1.4584,1.49
43.4887,-1.489,4.33
43.4928,-1.4729,17.92
43.507,-1.4714,0.54
43.5043,-1.4843,1.01
43.493,-1.4528,0.25
43.4908,-1.4898,0.2
43.486,-1.4723,1.02
43.4921,-1.4696,
43.4911,-1.4787,3.4
43.486,-1.4826,8.91
43.5004,-1.4506,0.15
43.4913,-1.469,3.17
43.4958,-1.4519,0.57
43.4955,-1.4673,
43.4846,-1.4745,
43.4836,-1.496,0.8
43.4954,-1.457,0.55
43.4766,-1.4804,16.11
43.4962,-1.4562,0.92
43.487,-1.4698,0.01
43.4825,-1.4671,0.19
43.4915,-1.4871,2.31
43.5006,-1.4497,0.05
43.4883,-1.4538,1.27
43.4972,-1.451,0.98
43.5001,-1.4909,0.39
43.4893,-1.4967,
43.4852,-1.4715,
43.4863,-1.489,1.63
43.4921,-1.4776,
43.4799,-1.4711,
43.4853,-1.4749,
43.4937,-1.4868,0.0
43.4841,-1.4476,9.11
43.4809,-1.4997,4.6
43.4877,-1.4835,1.74
43.4998,-1.4541,4.46
43.5097,-1.469,2.19
43.5047,-1.4658,1.77
43.5043,-1.4664,0.76
43.4797,-1.4783,2.23
43.4814,-1.4827,4.27
43.5017,-1.4475,
43.4818,-1.4867,0.59
43.493,-1.4648,1.3
43.4933,-1.4792,7.6
43.5015,-1.4544,1.33
43.4915,-1.4695,8.99
43.4868,-1.4679,3.96
43.4908,-1.4544,1.09
43.4807,-1.4605,0.46
43.5006,-1.4843,
43.4965,-1.46,1.75
43.5034,-1.4695,1.46
43.4733,-1.4823,14.39
43.4969,-1.4562,5.18
43.4988,-1.4817,4.31
43.5005,-1.4669,5.1
43.4607,-1.4953,1.49
43.4913,-1.4601,1.65
43.4921,-1.4853,0.12
43.4955,-1.4648,0.94
43.483,-1.4967,0.61
43.4785,-1.4685,1.38
43.5011,-1.4549,
43.4946,-1.4828,1.83
43.499,-1.4366,2.61
43.4665,-1.4932,4.08
43.4875,-1.4972,
43.4867,-1.4784,1.82
43.4798,-1.4924,0.21
43.4845,-1.4619,2.4
43.4846,-1.4578,6.67
43.511,-1.4348,0.52
43.5028,-1.4841,1.64
43.4832,-1.4907,14.93
43.4944,-1.458,1.66
43.4936,-1.49,0.64
43.492,-1.4443,2.05
43.4674,-1.4912,0.45
43.4757,-1.4798,2.6
43.5036,-1.4237,3.06
43.4905,-1.4617,3.71
43.4907,-1.4778,9.0
43.4871,-1.4817,
43.497,-1.4448,1.24
43.4898,-1.4769,
43.4872,-1.4853,0.1
43.4789,-1.4719,
43.4896,-1.4691,
43.4917,-1.4617,0.89
43.4928,-1.4756,
43.5072,-1.4638,0.95
43.4998,-1.4553,15.05
43.5108,-1.4694,0.44
43.5036,-1.4632,2.18
43.505,-1.4461,0.94
43.5047,-1.463,0.54
43.5023,-1.4897,
43.4972,-1.4882,1.36
43.4832,-1.4781,2.06
43.4879,-1.4964,
43.4894,-1.4532,1.74
43.4871,-1.4628,0.86
43.4769,-1.4913,2.34
43.515,-1.4667,1.81
43.5003,-1.4912,0.18
43.4914,-1.4603,2.11
43.4953,-1.4377,0.16
43.4665,-1.4909,14.4
43.491,-1.4843,0.29
43.4986,-1.4489,1.77
43.4935,-1.4666,2.53
43.4934,-1.4778,0.94
43.4961,-1.4581,1.04
43.4821,-1.4687,1.2
43.4664,-1.4947,1.75
43.5023,-1.4816,0.17
43.5018,-1.4775,0.13
43.4946,-1.478,7.55
43.4814,-1.483,1.59
43.4944,-1.4608,1.02
43.5041,-1.4732,5.74
43.497,-1.458,1.53
43.5005,-1.4811,0.92
43.5098,-1.4645,0.49
43.49,-1.4538,0.41
43.4926,-1.4628,0.5
43.4978,-1.4834,
43.4853,-1.4938,1.93
43.4955,-1.4893,1.51
43.4924,-1.4768,0.31
43.4966,-1.4347,0.56
43.4973,-1.4839,13.63
43.4944,-1.4947,0.84
43.4755,-1.4902,2.9
43.4916,-1.48,
43.4929,-1.4589,1.06
43.4854,-1.4936,0.7
43.5034,-1.448,0.79
43.4797,-1.486,2.48
43.4883,-1.4798,19.88
43.4628,-1.4955,0.15
43.4913,-1.486,0.3
43.4957,-1.4797,9.75
43.4897,-1.4535,0.52
43.5096,-1.4917,
43.4803,-1.4944,2.51
43.5083,-1.4356,2.48
43.5089,-1.4463,
43.4892,-1.4923,1.24
43.4967,-1.46,0.72
43.4887,-1.4759,
43.485,-1.4708,
43.4791,-1.4547,2.96
43.499,-1.4552,
43.4988,-1.4882,0.04
43.4938,-1.488,0.63
43.4887,-1.4827,0.18
43.4942,-1.4753,
43.4818,-1.486,1.83
43.5132,-1.4677,2.71
43.5056,-1.4732,0.24
43.4894,-1.4796,22.47
43.4963,-1.4706,2.77
43.4945,-1.4579,1.06
43.473,-1.4899,1.68
43.4948,-1.4411,1.32
43.511,-1.4316,2.32
43.5013,-1.4578,
43.4745,-1.4903,17.19
43.4826,-1.4785,0.68
43.4934,-1.4763,0.44
43.4821,-1.4982,0.7
43.4993,-1.4379,0.26
43.4875,-1.4588,2.92
43.4953,-1.4545,2.21
43.4828,-1.4783,3.27
43.4915,-1.4783,0.59
43.4944,-1.4883,0.91
43.451,-1.4953,3.79
43.4881,-1.4885,0.59
43.4905,-1.462,6.18
43.4663,-1.4962,2.06
43.4828,-1.4825,0.08
43.4857,-1.4878,0.91
43.4904,-1.4849,1.32
43.4967,-1.4506,5.37
43.4773,-1.4819,1.22
43.4932,-1.464,0.08
43.4946,-1.489,
43.496,-1.4754,
43.5036,-1.4519,2.68
43.5075,-1.463,0.22
43.483,-1.4893,26.78
43.4914,-1.4646,0.65
43.4833,-1.4467,0.31
43.4912,-1.4624,0.51
43.492,-1.4694,
43.4709,-1.4917,0.1
43.4924,-1.4943,3.27
43.4811,-1.4807,2.08
43.4938,-1.4817,1.16
43.4884,-1.4588,1.11
43.5034,-1.4679,3.57
43.4958,-1.4838,0.01
43.4848,-1.4662,0.21
43.4804,-1.457,2.36
43.4866,-1.4799,0.66
43.4981,-1.4565,
43.4854,-1.4722,20.24
43.5009,-1.4573,29.31
43.4934,-1.4682,2.68
43.4802,-1.447,1.17
43.4582,-1.4957,1.49
43.4963,-1.4863,2.42
43.4794,-1.4993,
43.4996,-1.4586,2.39
43.5014,-1.4556,22.16
43.4948,-1.4923,
43.4957,-1.4802,2.39
43.5081,-1.4665,0.75
43.5011,-1.4383,1.63
43.5037,-1.4836,0.73
43.4935,-1.4669,0.85
43.4937,-1.4943,9.48
43.4955,-1.4631,1.87
43.5074,-1.4869,1.17
43.4856,-1.4766,1.11
43.4842,-1.4986,0.41
43.4563,-1.4853,
43.4947,-1.4857,0.06
43.4938,-1.4788,8.43
43.5078,-1.4808,0.67
43.4778,-1.4757,
43.4871,-1.4766,0.25
43.507,-1.4715,0.41
43.5038,-1.4677,0.52
43.4836,-1.501,0.1
43.4994,-1.4646,
43.4867,-1.4922,0.02
43.4938,-1.4612,0.13
43.4949,-1.4891,28.31
43.4827,-1.4782,0.88
43.4864,-1.494,0.92
43.5134,-1.4335,26.28
43.4893,-1.4635,
43.4923,-1.4721,0.29
43.5103,-1.443,0.2
43.4991,-1.456,0.85
43.4846,-1.4807,16.63
43.4931,-1.466,3.55
43.4998,-1.4384,1.41
43.471,-1.4837,
43.4784,-1.5048,0.31
43.5111,-1.4711,0.92
43.5079,-1.4833,1.08
43.4951,-1.4396,1.69
43.4979,-1.4671,0.47
43.4959,-1.4694,7.52
43.4898,-1.4766,
43.4927,-1.4531,0.74
43.4805,-1.4577,0.84
43.4922,-1.4911,5.45
43.5025,-1.4626,0.93
43.4886,-1.4918,1.06
43.4776,-1.4722,
43.4924,-1.4795,
43.497,-1.4606,1.01
43.5102,-1.449,
43.4984,-1.4472,0.35
43.4904,-1.4647,
43.5068,-1.479,0.61
43.4895,-1.4806,5.07
43.4882,-1.4755,7.72
43.49,-1.4822,2.74
43.5026,-1.4514,22.68
43.4903,-1.4726,0.77
43.4772,-1.4898,0.57
43.4985,-1.4548,2.69
43.508,-1.4863,4.83
43.4846,-1.4801,24.8
43.5057,-1.4836,1.19
43.488,-1.4818,0.03
43.4925,-1.4873,1.92
43.4872,-1.4935,1.66
43.4833,-1.4534,1.4
43.4809,-1.457,0.21
43.4973,-1.4832,18.18
43.492,-1.4836,0.42
43.4895,-1.4444,1.89
43.4834,-1.5018,0.58
43.5071,-1.4608,1.7
43.4759,-1.4689,2.48
43.4873,-1.4849,0.62
43.4853,-1.4785,
43.4945,-1.4716,2.68
43.4927,-1.4735,10.01
43.4855,-1.4713,17.46
43.4939,-1.4645,0.03
43.4892,-1.4786,
43.4922,-1.4593,1.8
43.5018,-1.4669,
43.4925,-1.4754,
43.4828,-1.4893,
43.4793,-1.5011,0.94
43.4899,-1.4802,
43.508,-1.4838,1.56
43.4842,-1.4472,1.83
43.4909,-1.4654,
43.4613,-1.49,0.37
43.5039,-1.4476,1.19
43.4851,-1.4781,13.71
43.485,-1.4912,6.7
43.5084,-1.4371,1.95
43.4965,-1.4442,1.1
43.4897,-1.4818,0.31
43.4941,-1.4909,3.55
43.4863,-1.4646,2.75
43.489,-1.4922,1.42
43.508,-1.4675,0.5
43.488,-1.4553,1.42
43.4994,-1.4639,0.62
43.4869,-1.4864,1.89
43.4978,-1.4565,
43.4992,-1.4898,1.24
43.4959,-1.4716,0.58
43.4951,-1.4851,0.24
43.4905,-1.4763,
43.5083,-1.4853,0.2
43.4969,-1.483,0.14
43.4864,-1.4921,0.48
43.4939,-1.4948,0.41
43.5115,-1.4334,2.89
43.4934,-1.4803,1.33
43.4813,-1.4591,0.26
43.48,-1.4892,1.75
43.4837,-1.447,1.78
43.5042,-1.4273,0.56
43.4981,-1.455,0.53
43.484,-1.4825,1.4
43.4835,-1.4831,1.82
43.4788,-1.4729,
43.5102,-1.4919,
43.4969,-1.4446,0.59
43.4976,-1.4229,0.85
43.4694,-1.4895,2.73
43.5068,-1.4587,1.71
43.4937,-1.4789,8.41
43.4961,-1.4841,0.65
43.4944,-1.4789,6.62
43.4914,-1.4637,2.04
43.4593,-1.489,4.22
43.5026,-1.4492,2.19
43.4842,-1.4904,2.85
43.4709,-1.4919,2.01
43.4818,-1.4667,2.11
43.4883,-1.4651,0.51
43.4806,-1.4985,1.05
43.4764,-1.4944,2.84
43.4764,-1.4965,2.19
43.4667,-1.4881,6.82
43.4942,-1.4643,0.37
43.5013,-1.4548,22.17
43.4949,-1.4945,4.19
43.4833,-1.4825,4.01
43.4757,-1.4797,1.37
43.509,-1.4513,
43.4815,-1.4546,3.2
43.4935,-1.4765,0.04
43.4945,-1.4855,0.78
43.4939,-1.4807,1.4
43.4839,-1.4748,8.07
43.4864,-1.4709,0.26
43.486,-1.491,12.26
43.4817,-1.4682,0.74
43.5,-1.4384,1.76
43.4826,-1.478,1.86
43.4661,-1.4942,3.13
43.49,-1.4872,2.9
43.4829,-1.4834,1.24
43.4847,-1.4852,0.66
43.4922,-1.4798,
43.4941,-1.4873,0.55
43.4869,-1.462,
43.5121,-1.4393,0.11
43.502,-1.4547,
43.4929,-1.4523,21.21
43.4878,-1.4633,
43.4815,-1.4792,0.53
43.5076,-1.4311,1.27
43.5059,-1.4563,1.75
43.4863,-1.4764,0.57
43.4926,-1.4919,0.73
43.5008,-1.4202,0.28
43.4768,-1.4839,8.66
43.5095,-1.487,0.49
43.4843,-1.4767,1.53
43.5064,-1.4672,1.28
43.5025,-1.4531,
43.4839,-1.4907,2.38
43.4871,-1.4855,0.98
43.4814,-1.4827,2.82
43.4916,-1.4814,4.8
43.4915,-1.4507,
43.4928,-1.4523,
43.4813,-1.4821,3.11
43.5013,-1.4543,22.83
43.5011,-1.4819,0.67
43.4897,-1.4821,2.82
43.5096,-1.4659,2.5
43.4984,-1.454,2.33
43.4834,-1.4744,9.88
43.4858,-1.4736,0.38
43.4819,-1.4772,0.75
43.4774,-1.492,1.53
43.4895,-1.4817,4.64
43.4902,-1.4808,
43.4877,-1.4586,2.29
43.4911,-1.4696,1.34
43.4848,-1.4746,
43.4849,-1.4716,
43.4983,-1.4471,0.31
43.4989,-1.4561,0.31
43.5088,-1.488,0.3
43.4867,-1.4703,2.05
43.4968,-1.4562,4.74
43.5068,-1.461,0.82
43.4767,-1.4964,3.58
43.4913,-1.4854,0.41
43.489,-1.4659,9.16
43.4833,-1.4862,0.52
43.4904,-1.4633,0.66
43.4807,-1.4682,1.89
43.5001,-1.4384,1.71
43.4941,-1.4582,4.26
43.48,-1.5013,3.29
43.5083,-1.4444,1.48
43.5065,-1.4579,0.46
43.5022,-1.4524,25.07
43.4901,-1.4909,0.52
43.4851,-1.4788,
43.4822,-1.4971,1.07
43.479,-1.45,0.59
43.4538,-1.4943,3.16
43.5039,-1.4495,0.45
43.4838,-1.4527,6.22
43.4997,-1.4616,0.76
43.4864,-1.4669,0.86
43.4987,-1.4882,0.05
43.4782,-1.4749,
43.4896,-1.4786,2.44
43.4934,-1.4792,7.39
43.4952,-1.4787,0.2
43.4975,-1.4381,0.71
43.4936,-1.4781,0.94
43.479,-1.4756,
43.493,-1.4485,2.01
43.4843,-1.4741,
43.5039,-1.4678,1.15
43.4777,-1.4723,
43.4839,-1.4825,1.22
43.5026,-1.4899,
43.496,-1.4597,
43.4689,-1.4935,1.17
43.4899,-1.4879,4.01
43.4933,-1.4499,2.27
43.4592,-1.4838,
43.5069,-1.43,1.22
43.4841,-1.4721,
43.4825,-1.4816,
43.4936,-1.4678,0.16
43.4944,-1.4691,2.11
43.4858,-1.4722,1.31
43.4836,-1.4975,3.72
43.5024,-1.4768,2.77
43.4875,-1.4598,2.65
43.4934,-1.4617,1.29
43.4936,-1.4641,0.95
43.495,-1.4767,
43.4757,-1.4721,
43.4964,-1.4868,2.38
43.5001,-1.4382,0.81
43.4859,-1.4828,0.37
43.4877,-1.4822,13.35
43.4838,-1.4612,3.83
43.5074,-1.4871,1.2
43.5128,-1.4355,0.95
43.4648,-1.4856,
43.4981,-1.4194,0.4
43.4888,-1.4775,
43.5051,-1.4909,
43.4994,-1.4583,0.57
43.4967,-1.4348,0.44
43.491,-1.4815,2.51
43.5079,-1.4704,0.23
43.4938,-1.4749,
43.4878,-1.4832,0.35
43.4937,-1.4763,6.0
43.4864,-1.4738,2.94
43.4924,-1.4792,
43.4896,-1.4961,
43.4718,-1.487,0.74
43.4847,-1.459,1.22
43.4868,-1.4868,0.12
43.45,-1.4938,0.05
43.4812,-1.465,0.92
43.5,-1.4356,0.0
43.4894,-1.4702,
43.4848,-1.4856,0.32
43.4955,-1.4691,25.79
43.4814,-1.4916,1.21
43.4795,-1.5036,1.0
43.4848,-1.4588,0.81
43.4781,-1.4994,1.32
43.4839,-1.4445,1.17
43.4945,-1.4784,9.48
43.4912,-1.45,1.09
43.4871,-1.4824,
43.4982,-1.4909,3.59
43.4766,-1.484,0.58
43.4921,-1.4728,29.08
43.5059,-1.4457,0.27
43.4853,-1.4903,0.79
43.4769,-1.4962,2.02
43.5117,-1.4403,2.26
43.4813,-1.4649,7.78
43.4854,-1.4723,17.97
43.4914,-1.491,2.16
43.4921,-1.4798,
43.4956,-1.4334,0.9
43.5,-1.4517,1.37
43.5081,-1.4353,2.12
43.509,-1.4594,0.14
43.4922,-1.4769,0.41
43.4876,-1.4756,1.86
43.489,-1.4826,1.18
43.4863,-1.4673,0.33
43.4812,-1.4585,5.92
43.495,-1.4757,
43.4989,-1.4813,0.48
43.5017,-1.4674,1.9
43.4898,-1.4689,
43.4807,-1.4605,1.61
43.4887,-1.4725,17.18
43.5051,-1.4603,
43.5128,-1.468,3.85
43.4839,-1.4564,5.62
43.4858,-1.4659,12.12
43.4957,-1.4372,2.23
43.4932,-1.4913,4.85
43.5098,-1.4882,0.35
43.4943,-1.4782,0.89
43.4937,-1.4935,0.88
43.4852,-1.4718,15.55
43.4966,-1.4385,0.86
43.4916,-1.4829,3.7
43.4783,-1.4507,1.02
43.4954,-1.4696,3.21
43.4928,-1.4912,4.78
43.4949,-1.4881,0.58
43.5009,-1.4459,1.04
43.4852,-1.4757,1.36
43.5028,-1.4528,15.83
43.4848,-1.4713,
43.4948,-1.4895,0.8
43.485,-1.4761,0.68
43.4914,-1.4801,
43.4936,-1.4696,
43.4979,-1.4858,16.84
43.4908,-1.4895,0.23
43.483,-1.478,3.04
43.5007,-1.4669,4.7
43.4952,-1.4944,4.24
43.5033,-1.449,1.54
43.5008,-1.492,2.9
43.5035,-1.4687,0.75
43.4907,-1.4701,1.51
43.4948,-1.4823,0.33
43.5099,-1.4644,1.83
43.4949,-1.4456,4.24
43.5149,-1.4605,0.83
43.4764,-1.4872,2.13
43.4977,-1.4222,0.88
43.4987,-1.4406,28.77
43.5011,-1.4801,1.34
43.4937,-1.4747,
43.489,-1.4672,0.31
43.4891,-1.4821,13.52
43.4997,-1.4618,11.26
43.4896,-1.4827,0.82
43.4909,-1.4572,0.22
43.4891,-1.4795,23.04
43.4892,-1.4729,
43.4824,-1.4835,0.93
43.4921,-1.4803,
43.4872,-1.4851,0.59
43.5033,-1.4511,15.98
43.489,-1.4822,10.88
43.5114,-1.4326,0.2
43.504,-1.4848,1.28
43.4833,-1.4883,
43.4623,-1.4811,
43.4922,-1.4758,
43.4952,-1.4544,0.44
43.4799,-1.4748,3.05
43.5068,-1.4316,1.48
43.4759,-1.4843,0.67
43.5063,-1.4671,3.83
43.5075,-1.4694,2.12
43.4733,-1.4807,
43.4974,-1.4778,12.88
43.4939,-1.4652,1.36
43.497,-1.4253,0.47
43.4986,-1.4349,0.45
43.4796,-1.4584,0.46
43.4969,-1.4621,4.0
43.4892,-1.4932,1.17
43.4995,-1.4344,3.17
43.4967,-1.4912,2.42
43.5044,-1.4488,3.35
43.4863,-1.4775,0.96
43.4855,-1.4733,2.49
43.4929,-1.4881,0.63
43.4816,-1.4682,1.19
43.5053,-1.472,0.01
43.5019,-1.4786,1.11
43.4984,-1.4675,1.98
43.4819,-1.487,0.64
43.493,-1.4733,15.04
43.4963,-1.4739,7.98
43.4839,-1.4904,14.03
43.4986,-1.4935,2.86
43.4876,-1.4741,18.46
43.4806,-1.452,0.1
43.4975,-1.433,6.56
43.4935,-1.4634,1.36
43.4843,-1.4706,0.94
43.479,-1.4555,1.56
43.4861,-1.4733,0.08
43.4687,-1.4839,
43.4757,-1.469,0.55
43.4863,-1.49,0.02
43.5033,-1.4679,2.35
43.4805,-1.5034,2.04
43.4982,-1.4866,15.4
43.4888,-1.4743,
43.4916,-1.4812,0.88
43.5056,-1.4662,1.6
43.4734,-1.4822,1.54
43.5061,-1.4579,11.51
43.5102,-1.4407,0.31
43.5055,-1.4455,
43.5064,-1.4739,2.71
43.4903,-1.4618,0.49
43.4956,-1.4649,1.82
43.5022,-1.4554,0.47
43.4664,-1.4913,1.28
43.4626,-1.4955,2.0
43.4946,-1.4424,2.43
43.5073,-1.4302,2.14
43.4865,-1.462,0.38
43.4961,-1.4942,2.88
43.4848,-1.4806,
43.4997,-1.4567,19.65
43.4893,-1.472,5.76
43.4783,-1.4582,4.79
43.4988,-1.4902,1.63
43.4667,-1.4929,4.46
43.4971,-1.4912,2.28
43.4725,-1.4825,
43.4893,-1.4925,1.03
43.4907,-1.4781,0.33
43.4906,-1.4957,1.48
43.4871,-1.4853,0.58
43.5017,-1.4582,4.97
43.4856,-1.4902,0.09
43.5033,-1.4488,1.05
43.4858,-1.4781,
43.5098,-1.4681,0.88
43.4766,-1.4954,1.59
43.4826,-1.4899,16.1
43.4794,-1.5039,2.14
43.4965,-1.4883,0.02
43.4783,-1.4934,2.14
43.5001,-1.465,19.28
43.4836,-1.445,1.99
43.5045,-1.462,14.26
43.5065,-1.4715,0.01
43.4801,-1.4851,2.42
43.4815,-1.467,0.59
43.4758,-1.4798,0.12
43.4982,-1.4565,29.84
43.4932,-1.4749,
43.4806,-1.4789,1.23
43.4953,-1.486,1.3
43.4942,-1.4818,0.22
43.4968,-1.483,0.04
43.4845,-1.4889,1.16
43.4834,-1.4767,1.62
43.4939,-1.4521,1.95
43.4876,-1.4819,21.58
43.4957,-1.4702,11.59
43.4858,-1.4782,
43.4817,-1.4709,
43.5066,-1.4747,0.22
43.5002,-1.4537,0.06
43.4809,-1.4753,0.37
43.4883,-1.4762,1.1
43.4762,-1.4908,3.28
43.4926,-1.4643,0.4
43.4921,-1.4593,1.85
43.5007,-1.4917,9.61
43.457,-1.4861,
43.5102,-1.4498,
43.4973,-1.4596,
43.4963,-1.4515,0.24
43.485,-1.4779,1.12
43.4766,-1.4839,8.76
43.4837,-1.4714,
43.485,-1.4618,0.88
43.4825,-1.4664,1.47
43.4928,-1.4757,
43.504,-1.4485,1.36
43.4858,-1.4706,
43.4878,-1.4815,2.71
43.5116,-1.4446,0.96
43.5063,-1.4612,1.56
43.4902,-1.4753,
43.46,-1.496,2.92
43.497,-1.4334,3.49
43.4927,-1.4877,1.32
43.4865,-1.4797,0.51
43.4781,-1.4921,0.16
43.496,-1.4381,0.28
43.4826,-1.4913,1.39
43.4982,-1.4907,2.37
43.4936,-1.4807,8.75
43.5013,-1.4582,
43.4947,-1.4828,1.18
43.4862,-1.4665,2.08
43.4761,-1.4729,
43.5042,-1.4474,1.93
43.4999,-1.4621,3.38
43.5026,-1.4764,3.56
43.5121,-1.4862,0.09
43.4948,-1.4417,3.42
43.4939,-1.4945,5.53
43.4959,-1.4695,1.22
43.4936,-1.4727,0.36
43.5061,-1.4764,1.92
43.4769,-1.4839,0.3
43.4806,-1.4573,2.96
43.5024,-1.4771,3.84
43.4782,-1.4952,2.29
43.4807,-1.4674,1.54
43.4836,-1.4746,10.03
43.5034,-1.4243,2.54
43.5095,-1.465,2.54
43.4901,-1.471,0.36
43.4771,-1.4866,0.19
43.492,-1.479,
43.4982,-1.4871,0.15
43.4978,-1.449,1.82
43.4934,-1.4639,0.84
43.4691,-1.4839,
43.4767,-1.476,
43.4957,-1.4799,2.99
43.5102,-1.4576,0.94
43.4692,-1.4875,0.6
43.4842,-1.4963,0.29
43.4829,-1.4862,3.49
43.5103,-1.4348,1.19
43.4932,-1.4849,1.45
43.4907,-1.4804,6.2
43.5099,-1.4501,
43.4762,-1.484,8.11
43.5144,-1.4617,0.3
43.4967,-1.4749,0.97
43.4939,-1.4807,4.96
43.4944,-1.4437,2.57
43.4913,-1.4951,1.73
43.484,-1.4826,3.16
43.4917,-1.4847,0.95
43.4893,-1.494,0.54
43.4791,-1.4557,1.3
43.492,-1.4548,0.78
43.5073,-1.4605,2.37
43.4909,-1.4639,0.62
43.4926,-1.4627,0.53
43.4802,-1.4709,
43.5018,-1.4787,1.04
43.4861,-1.4755,1.39
43.5016,-1.4779,1.28
43.4933,-1.4531,7.57
43.4992,-1.4379,0.61
43.4839,-1.4608,0.28
43.5073,-1.4337,3.23
43.4907,-1.4481,2.79
43.5002,-1.4817,9.73
43.4801,-1.4746,2.56
43.4883,-1.4767,0.77
43.4981,-1.4844,
43.4985,-1.4475,0.89
43.4873,-1.4687,0.8
43.478,-1.5011,1.29
43.5115,-1.4442,0.39
43.5034,-1.475,3.05
43.4908,-1.4892,0.2
43.4924,-1.4726,0.68
43.4933,-1.4766,0.7
43.4866,-1.4775,2.1
43.4895,-1.4592,1.42
43.4903,-1.4833,2.5
43.493,-1.4642,0.07
43.488,-1.4761,
43.4869,-1.4577,2.31
43.4802,-1.4515,1.62
43.4869,-1.4755,
43.4926,-1.4654,2.17
43.511,-1.4685,3.28
43.4835,-1.5018,0.97
43.4918,-1.4809,1.4
43.5048,-1.4447,2.44
43.4936,-1.4757,18.81
43.468,-1.4874,2.4
43.4662,-1.4937,3.94
43.5053,-1.4718,0.51
43.4833,-1.4768,1.34
43.4683,-1.491,3.06
43.5012,-1.4892,
43.4903,-1.472,0.72
43.4906,-1.482,11.36
43.499,-1.482,6.69
43.4829,-1.488,
43.495,-1.4381,2.24
43.4794,-1.4873,2.38
43.4871,-1.449,0.98
43.4814,-1.4987,1.9
43.4981,-1.4364,0.01
43.5068,-1.4871,0.98
43.489,-1.4776,
43.4832,-1.4959,0.81
43.4924,-1.4615,2.62
43.495,-1.4856,0.64
43.5025,-1.4612,0.8
43.4902,-1.4826,1.73
43.4818,-1.4709,
43.4804,-1.4469,1.52
43.4895,-1.4939,0.97
43.5037,-1.4705,0.7
43.4896,-1.4762,
43.4971,-1.483,0.09
43.4786,-1.4538,2.44
43.4962,-1.4738,7.92
43.5015,-1.4806,0.14
43.49,-1.4807,
43.5097,-1.4689,2.49
43.4842,-1.4481,0.43
43.4959,-1.4847,2.37
43.4915,-1.4627,1.11
43.5116,-1.4636,0.75
43.5005,-1.4792,0.31
43.4944,-1.4622,1.53
43.4983,-1.4867,12.49
43.5016,-1.4564,19.15
43.4784,-1.4919,1.34
43.4887,-1.4588,1.72
43.4957,-1.4853,0.82
43.5132,-1.437,1.68
43.4964,-1.4646,1.42
43.5048,-1.4472,2.46
43.488,-1.475,4.61
43.4874,-1.4814,0.99
43.4935,-1.4913,5.55
43.4847,-1.4906,0.23
43.493,-1.4488,2.47
43.5047,-1.4469,2.61
43.4923,-1.4705,15.43
43.4791,-1.4999,1.63
43.4893,-1.4726,
43.4815,-1.4938,1.11
43.4761,-1.473,
43.496,-1.4715,4.92
43.4804,-1.4689,1.7
43.5112,-1.4686,3.11
43.4865,-1.488,1.59
43.4818,-1.4968,2.45
43.5068,-1.4723,0.86
43.4847,-1.4963,0.57
43.4914,-1.457,1.37
43.4702,-1.4839,
43.4884,-1.4932,1.08
43.4958,-1.4799,10.95
43.4894,-1.4734,
43.4794,-1.4985,10.45
43.5023,-1.4619,0.32
43.4914,-1.4553,
43.4847,-1.4995,2.91
43.4932,-1.4794,7.11
43.4786,-1.4926,1.55
43.4669,-1.4918,0.1
43.4998,-1.4805,7.18
43.4938,-1.4797,5.62
43.4891,-1.4568,
43.495,-1.4534,0.34
43.4713,-1.4912,0.46
43.5061,-1.4615,15.75
43.4968,-1.4383,0.83
43.4837,-1.5003,5.77
43.487,-1.4905,2.4
43.4951,-1.4691,18.53
43.4699,-1.4926,2.26
43.4961,-1.4799,
43.4841,-1.4698,3.64
43.4911,-1.4684,0.0
43.481,-1.4611,6.07
43.4809,-1.4545,3.9
43.5097,-1.4713,1.66
43.4905,-1.4793,23.67
43.4805,-1.4791,0.49
43.4896,-1.4937,1.91
43.5133,-1.446,0.59
43.495,-1.4662,0.55
43.51,-1.4349,1.05
43.4852,-1.4759,5.13
43.4627,-1.4962,2.41
43.4986,-1.4682,15.49
43.5,-1.4803,6.86
43.501,-1.4564,1.34
43.5015,-1.4567,2.27
43.4987,-1.4819,0.92
43.4922,-1.4787,1.67
43.4864,-1.4674,1.81
43.4958,-1.4804,3.89
43.4898,-1.4758,
43.4892,-1.4742,
43.508,-1.4657,1.85
43.4975,-1.4601,1.14
43.4935,-1.469,
43.4948,-1.458,25.77
43.4806,-1.4755,10.03
43.495,-1.4606,2.53
43.4835,-1.4663,1.68
43.4916,-1.4551,15.08
43.4825,-1.4831,0.23
43.4928,-1.4749,1.57
43.496,-1.4426,1.21
43.4934,-1.4921,9.81
43.5035,-1.424,3.04
43.5081,-1.4356,1.96
43.4879,-1.4748,6.97
43.4934,-1.4688,
43.4839,-1.4759,
43.4958,-1.4613,0.77
43.484,-1.4769,0.09
43.4768,-1.4915,0.15
43.4943,-1.4916,2.4
43.4906,-1.465,
43.4943,-1.4717,5.95
43.4932,-1.4831,0.41
43.4958,-1.4842,1.39
43.4804,-1.4601,3.75
43.466,-1.4957,0.17
43.4978,-1.4205,1.29
43.5029,-1.4678,0.02
43.5023,-1.456,1.84
43.5037,-1.4467,3.59
43.494,-1.464,0.36
43.4823,-1.4895,
43.4907,-1.4914,0.55
43.4888,-1.4551,0.85
43.4879,-1.4816,3.16
43.492,-1.4953,0.99
43.5105,-1.4303,1.58
43.5007,-1.4918,1.35
43.4853,-1.4728,13.87
43.4791,-1.4718,
43.4674,-1.4833,
43.4761,-1.4954,1.06
43.4902,-1.4886,1.42
43.4935,-1.453,6.25
43.4945,-1.4525,6.76
43.4957,-1.4352,15.05
43.4665,-1.4841,
43.4973,-1.4913,1.79
43.5097,-1.4339,
43.475,-1.4835,2.6
43.4898,-1.4719,16.28
43.4794,-1.4843,8.35
43.4933,-1.4799,0.19
43.4949,-1.4661,5.21
43.5126,-1.4681,4.43
43.5079,-1.4665,0.02
43.4842,-1.45,2.29
43.4499,-1.4936,0.91
43.4794,-1.5025,2.19
43.4883,-1.4528,1.4
43.4925,-1.4535,4.89
43.4945,-1.49,2.54
43.4901,-1.4817,5.9
43.475,-1.4797,
43.4985,-1.4553,0.6
43.4841,-1.4441,0.1
43.4949,-1.4785,7.57
43.4965,-1.4822,0.07
43.4934,-1.4522,0.63
43.493,-1.4903,0.15
43.4946,-1.4526,1.09
43.4997,-1.4466,1.44
43.4964,-1.4941,2.89
43.4936,-1.4934,8.02
43.4949,-1.471,2.11
43.4876,-1.4741,18.47
43.4782,-1.4746,
43.4887,-1.4552,0.75
43.485,-1.4901,0.67
43.4641,-1.4956,1.91
43.4908,-1.4711,1.96
43.4919,-1.4799,
43.4892,-1.4799,17.97
43.4874,-1.4562,0.05
43.4924,-1.4545,1.29
43.5015,-1.4582,
43.5024,-1.4818,0.44
43.4827,-1.4823,13.72
43.4788,-1.5013,1.49
43.5113,-1.4412,0.66
43.4805,-1.4519,3.98
43.4986,-1.4622,20.83
43.4867,-1.4801,0.63
43.4958,-1.4565,4.02
43.4731,-1.4828,
43.4809,-1.4613,1.97
43.4967,-1.485,0.48
43.496,-1.4721,2.81
43.4998,-1.4629,1.44
43.4842,-1.4863,
43.5081,-1.4663,0.61
43.4935,-1.4655,0.18
43.4804,-1.4844,0.49
43.4922,-1.4705,3.52
43.4977,-1.4826,4.62
43.4887,-1.4701,
43.4895,-1.4708,
43.4964,-1.4756,
43.4982,-1.4842,
43.5026,-1.4628,0.51
43.5119,-1.4458,5.12
43.4818,-1.4916,0.33
43.4814,-1.4578,
43.4982,-1.4533,0.35
43.4575,-1.4864,
43.5077,-1.4873,0.18
43.5118,-1.4351,0.39
43.5024,-1.4436,1.04
43.4894,-1.457,1.34
43.4975,-1.4826,9.58
43.4784,-1.4887,0.79
43.5037,-1.4638,2.74
43.4932,-1.4759,2.25
43.4981,-1.4908,1.57
43.4947,-1.4895,1.07
43.4904,-1.4815,6.49
43.4952,-1.4708,8.8
43.4899,-1.4959,
43.4791,-1.4902,1.2
43.4921,-1.4635,2.2
43.4972,-1.4637,1.0
43.5024,-1.4505,
43.4814,-1.4573,
43.5031,-1.4703,2.28
43.486,-1.4775,9.67
43.4761,-1.4506,6.16
43.4936,-1.4885,2.15
43.476,-1.4501,1.97
43.5003,-1.488,
43.4864,-1.4783,0.65
43.4813,-1.456,0.39
43.5112,-1.4321,0.05
43.4841,-1.4661,1.22
43.4943,-1.4529,2.54
43.4752,-1.4903,0.83
43.4819,-1.4869,0.78
43.4839,-1.4755,
43.4969,-1.4684,2.3
43.4893,-1.4556,1.98
43.4948,-1.4711,1.7
43.4872,-1.4692,0.64
43.4933,-1.4767,0.93
43.5,-1.4656,2.32
43.5031,-1.4516,15.64
43.504,-1.4223,2.49
43.5098,-1.4337,
43.4928,-1.4918,11.48
43.4559,-1.4848,
43.4979,-1.4613,0.84
43.4942,-1.4385,0.46
43.4925,-1.4681,
43.5082,-1.4876,0.01
43.4974,-1.4332,0.21
43.4793,-1.4762,18.73
43.4855,-1.4705,
43.4937,-1.4642,0.87
43.4963,-1.4397,0.19
43.4819,-1.4845,0.71
43.505,-1.4608,0.27
43.4873,-1.4684,2.42
43.507,-1.4688,0.04
43.4944,-1.475,
43.4896,-1.4593,0.76
43.4771,-1.4915,2.02
43.4803,-1.4568,6.01
43.4968,-1.4762,4.85
43.4964,-1.4689,0.19
43.4665,-1.4918,0.68
43.5073,-1.4803,0.91
43.4817,-1.4778,1.66
43.4924,-1.487,2.35
43.4927,-1.4654,2.56
43.4962,-1.4881,0.2
43.5055,-1.4629,0.23
43.4944,-1.4679,2.07
43.4914,-1.4534,7.42
43.504,-1.4836,0.0
43.461,-1.4943,0.81
43.4906,-1.4778,8.39
43.5132,-1.4826,0.7
43.4774,-1.4831,
43.4828,-1.4472,9.21
43.4823,-1.4681,0.64
43.4893,-1.4756,
43.5011,-1.4433,3.74
43.4842,-1.4495,1.21
43.4921,-1.476,
43.512,-1.4633,1.16
43.5062,-1.4713,0.0
43.4925,-1.4704,
43.4939,-1.4696,
43.4955,-1.4699,17.49
43.5045,-1.4456,0.85
43.5012,-1.4558,
43.4779,-1.4949,0.72
43.5115,-1.4345,0.82
43.4911,-1.4808,16.34
43.4772,-1.4746,
43.4508,-1.4951,0.38
43.4938,-1.4831,2.76
43.4528,-1.4939,2.68
43.4849,-1.4715,
43.5018,-1.458,0.71
43.5096,-1.4504,
43.4782,-1.4852,
43.4982,-1.4848,
43.4902,-1.4673,6.61
43.4954,-1.47,5.04
43.4863,-1.4669,1.34
43.4907,-1.4759,
43.4976,-1.4632,1.82
43.4758,-1.4798,0.34
43.4835,-1.502,3.3
43.4803,-1.4601,3.11
43.4842,-1.4663,4.05
43.4843,-1.4815,9.49
43.4678,-1.4921,19.8
43.4905,-1.492,0.27
43.4864,-1.4671,1.24
43.4867,-1.468,0.39
43.4762,-1.4829,3.2
43.5027,-1.4507,25.41
43.5052,-1.4321,0.8
43.5098,-1.435,0.77
43.5058,-1.4585,2.93
43.4956,-1.4522,1.47
43.4919,-1.4743,0.04
43.4813,-1.4595,7.01
43.4998,-1.4899,9.41
43.494,-1.4795,3.17
43.4696,-1.4839,
43.5099,-1.4821,3.05
43.5045,-1.4675,0.07
43.4574,-1.4864,
43.5101,-1.4641,2.94
43.5026,-1.4208,1.87
43.4893,-1.4793,0.67
43.4994,-1.4869,
43.4827,-1.4872,1.46
43.5045,-1.4453,3.2
43.486,-1.4749,1.58
43.494,-1.4749,
43.4879,-1.497,
43.4896,-1.4693,
43.4813,-1.4569,
43.4923,-1.4776,
43.4971,-1.4747,28.9
43.4917,-1.4789,
43.4882,-1.4962,
43.4799,-1.4775,0.26
43.4783,-1.4534,2.65
43.4922,-1.4786,3.27
43.4992,-1.4819,6.3
43.4794,-1.475,
43.5056,-1.4638,1.36
43.5008,-1.4814,0.66
43.4912,-1.469,13.39
43.4973,-1.4565,0.12
43.4969,-1.4686,0.55
43.5075,-1.4877,1.08
43.4766,-1.4954,1.97
43.4992,-1.4892,0.96
43.4996,-1.4873,
43.4735,-1.4804,
43.4868,-1.4776,1.22
43.4938,-1.4855,0.58
43.4908,-1.4915,0.15
43.4871,-1.4743,1.22
43.498,-1.4786,1.46
43.5077,-1.4878,1.8
43.4894,-1.4681,1.96
43.4664,-1.4829,
43.4928,-1.4734,13.22
43.4804,-1.5004,2.51
43.5009,-1.4484,
43.4895,-1.4672,0.65
43.5104,-1.4344,27.31
43.4715,-1.4846,
43.4837,-1.4872,1.36
43.486,-1.4751,1.56
43.4862,-1.4711,0.25
43.495,-1.4718,
43.4859,-1.4719,0.79
43.4969,-1.4562,1.15
43.4973,-1.464,1.61
43.4923,-1.4807,3.5
43.4977,-1.4217,1.13
43.4924,-1.4675,
43.4847,-1.4752,0.07
43.4985,-1.4858,
43.497,-1.4792,
43.4772,-1.4831,
43.4792,-1.4845,1.96
43.4932,-1.4563,0.11
43.5049,-1.4849,3.61
43.5086,-1.4652,1.08
43.4984,-1.4568,0.57
43.4879,-1.4741,0.19
43.506,-1.4758,1.35
43.5049,-1.4661,1.31
43.498,-1.4842,
43.4969,-1.488,1.27
43.4953,-1.4415,1.2
43.4796,-1.4897,1.02
43.5051,-1.4463,2.05
43.4785,-1.4996,
43.4991,-1.4644,
43.4896,-1.4758,
43.506,-1.4562,0.51
43.4984,-1.4683,3.7
43.5049,-1.4762,1.89
43.5023,-1.4481,2.07
43.4938,-1.4516,2.6
43.4969,-1.4256,0.5
43.4869,-1.4806,11.55
43.4893,-1.482,0.44
43.4851,-1.4867,3.13
43.4778,-1.5015,1.3
43.5025,-1.4664,
43.5013,-1.4821,1.04
43.4981,-1.4869,0.41
43.4969,-1.4763,2.25
43.4789,-1.4905,1.86
43.495,-1.4899,0.49
43.4956,-1.48,0.67
43.4938,-1.465,0.29
43.4925,-1.4834,0.4
43.4943,-1.4774,11.49
43.4923,-1.4737,17.06
43.488,-1.4939,0.98
43.483,-1.4664,2.22
43.498,-1.4194,3.39
43.5027,-1.452,0.47
43.4937,-1.4592,0.8
43.4923,-1.4743,9.03
43.494,-1.4523,1.78
43.4968,-1.4635,1.04
43.5044,-1.4466,1.84
43.502,-1.4526,24.92
43.4852,-1.4834,0.51
43.5067,-1.4611,1.34
43.5031,-1.4679,0.22
43.486,-1.4774,16.9
43.4842,-1.4999,6.64
43.4809,-1.4978,3.43
43.4932,-1.4914,1.86
43.4755,-1.4697,
43.5021,-1.4491,0.7
43.4824,-1.4844,0.39
43.4998,-1.4559,18.92
43.5075,-1.4346,1.0
43.4994,-1.492,1.93
43.4902,-1.4823,2.03
43.493,-1.4648,1.39
43.5069,-1.4551,0.25
43.4638,-1.4818,
43.4966,-1.4694,2.22
43.4871,-1.4694,0.94
43.4953,-1.47,3.89
43.4932,-1.4629,0.3
43.5091,-1.488,2.57
43.5028,-1.4491,1.95
43.5092,-1.4335,10.11
43.4898,-1.4541,0.47
43.4988,-1.4378,0.79
43.4963,-1.4333,0.35
43.4939,-1.4808,4.79
43.4855,-1.4924,1.12
43.4998,-1.49,9.34
43.5,-1.4537,0.73
43.5052,-1.465,1.45
43.4918,-1.4637,3.36
43.4885,-1.4781,9.52
43.4981,-1.4405,
43.4925,-1.4794,
43.4886,-1.4549,0.07
43.4886,-1.4677,1.53
43.49,-1.4931,0.78
43.4853,-1.4596,0.43
43.4944,-1.4667,1.66
43.4913,-1.487,2.04
43.5152,-1.46,0.45
43.4939,-1.4651,1.23
43.4902,-1.4832,2.66
43.4981,-1.4864,16.05
43.4869,-1.4805,1.11
43.4944,-1.477,8.15
43.4955,-1.458,14.0
43.5029,-1.4477,2.27
43.4809,-1.4917,4.34
43.5029,-1.4687,0.41
43.4877,-1.4743,2.64
43.4881,-1.4743,22.73
43.4957,-1.4515,3.61
43.5065,-1.4725,1.64
43.4848,-1.4955,3.58
43.4798,-1.4989,
43.4873,-1.4931,0.78
43.5074,-1.4873,1.39
43.5042,-1.4366,1.25
43.4934,-1.4447,0.6
43.4941,-1.4884,0.24
43.4893,-1.4819,8.08
43.4938,-1.461,0.33
43.502,-1.4501,0.79
43.5046,-1.4278,1.05
43.4843,-1.4489,7.46
43.479,-1.4902,2.68
43.4871,-1.4628,0.41
43.4995,-1.4358,0.94
43.4918,-1.4744,1.36
43.4892,-1.483,0.81
43.4871,-1.4858,1.56
43.4918,-1.4722,24.52
43.487,-1.4923,1.18
43.4931,-1.4759,11.66
43.4831,-1.4473,9.08
43.5004,-1.4669,4.43
43.4921,-1.4699,29.12
43.4918,-1.4928,0.78
43.4977,-1.4937,0.64
43.4985,-1.4195,1.15
43.5038,-1.4627,26.45
43.4789,-1.4541,2.44
43.4782,-1.473,0.93
43.4944,-1.4757,
43.4849,-1.4954,0.27
43.4984,-1.4925,5.26
43.5016,-1.4476,
43.4682,-1.4939,1.09
43.4768,-1.4953,0.39
43.4952,-1.4631,1.81
43.4916,-1.4807,
43.492,-1.4443,2.17
43.4844,-1.4834,1.11
43.5006,-1.4383,0.3
43.4987,-1.4877,10.19
43.4909,-1.4682,1.25
43.4863,-1.4783,3.62
43.4932,-1.4574,1.3
43.4969,-1.4351,0.74
43.4974,-1.4668,1.23
43.5003,-1.436,0.65
43.4879,-1.4824,2.03
43.5086,-1.4916,
43.4775,-1.4874,1.6
43.4958,-1.4821,1.25
43.5016,-1.455,16.67
43.5062,-1.4588,1.92
43.4954,-1.4518,3.55
43.5074,-1.4628,0.21
43.4963,-1.4649,1.49
43.4839,-1.4778,0.01
43.5124,-1.4632,2.39
43.5026,-1.4626,0.88
43.4867,-1.4703,0.68
43.4815,-1.4574,
43.4941,-1.4624,0.74
43.4826,-1.4668,0.36
43.5053,-1.4721,0.18
43.4987,-1.4902,1.78
43.5021,-1.4524,25.02
43.4898,-1.472,18.73
43.4777,-1.4995,1.14
43.4945,-1.4858,0.12
43.4753,-1.4903,0.88
43.4981,-1.4903,2.08
43.4833,-1.451,0.62
43.4944,-1.4775,10.94
43.4934,-1.4538,0.83
43.493,-1.4803,3.82
43.5142,-1.4671,0.14
43.4965,-1.4508,2.3
43.5037,-1.4477,0.41
43.4957,-1.4839,0.22
43.4761,-1.4772,
43.509,-1.4337,1.08
43.4965,-1.4835,2.29
43.4823,-1.4716,
43.4847,-1.4899,0.85
43.4821,-1.4788,0.47
43.507,-1.4712,0.08
43.5046,-1.4842,1.02
43.4976,-1.4627,0.14
43.4673,-1.4907,0.39
43.4927,-1.4683,
43.513,-1.446,1.96
43.4813,-1.4837,1.27
43.4973,-1.4601,0.66
43.4883,-1.4743,
43.4998,-1.4505,2.66
43.4904,-1.4847,1.3
43.4874,-1.4743,1.46
43.5039,-1.449,0.62
43.4874,-1.4826,12.37
43.4904,-1.4616,1.9
43.4983,-1.4918,4.37
43.4871,-1.4802,18.72
43.5023,-1.4773,2.33
43.5064,-1.4304,2.1
43.4983,-1.4351,0.83
43.4915,-1.4625,18.96
43.4929,-1.4661,0.42
43.4999,-1.4648,1.97
43.4943,-1.477,0.31
43.5063,-1.4639,2.01
43.5113,-1.4348,0.2
43.4977,-1.4789,1.66
43.4872,-1.4588,2.67
43.5005,-1.446,1.38
43.4954,-1.4845,0.56
43.4789,-1.4678,0.9
43.4851,-1.4761,5.54
43.4898,-1.468,2.06
43.4936,-1.4754,
43.5005,-1.4493,
43.4918,-1.4929,3.92
43.4877,-1.454,2.54
43.509,-1.4464,
43.4883,-1.4584,0.53
43.5104,-1.4641,1.63
43.4875,-1.4742,7.7
43.4902,-1.491,0.42
43.4954,-1.4806,0.05
43.484,-1.4748,0.07
43.4945,-1.4859,4.1
43.4812,-1.4951,0.65
43.4938,-1.475,
43.4953,-1.4463,0.74
43.4936,-1.48,12.19
43.503,-1.4755,2.39
43.5002,-1.4384,1.06
43.4878,-1.4744,4.91
43.4929,-1.4555,1.6
43.506,-1.4458,3.7
43.4949,-1.4594,
43.5076,-1.4805,0.45
43.4956,-1.4775,
43.503,-1.4687,0.07
43.4914,-1.47,0.83
43.4689,-1.4901,4.6
43.5001,-1.4564,1.78
43.5003,-1.4383,1.55
43.4961,-1.4716,3.66
43.4926,-1.471,27.59
43.4817,-1.4782,1.39
43.485,-1.4949,0.24
43.5084,-1.4653,0.1
43.483,-1.4782,4.0
43.4796,-1.4985,10.67
43.494,-1.4662,1.53
43.4807,-1.4604,0.96
43.4878,-1.4812,22.59
43.5033,-1.4487,1.01
43.483,-1.4684,1.41
43.4925,-1.4805,2.45
43.5013,-1.4492,1.58
43.5104,-1.4715,0.27
43.49,-1.4628,21.64
43.4969,-1.4683,2.19
43.4911,-1.4747,0.64
43.4983,-1.4935,2.43
43.4956,-1.4533,
43.5018,-1.4555,19.74
43.4963,-1.4877,1.5
43.5005,-1.4536,
43.5031,-1.4668,
43.4846,-1.49,3.47
43.4717,-1.4871,1.57
43.4876,-1.4816,0.85
43.5009,-1.4815,1.23
43.4805,-1.5039,0.46
43.4897,-1.4823,2.2
43.4841,-1.4444,1.72
43.5033,-1.4699,3.24
43.5127,-1.468,3.97
43.4955,-1.4848,0.87
43.494,-1.4535,4.4
43.4861,-1.4721,1.6
43.5048,-1.4854,1.05
43.485,-1.4808,
43.4905,-1.4607,2.48
43.4948,-1.4857,0.33
43.4991,-1.4672,1.32
43.4939,-1.4561,1.21
43.4876,-1.4636,0.03
43.4871,-1.4767,4.95
43.4783,-1.4994,27.61
43.4893,-1.4779,24.4
43.51,-1.4871,4.12
43.4615,-1.4905,1.34
43.4849,-1.4719,
43.4964,-1.4647,1.72
43.4916,-1.4861,2.07
43.4977,-1.4382,2.17
43.4939,-1.4562,1.78
43.474,-1.4854,6.98
43.5072,-1.4915,
43.4863,-1.4656,1.56
43.4897,-1.469,
43.4904,-1.4624,27.61
43.4832,-1.4682,1.02
43.496,-1.4893,0.71
43.4879,-1.4821,1.13
43.4965,-1.4707,22.42
43.4941,-1.4789,16.78
43.4838,-1.4695,5.34
43.4785,-1.4725,
43.5074,-1.4594,
43.4927,-1.4803,1.57
43.4781,-1.458,5.79
43.4995,-1.4643,3.58
43.4926,-1.4601,1.94
43.4947,-1.465,0.38
43.5136,-1.446,0.4
43.4858,-1.4857,2.3
43.5039,-1.4742,4.8
43.4961,-1.4549,0.03
43.494,-1.4766,1.07
43.4947,-1.4711,12.68
43.5113,-1.4348,0.03
43.4963,-1.4737,3.03
43.4685,-1.4874,1.73
43.5109,-1.4856,0.5
43.4882,-1.4725,2.98
43.4896,-1.4636,
43.4988,-1.481,2.24
43.496,-1.4728,3.67
43.4811,-1.4583,2.71
43.4901,-1.4817,3.51
43.4983,-1.4927,2.5
43.4872,-1.4852,0.7
43.4979,-1.4621,0.15
43.4817,-1.4583,0.32
43.4963,-1.4705,1.72
43.481,-1.4824,11.79
43.506,-1.4712,0.27
43.4845,-1.4822,1.79
43.4977,-1.491,2.38
43.4977,-1.4633,6.86
43.4853,-1.4824,0.29
43.4876,-1.4483,1.84
43.4744,-1.4903,18.8
43.476,-1.4776,
43.4865,-1.4767,18.75
43.4899,-1.4917,0.56
43.4871,-1.467,2.25
43.4862,-1.4616,13.3
43.488,-1.4816,2.45
43.5077,-1.4665,0.34
43.5051,-1.462,0.42
43.4951,-1.4856,0.39
43.4943,-1.4526,7.62
43.4921,-1.4697,
43.5057,-1.4591,0.43
43.5038,-1.4522,0.59
43.4893,-1.4623,0.14
43.4806,-1.4978,4.51
43.4675,-1.4944,2.33
43.4829,-1.4957,0.03
43.5045,-1.4631,0.07
43.4692,-1.4898,3.43
43.4781,-1.4522,1.0
43.491,-1.4483,3.66
43.4828,-1.4663,1.54
43.5001,-1.4796,1.78
43.4973,-1.4834,27.03
43.4849,-1.4849,0.81
43.4928,-1.4784,0.71
43.4902,-1.4673,1.97
43.4947,-1.4665,10.46
43.4701,-1.4889,1.64
43.4858,-1.4917,9.98
43.497,-1.4748,29.93
43.494,-1.4527,4.05
43.4937,-1.4778,1.73
43.4939,-1.4516,2.53
43.4926,-1.4627,0.21
43.4708,-1.488,0.63
43.4964,-1.4691,0.21
43.511,-1.4439,1.38
43.4914,-1.4643,1.77
43.508,-1.4643,0.46
43.5021,-1.4475,0.36
43.5105,-1.4428,0.53
43.4916,-1.4956,2.47
43.4666,-1.488,6.39
43.4872,-1.4717,
43.4841,-1.4891,0.26
43.4861,-1.4856,1.11
43.5071,-1.4872,1.43
43.4784,-1.4888,2.0
43.5023,-1.4532,
43.5102,-1.4432,0.18
43.5109,-1.465,15.86
43.4824,-1.4913,1.28
43.4974,-1.4569,0.03
43.4767,-1.4797,
43.4862,-1.4672,0.03
43.4677,-1.4917,13.3
43.4886,-1.4827,1.29
43.5045,-1.4465,2.16
43.4989,-1.4822,28.03
43.4765,-1.4911,3.0
43.4798,-1.4987,
43.5115,-1.4636,0.66
43.489,-1.4589,0.93
43.5107,-1.4401,0.25
43.5086,-1.4338,1.34
43.468,-1.4941,1.35
43.4925,-1.4536,6.59
43.5023,-1.477,0.44
43.4916,-1.4958,4.05
43.4581,-1.4955,2.69
43.4809,-1.4824,9.18
43.4815,-1.4655,0.47
43.496,-1.4397,0.42
43.5013,-1.4541,22.52
43.4856,-1.4712,15.91
43.4883,-1.4814,8.73
43.4919,-1.4634,1.06
43.5074,-1.4861,0.41
43.4975,-1.4455,0.99
43.4933,-1.4539,0.13
43.4833,-1.4498,3.19
43.5019,-1.4469,0.51
43.4864,-1.4944,1.17
43.4816,-1.4983,1.54
43.4971,-1.4809,
43.5065,-1.4762,1.01
43.4673,-1.4905,0.9
43.5105,-1.4717,2.82
43.4971,-1.4619,1.17
43.5002,-1.451,0.59
43.4943,-1.4838,0.78
43.4917,-1.4749,
43.5011,-1.4563,11.91
43.4937,-1.494,2.01
43.5051,-1.47,0.88
43.4927,-1.4902,0.28
43.4922,-1.4526,
43.4878,-1.4789,
43.4781,-1.4946,1.49
43.4998,-1.4583,1.56
43.497,-1.4826,27.94
43.491,-1.4542,3.78
43.4848,-1.4959,1.48
43.4823,-1.4786,1.3
43.4851,-1.4709,
43.4935,-1.4564,0.39
43.4905,-1.4607,3.44
43.4904,-1.4846,1.19
43.4787,-1.4559,0.92
43.5093,-1.4467,
43.4825,-1.4563,0.49
43.4881,-1.4819,11.18
43.4916,-1.4959,0.26
43.5111,-1.465,0.47
43.4892,-1.4676,0.18
43.4678,-1.494,0.73
43.4926,-1.4944,1.99
43.4647,-1.4827,
43.4899,-1.4822,2.34
43.5084,-1.434,10.16
43.4845,-1.4815,1.16
43.4802,-1.4944,2.46
43.4835,-1.4865,25.65
43.4959,-1.4723,3.08
43.494,-1.4672,2.04
43.4802,-1.4678,2.37
43.4922,-1.4954,1.4
43.4935,-1.4895,1.0
43.5043,-1.483,0.04
43.4911,-1.494,1.42
43.5083,-1.4847,1.26
43.4845,-1.4964,2.23
43.4794,-1.4715,
43.497,-1.451,2.94
43.4989,-1.4378,0.57
43.4938,-1.4775,0.14
43.4783,-1.4929,1.71
43.4999,-1.4669,0.52
43.5034,-1.4434,1.12
43.5015,-1.4574,
43.4784,-1.4916,2.12
43.4953,-1.4778,
43.4957,-1.4877,5.9
43.5029,-1.4708,1.33
43.4857,-1.4703,
43.4784,-1.4921,0.59
43.5115,-1.4441,1.92
43.4853,-1.471,
43.51,-1.464,3.23
43.4935,-1.4881,0.92
43.4882,-1.47,
43.4867,-1.4829,4.04
43.4917,-1.464,1.52
43.4914,-1.4626,0.86
43.4897,-1.4783,19.43
43.4855,-1.4731,0.45
43.4903,-1.4533,1.74
43.5085,-1.4365,4.8
43.5039,-1.4712,1.77
43.4958,-1.4699,7.36
43.4952,-1.4823,4.38
43.4958,-1.4357,2.66
43.4573,-1.4863,
43.5071,-1.4635,0.4
43.498,-1.4381,1.41
43.5132,-1.4356,1.2
43.5046,-1.4678,0.42
43.4834,-1.4857,
43.4815,-1.4569,
43.4824,-1.4911,3.35
43.5042,-1.4831,0.22
43.5074,-1.4759,0.38
43.4839,-1.4997,0.17
43.5043,-1.4476,0.88
43.4901,-1.4559,5.56
43.4877,-1.4609,1.85
43.4896,-1.4511,0.23
43.4919,-1.4895,3.49
43.4938,-1.4863,1.03
43.4999,-1.4901,9.08
43.4917,-1.473,11.78
43.4872,-1.4924,0.67
43.5028,-1.4405,1.44
43.4974,-1.4586,
43.4775,-1.4555,8.93
43.4927,-1.4803,3.44
43.4768,-1.4861,0.87
43.4824,-1.4912,1.79
43.4894,-1.4578,0.39
43.4891,-1.4795,22.15
43.4843,-1.447,9.2
43.4833,-1.4878,24.75
43.4882,-1.483,0.34
43.4756,-1.4796,1.64
43.4967,-1.4879,23.6
43.4611,-1.4926,0.51
43.4809,-1.4627,1.35
43.4975,-1.4329,6.15
43.4945,-1.4783,10.71
43.5072,-1.4837,0.17
43.4874,-1.4557,0.23
43.4839,-1.489,10.47
43.4841,-1.4803,1.71
43.4645,-1.4825,
43.49,-1.4679,6.69
43.5113,-1.4706,0.51
43.4906,-1.4752,
43.504,-1.4501,3.19
43.484,-1.4456,1.33
43.4706,-1.4848,
43.4925,-1.4652,2.4
43.507,-1.4631,0.46
43.4908,-1.4794,
43.5011,-1.4671,3.59
43.4858,-1.4924,0.15
43.4886,-1.4919,1.16
43.4898,-1.4745,
43.4934,-1.4531,6.14
43.4907,-1.4677,0.99
43.4937,-1.4632,0.88
43.4898,-1.4878,1.62
43.496,-1.4427,1.1
43.4781,-1.5014,1.63
43.4938,-1.4873,1.03
43.488,-1.4635,
43.4884,-1.4787,1.64
43.4868,-1.4755,
43.4926,-1.4647,0.05
43.4648,-1.4856,
43.4824,-1.4665,0.27
43.5027,-1.4511,22.61
43.4891,-1.4729,
43.4789,-1.5024,1.47
43.4992,-1.4368,0.13
43.479,-1.5032,0.83
43.4907,-1.4542,19.2
43.4959,-1.4657,1.25
43.4833,-1.473,
43.4923,-1.4752,
43.5076,-1.4349,0.25
43.4943,-1.4936,1.18
43.4939,-1.4755,
43.4929,-1.4719,20.66
43.4959,-1.4697,1.0
43.4956,-1.4354,0.5
43.5024,-1.4568,1.34
43.495,-1.4786,0.8
43.4843,-1.4981,0.28
43.4836,-1.4896,24.38
43.5062,-1.477,0.58
43.4916,-1.4796,
43.4799,-1.4776,2.49
43.4922,-1.4633,0.13
43.4885,-1.4484,
43.4759,-1.4752,
43.5102,-1.4437,0.82
43.4919,-1.4705,16.1
43.4763,-1.4812,1.76
43.4814,-1.4673,1.59
43.4921,-1.4954,1.25
43.4934,-1.4728,4.43
43.4876,-1.4541,2.71
43.474,-1.4787,
43.4935,-1.4848,0.67
43.4682,-1.4848,
43.4979,-1.4378,1.99
43.4867,-1.4635,2.83
43.4883,-1.4775,4.5
43.4785,-1.4816,2.58
43.4739,-1.4783,
43.501,-1.4842,
43.4934,-1.4798,0.52
43.4973,-1.4347,1.26
43.4905,-1.4702,1.15
43.4861,-1.4757,1.8
43.4905,-1.4681,26.29
43.4825,-1.4583,20.14
43.4983,-1.4929,2.59
43.4808,-1.4571,0.33
43.4943,-1.4768,8.47
43.4942,-1.4679,1.56
43.484,-1.4647,0.88
43.4865,-1.4797,1.29
43.4848,-1.4804,
43.5017,-1.446,1.05
43.5074,-1.4689,1.38
43.4846,-1.4785,14.12
43.4951,-1.4413,23.71
43.5058,-1.457,0.21
43.49,-1.4515,1.23
43.4998,-1.4669,4.09
43.5076,-1.4696,1.75
43.5115,-1.4714,0.1
43.4841,-1.4989,0.44
43.4869,-1.4771,0.88
43.4731,-1.4812,
43.5082,-1.4841,0.3
43.5012,-1.4551,21.62
43.5008,-1.467,0.77
43.498,-1.4677,1.43
43.494,-1.4628,0.75
43.4916,-1.4668,
43.4782,-1.4751,
43.4779,-1.496,1.89
43.4794,-1.499,
43.4823,-1.4983,0.78
43.4882,-1.4585,1.25
43.4965,-1.4561,3.68
43.4639,-1.4956,0.65
43.4845,-1.4788,0.89
43.4897,-1.4804,24.5
43.4581,-1.487,2.7
43.4971,-1.4811,
43.491,-1.4779,13.86
43.4886,-1.4584,2.44
43.4863,-1.4646,1.83
43.4665,-1.4879,4.67
43.4984,-1.4613,0.05
43.479,-1.4543,2.12
43.4955,-1.4774,
43.4811,-1.4605,0.05
43.4601,-1.4956,0.65
43.4961,-1.4597,
43.508,-1.434,0.41
43.5013,-1.4784,1.54
43.4931,-1.4779,0.62
43.4659,-1.4919,1.67
43.4883,-1.4774,4.85
43.4808,-1.465,0.14
43.484,-1.4633,0.23
43.4935,-1.4733,
43.483,-1.4822,13.87
43.4916,-1.4844,0.72
43.4661,-1.4949,3.02
43.4931,-1.4728,4.7
43.5104,-1.4719,0.02
43.4986,-1.4612,0.9
43.4885,-1.456,0.58
43.5006,-1.4481,
43.4806,-1.503,1.53
43.4909,-1.4818,1.92
43.488,-1.4602,2.0
43.4676,-1.4922,1.93
43.4845,-1.4861,
43.5023,-1.4207,1.47
43.491,-1.4447,0.49
43.4924,-1.4767,0.18
43.4711,-1.4914,0.11
43.4903,-1.4836,1.75
43.5047,-1.443,1.98
43.487,-1.4821,
43.4942,-1.4755,
43.4972,-1.4595,
43.4831,-1.466,6.89
43.4948,-1.4646,1.18
43.5055,-1.4457,21.54
43.5021,-1.4206,1.29
43.4868,-1.4871,2.3
43.4926,-1.4941,1.54
43.4796,-1.4897,3.05
43.4889,-1.4779,
43.5031,-1.4523,1.29
43.4665,-1.4829,
43.4679,-1.4903,0.95
43.5109,-1.4702,0.99
43.4947,-1.461,0.77
43.4805,-1.5006,2.86
43.4976,-1.4361,1.31
43.5017,-1.4587,6.22
43.4815,-1.4582,14.47
43.5101,-1.4683,2.51
43.4872,-1.4755,17.94
43.4655,-1.4839,27.08
43.4789,-1.4738,8.66
43.4951,-1.4627,0.39
43.5017,-1.4674,0.39
43.5058,-1.4864,0.04
43.5127,-1.4382,0.26
43.468,-1.4913,12.22
43.4922,-1.454,0.56
43.4941,-1.4528,5.67
43.4916,-1.4726,0.32
43.4861,-1.4752,1.0
43.4848,-1.4727,14.89
43.4837,-1.4449,0.39
43.4939,-1.4552,1.53
43.4877,-1.48,
43.5082,-1.4676,0.83
43.4881,-1.4646,0.32
43.4769,-1.4952,0.89
43.4956,-1.4884,2.74
43.4933,-1.4947,5.05
43.4977,-1.4856,0.65
43.4757,-1.4904,2.93
43.4665,-1.4965,2.28
43.5041,-1.4482,3.44
43.4968,-1.4512,1.82
43.4837,-1.4553,6.47
43.4992,-1.4916,2.96
43.4594,-1.4891,4.92
43.4581,-1.4866,2.69
43.4826,-1.4985,0.44
43.4593,-1.4835,
43.4669,-1.4927,3.91
43.5009,-1.4203,0.36
43.4875,-1.4634,0.1
43.4647,-1.4854,24.29
43.4812,-1.4543,1.27
43.4965,-1.4837,1.03
43.4891,-1.468,1.69
43.5031,-1.4844,2.84
43.4672,-1.4911,0.46
43.5038,-1.4266,0.35
43.5031,-1.4687,2.46
43.4773,-1.496,2.38
43.4975,-1.4845,14.61
43.4662,-1.4962,5.39
43.507,-1.4875,1.3
43.4902,-1.4532,1.2
43.504,-1.4486,1.11
43.491,-1.4626,22.81
43.4975,-1.4628,0.35
43.5,-1.4521,1.78
43.4795,-1.4856,4.24
43.4836,-1.4719,
43.4697,-1.4881,0.67
43.5008,-1.4491,25.56
43.5077,-1.4343,19.5
43.4922,-1.4657,3.29
43.4773,-1.4831,
43.4792,-1.4472,2.05
43.4765,-1.4826,3.1
43.4909,-1.4849,0.23
43.4871,-1.4745,12.41
43.4905,-1.4753,
43.5103,-1.4683,3.59
43.4783,-1.4987,1.99
43.4966,-1.4872,2.12
43.509,-1.4917,
43.4878,-1.4912,1.54
43.5031,-1.4426,0.41
43.4983,-1.4571,12.9
43.5078,-1.4607,2.04
43.4963,-1.4699,8.79
43.4958,-1.4877,0.66
43.4916,-1.483,3.53
43.4962,-1.4868,22.51
43.4788,-1.4815,3.02
43.5046,-1.4679,0.47
43.5063,-1.458,0.78
43.5003,-1.4908,10.01
43.4799,-1.4849,16.25
43.4945,-1.4596,5.27
43.4815,-1.4838,1.17
43.4836,-1.4973,3.56
43.4968,-1.4939,4.38
43.4918,-1.4813,0.89
43.5022,-1.4783,0.55
43.4757,-1.4781,
43.4873,-1.451,1.14
43.4953,-1.4673,21.5
43.4812,-1.4813,2.01
43.4688,-1.4839,
43.4847,-1.485,0.37
43.4984,-1.4567,0.4
43.4934,-1.4473,3.5
43.478,-1.5045,11.95
43.494,-1.4946,4.13
43.4846,-1.4752,0.02
43.484,-1.4443,0.49
43.4958,-1.4356,1.12
43.4946,-1.4778,0.06
43.5062,-1.4456,3.73
43.4954,-1.4769,
43.4815,-1.4913,1.26
43.5069,-1.4672,0.55
43.4907,-1.4685,
43.4853,-1.4778,1.89
43.5043,-1.4475,0.54
43.4839,-1.4516,1.29
43.5037,-1.4695,4.26
43.4811,-1.4501,
43.4922,-1.4751,
43.4928,-1.4663,0.38
43.497,-1.4512,0.74
43.4957,-1.4885,1.97
43.4954,-1.4703,5.52
43.4813,-1.4588,0.18
43.4864,-1.4857,0.5
43.48,-1.4528,1.12
43.5073,-1.4663,1.43
43.4798,-1.4581,1.0
43.499,-1.4599,2.67
43.4959,-1.4518,3.37
43.4938,-1.4529,6.28
43.5039,-1.4636,0.71
43.4842,-1.4476,0.68
43.4969,-1.475,21.08
43.4984,-1.4581,2.67
43.4906,-1.4594,0.08
43.4926,-1.4833,0.24
43.4963,-1.4857,1.95
43.4835,-1.4766,10.14
43.4853,-1.49,4.62
43.5105,-1.4872,0.35
43.4919,-1.4515,
43.4724,-1.484,
43.5035,-1.4376,1.01
43.4959,-1.4378,2.88
43.4831,-1.4769,1.22
43.512,-1.4705,1.27
43.4661,-1.4953,2.25
43.509,-1.4678,1.46
43.4779,-1.4927,0.75
43.4997,-1.4897,10.09
43.5066,-1.4874,0.66
43.511,-1.4873,0.47
43.4984,-1.4579,0.86
43.4786,-1.4925,0.56
43.4935,-1.4656,1.47
43.4601,-1.4953,0.19
43.4797,-1.5005,0.28
43.5072,-1.445,0.93
43.4843,-1.474,
43.4871,-1.4684,0.56
43.5039,-1.4224,2.48
43.4792,-1.4501,0.25
43.4879,-1.4608,1.66
43.4605,-1.4818,
43.4888,-1.4644,
43.4786,-1.4501,
43.489,-1.4648,
43.4855,-1.476,2.76
43.4989,-1.4678,
43.4819,-1.4943,1.53
43.4848,-1.4588,1.49
43.495,-1.4383,0.49
43.4971,-1.4891,1.12
43.4883,-1.4687,
43.4841,-1.4466,2.96
43.4968,-1.4741,0.03
43.4789,-1.4677,0.78
43.4964,-1.4809,
43.4986,-1.479,1.48
43.506,-1.4836,1.58
43.4795,-1.4749,
43.4872,-1.4829,2.35
43.4796,-1.4863,2.75
43.4877,-1.4788,
43.479,-1.4739,11.95
43.4869,-1.4614,
43.4885,-1.4888,0.8
43.4956,-1.4639,1.85
43.4894,-1.4702,
43.4873,-1.4829,0.3
43.4817,-1.4967,2.5
43.4965,-1.4762,
43.484,-1.4514,0.54
43.484,-1.499,5.63
43.4567,-1.4858,
43.5156,-1.4596,1.04
43.4943,-1.4626,0.74
43.4911,-1.4844,1.42
43.493,-1.4865,2.11
43.5007,-1.4838,
43.489,-1.4721,4.16
43.4973,-1.456,1.03
43.4862,-1.4738,10.73
43.4933,-1.4745,
43.4829,-1.4876,1.49
43.5137,-1.4623,0.96
43.5115,-1.4343,0.8
43.495,-1.4674,3.47
43.4784,-1.4683,2.42
43.4738,-1.4816,
43.4893,-1.4889,0.64
43.4897,-1.4712,26.94
43.4918,-1.4569,1.85
43.4799,-1.5016,2.11
43.4825,-1.4909,1.13
43.4846,-1.4715,
43.4955,-1.4714,0.2
43.4882,-1.4552,1.35
43.4831,-1.4862,1.44
43.4868,-1.4981,
43.4963,-1.485,11.02
43.502,-1.4681,0.38
43.5041,-1.4368,2.58
43.467,-1.4945,0.07
43.482,-1.49,
43.4887,-1.4689,
43.4936,-1.4519,0.07
43.4905,-1.4619,3.11
43.4887,-1.4644,
43.4901,-1.4726,20.36
43.4932,-1.4759,2.28
43.4681,-1.4915,3.06
43.4872,-1.4756,4.3
43.496,-1.4424,1.36
43.5004,-1.4541,25.83
43.4896,-1.4709,
43.4959,-1.4727,8.26
43.5021,-1.4782,1.27
43.4838,-1.4746,0.15
43.4879,-1.4604,2.44
43.4585,-1.4957,1.33
43.502,-1.4676,2.92
43.4926,-1.4759,
43.4796,-1.4924,0.62
43.4965,-1.4824,2.79
43.4771,-1.475,
43.4854,-1.4717,0.17
43.4951,-1.4647,0.28
43.4811,-1.4837,0.23
43.4708,-1.4926,
43.4879,-1.4905,0.24
43.502,-1.4502,0.88
43.4985,-1.4619,0.02
43.4851,-1.4757,0.53
43.4923,-1.4757,
43.4982,-1.4576,1.09
43.5024,-1.4621,0.33
43.4894,-1.4924,0.87
43.4702,-1.4848,
43.4945,-1.4808,0.22
43.4926,-1.4912,1.4
43.4813,-1.4612,1.28
43.4925,-1.479,21.91
43.5028,-1.4409,1.38
43.4832,-1.4729,
43.4911,-1.4805,14.17
43.4936,-1.4584,1.62
43.4759,-1.4906,3.2
43.4993,-1.4638,11.2
43.5028,-1.4709,1.71
43.4667,-1.4842,
43.4854,-1.4712,
43.5088,-1.4337,0.46
43.4969,-1.4259,0.5
43.4848,-1.4587,0.51
43.4803,-1.5039,0.13
43.4944,-1.4776,9.26
43.5069,-1.4319,1.38
43.4766,-1.4762,
43.4916,-1.4836,1.62
43.503,-1.4687,0.39
43.4925,-1.4744,18.04
43.4934,-1.4772,0.23
43.4856,-1.477,1.29
43.464,-1.4959,1.61
43.484,-1.4566,0.68
43.4898,-1.467,0.66
43.5042,-1.4659,3.98
43.4929,-1.4599,1.99
43.4996,-1.4614,1.8
43.4995,-1.4549,
43.4954,-1.4701,6.41
43.5067,-1.4718,0.46
43.5046,-1.4665,0.73
43.5095,-1.4586,0.98
43.4957,-1.4464,0.03
43.4876,-1.4614,0.27
43.4906,-1.4814,0.64
43.4796,-1.4997,16.48
43.4937,-1.4601,0.35
43.4906,-1.4785,0.98
43.5051,-1.47,0.76
43.4957,-1.4801,3.46
43.4936,-1.4776,0.35
43.4988,-1.4894,2.61
43.4832,-1.4555,0.34
43.4847,-1.4791,24.93
43.4937,-1.4813,0.35
43.4871,-1.4945,0.13
43.5104,-1.4299,1.75
43.4833,-1.4549,1.83
43.5132,-1.4676,7.66
43.4941,-1.4767,1.09
43.493,-1.4514,0.51
43.4866,-1.4706,0.47
43.4857,-1.4777,1.26
43.4893,-1.4678,0.0
43.4744,-1.4853,1.67
43.4949,-1.4355,0.64
43.512,-1.4634,0.92
43.4767,-1.4943,0.96
43.4812,-1.4605,3.28
43.4999,-1.4818,11.11
43.497,-1.4599,1.46
43.4885,-1.4594,0.76
43.4902,-1.4644,
43.4872,-1.4512,2.0
43.4844,-1.4593,0.05
43.4977,-1.4314,1.64
43.4882,-1.46,1.98
43.4597,-1.4892,6.21
43.4935,-1.4727,0.0
43.4997,-1.4629,12.47
43.4866,-1.4727,
43.4947,-1.482,0.05
43.49,-1.4544,0.79
43.5025,-1.4487,1.86
43.5054,-1.4603,0.62
43.49,-1.4816,0.22
43.5125,-1.446,2.1
43.488,-1.4795,
43.5019,-1.4669,
43.5007,-1.4497,0.14
43.4842,-1.4486,0.89
43.4899,-1.471,20.61
43.4847,-1.4965,4.82
43.499,-1.4367,0.11
43.5002,-1.4667,8.32
43.4891,-1.4537,0.6
43.4939,-1.4533,2.18
43.5102,-1.4641,3.28
43.4975,-1.4582,
43.4936,-1.4763,11.23
43.5018,-1.4604,0.39
43.5031,-1.4534,1.84
43.4853,-1.4714,
43.4703,-1.4925,2.16
43.4881,-1.4784,28.58
43.4932,-1.4566,0.71
43.5011,-1.4674,1.89
43.4811,-1.465,0.37
43.4787,-1.4495,
43.4807,-1.4943,1.57
43.5035,-1.4665,4.42
43.4876,-1.483,11.2
43.492,-1.4746,21.75
43.4985,-1.4478,2.22
43.4906,-1.475,12.36
43.478,-1.4683,2.01
43.4976,-1.4604,1.41
43.4814,-1.4652,7.9
43.4979,-1.4786,1.35
43.4957,-1.4694,8.54
43.4848,-1.4849,0.86
43.5014,-1.4481,
43.4975,-1.4387,0.09
43.4846,-1.4895,5.28
43.4851,-1.4945,1.86
43.4946,-1.4789,0.95
43.4812,-1.4945,0.15
43.481,-1.4826,1.99
43.4934,-1.4756,11.05
43.4871,-1.4669,2.12
43.5098,-1.4338,
43.5044,-1.4634,2.32
43.5,-1.4378,0.87
43.4968,-1.4631,0.6
43.4944,-1.4675,21.54
43.4706,-1.4881,4.09
43.513,-1.4355,0.5
43.4923,-1.4938,11.12
43.4817,-1.4618,2.09
43.4913,-1.4553,
43.4944,-1.4784,22.15
43.4955,-1.4806,0.07
43.4893,-1.4665,5.93
43.4737,-1.4902,16.11
43.4894,-1.4667,2.69
43.4752,-1.4847,0.22
43.4945,-1.483,0.57
43.4977,-1.4326,2.79
43.4984,-1.4905,1.29
43.4877,-1.4829,1.65
43.4858,-1.4719,2.93
43.4866,-1.4556,0.25
43.4856,-1.4921,2.43
43.5044,-1.4617,
43.4928,-1.4953,2.94
43.4852,-1.4821,0.9
43.4809,-1.4614,0.99
43.5095,-1.4818,0.6
43.4791,-1.5007,19.48
43.479,-1.4992,1.76
43.4845,-1.4807,1.06
43.4888,-1.4538,1.15
43.4957,-1.4737,
43.4788,-1.4679,0.62
43.5115,-1.4344,0.88
43.5091,-1.4593,0.03
43.4813,-1.4585,1.57
43.4875,-1.488,1.57
43.5063,-1.4725,1.59
43.4828,-1.4971,0.98
43.4784,-1.4729,14.66
43.5141,-1.4671,1.49
43.4946,-1.4783,10.91
43.5059,-1.4874,1.85
43.5101,-1.4883,0.69
43.4836,-1.4662,6.71
43.513,-1.4374,0.53
43.4666,-1.4946,0.92
43.4953,-1.4784,8.08
43.4829,-1.4859,26.82
43.497,-1.4769,5.49
43.4664,-1.4919,0.05
43.4961,-1.4848,1.63
43.4804,-1.4577,0.33
43.5008,-1.452,
43.4973,-1.4881,1.1
43.4877,-1.4817,0.35
43.4944,-1.4436,0.63
43.4772,-1.4538,0.39
43.5037,-1.4477,0.84
43.4875,-1.4756,1.6
43.4922,-1.4805,17.1
43.4638,-1.4956,0.85
43.5131,-1.4627,1.42
43.4871,-1.4827,8.23
43.4983,-1.4871,1.05
43.491,-1.4955,1.4
43.4885,-1.4942,0.06
43.4756,-1.4905,2.11
43.5008,-1.4543,
43.4825,-1.4947,0.7
43.5054,-1.4837,0.45
43.4905,-1.4814,0.78
43.4931,-1.465,0.86
43.5041,-1.4483,2.0
43.4869,-1.4668,1.26
43.4785,-1.474,
43.493,-1.4484,2.0
43.5119,-1.4634,0.53
43.4846,-1.4783,2.55
43.4859,-1.4745,1.33
43.4811,-1.4676,2.91
43.4898,-1.4914,0.01
43.4752,-1.4847,0.06
43.4819,-1.4862,5.31
43.5052,-1.4672,1.48
43.4873,-1.4935,0.71
43.5038,-1.4742,0.4
43.4894,-1.467,0.6
43.4923,-1.4622,
43.4811,-1.4827,1.84
43.4901,-1.4542,0.25
43.4954,-1.4581,
43.4913,-1.4533,7.7
43.468,-1.4916,2.97
43.4798,-1.499,
43.4953,-1.4462,0.53
43.5056,-1.4673,0.97
43.4705,-1.4837,
43.5111,-1.4872,5.61
43.4898,-1.4823,2.62
43.4849,-1.4791,
43.494,-1.4813,4.31
43.4797,-1.5014,6.44
43.4942,-1.4817,0.86
43.4969,-1.4608,2.88
43.4725,-1.4863,6.15
43.4853,-1.4847,1.74
43.512,-1.4689,0.4
43.4975,-1.4394,
43.4948,-1.4895,1.33
43.5062,-1.4307,1.03
43.504,-1.4835,0.13
43.5129,-1.4629,1.43
43.4846,-1.4962,4.7
43.4613,-1.4901,0.06
43.4957,-1.4374,1.34
43.4946,-1.4332,3.39
43.4863,-1.4711,0.26
43.4982,-1.4847,
43.4934,-1.4778,0.49
43.4941,-1.4642,0.08
43.4853,-1.466,4.17
43.5111,-1.432,0.13
43.4783,-1.4743,
43.4944,-1.494,0.14
43.4906,-1.4604,1.86
43.5009,-1.4818,13.24
43.491,-1.4915,0.7
43.4998,-1.4465,1.21
43.491,-1.4446,0.41
43.4935,-1.4926,0.22
43.4954,-1.4802,0.37
43.4979,-1.4611,2.37
43.477,-1.4754,
43.4923,-1.4766,22.77
43.4912,-1.4782,
43.4925,-1.4741,14.12
43.4842,-1.4889,6.31
43.4784,-1.5013,1.67
43.4784,-1.5005,16.84
43.4888,-1.4934,1.03
43.4932,-1.4831,0.4
43.4969,-1.4829,1.62
43.4819,-1.4942,1.61
43.4841,-1.4602,3.14
43.498,-1.4824,4.85
43.4942,-1.4766,10.45
43.4929,-1.4791,2.55
43.4932,-1.4789,5.75
43.5003,-1.4508,1.05
43.4789,-1.4976,0.87
43.4563,-1.4853,
43.4918,-1.4552,1.05
43.485,-1.4724,0.98
43.4938,-1.4936,2.86
43.4828,-1.4684,0.02
43.5002,-1.4564,1.85
43.4962,-1.4853,0.92
43.5022,-1.4898,
43.4976,-1.4788,1.85
43.5055,-1.4294,3.37
43.4841,-1.4762,
43.4854,-1.4937,0.47
43.4935,-1.4546,1.07
43.4962,-1.4852,2.49
43.4923,-1.4789,12.4
43.4923,-1.4723,0.02
43.4801,-1.4672,1.55
43.4934,-1.484,0.58
43.4752,-1.4846,7.32
43.5017,-1.4537,3.66
43.4936,-1.4947,0.37
43.4929,-1.4535,6.61
43.4904,-1.4748,1.27
43.4939,-1.4782,3.3
43.5102,-1.4883,0.68
43.496,-1.4744,
43.4786,-1.5002,
43.4895,-1.4937,1.63
43.4686,-1.4952,18.86
43.4901,-1.4819,3.29
43.4906,-1.4787,0.89
43.4907,-1.4707,2.86
43.4615,-1.4916,1.62
43.49,-1.4599,0.52
43.4861,-1.4666,0.33
43.51,-1.4918,
43.4934,-1.4612,2.19
43.4939,-1.4583,1.24
43.4862,-1.4777,1.5
43.4676,-1.4918,13.54
43.5036,-1.4686,2.21
43.493,-1.4588,1.22
43.4649,-1.4954,1.27
43.5048,-1.4685,0.74
43.488,-1.4733,1.56
43.4863,-1.4758,13.78
43.5024,-1.4547,1.09
43.5074,-1.4626,0.3
43.4814,-1.4579,
43.5001,-1.4508,0.05
43.495,-1.4639,0.04
43.4938,-1.4932,2.66
43.4704,-1.4922,0.45
43.483,-1.4742,12.83
43.4878,-1.4529,1.92
43.4629,-1.4813,
43.4892,-1.4924,0.97
43.4879,-1.4883,0.63
43.5023,-1.4537,29.73
43.4965,-1.473,0.15
43.4929,-1.4729,17.79
43.5109,-1.442,1.23
43.492,-1.4517,
43.4909,-1.4748,0.32
43.4784,-1.4956,1.02
43.4896,-1.4794,7.11
43.5057,-1.4737,1.03
43.4905,-1.4622,4.98
43.497,-1.4448,1.09
43.5002,-1.4533,0.9
43.5107,-1.4686,2.04
43.4943,-1.4657,1.73
43.5053,-1.4837,0.34
43.4943,-1.4597,0.74
43.4952,-1.4395,0.18
43.4773,-1.4767,
43.4795,-1.5035,0.57
43.4829,-1.4844,3.5
43.4818,-1.4686,1.19
43.492,-1.4549,1.08
43.4967,-1.4268,0.38
43.4952,-1.4835,0.13
43.4999,-1.4559,1.07
43.4862,-1.4889,1.31
43.5021,-1.4571,0.28
43.4963,-1.4819,4.21
43.4915,-1.482,3.84
43.5055,-1.4456,
43.4909,-1.4482,3.55
43.5003,-1.4506,1.53
43.4954,-1.4807,0.14
43.499,-1.4197,0.72
43.4876,-1.4665,1.15
43.4933,-1.4788,9.66
43.4957,-1.48,1.94
43.4969,-1.4763,2.65
43.4835,-1.454,0.05
43.4779,-1.4988,1.94
43.4782,-1.5045,10.49
43.4836,-1.4783,2.99
43.4998,-1.4554,17.67
43.4808,-1.492,0.44
43.4908,-1.485,1.35
43.492,-1.471,11.24
43.4969,-1.451,3.08
43.5103,-1.4683,3.73
43.4998,-1.4901,0.66
43.4779,-1.4751,
43.4902,-1.4757,
43.4902,-1.4788,0.45
43.4937,-1.4736,
43.4939,-1.482,8.08
43.4588,-1.485,
43.484,-1.4638,1.62
43.4635,-1.4957,1.16
43.5075,-1.4807,1.59
43.4981,-1.468,28.35
43.4955,-1.4898,0.19
43.4957,-1.4571,1.14
43.4665,-1.4878,5.32
43.4954,-1.4599,
43.5063,-1.4553,0.19
43.4868,-1.4929,1.59
43.5078,-1.434,0.33
43.502,-1.4484,0.19
43.5096,-1.4583,0.12
43.4883,-1.4638,
43.4929,-1.4718,21.95
43.485,-1.4848,2.33
43.4882,-1.4756,0.63
43.5142,-1.4619,1.59
43.5081,-1.4838,1.53
43.5069,-1.4322,0.92
43.485,-1.4754,1.42
43.5075,-1.4449,0.9
43.492,-1.4911,1.5
43.4813,-1.4588,4.6
43.4976,-1.4276,1.58
43.4853,-1.4877,1.47
43.4706,-1.4923,1.83
43.5014,-1.4459,2.35
43.5151,-1.4602,0.57
43.5054,-1.4618,0.27
43.4794,-1.4762,12.54
43.4985,-1.4683,11.15
43.4788,-1.4985,2.14
43.4882,-1.4782,13.36
43.4588,-1.4956,1.56
43.4764,-1.4909,3.16
43.4916,-1.4807,
43.4953,-1.4591,
43.4825,-1.4657,4.9
43.4754,-1.4766,
43.5017,-1.4519,
43.4964,-1.4785,
43.4971,-1.4334,0.97
43.4916,-1.4838,3.48
43.498,-1.4909,1.34
43.4742,-1.4902,19.09
43.4867,-1.4704,1.24
43.5062,-1.4581,4.26
43.4667,-1.4932,4.0
43.4847,-1.4958,4.1
43.4938,-1.4582,7.39
43.4807,-1.4672,0.94
43.4919,-1.4952,1.73
43.4864,-1.4796,8.15
43.4773,-1.4917,0.58
43.5112,-1.444,1.56
43.5054,-1.4656,0.52
43.4806,-1.5027,1.16
43.4883,-1.4762,1.12
43.4947,-1.4664,16.39
43.4833,-1.4503,1.05
43.4876,-1.4926,1.16
43.4908,-1.4772,
43.4856,-1.4769,1.25
43.4848,-1.4783,16.03
43.4939,-1.4548,1.44
43.5066,-1.4784,0.88
43.4797,-1.4846,
43.4895,-1.4913,3.02
43.4988,-1.4407,
43.4953,-1.4673,26.53
43.4586,-1.4956,2.35
43.4671,-1.4916,0.19
43.5022,-1.4471,1.23
43.4813,-1.4765,1.67
43.4949,-1.4529,0.75
43.4975,-1.4556,4.32
43.5026,-1.4821,0.4
43.4655,-1.4833,3.53
43.4817,-1.4939,0.29
43.4949,-1.4651,0.4
43.5027,-1.4521,0.39
43.4546,-1.4945,2.75
43.5003,-1.4813,0.39
43.4902,-1.4618,1.04
43.4821,-1.4826,0.59
43.4962,-1.4461,0.26
43.4837,-1.4552,6.82
43.4841,-1.4992,3.55
43.4838,-1.4558,6.34
43.4799,-1.4954,0.97
43.5042,-1.4494,0.92
43.4841,-1.479,1.29
43.5059,-1.4755,1.07
43.4915,-1.4893,1.12
43.4936,-1.4669,2.4
43.4813,-1.4584,12.7
43.5137,-1.4674,0.57
43.4934,-1.4936,17.63
43.4976,-1.4791,11.35
43.485,-1.4762,0.47
43.5011,-1.454,
43.4656,-1.4834,8.62
43.4952,-1.4657,1.56
43.479,-1.4849,3.0
43.4951,-1.4769,
43.4818,-1.4862,0.49
43.4934,-1.4894,1.06
43.4856,-1.4768,1.14
43.4835,-1.4467,0.03
43.5067,-1.4453,1.89
43.4852,-1.4709,
43.4788,-1.4972,1.19
43.4993,-1.4386,11.19
43.496,-1.4878,0.59
43.4961,-1.4347,3.78
43.4971,-1.4843,0.37
43.4591,-1.484,
43.4895,-1.4742,
43.4812,-1.4918,0.1
43.4908,-1.4868,4.34
43.5063,-1.4773,0.89
43.5118,-1.4921,
43.4937,-1.4945,3.43
43.4771,-1.4874,0.39
43.488,-1.4789,
43.4924,-1.4781,12.09
43.4895,-1.4821,1.02
43.5015,-1.4676,0.97
43.4963,-1.4699,8.11
43.4659,-1.4946,1.12
43.474,-1.4899,0.75
43.498,-1.4528,12.75
43.4984,-1.4565,0.3
43.4903,-1.4957,9.22
43.4891,-1.4963,
43.5043,-1.4358,1.04
43.4609,-1.4815,
43.4925,-1.4437,1.29
43.4911,-1.4689,16.39
43.4905,-1.4548,1.0
43.4627,-1.4961,3.19
43.4853,-1.4597,0.11
43.5057,-1.474,0.49
43.4867,-1.4726,
43.4817,-1.4864,1.74
43.5024,-1.4789,4.71
43.4962,-1.4562,4.64
43.4779,-1.4817,0.97
43.5142,-1.4671,1.44
43.4827,-1.4659,4.11
43.4932,-1.4756,2.2
43.4923,-1.4941,2.33
43.4964,-1.4726,0.96
43.4833,-1.45,2.77
43.5027,-1.4481,18.39
43.4882,-1.4938,0.74
43.4823,-1.4877,3.8
43.4664,-1.4829,
43.4924,-1.4775,
43.4839,-1.4966,3.21
43.4826,-1.4964,1.84
43.4975,-1.4296,5.3
43.4886,-1.4756,
43.5039,-1.4716,4.2
43.5025,-1.4524,0.22
43.4758,-1.4755,
43.4666,-1.4912,1.2
43.4863,-1.4754,24.18
43.476,-1.4955,1.03
43.4918,-1.4767,
43.4978,-1.4562,
43.4846,-1.4968,0.59
43.4768,-1.4795,
43.5126,-1.446,0.47
43.4847,-1.4898,3.54
43.4897,-1.4678,0.8
43.494,-1.4536,0.29
43.4787,-1.4992,
43.4781,-1.4921,1.96
43.4861,-1.4756,1.41
43.4639,-1.482,
43.5032,-1.4517,8.83
43.4958,-1.4741,
43.5033,-1.4687,0.57
43.496,-1.4894,1.1
43.5067,-1.431,3.38
43.4942,-1.4884,1.13
43.4952,-1.4768,
43.4811,-1.4935,0.15
43.478,-1.4924,1.18
43.5077,-1.4665,0.46
43.4837,-1.4767,0.12
43.4976,-1.4225,1.0
43.4961,-1.4372,2.94
43.4947,-1.4838,1.15
43.491,-1.4724,1.26
43.4948,-1.484,0.99
43.5014,-1.4673,0.36
43.4753,-1.4793,1.74
43.4765,-1.4966,0.27
43.5038,-1.4473,1.22
43.4983,-1.4537,1.57
43.4962,-1.4876,0.75
43.4832,-1.4833,0.37
43.4809,-1.4603,5.57
43.4933,-1.4902,1.26
43.4761,-1.4793,0.25
43.5117,-1.4686,3.12
43.492,-1.4749,
43.4902,-1.4619,0.18
43.4994,-1.4544,1.38
43.5027,-1.4482,24.82
43.4938,-1.4462,1.32
43.4708,-1.4838,
43.4661,-1.4961,6.5
43.5022,-1.4896,
43.4842,-1.4497,0.8
43.4893,-1.4908,1.54
43.4802,-1.489,0.56
43.4859,-1.4856,1.9
43.4787,-1.473,26.49
43.487,-1.4861,1.89
43.478,-1.4684,0.62
43.5135,-1.4329,
43.4954,-1.4646,0.46
43.5041,-1.4726,4.44
43.5029,-1.4523,16.0
43.505,-1.4673,0.33
43.4875,-1.4668,0.02
43.4942,-1.4917,2.58
43.4866,-1.4561,1.93
43.4862,-1.4667,2.67
43.4913,-1.4728,2.1
43.4966,-1.4643,0.99
43.4935,-1.4809,6.83
43.4933,-1.4476,1.81
43.4863,-1.4904,1.48
43.4944,-1.4609,2.2
43.5005,-1.4798,6.76
43.5084,-1.4878,0.88
43.4972,-1.4862,2.04
43.4864,-1.4711,1.3
43.496,-1.4512,4.09
43.4952,-1.4763,
43.4584,-1.4881,3.65
43.4909,-1.473,0.35
43.5029,-1.4522,16.2
43.4929,-1.4668,2.0
43.4874,-1.459,2.43
43.488,-1.4731,8.72
43.4846,-1.4967,0.38
43.5048,-1.4431,2.8
43.5074,-1.4305,2.18
43.4994,-1.464,3.76
43.5072,-1.4545,0.46
43.4927,-1.4833,0.56
43.4924,-1.4709,14.86
43.504,-1.4466,1.43
43.4959,-1.4598,
43.4929,-1.4751,5.29
43.4976,-1.4625,0.86
43.4942,-1.4679,1.66
43.4987,-1.4615,0.51
43.4859,-1.4742,1.01
43.4938,-1.4511,0.88
43.4913,-1.4689,3.06
43.4809,-1.4909,
43.4922,-1.4624,
43.4837,-1.4663,1.96
43.4998,-1.454,10.64
43.5006,-1.4383,1.83
43.5019,-1.4479,
43.4968,-1.4262,0.48
43.4878,-1.4761,
43.4776,-1.4895,0.94
43.4934,-1.4604,0.47
43.4871,-1.4745,14.72
43.4977,-1.4322,0.06
43.503,-1.4679,0.03
43.5048,-1.4658,1.63
43.5112,-1.4649,0.59
43.4941,-1.4582,1.79
43.5017,-1.459,5.9
43.5065,-1.4868,0.24
43.5016,-1.4559,12.98
43.4973,-1.4601,0.62
43.4781,-1.4928,2.02
43.4872,-1.4567,2.17
43.4887,-1.4918,0.4
43.4912,-1.451,0.24
43.4796,-1.4657,0.26
43.5121,-1.4854,7.33
43.5044,-1.4818,0.21
43.4936,-1.4576,1.49
43.4929,-1.4503,0.21
43.4923,-1.478,18.6
43.4824,-1.4826,5.15
43.4753,-1.4907,2.37
43.4814,-1.4542,1.62
43.4868,-1.4636,1.14
43.4822,-1.4675,24.43
43.4926,-1.4715,3.14
43.4793,-1.5028,0.32
43.4917,-1.48,
43.4983,-1.455,3.32
43.4984,-1.4937,0.84
43.4894,-1.4781,7.89
43.4952,-1.439,1.41
43.4872,-1.4709,
43.4921,-1.4568,2.2
43.4805,-1.4934,1.27
43.5066,-1.4308,0.41
43.4852,-1.466,5.21
43.4935,-1.4617,1.33
43.4898,-1.4713,14.76
43.4895,-1.4756,
43.4946,-1.4638,0.64
43.4781,-1.4943,10.24
43.5001,-1.4672,27.41
43.5069,-1.4685,0.78
43.4862,-1.4653,2.73
43.4952,-1.4721,
43.4938,-1.4638,0.08
43.5084,-1.4444,1.71
43.5028,-1.4519,11.63
43.5037,-1.4265,0.26
43.4871,-1.4568,2.15
43.4926,-1.4534,6.36
43.5058,-1.4747,1.63
43.4897,-1.4751,10.92
43.4897,-1.4591,1.89
43.4809,-1.4828,2.11
43.495,-1.4401,1.11
43.4866,-1.4927,0.34
43.493,-1.4793,2.28
43.494,-1.4764,8.51
43.4905,-1.4621,0.3
43.4924,-1.4443,0.5
43.5047,-1.4681,0.53
43.5117,-1.4871,11.46
43.492,-1.4799,
43.4668,-1.4831,
43.4812,-1.45,
43.4936,-1.4507,2.12
43.5092,-1.4592,0.61
43.4949,-1.4714,23.82
43.5031,-1.4535,1.86
43.4771,-1.4685,0.24
43.5069,-1.4321,1.04
43.4956,-1.4415,1.19
43.5041,-1.448,3.19
43.4884,-1.459,1.71
43.5053,-1.4618,1.79
43.4763,-1.4793,0.05
43.4968,-1.4831,1.23
43.4927,-1.4786,3.99
43.5059,-1.431,0.35
43.5019,-1.4539,
43.4895,-1.4633,
43.4948,-1.4525,3.24
43.491,-1.486,1.95
43.4868,-1.4691,1.92
43.4863,-1.4777,1.98
43.5069,-1.4591,2.29
43.5033,-1.4247,1.08
43.4894,-1.4531,1.81
43.4965,-1.4339,2.66
43.4783,-1.474,
43.4911,-1.4847,0.41
43.4839,-1.475,23.86
43.5036,-1.4696,2.92
43.4981,-1.4901,2.24
43.4773,-1.4837,26.58
43.4903,-1.4618,0.92
43.4936,-1.4685,1.88
43.477,-1.4897,0.41
43.4922,-1.4638,0.01
43.497,-1.4806,
43.4863,-1.4659,1.18
43.4964,-1.4514,1.7
43.4938,-1.4832,1.89
43.4876,-1.4904,0.29
43.5055,-1.4318,0.63
43.4813,-1.4996,3.92
43.5028,-1.4478,1.91
43.4816,-1.4951,0.82
43.4765,-1.4764,
43.493,-1.4879,0.44
43.505,-1.4466,1.03
43.4833,-1.4896,15.49
43.4888,-1.4941,0.59
43.5033,-1.4662,19.43
43.4768,-1.4825,16.99
43.5043,-1.4273,0.83
43.506,-1.4713,8.4
43.4839,-1.4561,6.09
43.4862,-1.4708,1.08
43.4961,-1.4361,3.39
43.492,-1.4808,1.29
43.4835,-1.4893,0.68
43.5034,-1.4698,3.25
43.491,-1.4756,
43.4922,-1.4796,
43.5071,-1.4582,0.13
43.4969,-1.4787,
43.4838,-1.4789,3.59
43.4822,-1.4896,
43.5127,-1.463,1.56
43.5012,-1.4577,
43.509,-1.4667,0.45
43.4855,-1.4717,0.27
43.4979,-1.4798,22.48
43.4812,-1.4597,5.5
43.5034,-1.4506,15.93
43.4975,-1.4788,7.8
43.4859,-1.4913,11.78
43.4652,-1.4953,2.63
43.4858,-1.4912,2.14
43.5108,-1.4864,0.5
43.4875,-1.4614,4.73
43.4891,-1.4826,1.6
43.4996,-1.4598,0.1
43.4933,-1.4566,0.81
43.4913,-1.4768,17.42
43.4892,-1.4822,1.76
43.4914,-1.4918,1.69
43.4915,-1.4779,2.92
43.4781,-1.4549,2.72
43.4896,-1.4719,0.67
43.4665,-1.4934,4.44
43.4876,-1.4754,4.56
43.4869,-1.4691,1.93
43.4875,-1.4657,0.28
43.479,-1.4758,
43.5102,-1.4675,1.24
43.4942,-1.478,2.96
43.4571,-1.4861,
43.4841,-1.4662,1.18
43.5075,-1.4806,0.95
43.5084,-1.4333,9.81
43.4773,-1.4832,
43.4971,-1.4274,1.77
43.4901,-1.4871,3.25
43.4893,-1.4773,
43.4956,-1.4867,0.39
43.4695,-1.4929,0.86
43.5115,-1.4343,2.94
43.4836,-1.4474,8.83
43.4777,-1.4994,0.88
43.4952,-1.4824,2.16
43.4785,-1.4843,1.39
43.4878,-1.461,0.36
43.4933,-1.4618,3.04
43.495,-1.4891,28.33
43.4876,-1.4932,1.1
43.4863,-1.4772,1.16
43.4746,-1.4802,
43.4924,-1.4702,
43.4865,-1.47,1.92
43.499,-1.4597,3.04
43.5065,-1.4623,0.38
43.4958,-1.4739,
43.4898,-1.4781,2.24
43.4895,-1.4782,0.13
43.4886,-1.4648,
43.4994,-1.4599,0.58
43.5026,-1.4712,1.51
43.4865,-1.4775,2.32
43.507,-1.4598,4.13
43.4954,-1.4886,
43.4824,-1.4786,1.21
43.4974,-1.4352,1.66
43.4811,-1.4644,1.01
43.502,-1.4772,0.97
43.4897,-1.4446,0.47
43.4845,-1.4578,1.09
43.4873,-1.4852,0.02
43.4916,-1.4641,0.78
43.4809,-1.4679,1.24
43.4894,-1.4819,5.91
43.5021,-1.4771,1.31
43.4989,-1.4596,4.8
43.4833,-1.4543,1.64
43.4942,-1.4892,3.47
43.4925,-1.4868,1.34
43.4775,-1.484,6.19
43.5098,-1.4661,0.13
43.4942,-1.4778,1.11
43.4962,-1.472,2.27
43.4957,-1.4396,0.35
43.4947,-1.4658,27.22
43.4998,-1.4556,18.21
43.4833,-1.4507,0.54
43.4879,-1.4926,0.33
43.504,-1.4478,2.04
43.4955,-1.4579,14.25
43.4895,-1.4907,1.42
43.4808,-1.4707,
43.4952,-1.4706,3.42
43.5043,-1.466,2.2
43.5018,-1.4665,
43.4957,-1.4521,1.05
43.4986,-1.4608,1.16
43.4782,-1.4842,1.32
43.4869,-1.4804,0.06
43.4991,-1.44,10.36
43.5034,-1.4648,1.9
43.4927,-1.4877,2.53
43.4816,-1.4626,3.33
43.4872,-1.4699,21.47
43.4889,-1.4937,1.26
43.4894,-1.4783,16.58
43.4835,-1.4991,1.7
43.4951,-1.4653,0.77
43.4813,-1.4817,1.49
43.4847,-1.4662,0.13
43.4932,-1.4928,
43.4738,-1.4833,1.32
43.4583,-1.4863,29.8
43.4937,-1.4939,7.79
43.5083,-1.4352,0.52
43.4883,-1.4532,1.47
43.498,-1.4613,2.03
43.4871,-1.4806,1.42
43.4794,-1.4983,3.17
43.5096,-1.4913,
43.4885,-1.4817,6.89
43.4808,-1.4747,0.22
43.4909,-1.4908,5.25
43.5019,-1.4829,1.23
43.4984,-1.4874,0.26
43.4977,-1.461,1.58
43.4908,-1.4537,1.99
43.485,-1.4782,14.26
43.4826,-1.4684,1.33
43.508,-1.4524,
43.4811,-1.4579,21.79
43.5048,-1.4659,1.32
43.4841,-1.4661,0.22
43.4825,-1.453,3.72
43.4933,-1.4446,2.87
43.4974,-1.4588,
43.5008,-1.4495,0.14
43.4985,-1.4377,0.68
43.5024,-1.4836,1.69
43.5081,-1.4875,2.01
43.4684,-1.4915,26.07
43.4928,-1.453,0.27
43.489,-1.483,0.42
43.486,-1.4763,2.64
43.4935,-1.4919,5.13
43.4976,-1.4672,1.1
43.4929,-1.4713,
43.4765,-1.4525,0.5
43.4806,-1.4516,0.56
43.4885,-1.4584,1.44
43.5111,-1.465,0.52
43.4858,-1.4702,
43.5031,-1.4495,1.36
43.509,-1.4677,11.42
43.4793,-1.4501,0.47
43.4925,-1.4871,2.52
43.48,-1.4768,1.79
43.4819,-1.4775,0.07
43.4772,-1.4929,1.8
43.4975,-1.4822,
43.4875,-1.4664,0.12
43.4774,-1.4541,0.38
43.4614,-1.4902,1.07
43.4937,-1.4801,5.64
43.4807,-1.4887,3.11
43.4899,-1.4817,0.45
43.5121,-1.4859,2.37
43.48,-1.4767,0.75
43.4919,-1.4521,
43.5009,-1.4382,1.39
43.4906,-1.4594,1.62
43.4672,-1.4833,
43.4909,-1.4883,1.15
43.4958,-1.4877,2.38
43.48,-1.467,1.25
43.4934,-1.4665,2.57
43.5103,-1.4712,0.05
43.4928,-1.4851,1.75
43.4791,-1.5007,10.99
43.4982,-1.4848,
43.4892,-1.4777,
43.5124,-1.4682,5.56
43.5027,-1.4537,1.66
43.4794,-1.456,4.22
43.4916,-1.4814,4.62
43.5066,-1.4748,0.22
43.4961,-1.4365,1.83
43.502,-1.4788,1.87
43.4941,-1.4539,0.73
43.4784,-1.493,6.2
43.4967,-1.4887,3.49
43.4916,-1.4745,0.58
43.4798,-1.4781,1.7
43.4905,-1.491,1.2
43.4983,-1.4822,4.83
43.4951,-1.4719,
43.4886,-1.4759,
43.495,-1.4523,5.63
43.4784,-1.5003,21.98
43.4852,-1.4661,1.48
43.492,-1.4797,
43.5111,-1.4421,1.22
43.486,-1.4903,0.99
43.468,-1.4837,
43.5016,-1.4548,19.53
43.4944,-1.4941,0.1
43.4868,-1.4685,0.24
43.49,-1.4958,
43.4839,-1.4737,
43.4813,-1.4858,0.08
43.487,-1.4744,6.13
43.4949,-1.4762,
43.4946,-1.4649,0.41
43.484,-1.4903,15.12
43.474,-1.4855,1.69
43.5017,-1.483,21.95
43.4949,-1.4581,
43.4838,-1.4992,3.68
43.485,-1.4951,0.39
43.4809,-1.4622,1.33
43.4784,-1.5014,4.4
43.4864,-1.4859,0.62
43.4798,-1.4818,1.12
43.4951,-1.48,0.06
43.5044,-1.4826,0.39
43.4846,-1.4727,
43.4652,-1.4952,2.49
43.4894,-1.4836,1.68
43.4951,-1.4581,
43.4986,-1.4578,3.77
43.5,-1.4653,2.31
43.5084,-1.4881,0.93
43.5005,-1.4815,12.45
43.5056,-1.4316,3.87
43.4811,-1.4979,2.07
43.4885,-1.4799,0.49
43.4792,-1.5011,4.32
43.4991,-1.4505,2.4
43.5033,-1.4517,0.17
43.5015,-1.4204,0.77
43.4835,-1.4976,3.83
43.507,-1.4795,0.84
43.4954,-1.4696,3.49
43.5054,-1.4629,0.37
43.487,-1.4825,
43.5052,-1.485,0.95
43.4967,-1.4837,13.9
43.4773,-1.4539,0.72
43.5108,-1.4868,0.45
43.4599,-1.4824,
43.4991,-1.4506,0.7
43.4993,-1.4561,0.13
43.4837,-1.4906,1.64
43.4587,-1.4855,
43.4979,-1.4489,2.18
43.4797,-1.4712,
43.4799,-1.4935,0.38
43.4908,-1.4727,0.05
43.5036,-1.4214,1.46
43.491,-1.4926,1.35
43.475,-1.4905,15.83
43.48,-1.4841,16.62
43.4817,-1.4825,4.75
43.4815,-1.4549,1.01
43.4982,-1.4676,0.6
43.4885,-1.4552,0.6
43.4943,-1.4529,2.42
43.5095,-1.4881,0.04
43.4801,-1.5036,2.09
43.4898,-1.482,2.94
43.4934,-1.4644,0.97
43.4923,-1.4953,13.42
43.488,-1.4528,2.38
43.5071,-1.4672,0.72
43.4899,-1.4712,14.82
43.4941,-1.4699,
43.4861,-1.4764,2.82
43.48,-1.4869,
43.4784,-1.5047,3.51
43.4975,-1.4885,2.1
43.4909,-1.454,2.67
43.4866,-1.4562,1.54
43.4871,-1.4583,1.62
43.4931,-1.4567,0.52
43.5047,-1.4684,0.74
43.4877,-1.4508,1.56
43.4912,-1.4534,2.72
43.4993,-1.4814,3.22
43.4776,-1.4874,1.02
43.4791,-1.4559,2.37
43.4829,-1.4872,2.64
43.4932,-1.478,1.92
43.4864,-1.4973,
43.4909,-1.4811,2.16
43.4837,-1.4694,5.39
43.4798,-1.4741,2.03
43.4768,-1.4685,0.25
43.4943,-1.4537,0.97
43.495,-1.4766,
43.4803,-1.4886,23.83
43.4916,-1.4823,4.89
43.5001,-1.4381,1.15
43.495,-1.4383,0.49
43.5043,-1.4358,1.2
43.4919,-1.4795,
43.4954,-1.4335,0.45
43.5066,-1.4689,0.89
43.484,-1.4777,0.1
43.4952,-1.4642,1.44
43.4992,-1.4674,15.39
43.491,-1.4806,0.31
43.5022,-1.4523,25.19
43.4837,-1.4526,0.08
43.4732,-1.4898,1.94
43.4934,-1.4765,0.29
43.4931,-1.4727,3.49
43.4948,-1.4659,22.22
43.4788,-1.4556,2.81
43.4963,-1.4722,0.18
43.4838,-1.4961,1.25
43.492,-1.479,
43.5018,-1.4605,0.23
43.4775,-1.4929,1.98
43.4702,-1.4925,2.08
43.4837,-1.4908,2.11
43.5063,-1.4667,1.93
43.5056,-1.4598,0.45
43.5013,-1.4434,2.05
43.4808,-1.4906,
43.4819,-1.49,
43.487,-1.4761,4.44
43.5018,-1.4478,
43.5016,-1.4432,0.29
43.4704,-1.4837,
43.503,-1.4705,1.23
43.4937,-1.4786,3.48
43.4877,-1.4657,0.37
43.4863,-1.4773,1.3
43.4763,-1.4865,1.78
43.4957,-1.4577,0.73
43.5085,-1.4443,1.31
43.4833,-1.4742,0.87
43.481,-1.4759,2.57
43.4871,-1.4587,1.3
43.5032,-1.4687,3.65
43.4873,-1.4503,0.33
43.5037,-1.4511,3.06
43.4885,-1.4797,0.89
43.5032,-1.4665,
43.5,-1.4927,14.99
43.4694,-1.4938,
43.4945,-1.464,0.16
43.4945,-1.4714,6.09
43.5099,-1.4918,
43.4859,-1.4782,
43.4868,-1.4944,1.1
43.4742,-1.4897,2.59
43.4933,-1.4662,3.13
43.497,-1.4619,3.8
43.5074,-1.4663,0.51
43.4985,-1.4564,5.2
43.5041,-1.4465,4.18
43.4846,-1.4825,2.15
43.4898,-1.4723,
43.5145,-1.467,0.58
43.4979,-1.4621,0.33
43.4943,-1.4934,7.61
43.4691,-1.49,3.43
43.4965,-1.4745,2.4
43.4664,-1.495,1.18
43.5028,-1.4532,1.45
43.4842,-1.4706,0.96
43.5022,-1.4805,0.85
43.4815,-1.4985,1.81
43.4647,-1.4827,
43.4973,-1.4357,1.57
43.4978,-1.4614,1.0
43.4775,-1.4921,1.37
43.4878,-1.464,3.58
43.4797,-1.4582,0.28
43.4834,-1.4662,0.06
43.483,-1.4525,1.89
43.4922,-1.4622,
43.4812,-1.4803,0.01
43.4888,-1.4765,
43.494,-1.4773,0.51
43.4939,-1.4885,0.1
43.4813,-1.482,2.56
43.5034,-1.4832,2.57
43.4968,-1.4912,2.2
43.4879,-1.4485,2.88
43.4918,-1.4705,17.71
43.5033,-1.4489,1.13
43.4718,-1.4909,1.84
43.4631,-1.4956,1.78
43.5043,-1.4821,0.23
43.4746,-1.4904,16.89
43.4737,-1.4897,2.68
43.4938,-1.458,0.02
43.4986,-1.4816,23.71
43.494,-1.4599,1.01
43.4892,-1.4792,1.13
43.4783,-1.4919,0.86
43.5073,-1.4542,0.31
43.4973,-1.4781,7.55
43.4942,-1.479,4.21
43.4972,-1.4681,11.16
43.4916,-1.4737,0.53
43.481,-1.4504,6.8
43.49,-1.4732,
43.4925,-1.4802,28.71
43.4946,-1.4715,2.88
43.4835,-1.4718,
43.4873,-1.4623,1.07
43.5069,-1.459,2.14
43.4813,-1.4579,
43.4766,-1.4686,7.07
43.4867,-1.4677,0.68
43.4852,-1.4708,
43.5072,-1.4337,0.22
43.4996,-1.4466,2.91
43.478,-1.4726,28.15
43.5092,-1.4651,1.43
43.4886,-1.4766,
43.5022,-1.4833,1.52
43.4978,-1.4403,
43.4792,-1.4984,3.3
43.4958,-1.4737,
43.487,-1.477,1.8
43.4994,-1.4869,
43.4941,-1.4692,1.0
43.4837,-1.4532,6.26
43.499,-1.46,1.11
43.4946,-1.4648,0.34
43.495,-1.4669,10.64
43.4989,-1.4886,0.59
43.4865,-1.4879,2.65
43.4586,-1.4858,
43.5032,-1.483,0.45
43.5077,-1.4873,0.02
43.4865,-1.4936,0.68
43.4914,-1.4796,
43.4952,-1.441,1.28
43.4979,-1.4518,3.18
43.508,-1.4319,10.03
43.4876,-1.4744,1.41
43.5059,-1.4873,3.06
43.4809,-1.4638,0.55
43.4997,-1.4569,19.75
43.5034,-1.475,3.35
43.4922,-1.452,
43.4904,-1.4893,2.38
43.4805,-1.4795,1.9
43.4973,-1.4775,0.4
43.4823,-1.4861,0.27
43.4786,-1.5008,
43.4719,-1.4844,
43.4932,-1.4914,1.01
43.4897,-1.4542,4.89
43.4935,-1.4849,0.97
43.493,-1.4733,18.24
43.5148,-1.4606,1.22
43.4854,-1.4847,1.98
43.4857,-1.4777,1.12
43.4815,-1.4986,1.93
43.4995,-1.4642,0.05
43.4918,-1.4772,1.33
43.4808,-1.4825,1.57
43.4824,-1.4826,1.16
43.4795,-1.4779,0.06
43.4795,-1.4984,0.41
43.4863,-1.4902,3.59
43.4877,-1.4611,0.33
43.5054,-1.4657,0.7
43.4769,-1.4793,
43.4917,-1.4928,4.32
43.4844,-1.4795,0.44
43.471,-1.4922,25.51
43.4953,-1.457,0.29
43.4925,-1.4843,1.04
43.5148,-1.4607,1.14
43.4926,-1.4682,
43.4849,-1.4861,3.04
43.4815,-1.4687,0.91
43.4933,-1.4598,1.95
43.4802,-1.475,2.51
43.5023,-1.4772,2.44
43.4961,-1.4696,18.07
43.4792,-1.4923,1.09
43.5048,-1.4431,2.81
43.51,-1.4437,1.74
43.4832,-1.4824,1.13
43.4875,-1.4841,1.86
43.497,-1.4938,4.13
43.4752,-1.4848,4.31
43.4974,-1.4849,0.52
43.4949,-1.4826,2.51
43.4971,-1.4773,5.25
43.5099,-1.4638,1.52
43.4999,-1.4804,6.87
43.4715,-1.491,1.29
43.478,-1.4817,1.04
43.5039,-1.4714,3.04
43.4785,-1.4997,
43.5,-1.4563,1.52
43.4914,-1.4661,
43.4982,-1.4882,0.92
43.5022,-1.4772,0.51
43.4809,-1.462,7.04
43.5047,-1.4467,4.3
43.4729,-1.4832,
43.4813,-1.4576,
43.4896,-1.4685,23.26
43.4961,-1.4813,0.01
43.4993,-1.4919,2.7
43.4884,-1.4539,1.3
43.4792,-1.4556,12.97
43.4988,-1.4404,13.58
43.4899,-1.4449,0.52
43.4976,-1.4494,1.65
43.4857,-1.4721,2.27
43.4866,-1.4794,7.6
43.4883,-1.4962,
43.4871,-1.47,19.56
43.4884,-1.4757,24.02
43.4985,-1.4805,1.72
43.4676,-1.4921,6.64
43.4971,-1.4501,2.43
43.4761,-1.4815,1.46
43.4894,-1.4682,6.38
43.4946,-1.4668,0.02
43.4735,-1.482,15.57
43.5025,-1.4626,0.89
43.4953,-1.4765,
43.5008,-1.4503,0.27
43.4786,-1.4733,1.11
43.5121,-1.4684,3.74
43.5042,-1.4655,0.72
43.4831,-1.4908,2.8
43.4781,-1.4996,0.84
43.4672,-1.4925,2.24
43.4904,-1.4674,6.21
43.4868,-1.4688,1.39
43.4886,-1.4784,0.03
43.4942,-1.483,2.7
43.5058,-1.4751,4.97
43.5114,-1.4645,23.82
43.508,-1.4356,3.48
43.499,-1.4882,14.81
43.4805,-1.4769,0.09
43.4921,-1.4762,
43.5096,-1.4585,0.98
43.4929,-1.4533,6.82
43.4936,-1.4519,1.53
43.4983,-1.4482,3.16
43.4954,-1.4862,1.39
43.5054,-1.4851,5.23
43.491,-1.4873,
43.495,-1.4833,1.62
43.4845,-1.4889,5.25
43.4959,-1.4804,2.06
43.4724,-1.4827,
43.5021,-1.4551,17.62
43.502,-1.4809,0.03
43.4815,-1.4836,2.19
43.5015,-1.4536,23.65
43.4945,-1.46,
43.501,-1.4672,1.99
43.4763,-1.4893,1.66
43.4818,-1.4681,1.29
43.4862,-1.4857,0.99
43.5048,-1.4474,3.89
43.4928,-1.4716,14.08
43.4905,-1.461,1.96
43.4912,-1.4643,0.27
43.48,-1.4846,19.8
43.4772,-1.4685,0.43
43.4832,-1.4678,0.85
43.494,-1.4663,1.74
43.4929,-1.4918,22.79
43.4875,-1.4831,2.33
43.4897,-1.4565,1.98
43.5069,-1.4871,1.47
43.5109,-1.4655,0.42
43.4712,-1.4876,0.18
43.5036,-1.4478,1.8
43.4836,-1.4532,0.55
43.4935,-1.483,0.38
43.4901,-1.468,1.94
43.4888,-1.459,0.77
43.5009,-1.4654,
43.4984,-1.4573,0.94
43.4938,-1.4867,1.01
43.5101,-1.4671,1.84
43.4531,-1.494,2.72
43.4911,-1.4803,29.03
43.5161,-1.4659,1.21
43.4938,-1.4861,1.73
43.487,-1.4693,0.8
43.4783,-1.4816,0.99
43.4941,-1.4686,0.74
43.4685,-1.4908,2.79
43.481,-1.4755,2.03
43.4905,-1.4764,
43.4908,-1.4784,2.73
43.51,-1.4913,
43.5027,-1.4498,25.33
43.479,-1.4718,
43.4911,-1.4844,0.49
43.4959,-1.4892,1.02
43.4986,-1.4405,24.29
43.4915,-1.4752,
43.4866,-1.4679,1.0
43.4838,-1.4968,3.04
43.4965,-1.461,1.22
43.4792,-1.5042,1.39
43.5073,-1.4914,
43.4958,-1.4634,5.82
43.5122,-1.4858,0.17
43.4869,-1.4697,0.08
43.459,-1.4844,
43.4843,-1.5003,3.05
43.4927,-1.4523,
43.5071,-1.4538,0.86
43.4908,-1.4702,21.0
43.4959,-1.4826,2.76
43.5007,-1.4492,28.55
43.4785,-1.4732,0.72
43.4748,-1.4799,
43.4896,-1.4682,1.09
43.4762,-1.4798,1.08
43.4891,-1.4826,1.06
43.4944,-1.4528,2.16
43.4707,-1.4924,25.57
43.4951,-1.4659,0.11
43.4806,-1.5002,4.18
43.4896,-1.4939,1.12
43.479,-1.4903,2.3
43.4995,-1.4871,
43.4883,-1.4808,1.04
43.4908,-1.4687,
43.485,-1.4916,24.57
43.495,-1.4335,0.45
43.5054,-1.4726,0.26
43.5023,-1.454,29.39
43.4772,-1.4835,
43.4874,-1.4826,10.63
43.4876,-1.4757,9.36
43.5163,-1.4658,0.19
43.4889,-1.4798,1.08
43.4934,-1.4587,4.55
43.4747,-1.4904,16.36
43.5006,-1.4564,1.33
43.4918,-1.4508,
43.4897,-1.4783,14.75
43.4938,-1.4575,0.58
43.5104,-1.4346,14.98
43.4903,-1.4816,6.2
43.4707,-1.4927,
43.4894,-1.4718,6.06
43.5059,-1.4867,0.05
43.4859,-1.4734,0.45
43.4945,-1.4756,
43.4997,-1.482,12.76
43.4857,-1.4733,1.57
43.4799,-1.4741,16.65
43.4936,-1.4635,0.0
43.4897,-1.4718,0.24
43.4916,-1.4834,1.52
43.4924,-1.4711,2.1
43.4811,-1.4641,7.41
43.4838,-1.4468,1.54
43.498,-1.4364,0.06
43.5004,-1.4814,0.42
43.4833,-1.4552,1.35
43.4837,-1.4633,0.52
43.5043,-1.4354,1.8
43.4989,-1.4362,2.34
43.5013,-1.4837,
43.4701,-1.4924,0.77
43.4762,-1.4771,
43.5063,-1.4449,0.46
43.4926,-1.4817,
43.484,-1.4761,
43.4908,-1.4889,0.28
43.4832,-1.4481,0.01
43.4852,-1.4913,4.76
43.4916,-1.4738,4.32
43.4936,-1.4594,0.91
43.4932,-1.4928,
43.4964,-1.4519,0.61
43.487,-1.4684,0.95
43.5048,-1.4644,0.2
43.4799,-1.4818,3.58
43.4825,-1.4948,0.46
43.493,-1.4782,2.31
43.5058,-1.4873,3.11
43.4914,-1.4801,
43.4877,-1.453,1.01
43.5009,-1.449,
43.4847,-1.4729,
43.4948,-1.4946,2.1
43.4896,-1.4888,0.82
43.4796,-1.4535,0.81
43.4721,-1.4867,3.8
43.4841,-1.4803,1.96
43.4967,-1.47,25.49
43.4976,-1.4324,0.35
43.4806,-1.4978,6.03
43.5024,-1.4613,0.34
43.4818,-1.4774,3.62
43.4927,-1.4913,1.48
43.4924,-1.474,6.09
43.4776,-1.4841,1.5
43.5038,-1.4506,1.79
43.4875,-1.4704,
43.4977,-1.4289,2.11
43.4688,-1.4934,0.99
43.4815,-1.4543,1.74
43.4787,-1.4937,1.16
43.4905,-1.4731,20.01
43.4839,-1.4517,3.29
43.4858,-1.4826,8.53
43.4922,-1.4528,
43.5136,-1.4624,1.17
43.4832,-1.4863,8.72
43.507,-1.4915,
43.5109,-1.4639,0.28
43.5109,-1.4884,0.6
43.4922,-1.4745,11.41
43.4927,-1.4531,1.17
43.4874,-1.4744,2.34
43.502,-1.4461,0.77
43.4831,-1.4556,1.43
43.4945,-1.487,0.51
43.493,-1.4726,3.47
43.5041,-1.4219,2.09
43.5046,-1.461,0.84
43.4992,-1.4394,11.35
43.4791,-1.5031,1.92
43.4995,-1.4548,28.86
43.4961,-1.486,0.29
43.4937,-1.478,0.06
43.4816,-1.4785,1.5
43.4864,-1.4939,1.13
43.508,-1.4704,0.36
43.4894,-1.4793,0.12
43.5079,-1.4354,3.5
43.4994,-1.4817,0.95
43.5087,-1.4598,0.06
43.4908,-1.4893,2.14
43.4898,-1.4908,0.69
43.4779,-1.4686,0.02
43.4945,-1.4868,0.66
43.4907,-1.4957,1.4
43.4938,-1.4932,12.3
43.4941,-1.4608,2.54
43.491,-1.4572,0.5
43.4922,-1.4559,0.29
43.5127,-1.4353,0.48
43.4814,-1.4672,0.92
43.5036,-1.4466,1.43
43.497,-1.4273,2.0
43.481,-1.497,0.79
43.5019,-1.461,0.65
43.4936,-1.4763,13.73
43.4878,-1.4828,0.28
43.5015,-1.478,1.58
43.4972,-1.4589,
43.4871,-1.4585,2.58
43.5091,-1.4881,1.21
43.4824,-1.4829,0.54
43.4883,-1.4552,0.79
43.4644,-1.4955,2.12
43.4805,-1.4518,2.85
43.4794,-1.4816,1.47
43.4906,-1.4794,29.02
43.481,-1.4855,0.59
43.4837,-1.4787,0.46
43.4779,-1.4893,0.33
43.4765,-1.4827,3.44
43.4876,-1.4615,0.26
43.4856,-1.4777,1.39
43.4846,-1.4723,
43.4921,-1.4745,12.41
43.4883,-1.4806,1.39
43.4941,-1.4749,
43.4792,-1.4901,1.97
43.5012,-1.4792,6.79
43.4854,-1.471,
43.4915,-1.4693,4.49
43.4786,-1.474,
43.4938,-1.4685,2.87
43.4817,-1.4954,0.58
43.4755,-1.4787,
43.4811,-1.4804,1.19
43.4985,-1.4554,0.19
43.4995,-1.4345,2.64
43.4838,-1.4762,
43.4727,-1.4837,
43.4811,-1.4842,0.56
43.4981,-1.4351,0.58
43.5028,-1.4381,1.46
43.4925,-1.4629,0.55
43.4838,-1.4521,1.05
43.4938,-1.4805,5.23
43.4936,-1.4774,2.32
43.4842,-1.4767,0.77
43.5032,-1.4379,0.57
43.4697,-1.4928,1.23
43.4751,-1.4837,0.51
43.4931,-1.4609,0.3
43.4841,-1.4773,0.22
43.4684,-1.4962,5.96
43.5103,-1.4691,0.13
43.4833,-1.4469,1.22
43.5121,-1.4856,2.54
43.5116,-1.4448,1.64
43.4682,-1.494,1.16
43.4958,-1.4373,5.91
43.4929,-1.45,0.12
43.4813,-1.459,0.23
43.4763,-1.483,2.44
43.4895,-1.4771,
43.5065,-1.4672,1.72
43.5008,-1.4528,
43.5105,-1.4883,0.52
43.4949,-1.4778,23.36
43.5116,-1.4886,0.21
43.4838,-1.4714,
43.4899,-1.4944,1.59
43.4831,-1.4685,1.39
43.4924,-1.4535,6.66
43.5061,-1.4308,0.99
43.4896,-1.4809,0.23
43.4875,-1.491,1.64
43.4937,-1.4758,24.66
43.4854,-1.4712,
43.4974,-1.4824,
43.4803,-1.4578,1.23
43.4875,-1.4659,1.11
43.4783,-1.4996,16.54
43.4799,-1.4511,0.94
43.4787,-1.4739,
43.5017,-1.4576,17.67
43.4921,-1.4786,1.71
43.51,-1.4669,2.39
43.4945,-1.4697,0.53
43.4822,-1.4823,9.76
43.4965,-1.4561,5.67
43.4788,-1.5004,
43.4831,-1.4661,0.25
43.495,-1.4701,1.35
43.5029,-1.4826,2.29
43.4789,-1.5007,
43.4829,-1.4907,7.18
43.46,-1.4954,0.62
43.5084,-1.4369,2.46
43.4815,-1.4768,1.72
43.5102,-1.4491,
43.4921,-1.4955,1.24
43.4899,-1.4943,2.64
43.4941,-1.4452,1.35
43.5083,-1.433,10.55
43.493,-1.4777,0.71
43.4896,-1.4715,25.02
43.4787,-1.5008,
43.4928,-1.4662,0.61
43.4838,-1.4521,0.59
43.5023,-1.4794,0.21
43.5049,-1.4467,2.42
43.4839,-1.4563,0.35
43.4743,-1.4782,
43.4875,-1.4832,3.2
43.4846,-1.4801,27.77
43.5124,-1.4632,0.39
43.4869,-1.4831,2.31
43.508,-1.4878,4.13
43.4908,-1.4694,29.41
43.5076,-1.4349,0.84
43.4926,-1.4784,0.45
43.5012,-1.4785,0.88
43.4842,-1.4725,
43.4735,-1.4858,2.05
43.4943,-1.4644,1.08
43.5096,-1.4649,0.45
43.4993,-1.4918,2.3
43.4935,-1.4799,3.5
43.4822,-1.4901,
43.4938,-1.4764,0.78
43.4762,-1.449,6.96
43.4834,-1.4462,0.0
43.4929,-1.4851,1.46
43.4915,-1.4912,1.12
43.4955,-1.4711,1.87
43.483,-1.4687,0.03
43.4639,-1.4964,1.84
43.4846,-1.4788,13.85
43.4883,-1.4828,4.94
43.492,-1.4635,1.62
43.4903,-1.4702,22.74
43.4833,-1.4669,1.58
43.511,-1.4421,0.83
43.5121,-1.4861,1.05
43.4786,-1.4742,
43.5037,-1.4514,3.02
43.4921,-1.4714,0.12
43.4988,-1.4607,0.98
43.5118,-1.4887,0.02
43.4905,-1.4787,0.57
43.5083,-1.4862,0.66
43.4969,-1.4348,0.89
43.4962,-1.4702,17.46
43.4672,-1.4923,0.42
43.4931,-1.4775,2.1
43.4947,-1.4946,1.83
43.5105,-1.4294,3.46
43.5061,-1.4555,0.07
43.4974,-1.4358,1.47
43.4948,-1.4784,8.35
43.4915,-1.4746,0.58
43.4994,-1.493,2.39
43.4835,-1.446,1.59
43.4975,-1.4555,0.92
43.4923,-1.4701,
43.4823,-1.4835,0.81
43.5089,-1.4655,0.13
43.5064,-1.4763,1.28
43.4809,-1.4636,0.61
43.4963,-1.4878,0.59
43.4755,-1.4903,2.82
43.4967,-1.4562,1.04
43.5077,-1.4605,0.16
43.4804,-1.4984,1.15
43.4761,-1.4508,6.93
43.4935,-1.4764,2.99
43.4843,-1.4441,0.84
43.493,-1.4756,21.1
43.4913,-1.4817,9.48
43.5005,-1.4798,4.04
43.4924,-1.4799,
43.4885,-1.4815,16.52
43.4904,-1.487,2.79
43.5049,-1.469,1.1
43.5072,-1.4546,0.88
43.4882,-1.4768,16.89
43.4906,-1.455,3.37
43.4865,-1.4772,0.35
43.4838,-1.4833,0.2
43.4782,-1.4514,3.21
43.5086,-1.4638,1.25
43.5025,-1.4612,2.14
43.4896,-1.459,1.56
43.4843,-1.4851,1.81
43.498,-1.4628,0.67
43.4857,-1.4729,0.53
43.4896,-1.4785,0.69
43.4904,-1.4778,5.09
43.4972,-1.46,0.64
43.4875,-1.4616,2.38
43.4871,-1.4758,3.31
43.4919,-1.4951,1.53
43.5053,-1.4321,1.07
43.5028,-1.49,
43.4936,-1.4599,0.31
43.4914,-1.4928,1.38
43.5095,-1.4636,0.21
43.4788,-1.454,2.48
43.4843,-1.4725,
43.4828,-1.4665,0.88
43.4948,-1.4834,1.29
43.4849,-1.4858,1.91
43.468,-1.4837,
43.4663,-1.4951,2.55
43.5135,-1.4361,0.42
43.4826,-1.4825,0.49
43.4911,-1.4686,0.54
43.4843,-1.4749,0.47
43.4934,-1.4849,1.32
43.4874,-1.4967,
43.4718,-1.487,0.88
43.5017,-1.4574,28.38
43.4812,-1.4812,1.82
43.5146,-1.467,0.5
43.4661,-1.494,3.41
43.4806,-1.4953,0.76
43.5044,-1.4634,2.03
43.4909,-1.4731,0.26
43.483,-1.484,1.58
43.4896,-1.488,1.1
43.5073,-1.4623,1.01
43.4966,-1.4701,22.6
43.4828,-1.4906,3.53
43.4844,-1.4799,0.02
43.4838,-1.5004,3.59
43.4671,-1.4946,0.35
43.4856,-1.4783,
43.4769,-1.4534,0.68
43.4917,-1.4546,1.72
43.484,-1.4993,0.36
43.5078,-1.4315,1.56
43.4837,-1.5008,0.27
43.4943,-1.476,
43.5021,-1.4431,0.09
43.5108,-1.4697,0.43
43.4798,-1.487,
43.496,-1.4428,1.13
43.5045,-1.4828,0.76
43.4925,-1.4892,0.47
43.4997,-1.4632,1.68
43.498,-1.4665,0.85
43.5017,-1.4677,0.42
43.4824,-1.49,
43.4973,-1.4498,1.86
43.4927,-1.4785,4.37
43.4792,-1.4736,1.01
43.4957,-1.4863,0.01
43.5111,-1.4629,1.06
43.4888,-1.4727,1.66
43.4681,-1.4917,16.36
43.4853,-1.4778,1.19
43.5068,-1.4552,0.12
43.4774,-1.4765,
43.4905,-1.4615,1.85
43.4809,-1.4546,4.37
43.4937,-1.4617,0.85
43.4897,-1.4654,
43.4938,-1.451,1.64
43.4806,-1.4572,3.0
43.4839,-1.4747,0.24
43.4948,-1.4881,0.62
43.5021,-1.4684,1.01
43.4795,-1.4817,0.92
43.4766,-1.4801,
43.4926,-1.48,29.79
43.4845,-1.4898,12.3
43.5027,-1.4494,2.5
43.5024,-1.4484,1.66
43.4883,-1.4926,0.75
43.4857,-1.4922,8.04
43.4933,-1.4941,0.57
43.4802,-1.4579,1.25
43.4927,-1.4787,2.27
43.4912,-1.4494,1.05
43.492,-1.4538,5.47
43.4828,-1.4723,
43.4961,-1.4876,2.94
43.4796,-1.4736,20.12
43.501,-1.4394,0.81
43.4817,-1.4771,2.58
43.4785,-1.4504,6.17
43.4918,-1.4744,0.49
43.4967,-1.4824,0.22
43.4924,-1.4811,19.8
43.4825,-1.4682,1.57
43.4799,-1.4893,4.55
43.5026,-1.4508,
43.4933,-1.4522,0.58
43.4817,-1.4981,3.89
43.4854,-1.4786,
43.4969,-1.4886,22.95
43.4971,-1.4681,1.7
43.4966,-1.4553,1.2
43.481,-1.4809,12.64
43.5036,-1.4676,1.4
43.4666,-1.4948,2.31
43.465,-1.4952,2.15
43.4807,-1.5,3.74
43.4833,-1.4518,1.28
43.5028,-1.4542,1.64
43.4902,-1.4858,0.72
43.4958,-1.436,1.36
43.5108,-1.4652,16.6
43.4816,-1.4788,1.02
43.5021,-1.4533,25.87
43.4933,-1.4935,23.29
43.4777,-1.5015,0.31
43.4857,-1.4724,0.83
43.4799,-1.4531,0.84
43.4909,-1.4681,0.37
43.4971,-1.4605,0.19
43.4851,-1.4947,0.72
43.4965,-1.4837,1.77
43.4823,-1.4969,0.93
43.4937,-1.4811,8.29
43.4823,-1.4582,0.6
43.4961,-1.487,
43.4877,-1.453,1.64
43.4924,-1.4737,5.53
43.4997,-1.4645,1.99
43.4803,-1.4549,0.3
43.4807,-1.4831,2.27
43.4904,-1.491,2.53
43.4983,-1.4562,18.43
43.4993,-1.4563,0.21
43.4891,-1.468,1.61
43.4896,-1.4787,0.77
43.4954,-1.459,
43.4936,-1.4845,0.17
43.4871,-1.4744,4.73
43.4948,-1.4355,0.48
43.4942,-1.4934,13.4
43.4938,-1.4747,
43.4826,-1.467,0.17
43.5052,-1.4701,0.28
43.5103,-1.4679,2.63
43.4865,-1.462,0.41
43.4925,-1.4563,0.75
43.4918,-1.4637,2.15
43.4861,-1.4844,1.79
43.4909,-1.4875,
43.502,-1.452,
43.4821,-1.4878,5.03
43.4949,-1.4825,1.4
43.4809,-1.4806,2.67
43.4908,-1.4686,28.3
43.495,-1.4686,
43.4838,-1.4905,4.21
43.4973,-1.4348,1.21
43.4845,-1.4663,0.58
43.4882,-1.4675,5.59
43.4907,-1.4748,1.53
43.5053,-1.4716,1.38
43.5044,-1.4333,1.6
43.4898,-1.4917,0.61
43.4917,-1.4844,3.68
43.5035,-1.4479,1.74
43.5123,-1.4389,1.5
43.4887,-1.4687,
43.5014,-1.4498,1.6
43.4833,-1.4477,0.59
43.4976,-1.4855,0.3
43.5128,-1.4345,0.56
43.489,-1.4679,1.71
43.4986,-1.4547,4.12
43.4972,-1.4844,0.35
43.4849,-1.4907,0.66
43.4929,-1.4508,0.06
43.4875,-1.4821,
43.4929,-1.4952,1.75
43.4806,-1.4789,1.38
43.4789,-1.4981,1.37
43.484,-1.4748,4.58
43.5121,-1.4855,4.8
43.4928,-1.4444,2.12
43.5069,-1.4622,1.64
43.4942,-1.4836,6.76
43.4875,-1.4617,0.17
43.4888,-1.4927,0.91
43.4859,-1.476,21.36
43.5133,-1.4356,1.08
43.4882,-1.4694,
43.4935,-1.4759,0.96
43.4979,-1.4198,1.02
43.4965,-1.4788,
43.4871,-1.4542,1.76
43.4785,-1.4504,15.82
43.494,-1.4702,
43.5035,-1.4834,0.48
43.4961,-1.4368,1.98
43.4574,-1.4863,
43.4853,-1.4935,2.05
43.5049,-1.4856,0.7
43.4981,-1.4824,2.99
43.5115,-1.4636,0.71
43.4922,-1.4863,0.37
43.5111,-1.4403,0.17
43.4913,-1.4943,1.25
43.4976,-1.4786,2.06
43.4846,-1.4703,0.94
43.489,-1.4629,
43.4933,-1.4642,1.15
43.4868,-1.4572,0.96
43.479,-1.4759,
43.5022,-1.4557,0.77
43.4804,-1.4652,0.45
43.4872,-1.4691,0.3
43.4848,-1.4613,0.27
43.4804,-1.4602,2.41
43.4903,-1.4704,13.89
43.4889,-1.4887,1.23
43.4965,-1.4696,5.08
43.4683,-1.4937,0.91
43.4906,-1.4908,1.48
43.5042,-1.4495,3.72
43.482,-1.4774,0.48
43.4887,-1.4564,1.94
43.4781,-1.4988,2.13
43.5071,-1.4328,0.32
43.4808,-1.4943,1.28
43.501,-1.4552,
43.4963,-1.4721,1.07
43.4763,-1.4519,0.18
43.4847,-1.481,10.99
43.485,-1.49,5.46
43.4922,-1.4541,0.19
43.5045,-1.4672,0.54
43.5105,-1.4305,1.87
43.481,-1.4774,0.62
43.479,-1.4553,0.39
43.5099,-1.4711,0.17
43.5047,-1.4448,1.84
43.4639,-1.4969,1.41
43.4945,-1.4851,0.23
43.5046,-1.4763,3.39
43.5066,-1.4745,1.37
43.4937,-1.4607,0.24
43.4843,-1.4999,1.23
43.5018,-1.455,
43.4704,-1.4924,2.36
43.4927,-1.4655,2.13
43.4662,-1.4921,0.34
43.5062,-1.4763,0.83
43.4932,-1.4949,2.42
43.495,-1.4354,0.67
43.5017,-1.4588,0.06
43.4779,-1.4732,
43.4939,-1.4834,0.8
43.5027,-1.4478,1.87
43.5004,-1.4363,0.87
43.5131,-1.446,1.85
43.507,-1.4627,0.68
43.4939,-1.494,1.13
43.4736,-1.4832,0.67
43.4831,-1.4742,9.95
43.4903,-1.4484,0.34
43.4764,-1.4523,0.34
43.5105,-1.4883,0.54
43.4797,-1.4849,
43.5131,-1.446,1.75
43.4887,-1.469,
43.5039,-1.4505,3.02
43.4972,-1.4844,4.51
43.497,-1.4561,4.9
43.486,-1.4763,1.77
43.4969,-1.4607,1.61
43.4928,-1.4832,0.09
43.5036,-1.452,2.4
43.489,-1.4782,
43.488,-1.4884,4.37
43.492,-1.4674,
43.4836,-1.501,5.25
43.4984,-1.4802,2.42
43.5008,-1.4564,2.82
43.5035,-1.4661,1.24
43.504,-1.4635,3.06
43.469,-1.4839,
43.4749,-1.4833,0.68
43.5004,-1.4812,0.33
43.5024,-1.4568,0.75
43.4941,-1.4769,9.84
43.5078,-1.4525,
43.4866,-1.4678,0.47
43.4804,-1.4688,2.04
43.4984,-1.4804,2.08
43.4818,-1.4469,8.3
43.5095,-1.4335,27.6
43.4998,-1.4364,0.01
43.4961,-1.4882,8.48
43.4861,-1.4895,3.75
43.4939,-1.4584,4.37
43.4659,-1.4925,0.62
43.4793,-1.5013,6.9
43.4988,-1.4879,10.96
43.4871,-1.4861,1.82
43.5058,-1.4614,0.37
43.47,-1.4888,0.79
43.4949,-1.4456,3.4
43.5015,-1.467,27.24
43.4792,-1.4655,1.97
43.49,-1.4627,22.88
43.4943,-1.4937,0.68
43.471,-1.4877,3.93
43.5039,-1.4372,0.15
43.5055,-1.4836,0.11
43.4922,-1.452,
43.499,-1.456,0.6
43.4761,-1.4849,0.37
43.4735,-1.4897,2.66
43.4907,-1.4782,0.74
43.4933,-1.4803,7.7
43.4913,-1.4845,0.64
43.5026,-1.4822,0.32
43.5012,-1.4545,
43.4832,-1.4677,0.94
43.4754,-1.4903,0.42
43.4885,-1.4917,1.14
43.4937,-1.468,0.42
43.4871,-1.4523,1.79
43.4903,-1.4777,0.23
43.4841,-1.4664,3.3
43.4868,-1.4904,2.76
43.4964,-1.451,1.38
43.4791,-1.4547,1.47
43.4969,-1.4383,1.95
43.4757,-1.4758,
43.4961,-1.4852,1.59
43.4962,-1.4684,
43.4907,-1.4544,1.43
43.4746,-1.4802,
43.4891,-1.475,0.19
43.4943,-1.4768,10.42
43.5094,-1.4506,
43.4967,-1.4692,0.61
43.4925,-1.4519,
43.5008,-1.4518,
43.497,-1.458,1.41
43.5084,-1.4913,
43.4896,-1.4567,1.01
43.497,-1.4352,0.81
43.502,-1.4445,0.56
43.5049,-1.4432,2.51
43.4599,-1.496,1.13
43.4802,-1.501,3.9
43.4866,-1.4843,1.28
43.4991,-1.46,0.63
43.4856,-1.4919,2.62
43.481,-1.457,14.93
43.5,-1.4904,9.13
43.4784,-1.5024,2.53
43.5071,-1.4914,
43.4883,-1.4771,0.07
43.5044,-1.4668,2.93
43.4997,-1.4793,1.65
43.4945,-1.4648,1.7
43.4995,-1.4384,1.5
43.4855,-1.4719,10.77
43.4807,-1.4677,0.28
43.5082,-1.4445,1.34
43.4839,-1.4522,6.33
43.4998,-1.4374,0.8
43.4973,-1.4564,0.21
43.4968,-1.4828,0.38
43.4841,-1.4623,1.0
43.4787,-1.4729,
43.4782,-1.4998,0.61
43.4609,-1.4948,0.12
43.5075,-1.4693,1.72
43.4912,-1.4505,1.41
43.4926,-1.4737,5.67
43.4766,-1.48,
43.4662,-1.496,3.2
43.4903,-1.4866,0.2
43.4797,-1.4855,24.54
43.4968,-1.4739,1.02
43.4896,-1.4718,1.73
43.5049,-1.4609,0.34
43.4835,-1.4825,3.06
43.4772,-1.4918,0.64
43.4862,-1.4984,
43.4797,-1.4736,29.51
43.4835,-1.4767,0.94
43.4892,-1.4889,0.34
43.5015,-1.4547,1.33
43.4756,-1.4844,1.63
43.4935,-1.454,0.72
43.481,-1.4568,0.5
43.5059,-1.4863,0.46
43.5156,-1.4662,0.35
43.4935,-1.4726,6.47
43.4831,-1.4858,
43.4803,-1.4877,
43.487,-1.4755,26.37
43.4792,-1.5005,1.68
43.4694,-1.4932,1.84
43.4965,-1.486,0.4
43.4861,-1.4718,1.65
43.4999,-1.4623,1.37
43.4885,-1.4723,15.56
43.4833,-1.4892,18.38
43.5025,-1.4516,
43.4846,-1.4963,4.78
43.5099,-1.4338,
43.4923,-1.4631,0.79
43.4907,-1.4544,1.58
43.4791,-1.4879,2.33
43.4937,-1.4466,0.52
43.4776,-1.4962,15.5
43.5074,-1.4539,0.61
43.4825,-1.4844,0.26
43.4945,-1.4533,0.22
43.4923,-1.4561,0.38
43.4913,-1.4625,1.22
43.4959,-1.4612,1.2
43.505,-1.4603,
43.488,-1.4605,0.64
43.4808,-1.4606,2.52
43.4843,-1.4801,2.4
43.5074,-1.4837,0.54
43.4944,-1.4543,1.82
43.4944,-1.4543,1.59
43.491,-1.4781,
43.5028,-1.4823,0.3
43.4833,-1.4505,0.66
43.4991,-1.4395,8.03
43.4814,-1.458,26.59
43.4922,-1.4719,0.08
43.492,-1.4753,
43.4934,-1.4597,1.77
43.4933,-1.4801,4.17
43.4944,-1.4668,1.84
43.4844,-1.4627,0.78
43.484,-1.4751,27.43
43.5056,-1.4626,0.04
43.4811,-1.4995,3.88
43.5013,-1.4674,3.59
43.4988,-1.4366,0.09
43.4772,-1.4874,1.17
43.4884,-1.4676,1.65
43.4867,-1.4566,1.02
43.4955,-1.4778,
43.4788,-1.4882,1.47
43.4874,-1.4694,24.48
43.4768,-1.4533,0.28
43.493,-1.4889,1.07
43.4775,-1.4989,0.87
43.487,-1.4804,0.95
43.487,-1.4621,24.52
43.4968,-1.487,1.45
43.5061,-1.4584,28.31
43.4857,-1.4914,0.74
43.4861,-1.4772,17.76
43.4826,-1.4738,9.4
43.4917,-1.4595,2.02
43.4826,-1.4721,
43.4827,-1.4737,1.16
43.4996,-1.4632,1.89
43.4961,-1.4374,1.7
43.5012,-1.4795,28.08
43.4943,-1.4628,1.04
43.4898,-1.478,1.75
43.5113,-1.4714,0.18
43.4936,-1.493,0.36
43.4756,-1.4895,1.01
43.4899,-1.4811,
43.4832,-1.4523,0.66
43.4905,-1.4534,3.6
43.4972,-1.4938,3.82
43.5048,-1.466,1.21
43.493,-1.4601,1.69
43.4907,-1.4956,0.72
43.4934,-1.4745,
43.4789,-1.4982,1.21
43.4907,-1.474,27.53
43.5039,-1.4371,0.17
43.498,-1.4195,1.03
43.4726,-1.4837,
43.4951,-1.4643,1.2
43.4918,-1.4539,1.42
43.4907,-1.4909,3.33
43.4596,-1.4959,0.82
43.4886,-1.4617,0.19
43.4755,-1.4897,0.79
43.5009,-1.4794,3.91
43.4612,-1.4924,0.27
43.4884,-1.4768,10.63
43.4878,-1.4743,1.9
43.4934,-1.4607,1.26
43.5065,-1.4875,1.73
43.4976,-1.4608,1.14
43.4589,-1.4958,1.78
43.4856,-1.4735,2.63
43.4815,-1.4791,0.11
43.486,-1.4905,1.48
43.504,-1.4741,5.85
43.4975,-1.4779,9.11
43.4974,-1.4843,13.81
43.4924,-1.4711,2.81
43.4938,-1.491,16.22
43.4959,-1.482,0.63
43.4918,-1.4793,
43.4819,-1.4897,
43.5011,-1.45,1.22
43.5013,-1.449,0.95
43.4856,-1.4774,1.14
43.4906,-1.4731,28.14
43.4748,-1.4799,
43.4865,-1.4738,2.86
43.4905,-1.4791,7.4
43.4842,-1.4985,0.92
43.4794,-1.4842,1.33
43.4873,-1.4672,0.64
43.4609,-1.4949,0.34
43.4975,-1.467,0.18
43.5014,-1.4793,27.31
43.489,-1.4578,1.57
43.5155,-1.4663,4.73
43.5028,-1.442,3.36
43.4794,-1.5013,4.59
43.4993,-1.4369,0.05
43.4907,-1.4712,2.6
43.5003,-1.4508,0.92
43.4961,-1.4799,
43.4945,-1.4697,2.16
43.508,-1.4322,1.52
43.4772,-1.4538,0.5
43.4837,-1.4717,
43.5009,-1.4503,0.38
43.5017,-1.446,1.0
43.4904,-1.4909,2.05
43.4935,-1.4936,17.38
43.4785,-1.5004,25.0
43.4667,-1.483,
43.47,-1.4925,2.09
43.4857,-1.4728,0.61
43.4792,-1.4499,13.77
43.5003,-1.4835,0.76
43.5061,-1.4301,0.4
43.4929,-1.4502,0.09
43.5107,-1.4292,0.52
43.4897,-1.488,0.92
43.5005,-1.4366,0.7
43.475,-1.4846,0.87
43.5084,-1.4351,0.05
43.4849,-1.4789,
43.5033,-1.4517,1.0
43.4771,-1.4821,0.24
43.481,-1.4996,4.34
43.4922,-1.481,0.5
43.4846,-1.4896,5.21
43.4886,-1.4625,
43.4899,-1.4742,
43.4969,-1.4638,1.98
43.5063,-1.487,2.97
43.4954,-1.4776,
43.4962,-1.484,3.93
43.4906,-1.4701,1.92
43.5058,-1.4589,1.29
43.4972,-1.4679,2.69
43.5137,-1.4623,0.96
43.5032,-1.4664,
43.4898,-1.4565,4.96
43.4969,-1.4913,2.07
43.4979,-1.4488,1.89
43.486,-1.4726,0.23
43.5032,-1.4483,0.72
43.4898,-1.4732,
43.4861,-1.472,1.66
43.4782,-1.4548,6.46
43.4783,-1.4728,14.02
43.5015,-1.4834,
43.5065,-1.4777,1.93
43.4871,-1.4708,
43.4835,-1.5017,0.14
43.4885,-1.4549,2.92
43.4932,-1.4798,2.77
43.4904,-1.4894,1.79
43.4916,-1.4947,0.79
43.4848,-1.481,20.29
43.4941,-1.4756,
43.4867,-1.4623,0.06
43.4936,-1.4469,1.53
43.4914,-1.4865,1.66
43.479,-1.4556,2.41
43.4956,-1.4696,9.79
43.5044,-1.4483,0.27
43.4874,-1.4879,2.38
43.4796,-1.4771,0.59
43.479,-1.4587,5.57
43.5066,-1.4723,0.31
43.487,-1.4687,2.6
43.4964,-1.4862,1.89
43.4793,-1.4923,2.62
43.5084,-1.4662,0.49
43.4842,-1.4835,0.48
43.4666,-1.483,
43.4903,-1.4815,0.09
43.5005,-1.4804,2.25
43.4919,-1.4667,
43.4856,-1.4785,
43.4889,-1.4582,1.61
43.4938,-1.4916,1.25
43.4965,-1.4834,1.68
43.479,-1.4558,0.73
43.4876,-1.4657,0.61
43.497,-1.4936,22.67
43.4951,-1.4812,0.55
43.4957,-1.4569,0.85
43.5103,-1.4348,1.34
43.5002,-1.4362,1.77
43.5086,-1.46,0.12
43.494,-1.4749,
43.5099,-1.4435,0.94
43.4742,-1.4809,
43.5024,-1.479,3.18
43.4873,-1.4741,18.4
43.4971,-1.4885,1.19
43.4891,-1.4575,1.27
43.4924,-1.4443,1.15
43.4989,-1.488,13.06
43.4776,-1.4965,
43.5023,-1.453,22.98
43.484,-1.4609,0.81
43.4927,-1.4758,
43.4808,-1.4853,0.8
43.4848,-1.4713,
43.4783,-1.4749,
43.4683,-1.4915,27.28
43.5063,-1.4594,
43.5084,-1.4372,1.28
43.4895,-1.4794,7.03
43.5027,-1.4522,12.07
43.4893,-1.4889,1.89
43.4927,-1.4518,
43.5066,-1.464,1.53
43.4963,-1.4709,1.4
43.4935,-1.4669,0.71
43.4932,-1.4754,1.51
43.4798,-1.4711,
43.4841,-1.4443,1.75
43.4938,-1.4762,7.19
43.4984,-1.4365,0.04
43.4908,-1.49,3.26
43.501,-1.4598,2.82
43.4937,-1.451,2.38
43.4841,-1.4826,1.47
43.5008,-1.453,
43.5088,-1.4867,1.65
43.4822,-1.4912,1.76
43.4609,-1.4935,1.68
43.4797,-1.4743,4.45
43.4714,-1.4874,3.91
43.5115,-1.4338,1.22
43.4978,-1.4573,1.1
43.4502,-1.4936,2.72
43.4982,-1.4532,0.37
43.4873,-1.4757,0.25
43.4917,-1.4809,14.52
43.5009,-1.4841,
43.4936,-1.4782,0.0
43.4908,-1.4885,0.52
43.4923,-1.479,22.12
43.4808,-1.4827,4.11
43.4785,-1.4991,
43.5012,-1.4672,5.81
43.4882,-1.4775,13.82
43.498,-1.4575,0.81
43.4871,-1.4908,1.13
43.4937,-1.4517,0.08
43.4841,-1.4902,16.71
43.4965,-1.4692,0.33
43.4844,-1.462,1.63
43.4804,-1.4792,2.68
43.4993,-1.4553,
43.5102,-1.4408,0.58
43.5001,-1.4505,1.63
43.4833,-1.4529,1.61
43.4626,-1.4961,1.94
43.4917,-1.4547,0.93
43.4936,-1.4646,0.9
43.481,-1.4566,0.25
43.4764,-1.4838,4.44
43.496,-1.4602,0.97
43.5018,-1.4527,24.84
43.5069,-1.4592,2.33
43.4948,-1.4772,
43.5153,-1.46,0.26
43.4873,-1.4622,0.95
43.485,-1.4747,
43.4962,-1.4611,0.66
43.4896,-1.4928,1.36
43.4852,-1.4708,
43.4888,-1.4751,0.61
43.479,-1.4815,1.38
43.4945,-1.4608,0.72
43.4882,-1.4487,12.01
43.4935,-1.4811,6.89
43.4974,-1.4295,5.38
43.4989,-1.4493,2.4
43.4868,-1.4827,11.7
43.4795,-1.4574,4.36
43.4991,-1.4378,1.04
43.4672,-1.4911,1.09
43.4896,-1.4825,2.87
43.4735,-1.4823,2.21
43.4934,-1.4913,5.39
43.4976,-1.451,4.69
43.4693,-1.4849,
43.491,-1.4744,3.2
43.4754,-1.4522,17.37
43.499,-1.4672,0.36
43.4659,-1.4955,0.31
43.4776,-1.4737,
43.4931,-1.4718,
43.4837,-1.4828,0.22
43.5057,-1.4634,0.15
43.4924,-1.4852,1.23
43.4918,-1.4507,
43.485,-1.4724,0.7
43.4817,-1.4916,0.91
43.5091,-1.4668,0.35
43.4943,-1.4781,2.93
43.4878,-1.4585,1.52
43.489,-1.4673,0.09
43.4902,-1.4767,
43.4975,-1.43,5.27
43.4893,-1.4781,15.68
43.5018,-1.4674,6.35
43.4927,-1.4867,1.53
43.4903,-1.4585,1.32
43.479,-1.4752,
43.4959,-1.4708,2.58
43.5014,-1.4673,0.21
43.5043,-1.4491,3.48
43.4941,-1.4831,5.52
43.4959,-1.4876,2.36
43.4997,-1.4379,3.39
43.4967,-1.4828,1.19
43.4884,-1.4584,0.48
43.4918,-1.4895,2.84
43.4865,-1.4665,2.9
43.5034,-1.483,1.9
43.4921,-1.4844,0.12
43.4613,-1.4813,
43.4691,-1.4899,3.5
43.5022,-1.4569,1.57
43.4957,-1.4913,0.77
43.5024,-1.4835,1.77
43.4938,-1.4689,0.44
43.4929,-1.4804,2.91
43.5004,-1.4494,
43.4853,-1.4758,1.99
43.4915,-1.4753,
43.4689,-1.4944,
43.4937,-1.483,0.86
43.484,-1.4457,4.79
43.4919,-1.4636,0.03
43.4948,-1.4808,
43.4892,-1.4661,17.28
43.4847,-1.4806,20.97
43.5029,-1.45,2.34
43.4752,-1.4769,
43.4891,-1.4721,4.09
43.4913,-1.4687,5.27
43.4902,-1.4951,3.11
43.4956,-1.4884,2.53
43.4796,-1.4663,0.74
43.4627,-1.4955,2.13
43.4904,-1.4787,0.5
43.4831,-1.4892,21.46
43.4963,-1.4886,0.0
43.4962,-1.4805,
43.4776,-1.4544,4.17
43.4921,-1.4911,5.53
43.4947,-1.4648,0.33
43.4794,-1.4875,2.49
43.5,-1.4514,0.03
43.4725,-1.484,
43.4885,-1.4758,29.46
43.4898,-1.4719,12.03
43.4995,-1.4897,1.0
43.4987,-1.4477,3.79
43.4945,-1.4689,1.4
43.5125,-1.4354,1.28
43.4712,-1.4922,
43.4981,-1.4823,4.87
43.4952,-1.4393,1.15
43.507,-1.4451,1.25
43.4811,-1.4544,1.58
43.4839,-1.4751,28.3
43.4894,-1.4701,
43.4963,-1.4329,1.44
43.5001,-1.4905,9.51
43.4751,-1.4836,1.03
43.4829,-1.4661,1.12
43.4862,-1.4775,1.75
43.4707,-1.4921,1.92
43.493,-1.4733,15.07
43.4823,-1.4772,0.52
43.469,-1.4934,1.24
43.4918,-1.4851,2.04
43.4931,-1.4729,1.72
43.4808,-1.451,2.84
43.4827,-1.4739,10.08
43.4804,-1.4872,
43.4807,-1.48,0.84
43.5071,-1.4611,2.15
43.503,-1.4515,16.86
43.4998,-1.4669,0.01
43.5041,-1.4618,
43.502,-1.468,0.14
43.4991,-1.4887,0.18
43.4837,-1.472,
43.4954,-1.4646,0.41
43.4909,-1.4806,1.33
43.5005,-1.4803,2.33
43.4921,-1.4557,0.53
43.4987,-1.4382,1.57
43.4918,-1.4731,2.99
43.4956,-1.4527,0.17
43.4949,-1.4405,1.12
43.4885,-1.4485,
43.4884,-1.4887,0.64
43.4933,-1.4779,0.55
43.4791,-1.4548,0.96
43.4903,-1.4625,
43.4937,-1.4531,0.23
43.4797,-1.4858,3.15
43.4836,-1.4459,1.59
43.4977,-1.4831,
43.4836,-1.4716,
43.5036,-1.4235,3.82
43.5008,-1.4676,0.93
43.4885,-1.4815,19.1
43.497,-1.4517,0.41
43.5078,-1.481,1.48
43.5009,-1.4653,
43.4999,-1.4544,1.03
43.492,-1.4535,1.74
43.505,-1.4664,0.37
43.5013,-1.4574,
43.4976,-1.4891,0.62
43.4992,-1.4502,2.98
43.4907,-1.4596,0.42
43.4953,-1.4884,26.68
43.5036,-1.4375,0.09
43.4879,-1.4703,
43.5097,-1.4328,8.99
43.5074,-1.4802,1.36
43.4838,-1.4826,2.74
43.5116,-1.4706,0.98
43.493,-1.4855,0.6
43.5059,-1.4708,0.16
43.4865,-1.479,1.89
43.505,-1.4693,1.68
43.4894,-1.4798,
43.4587,-1.4856,
43.5044,-1.4617,
43.4681,-1.4837,
43.4801,-1.4922,1.48
43.4917,-1.4569,1.7
43.4652,-1.4872,2.24
43.491,-1.4748,3.32
43.488,-1.4932,0.8
43.4886,-1.4916,1.06
43.5134,-1.4334,
43.4926,-1.4634,2.5
43.5026,-1.4464,1.52
43.4943,-1.4897,1.33
43.4981,-1.4182,4.34
43.4758,-1.4957,0.64
43.4847,-1.4792,
43.4938,-1.4577,0.03
43.5038,-1.4819,0.17
43.4961,-1.4865,22.25
43.5134,-1.4674,8.6
43.484,-1.4769,0.44
43.5151,-1.4667,2.12
43.4838,-1.5005,0.34
43.4918,-1.4808,12.72
43.5116,-1.4706,0.94
43.487,-1.4803,0.88
43.4906,-1.4549,3.05
43.491,-1.4539,4.26
43.4849,-1.4758,21.85
43.4656,-1.4954,1.97
43.4966,-1.4749,2.53
43.4812,-1.4955,1.48
43.4809,-1.4622,1.32
43.4935,-1.4558,0.25
43.4966,-1.4769,
43.5048,-1.4853,1.25
43.4764,-1.4871,1.55
43.4978,-1.4937,1.71
43.507,-1.4299,2.64
43.4966,-1.4836,0.91
43.5109,-1.4643,2.67
43.4995,-1.467,0.15
43.4939,-1.4811,4.47
43.5125,-1.469,1.61
43.5021,-1.448,0.69
43.494,-1.4652,1.44
43.4824,-1.4687,0.18
43.4673,-1.4905,0.66
43.4974,-1.4783,2.89
43.4795,-1.4781,2.64
43.4833,-1.4522,1.79
43.4958,-1.4888,1.15
43.5117,-1.4886,0.16
43.4873,-1.4822,
43.4954,-1.4588,
43.5139,-1.4621,1.43
43.4903,-1.4556,5.59
43.4975,-1.4275,1.89
43.5139,-1.4672,1.35
43.4885,-1.4937,1.27
43.4784,-1.494,1.45
43.477,-1.4716,
43.4943,-1.4839,1.78
43.5106,-1.4293,0.17
43.5033,-1.4377,0.17
43.4948,-1.4677,1.72
43.4775,-1.4959,1.68
43.4813,-1.4827,2.94
43.4991,-1.4625,
43.5042,-1.4658,1.03
43.4996,-1.4808,1.37
43.4932,-1.4496,2.16
43.4908,-1.4699,2.94
43.4908,-1.4923,0.28
43.4959,-1.4654,1.0
43.4964,-1.4395,0.01
43.4936,-1.4608,1.02
43.4956,-1.4604,0.28
43.4759,-1.4749,
43.5039,-1.4677,2.72
43.4961,-1.4697,13.5
43.4999,-1.4625,0.17
43.5143,-1.4618,1.33
43.4791,-1.4955,0.94
43.4956,-1.4707,0.54
43.4937,-1.4466,0.64
43.4817,-1.4869,1.43
43.4889,-1.4566,25.78
43.4899,-1.4812,29.4
43.4684,-1.4906,18.96
43.4951,-1.4659,0.68
43.4896,-1.477,
43.4817,-1.4981,1.33
43.4797,-1.4501,0.74
43.4908,-1.4715,1.85
43.5025,-1.4433,0.92
43.4952,-1.4646,0.34
43.5102,-1.4872,4.25
43.4885,-1.4677,1.8
43.4797,-1.4984,11.1
43.4944,-1.483,1.75
43.498,-1.4599,2.89
43.4818,-1.4941,0.94
43.5057,-1.4442,1.56
43.4829,-1.4987,0.29
43.4904,-1.4553,4.89
43.48,-1.4982,2.78
43.4809,-1.4569,0.06
43.48,-1.4747,1.59
43.5096,-1.466,0.4
43.4892,-1.4797,28.33
43.4845,-1.4815,0.55
43.4884,-1.4653,0.23
43.4923,-1.4443,0.91
43.4813,-1.4682,1.34
43.48,-1.4923,1.57
43.479,-1.5045,1.58
43.4858,-1.4845,1.75
43.4815,-1.4932,16.42
43.4924,-1.48,
43.496,-1.4845,2.35
43.4985,-1.4889,3.8
43.4816,-1.4843,0.83
43.4957,-1.4613,2.14
43.4824,-1.4968,1.18
43.4981,-1.4598,2.57
43.4909,-1.4936,0.62
43.492,-1.4555,0.3
43.5024,-1.4769,3.52
43.4863,-1.4769,1.79
43.4884,-1.4743,
43.4795,-1.4742,1.21
43.4949,-1.4708,8.2
43.4935,-1.4795,12.39
43.478,-1.488,1.22
43.5044,-1.4473,1.15
43.4803,-1.4516,1.6
43.5143,-1.4671,1.25
43.4895,-1.4673,0.72
43.4881,-1.4911,3.04
43.4842,-1.4799,0.79
43.4884,-1.449,1.63
43.4693,-1.494,
43.4918,-1.4853,2.03
43.4903,-1.4452,2.47
43.4842,-1.4463,1.06
43.5,-1.4513,0.17
43.4757,-1.4695,
43.5071,-1.4547,1.35
43.4856,-1.4716,0.45
43.4942,-1.4718,5.98
43.4916,-1.4543,2.3
43.4771,-1.4915,1.91
43.4987,-1.4349,0.4
43.4784,-1.4816,1.08
43.4893,-1.4556,1.91
43.5005,-1.4201,0.05
43.49,-1.4778,1.0
43.4951,-1.4669,11.89
43.4991,-1.4355,0.65
43.4816,-1.477,2.22
43.4974,-1.4556,0.98
43.4776,-1.4926,24.54
43.4941,-1.4915,11.47
43.4607,-1.4816,
43.4976,-1.4849,17.0
43.4991,-1.4554,
43.4919,-1.4773,3.61
43.4995,-1.4544,1.43
43.4862,-1.489,1.03
43.4999,-1.457,4.24
43.4984,-1.4539,2.34
43.4822,-1.4687,1.51
43.4954,-1.4612,2.07
43.5067,-1.4309,0.23
43.4982,-1.4382,1.83
43.5066,-1.4552,0.08
43.5114,-1.4331,0.23
43.4979,-1.452,0.34
43.4974,-1.451,0.75
43.4656,-1.4954,3.49
43.4766,-1.4685,3.96
43.4931,-1.4677,5.15
43.4967,-1.4828,1.43
43.4974,-1.4783,6.68
43.4846,-1.4969,4.41
43.5064,-1.4861,0.49
43.5125,-1.4631,2.58
43.4963,-1.4941,3.16
43.4672,-1.4913,1.45
43.4935,-1.4532,7.05
43.5042,-1.483,0.21
43.4879,-1.4605,2.06
43.4805,-1.5003,1.86
43.4826,-1.4909,1.18
43.4859,-1.4712,0.74
43.477,-1.4916,0.68
43.4917,-1.465,0.44
43.4941,-1.4768,8.06
43.4806,-1.4547,6.93
43.5036,-1.4684,0.72
43.4911,-1.4806,15.33
43.501,-1.4574,
43.5033,-1.4902,
43.5006,-1.4497,0.16
43.5048,-1.4467,2.77
43.4819,-1.496,1.91
43.4834,-1.4663,0.49
43.4601,-1.4961,2.63
43.4862,-1.4892,1.49
43.4686,-1.4906,2.79
43.4695,-1.4849,
43.4873,-1.4508,1.24
43.4763,-1.4768,
43.4936,-1.4811,6.91
43.5079,-1.432,1.62
43.4841,-1.4774,0.21
43.5053,-1.4604,11.74
43.4965,-1.4391,0.42
43.5015,-1.4433,0.56
43.5044,-1.4332,1.14
43.4805,-1.5004,3.65
43.4841,-1.4602,0.48
43.49,-1.4758,
43.4775,-1.4841,1.67
43.4917,-1.4522,
43.495,-1.4816,4.84
43.4857,-1.4727,2.23
43.4971,-1.4248,0.21
43.4917,-1.4958,0.48
43.4932,-1.4678,2.75
43.4802,-1.4767,0.57
43.4804,-1.4889,2.54
43.5017,-1.4597,5.44
43.4845,-1.497,0.66
43.503,-1.4538,1.85
43.4977,-1.4793,14.57
43.4945,-1.4639,0.93
43.4982,-1.4872,0.98
43.4861,-1.476,1.55
43.5136,-1.4358,1.05
43.4856,-1.4926,1.57
43.4931,-1.4724,18.95
43.4694,-1.4849,
43.5002,-1.4513,0.7
43.5015,-1.4546,1.34
43.4849,-1.4994,1.89
43.4832,-1.4664,2.11
43.4953,-1.4824,1.63
43.4811,-1.4967,2.12
43.477,-1.4865,0.32
43.4639,-1.4979,2.23
43.491,-1.4743,3.14
43.4835,-1.4866,28.02
43.4951,-1.4856,0.39
43.4938,-1.4794,0.92
43.4792,-1.4815,2.8
43.4895,-1.4572,1.18
43.501,-1.4797,8.88
43.4938,-1.4944,0.21
43.4791,-1.4545,0.81
43.4876,-1.4936,0.25
43.451,-1.4953,0.35
43.4893,-1.4685,29.71
43.487,-1.4694,0.43
43.5022,-1.4778,1.07
43.4765,-1.4847,0.14
43.4572,-1.4862,
43.4831,-1.4684,1.55
43.489,-1.4908,1.8
43.4982,-1.4535,0.06
43.5054,-1.4438,2.94
43.5032,-1.4513,15.67
43.4812,-1.4569,27.68
43.4867,-1.4743,14.64
43.5065,-1.4779,1.96
43.496,-1.4581,1.15
43.4943,-1.4821,0.33
43.4958,-1.4697,5.2
43.4791,-1.4546,1.23
43.5013,-1.4783,1.3
43.4832,-1.4823,8.73
43.4966,-1.4827,0.09
43.4961,-1.4701,17.52
43.4965,-1.4341,1.92
43.4997,-1.4927,2.2
43.491,-1.4683,0.11
43.4907,-1.4716,0.33
43.5108,-1.492,
43.5022,-1.448,1.13
43.4948,-1.476,
43.4979,-1.4599,2.68
43.4858,-1.4722,0.48
43.4919,-1.4537,4.42
43.4992,-1.4391,10.94
43.5075,-1.4633,0.71
43.5026,-1.4533,14.99
43.4674,-1.4877,5.33
43.4873,-1.4848,2.16
43.4778,-1.496,2.06
43.5001,-1.4379,0.95
43.5056,-1.4596,0.45
43.503,-1.451,1.12
43.4793,-1.4923,4.86
43.4938,-1.4532,1.1
43.4784,-1.4937,1.1
43.4871,-1.4939,1.66
43.4941,-1.4827,7.98
43.4976,-1.4329,4.34
43.4946,-1.4425,2.65
43.5024,-1.4488,1.64
43.4889,-1.4928,0.91
43.4999,-1.4569,1.35
43.4852,-1.487,2.55
43.4958,-1.4366,0.88
43.4883,-1.4565,2.74
43.4934,-1.4762,0.52
43.4805,-1.4753,0.07
43.4679,-1.492,18.38
43.5098,-1.4666,1.9
43.4839,-1.4474,0.34
43.4923,-1.4709,2.44
43.5006,-1.4884,
43.4973,-1.4847,2.2
43.481,-1.4633,7.52
43.5052,-1.4435,2.65
43.4983,-1.4921,5.2
43.4999,-1.4569,1.16
43.5017,-1.4588,6.48
43.5068,-1.4723,1.01
43.4809,-1.4628,1.3
43.4869,-1.4542,0.62
43.4782,-1.4508,0.61
43.4911,-1.4931,1.58
43.4843,-1.4801,2.86
43.4991,-1.4933,2.83
43.4824,-1.4771,1.39
43.4876,-1.4941,0.01
43.5103,-1.4872,1.5
43.4955,-1.4772,
43.4929,-1.4866,2.33
43.4947,-1.4384,1.46
43.4868,-1.4741,4.7
43.5112,-1.4637,0.67
43.5046,-1.4655,0.63
43.4762,-1.4514,1.64
43.4855,-1.4705,
43.4862,-1.4619,26.51
43.4992,-1.4552,
43.5026,-1.4526,24.2
43.4958,-1.4356,0.87
43.4633,-1.4815,
43.4783,-1.4741,
43.4865,-1.4935,0.59
43.4996,-1.4872,
43.5024,-1.4453,0.63
43.5046,-1.4325,0.72
43.4905,-1.4817,1.8
43.4888,-1.4884,0.99
43.4962,-1.4942,4.03
43.4945,-1.4778,4.33
43.4871,-1.4568,2.07
43.51,-1.4641,1.26
43.4759,-1.4956,0.69
43.509,-1.4675,12.21
43.5007,-1.4481,
43.479,-1.4946,0.56
43.4928,-1.4774,0.44
43.4864,-1.4647,0.25
43.4798,-1.4997,18.61
43.5014,-1.4481,
43.5058,-1.4572,0.37
43.4903,-1.4706,2.41
43.4817,-1.4958,1.23
43.4801,-1.4527,1.15
43.4604,-1.4955,0.04
43.4842,-1.4776,0.23
43.4936,-1.4789,8.54
43.5021,-1.4444,0.38
43.4784,-1.4536,2.65
43.4733,-1.4859,1.26
43.4936,-1.493,6.03
43.4944,-1.4657,0.91
43.4908,-1.4783,0.65
43.4942,-1.4915,10.9
43.4752,-1.4528,20.73
43.4802,-1.4881,
43.51,-1.4642,0.59
43.4686,-1.4937,1.24
43.4884,-1.4887,0.49
43.4926,-1.452,
43.4907,-1.445,0.2
43.4882,-1.4777,13.54
43.4862,-1.4765,1.97
43.481,-1.485,0.73
43.4935,-1.48,11.59
43.5111,-1.4712,0.6
43.502,-1.4473,6.1
43.4797,-1.4748,8.82
43.5054,-1.4611,0.93
43.4804,-1.5018,1.4
43.4923,-1.4533,0.78
43.5108,-1.4717,0.96
43.4841,-1.4706,0.52
43.5116,-1.4713,0.6
43.5086,-1.4866,0.6
43.5013,-1.4566,2.18
43.4815,-1.4825,5.07
43.4914,-1.454,1.04
43.5029,-1.4476,2.1
43.4952,-1.489,
43.4884,-1.4565,1.92
43.4902,-1.4825,1.03
43.497,-1.4808,
43.5096,-1.4657,2.6
43.493,-1.485,1.6
43.4937,-1.4767,0.33
43.4922,-1.4737,29.31
43.4878,-1.4814,7.01
43.4852,-1.4943,0.23
43.4772,-1.4928,7.1
43.5016,-1.4779,1.69
43.484,-1.4457,4.39
43.5099,-1.4644,1.48
43.4682,-1.4874,1.17
43.507,-1.4662,1.64
43.4865,-1.4972,
43.5105,-1.4684,3.79
43.4939,-1.4865,1.2
43.4663,-1.4828,
43.4775,-1.494,0.69
43.4962,-1.435,2.06
43.4835,-1.4665,0.66
43.471,-1.4916,0.05
43.4983,-1.4921,4.17
43.5018,-1.4809,0.79
43.5012,-1.4675,0.65
43.4932,-1.4896,0.02
43.5027,-1.4479,1.89
43.4849,-1.4957,0.23
43.4974,-1.4884,1.37
43.4865,-1.4728,
43.4917,-1.467,
43.512,-1.4395,0.05
43.4863,-1.4886,2.23
43.4869,-1.4697,0.08
43.4843,-1.4483,5.3
43.4812,-1.4965,0.65
43.5022,-1.4815,0.09
43.4873,-1.4669,7.07
43.4856,-1.4922,1.67
43.5033,-1.452,1.29
43.5103,-1.482,1.65
43.5098,-1.4723,0.42
43.5006,-1.4599,2.74
43.4885,-1.4794,0.19
43.5026,-1.4479,2.02
43.4899,-1.4759,
43.5128,-1.434,1.04
43.4965,-1.4358,0.97
43.4662,-1.4951,2.17
43.4516,-1.4955,2.98
43.4753,-1.4768,
43.4995,-1.4564,23.05
43.5105,-1.4716,0.08
43.4891,-1.4775,
43.4885,-1.4558,0.32
43.4882,-1.4565,2.8
43.4917,-1.4764,
43.4888,-1.4585,1.24
43.4741,-1.4788,
43.498,-1.4189,4.58
43.4981,-1.4528,0.33
43.4931,-1.4937,1.63
43.5019,-1.4661,
43.4761,-1.4827,1.0
43.4911,-1.4683,10.4
43.4831,-1.4795,0.69
43.485,-1.4864,2.68
43.5072,-1.4687,0.09
43.4875,-1.4508,0.82
43.4932,-1.4639,0.03
43.4951,-1.4766,
43.4893,-1.4778,
43.491,-1.4739,0.32
43.4944,-1.444,1.93
43.4937,-1.4817,6.51
43.4978,-1.4825,4.67
43.481,-1.4778,0.57
43.4879,-1.4673,0.2
43.4984,-1.4879,2.86
43.4992,-1.4676,
43.487,-1.4866,2.41
43.4986,-1.4349,2.65
43.513,-1.4355,0.53
43.4873,-1.4588,0.85
43.481,-1.4917,1.79
43.5002,-1.4838,11.44
43.4781,-1.4995,0.97
43.4565,-1.4856,
43.4815,-1.4861,0.5
43.4975,-1.4844,13.78
43.4918,-1.4534,0.08
43.5036,-1.4375,0.36
43.5101,-1.4437,1.9
43.4986,-1.4588,
43.4899,-1.4715,0.55
43.4935,-1.4586,0.75
43.4813,-1.4652,2.11
43.4897,-1.4545,1.02
43.4901,-1.4603,0.94
43.5044,-1.4463,0.94
43.4824,-1.4851,3.01
43.4947,-1.4779,7.07
43.4983,-1.4365,0.04
43.4877,-1.4658,0.24
43.4713,-1.4921,
43.4765,-1.491,0.57
43.4797,-1.4997,13.7
43.486,-1.4725,0.31
43.5113,-1.4406,1.14
43.4833,-1.4531,1.52
43.4845,-1.4766,1.9
43.4939,-1.4768,1.8
43.4947,-1.489,
43.496,-1.4563,1.88
43.4937,-1.4768,0.15
43.486,-1.461,7.15
43.4781,-1.452,1.16
43.4971,-1.4589,
43.4906,-1.4867,1.38
43.5102,-1.4496,
43.4908,-1.471,2.51
43.4907,-1.478,0.96
43.5037,-1.47,0.14
43.4616,-1.4912,3.49
43.4733,-1.4808,
43.4956,-1.4804,0.54
43.4973,-1.4452,1.39
43.5017,-1.4604,5.5
43.4619,-1.4812,
43.5028,-1.4824,0.25
43.4857,-1.4777,1.18
43.4837,-1.4533,6.15
43.4898,-1.482,2.41
43.4799,-1.4841,16.77
43.4985,-1.4365,0.11
43.4869,-1.4879,0.8
43.4956,-1.4777,
43.4905,-1.4592,0.16
43.5017,-1.4539,3.97
43.4878,-1.4537,1.06
43.4843,-1.4862,
43.4902,-1.483,2.55
43.4906,-1.4626,11.95
43.4801,-1.501,3.01
43.476,-1.4841,5.37
43.4845,-1.4975,4.33
43.4893,-1.465,
43.5031,-1.4256,1.2
43.503,-1.4509,0.6
43.5126,-1.4691,1.87
43.4951,-1.4382,0.11
43.481,-1.4758,1.27
43.5022,-1.4489,11.24
43.4845,-1.4795,12.98
43.4662,-1.4827,
43.4867,-1.4937,1.97
43.5064,-1.4455,3.17
43.4957,-1.4355,0.79
43.4971,-1.4347,0.82
43.4974,-1.4453,1.34
43.4955,-1.4703,11.27
43.4939,-1.4544,1.5
43.4871,-1.4807,1.36
43.4944,-1.4647,0.72
43.4804,-1.4921,1.91
43.4838,-1.4755,
43.4859,-1.4947,1.74
43.4999,-1.4795,2.06
43.4894,-1.4772,
43.4911,-1.487,11.8
43.4864,-1.4643,2.19
43.5074,-1.4877,0.94
43.5017,-1.4587,0.02
43.5071,-1.4578,1.57
43.4806,-1.5007,1.93
43.4934,-1.4683,2.02
43.4843,-1.4662,8.71
43.4886,-1.4779,
43.4915,-1.4897,1.19
43.4965,-1.4645,1.21
43.4786,-1.4737,22.86
43.4857,-1.4735,2.79
43.4649,-1.4867,
43.4944,-1.4898,1.47
43.4868,-1.47,3.13
43.4772,-1.4717,
43.4796,-1.4739,0.45
43.4893,-1.4782,12.03
43.4909,-1.4697,0.4
43.5027,-1.4627,0.73
43.5058,-1.4751,1.77
43.4935,-1.4787,1.05
43.4956,-1.4732,
43.4589,-1.4956,1.44
43.4872,-1.4857,1.24
43.4814,-1.4823,2.6
43.4959,-1.4711,0.54
43.4854,-1.4728,1.07
43.5079,-1.4317,11.99
43.4774,-1.4541,0.12
43.495,-1.4782,2.27
43.4897,-1.4697,
43.4865,-1.4706,0.26
43.4939,-1.469,1.0
43.4899,-1.4564,5.01
43.4945,-1.4624,0.48
43.4843,-1.4763,23.78
43.4589,-1.4887,4.7
43.495,-1.4574,1.75
43.5123,-1.4353,0.97
43.4809,-1.4625,1.44
43.4969,-1.4335,3.52
43.4895,-1.4961,
43.4639,-1.4979,2.12
43.4902,-1.4819,4.51
43.5108,-1.4642,2.17
43.4794,-1.4991,
43.4715,-1.4874,0.21
43.5056,-1.4869,2.9
43.479,-1.4543,1.54
43.5024,-1.4622,0.29
43.4971,-1.4382,1.53
43.4942,-1.4772,9.69
43.5125,-1.468,5.53
43.5007,-1.4202,0.23
43.4944,-1.4845,1.86
43.4906,-1.4965,0.32
43.5031,-1.4703,0.9
43.4579,-1.4866,18.78
43.4808,-1.4749,0.62
43.4768,-1.484,0.63
43.5024,-1.4837,1.65
43.4821,-1.4914,1.12
43.4755,-1.4709,
43.4947,-1.47,0.06
43.4932,-1.4876,0.27
43.4893,-1.4632,
43.5126,-1.4383,1.2
43.4959,-1.4465,2.03
43.4694,-1.4877,0.39
43.4697,-1.4889,6.23
43.499,-1.4472,1.83
43.4984,-1.4597,2.94
43.4871,-1.4808,1.36
43.4979,-1.4939,0.72
43.4859,-1.4878,1.06
43.4798,-1.4935,0.89
43.4822,-1.4982,0.94
43.4754,-1.4905,2.12
43.4796,-1.4768,0.77
43.5014,-1.479,3.91
43.4908,-1.4944,0.31
43.4869,-1.4579,2.6
43.4923,-1.4853,0.91
43.4926,-1.49,0.22
43.5094,-1.4332,4.23
43.4835,-1.4782,2.81
43.4639,-1.4967,1.47
43.4914,-1.4806,
43.497,-1.4607,1.48
43.4819,-1.4977,3.86
43.4836,-1.4458,1.62
43.4702,-1.4926,1.97
43.4923,-1.4936,2.48
43.5,-1.466,1.67
43.4854,-1.4763,1.12
43.4724,-1.4864,6.55
43.478,-1.4923,2.6
43.4787,-1.4735,3.93
43.5033,-1.4687,3.84
43.4932,-1.4792,4.17
43.4919,-1.4809,1.63
43.4912,-1.4915,0.83
43.4948,-1.4762,
43.4874,-1.4487,8.48
43.4835,-1.4824,1.72
43.4877,-1.4535,0.91
43.4977,-1.4612,0.76
43.4869,-1.4536,2.15
43.4802,-1.492,2.12
43.4939,-1.4819,8.1
43.4808,-1.4824,6.58
43.4612,-1.4899,2.6
43.497,-1.4502,2.11
43.4877,-1.4755,2.12
43.4947,-1.4781,0.51
43.5038,-1.4266,0.09
43.495,-1.4531,0.62
43.5018,-1.4543,
43.4938,-1.4512,0.95
43.4873,-1.4541,2.5
43.4931,-1.4677,1.93
43.4812,-1.4682,1.19
43.5026,-1.4515,22.71
43.4795,-1.4864,2.89
43.4871,-1.4487,1.29
43.4971,-1.4515,0.57
43.4828,-1.4558,1.23
43.4735,-1.4805,
43.4857,-1.4948,1.16
43.4967,-1.4887,0.06
43.507,-1.4626,0.87
43.4985,-1.4562,1.78
43.486,-1.4737,1.5
43.4883,-1.4777,0.84
43.4828,-1.5005,1.74
43.5017,-1.4529,23.26
43.4969,-1.4935,
43.4995,-1.4893,10.83
43.481,-1.464,0.99
43.4942,-1.4793,3.2
43.4888,-1.496,
43.4793,-1.4761,22.44
43.4926,-1.4785,0.62
43.4857,-1.4751,
43.4821,-1.4835,0.35
43.4908,-1.4546,2.56
43.4764,-1.4828,0.4
43.5082,-1.4841,0.1
43.4913,-1.4694,4.55
43.4907,-1.4816,2.64
43.4857,-1.4737,11.14
43.4849,-1.492,
43.4916,-1.4827,2.64
43.4838,-1.4713,
43.5101,-1.4919,
43.4999,-1.42,0.02
43.5089,-1.4658,0.83
43.4835,-1.5009,2.2
43.4867,-1.4779,1.86
43.4917,-1.4696,5.12
43.5008,-1.467,4.63
43.5026,-1.4479,1.97
43.5004,-1.4801,3.06
43.4813,-1.496,1.4
43.4833,-1.4882,
43.4777,-1.4927,17.25
43.478,-1.4949,1.39
43.4882,-1.4772,15.32
43.5039,-1.4711,5.39
43.4861,-1.4767,13.34
43.5011,-1.4581,
43.493,-1.4721,13.86
43.4911,-1.4642,0.44
43.4921,-1.4951,7.83
43.5019,-1.4523,
43.4682,-1.4916,23.96
43.5039,-1.4816,0.98
43.4909,-1.4762,
43.4928,-1.4737,23.37
43.4806,-1.4919,2.0
43.4936,-1.4685,1.9
43.5078,-1.4316,2.0
43.5023,-1.4441,0.64
43.4803,-1.4934,0.77
43.4706,-1.4881,0.32
43.4915,-1.4794,
43.483,-1.4897,0.87
43.4851,-1.4594,0.07
43.4791,-1.4936,1.46
43.4854,-1.4825,0.86
43.5007,-1.4492,26.6
43.4983,-1.4609,1.03
43.5073,-1.4624,0.84
43.4873,-1.4847,1.14
43.5025,-1.4486,1.62
43.5053,-1.4617,3.09
43.4907,-1.4933,0.21
43.496,-1.4877,0.13
43.4983,-1.4868,13.32
43.4811,-1.4577,19.75
43.4909,-1.46,3.73
43.4923,-1.4843,0.99
43.4931,-1.4674,2.43
43.4951,-1.4592,
43.4833,-1.4744,9.89
43.4913,-1.4739,0.93
43.4939,-1.4661,1.39
43.4952,-1.4579,
43.4968,-1.4504,2.68
43.4903,-1.485,0.96
43.5027,-1.4435,2.46
43.479,-1.4718,
43.4932,-1.476,4.57
43.4882,-1.4645,7.18
43.4852,-1.4762,3.42
43.5017,-1.4599,5.75
43.5055,-1.4644,1.01
43.4907,-1.4603,2.06
43.5034,-1.4523,2.54
43.485,-1.4809,
43.4885,-1.4509,0.67
43.5027,-1.4434,0.85
43.5156,-1.4663,0.62
43.4991,-1.4672,0.28
43.4946,-1.4815,1.05
43.4983,-1.4585,0.61
43.4966,-1.4554,1.2
43.5033,-1.4248,1.57
43.4813,-1.4952,0.92
43.4763,-1.4864,1.61
43.4947,-1.4692,0.5
43.4937,-1.493,2.42
43.4684,-1.4961,7.74
43.4854,-1.4734,22.11
43.4898,-1.468,1.17
43.4996,-1.4343,2.42
43.5098,-1.4579,1.17
43.5064,-1.4838,1.49
43.4799,-1.4512,0.3
43.486,-1.4747,1.54
43.4785,-1.4888,1.88
43.501,-1.4483,
43.5064,-1.487,0.62
43.4609,-1.4951,0.33
43.48,-1.4557,0.71
43.4897,-1.4709,
43.5082,-1.4882,3.35
43.4913,-1.4809,
43.4714,-1.4875,2.54
43.4883,-1.4639,
43.4854,-1.4902,1.3
43.484,-1.4604,0.77
43.4959,-1.4698,3.1
43.4762,-1.4689,3.06
43.4781,-1.4525,0.25
43.4997,-1.4574,23.12
43.4902,-1.4555,2.53
43.51,-1.4672,3.43
43.499,-1.4607,3.87
43.4844,-1.4972,5.45
43.4865,-1.4794,0.24
43.4944,-1.4842,0.61
43.5023,-1.4687,1.62
43.4931,-1.4745,
43.4979,-1.4786,1.38
43.4934,-1.4797,3.04
43.4799,-1.4556,0.75
43.4916,-1.4781,8.31
43.492,-1.4807,13.01
43.4967,-1.494,4.26
43.5007,-1.4503,0.87
43.4773,-1.4874,0.97
43.4956,-1.4801,2.74
43.499,-1.4864,
43.4957,-1.4416,1.44
43.5065,-1.4598,17.91
43.4918,-1.4794,
43.4883,-1.4768,0.82
43.4942,-1.4655,1.49
43.4934,-1.4654,1.37
43.4982,-1.4598,2.5
43.5078,-1.4878,1.66
43.5027,-1.4539,0.74
43.4827,-1.4876,1.34
43.4877,-1.4926,0.89
43.4799,-1.4839,1.83
43.5017,-1.4205,1.19
43.4894,-1.4715,
43.4973,-1.4242,0.54
43.498,-1.4566,
43.5061,-1.4613,0.09
43.511,-1.4638,0.58
43.4711,-1.4914,0.04
43.5054,-1.4673,2.23
43.4789,-1.5013,4.38
43.4866,-1.4851,1.0
43.4798,-1.4765,0.76
43.5079,-1.4608,1.75
43.4892,-1.4803,0.94
43.4773,-1.4719,
43.5015,-1.4575,
43.4885,-1.4756,
43.4851,-1.471,
43.4782,-1.4998,5.42
43.4935,-1.4928,4.68
43.4779,-1.4924,1.85
43.4686,-1.4935,0.7
43.4892,-1.4796,26.65
43.4916,-1.4606,0.81
43.4831,-1.4664,2.22
43.4923,-1.4865,2.41
43.4886,-1.4654,10.03
43.4925,-1.4788,2.3
43.5001,-1.4665,3.1
43.5027,-1.4484,29.69
43.4842,-1.4835,0.31
43.4845,-1.485,1.46
43.494,-1.4722,0.18
43.5006,-1.446,1.69
43.4814,-1.4938,2.13
43.4878,-1.4832,3.84
43.4907,-1.4942,0.53
43.4827,-1.4683,0.13
43.5022,-1.4784,0.46
43.4854,-1.473,1.01
43.4908,-1.4538,0.82
43.4897,-1.4804,
43.4927,-1.4716,0.69
43.4888,-1.474,
43.4689,-1.4903,3.19
43.5039,-1.4493,0.66
43.4786,-1.4953,1.4
43.4797,-1.4844,28.88
43.4939,-1.4531,4.19
43.4865,-1.4789,0.26
43.4808,-1.4751,0.97
43.4893,-1.4571,1.08
43.492,-1.4803,
43.4879,-1.4617,
43.4934,-1.4786,18.77
43.4823,-1.4471,8.53
43.4766,-1.4911,2.93
43.4859,-1.4756,23.5
43.4957,-1.457,1.17
43.4958,-1.4704,
43.4972,-1.4848,0.78
43.4947,-1.4827,0.88
43.4924,-1.4592,1.41
43.5085,-1.4913,
43.4998,-1.4375,0.59
43.4937,-1.4937,2.32
43.5034,-1.4644,1.38
43.4881,-1.488,0.44
43.5092,-1.4591,0.05
43.4842,-1.46,0.56
43.5028,-1.4412,2.04
43.4988,-1.4861,
43.5066,-1.458,10.22
43.4912,-1.4515,4.86
43.4994,-1.459,1.62
43.5053,-1.4648,0.56
43.486,-1.4749,1.6
43.4932,-1.4657,1.7
43.4878,-1.4641,1.73
43.5107,-1.4717,0.25
43.4808,-1.4511,2.91
43.4956,-1.4822,0.71
43.5021,-1.4814,0.12
43.4959,-1.4743,
43.4897,-1.4715,12.86
43.5011,-1.4492,0.79
43.4926,-1.4874,1.81
43.4711,-1.4923,
43.4989,-1.4823,
43.5053,-1.4461,2.05
43.481,-1.4919,0.53
43.4838,-1.4853,2.33
43.4886,-1.4667,0.28
43.491,-1.469,29.84
43.486,-1.4731,0.06
43.4995,-1.4384,1.51
43.465,-1.486,
43.4906,-1.4451,0.94
43.4936,-1.4808,8.62
43.4963,-1.4709,1.51
43.4953,-1.4703,7.35
43.4978,-1.4458,0.45
43.4837,-1.49,
43.5023,-1.4899,
43.4907,-1.4637,0.6
43.4868,-1.4572,1.71
43.4939,-1.4528,6.04
43.5078,-1.4838,1.37
43.4943,-1.4771,0.76
43.4667,-1.4915,1.86
43.5023,-1.4777,4.23
43.4876,-1.4834,1.36
43.468,-1.4915,3.01
43.4888,-1.4909,1.59
43.5072,-1.4617,1.74
43.4804,-1.465,0.31
43.4963,-1.4896,0.66
43.469,-1.4943,
43.4959,-1.4705,16.71
43.4946,-1.4532,1.11
43.4911,-1.4803,29.36
43.4857,-1.4757,25.17
43.4751,-1.4529,8.23
43.4869,-1.4799,17.61
43.479,-1.4664,3.69
43.4902,-1.4529,0.6
43.5108,-1.4639,1.37
43.4908,-1.4878,
43.4939,-1.4457,2.01
43.4778,-1.4734,
43.4962,-1.4694,18.88
43.497,-1.4255,0.43
43.4975,-1.4633,1.91
43.504,-1.4503,3.0
43.4994,-1.4378,0.67
43.4877,-1.48,
43.4881,-1.4733,2.18
43.4663,-1.4964,5.94
43.5128,-1.446,1.63
43.4664,-1.4876,3.98
43.5058,-1.4874,0.8
43.4691,-1.4849,
43.4918,-1.4763,
43.4904,-1.473,0.19
43.4975,-1.4232,0.62
43.494,-1.4823,8.02
43.495,-1.44,1.19
43.4999,-1.4564,15.98
43.4925,-1.4943,5.02
43.4898,-1.4744,
43.4896,-1.4811,0.62
43.5024,-1.4453,0.86
43.5015,-1.4485,17.76
43.4916,-1.4544,2.83
43.491,-1.4787,3.29
43.5006,-1.4809,1.66
43.4678,-1.4834,
43.4819,-1.4538,0.66
43.5056,-1.4633,2.06
43.4895,-1.4824,1.13
43.477,-1.4838,7.24
43.4826,-1.4881,
43.4915,-1.4769,0.44
43.4916,-1.491,2.12
43.4785,-1.4743,
43.4966,-1.4384,3.17
43.4933,-1.4789,1.48
43.4909,-1.4778,5.41
43.5143,-1.4618,1.05
43.4902,-1.4583,1.4
43.5022,-1.4834,1.66
43.481,-1.4567,0.13
43.5017,-1.4603,0.59
43.5066,-1.4912,
43.4878,-1.4604,2.59
43.4992,-1.4866,
43.4938,-1.495,3.42
43.5017,-1.4486,0.36
43.4933,-1.4791,6.33
43.5004,-1.4497,18.76
43.4667,-1.4842,
43.4683,-1.4848,
43.5079,-1.4639,0.73
43.4864,-1.4665,2.58
43.4871,-1.4879,1.77
43.5086,-1.4452,0.33
43.4827,-1.484,1.53
43.5019,-1.4789,0.1
43.4941,-1.476,
43.4864,-1.471,0.29
43.5023,-1.4487,1.52
43.5023,-1.4619,0.15
43.4934,-1.4791,1.28
43.4919,-1.4515,
43.4885,-1.4725,2.9
43.4776,-1.496,2.42
43.4846,-1.4834,1.36
43.5089,-1.4515,
43.5009,-1.4542,
43.4951,-1.4387,1.52
43.4973,-1.4589,
43.4974,-1.4237,0.56
43.4882,-1.478,8.77
43.4784,-1.4505,0.33
43.4991,-1.4383,2.07
43.4933,-1.4617,1.06
43.4978,-1.4836,
43.4897,-1.4669,2.47
43.4937,-1.483,1.05
43.4937,-1.4592,0.82
43.4862,-1.4926,1.35
43.4908,-1.4775,24.22
43.4783,-1.4845,24.73
43.48,-1.4742,21.16
43.4938,-1.4699,
43.5072,-1.445,1.0
43.4936,-1.4814,6.85
43.4901,-1.4732,
43.4802,-1.4885,
43.5036,-1.4505,0.14
43.5026,-1.4386,0.51
43.4796,-1.4771,0.57
43.4996,-1.4923,0.41
43.5006,-1.4369,0.15
43.4898,-1.4708,
43.5028,-1.4407,1.29
43.4931,-1.4781,1.6
43.4831,-1.4907,14.89
43.5056,-1.4853,1.77
43.4884,-1.4757,23.07
43.4989,-1.4883,0.04
43.4967,-1.4912,1.86
43.4852,-1.4661,0.89
43.4962,-1.478,
43.4913,-1.4791,
43.4988,-1.4935,3.16
43.494,-1.4539,4.87
43.5001,-1.4597,1.17
43.4889,-1.4727,7.99
43.5022,-1.4487,5.98
43.496,-1.4602,1.33
43.5027,-1.4687,1.66
43.483,-1.4686,0.62
43.5052,-1.4838,0.66
43.5051,-1.4665,0.46
43.4844,-1.5011,0.42
43.4682,-1.4913,3.38
43.5126,-1.4691,1.61
43.4977,-1.4513,1.27
43.4963,-1.4815,0.35
43.4848,-1.491,0.46
43.4922,-1.4798,
43.4957,-1.4567,5.52
43.4917,-1.4949,0.78
43.486,-1.4753,5.02
43.4828,-1.4834,1.42
43.4889,-1.4729,18.55
43.4843,-1.475,0.2
43.5013,-1.4792,6.62
43.4944,-1.4789,0.65
43.4958,-1.4872,1.43
43.4965,-1.4819,1.34
43.488,-1.4736,1.59
43.5087,-1.4664,1.27
43.4991,-1.4889,0.04
43.4979,-1.4352,0.66
43.5044,-1.4474,0.76
43.4936,-1.4927,0.01
43.4895,-1.4734,
43.4813,-1.461,0.07
43.5134,-1.4356,1.26
43.4847,-1.4761,24.01
43.4917,-1.4703,6.48
43.496,-1.4869,
43.4933,-1.4728,6.62
43.4841,-1.4797,2.77
43.4985,-1.4675,0.65
43.4824,-1.4687,0.97
43.4843,-1.4605,0.38
43.4878,-1.4639,0.09
43.4714,-1.4836,
43.4839,-1.4792,0.67
43.4922,-1.4775,
43.4961,-1.4686,
43.489,-1.4768,
43.5001,-1.42,0.02
43.4958,-1.4516,3.26
43.5044,-1.4464,1.09
43.4931,-1.492,
43.4821,-1.4896,
43.4941,-1.4721,0.11
43.5039,-1.4717,1.62
43.5105,-1.4883,0.54
43.5081,-1.4811,1.72
43.4984,-1.4195,0.92
43.5027,-1.4822,0.34
43.4919,-1.4511,
43.5145,-1.4615,0.74
43.4935,-1.4782,0.62
43.5025,-1.4464,0.79
43.4849,-1.4662,0.3
43.4723,-1.4841,
43.5026,-1.4549,1.8
43.5109,-1.4651,16.87
43.4762,-1.4513,2.62
43.5039,-1.4676,0.4
43.483,-1.478,0.87
43.4781,-1.4729,0.49
43.4961,-1.4363,3.79
43.4684,-1.4958,20.69
43.4687,-1.4955,1.56
43.4641,-1.4822,
43.5022,-1.4431,0.05
43.4943,-1.4678,0.5
43.4928,-1.4789,3.27
43.4861,-1.4664,0.9
43.4941,-1.4719,3.52
43.4874,-1.469,19.01
43.4954,-1.4789,5.43
43.4945,-1.4853,0.32
43.4873,-1.4542,2.22
43.4639,-1.4959,2.29
43.4729,-1.4862,1.96
43.4757,-1.4842,5.99
43.479,-1.4903,1.82
43.5089,-1.435,1.8
43.5128,-1.4344,0.94
43.5061,-1.4587,0.55
43.5036,-1.4214,1.73
43.5015,-1.4456,1.67
43.491,-1.4939,1.39
43.5032,-1.4249,1.4
43.5075,-1.4862,3.0
43.5047,-1.4673,0.09
43.5033,-1.4491,2.06
43.5074,-1.4876,0.77
43.5047,-1.4621,0.18
43.4927,-1.4444,2.09
43.4993,-1.4387,11.98
43.4977,-1.4318,0.21
43.504,-1.4619,
43.4912,-1.4512,3.58
43.4891,-1.456,1.13
43.5115,-1.4347,0.54
43.5052,-1.4619,1.12
43.4917,-1.4731,13.4
43.491,-1.4723,1.18
43.4828,-1.49,1.42
43.5028,-1.4632,0.65
43.4799,-1.4894,3.58
43.4907,-1.4687,
43.4791,-1.4738,1.66
43.5026,-1.4208,1.95
43.4971,-1.4355,0.45
43.4843,-1.4762,
43.4968,-1.4741,0.95
43.4879,-1.4825,1.98
43.5022,-1.4556,0.28
43.4925,-1.4953,0.39
43.4981,-1.4567,
43.4801,-1.4944,1.55
43.5006,-1.4806,2.21
43.4961,-1.4806,16.66
43.4938,-1.4724,0.42
43.4999,-1.4544,0.48
43.5074,-1.4344,1.08
43.4814,-1.488,3.02
43.4883,-1.4916,2.24
43.4967,-1.4609,1.12
43.5029,-1.4494,1.63
43.5082,-1.434,7.68
43.5054,-1.4725,0.27
43.4799,-1.4651,0.44
43.4924,-1.4742,7.44
43.4921,-1.4762,
43.5034,-1.464,2.94
43.4994,-1.4812,1.11
43.4929,-1.457,0.12
43.4799,-1.4667,2.81
43.4811,-1.4566,0.24
43.4946,-1.4424,2.35
43.4822,-1.4963,0.62
43.5027,-1.4548,1.73
43.4905,-1.4535,0.55
43.4783,-1.4886,0.33
43.4685,-1.4961,1.22
43.4884,-1.4552,0.54
43.5082,-1.484,0.05
43.4808,-1.4681,2.68
43.4919,-1.4796,
43.4869,-1.4575,2.09
43.5009,-1.4798,0.35
43.4762,-1.4842,3.55
43.4783,-1.5047,4.5
43.5105,-1.4291,0.07
43.5017,-1.481,6.03
43.4949,-1.4857,0.52
43.4822,-1.4817,
43.4945,-1.4609,1.88
43.4917,-1.4628,6.95
43.4903,-1.4691,
43.4957,-1.4521,1.19
43.5103,-1.4641,1.95
43.4851,-1.4789,
43.5078,-1.4343,19.04
43.4934,-1.4654,0.1
43.5127,-1.4381,1.31
43.5019,-1.4545,
43.4933,-1.4746,
43.4802,-1.4788,0.2
43.4927,-1.4798,
43.4903,-1.484,0.54
43.4923,-1.4867,2.76
43.4949,-1.4687,9.47
43.4875,-1.4596,2.74
43.4868,-1.4684,0.18
43.5109,-1.4859,0.49
43.4887,-1.4552,0.61
43.4802,-1.5016,1.21
43.465,-1.4861,
43.4802,-1.465,1.41
43.4955,-1.4715,0.17
43.4767,-1.4761,
43.4846,-1.4828,2.79
43.504,-1.4721,5.16
43.4656,-1.4871,1.14
43.4926,-1.4717,4.26
43.5014,-1.4537,23.71
43.4998,-1.4549,14.3
43.4656,-1.4923,0.4
43.499,-1.4554,
43.4946,-1.4633,0.68
43.4943,-1.4667,1.57
43.5095,-1.4728,0.06
43.4906,-1.4755,
43.4863,-1.4876,0.53
43.5039,-1.4227,3.09
43.4898,-1.488,4.04
43.468,-1.4939,0.59
43.4982,-1.4822,4.88
43.5027,-1.4505,25.25
43.4898,-1.496,
43.4968,-1.4783,
43.4785,-1.5014,4.45
43.5041,-1.4848,1.09
43.4936,-1.4914,4.79
43.5036,-1.4687,2.11
43.4882,-1.4693,
43.4861,-1.4738,9.62
43.5018,-1.4828,1.17
43.5099,-1.4871,0.2
43.4933,-1.4603,1.71
43.4934,-1.4671,1.12
43.4972,-1.4356,0.46
43.4868,-1.4688,1.61
43.4841,-1.4459,1.82
43.5097,-1.4663,0.69
43.4988,-1.4567,0.94
43.4872,-1.4715,
43.4817,-1.462,2.77
43.4762,-1.4799,0.9
43.4793,-1.4987,21.43
43.4847,-1.486,16.1
43.4963,-1.472,3.13
43.4905,-1.4801,
43.4995,-1.4377,1.06
43.4661,-1.4959,1.25
43.4866,-1.48,0.83
43.4764,-1.487,1.14
43.4857,-1.4728,1.92
43.4886,-1.4784,1.61
43.481,-1.4638,6.75
43.4907,-1.4784,0.79
43.4933,-1.4849,1.37
43.4958,-1.4822,0.95
43.4891,-1.4923,0.75
43.4914,-1.4606,0.9
43.4829,-1.4741,9.22
43.4935,-1.4803,9.29
43.4955,-1.4913,2.16
43.4825,-1.49,26.55
43.4875,-1.4632,6.74
