way,i,lat,lng
23447693,0,43.4603,-1.4955
23447693,1,43.4604,-1.4955
23447693,2,43.4604,-1.4956
23447693,3,43.4605,-1.4956
23447693,4,43.4605,-1.4957
23447693,5,43.4606,-1.4957
23447693,6,43.4606,-1.4958
23447693,7,43.4606,-1.4959
23447693,8,43.4606,-1.496
23447693,9,43.4606,-1.4961
23447693,10,43.4606,-1.4961
23447693,11,43.4605,-1.4962
23447693,12,43.4605,-1.4963
23447693,13,43.4604,-1.4963
23447693,14,43.4603,-1.4963
23447693,15,43.4602,-1.4963
23447693,16,43.4602,-1.4963
23447693,17,43.4601,-1.4963
23447693,18,43.4601,-1.4962
23447693,19,43.4601,-1.4961
23447693,20,43.46,-1.4961
23447693,21,43.46,-1.496
23447693,22,43.46,-1.4959
23447693,23,43.46,-1.4958
23447693,24,43.4601,-1.4957
23447693,25,43.4601,-1.4957
23447693,26,43.4601,-1.4956
23447693,27,43.4602,-1.4955
23447693,28,43.4603,-1.4955
23447758,0,43.4656,-1.4954
23447758,1,43.4656,-1.4953
23447758,2,43.4655,-1.4953
23447758,3,43.4655,-1.4953
23447758,4,43.4654,-1.4953
23447758,5,43.4651,-1.4954
23447758,6,43.4649,-1.4954
23447758,7,43.4648,-1.4954
23447788,0,43.46,-1.496
23447788,1,43.4599,-1.496
23447788,2,43.4598,-1.4959
23447788,3,43.4598,-1.4959
23447788,4,43.4595,-1.4959
23447788,5,43.4592,-1.4958
23447788,6,43.459,-1.4958
23447788,7,43.4588,-1.4957
23447788,8,43.4586,-1.4957
23447788,9,43.4583,-1.4957
23447788,10,43.4581,-1.4956
23447788,11,43.4578,-1.4956
23447788,12,43.4576,-1.4955
23447788,13,43.4573,-1.4955
23447788,14,43.4571,-1.4954
23447788,15,43.4569,-1.4954
23447788,16,43.4561,-1.4951
23447788,17,43.4556,-1.495
23447788,18,43.4544,-1.4946
23447788,19,43.4539,-1.4945
23447788,20,43.4536,-1.4943
23447788,21,43.4534,-1.4943
23447788,22,43.4527,-1.494
23447788,23,43.4516,-1.4934
23458505,0,43.4845,-1.4901
23458505,1,43.4845,-1.49
23458505,2,43.4846,-1.49
23458505,3,43.4847,-1.4899
23458505,4,43.4847,-1.4899
23458505,5,43.4848,-1.4899
23458505,6,43.4849,-1.49
23458505,7,43.4849,-1.49
23458505,8,43.4849,-1.4901
23458505,9,43.485,-1.4902
23458505,10,43.485,-1.4902
23458505,11,43.485,-1.4903
23458505,12,43.485,-1.4904
23458505,13,43.485,-1.4905
23458505,14,43.4849,-1.4906
23458505,15,43.4849,-1.4906
23458505,16,43.4848,-1.4907
23458505,17,43.4847,-1.4907
23458505,18,43.4847,-1.4906
23458505,19,43.4846,-1.4906
23458505,20,43.4845,-1.4906
23458505,21,43.4845,-1.4905
23458505,22,43.4845,-1.4904
23458505,23,43.4845,-1.4903
23458505,24,43.4845,-1.4902
23458505,25,43.4845,-1.4902
23458505,26,43.4845,-1.4901
23458539,0,43.4845,-1.4906
23458539,1,43.4844,-1.4905
23458539,2,43.4843,-1.4905
23458539,3,43.4804,-1.4921
23458539,4,43.4799,-1.4923
23458539,5,43.4796,-1.4924
23458539,6,43.479,-1.4925
23458539,7,43.4787,-1.4926
23458539,8,43.4786,-1.4926
23458539,9,43.4785,-1.4927
23458778,0,43.4647,-1.4995
23458778,1,43.4646,-1.4993
23458778,2,43.4645,-1.4993
23458778,3,43.4644,-1.4992
23458778,4,43.4643,-1.4991
23458778,5,43.4643,-1.499
23458778,6,43.4642,-1.4989
23458778,7,43.4641,-1.4987
23458778,8,43.464,-1.4985
23458778,9,43.464,-1.4983
23501918,0,43.4883,-1.4817
23501918,1,43.4883,-1.4818
23501918,2,43.4885,-1.4818
23501918,3,43.4885,-1.4819
23501943,0,43.4875,-1.4815
23501943,1,43.4875,-1.4814
23501943,2,43.4873,-1.4811
23501943,3,43.4872,-1.481
23501943,4,43.4871,-1.4807
23501943,5,43.4869,-1.4803
23501943,6,43.4868,-1.4803
23501943,7,43.4867,-1.4801
23501943,8,43.4866,-1.48
23501943,9,43.4866,-1.4799
23501943,10,43.4865,-1.4798
23501943,11,43.4865,-1.4796
23501943,12,43.4865,-1.4795
23565323,0,43.4818,-1.4772
23565323,1,43.4818,-1.4772
23565323,2,43.4819,-1.4772
23565323,3,43.4819,-1.4772
23565323,4,43.4819,-1.4772
23565323,5,43.4819,-1.4772
23565323,6,43.482,-1.4773
23577305,0,43.4908,-1.4978
23577305,1,43.4908,-1.4978
23577305,2,43.4908,-1.4978
23577305,3,43.4909,-1.4978
23577305,4,43.4909,-1.4978
23577305,5,43.491,-1.4978
23577305,6,43.491,-1.4978
23577305,7,43.491,-1.4979
23577305,8,43.491,-1.4979
23577305,9,43.4911,-1.498
23577305,10,43.491,-1.4981
23577305,11,43.491,-1.4981
23577305,12,43.491,-1.4982
23577305,13,43.4909,-1.4983
23577363,0,43.4886,-1.482
23577363,1,43.4886,-1.4821
23577363,2,43.4888,-1.4822
23577363,3,43.4889,-1.4823
23577381,0,43.4939,-1.4683
23577381,1,43.4939,-1.4682
23577381,2,43.4934,-1.4675
23577381,3,43.4933,-1.4674
23577381,4,43.4933,-1.4673
23577381,5,43.4933,-1.4673
23577381,6,43.4933,-1.4672
23585325,0,43.4919,-1.4772
23585325,1,43.492,-1.4771
23585359,0,43.4909,-1.4682
23585359,1,43.4909,-1.468
23585359,2,43.4908,-1.4679
23585359,3,43.4907,-1.4679
23585359,4,43.4907,-1.4678
23585359,5,43.4906,-1.4678
23585359,6,43.4906,-1.4678
23585359,7,43.4905,-1.4678
23585359,8,43.4905,-1.4678
23585359,9,43.4905,-1.4678
23585367,0,43.4873,-1.4671
23585367,1,43.4872,-1.467
23585367,2,43.487,-1.4669
23585367,3,43.4868,-1.4668
23585367,4,43.4866,-1.4667
23585367,5,43.4865,-1.4666
23585367,6,43.4864,-1.4665
23585377,0,43.4811,-1.4601
23585377,1,43.4811,-1.4599
23585377,2,43.4811,-1.4597
23585377,3,43.4811,-1.4594
23585377,4,43.4811,-1.4591
23585377,5,43.4811,-1.4588
23585377,6,43.4811,-1.4586
23585377,7,43.4811,-1.4585
23585377,8,43.4811,-1.4583
23585377,9,43.481,-1.4581
23585377,10,43.481,-1.458
23585377,11,43.4809,-1.4579
23585377,12,43.4809,-1.4578
23585377,13,43.4808,-1.4577
23585377,14,43.4808,-1.4576
23585378,0,43.4761,-1.4492
23585378,1,43.4761,-1.4489
23585378,2,43.4761,-1.4488
23585378,3,43.4762,-1.4487
23585378,4,43.4762,-1.4485
23585378,5,43.4763,-1.4482
23585378,6,43.4764,-1.448
23585378,7,43.4764,-1.4479
23585378,8,43.4765,-1.4477
23585378,9,43.4766,-1.4476
23585378,10,43.4767,-1.4474
23585378,11,43.4767,-1.4474
23585378,12,43.4769,-1.447
23585378,13,43.4769,-1.447
23585378,14,43.4771,-1.4467
23585378,15,43.4771,-1.4466
23585378,16,43.4772,-1.4465
23585378,17,43.4772,-1.4464
23585378,18,43.4773,-1.4462
23585378,19,43.4773,-1.446
23585378,20,43.4774,-1.4458
23585378,21,43.4774,-1.4456
23585378,22,43.4774,-1.4454
23585378,23,43.4774,-1.4453
23585378,24,43.4774,-1.4451
23585378,25,43.4774,-1.445
23585378,26,43.4773,-1.4448
23585378,27,43.4773,-1.4447
23585378,28,43.4773,-1.4446
23585378,29,43.4772,-1.4444
23585378,30,43.4772,-1.4443
23585378,31,43.4771,-1.4442
23585378,32,43.477,-1.4441
23585378,33,43.4769,-1.444
23585378,34,43.4769,-1.4439
23585378,35,43.4767,-1.4437
23585378,36,43.4766,-1.4437
23585378,37,43.4765,-1.4436
23585378,38,43.4764,-1.4435
23585378,39,43.4763,-1.4434
23585378,40,43.4761,-1.4434
23585378,41,43.4761,-1.4434
23585408,0,43.4808,-1.4606
23585408,1,43.4808,-1.4605
23585408,2,43.4806,-1.4604
23585408,3,43.4804,-1.4602
23776407,0,43.491,-1.474
23776407,1,43.491,-1.4738
23776407,2,43.4909,-1.473
24934328,0,43.4978,-1.4939
24934328,1,43.4979,-1.4938
24934328,2,43.498,-1.4937
24934328,3,43.498,-1.4936
24934328,4,43.4981,-1.4936
24934328,5,43.4982,-1.4936
28338747,0,43.4882,-1.4828
28338747,1,43.488,-1.4829
28338747,2,43.4879,-1.483
28338747,3,43.4878,-1.4831
28338747,4,43.4877,-1.4832
28431691,0,43.5138,-1.436
28431691,1,43.5138,-1.436
28431691,2,43.514,-1.436
28431691,3,43.5143,-1.4361
28431691,4,43.5145,-1.4361
28431691,5,43.5146,-1.4361
28431691,6,43.5148,-1.4361
28431691,7,43.5149,-1.4361
28431691,8,43.515,-1.4361
28431691,9,43.5151,-1.4361
28431691,10,43.5152,-1.436
28431691,11,43.5153,-1.436
28431691,12,43.5154,-1.4359
28431691,13,43.5157,-1.4358
28431691,14,43.5159,-1.4357
28431691,15,43.5161,-1.4357
28431691,16,43.5162,-1.4356
28431691,17,43.5166,-1.4355
28431691,18,43.517,-1.4353
28431691,19,43.5173,-1.4352
28431691,20,43.5174,-1.4352
28431691,21,43.5177,-1.435
28431691,22,43.518,-1.4349
28431691,23,43.5182,-1.4348
28431691,24,43.5183,-1.4347
28431691,25,43.5186,-1.4346
28431691,26,43.519,-1.4343
28431691,27,43.5192,-1.4342
28431691,28,43.5193,-1.4342
28431691,29,43.5194,-1.4341
28431691,30,43.5195,-1.4341
28431691,31,43.5196,-1.4341
28431691,32,43.5197,-1.434
28431691,33,43.5199,-1.434
28431691,34,43.5202,-1.434
28431691,35,43.5205,-1.434
28431691,36,43.5208,-1.434
28431691,37,43.5209,-1.434
28431691,38,43.5211,-1.434
28431691,39,43.5212,-1.434
28431691,40,43.5215,-1.434
28431691,41,43.5217,-1.434
28431691,42,43.5219,-1.4341
28431691,43,43.5221,-1.4341
28431691,44,43.5222,-1.4341
28431691,45,43.5223,-1.4341
28431691,46,43.5223,-1.4342
28431691,47,43.5224,-1.4342
28431691,48,43.5224,-1.4343
28431691,49,43.5225,-1.4344
28431691,50,43.5227,-1.4346
28431691,51,43.5227,-1.4346
28431693,0,43.5023,-1.4789
28431693,1,43.5023,-1.479
28431693,2,43.5023,-1.479
28431693,3,43.5023,-1.4792
28431693,4,43.5023,-1.4793
28431693,5,43.5023,-1.4794
28655987,0,43.5034,-1.4638
28655987,1,43.5034,-1.4638
28655987,2,43.5034,-1.4638
28655987,3,43.5034,-1.4638
28655987,4,43.5034,-1.4638
28655987,5,43.5034,-1.4639
28655987,6,43.5034,-1.4639
28655987,7,43.5034,-1.4639
28655987,8,43.5034,-1.464
28655987,9,43.5034,-1.464
28655987,10,43.5034,-1.464
28655987,11,43.5034,-1.464
28655987,12,43.5033,-1.464
28655987,13,43.5033,-1.464
28655987,14,43.5033,-1.464
28655987,15,43.5033,-1.4639
28655987,16,43.5033,-1.4639
28655987,17,43.5033,-1.4639
28655987,18,43.5033,-1.4638
28655987,19,43.5033,-1.4638
28655987,20,43.5033,-1.4638
28655987,21,43.5034,-1.4638
29914908,0,43.5083,-1.4865
29914908,1,43.5083,-1.4864
29914908,2,43.5084,-1.4855
29914908,3,43.5084,-1.4854
29914908,4,43.5083,-1.4851
29914908,5,43.5083,-1.4848
29914908,6,43.5082,-1.4846
29914908,7,43.5082,-1.4842
29914908,8,43.5081,-1.4838
29914908,9,43.5081,-1.4837
29914908,10,43.508,-1.4835
29914908,11,43.5078,-1.483
29914908,12,43.5078,-1.4829
29914908,13,43.5077,-1.4828
29914908,14,43.5077,-1.4826
29914908,15,43.5077,-1.4823
29914908,16,43.5077,-1.4823
29914908,17,43.5078,-1.4817
29914908,18,43.5078,-1.4817
29914908,19,43.5078,-1.4816
29914908,20,43.5077,-1.4814
29914908,21,43.5077,-1.4811
29914908,22,43.5077,-1.481
32392573,0,43.4967,-1.4831
32392573,1,43.4967,-1.483
32392573,2,43.4964,-1.482
32392579,0,43.4967,-1.4835
32392579,1,43.4966,-1.4836
32392579,2,43.4965,-1.4836
32392587,0,43.4961,-1.4839
32392587,1,43.4961,-1.484
32392587,2,43.4961,-1.4841
32392587,3,43.4961,-1.4842
32392587,4,43.496,-1.4842
32392587,5,43.496,-1.4843
32392587,6,43.4959,-1.4843
32392587,7,43.4959,-1.4843
32392587,8,43.4958,-1.4843
32392587,9,43.4958,-1.4842
32392587,10,43.4957,-1.4841
32392587,11,43.4957,-1.4841
32392587,12,43.4957,-1.484
32392587,13,43.4957,-1.4839
32392587,14,43.4958,-1.4838
32392587,15,43.4958,-1.4837
32392587,16,43.4959,-1.4837
32392587,17,43.4959,-1.4837
32392587,18,43.496,-1.4837
32392587,19,43.496,-1.4837
32392587,20,43.4961,-1.4838
32392587,21,43.4961,-1.4838
32392587,22,43.4961,-1.4839
32392596,0,43.496,-1.4837
32392596,1,43.4962,-1.4837
32392596,2,43.4965,-1.4835
32392606,0,43.4982,-1.4936
32392606,1,43.4982,-1.4934
32392606,2,43.4983,-1.4932
33881157,0,43.4938,-1.4769
33881157,1,43.4938,-1.4768
33881157,2,43.4939,-1.4767
33881157,3,43.494,-1.4767
33881157,4,43.494,-1.4766
33881166,0,43.4926,-1.4786
33881166,1,43.4927,-1.4785
33881166,2,43.4929,-1.4783
33881166,3,43.4931,-1.4781
33881166,4,43.4931,-1.4781
33881166,5,43.4932,-1.478
33881168,0,43.493,-1.4777
33881168,1,43.493,-1.4777
33881168,2,43.4931,-1.4781
33881170,0,43.4936,-1.4776
33881170,1,43.4936,-1.4775
33881170,2,43.4935,-1.4772
33881170,3,43.4935,-1.4772
33881271,0,43.5001,-1.4801
33881271,1,43.5,-1.4802
33881271,2,43.4999,-1.4803
33881271,3,43.4998,-1.4804
33881271,4,43.4997,-1.4806
33881280,0,43.5006,-1.4814
33881280,1,43.5005,-1.4814
33881280,2,43.5005,-1.4814
33881281,0,43.4971,-1.4772
33881281,1,43.4971,-1.477
33881281,2,43.4967,-1.4756
33881289,0,43.4995,-1.4818
33881289,1,43.4994,-1.4818
33881295,0,43.5078,-1.4878
33881295,1,43.5068,-1.4876
33881295,2,43.5063,-1.4875
33881295,3,43.506,-1.4874
33881295,4,43.5059,-1.4874
33881295,5,43.5058,-1.4874
33881295,6,43.5058,-1.4873
33881295,7,43.5057,-1.4872
33881295,8,43.5056,-1.487
33881295,9,43.5056,-1.4869
33881295,10,43.5055,-1.4868
33881295,11,43.5055,-1.4867
33881295,12,43.5055,-1.4866
33881295,13,43.5055,-1.4865
33881295,14,43.5055,-1.4864
33881295,15,43.5055,-1.4863
33891802,0,43.4987,-1.4819
33891802,1,43.4972,-1.483
33891803,0,43.4972,-1.4831
33891803,1,43.4971,-1.4831
33891803,2,43.4971,-1.4832
33891805,0,43.4933,-1.4729
33891805,1,43.4933,-1.4729
33891805,2,43.4933,-1.4729
33891808,0,43.4923,-1.4744
33891808,1,43.4923,-1.4744
33891809,0,43.4923,-1.4744
33891809,1,43.4923,-1.4743
33891809,2,43.4923,-1.4742
33891809,3,43.4923,-1.4742
33891809,4,43.4923,-1.4741
33891809,5,43.4924,-1.4739
33891809,6,43.4925,-1.4738
33891809,7,43.4925,-1.4737
33892685,0,43.491,-1.4748
33892685,1,43.491,-1.4747
33892685,2,43.491,-1.4746
33892687,0,43.4879,-1.4745
33892687,1,43.4879,-1.4744
33892687,2,43.4879,-1.4744
33892687,3,43.4879,-1.4743
33892689,0,43.4858,-1.4733
33892689,1,43.4858,-1.4732
33892689,2,43.4857,-1.4729
33892689,3,43.4857,-1.4728
33892689,4,43.4857,-1.4726
33892689,5,43.4857,-1.4724
33892689,6,43.4857,-1.4724
33892689,7,43.4857,-1.4723
33892689,8,43.4858,-1.4721
33892689,9,43.4858,-1.472
33892689,10,43.4859,-1.4718
33892689,11,43.4859,-1.4717
33892689,12,43.486,-1.4716
33892689,13,43.4861,-1.4714
33892689,14,43.4862,-1.4712
33892689,15,43.4864,-1.4709
33892689,16,43.4865,-1.4706
33892689,17,43.4867,-1.4703
33892689,18,43.4868,-1.47
33892689,19,43.4869,-1.4695
33892689,20,43.4869,-1.4692
33892690,0,43.4862,-1.4766
33892690,1,43.4861,-1.4761
33892690,2,43.486,-1.4752
33892690,3,43.4859,-1.4743
33892690,4,43.4858,-1.4735
33892690,5,43.4858,-1.4733
33892693,0,43.4653,-1.4834
33892693,1,43.4658,-1.4824
33892694,0,43.4658,-1.4824
33892694,1,43.4676,-1.479
33892694,2,43.4683,-1.4777
33892694,3,43.4688,-1.4763
33892694,4,43.4692,-1.475
33892694,5,43.4696,-1.4736
33892694,6,43.4697,-1.4725
33898646,0,43.4909,-1.4777
33898646,1,43.4913,-1.4775
33898649,0,43.4906,-1.4786
33898649,1,43.4906,-1.4786
33898649,2,43.4905,-1.4782
33898651,0,43.4907,-1.4779
33898651,1,43.4907,-1.4779
33898651,2,43.4908,-1.4778
33898651,3,43.4909,-1.4778
33898651,4,43.4909,-1.4777
33898655,0,43.4916,-1.4785
33898655,1,43.4915,-1.4785
33898655,2,43.4915,-1.4783
33898655,3,43.4914,-1.4777
33898655,4,43.4914,-1.4775
33898655,5,43.4914,-1.4775
33898657,0,43.4892,-1.4792
33898657,1,43.4892,-1.4792
33898657,2,43.4892,-1.4793
33898657,3,43.4892,-1.4793
33898657,4,43.4892,-1.4793
33898657,5,43.4893,-1.4793
33898657,6,43.4894,-1.4793
33898657,7,43.4894,-1.4793
33898657,8,43.4896,-1.4793
33898657,9,43.4903,-1.4791
33898657,10,43.4905,-1.479
33898657,11,43.4906,-1.479
33898657,12,43.4907,-1.4789
33898657,13,43.4911,-1.4788
33898657,14,43.4916,-1.4785
33898657,15,43.4917,-1.4785
33898657,16,43.4918,-1.4784
33898657,17,43.4918,-1.4784
33898657,18,43.4918,-1.4784
33898657,19,43.4919,-1.4784
33898657,20,43.4919,-1.4784
33898657,21,43.492,-1.4784
33898657,22,43.492,-1.4784
33898657,23,43.492,-1.4785
33898657,24,43.4922,-1.4786
33898657,25,43.4922,-1.4787
33898657,26,43.4922,-1.4787
33898657,27,43.4923,-1.4787
33898657,28,43.4923,-1.4788
33898657,29,43.4924,-1.4788
33898657,30,43.4924,-1.4788
33898657,31,43.4925,-1.4787
33898657,32,43.4925,-1.4787
33898657,33,43.4926,-1.4786
33898657,34,43.4926,-1.4786
33898658,0,43.4934,-1.4783
33898658,1,43.4937,-1.4779
33898659,0,43.4946,-1.4778
33898659,1,43.4945,-1.4778
33898659,2,43.4945,-1.4778
33898659,3,43.4944,-1.4779
33898660,0,43.493,-1.4777
33898660,1,43.4929,-1.4776
33898660,2,43.4928,-1.4772
33898660,3,43.4927,-1.4772
33898679,0,43.4896,-1.4786
33898679,1,43.4895,-1.4783
33898679,2,43.4895,-1.4782
33898679,3,43.4894,-1.4782
33898680,0,43.4892,-1.4792
33898680,1,43.4892,-1.4791
33898680,2,43.4892,-1.4791
33898682,0,43.4905,-1.4782
33898682,1,43.4902,-1.4784
33898682,2,43.4899,-1.4785
33898682,3,43.4896,-1.4786
33898683,0,43.4894,-1.479
33898683,1,43.4896,-1.4789
33898683,2,43.4897,-1.4789
33898683,3,43.4905,-1.4787
33898683,4,43.4906,-1.4786
33898689,0,43.4883,-1.4781
33898689,1,43.4884,-1.4783
33898690,0,43.4907,-1.4781
33898690,1,43.4907,-1.4781
33898690,2,43.4907,-1.4781
33898690,3,43.4907,-1.4781
33898690,4,43.4907,-1.4782
33898690,5,43.4908,-1.4783
33898690,6,43.4908,-1.4784
33898690,7,43.4908,-1.4784
33898690,8,43.4907,-1.4784
33898690,9,43.4907,-1.4785
33898690,10,43.4907,-1.4785
33898690,11,43.4907,-1.4785
33898690,12,43.4907,-1.4786
33898690,13,43.4906,-1.4786
33898696,0,43.4892,-1.4792
33898696,1,43.489,-1.4789
33898696,2,43.4889,-1.4788
33898696,3,43.4888,-1.4787
33898696,4,43.4888,-1.4786
33898696,5,43.4888,-1.4786
33898696,6,43.4887,-1.4785
33898696,7,43.4886,-1.4784
33899080,0,43.4895,-1.4782
33899080,1,43.4897,-1.4781
33899080,2,43.49,-1.4779
33899080,3,43.49,-1.4779
33899080,4,43.49,-1.4779
33899080,5,43.4903,-1.4777
33899080,6,43.4903,-1.4777
33907998,0,43.4874,-1.467
33907998,1,43.4874,-1.4669
33907998,2,43.4875,-1.4669
33907998,3,43.4875,-1.4668
33907998,4,43.4876,-1.4667
33907998,5,43.4877,-1.4665
33907998,6,43.4879,-1.4663
33907998,7,43.488,-1.4661
33908179,0,43.4887,-1.4584
33908179,1,43.4891,-1.4576
33908179,2,43.4892,-1.4575
33908179,3,43.4899,-1.4561
33908179,4,43.4901,-1.4556
33908179,5,43.4906,-1.4546
33908180,0,43.4869,-1.463
33908180,1,43.488,-1.4603
33908589,0,43.488,-1.4754
33908589,1,43.488,-1.4753
33908589,2,43.488,-1.4753
33908590,0,43.4871,-1.4688
33908590,1,43.4871,-1.4688
33908590,2,43.4872,-1.4688
33908590,3,43.4872,-1.4689
33908590,4,43.4872,-1.469
33908590,5,43.4871,-1.4691
33908590,6,43.4871,-1.4691
33908590,7,43.4871,-1.4692
33908590,8,43.487,-1.4692
33908590,9,43.487,-1.4692
33908590,10,43.4869,-1.4692
33908591,0,43.4869,-1.4688
33908591,1,43.4868,-1.4683
33908592,0,43.4871,-1.4692
33908592,1,43.487,-1.4692
33908592,2,43.487,-1.4694
33908592,3,43.4869,-1.4697
33908592,4,43.4868,-1.4699
33908592,5,43.4868,-1.4701
33908592,6,43.4868,-1.4701
33908592,7,43.4867,-1.4703
33908592,8,43.4867,-1.4705
33908592,9,43.4866,-1.4707
33908592,10,43.4865,-1.4708
33908592,11,43.4863,-1.4712
33908592,12,43.4861,-1.4715
33908592,13,43.486,-1.4717
33908592,14,43.486,-1.4718
33908592,15,43.4859,-1.472
33908592,16,43.4858,-1.4721
33908592,17,43.4858,-1.4722
33908592,18,43.4858,-1.4724
33908592,19,43.4858,-1.4726
33908592,20,43.4858,-1.4727
33908592,21,43.4858,-1.4729
33908592,22,43.4858,-1.473
33908592,23,43.4858,-1.4731
33908592,24,43.4858,-1.4731
33908592,25,43.4858,-1.4733
33908595,0,43.4854,-1.4729
33908595,1,43.4854,-1.4729
33908595,2,43.4854,-1.4728
33908595,3,43.4854,-1.4727
33908595,4,43.4855,-1.4726
33908595,5,43.4855,-1.4726
33908595,6,43.4855,-1.4725
33908595,7,43.4855,-1.4724
33908595,8,43.4856,-1.4722
33908595,9,43.4859,-1.4716
33908595,10,43.486,-1.4715
33908595,11,43.4861,-1.4714
34571115,0,43.4875,-1.4672
34571115,1,43.4875,-1.4672
34571115,2,43.4875,-1.4672
34571115,3,43.4874,-1.4673
34571115,4,43.4874,-1.4673
34571115,5,43.4874,-1.4673
34571115,6,43.4873,-1.4673
34571115,7,43.4873,-1.4672
34571115,8,43.4873,-1.4672
34571115,9,43.4873,-1.4672
34571115,10,43.4873,-1.4671
34571115,11,43.4873,-1.4671
34571115,12,43.4873,-1.4671
34571115,13,43.4873,-1.467
34571115,14,43.4873,-1.467
34571115,15,43.4874,-1.467
34571115,16,43.4874,-1.467
34571115,17,43.4875,-1.467
34571115,18,43.4875,-1.467
34571115,19,43.4875,-1.4671
34571115,20,43.4875,-1.4671
34571115,21,43.4875,-1.4672
34571117,0,43.4874,-1.4673
34571117,1,43.4874,-1.4674
34571117,2,43.4873,-1.4676
34571118,0,43.4873,-1.4676
34571118,1,43.4873,-1.4683
34571119,0,43.4875,-1.4671
34571119,1,43.4876,-1.4671
34571119,2,43.4877,-1.4672
34571119,3,43.4878,-1.4673
34571119,4,43.488,-1.4674
34571119,5,43.4881,-1.4674
34571120,0,43.4881,-1.4674
34571120,1,43.488,-1.4674
34571120,2,43.4878,-1.4674
34571120,3,43.4877,-1.4673
34571120,4,43.4876,-1.4673
34571120,5,43.4876,-1.4673
34571120,6,43.4875,-1.4673
34571120,7,43.4875,-1.4673
34571120,8,43.4875,-1.4672
34867532,0,43.5107,-1.4684
34867532,1,43.5107,-1.4685
34867532,2,43.5107,-1.4686
34867532,3,43.5107,-1.469
34867532,4,43.5108,-1.4691
34867532,5,43.5108,-1.4693
34867532,6,43.5108,-1.4693
34867532,7,43.5108,-1.4697
34867532,8,43.5109,-1.47
34867532,9,43.511,-1.4707
34867532,10,43.5111,-1.4714
34867532,11,43.5111,-1.4716
34867532,12,43.5112,-1.4722
34867532,13,43.5112,-1.4722
34867532,14,43.5121,-1.472
34867532,15,43.5123,-1.4717
34867532,16,43.5123,-1.4717
34867532,17,43.5123,-1.4716
34867532,18,43.5123,-1.4716
34867533,0,43.5111,-1.4714
34867533,1,43.5122,-1.4712
34867533,2,43.5122,-1.4712
34867533,3,43.5123,-1.4711
34867533,4,43.5123,-1.4703
34867534,0,43.511,-1.4707
34867534,1,43.5119,-1.4705
34867534,2,43.5123,-1.4703
34867534,3,43.5127,-1.4701
34867535,0,43.5111,-1.4716
34867535,1,43.5104,-1.4717
34867536,0,43.5104,-1.4717
34867536,1,43.5104,-1.4719
34867536,2,43.5103,-1.472
34867536,3,43.5102,-1.4721
34867536,4,43.51,-1.4722
34867536,5,43.5098,-1.4723
34867536,6,43.5097,-1.4723
34867536,7,43.5096,-1.4723
34867536,8,43.5095,-1.4722
34867536,9,43.5095,-1.4721
35984369,0,43.4949,-1.4484
35984369,1,43.4948,-1.4485
35984369,2,43.4945,-1.4487
35984369,3,43.4942,-1.4489
35984369,4,43.4941,-1.449
35984369,5,43.4939,-1.4492
35984369,6,43.4937,-1.4493
35984369,7,43.4935,-1.4494
35984369,8,43.4932,-1.4495
35984369,9,43.4927,-1.4497
35984369,10,43.4921,-1.4499
35984369,11,43.4918,-1.45
35984369,12,43.4917,-1.45
35984369,13,43.4916,-1.4501
35984369,14,43.4915,-1.4501
35984369,15,43.4915,-1.4502
35984369,16,43.4914,-1.4503
35984369,17,43.4914,-1.4503
35984369,18,43.4913,-1.4504
35984369,19,43.4913,-1.4505
35984369,20,43.4913,-1.4506
35984369,21,43.4912,-1.4507
35984369,22,43.4912,-1.4508
35984369,23,43.4912,-1.4512
35984370,0,43.4659,-1.4825
35984370,1,43.4654,-1.4835
36397774,0,43.4775,-1.4503
36397774,1,43.4775,-1.4505
36397774,2,43.4775,-1.4507
36397774,3,43.4775,-1.4508
36397774,4,43.4774,-1.4509
36397774,5,43.4774,-1.451
36397774,6,43.4774,-1.451
36397774,7,43.4774,-1.4511
36397774,8,43.4773,-1.4511
36397774,9,43.4773,-1.4512
36397774,10,43.4772,-1.4512
36397774,11,43.4772,-1.4513
36397774,12,43.4771,-1.4513
36397774,13,43.4771,-1.4513
36397774,14,43.477,-1.4513
36397774,15,43.477,-1.4513
36397774,16,43.4769,-1.4513
36397774,17,43.4768,-1.4513
36397774,18,43.4768,-1.4512
36397774,19,43.4768,-1.4512
36397774,20,43.4767,-1.4512
36397774,21,43.4767,-1.4511
36397774,22,43.4766,-1.451
36397774,23,43.4766,-1.451
36397774,24,43.4766,-1.4509
36397774,25,43.4765,-1.4508
36397774,26,43.4765,-1.4507
36397774,27,43.4764,-1.4499
36397780,0,43.4762,-1.451
36397780,1,43.4763,-1.4508
36397780,2,43.4765,-1.4506
36397781,0,43.4762,-1.4513
36397781,1,43.4761,-1.4515
36397787,0,43.4761,-1.4515
36397787,1,43.476,-1.4517
36397787,2,43.4759,-1.4519
36397787,3,43.4758,-1.4523
36397788,0,43.4761,-1.4513
36397788,1,43.4762,-1.451
36397792,0,43.4758,-1.4523
36397792,1,43.4756,-1.4526
36397792,2,43.4755,-1.4529
36397792,3,43.4754,-1.4532
36397792,4,43.4753,-1.4535
36397792,5,43.4751,-1.4539
36397792,6,43.475,-1.4543
36397792,7,43.4748,-1.4548
36397794,0,43.479,-1.4557
36397794,1,43.4789,-1.4557
36397794,2,43.4789,-1.4557
36397794,3,43.4789,-1.4557
36397794,4,43.4788,-1.4557
36397794,5,43.4788,-1.4557
36397794,6,43.4788,-1.4557
36397794,7,43.4787,-1.4557
36397794,8,43.4787,-1.4556
36397794,9,43.4787,-1.4556
36397794,10,43.4787,-1.4555
36397794,11,43.4787,-1.4555
36397794,12,43.4788,-1.4554
36397794,13,43.4788,-1.4554
36397794,14,43.4789,-1.4554
36397794,15,43.4789,-1.4554
36397794,16,43.4789,-1.4554
36397794,17,43.479,-1.4554
36397794,18,43.479,-1.4555
36397794,19,43.479,-1.4555
36397794,20,43.479,-1.4556
36397794,21,43.479,-1.4556
36397794,22,43.479,-1.4557
36397797,0,43.4766,-1.4506
36397797,1,43.4765,-1.4508
36397800,0,43.4766,-1.4504
36397800,1,43.4769,-1.4499
36397800,2,43.4772,-1.4494
36397800,3,43.4774,-1.449
36397800,4,43.4776,-1.4489
36397800,5,43.4777,-1.4487
36397800,6,43.478,-1.4484
36397800,7,43.4782,-1.4482
36397800,8,43.4785,-1.448
36397800,9,43.4787,-1.4478
36397800,10,43.479,-1.4476
36397800,11,43.4792,-1.4475
36397800,12,43.4794,-1.4474
36397800,13,43.4797,-1.4473
36397800,14,43.4799,-1.4472
36397800,15,43.48,-1.4472
36397800,16,43.4802,-1.4471
36397800,17,43.4804,-1.4471
36397800,18,43.4807,-1.447
36397800,19,43.4809,-1.447
36397800,20,43.4812,-1.447
36397800,21,43.4815,-1.447
36397800,22,43.4818,-1.447
36397803,0,43.4765,-1.4506
36397803,1,43.4766,-1.4504
36397804,0,43.4765,-1.4508
36397804,1,43.4764,-1.451
36397804,2,43.4762,-1.4513
36397806,0,43.474,-1.4532
36397806,1,43.474,-1.4532
36397806,2,43.474,-1.4532
36397806,3,43.4741,-1.4532
36397806,4,43.4741,-1.4532
36397806,5,43.4741,-1.4533
36397806,6,43.4744,-1.4537
36397806,7,43.4746,-1.454
36401054,0,43.4831,-1.4474
36401054,1,43.4868,-1.4486
36401054,2,43.4873,-1.4488
36401055,0,43.4824,-1.4473
36401055,1,43.4821,-1.4473
36401055,2,43.4819,-1.4472
36401055,3,43.4817,-1.4472
36401055,4,43.4815,-1.4472
36401055,5,43.4813,-1.4472
36401055,6,43.4811,-1.4472
36401055,7,43.4808,-1.4472
36401055,8,43.4804,-1.4472
36401055,9,43.4802,-1.4473
36401055,10,43.48,-1.4474
36401055,11,43.4797,-1.4474
36401055,12,43.4795,-1.4475
36401056,0,43.4892,-1.4494
36401056,1,43.4896,-1.4495
36401056,2,43.4899,-1.4496
36401056,3,43.4902,-1.4496
36401056,4,43.4905,-1.4497
36401056,5,43.4908,-1.4497
36401056,6,43.4911,-1.4497
36401057,0,43.4872,-1.4489
36401057,1,43.4831,-1.4476
36401058,0,43.4842,-1.4473
36401058,1,43.4842,-1.4474
36401058,2,43.4842,-1.4474
36401058,3,43.4843,-1.4475
36401058,4,43.4842,-1.4477
36401059,0,43.4841,-1.4474
36401059,1,43.484,-1.4474
36401059,2,43.4839,-1.4474
36401059,3,43.4838,-1.4474
36401059,4,43.4838,-1.4473
36401059,5,43.4838,-1.4472
36401059,6,43.4838,-1.4471
36401060,0,43.484,-1.4468
36401060,1,43.484,-1.4467
36401060,2,43.4841,-1.4466
36401060,3,43.4841,-1.4465
36401061,0,43.4842,-1.4477
36401061,1,43.4842,-1.4476
36401061,2,43.4842,-1.4475
36401061,3,43.4841,-1.4474
36401062,0,43.4841,-1.4465
36401062,1,43.4841,-1.4466
36401062,2,43.4841,-1.4466
36401062,3,43.4841,-1.4467
36401062,4,43.4841,-1.4469
36401063,0,43.4906,-1.4482
36401063,1,43.4905,-1.4483
36401063,2,43.4904,-1.4483
36401063,3,43.4903,-1.4484
36401063,4,43.4903,-1.4484
36401063,5,43.4903,-1.4485
36401063,6,43.4903,-1.4486
36401063,7,43.4902,-1.4486
36401063,8,43.4902,-1.4487
36401063,9,43.4902,-1.4488
36401063,10,43.4902,-1.4489
36401063,11,43.4902,-1.4489
36401063,12,43.4902,-1.449
36401063,13,43.4902,-1.4491
36401063,14,43.4903,-1.4492
36401063,15,43.4903,-1.4493
36401063,16,43.4903,-1.4493
36401063,17,43.4904,-1.4494
36401063,18,43.4905,-1.4494
36401063,19,43.4905,-1.4494
36401063,20,43.4906,-1.4495
36401063,21,43.4906,-1.4495
36401063,22,43.4907,-1.4495
36401063,23,43.4909,-1.4495
36401063,24,43.4911,-1.4496
36401064,0,43.4906,-1.4482
36401064,1,43.4908,-1.4482
36401064,2,43.491,-1.4483
36401064,3,43.4911,-1.4484
36401064,4,43.4912,-1.4487
36401064,5,43.4912,-1.4491
36401064,6,43.4912,-1.4512
36401065,0,43.4912,-1.4522
36401065,1,43.4911,-1.4511
36401065,2,43.491,-1.4509
36401065,3,43.491,-1.4507
36401065,4,43.491,-1.4506
36401065,5,43.4909,-1.4505
36401065,6,43.4909,-1.4504
36401065,7,43.4909,-1.4504
36401065,8,43.4908,-1.4503
36401065,9,43.4907,-1.4502
36401065,10,43.4906,-1.4501
36401065,11,43.4905,-1.4501
36401065,12,43.4904,-1.45
36401065,13,43.4894,-1.4497
36401065,14,43.4888,-1.4495
36401065,15,43.4882,-1.4492
36401066,0,43.4911,-1.4498
36401066,1,43.4909,-1.4498
36401066,2,43.4907,-1.4498
36401066,3,43.4904,-1.4498
36401066,4,43.4901,-1.4498
36401066,5,43.4899,-1.4498
36401066,6,43.4897,-1.4497
36401066,7,43.4894,-1.4497
36401066,8,43.4891,-1.4495
36401066,9,43.4882,-1.4492
36401067,0,43.4911,-1.4497
36401067,1,43.4913,-1.4496
36401068,0,43.4911,-1.4496
36401068,1,43.4913,-1.4495
36401069,0,43.4913,-1.4498
36401069,1,43.4911,-1.4498
36401072,0,43.4913,-1.4495
36401072,1,43.4918,-1.4495
36401073,0,43.4939,-1.4458
36401073,1,43.494,-1.4453
36401073,2,43.4941,-1.4452
36401073,3,43.4941,-1.445
36401073,4,43.4942,-1.4448
36401073,5,43.4943,-1.4443
36401073,6,43.4943,-1.4442
36401073,7,43.4944,-1.4439
36401073,8,43.4944,-1.4439
36401073,9,43.4944,-1.4437
36401073,10,43.4945,-1.4434
36401073,11,43.4945,-1.4433
36401073,12,43.4945,-1.4432
36401073,13,43.4945,-1.443
36401073,14,43.4946,-1.4426
36401073,15,43.4946,-1.4425
36401073,16,43.4947,-1.4416
36401073,17,43.4948,-1.4407
36401073,18,43.4949,-1.4405
36401073,19,43.495,-1.4402
36401073,20,43.495,-1.4399
36401073,21,43.4951,-1.4395
36401073,22,43.4951,-1.4395
36401073,23,43.4952,-1.4392
36401073,24,43.4952,-1.439
36401073,25,43.4952,-1.4389
36401073,26,43.4951,-1.4383
36401073,27,43.4951,-1.4382
36401073,28,43.4951,-1.438
36401073,29,43.4951,-1.4379
36401073,30,43.4951,-1.4378
36401073,31,43.4952,-1.4378
36401073,32,43.4952,-1.4377
36401073,33,43.4953,-1.4377
36401073,34,43.4954,-1.4377
36401073,35,43.4955,-1.4378
36401073,36,43.4956,-1.4379
36401073,37,43.4957,-1.4379
36401073,38,43.4958,-1.4379
36401074,0,43.4931,-1.4497
36401074,1,43.4931,-1.4495
36401074,2,43.493,-1.4492
36401074,3,43.493,-1.449
36401074,4,43.493,-1.4489
36901219,0,43.494,-1.4529
36901219,1,43.4947,-1.4526
36901220,0,43.5045,-1.4463
36901220,1,43.5045,-1.4462
36901220,2,43.5045,-1.4462
36901220,3,43.5046,-1.4461
36901220,4,43.5046,-1.446
36901220,5,43.5047,-1.446
36901220,6,43.5047,-1.446
36901220,7,43.5048,-1.446
36901220,8,43.5048,-1.446
36901220,9,43.5049,-1.446
36901220,10,43.5049,-1.4461
37841744,0,43.4938,-1.4948
37841744,1,43.4938,-1.4949
37844325,0,43.4591,-1.4971
37844325,1,43.4591,-1.497
37844325,2,43.459,-1.497
37844325,3,43.4591,-1.4969
37844325,4,43.4591,-1.4969
37844325,5,43.4591,-1.4969
37844325,6,43.4591,-1.4969
37844325,7,43.4592,-1.4969
37844325,8,43.4592,-1.4969
37844325,9,43.4592,-1.4969
37844325,10,43.4592,-1.4969
37844325,11,43.4592,-1.4969
37844325,12,43.4592,-1.497
37844325,13,43.4592,-1.497
37844325,14,43.4592,-1.4971
37844325,15,43.4592,-1.4971
37844325,16,43.4592,-1.4971
37844325,17,43.4591,-1.4971
37844325,18,43.4591,-1.4971
37844325,19,43.4591,-1.4971
37844326,0,43.4597,-1.4966
37844326,1,43.4593,-1.4968
37844326,2,43.4592,-1.4969
38846566,0,43.4849,-1.4906
38846566,1,43.4849,-1.4907
38846566,2,43.4849,-1.4908
38846566,3,43.4849,-1.491
38846566,4,43.4849,-1.4911
38846571,0,43.4902,-1.4952
38846571,1,43.4901,-1.495
38846571,2,43.49,-1.4947
38846571,3,43.4899,-1.4944
38846571,4,43.4898,-1.4943
38846571,5,43.4898,-1.4941
38846571,6,43.4897,-1.494
38846571,7,43.4897,-1.494
39483935,0,43.4808,-1.4608
39483935,1,43.4808,-1.4607
39483935,2,43.4808,-1.4607
39483935,3,43.4808,-1.4606
39483935,4,43.4808,-1.4606
39483935,5,43.4809,-1.4605
39483935,6,43.4809,-1.4605
39483935,7,43.481,-1.4605
39483935,8,43.481,-1.4605
39483935,9,43.481,-1.4605
39483935,10,43.4811,-1.4605
39483935,11,43.4811,-1.4605
39483935,12,43.4811,-1.4606
39483935,13,43.4811,-1.4606
39483935,14,43.4811,-1.4607
39483935,15,43.4811,-1.4608
39483935,16,43.4811,-1.4608
39483935,17,43.4811,-1.4609
39483935,18,43.481,-1.4609
39483935,19,43.481,-1.4609
39483935,20,43.4809,-1.4609
39483935,21,43.4809,-1.4609
39483935,22,43.4808,-1.4608
39483935,23,43.4808,-1.4608
39676111,0,43.4836,-1.5021
39676111,1,43.4837,-1.502
39676111,2,43.4838,-1.5019
39676111,3,43.4841,-1.5015
39676111,4,43.4841,-1.5015
39676111,5,43.4842,-1.5014
39676111,6,43.4844,-1.5013
39676116,0,43.4904,-1.4678
39676116,1,43.4904,-1.4678
39676116,2,43.4903,-1.4678
39676116,3,43.4903,-1.4678
39676116,4,43.4903,-1.4678
39676116,5,43.4903,-1.4677
39676198,0,43.5104,-1.4429
39676198,1,43.5106,-1.4427
39676198,2,43.5106,-1.4426
39676198,3,43.5108,-1.4423
39676198,4,43.5109,-1.442
39676198,5,43.5115,-1.4408
39676198,6,43.5116,-1.4405
39676198,7,43.5118,-1.44
39676198,8,43.5121,-1.4395
39676198,9,43.5123,-1.439
39676198,10,43.5124,-1.4388
39676198,11,43.513,-1.4374
39676198,12,43.5131,-1.4372
39676198,13,43.5132,-1.437
39676198,14,43.5134,-1.4366
39676199,0,43.5048,-1.4473
39676199,1,43.5048,-1.447
39676199,2,43.5047,-1.4467
39676200,0,43.5053,-1.4461
39676200,1,43.505,-1.4464
39676201,0,43.5053,-1.4461
39676201,1,43.5056,-1.4459
39676201,2,43.5057,-1.4459
39676201,3,43.5058,-1.4458
39676201,4,43.5059,-1.4458
39676201,5,43.506,-1.4457
39676201,6,43.5061,-1.4457
39676201,7,43.5063,-1.4455
39676201,8,43.5066,-1.4454
39676202,0,43.5046,-1.4466
39676202,1,43.5044,-1.4466
39676202,2,43.5043,-1.4466
39676203,0,43.5041,-1.4466
39676203,1,43.5043,-1.4465
39676203,2,43.5043,-1.4465
39676205,0,43.4835,-1.5014
39676205,1,43.4836,-1.501
39676205,2,43.4836,-1.5009
39676205,3,43.4839,-1.4996
39676205,4,43.484,-1.4993
39676207,0,43.4915,-1.4537
39676207,1,43.4915,-1.4538
39676207,2,43.4916,-1.4538
39676207,3,43.4917,-1.4538
39676208,0,43.492,-1.4538
39676208,1,43.4935,-1.4531
39676210,0,43.4907,-1.4547
39676210,1,43.4904,-1.4553
39676210,2,43.4902,-1.4557
39676210,3,43.4896,-1.4569
39676211,0,43.4911,-1.4534
39676211,1,43.4911,-1.4532
39676211,2,43.4911,-1.4529
39676212,0,43.4911,-1.4529
39676212,1,43.4912,-1.4532
39676212,2,43.4912,-1.4533
39676212,3,43.4912,-1.4534
39676214,0,43.4837,-1.445
39676214,1,43.4836,-1.4452
39676214,2,43.4836,-1.4457
39676214,3,43.4835,-1.4465
39676214,4,43.4835,-1.4466
39676215,0,43.4844,-1.4434
39676215,1,43.4843,-1.4437
39676215,2,43.4843,-1.444
39676216,0,43.4837,-1.445
39676216,1,43.4837,-1.4449
39676216,2,43.4837,-1.4447
39676216,3,43.4838,-1.4446
39676216,4,43.4838,-1.4445
39676216,5,43.4839,-1.4444
39676216,6,43.4839,-1.4443
39676216,7,43.4841,-1.4441
39676216,8,43.4841,-1.4441
39676217,0,43.4834,-1.445
39676217,1,43.4835,-1.4451
39676217,2,43.4836,-1.4451
39676217,3,43.4837,-1.4452
39676218,0,43.4837,-1.4452
39676218,1,43.4838,-1.4452
39676218,2,43.4838,-1.4453
39676218,3,43.4839,-1.4454
39676218,4,43.484,-1.4455
39676218,5,43.484,-1.4457
39676218,6,43.4841,-1.4458
39676218,7,43.4841,-1.4459
39676218,8,43.4841,-1.446
39676218,9,43.4841,-1.4462
39676218,10,43.4841,-1.4463
39676218,11,43.4841,-1.4465
39676219,0,43.4903,-1.4679
39676219,1,43.4899,-1.4681
39676219,2,43.4898,-1.4681
39676220,0,43.4905,-1.4676
39676220,1,43.4905,-1.4676
39676220,2,43.4905,-1.4676
39676220,3,43.4906,-1.4676
39676220,4,43.4907,-1.4677
39676220,5,43.4907,-1.4677
39676220,6,43.4908,-1.4678
39676220,7,43.4908,-1.4679
39676220,8,43.4909,-1.468
39676220,9,43.4909,-1.4681
39676220,10,43.4909,-1.4682
39726125,0,43.5046,-1.4461
39726125,1,43.5045,-1.4458
39726126,0,43.5045,-1.4458
39726126,1,43.5047,-1.446
39726127,0,43.5044,-1.4454
39726127,1,43.5045,-1.4454
39726127,2,43.5045,-1.4455
39726127,3,43.5045,-1.4455
39726127,4,43.5045,-1.4455
39726127,5,43.5045,-1.4455
39726127,6,43.5045,-1.4456
39726127,7,43.5045,-1.4456
39726127,8,43.5045,-1.4456
39726127,9,43.5044,-1.4457
39726127,10,43.5044,-1.4457
39726127,11,43.5044,-1.4457
39726127,12,43.5044,-1.4456
39726127,13,43.5044,-1.4456
39726127,14,43.5044,-1.4456
39726127,15,43.5044,-1.4456
39726127,16,43.5044,-1.4455
39726127,17,43.5044,-1.4455
39726127,18,43.5044,-1.4455
39726127,19,43.5044,-1.4454
39726127,20,43.5044,-1.4454
39726127,21,43.5044,-1.4454
39726129,0,43.5045,-1.4454
39726129,1,43.5045,-1.4454
39726129,2,43.5046,-1.4451
39726129,3,43.5046,-1.4451
39726129,4,43.5047,-1.4448
39726129,5,43.5048,-1.4447
39726129,6,43.5048,-1.4447
39726129,7,43.5049,-1.4446
39726131,0,43.5045,-1.4458
39726131,1,43.5045,-1.4456
39726133,0,43.5016,-1.4455
39726133,1,43.5015,-1.4455
39726133,2,43.5015,-1.4457
39726133,3,43.5015,-1.4457
39726133,4,43.5015,-1.4459
39726134,0,43.5016,-1.4455
39726134,1,43.5017,-1.4452
39726134,2,43.5018,-1.4449
39726134,3,43.5018,-1.4447
39726134,4,43.5021,-1.4444
39726134,5,43.5022,-1.4443
39726134,6,43.5023,-1.4441
39726134,7,43.5023,-1.4439
39726134,8,43.5024,-1.4435
39726134,9,43.5025,-1.4431
39726134,10,43.5027,-1.4424
39726134,11,43.5027,-1.4423
39726134,12,43.5028,-1.4421
39726134,13,43.5028,-1.442
39726134,14,43.5028,-1.442
39726134,15,43.5028,-1.4419
39726134,16,43.5028,-1.4416
39726134,17,43.5028,-1.4414
39726134,18,43.5028,-1.4411
39726134,19,43.5028,-1.4409
39726134,20,43.5028,-1.4406
39726134,21,43.5028,-1.4406
39726134,22,43.5028,-1.4405
39726134,23,43.5028,-1.4404
39726135,0,43.4932,-1.4525
39726135,1,43.4932,-1.4524
39726135,2,43.4931,-1.4523
39726135,3,43.4931,-1.4522
39726135,4,43.493,-1.4518
39726135,5,43.493,-1.4517
39726135,6,43.493,-1.4516
39726135,7,43.4929,-1.451
39726135,8,43.4928,-1.4507
39726135,9,43.4929,-1.4499
39726136,0,43.493,-1.4516
39726136,1,43.4936,-1.4517
39726136,2,43.4937,-1.4517
39726137,0,43.4936,-1.4606
39726137,1,43.4936,-1.4606
39726137,2,43.4936,-1.4607
39726137,3,43.4936,-1.4607
39726137,4,43.4936,-1.4608
39726137,5,43.4936,-1.4608
39726137,6,43.4936,-1.4608
39726137,7,43.4936,-1.4609
39726137,8,43.4935,-1.4609
39726139,0,43.4935,-1.4609
39726139,1,43.4934,-1.4612
39726140,0,43.4937,-1.4607
39726140,1,43.4937,-1.4608
39726140,2,43.4937,-1.4609
39726140,3,43.4938,-1.461
39726140,4,43.4938,-1.4611
39726140,5,43.4938,-1.4612
39726140,6,43.4937,-1.4616
39726140,7,43.4937,-1.4617
39726140,8,43.4937,-1.4617
39726141,0,43.4934,-1.4612
39726141,1,43.4934,-1.4608
39726146,0,43.4934,-1.4606
39726146,1,43.4935,-1.4605
39726146,2,43.4935,-1.4604
39726146,3,43.4935,-1.4603
39726147,0,43.4938,-1.4583
39726147,1,43.4939,-1.4583
39726147,2,43.4939,-1.4583
39726148,0,43.4938,-1.4583
39726148,1,43.4938,-1.4583
39726148,2,43.4938,-1.4583
39726148,3,43.4938,-1.4583
39726148,4,43.4938,-1.4584
39726148,5,43.4938,-1.4584
39726148,6,43.4938,-1.4584
39726148,7,43.4937,-1.4585
39726148,8,43.4937,-1.4585
39726148,9,43.4937,-1.4586
39726148,10,43.4937,-1.4586
39726149,0,43.4936,-1.4586
39726149,1,43.4935,-1.4587
39726149,2,43.4934,-1.4587
39726149,3,43.4933,-1.4587
39726150,0,43.4937,-1.4586
39726150,1,43.4937,-1.4588
39726150,2,43.4937,-1.459
39726151,0,43.4938,-1.4576
39726151,1,43.4938,-1.4577
39726151,2,43.4938,-1.458
39726151,3,43.4938,-1.4581
39726151,4,43.4938,-1.4582
39726151,5,43.4938,-1.4583
39726152,0,43.4943,-1.4581
39726152,1,43.4941,-1.4583
39726152,2,43.494,-1.4584
39726152,3,43.4939,-1.4584
39726152,4,43.4938,-1.4584
39726153,0,43.4933,-1.4587
39726153,1,43.4934,-1.4586
39726153,2,43.4935,-1.4586
39726153,3,43.4935,-1.4586
39726153,4,43.4935,-1.4585
39726154,0,43.4937,-1.459
39726154,1,43.4936,-1.4589
39726154,2,43.4936,-1.4587
39726154,3,43.4936,-1.4587
39726155,0,43.4943,-1.4581
39726155,1,43.4944,-1.458
39726157,0,43.4935,-1.4603
39726157,1,43.4935,-1.4604
39726157,2,43.4936,-1.4606
39726157,3,43.4936,-1.4606
39726158,0,43.4936,-1.4602
39726158,1,43.4936,-1.4596
39726158,2,43.4936,-1.4596
39726158,3,43.4936,-1.4595
39726159,0,43.4934,-1.4607
39726159,1,43.4934,-1.4607
39726159,2,43.4933,-1.4607
39726159,3,43.4933,-1.4608
39726159,4,43.4932,-1.4609
39726159,5,43.4931,-1.461
39726159,6,43.4931,-1.461
39726160,0,43.4929,-1.4599
39726160,1,43.4921,-1.4603
39726160,2,43.4921,-1.4603
39726160,3,43.4916,-1.4606
39726160,4,43.4915,-1.4606
39726160,5,43.4915,-1.4606
39726160,6,43.4913,-1.46
39726160,7,43.4913,-1.4599
39726160,8,43.4913,-1.4599
39726160,9,43.4912,-1.4598
39726161,0,43.4935,-1.4605
39726161,1,43.4934,-1.4604
39726161,2,43.4929,-1.4601
39726161,3,43.4928,-1.46
39726161,4,43.4928,-1.46
39726161,5,43.4929,-1.4599
39726164,0,43.4904,-1.4633
39726164,1,43.4905,-1.4633
39726164,2,43.4907,-1.4629
39726967,0,43.4872,-1.4684
39726967,1,43.4873,-1.4686
39726967,2,43.4872,-1.4686
39726968,0,43.487,-1.4698
39726968,1,43.487,-1.4699
39726968,2,43.487,-1.47
39726968,3,43.4869,-1.4701
39726968,4,43.4868,-1.4703
39726968,5,43.4867,-1.4706
39726968,6,43.4866,-1.4708
39726968,7,43.4865,-1.471
39726968,8,43.4864,-1.4712
39726968,9,43.4863,-1.4713
39726968,10,43.4863,-1.4715
39726968,11,43.4862,-1.4715
39726968,12,43.4862,-1.4717
39726968,13,43.4862,-1.4717
39726969,0,43.4871,-1.4688
39726969,1,43.4871,-1.4687
39726969,2,43.4872,-1.4687
39726969,3,43.4872,-1.4686
39726969,4,43.4872,-1.4685
39726969,5,43.4872,-1.4684
39726970,0,43.4867,-1.4681
39726970,1,43.4863,-1.4667
39726970,2,43.4863,-1.4666
39726970,3,43.4862,-1.4664
39726970,4,43.4862,-1.4661
39726970,5,43.4862,-1.4659
39726970,6,43.4862,-1.4656
39726970,7,43.4862,-1.4653
39726970,8,43.4862,-1.4651
39726970,9,43.4863,-1.4649
39726970,10,43.4863,-1.4647
39726970,11,43.4864,-1.4645
39726970,12,43.4864,-1.4643
39726970,13,43.4865,-1.4642
39726970,14,43.4866,-1.4638
39726970,15,43.4869,-1.463
39726971,0,43.4868,-1.4683
39726971,1,43.4867,-1.4681
39726973,0,43.4869,-1.4683
39726973,1,43.487,-1.4684
39726973,2,43.4871,-1.4684
39726973,3,43.4872,-1.4684
39726973,4,43.4873,-1.4683
39726974,0,43.487,-1.4698
39726974,1,43.487,-1.4699
39726974,2,43.487,-1.4699
39726974,3,43.4869,-1.4699
39726974,4,43.4869,-1.47
39726974,5,43.4869,-1.47
39726974,6,43.4868,-1.4701
39726974,7,43.4868,-1.4701
39726975,0,43.4864,-1.4665
39726975,1,43.4862,-1.4663
39726976,0,43.4862,-1.4663
39726976,1,43.4861,-1.4662
39726977,0,43.4858,-1.4733
39726977,1,43.4859,-1.474
39726977,2,43.486,-1.4743
39726977,3,43.4861,-1.4749
39726977,4,43.4861,-1.4756
39726977,5,43.4863,-1.4766
39726978,0,43.4863,-1.4766
39726978,1,43.4863,-1.4768
39726978,2,43.4863,-1.477
39726978,3,43.4864,-1.4772
39726978,4,43.4866,-1.4776
39726978,5,43.4866,-1.4777
39726978,6,43.4866,-1.4779
39726978,7,43.4866,-1.4781
39726978,8,43.4866,-1.4781
39726980,0,43.4849,-1.4911
39726980,1,43.4849,-1.4911
39726980,2,43.4848,-1.4909
39726980,3,43.4848,-1.4908
39726980,4,43.4848,-1.4907
39726980,5,43.4847,-1.4907
39726981,0,43.4849,-1.4911
39726981,1,43.4849,-1.4912
39726981,2,43.485,-1.4913
39726981,3,43.4852,-1.4914
39726981,4,43.4853,-1.4915
39726981,5,43.4854,-1.4915
39726982,0,43.4854,-1.4915
39726982,1,43.4856,-1.4915
39726982,2,43.4856,-1.4915
39726982,3,43.4857,-1.4913
39726982,4,43.4857,-1.4912
39726983,0,43.4856,-1.492
39726983,1,43.4856,-1.4917
39726983,2,43.4855,-1.4917
39726983,3,43.4854,-1.4915
39726984,0,43.486,-1.4904
39726984,1,43.486,-1.4905
39726984,2,43.4859,-1.4909
39726984,3,43.4858,-1.491
39726984,4,43.4858,-1.4913
39726984,5,43.4857,-1.4916
39726984,6,43.4856,-1.4923
39726984,7,43.4855,-1.4929
39726984,8,43.4854,-1.4935
39726984,9,43.4853,-1.494
39726984,10,43.4853,-1.4941
39726984,11,43.4852,-1.4941
39726984,12,43.4852,-1.4943
39726984,13,43.4852,-1.4944
39726984,14,43.4851,-1.4947
39726984,15,43.4851,-1.4947
39726984,16,43.4851,-1.4949
39726984,17,43.485,-1.4951
39726985,0,43.4861,-1.49
39726985,1,43.486,-1.4904
39726987,0,43.4859,-1.4904
39726987,1,43.486,-1.49
39726988,0,43.486,-1.49
39726988,1,43.4861,-1.4897
39726988,2,43.4861,-1.4896
39726989,0,43.4849,-1.4901
39726989,1,43.4851,-1.4901
39726989,2,43.4851,-1.4901
39726989,3,43.4854,-1.4901
39726989,4,43.4859,-1.4901
39726989,5,43.4862,-1.4902
39726989,6,43.4866,-1.4903
39726989,7,43.487,-1.4905
39726989,8,43.4875,-1.4909
39726989,9,43.4877,-1.4911
39726989,10,43.4879,-1.4911
39726989,11,43.4879,-1.4911
39726989,12,43.488,-1.4911
39726989,13,43.488,-1.4911
39727180,0,43.4835,-1.5019
39727180,1,43.4835,-1.5019
39727180,2,43.4835,-1.502
39727181,0,43.4834,-1.502
39727181,1,43.4834,-1.5018
39727182,0,43.4785,-1.4923
39727182,1,43.4786,-1.4923
39727182,2,43.4786,-1.4924
39727182,3,43.4787,-1.4924
39727182,4,43.4787,-1.4924
39727182,5,43.4788,-1.4924
39727182,6,43.4792,-1.4923
39727182,7,43.4794,-1.4923
39727182,8,43.4796,-1.4923
39727182,9,43.4797,-1.4923
39727182,10,43.4798,-1.4922
39727182,11,43.48,-1.4921
39727182,12,43.4802,-1.492
39727182,13,43.4807,-1.4918
39727182,14,43.4813,-1.4916
39727182,15,43.4821,-1.4913
39727182,16,43.4824,-1.4912
39727182,17,43.4828,-1.491
39727182,18,43.4834,-1.4907
39727182,19,43.484,-1.4905
39727182,20,43.4841,-1.4905
39727182,21,43.4842,-1.4904
39727182,22,43.4843,-1.4904
39727182,23,43.4843,-1.4903
39727182,24,43.4844,-1.4903
39727182,25,43.4844,-1.4902
39727182,26,43.4845,-1.4902
39728128,0,43.4661,-1.4948
39728128,1,43.4663,-1.4948
39728128,2,43.4664,-1.4947
39728128,3,43.4667,-1.4946
39728128,4,43.4674,-1.4942
39728128,5,43.4683,-1.4937
39728128,6,43.4699,-1.4926
39728128,7,43.4706,-1.4921
39728128,8,43.4715,-1.491
39728128,9,43.4719,-1.4906
39728128,10,43.4724,-1.4902
39728128,11,43.4725,-1.4901
39728128,12,43.4726,-1.4901
39728128,13,43.4727,-1.49
39728128,14,43.4728,-1.49
39728128,15,43.4729,-1.4899
39728128,16,43.473,-1.4899
39728128,17,43.4731,-1.4898
39728128,18,43.4733,-1.4898
39728128,19,43.4734,-1.4898
39728128,20,43.4735,-1.4898
39728128,21,43.4736,-1.4897
39728128,22,43.4737,-1.4897
39728128,23,43.4738,-1.4897
39728128,24,43.474,-1.4897
39728128,25,43.4741,-1.4898
39728128,26,43.4742,-1.4898
39728128,27,43.4743,-1.4898
39728128,28,43.4744,-1.4898
39728128,29,43.4746,-1.4899
39728128,30,43.4747,-1.4899
39728128,31,43.4748,-1.4899
39728128,32,43.4749,-1.49
39728128,33,43.475,-1.4901
39728128,34,43.4751,-1.4901
39728128,35,43.4753,-1.4902
39728129,0,43.4423,-1.4884
39728129,1,43.4428,-1.4885
39728129,2,43.4434,-1.4887
39728129,3,43.4437,-1.4888
39728129,4,43.4445,-1.4892
39728129,5,43.4451,-1.4896
39728129,6,43.4456,-1.4899
39728129,7,43.4458,-1.4901
39728129,8,43.446,-1.4902
39728129,9,43.4463,-1.4905
39728129,10,43.4467,-1.4908
39728129,11,43.447,-1.491
39728129,12,43.4473,-1.4912
39728129,13,43.4475,-1.4913
39728129,14,43.4477,-1.4914
39728129,15,43.4497,-1.4924
39728130,0,43.4611,-1.496
39728130,1,43.4612,-1.496
39728130,2,43.4613,-1.496
39728130,3,43.4614,-1.496
39728130,4,43.4616,-1.496
39728130,5,43.4617,-1.496
39728130,6,43.4619,-1.4959
39728130,7,43.462,-1.4959
39728130,8,43.4622,-1.4958
39728130,9,43.4624,-1.4958
39728130,10,43.4625,-1.4957
39728131,0,43.4674,-1.4976
39728131,1,43.4673,-1.4975
39728131,2,43.4671,-1.4974
39728131,3,43.467,-1.4973
39728131,4,43.4669,-1.4971
39728131,5,43.4667,-1.4969
39728131,6,43.4666,-1.4968
39728133,0,43.4611,-1.4958
39728133,1,43.461,-1.4964
39728135,0,43.4609,-1.4964
39728135,1,43.4609,-1.4958
39728136,0,43.4609,-1.4958
39728136,1,43.4611,-1.495
39728136,2,43.4613,-1.4943
39728136,3,43.4617,-1.4927
39728136,4,43.4625,-1.4903
39728136,5,43.4632,-1.4881
39728136,6,43.4635,-1.4872
39728136,7,43.4639,-1.4864
39728136,8,43.4646,-1.4848
39728136,9,43.4653,-1.4834
39729511,0,43.4838,-1.4471
39729511,1,43.4836,-1.447
39729511,2,43.4836,-1.4469
39729511,3,43.4835,-1.4467
39729511,4,43.4835,-1.4466
39729512,0,43.4835,-1.4466
39729512,1,43.4836,-1.4467
39729512,2,43.4836,-1.4468
39729512,3,43.4837,-1.4469
39729512,4,43.4838,-1.4469
39729513,0,43.4898,-1.4681
39729513,1,43.4898,-1.468
39729513,2,43.4894,-1.4669
39729513,3,43.4893,-1.4668
39729513,4,43.4893,-1.4668
39729513,5,43.4893,-1.4667
39729513,6,43.4893,-1.4667
39729513,7,43.4893,-1.4667
39729514,0,43.4909,-1.4682
39729514,1,43.491,-1.4683
39729514,2,43.4911,-1.4684
39729514,3,43.4914,-1.4691
39729515,0,43.4915,-1.4693
39729515,1,43.4915,-1.4694
39729515,2,43.4916,-1.4695
39729515,3,43.4918,-1.47
39729515,4,43.4922,-1.4707
39729515,5,43.4923,-1.4709
39729515,6,43.4925,-1.4713
39729516,0,43.4892,-1.4719
39729516,1,43.4893,-1.4719
39729516,2,43.4894,-1.4719
39729516,3,43.4894,-1.4719
39729516,4,43.4895,-1.4719
39729516,5,43.4895,-1.4719
39729516,6,43.4896,-1.4718
39729516,7,43.4897,-1.4718
39729517,0,43.4924,-1.4723
39729517,1,43.4927,-1.4721
39729517,2,43.4928,-1.4721
39729520,0,43.498,-1.4196
39729520,1,43.498,-1.4195
39729520,2,43.498,-1.4194
39734257,0,43.481,-1.4609
39734257,1,43.481,-1.461
39734257,2,43.481,-1.4611
39734257,3,43.4809,-1.4613
39734257,4,43.4809,-1.4615
39734258,0,43.4809,-1.4615
39734258,1,43.4809,-1.4613
39734258,2,43.4809,-1.4612
39734258,3,43.4809,-1.461
39734258,4,43.4809,-1.461
39734258,5,43.4809,-1.4609
39741873,0,43.5017,-1.4808
39741873,1,43.5018,-1.4809
39741873,2,43.5018,-1.481
39741873,3,43.5019,-1.481
39741873,4,43.5019,-1.481
39741875,0,43.512,-1.4873
39741875,1,43.5127,-1.4871
39741875,2,43.513,-1.4871
39741875,3,43.5132,-1.4871
39741875,4,43.5132,-1.4871
39741876,0,43.497,-1.483
39741876,1,43.4971,-1.483
39741876,2,43.4972,-1.483
39741877,0,43.496,-1.4843
39741877,1,43.496,-1.4844
39741877,2,43.496,-1.4845
39741878,0,43.4959,-1.4847
39741878,1,43.4959,-1.4844
39741878,2,43.4958,-1.4843
39741879,0,43.499,-1.4818
39741879,1,43.4989,-1.4818
39741879,2,43.4988,-1.4819
39741881,0,43.4988,-1.481
39741881,1,43.4988,-1.481
39741881,2,43.4989,-1.4811
39741881,3,43.499,-1.4812
39741881,4,43.499,-1.4812
39741881,5,43.499,-1.4813
39741881,6,43.4991,-1.4813
39741882,0,43.4974,-1.4781
39741882,1,43.4974,-1.4783
39741882,2,43.4975,-1.4785
39741882,3,43.4976,-1.4787
39741882,4,43.4977,-1.4789
39741882,5,43.4978,-1.4793
39741882,6,43.498,-1.4796
39741882,7,43.4982,-1.48
39741882,8,43.4985,-1.4806
39741883,0,43.4993,-1.4816
39741883,1,43.4994,-1.4817
39741883,2,43.4995,-1.4818
39741884,0,43.4995,-1.4818
39741884,1,43.4997,-1.4818
39741884,2,43.4998,-1.4818
39741884,3,43.5,-1.4816
39741885,0,43.4992,-1.4813
39741885,1,43.4992,-1.4812
39741885,2,43.4993,-1.4812
39741885,3,43.4993,-1.4811
39741885,4,43.4994,-1.4809
39741885,5,43.4995,-1.4808
39741885,6,43.4996,-1.4807
39741885,7,43.4997,-1.4806
39741886,0,43.4997,-1.4806
39741886,1,43.4997,-1.4807
39741886,2,43.4995,-1.4809
39741886,3,43.4994,-1.4811
39741886,4,43.4993,-1.4813
39741886,5,43.4993,-1.4814
39741886,6,43.4993,-1.4815
39741889,0,43.4958,-1.4838
39741889,1,43.4957,-1.4837
39741892,0,43.5044,-1.4762
39741892,1,43.5046,-1.4763
39741892,2,43.5047,-1.4763
39741892,3,43.5048,-1.4763
39741893,0,43.5023,-1.4773
39741893,1,43.5022,-1.4772
39741893,2,43.5022,-1.4772
39741893,3,43.5022,-1.4772
39741893,4,43.5022,-1.4771
39741893,5,43.5021,-1.4771
39741895,0,43.5021,-1.4771
39741895,1,43.5022,-1.4771
39741895,2,43.5022,-1.477
39741895,3,43.5023,-1.477
39741895,4,43.5023,-1.4769
39741895,5,43.5023,-1.4769
39742405,0,43.4881,-1.4909
39742405,1,43.4881,-1.4909
39742405,2,43.4881,-1.4908
39742405,3,43.4881,-1.4906
39742406,0,43.4863,-1.4894
39742406,1,43.4863,-1.4895
39742406,2,43.4862,-1.4897
39742408,0,43.4881,-1.4906
39742408,1,43.4882,-1.4906
39742408,2,43.4882,-1.4906
39742408,3,43.4883,-1.4908
39742408,4,43.4883,-1.4909
39742408,5,43.4883,-1.4909
39742409,0,43.4881,-1.4906
39742409,1,43.4881,-1.4905
39742409,2,43.4879,-1.4905
39742409,3,43.4873,-1.4903
39742409,4,43.4867,-1.4901
39742409,5,43.4864,-1.49
39742410,0,43.5036,-1.468
39742410,1,43.5035,-1.468
39742410,2,43.5034,-1.468
40611321,0,43.4868,-1.4683
40611321,1,43.4869,-1.4683
40611321,2,43.487,-1.4686
40611321,3,43.487,-1.4687
40611322,0,43.4868,-1.468
40611322,1,43.4868,-1.4683
40611323,0,43.488,-1.4604
40611323,1,43.487,-1.463
40611324,0,43.4868,-1.4635
40611324,1,43.4867,-1.4638
40611324,2,43.4865,-1.4644
40611324,3,43.4864,-1.4647
40611324,4,43.4863,-1.4649
40611324,5,43.4863,-1.4651
40611324,6,43.4863,-1.4654
40611324,7,43.4863,-1.4655
40611325,0,43.4896,-1.4569
40611325,1,43.4895,-1.4572
40611325,2,43.4894,-1.4573
40611325,3,43.4894,-1.4575
40611325,4,43.4894,-1.4577
40611325,5,43.4894,-1.4579
40611325,6,43.4894,-1.4581
40611325,7,43.4894,-1.4583
40611325,8,43.4894,-1.4585
40611325,9,43.4898,-1.4594
40611325,10,43.4899,-1.4598
40611327,0,43.4863,-1.4666
40611327,1,43.4864,-1.4668
40611327,2,43.4864,-1.467
40611327,3,43.4866,-1.4676
40611327,4,43.4868,-1.468
40636820,0,43.4869,-1.4829
40636820,1,43.4869,-1.483
40636820,2,43.4869,-1.483
40636820,3,43.4869,-1.4831
40636820,4,43.4868,-1.4832
40636820,5,43.4868,-1.4834
40636820,6,43.4867,-1.4834
40636820,7,43.4867,-1.4838
40636820,8,43.4866,-1.4843
40636820,9,43.4866,-1.4844
40636820,10,43.4866,-1.4848
40636820,11,43.4865,-1.4853
40636820,12,43.4864,-1.4857
42344458,0,43.47,-1.4705
42344458,1,43.4699,-1.4714
42344459,0,43.4699,-1.4705
42344459,1,43.4699,-1.4697
42344460,0,43.47,-1.4697
42344460,1,43.47,-1.4705
42344461,0,43.4699,-1.4697
42344461,1,43.4699,-1.4689
42344461,2,43.4699,-1.4685
42344461,3,43.47,-1.4681
42344461,4,43.47,-1.4676
42344461,5,43.4701,-1.467
42344461,6,43.4702,-1.4664
42344461,7,43.4704,-1.4659
42344461,8,43.4708,-1.4648
42344461,9,43.4709,-1.4646
42344461,10,43.471,-1.4644
42344461,11,43.4712,-1.464
42344461,12,43.4714,-1.4637
42344461,13,43.4717,-1.4633
42344461,14,43.4723,-1.4624
43762727,0,43.5107,-1.469
43762727,1,43.5105,-1.469
43762727,2,43.5104,-1.4691
43762727,3,43.5102,-1.469
43762727,4,43.5101,-1.469
43762727,5,43.51,-1.469
43762727,6,43.5098,-1.4689
43762727,7,43.5097,-1.4689
43762727,8,43.5097,-1.4689
43762727,9,43.5096,-1.4689
43762727,10,43.5096,-1.469
43762727,11,43.5097,-1.4691
43762727,12,43.5098,-1.4691
43762727,13,43.5098,-1.469
43762727,14,43.5098,-1.4689
43765504,0,43.5036,-1.4637
43765504,1,43.5036,-1.4638
43765504,2,43.5036,-1.4638
43765504,3,43.5035,-1.4638
43765504,4,43.5035,-1.4638
43765504,5,43.5035,-1.4639
43765504,6,43.5034,-1.4639
43765760,0,43.5049,-1.4633
43765760,1,43.5049,-1.4634
43765760,2,43.5049,-1.4635
43765760,3,43.5049,-1.4638
43765760,4,43.5049,-1.464
43765760,5,43.5048,-1.4641
43765760,6,43.5048,-1.4643
43765760,7,43.5048,-1.4644
43765760,8,43.5048,-1.4644
43765760,9,43.5047,-1.4646
43765760,10,43.5047,-1.4646
43765760,11,43.5047,-1.4646
43765760,12,43.5046,-1.4647
43765760,13,43.5046,-1.4648
43765760,14,43.5044,-1.465
43765760,15,43.5044,-1.4651
43765760,16,43.5043,-1.4652
43765760,17,43.5043,-1.4653
43765760,18,43.5042,-1.4653
43765760,19,43.5042,-1.4654
43765760,20,43.5042,-1.4655
43765760,21,43.5042,-1.4656
43765760,22,43.5042,-1.4657
43765760,23,43.5042,-1.4657
43765760,24,43.5042,-1.4658
43765760,25,43.5042,-1.466
43765760,26,43.5044,-1.4666
43765760,27,43.5044,-1.4668
43765760,28,43.5044,-1.467
43765760,29,43.5045,-1.4671
43765760,30,43.5045,-1.4672
43765855,0,43.5055,-1.4644
43765855,1,43.5053,-1.4647
43765855,2,43.5052,-1.465
43765855,3,43.5052,-1.465
43765855,4,43.5052,-1.4651
43765855,5,43.5052,-1.4653
43765855,6,43.5055,-1.4662
43765855,7,43.5056,-1.4663
43765855,8,43.5057,-1.4663
43765855,9,43.5057,-1.4664
43765855,10,43.5059,-1.4665
43765855,11,43.5059,-1.4665
43765855,12,43.5061,-1.4665
43765855,13,43.5062,-1.4665
43765855,14,43.5062,-1.4666
43765855,15,43.5063,-1.4666
43765855,16,43.5063,-1.4669
43765855,17,43.5063,-1.4671
43765855,18,43.5063,-1.4672
43765916,0,43.5079,-1.4639
43765916,1,43.5079,-1.464
43765916,2,43.508,-1.4643
43765916,3,43.508,-1.4644
43765916,4,43.508,-1.4645
43765916,5,43.508,-1.4646
43765916,6,43.508,-1.4646
43765916,7,43.5081,-1.4646
43765916,8,43.5082,-1.4646
43765916,9,43.5084,-1.4646
43765916,10,43.5087,-1.4645
43765916,11,43.5087,-1.4645
43765916,12,43.509,-1.4645
43765916,13,43.5091,-1.4645
43765916,14,43.5092,-1.4645
43765916,15,43.5093,-1.4645
43765916,16,43.5094,-1.4645
43765939,0,43.5063,-1.4682
43765939,1,43.5065,-1.4687
43765939,2,43.5065,-1.4688
43765939,3,43.5066,-1.4689
43765939,4,43.5066,-1.469
43765939,5,43.5066,-1.469
43765939,6,43.5067,-1.469
43765939,7,43.5067,-1.469
43765939,8,43.5068,-1.469
43765939,9,43.5068,-1.4689
43765939,10,43.5069,-1.4689
43765939,11,43.5069,-1.4689
43765939,12,43.507,-1.4688
43765939,13,43.507,-1.4688
43765939,14,43.5071,-1.4688
43765939,15,43.5071,-1.4688
43765939,16,43.5073,-1.4687
43765939,17,43.5077,-1.4684
43765939,18,43.5077,-1.4684
43765939,19,43.5078,-1.4684
43765939,20,43.5078,-1.4683
43765939,21,43.5078,-1.4683
43765939,22,43.5078,-1.4683
43765939,23,43.5078,-1.4682
44153995,0,43.4778,-1.4579
44153995,1,43.4779,-1.4578
44153995,2,43.4779,-1.4578
44153995,3,43.478,-1.4574
44153995,4,43.4782,-1.4569
44153995,5,43.4784,-1.4563
44960482,0,43.4938,-1.4607
44960482,1,43.4942,-1.4608
44960482,2,43.4943,-1.4608
44960485,0,43.4969,-1.4624
44960485,1,43.4969,-1.4622
44960485,2,43.497,-1.4621
44960485,3,43.497,-1.462
44960485,4,43.4971,-1.4619
44960485,5,43.4972,-1.4618
44960485,6,43.4973,-1.4616
44960485,7,43.4973,-1.4616
44960485,8,43.4977,-1.4611
44960497,0,43.4975,-1.4601
44960497,1,43.4975,-1.4602
44960497,2,43.4975,-1.4602
44960497,3,43.4976,-1.4606
44960497,4,43.4977,-1.461
44960497,5,43.4977,-1.4611
44960497,6,43.4977,-1.4611
44960497,7,43.4977,-1.4611
44960514,0,43.4973,-1.4561
44960514,1,43.4973,-1.456
44960514,2,43.4973,-1.4559
44960514,3,43.4974,-1.4557
44960514,4,43.4974,-1.4556
44960514,5,43.4975,-1.4555
44960514,6,43.4976,-1.4554
44960514,7,43.4977,-1.4553
44960514,8,43.4978,-1.4552
44960514,9,43.4979,-1.4551
44960514,10,43.498,-1.4551
44960514,11,43.4982,-1.455
44960514,12,43.4983,-1.4549
44960514,13,43.4985,-1.4548
44960514,14,43.4986,-1.4548
44960520,0,43.4973,-1.4563
44960520,1,43.4973,-1.4564
44960520,2,43.4974,-1.4567
44960520,3,43.4974,-1.4568
44960520,4,43.4975,-1.4569
44960520,5,43.4975,-1.4569
44960520,6,43.4977,-1.4572
44960520,7,43.4978,-1.4573
44960520,8,43.498,-1.4574
44960520,9,43.4981,-1.4575
44960520,10,43.4983,-1.4576
44960520,11,43.4984,-1.4577
44960520,12,43.4985,-1.4578
44960520,13,43.4986,-1.4578
44960520,14,43.4989,-1.458
44960520,15,43.4991,-1.4581
44960520,16,43.4994,-1.4583
44960520,17,43.4995,-1.4584
44960520,18,43.4996,-1.4586
44960520,19,43.4997,-1.4586
44960520,20,43.4997,-1.4586
45018206,0,43.5088,-1.4652
45018206,1,43.5089,-1.4663
45018206,2,43.509,-1.4666
45018206,3,43.5091,-1.4668
45018206,4,43.5091,-1.4669
45018206,5,43.5092,-1.4672
45018206,6,43.5092,-1.4674
45018206,7,43.5091,-1.4678
45018206,8,43.5091,-1.4679
45018208,0,43.5095,-1.465
45018208,1,43.5095,-1.465
45018208,2,43.5094,-1.465
45018208,3,43.5094,-1.465
45018208,4,43.5092,-1.4651
45018208,5,43.5088,-1.4652
45018208,6,43.5083,-1.4653
45018208,7,43.5083,-1.4653
45018208,8,43.5083,-1.4654
45018208,9,43.5084,-1.4664
45018208,10,43.5084,-1.4664
45018208,11,43.5085,-1.4664
45018208,12,43.5089,-1.4663
45018212,0,43.5097,-1.4661
45018212,1,43.5098,-1.4661
45018212,2,43.5101,-1.4657
45018212,3,43.5102,-1.4657
45018212,4,43.5102,-1.4656
45018212,5,43.5107,-1.4656
45018212,6,43.5108,-1.4656
45018212,7,43.5108,-1.4656
45018212,8,43.5108,-1.4655
45018212,9,43.5109,-1.4654
45018212,10,43.511,-1.4653
45018212,11,43.511,-1.4653
45018212,12,43.511,-1.4651
45018212,13,43.5111,-1.4651
45018212,14,43.5112,-1.4648
45018212,15,43.5113,-1.4647
45018212,16,43.5112,-1.4647
45018212,17,43.5109,-1.4644
45018212,18,43.5109,-1.4644
45018212,19,43.5108,-1.4643
45018212,20,43.5108,-1.4643
45018212,21,43.5107,-1.4642
45018212,22,43.5106,-1.4641
45018212,23,43.5106,-1.464
45018222,0,43.4963,-1.4716
45018222,1,43.4963,-1.4717
45018222,2,43.4963,-1.4719
45018222,3,43.4963,-1.4721
45018222,4,43.4963,-1.4723
45018222,5,43.4964,-1.4725
45018222,6,43.4967,-1.4736
45018222,7,43.4967,-1.4738
45018222,8,43.4969,-1.4742
45018222,9,43.4969,-1.4743
45018222,10,43.4969,-1.4743
45018222,11,43.4969,-1.4744
45018222,12,43.4969,-1.4745
45018222,13,43.4968,-1.4746
45018222,14,43.4967,-1.4749
45018226,0,43.5045,-1.4844
45018226,1,43.5045,-1.4844
45018226,2,43.5046,-1.4843
45018226,3,43.5046,-1.4842
45018226,4,43.5046,-1.4841
45018226,5,43.5048,-1.484
45018226,6,43.5049,-1.484
45018226,7,43.505,-1.4838
45018226,8,43.5053,-1.4837
45018226,9,43.5055,-1.4836
45018226,10,43.5056,-1.4836
45018226,11,43.506,-1.4837
45018226,12,43.5064,-1.4838
45018226,13,43.5065,-1.4838
45018226,14,43.5066,-1.4838
45018226,15,43.5067,-1.4838
45018226,16,43.5069,-1.4837
45018226,17,43.507,-1.4837
45018226,18,43.5073,-1.4837
45018226,19,43.5074,-1.4837
45018229,0,43.5081,-1.4837
45018229,1,43.5082,-1.4837
45018229,2,43.5084,-1.4835
45018229,3,43.5089,-1.483
45018229,4,43.509,-1.483
45018233,0,43.5058,-1.4585
45018233,1,43.5058,-1.4585
45018233,2,43.5058,-1.4586
45018233,3,43.5059,-1.4586
45018233,4,43.5062,-1.4588
45018233,5,43.5065,-1.4588
45018233,6,43.5066,-1.4588
45018233,7,43.5067,-1.4587
45018233,8,43.5068,-1.4587
45018233,9,43.5069,-1.4587
45018233,10,43.5072,-1.4586
45018233,11,43.5072,-1.4586
45018233,12,43.5072,-1.4585
45018233,13,43.5071,-1.4583
45018233,14,43.507,-1.4578
45018236,0,43.5058,-1.4579
45018236,1,43.5061,-1.4577
45018236,2,43.5063,-1.4575
45018236,3,43.5066,-1.4571
45018236,4,43.5067,-1.4571
45018236,5,43.5068,-1.457
45018236,6,43.507,-1.457
45018238,0,43.5056,-1.4628
45018238,1,43.5054,-1.4629
45018238,2,43.5045,-1.463
45018238,3,43.5045,-1.463
45018238,4,43.5045,-1.463
45018238,5,43.5045,-1.4634
45018241,0,43.4957,-1.4717
45018241,1,43.4957,-1.4717
45018241,2,43.4957,-1.4717
45018241,3,43.4958,-1.4717
45018241,4,43.496,-1.4716
45018241,5,43.496,-1.4716
45018241,6,43.4962,-1.4716
45018241,7,43.4963,-1.4716
45018242,0,43.4963,-1.4716
45018242,1,43.4963,-1.4709
45018242,2,43.4963,-1.4706
45018249,0,43.5072,-1.464
45018249,1,43.5072,-1.464
45018249,2,43.5072,-1.4639
45018249,3,43.5071,-1.4634
45018249,4,43.5071,-1.4634
45018249,5,43.507,-1.4631
45018249,6,43.5069,-1.4622
45018249,7,43.5069,-1.4622
45018249,8,43.5069,-1.4621
45018249,9,43.5069,-1.4621
45018251,0,43.5071,-1.4634
45018251,1,43.5075,-1.4634
45018251,2,43.5077,-1.4633
45018251,3,43.5082,-1.4632
45018251,4,43.5084,-1.4632
45018253,0,43.5075,-1.4634
45018253,1,43.5074,-1.463
45018253,2,43.5074,-1.4628
45018253,3,43.5073,-1.4623
45018259,0,43.4999,-1.4541
45018259,1,43.5,-1.454
45018259,2,43.5,-1.454
45018259,3,43.5,-1.4539
45018259,4,43.5,-1.4537
45018259,5,43.5,-1.4535
45018259,6,43.5,-1.4533
45018259,7,43.5,-1.4531
45018259,8,43.5,-1.4524
45018259,9,43.5,-1.4523
45018259,10,43.5,-1.4522
45018259,11,43.5,-1.4521
45018259,12,43.5,-1.4517
45018259,13,43.5,-1.4516
45018259,14,43.5001,-1.4514
45018259,15,43.5001,-1.4508
45018259,16,43.5001,-1.4508
45018259,17,43.5001,-1.4506
45018259,18,43.5001,-1.4505
45018479,0,43.4868,-1.4542
45018479,1,43.4878,-1.454
45018479,2,43.4883,-1.4539
45018479,3,43.4894,-1.4536
45018481,0,43.4908,-1.4538
45018481,1,43.4907,-1.4537
45018481,2,43.4907,-1.4537
45018481,3,43.4906,-1.4536
45018481,4,43.4905,-1.4535
45018481,5,43.4905,-1.4535
45018481,6,43.4905,-1.4535
45018481,7,43.4904,-1.4534
45018481,8,43.4904,-1.4534
45018481,9,43.4903,-1.4534
45018481,10,43.4903,-1.4534
45019624,0,43.488,-1.4584
45019624,1,43.4877,-1.4586
45019624,2,43.4874,-1.4588
45019625,0,43.4874,-1.4588
45019625,1,43.4873,-1.459
45019625,2,43.4873,-1.4593
45019626,0,43.4871,-1.4587
45019626,1,43.4873,-1.4588
45019628,0,43.488,-1.4584
45019628,1,43.4881,-1.4584
45019628,2,43.4882,-1.4584
45019628,3,43.4883,-1.4584
45019628,4,43.4884,-1.4584
45019628,5,43.4885,-1.4584
45019628,6,43.4886,-1.4585
45019628,7,43.4886,-1.4585
45019628,8,43.4887,-1.4584
45019628,9,43.4887,-1.4584
45019630,0,43.4908,-1.4601
45019630,1,43.4908,-1.4601
45019630,2,43.4907,-1.4598
45019630,3,43.49,-1.4578
45019630,4,43.4901,-1.4576
45019630,5,43.4901,-1.4575
45019631,0,43.4883,-1.4596
45019631,1,43.4884,-1.4591
45019631,2,43.4884,-1.459
45019631,3,43.4884,-1.4589
45019631,4,43.4884,-1.4587
45019631,5,43.4884,-1.4586
45019631,6,43.4883,-1.4585
45019631,7,43.4883,-1.4585
45019631,8,43.4882,-1.4584
45019631,9,43.4881,-1.4584
45019631,10,43.488,-1.4584
45019887,0,43.502,-1.4473
45019887,1,43.5021,-1.4472
45019887,2,43.5021,-1.4472
45019887,3,43.5021,-1.4472
45019887,4,43.5024,-1.4471
45019887,5,43.5025,-1.447
45019887,6,43.5027,-1.447
45019887,7,43.5029,-1.4469
45019887,8,43.5029,-1.4469
45019887,9,43.5029,-1.4469
45019887,10,43.5029,-1.447
45019887,11,43.503,-1.447
45019887,12,43.503,-1.447
45019888,0,43.5039,-1.4466
45019888,1,43.5035,-1.4467
45019888,2,43.5032,-1.4468
45019888,3,43.5031,-1.4468
45019888,4,43.5031,-1.4469
45019888,5,43.503,-1.4469
45019888,6,43.503,-1.447
45019888,7,43.503,-1.447
45019890,0,43.5017,-1.4462
45019890,1,43.5018,-1.4463
45019890,2,43.502,-1.4473
45019890,3,43.502,-1.4473
45019890,4,43.5021,-1.4478
45019892,0,43.4986,-1.4548
45019892,1,43.4986,-1.4547
45019892,2,43.4985,-1.4544
45019892,3,43.4983,-1.4537
45019892,4,43.4983,-1.4537
45019892,5,43.4983,-1.4536
45019892,6,43.4982,-1.4532
45019892,7,43.4982,-1.4531
45019892,8,43.4981,-1.4529
45019892,9,43.4981,-1.4528
45019892,10,43.498,-1.4527
45019892,11,43.498,-1.4523
45019892,12,43.4979,-1.4522
45019892,13,43.4978,-1.4519
45019892,14,43.4978,-1.4518
45019892,15,43.4978,-1.4517
45019892,16,43.4977,-1.4514
45019892,17,43.4977,-1.4511
45019892,18,43.4976,-1.451
45019892,19,43.4976,-1.451
45019892,20,43.4975,-1.451
45019892,21,43.4971,-1.451
45019894,0,43.4986,-1.4477
45019894,1,43.4986,-1.4476
45019894,2,43.4985,-1.4476
45019894,3,43.4985,-1.4475
45019894,4,43.4985,-1.4475
45019894,5,43.4984,-1.4472
45019894,6,43.4983,-1.447
45019894,7,43.498,-1.446
45019894,8,43.4979,-1.446
45019894,9,43.4976,-1.4456
45019894,10,43.4975,-1.4455
45019896,0,43.5047,-1.443
45019896,1,43.5048,-1.4431
45019896,2,43.505,-1.4433
45019896,3,43.5051,-1.4434
45019896,4,43.5052,-1.4436
45019896,5,43.5056,-1.4441
45019896,6,43.5063,-1.4449
45019896,7,43.5066,-1.4454
45019898,0,43.4945,-1.4596
45019898,1,43.4944,-1.4597
45019898,2,43.4936,-1.4602
45019898,3,43.4936,-1.4602
45019898,4,43.4936,-1.4602
45240517,0,43.5042,-1.4657
45240517,1,43.5043,-1.4656
45240517,2,43.5043,-1.4656
45240517,3,43.5046,-1.4655
45240517,4,43.5046,-1.4655
45240517,5,43.5046,-1.4656
45240517,6,43.5048,-1.4659
45240517,7,43.5048,-1.4659
45240517,8,43.5049,-1.4662
45240517,9,43.5049,-1.4663
45240517,10,43.505,-1.4663
45240517,11,43.505,-1.4664
45240517,12,43.505,-1.4664
45240892,0,43.5061,-1.4764
45240892,1,43.5067,-1.4762
45240892,2,43.5072,-1.476
45240892,3,43.5076,-1.4759
45240923,0,43.5058,-1.4741
45240923,1,43.5058,-1.4741
45240923,2,43.5063,-1.4736
45240923,3,43.5063,-1.4737
45240923,4,43.5064,-1.4737
45240923,5,43.5064,-1.4739
45240923,6,43.5064,-1.474
45240923,7,43.5065,-1.4742
45240923,8,43.5066,-1.4747
45240925,0,43.5063,-1.4736
45240925,1,43.5064,-1.4735
45240925,2,43.5064,-1.4735
45240925,3,43.5065,-1.4735
45240925,4,43.5065,-1.4735
45240925,5,43.5065,-1.4736
45240925,6,43.5065,-1.4737
45240925,7,43.5064,-1.4739
45240934,0,43.5055,-1.4728
45240934,1,43.5061,-1.4726
45240934,2,43.5066,-1.4724
45240934,3,43.5068,-1.4723
45240934,4,43.507,-1.4721
45240934,5,43.507,-1.4719
45240934,6,43.507,-1.4716
45240934,7,43.5069,-1.4712
45240934,8,43.5069,-1.471
45240934,9,43.5069,-1.4709
45240934,10,43.5068,-1.4709
45240934,11,43.5067,-1.471
45240934,12,43.5067,-1.4711
45240934,13,43.5068,-1.4712
45240934,14,43.5069,-1.4712
45240934,15,43.5069,-1.4712
45241106,0,43.511,-1.4849
45241106,1,43.5107,-1.4872
45241106,2,43.5107,-1.4873
45241216,0,43.5142,-1.4825
45241216,1,43.5142,-1.4826
45241216,2,43.5143,-1.4828
45241216,3,43.5144,-1.4831
45241216,4,43.5145,-1.4836
45241216,5,43.5145,-1.4837
45241216,6,43.5146,-1.484
45241216,7,43.5146,-1.4841
45241216,8,43.5146,-1.4843
45241216,9,43.5147,-1.4845
45241216,10,43.5147,-1.4846
45241216,11,43.5147,-1.485
45241216,12,43.5147,-1.4851
45241216,13,43.5147,-1.4853
45241216,14,43.5147,-1.4855
45241216,15,43.5148,-1.486
45241269,0,43.514,-1.4825
45241269,1,43.514,-1.4826
45241269,2,43.5138,-1.4827
45241269,3,43.5137,-1.4827
45241269,4,43.5136,-1.4827
45241269,5,43.5134,-1.4827
45241291,0,43.5153,-1.4812
45241291,1,43.5152,-1.4813
45241291,2,43.5151,-1.4814
45241291,3,43.5151,-1.4815
45241291,4,43.515,-1.4816
45241291,5,43.5149,-1.4818
45241291,6,43.5147,-1.4818
45241291,7,43.5145,-1.482
45241291,8,43.5144,-1.482
45241291,9,43.5144,-1.4821
45241291,10,43.5143,-1.4822
45241291,11,43.5143,-1.4823
45241291,12,43.5142,-1.4823
45241291,13,43.5142,-1.4824
45241291,14,43.5142,-1.4825
45241321,0,43.5165,-1.484
45241321,1,43.5162,-1.484
45241321,2,43.5161,-1.484
45241321,3,43.5154,-1.4842
45241321,4,43.5153,-1.4843
45241321,5,43.5151,-1.4844
45241321,6,43.515,-1.4845
45241321,7,43.5147,-1.4846
45241321,8,43.5147,-1.4846
45322081,0,43.5168,-1.4655
45322081,1,43.5171,-1.4653
45322081,2,43.5173,-1.4651
45322081,3,43.5175,-1.4649
45322081,4,43.5176,-1.4648
45322081,5,43.5179,-1.4646
45322081,6,43.5181,-1.4643
45322081,7,43.5182,-1.4643
45322081,8,43.5183,-1.4641
45322081,9,43.5185,-1.4637
45322081,10,43.5187,-1.4636
45322081,11,43.5188,-1.4633
45322081,12,43.5189,-1.4631
45322081,13,43.5191,-1.4628
45322081,14,43.5191,-1.4625
45322081,15,43.5192,-1.4622
45322081,16,43.5194,-1.4617
45322081,17,43.5194,-1.4616
45322081,18,43.5194,-1.4615
45322081,19,43.5195,-1.4614
45322081,20,43.5196,-1.4613
45322081,21,43.5202,-1.4613
45322081,22,43.5206,-1.4613
45322081,23,43.521,-1.4611
45322081,24,43.5214,-1.4607
45322081,25,43.5215,-1.4606
45322081,26,43.5219,-1.4605
45322081,27,43.5221,-1.4605
45322081,28,43.5223,-1.4603
45322081,29,43.5226,-1.4601
45322081,30,43.5228,-1.46
45322081,31,43.5229,-1.4599
45322081,32,43.5229,-1.4599
45322081,33,43.523,-1.4598
45322081,34,43.523,-1.4598
45322081,35,43.523,-1.4597
45425189,0,43.4971,-1.451
45425189,1,43.4971,-1.4511
45425189,2,43.4971,-1.4511
45425189,3,43.4971,-1.4512
45425189,4,43.4971,-1.4512
45425189,5,43.4971,-1.4512
45425189,6,43.497,-1.4512
45425189,7,43.4969,-1.4512
45425189,8,43.4968,-1.4512
45425189,9,43.4967,-1.4512
45425189,10,43.4966,-1.4513
45425189,11,43.4963,-1.4515
45425189,12,43.4962,-1.4516
45425189,13,43.496,-1.4518
45425189,14,43.4958,-1.4519
45425189,15,43.4958,-1.452
45425189,16,43.4955,-1.4523
45425189,17,43.4952,-1.4526
45425189,18,43.4951,-1.4527
45425189,19,43.4949,-1.4529
45425189,20,43.4946,-1.4533
45425189,21,43.4945,-1.4533
45425189,22,43.4945,-1.4535
45425189,23,43.4945,-1.4535
45425189,24,43.4944,-1.4536
45425189,25,43.4943,-1.4538
45425189,26,43.4941,-1.4539
45425189,27,43.4941,-1.454
45425189,28,43.494,-1.454
45425189,29,43.494,-1.454
45425189,30,43.4939,-1.454
45425190,0,43.4946,-1.4609
45425190,1,43.4948,-1.461
45425190,2,43.4948,-1.461
45425190,3,43.4949,-1.4611
45425190,4,43.4951,-1.4611
45425190,5,43.4955,-1.4613
45425190,6,43.4956,-1.4613
45425190,7,43.4957,-1.4613
45425190,8,43.4957,-1.4612
45425190,9,43.4961,-1.4611
45425190,10,43.4964,-1.4611
45425190,11,43.4965,-1.4611
45425190,12,43.4965,-1.461
45425190,13,43.4965,-1.461
45425190,14,43.4967,-1.4609
45425190,15,43.4974,-1.4602
45425190,16,43.4974,-1.4602
45425190,17,43.4975,-1.4601
45425191,0,43.4983,-1.4622
45425191,1,43.4983,-1.4621
45425191,2,43.4983,-1.462
45425191,3,43.4983,-1.4619
45425192,0,43.499,-1.4606
45425192,1,43.499,-1.4603
45425192,2,43.499,-1.46
45425192,3,43.499,-1.4596
45425193,0,43.4968,-1.451
45425193,1,43.4965,-1.4511
45425193,2,43.4963,-1.4511
45425193,3,43.496,-1.4513
45425194,0,43.4967,-1.4506
45425194,1,43.4967,-1.4508
45425194,2,43.4967,-1.4508
45425194,3,43.4967,-1.4509
45425194,4,43.4967,-1.4509
45425194,5,43.4968,-1.451
45425195,0,43.4984,-1.4577
45425195,1,43.4984,-1.4575
45425195,2,43.4984,-1.4572
45425195,3,43.4984,-1.4571
45425195,4,43.4984,-1.4566
45425195,5,43.4985,-1.4564
45425195,6,43.4985,-1.4553
45425195,7,43.4985,-1.455
45425195,8,43.4985,-1.4548
45425196,0,43.5001,-1.4564
45425196,1,43.5001,-1.4564
45425196,2,43.5002,-1.4564
45425196,3,43.5003,-1.4564
45425196,4,43.5005,-1.4564
45425196,5,43.5006,-1.4564
45425196,6,43.5006,-1.4564
45425196,7,43.5008,-1.4564
45425196,8,43.501,-1.4564
45425196,9,43.5011,-1.4564
45425196,10,43.5012,-1.4565
45425196,11,43.5013,-1.4565
45425196,12,43.5015,-1.4566
45425196,13,43.5015,-1.4567
45425196,14,43.5016,-1.4567
45425196,15,43.5017,-1.4567
45425198,0,43.503,-1.447
45425198,1,43.503,-1.4471
45425198,2,43.503,-1.4474
45425198,3,43.503,-1.4475
45425198,4,43.5029,-1.4475
45425198,5,43.5027,-1.4478
45425198,6,43.5027,-1.4479
45425198,7,43.5026,-1.448
45425199,0,43.51,-1.4434
45425199,1,43.5102,-1.4433
45425199,2,43.5102,-1.4431
45425199,3,43.5103,-1.4431
45425199,4,43.5104,-1.4429
45438935,0,43.5071,-1.461
45438935,1,43.5071,-1.461
45438935,2,43.5069,-1.4611
45438935,3,43.5068,-1.4611
45438935,4,43.5066,-1.4611
45438935,5,43.5065,-1.4612
45438935,6,43.5061,-1.4613
45438935,7,43.5058,-1.4613
45438935,8,43.5058,-1.4613
45438935,9,43.5056,-1.4614
45438935,10,43.5055,-1.4614
45438935,11,43.5055,-1.4614
45438937,0,43.4862,-1.4893
45438937,1,43.4862,-1.489
45438937,2,43.4866,-1.4877
45438937,3,43.4868,-1.4868
45438937,4,43.4868,-1.4867
45438937,5,43.4869,-1.4866
45438937,6,43.487,-1.4861
45438937,7,43.4874,-1.4844
45438937,8,43.4875,-1.4837
45438938,0,43.4862,-1.4897
45438938,1,43.4862,-1.4898
45438938,2,43.4862,-1.4898
45438938,3,43.4863,-1.4899
45438938,4,43.4864,-1.49
45438939,0,43.4862,-1.4896
45438939,1,43.4861,-1.49
45438940,0,43.4863,-1.4893
45438940,1,43.4862,-1.4894
45438941,0,43.4861,-1.4896
45438941,1,43.4862,-1.4893
45438942,0,43.4971,-1.4636
45438942,1,43.4971,-1.4636
45438942,2,43.4971,-1.4636
45438942,3,43.4972,-1.4635
45438942,4,43.4973,-1.4635
45438942,5,43.4974,-1.4634
45438942,6,43.4975,-1.4633
45438942,7,43.4976,-1.4632
45438942,8,43.4977,-1.4631
45438942,9,43.4978,-1.463
45438942,10,43.498,-1.4628
45438942,11,43.498,-1.4627
45438942,12,43.4981,-1.4626
45438942,13,43.4982,-1.4624
45438942,14,43.4983,-1.4623
45438942,15,43.4983,-1.4622
45438944,0,43.4971,-1.445
45438944,1,43.4967,-1.4444
45438944,2,43.4964,-1.4439
45438944,3,43.4963,-1.4438
45438944,4,43.4961,-1.443
45438944,5,43.496,-1.4429
45438944,6,43.496,-1.4425
45438944,7,43.4959,-1.4422
45438944,8,43.4959,-1.4419
45438944,9,43.4958,-1.4418
45438944,10,43.4958,-1.4418
45438944,11,43.4957,-1.4417
45438944,12,43.4954,-1.4413
45438944,13,43.495,-1.4409
45438944,14,43.495,-1.4408
45438944,15,43.4949,-1.4407
45438944,16,43.4948,-1.4407
45438945,0,43.4975,-1.4455
45438945,1,43.4971,-1.445
45438946,0,43.5027,-1.4396
45438946,1,43.5027,-1.4394
45438946,2,43.5027,-1.4394
45438946,3,43.5026,-1.4392
45438947,0,43.5027,-1.4396
45438947,1,43.5027,-1.44
45438947,2,43.5028,-1.4404
45438948,0,43.5072,-1.4619
45438948,1,43.5072,-1.4618
45438948,2,43.5072,-1.4615
45438948,3,43.5071,-1.4613
45438948,4,43.5071,-1.4612
45438948,5,43.5071,-1.461
45438948,6,43.5071,-1.461
45438949,0,43.5066,-1.4591
45438949,1,43.5066,-1.4592
45438949,2,43.5067,-1.4597
45438949,3,43.5067,-1.4597
45438949,4,43.5067,-1.4601
45438949,5,43.5067,-1.4602
45438949,6,43.5067,-1.4602
45438949,7,43.5068,-1.4611
45438949,8,43.5068,-1.4611
45442976,0,43.5101,-1.4682
45442976,1,43.51,-1.4682
45442976,2,43.5099,-1.4682
45442976,3,43.5098,-1.4681
45442976,4,43.5095,-1.468
45442976,5,43.5094,-1.468
45442976,6,43.5091,-1.4679
45442976,7,43.509,-1.4679
45442976,8,43.5082,-1.4676
45442976,9,43.5074,-1.4673
45442976,10,43.5072,-1.4673
45442976,11,43.5071,-1.4672
45442976,12,43.507,-1.4672
45442978,0,43.5036,-1.4637
45442978,1,43.5037,-1.4637
45442978,2,43.5039,-1.4636
45442978,3,43.5042,-1.4635
45442978,4,43.5043,-1.4634
45442978,5,43.5044,-1.4634
45442978,6,43.5045,-1.4634
45442978,7,43.5046,-1.4633
45442978,8,43.5047,-1.4633
45442978,9,43.5049,-1.4633
45442978,10,43.505,-1.4633
45442978,11,43.5054,-1.4633
45442978,12,43.5056,-1.4632
45442980,0,43.5034,-1.4638
45442980,1,43.5035,-1.4638
45442980,2,43.5035,-1.4638
45442980,3,43.5036,-1.4637
45442980,4,43.5036,-1.4637
45442985,0,43.51,-1.467
45442985,1,43.51,-1.4669
45442985,2,43.5102,-1.4666
45442985,3,43.5102,-1.4666
45442985,4,43.5102,-1.4665
45442985,5,43.5101,-1.4665
45442985,6,43.5098,-1.4663
45442989,0,43.5113,-1.4637
45442989,1,43.5112,-1.4631
45442989,2,43.511,-1.4627
45442990,0,43.5099,-1.4646
45442990,1,43.5099,-1.4646
45442990,2,43.51,-1.4648
45442990,3,43.5102,-1.4644
45442990,4,43.5102,-1.4644
45442990,5,43.5102,-1.4643
45442990,6,43.5102,-1.4642
45444823,0,43.5056,-1.4632
45444823,1,43.5056,-1.4632
45444823,2,43.5056,-1.4631
45453467,0,43.4905,-1.4607
45453467,1,43.4905,-1.4605
45453467,2,43.4906,-1.4604
45453467,3,43.4907,-1.4603
45453467,4,43.4907,-1.4602
45453467,5,43.4908,-1.4601
45453467,6,43.4908,-1.4601
45453467,7,43.4909,-1.46
45453467,8,43.4911,-1.4599
45453467,9,43.4911,-1.4598
45453467,10,43.4912,-1.4598
45453467,11,43.4915,-1.4596
45453467,12,43.4918,-1.4595
45453467,13,43.492,-1.4594
45453467,14,43.4921,-1.4593
45453467,15,43.4922,-1.4592
45453467,16,43.4924,-1.4592
45453467,17,43.4928,-1.4589
45453469,0,43.4901,-1.4533
45453469,1,43.4901,-1.4533
45453469,2,43.4902,-1.4532
45453469,3,43.4902,-1.4532
45453469,4,43.4902,-1.4533
45453469,5,43.4903,-1.4533
45453469,6,43.4903,-1.4533
45453469,7,43.4903,-1.4533
45453469,8,43.4903,-1.4534
45453469,9,43.4903,-1.4534
45453469,10,43.4903,-1.4534
45453469,11,43.4902,-1.4535
45453469,12,43.4902,-1.4535
45453469,13,43.4902,-1.4535
45453469,14,43.4902,-1.4535
45453469,15,43.4901,-1.4535
45453469,16,43.4901,-1.4534
45453469,17,43.4901,-1.4534
45453469,18,43.4901,-1.4534
45453469,19,43.4901,-1.4533
45453469,20,43.4901,-1.4533
45453470,0,43.494,-1.4529
45453470,1,43.494,-1.4526
45453470,2,43.494,-1.4523
45453470,3,43.4939,-1.4516
45453470,4,43.4939,-1.4515
45453473,0,43.4964,-1.47
45453473,1,43.4963,-1.4699
45453473,2,43.4962,-1.4699
45453482,0,43.4967,-1.4692
45453482,1,43.4967,-1.4692
45453482,2,43.4966,-1.4692
45453482,3,43.4965,-1.4691
45453482,4,43.4965,-1.4691
45453482,5,43.4963,-1.4691
45453486,0,43.5023,-1.448
45453486,1,43.5025,-1.448
45453486,2,43.5025,-1.448
45453486,3,43.5026,-1.448
45453487,0,43.5026,-1.448
45453487,1,43.5025,-1.4481
45453487,2,43.5025,-1.4481
45453487,3,43.5024,-1.4482
45453488,0,43.5024,-1.4484
45453488,1,43.5024,-1.4485
45453488,2,43.5024,-1.4485
45453488,3,43.5024,-1.4486
45453490,0,43.5024,-1.4486
45453490,1,43.5024,-1.4486
45453490,2,43.5023,-1.4485
45453490,3,43.5023,-1.4485
45453491,0,43.5022,-1.4486
45453491,1,43.5022,-1.4487
45453491,2,43.5022,-1.4487
45453491,3,43.5022,-1.4487
45453491,4,43.5021,-1.4488
45453491,5,43.5021,-1.4488
45453491,6,43.502,-1.4489
45453491,7,43.502,-1.4489
45453491,8,43.502,-1.4489
45453491,9,43.5021,-1.4492
45453491,10,43.5021,-1.4493
45453491,11,43.5021,-1.4495
45453491,12,43.5021,-1.4497
45453491,13,43.5021,-1.4499
45453491,14,43.502,-1.4501
45453491,15,43.502,-1.4501
45453492,0,43.5022,-1.4484
45453492,1,43.502,-1.4484
45453492,2,43.502,-1.4484
45453493,0,43.502,-1.4484
45453493,1,43.502,-1.4483
45453493,2,43.502,-1.4483
45453493,3,43.5021,-1.4482
45453494,0,43.5021,-1.4481
45453494,1,43.5021,-1.448
45453494,2,43.5021,-1.4479
45453494,3,43.5021,-1.4478
45453495,0,43.5021,-1.4478
45453495,1,43.5022,-1.4479
45453495,2,43.5022,-1.448
45453495,3,43.5023,-1.448
45456371,0,43.4933,-1.4799
45456371,1,43.4934,-1.4798
45456371,2,43.4943,-1.479
45457110,0,43.4875,-1.4837
45457110,1,43.4875,-1.4835
45457110,2,43.4875,-1.4834
45457110,3,43.4875,-1.4831
45457110,4,43.4874,-1.483
45457110,5,43.4874,-1.483
45457110,6,43.4873,-1.4829
45457111,0,43.4881,-1.4828
45457111,1,43.4878,-1.4828
45457111,2,43.4877,-1.4828
45457111,3,43.4876,-1.4828
45457111,4,43.4875,-1.4829
45457111,5,43.4873,-1.4829
45457113,0,43.4896,-1.4824
45457113,1,43.4896,-1.4825
45457113,2,43.4897,-1.483
45862618,0,43.5034,-1.4688
45862618,1,43.5033,-1.4688
45862618,2,43.5033,-1.4688
45862618,3,43.5033,-1.4688
45862618,4,43.5029,-1.4687
45862618,5,43.5028,-1.4687
45862618,6,43.5024,-1.4687
45862618,7,43.5023,-1.4686
45862618,8,43.5022,-1.4686
45862618,9,43.5022,-1.4685
45862618,10,43.5021,-1.4685
45862618,11,43.5021,-1.4685
45862618,12,43.5021,-1.4685
45862618,13,43.5021,-1.4684
45862618,14,43.5021,-1.4684
45862618,15,43.502,-1.4683
45862618,16,43.502,-1.4683
45862618,17,43.502,-1.4682
45862618,18,43.502,-1.4681
45862618,19,43.502,-1.468
45862618,20,43.502,-1.468
45862618,21,43.502,-1.4679
45862618,22,43.5019,-1.4677
46335811,0,43.5106,-1.4574
46335811,1,43.5104,-1.4575
46335811,2,43.5101,-1.4576
46335811,3,43.5099,-1.4577
46335811,4,43.5098,-1.4579
46335811,5,43.5097,-1.458
46335811,6,43.5097,-1.4581
46335811,7,43.5095,-1.4585
46335811,8,43.5095,-1.4587
46335811,9,43.5094,-1.4589
46335811,10,43.5093,-1.4591
46335811,11,43.5092,-1.4592
46335811,12,43.509,-1.4594
46335811,13,43.5089,-1.4595
46335811,14,43.5087,-1.4597
46335811,15,43.5086,-1.46
46335811,16,43.5085,-1.4603
46335811,17,43.5084,-1.4605
46335943,0,43.5053,-1.4617
46335943,1,43.5055,-1.4618
46335943,2,43.5055,-1.4618
46335946,0,43.5044,-1.4613
46335946,1,43.5045,-1.4611
46335946,2,43.5045,-1.461
46335946,3,43.5046,-1.461
46335946,4,43.5051,-1.4608
46335946,5,43.5051,-1.4608
46335946,6,43.5051,-1.4608
46335946,7,43.5052,-1.4608
46335946,8,43.5052,-1.4609
46335946,9,43.5052,-1.461
46335946,10,43.5052,-1.461
46335946,11,43.5053,-1.4612
46335946,12,43.5053,-1.4613
46335946,13,43.5053,-1.4615
46335946,14,43.5053,-1.4616
46335946,15,43.5053,-1.4617
46335946,16,43.5052,-1.4619
46335946,17,43.5052,-1.4619
46335946,18,43.5052,-1.462
46335946,19,43.5051,-1.4621
46335946,20,43.505,-1.4621
46335946,21,43.5049,-1.4621
46335946,22,43.5047,-1.4622
46335946,23,43.5047,-1.4621
46335946,24,43.5045,-1.4622
46336194,0,43.4924,-1.4443
46336194,1,43.4925,-1.444
46336194,2,43.4925,-1.4431
46336194,3,43.4925,-1.4429
46336194,4,43.4925,-1.4426
46336194,5,43.4926,-1.4422
46336194,6,43.4926,-1.4417
46336194,7,43.4926,-1.4414
46336194,8,43.4926,-1.4413
46336194,9,43.4925,-1.4412
46623741,0,43.4933,-1.48
46623741,1,43.4934,-1.4802
46623741,2,43.4937,-1.4812
46623741,3,43.4937,-1.4814
46623741,4,43.4937,-1.4815
46623741,5,43.4937,-1.4816
46623741,6,43.4938,-1.4817
46623741,7,43.4939,-1.4823
46623741,8,43.4941,-1.483
46623741,9,43.4941,-1.4831
46623745,0,43.4946,-1.4858
46623745,1,43.4944,-1.4858
46623745,2,43.4943,-1.4859
46623745,3,43.494,-1.486
46623745,4,43.4939,-1.4861
46623745,5,43.4938,-1.4861
46623745,6,43.4933,-1.4863
46623745,7,43.4929,-1.4865
46623745,8,43.4925,-1.4868
46623745,9,43.4924,-1.4869
46623831,0,43.4931,-1.4883
46623831,1,43.4931,-1.4883
46623831,2,43.4932,-1.4883
46623831,3,43.4935,-1.4885
46623831,4,43.4938,-1.4887
46623831,5,43.4939,-1.4887
46623831,6,43.494,-1.4888
46623831,7,43.4943,-1.4896
46623831,8,43.4943,-1.4897
46623831,9,43.4945,-1.49
46623831,10,43.4945,-1.4902
46623831,11,43.4946,-1.4903
46623831,12,43.4946,-1.4904
46623831,13,43.4946,-1.4905
46623831,14,43.4946,-1.4905
46623831,15,43.4946,-1.4906
46623831,16,43.4946,-1.4906
46623831,17,43.4945,-1.4907
46623831,18,43.4945,-1.4907
46623831,19,43.4945,-1.4908
46623831,20,43.4943,-1.4908
46623831,21,43.4942,-1.4909
46623831,22,43.4941,-1.4909
46623831,23,43.4941,-1.491
46623831,24,43.494,-1.491
46623831,25,43.4939,-1.4911
46623831,26,43.4938,-1.4913
46623831,27,43.4938,-1.4914
46623950,0,43.4906,-1.4957
46623950,1,43.4907,-1.4956
46623950,2,43.4909,-1.4955
46623950,3,43.491,-1.4954
46623950,4,43.4911,-1.4954
46623950,5,43.4911,-1.4955
46623950,6,43.4911,-1.4955
46623950,7,43.4914,-1.4958
46623961,0,43.4914,-1.4958
46623961,1,43.4914,-1.4958
46623961,2,43.4915,-1.4958
46623961,3,43.4915,-1.4959
46623961,4,43.4916,-1.4959
46623968,0,43.4938,-1.4948
46623968,1,43.4937,-1.4947
46624018,0,43.4939,-1.4946
46624018,1,43.494,-1.4947
46624018,2,43.4941,-1.4947
46624018,3,43.4941,-1.4948
46624067,0,43.4962,-1.4968
46624067,1,43.4963,-1.4968
46624067,2,43.4963,-1.4968
46624067,3,43.4963,-1.4967
46624067,4,43.4964,-1.4957
46624067,5,43.4965,-1.4955
46624067,6,43.4965,-1.4948
46624067,7,43.4965,-1.4947
46624067,8,43.4965,-1.4946
46624067,9,43.4966,-1.4946
46624067,10,43.4966,-1.4945
46624067,11,43.4967,-1.4945
46624067,12,43.4971,-1.4945
46624067,13,43.4972,-1.4944
46624067,14,43.4974,-1.4944
46624067,15,43.4975,-1.4943
46624067,16,43.4976,-1.4943
46760477,0,43.4925,-1.4736
46760477,1,43.4925,-1.4736
46760477,2,43.4925,-1.4736
46760477,3,43.4924,-1.4736
46760482,0,43.4908,-1.4715
46760482,1,43.4908,-1.4715
46760482,2,43.4907,-1.4709
46760482,3,43.4907,-1.4708
46760482,4,43.4907,-1.4707
46760482,5,43.4907,-1.4706
46760511,0,43.4921,-1.4716
46760511,1,43.4922,-1.4716
46760511,2,43.4924,-1.4714
46760511,3,43.4925,-1.4714
46760511,4,43.4925,-1.4713
46760513,0,43.4916,-1.4702
46760513,1,43.4916,-1.4702
46760513,2,43.4918,-1.4701
46760513,3,43.4918,-1.4701
46760513,4,43.4918,-1.47
46761142,0,43.4882,-1.481
46761142,1,43.4882,-1.4812
46761142,2,43.4882,-1.4813
46761142,3,43.4883,-1.4814
46761142,4,43.4883,-1.4814
46761142,5,43.4884,-1.4816
46761142,6,43.4885,-1.4818
46761142,7,43.4885,-1.4819
46761175,0,43.4883,-1.4817
46761175,1,43.4882,-1.4816
46761175,2,43.4882,-1.4815
46761175,3,43.4882,-1.4815
46761175,4,43.4882,-1.4814
46761175,5,43.4882,-1.4814
46761175,6,43.4882,-1.4813
46761175,7,43.4882,-1.4812
46761448,0,43.4936,-1.4797
46761448,1,43.4937,-1.4799
46761448,2,43.4937,-1.4799
46761448,3,43.4938,-1.4803
46761448,4,43.4941,-1.4815
46761448,5,43.4945,-1.4828
46761448,6,43.4945,-1.4828
46761448,7,43.4945,-1.4829
46875845,0,43.508,-1.4882
46875845,1,43.508,-1.4881
46875845,2,43.508,-1.488
46875845,3,43.5079,-1.4879
46875845,4,43.5079,-1.4879
46875845,5,43.508,-1.4878
46875845,6,43.508,-1.4877
46875845,7,43.5081,-1.4876
46875845,8,43.5081,-1.4876
46875845,9,43.5082,-1.4876
46875845,10,43.5083,-1.4877
46875845,11,43.5083,-1.4877
46875845,12,43.5083,-1.4877
46875845,13,43.5084,-1.4878
46875845,14,43.5084,-1.4879
46875845,15,43.5084,-1.488
46875845,16,43.5084,-1.4881
46875845,17,43.5083,-1.4882
46875845,18,43.5082,-1.4882
46875845,19,43.5082,-1.4883
46875845,20,43.5081,-1.4882
46875845,21,43.508,-1.4882
46875848,0,43.5079,-1.4879
46875848,1,43.5078,-1.4878
46875917,0,43.5084,-1.4879
46875917,1,43.5085,-1.4879
46875917,2,43.5088,-1.488
46875917,3,43.5091,-1.4881
46875917,4,43.5096,-1.4882
46875917,5,43.5106,-1.4883
46875917,6,43.5108,-1.4884
46875917,7,43.5111,-1.4885
46875917,8,43.5114,-1.4886
46875917,9,43.5116,-1.4886
46875917,10,43.5118,-1.4887
49695415,0,43.4907,-1.4748
49695415,1,43.491,-1.4748
49695416,0,43.4923,-1.4744
49695416,1,43.4922,-1.4744
49695416,2,43.4922,-1.4744
49695420,0,43.491,-1.474
49695420,1,43.4911,-1.4739
49695420,2,43.4911,-1.4739
49695420,3,43.4915,-1.4738
49837664,0,43.507,-1.4606
49837664,1,43.5074,-1.4605
49837664,2,43.5076,-1.4605
49837664,3,43.5076,-1.4605
49837664,4,43.5078,-1.4607
56178025,0,43.4949,-1.4826
56178025,1,43.4949,-1.4826
56178025,2,43.4945,-1.4811
56178025,3,43.4941,-1.4795
56178025,4,43.4941,-1.4795
56178025,5,43.494,-1.4794
56178026,0,43.4945,-1.4829
56178026,1,43.4946,-1.4828
56178026,2,43.4949,-1.4826
56178026,3,43.495,-1.4826
56178026,4,43.4952,-1.4825
56178026,5,43.4952,-1.4824
56178026,6,43.4952,-1.4824
56178026,7,43.4953,-1.4824
56178027,0,43.494,-1.4838
56178027,1,43.494,-1.4837
56178027,2,43.494,-1.4836
56178027,3,43.4939,-1.4834
56178027,4,43.4937,-1.483
56178027,5,43.4936,-1.4829
56178027,6,43.4936,-1.4829
56178027,7,43.4928,-1.4832
56178027,8,43.4921,-1.4835
56178027,9,43.4917,-1.4837
56178027,10,43.4916,-1.4837
56178027,11,43.4916,-1.4837
56178028,0,43.4943,-1.4837
56178028,1,43.4942,-1.4837
56178028,2,43.494,-1.4838
56178028,3,43.4939,-1.4838
56178028,4,43.4936,-1.4839
56178028,5,43.4935,-1.484
56178029,0,43.4935,-1.484
56178029,1,43.4937,-1.4848
56178029,2,43.4939,-1.486
56178029,3,43.494,-1.486
56178030,0,43.4937,-1.4848
56178030,1,43.4925,-1.4852
56178030,2,43.4919,-1.4854
56178030,3,43.4919,-1.4854
56178030,4,43.4918,-1.4854
56178225,0,43.4952,-1.4878
56178225,1,43.4952,-1.4878
56178225,2,43.4951,-1.4879
56178225,3,43.4945,-1.4882
56178225,4,43.4944,-1.4883
56178225,5,43.4939,-1.4886
56178225,6,43.4938,-1.4886
56178225,7,43.4938,-1.4887
56178226,0,43.4944,-1.4858
56178226,1,43.4944,-1.4859
56178226,2,43.4944,-1.4859
56178226,3,43.4944,-1.486
56178226,4,43.4944,-1.486
56178226,5,43.4944,-1.4861
56178226,6,43.4944,-1.4862
56178226,7,43.4943,-1.4863
56178226,8,43.4944,-1.4864
56178226,9,43.4945,-1.4869
56178226,10,43.4945,-1.4869
56178226,11,43.4948,-1.4874
56178226,12,43.4948,-1.4875
56178226,13,43.4951,-1.4876
56178226,14,43.4952,-1.4877
56178226,15,43.4952,-1.4878
56178226,16,43.4953,-1.4879
56178227,0,43.4963,-1.4896
56178227,1,43.4962,-1.4896
56178227,2,43.4948,-1.4899
56178227,3,43.4945,-1.49
56178227,4,43.4945,-1.49
56178227,5,43.4945,-1.49
56178228,0,43.4947,-1.4896
56178228,1,43.4952,-1.4894
56178228,2,43.4959,-1.4892
56178228,3,43.4959,-1.4892
56178230,0,43.4947,-1.4835
56178230,1,43.4948,-1.4834
56178230,2,43.4951,-1.4833
56178230,3,43.4952,-1.4834
56178230,4,43.4957,-1.4853
56178230,5,43.4957,-1.4854
56178231,0,43.4948,-1.4899
56178231,1,43.4948,-1.4899
56178231,2,43.4947,-1.4896
56178231,3,43.4946,-1.4894
56178231,4,43.4946,-1.4894
56178231,5,43.4946,-1.4894
56178231,6,43.4943,-1.4895
56178231,7,43.4943,-1.4896
56178232,0,43.4942,-1.4877
56178232,1,43.4933,-1.4883
56178232,2,43.4932,-1.4883
56178233,0,43.4928,-1.4879
56178233,1,43.493,-1.4879
56178233,2,43.4931,-1.4878
56178233,3,43.4933,-1.4875
56178233,4,43.4934,-1.4875
56178233,5,43.4934,-1.4875
56178233,6,43.4935,-1.4875
56178233,7,43.4935,-1.4875
56178233,8,43.4936,-1.4874
56178233,9,43.4941,-1.4872
56178234,0,43.4944,-1.4883
56178234,1,43.4942,-1.4877
56178234,2,43.4941,-1.4872
56178234,3,43.4939,-1.4866
56178234,4,43.4938,-1.4861
56178234,5,43.4938,-1.4861
56178235,0,43.4933,-1.4863
56178235,1,43.4933,-1.4864
56178235,2,43.4934,-1.4868
56178235,3,43.4934,-1.4869
56178235,4,43.4935,-1.4869
56178235,5,43.4939,-1.4866
56178439,0,43.4903,-1.484
56178439,1,43.4904,-1.4841
56178439,2,43.4904,-1.4841
56178439,3,43.4905,-1.4841
56178439,4,43.4905,-1.4841
56178439,5,43.4906,-1.4841
56178443,0,43.4918,-1.4851
56178443,1,43.4917,-1.4851
56178443,2,43.4913,-1.4854
56178443,3,43.4913,-1.4853
56180958,0,43.4998,-1.4927
56180958,1,43.4997,-1.4926
56180958,2,43.4997,-1.4925
56180958,3,43.4994,-1.4919
56180958,4,43.4993,-1.4917
56180958,5,43.4992,-1.4915
56180958,6,43.4991,-1.4915
56180958,7,43.4991,-1.4915
56180958,8,43.499,-1.4915
56180958,9,43.499,-1.4915
56180958,10,43.499,-1.4915
56180958,11,43.4989,-1.4915
56180958,12,43.4986,-1.4918
56180964,0,43.4984,-1.4937
56180964,1,43.4986,-1.4936
56181556,0,43.4977,-1.4886
56181556,1,43.4977,-1.4886
56181556,2,43.498,-1.4883
56181556,3,43.4981,-1.4883
56181556,4,43.4982,-1.4882
56181558,0,43.4991,-1.4899
56181558,1,43.499,-1.4898
56181558,2,43.4989,-1.4895
56181558,3,43.4987,-1.4891
56181558,4,43.4986,-1.4891
56181558,5,43.4986,-1.4889
56181558,6,43.4984,-1.4886
56181558,7,43.4984,-1.4886
56181558,8,43.4983,-1.4885
56181558,9,43.4983,-1.4884
56181558,10,43.4982,-1.4883
56181558,11,43.4982,-1.4882
56181559,0,43.4972,-1.4879
56181559,1,43.4973,-1.4878
56181559,2,43.4979,-1.4871
56181559,3,43.498,-1.487
56181559,4,43.498,-1.487
56181559,5,43.4981,-1.487
56181561,0,43.4977,-1.4859
56181561,1,43.4968,-1.4865
56181561,2,43.4967,-1.4865
56181561,3,43.4967,-1.4866
56183871,0,43.4917,-1.486
56183871,1,43.4911,-1.4861
56183871,2,43.491,-1.4861
56183871,3,43.4909,-1.486
56183871,4,43.4908,-1.486
56183871,5,43.4906,-1.486
56183871,6,43.4906,-1.4861
56183873,0,43.4917,-1.486
56183873,1,43.4914,-1.4864
56183873,2,43.4912,-1.4868
56183873,3,43.4912,-1.4868
56183873,4,43.4912,-1.4869
56277892,0,43.4904,-1.4868
56277892,1,43.4903,-1.4868
56277892,2,43.4903,-1.4867
56277892,3,43.4902,-1.4856
56277892,4,43.4901,-1.4853
56277892,5,43.4902,-1.4851
56277892,6,43.4903,-1.485
56277892,7,43.4903,-1.4849
56277892,8,43.4904,-1.4849
56277892,9,43.4904,-1.4849
56277892,10,43.4905,-1.4849
56291883,0,43.489,-1.4889
56291883,1,43.4888,-1.4885
56291883,2,43.4888,-1.4878
56291883,3,43.489,-1.4878
56291883,4,43.4893,-1.4879
56291883,5,43.4898,-1.4881
56291885,0,43.4916,-1.4882
56291885,1,43.4915,-1.4883
56291885,2,43.4913,-1.4883
56291885,3,43.491,-1.4883
56291885,4,43.491,-1.4883
56291885,5,43.491,-1.4883
56291885,6,43.4908,-1.4883
56291885,7,43.4898,-1.4887
56291885,8,43.4897,-1.4887
56291885,9,43.4897,-1.4887
56291889,0,43.4872,-1.4855
56291889,1,43.4872,-1.4856
56291889,2,43.487,-1.4866
56291889,3,43.487,-1.4867
56291889,4,43.4869,-1.4872
56291889,5,43.4867,-1.4878
56291889,6,43.4866,-1.4883
56291889,7,43.4865,-1.4885
56291889,8,43.4865,-1.4885
56291889,9,43.4864,-1.4885
56291891,0,43.4887,-1.4889
56291891,1,43.4885,-1.4888
56291891,2,43.4883,-1.4886
56291891,3,43.488,-1.4884
56291891,4,43.4876,-1.4881
56291891,5,43.4874,-1.4879
56291891,6,43.4873,-1.4879
56291891,7,43.487,-1.4879
56291891,8,43.4867,-1.4878
56291891,9,43.4867,-1.4878
56291896,0,43.488,-1.4884
56291896,1,43.4882,-1.4878
56291900,0,43.4887,-1.4875
56291900,1,43.4888,-1.4877
56291900,2,43.4888,-1.4878
56291900,3,43.4888,-1.4878
56291907,0,43.4897,-1.4887
56291907,1,43.4897,-1.4882
56291907,2,43.4898,-1.4881
56291907,3,43.4899,-1.4877
56291907,4,43.4899,-1.4874
56291907,5,43.49,-1.4873
56291907,6,43.49,-1.4871
56291907,7,43.4901,-1.487
56291907,8,43.4902,-1.487
56291909,0,43.4908,-1.4883
56291909,1,43.4908,-1.4894
56291909,2,43.4908,-1.4901
56291911,0,43.4915,-1.4894
56291911,1,43.4916,-1.4882
56291913,0,43.4931,-1.4888
56291913,1,43.4931,-1.4888
56291913,2,43.4922,-1.4894
56291913,3,43.4921,-1.4894
56291913,4,43.4915,-1.4894
56291919,0,43.493,-1.4883
56291919,1,43.493,-1.4884
56291919,2,43.493,-1.4885
56291919,3,43.493,-1.4886
56291919,4,43.4931,-1.4888
56291919,5,43.4935,-1.4894
56291919,6,43.4937,-1.4899
56291919,7,43.4937,-1.4899
56291922,0,43.4908,-1.4894
56291922,1,43.4903,-1.4894
56291923,0,43.4946,-1.4903
56291923,1,43.4939,-1.4908
56291926,0,43.4925,-1.4901
56291926,1,43.4925,-1.49
56291926,2,43.4926,-1.49
56291926,3,43.4935,-1.4894
56291928,0,43.4925,-1.4901
56291928,1,43.4926,-1.4901
56291928,2,43.4926,-1.4901
56291928,3,43.4931,-1.4903
56291928,4,43.4937,-1.49
56291928,5,43.4937,-1.4899
56291929,0,43.4908,-1.4868
56291929,1,43.4907,-1.4868
56291929,2,43.4907,-1.4868
56291929,3,43.4906,-1.4868
56291929,4,43.4902,-1.487
56291937,0,43.4929,-1.4881
56291937,1,43.4929,-1.4881
56291937,2,43.4922,-1.4885
56300942,0,43.4904,-1.4731
56300942,1,43.4903,-1.4727
56300942,2,43.4903,-1.4723
56300942,3,43.4903,-1.4723
56300942,4,43.4903,-1.472
56300942,5,43.4902,-1.4715
56300958,0,43.4907,-1.4722
56300958,1,43.491,-1.4722
56300966,0,43.4899,-1.4714
56300966,1,43.49,-1.4713
56300966,2,43.4901,-1.4709
56300966,3,43.4903,-1.4707
56300966,4,43.4903,-1.4705
56300966,5,43.4904,-1.4705
56300972,0,43.4906,-1.4715
56300972,1,43.4906,-1.4714
56300972,2,43.4907,-1.4706
56300973,0,43.4903,-1.4715
56300973,1,43.4904,-1.4708
56300973,2,43.4904,-1.4705
56301382,0,43.4881,-1.4674
56301382,1,43.4881,-1.4674
56301382,2,43.4881,-1.4673
56301382,3,43.4882,-1.4672
56301382,4,43.4883,-1.4672
56301382,5,43.489,-1.4673
56301382,6,43.4894,-1.468
56301382,7,43.4894,-1.468
56301382,8,43.4894,-1.4681
56301382,9,43.4894,-1.4681
56301382,10,43.4894,-1.4681
56301383,0,43.489,-1.4673
56301383,1,43.4888,-1.4669
56301383,2,43.4886,-1.4667
56301383,3,43.4883,-1.467
57015136,0,43.4934,-1.4757
57015136,1,43.4933,-1.4756
57015136,2,43.4933,-1.4756
57015136,3,43.4933,-1.4755
57015136,4,43.4931,-1.4754
57015136,5,43.4928,-1.475
57015142,0,43.494,-1.4766
57015142,1,43.4939,-1.4765
57015142,2,43.4937,-1.4762
57015142,3,43.4934,-1.4758
57015142,4,43.4934,-1.4758
57015142,5,43.4934,-1.4757
57015927,0,43.4913,-1.4727
57015927,1,43.4914,-1.4727
57015927,2,43.492,-1.4725
57015927,3,43.4923,-1.4724
57015927,4,43.4923,-1.4723
57016148,0,43.4926,-1.4786
57016148,1,43.4927,-1.4787
57016148,2,43.4928,-1.4788
57016148,3,43.4928,-1.4789
57016233,0,43.4881,-1.4753
57016233,1,43.4881,-1.4753
57016233,2,43.4881,-1.4753
57016233,3,43.4882,-1.4752
57016233,4,43.4882,-1.4752
57016233,5,43.4883,-1.4752
57016233,6,43.4889,-1.4751
57016233,7,43.4897,-1.4749
57016927,0,43.4889,-1.4726
57016927,1,43.4888,-1.4727
57016927,2,43.4887,-1.4727
57016927,3,43.4885,-1.4725
57016927,4,43.4883,-1.4725
57017101,0,43.4907,-1.4706
57017101,1,43.4907,-1.4706
57017101,2,43.4907,-1.4704
57017101,3,43.4907,-1.4703
57017101,4,43.4906,-1.4702
57017101,5,43.4906,-1.4702
57359593,0,43.4936,-1.4776
57359593,1,43.4936,-1.4777
57359593,2,43.4937,-1.4779
57359945,0,43.5008,-1.492
57359945,1,43.5009,-1.4922
57364790,0,43.4945,-1.4947
57364790,1,43.4945,-1.4944
57364790,2,43.4944,-1.4937
57364790,3,43.4943,-1.4934
57364792,0,43.491,-1.4924
57364792,1,43.491,-1.4923
57364792,2,43.4911,-1.4923
57364792,3,43.4911,-1.492
57364792,4,43.4912,-1.492
57364792,5,43.4912,-1.492
57364792,6,43.4912,-1.4919
57364792,7,43.4913,-1.4918
57364792,8,43.4913,-1.4918
57364792,9,43.4914,-1.4917
57364792,10,43.4914,-1.4916
57365537,0,43.4914,-1.4916
57365537,1,43.4915,-1.4917
57365537,2,43.4915,-1.4917
57365537,3,43.4915,-1.4917
57365537,4,43.4916,-1.4917
57365537,5,43.4917,-1.4917
57365537,6,43.4917,-1.4917
57365537,7,43.4917,-1.4917
57365537,8,43.4919,-1.4917
57365537,9,43.492,-1.4918
57365537,10,43.4922,-1.4918
57365537,11,43.4924,-1.4919
57365537,12,43.4926,-1.4919
57365537,13,43.4926,-1.4919
57365537,14,43.4927,-1.492
57365537,15,43.4927,-1.492
57365541,0,43.4919,-1.4952
57365541,1,43.4921,-1.495
57365541,2,43.4925,-1.4945
57365541,3,43.4925,-1.4944
57365541,4,43.4926,-1.4943
57365541,5,43.4927,-1.4942
57365541,6,43.4927,-1.4941
57365541,7,43.4928,-1.494
57365541,8,43.4929,-1.494
57365541,9,43.493,-1.4939
57365541,10,43.493,-1.4939
57365543,0,43.4932,-1.4941
57365543,1,43.4933,-1.4942
57365543,2,43.4933,-1.4943
57365543,3,43.4932,-1.4944
57365543,4,43.4931,-1.4945
57365543,5,43.4931,-1.4946
57365543,6,43.493,-1.4946
57365543,7,43.4931,-1.4949
57365543,8,43.4931,-1.4949
57365543,9,43.493,-1.495
57365543,10,43.493,-1.495
57365543,11,43.493,-1.4951
57365543,12,43.4929,-1.4951
57365543,13,43.4926,-1.4953
57365543,14,43.4923,-1.4954
57377640,0,43.5033,-1.4427
57377640,1,43.5033,-1.4429
57377640,2,43.5034,-1.4434
57377640,3,43.5035,-1.4434
57377641,0,43.5024,-1.4435
57377641,1,43.5025,-1.4435
57377641,2,43.5025,-1.4436
57377641,3,43.5027,-1.4435
57377641,4,43.5027,-1.4435
57377641,5,43.5026,-1.4431
57377652,0,43.5025,-1.4431
57377652,1,43.5025,-1.4431
57377652,2,43.5025,-1.4431
57377652,3,43.5024,-1.4431
57377652,4,43.5024,-1.4431
57377652,5,43.5021,-1.4431
57377652,6,43.5017,-1.4432
57377652,7,43.5015,-1.4433
57377652,8,43.5014,-1.4434
57377652,9,43.5013,-1.4434
57377652,10,43.5013,-1.4435
57377652,11,43.5012,-1.4434
57377652,12,43.5012,-1.4434
57377652,13,43.5011,-1.4433
57377721,0,43.5018,-1.4447
57377721,1,43.5024,-1.4453
57379182,0,43.5047,-1.4622
57379182,1,43.5048,-1.4622
57379182,2,43.5048,-1.4623
57379182,3,43.5051,-1.4622
57379182,4,43.5051,-1.4622
57379182,5,43.5051,-1.4621
57379182,6,43.5051,-1.4621
57379184,0,43.5048,-1.4623
57379184,1,43.5045,-1.4623
57379189,0,43.508,-1.4651
57379189,1,43.508,-1.4653
57379189,2,43.508,-1.4657
57379189,3,43.5081,-1.4664
57379189,4,43.5081,-1.4665
57379189,5,43.508,-1.4666
57379189,6,43.508,-1.4666
57379189,7,43.5078,-1.4665
57379189,8,43.5068,-1.4661
57379189,9,43.5067,-1.4661
57379189,10,43.5067,-1.4661
57379189,11,43.5066,-1.4662
57379319,0,43.5066,-1.4724
57379319,1,43.5067,-1.4721
57379319,2,43.5067,-1.4718
57379319,3,43.5066,-1.4716
57379319,4,43.5065,-1.4715
57379319,5,43.5061,-1.4713
57379319,6,43.5061,-1.4712
57379319,7,43.506,-1.4712
57379319,8,43.506,-1.4709
57379319,9,43.5059,-1.4708
57379319,10,43.5059,-1.4707
57379319,11,43.5059,-1.4706
57379319,12,43.506,-1.4706
57379319,13,43.5061,-1.4706
57379319,14,43.5061,-1.4707
57379319,15,43.506,-1.4708
57379319,16,43.5059,-1.4708
57379552,0,43.5053,-1.4759
57379552,1,43.5053,-1.476
57379552,2,43.5053,-1.4761
57379552,3,43.5054,-1.4761
57379552,4,43.5054,-1.4762
57379552,5,43.5054,-1.4763
57379552,6,43.5054,-1.4766
57379552,7,43.5055,-1.4774
57379552,8,43.5055,-1.4774
57379552,9,43.5056,-1.4775
57379552,10,43.5057,-1.4775
57379552,11,43.5057,-1.4776
57379552,12,43.5057,-1.4778
57379552,13,43.5058,-1.4785
57853917,0,43.4855,-1.4731
57853917,1,43.4855,-1.4731
57853917,2,43.4854,-1.4731
57853917,3,43.4854,-1.4731
57853917,4,43.4853,-1.4731
57853917,5,43.4852,-1.4731
57853917,6,43.4851,-1.4731
57853925,0,43.4868,-1.469
57853925,1,43.4868,-1.469
57853925,2,43.4867,-1.469
57853925,3,43.4866,-1.4691
57853925,4,43.4866,-1.4691
57853925,5,43.4866,-1.4692
57853925,6,43.4865,-1.4692
57853925,7,43.4865,-1.4693
57853925,8,43.4865,-1.4694
57853925,9,43.4865,-1.47
57853925,10,43.4865,-1.4701
57853925,11,43.4865,-1.4702
57853925,12,43.4864,-1.4704
57853925,13,43.4864,-1.4705
57853925,14,43.4862,-1.4708
57853925,15,43.4859,-1.4712
57853925,16,43.4856,-1.4715
57853925,17,43.485,-1.4724
57853925,18,43.4849,-1.4725
57853925,19,43.4849,-1.4726
57853925,20,43.4849,-1.4726
57853925,21,43.4851,-1.4729
57853925,22,43.4851,-1.473
57853937,0,43.4841,-1.4653
57853937,1,43.484,-1.4647
57853937,2,43.484,-1.4645
57853937,3,43.484,-1.464
57853937,4,43.484,-1.4639
57853937,5,43.484,-1.4637
57853937,6,43.4839,-1.4636
57853937,7,43.484,-1.4635
57853937,8,43.484,-1.4634
57853937,9,43.484,-1.4633
57864362,0,43.4816,-1.4656
57864362,1,43.4816,-1.4656
57864362,2,43.4807,-1.4668
57864362,3,43.4806,-1.4669
57864362,4,43.4804,-1.465
57864363,0,43.4824,-1.4694
57864363,1,43.4824,-1.4694
57864363,2,43.4825,-1.4695
57864363,3,43.4827,-1.4695
57864363,4,43.4828,-1.4695
57864363,5,43.4828,-1.4695
57864363,6,43.4828,-1.4695
57864363,7,43.4828,-1.4695
57864363,8,43.4828,-1.4694
57864363,9,43.4828,-1.4693
57864363,10,43.4828,-1.4693
57864363,11,43.4828,-1.4692
57864363,12,43.4828,-1.4691
57864363,13,43.4828,-1.4691
57864363,14,43.4828,-1.469
57864363,15,43.4828,-1.4689
57864363,16,43.483,-1.4687
57864363,17,43.483,-1.4686
57864363,18,43.4831,-1.4685
57864364,0,43.4812,-1.465
57864364,1,43.4812,-1.465
57864364,2,43.4812,-1.465
57864364,3,43.4811,-1.465
57864364,4,43.4808,-1.465
57864364,5,43.4806,-1.465
57864364,6,43.4804,-1.465
57864364,7,43.48,-1.465
57864365,0,43.4821,-1.4665
57864365,1,43.4821,-1.4665
57864365,2,43.482,-1.4665
57864365,3,43.482,-1.4665
57864365,4,43.4819,-1.4665
57864365,5,43.4819,-1.4666
57864365,6,43.4818,-1.4666
57864365,7,43.4817,-1.4667
57864365,8,43.4813,-1.4674
57864365,9,43.481,-1.4678
57864365,10,43.4809,-1.468
57864365,11,43.4808,-1.4681
57864365,12,43.4808,-1.4682
57864365,13,43.4806,-1.4682
57864365,14,43.4806,-1.4683
57864365,15,43.4805,-1.4683
57864365,16,43.4804,-1.4682
57864365,17,43.4804,-1.4682
57864365,18,43.4803,-1.4682
57864365,19,43.4802,-1.4681
57864365,20,43.4802,-1.468
57864365,21,43.4802,-1.4679
57864365,22,43.4801,-1.4678
57864365,23,43.4801,-1.4677
57864365,24,43.4801,-1.4676
57864365,25,43.4801,-1.4674
57864365,26,43.4801,-1.4672
57864365,27,43.4801,-1.4671
57864365,28,43.48,-1.467
57864365,29,43.48,-1.4669
57864365,30,43.48,-1.4668
57864365,31,43.4799,-1.4667
57864365,32,43.4798,-1.4667
57864365,33,43.4798,-1.4666
57864365,34,43.4797,-1.4666
57864365,35,43.4796,-1.4665
57864365,36,43.4796,-1.4664
57864365,37,43.4796,-1.4663
57864365,38,43.4796,-1.466
57864365,39,43.4796,-1.4654
57864368,0,43.4834,-1.4665
57864368,1,43.4834,-1.4665
57864368,2,43.4834,-1.4665
57864368,3,43.4833,-1.4669
57864368,4,43.4832,-1.4674
57864368,5,43.4832,-1.468
57864368,6,43.4832,-1.4681
57864368,7,43.4832,-1.4681
57864368,8,43.4831,-1.4685
57864372,0,43.4838,-1.4665
57864372,1,43.4837,-1.4665
57864372,2,43.4837,-1.4665
57864372,3,43.4836,-1.4665
57864372,4,43.4834,-1.4665
57864372,5,43.4834,-1.4665
57864372,6,43.4834,-1.4665
57864372,7,43.4832,-1.4664
57864372,8,43.483,-1.4664
57864372,9,43.4829,-1.4664
57864372,10,43.4829,-1.4664
57864373,0,43.4829,-1.4662
57864373,1,43.4828,-1.4663
57864373,2,43.4828,-1.4664
57864373,3,43.4825,-1.4672
57864373,4,43.4824,-1.4673
57864374,0,43.4827,-1.4661
57864374,1,43.4826,-1.4661
57864374,2,43.4826,-1.4661
57864374,3,43.4826,-1.4662
57864374,4,43.4826,-1.4662
57864374,5,43.4824,-1.4664
57864374,6,43.4824,-1.4665
57864374,7,43.4823,-1.4665
57864374,8,43.4823,-1.4666
57864374,9,43.4822,-1.4666
57864374,10,43.4821,-1.4665
57864996,0,43.4831,-1.4685
57864996,1,43.4827,-1.4683
57864996,2,43.4827,-1.4683
57864996,3,43.4825,-1.4682
57864996,4,43.4822,-1.4681
57864998,0,43.4806,-1.4669
57864998,1,43.4807,-1.4676
57864998,2,43.4807,-1.4677
57864998,3,43.4808,-1.4678
57864998,4,43.4809,-1.468
57864998,5,43.481,-1.4681
57864998,6,43.481,-1.4682
57864998,7,43.4811,-1.4682
57864998,8,43.4812,-1.4682
57864998,9,43.4812,-1.4683
57864998,10,43.4813,-1.4683
57864998,11,43.4814,-1.4682
57864998,12,43.4817,-1.4682
57864998,13,43.4819,-1.4681
57864998,14,43.4819,-1.4681
57864998,15,43.482,-1.4681
57865000,0,43.4827,-1.4683
57865000,1,43.4825,-1.4685
57865000,2,43.4824,-1.4687
57865000,3,43.4823,-1.4687
57865000,4,43.482,-1.4687
57865000,5,43.4818,-1.4687
57865000,6,43.4814,-1.4687
57865000,7,43.4813,-1.4688
57865000,8,43.4812,-1.4689
57865000,9,43.4811,-1.4689
57865000,10,43.4804,-1.4688
57865000,11,43.4804,-1.4688
57865000,12,43.4804,-1.4689
57865000,13,43.4803,-1.4689
57868021,0,43.4947,-1.4626
57868021,1,43.4949,-1.4622
57868023,0,43.4952,-1.4642
57868023,1,43.4951,-1.4642
57868023,2,43.4946,-1.4649
57868024,0,43.495,-1.4629
57868024,1,43.4953,-1.4626
57868025,0,43.4952,-1.4643
57868025,1,43.4952,-1.4643
57868025,2,43.4953,-1.4643
57868025,3,43.4957,-1.4638
57868025,4,43.4957,-1.4637
57868025,5,43.4958,-1.4633
57868026,0,43.4945,-1.4624
57868026,1,43.4944,-1.4621
57868027,0,43.494,-1.4646
57868027,1,43.4933,-1.4637
57868029,0,43.4953,-1.4633
57868029,1,43.495,-1.4629
57868029,2,43.4947,-1.4626
57868029,3,43.4945,-1.4624
57868029,4,43.4943,-1.4626
57868029,5,43.4942,-1.4626
57868029,6,43.4942,-1.4626
57868030,0,43.4949,-1.4637
57868030,1,43.4949,-1.4637
57868030,2,43.4953,-1.4633
57868030,3,43.4957,-1.4628
57868031,0,43.4953,-1.4656
57868031,1,43.4953,-1.4656
57868031,2,43.4949,-1.466
57868031,3,43.4949,-1.4661
57868031,4,43.4949,-1.4661
57868031,5,43.495,-1.4663
57869093,0,43.4945,-1.4669
57869093,1,43.4945,-1.4669
57869093,2,43.4947,-1.4666
57869093,3,43.4947,-1.4666
57869093,4,43.4947,-1.4666
57869093,5,43.4948,-1.4667
57869093,6,43.4949,-1.4668
57869093,7,43.4949,-1.4669
57869093,8,43.4949,-1.4669
57869093,9,43.4947,-1.4671
57869093,10,43.4947,-1.4672
57869097,0,43.4934,-1.4654
57869097,1,43.4934,-1.4653
57869097,2,43.4928,-1.4646
57869097,3,43.4928,-1.4645
57869097,4,43.4927,-1.4645
57869097,5,43.4921,-1.4636
57869097,6,43.492,-1.4635
57869097,7,43.492,-1.4635
57869097,8,43.492,-1.4634
57869097,9,43.4918,-1.4632
57869097,10,43.4916,-1.4629
57869097,11,43.4912,-1.4623
57869974,0,43.4928,-1.4569
57869974,1,43.4933,-1.4566
57869974,2,43.4935,-1.4564
57869974,3,43.4935,-1.4557
57869974,4,43.4935,-1.4551
57869974,5,43.4936,-1.4546
57869974,6,43.493,-1.454
57869977,0,43.4933,-1.4566
57869977,1,43.493,-1.456
57869977,2,43.4928,-1.4556
57869977,3,43.4924,-1.4546
57869981,0,43.4935,-1.4551
57869981,1,43.4933,-1.4551
57869981,2,43.4932,-1.4551
57869981,3,43.4928,-1.4546
57869981,4,43.4927,-1.4543
57869990,0,43.4926,-1.4566
57869990,1,43.4913,-1.457
57869990,2,43.491,-1.4572
57869990,3,43.4903,-1.4575
57869990,4,43.4901,-1.4575
57869998,0,43.4938,-1.4578
57869998,1,43.4937,-1.4578
57869998,2,43.4937,-1.4577
57869998,3,43.4935,-1.4577
57869999,0,43.4939,-1.4557
57869999,1,43.4939,-1.4557
57869999,2,43.4935,-1.4557
57870002,0,43.4928,-1.4556
57870002,1,43.493,-1.4555
57870002,2,43.4931,-1.4557
57870002,3,43.493,-1.456
57883064,0,43.478,-1.5014
57883064,1,43.4778,-1.4999
57883064,2,43.4778,-1.4999
57883064,3,43.4776,-1.4989
57883065,0,43.4863,-1.4945
57883065,1,43.4865,-1.4934
57883065,2,43.4866,-1.4934
57883065,3,43.4867,-1.4934
57883065,4,43.4868,-1.4935
57883066,0,43.4841,-1.4994
57883066,1,43.484,-1.4993
57883067,0,43.4793,-1.5027
57883067,1,43.4793,-1.5028
57883067,2,43.4793,-1.5028
57883067,3,43.4793,-1.5029
57883067,4,43.4794,-1.5031
57883067,5,43.4795,-1.5033
57883067,6,43.4795,-1.5034
57883067,7,43.4795,-1.5035
57883067,8,43.4794,-1.5038
57883067,9,43.4794,-1.5039
57883067,10,43.4794,-1.504
57883067,11,43.4793,-1.5041
57883067,12,43.4793,-1.5041
57883067,13,43.4792,-1.5041
57883067,14,43.4792,-1.5042
57883067,15,43.4791,-1.5042
57883067,16,43.4791,-1.5043
57883067,17,43.479,-1.5044
57883067,18,43.479,-1.5046
57883067,19,43.4789,-1.5047
57883067,20,43.4789,-1.5047
57883067,21,43.4789,-1.5048
57883067,22,43.4789,-1.5048
57883068,0,43.4783,-1.4938
57883068,1,43.4784,-1.4937
57883068,2,43.4784,-1.4937
57883068,3,43.48,-1.4935
57883068,4,43.481,-1.4933
57883068,5,43.4811,-1.4933
57883068,6,43.4811,-1.4932
57883068,7,43.4814,-1.4931
57883068,8,43.4815,-1.493
57883075,0,43.4816,-1.4983
57883075,1,43.4816,-1.4983
57883075,2,43.4815,-1.4983
57883075,3,43.4806,-1.4977
57883076,0,43.4851,-1.4943
57883076,1,43.4851,-1.4943
57883076,2,43.4851,-1.4942
57883076,3,43.485,-1.4942
57883076,4,43.485,-1.4942
57883076,5,43.485,-1.4941
57883076,6,43.485,-1.4941
57883076,7,43.4851,-1.4941
57883076,8,43.4851,-1.4941
57883076,9,43.4851,-1.494
57883076,10,43.4851,-1.494
57883076,11,43.4852,-1.4941
57883081,0,43.4832,-1.4989
57883081,1,43.4833,-1.4985
57883081,2,43.4835,-1.4978
57883081,3,43.4839,-1.4962
57883081,4,43.4839,-1.4962
57883084,0,43.4796,-1.5013
57883084,1,43.4797,-1.5014
57883088,0,43.4824,-1.4967
57883088,1,43.4824,-1.4966
57883088,2,43.4822,-1.4965
57883088,3,43.4821,-1.4962
57883088,4,43.4817,-1.4958
57883088,5,43.4817,-1.4957
57883088,6,43.4816,-1.4951
57883089,0,43.4781,-1.4949
57883089,1,43.4777,-1.495
57883089,2,43.4776,-1.495
57883089,3,43.4773,-1.495
57883089,4,43.4772,-1.4949
57883089,5,43.4772,-1.495
57883089,6,43.4771,-1.495
57883089,7,43.477,-1.495
57883089,8,43.4769,-1.4952
57883089,9,43.4768,-1.4953
57883089,10,43.4763,-1.4955
57883089,11,43.4762,-1.4955
57883089,12,43.4762,-1.4955
57883089,13,43.4761,-1.4955
57883089,14,43.476,-1.4955
57883089,15,43.476,-1.4955
57883089,16,43.4759,-1.4955
57883089,17,43.4759,-1.4956
57883089,18,43.4759,-1.4957
57883089,19,43.4758,-1.4957
57883089,20,43.4759,-1.4959
57883092,0,43.4783,-1.5014
57883092,1,43.4783,-1.5009
57883092,2,43.4783,-1.5007
57883092,3,43.4781,-1.4998
57883092,4,43.4781,-1.4993
57883092,5,43.478,-1.4989
57883092,6,43.478,-1.4988
57883105,0,43.4885,-1.4942
57883105,1,43.488,-1.4942
57883105,2,43.4876,-1.4942
57883105,3,43.4876,-1.4943
57883105,4,43.4875,-1.4943
57883105,5,43.4874,-1.4943
57883105,6,43.4873,-1.4944
57883105,7,43.4872,-1.4945
57883105,8,43.4871,-1.4945
57883105,9,43.4871,-1.4945
57883105,10,43.487,-1.4945
57883105,11,43.4869,-1.4945
57883105,12,43.4868,-1.4945
57883105,13,43.4868,-1.4945
57883105,14,43.4868,-1.4945
57883109,0,43.4782,-1.4956
57883109,1,43.4781,-1.4949
57883109,2,43.478,-1.4943
57883109,3,43.478,-1.4943
57883109,4,43.478,-1.4943
57883109,5,43.4779,-1.4942
57883109,6,43.4778,-1.4942
57883109,7,43.4775,-1.4942
57883109,8,43.4775,-1.4942
57883109,9,43.4772,-1.4942
57883109,10,43.4771,-1.4942
57883109,11,43.4771,-1.4942
57883109,12,43.4771,-1.4943
57883109,13,43.477,-1.4943
57883109,14,43.477,-1.4943
57883109,15,43.4768,-1.4943
57883109,16,43.4764,-1.4944
57883109,17,43.4765,-1.4945
57883109,18,43.4765,-1.4946
57883109,19,43.4767,-1.4945
57883109,20,43.4768,-1.4943
57883111,0,43.4794,-1.5024
57883111,1,43.4794,-1.5024
57883111,2,43.4794,-1.5024
57883111,3,43.4793,-1.5024
57883111,4,43.4793,-1.5024
57883111,5,43.4782,-1.5025
57883112,0,43.4854,-1.4992
57883112,1,43.4854,-1.499
57883112,2,43.4853,-1.4987
57883112,3,43.4851,-1.4981
57883112,4,43.4851,-1.4981
57883112,5,43.4852,-1.498
57883112,6,43.4855,-1.4977
57883112,7,43.4858,-1.4973
57883117,0,43.4809,-1.4974
57883117,1,43.4809,-1.4973
57883117,2,43.481,-1.497
57883117,3,43.4811,-1.4968
57883117,4,43.4812,-1.4966
57883117,5,43.4814,-1.4963
57883118,0,43.481,-1.4994
57883118,1,43.481,-1.4994
57883118,2,43.4811,-1.4994
57883118,3,43.4813,-1.4996
57883118,4,43.4816,-1.4998
57883118,5,43.4822,-1.5002
57883118,6,43.4831,-1.5007
57883118,7,43.4836,-1.5009
57883118,8,43.4836,-1.5009
57883118,9,43.4836,-1.5009
57883120,0,43.4786,-1.4956
57883120,1,43.4787,-1.4956
57883120,2,43.4787,-1.4956
57883120,3,43.4812,-1.4952
57883120,4,43.4812,-1.4952
57883120,5,43.4812,-1.4952
57883122,0,43.4804,-1.5006
57883122,1,43.4804,-1.5006
57883122,2,43.4805,-1.5006
57883122,3,43.4812,-1.5012
57883122,4,43.4812,-1.5012
57883131,0,43.4822,-1.4972
57883131,1,43.4821,-1.4971
57883131,2,43.4814,-1.4964
57883131,3,43.4814,-1.4963
57883131,4,43.4813,-1.4962
57883131,5,43.4812,-1.4952
57883137,0,43.4827,-1.4954
57883137,1,43.4827,-1.4954
57883137,2,43.4828,-1.4951
57883137,3,43.4828,-1.4951
57883137,4,43.4828,-1.4951
57883137,5,43.4828,-1.495
57883137,6,43.4821,-1.4945
57883137,7,43.4819,-1.4942
57883137,8,43.4818,-1.4942
57883137,9,43.4818,-1.4941
57883137,10,43.4817,-1.4939
57883137,11,43.4817,-1.4939
57883137,12,43.4816,-1.4938
57883137,13,43.4815,-1.4938
57883137,14,43.4815,-1.4938
57883137,15,43.4814,-1.4938
57883137,16,43.4812,-1.4938
57883137,17,43.4811,-1.4938
57883146,0,43.4793,-1.5011
57883146,1,43.4793,-1.5011
57883146,2,43.4793,-1.501
57883146,3,43.4792,-1.5007
57883146,4,43.4792,-1.5007
57883146,5,43.4792,-1.5001
57883146,6,43.4791,-1.4995
57883146,7,43.4791,-1.4994
57883146,8,43.4791,-1.4992
57883146,9,43.479,-1.4988
57883146,10,43.479,-1.4988
57883146,11,43.479,-1.4986
57883146,12,43.479,-1.4986
57883147,0,43.4832,-1.4958
57883147,1,43.4832,-1.4959
57883147,2,43.4825,-1.4983
57883147,3,43.4825,-1.4984
57883149,0,43.4786,-1.4956
57883149,1,43.4786,-1.4956
57883149,2,43.4784,-1.4957
57883149,3,43.4782,-1.4956
57883149,4,43.4782,-1.4956
57883149,5,43.4781,-1.4956
57883149,6,43.4781,-1.4957
57883149,7,43.478,-1.4959
57883149,8,43.4779,-1.496
57883149,9,43.4778,-1.496
57883149,10,43.4778,-1.496
57883149,11,43.4777,-1.496
57883149,12,43.4775,-1.496
57883149,13,43.4774,-1.496
57883149,14,43.4771,-1.4961
57883149,15,43.477,-1.4962
57883149,16,43.4769,-1.4962
57883149,17,43.4768,-1.4963
57883149,18,43.4768,-1.4964
57883149,19,43.4767,-1.4965
57883149,20,43.4764,-1.4966
57883149,21,43.4763,-1.4966
57883149,22,43.4763,-1.4967
57883149,23,43.4763,-1.4968
57883149,24,43.4762,-1.497
57883150,0,43.4876,-1.4942
57883150,1,43.4876,-1.4939
57883150,2,43.4876,-1.4936
57883151,0,43.4868,-1.4944
57883151,1,43.4868,-1.4943
57883151,2,43.4868,-1.4942
57883151,3,43.4868,-1.4938
57883151,4,43.4868,-1.4935
57883151,5,43.4868,-1.4934
57883151,6,43.4868,-1.4929
57883151,7,43.4868,-1.4929
57883154,0,43.4873,-1.4944
57883154,1,43.4874,-1.495
57883159,0,43.485,-1.4941
57883159,1,43.4847,-1.4942
57883159,2,43.4846,-1.4941
57883159,3,43.4842,-1.493
57883161,0,43.4785,-1.4947
57883161,1,43.4785,-1.4947
57883161,2,43.4811,-1.4942
57883161,3,43.4811,-1.4942
57883167,0,43.4881,-1.4932
57883167,1,43.4881,-1.4933
57883167,2,43.4881,-1.4933
57883167,3,43.488,-1.4938
57883167,4,43.488,-1.4941
57883167,5,43.488,-1.4942
57883174,0,43.4846,-1.4965
57883174,1,43.4846,-1.4964
57883174,2,43.4845,-1.4964
57883174,3,43.4839,-1.4962
57883174,4,43.4837,-1.4961
57883174,5,43.4833,-1.4959
57883174,6,43.4832,-1.4958
57883174,7,43.4831,-1.4958
57883174,8,43.483,-1.4958
57883174,9,43.483,-1.4958
57883174,10,43.4829,-1.4959
57883174,11,43.4829,-1.4959
57883174,12,43.4828,-1.496
57883174,13,43.4825,-1.4966
57883174,14,43.4824,-1.4967
57883174,15,43.4822,-1.4972
57883174,16,43.4819,-1.4978
57883174,17,43.4818,-1.4979
57883174,18,43.4818,-1.4979
57883174,19,43.4818,-1.498
57883177,0,43.48,-1.5013
57883177,1,43.48,-1.5014
57883177,2,43.48,-1.5014
57883177,3,43.4805,-1.5019
57883177,4,43.4805,-1.5019
57883177,5,43.4805,-1.502
57883177,6,43.4806,-1.5022
57883177,7,43.4806,-1.5034
57883177,8,43.4806,-1.5036
57883177,9,43.4806,-1.5037
57883177,10,43.4806,-1.5038
57883177,11,43.4805,-1.5039
57883177,12,43.4802,-1.5039
57883177,13,43.4801,-1.5039
57883177,14,43.4801,-1.5039
57883177,15,43.4801,-1.5038
57883177,16,43.4801,-1.5037
57883177,17,43.4801,-1.5036
57883177,18,43.4802,-1.5036
57883177,19,43.4806,-1.5034
57883182,0,43.4812,-1.4952
57883182,1,43.4816,-1.4951
57883182,2,43.4818,-1.4951
57883182,3,43.4818,-1.4951
57883182,4,43.482,-1.495
57883182,5,43.4821,-1.495
57883182,6,43.4822,-1.495
57883182,7,43.4823,-1.4951
57883182,8,43.4826,-1.4954
57883182,9,43.4827,-1.4954
57883182,10,43.4829,-1.4956
57883182,11,43.4829,-1.4957
57883182,12,43.483,-1.4958
57883182,13,43.483,-1.4958
57883859,0,43.4851,-1.4828
57883859,1,43.4851,-1.4829
57883859,2,43.4852,-1.4834
57883859,3,43.4852,-1.4835
57883859,4,43.4845,-1.4834
57883859,5,43.4838,-1.4835
57883859,6,43.4838,-1.4836
57883862,0,43.4784,-1.4888
57883862,1,43.478,-1.4879
57883862,2,43.4777,-1.4875
57883862,3,43.4777,-1.4874
57883862,4,43.4776,-1.4874
57883862,5,43.4771,-1.4874
57883862,6,43.477,-1.4874
57883862,7,43.4767,-1.4874
57883862,8,43.4766,-1.4874
57883862,9,43.4766,-1.4874
57883862,10,43.4765,-1.4874
57883862,11,43.4765,-1.4873
57883862,12,43.4764,-1.4873
57883862,13,43.4764,-1.4872
57883862,14,43.4764,-1.4871
57883862,15,43.4763,-1.4867
57883862,16,43.4762,-1.4858
57883862,17,43.4761,-1.4854
57883862,18,43.4761,-1.485
57883866,0,43.4819,-1.4873
57883866,1,43.482,-1.4873
57883866,2,43.4829,-1.4871
57883867,0,43.4837,-1.4861
57883867,1,43.4834,-1.4862
57883867,2,43.4832,-1.4862
57883867,3,43.4831,-1.4862
57883867,4,43.483,-1.4862
57883867,5,43.483,-1.4862
57883867,6,43.4828,-1.4863
57883867,7,43.4828,-1.4863
57883867,8,43.4827,-1.4863
57883867,9,43.4826,-1.4863
57883867,10,43.4825,-1.4862
57883867,11,43.4824,-1.4861
57883867,12,43.4823,-1.486
57883867,13,43.4822,-1.4859
57883867,14,43.4822,-1.4857
57883869,0,43.4658,-1.4947
57883869,1,43.4659,-1.4945
57883869,2,43.4661,-1.494
57883875,0,43.4761,-1.485
57883875,1,43.4756,-1.4847
57883875,2,43.4755,-1.4846
57883875,3,43.4754,-1.4846
57883875,4,43.4754,-1.4845
57883885,0,43.4846,-1.4827
57883885,1,43.4845,-1.4834
57883894,0,43.4791,-1.4846
57883894,1,43.479,-1.4848
57883894,2,43.479,-1.4849
57883894,3,43.479,-1.485
57883894,4,43.4789,-1.4852
57883894,5,43.4789,-1.4853
57883894,6,43.479,-1.4853
57883894,7,43.479,-1.4854
57883894,8,43.4791,-1.4854
57883894,9,43.4795,-1.4857
57883894,10,43.4796,-1.4858
57883894,11,43.4797,-1.4858
57883894,12,43.4797,-1.4858
57883894,13,43.4798,-1.4859
57883896,0,43.4818,-1.4864
57883896,1,43.4818,-1.4864
57883896,2,43.4818,-1.4865
57883896,3,43.4818,-1.4867
57883896,4,43.4819,-1.4869
57883896,5,43.4819,-1.4873
57883896,6,43.4819,-1.4874
57883896,7,43.4819,-1.4875
57883896,8,43.4818,-1.4876
57883914,0,43.4804,-1.4861
57883914,1,43.4808,-1.4854
57883914,2,43.4811,-1.4848
57883914,3,43.4812,-1.4847
57883914,4,43.4812,-1.4846
57883914,5,43.4811,-1.4845
57883914,6,43.4811,-1.4837
57883916,0,43.4816,-1.4845
57883916,1,43.4828,-1.4844
57883916,2,43.4828,-1.4843
57883928,0,43.4808,-1.483
57883928,1,43.4807,-1.4831
57883928,2,43.4807,-1.4832
57883932,0,43.4754,-1.4845
57883932,1,43.4752,-1.4847
57883932,2,43.4752,-1.4847
57883932,3,43.4749,-1.4849
57883932,4,43.4749,-1.4849
57883932,5,43.4748,-1.485
57883932,6,43.4743,-1.4853
57883932,7,43.4742,-1.4854
57883932,8,43.4737,-1.4857
57883932,9,43.4734,-1.4859
57883932,10,43.4731,-1.486
57883932,11,43.4728,-1.4862
57883932,12,43.4726,-1.4863
57883932,13,43.4725,-1.4863
57883932,14,43.4724,-1.4864
57883934,0,43.4806,-1.4837
57883934,1,43.4806,-1.4837
57883934,2,43.4807,-1.4838
57883934,3,43.4811,-1.4837
57883934,4,43.4813,-1.4837
57883934,5,43.4815,-1.4836
57883934,6,43.4815,-1.4836
57883934,7,43.482,-1.4835
57883934,8,43.4825,-1.4835
57883934,9,43.4826,-1.4834
57883934,10,43.4827,-1.4834
57883934,11,43.4832,-1.4833
57883936,0,43.4823,-1.4826
57883936,1,43.4824,-1.4826
57883936,2,43.4826,-1.4834
57883936,3,43.4826,-1.4834
57883938,0,43.4811,-1.4827
57883938,1,43.481,-1.4828
57883938,2,43.481,-1.4828
57883938,3,43.4809,-1.4828
57883938,4,43.4808,-1.4829
57884322,0,43.4763,-1.483
57884322,1,43.4763,-1.4829
57884322,2,43.4764,-1.4829
57884322,3,43.4764,-1.4828
57884322,4,43.4764,-1.4828
57884322,5,43.4764,-1.4827
57884322,6,43.4765,-1.4827
57884322,7,43.4765,-1.4826
57884322,8,43.4766,-1.4825
57884322,9,43.4767,-1.4824
57884322,10,43.4769,-1.4822
57884322,11,43.477,-1.4822
57884322,12,43.4771,-1.4821
57884322,13,43.4771,-1.4821
57884326,0,43.4855,-1.476
57884326,1,43.4856,-1.476
57884326,2,43.4856,-1.4761
57884326,3,43.4859,-1.4763
57884331,0,43.487,-1.4763
57884331,1,43.4869,-1.4764
57884331,2,43.4868,-1.4764
57884331,3,43.4867,-1.4764
57884331,4,43.4866,-1.4765
57884331,5,43.4866,-1.4765
57884331,6,43.4865,-1.4765
57884331,7,43.4862,-1.4764
57884331,8,43.4861,-1.4763
57884331,9,43.4859,-1.4763
57884337,0,43.4847,-1.4812
57884337,1,43.4846,-1.4814
57884337,2,43.4844,-1.4816
57884337,3,43.4844,-1.4816
57884337,4,43.4844,-1.4817
57884337,5,43.4845,-1.4825
57884339,0,43.4826,-1.4737
57884339,1,43.4826,-1.4737
57884339,2,43.4827,-1.4738
57884339,3,43.4831,-1.4741
57884339,4,43.4832,-1.4741
57884339,5,43.484,-1.4748
57884339,6,43.4847,-1.4753
57884339,7,43.4849,-1.4754
57884339,8,43.4849,-1.4754
57884340,0,43.4841,-1.4804
57884340,1,43.484,-1.4804
57884340,2,43.4837,-1.4806
57884340,3,43.4837,-1.4806
57884340,4,43.4838,-1.4807
57884343,0,43.4852,-1.4763
57884343,1,43.4851,-1.4763
57884343,2,43.485,-1.4764
57884344,0,43.484,-1.4769
57884344,1,43.4842,-1.4776
57884344,2,43.4842,-1.4777
57884344,3,43.4843,-1.4781
57884344,4,43.4843,-1.4782
57884344,5,43.4843,-1.4782
57884344,6,43.4843,-1.4782
57884344,7,43.4844,-1.4782
57884344,8,43.4845,-1.4782
57884344,9,43.4847,-1.4782
57884353,0,43.4819,-1.4775
57884353,1,43.4819,-1.4775
57884353,2,43.4818,-1.4776
57884353,3,43.4818,-1.4777
57884355,0,43.4811,-1.4746
57884355,1,43.4808,-1.4746
57884358,0,43.4843,-1.4801
57884358,1,43.4843,-1.48
57884358,2,43.4842,-1.48
57884358,3,43.4842,-1.4798
57884358,4,43.4841,-1.4797
57884358,5,43.4841,-1.4795
57884358,6,43.4839,-1.4792
57884358,7,43.4839,-1.4792
57884358,8,43.4839,-1.4792
57884358,9,43.4837,-1.4785
57884358,10,43.4835,-1.4781
57884358,11,43.4835,-1.478
57884359,0,43.48,-1.4766
57884359,1,43.4801,-1.4767
57884359,2,43.4803,-1.4768
57884359,3,43.4805,-1.4768
57884359,4,43.4806,-1.4769
57884359,5,43.4808,-1.4769
57884359,6,43.4808,-1.477
57884359,7,43.4809,-1.4771
57884359,8,43.481,-1.4773
57884359,9,43.481,-1.4775
57884359,10,43.481,-1.4777
57884359,11,43.481,-1.4779
57884359,12,43.4809,-1.4781
57884359,13,43.4809,-1.4782
57884359,14,43.4807,-1.4786
57884359,15,43.4805,-1.4791
57884359,16,43.4804,-1.4792
57884368,0,43.4828,-1.4784
57884368,1,43.483,-1.4794
57884368,2,43.4831,-1.4795
57884368,3,43.4839,-1.4792
57884368,4,43.4839,-1.4791
57884368,5,43.4843,-1.4789
57884368,6,43.4844,-1.4789
57884368,7,43.4844,-1.4789
57884368,8,43.4845,-1.4789
57884371,0,43.4818,-1.4772
57884371,1,43.4818,-1.4772
57884371,2,43.4817,-1.4771
57884371,3,43.4816,-1.477
57884371,4,43.4815,-1.4769
57884371,5,43.4815,-1.4768
57884371,6,43.4813,-1.4765
57884371,7,43.4811,-1.4762
57884371,8,43.4811,-1.4761
57884371,9,43.4811,-1.476
57884371,10,43.481,-1.4759
57884371,11,43.481,-1.4758
57884372,0,43.4798,-1.4783
57884372,1,43.4798,-1.4783
57884372,2,43.4795,-1.4783
57884372,3,43.4795,-1.4782
57884372,4,43.4794,-1.4781
57884372,5,43.4794,-1.478
57884372,6,43.4795,-1.4779
57884374,0,43.4856,-1.4777
57884374,1,43.4856,-1.4775
57884374,2,43.4856,-1.4765
57884374,3,43.4856,-1.4764
57884374,4,43.4856,-1.4763
57884374,5,43.4855,-1.4762
57884378,0,43.4851,-1.476
57884378,1,43.4851,-1.476
57884378,2,43.4851,-1.4759
57884378,3,43.4851,-1.4759
57884378,4,43.4852,-1.4758
57884378,5,43.4852,-1.4758
57884378,6,43.4853,-1.4758
57884378,7,43.4854,-1.4758
57884378,8,43.4854,-1.4759
57884378,9,43.4855,-1.4759
57884378,10,43.4855,-1.476
57884388,0,43.4853,-1.4778
57884388,1,43.4852,-1.4773
57884388,2,43.4851,-1.4773
57884388,3,43.4851,-1.4773
57884389,0,43.4771,-1.4821
57884389,1,43.4771,-1.4826
57884398,0,43.4847,-1.4765
57884398,1,43.4848,-1.4764
57884398,2,43.4849,-1.4762
57884398,3,43.4851,-1.476
57884400,0,43.4835,-1.478
57884400,1,43.4834,-1.478
57884400,2,43.4833,-1.4775
57884400,3,43.4833,-1.4774
57884400,4,43.4833,-1.4774
57884400,5,43.4832,-1.4773
57884400,6,43.4832,-1.477
57884400,7,43.4831,-1.4769
57884400,8,43.4831,-1.4769
57884469,0,43.4894,-1.4536
57884469,1,43.4893,-1.4526
57884469,2,43.4892,-1.4526
57884469,3,43.4882,-1.4528
57884469,4,43.4877,-1.4529
57884469,5,43.4877,-1.453
57884469,6,43.4877,-1.4532
57884469,7,43.4878,-1.454
57884471,0,43.4883,-1.4539
57884471,1,43.4882,-1.4528
57884472,0,43.5014,-1.4823
57884472,1,43.501,-1.4828
57884472,2,43.5005,-1.4833
57884472,3,43.5004,-1.4834
57884472,4,43.5002,-1.4837
57884473,0,43.4902,-1.4532
57884473,1,43.4902,-1.4532
57884473,2,43.4902,-1.4531
57884473,3,43.4902,-1.4528
57884473,4,43.4902,-1.4526
57884473,5,43.4903,-1.4524
57884473,6,43.4903,-1.4522
57884473,7,43.4902,-1.4521
57884473,8,43.4902,-1.4519
57884473,9,43.4901,-1.4517
57884473,10,43.49,-1.4515
57884473,11,43.49,-1.4514
57884473,12,43.4898,-1.4513
57884473,13,43.4897,-1.4512
57884473,14,43.4896,-1.4511
57884473,15,43.4895,-1.4511
57884473,16,43.4886,-1.451
57884473,17,43.4883,-1.4509
57884473,18,43.4876,-1.4508
58077894,0,43.4959,-1.4378
58077894,1,43.496,-1.4379
58077894,2,43.496,-1.438
58078306,0,43.4993,-1.4368
58078306,1,43.4991,-1.4368
58078306,2,43.499,-1.4367
58078306,3,43.499,-1.4366
58078306,4,43.4988,-1.4366
58078306,5,43.4987,-1.4366
58078306,6,43.4984,-1.4365
58078306,7,43.4983,-1.4365
58078306,8,43.4982,-1.4364
58078306,9,43.4979,-1.4364
58078306,10,43.4978,-1.4364
58078306,11,43.4978,-1.4363
58078306,12,43.4977,-1.4363
58078306,13,43.4976,-1.4362
58078306,14,43.4975,-1.436
58078306,15,43.4974,-1.4358
58078306,16,43.4973,-1.4357
58078306,17,43.4972,-1.4356
58078306,18,43.4971,-1.4354
58078306,19,43.4967,-1.4349
58078306,20,43.4966,-1.4346
58078306,21,43.4965,-1.4344
58078306,22,43.4965,-1.4343
58078306,23,43.4964,-1.4343
58078322,0,43.4972,-1.4356
58078322,1,43.4972,-1.4356
58078322,2,43.4972,-1.4356
58078322,3,43.4971,-1.4357
58078322,4,43.4967,-1.4358
58078322,5,43.4965,-1.4358
58078322,6,43.4965,-1.4359
58078322,7,43.4965,-1.4359
58078322,8,43.4965,-1.436
58078322,9,43.4965,-1.437
58078343,0,43.4967,-1.4349
58078343,1,43.4972,-1.4346
58078343,2,43.4975,-1.4345
58078346,0,43.4972,-1.4346
58078346,1,43.4975,-1.4354
58078346,2,43.4975,-1.4354
58078376,0,43.4972,-1.4356
58078376,1,43.4973,-1.4356
58078376,2,43.4973,-1.4356
58078376,3,43.4974,-1.4355
58078376,4,43.4975,-1.4354
58078376,5,43.4978,-1.4353
58078376,6,43.498,-1.4351
58078376,7,43.4983,-1.435
58078376,8,43.499,-1.4347
58078376,9,43.499,-1.4347
58078376,10,43.499,-1.4347
58078376,11,43.4991,-1.4347
58078376,12,43.4992,-1.4347
58078376,13,43.4992,-1.4348
58078376,14,43.4993,-1.4348
58078376,15,43.4993,-1.4348
58078412,0,43.4965,-1.434
58078412,1,43.4965,-1.4339
58078412,2,43.4965,-1.4339
58078412,3,43.4965,-1.4339
58078412,4,43.4964,-1.4338
58078412,5,43.4964,-1.4337
58078412,6,43.4963,-1.4333
58078412,7,43.4963,-1.4328
58078412,8,43.4962,-1.4327
58078412,9,43.4962,-1.4326
58078412,10,43.4962,-1.4326
58078412,11,43.4958,-1.4323
58078412,12,43.4958,-1.4323
58078412,13,43.4957,-1.4323
58078412,14,43.4956,-1.4328
58078412,15,43.4956,-1.4331
58078412,16,43.4956,-1.4333
58078412,17,43.4956,-1.4334
58078412,18,43.4956,-1.4334
58078412,19,43.4952,-1.4335
58078412,20,43.495,-1.4336
58078412,21,43.4948,-1.4334
58078412,22,43.4946,-1.4332
58078442,0,43.4961,-1.436
58078442,1,43.4961,-1.436
58078442,2,43.4958,-1.436
58078442,3,43.4958,-1.4359
58078442,4,43.4958,-1.4357
58078442,5,43.4956,-1.4354
58078442,6,43.4955,-1.4353
58078442,7,43.4955,-1.4353
58078442,8,43.4954,-1.4353
58078442,9,43.4947,-1.4356
58078454,0,43.4958,-1.436
58078454,1,43.4958,-1.4362
58078454,2,43.4958,-1.4365
58078454,3,43.4955,-1.437
58078454,4,43.4955,-1.437
58078454,5,43.4957,-1.4373
58078454,6,43.4958,-1.4373
58078454,7,43.4957,-1.4374
58078563,0,43.4951,-1.4379
58078563,1,43.495,-1.4378
58078563,2,43.4947,-1.4372
58078563,3,43.4946,-1.4371
58078563,4,43.4945,-1.437
58078563,5,43.4942,-1.437
58078563,6,43.4941,-1.4369
58078563,7,43.494,-1.4368
58078563,8,43.494,-1.4367
58078563,9,43.494,-1.4365
58078563,10,43.494,-1.4364
58078563,11,43.494,-1.4362
58078563,12,43.4939,-1.4361
58078563,13,43.4935,-1.4358
58078563,14,43.4932,-1.4356
58078563,15,43.4931,-1.4355
58078563,16,43.493,-1.4354
58078563,17,43.493,-1.4353
58078563,18,43.493,-1.4352
58078563,19,43.4932,-1.4344
58078563,20,43.4933,-1.4341
58078607,0,43.4954,-1.4413
58078607,1,43.4954,-1.4413
58078607,2,43.4952,-1.4415
58078607,3,43.4952,-1.4416
58078607,4,43.4951,-1.4417
58078607,5,43.495,-1.4418
58078607,6,43.495,-1.442
58078607,7,43.495,-1.4423
58078607,8,43.4949,-1.4424
58078607,9,43.495,-1.4424
58078607,10,43.495,-1.4425
58078607,11,43.4952,-1.4425
58078632,0,43.4954,-1.4464
58078632,1,43.4955,-1.4464
58078632,2,43.4957,-1.4464
58078632,3,43.4958,-1.4465
58078632,4,43.496,-1.4465
58078632,5,43.496,-1.4464
58078632,6,43.4963,-1.4459
58078632,7,43.4962,-1.4455
58078632,8,43.4961,-1.445
58078632,9,43.4962,-1.4446
58078632,10,43.4962,-1.4446
58078632,11,43.4963,-1.4441
58078632,12,43.4963,-1.4438
58078634,0,43.4938,-1.4464
58078634,1,43.4938,-1.4464
58078634,2,43.4939,-1.4464
58078634,3,43.4939,-1.4465
58078634,4,43.4941,-1.4468
58078634,5,43.4941,-1.4469
58078634,6,43.4941,-1.4469
58078634,7,43.4939,-1.4474
58152320,0,43.4798,-1.4582
58152320,1,43.4794,-1.4575
58152320,2,43.4794,-1.4574
58152320,3,43.4795,-1.4572
58152322,0,43.4818,-1.454
58152322,1,43.4819,-1.4539
58152322,2,43.4822,-1.4534
58152322,3,43.4824,-1.4531
58152322,4,43.4827,-1.4528
58152322,5,43.4829,-1.4526
58152322,6,43.4831,-1.4524
58152322,7,43.4831,-1.4524
58152322,8,43.4832,-1.4524
58152329,0,43.4808,-1.4572
58152329,1,43.4813,-1.4559
58152329,2,43.4815,-1.4555
58152329,3,43.4815,-1.4554
58152329,4,43.4815,-1.4552
58152329,5,43.4815,-1.4549
58152329,6,43.4815,-1.4547
58152329,7,43.4815,-1.4545
58152329,8,43.4815,-1.4543
58152329,9,43.4814,-1.4542
58152334,0,43.4815,-1.4545
58152334,1,43.4815,-1.4544
58152334,2,43.4816,-1.4542
58152334,3,43.4816,-1.4542
58152334,4,43.4817,-1.4541
58152334,5,43.4818,-1.454
58152335,0,43.4808,-1.4572
58152335,1,43.4807,-1.4573
58152335,2,43.4806,-1.4575
58152335,3,43.4806,-1.4575
58152335,4,43.4805,-1.4576
58152335,5,43.4804,-1.4577
58152335,6,43.4798,-1.4582
58152335,7,43.4795,-1.4584
58152343,0,43.4818,-1.4583
58152343,1,43.4819,-1.4582
58152343,2,43.4819,-1.4582
58152343,3,43.482,-1.4582
58152343,4,43.4821,-1.4581
58152343,5,43.4822,-1.4582
58152343,6,43.4823,-1.4582
58152343,7,43.4823,-1.4582
58152343,8,43.4824,-1.4581
58152343,9,43.4824,-1.4581
58152343,10,43.4825,-1.4579
58152343,11,43.4826,-1.4578
58152601,0,43.4789,-1.4554
58152601,1,43.479,-1.4554
58152601,2,43.479,-1.4553
58152601,3,43.479,-1.4552
58152601,4,43.4791,-1.4552
58152601,5,43.4791,-1.4551
58152601,6,43.4791,-1.455
58152601,7,43.4791,-1.455
58152601,8,43.4791,-1.4549
58152601,9,43.4791,-1.4548
58152601,10,43.4791,-1.4548
58152601,11,43.4791,-1.4547
58152602,0,43.479,-1.4546
58152602,1,43.479,-1.4546
58152602,2,43.479,-1.4545
58152602,3,43.479,-1.4544
58152602,4,43.479,-1.4544
58152602,5,43.479,-1.4543
58152602,6,43.4789,-1.4542
58152602,7,43.4789,-1.4542
58152602,8,43.4789,-1.4541
58152602,9,43.4788,-1.4541
58152602,10,43.4787,-1.4539
58152602,11,43.4786,-1.4538
58152602,12,43.4785,-1.4538
58152602,13,43.4785,-1.4537
58152602,14,43.4784,-1.4536
58152602,15,43.4783,-1.4534
58152602,16,43.4782,-1.4532
58152602,17,43.4781,-1.453
58152602,18,43.4781,-1.4528
58152602,19,43.4781,-1.4527
58152602,20,43.4781,-1.4522
58152602,21,43.4781,-1.452
58152602,22,43.4782,-1.4516
58152602,23,43.4782,-1.4509
58152602,24,43.4782,-1.4508
58152602,25,43.4783,-1.4507
58152602,26,43.4783,-1.4506
58152602,27,43.4784,-1.4505
58158237,0,43.4918,-1.455
58158237,1,43.4917,-1.4548
58158237,2,43.4916,-1.4542
58158244,0,43.4902,-1.4535
58158244,1,43.4901,-1.4536
58158249,0,43.4898,-1.4548
58158249,1,43.4897,-1.4546
58158249,2,43.4897,-1.4543
58158269,0,43.4868,-1.4571
58158269,1,43.4868,-1.457
58158269,2,43.4868,-1.4569
58158269,3,43.4868,-1.4569
58158269,4,43.4869,-1.4568
58158269,5,43.4875,-1.4567
58158269,6,43.4878,-1.4566
58158269,7,43.488,-1.4566
58158269,8,43.4881,-1.4565
58158269,9,43.4886,-1.4564
58158269,10,43.4887,-1.4564
58158269,11,43.4888,-1.4564
58158269,12,43.4889,-1.4563
58158269,13,43.489,-1.4562
58158269,14,43.489,-1.4561
58158269,15,43.4891,-1.456
58158269,16,43.4893,-1.4557
58158269,17,43.4894,-1.4555
58158269,18,43.4894,-1.4554
58158269,19,43.4896,-1.4552
58158269,20,43.4897,-1.4551
58158269,21,43.4898,-1.4548
58158269,22,43.4899,-1.4547
58158269,23,43.4899,-1.4546
58158269,24,43.49,-1.4545
58158269,25,43.49,-1.4544
58158269,26,43.4901,-1.4542
58158269,27,43.49,-1.454
58168923,0,43.4981,-1.4485
58168923,1,43.4987,-1.449
58168923,2,43.4988,-1.4491
58168923,3,43.4988,-1.4492
58168923,4,43.4989,-1.4493
58168923,5,43.499,-1.4495
58168923,6,43.499,-1.4497
58168923,7,43.4991,-1.4499
58168923,8,43.4992,-1.45
58168923,9,43.4992,-1.4501
58168923,10,43.4992,-1.4502
58168923,11,43.4991,-1.4504
58168923,12,43.4991,-1.4504
58168923,13,43.4991,-1.4505
58168923,14,43.4991,-1.4506
58168923,15,43.4991,-1.4507
58168923,16,43.4991,-1.4507
58168923,17,43.4992,-1.4509
58168923,18,43.4993,-1.451
58168923,19,43.4994,-1.451
58168923,20,43.4994,-1.451
58168923,21,43.4995,-1.451
58168923,22,43.4997,-1.4507
58168923,23,43.4997,-1.4507
58168923,24,43.4999,-1.4505
58168923,25,43.4999,-1.4505
58168923,26,43.5,-1.4504
58168923,27,43.5,-1.4504
58168923,28,43.5001,-1.4504
58168923,29,43.5001,-1.4504
58168932,0,43.4997,-1.4507
58168932,1,43.4998,-1.4507
58168932,2,43.4999,-1.4509
58168932,3,43.4999,-1.4511
58168932,4,43.4999,-1.4511
58168932,5,43.4998,-1.4512
58168932,6,43.4997,-1.4512
58168932,7,43.4997,-1.4514
58168932,8,43.4997,-1.4522
58168935,0,43.4949,-1.4529
58168935,1,43.495,-1.453
58168935,2,43.495,-1.4531
58168935,3,43.4949,-1.4536
58168935,4,43.4949,-1.4538
58168942,0,43.4976,-1.4499
58168942,1,43.4975,-1.4499
58168942,2,43.4971,-1.4504
58168943,0,43.4952,-1.4545
58168943,1,43.4952,-1.4543
58168943,2,43.4952,-1.4542
58168943,3,43.4952,-1.4542
58168943,4,43.4952,-1.4542
58168943,5,43.4954,-1.454
58168943,6,43.4955,-1.454
58168943,7,43.4955,-1.454
58168943,8,43.4956,-1.4539
58168943,9,43.4956,-1.4538
58168943,10,43.4957,-1.4538
58168943,11,43.4958,-1.4538
58168943,12,43.4958,-1.4537
58168943,13,43.496,-1.4537
58168943,14,43.4961,-1.4537
58168943,15,43.4963,-1.4537
58168943,16,43.4964,-1.4537
58168943,17,43.4965,-1.4537
58168943,18,43.4966,-1.4537
58168943,19,43.4967,-1.4537
58168946,0,43.4971,-1.4512
58168946,1,43.4971,-1.4512
58168946,2,43.4971,-1.4513
58168946,3,43.4971,-1.4513
58168946,4,43.4971,-1.4514
58168946,5,43.4971,-1.4514
58168946,6,43.4971,-1.4515
58168946,7,43.497,-1.4515
58168946,8,43.497,-1.4516
58168946,9,43.497,-1.4518
58168952,0,43.5001,-1.4504
58168952,1,43.5002,-1.4503
58168960,0,43.4955,-1.4523
58168960,1,43.4955,-1.4523
58168960,2,43.4956,-1.4524
58168960,3,43.4956,-1.4525
58168960,4,43.4956,-1.4526
58168960,5,43.4956,-1.4526
58168960,6,43.4956,-1.4527
58168966,0,43.4988,-1.4492
58168966,1,43.4989,-1.4492
58168966,2,43.4989,-1.4491
58168966,3,43.4989,-1.4491
58168966,4,43.499,-1.4491
58168966,5,43.4992,-1.4487
58168970,0,43.4963,-1.4515
58168970,1,43.4964,-1.4515
58168970,2,43.4964,-1.4516
58168970,3,43.4964,-1.4519
58168970,4,43.4964,-1.452
58168970,5,43.4963,-1.452
58168971,0,43.4979,-1.4492
58168971,1,43.4976,-1.4497
58168971,2,43.4976,-1.4498
58168971,3,43.4976,-1.4499
58168971,4,43.4976,-1.45
58168971,5,43.4976,-1.4502
58168971,6,43.4977,-1.4503
58168971,7,43.4977,-1.4503
58168971,8,43.4978,-1.4504
58168971,9,43.4978,-1.4504
58168971,10,43.4979,-1.4504
58168971,11,43.498,-1.4503
58168971,12,43.4982,-1.4502
58168971,13,43.4983,-1.4501
58168971,14,43.4985,-1.45
58168971,15,43.4986,-1.45
58168971,16,43.4987,-1.45
58168971,17,43.4988,-1.4499
58168971,18,43.499,-1.4498
58168971,19,43.499,-1.4498
58168971,20,43.499,-1.4497
58168972,0,43.495,-1.4544
58168972,1,43.4951,-1.4544
58168972,2,43.4952,-1.4545
58168972,3,43.4952,-1.4545
58168972,4,43.4953,-1.4546
58168972,5,43.4954,-1.4547
58168972,6,43.4955,-1.4547
58168972,7,43.4956,-1.4548
58168972,8,43.4957,-1.4548
58168972,9,43.4958,-1.4548
58168972,10,43.4958,-1.4549
58168972,11,43.496,-1.4549
58168972,12,43.496,-1.4549
58168972,13,43.496,-1.4549
58168972,14,43.4961,-1.4549
58168972,15,43.4961,-1.4549
58168972,16,43.4962,-1.4549
58168972,17,43.4962,-1.4549
58168972,18,43.4963,-1.455
58168972,19,43.4964,-1.455
58168972,20,43.4964,-1.455
58168972,21,43.4964,-1.455
58168972,22,43.4965,-1.4551
58168972,23,43.4965,-1.4552
58168972,24,43.4966,-1.4553
58168972,25,43.4966,-1.4554
58168972,26,43.4967,-1.4555
58168972,27,43.4967,-1.4556
58168972,28,43.4967,-1.4557
58168972,29,43.4967,-1.4557
58168972,30,43.4967,-1.4559
58168972,31,43.4966,-1.4561
58168972,32,43.4966,-1.4561
58168972,33,43.4966,-1.4561
58168972,34,43.4966,-1.4562
58169080,0,43.5002,-1.4505
58169080,1,43.5002,-1.4505
58169080,2,43.5001,-1.4505
58169080,3,43.5001,-1.4505
58169080,4,43.5001,-1.4505
58169080,5,43.5001,-1.4505
58169080,6,43.5001,-1.4505
58169080,7,43.5001,-1.4504
58169080,8,43.5001,-1.4504
58169080,9,43.5001,-1.4504
58169080,10,43.5001,-1.4504
58169080,11,43.5001,-1.4504
58169080,12,43.5002,-1.4504
58169080,13,43.5002,-1.4504
58169080,14,43.5002,-1.4504
58169080,15,43.5002,-1.4504
58169080,16,43.5002,-1.4505
58169080,17,43.5002,-1.4505
58169080,18,43.5002,-1.4505
58169080,19,43.5002,-1.4505
58169080,20,43.5002,-1.4505
58169082,0,43.5002,-1.4503
58169082,1,43.5002,-1.4503
58169082,2,43.5002,-1.4504
58169084,0,43.5003,-1.4506
58169084,1,43.5004,-1.4506
58169084,2,43.5005,-1.4506
58169084,3,43.5005,-1.4505
58169084,4,43.5007,-1.4503
58169084,5,43.5007,-1.4503
58169084,6,43.5007,-1.4503
58169084,7,43.5008,-1.4503
58169084,8,43.5009,-1.4503
58169084,9,43.5009,-1.4503
58169084,10,43.501,-1.4502
58169084,11,43.501,-1.4502
58169084,12,43.501,-1.4501
58169084,13,43.5011,-1.45
58169084,14,43.5011,-1.45
58169084,15,43.5013,-1.4499
58169084,16,43.5014,-1.4499
58169084,17,43.5014,-1.4498
58169084,18,43.5014,-1.4497
58169084,19,43.5015,-1.4496
58169084,20,43.5015,-1.4495
58169084,21,43.5014,-1.4495
58169084,22,43.5013,-1.4493
58169084,23,43.5012,-1.4492
58169084,24,43.5012,-1.4491
58169085,0,43.5002,-1.4505
58169085,1,43.5003,-1.4506
58169085,2,43.5003,-1.4506
58169085,3,43.5003,-1.4507
58169085,4,43.5003,-1.4508
58169085,5,43.5002,-1.4509
58169085,6,43.5002,-1.451
58169085,7,43.5002,-1.4515
58169085,8,43.5002,-1.4516
58169085,9,43.5002,-1.4516
58169085,10,43.5001,-1.4517
58169085,11,43.5001,-1.4517
58169085,12,43.5,-1.4517
58169358,0,43.4989,-1.4357
58169358,1,43.4991,-1.4354
58169358,2,43.4993,-1.4351
58169358,3,43.4993,-1.4348
58169358,4,43.4994,-1.4348
58169358,5,43.4994,-1.4347
58169358,6,43.4996,-1.4343
58169359,0,43.5003,-1.4383
58169359,1,43.5003,-1.4383
58169359,2,43.5002,-1.4384
58169359,3,43.5002,-1.4384
58169359,4,43.5002,-1.4384
58169359,5,43.5002,-1.4384
58169359,6,43.5001,-1.4384
58169359,7,43.5001,-1.4383
58169359,8,43.5001,-1.4383
58169359,9,43.5001,-1.4383
58169359,10,43.5001,-1.4382
58169359,11,43.5001,-1.4382
58169359,12,43.5001,-1.4382
58169359,13,43.5002,-1.4381
58169359,14,43.5002,-1.4381
58169359,15,43.5002,-1.4381
58169359,16,43.5002,-1.4382
58169359,17,43.5003,-1.4382
58169359,18,43.5003,-1.4382
58169359,19,43.5003,-1.4383
58169360,0,43.5001,-1.4383
58169360,1,43.5,-1.4384
58169360,2,43.4999,-1.4384
58169360,3,43.4999,-1.4384
58169360,4,43.4996,-1.4384
58169360,5,43.4994,-1.4384
58169360,6,43.4993,-1.4384
58169360,7,43.4993,-1.4384
58169360,8,43.4992,-1.4383
58169360,9,43.499,-1.4383
58169360,10,43.499,-1.4383
58169360,11,43.4988,-1.4382
58169360,12,43.4987,-1.4382
58169360,13,43.4986,-1.4382
58169360,14,43.4984,-1.4382
58169360,15,43.4984,-1.4382
58169360,16,43.4982,-1.4382
58169360,17,43.498,-1.4382
58169360,18,43.4979,-1.4382
58169360,19,43.4975,-1.4383
58169360,20,43.4975,-1.4383
58169360,21,43.497,-1.4383
58169360,22,43.4968,-1.4383
58169362,0,43.4989,-1.4357
58169362,1,43.499,-1.4357
58169362,2,43.4994,-1.4358
58169362,3,43.4995,-1.4358
58171379,0,43.506,-1.4309
58171379,1,43.5058,-1.4311
58171379,2,43.5057,-1.4313
58171379,3,43.5055,-1.4318
58171379,4,43.5054,-1.432
58171379,5,43.5053,-1.4321
58171379,6,43.5051,-1.4322
58171379,7,43.505,-1.4322
58171379,8,43.5048,-1.4323
58171379,9,43.5047,-1.4324
58171379,10,43.5046,-1.4325
58171379,11,43.5045,-1.4327
58171379,12,43.5045,-1.4328
58171379,13,43.5044,-1.433
58171379,14,43.5044,-1.4333
58171379,15,43.5045,-1.4336
58171379,16,43.5045,-1.4337
58171379,17,43.5045,-1.4339
58171379,18,43.5044,-1.4349
58171379,19,43.5044,-1.4351
58171379,20,43.5044,-1.4352
58171379,21,43.5043,-1.4354
58171379,22,43.5043,-1.4356
58171379,23,43.5042,-1.4358
58171379,24,43.5042,-1.4365
58171379,25,43.5042,-1.4366
58171379,26,43.5041,-1.4367
58171379,27,43.5041,-1.4369
58171379,28,43.504,-1.437
58171379,29,43.5039,-1.4372
58171379,30,43.5036,-1.4375
58171379,31,43.5033,-1.4378
58171379,32,43.5033,-1.4378
58171379,33,43.5028,-1.4381
58171379,34,43.5027,-1.4382
58171379,35,43.5027,-1.4383
58171379,36,43.5027,-1.4384
58171379,37,43.5026,-1.4385
58171379,38,43.5026,-1.4387
58171379,39,43.5026,-1.439
58171379,40,43.5026,-1.4392
58171410,0,43.4934,-1.4491
58171410,1,43.4937,-1.4489
58171410,2,43.4941,-1.4487
58171410,3,43.4946,-1.4483
58171410,4,43.4949,-1.4481
58171410,5,43.4952,-1.4479
58171410,6,43.4956,-1.4475
58171410,7,43.4958,-1.4473
58171410,8,43.4961,-1.447
58171410,9,43.4963,-1.4466
58171410,10,43.4966,-1.4463
58171410,11,43.4968,-1.4459
58171410,12,43.4971,-1.4454
58171410,13,43.4975,-1.4447
58171410,14,43.4979,-1.444
58171410,15,43.4981,-1.4437
58171410,16,43.4983,-1.4433
58171410,17,43.4986,-1.4428
58171410,18,43.4988,-1.4426
58171410,19,43.499,-1.4424
58171410,20,43.4992,-1.4421
58171410,21,43.4995,-1.4418
58171410,22,43.4998,-1.4415
58171410,23,43.5001,-1.4413
58171410,24,43.5004,-1.441
58171410,25,43.5007,-1.4408
58171410,26,43.501,-1.4406
58171410,27,43.5014,-1.4405
58171410,28,43.5016,-1.4404
58171410,29,43.5017,-1.4403
58171410,30,43.5021,-1.4402
58171410,31,43.5025,-1.4401
58171410,32,43.5028,-1.44
58171410,33,43.5032,-1.44
58171410,34,43.5035,-1.4399
58171410,35,43.5037,-1.4399
58171410,36,43.504,-1.4399
58171410,37,43.5043,-1.4399
58171410,38,43.5046,-1.44
58171410,39,43.5049,-1.44
58171410,40,43.5051,-1.4401
58171410,41,43.5054,-1.4402
58171410,42,43.5057,-1.4403
58171410,43,43.5061,-1.4404
58171410,44,43.5064,-1.4405
58171410,45,43.5067,-1.4407
58171410,46,43.507,-1.441
58171410,47,43.5075,-1.4413
58171410,48,43.5079,-1.4416
58171410,49,43.5086,-1.4422
58171410,50,43.5088,-1.4423
58171410,51,43.5091,-1.4425
58171410,52,43.5093,-1.4426
58171410,53,43.5095,-1.4427
58171410,54,43.5098,-1.4429
58171410,55,43.51,-1.443
58171410,56,43.5105,-1.4432
58171410,57,43.5107,-1.4433
58171410,58,43.5115,-1.4435
58171410,59,43.5124,-1.4436
58171410,60,43.5129,-1.4436
58171410,61,43.5136,-1.4435
58171410,62,43.5145,-1.4433
58171410,63,43.5147,-1.4432
58171410,64,43.5158,-1.4428
58171410,65,43.517,-1.4424
58171410,66,43.5181,-1.4422
58171410,67,43.5194,-1.442
58171410,68,43.5198,-1.4419
58171410,69,43.5202,-1.4418
58171410,70,43.5205,-1.4417
58171410,71,43.5213,-1.4415
58171410,72,43.5217,-1.4413
58171410,73,43.5223,-1.4411
58171410,74,43.5228,-1.4409
58171410,75,43.5234,-1.4406
58171410,76,43.5238,-1.4404
58171410,77,43.5241,-1.4402
58171410,78,43.5244,-1.44
58171410,79,43.5248,-1.4398
58171410,80,43.5252,-1.4394
58171410,81,43.5258,-1.439
58171410,82,43.5262,-1.4386
58171410,83,43.5267,-1.4382
58171410,84,43.5271,-1.4377
58171410,85,43.5276,-1.4372
58171410,86,43.528,-1.4366
58171410,87,43.5285,-1.436
58171410,88,43.5293,-1.4348
58171410,89,43.53,-1.4339
58171410,90,43.5305,-1.4334
58171410,91,43.5309,-1.4329
58171410,92,43.5313,-1.4325
58171410,93,43.5318,-1.4322
58171410,94,43.5321,-1.4319
58171410,95,43.5325,-1.4317
58171410,96,43.5328,-1.4315
58171410,97,43.5332,-1.4314
58171410,98,43.5335,-1.4313
58171410,99,43.5338,-1.4312
58171410,100,43.5341,-1.4312
58171410,101,43.5344,-1.4311
58171410,102,43.5349,-1.4311
58171410,103,43.5354,-1.4312
58171410,104,43.5366,-1.4314
58171410,105,43.5374,-1.4316
58171410,106,43.5378,-1.4317
58171433,0,43.5115,-1.4349
58171433,1,43.5115,-1.4348
58171433,2,43.5115,-1.4346
58171433,3,43.5115,-1.4343
58171433,4,43.5115,-1.4335
58171433,5,43.5115,-1.4334
58171433,6,43.5115,-1.4333
58171433,7,43.5114,-1.4327
58171433,8,43.5113,-1.4325
58171433,9,43.5113,-1.4323
58171433,10,43.5112,-1.4322
58171433,11,43.5109,-1.4316
58171433,12,43.5107,-1.4311
58171433,13,43.5106,-1.431
58171433,14,43.5106,-1.4308
58171433,15,43.5105,-1.4307
58171433,16,43.5105,-1.4306
58171433,17,43.5105,-1.4304
58171433,18,43.5104,-1.4302
58171433,19,43.5104,-1.4301
58171433,20,43.5104,-1.4299
58171433,21,43.5104,-1.4298
58171433,22,43.5105,-1.4297
58171433,23,43.5105,-1.4295
58171433,24,43.5105,-1.4294
58171442,0,43.5127,-1.4354
58171442,1,43.5127,-1.4354
58171442,2,43.5127,-1.4345
58171442,3,43.5128,-1.4342
58171442,4,43.5128,-1.4341
58171442,5,43.5128,-1.434
58171442,6,43.5128,-1.434
58171442,7,43.5129,-1.4339
58171442,8,43.5129,-1.4339
58171442,9,43.5132,-1.4338
58171442,10,43.5133,-1.4338
58172203,0,43.4956,-1.4328
58172203,1,43.4953,-1.4328
58884233,0,43.5079,-1.4382
58884233,1,43.508,-1.438
58884233,2,43.5082,-1.4378
58884233,3,43.5083,-1.4375
58884233,4,43.5085,-1.4367
58884233,5,43.5085,-1.4363
58884233,6,43.5083,-1.4358
58884233,7,43.5082,-1.4356
58884233,8,43.5082,-1.4355
58884643,0,43.5041,-1.4218
58884643,1,43.5044,-1.4221
58884643,2,43.5048,-1.4223
58884643,3,43.5052,-1.4225
58884643,4,43.5053,-1.4226
58884643,5,43.5053,-1.4227
58884643,6,43.5054,-1.4229
58884643,7,43.5055,-1.423
58884643,8,43.5055,-1.4231
58884643,9,43.5056,-1.4231
58884643,10,43.5057,-1.4231
58884643,11,43.5058,-1.4231
58884643,12,43.506,-1.423
58884643,13,43.5063,-1.4225
58884643,14,43.5071,-1.4215
58884643,15,43.5081,-1.4213
58884643,16,43.509,-1.421
58884643,17,43.5094,-1.4208
58884643,18,43.5099,-1.4202
58884643,19,43.5103,-1.4199
58884643,20,43.5107,-1.4197
58884643,21,43.5113,-1.4196
58884643,22,43.5116,-1.4194
58884643,23,43.5118,-1.4192
58884643,24,43.5119,-1.419
58884643,25,43.512,-1.4189
58884643,26,43.5121,-1.4187
58884643,27,43.5123,-1.4184
58884643,28,43.5126,-1.4183
58884643,29,43.5131,-1.4181
58884643,30,43.5138,-1.4179
58884643,31,43.5159,-1.4177
58884643,32,43.5169,-1.4179
58884643,33,43.5175,-1.4177
58884643,34,43.5183,-1.4173
58884643,35,43.5185,-1.4173
58884643,36,43.5188,-1.4174
58884645,0,43.4976,-1.433
58884645,1,43.4976,-1.4327
58884645,2,43.4977,-1.4312
58884645,3,43.4975,-1.4297
58884645,4,43.4974,-1.4295
58884645,5,43.4974,-1.4294
58884645,6,43.4974,-1.4294
58884645,7,43.4975,-1.4291
58884645,8,43.4977,-1.4288
58884645,9,43.4978,-1.4287
58884645,10,43.4978,-1.4287
58884645,11,43.4978,-1.4286
58884645,12,43.4978,-1.4285
58884645,13,43.4977,-1.4279
58884645,14,43.4977,-1.4278
58884645,15,43.4977,-1.4277
58884645,16,43.4977,-1.4277
58884645,17,43.4976,-1.4277
58884645,18,43.4975,-1.4276
58884645,19,43.4973,-1.4275
58884645,20,43.4972,-1.4275
58884645,21,43.4969,-1.4273
58884645,22,43.4969,-1.4273
58884645,23,43.4968,-1.4272
58884645,24,43.4968,-1.4272
58884645,25,43.4967,-1.4271
58884645,26,43.4967,-1.427
58884645,27,43.4967,-1.427
58884645,28,43.4967,-1.4269
58884645,29,43.4967,-1.4267
58884645,30,43.4967,-1.4266
58884645,31,43.4967,-1.4265
58884645,32,43.4967,-1.4264
58884645,33,43.4967,-1.4263
58884645,34,43.4968,-1.4261
58884645,35,43.4969,-1.4259
58884645,36,43.4969,-1.4255
58884645,37,43.4971,-1.425
58884645,38,43.4973,-1.4243
58884645,39,43.4974,-1.4238
58884645,40,43.4974,-1.4236
58884645,41,43.4975,-1.4235
58884645,42,43.4975,-1.4233
58884645,43,43.4975,-1.4231
58884645,44,43.4976,-1.4229
58884645,45,43.4976,-1.4226
58884645,46,43.4976,-1.4224
58884645,47,43.4977,-1.4221
58884645,48,43.4977,-1.4219
58884645,49,43.4977,-1.4217
58884645,50,43.4977,-1.4216
58884645,51,43.4977,-1.4214
58884645,52,43.4978,-1.4211
58884645,53,43.4978,-1.4209
58884645,54,43.4978,-1.4206
58884645,55,43.4978,-1.4205
58884645,56,43.4978,-1.4203
58884645,57,43.4979,-1.4202
58884645,58,43.4979,-1.4201
58884645,59,43.4979,-1.42
58884645,60,43.4979,-1.4199
58884645,61,43.498,-1.4196
58884753,0,43.5017,-1.439
58884753,1,43.5015,-1.4391
58884753,2,43.5012,-1.4393
58884753,3,43.501,-1.4394
58884753,4,43.5008,-1.4394
58884753,5,43.5006,-1.4395
60357760,0,43.4787,-1.5047
60357760,1,43.4787,-1.5048
60357760,2,43.4788,-1.5048
60357760,3,43.4789,-1.5048
60363840,0,43.4963,-1.4719
60363840,1,43.4963,-1.4719
60363840,2,43.4963,-1.472
60363840,3,43.4961,-1.4721
60363840,4,43.4959,-1.4722
60363840,5,43.4958,-1.4722
60416756,0,43.4679,-1.4976
60416756,1,43.4679,-1.4976
60416756,2,43.468,-1.4976
60416756,3,43.468,-1.4976
60416756,4,43.4681,-1.4976
60416756,5,43.4681,-1.4977
60416756,6,43.4682,-1.4977
60416756,7,43.4682,-1.4978
60416756,8,43.4682,-1.4979
60416756,9,43.4682,-1.498
60416756,10,43.4681,-1.498
60416756,11,43.4681,-1.4981
60416756,12,43.4681,-1.4981
60416756,13,43.468,-1.4981
60416756,14,43.4679,-1.4981
60416756,15,43.4679,-1.4981
60416756,16,43.4678,-1.498
60416756,17,43.4678,-1.498
60416756,18,43.4678,-1.4979
60416756,19,43.4678,-1.4979
60416756,20,43.4678,-1.4978
60416756,21,43.4678,-1.4977
60416756,22,43.4678,-1.4977
60416756,23,43.4679,-1.4976
60416767,0,43.4682,-1.4977
60416767,1,43.4683,-1.4977
60416767,2,43.4683,-1.4977
60416767,3,43.4684,-1.4976
60416767,4,43.4689,-1.4975
60416767,5,43.469,-1.4975
60416767,6,43.4691,-1.4975
70483398,0,43.487,-1.4762
70483398,1,43.4871,-1.4761
70483398,2,43.4871,-1.4759
70483398,3,43.4872,-1.4757
70483398,4,43.4873,-1.4757
70483398,5,43.4873,-1.4756
70483398,6,43.4874,-1.4756
70483398,7,43.4875,-1.4755
70483398,8,43.4878,-1.4754
70483398,9,43.4879,-1.4754
70483398,10,43.488,-1.4754
70483399,0,43.4871,-1.4762
70483399,1,43.4871,-1.4763
70483399,2,43.4871,-1.4763
70483399,3,43.4871,-1.4763
70483399,4,43.4871,-1.4763
70483399,5,43.4871,-1.4764
70483399,6,43.487,-1.4764
71312244,0,43.4804,-1.4752
71312244,1,43.4803,-1.4751
71312244,2,43.4802,-1.4751
71312244,3,43.4802,-1.475
71312244,4,43.48,-1.4749
71312244,5,43.4799,-1.4748
71312244,6,43.4798,-1.4748
71312244,7,43.4798,-1.4748
71312244,8,43.4798,-1.4747
71312244,9,43.4796,-1.4745
71312244,10,43.4795,-1.4744
72711221,0,43.4852,-1.473
72711221,1,43.4853,-1.473
72711221,2,43.4854,-1.473
72711221,3,43.4854,-1.4729
72918456,0,43.475,-1.4913
72918456,1,43.4751,-1.4914
72918456,2,43.4752,-1.4914
72918456,3,43.4753,-1.4916
72918456,4,43.4754,-1.4916
72918456,5,43.4757,-1.492
72918456,6,43.4761,-1.4924
72918456,7,43.4763,-1.4926
72918456,8,43.4763,-1.4926
72918456,9,43.4764,-1.4927
72918456,10,43.4764,-1.4928
72918456,11,43.4764,-1.4928
72918456,12,43.4764,-1.4929
78272992,0,43.4841,-1.4804
78272992,1,43.4842,-1.4803
78272992,2,43.4843,-1.4802
78272992,3,43.4843,-1.4802
78272992,4,43.4843,-1.4801
78628995,0,43.4907,-1.4722
78628995,1,43.4903,-1.4723
78628998,0,43.4899,-1.4714
78628998,1,43.49,-1.4714
78628998,2,43.4902,-1.4715
78628998,3,43.4903,-1.4715
78629001,0,43.4907,-1.4715
78629001,1,43.4907,-1.4715
78629001,2,43.4908,-1.4715
79650459,0,43.4497,-1.4924
79650459,1,43.4501,-1.4925
79650461,0,43.4501,-1.4925
79650461,1,43.4509,-1.4929
79650462,0,43.4498,-1.4935
79650462,1,43.4498,-1.4933
79650462,2,43.4496,-1.4927
79650462,3,43.4495,-1.4926
79650462,4,43.4494,-1.4924
79650462,5,43.4492,-1.4923
79650463,0,43.4499,-1.4931
79650463,1,43.4499,-1.4922
79650463,2,43.4499,-1.492
79650464,0,43.4499,-1.492
79650464,1,43.4502,-1.4921
79650464,2,43.4504,-1.4922
79650464,3,43.4505,-1.4923
79650464,4,43.4507,-1.4927
79650464,5,43.4509,-1.4929
79650466,0,43.4497,-1.4925
79650466,1,43.4492,-1.4923
79650466,2,43.4477,-1.4916
79650466,3,43.4473,-1.4913
79650466,4,43.447,-1.4911
79650466,5,43.4468,-1.491
79650466,6,43.4465,-1.4908
79650466,7,43.4462,-1.4905
79650466,8,43.4459,-1.4903
79650466,9,43.4456,-1.49
79650466,10,43.4454,-1.4899
79650466,11,43.4451,-1.4896
79650466,12,43.4448,-1.4895
79650466,13,43.4445,-1.4893
79650466,14,43.4443,-1.4892
79650466,15,43.444,-1.489
79650466,16,43.4437,-1.4889
79650466,17,43.4433,-1.4888
79650466,18,43.4428,-1.4886
79650466,19,43.4425,-1.4886
79650466,20,43.442,-1.4885
79650466,21,43.4417,-1.4884
79650466,22,43.4413,-1.4884
79650466,23,43.4412,-1.4884
79650466,24,43.4409,-1.4884
79650466,25,43.4406,-1.4884
79650466,26,43.44,-1.4884
79650466,27,43.4397,-1.4884
79650466,28,43.4396,-1.4884
79650466,29,43.4394,-1.4884
79650466,30,43.4393,-1.4884
79650466,31,43.4393,-1.4884
79650466,32,43.4392,-1.4885
79650469,0,43.4516,-1.4934
79650469,1,43.4512,-1.4933
79650469,2,43.4509,-1.4933
79650469,3,43.4505,-1.4933
79650469,4,43.4503,-1.4934
79650469,5,43.4502,-1.4935
79650469,6,43.4502,-1.4935
79650475,0,43.4501,-1.4933
79650475,1,43.4502,-1.4934
79650476,0,43.45,-1.4927
79650476,1,43.4497,-1.4925
80671794,0,43.4945,-1.4608
80671794,1,43.4945,-1.4607
80671794,2,43.4946,-1.4607
80671794,3,43.4948,-1.4607
80671794,4,43.4952,-1.4605
80671794,5,43.4954,-1.4605
80671794,6,43.4956,-1.4604
80671794,7,43.4958,-1.4603
80671794,8,43.4962,-1.4602
80671794,9,43.4969,-1.4599
80671794,10,43.4969,-1.4599
80671794,11,43.497,-1.4599
80671794,12,43.497,-1.4599
80671794,13,43.4974,-1.4601
80671794,14,43.4974,-1.4601
80671794,15,43.4975,-1.4601
80673371,0,43.4948,-1.4636
80673371,1,43.4949,-1.4637
80673371,2,43.4951,-1.4642
80673371,3,43.4952,-1.4642
80673371,4,43.4952,-1.4642
80673371,5,43.4952,-1.4643
80673371,6,43.4953,-1.4645
80673371,7,43.4955,-1.4648
80673371,8,43.4959,-1.4654
80673371,9,43.4959,-1.4655
80673371,10,43.496,-1.4655
80673372,0,43.4926,-1.4665
80673372,1,43.4927,-1.4664
80673372,2,43.4928,-1.4662
80673372,3,43.493,-1.466
80673372,4,43.493,-1.4659
80673588,0,43.4944,-1.4657
80673588,1,43.4944,-1.4657
80673588,2,43.4944,-1.4657
80673588,3,43.4945,-1.4657
80673588,4,43.4945,-1.4656
80673588,5,43.4948,-1.4652
80674225,0,43.4912,-1.462
80674225,1,43.4913,-1.462
80674225,2,43.4913,-1.462
80674225,3,43.4914,-1.4619
80674225,4,43.4914,-1.4619
80674225,5,43.4916,-1.4618
80674225,6,43.4917,-1.4617
80674225,7,43.4918,-1.4617
80674225,8,43.492,-1.4616
80674225,9,43.4922,-1.4615
80674225,10,43.4922,-1.4615
80674225,11,43.4924,-1.4615
83162580,0,43.4911,-1.4739
83162580,1,43.4912,-1.4738
83162580,2,43.4916,-1.4729
83162583,0,43.4918,-1.4731
83162583,1,43.4915,-1.4738
88735379,0,43.4836,-1.4439
88735379,1,43.4836,-1.4438
88735379,2,43.4836,-1.4435
88735379,3,43.4836,-1.4434
88735379,4,43.4833,-1.4431
88735379,5,43.4832,-1.443
88735379,6,43.4828,-1.4426
88735379,7,43.4827,-1.4426
88735379,8,43.4825,-1.4425
88735379,9,43.4824,-1.4424
88735379,10,43.4824,-1.4423
88735379,11,43.4823,-1.4421
88735379,12,43.4823,-1.442
88735379,13,43.4822,-1.442
88735379,14,43.4822,-1.442
88735379,15,43.4822,-1.442
99272568,0,43.4755,-1.4904
99272568,1,43.4757,-1.4905
99272568,2,43.4763,-1.491
99272568,3,43.4766,-1.4912
99272568,4,43.477,-1.4915
99272568,5,43.4776,-1.4919
99272568,6,43.4779,-1.4921
99272568,7,43.4781,-1.4921
99272568,8,43.4781,-1.4921
99272572,0,43.4755,-1.4905
99272572,1,43.4753,-1.4904
99272575,0,43.4756,-1.4892
99272575,1,43.4756,-1.4892
99272575,2,43.4754,-1.4891
99272575,3,43.4754,-1.4891
99272575,4,43.4752,-1.4889
99272575,5,43.4751,-1.4888
99272575,6,43.475,-1.4888
99272575,7,43.475,-1.4888
99272575,8,43.4748,-1.4888
99272575,9,43.4747,-1.4888
99272575,10,43.4747,-1.4888
99272577,0,43.4753,-1.4904
99272577,1,43.4751,-1.4903
99272577,2,43.475,-1.4902
99272577,3,43.4749,-1.4901
99272577,4,43.4748,-1.4901
99272577,5,43.4747,-1.4901
99272577,6,43.4746,-1.49
99272577,7,43.4744,-1.49
99272577,8,43.4743,-1.4899
99272577,9,43.4741,-1.4899
99272577,10,43.474,-1.4899
99272577,11,43.4738,-1.4899
99272577,12,43.4737,-1.4899
99272577,13,43.4736,-1.4899
99272577,14,43.4735,-1.4899
99272577,15,43.4734,-1.4899
99272577,16,43.4733,-1.49
99272577,17,43.4732,-1.49
99272577,18,43.473,-1.49
99272577,19,43.4729,-1.4901
99272577,20,43.4728,-1.4901
99272577,21,43.4727,-1.4902
99272577,22,43.4726,-1.4902
99272577,23,43.4725,-1.4903
99272577,24,43.4724,-1.4904
99272577,25,43.472,-1.4907
99272577,26,43.4716,-1.4911
99272577,27,43.4706,-1.4922
99272577,28,43.47,-1.4927
99272577,29,43.4683,-1.4939
99272577,30,43.4675,-1.4944
99272577,31,43.4665,-1.4949
99272577,32,43.4663,-1.495
99272577,33,43.4663,-1.4951
99272577,34,43.4662,-1.4951
99272582,0,43.4753,-1.4908
99272582,1,43.4752,-1.4908
99272584,0,43.4753,-1.4902
99272584,1,43.4755,-1.4904
99272589,0,43.4752,-1.4908
99272589,1,43.4752,-1.4909
99272589,2,43.4752,-1.4909
99272589,3,43.4751,-1.4911
99272589,4,43.475,-1.4913
99272589,5,43.475,-1.4913
108238299,0,43.4916,-1.4957
108238299,1,43.4911,-1.4948
108238299,2,43.4909,-1.4945
108238299,3,43.4905,-1.4939
108238300,0,43.492,-1.4962
108238300,1,43.4918,-1.496
108238300,2,43.4916,-1.4957
113521817,0,43.4781,-1.4448
113521817,1,43.4781,-1.4451
113521817,2,43.4782,-1.4458
113521817,3,43.4782,-1.4461
113521817,4,43.4782,-1.4463
113521817,5,43.4783,-1.4466
113521817,6,43.4784,-1.4467
113521817,7,43.4785,-1.4469
113521817,8,43.4786,-1.447
113521817,9,43.4787,-1.447
113521817,10,43.4787,-1.4471
113521817,11,43.4789,-1.4472
113521817,12,43.479,-1.4472
113521817,13,43.4791,-1.4472
113521817,14,43.4792,-1.4472
113521817,15,43.4793,-1.4472
113521817,16,43.4797,-1.4471
113521817,17,43.4803,-1.4469
113521817,18,43.4806,-1.4469
113521817,19,43.4808,-1.4469
113521817,20,43.4811,-1.4469
113521817,21,43.4813,-1.4469
113521817,22,43.4816,-1.4469
113521817,23,43.4818,-1.447
113913521,0,43.4918,-1.455
113913521,1,43.4924,-1.4546
113913521,2,43.4927,-1.4543
113913521,3,43.493,-1.454
113913521,4,43.4933,-1.4538
113913521,5,43.4935,-1.454
115758442,0,43.4984,-1.4566
115758442,1,43.4985,-1.4566
115758442,2,43.4988,-1.4567
115758442,3,43.4988,-1.4567
115759567,0,43.4998,-1.4543
115759567,1,43.4998,-1.4542
115759567,2,43.4998,-1.4542
115759567,3,43.4998,-1.4542
115759567,4,43.4998,-1.4542
115759567,5,43.4999,-1.4541
115759567,6,43.4999,-1.4541
115759567,7,43.4999,-1.4542
115759567,8,43.5,-1.4542
115759567,9,43.5,-1.4542
115759567,10,43.5,-1.4543
115759567,11,43.5,-1.4543
115759567,12,43.5,-1.4543
115759567,13,43.4999,-1.4544
115759567,14,43.4999,-1.4544
115759568,0,43.4997,-1.4586
115759568,1,43.4995,-1.4588
115759568,2,43.4994,-1.4589
115759568,3,43.4993,-1.459
115759568,4,43.4991,-1.4593
115759568,5,43.499,-1.4594
115759568,6,43.499,-1.4596
115759569,0,43.5071,-1.4299
115759569,1,43.5072,-1.43
115759569,2,43.5074,-1.4306
115759569,3,43.5074,-1.4306
115759569,4,43.5075,-1.4308
115759569,5,43.5076,-1.4309
115759569,6,43.5076,-1.4311
115759569,7,43.5076,-1.4312
115759569,8,43.5077,-1.4313
115759569,9,43.5077,-1.4314
115759569,10,43.5077,-1.4314
115759569,11,43.5078,-1.4316
115759569,12,43.5078,-1.4317
115759569,13,43.5079,-1.4319
115759569,14,43.5079,-1.432
115759569,15,43.5079,-1.4321
115759569,16,43.5079,-1.4321
115759569,17,43.508,-1.4322
115759569,18,43.508,-1.4323
115759569,19,43.508,-1.4325
115759569,20,43.5081,-1.4327
115759569,21,43.5081,-1.4328
115759569,22,43.5082,-1.4329
115759569,23,43.5082,-1.433
115759569,24,43.5082,-1.4331
115759569,25,43.5083,-1.4333
115759569,26,43.5083,-1.4334
115759569,27,43.5084,-1.4335
115759569,28,43.5084,-1.4336
115759569,29,43.5084,-1.4337
115759569,30,43.5084,-1.4338
115759571,0,43.5074,-1.4342
115759571,1,43.5074,-1.4342
115759571,2,43.5075,-1.4342
115759571,3,43.5077,-1.434
115759571,4,43.5079,-1.434
115759571,5,43.508,-1.434
115759571,6,43.508,-1.4339
115759571,7,43.5081,-1.4339
115759571,8,43.5082,-1.4339
115759571,9,43.5083,-1.4338
115759571,10,43.5084,-1.4338
115759571,11,43.5084,-1.4338
115759572,0,43.5074,-1.4296
115759572,1,43.5071,-1.4299
115759572,2,43.5066,-1.4302
115759572,3,43.5066,-1.4303
115759572,4,43.5065,-1.4303
115837449,0,43.4997,-1.4586
115837449,1,43.4998,-1.4585
115837449,2,43.4998,-1.4584
115837449,3,43.4999,-1.4582
115837449,4,43.4999,-1.4581
115837449,5,43.4999,-1.4577
115837449,6,43.4999,-1.4576
115837449,7,43.4999,-1.4574
115837449,8,43.4999,-1.4568
115837449,9,43.4999,-1.4567
115837449,10,43.4999,-1.4566
115837449,11,43.4999,-1.4566
115837449,12,43.5,-1.4566
115837449,13,43.5,-1.4565
115837449,14,43.5001,-1.4564
115837450,0,43.4994,-1.4599
115837450,1,43.4995,-1.4599
115837450,2,43.4997,-1.4598
115837450,3,43.5002,-1.4597
115837450,4,43.5006,-1.4599
115837450,5,43.5006,-1.4599
115837450,6,43.5007,-1.4599
115837450,7,43.5009,-1.4598
115837450,8,43.5012,-1.4597
115837451,0,43.499,-1.4596
115837451,1,43.4989,-1.4595
115837451,2,43.4989,-1.4595
115837451,3,43.4988,-1.4595
115837451,4,43.4987,-1.4595
115837451,5,43.4986,-1.4596
115837451,6,43.4982,-1.4598
115837451,7,43.4978,-1.46
115837451,8,43.4977,-1.4601
115837451,9,43.4976,-1.4601
115837451,10,43.4975,-1.4601
115837452,0,43.4999,-1.4544
115837452,1,43.4999,-1.4544
115837452,2,43.4999,-1.4545
115837452,3,43.5,-1.4545
115837452,4,43.5,-1.4546
115837452,5,43.5,-1.4548
115837452,6,43.4999,-1.4553
115837452,7,43.4999,-1.4553
115837452,8,43.4999,-1.4559
115837452,9,43.4999,-1.456
115837452,10,43.4999,-1.4561
115837452,11,43.5,-1.4562
115837452,12,43.5001,-1.4564
115837452,13,43.5001,-1.4564
115837453,0,43.499,-1.4606
115837453,1,43.499,-1.4607
115837453,2,43.4991,-1.4609
115837453,3,43.4993,-1.4611
115837453,4,43.4995,-1.4614
115837453,5,43.4997,-1.4615
115837453,6,43.4997,-1.4616
115837453,7,43.4998,-1.4617
115837453,8,43.4998,-1.4617
115837453,9,43.4998,-1.4618
115837453,10,43.4998,-1.4619
115837453,11,43.4999,-1.4619
115837453,12,43.4999,-1.462
115837453,13,43.4999,-1.4621
115837453,14,43.4999,-1.4622
115837453,15,43.4999,-1.4623
115837453,16,43.4999,-1.4624
115837453,17,43.4999,-1.4625
115837453,18,43.4999,-1.4626
115837453,19,43.4999,-1.4627
115837453,20,43.4998,-1.4628
115837453,21,43.4998,-1.4628
115837453,22,43.4996,-1.4633
115837453,23,43.4995,-1.4634
115837453,24,43.4994,-1.4636
115837453,25,43.4994,-1.4637
115837453,26,43.4994,-1.4638
115837453,27,43.4994,-1.4639
115837453,28,43.4994,-1.464
115837453,29,43.4994,-1.4641
115837453,30,43.4995,-1.4642
115837453,31,43.4995,-1.4643
115837453,32,43.4997,-1.4644
115837453,33,43.4997,-1.4645
115837453,34,43.4998,-1.4646
115837453,35,43.4998,-1.4647
115837453,36,43.4999,-1.4648
115837453,37,43.4999,-1.4649
115837453,38,43.4999,-1.4649
115837453,39,43.4999,-1.4651
115837453,40,43.4999,-1.4653
115837453,41,43.5,-1.4656
115837453,42,43.5,-1.4661
115837453,43,43.5001,-1.4664
115837453,44,43.5001,-1.4666
115837453,45,43.5001,-1.4666
115837453,46,43.5001,-1.4668
116582203,0,43.4885,-1.4553
116582203,1,43.4884,-1.4552
116582203,2,43.4883,-1.4552
116582203,3,43.4879,-1.4553
116582203,4,43.4875,-1.4554
116582203,5,43.4874,-1.4555
116582203,6,43.4873,-1.4557
116582203,7,43.4875,-1.4567
116582204,0,43.4886,-1.4564
116582204,1,43.4886,-1.4563
116582204,2,43.4885,-1.4553
116582473,0,43.4887,-1.4546
116582473,1,43.4888,-1.4552
116582473,2,43.4887,-1.4552
116582473,3,43.4886,-1.4552
116582473,4,43.4885,-1.4553
116582473,5,43.4885,-1.4553
121900963,0,43.4832,-1.5024
121900963,1,43.4831,-1.5024
121900963,2,43.4831,-1.5024
121900963,3,43.483,-1.5025
121900963,4,43.483,-1.5026
121900963,5,43.4828,-1.5027
121900963,6,43.4826,-1.5031
121900963,7,43.4824,-1.5035
121900963,8,43.4823,-1.5036
121900963,9,43.4822,-1.5037
121900963,10,43.482,-1.5041
121900963,11,43.4818,-1.5043
121900963,12,43.4818,-1.5043
121900963,13,43.4817,-1.5044
121900963,14,43.4817,-1.5047
121900963,15,43.4816,-1.5049
121900963,16,43.4816,-1.505
121900963,17,43.4816,-1.5052
121900963,18,43.4817,-1.5054
121903499,0,43.4765,-1.493
121903499,1,43.4765,-1.4929
121903499,2,43.4765,-1.4929
121903499,3,43.4766,-1.4929
121903499,4,43.4767,-1.4928
121903499,5,43.4768,-1.4928
121903499,6,43.4769,-1.4928
121903499,7,43.4769,-1.4928
121903499,8,43.477,-1.4928
121903499,9,43.477,-1.4928
121903499,10,43.4771,-1.4929
121903499,11,43.4772,-1.4929
121903500,0,43.4763,-1.4929
121903500,1,43.4764,-1.4929
121903500,2,43.4764,-1.4929
121903500,3,43.4764,-1.4929
121903500,4,43.4765,-1.4929
121903500,5,43.4765,-1.493
121903500,6,43.4765,-1.493
121903500,7,43.4765,-1.493
121903500,8,43.4765,-1.4931
121903500,9,43.4765,-1.4931
121903500,10,43.4764,-1.4931
121903500,11,43.4764,-1.4931
121903500,12,43.4764,-1.4931
121903500,13,43.4764,-1.4931
121903500,14,43.4763,-1.4931
121903500,15,43.4763,-1.4931
121903500,16,43.4763,-1.493
121903500,17,43.4763,-1.493
121903500,18,43.4763,-1.4929
121903500,19,43.4763,-1.4929
121903500,20,43.4763,-1.4929
122059121,0,43.4768,-1.4565
122059121,1,43.4771,-1.4567
122059121,2,43.4771,-1.4568
122059121,3,43.477,-1.457
122059121,4,43.477,-1.457
122059121,5,43.4769,-1.4572
122059121,6,43.4769,-1.4572
122059121,7,43.4769,-1.4573
122820444,0,43.4599,-1.5015
122820444,1,43.4599,-1.5013
122820444,2,43.4598,-1.5011
122820444,3,43.4598,-1.5009
122820444,4,43.4599,-1.5007
122820444,5,43.46,-1.5002
122820444,6,43.4602,-1.4998
122820444,7,43.4603,-1.4994
122820444,8,43.4604,-1.4991
122820444,9,43.4605,-1.4987
122820444,10,43.4605,-1.4984
122820444,11,43.4605,-1.4979
122820444,12,43.4604,-1.497
122820444,13,43.4603,-1.4965
122820444,14,43.4603,-1.4964
122820444,15,43.4603,-1.4963
122820447,0,43.4625,-1.4971
122820447,1,43.4623,-1.4983
122820449,0,43.4624,-1.497
122820449,1,43.4625,-1.4966
122820449,2,43.4625,-1.4964
122820449,3,43.4626,-1.4963
122820449,4,43.4626,-1.4961
122820449,5,43.4626,-1.496
129322054,0,43.4813,-1.4587
129322054,1,43.4813,-1.4593
129322054,2,43.4813,-1.4598
129322054,3,43.4812,-1.4598
129322054,4,43.4812,-1.46
129322054,5,43.4813,-1.4602
129322054,6,43.4813,-1.4604
129322054,7,43.4812,-1.4605
129322054,8,43.4812,-1.4605
129322054,9,43.4811,-1.4606
129510431,0,43.4867,-1.4681
129510431,1,43.4866,-1.4679
129510431,2,43.4865,-1.4678
129510431,3,43.4864,-1.4676
129510431,4,43.4864,-1.4673
129510431,5,43.4863,-1.4671
129510431,6,43.4862,-1.4668
129510431,7,43.4862,-1.4667
129510431,8,43.4861,-1.4664
129510431,9,43.4861,-1.4663
129510431,10,43.4861,-1.4662
131110164,0,43.4779,-1.4461
131110164,1,43.478,-1.4458
131110164,2,43.478,-1.4456
131110164,3,43.478,-1.4452
131110164,4,43.4779,-1.4434
131110164,5,43.4779,-1.4429
131110164,6,43.4778,-1.4424
135563090,0,43.4806,-1.5044
135563090,1,43.481,-1.5043
135563090,2,43.4811,-1.5042
135563090,3,43.4817,-1.5033
135563090,4,43.4818,-1.5031
135563090,5,43.4818,-1.503
135563090,6,43.4824,-1.5022
135583168,0,43.4738,-1.4931
135583168,1,43.4738,-1.493
135583168,2,43.4738,-1.4929
135583168,3,43.4738,-1.4928
135583168,4,43.4738,-1.4928
135583168,5,43.4739,-1.4927
135583168,6,43.4739,-1.4927
135583168,7,43.4739,-1.4927
135583168,8,43.4743,-1.4926
135583168,9,43.4743,-1.4926
135583168,10,43.4744,-1.4926
135583168,11,43.4744,-1.4925
135583168,12,43.4744,-1.4924
135583168,13,43.4746,-1.492
135583168,14,43.4746,-1.4918
135583168,15,43.4747,-1.4916
135583168,16,43.4749,-1.4914
135583168,17,43.475,-1.4913
135583169,0,43.475,-1.4913
135583169,1,43.4749,-1.4915
135583169,2,43.4748,-1.4917
135583169,3,43.4748,-1.4917
135583169,4,43.4747,-1.4919
135583169,5,43.4746,-1.4921
135583169,6,43.4745,-1.4926
135583169,7,43.4745,-1.4926
135583169,8,43.4744,-1.4927
135583169,9,43.4744,-1.4927
135583169,10,43.4743,-1.4927
135583169,11,43.4741,-1.4928
135583169,12,43.474,-1.4928
135583169,13,43.4739,-1.4928
135583169,14,43.4739,-1.4929
135583169,15,43.4739,-1.4929
135583169,16,43.4738,-1.493
135583169,17,43.4738,-1.4931
135701356,0,43.4923,-1.4966
135701356,1,43.4924,-1.4966
135701356,2,43.4925,-1.4967
135701356,3,43.4926,-1.4967
135701356,4,43.4927,-1.4967
135701356,5,43.4928,-1.4966
135701356,6,43.4929,-1.4966
135701356,7,43.4929,-1.4966
135701356,8,43.493,-1.4965
135701358,0,43.4914,-1.4962
135701358,1,43.4913,-1.4963
135701358,2,43.4913,-1.4964
135701358,3,43.4912,-1.4965
135701358,4,43.4911,-1.4966
135701358,5,43.4909,-1.4967
135701358,6,43.4908,-1.4968
135701358,7,43.4908,-1.4968
135701358,8,43.4907,-1.4967
135701360,0,43.4908,-1.4978
135701360,1,43.4909,-1.4977
135701360,2,43.4909,-1.4976
135701360,3,43.4909,-1.4975
135701360,4,43.4909,-1.4974
135701360,5,43.4908,-1.4972
135701360,6,43.4907,-1.497
135701360,7,43.4907,-1.4969
135701360,8,43.4907,-1.4967
135976486,0,43.4859,-1.4993
135976486,1,43.486,-1.4993
135979375,0,43.4907,-1.4956
135979375,1,43.4909,-1.4954
135979375,2,43.4909,-1.4953
135979375,3,43.491,-1.4952
135979375,4,43.491,-1.4951
135979375,5,43.491,-1.495
135979375,6,43.491,-1.4949
135979375,7,43.4909,-1.4947
135979375,8,43.4909,-1.4946
135979375,9,43.4907,-1.4942
135979375,10,43.4905,-1.4939
136121105,0,43.4776,-1.5044
136121105,1,43.4776,-1.5043
136121105,2,43.4776,-1.5042
136121105,3,43.4777,-1.5042
136121105,4,43.4777,-1.5042
136121105,5,43.4777,-1.5041
136121105,6,43.4777,-1.504
136121105,7,43.4777,-1.5039
136121105,8,43.4776,-1.5031
136121105,9,43.4776,-1.503
136121105,10,43.4775,-1.5029
136121105,11,43.4774,-1.5028
136121105,12,43.4773,-1.5027
136121105,13,43.4769,-1.5023
136121105,14,43.4768,-1.5022
136121105,15,43.4768,-1.5021
136121105,16,43.4767,-1.5018
136121105,17,43.4767,-1.5015
136121105,18,43.4766,-1.5014
136121105,19,43.4765,-1.5013
136121105,20,43.4763,-1.5011
136121105,21,43.4763,-1.501
136121105,22,43.476,-1.5008
136121105,23,43.4757,-1.5005
136121105,24,43.4756,-1.5004
136121105,25,43.4756,-1.5003
136121105,26,43.4755,-1.5002
136121105,27,43.4755,-1.5001
136121105,28,43.4755,-1.4999
136121105,29,43.4754,-1.4998
136121105,30,43.4754,-1.4998
136121105,31,43.4754,-1.4997
136122682,0,43.4844,-1.5011
136122682,1,43.4844,-1.501
136122682,2,43.4843,-1.5009
136122682,3,43.4843,-1.5005
136122682,4,43.4843,-1.5002
136122682,5,43.4843,-1.5001
136122682,6,43.4843,-1.4998
136122682,7,43.4843,-1.4997
136122682,8,43.4844,-1.4997
136122682,9,43.4845,-1.4997
136122682,10,43.485,-1.4994
136122682,11,43.4853,-1.4992
136122682,12,43.4854,-1.4992
136216427,0,43.474,-1.4938
136216427,1,43.474,-1.4938
136216427,2,43.4743,-1.4934
136216427,3,43.4744,-1.4933
136216427,4,43.4747,-1.493
136216427,5,43.4748,-1.493
136216427,6,43.4749,-1.4929
136216427,7,43.4749,-1.4929
136216427,8,43.475,-1.4929
136216427,9,43.4751,-1.493
136216427,10,43.4751,-1.4931
136216427,11,43.4752,-1.4931
136216427,12,43.4752,-1.4933
136216427,13,43.4753,-1.4934
136216427,14,43.4753,-1.4934
136217420,0,43.4723,-1.4937
136217420,1,43.4724,-1.4917
136217423,0,43.473,-1.4923
136217423,1,43.4735,-1.4923
136217423,2,43.4735,-1.4923
136217423,3,43.4736,-1.4922
136217423,4,43.4735,-1.4918
136217423,5,43.4735,-1.4917
136217423,6,43.4735,-1.4917
136217423,7,43.4729,-1.4917
136217423,8,43.4724,-1.4917
136217423,9,43.4722,-1.4918
136217423,10,43.4721,-1.4918
136217423,11,43.4721,-1.4918
136217423,12,43.4717,-1.4938
136217423,13,43.4715,-1.4949
136217423,14,43.4709,-1.498
136217428,0,43.4731,-1.4953
136217428,1,43.473,-1.4947
136217428,2,43.473,-1.4937
136217428,3,43.473,-1.4937
136217428,4,43.473,-1.4936
136217428,5,43.473,-1.4936
136217428,6,43.473,-1.4928
136217428,7,43.473,-1.4923
136217428,8,43.4729,-1.4917
136226399,0,43.4764,-1.5024
136226399,1,43.4765,-1.5022
136226399,2,43.4767,-1.5019
136226399,3,43.4767,-1.5018
136226403,0,43.4772,-1.5016
136226403,1,43.4771,-1.5017
136226403,2,43.4768,-1.5017
136226403,3,43.4767,-1.5018
136226404,0,43.4769,-1.5032
136226404,1,43.477,-1.5031
136226404,2,43.4773,-1.5027
136226406,0,43.4765,-1.5002
136226406,1,43.4766,-1.5005
136226406,2,43.4766,-1.5006
136226406,3,43.4765,-1.5007
136580527,0,43.4564,-1.4984
136580527,1,43.4567,-1.4979
136580527,2,43.4567,-1.4978
136580527,3,43.4566,-1.4973
136580527,4,43.4566,-1.4973
136580527,5,43.4572,-1.4971
136580527,6,43.4573,-1.497
136580527,7,43.4574,-1.4969
136580527,8,43.4575,-1.4969
136583287,0,43.4508,-1.4957
136583287,1,43.4509,-1.4957
136583287,2,43.4516,-1.4955
136583287,3,43.4517,-1.4955
136583287,4,43.4517,-1.4954
136583289,0,43.4503,-1.4969
136583289,1,43.4506,-1.4963
136583289,2,43.4508,-1.496
136583289,3,43.4509,-1.4958
136583289,4,43.4508,-1.4957
136583289,5,43.4508,-1.4956
136583289,6,43.4506,-1.495
136583289,7,43.4505,-1.495
136583289,8,43.4505,-1.4949
136593911,0,43.4628,-1.4963
136593911,1,43.4628,-1.4962
136593911,2,43.4629,-1.4962
136593911,3,43.4632,-1.496
136593911,4,43.4634,-1.4959
136593911,5,43.4635,-1.4959
136593911,6,43.4637,-1.4959
136601647,0,43.4627,-1.4998
136601647,1,43.4626,-1.4997
136601647,2,43.4626,-1.4996
136601647,3,43.4626,-1.4995
136601647,4,43.4626,-1.499
136601647,5,43.4626,-1.4977
136601647,6,43.4626,-1.4973
136601647,7,43.4626,-1.4972
136601647,8,43.4627,-1.4971
136601647,9,43.4627,-1.497
136601647,10,43.4628,-1.4969
136601647,11,43.4629,-1.4969
136601647,12,43.463,-1.4968
136601647,13,43.463,-1.4967
136601647,14,43.4631,-1.4966
136601647,15,43.463,-1.4966
136601647,16,43.463,-1.4965
136601647,17,43.4629,-1.4965
136601647,18,43.4629,-1.4964
136601647,19,43.4628,-1.4964
136601647,20,43.4628,-1.4963
136602507,0,43.464,-1.4983
136602507,1,43.4639,-1.4979
136602507,2,43.4638,-1.4977
136602507,3,43.4638,-1.4975
136602507,4,43.4639,-1.4969
136602507,5,43.4639,-1.4964
136602507,6,43.464,-1.4959
136602507,7,43.464,-1.4958
136602509,0,43.4648,-1.4986
136602509,1,43.4647,-1.4983
136602509,2,43.4647,-1.4983
136602509,3,43.4647,-1.4982
136602509,4,43.4645,-1.498
136602509,5,43.4644,-1.4977
136602509,6,43.4644,-1.4977
136602509,7,43.4644,-1.4975
136602509,8,43.4643,-1.4974
136602509,9,43.4644,-1.4973
136602509,10,43.4644,-1.4972
136602509,11,43.4644,-1.4971
136602509,12,43.4645,-1.497
136602509,13,43.4646,-1.497
136602509,14,43.4647,-1.497
136602509,15,43.4648,-1.4971
136602509,16,43.465,-1.4972
136602509,17,43.4651,-1.4972
136602509,18,43.4656,-1.4972
136602509,19,43.4658,-1.4972
136602509,20,43.4659,-1.4972
136602509,21,43.466,-1.4972
136602509,22,43.466,-1.4973
136602509,23,43.4661,-1.4974
136602509,24,43.4662,-1.4978
136602511,0,43.4662,-1.4978
136602511,1,43.4654,-1.4983
136602511,2,43.4648,-1.4986
136602511,3,43.4646,-1.4989
136602511,4,43.4645,-1.4989
136602511,5,43.4644,-1.4991
136602511,6,43.4643,-1.4991
136602512,0,43.4654,-1.4983
136602512,1,43.4651,-1.4974
136602512,2,43.465,-1.4973
136602512,3,43.465,-1.4972
136618674,0,43.4699,-1.4887
136618674,1,43.4698,-1.4888
136618674,2,43.4697,-1.4891
136618674,3,43.4695,-1.4893
136618674,4,43.4691,-1.4898
136618674,5,43.4691,-1.4899
136618674,6,43.4687,-1.4904
136618674,7,43.4687,-1.4905
136618674,8,43.4686,-1.4907
136618674,9,43.4685,-1.4908
136618674,10,43.4684,-1.4909
136618674,11,43.4681,-1.4913
136618674,12,43.468,-1.4916
136618674,13,43.4679,-1.4916
136618674,14,43.4678,-1.4918
136618674,15,43.4677,-1.492
136618674,16,43.4676,-1.4921
136618675,0,43.4704,-1.4882
136618675,1,43.4702,-1.4884
136618675,2,43.4701,-1.4885
136618675,3,43.4699,-1.4887
136706451,0,43.481,-1.4915
136706451,1,43.4811,-1.4914
136706451,2,43.4814,-1.4914
136706451,3,43.4827,-1.4908
136706451,4,43.4828,-1.4908
136706451,5,43.4828,-1.4907
136706451,6,43.4829,-1.4907
136706451,7,43.4829,-1.4906
136706451,8,43.4829,-1.4905
136706451,9,43.4829,-1.4905
136706451,10,43.4829,-1.4904
136706451,11,43.4828,-1.4901
136706451,12,43.4828,-1.49
136706451,13,43.4828,-1.49
136706451,14,43.4828,-1.4899
136706451,15,43.4828,-1.4899
136706451,16,43.4828,-1.4898
136706451,17,43.4828,-1.4898
136706451,18,43.4828,-1.4898
136706451,19,43.4829,-1.4898
136706451,20,43.4829,-1.4897
136706451,21,43.4831,-1.4895
136706451,22,43.4832,-1.4895
136706451,23,43.4832,-1.4895
136706451,24,43.4833,-1.4894
136706451,25,43.4835,-1.4893
136706451,26,43.4836,-1.4893
136706451,27,43.4839,-1.4891
136706451,28,43.4841,-1.489
136706451,29,43.4843,-1.4889
136706451,30,43.4844,-1.4889
136706451,31,43.4844,-1.4889
136706451,32,43.4845,-1.4889
136706451,33,43.4845,-1.4889
136706451,34,43.4845,-1.4889
136706451,35,43.4845,-1.489
136706451,36,43.4846,-1.489
136706451,37,43.4846,-1.489
136706451,38,43.4846,-1.4891
136706451,39,43.4846,-1.4891
136706451,40,43.4847,-1.4892
136706451,41,43.4847,-1.4895
136706451,42,43.4847,-1.4895
136706451,43,43.4847,-1.4896
136706451,44,43.4847,-1.4898
136706451,45,43.4847,-1.4899
136706451,46,43.4847,-1.4899
136754291,0,43.4773,-1.499
136754291,1,43.4774,-1.499
136754291,2,43.4776,-1.4989
136754291,3,43.4779,-1.4988
136754291,4,43.478,-1.4988
136754291,5,43.4781,-1.4988
136754291,6,43.4783,-1.4987
136754291,7,43.4786,-1.4986
136754291,8,43.4789,-1.4985
136754291,9,43.4789,-1.4985
136754291,10,43.4789,-1.4985
143532132,0,43.48,-1.4559
143532132,1,43.4799,-1.4556
143532132,2,43.4799,-1.4555
143532132,3,43.4799,-1.4553
143532132,4,43.48,-1.4552
143532132,5,43.4803,-1.4549
143532132,6,43.4806,-1.4547
143532132,7,43.4811,-1.4544
143532132,8,43.4814,-1.4542
143532132,9,43.4816,-1.4541
143532132,10,43.4817,-1.4541
143532135,0,43.4808,-1.4576
143532135,1,43.4807,-1.4574
143532135,2,43.4806,-1.4573
143532136,0,43.475,-1.4551
143532136,1,43.4745,-1.4549
143532136,2,43.4745,-1.4548
143532136,3,43.4744,-1.4548
143532137,0,43.4806,-1.4573
143532137,1,43.4804,-1.4571
143532153,0,43.4743,-1.4548
143532153,1,43.4742,-1.4547
143532153,2,43.4742,-1.4546
143532153,3,43.4742,-1.4546
143532153,4,43.4741,-1.4545
143532153,5,43.4741,-1.4545
143532153,6,43.474,-1.4544
143532153,7,43.474,-1.4542
143532153,8,43.474,-1.4541
143532153,9,43.4739,-1.4533
143532153,10,43.474,-1.4532
143571970,0,43.4759,-1.4633
143571970,1,43.4759,-1.4632
143571970,2,43.476,-1.4631
143571970,3,43.4764,-1.4626
143571970,4,43.4766,-1.4624
143571970,5,43.477,-1.462
143571970,6,43.4771,-1.4619
143571970,7,43.4772,-1.4621
143571970,8,43.4773,-1.4621
143571970,9,43.4773,-1.4622
143571970,10,43.4774,-1.4622
143571970,11,43.4774,-1.4621
143571970,12,43.4781,-1.4618
143571970,13,43.4782,-1.4617
143571970,14,43.4783,-1.4617
143571970,15,43.4784,-1.4616
143571970,16,43.4785,-1.4615
143571970,17,43.4785,-1.4614
143571970,18,43.4786,-1.4613
143571970,19,43.4787,-1.4612
143571970,20,43.4787,-1.4611
143571970,21,43.4787,-1.461
143571970,22,43.4788,-1.4609
143571970,23,43.4789,-1.4606
143571970,24,43.479,-1.4601
143571970,25,43.479,-1.4601
143571970,26,43.479,-1.46
143571970,27,43.479,-1.46
143571970,28,43.479,-1.4599
143571970,29,43.4789,-1.4598
143571970,30,43.4787,-1.4594
143571970,31,43.4787,-1.4594
143571970,32,43.4787,-1.4594
143571970,33,43.4787,-1.4594
143571973,0,43.4784,-1.4584
143571973,1,43.4784,-1.4584
143571973,2,43.4784,-1.4585
143571973,3,43.4783,-1.4587
143571973,4,43.4783,-1.4588
143571973,5,43.4782,-1.459
143571973,6,43.4781,-1.4591
143571973,7,43.4779,-1.4593
143571973,8,43.4778,-1.4597
143571973,9,43.4777,-1.4598
143571978,0,43.4791,-1.4589
143571978,1,43.479,-1.4589
143571978,2,43.479,-1.459
143571978,3,43.4789,-1.459
143571978,4,43.4789,-1.4591
143571978,5,43.4788,-1.4591
143571978,6,43.4787,-1.4592
143571980,0,43.4751,-1.4587
143571980,1,43.4752,-1.4587
143571980,2,43.4754,-1.4585
143571980,3,43.4754,-1.4584
143571980,4,43.4755,-1.4583
143571980,5,43.4755,-1.4583
143571980,6,43.4755,-1.4582
143571980,7,43.4755,-1.4581
143571980,8,43.4756,-1.4581
143571980,9,43.4756,-1.4581
143571980,10,43.4757,-1.458
143571980,11,43.4758,-1.4579
143571980,12,43.4759,-1.4579
143571980,13,43.4759,-1.458
143571980,14,43.476,-1.4581
143571980,15,43.476,-1.4581
143571980,16,43.4761,-1.4581
143571980,17,43.4761,-1.4581
143571980,18,43.4761,-1.458
143571980,19,43.4765,-1.4577
143571980,20,43.4766,-1.4577
143571980,21,43.4766,-1.4577
143571980,22,43.4766,-1.4577
143571980,23,43.477,-1.458
143571980,24,43.4771,-1.458
143571980,25,43.4771,-1.458
143571980,26,43.4771,-1.458
143571980,27,43.4771,-1.458
143571990,0,43.4774,-1.4576
143571990,1,43.4774,-1.4577
143571990,2,43.4774,-1.4578
143571990,3,43.4774,-1.4578
143571990,4,43.4773,-1.4579
143571990,5,43.4773,-1.4579
143571990,6,43.4772,-1.458
143571990,7,43.4771,-1.458
143571990,8,43.4771,-1.4581
143571990,9,43.4771,-1.4581
143571990,10,43.4771,-1.4582
143571990,11,43.4768,-1.4588
143571990,12,43.4767,-1.4589
143571990,13,43.4767,-1.459
143753237,0,43.4951,-1.4383
143753237,1,43.495,-1.4383
143753237,2,43.495,-1.4383
143753237,3,43.4948,-1.4383
143753237,4,43.4948,-1.4384
143753237,5,43.4946,-1.4385
143753237,6,43.4944,-1.4386
143753237,7,43.4943,-1.4386
143753237,8,43.4943,-1.4386
143753237,9,43.4942,-1.4385
143753237,10,43.4941,-1.4383
143753237,11,43.4939,-1.4381
143753237,12,43.4937,-1.438
143753237,13,43.4937,-1.4379
143753237,14,43.4935,-1.4379
143753237,15,43.4929,-1.4377
143965438,0,43.4967,-1.4829
143965438,1,43.497,-1.4836
143965439,0,43.497,-1.4836
143965439,1,43.4973,-1.4846
143965440,0,43.4963,-1.4816
143965440,1,43.4964,-1.4818
143965440,2,43.4965,-1.482
143965440,3,43.4968,-1.4829
143965440,4,43.4969,-1.483
143965441,0,43.4982,-1.4869
143965441,1,43.4982,-1.4871
143965441,2,43.4984,-1.4874
143965441,3,43.4986,-1.4878
143965441,4,43.4986,-1.4879
143965441,5,43.4992,-1.4889
143965441,6,43.4993,-1.4892
143965441,7,43.4995,-1.4895
143965441,8,43.4996,-1.4897
143965441,9,43.4997,-1.49
143965441,10,43.4999,-1.4904
143965441,11,43.5,-1.4906
143965441,12,43.5001,-1.4908
143965441,13,43.5003,-1.4912
143965441,14,43.5007,-1.4918
143965441,15,43.5007,-1.4918
143965441,16,43.5008,-1.492
143965442,0,43.4953,-1.4789
143965442,1,43.4956,-1.4796
143965443,0,43.481,-1.4756
143965443,1,43.481,-1.4755
143965443,2,43.4809,-1.4754
143965443,3,43.4808,-1.4751
143965443,4,43.4808,-1.4747
143965443,5,43.4808,-1.4746
143965444,0,43.4981,-1.4868
143965444,1,43.4981,-1.4868
143965444,2,43.4981,-1.4868
143965444,3,43.4981,-1.4868
143965444,4,43.4982,-1.4868
143965444,5,43.4982,-1.4868
143965444,6,43.4982,-1.4869
143965444,7,43.4982,-1.4869
143965444,8,43.4982,-1.4869
143965444,9,43.4982,-1.4869
143965444,10,43.4982,-1.487
143965444,11,43.4982,-1.487
143965444,12,43.4982,-1.487
143965444,13,43.4981,-1.487
143965444,14,43.4981,-1.487
143965444,15,43.4981,-1.487
143965444,16,43.4981,-1.487
143965444,17,43.4981,-1.4869
143965444,18,43.4981,-1.4869
143965444,19,43.4981,-1.4869
143965444,20,43.4981,-1.4869
143965444,21,43.4981,-1.4868
143965447,0,43.4809,-1.4757
143965447,1,43.4809,-1.4757
143965447,2,43.4809,-1.4757
143965447,3,43.4809,-1.4756
143965447,4,43.4809,-1.4756
143965447,5,43.481,-1.4756
143965447,6,43.481,-1.4756
143965447,7,43.481,-1.4756
143965447,8,43.481,-1.4757
143965447,9,43.4811,-1.4757
143965447,10,43.4811,-1.4757
143965447,11,43.4811,-1.4758
143965447,12,43.481,-1.4758
143965447,13,43.481,-1.4758
145218288,0,43.4919,-1.4539
145218288,1,43.4917,-1.4539
145218288,2,43.4916,-1.454
145218288,3,43.4916,-1.454
145218288,4,43.4915,-1.454
145218288,5,43.4914,-1.454
145218289,0,43.4914,-1.4536
145218289,1,43.4915,-1.4537
145218290,0,43.4875,-1.4488
145218290,1,43.4877,-1.4488
145218290,2,43.4885,-1.449
145218290,3,43.4889,-1.4492
145218290,4,43.489,-1.4492
145218290,5,43.4891,-1.4492
145218290,6,43.4892,-1.4492
145218290,7,43.4894,-1.4492
145218290,8,43.4895,-1.4491
145218290,9,43.4896,-1.4491
145218290,10,43.4897,-1.449
145218290,11,43.4898,-1.4489
145218290,12,43.4898,-1.4489
145218290,13,43.49,-1.4487
145218290,14,43.4902,-1.4484
145218290,15,43.4903,-1.4483
145218290,16,43.4904,-1.4483
145218290,17,43.4904,-1.4482
145218290,18,43.4906,-1.4482
155254575,0,43.497,-1.4637
155254575,1,43.4969,-1.4637
155254575,2,43.4969,-1.4638
156266068,0,43.4654,-1.4835
156266068,1,43.4647,-1.4848
156266068,2,43.4639,-1.4865
156266068,3,43.4637,-1.4871
156266068,4,43.4633,-1.4881
156266068,5,43.4631,-1.4887
156266068,6,43.4626,-1.4903
156266068,7,43.4618,-1.4927
156266068,8,43.4614,-1.4943
156266068,9,43.4612,-1.495
156266068,10,43.4611,-1.4958
156345989,0,43.4499,-1.4933
156345989,1,43.4499,-1.4931
156345990,0,43.4515,-1.4962
156345990,1,43.4516,-1.4967
156345990,2,43.4516,-1.4968
156345990,3,43.4516,-1.4974
156345990,4,43.4518,-1.4979
156345999,0,43.4556,-1.4974
156345999,1,43.4557,-1.4974
156345999,2,43.4558,-1.4973
156345999,3,43.456,-1.4973
156345999,4,43.4567,-1.4971
156345999,5,43.4569,-1.497
156345999,6,43.4573,-1.4969
156345999,7,43.4575,-1.4969
156345999,8,43.4578,-1.4969
156345999,9,43.4578,-1.4969
156345999,10,43.4581,-1.4969
156345999,11,43.4582,-1.4969
156345999,12,43.4582,-1.4969
156345999,13,43.4584,-1.4969
156345999,14,43.4586,-1.4969
156378554,0,43.4481,-1.4925
156378554,1,43.4482,-1.4928
156378554,2,43.4482,-1.4929
156378554,3,43.4482,-1.493
156378554,4,43.4482,-1.4931
156378554,5,43.4481,-1.4932
156378554,6,43.4478,-1.4933
156378554,7,43.4478,-1.4934
156378554,8,43.4478,-1.4935
156378554,9,43.4479,-1.4936
156378554,10,43.448,-1.4936
156378554,11,43.4485,-1.4936
156378554,12,43.4486,-1.4936
156378554,13,43.4489,-1.4937
156378554,14,43.4489,-1.4937
156378554,15,43.4497,-1.4934
156378554,16,43.4498,-1.4933
156852253,0,43.4901,-1.462
156852253,1,43.4903,-1.4618
156852253,2,43.4903,-1.4618
156852253,3,43.4903,-1.4617
156852253,4,43.4903,-1.4616
156852253,5,43.4904,-1.4616
156852253,6,43.4904,-1.4615
156852260,0,43.4903,-1.4676
156852260,1,43.4902,-1.4675
156852260,2,43.4902,-1.4674
156852260,3,43.4902,-1.4673
156852262,0,43.4932,-1.4525
156852262,1,43.4933,-1.4523
156852262,2,43.4936,-1.4519
156852262,3,43.4937,-1.4518
156852262,4,43.4937,-1.4517
156852262,5,43.4938,-1.4516
156852262,6,43.4938,-1.4515
156852262,7,43.4938,-1.4515
156894808,0,43.4903,-1.4935
156894808,1,43.4899,-1.493
156894808,2,43.4897,-1.4929
156894808,3,43.4895,-1.4927
156894808,4,43.489,-1.4923
156894808,5,43.4887,-1.492
156894808,6,43.4885,-1.4917
156894808,7,43.4885,-1.4917
156894808,8,43.4884,-1.4917
156894808,9,43.4883,-1.4916
156894812,0,43.4885,-1.4914
156894812,1,43.4886,-1.4915
156894812,2,43.4886,-1.4916
156894812,3,43.4886,-1.4917
156894812,4,43.4888,-1.4919
156894812,5,43.4888,-1.4919
156894812,6,43.4893,-1.4923
156894812,7,43.4897,-1.4926
156894812,8,43.4899,-1.4929
156894812,9,43.4901,-1.4932
156894812,10,43.4903,-1.4935
156894832,0,43.4834,-1.5027
156894832,1,43.4833,-1.5028
156894832,2,43.4833,-1.5028
156894832,3,43.4832,-1.5029
156894841,0,43.484,-1.4993
156894841,1,43.4838,-1.4992
156894841,2,43.4836,-1.4991
156894841,3,43.4834,-1.499
156894841,4,43.4832,-1.4989
156894841,5,43.4829,-1.4987
156894841,6,43.4827,-1.4985
156894841,7,43.4825,-1.4984
156894841,8,43.4818,-1.498
156894841,9,43.4818,-1.498
156894841,10,43.4818,-1.498
156894896,0,43.488,-1.4914
156894896,1,43.4879,-1.4913
156894896,2,43.4879,-1.4913
156894896,3,43.4877,-1.4912
156894896,4,43.4875,-1.491
156894896,5,43.487,-1.4907
156894896,6,43.4865,-1.4904
156894896,7,43.4862,-1.4903
156894896,8,43.4859,-1.4902
156894896,9,43.4854,-1.4902
156894896,10,43.4851,-1.4903
156894896,11,43.4851,-1.4903
156894896,12,43.4851,-1.4904
156894896,13,43.485,-1.4904
156894955,0,43.4885,-1.4915
156894955,1,43.4884,-1.4916
156894955,2,43.4883,-1.4916
156894955,3,43.4883,-1.4916
156894955,4,43.4882,-1.4916
156894955,5,43.4881,-1.4916
156894955,6,43.4881,-1.4915
156894955,7,43.488,-1.4915
156894955,8,43.488,-1.4914
156894955,9,43.488,-1.4913
156894955,10,43.488,-1.4912
156894955,11,43.488,-1.4911
156894955,12,43.4881,-1.491
156894955,13,43.4881,-1.4909
156894955,14,43.4882,-1.4909
156894955,15,43.4883,-1.4909
156894955,16,43.4883,-1.4909
156894955,17,43.4884,-1.4909
156894955,18,43.4885,-1.491
156894955,19,43.4885,-1.4911
156894955,20,43.4885,-1.4912
156894955,21,43.4885,-1.4913
156894955,22,43.4885,-1.4914
156894955,23,43.4885,-1.4915
156894960,0,43.4832,-1.5026
156894960,1,43.4832,-1.5025
156894960,2,43.4832,-1.5024
156894960,3,43.4832,-1.5023
156894960,4,43.4832,-1.5022
156894960,5,43.4832,-1.5021
156894960,6,43.4833,-1.5021
156894960,7,43.4834,-1.502
156895001,0,43.4836,-1.503
156895001,1,43.4836,-1.5029
156895001,2,43.4835,-1.5028
156895001,3,43.4835,-1.5027
156895083,0,43.4936,-1.4973
156895083,1,43.4934,-1.4973
156895083,2,43.4929,-1.4972
156895083,3,43.4926,-1.4971
156895083,4,43.4922,-1.4969
156895083,5,43.4919,-1.4966
156895083,6,43.4918,-1.4966
156895083,7,43.4915,-1.4966
156895083,8,43.4914,-1.4966
156895083,9,43.4913,-1.4966
156895083,10,43.4913,-1.4966
156895134,0,43.4899,-1.4929
156895134,1,43.4901,-1.4931
156895134,2,43.4905,-1.4936
156895134,3,43.4908,-1.494
156895134,4,43.4913,-1.4946
156895134,5,43.4917,-1.4953
156895134,6,43.4919,-1.4956
156895134,7,43.4919,-1.4956
156895134,8,43.492,-1.4956
156895134,9,43.4921,-1.4957
157266486,0,43.4971,-1.4835
157266486,1,43.4971,-1.4835
157266486,2,43.4971,-1.4836
157266486,3,43.4971,-1.4837
157266486,4,43.4974,-1.4845
157266486,5,43.4975,-1.4849
157266486,6,43.4976,-1.4853
157266488,0,43.502,-1.4789
157266488,1,43.5019,-1.4788
157266488,2,43.5018,-1.4788
157266488,3,43.5018,-1.4788
157266488,4,43.5017,-1.4789
157266488,5,43.5016,-1.4789
157266488,6,43.5016,-1.4789
157266489,0,43.5016,-1.4789
157266489,1,43.5015,-1.4789
157266489,2,43.5014,-1.479
157266489,3,43.5013,-1.479
157266489,4,43.5011,-1.4792
157266489,5,43.501,-1.4793
157266489,6,43.5009,-1.4793
157266490,0,43.5021,-1.4784
157266490,1,43.5021,-1.4783
157266490,2,43.5022,-1.4782
157266490,3,43.5022,-1.4781
157266490,4,43.5022,-1.4777
157266490,5,43.5023,-1.4773
157266490,6,43.5023,-1.4771
157266490,7,43.5023,-1.477
157266490,8,43.5023,-1.4769
157266490,9,43.5024,-1.4768
157266490,10,43.5024,-1.4765
157266490,11,43.5025,-1.4763
157266490,12,43.5026,-1.4761
157266490,13,43.5027,-1.4759
157266490,14,43.5028,-1.4757
157266490,15,43.5029,-1.4755
157266490,16,43.5032,-1.4752
157266490,17,43.5034,-1.4749
157266490,18,43.5035,-1.4747
157266490,19,43.5036,-1.4746
157266491,0,43.502,-1.461
157266491,1,43.5018,-1.4607
157266491,2,43.5018,-1.4605
157266491,3,43.5017,-1.4603
157266491,4,43.5017,-1.4601
157266491,5,43.5017,-1.4595
157266493,0,43.5036,-1.468
157266493,1,43.5035,-1.4679
157266497,0,43.4955,-1.4834
157266497,1,43.4953,-1.4826
157266497,2,43.4953,-1.4826
157266497,3,43.4953,-1.4824
157266498,0,43.5024,-1.4788
157266498,1,43.5023,-1.4789
157266498,2,43.5023,-1.4789
157266498,3,43.5022,-1.479
157266498,4,43.5022,-1.479
157266498,5,43.5021,-1.479
157266498,6,43.502,-1.4789
157266498,7,43.502,-1.4789
157266498,8,43.502,-1.4788
157266498,9,43.5019,-1.4787
157266498,10,43.502,-1.4786
157266498,11,43.502,-1.4785
157266498,12,43.502,-1.4784
157266498,13,43.5021,-1.4784
157266498,14,43.5021,-1.4784
157266498,15,43.5022,-1.4784
157266498,16,43.5023,-1.4784
157266498,17,43.5023,-1.4785
157266498,18,43.5023,-1.4785
157266498,19,43.5024,-1.4786
157266498,20,43.5024,-1.4787
157266498,21,43.5024,-1.4788
157266499,0,43.4993,-1.4816
157266499,1,43.4993,-1.4817
157266499,2,43.4993,-1.4818
157266499,3,43.4992,-1.4819
157266499,4,43.4992,-1.4819
157266499,5,43.4991,-1.4819
157266499,6,43.499,-1.4819
157266499,7,43.499,-1.4818
157266500,0,43.4948,-1.4674
157266500,1,43.4948,-1.4673
157266500,2,43.4947,-1.4673
157266500,3,43.4947,-1.4672
157266500,4,43.4947,-1.4672
157266500,5,43.4947,-1.4671
157266500,6,43.4946,-1.4671
157266500,7,43.4946,-1.4671
157266500,8,43.4945,-1.4669
157266500,9,43.4941,-1.4665
157266500,10,43.4941,-1.4664
157266500,11,43.494,-1.4663
157266502,0,43.4956,-1.4661
157266502,1,43.4956,-1.4661
157266502,2,43.4956,-1.466
157266502,3,43.4953,-1.4656
157266502,4,43.4949,-1.4651
157266502,5,43.4949,-1.4651
157266504,0,43.4971,-1.4835
157266504,1,43.497,-1.4835
157266504,2,43.4969,-1.4836
157266504,3,43.4969,-1.4836
157266504,4,43.4968,-1.4836
157266504,5,43.4968,-1.4836
157266504,6,43.4967,-1.4835
157266504,7,43.4967,-1.4835
157266504,8,43.4967,-1.4834
157266504,9,43.4966,-1.4833
157266504,10,43.4967,-1.4832
157266504,11,43.4967,-1.4831
157266506,0,43.4988,-1.4818
157266506,1,43.4988,-1.4817
157266506,2,43.4989,-1.4817
157266506,3,43.4989,-1.4816
157752633,0,43.5026,-1.4551
157752633,1,43.5025,-1.4554
157752633,2,43.5025,-1.4556
157752633,3,43.5025,-1.4557
157752633,4,43.5025,-1.4558
157752633,5,43.5026,-1.4559
158508461,0,43.4726,-1.4908
158508461,1,43.4729,-1.4907
158508461,2,43.4731,-1.4905
158508461,3,43.4732,-1.4904
158508461,4,43.4734,-1.4904
158508461,5,43.4736,-1.4904
158508461,6,43.4736,-1.4904
158508461,7,43.4738,-1.4904
159394583,0,43.4936,-1.4546
159394583,1,43.4936,-1.4544
160124497,0,43.5005,-1.4936
160124497,1,43.5005,-1.4937
160124497,2,43.5005,-1.4939
160124497,3,43.5005,-1.4943
160124497,4,43.5005,-1.4951
160124497,5,43.5005,-1.4953
160124497,6,43.5005,-1.4955
160124497,7,43.5005,-1.4956
160124497,8,43.5005,-1.4956
160124497,9,43.5005,-1.4957
160124498,0,43.5015,-1.4928
160124498,1,43.5014,-1.4928
160124498,2,43.5007,-1.4934
160124498,3,43.5005,-1.4935
160124499,0,43.5004,-1.4935
160124499,1,43.5004,-1.4934
160124499,2,43.5004,-1.4934
160124499,3,43.5004,-1.4934
160124499,4,43.5003,-1.4933
160124499,5,43.5002,-1.4931
160124499,6,43.5002,-1.4931
160124499,7,43.5002,-1.4931
160124499,8,43.5001,-1.493
160124499,9,43.5001,-1.493
160124499,10,43.5001,-1.493
160124499,11,43.5001,-1.493
160124499,12,43.5,-1.493
160124499,13,43.4998,-1.4932
160124499,14,43.4996,-1.4933
160124499,15,43.4996,-1.4934
160124499,16,43.4995,-1.4934
160124499,17,43.4995,-1.4935
160124499,18,43.4994,-1.4936
160124500,0,43.5005,-1.4957
160124500,1,43.5005,-1.4956
160124500,2,43.5004,-1.4956
160124500,3,43.5004,-1.4956
160124500,4,43.5003,-1.4956
160124500,5,43.5,-1.4956
160124500,6,43.4999,-1.4956
160124500,7,43.4999,-1.4956
160124500,8,43.4999,-1.4956
160124500,9,43.4999,-1.4956
160124500,10,43.4998,-1.4955
160124500,11,43.4998,-1.4955
160124500,12,43.4998,-1.4954
160124500,13,43.4997,-1.4951
160124500,14,43.4996,-1.4941
160124500,15,43.4995,-1.494
160124500,16,43.4995,-1.4938
160124500,17,43.4995,-1.4937
160124500,18,43.4995,-1.4937
160124500,19,43.4994,-1.4936
160124501,0,43.4988,-1.494
160124501,1,43.4986,-1.4941
160124501,2,43.4985,-1.4942
160124501,3,43.4985,-1.4942
160124502,0,43.4985,-1.4939
160124502,1,43.4986,-1.494
160124502,2,43.4986,-1.494
160124502,3,43.4988,-1.494
160124507,0,43.5005,-1.4935
160124507,1,43.5006,-1.4935
160124507,2,43.5005,-1.4936
160124507,3,43.5005,-1.4936
160124507,4,43.5005,-1.4936
160124507,5,43.5005,-1.4936
160124507,6,43.5005,-1.4936
160124507,7,43.5005,-1.4936
160124507,8,43.5004,-1.4936
160124507,9,43.5004,-1.4935
160124507,10,43.5004,-1.4935
160124507,11,43.5004,-1.4935
160124507,12,43.5005,-1.4935
160124507,13,43.5005,-1.4934
160124507,14,43.5005,-1.4934
160124507,15,43.5005,-1.4935
160124507,16,43.5005,-1.4935
160124507,17,43.5005,-1.4935
160125760,0,43.4975,-1.4852
160125760,1,43.4974,-1.4851
160125760,2,43.4973,-1.4848
160125760,3,43.4973,-1.4846
160125760,4,43.497,-1.4839
160125760,5,43.4969,-1.4837
160125760,6,43.4968,-1.4836
160125763,0,43.4973,-1.4846
160125763,1,43.4976,-1.4853
160125763,2,43.4976,-1.4854
160125763,3,43.4978,-1.4859
160125763,4,43.498,-1.4867
160125763,5,43.4981,-1.4867
160125763,6,43.4981,-1.4868
160125763,7,43.4981,-1.4868
160125764,0,43.4981,-1.4869
160125764,1,43.498,-1.4867
160125764,2,43.4977,-1.4859
160125764,3,43.4976,-1.4855
160125764,4,43.4975,-1.4852
160125764,5,43.4974,-1.4849
160125764,6,43.4973,-1.4846
160125767,0,43.4986,-1.4918
160125767,1,43.4985,-1.492
160125767,2,43.4984,-1.4922
160125767,3,43.4983,-1.4923
160125770,0,43.4983,-1.4915
160125770,1,43.4984,-1.4918
160125770,2,43.4984,-1.4919
160125770,3,43.4985,-1.4919
160125770,4,43.4985,-1.4919
160125770,5,43.4986,-1.4918
161568898,0,43.5148,-1.486
161568898,1,43.5148,-1.4861
161568898,2,43.5148,-1.4864
161568898,3,43.5148,-1.4866
161568898,4,43.5149,-1.4867
161568898,5,43.5149,-1.4868
161965960,0,43.5132,-1.487
161965960,1,43.5132,-1.4869
161965960,2,43.5133,-1.4869
161965960,3,43.5134,-1.4869
161965960,4,43.5134,-1.4868
161965960,5,43.5141,-1.4864
161965960,6,43.5147,-1.486
161965960,7,43.5148,-1.486
166479548,0,43.4749,-1.4849
166479548,1,43.4749,-1.4848
166479548,2,43.475,-1.4846
166479548,3,43.4751,-1.4844
166479548,4,43.4751,-1.4843
166479548,5,43.4752,-1.4842
166479548,6,43.4753,-1.4842
166479548,7,43.4753,-1.4842
166479548,8,43.4755,-1.4842
166479548,9,43.4756,-1.4843
166479548,10,43.4756,-1.4843
166479548,11,43.4756,-1.4843
166479548,12,43.4756,-1.4844
166479549,0,43.4752,-1.4842
166479549,1,43.4751,-1.4835
166479549,2,43.4751,-1.4835
166479549,3,43.475,-1.4834
166479549,4,43.475,-1.4833
166479549,5,43.4741,-1.4831
166479549,6,43.4737,-1.4835
166479549,7,43.4737,-1.4835
166479549,8,43.4737,-1.4836
166479549,9,43.4736,-1.4836
166479549,10,43.4736,-1.4836
166479549,11,43.4736,-1.4836
166479549,12,43.4736,-1.4835
166479549,13,43.4736,-1.4835
166479549,14,43.4735,-1.4834
166479549,15,43.4735,-1.4834
166479549,16,43.4735,-1.4834
166479549,17,43.4735,-1.4833
166479549,18,43.4735,-1.4833
166479549,19,43.4736,-1.4833
166479549,20,43.4736,-1.4832
166479549,21,43.4736,-1.4831
166479549,22,43.4737,-1.4831
166479549,23,43.4737,-1.4831
166479549,24,43.4737,-1.483
166479549,25,43.4736,-1.4827
166479549,26,43.4735,-1.4824
166479549,27,43.4734,-1.4822
166479549,28,43.4734,-1.4821
168271632,0,43.5059,-1.4874
168271632,1,43.506,-1.4873
168271632,2,43.5061,-1.4873
168271632,3,43.5068,-1.4874
168271632,4,43.5076,-1.4876
168271632,5,43.5076,-1.4874
168271632,6,43.5076,-1.4873
168271632,7,43.5076,-1.4873
168271637,0,43.508,-1.4877
168271637,1,43.508,-1.4874
168271638,0,43.5064,-1.4861
168271638,1,43.506,-1.4862
168271638,2,43.5059,-1.4863
168271638,3,43.5057,-1.4864
168275335,0,43.5121,-1.4887
168275335,1,43.5123,-1.4888
168275335,2,43.5124,-1.4888
168275335,3,43.5126,-1.4888
168275335,4,43.5127,-1.4888
168275335,5,43.513,-1.4888
168275335,6,43.513,-1.4888
168275335,7,43.5133,-1.4888
168275335,8,43.5138,-1.4888
168275335,9,43.5143,-1.4888
168275335,10,43.5143,-1.4888
168275335,11,43.5144,-1.4888
168275335,12,43.5147,-1.4888
168275335,13,43.5151,-1.4888
168275335,14,43.5157,-1.4888
168275335,15,43.5162,-1.4888
168275335,16,43.5166,-1.4888
168275335,17,43.5168,-1.4888
168275335,18,43.517,-1.4888
168275335,19,43.5177,-1.4888
168275335,20,43.52,-1.4887
168275335,21,43.5208,-1.4887
168275335,22,43.521,-1.4887
168275335,23,43.5211,-1.4887
168275335,24,43.5212,-1.4888
168275335,25,43.5213,-1.4888
168275335,26,43.5213,-1.4889
168275335,27,43.5214,-1.489
168275335,28,43.5215,-1.489
168275335,29,43.5215,-1.4891
168275335,30,43.5217,-1.4895
168275335,31,43.5218,-1.4896
168275335,32,43.5219,-1.4898
168275335,33,43.522,-1.4899
168275335,34,43.5221,-1.4899
168275335,35,43.5222,-1.4899
168275335,36,43.5223,-1.4899
168275335,37,43.5224,-1.4899
168275336,0,43.5118,-1.4887
168275336,1,43.5119,-1.4887
168275338,0,43.5118,-1.4872
168275338,1,43.5119,-1.4869
168275338,2,43.5121,-1.4861
168275338,3,43.5122,-1.4858
168275338,4,43.5122,-1.4857
168275338,5,43.5121,-1.4854
168275550,0,43.5119,-1.4873
168275550,1,43.512,-1.4873
168276167,0,43.5025,-1.4713
168276167,1,43.5028,-1.4709
168276167,2,43.5029,-1.4707
168276167,3,43.5029,-1.4706
168276167,4,43.5031,-1.4701
168276167,5,43.5032,-1.47
168276167,6,43.5033,-1.4698
168276167,7,43.5034,-1.4697
168276167,8,43.5034,-1.4695
168276217,0,43.507,-1.4688
168276217,1,43.5069,-1.4683
168276238,0,43.5083,-1.4702
168276238,1,43.5079,-1.4705
168276238,2,43.5079,-1.4705
168276238,3,43.5079,-1.4705
168276238,4,43.5078,-1.4702
168276238,5,43.5076,-1.4696
168276238,6,43.5074,-1.4691
168276238,7,43.5073,-1.4688
168276238,8,43.5073,-1.4687
168276586,0,43.506,-1.4722
168276586,1,43.5061,-1.4726
168293094,0,43.5,-1.4543
168293094,1,43.5001,-1.4542
168293094,2,43.5001,-1.4542
168293094,3,43.5001,-1.4542
168293094,4,43.5001,-1.4541
168293094,5,43.5001,-1.454
168293094,6,43.5002,-1.453
168303433,0,43.4984,-1.4382
168303433,1,43.4984,-1.4386
168303433,2,43.4984,-1.4391
168303433,3,43.4984,-1.4392
168303433,4,43.4984,-1.4392
168303433,5,43.4984,-1.44
168303433,6,43.4982,-1.4399
168303433,7,43.4981,-1.4398
168303433,8,43.498,-1.4399
168303433,9,43.4979,-1.4398
168303433,10,43.4978,-1.4397
168303433,11,43.4978,-1.4395
168303433,12,43.4978,-1.4392
168303433,13,43.4984,-1.4392
168305059,0,43.4988,-1.4399
168305059,1,43.4988,-1.4399
168305059,2,43.4989,-1.4399
168305059,3,43.499,-1.4399
168305061,0,43.4994,-1.4379
168305061,1,43.4994,-1.4377
168305061,2,43.4994,-1.4376
168305061,3,43.4994,-1.4376
168305061,4,43.4995,-1.4376
168305061,5,43.4997,-1.4379
168305061,6,43.4997,-1.4379
168305061,7,43.4997,-1.438
168305061,8,43.4994,-1.4379
168305062,0,43.4978,-1.4386
168305062,1,43.4978,-1.4387
168305062,2,43.4978,-1.4387
168305062,3,43.4979,-1.4387
168305062,4,43.4981,-1.4387
168305062,5,43.4981,-1.4386
168305062,6,43.4984,-1.4386
168310826,0,43.4919,-1.4856
168310826,1,43.4919,-1.4856
168310826,2,43.4917,-1.486
168310830,0,43.4905,-1.4851
168310830,1,43.4907,-1.485
168310830,2,43.4908,-1.485
168310830,3,43.4911,-1.4848
168310830,4,43.491,-1.4844
168310830,5,43.4911,-1.4843
168310835,0,43.4906,-1.4868
168310835,1,43.4905,-1.4867
168315239,0,43.4941,-1.445
168315239,1,43.4941,-1.445
168315239,2,43.4939,-1.445
168315239,3,43.4933,-1.4446
168315239,4,43.4932,-1.4446
168315239,5,43.4927,-1.4444
168315239,6,43.4925,-1.4444
168315239,7,43.4924,-1.4443
168315239,8,43.4922,-1.4443
168315239,9,43.4921,-1.4443
168315239,10,43.4918,-1.4443
168315239,11,43.4916,-1.4443
168315239,12,43.4915,-1.4443
168315239,13,43.4914,-1.4443
168315239,14,43.4913,-1.4444
168315239,15,43.4912,-1.4445
168315239,16,43.4908,-1.4449
168315239,17,43.4906,-1.4451
168315239,18,43.4905,-1.4451
168315239,19,43.4902,-1.4452
168315239,20,43.49,-1.4452
168315239,21,43.49,-1.4451
168315239,22,43.49,-1.4451
168315239,23,43.4899,-1.445
168315239,24,43.4899,-1.445
168315239,25,43.4898,-1.4449
168315239,26,43.4896,-1.4445
168315239,27,43.4895,-1.4443
168315239,28,43.4895,-1.4441
168315239,29,43.4895,-1.4439
168315239,30,43.4895,-1.4438
168315239,31,43.4894,-1.4436
168315239,32,43.4894,-1.4436
168315239,33,43.4893,-1.4435
168315239,34,43.4893,-1.4434
168315240,0,43.4968,-1.4383
168315240,1,43.4967,-1.4384
168315240,2,43.4966,-1.4384
168452784,0,43.4885,-1.4784
168452784,1,43.4885,-1.4784
168452784,2,43.4884,-1.4784
168452784,3,43.4884,-1.4784
168453515,0,43.4864,-1.4772
168453515,1,43.4865,-1.4772
168453515,2,43.4866,-1.4774
168453515,3,43.4866,-1.4775
168453515,4,43.4866,-1.4775
168453515,5,43.4866,-1.4775
168453515,6,43.4867,-1.4775
168453515,7,43.4867,-1.4775
168453515,8,43.4867,-1.4775
168453515,9,43.4868,-1.4774
168453515,10,43.4868,-1.4772
168453515,11,43.4869,-1.4771
168453515,12,43.4869,-1.4771
168453516,0,43.4869,-1.4771
168453516,1,43.4869,-1.4771
168453516,2,43.4868,-1.4774
168453516,3,43.4868,-1.4778
168453516,4,43.4867,-1.478
168453516,5,43.4866,-1.4781
168458510,0,43.4861,-1.4737
168458510,1,43.4861,-1.4736
168458510,2,43.4861,-1.4736
168458510,3,43.4861,-1.4736
168458510,4,43.4861,-1.4735
168458510,5,43.4861,-1.4735
168458510,6,43.4861,-1.4735
168458510,7,43.4862,-1.4735
168458510,8,43.4862,-1.4735
168458510,9,43.4862,-1.4735
168458510,10,43.4862,-1.4735
168458510,11,43.4862,-1.4736
168458510,12,43.4862,-1.4736
168458510,13,43.4862,-1.4736
168458510,14,43.4862,-1.4737
168458513,0,43.4862,-1.4737
168458513,1,43.4863,-1.4738
168458513,2,43.4866,-1.474
168458513,3,43.487,-1.4743
168458513,4,43.4871,-1.4743
168458514,0,43.4879,-1.4743
168458514,1,43.4878,-1.4744
168458514,2,43.4878,-1.4744
168458514,3,43.4877,-1.4744
168458514,4,43.4877,-1.4744
168458514,5,43.4875,-1.4744
168458514,6,43.4873,-1.4744
168458514,7,43.4873,-1.4744
168458514,8,43.4871,-1.4744
168458514,9,43.4871,-1.4743
168459666,0,43.4871,-1.4666
168459666,1,43.4873,-1.4663
168459666,2,43.4873,-1.4663
168459666,3,43.4875,-1.4657
168459666,4,43.4876,-1.4657
168459666,5,43.4876,-1.4657
168459666,6,43.4877,-1.4658
168459667,0,43.4876,-1.4667
168459667,1,43.4876,-1.4666
168459667,2,43.4876,-1.4665
168459667,3,43.4876,-1.4665
168459667,4,43.4875,-1.4664
168459667,5,43.4873,-1.4663
168459668,0,43.4877,-1.464
168459668,1,43.4877,-1.4639
168459671,0,43.4878,-1.4642
168459671,1,43.4878,-1.4642
168459671,2,43.4878,-1.4641
168459671,3,43.4878,-1.4641
168459671,4,43.4877,-1.4641
168459673,0,43.4878,-1.4644
168459673,1,43.4878,-1.4644
168459673,2,43.4877,-1.4642
168459674,0,43.4877,-1.4641
168459674,1,43.4877,-1.4641
168459674,2,43.4877,-1.4642
168460609,0,43.4847,-1.4587
168460609,1,43.4847,-1.4586
168460609,2,43.4847,-1.4586
168460609,3,43.4847,-1.4584
168460610,0,43.4834,-1.4619
168460610,1,43.4837,-1.4613
168460610,2,43.4838,-1.461
168460610,3,43.4838,-1.4609
168460610,4,43.484,-1.4604
168460610,5,43.4841,-1.4602
168460610,6,43.4842,-1.46
168460610,7,43.4842,-1.4599
168460610,8,43.4843,-1.4595
168460610,9,43.4844,-1.4594
168460610,10,43.4845,-1.4591
168460610,11,43.4845,-1.4591
168460610,12,43.4847,-1.4589
168460612,0,43.4848,-1.4589
168460612,1,43.4848,-1.4589
168460612,2,43.4847,-1.4589
168460612,3,43.4847,-1.4589
168460612,4,43.4847,-1.4589
168460612,5,43.4847,-1.4589
168460612,6,43.4847,-1.4589
168460612,7,43.4847,-1.4588
168460612,8,43.4847,-1.4588
168460612,9,43.4847,-1.4588
168460612,10,43.4847,-1.4587
168460614,0,43.4839,-1.461
168460614,1,43.484,-1.4612
168460614,2,43.4837,-1.4613
168460617,0,43.4845,-1.4601
168460617,1,43.4844,-1.4602
168460617,2,43.4844,-1.4603
168460617,3,43.4842,-1.4605
168460617,4,43.4839,-1.461
168460617,5,43.4838,-1.461
168461784,0,43.4844,-1.4627
168461784,1,43.4842,-1.4627
168461784,2,43.4841,-1.4627
168461786,0,43.486,-1.4676
168461786,1,43.4857,-1.4671
168461786,2,43.4856,-1.4669
168461786,3,43.4856,-1.4668
168461786,4,43.4855,-1.4667
168461786,5,43.4855,-1.4666
168461786,6,43.4855,-1.4666
168461786,7,43.4854,-1.4661
168461787,0,43.4847,-1.4614
168461787,1,43.4846,-1.4613
168461787,2,43.4846,-1.4612
168461787,3,43.4846,-1.4611
168461787,4,43.4846,-1.461
168461787,5,43.4846,-1.4609
168461787,6,43.4847,-1.4608
168461787,7,43.4847,-1.4608
168461787,8,43.4848,-1.4609
168461787,9,43.4848,-1.4609
168461787,10,43.4848,-1.461
168461787,11,43.4849,-1.4613
168462555,0,43.4873,-1.4504
168462555,1,43.4872,-1.4498
168462555,2,43.4872,-1.4496
168462557,0,43.4874,-1.4508
168462557,1,43.4874,-1.4508
168462557,2,43.4874,-1.4509
168462557,3,43.4874,-1.4508
168462557,4,43.4873,-1.4508
168462557,5,43.4873,-1.4508
168462557,6,43.4873,-1.4507
168462557,7,43.4873,-1.4507
168462557,8,43.4873,-1.4507
168462557,9,43.4874,-1.4506
168462557,10,43.4874,-1.4506
168462557,11,43.4874,-1.4507
168462557,12,43.4875,-1.4507
168462557,13,43.4875,-1.4507
168462557,14,43.4875,-1.4508
168462557,15,43.4875,-1.4508
168462557,16,43.4874,-1.4508
168462558,0,43.4873,-1.4507
168462558,1,43.4873,-1.4504
168462560,0,43.4874,-1.4509
168462560,1,43.4873,-1.451
168462562,0,43.4875,-1.4507
168462562,1,43.4876,-1.4508
168953513,0,43.5027,-1.442
168953513,1,43.5022,-1.4421
168953513,2,43.502,-1.4422
168953513,3,43.5018,-1.4422
168953513,4,43.5016,-1.4422
168953513,5,43.5013,-1.4423
168953513,6,43.5012,-1.4424
169009966,0,43.4938,-1.4769
169009966,1,43.494,-1.4772
169009966,2,43.494,-1.4772
169058950,0,43.4823,-1.4826
169058950,1,43.4822,-1.4826
169058950,2,43.482,-1.4827
169058950,3,43.4819,-1.4827
169058950,4,43.4818,-1.4827
169058950,5,43.4817,-1.4827
169058950,6,43.4816,-1.4827
169058950,7,43.4815,-1.4826
169058950,8,43.4815,-1.4826
169058950,9,43.4814,-1.4826
169058951,0,43.4823,-1.4825
169058951,1,43.4823,-1.4824
169058951,2,43.4823,-1.4824
169058951,3,43.4823,-1.4824
169058951,4,43.4823,-1.4824
169058951,5,43.4823,-1.4824
169058971,0,43.5024,-1.4558
169058971,1,43.5024,-1.4557
169058971,2,43.5024,-1.4557
169058971,3,43.5024,-1.4556
169058971,4,43.5025,-1.4554
169058971,5,43.5026,-1.4551
169058972,0,43.5025,-1.4564
169058972,1,43.5025,-1.4565
169058972,2,43.5024,-1.4567
169120512,0,43.5137,-1.4359
169120512,1,43.5136,-1.4358
169120512,2,43.5135,-1.4356
169120513,0,43.5134,-1.4366
169120513,1,43.5136,-1.436
169120513,2,43.5136,-1.4359
169120513,3,43.5136,-1.4359
169120513,4,43.5136,-1.4358
169120513,5,43.5136,-1.4358
169120513,6,43.5135,-1.4357
169120513,7,43.5135,-1.4356
169120514,0,43.5015,-1.4385
169120514,1,43.5014,-1.4384
169120514,2,43.5012,-1.4383
169120514,3,43.5011,-1.4383
169120514,4,43.501,-1.4383
169120514,5,43.5008,-1.4383
169120514,6,43.5007,-1.4383
169120514,7,43.5005,-1.4383
169120514,8,43.5005,-1.4383
169120514,9,43.5004,-1.4383
169120514,10,43.5003,-1.4383
169120519,0,43.5135,-1.4356
169120519,1,43.5134,-1.4356
169120519,2,43.5133,-1.4356
169120519,3,43.5131,-1.4355
169120519,4,43.5127,-1.4354
169120519,5,43.5125,-1.4354
169120519,6,43.5122,-1.4353
169120519,7,43.512,-1.4353
169120519,8,43.5119,-1.4352
169120519,9,43.5119,-1.4352
169120519,10,43.5117,-1.435
169120519,11,43.5115,-1.4349
169120519,12,43.5115,-1.4349
169120519,13,43.5114,-1.4348
169120519,14,43.5113,-1.4348
169120519,15,43.5112,-1.4348
169120519,16,43.5111,-1.4348
169120519,17,43.5109,-1.4348
169120519,18,43.5107,-1.4348
169120519,19,43.5105,-1.4348
169120519,20,43.5104,-1.4348
169120519,21,43.5104,-1.4348
169120519,22,43.5103,-1.4348
169120519,23,43.5102,-1.4348
169120519,24,43.51,-1.4349
169120519,25,43.51,-1.4349
169120519,26,43.5099,-1.435
169120519,27,43.5098,-1.435
169120519,28,43.5096,-1.435
169120519,29,43.5095,-1.435
169120519,30,43.5094,-1.435
169120519,31,43.5092,-1.435
169120519,32,43.5091,-1.435
169120519,33,43.5089,-1.435
169120519,34,43.5088,-1.435
169120519,35,43.5087,-1.435
169120519,36,43.5086,-1.435
169120519,37,43.5086,-1.435
169120519,38,43.5084,-1.4351
169120519,39,43.5083,-1.4352
169120519,40,43.5082,-1.4352
169120519,41,43.5081,-1.4353
169316598,0,43.496,-1.4716
169316598,1,43.496,-1.4716
169316598,2,43.4958,-1.4709
169316598,3,43.4958,-1.4708
169316598,4,43.4957,-1.4707
169316598,5,43.4956,-1.4707
169316599,0,43.4961,-1.4706
169316599,1,43.496,-1.4707
169316599,2,43.4958,-1.4708
169319441,0,43.5084,-1.4312
169319441,1,43.5084,-1.4311
169319441,2,43.5085,-1.4311
169319441,3,43.5085,-1.4311
169319441,4,43.5085,-1.4311
169319441,5,43.5085,-1.4311
169319441,6,43.5086,-1.4312
169319441,7,43.5085,-1.4313
169319441,8,43.5085,-1.4314
169319441,9,43.5085,-1.4316
169319441,10,43.5084,-1.4317
169319441,11,43.5084,-1.4317
169319441,12,43.5084,-1.4317
169319441,13,43.5083,-1.4318
169319441,14,43.5081,-1.432
169319441,15,43.5081,-1.432
169319441,16,43.5081,-1.4321
169319441,17,43.508,-1.4322
169319441,18,43.508,-1.4322
169319441,19,43.508,-1.4322
169319441,20,43.508,-1.4322
169319442,0,43.5002,-1.4384
169319442,1,43.5002,-1.4385
169319442,2,43.5002,-1.4385
169319442,3,43.5003,-1.4387
169319442,4,43.5003,-1.4389
169319442,5,43.5004,-1.4389
169319442,6,43.5006,-1.4388
169319446,0,43.5083,-1.4318
169319446,1,43.5083,-1.4317
169319446,2,43.5082,-1.4315
169319446,3,43.5082,-1.4314
169319446,4,43.5082,-1.4314
169319446,5,43.5082,-1.4314
169319446,6,43.5082,-1.4314
169319446,7,43.5083,-1.4315
169319446,8,43.5084,-1.4315
169319446,9,43.5085,-1.4316
169319447,0,43.4995,-1.4354
169319447,1,43.4995,-1.4358
169319448,0,43.5003,-1.4389
169319448,1,43.5001,-1.4389
169319448,2,43.5,-1.4389
169319448,3,43.4999,-1.4389
169319448,4,43.4994,-1.4388
169319449,0,43.4994,-1.4384
169319449,1,43.4994,-1.4388
169319449,2,43.4993,-1.4392
169319449,3,43.4993,-1.4394
169319449,4,43.4994,-1.4394
169319449,5,43.4996,-1.4394
169319449,6,43.4996,-1.4395
169319449,7,43.4998,-1.4395
169319449,8,43.4998,-1.4395
169319449,9,43.4999,-1.4395
169319449,10,43.5,-1.4396
169319450,0,43.4997,-1.4364
169319450,1,43.5001,-1.4363
169319450,2,43.5003,-1.4361
169319451,0,43.5084,-1.4338
169319451,1,43.5085,-1.4338
169319451,2,43.5085,-1.4338
169319451,3,43.5085,-1.4338
169319451,4,43.5086,-1.4338
169319451,5,43.5086,-1.4338
169319451,6,43.5089,-1.4337
169319451,7,43.509,-1.4337
169319451,8,43.509,-1.4337
169319451,9,43.509,-1.4336
169319451,10,43.5091,-1.4336
169319451,11,43.5091,-1.4335
169319451,12,43.5092,-1.4334
169319451,13,43.5092,-1.4334
169319451,14,43.5092,-1.4333
169319451,15,43.5093,-1.4332
169319451,16,43.5093,-1.4332
169319451,17,43.5094,-1.4331
169319451,18,43.5095,-1.4331
169319451,19,43.5095,-1.4331
169319451,20,43.5096,-1.4331
169319451,21,43.5097,-1.4329
169319452,0,43.499,-1.4383
169319452,1,43.4989,-1.4383
169319452,2,43.4989,-1.4385
169319452,3,43.4989,-1.4385
169319452,4,43.4989,-1.4386
169319452,5,43.4989,-1.4388
169319452,6,43.4989,-1.4389
169319452,7,43.4989,-1.439
169319452,8,43.4988,-1.4392
169319452,9,43.4988,-1.4393
169319452,10,43.4988,-1.4394
169319452,11,43.4988,-1.4396
169319452,12,43.4988,-1.4398
169319452,13,43.4988,-1.4399
169319452,14,43.4988,-1.44
169319452,15,43.4988,-1.4401
169319452,16,43.4988,-1.4403
169319916,0,43.504,-1.448
169319916,1,43.5043,-1.4476
169319916,2,43.5045,-1.4473
169319916,3,43.5044,-1.4471
169319916,4,43.5044,-1.4471
169319916,5,43.5042,-1.4473
169319916,6,43.5042,-1.4473
169319916,7,43.5043,-1.4476
169319917,0,43.5033,-1.448
169319917,1,43.5034,-1.4479
169319917,2,43.5035,-1.4479
169319917,3,43.5036,-1.4478
169319917,4,43.5038,-1.4476
169319917,5,43.5039,-1.4476
169319918,0,43.504,-1.448
169319918,1,43.504,-1.448
169319918,2,43.5041,-1.4482
169319918,3,43.5041,-1.4484
169319918,4,43.504,-1.4487
169319918,5,43.5039,-1.449
169319918,6,43.5039,-1.4493
169319918,7,43.5038,-1.4494
169319920,0,43.504,-1.448
169319920,1,43.5039,-1.4476
169319922,0,43.5019,-1.4565
169319922,1,43.5018,-1.4565
169319922,2,43.5019,-1.4562
169319922,3,43.5017,-1.4557
169319922,4,43.5014,-1.4552
169319922,5,43.5015,-1.4546
169319922,6,43.5016,-1.454
169319922,7,43.5017,-1.4537
169319922,8,43.5017,-1.4536
169319922,9,43.5018,-1.4535
169319922,10,43.5018,-1.4534
169319922,11,43.5019,-1.453
169319922,12,43.5021,-1.4528
169319922,13,43.5026,-1.4522
169319922,14,43.503,-1.451
169319922,15,43.5029,-1.4504
169319922,16,43.5029,-1.4497
169319922,17,43.5029,-1.4497
169319922,18,43.5023,-1.4486
169319922,19,43.5023,-1.4486
169319923,0,43.504,-1.4495
169319923,1,43.5038,-1.4494
169319923,2,43.5035,-1.4493
169319923,3,43.5033,-1.4493
169319924,0,43.5036,-1.4505
169319924,1,43.5035,-1.4507
169319924,2,43.5035,-1.4509
169319924,3,43.5034,-1.451
169319924,4,43.5034,-1.4511
169319924,5,43.5033,-1.4514
169319924,6,43.5033,-1.4514
169319924,7,43.5033,-1.4516
169319924,8,43.5032,-1.4517
169319924,9,43.5031,-1.452
169319924,10,43.5029,-1.4529
169319924,11,43.5029,-1.453
169319924,12,43.5026,-1.4538
169319924,13,43.5026,-1.4538
169319924,14,43.5026,-1.4539
169319924,15,43.5025,-1.4541
169319924,16,43.5025,-1.4541
169319924,17,43.5025,-1.4542
169319924,18,43.5024,-1.4545
169319924,19,43.5024,-1.4546
169319924,20,43.5024,-1.4547
169319924,21,43.5023,-1.4549
169319924,22,43.5023,-1.4551
169319925,0,43.5033,-1.4498
169319925,1,43.5033,-1.4498
169319925,2,43.5033,-1.4497
169319925,3,43.5033,-1.4496
169319925,4,43.5033,-1.4495
169319925,5,43.5033,-1.4493
169319925,6,43.5033,-1.449
169319925,7,43.5033,-1.4488
169319925,8,43.5033,-1.4485
169319925,9,43.5032,-1.4483
169319925,10,43.5033,-1.4481
169319925,11,43.5033,-1.4481
169319925,12,43.5033,-1.448
169320288,0,43.505,-1.4664
169320288,1,43.5049,-1.4664
169320288,2,43.5049,-1.4664
169320288,3,43.5045,-1.4666
169320288,4,43.5045,-1.4666
169320936,0,43.4867,-1.4868
169320936,1,43.4863,-1.4868
169320938,0,43.4863,-1.4875
169320938,1,43.4863,-1.4876
169320938,2,43.4862,-1.4877
169320938,3,43.4862,-1.4878
169320938,4,43.4862,-1.4878
169320938,5,43.4854,-1.4879
169320938,6,43.4854,-1.4878
169320938,7,43.4853,-1.4878
169320938,8,43.4849,-1.4859
169449839,0,43.4676,-1.4921
169449839,1,43.4676,-1.4921
169449839,2,43.4676,-1.4922
169449839,3,43.4675,-1.4923
169449839,4,43.4674,-1.4924
169449839,5,43.4673,-1.4925
169449839,6,43.4673,-1.4925
169449839,7,43.4672,-1.4925
169449839,8,43.4672,-1.4925
169449839,9,43.4672,-1.4924
169449839,10,43.4672,-1.4924
169449839,11,43.4672,-1.4924
169449839,12,43.4672,-1.4923
169449839,13,43.4674,-1.4921
169449839,14,43.4674,-1.4921
169449839,15,43.4675,-1.492
169449839,16,43.4675,-1.492
169449839,17,43.4676,-1.4921
169449840,0,43.4672,-1.4924
169449840,1,43.4671,-1.4923
169449840,2,43.4671,-1.4923
169449840,3,43.4671,-1.4922
169449840,4,43.467,-1.4921
169449840,5,43.467,-1.492
169449840,6,43.467,-1.492
169449840,7,43.4669,-1.492
169449840,8,43.4669,-1.4918
169449841,0,43.4671,-1.4915
169449841,1,43.4672,-1.4917
169449841,2,43.4672,-1.4917
169449841,3,43.4672,-1.4918
169449841,4,43.4673,-1.4918
169449841,5,43.4673,-1.4919
169449841,6,43.4674,-1.492
169449841,7,43.4674,-1.492
169449841,8,43.4674,-1.4921
169449842,0,43.4667,-1.4915
169449842,1,43.4666,-1.4917
169449842,2,43.4665,-1.4917
169449842,3,43.4665,-1.4918
169449842,4,43.4664,-1.4919
169449842,5,43.4662,-1.4921
169449842,6,43.4661,-1.4923
169449842,7,43.4659,-1.4924
169449842,8,43.4658,-1.4925
169449842,9,43.4657,-1.4926
169449842,10,43.4657,-1.4927
169449842,11,43.4656,-1.4928
169449842,12,43.4655,-1.4929
169449842,13,43.4654,-1.4929
169449842,14,43.4654,-1.4929
169449842,15,43.4653,-1.493
169449842,16,43.4652,-1.493
169449842,17,43.4652,-1.4931
169449843,0,43.4679,-1.4902
169449843,1,43.4678,-1.4904
169449843,2,43.4677,-1.4907
169449843,3,43.4676,-1.4908
169449843,4,43.4675,-1.4909
169449843,5,43.4674,-1.4911
169449843,6,43.4672,-1.4914
169449843,7,43.4672,-1.4914
169449843,8,43.4672,-1.4915
169449843,9,43.4671,-1.4915
169449846,0,43.4665,-1.4912
169449846,1,43.4664,-1.4913
169449846,2,43.4664,-1.4914
169449846,3,43.4663,-1.4915
169449846,4,43.4662,-1.4916
169449846,5,43.466,-1.4918
169449846,6,43.4659,-1.4919
169449846,7,43.4658,-1.4921
169449846,8,43.4656,-1.4922
169449846,9,43.4656,-1.4923
169449846,10,43.4655,-1.4924
169449846,11,43.4654,-1.4925
169449846,12,43.4653,-1.4926
169449846,13,43.4653,-1.4926
169449846,14,43.4652,-1.4928
169449846,15,43.4651,-1.4928
169449846,16,43.4651,-1.493
169449846,17,43.4652,-1.4931
169449846,18,43.4651,-1.4933
169449846,19,43.4651,-1.4934
169449846,20,43.4651,-1.4937
169449846,21,43.4651,-1.4938
169449846,22,43.4652,-1.494
169449846,23,43.4654,-1.4944
169449847,0,43.465,-1.4949
169449847,1,43.4654,-1.4944
169449847,2,43.4657,-1.494
169449847,3,43.4659,-1.4939
169449847,4,43.4661,-1.4937
169449847,5,43.4662,-1.4937
169449847,6,43.4663,-1.4936
169449848,0,43.4672,-1.4925
169449848,1,43.4669,-1.4928
169449848,2,43.4668,-1.4929
169449848,3,43.4667,-1.493
169449848,4,43.4664,-1.4934
169449848,5,43.4663,-1.4935
169449848,6,43.4663,-1.4936
169449848,7,43.4662,-1.4937
169449848,8,43.4662,-1.4938
169449848,9,43.4661,-1.494
169449849,0,43.4701,-1.4894
169449849,1,43.4702,-1.4892
169449849,2,43.4702,-1.4891
169449849,3,43.4702,-1.489
169449849,4,43.4702,-1.489
169449849,5,43.4702,-1.489
169449849,6,43.47,-1.4889
169449849,7,43.47,-1.4888
169449849,8,43.47,-1.4888
169449849,9,43.4699,-1.4887
169449849,10,43.4699,-1.4887
169449850,0,43.4724,-1.4864
169449850,1,43.4723,-1.4865
169449850,2,43.472,-1.4869
169449850,3,43.4719,-1.487
169449850,4,43.4717,-1.4871
169449850,5,43.4712,-1.4876
169450820,0,43.4818,-1.4876
169450820,1,43.4818,-1.4876
169450820,2,43.4818,-1.4876
169450820,3,43.4818,-1.4876
169450820,4,43.4818,-1.4877
169450820,5,43.4818,-1.4877
169450820,6,43.4818,-1.4877
169450820,7,43.4818,-1.4877
169450820,8,43.4817,-1.4877
169450820,9,43.4817,-1.4877
169450820,10,43.4817,-1.4877
169450821,0,43.4819,-1.4862
169450821,1,43.4819,-1.4861
169450821,2,43.4822,-1.4857
169450821,3,43.4822,-1.4856
169450821,4,43.4824,-1.4852
169450821,5,43.4825,-1.485
169450821,6,43.4827,-1.4847
169450823,0,43.4804,-1.489
169450823,1,43.4804,-1.4889
169450823,2,43.4805,-1.4889
169450823,3,43.4805,-1.4889
169450823,4,43.4806,-1.4888
169450823,5,43.4808,-1.4886
169450823,6,43.4808,-1.4886
169450823,7,43.4809,-1.4885
169450823,8,43.481,-1.4884
169450823,9,43.4813,-1.4881
169450823,10,43.4815,-1.488
169450823,11,43.4817,-1.4878
169450823,12,43.4817,-1.4877
169450823,13,43.4817,-1.4877
169450824,0,43.48,-1.4893
169450824,1,43.48,-1.4893
169450824,2,43.48,-1.4893
169450824,3,43.48,-1.4892
169450824,4,43.48,-1.4891
169450824,5,43.48,-1.4891
169450824,6,43.4802,-1.4889
169450824,7,43.4802,-1.4889
169450824,8,43.4803,-1.4889
169450824,9,43.4803,-1.489
169450824,10,43.4804,-1.489
169450825,0,43.4789,-1.4897
169450825,1,43.479,-1.4896
169450825,2,43.4792,-1.4893
169450825,3,43.4793,-1.4893
169450825,4,43.4793,-1.4892
169450825,5,43.4793,-1.4892
169450825,6,43.4793,-1.4891
169450825,7,43.4794,-1.489
169450825,8,43.4795,-1.4889
169450825,9,43.4795,-1.4889
169450825,10,43.4796,-1.4889
169450825,11,43.4797,-1.4889
169450825,12,43.4798,-1.4889
169450825,13,43.4799,-1.489
169450825,14,43.48,-1.489
169450825,15,43.48,-1.489
169450825,16,43.48,-1.4891
169450825,17,43.48,-1.4891
169450826,0,43.4818,-1.4862
169450826,1,43.4818,-1.4861
169450826,2,43.4817,-1.4857
169450826,3,43.4816,-1.4845
169450826,4,43.4815,-1.4838
169450826,5,43.4815,-1.4836
169450827,0,43.4817,-1.4875
169450827,1,43.4817,-1.4874
169450827,2,43.4817,-1.4873
169450827,3,43.4817,-1.4869
169450827,4,43.4817,-1.4868
169450827,5,43.4817,-1.4867
169450827,6,43.4817,-1.4866
169450827,7,43.4817,-1.4865
169450827,8,43.4817,-1.4864
169450827,9,43.4818,-1.4864
169451319,0,43.4817,-1.4862
169451319,1,43.4817,-1.4862
169451319,2,43.4808,-1.4854
169451319,3,43.4805,-1.485
169451319,4,43.4804,-1.485
169451319,5,43.4803,-1.485
169451319,6,43.4802,-1.485
169451319,7,43.4801,-1.485
169451319,8,43.4801,-1.485
169451319,9,43.4801,-1.485
169451320,0,43.4818,-1.4862
169451320,1,43.4818,-1.4862
169451320,2,43.4818,-1.4862
169451320,3,43.4819,-1.4862
169451320,4,43.4819,-1.4862
169451320,5,43.4819,-1.4863
169451320,6,43.4819,-1.4863
169451320,7,43.4819,-1.4863
169451320,8,43.4819,-1.4863
169451320,9,43.4818,-1.4864
169452008,0,43.4829,-1.4777
169452008,1,43.4831,-1.4783
169452009,0,43.4814,-1.4793
169452009,1,43.4815,-1.479
169452009,2,43.4816,-1.4787
169452009,3,43.4816,-1.4785
169452009,4,43.4817,-1.4781
169452009,5,43.4818,-1.4777
169452011,0,43.4851,-1.4759
169452011,1,43.4851,-1.4758
169452011,2,43.4851,-1.4758
169452011,3,43.4851,-1.4757
169452011,4,43.485,-1.4756
169452011,5,43.485,-1.4755
169452011,6,43.4849,-1.4754
169452834,0,43.4882,-1.4725
169452834,1,43.4882,-1.4726
169452834,2,43.4882,-1.4727
169452834,3,43.488,-1.4736
169452834,4,43.4879,-1.4738
169452834,5,43.4879,-1.4739
169452834,6,43.4879,-1.474
169452834,7,43.4879,-1.4741
169452835,0,43.4882,-1.4725
169452835,1,43.4882,-1.4725
169452835,2,43.4882,-1.4725
169452835,3,43.4882,-1.4725
169452835,4,43.4882,-1.4724
169452835,5,43.4882,-1.4724
169452835,6,43.4883,-1.4724
169452835,7,43.4883,-1.4724
169452835,8,43.4883,-1.4724
169452835,9,43.4883,-1.4724
169452835,10,43.4883,-1.4724
169452835,11,43.4883,-1.4725
169452835,12,43.4883,-1.4725
169452836,0,43.4891,-1.472
169452836,1,43.4891,-1.4721
169452836,2,43.489,-1.4721
169452836,3,43.489,-1.4722
169452836,4,43.4889,-1.4725
169452836,5,43.4889,-1.4726
169452837,0,43.4891,-1.472
169452837,1,43.4891,-1.4719
169452837,2,43.4891,-1.4719
169452837,3,43.4891,-1.4719
169452837,4,43.4891,-1.4719
169452837,5,43.4892,-1.4718
169452837,6,43.4892,-1.4718
169452837,7,43.4892,-1.4719
169452837,8,43.4892,-1.4719
169452837,9,43.4892,-1.4719
169452837,10,43.4892,-1.4719
169452839,0,43.4861,-1.4737
169452839,1,43.4861,-1.4737
169452839,2,43.486,-1.4737
169452839,3,43.4859,-1.4737
169452839,4,43.4859,-1.4737
169452839,5,43.4858,-1.4736
169452839,6,43.4857,-1.4735
169452839,7,43.4857,-1.4735
169452839,8,43.4856,-1.4734
169452839,9,43.4856,-1.4733
169452839,10,43.4856,-1.4733
169452839,11,43.4855,-1.4732
169452839,12,43.4855,-1.4731
169452840,0,43.4862,-1.4717
169452840,1,43.4862,-1.4718
169452840,2,43.486,-1.4723
169452840,3,43.486,-1.4726
169452840,4,43.486,-1.4728
169452840,5,43.486,-1.473
169452840,6,43.486,-1.473
169452840,7,43.486,-1.4732
169452840,8,43.4861,-1.4734
169452840,9,43.4861,-1.4735
169453682,0,43.4883,-1.4773
169453682,1,43.4883,-1.4771
169453682,2,43.4883,-1.4769
169453682,3,43.4883,-1.4767
169453682,4,43.4883,-1.4765
169453682,5,43.4883,-1.4764
169453682,6,43.4883,-1.4763
169453682,7,43.4883,-1.4762
169453682,8,43.4883,-1.4761
169453682,9,43.4883,-1.476
169453682,10,43.4883,-1.476
169453682,11,43.4883,-1.4759
169453682,12,43.4882,-1.4758
169453682,13,43.4882,-1.4757
169453685,0,43.4911,-1.4812
169453685,1,43.4911,-1.4812
169453686,0,43.4885,-1.4796
169453686,1,43.4886,-1.4796
169453686,2,43.4887,-1.4797
169453686,3,43.489,-1.4799
169453686,4,43.489,-1.48
169453686,5,43.4891,-1.4801
169453686,6,43.4892,-1.4803
169454701,0,43.4928,-1.475
169454701,1,43.4928,-1.4749
169454701,2,43.4927,-1.4748
169454701,3,43.4926,-1.4748
169454701,4,43.4926,-1.4748
169454701,5,43.4924,-1.4746
169454701,6,43.4924,-1.4746
169454701,7,43.4923,-1.4745
169454701,8,43.4923,-1.4744
169456098,0,43.4962,-1.4882
169456098,1,43.4964,-1.488
169456100,0,43.4969,-1.4892
169456100,1,43.4969,-1.4892
169456100,2,43.4967,-1.4888
169456100,3,43.4966,-1.4884
169456100,4,43.4964,-1.4881
169456100,5,43.4964,-1.488
169456101,0,43.4967,-1.4891
169456101,1,43.4965,-1.4889
169456101,2,43.4964,-1.4888
169456101,3,43.4962,-1.4882
169456101,4,43.4962,-1.4882
169456101,5,43.4962,-1.4882
169456101,6,43.4962,-1.4882
169456101,7,43.4962,-1.4881
169456101,8,43.496,-1.4877
169456101,9,43.496,-1.4876
169456101,10,43.496,-1.4876
169456101,11,43.4959,-1.4874
169456101,12,43.4958,-1.4873
169456101,13,43.4958,-1.4872
169456101,14,43.4957,-1.4869
169456101,15,43.4956,-1.4867
169456101,16,43.4955,-1.4865
169456101,17,43.4954,-1.4862
169456101,18,43.4954,-1.4861
169456101,19,43.4953,-1.486
169456101,20,43.4953,-1.4859
169456101,21,43.4952,-1.4856
169456101,22,43.4952,-1.4856
169456101,23,43.4952,-1.4855
169456102,0,43.4957,-1.4877
169456102,1,43.496,-1.4876
169456103,0,43.4955,-1.4865
169456103,1,43.4956,-1.4864
169456103,2,43.4961,-1.486
169456103,3,43.4962,-1.486
169456103,4,43.4962,-1.486
169456103,5,43.4967,-1.4873
169456103,6,43.4967,-1.4874
169456103,7,43.4967,-1.4875
169456103,8,43.4973,-1.4889
169456103,9,43.4973,-1.489
169456103,10,43.4971,-1.4891
169456103,11,43.497,-1.4892
169457416,0,43.4894,-1.4908
169457416,1,43.4894,-1.4908
169457416,2,43.4893,-1.4908
169457416,3,43.4892,-1.4908
169457416,4,43.489,-1.4908
169457416,5,43.489,-1.4908
169457416,6,43.4889,-1.4908
169457416,7,43.4888,-1.4908
169457416,8,43.4888,-1.4909
169457416,9,43.4888,-1.491
169457416,10,43.4887,-1.491
169457416,11,43.4887,-1.4911
169457416,12,43.4886,-1.4911
169457416,13,43.4886,-1.4911
169457416,14,43.4886,-1.4911
169457416,15,43.4885,-1.4911
169457417,0,43.4931,-1.4939
169457417,1,43.4931,-1.4939
169457417,2,43.4931,-1.494
169457417,3,43.4931,-1.494
169457417,4,43.4931,-1.494
169457417,5,43.4931,-1.494
169457417,6,43.493,-1.494
169457417,7,43.493,-1.4939
169457417,8,43.493,-1.4939
169457417,9,43.493,-1.4939
169457417,10,43.493,-1.4939
169457417,11,43.493,-1.4938
169457417,12,43.493,-1.4938
169457417,13,43.4931,-1.4938
169457417,14,43.4931,-1.4938
169457417,15,43.4931,-1.4938
169457417,16,43.4931,-1.4938
169457417,17,43.4931,-1.4939
169457417,18,43.4931,-1.4939
169457417,19,43.4931,-1.4939
169457417,20,43.4931,-1.4939
169457418,0,43.4931,-1.4938
169457418,1,43.4931,-1.4938
169457418,2,43.4931,-1.4937
169457418,3,43.4931,-1.4936
169457418,4,43.493,-1.4934
169457418,5,43.493,-1.4932
169457418,6,43.4929,-1.4931
169457418,7,43.4929,-1.4927
169457418,8,43.4928,-1.4924
169457418,9,43.4927,-1.492
169457418,10,43.4927,-1.4918
169457418,11,43.4927,-1.4914
169457418,12,43.4926,-1.4913
169457418,13,43.4926,-1.4912
169457419,0,43.4937,-1.4916
169457419,1,43.4937,-1.4916
169457419,2,43.4937,-1.4916
169457419,3,43.4936,-1.4916
169457420,0,43.4895,-1.4913
169457420,1,43.4896,-1.4913
169457420,2,43.4902,-1.4918
169457420,3,43.4906,-1.4921
169457420,4,43.4909,-1.4924
169457420,5,43.4909,-1.4924
169457420,6,43.491,-1.4924
169457420,7,43.491,-1.4924
169457421,0,43.4895,-1.4909
169457421,1,43.4895,-1.4909
169457421,2,43.4895,-1.4909
169457421,3,43.4894,-1.4909
169457421,4,43.4894,-1.4909
169457421,5,43.4894,-1.4909
169457421,6,43.4894,-1.4908
169457421,7,43.4894,-1.4908
169457421,8,43.4894,-1.4908
169457421,9,43.4894,-1.4907
169457421,10,43.4894,-1.4907
169457421,11,43.4894,-1.4907
169457421,12,43.4894,-1.4907
169457421,13,43.4895,-1.4907
169457421,14,43.4895,-1.4907
169457421,15,43.4895,-1.4907
169457421,16,43.4895,-1.4907
169457421,17,43.4895,-1.4908
169457421,18,43.4895,-1.4908
169457421,19,43.4895,-1.4908
169457421,20,43.4895,-1.4909
169457422,0,43.4937,-1.4917
169457422,1,43.4937,-1.4918
169457422,2,43.4936,-1.4918
169457422,3,43.4936,-1.492
169457422,4,43.4936,-1.492
169457422,5,43.4936,-1.4921
169457422,6,43.4936,-1.4922
169457422,7,43.4936,-1.4923
169457422,8,43.4937,-1.4927
169457422,9,43.4937,-1.4929
169457422,10,43.4937,-1.493
169457422,11,43.4938,-1.4935
169457422,12,43.4939,-1.494
169457422,13,43.4939,-1.4941
169457422,14,43.4939,-1.4942
169457422,15,43.4939,-1.4943
169457422,16,43.4939,-1.4944
169457422,17,43.4939,-1.4945
169457423,0,43.4931,-1.4939
169457423,1,43.4932,-1.4939
169457423,2,43.4932,-1.4939
169457423,3,43.4933,-1.4939
169457423,4,43.4937,-1.4938
169457423,5,43.4937,-1.4938
169457423,6,43.4937,-1.4937
169457423,7,43.4937,-1.4937
169457424,0,43.4912,-1.4928
169457424,1,43.4912,-1.4928
169457424,2,43.4912,-1.4929
169457424,3,43.4911,-1.4929
169457424,4,43.4911,-1.493
169457424,5,43.4908,-1.4934
169457424,6,43.4908,-1.4934
169457425,0,43.4905,-1.491
169457425,1,43.4905,-1.491
169457425,2,43.4904,-1.491
169457425,3,43.4904,-1.4911
169457425,4,43.4904,-1.4911
169457425,5,43.4904,-1.4911
169457425,6,43.4903,-1.4911
169457425,7,43.4903,-1.491
169457425,8,43.4903,-1.491
169457425,9,43.4903,-1.491
169457425,10,43.4903,-1.491
169457425,11,43.4903,-1.4909
169457425,12,43.4903,-1.4909
169457425,13,43.4903,-1.4909
169457425,14,43.4904,-1.4909
169457425,15,43.4904,-1.4909
169457425,16,43.4904,-1.4909
169457425,17,43.4904,-1.4909
169457425,18,43.4905,-1.4909
169457425,19,43.4905,-1.4909
169457425,20,43.4905,-1.491
169457425,21,43.4905,-1.491
169457426,0,43.4905,-1.4909
169457426,1,43.4905,-1.4909
169457426,2,43.4905,-1.4909
169457426,3,43.4906,-1.4908
169457426,4,43.4906,-1.4908
169457426,5,43.4907,-1.4908
169457426,6,43.4908,-1.4908
169457426,7,43.4908,-1.4909
169457426,8,43.4911,-1.4909
169457426,9,43.4914,-1.491
169457426,10,43.4915,-1.491
169457426,11,43.4915,-1.491
169457426,12,43.4917,-1.491
169457426,13,43.492,-1.4911
169457426,14,43.4923,-1.4912
169457426,15,43.4926,-1.4912
169457426,16,43.4926,-1.4912
169457426,17,43.4928,-1.4913
169457426,18,43.4935,-1.4914
169457427,0,43.4903,-1.4911
169457427,1,43.4902,-1.491
169457427,2,43.4899,-1.491
169457427,3,43.4898,-1.4909
169457427,4,43.4897,-1.4909
169457427,5,43.4897,-1.4909
169457427,6,43.4896,-1.4909
169457427,7,43.4895,-1.4909
169457428,0,43.4938,-1.494
169457428,1,43.4938,-1.494
169457428,2,43.4937,-1.494
169457428,3,43.4936,-1.494
169457428,4,43.4936,-1.494
169457428,5,43.4933,-1.4941
169457428,6,43.4932,-1.4941
169460017,0,43.4878,-1.4644
169460017,1,43.4877,-1.4644
169460017,2,43.4877,-1.4645
169460017,3,43.4876,-1.4645
169460017,4,43.4875,-1.4647
169460017,5,43.4873,-1.4648
169460017,6,43.4873,-1.4648
169460017,7,43.4872,-1.4647
169460017,8,43.4871,-1.4647
169460017,9,43.487,-1.465
169460017,10,43.487,-1.465
169460017,11,43.487,-1.4653
169460019,0,43.4657,-1.4824
169460019,1,43.4656,-1.4823
169460019,2,43.4655,-1.4822
169460019,3,43.4653,-1.4821
169460019,4,43.4649,-1.4818
169460019,5,43.4649,-1.4817
169460019,6,43.4649,-1.4817
169460019,7,43.4649,-1.4816
169460019,8,43.4651,-1.4811
169460019,9,43.4651,-1.4811
169460019,10,43.4651,-1.481
169460019,11,43.4651,-1.481
169460021,0,43.4849,-1.4613
169460021,1,43.4848,-1.4613
169460021,2,43.4848,-1.4613
169460021,3,43.4847,-1.4614
169460021,4,43.4846,-1.4616
169460021,5,43.4843,-1.4621
169460021,6,43.4843,-1.4621
169460021,7,43.4842,-1.4622
169460021,8,43.4841,-1.4622
169460021,9,43.4841,-1.4623
169460021,10,43.4841,-1.4623
169460021,11,43.4841,-1.4626
169460021,12,43.4841,-1.4627
169460021,13,43.484,-1.4629
169460021,14,43.484,-1.463
169460021,15,43.484,-1.463
169460021,16,43.4838,-1.4633
169460021,17,43.4837,-1.4633
169460021,18,43.4837,-1.4633
169460021,19,43.4836,-1.4634
169460021,20,43.4836,-1.4634
169460021,21,43.4835,-1.4634
169460021,22,43.4835,-1.4634
169460021,23,43.4834,-1.4634
169460021,24,43.4832,-1.4634
169460022,0,43.4767,-1.4685
169460022,1,43.4766,-1.4685
169461101,0,43.4795,-1.4744
169461101,1,43.4795,-1.4743
169461101,2,43.4795,-1.4742
169461101,3,43.4794,-1.4741
169461101,4,43.4791,-1.4738
169693666,0,43.4767,-1.4685
169693666,1,43.4767,-1.4685
169693666,2,43.4767,-1.4685
169693666,3,43.4768,-1.4685
169693666,4,43.4768,-1.4685
169693666,5,43.4769,-1.4685
169693666,6,43.4773,-1.4685
169693666,7,43.4776,-1.4686
169693666,8,43.4778,-1.4686
169693666,9,43.478,-1.4686
169693666,10,43.4781,-1.4686
169693666,11,43.4781,-1.4686
169693666,12,43.4781,-1.4686
169693666,13,43.4781,-1.4686
169693666,14,43.4781,-1.4685
169693666,15,43.4781,-1.4685
169693666,16,43.4779,-1.4684
169693666,17,43.4779,-1.4683
169693666,18,43.478,-1.4683
169693666,19,43.4784,-1.4683
169693666,20,43.4784,-1.4683
169693666,21,43.4785,-1.4684
169693666,22,43.4785,-1.4685
169693666,23,43.4785,-1.4686
169693666,24,43.4786,-1.4686
169693666,25,43.4786,-1.4686
169693666,26,43.4786,-1.4685
169693666,27,43.4788,-1.4678
169693666,28,43.4789,-1.4676
169693666,29,43.4789,-1.4676
169693666,30,43.4789,-1.4673
169693666,31,43.4789,-1.467
169693666,32,43.479,-1.4668
169693666,33,43.479,-1.4665
169693666,34,43.479,-1.4664
169693666,35,43.479,-1.4661
169693666,36,43.4791,-1.4656
169693666,37,43.4791,-1.4655
169693666,38,43.4792,-1.4655
169693666,39,43.4792,-1.4654
169693666,40,43.4794,-1.4654
169693666,41,43.4795,-1.4654
169693666,42,43.4796,-1.4654
169693666,43,43.4796,-1.4654
169693666,44,43.4797,-1.4653
169693666,45,43.4799,-1.4651
169693666,46,43.48,-1.4651
169693666,47,43.48,-1.465
170123737,0,43.4991,-1.4395
170123737,1,43.499,-1.4395
170123737,2,43.4989,-1.4395
170123737,3,43.4989,-1.4394
170123737,4,43.4988,-1.4394
170123745,0,43.4991,-1.439
170123745,1,43.4989,-1.439
170123745,2,43.4989,-1.4389
170123747,0,43.4992,-1.4386
170123747,1,43.4989,-1.4385
170337627,0,43.4808,-1.4746
170337627,1,43.4803,-1.4745
170337627,2,43.4802,-1.4745
170337627,3,43.4802,-1.4745
170337627,4,43.4801,-1.4745
170337627,5,43.4801,-1.4746
170337627,6,43.48,-1.4746
170337627,7,43.48,-1.4747
170337627,8,43.4799,-1.4747
170337627,9,43.4799,-1.4748
171730685,0,43.4857,-1.4827
171730685,1,43.4867,-1.4828
171730685,2,43.4868,-1.4828
171730685,3,43.4869,-1.4829
171730687,0,43.4869,-1.4829
171730687,1,43.487,-1.4828
171730687,2,43.4871,-1.4828
171730687,3,43.4873,-1.4828
171730687,4,43.4876,-1.4827
171730687,5,43.4876,-1.4826
171730687,6,43.4878,-1.4825
171730857,0,43.4979,-1.4949
171730857,1,43.4979,-1.4947
171730857,2,43.4979,-1.4946
171730857,3,43.4979,-1.4945
171730858,0,43.4981,-1.4947
171730858,1,43.498,-1.4947
171730858,2,43.4979,-1.4949
171730859,0,43.4978,-1.4944
171730859,1,43.4977,-1.4944
171730859,2,43.4976,-1.4943
171730860,0,43.4976,-1.4943
171730860,1,43.4977,-1.4943
171730860,2,43.4977,-1.4942
171730860,3,43.4978,-1.4942
171776156,0,43.4656,-1.4954
171776156,1,43.4656,-1.4952
171776156,2,43.4656,-1.4952
171776156,3,43.4656,-1.4951
171776156,4,43.4656,-1.495
171776156,5,43.4656,-1.4949
171776156,6,43.4656,-1.4949
171776156,7,43.4657,-1.4948
171776156,8,43.4658,-1.4947
171776156,9,43.4658,-1.4947
171776156,10,43.4659,-1.4947
171776156,11,43.466,-1.4947
171776156,12,43.466,-1.4947
171776156,13,43.4661,-1.4947
171776156,14,43.4661,-1.4948
171776156,15,43.4662,-1.4949
171776156,16,43.4662,-1.495
171776156,17,43.4662,-1.4951
171776156,18,43.4662,-1.4952
171776156,19,43.4662,-1.4953
171776156,20,43.4661,-1.4954
171776156,21,43.4661,-1.4954
171776156,22,43.4661,-1.4954
171776156,23,43.466,-1.4955
171776156,24,43.4659,-1.4955
171776156,25,43.4659,-1.4955
171776156,26,43.4658,-1.4955
171776156,27,43.4657,-1.4955
171776156,28,43.4657,-1.4954
171776156,29,43.4656,-1.4954
171776354,0,43.4661,-1.494
171776354,1,43.466,-1.4944
171776354,2,43.4659,-1.4945
171776354,3,43.466,-1.4946
171776354,4,43.466,-1.4947
171776460,0,43.4779,-1.4924
171776460,1,43.4779,-1.4923
171776460,2,43.4778,-1.4922
171776460,3,43.4767,-1.4914
171776460,4,43.4756,-1.4906
171776460,5,43.4755,-1.4905
171777129,0,43.4782,-1.4921
171777129,1,43.4783,-1.492
171777129,2,43.4783,-1.492
171777129,3,43.4783,-1.4919
171777129,4,43.4784,-1.4917
171777130,0,43.4784,-1.4917
171777130,1,43.4784,-1.4917
171777130,2,43.4785,-1.4916
171777130,3,43.4785,-1.4915
171777130,4,43.4786,-1.4912
171777130,5,43.4786,-1.491
171777130,6,43.4787,-1.4909
171777130,7,43.4788,-1.4907
171777130,8,43.4788,-1.4907
171777130,9,43.4789,-1.4904
171777130,10,43.479,-1.4903
171777130,11,43.4791,-1.4902
171777130,12,43.4792,-1.4901
171777130,13,43.4794,-1.4899
171777130,14,43.4797,-1.4896
171777130,15,43.4798,-1.4895
171777131,0,43.4784,-1.4921
171777131,1,43.4785,-1.4922
171777131,2,43.4785,-1.4923
171777131,3,43.4785,-1.4924
171777131,4,43.4786,-1.4925
171777131,5,43.4785,-1.4926
171777131,6,43.4785,-1.4927
171777131,7,43.4785,-1.4928
171777131,8,43.4784,-1.4928
171777131,9,43.4784,-1.4929
171777337,0,43.4784,-1.4929
171777337,1,43.4783,-1.493
171777337,2,43.4783,-1.4932
171881108,0,43.4765,-1.4523
171881108,1,43.4763,-1.4524
171881110,0,43.4763,-1.4524
171881110,1,43.4762,-1.4525
171881110,2,43.476,-1.4527
171881110,3,43.4758,-1.4528
171881110,4,43.4757,-1.453
171881110,5,43.4757,-1.4531
171881110,6,43.4756,-1.4532
171881110,7,43.4755,-1.4533
171881110,8,43.4754,-1.4534
171881110,9,43.4754,-1.4536
171881110,10,43.4752,-1.4539
171881110,11,43.4751,-1.4541
171881110,12,43.475,-1.4544
171881110,13,43.475,-1.4545
171881110,14,43.4748,-1.4548
171881111,0,43.4787,-1.4556
171881111,1,43.4786,-1.4554
171881111,2,43.4785,-1.4553
171881111,3,43.4785,-1.4552
171881211,0,43.479,-1.4556
171881211,1,43.4791,-1.4557
171881211,2,43.4792,-1.4558
171881211,3,43.4793,-1.4559
171881211,4,43.4795,-1.4561
171881211,5,43.4802,-1.4569
171881211,6,43.4804,-1.4571
171881370,0,43.481,-1.4605
171881370,1,43.481,-1.4603
171881370,2,43.4811,-1.4601
171918659,0,43.4866,-1.4795
171918659,1,43.4866,-1.4796
171918659,2,43.4866,-1.4797
171918659,3,43.4867,-1.4799
171918659,4,43.4868,-1.48
171918659,5,43.4869,-1.4802
171918659,6,43.487,-1.4803
171918659,7,43.4871,-1.4805
171918659,8,43.4872,-1.4807
171918659,9,43.4872,-1.4809
171918659,10,43.4873,-1.481
171918659,11,43.4873,-1.4811
171918659,12,43.4874,-1.4813
171918663,0,43.4916,-1.4773
171918663,1,43.4916,-1.4773
171918663,2,43.4914,-1.4767
171918666,0,43.4865,-1.4795
171918666,1,43.4865,-1.4794
171918666,2,43.4865,-1.4792
171918666,3,43.4865,-1.479
171918666,4,43.4865,-1.4788
171918666,5,43.4864,-1.4786
171918666,6,43.4864,-1.4785
172033395,0,43.4871,-1.4743
172033395,1,43.4872,-1.4743
172033395,2,43.4873,-1.4744
172033395,3,43.4873,-1.4744
172033395,4,43.4874,-1.4744
172033395,5,43.4874,-1.4744
172033395,6,43.4877,-1.4743
172033395,7,43.4878,-1.4743
172033395,8,43.4879,-1.4743
172033850,0,43.4917,-1.4641
172033850,1,43.4917,-1.4642
172033850,2,43.4919,-1.4643
172033850,3,43.4924,-1.465
172033850,4,43.4924,-1.4651
172033850,5,43.493,-1.4659
172033850,6,43.493,-1.4659
172033850,7,43.4935,-1.4667
172033850,8,43.4936,-1.4668
172033851,0,43.4917,-1.4639
172033851,1,43.4917,-1.4639
172033851,2,43.492,-1.4635
172033851,3,43.492,-1.4635
172033851,4,43.4924,-1.463
172033851,5,43.4924,-1.4629
172033851,6,43.4928,-1.4624
172033851,7,43.4929,-1.4624
172033851,8,43.4929,-1.4623
172033851,9,43.4932,-1.462
172033851,10,43.4932,-1.4618
172033851,11,43.4933,-1.4618
172033851,12,43.4933,-1.4618
172033851,13,43.4933,-1.4617
172033851,14,43.4933,-1.4617
172033851,15,43.4933,-1.4616
172033851,16,43.4934,-1.4615
172033851,17,43.4934,-1.4614
172033851,18,43.4934,-1.4612
172033851,19,43.4934,-1.4612
172033852,0,43.4916,-1.4639
172033852,1,43.4916,-1.4639
172033852,2,43.4916,-1.4639
172033852,3,43.4916,-1.4639
172033852,4,43.4916,-1.4639
172033852,5,43.4917,-1.4639
172033852,6,43.4917,-1.4639
172034639,0,43.4956,-1.4694
172034639,1,43.4956,-1.4695
172034639,2,43.4953,-1.4698
172034639,3,43.4953,-1.4698
172034640,0,43.4942,-1.4626
172034640,1,43.4942,-1.4626
172034640,2,43.4936,-1.4634
172034640,3,43.4936,-1.4634
172034640,4,43.4935,-1.4635
172034640,5,43.4933,-1.4637
172034640,6,43.4932,-1.464
172034640,7,43.4931,-1.464
172034640,8,43.4931,-1.464
172034640,9,43.4931,-1.4641
172034640,10,43.4928,-1.4645
172034640,11,43.4928,-1.4645
172034640,12,43.4928,-1.4645
172034640,13,43.4927,-1.4646
172034640,14,43.4926,-1.4647
172034640,15,43.4924,-1.465
172034640,16,43.4924,-1.465
172034640,17,43.4923,-1.4651
172034640,18,43.4922,-1.4653
172034640,19,43.4921,-1.4655
172034640,20,43.492,-1.4655
172034642,0,43.493,-1.4675
172034642,1,43.4931,-1.4674
172034642,2,43.4933,-1.4672
172035337,0,43.4947,-1.4685
172035337,1,43.4947,-1.4684
172035337,2,43.4947,-1.4683
172035337,3,43.4948,-1.4675
172035337,4,43.4948,-1.4674
172035337,5,43.4948,-1.4674
172035341,0,43.4946,-1.4695
172035341,1,43.4945,-1.4697
172035341,2,43.4945,-1.4697
172035343,0,43.4947,-1.4685
172035343,1,43.4946,-1.4686
172035343,2,43.4944,-1.4689
172035343,3,43.4942,-1.4693
172035343,4,43.4942,-1.4694
172144942,0,43.4904,-1.461
172144942,1,43.4904,-1.4611
172144942,2,43.4904,-1.4611
172144942,3,43.4903,-1.4611
172144942,4,43.4903,-1.461
172144942,5,43.4903,-1.461
172144942,6,43.4903,-1.461
172144942,7,43.4903,-1.461
172144942,8,43.4903,-1.461
172144942,9,43.4903,-1.4609
172144942,10,43.4903,-1.4609
172144942,11,43.4903,-1.4608
172144942,12,43.4903,-1.4608
172144942,13,43.4903,-1.4607
172144942,14,43.4903,-1.4607
172144942,15,43.4904,-1.4607
172144942,16,43.4904,-1.4607
172144942,17,43.4904,-1.4607
172144942,18,43.4904,-1.4607
172144942,19,43.4905,-1.4607
172144942,20,43.4905,-1.4608
172144942,21,43.4905,-1.4608
172144942,22,43.4905,-1.4609
172144942,23,43.4905,-1.4609
172144942,24,43.4905,-1.461
172144942,25,43.4904,-1.461
172144943,0,43.4907,-1.4625
172144943,1,43.4907,-1.4625
172144943,2,43.4907,-1.4626
172144943,3,43.4908,-1.4627
172144943,4,43.4908,-1.4628
172144943,5,43.4908,-1.4628
172144943,6,43.4909,-1.463
172144943,7,43.4915,-1.4639
172144943,8,43.4916,-1.4639
172144944,0,43.4905,-1.4618
172144944,1,43.4905,-1.4619
172144944,2,43.4905,-1.462
172144944,3,43.4905,-1.4622
172144944,4,43.4907,-1.4625
172144945,0,43.4946,-1.4649
172144945,1,43.4942,-1.4644
172144945,2,43.4942,-1.4644
172144945,3,43.4936,-1.4634
172144945,4,43.4935,-1.4634
172144945,5,43.4929,-1.4625
172144945,6,43.4928,-1.4624
172144946,0,43.4935,-1.4616
172144946,1,43.4935,-1.4617
172144946,2,43.4934,-1.4616
172144946,3,43.4934,-1.4616
172144946,4,43.4933,-1.4616
172144947,0,43.4898,-1.4598
172144947,1,43.4898,-1.4597
172144947,2,43.4897,-1.4596
172144947,3,43.4896,-1.4594
172144947,4,43.4895,-1.4592
172144947,5,43.4894,-1.4591
172144947,6,43.4893,-1.459
172144947,7,43.4892,-1.4589
172144947,8,43.4891,-1.4589
172144947,9,43.489,-1.4589
172144947,10,43.4889,-1.4589
172144947,11,43.4888,-1.4589
172144947,12,43.4888,-1.459
172144947,13,43.4886,-1.4592
172144947,14,43.4882,-1.4599
172144948,0,43.4924,-1.463
172144948,1,43.4924,-1.4631
172144948,2,43.4931,-1.464
172144948,3,43.4931,-1.464
172144948,4,43.4931,-1.464
172144948,5,43.4931,-1.4641
172144948,6,43.4934,-1.4644
172144948,7,43.4937,-1.4649
172144948,8,43.4938,-1.4649
172144948,9,43.4938,-1.465
172144948,10,43.4939,-1.4651
172144948,11,43.494,-1.4653
172144948,12,43.4941,-1.4654
172144948,13,43.4942,-1.4655
172144948,14,43.4943,-1.4657
172144948,15,43.4943,-1.4657
172144948,16,43.4944,-1.4657
172144949,0,43.4904,-1.4615
172144949,1,43.4903,-1.4612
172144949,2,43.4903,-1.461
172144950,0,43.4905,-1.461
172144950,1,43.4905,-1.4612
172144950,2,43.4905,-1.4615
172144950,3,43.4905,-1.4618
172146366,0,43.505,-1.4461
172146366,1,43.5051,-1.4461
172146366,2,43.5052,-1.4461
172146366,3,43.5053,-1.4461
172146367,0,43.505,-1.4466
172146367,1,43.5049,-1.4472
172146367,2,43.5048,-1.4473
172159465,0,43.5066,-1.4864
172159465,1,43.5064,-1.487
172159468,0,43.5075,-1.4864
172159468,1,43.5075,-1.4864
172159468,2,43.5075,-1.4864
172159468,3,43.5074,-1.4871
172159468,4,43.5074,-1.4872
172159468,5,43.5074,-1.4873
172159472,0,43.4975,-1.478
172159472,1,43.4975,-1.478
172159472,2,43.4976,-1.4782
172159472,3,43.4978,-1.4784
172159472,4,43.4979,-1.4785
172159472,5,43.498,-1.4787
172159472,6,43.4981,-1.4788
172159472,7,43.4982,-1.4789
172159472,8,43.4984,-1.4789
172159472,9,43.4985,-1.479
172159472,10,43.4986,-1.479
172159472,11,43.4988,-1.4791
172159472,12,43.499,-1.4791
172159472,13,43.4993,-1.4792
172159472,14,43.4995,-1.4793
172159472,15,43.4996,-1.4793
172159472,16,43.4997,-1.4793
172159472,17,43.4997,-1.4794
172159472,18,43.4998,-1.4794
172159472,19,43.4999,-1.4795
172159472,20,43.5,-1.4796
172159472,21,43.5001,-1.4796
172159472,22,43.5002,-1.4797
172159472,23,43.5002,-1.4798
172159472,24,43.5003,-1.4799
172159473,0,43.5057,-1.4864
172159473,1,43.5057,-1.4865
172159473,2,43.5057,-1.4866
172159473,3,43.506,-1.4867
172159473,4,43.5061,-1.4868
172159473,5,43.5064,-1.487
172159474,0,43.5074,-1.4871
172159474,1,43.5074,-1.487
172159474,2,43.5074,-1.487
172159474,3,43.5075,-1.4871
172159474,4,43.5076,-1.4871
172159474,5,43.5076,-1.4871
172159474,6,43.5075,-1.4872
172159474,7,43.5075,-1.4873
172159475,0,43.5039,-1.4838
172159475,1,43.5039,-1.4838
172159475,2,43.5041,-1.4834
172159475,3,43.5044,-1.4828
172159475,4,43.5045,-1.4828
172159475,5,43.5046,-1.4826
172159476,0,43.508,-1.4874
172159476,1,43.5081,-1.4876
172159476,2,43.5081,-1.4876
172159480,0,43.5055,-1.4863
172159480,1,43.5054,-1.4862
172159480,2,43.5054,-1.4861
172159480,3,43.5052,-1.4858
172159480,4,43.5047,-1.4852
172159480,5,43.5046,-1.4851
172159480,6,43.5045,-1.485
172159480,7,43.5044,-1.485
172159480,8,43.5043,-1.4849
172159480,9,43.5042,-1.4849
172159480,10,43.5041,-1.4848
172159480,11,43.5034,-1.4847
172159480,12,43.5033,-1.4846
172159480,13,43.5032,-1.4845
172159480,14,43.5031,-1.4845
172159480,15,43.503,-1.4844
172159480,16,43.5029,-1.4843
172159480,17,43.5028,-1.4842
172159480,18,43.5024,-1.4837
172159480,19,43.5018,-1.4828
172159480,20,43.5017,-1.4827
172159480,21,43.5014,-1.4823
172159480,22,43.5012,-1.482
172159480,23,43.5012,-1.4819
172159481,0,43.5019,-1.481
172159481,1,43.5019,-1.481
172159481,2,43.5019,-1.481
172159481,3,43.5019,-1.4811
172159481,4,43.5019,-1.4811
172159481,5,43.502,-1.4812
172159481,6,43.502,-1.4812
172159481,7,43.502,-1.4813
172159481,8,43.502,-1.4813
172159481,9,43.5021,-1.4814
172159481,10,43.5021,-1.4814
172159481,11,43.5023,-1.4817
172159481,12,43.5029,-1.4825
172159481,13,43.5034,-1.4832
172159481,14,43.5037,-1.4836
172159481,15,43.5038,-1.4837
172159481,16,43.5039,-1.4838
172159481,17,43.5041,-1.4841
172159481,18,43.5043,-1.4843
172159481,19,43.5045,-1.4844
172159481,20,43.5047,-1.4846
172159481,21,43.5048,-1.4847
172159481,22,43.5049,-1.4848
172159481,23,43.505,-1.4849
172159481,24,43.5051,-1.4849
172159481,25,43.5052,-1.485
172159481,26,43.5052,-1.485
172159481,27,43.5053,-1.4851
172159481,28,43.5054,-1.4852
172159481,29,43.5056,-1.4853
172159481,30,43.5057,-1.4853
172159481,31,43.5059,-1.4854
172159481,32,43.5061,-1.4855
172159481,33,43.5062,-1.4856
172159481,34,43.5067,-1.4858
172159481,35,43.5068,-1.4858
172159481,36,43.5069,-1.4859
172159482,0,43.5021,-1.4771
172159482,1,43.502,-1.4772
172159482,2,43.502,-1.4772
172159482,3,43.5019,-1.4772
172159482,4,43.5019,-1.4773
172159482,5,43.5018,-1.4774
172159482,6,43.5017,-1.4777
172159482,7,43.5016,-1.478
172159482,8,43.5015,-1.4781
172159482,9,43.5014,-1.4782
172159482,10,43.5013,-1.4783
172159482,11,43.5013,-1.4784
172159482,12,43.5012,-1.4784
172159482,13,43.5009,-1.4787
172159482,14,43.5007,-1.4788
172159482,15,43.5007,-1.4788
172159482,16,43.5006,-1.4788
172159482,17,43.5006,-1.4788
172159483,0,43.5034,-1.4831
172159483,1,43.5035,-1.4829
172159483,2,43.5037,-1.4822
172159483,3,43.5038,-1.4821
172159483,4,43.5039,-1.4816
172159483,5,43.504,-1.4815
172159483,6,43.5043,-1.4818
172159483,7,43.5044,-1.4818
172159483,8,43.5044,-1.4818
172159483,9,43.5044,-1.4818
172159483,10,43.5044,-1.4819
172159483,11,43.5043,-1.482
172159483,12,43.5043,-1.4821
172159483,13,43.5042,-1.4824
172159483,14,43.5043,-1.4824
172159483,15,43.5044,-1.4825
172159483,16,43.5044,-1.4826
172159483,17,43.5044,-1.4826
172159483,18,43.5044,-1.4826
172159483,19,43.504,-1.4835
172159483,20,43.5039,-1.4836
172159483,21,43.5039,-1.4836
172162889,0,43.5075,-1.4793
172162889,1,43.5077,-1.4797
172162889,2,43.5079,-1.4798
172162889,3,43.5081,-1.4802
172162889,4,43.5077,-1.4806
172162892,0,43.5078,-1.481
172162892,1,43.5078,-1.481
172162892,2,43.508,-1.4811
172162892,3,43.5081,-1.4812
172162892,4,43.5082,-1.4812
172162892,5,43.5084,-1.4812
172162892,6,43.5085,-1.4813
172162892,7,43.5087,-1.4814
172162892,8,43.5088,-1.4815
172162892,9,43.5099,-1.4821
172162892,10,43.51,-1.482
172162892,11,43.5102,-1.482
172162892,12,43.5102,-1.482
172162892,13,43.5105,-1.482
172162893,0,43.5074,-1.4802
172162893,1,43.5074,-1.4802
172162893,2,43.5075,-1.4804
172162893,3,43.5077,-1.4806
172162893,4,43.5078,-1.4808
172162893,5,43.5078,-1.4809
172162893,6,43.5078,-1.4809
172162893,7,43.5078,-1.481
172162893,8,43.5078,-1.481
172162893,9,43.5077,-1.481
172162898,0,43.5072,-1.4801
172162898,1,43.5071,-1.4798
172162898,2,43.507,-1.4796
172162898,3,43.507,-1.4796
172162898,4,43.5069,-1.4794
172162898,5,43.5069,-1.4793
172162898,6,43.5067,-1.4788
172162898,7,43.5064,-1.4775
172162898,8,43.5063,-1.4773
172162898,9,43.5061,-1.4764
172162898,10,43.5059,-1.4757
172162898,11,43.5059,-1.4754
172162898,12,43.5058,-1.475
172162898,13,43.5058,-1.4743
172162898,14,43.5058,-1.4741
172162898,15,43.5057,-1.4737
172162898,16,43.5055,-1.4728
172162898,17,43.5055,-1.4727
172162898,18,43.5054,-1.4723
172162898,19,43.5053,-1.4722
172162898,20,43.5053,-1.4715
172162898,21,43.5053,-1.4715
172162898,22,43.5053,-1.471
172162898,23,43.5052,-1.4703
172162898,24,43.5051,-1.47
172162898,25,43.505,-1.4696
172162898,26,43.505,-1.4696
172162898,27,43.505,-1.4695
172162898,28,43.5048,-1.4689
172162898,29,43.5046,-1.468
172162898,30,43.5046,-1.4678
172162898,31,43.5046,-1.4677
172162898,32,43.5045,-1.4674
172162898,33,43.5045,-1.4673
172166052,0,43.5019,-1.4677
172166052,1,43.5018,-1.4677
172166052,2,43.5018,-1.4677
172166052,3,43.5015,-1.4676
172166052,4,43.5014,-1.4676
172166052,5,43.5014,-1.4675
172166052,6,43.5012,-1.4675
172166052,7,43.5011,-1.4674
172166052,8,43.5011,-1.4674
172166052,9,43.501,-1.4674
172166072,0,43.5001,-1.4668
172166072,1,43.5,-1.4668
172166072,2,43.5,-1.4668
172166072,3,43.4996,-1.467
172166072,4,43.4992,-1.4672
172166072,5,43.4986,-1.4674
172166072,6,43.4983,-1.4675
172166072,7,43.4981,-1.4676
172166074,0,43.5015,-1.4686
172166074,1,43.5015,-1.4686
172166074,2,43.5016,-1.4684
172166074,3,43.5017,-1.4684
172166074,4,43.5019,-1.4681
172166074,5,43.5019,-1.4681
172166074,6,43.502,-1.468
172169643,0,43.4974,-1.4666
172169643,1,43.4976,-1.4672
172169643,2,43.4976,-1.4672
172169643,3,43.4978,-1.4672
172169644,0,43.4957,-1.4581
172169644,1,43.4956,-1.458
172169644,2,43.4956,-1.4579
172169644,3,43.4956,-1.4569
172169644,4,43.4956,-1.4568
172169644,5,43.4956,-1.4568
172169644,6,43.4956,-1.4567
172169645,0,43.4983,-1.4677
172169645,1,43.4984,-1.4678
172169645,2,43.4984,-1.4679
172169645,3,43.4984,-1.468
172169645,4,43.4984,-1.4681
172169645,5,43.4984,-1.4682
172169645,6,43.4984,-1.4682
172169648,0,43.4981,-1.4676
172169648,1,43.4981,-1.4675
172169648,2,43.4981,-1.4674
172169648,3,43.498,-1.4674
172169648,4,43.498,-1.4674
172169648,5,43.4979,-1.4674
172169648,6,43.4979,-1.4673
172169648,7,43.4978,-1.4673
172169648,8,43.4978,-1.4672
172169648,9,43.4979,-1.4672
172169648,10,43.4979,-1.4672
172169648,11,43.498,-1.4671
172169648,12,43.498,-1.467
172169648,13,43.498,-1.4665
172169648,14,43.498,-1.4663
172172075,0,43.4832,-1.4523
172172075,1,43.4833,-1.4521
172172075,2,43.4833,-1.452
172172075,3,43.4833,-1.4514
172172075,4,43.4832,-1.4496
172172075,5,43.4832,-1.4492
172172075,6,43.4832,-1.4487
172172075,7,43.4833,-1.448
172172075,8,43.4833,-1.4478
172172075,9,43.4833,-1.4469
172172075,10,43.4833,-1.4465
172172075,11,43.4833,-1.4464
172172075,12,43.4834,-1.4454
172172078,0,43.4832,-1.4524
172172078,1,43.4833,-1.4526
172172078,2,43.4833,-1.4528
172172078,3,43.4833,-1.4532
172172078,4,43.4833,-1.4535
172172078,5,43.4833,-1.4536
172295069,0,43.4648,-1.4997
172295069,1,43.4647,-1.4995
172295069,2,43.4649,-1.4995
172296899,0,43.4885,-1.4937
172296899,1,43.4884,-1.4937
172296899,2,43.4883,-1.4937
172296899,3,43.488,-1.4938
172296900,0,43.4853,-1.4947
172296900,1,43.4853,-1.4947
172296900,2,43.4855,-1.4948
172296900,3,43.4855,-1.4948
172296900,4,43.4856,-1.4948
172296900,5,43.4856,-1.4948
172296900,6,43.4857,-1.4948
172296900,7,43.4857,-1.4948
172296900,8,43.4858,-1.4947
172296900,9,43.4859,-1.4947
172296900,10,43.4859,-1.4947
172296900,11,43.486,-1.4946
172296900,12,43.486,-1.4946
172296900,13,43.4861,-1.4945
172296901,0,43.4853,-1.4947
172296901,1,43.4852,-1.4947
172296901,2,43.4852,-1.4948
172296901,3,43.4851,-1.4948
172296901,4,43.4851,-1.4947
172296901,5,43.485,-1.4947
172296902,0,43.4796,-1.5013
172296902,1,43.4794,-1.5012
172296902,2,43.4794,-1.5012
172296902,3,43.4794,-1.5012
172296902,4,43.4793,-1.5011
172296903,0,43.4868,-1.4934
172296903,1,43.487,-1.4934
172296903,2,43.4871,-1.4935
172296903,3,43.4871,-1.4935
172296903,4,43.4873,-1.4935
172296903,5,43.4873,-1.4936
172296903,6,43.4874,-1.4937
172296903,7,43.4874,-1.4938
172296903,8,43.4873,-1.4939
172296903,9,43.4873,-1.4939
172296903,10,43.4873,-1.4939
172296903,11,43.4872,-1.494
172296903,12,43.4872,-1.4945
172296904,0,43.4852,-1.4944
172296904,1,43.4852,-1.4945
172296904,2,43.4853,-1.4946
172296904,3,43.4853,-1.4946
172296904,4,43.4853,-1.4947
172296905,0,43.4868,-1.4945
172296905,1,43.4868,-1.4945
172296905,2,43.4868,-1.4945
172296905,3,43.4868,-1.4945
172296905,4,43.4868,-1.4945
172296905,5,43.4868,-1.4945
172296905,6,43.4867,-1.4945
172296905,7,43.4867,-1.4945
172296905,8,43.4867,-1.4945
172296905,9,43.4867,-1.4944
172296905,10,43.4867,-1.4944
172296905,11,43.4867,-1.4944
172296905,12,43.4868,-1.4944
172296905,13,43.4868,-1.4944
172296905,14,43.4868,-1.4944
172296905,15,43.4868,-1.4944
172296905,16,43.4868,-1.4944
172296905,17,43.4868,-1.4944
172296905,18,43.4868,-1.4944
172296905,19,43.4868,-1.4945
172296905,20,43.4868,-1.4945
172296905,21,43.4868,-1.4945
172296906,0,43.4872,-1.494
172296906,1,43.4871,-1.4939
172296906,2,43.4871,-1.4939
172296906,3,43.4871,-1.4938
172296906,4,43.4871,-1.4937
172296906,5,43.4871,-1.4936
172296906,6,43.4871,-1.4935
172296906,7,43.4871,-1.4935
172297052,0,43.4896,-1.494
172297052,1,43.4896,-1.494
172297052,2,43.4896,-1.4939
172297052,3,43.4896,-1.4939
172297052,4,43.4896,-1.4939
172297052,5,43.4896,-1.4939
172297052,6,43.4896,-1.4939
172297052,7,43.4896,-1.4938
172297052,8,43.4897,-1.4938
172297052,9,43.4897,-1.4938
172297052,10,43.4897,-1.4939
172297052,11,43.4897,-1.4939
172297052,12,43.4897,-1.4939
172297052,13,43.4897,-1.4939
172297052,14,43.4897,-1.494
172297052,15,43.4897,-1.494
172297052,16,43.4897,-1.494
172297052,17,43.4897,-1.494
172297052,18,43.4896,-1.494
172297052,19,43.4896,-1.494
172297053,0,43.4856,-1.4923
172297053,1,43.4857,-1.4924
172297053,2,43.4866,-1.4928
172297053,3,43.4867,-1.4928
172297053,4,43.4868,-1.4929
172297053,5,43.4868,-1.4929
172297053,6,43.4874,-1.4931
172297053,7,43.4875,-1.4932
172297053,8,43.4877,-1.4932
172297053,9,43.4878,-1.4932
172297053,10,43.4879,-1.4932
172297053,11,43.4881,-1.4932
172297053,12,43.4881,-1.4932
172297053,13,43.4885,-1.4932
172297053,14,43.4886,-1.4933
172297053,15,43.4886,-1.4933
172297053,16,43.4887,-1.4933
172297053,17,43.4888,-1.4934
172297053,18,43.4889,-1.4935
172297053,19,43.4889,-1.4936
172298780,0,43.4854,-1.4992
172298780,1,43.4854,-1.4992
172298780,2,43.4856,-1.4992
172298780,3,43.4859,-1.4993
172635566,0,43.4695,-1.4878
172635566,1,43.4696,-1.488
172635566,2,43.4697,-1.4881
172635566,3,43.4698,-1.4882
172635566,4,43.4699,-1.4883
172635566,5,43.47,-1.4883
172635566,6,43.47,-1.4884
172635566,7,43.47,-1.4884
172635566,8,43.4701,-1.4884
172635566,9,43.4701,-1.4885
172768695,0,43.4912,-1.4928
172768695,1,43.4912,-1.4928
172768695,2,43.4912,-1.4928
172768695,3,43.4911,-1.4927
172768695,4,43.4911,-1.4927
172768695,5,43.4911,-1.4926
172768695,6,43.491,-1.4926
172768695,7,43.491,-1.4926
172768695,8,43.491,-1.4925
172768695,9,43.491,-1.4925
172768695,10,43.491,-1.4924
172768695,11,43.491,-1.4924
172768695,12,43.4911,-1.4924
172768695,13,43.4911,-1.4924
172768695,14,43.4911,-1.4924
172768695,15,43.4912,-1.4925
172768695,16,43.4912,-1.4926
172768695,17,43.4913,-1.4926
172768695,18,43.4913,-1.4927
172768695,19,43.4913,-1.4927
172768695,20,43.4913,-1.4928
172768695,21,43.4913,-1.4928
172768695,22,43.4912,-1.4928
172768695,23,43.4912,-1.4928
172768697,0,43.4907,-1.4932
172768697,1,43.4906,-1.4933
172768697,2,43.4905,-1.4933
172768697,3,43.4905,-1.4933
172768697,4,43.4905,-1.4934
172768697,5,43.4905,-1.4935
172768697,6,43.4905,-1.4936
172769697,0,43.4905,-1.4961
172769697,1,43.4905,-1.4959
172769697,2,43.4905,-1.4959
172769697,3,43.4905,-1.4958
172769697,4,43.4905,-1.4958
172769697,5,43.4906,-1.4957
172904945,0,43.4938,-1.4915
172904945,1,43.4939,-1.4916
172904945,2,43.4939,-1.4916
173015664,0,43.4764,-1.4504
173015664,1,43.4765,-1.4502
173015665,0,43.4762,-1.4509
173015665,1,43.4764,-1.4504
173015666,0,43.4773,-1.4484
173015666,1,43.4776,-1.4478
173015666,2,43.4777,-1.4475
173015666,3,43.4778,-1.4472
173015666,4,43.4778,-1.4469
173015666,5,43.4779,-1.4466
173015666,6,43.4779,-1.4464
173015666,7,43.4779,-1.4461
173197232,0,43.4849,-1.4754
173197232,1,43.485,-1.4755
173197232,2,43.485,-1.4755
173197232,3,43.4852,-1.4757
173197232,4,43.4853,-1.4758
173197233,0,43.4847,-1.4765
173197233,1,43.4847,-1.4765
173197233,2,43.4846,-1.4765
173197233,3,43.4844,-1.4766
173197233,4,43.4844,-1.4766
173197233,5,43.4842,-1.4767
173197233,6,43.4841,-1.4767
173197233,7,43.4841,-1.4767
173197233,8,43.484,-1.4767
173197233,9,43.4839,-1.4767
173197233,10,43.4837,-1.4767
173197233,11,43.4835,-1.4767
173197233,12,43.4834,-1.4767
173197233,13,43.4833,-1.4767
173197234,0,43.4811,-1.4825
173197234,1,43.4812,-1.4825
173197234,2,43.4813,-1.4825
173197234,3,43.4814,-1.4826
173197235,0,43.4859,-1.4763
173197235,1,43.4858,-1.4762
173197235,2,43.4856,-1.4762
173197235,3,43.4855,-1.4762
173197237,0,43.488,-1.4815
173197237,1,43.488,-1.4815
173197237,2,43.4881,-1.4814
173197237,3,43.4881,-1.4812
173197237,4,43.4882,-1.4812
175762436,0,43.4994,-1.4818
175762436,1,43.4993,-1.4818
175762436,2,43.4993,-1.4818
175762439,0,43.5012,-1.4819
175762439,1,43.501,-1.4817
175762439,2,43.5008,-1.4815
175762439,3,43.5007,-1.4814
175762439,4,43.5006,-1.4814
175762450,0,43.4989,-1.4815
175762450,1,43.4989,-1.4814
175762450,2,43.4989,-1.4813
175762450,3,43.4989,-1.4812
175762450,4,43.4988,-1.4812
175762450,5,43.4988,-1.4811
175762450,6,43.4988,-1.481
175919931,0,43.5002,-1.4503
175919931,1,43.5003,-1.4502
175919931,2,43.5004,-1.45
175919931,3,43.5004,-1.4499
175919931,4,43.5006,-1.4498
175919931,5,43.5008,-1.4496
175919931,6,43.5009,-1.4494
175919931,7,43.5012,-1.4491
175919931,8,43.5013,-1.449
175919931,9,43.5014,-1.4489
175919931,10,43.5017,-1.4486
175919931,11,43.5017,-1.4486
175919931,12,43.5017,-1.4486
175919931,13,43.5019,-1.4485
175919931,14,43.502,-1.4484
175919935,0,43.5024,-1.4567
175919935,1,43.5024,-1.4566
175919935,2,43.5024,-1.4565
175919935,3,43.5024,-1.4564
175919936,0,43.5026,-1.4551
175919936,1,43.5026,-1.455
175919936,2,43.5027,-1.4545
175919936,3,43.5028,-1.4544
175933751,0,43.4925,-1.4284
175933751,1,43.4924,-1.4286
175933751,2,43.4922,-1.4289
175933751,3,43.4918,-1.4295
175933751,4,43.4916,-1.4298
175933751,5,43.4913,-1.4302
175933751,6,43.4909,-1.4308
175933751,7,43.4905,-1.4312
175933751,8,43.4904,-1.4314
175933751,9,43.4903,-1.4316
175933751,10,43.4901,-1.4317
175933751,11,43.49,-1.4319
175933751,12,43.4896,-1.4323
175933751,13,43.4895,-1.4324
176030865,0,43.4932,-1.4759
176030865,1,43.4933,-1.4761
176030865,2,43.4935,-1.4764
176030866,0,43.4935,-1.4764
176030866,1,43.4938,-1.4768
176030866,2,43.4938,-1.4769
177477971,0,43.4844,-1.4782
177477971,1,43.4844,-1.4782
177477971,2,43.4845,-1.4783
177477971,3,43.4845,-1.4785
177518054,0,43.4849,-1.4859
177518054,1,43.4849,-1.4858
177518054,2,43.486,-1.4856
177518054,3,43.4861,-1.4856
177518054,4,43.4864,-1.4857
177518055,0,43.4866,-1.4843
177518055,1,43.4865,-1.4843
177518055,2,43.4863,-1.4843
177518055,3,43.4862,-1.4844
177518055,4,43.4861,-1.4844
177518055,5,43.4857,-1.4845
177518055,6,43.4854,-1.4847
177518055,7,43.4848,-1.4849
177518055,8,43.4847,-1.4849
177518055,9,43.4846,-1.485
177518055,10,43.4842,-1.4851
177518055,11,43.4839,-1.4852
177518055,12,43.4838,-1.4852
177518055,13,43.4838,-1.4852
177520194,0,43.4915,-1.493
177520194,1,43.4917,-1.4927
177520194,2,43.4918,-1.4929
177520194,3,43.4919,-1.493
177520194,4,43.492,-1.4932
177520194,5,43.4924,-1.4937
177628816,0,43.4695,-1.4878
177628816,1,43.4693,-1.4876
177628816,2,43.4693,-1.4875
177628816,3,43.4693,-1.4875
177628816,4,43.4692,-1.4875
177628816,5,43.4691,-1.4875
177628816,6,43.4691,-1.4874
177628816,7,43.469,-1.4875
177628816,8,43.4689,-1.4874
177628816,9,43.4688,-1.4874
177628816,10,43.4687,-1.4873
177628816,11,43.4687,-1.4873
177628816,12,43.4686,-1.4873
177628816,13,43.4684,-1.4873
177628816,14,43.4682,-1.4874
177628816,15,43.4679,-1.4874
177628816,16,43.4673,-1.4876
177628816,17,43.467,-1.4878
177628816,18,43.467,-1.4879
177628816,19,43.4669,-1.488
177628816,20,43.4668,-1.4882
177628816,21,43.4668,-1.4882
177628816,22,43.4667,-1.4882
177628816,23,43.4667,-1.4882
177628816,24,43.4667,-1.4882
177628816,25,43.4666,-1.4882
177628816,26,43.4666,-1.4881
177628816,27,43.4666,-1.488
177628816,28,43.4665,-1.488
177628816,29,43.4665,-1.4879
177628816,30,43.4665,-1.4878
177628816,31,43.4664,-1.4876
177628816,32,43.4663,-1.4875
177628816,33,43.466,-1.4872
177628816,34,43.4659,-1.4871
177628816,35,43.4657,-1.4871
177628816,36,43.4652,-1.4873
177628816,37,43.465,-1.4873
178361772,0,43.4818,-1.4876
178361772,1,43.4819,-1.4877
178361772,2,43.4819,-1.4877
178361772,3,43.4821,-1.4877
178361772,4,43.4822,-1.4877
178361772,5,43.4823,-1.4877
178361772,6,43.4824,-1.4877
178361772,7,43.4826,-1.4876
178361772,8,43.4827,-1.4876
178361772,9,43.4828,-1.4876
178361772,10,43.483,-1.4876
178361772,11,43.4832,-1.4875
178361772,12,43.4833,-1.4874
178361772,13,43.4834,-1.4874
178361772,14,43.4835,-1.4874
178361772,15,43.4836,-1.4873
178361772,16,43.4836,-1.4873
178361772,17,43.4836,-1.4872
178361772,18,43.4837,-1.4872
178361772,19,43.4837,-1.4871
178361772,20,43.4837,-1.4869
178361772,21,43.4837,-1.4866
178361772,22,43.4837,-1.4865
178361772,23,43.4837,-1.4863
178361772,24,43.4837,-1.4861
178361772,25,43.4837,-1.4857
178361772,26,43.4837,-1.4855
178361772,27,43.4837,-1.4853
178361772,28,43.4837,-1.4853
178361772,29,43.4837,-1.4853
178487395,0,43.4791,-1.4547
178487395,1,43.4792,-1.4547
178487395,2,43.4794,-1.4547
178487395,3,43.4796,-1.4547
178487395,4,43.4797,-1.4547
178487395,5,43.4798,-1.4547
178487395,6,43.4798,-1.4546
178487395,7,43.4799,-1.4545
178487395,8,43.4802,-1.4542
178487395,9,43.4802,-1.454
178487395,10,43.4803,-1.4539
178487395,11,43.4808,-1.4535
178487395,12,43.4811,-1.4533
178489139,0,43.4806,-1.4518
178489139,1,43.4806,-1.4517
178489139,2,43.4806,-1.4517
178489139,3,43.4807,-1.4514
178489139,4,43.4808,-1.4513
178489139,5,43.4808,-1.4512
178489139,6,43.4809,-1.4508
178489139,7,43.481,-1.4506
178489139,8,43.481,-1.4505
178489144,0,43.4805,-1.4518
178489144,1,43.4805,-1.4518
178489144,2,43.4805,-1.4518
178489144,3,43.48,-1.4514
178489144,4,43.48,-1.4513
178489144,5,43.48,-1.4513
178489144,6,43.48,-1.4513
178489144,7,43.4799,-1.4512
178489144,8,43.4799,-1.4511
178489144,9,43.4799,-1.451
178489144,10,43.48,-1.4509
178489144,11,43.48,-1.4508
178489144,12,43.48,-1.4507
178489144,13,43.48,-1.4506
178489144,14,43.4799,-1.4506
178489144,15,43.4799,-1.4505
178489144,16,43.4799,-1.4505
178489144,17,43.4799,-1.4505
178489144,18,43.4799,-1.4504
178489144,19,43.4798,-1.4503
178489144,20,43.4798,-1.4503
178489144,21,43.4797,-1.4502
178489144,22,43.4797,-1.4502
178489144,23,43.4796,-1.4501
178489144,24,43.4795,-1.4501
178489144,25,43.4795,-1.4501
178489144,26,43.4794,-1.4501
178489144,27,43.4793,-1.4501
178489144,28,43.4792,-1.4501
178489144,29,43.4791,-1.4501
178489144,30,43.4791,-1.4502
178489147,0,43.4806,-1.4519
178489147,1,43.4806,-1.4519
178489147,2,43.4806,-1.452
178489147,3,43.4806,-1.452
178489147,4,43.4806,-1.452
178489147,5,43.4805,-1.452
178489147,6,43.4805,-1.4519
178489147,7,43.4805,-1.4519
178489147,8,43.4805,-1.4519
178489147,9,43.4805,-1.4518
178489147,10,43.4805,-1.4518
178489147,11,43.4805,-1.4518
178489147,12,43.4806,-1.4518
178489147,13,43.4806,-1.4518
178489147,14,43.4806,-1.4518
178489147,15,43.4806,-1.4518
178489147,16,43.4806,-1.4518
178489147,17,43.4806,-1.4519
178489147,18,43.4806,-1.4519
178490136,0,43.48,-1.4746
178490136,1,43.4802,-1.4749
178490136,2,43.4804,-1.4752
178644091,0,43.5032,-1.4517
178644091,1,43.5034,-1.4518
178644091,2,43.5034,-1.4518
178644092,0,43.5026,-1.4538
178644092,1,43.5027,-1.4539
178644092,2,43.5028,-1.4539
178644092,3,43.5029,-1.4539
178644092,4,43.5029,-1.4539
178644093,0,43.5028,-1.4544
178644093,1,43.5027,-1.4543
178644093,2,43.5027,-1.4543
178644093,3,43.5027,-1.4542
178644093,4,43.5025,-1.4541
178644093,5,43.5025,-1.4541
178644094,0,43.5035,-1.4518
178644094,1,43.5035,-1.4518
178644094,2,43.5035,-1.4517
178644094,3,43.5038,-1.4508
178644094,4,43.5039,-1.4505
178644095,0,43.5035,-1.4518
178644095,1,43.5035,-1.4519
178644095,2,43.5036,-1.4519
178644095,3,43.5036,-1.452
178644095,4,43.5035,-1.4521
178644095,5,43.5035,-1.4522
178644095,6,43.5035,-1.4522
178644095,7,43.5034,-1.4521
178644101,0,43.5033,-1.4521
178644101,1,43.5033,-1.4521
178644101,2,43.5031,-1.452
178646971,0,43.5082,-1.4355
178646971,1,43.5082,-1.4356
178646971,2,43.5081,-1.4356
178646971,3,43.508,-1.4356
178646971,4,43.508,-1.4356
178646971,5,43.508,-1.4356
178646971,6,43.508,-1.4356
178646971,7,43.5079,-1.4355
178646971,8,43.5079,-1.4354
178646971,9,43.5079,-1.4354
178646971,10,43.5079,-1.4353
178646972,0,43.5079,-1.4353
178646972,1,43.508,-1.4353
178646972,2,43.508,-1.4353
178646972,3,43.5081,-1.4353
178646972,4,43.5081,-1.4353
178646973,0,43.5079,-1.4353
178646973,1,43.5079,-1.4352
178646973,2,43.5078,-1.4352
178646973,3,43.5078,-1.4351
178646973,4,43.5077,-1.435
178646973,5,43.5076,-1.4348
178646973,6,43.5076,-1.4347
178646973,7,43.5075,-1.4345
178646973,8,43.5075,-1.4344
178646973,9,43.5074,-1.4342
178646973,10,43.5073,-1.434
178646973,11,43.5073,-1.4338
178646973,12,43.5071,-1.4329
178646973,13,43.507,-1.4322
178646973,14,43.5068,-1.4317
178646973,15,43.5068,-1.4315
178646973,16,43.5068,-1.4314
178646973,17,43.5067,-1.4312
178646974,0,43.5081,-1.4353
178646974,1,43.5082,-1.4353
178646974,2,43.5082,-1.4353
178646974,3,43.5082,-1.4354
178646974,4,43.5082,-1.4354
178646974,5,43.5082,-1.4355
178647696,0,43.5105,-1.4294
178647696,1,43.5105,-1.4294
178647696,2,43.5104,-1.4293
178647696,3,43.5104,-1.4293
178647696,4,43.5104,-1.4292
178647696,5,43.5104,-1.4292
178647696,6,43.5104,-1.4291
178647696,7,43.5105,-1.4291
178647696,8,43.5105,-1.4291
178647696,9,43.5105,-1.4291
178647696,10,43.5106,-1.4291
178647696,11,43.5106,-1.4291
178647696,12,43.5106,-1.4292
178647696,13,43.5106,-1.4292
178647696,14,43.5106,-1.4293
178647696,15,43.5106,-1.4293
178647696,16,43.5106,-1.4294
178647696,17,43.5106,-1.4294
178647696,18,43.5105,-1.4294
178648659,0,43.4838,-1.4825
178648659,1,43.4837,-1.4826
178648659,2,43.4837,-1.4826
178648659,3,43.4837,-1.4827
178648659,4,43.4836,-1.4828
178649993,0,43.4833,-1.4767
178649993,1,43.4832,-1.4768
178649993,2,43.4831,-1.4769
178649993,3,43.483,-1.4769
178649993,4,43.4829,-1.4769
178649995,0,43.4789,-1.4736
178649995,1,43.479,-1.4735
178649995,2,43.4791,-1.4734
178649996,0,43.4829,-1.4769
178649996,1,43.4826,-1.477
178649996,2,43.4824,-1.4771
178649996,3,43.4823,-1.4772
178649996,4,43.4822,-1.4772
178649996,5,43.4821,-1.4772
178649996,6,43.482,-1.4772
178649996,7,43.482,-1.4773
178650003,0,43.4829,-1.4769
178650003,1,43.483,-1.4768
178650003,2,43.483,-1.4768
178650003,3,43.4831,-1.4768
178650003,4,43.4832,-1.4768
178650003,5,43.4832,-1.4767
178650003,6,43.4833,-1.4767
178654631,0,43.4948,-1.4789
178654631,1,43.4952,-1.4802
178654631,2,43.4953,-1.4802
178654631,3,43.4953,-1.4802
178654631,4,43.4956,-1.48
178654631,5,43.4956,-1.48
178654631,6,43.4957,-1.48
183280534,0,43.4781,-1.4928
183280534,1,43.478,-1.4928
183280534,2,43.4778,-1.4929
183280535,0,43.4778,-1.4929
183280535,1,43.4779,-1.4928
183280535,2,43.4779,-1.4927
183280535,3,43.478,-1.4926
183695479,0,43.4791,-1.4501
183695479,1,43.4791,-1.4502
183695479,2,43.4791,-1.4502
183695479,3,43.4791,-1.4502
183695479,4,43.479,-1.4502
183695479,5,43.479,-1.4502
183695479,6,43.479,-1.4502
183695479,7,43.4789,-1.4502
183695479,8,43.4789,-1.4502
183695479,9,43.4789,-1.4501
183695479,10,43.4789,-1.4501
183695479,11,43.4789,-1.4501
183695479,12,43.4789,-1.45
183695479,13,43.4789,-1.45
183695479,14,43.479,-1.45
183695479,15,43.479,-1.45
183695479,16,43.4791,-1.45
183695479,17,43.4791,-1.45
183695479,18,43.4791,-1.45
183695479,19,43.4791,-1.4501
183695479,20,43.4791,-1.4501
183696985,0,43.5069,-1.4597
183696985,1,43.5067,-1.4597
190669317,0,43.4872,-1.4494
190669317,1,43.4871,-1.449
190669317,2,43.487,-1.4488
190669317,3,43.487,-1.4487
190669317,4,43.4871,-1.4485
190669317,5,43.4871,-1.4484
190669317,6,43.4873,-1.4483
190669317,7,43.4874,-1.4482
190669317,8,43.4874,-1.4482
190669317,9,43.4875,-1.4482
190669317,10,43.4877,-1.4483
190669317,11,43.4879,-1.4484
190669317,12,43.488,-1.4485
190669317,13,43.488,-1.4486
190669317,14,43.4881,-1.4487
190669318,0,43.4872,-1.4496
190669318,1,43.4872,-1.4494
190669319,0,43.5009,-1.4922
190669319,1,43.501,-1.4922
190669320,0,43.501,-1.4923
190669320,1,43.5012,-1.4925
190669320,2,43.5015,-1.4928
190669320,3,43.5017,-1.4931
190669320,4,43.5019,-1.4932
190669320,5,43.502,-1.4934
191900114,0,43.4933,-1.4863
191900114,1,43.4932,-1.4863
191900114,2,43.493,-1.4855
193705176,0,43.4791,-1.4985
193705176,1,43.4791,-1.4985
193705176,2,43.4791,-1.4985
193705176,3,43.4791,-1.4985
193705176,4,43.4793,-1.4984
193705176,5,43.4796,-1.4983
193705176,6,43.4797,-1.4983
193705176,7,43.4797,-1.4983
193705176,8,43.4798,-1.4982
193705176,9,43.4798,-1.4982
193705176,10,43.4799,-1.4982
193705176,11,43.4799,-1.4982
193705176,12,43.48,-1.4982
193705176,13,43.4801,-1.4983
193705176,14,43.4802,-1.4983
193705176,15,43.4803,-1.4983
193705176,16,43.4804,-1.4984
193705176,17,43.4805,-1.4984
193705176,18,43.4805,-1.4984
193705176,19,43.4806,-1.4985
193705176,20,43.4808,-1.4988
193705176,21,43.4811,-1.4991
193705176,22,43.4811,-1.4991
193705176,23,43.4811,-1.4991
193705179,0,43.5113,-1.4637
193705179,1,43.5119,-1.4634
193705179,2,43.5125,-1.4631
193705179,3,43.5135,-1.4625
193705179,4,43.5137,-1.4623
193705179,5,43.5141,-1.462
193705179,6,43.5143,-1.4618
193705179,7,43.5144,-1.4617
193705179,8,43.5145,-1.4616
193705179,9,43.5146,-1.4614
193705179,10,43.5146,-1.4613
193705179,11,43.5147,-1.461
193705179,12,43.5149,-1.4606
193705179,13,43.5152,-1.4601
193705179,14,43.5154,-1.4599
193705179,15,43.5155,-1.4597
193705179,16,43.5155,-1.4596
193705179,17,43.5156,-1.4595
193705179,18,43.5157,-1.4593
193705183,0,43.5098,-1.4645
193705183,1,43.5097,-1.4646
193705183,2,43.5097,-1.4647
193705185,0,43.5005,-1.4669
193705185,1,43.5004,-1.4669
193705185,2,43.5003,-1.4668
193705185,3,43.5002,-1.4668
193705185,4,43.5001,-1.4668
193705188,0,43.4965,-1.4342
193705188,1,43.4965,-1.4342
193705188,2,43.4965,-1.4343
193705188,3,43.4964,-1.4343
193705188,4,43.4964,-1.4343
193705188,5,43.4964,-1.4343
193705188,6,43.4964,-1.4343
193705188,7,43.4964,-1.4343
193705188,8,43.4963,-1.4343
193705188,9,43.4963,-1.4342
193705188,10,43.4963,-1.4342
193705188,11,43.4963,-1.4342
193705188,12,43.4964,-1.4341
193705188,13,43.4964,-1.4341
193705188,14,43.4964,-1.4341
193705188,15,43.4964,-1.4341
193705188,16,43.4964,-1.4341
193705188,17,43.4965,-1.4342
193705188,18,43.4965,-1.4342
193705188,19,43.4965,-1.4342
193705190,0,43.5101,-1.4641
193705190,1,43.5101,-1.4642
193705190,2,43.5101,-1.4642
193705190,3,43.5101,-1.4643
193705190,4,43.5101,-1.4643
193705190,5,43.5101,-1.4643
193705190,6,43.51,-1.4643
193705190,7,43.51,-1.4643
193705193,0,43.4787,-1.4965
193705193,1,43.4786,-1.4958
193705193,2,43.4786,-1.4956
193705193,3,43.4786,-1.4955
193705193,4,43.4785,-1.4947
193705193,5,43.4784,-1.4944
193705193,6,43.4784,-1.4943
193705193,7,43.4784,-1.494
193705193,8,43.4783,-1.4938
193705193,9,43.4783,-1.4935
193705193,10,43.4783,-1.4932
193705196,0,43.4789,-1.4984
193705196,1,43.479,-1.4984
193705196,2,43.479,-1.4984
193705196,3,43.479,-1.4984
193705196,4,43.479,-1.4984
193705196,5,43.4791,-1.4985
193705196,6,43.4791,-1.4985
193705196,7,43.479,-1.4985
193705196,8,43.479,-1.4986
193705196,9,43.479,-1.4986
193705196,10,43.479,-1.4986
194650080,0,43.4843,-1.4468
194650080,1,43.4843,-1.4467
194650080,2,43.4843,-1.4466
194650080,3,43.4843,-1.4465
194650080,4,43.4843,-1.446
194650080,5,43.4843,-1.4458
194650080,6,43.4843,-1.4457
194650080,7,43.4843,-1.4456
194650080,8,43.4843,-1.4455
194650080,9,43.4843,-1.4453
194650080,10,43.4843,-1.4451
194650080,11,43.4843,-1.445
194650080,12,43.4843,-1.4449
194650081,0,43.4887,-1.4546
194650081,1,43.4887,-1.4547
194650081,2,43.4885,-1.4551
194650081,3,43.4885,-1.4553
197443035,0,43.4744,-1.5005
197443035,1,43.4746,-1.5006
197443035,2,43.4749,-1.501
197443035,3,43.4753,-1.5014
197443035,4,43.4757,-1.5018
197443035,5,43.4759,-1.502
197443035,6,43.476,-1.5022
197443035,7,43.4761,-1.5023
197443035,8,43.4762,-1.5025
197443035,9,43.4763,-1.5027
197443035,10,43.4764,-1.5032
197443035,11,43.4764,-1.5034
197443035,12,43.4765,-1.5035
197443035,13,43.4766,-1.5036
197443035,14,43.4768,-1.5038
197443035,15,43.477,-1.5039
197443035,16,43.4774,-1.5042
197443035,17,43.4776,-1.5044
197443035,18,43.4776,-1.5044
197443036,0,43.4743,-1.4945
197443036,1,43.4744,-1.4944
197443036,2,43.4744,-1.4944
197443036,3,43.4744,-1.4943
197443036,4,43.4746,-1.4941
197443036,5,43.4747,-1.4939
197443036,6,43.4748,-1.4938
197443036,7,43.4749,-1.4936
197443036,8,43.4751,-1.4935
197443036,9,43.4753,-1.4934
203101675,0,43.5039,-1.4466
203101675,1,43.5041,-1.4466
203101677,0,43.5034,-1.4518
203101677,1,43.5034,-1.4518
203101677,2,43.5035,-1.4518
203102539,0,43.5056,-1.4633
203102539,1,43.5057,-1.4634
203102539,2,43.5057,-1.4635
203102539,3,43.5058,-1.4635
203102539,4,43.5058,-1.4636
203102539,5,43.5059,-1.4636
203102541,0,43.5056,-1.4631
203102541,1,43.5056,-1.4628
203102541,2,43.5056,-1.4627
203102541,3,43.5056,-1.4625
203102541,4,43.5056,-1.4624
203102541,5,43.5056,-1.4623
203102541,6,43.5056,-1.4622
203102541,7,43.5056,-1.462
203102541,8,43.5055,-1.4618
203102541,9,43.5055,-1.4614
203102542,0,43.5055,-1.4614
203102542,1,43.5054,-1.4612
203102542,2,43.5054,-1.461
203102542,3,43.5054,-1.4609
203102542,4,43.5054,-1.4607
203102542,5,43.5054,-1.4607
203102542,6,43.5054,-1.4606
203102542,7,43.5054,-1.4605
203102542,8,43.5054,-1.4603
203102542,9,43.5054,-1.4602
203102542,10,43.5055,-1.4601
203102542,11,43.5055,-1.4599
203102542,12,43.5056,-1.4596
203102542,13,43.5057,-1.4594
203102542,14,43.5057,-1.4593
203102542,15,43.5057,-1.4592
203102542,16,43.5057,-1.4591
203102542,17,43.5057,-1.459
203102542,18,43.5057,-1.4589
203102542,19,43.5058,-1.4585
203102542,20,43.5058,-1.4582
203102542,21,43.5058,-1.4581
203102542,22,43.5058,-1.4579
203102542,23,43.5058,-1.4573
203102542,24,43.5058,-1.4569
203102542,25,43.5059,-1.4565
203102542,26,43.5059,-1.4564
203102542,27,43.5061,-1.4557
203102542,28,43.5061,-1.4555
203102542,29,43.5062,-1.4554
203102542,30,43.5062,-1.4553
203102542,31,43.507,-1.4551
203102542,32,43.507,-1.4551
203102542,33,43.5074,-1.4539
203102542,34,43.5073,-1.4538
203102542,35,43.507,-1.4537
203102542,36,43.5069,-1.4537
203102542,37,43.5069,-1.4534
203102542,38,43.5069,-1.4533
203102542,39,43.5069,-1.4531
203102550,0,43.51,-1.4643
203102550,1,43.51,-1.4642
203102550,2,43.51,-1.4642
203102550,3,43.51,-1.4641
203102550,4,43.51,-1.4641
203102553,0,43.5071,-1.461
203102553,1,43.5071,-1.4607
203102553,2,43.507,-1.4606
203102553,3,43.507,-1.4602
203102553,4,43.507,-1.4601
203102553,5,43.507,-1.4601
203102553,6,43.507,-1.4598
203102553,7,43.5069,-1.4597
203102553,8,43.5068,-1.4589
203102553,9,43.5068,-1.4587
203102558,0,43.5072,-1.464
203102558,1,43.5079,-1.4639
203102559,0,43.51,-1.4641
203102559,1,43.5101,-1.4641
203102559,2,43.5101,-1.4641
203102560,0,43.5097,-1.4647
203102560,1,43.5096,-1.4648
203111327,0,43.4938,-1.4576
203111327,1,43.4938,-1.4574
203111328,0,43.4993,-1.4545
203111328,1,43.4994,-1.4545
203111328,2,43.4995,-1.4544
203111328,3,43.4995,-1.4544
203111328,4,43.4996,-1.4544
203111328,5,43.4997,-1.4543
203111328,6,43.4997,-1.4543
203111328,7,43.4998,-1.4543
203111329,0,43.4971,-1.451
203111329,1,43.497,-1.451
203111329,2,43.4968,-1.451
203111330,0,43.4939,-1.454
203111330,1,43.494,-1.4534
203111331,0,43.4937,-1.4583
203111331,1,43.4937,-1.4581
203111331,2,43.4938,-1.4578
203139391,0,43.4914,-1.4958
203139391,1,43.4914,-1.4959
203139391,2,43.4914,-1.4959
203139391,3,43.4914,-1.496
203139392,0,43.4905,-1.4961
203139392,1,43.4905,-1.4959
203139392,2,43.4905,-1.4959
203139392,3,43.4905,-1.4958
203139392,4,43.4904,-1.4958
203139393,0,43.4958,-1.4804
203139393,1,43.4958,-1.4802
203139393,2,43.4957,-1.48
203171840,0,43.4804,-1.4571
203171840,1,43.4802,-1.4569
203171840,2,43.4795,-1.4563
203171840,3,43.4791,-1.4559
203171840,4,43.479,-1.4558
203171840,5,43.4789,-1.4557
203171841,0,43.4927,-1.4733
203171841,1,43.4926,-1.4732
203171842,0,43.4811,-1.4601
203171842,1,43.4811,-1.4603
203171842,2,43.4811,-1.4605
203347947,0,43.4925,-1.4736
203347947,1,43.4926,-1.4734
203347950,0,43.5038,-1.4677
203347950,1,43.5039,-1.4677
203347950,2,43.5042,-1.4674
203347950,3,43.5043,-1.4673
203347950,4,43.5044,-1.4672
203347950,5,43.5045,-1.4672
203347952,0,43.4809,-1.4806
203347952,1,43.4809,-1.4805
203347952,2,43.4809,-1.4805
203347952,3,43.4808,-1.4804
203347952,4,43.4808,-1.4804
203347952,5,43.4808,-1.4803
203347952,6,43.4807,-1.4801
203347952,7,43.4804,-1.4793
203347952,8,43.4804,-1.4793
203347952,9,43.4804,-1.4792
203347952,10,43.4804,-1.4791
203347952,11,43.4801,-1.4787
203347952,12,43.4801,-1.4785
203347952,13,43.48,-1.4784
203347952,14,43.4799,-1.4784
203347952,15,43.4798,-1.4783
203347953,0,43.5083,-1.4865
203347953,1,43.5087,-1.4866
203347953,2,43.5089,-1.4867
203347953,3,43.5091,-1.4868
203347953,4,43.5095,-1.4869
203347953,5,43.5096,-1.487
203347953,6,43.5097,-1.487
203347953,7,43.5099,-1.4871
203347953,8,43.5101,-1.4871
203347953,9,43.5101,-1.4871
203380947,0,43.4901,-1.4819
203380947,1,43.4902,-1.4819
203380947,2,43.4906,-1.4817
203380947,3,43.4911,-1.4815
203380947,4,43.4911,-1.4815
203380947,5,43.4913,-1.4815
203380948,0,43.4897,-1.4823
203380948,1,43.4896,-1.4824
203380948,2,43.4895,-1.4824
203380948,3,43.4892,-1.4825
203380948,4,43.4891,-1.4825
203380948,5,43.489,-1.4826
203380948,6,43.489,-1.4826
203380949,0,43.4913,-1.4815
203380949,1,43.4914,-1.4817
203383677,0,43.4924,-1.4869
203383677,1,43.4923,-1.4869
203383677,2,43.4923,-1.4869
203383677,3,43.4921,-1.487
203383677,4,43.492,-1.487
203383677,5,43.4919,-1.4871
203383677,6,43.4918,-1.4871
203383677,7,43.4917,-1.4871
203383677,8,43.4916,-1.4871
203383677,9,43.4916,-1.4871
203383677,10,43.4915,-1.487
203383677,11,43.4913,-1.487
203383677,12,43.4913,-1.4869
203383677,13,43.4912,-1.4869
203383677,14,43.4911,-1.4868
203383677,15,43.491,-1.4868
203383677,16,43.4909,-1.4868
203383677,17,43.4908,-1.4868
203383677,18,43.4908,-1.4868
203383677,19,43.4907,-1.4867
203383677,20,43.4907,-1.4867
203383681,0,43.4924,-1.4869
203383681,1,43.4924,-1.487
203383681,2,43.4926,-1.4875
203383681,3,43.4927,-1.4876
203383681,4,43.4928,-1.4879
203383681,5,43.4929,-1.4881
203383681,6,43.4929,-1.4882
203383681,7,43.493,-1.4882
203383683,0,43.4907,-1.4967
203383683,1,43.4907,-1.4966
203383683,2,43.4906,-1.4965
203383683,3,43.4906,-1.4963
203383683,4,43.4905,-1.4961
203401979,0,43.4819,-1.4436
203401979,1,43.482,-1.4437
203401979,2,43.482,-1.4437
203401979,3,43.4821,-1.4439
203401979,4,43.4822,-1.4441
203402383,0,43.4903,-1.4715
203402383,1,43.4906,-1.4715
203402383,2,43.4906,-1.4715
203402383,3,43.4907,-1.4715
217573200,0,43.4781,-1.4448
217573200,1,43.4781,-1.4451
217573200,2,43.4781,-1.4457
217573200,3,43.4781,-1.4462
217573200,4,43.4781,-1.4466
217573200,5,43.4781,-1.447
217573200,6,43.4781,-1.4475
217573200,7,43.4781,-1.4481
219953414,0,43.4925,-1.4944
219953414,1,43.4924,-1.4944
219953414,2,43.4924,-1.4943
219953414,3,43.4923,-1.4941
219953414,4,43.4922,-1.494
219953414,5,43.4918,-1.4934
219953414,6,43.4917,-1.4933
219953414,7,43.4916,-1.4931
219953414,8,43.4915,-1.493
222895964,0,43.4832,-1.4824
222895964,1,43.4831,-1.4824
222895964,2,43.483,-1.4824
222895964,3,43.4827,-1.4825
222895964,4,43.4827,-1.4825
223052857,0,43.4983,-1.4932
223052857,1,43.4983,-1.4928
223052857,2,43.4983,-1.4923
223052858,0,43.4983,-1.4932
223052858,1,43.4983,-1.4934
223052858,2,43.4983,-1.4935
223052858,3,43.4983,-1.4936
223052859,0,43.4986,-1.4936
223052859,1,43.4987,-1.4936
223052859,2,43.4987,-1.4935
223052859,3,43.4988,-1.4935
223052859,4,43.4989,-1.4934
223052859,5,43.499,-1.4934
223052859,6,43.4991,-1.4933
223052859,7,43.4992,-1.4932
223052859,8,43.4993,-1.4932
223052859,9,43.4994,-1.4931
223052859,10,43.4995,-1.493
223052859,11,43.4995,-1.4929
223052859,12,43.4997,-1.4928
223052859,13,43.4998,-1.4927
223052859,14,43.4999,-1.4926
223052859,15,43.4999,-1.4925
223052859,16,43.4999,-1.4925
223052859,17,43.5,-1.4925
223052859,18,43.5004,-1.4922
223052859,19,43.5005,-1.4922
223052859,20,43.5007,-1.4921
223052859,21,43.5007,-1.492
223052859,22,43.5008,-1.492
223052860,0,43.4978,-1.4939
223052860,1,43.4977,-1.4937
223052861,0,43.4977,-1.4937
223052861,1,43.4979,-1.4937
223052861,2,43.498,-1.4937
223209313,0,43.4847,-1.4812
223209313,1,43.4846,-1.481
223209313,2,43.4845,-1.4808
223209313,3,43.4844,-1.4806
223209313,4,43.4844,-1.4805
223209313,5,43.4844,-1.4802
223209313,6,43.4844,-1.4796
223209313,7,43.4845,-1.4789
223209313,8,43.4845,-1.4786
223209313,9,43.4845,-1.4785
223209313,10,43.4846,-1.4783
223209313,11,43.4847,-1.4782
223209313,12,43.4847,-1.4781
223209313,13,43.4848,-1.4781
223209313,14,43.4849,-1.478
223209313,15,43.4851,-1.4779
223209313,16,43.4853,-1.4778
223209313,17,43.4855,-1.4778
223209313,18,43.4856,-1.4777
223209315,0,43.4851,-1.4828
223209315,1,43.4847,-1.4827
223209315,2,43.4846,-1.4827
223209315,3,43.4845,-1.4827
223209317,0,43.4854,-1.4827
223209317,1,43.4854,-1.4827
223209317,2,43.4854,-1.4826
223209317,3,43.4854,-1.4825
223209317,4,43.4854,-1.4825
223209317,5,43.4848,-1.4813
223209317,6,43.4847,-1.4812
223209318,0,43.4864,-1.4857
223209318,1,43.4863,-1.4862
223209318,2,43.4863,-1.4864
223209318,3,43.4863,-1.4866
223209318,4,43.4863,-1.4868
223209318,5,43.4863,-1.4875
227628624,0,43.4892,-1.4803
227628624,1,43.4893,-1.4804
227649016,0,43.4897,-1.4718
227649016,1,43.4897,-1.4717
227649016,2,43.4898,-1.4716
227649016,3,43.4899,-1.4715
227649016,4,43.4899,-1.4714
227649024,0,43.492,-1.4771
227649024,1,43.4922,-1.477
227649025,0,43.4909,-1.481
227649025,1,43.4908,-1.481
227649025,2,43.4906,-1.4808
227649025,3,43.4906,-1.4807
227649025,4,43.4906,-1.4807
227649025,5,43.4906,-1.4806
227649025,6,43.4906,-1.4806
227649025,7,43.4907,-1.4805
227649025,8,43.4907,-1.4805
227649025,9,43.4907,-1.4805
227649025,10,43.4908,-1.4805
227649025,11,43.4908,-1.4805
227649025,12,43.4909,-1.4806
227649025,13,43.491,-1.4806
227649026,0,43.4885,-1.4783
227649026,1,43.4885,-1.4783
227649026,2,43.4886,-1.4784
227649026,3,43.4886,-1.4784
227649027,0,43.4928,-1.4789
227649027,1,43.4929,-1.4791
227649027,2,43.493,-1.4792
227649027,3,43.493,-1.4793
227649027,4,43.4931,-1.4794
227649028,0,43.4897,-1.4821
227649028,1,43.49,-1.482
227649028,2,43.4901,-1.4819
227649029,0,43.4885,-1.4796
227649029,1,43.4885,-1.4797
227649029,2,43.4882,-1.4809
227649029,3,43.4882,-1.481
227649033,0,43.4884,-1.4785
227649033,1,43.4884,-1.4787
227649033,2,43.4885,-1.4791
227649033,3,43.4885,-1.4793
227649033,4,43.4885,-1.4795
227649033,5,43.4885,-1.4796
227803955,0,43.5078,-1.4607
227803955,1,43.5079,-1.4607
227803955,2,43.508,-1.4608
227803955,3,43.5081,-1.4608
227803955,4,43.5082,-1.4607
227803955,5,43.5083,-1.4606
227803955,6,43.5084,-1.4605
227808354,0,43.5035,-1.4609
227808354,1,43.5029,-1.4611
227808354,2,43.5029,-1.4611
227808354,3,43.5028,-1.4611
227808354,4,43.5026,-1.4612
227808354,5,43.5021,-1.4614
227808377,0,43.5035,-1.4609
227808377,1,43.5035,-1.4608
227808377,2,43.5035,-1.4608
227808377,3,43.5035,-1.4607
227808377,4,43.5034,-1.4607
227808377,5,43.5029,-1.461
227808377,6,43.5029,-1.4611
227811864,0,43.5113,-1.443
227811864,1,43.511,-1.4421
227811864,2,43.511,-1.4421
227811864,3,43.511,-1.442
227811864,4,43.5109,-1.442
227813146,0,43.5087,-1.448
227813146,1,43.5086,-1.4479
227813146,2,43.5086,-1.4477
227813146,3,43.5085,-1.4473
227813146,4,43.5082,-1.4465
227813146,5,43.5081,-1.446
227813146,6,43.5079,-1.4456
227813146,7,43.5078,-1.4453
227813146,8,43.5076,-1.445
227813146,9,43.5076,-1.4448
227813153,0,43.5097,-1.4436
227813153,1,43.5098,-1.4437
227813153,2,43.5098,-1.4437
227813153,3,43.5099,-1.4437
227813153,4,43.5099,-1.4437
227813153,5,43.51,-1.4437
227813153,6,43.5101,-1.4437
227813153,7,43.5102,-1.4437
227813153,8,43.5103,-1.4437
227813153,9,43.5104,-1.4437
227813153,10,43.5106,-1.4438
227813153,11,43.5108,-1.4439
227813153,12,43.5114,-1.4441
227813153,13,43.5114,-1.4441
227813153,14,43.5115,-1.4441
227813153,15,43.5115,-1.4442
227813153,16,43.5118,-1.4459
227813153,17,43.5119,-1.4462
227813153,18,43.512,-1.4462
227813153,19,43.5123,-1.4461
227813153,20,43.5124,-1.446
227813153,21,43.5126,-1.446
227813153,22,43.5129,-1.4461
227813153,23,43.5132,-1.446
227813153,24,43.5137,-1.446
227813153,25,43.5139,-1.446
227813153,26,43.514,-1.446
228549194,0,43.4781,-1.4481
228549194,1,43.478,-1.4489
228549195,0,43.478,-1.4489
228549195,1,43.478,-1.4491
228549195,2,43.478,-1.4494
228549195,3,43.478,-1.4497
228549195,4,43.4779,-1.45
228549195,5,43.4779,-1.4503
228549195,6,43.4778,-1.4506
228549195,7,43.4777,-1.4508
228549195,8,43.4776,-1.4511
228549195,9,43.4774,-1.4513
228549195,10,43.4772,-1.4516
228549195,11,43.477,-1.4518
228549195,12,43.4766,-1.4522
228549195,13,43.4765,-1.4523
230350356,0,43.4978,-1.4952
230350356,1,43.4979,-1.495
230350356,2,43.4979,-1.4949
230350356,3,43.4979,-1.4949
230350584,0,43.4807,-1.4832
230350584,1,43.4807,-1.4832
230350584,2,43.4807,-1.4834
230350584,3,43.4807,-1.4834
230350584,4,43.4806,-1.4837
230350584,5,43.4805,-1.4838
230350584,6,43.4805,-1.484
230350584,7,43.4805,-1.4842
230350584,8,43.4804,-1.4843
230350584,9,43.4804,-1.4845
230350584,10,43.4802,-1.4847
230350584,11,43.4801,-1.4849
230350584,12,43.4801,-1.485
230350584,13,43.4801,-1.485
230350998,0,43.4982,-1.4586
230350998,1,43.4982,-1.4586
230350998,2,43.4983,-1.4584
230350998,3,43.4985,-1.4578
230352078,0,43.4952,-1.4699
230352078,1,43.4952,-1.4699
230352078,2,43.4953,-1.47
230352078,3,43.4954,-1.4701
230352078,4,43.4954,-1.4702
230352078,5,43.4955,-1.4702
231081645,0,43.5133,-1.4843
231081645,1,43.5132,-1.4838
231081645,2,43.5131,-1.4833
231081645,3,43.5131,-1.4833
231081645,4,43.5131,-1.4831
231081645,5,43.5131,-1.483
231081645,6,43.513,-1.4828
231081645,7,43.513,-1.4828
231081645,8,43.513,-1.4827
231081645,9,43.513,-1.4826
231081647,0,43.5138,-1.4843
231081647,1,43.5138,-1.4842
231081647,2,43.5137,-1.4841
231081647,3,43.5136,-1.484
231081647,4,43.5136,-1.4838
231081647,5,43.5136,-1.4836
231081647,6,43.5136,-1.4835
231081647,7,43.5135,-1.4834
231081647,8,43.5134,-1.4833
231081647,9,43.5134,-1.4832
231081647,10,43.5133,-1.4832
231081647,11,43.5131,-1.483
231145703,0,43.4929,-1.4958
231145703,1,43.493,-1.4959
231145703,2,43.493,-1.496
231145703,3,43.493,-1.4961
231145703,4,43.493,-1.4961
231145703,5,43.493,-1.4963
231145703,6,43.493,-1.4964
231145703,7,43.493,-1.4965
231145705,0,43.4928,-1.4956
231145705,1,43.4929,-1.4958
234817189,0,43.494,-1.4534
234817189,1,43.4939,-1.4533
234817189,2,43.4939,-1.4533
234817189,3,43.4939,-1.4532
234817189,4,43.4938,-1.4532
234817189,5,43.4938,-1.4531
234817189,6,43.4935,-1.4531
234817190,0,43.4947,-1.4526
234817190,1,43.4944,-1.4528
234817190,2,43.4942,-1.453
234817190,3,43.4941,-1.453
234817190,4,43.4941,-1.4531
234817190,5,43.494,-1.4534
234860399,0,43.491,-1.474
234860399,1,43.491,-1.474
235386820,0,43.4776,-1.441
235386820,1,43.4778,-1.4416
235386820,2,43.4779,-1.4421
235386820,3,43.4779,-1.4424
235386820,4,43.478,-1.4429
235386820,5,43.478,-1.4435
235386820,6,43.4781,-1.4448
236080626,0,43.4904,-1.478
236080626,1,43.4904,-1.478
236080626,2,43.4905,-1.478
236080626,3,43.4906,-1.4779
236080626,4,43.4907,-1.4779
236080629,0,43.4903,-1.4777
236080629,1,43.4903,-1.4777
236080629,2,43.4904,-1.478
236097600,0,43.4956,-1.4707
236097600,1,43.4955,-1.4708
236097600,2,43.4954,-1.4708
236097600,3,43.4954,-1.4708
236097601,0,43.4967,-1.4749
236097601,1,43.4966,-1.4749
236097601,2,43.4966,-1.4749
236097601,3,43.4966,-1.4749
236455649,0,43.4699,-1.4714
236455649,1,43.4699,-1.4725
236455650,0,43.4697,-1.4725
236455650,1,43.4698,-1.4718
236455650,2,43.4698,-1.4713
236455651,0,43.4698,-1.4713
236455651,1,43.4699,-1.4705
236455652,0,43.4699,-1.4725
236455652,1,43.4697,-1.4737
236455652,2,43.4693,-1.4751
236455652,3,43.4689,-1.4764
236455652,4,43.4687,-1.477
236455652,5,43.4686,-1.4773
236455652,6,43.4684,-1.4778
236455652,7,43.4659,-1.4825
236455665,0,43.471,-1.4699
236455665,1,43.4713,-1.4697
236455665,2,43.4729,-1.4694
236455665,3,43.4734,-1.4693
236455666,0,43.4734,-1.4693
236455666,1,43.4747,-1.469
236455666,2,43.4751,-1.4689
236455666,3,43.4753,-1.4689
236455666,4,43.4754,-1.4689
236455666,5,43.4755,-1.4689
236455666,6,43.4757,-1.469
238944871,0,43.4935,-1.4577
238944871,1,43.4936,-1.4576
238944871,2,43.4937,-1.4576
238944871,3,43.4937,-1.4576
238944871,4,43.4938,-1.4575
238944871,5,43.4938,-1.4574
238944872,0,43.4935,-1.4577
238944872,1,43.4933,-1.4576
238944872,2,43.4933,-1.4576
238944873,0,43.5045,-1.4666
238944873,1,43.5044,-1.4666
238944873,2,43.5044,-1.4666
245606784,0,43.5133,-1.4826
245606784,1,43.513,-1.4826
245606785,0,43.5134,-1.4827
245606785,1,43.5133,-1.4826
245608663,0,43.5094,-1.4727
245608663,1,43.5094,-1.4726
245608663,2,43.5094,-1.4726
245608663,3,43.5095,-1.4726
245608663,4,43.5095,-1.4726
245608663,5,43.5095,-1.4727
245608663,6,43.5095,-1.4727
245608663,7,43.5095,-1.4728
245608663,8,43.5095,-1.4728
245608663,9,43.5094,-1.4728
245608663,10,43.5094,-1.4728
245608663,11,43.5094,-1.4727
245608664,0,43.5094,-1.4726
245608664,1,43.5094,-1.4725
245608664,2,43.5094,-1.4723
245608664,3,43.5095,-1.4721
246117710,0,43.5142,-1.4853
246117710,1,43.5142,-1.4851
246117710,2,43.5143,-1.4851
246117710,3,43.5147,-1.485
256702146,0,43.4754,-1.4916
256702146,1,43.4753,-1.4917
256702146,2,43.4752,-1.4918
256702146,3,43.4752,-1.4919
256702146,4,43.4752,-1.492
256702146,5,43.4752,-1.4921
256702146,6,43.4752,-1.4922
256702146,7,43.4753,-1.4923
256702146,8,43.4754,-1.4925
256702146,9,43.4754,-1.4926
256702146,10,43.4755,-1.4927
256702146,11,43.4755,-1.4927
256702146,12,43.4756,-1.4927
256702146,13,43.4761,-1.4924
262853109,0,43.4499,-1.4936
262853109,1,43.4498,-1.4935
262853110,0,43.4502,-1.4935
262853110,1,43.4501,-1.4936
262853110,2,43.4501,-1.4936
262853110,3,43.4501,-1.4936
262853110,4,43.4501,-1.4936
262853110,5,43.45,-1.4937
262853115,0,43.4499,-1.4933
262853115,1,43.4499,-1.4933
262853115,2,43.45,-1.4932
262853115,3,43.45,-1.4933
262853115,4,43.4501,-1.4933
262853115,5,43.4501,-1.4933
262854089,0,43.4604,-1.4953
262854089,1,43.4606,-1.4953
262854089,2,43.4608,-1.4953
262854089,3,43.4608,-1.4952
262854089,4,43.4609,-1.4952
262854089,5,43.461,-1.4943
262854089,6,43.461,-1.4941
262854089,7,43.4609,-1.494
262854089,8,43.4609,-1.4938
262854089,9,43.4609,-1.4937
262854089,10,43.4608,-1.4936
262854089,11,43.4608,-1.4934
262854089,12,43.4609,-1.4932
262854089,13,43.461,-1.4929
262854089,14,43.461,-1.4929
262854089,15,43.4612,-1.4925
262854089,16,43.4615,-1.4918
262854089,17,43.4615,-1.4916
262854089,18,43.4615,-1.4913
262854089,19,43.4615,-1.491
262854089,20,43.4615,-1.4906
262854089,21,43.4615,-1.4904
262854089,22,43.4614,-1.4902
262854089,23,43.4609,-1.4896
262854089,24,43.4608,-1.4895
262854089,25,43.4605,-1.4894
262854089,26,43.4596,-1.4892
262854089,27,43.4594,-1.4892
262854089,28,43.4593,-1.4891
262854089,29,43.4592,-1.489
262854089,30,43.4589,-1.4888
262854089,31,43.4588,-1.4887
262854089,32,43.4586,-1.4885
262854089,33,43.4584,-1.4883
262854089,34,43.4582,-1.4878
262854089,35,43.4582,-1.4876
262854089,36,43.4582,-1.4874
262854089,37,43.4581,-1.4869
262854089,38,43.4581,-1.4867
262854089,39,43.4581,-1.4867
262854089,40,43.4581,-1.4866
262854089,41,43.4581,-1.4866
262854089,42,43.4581,-1.4866
262854089,43,43.4581,-1.4865
262854090,0,43.4593,-1.4953
262854090,1,43.4594,-1.4954
262854090,2,43.4596,-1.4955
262854090,3,43.4597,-1.4955
262854090,4,43.4598,-1.4955
262854090,5,43.4599,-1.4955
262854090,6,43.4599,-1.4954
262854090,7,43.46,-1.4954
262854090,8,43.4601,-1.4953
262854090,9,43.4602,-1.4952
262854090,10,43.4603,-1.4952
262854090,11,43.4603,-1.4952
262854090,12,43.4604,-1.4952
262854090,13,43.4604,-1.4953
262854092,0,43.4604,-1.4955
262854092,1,43.4604,-1.4954
262854092,2,43.4604,-1.4954
262854092,3,43.4604,-1.4953
262854092,4,43.4604,-1.4953
273905594,0,43.4833,-1.4536
273905594,1,43.4833,-1.4538
273905594,2,43.4833,-1.454
273905594,3,43.4833,-1.4549
273905594,4,43.4833,-1.4552
273905594,5,43.4833,-1.4553
273905594,6,43.4833,-1.4554
273905594,7,43.4833,-1.4554
273905594,8,43.4832,-1.4555
273905594,9,43.4829,-1.4558
273905594,10,43.4827,-1.456
273905594,11,43.4824,-1.4564
273905594,12,43.4824,-1.4564
273905594,13,43.4825,-1.4566
273905594,14,43.4825,-1.4566
276474778,0,43.496,-1.4655
276474778,1,43.4959,-1.4656
276474778,2,43.4958,-1.4657
276474778,3,43.4957,-1.4659
276474778,4,43.4957,-1.466
276474778,5,43.4956,-1.4661
276474778,6,43.4954,-1.4665
276474778,7,43.4953,-1.4666
276474778,8,43.4952,-1.4667
276474778,9,43.4952,-1.4669
276474778,10,43.4952,-1.4669
276474778,11,43.4951,-1.467
276474778,12,43.4951,-1.467
276474778,13,43.4951,-1.4672
276474778,14,43.4951,-1.4673
276474778,15,43.4951,-1.4673
276474778,16,43.495,-1.4673
276474778,17,43.495,-1.4674
276474778,18,43.495,-1.4674
279868549,0,43.4791,-1.459
279868549,1,43.4791,-1.4589
279868549,2,43.479,-1.4588
279868549,3,43.4789,-1.4587
279868549,4,43.4786,-1.4586
279868549,5,43.4784,-1.4584
279868549,6,43.4782,-1.4582
279868549,7,43.4779,-1.4579
279868549,8,43.4778,-1.4579
279868550,0,43.4804,-1.4602
279868550,1,43.4804,-1.4602
279868550,2,43.4804,-1.4602
279868550,3,43.4803,-1.4601
279868550,4,43.4803,-1.4601
279868550,5,43.4803,-1.4601
281830108,0,43.4791,-1.4547
281830108,1,43.4791,-1.4547
281830108,2,43.4791,-1.4547
281830108,3,43.4791,-1.4547
281830108,4,43.4791,-1.4547
281830108,5,43.479,-1.4547
281830108,6,43.479,-1.4547
281830108,7,43.479,-1.4547
281830108,8,43.479,-1.4547
281830108,9,43.479,-1.4546
281830108,10,43.479,-1.4546
281830108,11,43.479,-1.4546
281830108,12,43.479,-1.4546
281830108,13,43.4791,-1.4546
281830108,14,43.4791,-1.4546
281830108,15,43.4791,-1.4546
281830108,16,43.4791,-1.4546
281830108,17,43.4791,-1.4546
281830108,18,43.4791,-1.4546
281830108,19,43.4791,-1.4546
281830108,20,43.4791,-1.4547
281830108,21,43.4791,-1.4547
281830108,22,43.4791,-1.4547
281830108,23,43.4791,-1.4547
281830109,0,43.4792,-1.4542
281830109,1,43.4793,-1.4541
281830109,2,43.4793,-1.454
281830109,3,43.4793,-1.4539
281830109,4,43.4794,-1.4538
281830109,5,43.4795,-1.4536
281830109,6,43.4796,-1.4535
281830109,7,43.4797,-1.4534
281830109,8,43.4798,-1.4532
281830109,9,43.4799,-1.453
281830109,10,43.48,-1.4528
281830109,11,43.48,-1.4528
281830109,12,43.4802,-1.4526
281830109,13,43.4802,-1.4525
281830109,14,43.4803,-1.4523
281830109,15,43.4804,-1.4522
281830109,16,43.4805,-1.4521
281830109,17,43.4805,-1.452
281830109,18,43.4805,-1.4519
282271909,0,43.5039,-1.4526
282271909,1,43.504,-1.4525
282271909,2,43.504,-1.4523
282271909,3,43.5039,-1.4522
282271909,4,43.5039,-1.4522
282271909,5,43.5037,-1.4521
282271909,6,43.5037,-1.4521
282271909,7,43.5036,-1.4521
282271909,8,43.5036,-1.452
282272416,0,43.5115,-1.4408
282272416,1,43.5109,-1.44
282272416,2,43.5109,-1.44
282272416,3,43.5108,-1.44
282272416,4,43.5102,-1.4408
282272416,5,43.5102,-1.4408
282272416,6,43.5101,-1.4408
282272416,7,43.5096,-1.4397
292745348,0,43.4777,-1.4584
292745348,1,43.4778,-1.4585
292745348,2,43.4778,-1.4585
292745348,3,43.4778,-1.4584
292745348,4,43.4779,-1.4584
292745348,5,43.4779,-1.4584
292745348,6,43.478,-1.4585
292745348,7,43.478,-1.4585
292745348,8,43.478,-1.4585
292745348,9,43.4781,-1.4584
292745348,10,43.4782,-1.4582
292745352,0,43.4759,-1.4632
292745352,1,43.4766,-1.4639
292745352,2,43.4766,-1.4639
292745352,3,43.4766,-1.4639
292745352,4,43.4769,-1.4636
292745352,5,43.4769,-1.4636
292745352,6,43.4769,-1.4636
292745352,7,43.4769,-1.4635
292745352,8,43.4764,-1.4626
292745355,0,43.4768,-1.4565
292745355,1,43.4768,-1.4565
292745355,2,43.4767,-1.4564
292745355,3,43.4766,-1.4564
292745355,4,43.4766,-1.4563
292745355,5,43.4766,-1.4563
292745355,6,43.4766,-1.4562
292745355,7,43.4766,-1.4562
292745355,8,43.4767,-1.456
292745355,9,43.4767,-1.4558
301276897,0,43.4781,-1.4527
301276897,1,43.4784,-1.4524
301276897,2,43.4785,-1.4522
301276897,3,43.4787,-1.4521
301276897,4,43.4787,-1.452
301276897,5,43.4788,-1.4519
301276897,6,43.479,-1.4517
301276897,7,43.479,-1.4517
301276897,8,43.4792,-1.4515
301276897,9,43.4792,-1.4515
301276897,10,43.4794,-1.4512
301276897,11,43.4795,-1.4511
301276897,12,43.4795,-1.4512
301276897,13,43.4798,-1.4514
301276897,14,43.4799,-1.4514
301276897,15,43.48,-1.4513
301450682,0,43.4604,-1.4873
301450682,1,43.4605,-1.4874
301450682,2,43.4607,-1.488
301450682,3,43.4609,-1.4884
301450682,4,43.461,-1.4888
301450682,5,43.4612,-1.4893
301450682,6,43.4612,-1.4898
301450682,7,43.4613,-1.49
301450682,8,43.4614,-1.4902
301450682,9,43.4615,-1.4903
301450682,10,43.4615,-1.4904
302588013,0,43.4865,-1.4878
302588013,1,43.4864,-1.4878
302588013,2,43.4864,-1.4877
302588013,3,43.4862,-1.4877
302588014,0,43.4865,-1.4878
302588014,1,43.4867,-1.4869
302588014,2,43.4867,-1.4868
302588014,3,43.4869,-1.4864
302588014,4,43.487,-1.4856
302588014,5,43.4871,-1.4853
302588014,6,43.4873,-1.4844
302588014,7,43.4873,-1.4844
302588014,8,43.4874,-1.4844
304199369,0,43.4938,-1.4949
304199369,1,43.4938,-1.4951
304199529,0,43.4985,-1.4939
304199529,1,43.4985,-1.4941
304199529,2,43.4985,-1.4942
304199530,0,43.4978,-1.4942
304199530,1,43.4978,-1.4939
304199531,0,43.4985,-1.4938
304199531,1,43.4985,-1.4939
309692283,0,43.493,-1.4675
309692283,1,43.493,-1.4676
309692283,2,43.493,-1.4677
309692283,3,43.4931,-1.4678
309692283,4,43.4932,-1.4679
309692283,5,43.4932,-1.468
309692283,6,43.4933,-1.4682
309692283,7,43.4934,-1.4683
309692283,8,43.4937,-1.4687
309692284,0,43.4936,-1.4668
309692284,1,43.4937,-1.4667
309692284,2,43.4939,-1.4664
309692284,3,43.494,-1.4663
309692284,4,43.494,-1.4663
309692285,0,43.4948,-1.4652
309692285,1,43.4946,-1.4649
309692286,0,43.4934,-1.4654
309692286,1,43.4934,-1.4654
309692286,2,43.4937,-1.465
309692286,3,43.4938,-1.4649
309692286,4,43.4938,-1.4649
309692286,5,43.494,-1.4646
309692286,6,43.4942,-1.4644
309692286,7,43.4943,-1.4643
309692286,8,43.4948,-1.4636
309692286,9,43.4948,-1.4636
309692287,0,43.4943,-1.4677
309692287,1,43.4943,-1.4678
309692287,2,43.4942,-1.4678
309692287,3,43.494,-1.4682
309692287,4,43.4939,-1.4683
309692288,0,43.4949,-1.4702
309692288,1,43.4949,-1.4702
309692288,2,43.4948,-1.4702
309698473,0,43.4959,-1.4697
309698473,1,43.4959,-1.4696
309698473,2,43.4959,-1.4695
309705445,0,43.4873,-1.4676
309705445,1,43.4873,-1.4674
309705445,2,43.4873,-1.4672
313541506,0,43.4838,-1.4825
313541506,1,43.4838,-1.4826
313541506,2,43.4837,-1.4828
313541506,3,43.4838,-1.4836
313541506,4,43.4838,-1.4838
313541506,5,43.4838,-1.4839
313541506,6,43.4838,-1.484
313541506,7,43.4838,-1.4844
313541506,8,43.4837,-1.4846
313541506,9,43.4837,-1.4851
313541506,10,43.4837,-1.4851
313541506,11,43.4837,-1.4852
313541507,0,43.4837,-1.4852
313541507,1,43.4836,-1.4852
313541507,2,43.4833,-1.4852
313541507,3,43.4833,-1.4852
313541507,4,43.4832,-1.4852
313541507,5,43.4832,-1.4851
313541507,6,43.4832,-1.485
313541507,7,43.4832,-1.4849
313541507,8,43.4832,-1.4847
313541507,9,43.4832,-1.4846
313541507,10,43.4831,-1.4845
313541507,11,43.483,-1.4843
313541507,12,43.4829,-1.4843
313541507,13,43.4829,-1.4843
313541507,14,43.4829,-1.4843
313541508,0,43.4838,-1.4853
313541508,1,43.4837,-1.4853
313541508,2,43.4837,-1.4853
313541508,3,43.4837,-1.4853
313541508,4,43.4837,-1.4852
313541508,5,43.4837,-1.4852
313541508,6,43.4837,-1.4852
313541508,7,43.4837,-1.4852
313541508,8,43.4837,-1.4852
313541508,9,43.4837,-1.4852
313541508,10,43.4838,-1.4852
313541508,11,43.4838,-1.4852
313541508,12,43.4838,-1.4852
313541508,13,43.4838,-1.4852
313541508,14,43.4838,-1.4852
313541508,15,43.4838,-1.4852
313541508,16,43.4838,-1.4853
313541508,17,43.4838,-1.4853
313541508,18,43.4838,-1.4853
313827589,0,43.4995,-1.4358
313827589,1,43.4996,-1.4358
313827589,2,43.4997,-1.4357
313827589,3,43.4999,-1.4356
313827589,4,43.5,-1.4356
313827589,5,43.5,-1.4356
313827589,6,43.5001,-1.4357
313827589,7,43.5002,-1.4358
313827589,8,43.5003,-1.436
313827589,9,43.5003,-1.4361
313827589,10,43.5004,-1.4362
313827589,11,43.5005,-1.4365
313827589,12,43.5006,-1.4372
313827589,13,43.5006,-1.4372
313827589,14,43.5008,-1.4372
313827761,0,43.4975,-1.4389
313827761,1,43.4975,-1.4389
313827761,2,43.4975,-1.4383
313827761,3,43.4975,-1.4383
313827761,4,43.4975,-1.4382
313827761,5,43.4975,-1.4379
314242482,0,43.4986,-1.4936
314242482,1,43.4985,-1.4937
314242482,2,43.4985,-1.4937
314242482,3,43.4985,-1.4938
318372721,0,43.4768,-1.491
318372721,1,43.4768,-1.491
318372721,2,43.4768,-1.4911
318372721,3,43.4769,-1.4913
318372721,4,43.4769,-1.4913
318372721,5,43.4769,-1.4914
318372721,6,43.477,-1.4915
318372722,0,43.4763,-1.491
318372722,1,43.4764,-1.491
318372722,2,43.4766,-1.491
318372722,3,43.4767,-1.491
318372722,4,43.4768,-1.491
318372722,5,43.4768,-1.491
318373448,0,43.4511,-1.493
318373448,1,43.4517,-1.4933
318373448,2,43.4527,-1.4939
318373448,3,43.4534,-1.4941
318373448,4,43.4536,-1.4942
318373448,5,43.4539,-1.4943
318373448,6,43.4541,-1.4944
318373448,7,43.4544,-1.4945
318373448,8,43.4549,-1.4946
318373448,9,43.4551,-1.4947
318373448,10,43.4558,-1.4949
318373448,11,43.456,-1.495
318373448,12,43.4562,-1.495
318373448,13,43.4565,-1.4951
318373448,14,43.4566,-1.4951
318373448,15,43.4569,-1.4952
318373448,16,43.4571,-1.4953
318373448,17,43.4572,-1.4953
318373448,18,43.4574,-1.4954
318373448,19,43.4577,-1.4954
318373448,20,43.4579,-1.4955
318373448,21,43.4582,-1.4955
318373448,22,43.4585,-1.4956
318373448,23,43.4587,-1.4956
318373448,24,43.4589,-1.4956
318373448,25,43.4591,-1.4957
318373448,26,43.4593,-1.4957
318373448,27,43.4594,-1.4957
318373448,28,43.4594,-1.4957
318373449,0,43.4509,-1.4931
318373449,1,43.45,-1.4927
318377845,0,43.5069,-1.4621
318377845,1,43.5072,-1.462
318377845,2,43.5072,-1.4619
318377938,0,43.5058,-1.4613
318377938,1,43.5058,-1.4615
318377938,2,43.5059,-1.4623
318377938,3,43.5063,-1.4623
318377938,4,43.5066,-1.4623
318377938,5,43.5066,-1.4623
318377938,6,43.5069,-1.4623
318377938,7,43.5069,-1.4622
318378727,0,43.5043,-1.4429
318378727,1,43.5043,-1.443
318378727,2,43.5043,-1.4431
318378727,3,43.5044,-1.4432
318378727,4,43.5044,-1.4433
318378727,5,43.5044,-1.4434
318378727,6,43.5046,-1.4434
318378727,7,43.5046,-1.4434
318378727,8,43.5047,-1.4437
318381214,0,43.4913,-1.4927
318381214,1,43.4913,-1.4928
318381214,2,43.4913,-1.4928
318381214,3,43.4913,-1.4928
318381214,4,43.4915,-1.493
329861592,0,43.5003,-1.4799
329861592,1,43.5004,-1.48
329861592,2,43.5005,-1.4804
329861592,3,43.5006,-1.4806
329861592,4,43.5006,-1.4808
329861593,0,43.4977,-1.4611
329861593,1,43.4978,-1.4611
329861593,2,43.4978,-1.4611
329861593,3,43.4979,-1.4611
329861593,4,43.4979,-1.4611
329861593,5,43.498,-1.461
329861593,6,43.4984,-1.4609
329861593,7,43.4987,-1.4607
329861593,8,43.4989,-1.4606
329861593,9,43.4989,-1.4606
329861593,10,43.499,-1.4606
329861597,0,43.4966,-1.4749
329861597,1,43.4965,-1.4746
329861597,2,43.4965,-1.4744
329861597,3,43.4963,-1.4738
329861597,4,43.4961,-1.4731
329861597,5,43.4959,-1.4725
329861597,6,43.4958,-1.4723
329861597,7,43.4958,-1.4722
332263328,0,43.5326,-1.4319
332263328,1,43.5322,-1.4321
332263328,2,43.5318,-1.4323
332263328,3,43.5314,-1.4326
332263328,4,43.531,-1.433
332263328,5,43.5301,-1.434
332263328,6,43.5297,-1.4345
332263328,7,43.5294,-1.4349
332263328,8,43.5286,-1.4361
332263328,9,43.5281,-1.4367
332263328,10,43.5277,-1.4373
332263328,11,43.5272,-1.4379
332263328,12,43.5268,-1.4383
332263328,13,43.5263,-1.4388
332263328,14,43.5258,-1.4392
332263328,15,43.5249,-1.4399
332263328,16,43.5239,-1.4405
332263328,17,43.5228,-1.441
332263328,18,43.5216,-1.4416
332263328,19,43.5205,-1.4419
332263328,20,43.5194,-1.4422
332263328,21,43.5182,-1.4424
332263328,22,43.517,-1.4426
332263328,23,43.5158,-1.443
332263328,24,43.5147,-1.4434
332263328,25,43.5136,-1.4437
332263328,26,43.5129,-1.4438
332263328,27,43.5123,-1.4438
332263328,28,43.5114,-1.4436
332263328,29,43.5106,-1.4434
332263328,30,43.5105,-1.4434
332263328,31,43.51,-1.4432
332263328,32,43.5098,-1.4431
332263328,33,43.5097,-1.443
332263328,34,43.5095,-1.4429
332263328,35,43.5093,-1.4428
332263328,36,43.509,-1.4426
332263328,37,43.5087,-1.4424
332263328,38,43.5086,-1.4423
332263328,39,43.5079,-1.4418
332263328,40,43.5074,-1.4414
332263328,41,43.507,-1.4411
332263328,42,43.5066,-1.4409
332263328,43,43.5063,-1.4407
332263328,44,43.506,-1.4406
332263328,45,43.5058,-1.4405
332263328,46,43.5055,-1.4404
332263328,47,43.5052,-1.4403
332263328,48,43.505,-1.4402
332263328,49,43.5047,-1.4402
332263328,50,43.5045,-1.4401
332263328,51,43.5043,-1.4401
332263328,52,43.504,-1.4401
332263328,53,43.5038,-1.4401
332263328,54,43.5035,-1.4401
332263328,55,43.5032,-1.4401
332263328,56,43.5029,-1.4402
332263328,57,43.5025,-1.4402
332263328,58,43.5022,-1.4403
332263328,59,43.5017,-1.4405
332263328,60,43.5014,-1.4406
332263328,61,43.5011,-1.4408
332263328,62,43.5007,-1.441
332263328,63,43.5005,-1.4411
332263328,64,43.5002,-1.4414
332263328,65,43.4999,-1.4416
332263328,66,43.4997,-1.4418
332263328,67,43.4995,-1.442
332263328,68,43.4993,-1.4422
332263328,69,43.4991,-1.4425
332263328,70,43.4988,-1.4428
332263328,71,43.4986,-1.4431
332263328,72,43.4983,-1.4435
332263328,73,43.4981,-1.4438
332263328,74,43.4979,-1.4442
332263328,75,43.4976,-1.4449
332263328,76,43.4972,-1.4455
332263328,77,43.4971,-1.4458
332263328,78,43.4969,-1.446
332263328,79,43.4967,-1.4463
332263328,80,43.4965,-1.4466
332263328,81,43.4963,-1.4469
332263328,82,43.4961,-1.4472
332263328,83,43.4958,-1.4475
332263328,84,43.4956,-1.4478
334515799,0,43.4797,-1.5008
334515799,1,43.4797,-1.5007
334515799,2,43.4796,-1.5005
334515799,3,43.4796,-1.5
334515799,4,43.4797,-1.4999
334515799,5,43.4797,-1.4999
334515799,6,43.4797,-1.5008
334515910,0,43.4793,-1.5011
334515910,1,43.4793,-1.5012
334515910,2,43.4793,-1.5012
334515910,3,43.4792,-1.5012
334515910,4,43.4789,-1.5013
334515910,5,43.4786,-1.5013
334515910,6,43.4783,-1.5014
334515910,7,43.4783,-1.5014
334515910,8,43.478,-1.5014
334515910,9,43.4777,-1.5015
334516440,0,43.481,-1.497
334516440,1,43.481,-1.497
334516440,2,43.4809,-1.497
334516440,3,43.4809,-1.4969
334516440,4,43.4809,-1.4969
334516440,5,43.481,-1.4965
334516440,6,43.481,-1.4965
334516440,7,43.481,-1.4965
334516440,8,43.4812,-1.4966
334518304,0,43.4924,-1.4615
334518304,1,43.4927,-1.4615
334518304,2,43.4929,-1.4615
334518304,3,43.4931,-1.4615
334518304,4,43.4932,-1.4615
334518304,5,43.4932,-1.4615
334824964,0,43.4863,-1.4674
334824964,1,43.4862,-1.467
334824964,2,43.4861,-1.4669
334824964,3,43.4861,-1.4667
334824964,4,43.4861,-1.4664
334824964,5,43.4861,-1.4663
334824964,6,43.4861,-1.4662
334825238,0,43.4829,-1.4662
334825238,1,43.4829,-1.4662
334825238,2,43.4828,-1.4662
334825238,3,43.4828,-1.4662
334825238,4,43.4828,-1.4662
334825238,5,43.4827,-1.4662
334825238,6,43.4827,-1.4662
334825238,7,43.4827,-1.4662
334825238,8,43.4827,-1.4661
334825238,9,43.4827,-1.4661
334825238,10,43.4827,-1.466
334825238,11,43.4827,-1.466
334825238,12,43.4827,-1.4659
334825238,13,43.4828,-1.4659
334825238,14,43.4828,-1.4659
334825238,15,43.4828,-1.4659
334825238,16,43.4829,-1.466
334825238,17,43.4829,-1.466
334825238,18,43.4829,-1.4661
334825238,19,43.4829,-1.4661
334825238,20,43.4829,-1.4662
334825239,0,43.4826,-1.4658
334825239,1,43.4824,-1.4657
334825239,2,43.4822,-1.4656
334825239,3,43.4821,-1.4656
334825239,4,43.4821,-1.4656
334825239,5,43.482,-1.4656
334825239,6,43.4819,-1.4656
334825239,7,43.4818,-1.4656
334825239,8,43.4817,-1.4656
334825239,9,43.4816,-1.4656
336306126,0,43.5091,-1.4335
336306126,1,43.5091,-1.4334
336306126,2,43.5091,-1.4334
336306126,3,43.5089,-1.4327
336306126,4,43.5089,-1.4327
336306126,5,43.509,-1.4327
336306126,6,43.509,-1.4326
336306126,7,43.5091,-1.4327
336306126,8,43.5091,-1.4328
336306126,9,43.5092,-1.4332
336306126,10,43.5092,-1.4333
338401543,0,43.5026,-1.4559
338401543,1,43.5026,-1.456
338401543,2,43.5027,-1.456
338401543,3,43.5027,-1.4561
338401543,4,43.5027,-1.4562
338401543,5,43.5026,-1.4563
338401543,6,43.5026,-1.4563
338401543,7,43.5025,-1.4564
338819501,0,43.5095,-1.4637
338819501,1,43.5095,-1.4636
338819501,2,43.5096,-1.4636
338819501,3,43.5097,-1.4636
338819501,4,43.5098,-1.4636
338819501,5,43.5098,-1.4636
338819501,6,43.5099,-1.4637
338819501,7,43.5099,-1.4638
338819501,8,43.5099,-1.4638
338819501,9,43.51,-1.4639
338819501,10,43.51,-1.4641
338982228,0,43.4944,-1.4717
338982228,1,43.4935,-1.4728
338982248,0,43.5078,-1.4878
338982248,1,43.5079,-1.4878
338982248,2,43.508,-1.4878
344604936,0,43.491,-1.4746
344604936,1,43.491,-1.4742
344604936,2,43.491,-1.474
348359994,0,43.5023,-1.4794
348359994,1,43.5022,-1.4793
348359994,2,43.5022,-1.4792
348359994,3,43.5022,-1.4791
348359994,4,43.5022,-1.4791
348359994,5,43.5022,-1.4791
348359994,6,43.5021,-1.479
348359995,0,43.5023,-1.4794
348359995,1,43.5023,-1.4799
348359995,2,43.5023,-1.48
348359995,3,43.5023,-1.4801
348359995,4,43.5023,-1.4802
348359995,5,43.5022,-1.4803
348359995,6,43.5022,-1.4804
348359995,7,43.5022,-1.4805
348359995,8,43.5021,-1.4806
348359995,9,43.502,-1.4807
348359995,10,43.502,-1.4808
348359995,11,43.502,-1.4809
348359995,12,43.502,-1.4809
348359995,13,43.5019,-1.481
348360341,0,43.5019,-1.4566
348360341,1,43.502,-1.4565
348360341,2,43.502,-1.4563
348360341,3,43.5021,-1.4562
348360342,0,43.5023,-1.4563
348360342,1,43.5022,-1.4563
348360342,2,43.5022,-1.4563
348360342,3,43.5021,-1.4563
348360342,4,43.5021,-1.4564
348360342,5,43.5021,-1.4564
348360342,6,43.5021,-1.4564
350624185,0,43.4894,-1.4819
350624185,1,43.4894,-1.4819
350624185,2,43.4894,-1.4819
350624185,3,43.4893,-1.482
350624185,4,43.4893,-1.4822
350624185,5,43.4893,-1.4822
350624188,0,43.49,-1.4816
350624188,1,43.4904,-1.4815
350624188,2,43.4908,-1.4813
350624188,3,43.4909,-1.4812
350624188,4,43.4909,-1.4812
350624188,5,43.4909,-1.4811
351178081,0,43.4592,-1.4971
351178081,1,43.4593,-1.4972
351178081,2,43.4593,-1.4972
351178081,3,43.4593,-1.4972
351178081,4,43.4593,-1.4972
351178081,5,43.4596,-1.4971
352267677,0,43.4907,-1.4867
352267677,1,43.4907,-1.4866
352267677,2,43.4906,-1.4865
352267677,3,43.4906,-1.4861
352267677,4,43.4905,-1.4853
352267677,5,43.4905,-1.4852
352267677,6,43.4905,-1.4851
352267677,7,43.4905,-1.485
352267677,8,43.4905,-1.4849
352267677,9,43.4903,-1.484
352267677,10,43.4903,-1.4838
352267677,11,43.4903,-1.4835
352267677,12,43.4903,-1.4832
352267677,13,43.4902,-1.4826
352267677,14,43.4901,-1.4823
352267677,15,43.4901,-1.4821
352267677,16,43.4901,-1.4819
352268249,0,43.496,-1.4923
352268249,1,43.4959,-1.4912
352268380,0,43.4975,-1.4894
352268380,1,43.4978,-1.4902
352268380,2,43.4978,-1.4903
352268380,3,43.4979,-1.4906
352268380,4,43.498,-1.4909
352268459,0,43.4961,-1.4829
352268459,1,43.4958,-1.482
352268623,0,43.4904,-1.4705
352268623,1,43.4904,-1.4704
352268623,2,43.4906,-1.4702
352268623,3,43.4906,-1.4701
352268623,4,43.4907,-1.47
352268623,5,43.4907,-1.4699
352268623,6,43.4908,-1.4699
352268623,7,43.4909,-1.4698
352268623,8,43.4909,-1.4698
352268623,9,43.4909,-1.4697
352269417,0,43.4878,-1.4673
352269417,1,43.4878,-1.4673
352269417,2,43.4879,-1.4672
352269417,3,43.488,-1.4668
352269417,4,43.488,-1.4667
352269417,5,43.488,-1.4666
352269417,6,43.4879,-1.4666
352269417,7,43.4878,-1.4667
352269417,8,43.4877,-1.4668
352269417,9,43.4876,-1.4669
352269417,10,43.4875,-1.4669
352269417,11,43.4875,-1.4669
352269417,12,43.4875,-1.4669
352269727,0,43.4847,-1.4698
352269727,1,43.4847,-1.4702
352269727,2,43.4841,-1.4707
352269727,3,43.4841,-1.4707
352269727,4,43.4841,-1.4707
352269727,5,43.4841,-1.4707
352269727,6,43.4841,-1.4706
352269727,7,43.4841,-1.4703
352269727,8,43.4841,-1.4701
352269727,9,43.4841,-1.47
352269727,10,43.4841,-1.4699
352269727,11,43.4841,-1.4698
352269727,12,43.484,-1.4697
352269727,13,43.4837,-1.4694
352269727,14,43.4833,-1.469
352269727,15,43.4832,-1.4689
352269727,16,43.4832,-1.4686
352269727,17,43.4831,-1.4685
352616817,0,43.477,-1.4983
352616817,1,43.4772,-1.4983
352616817,2,43.4772,-1.4983
352616817,3,43.4772,-1.4989
352616817,4,43.4773,-1.499
352616817,5,43.4773,-1.499
352619990,0,43.4854,-1.4935
352619990,1,43.4854,-1.4936
352619990,2,43.4854,-1.4937
352619990,3,43.4853,-1.494
352619990,4,43.4852,-1.4944
352619990,5,43.4852,-1.4945
352751789,0,43.4986,-1.461
352751789,1,43.4986,-1.461
352751789,2,43.4987,-1.4616
352751791,0,43.4985,-1.462
352751791,1,43.4987,-1.462
352751791,2,43.4988,-1.4619
352751791,3,43.4988,-1.4616
352751791,4,43.4987,-1.4616
352751791,5,43.4985,-1.4616
352752569,0,43.5033,-1.4638
352752569,1,43.5033,-1.4637
352752569,2,43.5033,-1.4637
352752569,3,43.5033,-1.4637
352752569,4,43.5033,-1.4636
352752569,5,43.5034,-1.4636
352752569,6,43.5034,-1.4635
352752569,7,43.5034,-1.4635
352752569,8,43.5034,-1.4634
352752569,9,43.5034,-1.4634
352752569,10,43.5035,-1.4633
352752569,11,43.5035,-1.4632
352752569,12,43.5036,-1.4632
352752569,13,43.5037,-1.4631
354944149,0,43.4932,-1.4941
354944149,1,43.4931,-1.494
354944149,2,43.4931,-1.4939
354944153,0,43.4906,-1.4817
354944153,1,43.4908,-1.4814
354944153,2,43.4909,-1.4813
354944153,3,43.4909,-1.4813
354944153,4,43.491,-1.4813
354944153,5,43.491,-1.4812
354944153,6,43.4911,-1.4812
357216268,0,43.476,-1.5008
357216268,1,43.4765,-1.5007
357216269,0,43.4765,-1.5007
357216269,1,43.4763,-1.5011
357472941,0,43.4885,-1.4653
357472941,1,43.4884,-1.4653
357472941,2,43.4884,-1.4652
357472941,3,43.4884,-1.4651
357472941,4,43.4882,-1.4649
357472941,5,43.4881,-1.4647
357472941,6,43.4879,-1.4643
357472941,7,43.4879,-1.4642
358502874,0,43.4862,-1.489
358502874,1,43.4862,-1.4889
358502874,2,43.4865,-1.4878
358502875,0,43.4864,-1.4785
358502875,1,43.4863,-1.4781
358502875,2,43.4863,-1.4779
358502875,3,43.4862,-1.4778
358502875,4,43.4862,-1.4777
358502875,5,43.4862,-1.4777
358502875,6,43.4861,-1.4776
358502875,7,43.4861,-1.4776
358502875,8,43.486,-1.4776
358502876,0,43.486,-1.4776
358502876,1,43.4861,-1.4775
358502876,2,43.4862,-1.4775
358502876,3,43.4862,-1.4774
358502876,4,43.4862,-1.4774
358502876,5,43.4862,-1.477
358502877,0,43.4863,-1.4712
358502877,1,43.4863,-1.4713
358502877,2,43.4862,-1.4714
358502877,3,43.4862,-1.4715
358502877,4,43.4862,-1.4716
358502877,5,43.4862,-1.4717
358645778,0,43.4814,-1.4826
358645778,1,43.4816,-1.4826
358645778,2,43.4816,-1.4826
358645778,3,43.4818,-1.4826
358645779,0,43.4818,-1.4826
358645779,1,43.4819,-1.4826
358645779,2,43.482,-1.4826
358645779,3,43.4823,-1.4825
358645781,0,43.4813,-1.482
358645781,1,43.4813,-1.4824
358645781,2,43.4813,-1.4824
358645781,3,43.4813,-1.4824
358645781,4,43.4814,-1.4826
358645782,0,43.4814,-1.4826
358645782,1,43.4814,-1.4827
358645782,2,43.4814,-1.4828
358645782,3,43.4815,-1.4829
358645785,0,43.4841,-1.4664
358645785,1,43.4841,-1.4664
358645785,2,43.4843,-1.4663
358680711,0,43.4858,-1.4918
358680711,1,43.487,-1.4923
358680711,2,43.4877,-1.4926
358680711,3,43.4878,-1.4926
358680711,4,43.4882,-1.4926
358680711,5,43.4884,-1.4926
358680711,6,43.4886,-1.4927
358680711,7,43.4888,-1.4927
358680711,8,43.4888,-1.4928
358680711,9,43.4892,-1.4932
358680711,10,43.4896,-1.4938
358680711,11,43.4896,-1.4938
360604615,0,43.4913,-1.4918
360604615,1,43.4915,-1.4918
360604615,2,43.4915,-1.4917
360604616,0,43.4914,-1.4916
360604616,1,43.4914,-1.4916
360604616,2,43.4913,-1.4915
360604616,3,43.4914,-1.4915
360604616,4,43.4914,-1.4915
360604616,5,43.4915,-1.4912
360604616,6,43.4915,-1.491
360604616,7,43.4915,-1.491
360604617,0,43.4904,-1.491
360604617,1,43.4905,-1.4912
360604617,2,43.4905,-1.4913
360604617,3,43.4906,-1.4913
360604617,4,43.4906,-1.4914
360604617,5,43.4907,-1.4914
360604617,6,43.4907,-1.4914
360604617,7,43.491,-1.4915
360604617,8,43.4913,-1.4916
360604617,9,43.4914,-1.4916
360608795,0,43.4983,-1.4923
360608795,1,43.4983,-1.4921
360608795,2,43.4983,-1.4915
360608795,3,43.4982,-1.4912
360608795,4,43.4982,-1.4911
360608797,0,43.4982,-1.4911
360608797,1,43.4982,-1.491
360608797,2,43.4982,-1.4908
360608799,0,43.4982,-1.4908
360608799,1,43.4981,-1.4905
360608799,2,43.498,-1.4903
360608799,3,43.498,-1.4901
360608799,4,43.4979,-1.4899
360608799,5,43.4978,-1.4896
360608799,6,43.4977,-1.4891
360608799,7,43.4975,-1.4889
360608799,8,43.4975,-1.4887
360608799,9,43.4973,-1.4884
360608799,10,43.4972,-1.488
360608799,11,43.4971,-1.4877
360608799,12,43.4969,-1.4873
360608799,13,43.4967,-1.4869
360608799,14,43.4966,-1.4865
360608799,15,43.4964,-1.4861
360608799,16,43.4963,-1.4857
360608799,17,43.4962,-1.4854
360608799,18,43.4961,-1.4854
360608799,19,43.4961,-1.4852
360608801,0,43.4982,-1.4908
360608801,1,43.4982,-1.4907
360608801,2,43.4983,-1.4906
360608801,3,43.4991,-1.4899
360608803,0,43.4961,-1.4852
360608803,1,43.496,-1.4851
360608803,2,43.4959,-1.4847
360608805,0,43.4953,-1.4824
360608805,1,43.4952,-1.4823
360608807,0,43.4963,-1.4817
360608807,1,43.4962,-1.4817
360608807,2,43.4959,-1.4819
360608807,3,43.4959,-1.482
360608807,4,43.4958,-1.482
360608807,5,43.4958,-1.482
360608807,6,43.4954,-1.4823
360608807,7,43.4953,-1.4823
360608807,8,43.4953,-1.4824
360608809,0,43.4962,-1.4815
360608809,1,43.4962,-1.4813
360608812,0,43.4948,-1.4782
360608812,1,43.4949,-1.4781
360608812,2,43.495,-1.4781
360608812,3,43.495,-1.4782
360608812,4,43.4951,-1.4782
360608812,5,43.4951,-1.4782
360608812,6,43.4952,-1.4783
360608814,0,43.4948,-1.4782
360608814,1,43.4947,-1.4781
360608814,2,43.4946,-1.478
360608814,3,43.4946,-1.4778
360608818,0,43.4931,-1.4728
360608818,1,43.4931,-1.4727
360608818,2,43.493,-1.4726
360608823,0,43.493,-1.4725
360608823,1,43.493,-1.4726
360758504,0,43.5024,-1.4484
360758504,1,43.5023,-1.4485
360758504,2,43.5023,-1.4485
360758504,3,43.5023,-1.4485
360758504,4,43.5022,-1.4485
360758504,5,43.5022,-1.4485
360758504,6,43.5022,-1.4484
360758504,7,43.5021,-1.4484
360758504,8,43.5021,-1.4483
360758504,9,43.5021,-1.4482
360758504,10,43.5021,-1.4482
360758504,11,43.5021,-1.4481
360758504,12,43.5021,-1.4481
360758504,13,43.5022,-1.4481
360758504,14,43.5022,-1.448
360758504,15,43.5023,-1.448
360758504,16,43.5023,-1.448
360758504,17,43.5023,-1.448
360758504,18,43.5024,-1.4481
360758504,19,43.5024,-1.4481
360758504,20,43.5024,-1.4482
360758504,21,43.5024,-1.4482
360758504,22,43.5024,-1.4483
360758504,23,43.5024,-1.4483
360758504,24,43.5024,-1.4484
360758504,25,43.5024,-1.4484
360758504,26,43.5024,-1.4484
360758507,0,43.5018,-1.4675
360758507,1,43.5018,-1.4675
360758507,2,43.5014,-1.4673
360758509,0,43.4955,-1.4702
360758509,1,43.4953,-1.4705
360758509,2,43.4953,-1.4705
360758509,3,43.4953,-1.4706
360758510,0,43.4946,-1.4683
360758510,1,43.4947,-1.4683
360758510,2,43.4947,-1.4683
360758510,3,43.4947,-1.4683
360758512,0,43.4943,-1.4677
360758512,1,43.4943,-1.4678
360758512,2,43.4944,-1.468
360758513,0,43.4905,-1.4618
360758513,1,43.4904,-1.4618
360758513,2,43.4904,-1.4618
360758513,3,43.4903,-1.4619
360758513,4,43.4901,-1.462
360758514,0,43.4901,-1.4536
360758514,1,43.4901,-1.4535
360758514,2,43.4901,-1.4534
360781873,0,43.4904,-1.4633
360781873,1,43.4904,-1.4633
360781873,2,43.4901,-1.463
361549923,0,43.4901,-1.462
361549923,1,43.4901,-1.462
361549923,2,43.49,-1.4621
361549923,3,43.4898,-1.4622
361549923,4,43.4898,-1.4623
361549923,5,43.4898,-1.4623
361549923,6,43.4897,-1.4623
361549923,7,43.4896,-1.4624
361549923,8,43.4894,-1.4623
361549923,9,43.4892,-1.4622
361549923,10,43.4889,-1.462
361549923,11,43.4886,-1.4616
361549923,12,43.4882,-1.4611
361549923,13,43.4881,-1.4608
361549923,14,43.488,-1.4607
364193920,0,43.4879,-1.4822
364193920,1,43.4879,-1.482
364193920,2,43.4879,-1.4819
364193920,3,43.488,-1.4818
364193920,4,43.4881,-1.4818
364193920,5,43.4882,-1.4817
364193920,6,43.4883,-1.4817
364633955,0,43.4869,-1.4771
364633955,1,43.487,-1.4769
364633955,2,43.4871,-1.4768
364633955,3,43.4871,-1.4768
364633955,4,43.4871,-1.4767
364633955,5,43.487,-1.4764
364633956,0,43.4921,-1.4957
364633956,1,43.4921,-1.4956
364633956,2,43.4921,-1.4956
364633956,3,43.4921,-1.4955
364633956,4,43.4921,-1.4955
364633956,5,43.4921,-1.4954
364633961,0,43.4959,-1.4697
364633961,1,43.4959,-1.4698
364633961,2,43.4958,-1.4698
364633961,3,43.4958,-1.4699
364633961,4,43.4956,-1.47
366017979,0,43.4904,-1.4633
366017979,1,43.4905,-1.4635
366017979,2,43.4907,-1.4638
366017979,3,43.4909,-1.4639
366017979,4,43.491,-1.464
366017979,5,43.4911,-1.4643
366017979,6,43.4913,-1.4644
367998175,0,43.4803,-1.4601
367998175,1,43.4802,-1.4601
367998175,2,43.4801,-1.46
367998175,3,43.4801,-1.4599
367998175,4,43.4798,-1.4597
367998175,5,43.4796,-1.4596
367998175,6,43.4796,-1.4595
367998175,7,43.4795,-1.4595
367998175,8,43.4795,-1.4594
367998175,9,43.4795,-1.4594
367998175,10,43.4792,-1.459
367998175,11,43.4791,-1.459
369248787,0,43.4894,-1.4681
369248787,1,43.4893,-1.4681
369248787,2,43.4891,-1.468
369248787,3,43.4891,-1.468
369248787,4,43.4888,-1.4679
369248787,5,43.4887,-1.4678
369248787,6,43.4886,-1.4678
369248787,7,43.4885,-1.4677
369248787,8,43.4881,-1.4674
369248788,0,43.4902,-1.4673
369248788,1,43.4899,-1.4671
369248788,2,43.4896,-1.4669
369248788,3,43.4896,-1.4669
369248788,4,43.4895,-1.4668
369248788,5,43.4894,-1.4667
369248788,6,43.4894,-1.4667
369248788,7,43.4893,-1.4667
369248788,8,43.4893,-1.4666
369248788,9,43.4892,-1.4665
369248788,10,43.4891,-1.4664
369248788,11,43.4891,-1.4663
369248788,12,43.4887,-1.4657
369248788,13,43.4885,-1.4653
369248789,0,43.4902,-1.4673
369248789,1,43.4903,-1.4674
369248789,2,43.4903,-1.4674
369248789,3,43.4904,-1.4675
369249610,0,43.4879,-1.4642
369249610,1,43.4878,-1.4642
369249611,0,43.4879,-1.4641
369249611,1,43.4879,-1.4642
369249612,0,43.4877,-1.4639
369249612,1,43.4876,-1.4636
369249612,2,43.4875,-1.4634
369249612,3,43.4874,-1.4633
369249612,4,43.4874,-1.4632
369249612,5,43.4872,-1.463
369249612,6,43.4871,-1.4629
369249612,7,43.4866,-1.4622
369249612,8,43.4865,-1.4619
369249612,9,43.4864,-1.4617
369249612,10,43.4863,-1.4614
369249612,11,43.4862,-1.4614
369249612,12,43.4862,-1.4613
369249612,13,43.4861,-1.4612
369249612,14,43.486,-1.4611
369249612,15,43.4858,-1.4609
369249612,16,43.4857,-1.4607
369249612,17,43.4856,-1.4605
369249612,18,43.4856,-1.4604
369249612,19,43.4855,-1.4603
369249612,20,43.4855,-1.4602
369249612,21,43.4854,-1.4599
369249612,22,43.4854,-1.4598
369249612,23,43.4853,-1.4597
369249612,24,43.4853,-1.4596
369249612,25,43.4851,-1.4593
369249612,26,43.485,-1.4591
369249613,0,43.4877,-1.4639
369249613,1,43.4878,-1.4639
369249937,0,43.485,-1.4591
369249937,1,43.4849,-1.459
369249937,2,43.4848,-1.4589
369249938,0,43.4848,-1.4588
369249938,1,43.4849,-1.4589
369249938,2,43.485,-1.4591
369249939,0,43.4847,-1.4584
369249939,1,43.4845,-1.4576
369249939,2,43.4844,-1.4574
369249939,3,43.4843,-1.4572
369249939,4,43.4842,-1.457
369249939,5,43.4839,-1.4566
369249939,6,43.4839,-1.4564
369249939,7,43.4838,-1.4563
369249939,8,43.4838,-1.456
369249939,9,43.4837,-1.4555
369249939,10,43.4836,-1.4551
369249939,11,43.4836,-1.4549
369249939,12,43.4835,-1.4546
369249939,13,43.4835,-1.4542
369249939,14,43.4835,-1.4538
369249939,15,43.4835,-1.4537
369249939,16,43.4836,-1.4536
369249940,0,43.4847,-1.4584
369249940,1,43.4847,-1.4586
369249940,2,43.4848,-1.4587
369334082,0,43.5006,-1.4808
369334082,1,43.5006,-1.481
369334082,2,43.5006,-1.4811
369334082,3,43.5006,-1.4812
369334083,0,43.5005,-1.4812
369334083,1,43.5005,-1.4811
369334083,2,43.5005,-1.4811
369334083,3,43.5006,-1.481
369334083,4,43.5006,-1.4808
369334084,0,43.5,-1.4816
369334084,1,43.5002,-1.4814
369334084,2,43.5004,-1.4813
369334084,3,43.5005,-1.4812
369334085,0,43.5005,-1.4814
369334085,1,43.5004,-1.4814
369334085,2,43.5004,-1.4814
369334085,3,43.5003,-1.4814
369334085,4,43.5002,-1.4815
369334085,5,43.5,-1.4816
369334086,0,43.5006,-1.4813
369334086,1,43.5007,-1.4813
369334086,2,43.5007,-1.4813
369334086,3,43.5008,-1.4814
369334086,4,43.5009,-1.4815
369334086,5,43.501,-1.4816
369334086,6,43.5012,-1.4819
369335409,0,43.4994,-1.4896
369335409,1,43.4991,-1.489
369335409,2,43.4991,-1.4889
369335409,3,43.499,-1.4887
369335409,4,43.4989,-1.4886
369335409,5,43.4986,-1.4879
369335409,6,43.4986,-1.4878
369335409,7,43.4984,-1.4875
369337562,0,43.4938,-1.4945
369337562,1,43.4938,-1.4944
369337562,2,43.4938,-1.4943
369337562,3,43.4938,-1.4943
369337562,4,43.4938,-1.4943
369337563,0,43.4941,-1.4948
369337563,1,43.4945,-1.4947
369337563,2,43.4954,-1.4944
369337563,3,43.4956,-1.4944
369337563,4,43.4959,-1.4943
369337563,5,43.4962,-1.4942
369337563,6,43.4964,-1.4941
369337563,7,43.4967,-1.494
369337563,8,43.4969,-1.4939
369337563,9,43.497,-1.4939
369337563,10,43.4975,-1.4938
369337563,11,43.4976,-1.4937
369337563,12,43.4977,-1.4937
369337564,0,43.4941,-1.4948
369337564,1,43.4941,-1.4948
369337564,2,43.494,-1.4948
369337564,3,43.4939,-1.4948
369337564,4,43.4939,-1.4948
369337565,0,43.4938,-1.4949
369337565,1,43.4938,-1.4948
369337565,2,43.4938,-1.4948
369337566,0,43.4935,-1.4914
369337566,1,43.4936,-1.4914
369337566,2,43.4937,-1.4915
369337567,0,43.4936,-1.4916
369337567,1,43.4936,-1.4915
369337567,2,43.4935,-1.4915
369337567,3,43.4935,-1.4914
369337649,0,43.4939,-1.4916
369337649,1,43.4941,-1.4916
369337649,2,43.4941,-1.4916
369337650,0,43.4939,-1.4916
369337650,1,43.4938,-1.4916
369337650,2,43.4938,-1.4916
369337650,3,43.4938,-1.4916
369338095,0,43.493,-1.4883
369338095,1,43.493,-1.4883
369338095,2,43.493,-1.4883
369338095,3,43.493,-1.4883
369338095,4,43.493,-1.4883
369338095,5,43.493,-1.4883
369338095,6,43.493,-1.4883
369338095,7,43.493,-1.4883
369338095,8,43.4929,-1.4883
369338095,9,43.4929,-1.4882
369338095,10,43.493,-1.4882
369338095,11,43.493,-1.4882
369338095,12,43.493,-1.4882
369338095,13,43.493,-1.4882
369338095,14,43.493,-1.4882
369338095,15,43.493,-1.4882
369338095,16,43.493,-1.4882
369338095,17,43.4931,-1.4882
369338095,18,43.4931,-1.4883
369338095,19,43.493,-1.4883
369408200,0,43.4932,-1.4972
369408200,1,43.4931,-1.4971
369408200,2,43.4929,-1.497
369408200,3,43.4925,-1.4968
369408200,4,43.4923,-1.4966
369408479,0,43.4923,-1.4966
369408479,1,43.4921,-1.4964
369408479,2,43.492,-1.4962
369408480,0,43.4905,-1.4939
369408480,1,43.4904,-1.4937
369408480,2,43.4903,-1.4935
369409131,0,43.4937,-1.4937
369409131,1,43.4936,-1.4928
369409131,2,43.4935,-1.4924
369409131,3,43.4935,-1.4923
369409131,4,43.4935,-1.4923
369409131,5,43.4935,-1.4921
369409131,6,43.4935,-1.492
369409131,7,43.4935,-1.492
369409131,8,43.4935,-1.4919
369409131,9,43.4936,-1.4918
369409131,10,43.4936,-1.4917
369409131,11,43.4936,-1.4916
369409131,12,43.4936,-1.4916
369409132,0,43.4938,-1.494
369409132,1,43.4937,-1.4937
369412535,0,43.4952,-1.4823
369412535,1,43.4951,-1.4817
369412535,2,43.4951,-1.4816
369412535,3,43.495,-1.4814
369412535,4,43.495,-1.4813
369412535,5,43.4951,-1.4812
369412535,6,43.4951,-1.481
369412535,7,43.4952,-1.4809
369412535,8,43.4953,-1.4808
369412535,9,43.4956,-1.4804
369412535,10,43.4956,-1.4804
369412535,11,43.4957,-1.4804
369412535,12,43.4958,-1.4802
369428247,0,43.4964,-1.482
369428247,1,43.4967,-1.4829
369571624,0,43.4712,-1.4876
369571624,1,43.4708,-1.488
369571624,2,43.4704,-1.4882
369574256,0,43.4928,-1.4589
369574256,1,43.493,-1.4589
369574256,2,43.4933,-1.4587
369574257,0,43.4944,-1.458
369574257,1,43.4947,-1.4578
369574257,2,43.4949,-1.4576
369574257,3,43.495,-1.4575
369574257,4,43.4951,-1.4573
369574257,5,43.4953,-1.4571
369574257,6,43.4955,-1.4568
369574257,7,43.4956,-1.4567
369574257,8,43.4956,-1.4567
369574257,9,43.4957,-1.4566
369574257,10,43.4958,-1.4564
369574257,11,43.4959,-1.4564
369574257,12,43.4961,-1.4563
369574257,13,43.4961,-1.4562
369574257,14,43.4962,-1.4562
369574257,15,43.4963,-1.4562
369574257,16,43.4964,-1.4562
369574257,17,43.4965,-1.4562
369574257,18,43.4966,-1.4562
369574257,19,43.4967,-1.4562
369574257,20,43.4969,-1.4562
369574260,0,43.4928,-1.4569
369574260,1,43.4927,-1.4567
369574260,2,43.4926,-1.4566
369574260,3,43.4918,-1.4552
369574260,4,43.4918,-1.455
369574261,0,43.4936,-1.4595
369574261,1,43.4937,-1.4591
369574261,2,43.4937,-1.459
369574262,0,43.4938,-1.4574
369574262,1,43.4938,-1.4573
369574263,0,43.4938,-1.4578
369574263,1,43.4938,-1.4577
369574263,2,43.4938,-1.4576
369574264,0,43.4938,-1.4573
369574264,1,43.4938,-1.457
369574264,2,43.4939,-1.4566
369574264,3,43.4939,-1.4563
369574264,4,43.4939,-1.4557
369574264,5,43.4939,-1.4549
369574608,0,43.4947,-1.4526
369574608,1,43.4949,-1.4524
369574608,2,43.496,-1.4513
369574609,0,43.4935,-1.4531
369574609,1,43.4939,-1.4529
369574609,2,43.494,-1.4529
369574610,0,43.494,-1.4534
369574610,1,43.494,-1.4531
369574610,2,43.494,-1.4529
369575002,0,43.4938,-1.4515
369575002,1,43.4938,-1.4511
369575003,0,43.4937,-1.451
369575003,1,43.4937,-1.4508
369575003,2,43.4935,-1.4504
369575003,3,43.4933,-1.45
369575003,4,43.4932,-1.4498
369575003,5,43.4932,-1.4497
369575004,0,43.4938,-1.4511
369575004,1,43.4939,-1.4515
369575005,0,43.4939,-1.4515
369575005,1,43.4938,-1.4515
369575005,2,43.4938,-1.4515
369575006,0,43.4912,-1.4522
369575006,1,43.4911,-1.4529
369575883,0,43.5029,-1.4539
369575883,1,43.5034,-1.4523
369575883,2,43.5034,-1.4522
369575883,3,43.5034,-1.4521
369575884,0,43.5021,-1.457
369575884,1,43.5023,-1.4569
369575884,2,43.5023,-1.4569
369575884,3,43.5024,-1.4568
369575884,4,43.5024,-1.4567
369575885,0,43.5017,-1.4567
369575885,1,43.5018,-1.4567
369575885,2,43.5019,-1.4566
369575885,3,43.5019,-1.4566
369575886,0,43.4912,-1.4512
369575886,1,43.4912,-1.4522
369578031,0,43.5037,-1.4703
369578031,1,43.5037,-1.4701
369578031,2,43.5037,-1.47
369578031,3,43.5036,-1.4697
369578031,4,43.5036,-1.4693
369578031,5,43.5036,-1.4692
369578031,6,43.5036,-1.4691
369578035,0,43.5036,-1.4691
369578035,1,43.5036,-1.4686
369578035,2,43.5036,-1.4684
369578035,3,43.5036,-1.4683
369578037,0,43.5035,-1.4679
369578037,1,43.5036,-1.4678
369578037,2,43.5038,-1.4677
369578042,0,43.5035,-1.4677
369578042,1,43.5036,-1.4675
369578044,0,43.5035,-1.4662
369578044,1,43.5034,-1.4651
369578044,2,43.5034,-1.4645
369578046,0,43.5033,-1.468
369578046,1,43.5031,-1.4679
369578046,2,43.5026,-1.4678
369578050,0,43.5026,-1.4678
369578050,1,43.5023,-1.4676
369578050,2,43.5021,-1.4675
369578050,3,43.502,-1.4675
369713607,0,43.4914,-1.4775
369713607,1,43.4915,-1.4774
369713607,2,43.4916,-1.4773
369713607,3,43.4916,-1.4773
370033310,0,43.4754,-1.4554
370033310,1,43.4753,-1.4553
370033310,2,43.4753,-1.4553
370033310,3,43.4751,-1.4552
370033310,4,43.4751,-1.4552
370033313,0,43.4751,-1.4552
370033313,1,43.4752,-1.4552
370033313,2,43.4754,-1.4553
370033317,0,43.474,-1.4532
370033317,1,43.474,-1.4533
370033317,2,43.474,-1.454
370033317,3,43.474,-1.4542
370033317,4,43.4741,-1.4543
370033317,5,43.4741,-1.4543
370033317,6,43.4741,-1.4544
370033317,7,43.4742,-1.4545
370033317,8,43.4742,-1.4546
370033317,9,43.4743,-1.4547
370033317,10,43.4743,-1.4547
370033324,0,43.4757,-1.469
370033324,1,43.4757,-1.469
370033324,2,43.4762,-1.4689
370033324,3,43.4764,-1.4689
370033324,4,43.4766,-1.4689
370033324,5,43.4767,-1.4689
370033324,6,43.4767,-1.4688
370033324,7,43.4767,-1.4688
370033324,8,43.4767,-1.4688
370033324,9,43.4767,-1.4687
370033324,10,43.4766,-1.4686
370033324,11,43.4766,-1.4685
370033324,12,43.4766,-1.4685
370033351,0,43.4598,-1.4804
370033351,1,43.4598,-1.4804
370033351,2,43.4597,-1.4804
370033351,3,43.4596,-1.4801
370033351,4,43.4592,-1.4797
370033351,5,43.459,-1.4794
370033351,6,43.4586,-1.4791
370033351,7,43.4585,-1.4789
370033351,8,43.4585,-1.4788
370033351,9,43.4585,-1.4788
370033351,10,43.4584,-1.4788
370033351,11,43.4585,-1.4782
370033351,12,43.4585,-1.4779
370033351,13,43.4585,-1.4778
370033351,14,43.4584,-1.4776
370033351,15,43.4584,-1.4774
370033351,16,43.4584,-1.4766
370033351,17,43.4584,-1.4763
370033351,18,43.4584,-1.4761
370033351,19,43.4583,-1.4759
370033351,20,43.4583,-1.4757
370033351,21,43.4581,-1.4752
370033351,22,43.4581,-1.4751
370033351,23,43.458,-1.475
370033351,24,43.4578,-1.4748
370033351,25,43.4576,-1.4745
370033351,26,43.4575,-1.4745
370033351,27,43.4575,-1.4745
370033351,28,43.4574,-1.4745
370033351,29,43.4573,-1.4745
370033351,30,43.4572,-1.4745
370033351,31,43.4572,-1.4745
370033351,32,43.4572,-1.4744
370039820,0,43.4836,-1.4536
370039820,1,43.4836,-1.4531
370039820,2,43.4837,-1.453
370039820,3,43.4839,-1.4519
370039820,4,43.4839,-1.4518
370039820,5,43.4841,-1.4508
370039820,6,43.4841,-1.4507
370039820,7,43.4841,-1.4506
370039820,8,43.4841,-1.4504
370039820,9,43.4842,-1.4503
370039820,10,43.4842,-1.4502
370039820,11,43.4842,-1.4499
370039820,12,43.4842,-1.4488
370039820,13,43.4842,-1.4485
370039820,14,43.4842,-1.4483
370039820,15,43.4842,-1.4477
370081209,0,43.5066,-1.4454
370081209,1,43.507,-1.4452
370081209,2,43.5071,-1.4451
370081209,3,43.5075,-1.4449
370081209,4,43.5076,-1.4448
370081209,5,43.5081,-1.4445
370081209,6,43.5083,-1.4444
370081209,7,43.5085,-1.4443
370081209,8,43.5087,-1.4442
370081209,9,43.509,-1.444
370081209,10,43.5092,-1.4439
370081209,11,43.5095,-1.4438
370081209,12,43.5095,-1.4437
370081209,13,43.5097,-1.4436
370081209,14,43.5098,-1.4436
370081209,15,43.5099,-1.4435
370081209,16,43.51,-1.4434
370081219,0,43.5044,-1.4486
370081219,1,43.5048,-1.4474
370081219,2,43.5048,-1.4473
370145517,0,43.5126,-1.4275
370145517,1,43.5128,-1.4275
370145517,2,43.513,-1.4276
370145517,3,43.5132,-1.4277
370145517,4,43.5133,-1.4278
370145517,5,43.5134,-1.4279
370145517,6,43.5135,-1.4278
370145517,7,43.5136,-1.4278
370145517,8,43.5137,-1.4276
370145517,9,43.5138,-1.4275
370145517,10,43.5138,-1.4275
370145517,11,43.5141,-1.4275
370145517,12,43.5142,-1.4274
370145517,13,43.5144,-1.4271
370307135,0,43.4822,-1.4441
370307135,1,43.4821,-1.4439
370307135,2,43.482,-1.4439
370307135,3,43.482,-1.4439
370307135,4,43.4819,-1.4438
370307135,5,43.4819,-1.4438
370307135,6,43.4818,-1.4438
370307136,0,43.4822,-1.4441
370307136,1,43.4826,-1.4445
370307136,2,43.4827,-1.4446
370307136,3,43.4828,-1.4447
370307136,4,43.4829,-1.4448
370307136,5,43.483,-1.4449
370307136,6,43.4831,-1.4449
370307136,7,43.4834,-1.445
370903945,0,43.5036,-1.4746
370903945,1,43.5035,-1.4748
370903945,2,43.5034,-1.4749
370903945,3,43.5032,-1.4752
370903945,4,43.5031,-1.4754
370903945,5,43.5029,-1.4756
370903945,6,43.5028,-1.4758
370903945,7,43.5027,-1.476
370903945,8,43.5026,-1.4762
370903945,9,43.5025,-1.4764
370903945,10,43.5025,-1.4766
370903945,11,43.5024,-1.4768
370903945,12,43.5024,-1.477
370903945,13,43.5023,-1.4772
370903945,14,43.5023,-1.4774
370903945,15,43.5023,-1.4777
370903945,16,43.5022,-1.4778
370903945,17,43.5022,-1.478
370903945,18,43.5022,-1.4782
370903945,19,43.5022,-1.4783
370903945,20,43.5023,-1.4784
370903948,0,43.5037,-1.4703
370903948,1,43.5037,-1.4705
370903948,2,43.5038,-1.4711
370903948,3,43.5039,-1.4718
370903948,4,43.5041,-1.4726
370903948,5,43.5041,-1.4729
370903948,6,43.5041,-1.4731
370903948,7,43.5041,-1.4734
370903948,8,43.504,-1.4737
370903948,9,43.504,-1.4739
370903948,10,43.5039,-1.4742
370903948,11,43.5038,-1.4744
370903948,12,43.5036,-1.4746
370903949,0,43.5036,-1.468
370903949,1,43.5036,-1.4681
370903949,2,43.5036,-1.4686
370903949,3,43.5037,-1.4689
370903949,4,43.5037,-1.4691
370903950,0,43.5033,-1.4688
370903950,1,43.5035,-1.4687
370903950,2,43.5035,-1.4687
370903950,3,43.5035,-1.4687
370903950,4,43.5035,-1.4687
370903950,5,43.5036,-1.4686
370903951,0,43.5036,-1.4697
370903951,1,43.5036,-1.4696
370903951,2,43.5036,-1.4696
370903951,3,43.5035,-1.4695
370903951,4,43.5035,-1.4695
370903951,5,43.5035,-1.4695
370903951,6,43.5035,-1.4695
370903951,7,43.5034,-1.4695
370903952,0,43.5034,-1.4695
370903952,1,43.5034,-1.4694
370903952,2,43.5035,-1.4692
370903952,3,43.5034,-1.4691
370903953,0,43.5036,-1.4691
370903953,1,43.5037,-1.4691
370903954,0,43.5037,-1.4691
370903954,1,43.5037,-1.4692
370903954,2,43.5037,-1.4703
370903961,0,43.5045,-1.4673
370903961,1,43.5044,-1.4674
370903961,2,43.5043,-1.4674
370903961,3,43.5042,-1.4675
370903961,4,43.5041,-1.4676
370903961,5,43.5038,-1.4678
370903961,6,43.5037,-1.4679
370903961,7,43.5036,-1.468
370903961,8,43.5036,-1.468
370903964,0,43.5045,-1.4672
370903964,1,43.5046,-1.4672
370903964,2,43.5047,-1.4672
370903964,3,43.505,-1.4672
370903964,4,43.5052,-1.4672
370903964,5,43.5052,-1.4673
372315391,0,43.4784,-1.4563
372315391,1,43.4783,-1.4563
372315391,2,43.4783,-1.4563
372315391,3,43.4781,-1.456
372315391,4,43.4779,-1.4558
372315391,5,43.4778,-1.4557
372315391,6,43.4777,-1.4556
372315391,7,43.4775,-1.4555
372339304,0,43.4984,-1.465
372339304,1,43.4986,-1.4645
372339304,2,43.4985,-1.4644
372339304,3,43.498,-1.4643
372339304,4,43.4977,-1.4643
372339304,5,43.4975,-1.4642
372339304,6,43.4975,-1.4642
372339304,7,43.4974,-1.4641
372462712,0,43.4852,-1.4941
372462712,1,43.4852,-1.4941
372462714,0,43.4962,-1.4852
372462714,1,43.4963,-1.4852
372462714,2,43.4963,-1.4852
372462714,3,43.4964,-1.4852
372462714,4,43.4967,-1.485
372462714,5,43.4972,-1.4848
372462714,6,43.4973,-1.4848
372462714,7,43.4973,-1.4848
372685664,0,43.4811,-1.4806
372685664,1,43.4811,-1.4806
372685664,2,43.4811,-1.4807
372685664,3,43.4811,-1.4807
372685664,4,43.4811,-1.4807
372685664,5,43.4811,-1.4808
372685664,6,43.4811,-1.4808
372685664,7,43.4811,-1.4808
372693844,0,43.4814,-1.5056
372693844,1,43.4814,-1.5056
372693844,2,43.481,-1.5057
372693844,3,43.4808,-1.5058
372693844,4,43.4807,-1.5054
372693844,5,43.4799,-1.5057
372693844,6,43.4798,-1.5057
372693844,7,43.4798,-1.5057
372693844,8,43.4798,-1.5056
372693844,9,43.4796,-1.505
372693844,10,43.4798,-1.5049
372693844,11,43.4799,-1.5054
372693844,12,43.4807,-1.5051
372693844,13,43.4807,-1.5054
373658570,0,43.4789,-1.4736
373658570,1,43.4789,-1.4736
373658570,2,43.4787,-1.4734
373658570,3,43.4787,-1.4734
373658570,4,43.4786,-1.4733
373658570,5,43.4782,-1.4729
373658570,6,43.4781,-1.4729
379812693,0,43.4825,-1.5052
379812693,1,43.4826,-1.505
379812693,2,43.4827,-1.5046
379812693,3,43.4828,-1.5038
379812693,4,43.4829,-1.5037
379812693,5,43.4829,-1.5036
379812693,6,43.483,-1.5032
379812693,7,43.483,-1.5031
379812693,8,43.4831,-1.5029
394601450,0,43.5044,-1.4483
394601450,1,43.5042,-1.4482
394601450,2,43.5041,-1.4482
398502301,0,43.4951,-1.4395
398502301,1,43.4953,-1.4394
398502301,2,43.4954,-1.4394
398502301,3,43.4956,-1.4395
398502301,4,43.4958,-1.4396
398502301,5,43.4959,-1.4397
398502301,6,43.4961,-1.4397
398502301,7,43.4962,-1.4397
398502301,8,43.4963,-1.4397
398502301,9,43.4964,-1.4396
398502301,10,43.4966,-1.4385
398502301,11,43.4966,-1.4384
398502302,0,43.4966,-1.4384
398502302,1,43.4964,-1.4384
398502302,2,43.4963,-1.4383
398502302,3,43.4961,-1.4382
398502302,4,43.496,-1.4381
398502302,5,43.496,-1.4381
398726158,0,43.4807,-1.452
398726158,1,43.4807,-1.452
398726158,2,43.4807,-1.452
398726158,3,43.4806,-1.4519
398738103,0,43.4909,-1.4813
398738103,1,43.4909,-1.4812
398738103,2,43.491,-1.4812
398738103,3,43.491,-1.4811
408026995,0,43.4776,-1.4872
408026995,1,43.4769,-1.4864
408026995,2,43.4768,-1.4863
408026995,3,43.4766,-1.4854
408026995,4,43.4765,-1.485
408026995,5,43.4765,-1.4849
408026995,6,43.4764,-1.4846
408026995,7,43.4764,-1.4844
408026995,8,43.4764,-1.4844
408026995,9,43.4764,-1.4844
408026995,10,43.4764,-1.4843
408026995,11,43.4764,-1.4842
408026995,12,43.4764,-1.4841
408363936,0,43.4759,-1.4842
408363936,1,43.4759,-1.4843
408363936,2,43.476,-1.4846
408363937,0,43.476,-1.4846
408363937,1,43.4761,-1.485
408910431,0,43.4894,-1.4536
408910431,1,43.4897,-1.4535
408910431,2,43.49,-1.4535
408910431,3,43.4901,-1.4534
408918200,0,43.495,-1.4785
408918200,1,43.4949,-1.4784
408918200,2,43.4949,-1.4784
408918200,3,43.4948,-1.4783
408918200,4,43.4948,-1.4783
408918200,5,43.4948,-1.4782
408918201,0,43.4953,-1.4789
408918201,1,43.4952,-1.4787
408918201,2,43.4952,-1.4787
408918201,3,43.4952,-1.4786
408918201,4,43.495,-1.4785
408920449,0,43.49,-1.454
408920449,1,43.4899,-1.4541
408920449,2,43.4898,-1.4541
408920449,3,43.4897,-1.4542
408920449,4,43.4897,-1.4542
408920449,5,43.4897,-1.4543
408920449,6,43.4897,-1.4543
408920449,7,43.4895,-1.4544
408920449,8,43.4895,-1.4544
408920449,9,43.4887,-1.4546
408920449,10,43.4885,-1.4546
408920449,11,43.4885,-1.4546
408920449,12,43.4885,-1.4546
408920449,13,43.4884,-1.4547
408920449,14,43.4884,-1.4547
408920449,15,43.4884,-1.4547
408920449,16,43.4885,-1.4553
409045431,0,43.4894,-1.479
409045431,1,43.4894,-1.4789
409045431,2,43.4896,-1.4787
409045431,3,43.4896,-1.4786
409051985,0,43.494,-1.4772
409051985,1,43.494,-1.4773
409051985,2,43.4937,-1.4775
409051985,3,43.4936,-1.4776
409051985,4,43.4936,-1.4776
409051985,5,43.4935,-1.4777
409051985,6,43.4935,-1.4778
409051985,7,43.4933,-1.478
409051985,8,43.4932,-1.478
409051986,0,43.4937,-1.4779
409051986,1,43.4941,-1.4776
409051986,2,43.4941,-1.4776
409051986,3,43.4941,-1.4776
409051987,0,43.4946,-1.4695
409051987,1,43.4948,-1.469
409051987,2,43.4948,-1.4689
409051988,0,43.4952,-1.4699
409051988,1,43.4952,-1.4699
409051988,2,43.4952,-1.4699
409051988,3,43.4949,-1.4702
409051989,0,43.4944,-1.4689
409051989,1,43.4944,-1.4689
409051989,2,43.494,-1.4683
409051989,3,43.4939,-1.4683
409052827,0,43.492,-1.4655
409052827,1,43.4919,-1.4654
409052827,2,43.4918,-1.4651
409052827,3,43.4917,-1.465
409052827,4,43.4915,-1.4647
409052827,5,43.4913,-1.4644
409052828,0,43.492,-1.4655
409052828,1,43.4921,-1.4656
409052828,2,43.4922,-1.4658
409052828,3,43.4924,-1.4661
409052828,4,43.4925,-1.4662
409052828,5,43.4926,-1.4665
409097239,0,43.4801,-1.485
409097239,1,43.48,-1.4851
409097239,2,43.48,-1.4853
409097239,3,43.48,-1.4855
409097239,4,43.48,-1.4856
409097239,5,43.4799,-1.4856
409097239,6,43.4798,-1.4857
409097239,7,43.4798,-1.4859
409097239,8,43.4797,-1.486
409097239,9,43.4796,-1.4861
409097239,10,43.4796,-1.4862
409097239,11,43.4796,-1.4862
409097239,12,43.4795,-1.4863
409097239,13,43.4795,-1.4864
409097239,14,43.4795,-1.4865
409097239,15,43.4795,-1.4866
409097239,16,43.4795,-1.4868
409097239,17,43.4795,-1.4868
409097239,18,43.4795,-1.4869
409097239,19,43.4795,-1.487
409097239,20,43.4795,-1.4871
409097239,21,43.4795,-1.4872
409097239,22,43.4794,-1.4872
409097239,23,43.4794,-1.4873
409097239,24,43.4793,-1.4874
409097239,25,43.4793,-1.4875
409097239,26,43.4793,-1.4876
409097239,27,43.4792,-1.4877
409097239,28,43.4791,-1.4878
409097239,29,43.4789,-1.4881
409097239,30,43.4787,-1.4884
409097239,31,43.4786,-1.4885
409097239,32,43.4785,-1.4887
409097239,33,43.4784,-1.4888
409097239,34,43.4784,-1.4889
409097239,35,43.4783,-1.4889
409097239,36,43.4783,-1.489
409097239,37,43.4782,-1.4891
409097239,38,43.4781,-1.4892
409097239,39,43.478,-1.4892
409097239,40,43.478,-1.4893
409097239,41,43.4779,-1.4893
409097239,42,43.4777,-1.4894
409097239,43,43.4776,-1.4895
409097239,44,43.4775,-1.4896
409097239,45,43.4774,-1.4897
409097239,46,43.4773,-1.4897
409097239,47,43.4773,-1.4898
409097239,48,43.4772,-1.4898
409097239,49,43.4772,-1.4898
409097239,50,43.4772,-1.4898
409097239,51,43.4771,-1.4898
409097239,52,43.477,-1.4897
409097239,53,43.4769,-1.4896
409097239,54,43.4768,-1.4896
409097239,55,43.4764,-1.4894
409097239,56,43.4762,-1.4893
409097239,57,43.4759,-1.4891
409097239,58,43.4758,-1.489
409097239,59,43.4757,-1.489
409097239,60,43.4757,-1.489
409097239,61,43.4757,-1.4891
409097239,62,43.4756,-1.4892
409097239,63,43.4756,-1.4894
409097239,64,43.4755,-1.4898
409099829,0,43.4849,-1.4859
409099829,1,43.4848,-1.4858
409099829,2,43.4847,-1.4852
409099829,3,43.4847,-1.485
409099829,4,43.4847,-1.4849
409270842,0,43.4826,-1.4834
409270842,1,43.4826,-1.4835
409270842,2,43.4828,-1.4842
409270842,3,43.4828,-1.4842
409270842,4,43.4829,-1.4843
409273109,0,43.4825,-1.4786
409273109,1,43.4823,-1.4787
409273109,2,43.4821,-1.4788
409273109,3,43.4821,-1.4788
409273109,4,43.4819,-1.4789
409273109,5,43.4819,-1.4789
409273109,6,43.4819,-1.479
409273109,7,43.4817,-1.4792
409273109,8,43.4816,-1.4793
409273109,9,43.4816,-1.4793
409273109,10,43.4816,-1.4793
409273109,11,43.4815,-1.4793
409273109,12,43.4815,-1.4793
409273109,13,43.4815,-1.4793
409273109,14,43.4814,-1.4793
409273111,0,43.4835,-1.478
409273111,1,43.4831,-1.4783
409273111,2,43.4828,-1.4784
409273112,0,43.4835,-1.478
409273112,1,43.4842,-1.4776
409273113,0,43.4828,-1.4784
409273113,1,43.4826,-1.4779
409273114,0,43.4828,-1.4784
409273114,1,43.4825,-1.4786
409313119,0,43.4824,-1.5022
409313119,1,43.4826,-1.5019
409313119,2,43.4827,-1.5018
409313119,3,43.4828,-1.5018
409313119,4,43.4829,-1.5018
409313119,5,43.483,-1.5019
409313119,6,43.4831,-1.5019
409313119,7,43.4831,-1.5019
409313119,8,43.4832,-1.5019
409313119,9,43.4833,-1.502
409313119,10,43.4833,-1.5021
409313120,0,43.4824,-1.5022
409313120,1,43.4823,-1.5023
409313120,2,43.4822,-1.5023
409313120,3,43.4821,-1.5023
409313120,4,43.482,-1.5023
409313123,0,43.4812,-1.4952
409313123,1,43.4812,-1.4951
409313123,2,43.4811,-1.4944
409313123,3,43.4811,-1.4942
409313123,4,43.4811,-1.4938
409313123,5,43.4811,-1.4933
410051471,0,43.4902,-1.487
410051471,1,43.4903,-1.4869
410051471,2,43.4904,-1.4868
410051471,3,43.4904,-1.4868
410051471,4,43.4905,-1.4867
410051471,5,43.4905,-1.4867
410051471,6,43.4906,-1.4867
410051471,7,43.4907,-1.4867
411045096,0,43.4917,-1.4847
411045096,1,43.4917,-1.4846
411045096,2,43.492,-1.4844
411045096,3,43.4935,-1.484
411045097,0,43.4915,-1.4894
411045097,1,43.4915,-1.4901
411045098,0,43.4963,-1.4896
411045098,1,43.4967,-1.49
411045099,0,43.4995,-1.4895
411045099,1,43.4994,-1.4896
411045099,2,43.4994,-1.4896
411045099,3,43.4991,-1.4899
411045100,0,43.4916,-1.4882
411045100,1,43.4917,-1.4881
411045100,2,43.4926,-1.4876
411045100,3,43.4927,-1.4876
411045101,0,43.4982,-1.4882
411045101,1,43.4985,-1.4879
411045101,2,43.4985,-1.4879
411045101,3,43.4986,-1.4878
411045101,4,43.4986,-1.4878
411050215,0,43.4795,-1.4763
411050215,1,43.4796,-1.4767
411050215,2,43.4796,-1.4768
411050215,3,43.4796,-1.477
411050215,4,43.4796,-1.4772
411050215,5,43.4795,-1.4779
411050216,0,43.4798,-1.4783
411050216,1,43.4798,-1.4782
411050216,2,43.4798,-1.4779
411050216,3,43.4799,-1.4771
411050216,4,43.48,-1.4766
411050217,0,43.4889,-1.4936
411050217,1,43.4889,-1.4936
411050217,2,43.4889,-1.4938
411050217,3,43.4889,-1.4939
411050217,4,43.4888,-1.494
411050217,5,43.4888,-1.4941
411050217,6,43.4887,-1.4941
411050217,7,43.4886,-1.4941
411050217,8,43.4885,-1.4942
411055692,0,43.495,-1.4674
411055692,1,43.495,-1.4674
411055692,2,43.4949,-1.4674
411055692,3,43.4949,-1.4674
411055692,4,43.4949,-1.4674
411055692,5,43.4948,-1.4674
411055698,0,43.4907,-1.4625
411055698,1,43.4907,-1.4625
411055698,2,43.4911,-1.4622
411055699,0,43.4911,-1.4622
411055699,1,43.4912,-1.4623
411091652,0,43.4984,-1.4609
411091652,1,43.4985,-1.4614
411091652,2,43.4985,-1.4616
411091652,3,43.4985,-1.4618
411091652,4,43.4985,-1.462
411091652,5,43.4984,-1.462
411091652,6,43.4984,-1.4621
411091652,7,43.4984,-1.4622
411091652,8,43.4983,-1.4622
411091653,0,43.5052,-1.4673
411091653,1,43.5052,-1.4672
411091653,2,43.5052,-1.4668
411091653,3,43.505,-1.4665
411091653,4,43.505,-1.4664
411091653,5,43.505,-1.4664
411099461,0,43.4836,-1.4825
411099461,1,43.4833,-1.4824
411099461,2,43.4832,-1.4824
416155105,0,43.4973,-1.4562
416155105,1,43.4973,-1.4563
416155105,2,43.4973,-1.4563
416155105,3,43.4973,-1.4563
416155105,4,43.4973,-1.4563
416155105,5,43.4972,-1.4563
416155105,6,43.4972,-1.4563
416155105,7,43.4972,-1.4563
416155105,8,43.4972,-1.4562
416155105,9,43.4972,-1.4562
416155105,10,43.4972,-1.4562
416155105,11,43.4972,-1.4561
416155105,12,43.4972,-1.4561
416155105,13,43.4972,-1.4561
416155105,14,43.4973,-1.4561
416155105,15,43.4973,-1.4561
416155105,16,43.4973,-1.4562
416155105,17,43.4973,-1.4562
416155105,18,43.4973,-1.4562
416155105,19,43.4973,-1.4562
417038649,0,43.488,-1.4754
417038649,1,43.4879,-1.4755
417038649,2,43.4875,-1.4756
417038649,3,43.4874,-1.4757
417038649,4,43.4873,-1.4757
417038649,5,43.4873,-1.4758
417038649,6,43.4873,-1.4758
417038649,7,43.4872,-1.4759
417038649,8,43.4872,-1.476
417038649,9,43.4871,-1.4761
417038649,10,43.4871,-1.4762
421754705,0,43.498,-1.4613
421754705,1,43.4975,-1.4615
421754705,2,43.4975,-1.4615
421754705,3,43.4973,-1.4616
421754706,0,43.4979,-1.4621
421754706,1,43.4979,-1.4623
421754706,2,43.4979,-1.4623
421754706,3,43.4976,-1.4624
421754706,4,43.4976,-1.4625
421754706,5,43.4977,-1.4627
421754706,6,43.4977,-1.4627
421754706,7,43.4974,-1.4628
421754707,0,43.4983,-1.4619
421754707,1,43.4982,-1.4619
421754707,2,43.4982,-1.462
421754707,3,43.4979,-1.4621
421754707,4,43.4976,-1.4622
421754707,5,43.4976,-1.4622
421754707,6,43.4975,-1.4618
421754707,7,43.4975,-1.4619
421754707,8,43.4971,-1.462
421754707,9,43.497,-1.462
429052373,0,43.4651,-1.481
429052373,1,43.465,-1.4809
429052373,2,43.465,-1.4809
429052373,3,43.4646,-1.4806
429052373,4,43.4646,-1.4806
429052373,5,43.4646,-1.4805
429052373,6,43.4645,-1.4805
429052373,7,43.4645,-1.4806
429052373,8,43.4645,-1.4806
429052373,9,43.4644,-1.4808
429052373,10,43.4643,-1.4809
429052373,11,43.4643,-1.4809
429052373,12,43.4642,-1.481
429052373,13,43.4642,-1.481
429052373,14,43.4642,-1.481
429052373,15,43.4641,-1.481
429052373,16,43.4641,-1.481
429052373,17,43.464,-1.4809
429052373,18,43.4639,-1.4808
429052373,19,43.4637,-1.4806
429052373,20,43.4631,-1.4802
429052373,21,43.463,-1.4802
429052373,22,43.4628,-1.4801
429052373,23,43.4627,-1.48
429052373,24,43.4627,-1.48
429052373,25,43.4626,-1.4799
429052373,26,43.4626,-1.4798
429052373,27,43.4626,-1.4798
429052373,28,43.4625,-1.4798
429052373,29,43.4624,-1.4798
429052373,30,43.4622,-1.4798
429052373,31,43.4622,-1.4797
429052373,32,43.4621,-1.4798
429052373,33,43.4621,-1.4798
429052373,34,43.462,-1.4798
429052373,35,43.4619,-1.48
429052373,36,43.4619,-1.4801
429052373,37,43.4618,-1.4801
429052373,38,43.4618,-1.4801
429052373,39,43.4617,-1.4802
429052373,40,43.4613,-1.4803
429052373,41,43.461,-1.4804
429052373,42,43.4609,-1.4804
429052373,43,43.4607,-1.4805
429052373,44,43.4606,-1.4806
429052373,45,43.4605,-1.4806
429052373,46,43.4605,-1.4806
429052373,47,43.4604,-1.4806
429052373,48,43.4601,-1.4804
429052373,49,43.4601,-1.4804
429052373,50,43.46,-1.4804
429052373,51,43.4599,-1.4804
429052373,52,43.4598,-1.4804
429589518,0,43.4957,-1.4581
429589518,1,43.4957,-1.4581
429589518,2,43.4957,-1.4581
429589518,3,43.4958,-1.4581
429589518,4,43.4963,-1.4581
429589518,5,43.4963,-1.4581
429589518,6,43.4968,-1.4581
429589518,7,43.497,-1.4581
429589518,8,43.497,-1.4581
429595680,0,43.5163,-1.4658
429595680,1,43.516,-1.4659
429595680,2,43.5157,-1.4662
429595680,3,43.5154,-1.4665
429595680,4,43.515,-1.4668
429595680,5,43.5146,-1.467
429595680,6,43.514,-1.4672
429595680,7,43.5137,-1.4674
429596103,0,43.5095,-1.4717
429596103,1,43.5096,-1.4715
429596103,2,43.5098,-1.4712
429596103,3,43.5099,-1.4711
429596103,4,43.51,-1.471
429596103,5,43.51,-1.471
429596103,6,43.5101,-1.471
429596103,7,43.5101,-1.471
429596103,8,43.5102,-1.4711
429596103,9,43.5103,-1.4712
429596103,10,43.5104,-1.4713
429596103,11,43.5104,-1.4714
429596103,12,43.5105,-1.4716
429596103,13,43.5104,-1.4717
429596104,0,43.5095,-1.4721
429596104,1,43.5095,-1.4721
429596104,2,43.5095,-1.472
429596104,3,43.5095,-1.4718
429596104,4,43.5095,-1.4717
430575678,0,43.498,-1.4382
430575678,1,43.498,-1.4382
430575678,2,43.4979,-1.4378
430575678,3,43.4979,-1.4378
430575678,4,43.4981,-1.4377
430575678,5,43.4983,-1.4377
430575678,6,43.4985,-1.4377
430575678,7,43.4986,-1.4377
430575678,8,43.4989,-1.4378
430575678,9,43.4992,-1.4379
430575678,10,43.4993,-1.4379
430575678,11,43.4994,-1.4379
430575678,12,43.4994,-1.438
430575678,13,43.4994,-1.4383
430575678,14,43.4993,-1.4384
430575687,0,43.4966,-1.4354
430575687,1,43.4967,-1.4354
430575687,2,43.4967,-1.4358
447186416,0,43.4746,-1.454
447186416,1,43.4747,-1.4538
447186416,2,43.4748,-1.4535
449692998,0,43.4842,-1.4443
449692998,1,43.4842,-1.4443
449692998,2,43.4841,-1.4444
449692998,3,43.4841,-1.4444
449692998,4,43.4839,-1.4446
449692998,5,43.4838,-1.4447
449692998,6,43.4838,-1.4448
449692998,7,43.4837,-1.4449
449692998,8,43.4837,-1.445
449693004,0,43.4843,-1.444
449693004,1,43.4843,-1.4441
449693004,2,43.4842,-1.4442
449693004,3,43.4842,-1.4443
449693009,0,43.4842,-1.4439
449693009,1,43.4843,-1.4438
449693009,2,43.4843,-1.4436
449693009,3,43.4844,-1.4434
449694684,0,43.4913,-1.4727
449694684,1,43.4912,-1.4727
449694684,2,43.4912,-1.4726
449694684,3,43.4911,-1.4725
449694684,4,43.491,-1.4724
449694684,5,43.491,-1.4724
449694684,6,43.491,-1.4722
449694684,7,43.4909,-1.4718
449694684,8,43.4909,-1.4716
449694684,9,43.4908,-1.4715
449694685,0,43.4909,-1.473
449694685,1,43.4909,-1.4729
449694685,2,43.4911,-1.4729
449694685,3,43.4913,-1.4727
453011694,0,43.4814,-1.5017
453011694,1,43.4815,-1.5018
453011694,2,43.4816,-1.502
453011694,3,43.4817,-1.5022
456257810,0,43.4748,-1.4548
456257810,1,43.4746,-1.4557
456257810,2,43.4744,-1.4567
459522075,0,43.4625,-1.4971
459522075,1,43.4625,-1.4973
459522075,2,43.4625,-1.4982
459522075,3,43.4625,-1.4986
459522075,4,43.4624,-1.4991
459522075,5,43.4623,-1.4994
459522075,6,43.4621,-1.4997
459522075,7,43.4619,-1.5
459522075,8,43.4616,-1.5005
459522075,9,43.4614,-1.5007
459522075,10,43.4614,-1.501
459522075,11,43.4613,-1.5011
459522075,12,43.4612,-1.5013
459522075,13,43.4612,-1.5015
459522075,14,43.4612,-1.5019
459522075,15,43.4612,-1.5024
459522075,16,43.4612,-1.5027
459522091,0,43.4609,-1.4969
459522091,1,43.4609,-1.4975
459522091,2,43.4609,-1.498
459522127,0,43.4608,-1.4975
459522127,1,43.4608,-1.4972
459522127,2,43.4609,-1.4964
459522131,0,43.461,-1.4964
459522131,1,43.4609,-1.4969
459832464,0,43.4762,-1.4804
459832464,1,43.4762,-1.4803
459832464,2,43.4761,-1.4802
459832464,3,43.4761,-1.4802
459832464,4,43.4761,-1.4801
459832464,5,43.4762,-1.48
459832464,6,43.4763,-1.4796
459832464,7,43.4763,-1.4796
459832464,8,43.4763,-1.4796
459832464,9,43.4763,-1.4795
459832464,10,43.4763,-1.4795
459832464,11,43.4763,-1.4794
459832464,12,43.4763,-1.4794
459832464,13,43.4763,-1.4793
459832464,14,43.4762,-1.4792
459832464,15,43.476,-1.4795
459832464,16,43.4759,-1.4796
459832464,17,43.4758,-1.4798
459832464,18,43.4758,-1.4799
459832464,19,43.4757,-1.4799
459832464,20,43.4757,-1.4798
459832464,21,43.4757,-1.4797
459832464,22,43.4754,-1.4794
459832464,23,43.4752,-1.4792
460219125,0,43.4816,-1.4656
460219125,1,43.4815,-1.4655
460219125,2,43.4815,-1.4655
460219125,3,43.4814,-1.4654
460219125,4,43.4813,-1.4653
460219125,5,43.4812,-1.4651
460219125,6,43.4812,-1.465
460219125,7,43.4811,-1.4647
460219125,8,43.481,-1.4643
460219125,9,43.481,-1.4642
460219125,10,43.481,-1.464
460219125,11,43.4809,-1.4638
460219125,12,43.4809,-1.4635
460219126,0,43.4873,-1.451
460219126,1,43.4872,-1.4513
460219126,2,43.4871,-1.4524
460219126,3,43.4871,-1.4525
460219126,4,43.4871,-1.4525
460219126,5,43.487,-1.4532
460219126,6,43.4869,-1.4534
460219126,7,43.4869,-1.4537
460219126,8,43.4868,-1.4542
460219126,9,43.4868,-1.4546
460219126,10,43.4867,-1.4553
460219126,11,43.4867,-1.4553
460219126,12,43.4866,-1.4558
460219126,13,43.4866,-1.4558
460219126,14,43.4866,-1.4561
460219126,15,43.4866,-1.4562
460219126,16,43.4866,-1.4564
460219126,17,43.4867,-1.4569
460219126,18,43.4868,-1.4571
460219127,0,43.4873,-1.459
460219127,1,43.4873,-1.459
460219127,2,43.4873,-1.459
460219127,3,43.4872,-1.4589
460219128,0,43.4872,-1.4589
460219128,1,43.4872,-1.4589
460219128,2,43.4872,-1.4588
460219128,3,43.4873,-1.4588
460219128,4,43.4874,-1.4588
467940960,0,43.4913,-1.4644
467940960,1,43.4913,-1.4644
467940960,2,43.4913,-1.4644
467940960,3,43.4915,-1.4641
467940960,4,43.4916,-1.4641
468337312,0,43.5063,-1.4575
468337312,1,43.5065,-1.4579
468337312,2,43.5062,-1.458
480074104,0,43.4815,-1.4436
480074104,1,43.4814,-1.4435
480074104,2,43.4813,-1.4434
480074104,3,43.4812,-1.4433
480074104,4,43.4811,-1.4432
480074104,5,43.481,-1.4431
480074104,6,43.4809,-1.4429
480074104,7,43.4808,-1.4427
488419616,0,43.4979,-1.4632
488419616,1,43.498,-1.4633
488419616,2,43.4981,-1.4634
488419616,3,43.4981,-1.4635
488419616,4,43.4983,-1.4635
488419616,5,43.4984,-1.4636
488419616,6,43.4987,-1.4637
488419616,7,43.499,-1.4635
488419617,0,43.4982,-1.4627
488419617,1,43.4984,-1.4629
488419617,2,43.4985,-1.4631
488419617,3,43.4985,-1.4632
488419617,4,43.4985,-1.4632
488419617,5,43.4985,-1.4633
488419617,6,43.4984,-1.4636
494802960,0,43.4873,-1.4504
494802960,1,43.4874,-1.4506
494802961,0,43.4876,-1.4508
494802961,1,43.4875,-1.4508
494802962,0,43.4873,-1.451
494802962,1,43.4873,-1.4508
494814314,0,43.4975,-1.478
494814314,1,43.4975,-1.478
494814314,2,43.4974,-1.4781
494814314,3,43.4974,-1.4781
494994865,0,43.4971,-1.4772
494994865,1,43.4972,-1.4773
494994868,0,43.4973,-1.4777
494994868,1,43.4972,-1.4776
494994868,2,43.4972,-1.4773
494994868,3,43.4971,-1.4772
494994869,0,43.4972,-1.4773
494994869,1,43.4972,-1.4774
494994869,2,43.4973,-1.4776
494994869,3,43.4973,-1.4777
495037237,0,43.4946,-1.4683
495037237,1,43.4946,-1.4684
495037237,2,43.4947,-1.4685
495037237,3,43.4948,-1.4688
495037237,4,43.4948,-1.4689
495050712,0,43.4884,-1.4783
495050712,1,43.4884,-1.4783
495050712,2,43.4884,-1.4782
495050712,3,43.4885,-1.4782
500460863,0,43.4893,-1.4804
500460863,1,43.4895,-1.4806
500460863,2,43.4895,-1.4806
500460863,3,43.4896,-1.4807
500460863,4,43.4896,-1.4808
500460863,5,43.4896,-1.4809
500460863,6,43.4896,-1.4809
500460863,7,43.4896,-1.481
500460863,8,43.4896,-1.4812
500460863,9,43.4896,-1.4813
500460863,10,43.4896,-1.4814
500460863,11,43.4896,-1.4816
500460863,12,43.4895,-1.4817
500460863,13,43.4895,-1.4818
503321008,0,43.4628,-1.4955
503321008,1,43.4629,-1.4956
503321008,2,43.463,-1.4956
503321008,3,43.463,-1.4956
503321008,4,43.4631,-1.4956
503321008,5,43.4632,-1.4956
503321008,6,43.4637,-1.4955
503321009,0,43.4625,-1.496
503321009,1,43.4625,-1.496
503321009,2,43.4623,-1.496
503321009,3,43.4617,-1.4961
503321011,0,43.4629,-1.4958
503321011,1,43.4629,-1.4959
503321011,2,43.4629,-1.4959
503321011,3,43.4628,-1.496
503321011,4,43.4628,-1.4961
503321011,5,43.4627,-1.4961
503321011,6,43.4627,-1.4961
503321011,7,43.4626,-1.4961
503321011,8,43.4626,-1.496
503321011,9,43.4625,-1.496
503321011,10,43.4625,-1.4959
503321011,11,43.4625,-1.4959
503321011,12,43.4625,-1.4958
503321011,13,43.4625,-1.4957
503321011,14,43.4625,-1.4956
503321011,15,43.4625,-1.4956
503321011,16,43.4625,-1.4955
503321011,17,43.4626,-1.4955
503321011,18,43.4626,-1.4955
503321011,19,43.4627,-1.4955
503321011,20,43.4628,-1.4955
503321011,21,43.4628,-1.4955
503321011,22,43.4629,-1.4956
503321011,23,43.4629,-1.4957
503321011,24,43.4629,-1.4957
503321011,25,43.4629,-1.4958
504114647,0,43.4791,-1.4846
504114647,1,43.4791,-1.4845
504114647,2,43.4791,-1.4844
504114647,3,43.4791,-1.4844
504114647,4,43.4791,-1.4843
504114647,5,43.4791,-1.4843
508098826,0,43.471,-1.4699
508098826,1,43.4706,-1.47
508098826,2,43.4704,-1.4701
508098826,3,43.4702,-1.4701
508098826,4,43.4701,-1.4702
508098827,0,43.4698,-1.4702
508098827,1,43.4696,-1.4701
508098827,2,43.4693,-1.4701
508098827,3,43.4692,-1.4702
508098828,0,43.4701,-1.4702
508098828,1,43.4698,-1.4702
510710694,0,43.4723,-1.4626
510710694,1,43.4718,-1.4633
510710694,2,43.4715,-1.4638
510710694,3,43.4713,-1.4642
510710694,4,43.4711,-1.4646
510710694,5,43.4709,-1.465
510710694,6,43.4705,-1.466
510710694,7,43.4704,-1.4665
510710694,8,43.4702,-1.467
510710694,9,43.4701,-1.4676
510710694,10,43.4701,-1.4682
510710694,11,43.4701,-1.4687
510710694,12,43.47,-1.4697
517228569,0,43.4624,-1.497
517228569,1,43.4624,-1.4965
517228569,2,43.4624,-1.4964
517228569,3,43.4623,-1.4963
517228569,4,43.4623,-1.4962
517228569,5,43.4622,-1.4962
517228569,6,43.4621,-1.4961
517228569,7,43.462,-1.4961
517228569,8,43.4618,-1.4962
517228569,9,43.4617,-1.4961
521835040,0,43.4791,-1.4734
521835040,1,43.4794,-1.4737
521835040,2,43.4794,-1.4738
521835040,3,43.4796,-1.474
521835040,4,43.4798,-1.4741
534810130,0,43.4864,-1.49
534810130,1,43.4863,-1.49
534810130,2,43.4862,-1.49
534810130,3,43.4862,-1.49
534810130,4,43.4861,-1.49
568507500,0,43.4739,-1.4528
568507500,1,43.474,-1.4528
568507500,2,43.4742,-1.4524
568507500,3,43.4743,-1.4524
568507508,0,43.4746,-1.454
568507508,1,43.4746,-1.4541
568507508,2,43.4745,-1.4541
568507508,3,43.4744,-1.4542
568507508,4,43.4743,-1.4543
568507508,5,43.4743,-1.4544
568507508,6,43.4742,-1.4544
568507508,7,43.4742,-1.4545
568507508,8,43.4742,-1.4545
568507508,9,43.4742,-1.4545
568507508,10,43.4741,-1.4545
569072011,0,43.501,-1.4798
569072011,1,43.501,-1.4799
569072011,2,43.5012,-1.4802
569072011,3,43.5012,-1.4802
569072011,4,43.5017,-1.4808
569078912,0,43.5006,-1.4788
569078912,1,43.5005,-1.4789
569078912,2,43.5005,-1.479
569078912,3,43.5005,-1.4791
569078912,4,43.5006,-1.4792
569078912,5,43.5006,-1.4794
569078912,6,43.5007,-1.4795
569078912,7,43.5007,-1.4796
569078912,8,43.5008,-1.4796
569634989,0,43.5118,-1.4873
569634989,1,43.5118,-1.4872
569634989,2,43.5118,-1.4872
569933859,0,43.514,-1.4825
569933859,1,43.5142,-1.4826
569933859,2,43.5142,-1.4826
569933860,0,43.514,-1.4825
569933860,1,43.5141,-1.4824
569933860,2,43.5142,-1.4823
569933860,3,43.5142,-1.4823
569941109,0,43.4791,-1.5052
569941109,1,43.4791,-1.5051
569941109,2,43.479,-1.5051
569941109,3,43.479,-1.505
569941109,4,43.4789,-1.5049
569941110,0,43.4789,-1.5049
569941110,1,43.4787,-1.5049
569941110,2,43.4784,-1.5048
569941110,3,43.4784,-1.5048
570446597,0,43.4963,-1.4692
570446597,1,43.4963,-1.4691
570446597,2,43.4963,-1.4691
570468052,0,43.4883,-1.4776
570468052,1,43.4883,-1.4777
570468052,2,43.4883,-1.4778
570468052,3,43.4883,-1.4779
570468052,4,43.4883,-1.478
570468052,5,43.4883,-1.478
570468052,6,43.4883,-1.4781
570468074,0,43.4803,-1.4689
570468074,1,43.4802,-1.4691
570468076,0,43.4872,-1.4692
570468076,1,43.4871,-1.4695
570468076,2,43.487,-1.4698
570468077,0,43.4872,-1.4686
570468077,1,43.4873,-1.4688
570468077,2,43.4873,-1.4689
570468077,3,43.4872,-1.469
570468077,4,43.4872,-1.4691
570468077,5,43.4872,-1.4692
570468085,0,43.4851,-1.4731
570468085,1,43.4851,-1.4731
570468085,2,43.4851,-1.4731
570468085,3,43.4851,-1.4731
570468085,4,43.4851,-1.4731
570468085,5,43.4851,-1.4731
570468085,6,43.4851,-1.4731
570468085,7,43.4851,-1.473
570468085,8,43.4851,-1.473
570468085,9,43.4851,-1.473
570468085,10,43.4851,-1.473
570468085,11,43.4851,-1.473
570468085,12,43.4851,-1.473
570468085,13,43.4851,-1.473
570468085,14,43.4851,-1.473
570468085,15,43.4851,-1.4731
571788839,0,43.488,-1.4752
571788839,1,43.488,-1.4752
571788839,2,43.4879,-1.4745
571788839,3,43.4879,-1.4745
571801806,0,43.4827,-1.466
571801806,1,43.4827,-1.4659
571801806,2,43.4826,-1.4659
571801806,3,43.4826,-1.4658
571801806,4,43.4826,-1.4658
571801807,0,43.4816,-1.4583
571801807,1,43.4817,-1.4583
571801807,2,43.4818,-1.4583
571801816,0,43.4754,-1.4553
571801816,1,43.4754,-1.4553
571801816,2,43.4754,-1.4553
571801816,3,43.4755,-1.4554
571801816,4,43.4755,-1.4554
571801817,0,43.4755,-1.4554
571801817,1,43.4754,-1.4554
571801817,2,43.4754,-1.4554
571801818,0,43.4751,-1.4552
571801818,1,43.475,-1.4551
572312862,0,43.4795,-1.4744
572312862,1,43.4795,-1.4743
572312862,2,43.4796,-1.4742
572312862,3,43.4797,-1.4742
572312862,4,43.4798,-1.4741
578952607,0,43.5094,-1.4645
578952607,1,43.5094,-1.4645
578952607,2,43.5095,-1.4646
578952607,3,43.5095,-1.4646
578952607,4,43.5096,-1.4647
578952607,5,43.5097,-1.4647
578952608,0,43.5094,-1.465
578952608,1,43.5095,-1.4649
578952608,2,43.5095,-1.4649
578952608,3,43.5095,-1.4648
578952608,4,43.5095,-1.4647
578952608,5,43.5095,-1.4647
578952609,0,43.5096,-1.4648
578952609,1,43.5095,-1.4648
578952609,2,43.5095,-1.4647
578952609,3,43.5094,-1.4647
578952609,4,43.5094,-1.4646
578952609,5,43.5094,-1.4645
582899239,0,43.4908,-1.4629
582899239,1,43.4908,-1.4628
583263902,0,43.5118,-1.4873
583263902,1,43.5119,-1.4873
585098900,0,43.4845,-1.4825
585098900,1,43.4845,-1.4826
585098900,2,43.4845,-1.4826
585098900,3,43.4845,-1.4827
586086187,0,43.495,-1.4785
586086187,1,43.495,-1.4786
586086187,2,43.4949,-1.4787
586086187,3,43.4948,-1.4787
586086187,4,43.4947,-1.4788
586086187,5,43.4945,-1.479
586086187,6,43.4943,-1.4791
586086192,0,43.4883,-1.4828
586086192,1,43.4882,-1.4828
586089261,0,43.4914,-1.4817
586089261,1,43.4914,-1.482
586089261,2,43.4915,-1.4824
586089261,3,43.4916,-1.4826
586089261,4,43.4916,-1.4828
586089261,5,43.4916,-1.4834
586089261,6,43.4916,-1.4836
586089261,7,43.4916,-1.4837
586089261,8,43.4916,-1.4841
586089261,9,43.4916,-1.4845
586089261,10,43.4916,-1.4846
586089261,11,43.4917,-1.4847
586089261,12,43.4917,-1.4848
586089261,13,43.4918,-1.485
586089261,14,43.4918,-1.4851
590422462,0,43.493,-1.4792
590422462,1,43.493,-1.4792
590422462,2,43.4934,-1.4789
590422462,3,43.4942,-1.478
590422462,4,43.4943,-1.478
590422462,5,43.4943,-1.478
590422463,0,43.4943,-1.478
590422463,1,43.4943,-1.4781
590422463,2,43.4943,-1.4781
590422463,3,43.4939,-1.4786
590753787,0,43.4639,-1.4959
590753787,1,43.4639,-1.4959
590753787,2,43.464,-1.4959
590753788,0,43.4637,-1.4959
590753788,1,43.4639,-1.4959
590753789,0,43.4637,-1.4956
590753789,1,43.4633,-1.4957
590753789,2,43.4631,-1.4958
590753789,3,43.4629,-1.4958
590753789,4,43.4629,-1.4959
590753790,0,43.4638,-1.4956
590753790,1,43.4637,-1.4956
590753791,0,43.4638,-1.4955
590753791,1,43.4641,-1.4954
590753791,2,43.4642,-1.4954
590753791,3,43.4647,-1.4953
590753791,4,43.4652,-1.4952
590753791,5,43.4653,-1.4951
590753791,6,43.4655,-1.495
590753791,7,43.4655,-1.495
590753791,8,43.4656,-1.495
590753791,9,43.4656,-1.495
590753792,0,43.4637,-1.4955
590753792,1,43.4638,-1.4955
590921851,0,43.4827,-1.4847
590921851,1,43.4828,-1.4845
590921851,2,43.4828,-1.4843
590921851,3,43.4829,-1.4843
590921851,4,43.483,-1.4841
590921851,5,43.4831,-1.4839
590921851,6,43.4832,-1.4835
590921851,7,43.4833,-1.4834
590921851,8,43.4834,-1.4832
590921851,9,43.4836,-1.4828
590921851,10,43.4836,-1.4827
590921851,11,43.4836,-1.4826
590921851,12,43.4836,-1.4825
590965693,0,43.5008,-1.4796
590965693,1,43.501,-1.4798
591023138,0,43.4985,-1.462
591023138,1,43.4984,-1.462
591023138,2,43.4984,-1.462
591023138,3,43.4983,-1.462
591023138,4,43.4983,-1.4619
591378748,0,43.4741,-1.4576
591378748,1,43.4743,-1.4565
591378748,2,43.4744,-1.4561
591378748,3,43.4745,-1.4557
591378748,4,43.4745,-1.4554
591378748,5,43.4748,-1.4546
591378748,6,43.4749,-1.4542
591378748,7,43.475,-1.4539
591378748,8,43.4751,-1.4536
591378748,9,43.4752,-1.4533
591378748,10,43.4755,-1.4525
591645208,0,43.5069,-1.4859
591645208,1,43.5069,-1.4859
591645208,2,43.5073,-1.486
591645208,3,43.5075,-1.4861
591645208,4,43.5083,-1.4865
591645211,0,43.5064,-1.487
591645211,1,43.5065,-1.487
591645211,2,43.5066,-1.4871
591645211,3,43.5068,-1.4871
591645211,4,43.5073,-1.4872
591645211,5,43.5074,-1.4873
591645211,6,43.5075,-1.4873
591645211,7,43.5076,-1.4873
591645211,8,43.5079,-1.4873
591645211,9,43.508,-1.4874
591645211,10,43.508,-1.4874
591646204,0,43.5005,-1.4812
591646204,1,43.5005,-1.4812
591646204,2,43.5006,-1.4812
591646204,3,43.5006,-1.4812
591646204,4,43.5006,-1.4812
591646204,5,43.5006,-1.4812
591646204,6,43.5006,-1.4813
591646204,7,43.5006,-1.4813
591646204,8,43.5006,-1.4813
591646204,9,43.5006,-1.4814
591646204,10,43.5006,-1.4814
591646205,0,43.5005,-1.4814
591646205,1,43.5005,-1.4814
591646205,2,43.5005,-1.4813
591646205,3,43.5005,-1.4813
591646205,4,43.5005,-1.4813
591646205,5,43.5005,-1.4812
591646205,6,43.5005,-1.4812
591646205,7,43.5005,-1.4812
591646205,8,43.5005,-1.4812
591646205,9,43.5005,-1.4812
591646206,0,43.4989,-1.4815
591646206,1,43.499,-1.4814
591646206,2,43.499,-1.4813
591646206,3,43.4991,-1.4813
591646207,0,43.4992,-1.4813
591646207,1,43.4992,-1.4813
591646207,2,43.4992,-1.4813
591646207,3,43.4993,-1.4814
591646207,4,43.4993,-1.4815
591646209,0,43.4954,-1.4708
591646209,1,43.4953,-1.4708
591646210,0,43.4953,-1.4706
591646210,1,43.4952,-1.4706
591646211,0,43.4922,-1.4744
591646211,1,43.4921,-1.4744
591646211,2,43.492,-1.4743
591646211,3,43.492,-1.4743
591646211,4,43.4915,-1.4746
591646211,5,43.4911,-1.4748
591646211,6,43.491,-1.4748
592956249,0,43.4797,-1.5014
592956249,1,43.4798,-1.5014
592956249,2,43.4799,-1.5014
592956249,3,43.48,-1.5014
592968464,0,43.4781,-1.5046
592968464,1,43.4781,-1.5047
592968464,2,43.4782,-1.5047
592968464,3,43.4783,-1.5047
593731731,0,43.5043,-1.4466
593731731,1,43.5041,-1.4466
593731732,0,43.5043,-1.4465
593731732,1,43.5043,-1.4464
593731732,2,43.5045,-1.4463
595433926,0,43.4897,-1.4749
595433926,1,43.4898,-1.4749
595433926,2,43.4903,-1.4749
595433926,3,43.4907,-1.4748
595485326,0,43.4944,-1.4437
595485326,1,43.4949,-1.4441
595485326,2,43.4949,-1.4441
596345078,0,43.5074,-1.4628
596345078,1,43.5076,-1.4627
596345078,2,43.5076,-1.4628
596345078,3,43.5077,-1.4629
596345078,4,43.5077,-1.463
596345078,5,43.5074,-1.463
602900517,0,43.4982,-1.4485
602900517,1,43.4986,-1.4478
602900517,2,43.4986,-1.4477
602900517,3,43.4987,-1.4475
602900517,4,43.4989,-1.4473
602900517,5,43.499,-1.4472
602900517,6,43.4993,-1.4469
602900517,7,43.4995,-1.4467
602900517,8,43.4997,-1.4466
602900517,9,43.4999,-1.4464
602900517,10,43.5,-1.4462
602900517,11,43.5002,-1.4461
602900517,12,43.5003,-1.4461
602900517,13,43.5005,-1.446
602900517,14,43.5006,-1.446
602900517,15,43.5009,-1.4459
602900517,16,43.5011,-1.4458
602900517,17,43.5013,-1.4458
602900517,18,43.5013,-1.4458
602900517,19,43.5015,-1.4459
605686223,0,43.491,-1.4925
605686223,1,43.4909,-1.4925
605686223,2,43.4906,-1.4922
605686223,3,43.49,-1.4917
605686223,4,43.4898,-1.4916
605686223,5,43.4896,-1.4913
605686223,6,43.4895,-1.4913
605686224,0,43.4894,-1.4909
605686224,1,43.4894,-1.4909
605686224,2,43.4894,-1.491
605686224,3,43.4895,-1.4911
605686224,4,43.4895,-1.4911
605686224,5,43.4895,-1.4912
605686224,6,43.4895,-1.4913
605686224,7,43.4895,-1.4913
608311094,0,43.4925,-1.4767
608311094,1,43.4928,-1.4763
608311094,2,43.4931,-1.476
608311094,3,43.4932,-1.4759
608312981,0,43.4924,-1.4768
608312981,1,43.4925,-1.4767
608313291,0,43.4916,-1.4773
608313291,1,43.4919,-1.4772
608336888,0,43.4839,-1.4767
608336888,1,43.4839,-1.4768
608336888,2,43.484,-1.4768
608336888,3,43.484,-1.4769
608336888,4,43.484,-1.4769
608336890,0,43.4841,-1.4767
608336890,1,43.484,-1.4768
608336890,2,43.484,-1.4769
608342881,0,43.4879,-1.4822
608342881,1,43.4878,-1.4819
608342881,2,43.4878,-1.4818
608342881,3,43.4877,-1.4817
608342881,4,43.4877,-1.4817
608342881,5,43.4875,-1.4815
608342885,0,43.4874,-1.4813
608342885,1,43.4875,-1.4813
608342885,2,43.4875,-1.4814
608342885,3,43.4877,-1.4814
608342885,4,43.488,-1.4815
608342885,5,43.4881,-1.4816
608342885,6,43.4881,-1.4816
608346598,0,43.4891,-1.4825
608346598,1,43.4891,-1.4826
608346598,2,43.4891,-1.4827
608346603,0,43.4881,-1.4831
608346603,1,43.4887,-1.4828
608346603,2,43.489,-1.4827
608346603,3,43.4891,-1.4827
608346606,0,43.4891,-1.4827
608346606,1,43.4892,-1.4828
608346606,2,43.4892,-1.4829
608346606,3,43.4894,-1.4838
608346606,4,43.4894,-1.4839
609011957,0,43.49,-1.4598
609011957,1,43.4899,-1.4599
609011957,2,43.4899,-1.4599
609011957,3,43.4899,-1.4599
609011958,0,43.4898,-1.4598
609011958,1,43.4898,-1.4597
609011958,2,43.4899,-1.4597
609011958,3,43.4899,-1.4598
609013162,0,43.4909,-1.4543
609013162,1,43.4909,-1.4543
609013162,2,43.4907,-1.4547
609013164,0,43.4911,-1.4541
609013164,1,43.4909,-1.4543
609013167,0,43.4909,-1.4542
609013167,1,43.4909,-1.4541
609013167,2,43.4909,-1.454
609013172,0,43.4914,-1.4535
609013172,1,43.4915,-1.4534
609013173,0,43.4917,-1.4538
609013173,1,43.4918,-1.4538
609013173,2,43.492,-1.4538
609013177,0,43.492,-1.4538
609013177,1,43.4919,-1.4539
609013460,0,43.4906,-1.4546
609013460,1,43.4909,-1.4542
609169430,0,43.497,-1.4518
609169430,1,43.497,-1.4519
609169430,2,43.497,-1.4519
609169430,3,43.497,-1.4519
609169430,4,43.497,-1.452
609169430,5,43.497,-1.452
609169430,6,43.497,-1.452
609169430,7,43.4969,-1.452
609169430,8,43.4969,-1.452
609169430,9,43.4969,-1.452
609169430,10,43.4969,-1.452
609169430,11,43.4969,-1.4519
609169430,12,43.4969,-1.4519
609169430,13,43.4969,-1.4519
609169430,14,43.4969,-1.4518
609169430,15,43.4969,-1.4518
609169430,16,43.4969,-1.4518
609169430,17,43.4969,-1.4518
609169430,18,43.497,-1.4518
609169430,19,43.497,-1.4518
609171508,0,43.4897,-1.4887
609171508,1,43.4896,-1.4887
609171508,2,43.4896,-1.4888
609171508,3,43.4896,-1.4888
609171508,4,43.4895,-1.4889
609171508,5,43.4894,-1.4889
609171508,6,43.489,-1.4889
609171508,7,43.489,-1.4889
609171508,8,43.4888,-1.4889
609171508,9,43.4887,-1.4889
610472332,0,43.4812,-1.5012
610472332,1,43.4812,-1.5012
610472332,2,43.4813,-1.5013
610472332,3,43.4813,-1.5014
610472333,0,43.4812,-1.5012
610472333,1,43.4813,-1.5012
610472333,2,43.4813,-1.5012
610472333,3,43.4813,-1.5012
610472333,4,43.4814,-1.5012
610472333,5,43.4814,-1.5013
610472333,6,43.4814,-1.5013
610472333,7,43.4813,-1.5014
610472333,8,43.4813,-1.5014
610472333,9,43.4813,-1.5014
610476011,0,43.4817,-1.5022
610476011,1,43.4818,-1.5022
610476011,2,43.4819,-1.5023
610476011,3,43.482,-1.5023
610476011,4,43.482,-1.5023
610478873,0,43.4797,-1.5014
610478873,1,43.4797,-1.5013
610478873,2,43.4798,-1.5012
610478873,3,43.4797,-1.501
610478873,4,43.4797,-1.5008
610548887,0,43.4872,-1.4589
610548887,1,43.4871,-1.4587
610548887,2,43.4868,-1.4575
610548887,3,43.4868,-1.4571
610877395,0,43.496,-1.4845
610877395,1,43.496,-1.4846
610877395,2,43.496,-1.4848
610877395,3,43.4961,-1.485
610877395,4,43.4961,-1.485
610877395,5,43.4961,-1.4851
610877395,6,43.4962,-1.4852
610877395,7,43.4962,-1.4853
610877395,8,43.4964,-1.4858
610877395,9,43.4967,-1.4866
610877395,10,43.4969,-1.4872
610877395,11,43.4972,-1.4879
610877395,12,43.4975,-1.4888
610877395,13,43.4976,-1.4889
610877395,14,43.4978,-1.4894
610877395,15,43.498,-1.4897
610877395,16,43.498,-1.4899
610877395,17,43.4981,-1.4901
610877395,18,43.4982,-1.4905
610877395,19,43.4982,-1.4907
610877397,0,43.4982,-1.4907
610877397,1,43.4982,-1.4909
610877397,2,43.4982,-1.4911
610877399,0,43.4957,-1.4837
610877399,1,43.4956,-1.4836
610877399,2,43.4956,-1.4835
610877399,3,43.4955,-1.4834
611529227,0,43.4841,-1.4441
611529227,1,43.4841,-1.444
611529227,2,43.4842,-1.4439
614050757,0,43.5144,-1.4343
614050757,1,43.5144,-1.4342
614050757,2,43.5143,-1.4342
614050757,3,43.5143,-1.4343
614050757,4,43.514,-1.4344
614050757,5,43.5139,-1.4345
614050757,6,43.5139,-1.4345
614050757,7,43.5138,-1.4345
614064922,0,43.498,-1.4194
614064922,1,43.498,-1.4193
614064922,2,43.498,-1.419
614064922,3,43.498,-1.4188
614064922,4,43.498,-1.4187
614064922,5,43.4981,-1.4181
614064922,6,43.4982,-1.4179
614065489,0,43.5041,-1.4218
614065489,1,43.5033,-1.4211
614065489,2,43.5029,-1.4209
614065489,3,43.5027,-1.4208
614065489,4,43.4994,-1.4198
614065489,5,43.4985,-1.4196
614065489,6,43.498,-1.4194
614065489,7,43.498,-1.4194
614065492,0,43.504,-1.4219
614065492,1,43.5041,-1.4218
614071849,0,43.4988,-1.4567
614071849,1,43.4989,-1.4563
614071849,2,43.4989,-1.4561
614071849,3,43.4989,-1.456
614071849,4,43.4991,-1.456
614071849,5,43.4993,-1.456
614071849,6,43.4993,-1.4563
614071849,7,43.4993,-1.4567
614071849,8,43.4991,-1.4567
614071849,9,43.4988,-1.4567
614249231,0,43.4921,-1.4957
614249231,1,43.4922,-1.4956
614249231,2,43.4924,-1.4955
614249231,3,43.4926,-1.4955
614249231,4,43.4926,-1.4954
614249231,5,43.4927,-1.4954
614249235,0,43.4927,-1.4954
614249235,1,43.4928,-1.4954
614249236,0,43.4927,-1.4954
614249236,1,43.4928,-1.4953
614249236,2,43.493,-1.4952
614249236,3,43.4932,-1.4949
614249236,4,43.4934,-1.4948
614249237,0,43.4937,-1.4947
614249237,1,43.4936,-1.4947
614249237,2,43.4935,-1.4947
614249237,3,43.4934,-1.4948
614249238,0,43.4934,-1.4948
614249238,1,43.4935,-1.4947
614249238,2,43.4935,-1.4946
614249238,3,43.4936,-1.4946
614249238,4,43.4936,-1.4946
614249238,5,43.4937,-1.4946
614249238,6,43.4937,-1.4946
614249239,0,43.4916,-1.4959
614249239,1,43.4915,-1.4959
614249239,2,43.4915,-1.4959
614249239,3,43.4915,-1.496
614249239,4,43.4914,-1.496
614249240,0,43.4916,-1.4959
614249240,1,43.4917,-1.4958
614249240,2,43.4919,-1.4958
614249240,3,43.4921,-1.4957
614249241,0,43.4919,-1.4952
614249241,1,43.4918,-1.4951
614249241,2,43.4918,-1.4951
614249241,3,43.4918,-1.495
614249241,4,43.4917,-1.4949
614249241,5,43.4917,-1.4949
614249241,6,43.4916,-1.4948
614249241,7,43.4915,-1.4946
614249241,8,43.4915,-1.4946
614249241,9,43.4913,-1.4944
614249241,10,43.4913,-1.4943
614249241,11,43.4912,-1.4942
614249241,12,43.4912,-1.4941
614249241,13,43.4911,-1.4941
616577601,0,43.5052,-1.461
616577601,1,43.5054,-1.461
616577601,2,43.5054,-1.461
616618548,0,43.5073,-1.4803
616618548,1,43.5072,-1.4802
616618548,2,43.5072,-1.4801
616618551,0,43.5072,-1.4801
616618551,1,43.5073,-1.4802
616618551,2,43.5074,-1.4802
617604940,0,43.4775,-1.4942
617604940,1,43.4775,-1.4938
629223683,0,43.497,-1.483
629223683,1,43.497,-1.483
629223683,2,43.4971,-1.4831
629223683,3,43.4971,-1.4832
629223683,4,43.4971,-1.4832
629223684,0,43.4965,-1.4835
629223684,1,43.4966,-1.4834
629223684,2,43.4966,-1.4833
629223685,0,43.4965,-1.4836
629223685,1,43.4962,-1.4839
629223685,2,43.4961,-1.484
634170313,0,43.4914,-1.4691
634170313,1,43.4915,-1.4693
634170313,2,43.4915,-1.4693
638481027,0,43.502,-1.4675
638481027,1,43.502,-1.4676
638481027,2,43.5019,-1.4676
638481027,3,43.5019,-1.4677
641858611,0,43.4941,-1.4776
641858611,1,43.4938,-1.478
641858611,2,43.4934,-1.4783
641858611,3,43.4934,-1.4783
641858611,4,43.4934,-1.4783
649576209,0,43.4935,-1.4772
649576209,1,43.4935,-1.4771
649576209,2,43.4938,-1.4769
649576209,3,43.4938,-1.4769
649576210,0,43.4925,-1.4782
649576210,1,43.4925,-1.4781
649576210,2,43.493,-1.4777
649576210,3,43.493,-1.4776
649576210,4,43.4935,-1.4772
649576211,0,43.4952,-1.4783
649576211,1,43.495,-1.4785
649902779,0,43.4934,-1.4757
649902779,1,43.4933,-1.4758
649902779,2,43.4933,-1.4759
649902779,3,43.4932,-1.4759
655225094,0,43.4964,-1.47
655225094,1,43.4963,-1.4702
655225094,2,43.4963,-1.4704
655225094,3,43.4963,-1.4705
655225094,4,43.4963,-1.4706
655225095,0,43.4956,-1.47
655225095,1,43.4956,-1.4701
655225095,2,43.4955,-1.4702
657250680,0,43.4949,-1.469
657250680,1,43.4949,-1.4691
657250680,2,43.495,-1.4692
657250680,3,43.495,-1.4692
657250680,4,43.4951,-1.4694
657250680,5,43.4951,-1.4695
657250680,6,43.4952,-1.4698
657250680,7,43.4952,-1.4698
657250680,8,43.4952,-1.4698
657250680,9,43.4952,-1.4699
657352567,0,43.5066,-1.4747
657352567,1,43.5067,-1.4748
657352567,2,43.5067,-1.4749
657352567,3,43.5067,-1.475
657352567,4,43.5067,-1.475
657352567,5,43.5066,-1.475
657352567,6,43.5066,-1.475
657352567,7,43.5066,-1.4749
657352567,8,43.5066,-1.4747
658704381,0,43.5035,-1.4636
658704381,1,43.5035,-1.4633
658704382,0,43.5037,-1.4631
658704382,1,43.5037,-1.4631
658704382,2,43.5037,-1.4632
658704382,3,43.5037,-1.4633
658704382,4,43.5035,-1.4633
658704382,5,43.5035,-1.4633
658704383,0,43.5035,-1.4631
658704383,1,43.5035,-1.4632
658704384,0,43.5035,-1.4633
658704384,1,43.5034,-1.4632
658705815,0,43.495,-1.4544
658705815,1,43.495,-1.4544
658705815,2,43.4945,-1.4543
658705815,3,43.4942,-1.4542
658705815,4,43.4941,-1.4542
658705815,5,43.494,-1.4542
658705815,6,43.494,-1.4542
658705815,7,43.494,-1.4543
658705815,8,43.4939,-1.4543
663185576,0,43.4829,-1.4664
663185576,1,43.4828,-1.4663
663185576,2,43.4828,-1.4663
663185576,3,43.4828,-1.4662
663185577,0,43.4829,-1.4662
663185577,1,43.4829,-1.4662
663185577,2,43.4829,-1.4663
663185577,3,43.4829,-1.4663
663185577,4,43.4829,-1.4664
663185578,0,43.4835,-1.4663
663185578,1,43.4834,-1.4663
663185578,2,43.4834,-1.4664
663185578,3,43.4834,-1.4665
663765398,0,43.4983,-1.4619
663765398,1,43.4983,-1.4619
663765398,2,43.4981,-1.4617
663765398,3,43.498,-1.4613
663765398,4,43.4979,-1.4611
663765399,0,43.4971,-1.4636
663765399,1,43.497,-1.4637
663905837,0,43.4789,-1.4984
663905837,1,43.4789,-1.4984
663905837,2,43.4789,-1.4983
663905837,3,43.4789,-1.498
663905837,4,43.4789,-1.4975
663905837,5,43.4789,-1.4973
663905837,6,43.4788,-1.4969
663905837,7,43.4787,-1.4965
664422001,0,43.474,-1.4532
664422001,1,43.4739,-1.4532
664422001,2,43.4738,-1.4532
664422001,3,43.4737,-1.4531
664422001,4,43.4736,-1.453
664422001,5,43.4735,-1.453
664422001,6,43.4735,-1.453
664422001,7,43.4734,-1.453
664422001,8,43.4734,-1.453
664422001,9,43.4732,-1.4531
664422001,10,43.4732,-1.4532
664422001,11,43.4732,-1.4532
664796210,0,43.4802,-1.4691
664796210,1,43.4802,-1.4692
664796210,2,43.4802,-1.4692
665675402,0,43.4844,-1.4802
665675402,1,43.4843,-1.4802
665675402,2,43.4843,-1.4802
665675402,3,43.4843,-1.4801
667491483,0,43.4945,-1.4697
667491483,1,43.4944,-1.4697
667491483,2,43.4942,-1.4694
667491483,3,43.4942,-1.4694
667499529,0,43.4937,-1.4463
667499529,1,43.4938,-1.4464
667499530,0,43.4937,-1.4467
667499530,1,43.4937,-1.4466
667499530,2,43.4937,-1.4463
667499530,3,43.4939,-1.4459
667499530,4,43.4939,-1.4458
667499531,0,43.4939,-1.4458
667499531,1,43.4939,-1.4459
667499531,2,43.4938,-1.4464
667499531,3,43.4937,-1.4466
667499531,4,43.4937,-1.4467
667499532,0,43.493,-1.4488
667499532,1,43.493,-1.4487
667499532,2,43.493,-1.4486
667499532,3,43.493,-1.4485
667499532,4,43.493,-1.4483
667499532,5,43.493,-1.4482
667499532,6,43.493,-1.4481
667499532,7,43.4931,-1.448
667499532,8,43.4931,-1.4479
667499532,9,43.4932,-1.4477
667499532,10,43.4934,-1.4473
667499532,11,43.4935,-1.4471
667499532,12,43.4935,-1.4471
667499532,13,43.4936,-1.447
667499532,14,43.4937,-1.4467
667504439,0,43.5027,-1.4435
667504439,1,43.5028,-1.4435
667504439,2,43.5028,-1.4436
667504439,3,43.5029,-1.4435
668639006,0,43.4841,-1.5017
668639006,1,43.4841,-1.5015
668639007,0,43.4839,-1.502
668639007,1,43.4838,-1.5019
668639008,0,43.4844,-1.5013
668639008,1,43.4841,-1.5016
668639008,2,43.4841,-1.5017
668639008,3,43.484,-1.5018
668639008,4,43.4839,-1.5019
668639008,5,43.4839,-1.502
668639008,6,43.4838,-1.502
668639008,7,43.4838,-1.5021
668639008,8,43.4837,-1.5022
668639008,9,43.4837,-1.5022
668639009,0,43.4844,-1.5013
668639009,1,43.4844,-1.5012
668639009,2,43.4844,-1.5012
668639009,3,43.4844,-1.5011
674203608,0,43.5022,-1.4617
674203608,1,43.5022,-1.4617
674203608,2,43.5022,-1.4617
674203608,3,43.5023,-1.4617
674203608,4,43.5025,-1.4624
674203608,5,43.5026,-1.4626
674203608,6,43.5027,-1.4627
674203608,7,43.5028,-1.4629
674203608,8,43.5028,-1.463
674203608,9,43.5027,-1.463
674203608,10,43.5027,-1.4631
678232863,0,43.4895,-1.4907
678232863,1,43.4896,-1.4907
678232863,2,43.4896,-1.4907
678232863,3,43.4897,-1.4908
678232863,4,43.4898,-1.4909
678232863,5,43.4899,-1.4909
678232863,6,43.49,-1.4909
678232863,7,43.4902,-1.491
678232863,8,43.4902,-1.491
678232863,9,43.4903,-1.4909
678232863,10,43.4903,-1.4909
681139920,0,43.4766,-1.4639
681139920,1,43.4765,-1.4644
681139920,2,43.4765,-1.4646
681139920,3,43.4764,-1.4647
681139920,4,43.4764,-1.4648
681139920,5,43.4764,-1.4648
689114981,0,43.5138,-1.436
689114981,1,43.5137,-1.4361
689114981,2,43.5137,-1.4361
689114981,3,43.5134,-1.4366
689114982,0,43.5137,-1.4359
689114982,1,43.5138,-1.436
691450305,0,43.4962,-1.4875
691450305,1,43.4961,-1.4877
691450305,2,43.496,-1.4877
691450306,0,43.4964,-1.488
691450306,1,43.4964,-1.488
691450306,2,43.4963,-1.4876
691450306,3,43.4962,-1.4875
691590807,0,43.4981,-1.487
691590807,1,43.4981,-1.487
691590807,2,43.498,-1.4871
691590807,3,43.498,-1.4871
691590807,4,43.498,-1.4871
691590807,5,43.498,-1.4872
691590807,6,43.4979,-1.4871
692412307,0,43.4863,-1.4891
692412307,1,43.4863,-1.4893
696615593,0,43.4947,-1.4788
696615593,1,43.4948,-1.4789
701044328,0,43.4907,-1.4715
701044328,1,43.4907,-1.4716
701044328,2,43.4907,-1.4722
706382546,0,43.4815,-1.5055
706382546,1,43.4815,-1.5056
706382546,2,43.4815,-1.5056
706382546,3,43.4814,-1.5056
706382546,4,43.4814,-1.5056
706382547,0,43.4817,-1.5055
706382547,1,43.4815,-1.5055
707654457,0,43.4935,-1.4617
707654457,1,43.4934,-1.4617
707654457,2,43.4933,-1.4618
707654457,3,43.4933,-1.4618
719398685,0,43.4934,-1.4615
719398685,1,43.4934,-1.4615
719398685,2,43.4935,-1.4616
719398686,0,43.4938,-1.4607
719398686,1,43.4937,-1.4607
719398686,2,43.4936,-1.4608
719398687,0,43.4936,-1.4606
719398687,1,43.4937,-1.4607
719398687,2,43.4937,-1.4607
719398688,0,43.4936,-1.4606
719398688,1,43.4936,-1.4606
719398688,2,43.4937,-1.4606
719398688,3,43.4937,-1.4606
719398688,4,43.4937,-1.4606
719398688,5,43.4938,-1.4607
719519169,0,43.4836,-1.502
719519169,1,43.4836,-1.5021
719519169,2,43.4836,-1.5021
719519169,3,43.4837,-1.5021
719519169,4,43.4837,-1.5022
719519169,5,43.4837,-1.5023
719519169,6,43.4837,-1.5024
719519169,7,43.4837,-1.5026
719519170,0,43.4835,-1.502
719519170,1,43.4836,-1.502
719519171,0,43.4886,-1.482
719519171,1,43.4886,-1.4821
719519171,2,43.4886,-1.4822
719519171,3,43.4886,-1.4824
719519171,4,43.4886,-1.4824
719918887,0,43.4973,-1.4679
719918887,1,43.4972,-1.468
719918887,2,43.4971,-1.4681
719918887,3,43.497,-1.4682
719918887,4,43.497,-1.4683
719918887,5,43.4969,-1.4684
719918887,6,43.4967,-1.4692
719918887,7,43.4966,-1.4694
722440369,0,43.4832,-1.4833
722440369,1,43.4832,-1.4833
722440369,2,43.4832,-1.4834
722440369,3,43.4833,-1.4834
722440369,4,43.4833,-1.4834
722440370,0,43.4832,-1.4833
722440370,1,43.4833,-1.4833
722440370,2,43.4833,-1.4833
722440370,3,43.4834,-1.4832
729910365,0,43.4969,-1.4638
729910365,1,43.4968,-1.4639
729910365,2,43.4967,-1.464
729910365,3,43.4967,-1.4641
729910366,0,43.4972,-1.4638
729910366,1,43.4971,-1.4636
731019900,0,43.4981,-1.4626
731019900,1,43.4982,-1.4627
731019901,0,43.4978,-1.463
731019901,1,43.4979,-1.4631
731019901,2,43.4979,-1.4632
731020994,0,43.4971,-1.4636
731020994,1,43.497,-1.4636
731020994,2,43.4969,-1.4635
731020994,3,43.4969,-1.4635
731020994,4,43.4968,-1.4635
731020994,5,43.4968,-1.4634
731020994,6,43.4967,-1.4633
739530608,0,43.495,-1.4676
739530608,1,43.495,-1.4675
739530608,2,43.495,-1.4674
739530609,0,43.495,-1.4673
739530609,1,43.4951,-1.4674
739530609,2,43.4951,-1.4675
739530609,3,43.495,-1.4676
739842138,0,43.4795,-1.4584
739842138,1,43.4794,-1.4585
739842138,2,43.4792,-1.4589
739842138,3,43.4792,-1.4589
739842138,4,43.4791,-1.459
739842138,5,43.4791,-1.459
744188823,0,43.5177,-1.4651
744188823,1,43.5175,-1.4652
744188824,0,43.5175,-1.4652
744188824,1,43.5168,-1.4655
744188824,2,43.5163,-1.4658
744664093,0,43.5063,-1.4672
744664093,1,43.5063,-1.4673
744664093,2,43.5063,-1.4674
744664093,3,43.5063,-1.4674
744664093,4,43.5062,-1.4676
744664093,5,43.5062,-1.4677
744664093,6,43.5063,-1.4679
744664093,7,43.5063,-1.4682
745287179,0,43.4825,-1.5052
745287179,1,43.4825,-1.5051
745287179,2,43.4825,-1.5049
745287179,3,43.4826,-1.5044
745287179,4,43.4827,-1.5043
745287179,5,43.4827,-1.5041
745287179,6,43.4828,-1.5038
745287179,7,43.4828,-1.5037
745287179,8,43.4829,-1.5037
745327711,0,43.4903,-1.4954
745327711,1,43.4902,-1.4952
745327712,0,43.4904,-1.4955
745327712,1,43.4904,-1.4956
745327712,2,43.4904,-1.4956
745327712,3,43.4905,-1.4957
745327712,4,43.4905,-1.4957
745327712,5,43.4905,-1.4957
748805389,0,43.4743,-1.4524
748805389,1,43.4743,-1.4524
748805389,2,43.4744,-1.4524
748805389,3,43.4744,-1.4526
748805389,4,43.4745,-1.4527
748805389,5,43.4746,-1.4527
748805389,6,43.4747,-1.4528
748805389,7,43.4747,-1.4528
748805389,8,43.4749,-1.453
748805389,9,43.475,-1.4531
748805389,10,43.475,-1.4532
748937347,0,43.4931,-1.4728
748937347,1,43.4931,-1.473
748941127,0,43.4952,-1.4706
748941127,1,43.4944,-1.4717
753549614,0,43.4832,-1.4524
753549614,1,43.4832,-1.4524
753549614,2,43.4832,-1.4524
753549614,3,43.4832,-1.4524
753549614,4,43.4832,-1.4524
753549614,5,43.4832,-1.4524
753549614,6,43.4832,-1.4523
753549614,7,43.4832,-1.4523
753549614,8,43.4832,-1.4523
753549614,9,43.4832,-1.4523
753549614,10,43.4832,-1.4523
753549614,11,43.4832,-1.4523
753549614,12,43.4833,-1.4523
753549614,13,43.4833,-1.4523
753549614,14,43.4833,-1.4524
753549614,15,43.4833,-1.4524
753549614,16,43.4832,-1.4524
755253895,0,43.4927,-1.4772
755253895,1,43.4931,-1.4768
755253895,2,43.4935,-1.4764
766258664,0,43.4938,-1.4951
766258664,1,43.4938,-1.4952
766258664,2,43.4939,-1.4953
766258664,3,43.4939,-1.4954
766258664,4,43.4939,-1.4955
766258664,5,43.4939,-1.4956
766258664,6,43.4939,-1.4958
766258664,7,43.4939,-1.4959
766258664,8,43.494,-1.4962
766258664,9,43.494,-1.4966
766258664,10,43.494,-1.4968
766258664,11,43.494,-1.4969
766258664,12,43.494,-1.4972
766258664,13,43.494,-1.4975
766258664,14,43.4939,-1.4977
769596968,0,43.488,-1.4753
769596968,1,43.488,-1.4752
769596969,0,43.4879,-1.4745
769596969,1,43.4879,-1.4745
775116630,0,43.4689,-1.4966
775116630,1,43.469,-1.4963
775116631,0,43.4685,-1.4961
775116631,1,43.4685,-1.4961
775116631,2,43.469,-1.4963
775116631,3,43.469,-1.4963
775116631,4,43.4694,-1.4965
775116631,5,43.4694,-1.4965
775116631,6,43.4697,-1.4966
775116631,7,43.4697,-1.4966
775116631,8,43.4697,-1.4966
775116631,9,43.4697,-1.4968
775116631,10,43.4696,-1.4969
775116631,11,43.4694,-1.4967
775116631,12,43.4693,-1.4967
775116631,13,43.469,-1.4966
775116631,14,43.4689,-1.4966
775116631,15,43.4689,-1.4965
775116631,16,43.4687,-1.4965
775116631,17,43.4684,-1.4964
775116631,18,43.4684,-1.4964
775116632,0,43.4685,-1.4961
775116632,1,43.4687,-1.4954
775116632,2,43.4688,-1.4951
775116632,3,43.4689,-1.4951
775116632,4,43.4689,-1.4951
775116632,5,43.469,-1.4951
775116632,6,43.4692,-1.4952
775116632,7,43.4693,-1.4952
775116632,8,43.4695,-1.4953
775116632,9,43.4695,-1.4953
775116632,10,43.4696,-1.4953
775116632,11,43.4696,-1.4954
775116632,12,43.4696,-1.4955
775116632,13,43.4696,-1.4956
775116632,14,43.4695,-1.4956
775116632,15,43.4695,-1.4958
775116632,16,43.4694,-1.4963
775116632,17,43.4694,-1.4965
786321714,0,43.4926,-1.4734
786321714,1,43.4926,-1.4734
786321714,2,43.4927,-1.4733
786321714,3,43.4928,-1.4733
786321715,0,43.4928,-1.4733
786321715,1,43.493,-1.4731
786321715,2,43.4931,-1.473
786321718,0,43.4921,-1.4716
786321718,1,43.4921,-1.4715
786321718,2,43.4918,-1.4709
786321718,3,43.4916,-1.4703
786321718,4,43.4916,-1.4702
789683692,0,43.4834,-1.5027
789683692,1,43.4833,-1.5027
789683692,2,43.4832,-1.5026
789683693,0,43.4834,-1.502
789683693,1,43.4834,-1.502
789683693,2,43.4835,-1.502
789683694,0,43.4881,-1.4828
789683694,1,43.488,-1.4827
789683694,2,43.488,-1.4826
789683694,3,43.4879,-1.4825
789683694,4,43.4879,-1.4824
789683694,5,43.4879,-1.4822
789683695,0,43.4885,-1.4819
789683695,1,43.4886,-1.482
789683696,0,43.488,-1.4603
789683696,1,43.4883,-1.4596
789683696,2,43.4887,-1.4584
789683697,0,43.4913,-1.4496
789683697,1,43.4916,-1.4496
789683697,2,43.4918,-1.4495
789683716,0,43.4967,-1.4756
789683716,1,43.4967,-1.4755
789683716,2,43.4967,-1.4754
789683716,3,43.4966,-1.4752
789683716,4,43.4966,-1.475
789683716,5,43.4966,-1.4749
789683717,0,43.4967,-1.4749
789683717,1,43.4967,-1.4749
789683717,2,43.4967,-1.475
789683717,3,43.4967,-1.4752
789683717,4,43.4967,-1.4754
789683717,5,43.4967,-1.4756
789683719,0,43.4896,-1.4569
789683719,1,43.4892,-1.4577
789683719,2,43.4889,-1.4581
789683719,3,43.4886,-1.459
789683719,4,43.4882,-1.4599
789683719,5,43.488,-1.4604
789683720,0,43.4949,-1.4484
789683720,1,43.4947,-1.4485
789683720,2,43.4945,-1.4487
789683720,3,43.4941,-1.4489
789683720,4,43.4938,-1.449
789683720,5,43.4935,-1.4492
789683720,6,43.493,-1.4494
789683720,7,43.4927,-1.4495
789683720,8,43.4923,-1.4496
789683720,9,43.492,-1.4497
789683720,10,43.4916,-1.4498
789683720,11,43.4913,-1.4498
795648749,0,43.4974,-1.4641
795648749,1,43.4973,-1.4639
795648749,2,43.4972,-1.4638
795648750,0,43.4972,-1.4638
795648750,1,43.4972,-1.4636
795648750,2,43.4972,-1.4635
802158113,0,43.5076,-1.4865
802158113,1,43.5076,-1.4864
802158113,2,43.5075,-1.4864
802158113,3,43.5075,-1.4864
807118287,0,43.4946,-1.4778
807118287,1,43.4945,-1.4776
807118287,2,43.4944,-1.4772
807118287,3,43.4943,-1.477
807118287,4,43.4943,-1.477
807118287,5,43.4941,-1.4768
807118287,6,43.4941,-1.4767
807118287,7,43.494,-1.4766
807120956,0,43.4881,-1.4816
807120956,1,43.4882,-1.4817
807120956,2,43.4883,-1.4817
807582642,0,43.4911,-1.4968
807582642,1,43.4909,-1.4968
807582642,2,43.4909,-1.4969
807582642,3,43.4909,-1.4969
807582642,4,43.4909,-1.497
807582642,5,43.4909,-1.497
807582642,6,43.4909,-1.4971
807582642,7,43.4909,-1.4973
807582642,8,43.491,-1.4974
807582642,9,43.491,-1.4976
807582642,10,43.491,-1.4977
807582642,11,43.491,-1.4978
807582642,12,43.491,-1.4978
807582643,0,43.4914,-1.4961
807582643,1,43.4914,-1.4962
807582644,0,43.4953,-1.4914
807582644,1,43.4955,-1.4913
807582644,2,43.4959,-1.4912
807582644,3,43.4962,-1.4911
807582644,4,43.4965,-1.4912
807582644,5,43.4969,-1.4912
807582644,6,43.4971,-1.4913
807582644,7,43.4972,-1.4913
807582644,8,43.4973,-1.4913
807582644,9,43.4975,-1.4912
807582644,10,43.4977,-1.4911
807582644,11,43.4979,-1.491
807582644,12,43.498,-1.4909
807582644,13,43.498,-1.4909
807582644,14,43.4982,-1.4908
808541537,0,43.4831,-1.5029
808541537,1,43.4832,-1.5027
808541537,2,43.4832,-1.5026
808541538,0,43.4832,-1.5029
808541538,1,43.4832,-1.5032
808541538,2,43.4831,-1.5033
808541538,3,43.483,-1.5037
808541538,4,43.483,-1.5039
808541538,5,43.483,-1.5039
808541538,6,43.4829,-1.5042
808541538,7,43.4828,-1.5047
808541538,8,43.4827,-1.5049
808541538,9,43.4826,-1.5055
808541538,10,43.4826,-1.5058
808541538,11,43.4825,-1.506
808541538,12,43.4825,-1.5062
808541538,13,43.4824,-1.5066
808541538,14,43.4823,-1.5069
808541538,15,43.4823,-1.507
808541538,16,43.4823,-1.5072
808541538,17,43.4822,-1.5075
808541538,18,43.4821,-1.5078
808541538,19,43.4821,-1.5081
808541538,20,43.482,-1.5086
808541538,21,43.482,-1.5086
808541538,22,43.4818,-1.5092
808541538,23,43.4818,-1.5093
808541538,24,43.4818,-1.5094
808541538,25,43.4817,-1.5096
808541538,26,43.4817,-1.5097
808541538,27,43.4817,-1.5099
808594895,0,43.4835,-1.5027
808594895,1,43.4834,-1.5027
808594895,2,43.4834,-1.5027
808594896,0,43.485,-1.4948
808594896,1,43.485,-1.4947
808594896,2,43.4851,-1.4944
808594896,3,43.4851,-1.4943
808594896,4,43.4851,-1.4942
808594896,5,43.4852,-1.4941
808594896,6,43.4852,-1.494
808594896,7,43.4853,-1.4935
808594896,8,43.4854,-1.493
808594896,9,43.4855,-1.4926
808594896,10,43.4856,-1.4923
808594896,11,43.4856,-1.492
808594896,12,43.4856,-1.4916
808594896,13,43.4857,-1.4912
808594896,14,43.4858,-1.4911
808594896,15,43.4858,-1.491
808594896,16,43.4858,-1.4908
808594896,17,43.4859,-1.4904
808594897,0,43.4841,-1.4994
808594897,1,43.4837,-1.5008
808594897,2,43.4837,-1.501
808594897,3,43.4836,-1.5014
808594898,0,43.4818,-1.498
808594898,1,43.4818,-1.498
808594898,2,43.4817,-1.498
808594898,3,43.4817,-1.498
808594898,4,43.4816,-1.4983
808594898,5,43.4815,-1.4984
808594898,6,43.4811,-1.4991
808594898,7,43.4811,-1.4992
808594898,8,43.481,-1.4994
808594898,9,43.4809,-1.4997
808594898,10,43.4805,-1.5003
808594898,11,43.4804,-1.5006
808594898,12,43.4804,-1.5006
808594898,13,43.4803,-1.5008
808594898,14,43.4802,-1.5009
808594898,15,43.4801,-1.5012
808594898,16,43.48,-1.5013
808594898,17,43.48,-1.5013
808594898,18,43.48,-1.5014
808594899,0,43.48,-1.5014
808594899,1,43.4797,-1.5019
808594899,2,43.4794,-1.5024
808594899,3,43.4794,-1.5025
808594899,4,43.4793,-1.5027
808594899,5,43.4792,-1.5028
808594899,6,43.4791,-1.503
808594899,7,43.479,-1.5032
808594900,0,43.4783,-1.4932
808594900,1,43.4782,-1.493
808594900,2,43.4782,-1.493
808594900,3,43.4782,-1.4929
808594901,0,43.4784,-1.4917
808594901,1,43.4784,-1.4921
808594901,2,43.4784,-1.4921
808594902,0,43.4813,-1.482
808594902,1,43.4813,-1.4818
808594902,2,43.4813,-1.4817
808594902,3,43.4812,-1.4815
808594902,4,43.4812,-1.4814
808594902,5,43.4812,-1.4813
808594902,6,43.4811,-1.4812
808594903,0,43.4818,-1.4777
808594903,1,43.4818,-1.4776
808594903,2,43.4818,-1.4775
808594903,3,43.4818,-1.4774
809076087,0,43.4896,-1.4921
809076087,1,43.4896,-1.492
809076087,2,43.4897,-1.4919
809076087,3,43.4898,-1.4916
809076088,0,43.4893,-1.4923
809076088,1,43.4894,-1.4923
809076088,2,43.4895,-1.4923
809076088,3,43.4896,-1.4922
809076088,4,43.4896,-1.4921
809248274,0,43.4985,-1.4942
809248274,1,43.4984,-1.4943
809248274,2,43.4984,-1.4945
809248274,3,43.4983,-1.4946
809248274,4,43.4982,-1.4946
809248274,5,43.4982,-1.4946
809248274,6,43.4981,-1.4946
809248274,7,43.4981,-1.4947
809248275,0,43.4982,-1.4936
809248275,1,43.4983,-1.4936
809282022,0,43.4912,-1.4696
809282022,1,43.4913,-1.4696
809282022,2,43.4915,-1.4702
809282022,3,43.4916,-1.4702
809282022,4,43.4916,-1.4702
809484027,0,43.4773,-1.4575
809484027,1,43.477,-1.4573
809484027,2,43.4769,-1.4573
809484027,3,43.4768,-1.4572
809484027,4,43.4766,-1.4571
809484027,5,43.4765,-1.457
809484027,6,43.4764,-1.4569
809484027,7,43.4763,-1.4569
809484027,8,43.4762,-1.4567
809484027,9,43.4761,-1.4565
809484027,10,43.476,-1.4563
809484027,11,43.4759,-1.4561
809484027,12,43.4758,-1.4558
809484027,13,43.4758,-1.4557
809484027,14,43.4757,-1.4556
809484027,15,43.4757,-1.4556
809484027,16,43.4756,-1.4555
809484027,17,43.4755,-1.4554
809484028,0,43.4983,-1.4936
809484028,1,43.4984,-1.4936
809484028,2,43.4984,-1.4937
809484028,3,43.4985,-1.4938
809484029,0,43.4979,-1.4945
809484029,1,43.4978,-1.4944
809484029,2,43.4978,-1.4943
809484029,3,43.4978,-1.4943
809484029,4,43.4978,-1.4942
810350687,0,43.5063,-1.4303
810350687,1,43.5062,-1.4301
810350687,2,43.5057,-1.4296
810350687,3,43.5056,-1.4295
810350687,4,43.5055,-1.4294
810350687,5,43.5052,-1.4289
810350687,6,43.5052,-1.4288
810350687,7,43.5051,-1.4288
810350687,8,43.5046,-1.4278
810350687,9,43.5045,-1.4277
810350687,10,43.5044,-1.4275
810350687,11,43.5039,-1.4267
810350687,12,43.5035,-1.4264
810350687,13,43.5033,-1.4261
810350687,14,43.5031,-1.4258
810350687,15,43.5031,-1.4256
810350687,16,43.5031,-1.4253
810350687,17,43.5033,-1.4246
810350687,18,43.5036,-1.4235
810350687,19,43.504,-1.4219
812621960,0,43.4935,-1.4728
812621960,1,43.4933,-1.4729
812621961,0,43.4931,-1.473
812621961,1,43.4933,-1.4729
812628543,0,43.4925,-1.4737
812628543,1,43.4925,-1.4737
812628543,2,43.4925,-1.4736
812743531,0,43.4585,-1.4981
812743531,1,43.4586,-1.498
812743531,2,43.4586,-1.4978
812743531,3,43.4587,-1.4977
812743531,4,43.4588,-1.4974
812743531,5,43.459,-1.4972
812743531,6,43.459,-1.4971
812743531,7,43.4591,-1.4971
812761285,0,43.4753,-1.4905
812761285,1,43.4753,-1.4907
812761285,2,43.4753,-1.4908
812761286,0,43.4754,-1.4902
812761286,1,43.4753,-1.4905
812761287,0,43.4753,-1.4934
812761287,1,43.4753,-1.4935
812761287,2,43.4753,-1.4935
812761287,3,43.4754,-1.4936
812761287,4,43.4754,-1.4937
812761287,5,43.4754,-1.4939
812761287,6,43.4753,-1.494
812761287,7,43.475,-1.4944
812761287,8,43.4749,-1.4945
812761287,9,43.4749,-1.4946
812761287,10,43.4749,-1.495
812761287,11,43.4748,-1.4954
812761287,12,43.4748,-1.4958
812761287,13,43.4747,-1.496
812761287,14,43.4747,-1.4961
812761287,15,43.4746,-1.4962
812761287,16,43.4745,-1.4963
812761287,17,43.4744,-1.4964
812761287,18,43.4743,-1.4965
812761287,19,43.4742,-1.4965
812761287,20,43.4741,-1.4965
812761287,21,43.474,-1.4965
812761287,22,43.4738,-1.4964
812761287,23,43.4737,-1.4964
812761287,24,43.4737,-1.4964
812761287,25,43.4737,-1.4964
812761288,0,43.4753,-1.4934
812761288,1,43.4755,-1.4934
812761288,2,43.4758,-1.4932
812761288,3,43.4762,-1.4931
812761288,4,43.4763,-1.4931
812761288,5,43.4763,-1.493
812761288,6,43.4763,-1.493
812765979,0,43.4776,-1.5044
812765979,1,43.4778,-1.5045
812765979,2,43.4779,-1.5046
812765980,0,43.4789,-1.5048
812765980,1,43.4789,-1.5049
812765981,0,43.4789,-1.5048
812765981,1,43.479,-1.505
812765981,2,43.4791,-1.505
812765981,3,43.4791,-1.5051
812765981,4,43.4792,-1.5052
812765981,5,43.4792,-1.5052
812765981,6,43.4793,-1.5054
812765981,7,43.4794,-1.5055
812765981,8,43.4794,-1.5056
812903156,0,43.4946,-1.4778
812903156,1,43.4947,-1.4779
812903156,2,43.4947,-1.478
812903156,3,43.4948,-1.478
812903156,4,43.4949,-1.4781
812903157,0,43.4943,-1.479
812903157,1,43.4944,-1.4788
812903157,2,43.4945,-1.4787
812903157,3,43.4947,-1.4783
812903157,4,43.4947,-1.4783
812903157,5,43.4948,-1.4782
812913583,0,43.4933,-1.48
812913583,1,43.4932,-1.4802
812913583,2,43.4929,-1.4804
812913583,3,43.4928,-1.4805
812913583,4,43.4927,-1.4806
812913583,5,43.4923,-1.4808
812914370,0,43.4916,-1.4812
812914370,1,43.4917,-1.4811
812914370,2,43.4918,-1.481
812914370,3,43.492,-1.4808
812914370,4,43.4921,-1.4808
812914370,5,43.4923,-1.4807
812914371,0,43.4923,-1.4807
812914371,1,43.4927,-1.4804
812914371,2,43.4931,-1.48
812914371,3,43.4933,-1.4799
812915310,0,43.4923,-1.4808
812915310,1,43.4923,-1.4809
812915310,2,43.4922,-1.481
812915310,3,43.4921,-1.4811
812915310,4,43.4921,-1.4811
812915310,5,43.4919,-1.4812
812915310,6,43.4919,-1.4813
812915310,7,43.4918,-1.4813
812915310,8,43.4917,-1.4813
812915310,9,43.4917,-1.4813
812915311,0,43.4917,-1.4813
812915311,1,43.4914,-1.4815
812915311,2,43.4913,-1.4815
812919763,0,43.4913,-1.4815
812919763,1,43.4911,-1.4814
812919763,2,43.4911,-1.4813
812919763,3,43.4911,-1.4812
812920005,0,43.4913,-1.4815
812920005,1,43.4912,-1.4816
812920005,2,43.4911,-1.4817
812920005,3,43.4909,-1.4817
812920005,4,43.4908,-1.4818
812920005,5,43.4906,-1.4819
812920005,6,43.4906,-1.4819
812920005,7,43.4904,-1.482
812920005,8,43.4902,-1.482
812920005,9,43.4901,-1.4821
812929230,0,43.4901,-1.4821
812929230,1,43.49,-1.4821
812929230,2,43.4898,-1.4822
812929230,3,43.4897,-1.4823
812929232,0,43.4889,-1.4823
812929232,1,43.489,-1.4823
812929232,2,43.489,-1.4823
812929232,3,43.4891,-1.4823
812929232,4,43.4892,-1.4823
812929232,5,43.4893,-1.4822
812929232,6,43.4894,-1.4821
812929232,7,43.4895,-1.4821
812929232,8,43.4896,-1.4821
812929232,9,43.4897,-1.4821
812937138,0,43.4891,-1.4827
812937138,1,43.489,-1.4826
812937570,0,43.489,-1.4826
812937570,1,43.4886,-1.4827
812937570,2,43.4883,-1.4828
812944455,0,43.4886,-1.4824
812944455,1,43.4886,-1.4825
812944455,2,43.4886,-1.4825
812944455,3,43.4885,-1.4826
812944455,4,43.4885,-1.4827
812944455,5,43.4885,-1.4827
812944455,6,43.4884,-1.4828
812944455,7,43.4883,-1.4828
812944458,0,43.4943,-1.4791
812944458,1,43.494,-1.4794
812944458,2,43.4936,-1.4797
812944458,3,43.4935,-1.4799
812944458,4,43.4933,-1.48
812948143,0,43.4952,-1.4783
812948143,1,43.4952,-1.4785
812948143,2,43.4952,-1.4785
812948143,3,43.4953,-1.4787
812948143,4,43.4953,-1.4789
813826233,0,43.4932,-1.4615
813826233,1,43.4933,-1.4615
813826233,2,43.4933,-1.4615
813826233,3,43.4934,-1.4615
813826234,0,43.4933,-1.4617
813826234,1,43.4933,-1.4616
813826234,2,43.4932,-1.4615
814495129,0,43.504,-1.4502
814495129,1,43.504,-1.45
814495129,2,43.504,-1.4499
814495129,3,43.5044,-1.4486
814495130,0,43.5033,-1.4498
814495130,1,43.5034,-1.45
814495130,2,43.5035,-1.4501
814495130,3,43.5035,-1.4501
814495130,4,43.5036,-1.4502
814495130,5,43.5036,-1.4503
814495130,6,43.5036,-1.4505
814496536,0,43.5023,-1.4551
814496536,1,43.5022,-1.4552
814496536,2,43.5022,-1.4555
814496536,3,43.5022,-1.4557
814496536,4,43.5022,-1.4557
814496536,5,43.5022,-1.4558
814496536,6,43.5023,-1.4558
814496536,7,43.5023,-1.4559
814497962,0,43.5021,-1.4564
814497962,1,43.502,-1.4565
814497962,2,43.5019,-1.4566
814497963,0,43.5021,-1.4562
814497963,1,43.5021,-1.4562
814497963,2,43.5022,-1.4561
814498903,0,43.4938,-1.4916
814498903,1,43.4937,-1.4916
814498903,2,43.4937,-1.4916
814498903,3,43.4937,-1.4917
814498905,0,43.4938,-1.4915
814498905,1,43.4938,-1.4915
814498905,2,43.4938,-1.4916
814498905,3,43.4938,-1.4916
814498905,4,43.4938,-1.4916
815930674,0,43.4903,-1.4609
815930674,1,43.4902,-1.4608
815930674,2,43.4901,-1.4605
815930674,3,43.49,-1.4603
815930674,4,43.4899,-1.4599
815930674,5,43.4898,-1.4599
815930674,6,43.4898,-1.4598
816154878,0,43.496,-1.4698
816154878,1,43.496,-1.4698
816154878,2,43.4959,-1.4697
816164800,0,43.4863,-1.4655
816164800,1,43.4863,-1.4657
816164800,2,43.4863,-1.4662
816164800,3,43.4863,-1.4664
816164800,4,43.4863,-1.4665
816164800,5,43.4863,-1.4666
816164802,0,43.487,-1.463
816164802,1,43.4868,-1.4635
816580182,0,43.4798,-1.4895
816580182,1,43.4799,-1.4895
816580182,2,43.4799,-1.4894
816580183,0,43.4815,-1.4836
816580183,1,43.4815,-1.4831
816580183,2,43.4815,-1.4829
816585956,0,43.4678,-1.4979
816585956,1,43.4677,-1.4978
816585956,2,43.4676,-1.4978
816585956,3,43.4676,-1.4977
816585956,4,43.4674,-1.4976
816585957,0,43.4674,-1.4976
816585957,1,43.4675,-1.4976
816585957,2,43.4677,-1.4977
816585957,3,43.4677,-1.4977
816585957,4,43.4678,-1.4977
816585958,0,43.4661,-1.4954
816585958,1,43.4661,-1.4956
816585958,2,43.4661,-1.4958
816585958,3,43.4661,-1.4959
816585959,0,43.4661,-1.4959
816585959,1,43.466,-1.4957
816585959,2,43.4659,-1.4956
816585959,3,43.4659,-1.4955
816588286,0,43.4648,-1.4954
816588286,1,43.4641,-1.4955
816588286,2,43.4639,-1.4956
816588286,3,43.4638,-1.4956
816590042,0,43.4641,-1.4955
816590042,1,43.464,-1.4958
816590043,0,43.464,-1.4958
816590043,1,43.464,-1.4957
816590043,2,43.464,-1.4957
816590043,3,43.464,-1.4956
816590043,4,43.4639,-1.4956
816592103,0,43.4608,-1.496
816592103,1,43.4611,-1.496
816592104,0,43.4606,-1.4959
816592104,1,43.4607,-1.496
816592104,2,43.4607,-1.496
816592104,3,43.4608,-1.496
816592105,0,43.4608,-1.4961
816592105,1,43.4607,-1.4961
816592105,2,43.4606,-1.4961
816592105,3,43.4606,-1.4961
816592106,0,43.4611,-1.4962
816592106,1,43.4608,-1.4961
816623297,0,43.5035,-1.4667
816623297,1,43.5035,-1.4662
816629647,0,43.4836,-1.503
816629647,1,43.4836,-1.5032
816629647,2,43.4836,-1.5033
816629647,3,43.4836,-1.5035
816629647,4,43.4836,-1.5036
816629647,5,43.4837,-1.5038
816629647,6,43.4837,-1.5039
816629647,7,43.4837,-1.504
816629647,8,43.4837,-1.5041
816629647,9,43.4838,-1.5041
816629647,10,43.4838,-1.5042
816629647,11,43.4838,-1.5043
816629647,12,43.4839,-1.5043
816629647,13,43.4839,-1.5044
816629648,0,43.4837,-1.5026
816629648,1,43.4836,-1.5028
816629648,2,43.4836,-1.503
817634484,0,43.4892,-1.4791
817634484,1,43.4894,-1.479
817634485,0,43.4892,-1.4791
817634485,1,43.4892,-1.4791
818438728,0,43.5017,-1.4595
818438728,1,43.5017,-1.4584
818438728,2,43.5017,-1.4582
818438728,3,43.5018,-1.458
818438728,4,43.5018,-1.4578
818438728,5,43.5019,-1.4575
818438728,6,43.5019,-1.4573
818781953,0,43.4901,-1.4536
818781953,1,43.4901,-1.4537
818781953,2,43.49,-1.4539
818781953,3,43.49,-1.454
819347185,0,43.5012,-1.4597
819347185,1,43.5017,-1.4595
819347186,0,43.499,-1.46
819347186,1,43.4991,-1.46
819347186,2,43.4992,-1.46
819347186,3,43.4992,-1.46
819347186,4,43.4993,-1.46
819347186,5,43.4993,-1.46
819347186,6,43.4994,-1.4599
821137572,0,43.4891,-1.4827
821137572,1,43.4887,-1.4836
824260758,0,43.4937,-1.4576
824260758,1,43.4937,-1.4576
824260758,2,43.4938,-1.4576
824260759,0,43.4939,-1.4543
824260759,1,43.4939,-1.454
824271544,0,43.4969,-1.4562
824271544,1,43.4971,-1.4562
824271544,2,43.4972,-1.4562
824271545,0,43.4939,-1.4583
824271545,1,43.4941,-1.4582
824271545,2,43.4943,-1.4581
824273656,0,43.4929,-1.4599
824273656,1,43.4935,-1.4596
824273656,2,43.4936,-1.4596
824273656,3,43.4936,-1.4595
828178524,0,43.5045,-1.4279
828178524,1,43.5045,-1.428
828178524,2,43.5046,-1.428
828178524,3,43.5046,-1.4281
828178524,4,43.5047,-1.4283
828178524,5,43.505,-1.4289
828178524,6,43.5053,-1.4294
828178524,7,43.5054,-1.4296
828178524,8,43.5055,-1.4298
828178524,9,43.5056,-1.4298
828178525,0,43.5051,-1.4288
828178525,1,43.505,-1.4289
828178526,0,43.5038,-1.4289
828178526,1,43.5042,-1.4284
828178526,2,43.5043,-1.4284
828178526,3,43.5044,-1.4285
828178526,4,43.5045,-1.4285
828178526,5,43.5047,-1.4283
828178527,0,43.5043,-1.4296
828178527,1,43.5045,-1.4294
828178527,2,43.5045,-1.4293
828178527,3,43.5047,-1.4291
828178527,4,43.5048,-1.4291
828178527,5,43.505,-1.4289
828178528,0,43.5047,-1.4303
828178528,1,43.5048,-1.4301
828178528,2,43.5048,-1.43
828178528,3,43.5048,-1.43
828178528,4,43.505,-1.4298
828178528,5,43.505,-1.4297
828178528,6,43.5051,-1.4297
828178528,7,43.5052,-1.4296
828178528,8,43.5053,-1.4294
833618376,0,43.493,-1.4965
833618376,1,43.4929,-1.4966
833618376,2,43.4929,-1.4968
833618376,3,43.4929,-1.4969
833618376,4,43.493,-1.497
833618376,5,43.4931,-1.497
833618376,6,43.4932,-1.4972
843423902,0,43.4877,-1.4832
843423902,1,43.4874,-1.4845
843423902,2,43.4873,-1.4852
843423902,3,43.4872,-1.4855
843423902,4,43.487,-1.4863
843423902,5,43.4869,-1.4867
843423902,6,43.4869,-1.4869
843423902,7,43.4868,-1.4872
843423902,8,43.4866,-1.4878
843423902,9,43.4864,-1.4885
843423902,10,43.4863,-1.4891
851879531,0,43.4913,-1.4815
851879531,1,43.4914,-1.4813
851879531,2,43.4916,-1.4812
862827159,0,43.4882,-1.4492
862827159,1,43.4872,-1.4489
866034254,0,43.4873,-1.4488
866034254,1,43.4875,-1.4488
868006907,0,43.4956,-1.4717
868006907,1,43.4956,-1.4717
871583272,0,43.4954,-1.4712
871583272,1,43.4954,-1.4712
871583391,0,43.4957,-1.4709
871583391,1,43.4954,-1.4712
871583391,2,43.4954,-1.4712
871584596,0,43.4958,-1.4708
871584596,1,43.4957,-1.4709
871584596,2,43.4957,-1.4709
871585708,0,43.4954,-1.4712
871585708,1,43.4954,-1.4712
871585708,2,43.4955,-1.4714
871585708,3,43.4956,-1.4717
871586145,0,43.4956,-1.4717
871586145,1,43.4957,-1.4717
871588008,0,43.4962,-1.4705
871588008,1,43.4963,-1.4705
871588008,2,43.4963,-1.4705
871590577,0,43.4948,-1.4702
871590577,1,43.4946,-1.4698
871590577,2,43.4945,-1.4697
874190046,0,43.4943,-1.4608
874190046,1,43.4945,-1.4609
874190047,0,43.4946,-1.4609
874190047,1,43.4946,-1.4609
874190047,2,43.4945,-1.4608
874190047,3,43.4946,-1.4608
874190047,4,43.4946,-1.4607
874190048,0,43.4945,-1.4608
874190048,1,43.4945,-1.4608
874190048,2,43.4945,-1.4609
874190048,3,43.4945,-1.4609
874190049,0,43.4945,-1.4609
874190049,1,43.4946,-1.4609
878954269,0,43.4933,-1.4576
878954269,1,43.4928,-1.4569
879841764,0,43.5184,-1.4647
879841764,1,43.5183,-1.4648
879841764,2,43.5177,-1.4651
880292149,0,43.4921,-1.454
880292149,1,43.4924,-1.4546
883811197,0,43.4941,-1.4872
883811197,1,43.4945,-1.4869
884708901,0,43.4952,-1.4855
884708901,1,43.4947,-1.4858
884708901,2,43.4946,-1.4858
884708902,0,43.496,-1.4853
884708902,1,43.4959,-1.4853
884708902,2,43.4957,-1.4854
884708902,3,43.4956,-1.4854
884708902,4,43.4953,-1.4855
884708902,5,43.4952,-1.4855
884708903,0,43.4945,-1.4829
884708903,1,43.4945,-1.4829
884708903,2,43.4947,-1.4835
884708903,3,43.4951,-1.4851
884708904,0,43.4941,-1.4831
884708904,1,43.4942,-1.4831
884708904,2,43.4944,-1.4829
884708904,3,43.4945,-1.4829
884708905,0,43.4941,-1.4831
884708905,1,43.4943,-1.4836
884708905,2,43.4943,-1.4837
884708905,3,43.4945,-1.4852
884708905,4,43.4946,-1.4857
884708905,5,43.4946,-1.4858
884708906,0,43.4925,-1.4782
884708906,1,43.4926,-1.4785
884708906,2,43.4926,-1.4786
884708907,0,43.4936,-1.4668
884708907,1,43.4937,-1.4669
884708907,2,43.4941,-1.4675
884708907,3,43.4943,-1.4677
884708907,4,43.4943,-1.4677
884708908,0,43.4967,-1.4641
884708908,1,43.4965,-1.4644
884708908,2,43.4965,-1.4645
884708908,3,43.4962,-1.4651
884708908,4,43.496,-1.4654
884708908,5,43.496,-1.4654
884708908,6,43.496,-1.4654
884708908,7,43.496,-1.4655
884708909,0,43.4937,-1.4617
884708909,1,43.4942,-1.4626
884708909,2,43.4942,-1.4626
884708909,3,43.4944,-1.4629
884708909,4,43.4948,-1.4635
884708909,5,43.4948,-1.4636
884708910,0,43.493,-1.4659
884708910,1,43.4931,-1.4659
884708910,2,43.4932,-1.4656
884708910,3,43.4933,-1.4656
884708910,4,43.4934,-1.4654
884708910,5,43.4934,-1.4654
884708911,0,43.4939,-1.4662
884708911,1,43.4939,-1.466
884708911,2,43.4938,-1.466
884708911,3,43.4934,-1.4654
884708911,4,43.4934,-1.4654
884714691,0,43.4943,-1.477
884714691,1,43.4942,-1.4771
884714691,2,43.4942,-1.4771
884714691,3,43.494,-1.4772
884719631,0,43.494,-1.4663
884719631,1,43.4939,-1.4662
885170810,0,43.4884,-1.4784
885170810,1,43.4884,-1.4785
885174770,0,43.4851,-1.4731
885174770,1,43.4852,-1.4731
885174770,2,43.4852,-1.473
885174771,0,43.4851,-1.4731
885174771,1,43.4851,-1.4731
885174771,2,43.4851,-1.4731
885174772,0,43.4855,-1.4731
885174772,1,43.4855,-1.473
885174772,2,43.4854,-1.4729
885174773,0,43.4862,-1.4737
885174773,1,43.4862,-1.4737
885174773,2,43.4862,-1.4737
885174773,3,43.4862,-1.4737
885174773,4,43.4861,-1.4737
885174773,5,43.4861,-1.4737
885174773,6,43.4861,-1.4737
885174774,0,43.4883,-1.4725
885174774,1,43.4883,-1.4725
885174774,2,43.4883,-1.4725
885174774,3,43.4883,-1.4726
885174774,4,43.4883,-1.4726
885174774,5,43.4883,-1.4726
885174774,6,43.4882,-1.4725
885174775,0,43.4892,-1.4719
885174775,1,43.4892,-1.472
885174775,2,43.4892,-1.472
885174775,3,43.4892,-1.472
885174775,4,43.4892,-1.472
885174775,5,43.4892,-1.472
885174775,6,43.4891,-1.472
885174775,7,43.4891,-1.472
885174775,8,43.4891,-1.472
885174776,0,43.4933,-1.4799
885174776,1,43.4933,-1.48
885174777,0,43.4911,-1.4812
885174777,1,43.491,-1.4811
885174777,2,43.4909,-1.4811
885174777,3,43.4909,-1.4811
885217908,0,43.4886,-1.4784
885217908,1,43.4885,-1.4784
885217908,2,43.4885,-1.4784
885217909,0,43.4885,-1.4782
885217909,1,43.4885,-1.4782
885217909,2,43.4885,-1.4783
885217910,0,43.4883,-1.4781
885217910,1,43.4885,-1.4782
885217911,0,43.4884,-1.4783
885217911,1,43.4884,-1.4784
886419015,0,43.4934,-1.4783
886419015,1,43.4933,-1.4781
886419015,2,43.4932,-1.478
886419016,0,43.4941,-1.4776
886419016,1,43.4943,-1.4779
886419016,2,43.4943,-1.478
887047049,0,43.4937,-1.4917
887047049,1,43.4937,-1.4917
887047049,2,43.4937,-1.4916
887640686,0,43.501,-1.4671
887640686,1,43.501,-1.4671
887640686,2,43.501,-1.4671
892234879,0,43.4772,-1.4929
892234879,1,43.4772,-1.4929
892234879,2,43.4774,-1.4929
892234879,3,43.4775,-1.4929
892401708,0,43.5036,-1.4691
892401708,1,43.5035,-1.4691
892401708,2,43.5035,-1.4691
892401708,3,43.5034,-1.4691
892401708,4,43.5034,-1.4689
892401708,5,43.5034,-1.4688
895222872,0,43.4861,-1.4945
895222872,1,43.4861,-1.4944
895222872,2,43.4862,-1.4944
895222872,3,43.4862,-1.4944
895222872,4,43.4863,-1.4945
895222872,5,43.4864,-1.4945
895222872,6,43.4866,-1.4945
895222872,7,43.4867,-1.4945
895222872,8,43.4867,-1.4945
895222872,9,43.4867,-1.4945
896977449,0,43.4784,-1.4563
896977449,1,43.4784,-1.4562
896977449,2,43.4787,-1.4558
896977449,3,43.4787,-1.4558
896977449,4,43.4788,-1.4557
896977450,0,43.4785,-1.4552
896977450,1,43.4779,-1.4546
896977450,2,43.4775,-1.4542
896977450,3,43.4773,-1.454
896977450,4,43.4771,-1.4537
896977450,5,43.4769,-1.4534
896977450,6,43.4767,-1.4531
896977450,7,43.4766,-1.4528
896977450,8,43.4765,-1.4525
896977450,9,43.4763,-1.4522
896977450,10,43.4763,-1.4519
896977450,11,43.4762,-1.4518
896977450,12,43.4762,-1.4516
896977450,13,43.4761,-1.4509
896977450,14,43.476,-1.4507
896977450,15,43.476,-1.4506
896977450,16,43.476,-1.4503
896977450,17,43.476,-1.4501
896977450,18,43.476,-1.45
896977450,19,43.476,-1.4498
896977450,20,43.476,-1.4495
896977450,21,43.476,-1.4493
896977450,22,43.4761,-1.4492
908125363,0,43.501,-1.4674
908125363,1,43.501,-1.4674
908125363,2,43.5007,-1.4678
908125363,3,43.5007,-1.4679
908125363,4,43.5006,-1.468
908125363,5,43.5004,-1.4681
908125363,6,43.5001,-1.4686
908827206,0,43.4936,-1.4606
908827206,1,43.4936,-1.4606
909688065,0,43.4917,-1.4639
909688065,1,43.4917,-1.464
909688065,2,43.4917,-1.464
909688065,3,43.4917,-1.464
909688065,4,43.4917,-1.464
909688065,5,43.4917,-1.4641
909688066,0,43.4934,-1.4606
909688066,1,43.4934,-1.4606
909688066,2,43.4935,-1.4606
909688066,3,43.4935,-1.4606
909688066,4,43.4935,-1.4606
909688066,5,43.4935,-1.4606
909688066,6,43.4936,-1.4606
909688067,0,43.4934,-1.4608
909688067,1,43.4934,-1.4608
909688067,2,43.4934,-1.4608
909688067,3,43.4934,-1.4607
909688068,0,43.4935,-1.4609
909688068,1,43.4935,-1.4609
909688068,2,43.4935,-1.4609
909688068,3,43.4935,-1.4609
909688068,4,43.4934,-1.4608
909688069,0,43.4937,-1.4586
909688069,1,43.4937,-1.4587
909688069,2,43.4936,-1.4587
909688069,3,43.4936,-1.4587
909688069,4,43.4936,-1.4587
909688070,0,43.4937,-1.4583
909688070,1,43.4937,-1.4582
909688070,2,43.4937,-1.4582
909688070,3,43.4937,-1.4582
909688070,4,43.4938,-1.4583
909688071,0,43.4936,-1.4587
909688071,1,43.4936,-1.4586
909688071,2,43.4935,-1.4586
909688071,3,43.4935,-1.4586
909688071,4,43.4935,-1.4585
909688071,5,43.4935,-1.4585
909688071,6,43.4936,-1.4585
909688071,7,43.4936,-1.4584
909688071,8,43.4936,-1.4584
909688071,9,43.4937,-1.4583
909688072,0,43.4999,-1.4544
909688072,1,43.4999,-1.4544
909688072,2,43.4999,-1.4544
909688072,3,43.4998,-1.4543
909688072,4,43.4998,-1.4543
909688072,5,43.4998,-1.4543
909688073,0,43.5023,-1.4563
909688073,1,43.5023,-1.4563
909688073,2,43.5022,-1.4562
909688073,3,43.5022,-1.4561
909688074,0,43.5024,-1.4564
909688074,1,43.5023,-1.4564
909688074,2,43.5023,-1.4563
909688075,0,43.5025,-1.4564
909688075,1,43.5025,-1.4564
909688075,2,43.5024,-1.4564
909688077,0,43.5096,-1.4648
909688077,1,43.5095,-1.4649
909688077,2,43.5095,-1.465
909688077,3,43.5095,-1.4652
909688077,4,43.5096,-1.4654
909688077,5,43.5096,-1.4658
910010729,0,43.4916,-1.4641
910010729,1,43.4916,-1.464
910010729,2,43.4915,-1.464
910010729,3,43.4916,-1.464
910010729,4,43.4916,-1.4639
910010730,0,43.4917,-1.4641
910010730,1,43.4917,-1.4641
910010730,2,43.4916,-1.4641
910010730,3,43.4916,-1.4641
910010730,4,43.4916,-1.4641
910010730,5,43.4916,-1.4641
910084101,0,43.51,-1.4643
910084101,1,43.5099,-1.4644
910084101,2,43.5098,-1.4645
910084103,0,43.5027,-1.4631
910084103,1,43.5025,-1.4627
910084103,2,43.5025,-1.4624
910084103,3,43.5023,-1.462
910084103,4,43.5022,-1.4617
910084104,0,43.5031,-1.4636
910084104,1,43.5028,-1.4631
910084104,2,43.5027,-1.4631
911837140,0,43.5138,-1.4357
911837140,1,43.5141,-1.435
911837140,2,43.5142,-1.4349
911837140,3,43.5144,-1.4345
911837140,4,43.5144,-1.4343
914168129,0,43.4972,-1.483
914168129,1,43.4972,-1.4831
914168130,0,43.4972,-1.483
914168130,1,43.4972,-1.483
914168133,0,43.4988,-1.4819
914168133,1,43.4987,-1.4819
914168134,0,43.4987,-1.4819
914168134,1,43.4988,-1.4818
916147252,0,43.4593,-1.4972
916147252,1,43.4593,-1.4972
916147252,2,43.4594,-1.4974
918469847,0,43.5142,-1.4869
918469847,1,43.5142,-1.4869
918469847,2,43.5145,-1.4868
918469847,3,43.5147,-1.4868
918469847,4,43.5149,-1.4868
918469848,0,43.5132,-1.4871
918469848,1,43.5134,-1.487
918469848,2,43.5135,-1.487
918469848,3,43.5136,-1.487
918469848,4,43.5137,-1.487
918469848,5,43.5138,-1.487
918469848,6,43.5142,-1.4869
918469849,0,43.5107,-1.4873
918469849,1,43.5109,-1.4873
918469849,2,43.5109,-1.4873
918469849,3,43.5112,-1.4873
918469849,4,43.5112,-1.4873
918469849,5,43.5113,-1.4872
918469849,6,43.5114,-1.4872
918469849,7,43.5115,-1.4872
918469849,8,43.5115,-1.4872
918469849,9,43.5116,-1.4872
918469849,10,43.5117,-1.4872
918469849,11,43.5117,-1.4873
918469849,12,43.5118,-1.4873
918469850,0,43.5101,-1.4871
918469850,1,43.5102,-1.4872
918469850,2,43.5103,-1.4872
918469850,3,43.5107,-1.4873
920222965,0,43.5086,-1.4453
920222965,1,43.5086,-1.445
920222965,2,43.5085,-1.4445
920222965,3,43.5085,-1.4443
920230127,0,43.501,-1.4564
920230127,1,43.501,-1.4565
920230127,2,43.501,-1.4567
920230127,3,43.501,-1.4568
920230127,4,43.501,-1.4569
920230127,5,43.5008,-1.457
921446775,0,43.4937,-1.4617
921446775,1,43.4937,-1.4617
921446775,2,43.4936,-1.4617
921446775,3,43.4935,-1.4616
921858905,0,43.5121,-1.4684
921858905,1,43.512,-1.4684
921858905,2,43.5118,-1.4685
921858905,3,43.5117,-1.4685
921858905,4,43.5116,-1.4685
921858905,5,43.5115,-1.4685
921858905,6,43.5112,-1.4685
921858905,7,43.5111,-1.4685
921858905,8,43.511,-1.4685
921858905,9,43.5108,-1.4685
930661856,0,43.4854,-1.4827
930661856,1,43.4855,-1.4827
930661856,2,43.4856,-1.4827
930661856,3,43.4857,-1.4827
930662278,0,43.485,-1.4764
930662278,1,43.4848,-1.4764
930662278,2,43.4847,-1.4765
931804745,0,43.4982,-1.4179
931804745,1,43.4982,-1.4177
931804745,2,43.4982,-1.4174
931804745,3,43.4982,-1.4172
931804745,4,43.4983,-1.4166
931804745,5,43.4983,-1.4163
933276398,0,43.4963,-1.4691
933276398,1,43.4964,-1.4689
933276398,2,43.4964,-1.4688
933276398,3,43.4965,-1.4687
933377259,0,43.4878,-1.4825
933377259,1,43.4878,-1.4824
933377259,2,43.4879,-1.4822
933377264,0,43.4838,-1.4825
933377264,1,43.4837,-1.4825
933377264,2,43.4836,-1.4825
933377264,3,43.4836,-1.4825
933377265,0,43.4823,-1.4825
933377265,1,43.4823,-1.4825
933377266,0,43.4823,-1.4826
933377266,1,43.4823,-1.4826
933377266,2,43.4823,-1.4825
933377266,3,43.4823,-1.4825
933377266,4,43.4823,-1.4825
933377267,0,43.4823,-1.4826
933377267,1,43.4823,-1.4826
933377267,2,43.4823,-1.4826
933377267,3,43.4823,-1.4826
933377267,4,43.4823,-1.4826
933377268,0,43.4824,-1.4825
933377268,1,43.4824,-1.4825
933377268,2,43.4824,-1.4826
933377268,3,43.4824,-1.4826
933377268,4,43.4823,-1.4826
933377269,0,43.4823,-1.4824
933377269,1,43.4824,-1.4825
933377269,2,43.4824,-1.4825
933377269,3,43.4824,-1.4825
933377277,0,43.4772,-1.484
933377277,1,43.477,-1.4839
933377277,2,43.477,-1.4839
933377277,3,43.4768,-1.484
933377277,4,43.4767,-1.484
933426047,0,43.4882,-1.4828
933426047,1,43.4881,-1.4828
934941567,0,43.5016,-1.4789
934941567,1,43.5016,-1.4788
934941567,2,43.5017,-1.4788
934941567,3,43.5018,-1.4787
934941567,4,43.5018,-1.4787
934941567,5,43.5019,-1.4786
934941567,6,43.502,-1.4786
934943234,0,43.5009,-1.4793
934943234,1,43.5001,-1.4801
946949176,0,43.481,-1.4805
946949176,1,43.4811,-1.4805
946949176,2,43.4811,-1.4805
946949176,3,43.4811,-1.4805
946949176,4,43.4811,-1.4806
946949177,0,43.4809,-1.4806
946949177,1,43.481,-1.4805
946949177,2,43.481,-1.4805
946949177,3,43.481,-1.4805
946949179,0,43.4791,-1.4738
946949179,1,43.479,-1.4737
946949179,2,43.479,-1.4737
946949179,3,43.4789,-1.4736
946949180,0,43.482,-1.4773
946949180,1,43.482,-1.4773
946949180,2,43.482,-1.4774
946949180,3,43.482,-1.4774
946949180,4,43.4819,-1.4774
946949180,5,43.4819,-1.4775
946949181,0,43.4818,-1.4774
946949181,1,43.4818,-1.4774
946949181,2,43.4818,-1.4773
946949181,3,43.4818,-1.4773
946949181,4,43.4818,-1.4772
946949182,0,43.4819,-1.4775
946949182,1,43.4819,-1.4775
946949182,2,43.4819,-1.4775
946949182,3,43.4818,-1.4775
946949182,4,43.4818,-1.4774
946949183,0,43.4812,-1.4802
946949183,1,43.4814,-1.4795
946949183,2,43.4814,-1.4793
946949184,0,43.4812,-1.4802
946949184,1,43.4812,-1.4804
946949184,2,43.4812,-1.4805
946949185,0,43.481,-1.4805
946949185,1,43.4811,-1.4804
946949185,2,43.4812,-1.4803
946949185,3,43.4812,-1.4802
946953656,0,43.4809,-1.4757
946953656,1,43.4808,-1.4756
946953656,2,43.4808,-1.4756
946953656,3,43.4807,-1.4755
946953656,4,43.4806,-1.4754
946953656,5,43.4804,-1.4752
946953657,0,43.4798,-1.4741
946953657,1,43.4798,-1.4742
946953657,2,43.48,-1.4746
946953658,0,43.481,-1.4758
946953658,1,43.481,-1.4758
946953658,2,43.4809,-1.4758
946953658,3,43.4809,-1.4758
946953658,4,43.4809,-1.4758
946953658,5,43.4809,-1.4757
946953658,6,43.4809,-1.4757
946961008,0,43.4812,-1.4805
946961008,1,43.4811,-1.4805
946961008,2,43.4811,-1.4806
946961009,0,43.4811,-1.4808
946961009,1,43.481,-1.4808
946961009,2,43.481,-1.4808
946961009,3,43.4809,-1.4807
946961009,4,43.4809,-1.4807
946961009,5,43.4809,-1.4806
946961009,6,43.4809,-1.4806
946961009,7,43.4809,-1.4806
947350349,0,43.4834,-1.5018
947350349,1,43.4835,-1.5014
947784991,0,43.488,-1.4754
947784991,1,43.4881,-1.4753
948198356,0,43.4811,-1.4812
948198356,1,43.4811,-1.481
948198356,2,43.4811,-1.4808
948198356,3,43.4811,-1.4808
949754618,0,43.4895,-1.4818
949754618,1,43.4894,-1.4819
949754619,0,43.4909,-1.4811
949754619,1,43.4909,-1.4811
949754619,2,43.4909,-1.481
952378372,0,43.4744,-1.4548
952378372,1,43.4743,-1.4548
952378372,2,43.4743,-1.4548
952378373,0,43.4743,-1.4547
952378373,1,43.4743,-1.4548
952378373,2,43.4744,-1.4548
952378374,0,43.4751,-1.4552
952378374,1,43.4751,-1.4552
952378375,0,43.4751,-1.4552
952378375,1,43.4751,-1.4552
954625555,0,43.496,-1.4513
954625555,1,43.4962,-1.451
954625555,2,43.4964,-1.4509
954625555,3,43.4965,-1.4507
954625555,4,43.4967,-1.4506
954625556,0,43.4967,-1.4506
954625556,1,43.4971,-1.4501
954625556,2,43.4974,-1.4497
954625556,3,43.4977,-1.4493
954625556,4,43.4981,-1.4485
954625556,5,43.4982,-1.4485
960758865,0,43.4907,-1.4779
960758865,1,43.4907,-1.4779
960758865,2,43.4907,-1.478
960758865,3,43.4907,-1.478
960758865,4,43.4907,-1.478
960758865,5,43.4907,-1.4781
962672574,0,43.4829,-1.4661
962672574,1,43.483,-1.4661
962672574,2,43.483,-1.4661
962672574,3,43.4831,-1.4661
962672574,4,43.4831,-1.4661
962672574,5,43.4831,-1.4661
962672574,6,43.4834,-1.4662
962672574,7,43.4835,-1.4663
962672574,8,43.4835,-1.4663
962672574,9,43.4836,-1.4663
962672574,10,43.4837,-1.4664
962672574,11,43.4838,-1.4664
962672574,12,43.4838,-1.4664
962672574,13,43.4839,-1.4664
962672574,14,43.484,-1.4664
962672574,15,43.4841,-1.4664
962672574,16,43.4841,-1.4664
967069348,0,43.4928,-1.4721
967069348,1,43.4928,-1.4721
967069348,2,43.4928,-1.4722
967069348,3,43.4929,-1.4723
967069348,4,43.493,-1.4725
967071981,0,43.4922,-1.477
967071981,1,43.4924,-1.4768
967071982,0,43.4883,-1.4776
967071982,1,43.4883,-1.4774
967071982,2,43.4883,-1.4773
978384317,0,43.4812,-1.4608
978384317,1,43.4813,-1.4609
978384317,2,43.4814,-1.4613
978384317,3,43.4814,-1.4614
978384317,4,43.4817,-1.4616
978384317,5,43.4817,-1.4617
978384317,6,43.4817,-1.4621
978384317,7,43.4816,-1.4628
978384317,8,43.4815,-1.4633
978384317,9,43.4815,-1.4634
978384317,10,43.481,-1.4635
978384317,11,43.481,-1.4635
978386267,0,43.4748,-1.4535
978386267,1,43.475,-1.4532
978386267,2,43.4751,-1.453
978415679,0,43.5063,-1.4306
978415679,1,43.5062,-1.4306
978415679,2,43.506,-1.4309
978415680,0,43.5067,-1.4309
978415680,1,43.5066,-1.4308
978415680,2,43.5066,-1.4307
978415680,3,43.5065,-1.4306
978415680,4,43.5065,-1.4305
978415680,5,43.5065,-1.4304
992569786,0,43.508,-1.4411
992569786,1,43.5081,-1.4407
992569786,2,43.5081,-1.4402
992569786,3,43.5081,-1.4394
992569786,4,43.5079,-1.4391
992569786,5,43.5078,-1.4386
992569786,6,43.5078,-1.4383
992569787,0,43.5078,-1.4383
992569787,1,43.5079,-1.4382
995918864,0,43.4907,-1.4722
995918864,1,43.4909,-1.473
1003513743,0,43.4924,-1.4937
1003513743,1,43.4925,-1.4938
1003513743,2,43.4926,-1.494
1003513743,3,43.4926,-1.494
1003513743,4,43.4927,-1.4942
1004835674,0,43.4908,-1.4934
1004835674,1,43.4907,-1.4932
1004835674,2,43.4906,-1.4932
1004835674,3,43.4902,-1.4927
1004835674,4,43.49,-1.4925
1004835674,5,43.4899,-1.4924
1004835674,6,43.4897,-1.4922
1004835674,7,43.4896,-1.4922
1004835674,8,43.4896,-1.4921
1006738474,0,43.486,-1.4993
1006738474,1,43.4861,-1.4993
1014929143,0,43.4892,-1.4939
1014929143,1,43.4893,-1.494
1014929143,2,43.4893,-1.494
1014929143,3,43.4895,-1.4939
1014929143,4,43.4896,-1.4939
1014929143,5,43.4896,-1.4939
1014929477,0,43.4862,-1.4894
1014929477,1,43.4862,-1.4896
1014929478,0,43.4863,-1.4893
1014929478,1,43.4863,-1.4894
1020808279,0,43.4958,-1.4418
1020808279,1,43.4962,-1.4416
1020808279,2,43.4966,-1.4409
1020950238,0,43.4791,-1.4546
1020950238,1,43.4791,-1.4545
1020950238,2,43.4792,-1.4543
1020950238,3,43.4792,-1.4543
1020950238,4,43.4792,-1.4542
1020976528,0,43.4816,-1.4583
1020976528,1,43.4813,-1.4586
1020976528,2,43.4813,-1.4586
1020976528,3,43.4813,-1.4587
1020976538,0,43.484,-1.4633
1020976538,1,43.484,-1.4632
1020976538,2,43.4841,-1.4631
1020976538,3,43.4844,-1.4627
1020976538,4,43.4845,-1.4626
1020976538,5,43.4845,-1.4625
1020976538,6,43.4846,-1.4625
1020976538,7,43.4846,-1.4625
1020976538,8,43.4847,-1.4624
1020976538,9,43.4848,-1.4623
1020976538,10,43.4849,-1.4623
1020976538,11,43.4849,-1.4622
1020976538,12,43.485,-1.4621
1020976538,13,43.485,-1.4619
1020976538,14,43.485,-1.4618
1020976538,15,43.485,-1.4617
1020976538,16,43.485,-1.4615
1020976538,17,43.4849,-1.4614
1020976538,18,43.4849,-1.4613
1020976538,19,43.4849,-1.4613
1020976539,0,43.4841,-1.4664
1020976539,1,43.4841,-1.4662
1020976539,2,43.4841,-1.4662
1020976539,3,43.4841,-1.4659
1020976539,4,43.4841,-1.4653
1021348584,0,43.4836,-1.5014
1021348584,1,43.4835,-1.5019
1021983614,0,43.5034,-1.4645
1021983614,1,43.5034,-1.4644
1021983614,2,43.5034,-1.4642
1021983614,3,43.5034,-1.4641
1021983614,4,43.5034,-1.4641
1021983614,5,43.5034,-1.4641
1021983614,6,43.5034,-1.464
1021983614,7,43.5034,-1.464
1021988318,0,43.5019,-1.4573
1021988318,1,43.502,-1.4572
1021988318,2,43.5021,-1.4571
1021988318,3,43.5021,-1.457
1021989354,0,43.5028,-1.4544
1021989354,1,43.5029,-1.4539
1022170098,0,43.4943,-1.4608
1022170098,1,43.4945,-1.4608
1022173267,0,43.4958,-1.4722
1022173267,1,43.4957,-1.4719
1022173267,2,43.4957,-1.4718
1022173267,3,43.4957,-1.4718
1022173267,4,43.4957,-1.4717
1022642540,0,43.4967,-1.4633
1022642540,1,43.4969,-1.4625
1022642540,2,43.4969,-1.4624
1025022856,0,43.5026,-1.4392
1025022856,1,43.5026,-1.4392
1025022856,2,43.5025,-1.4392
1025022856,3,43.5024,-1.4392
1025022856,4,43.5022,-1.4391
1025022856,5,43.5021,-1.4391
1025022857,0,43.5021,-1.4391
1025022857,1,43.5019,-1.439
1025022857,2,43.5017,-1.439
1025022857,3,43.5017,-1.4389
1025022857,4,43.5016,-1.4387
1025022857,5,43.5015,-1.4385
1025022858,0,43.4988,-1.4366
1025022858,1,43.4988,-1.4364
1025022858,2,43.4989,-1.436
1025022858,3,43.4989,-1.4359
1025022858,4,43.4989,-1.4357
1025022860,0,43.5002,-1.4381
1025022860,1,43.5001,-1.4381
1025022860,2,43.5001,-1.438
1025022860,3,43.5001,-1.4379
1025022860,4,43.5,-1.4378
1025022860,5,43.5,-1.4377
1025022860,6,43.4999,-1.4376
1025022860,7,43.4999,-1.4375
1025022860,8,43.4997,-1.4374
1025022860,9,43.4996,-1.4372
1025022860,10,43.4995,-1.4371
1025022860,11,43.4993,-1.4368
1025022861,0,43.4964,-1.4341
1025022861,1,43.4965,-1.4341
1025022861,2,43.4965,-1.434
1025022861,3,43.4965,-1.434
1025022861,4,43.4966,-1.4339
1025022861,5,43.4966,-1.4338
1025022861,6,43.4966,-1.4338
1025022861,7,43.4967,-1.4337
1025022861,8,43.4967,-1.4337
1025022861,9,43.4968,-1.4336
1025022861,10,43.4968,-1.4336
1025022861,11,43.4968,-1.4336
1025022861,12,43.4969,-1.4335
1025022861,13,43.497,-1.4335
1025022861,14,43.4971,-1.4334
1025022861,15,43.4972,-1.4334
1025022862,0,43.4973,-1.4333
1025022862,1,43.4975,-1.4332
1025022862,2,43.4975,-1.4331
1025022862,3,43.4976,-1.433
1035024924,0,43.4914,-1.4962
1035024924,1,43.4914,-1.4963
1035024924,2,43.4913,-1.4964
1035024924,3,43.4913,-1.4966
1035024924,4,43.4912,-1.4966
1035024924,5,43.4911,-1.4967
1035024924,6,43.4911,-1.4968
1044734353,0,43.5027,-1.4423
1044734353,1,43.5027,-1.4422
1044734353,2,43.5027,-1.4422
1044734353,3,43.5027,-1.4421
1044734353,4,43.5027,-1.4421
1044734353,5,43.5027,-1.442
1044734353,6,43.5027,-1.442
1044734353,7,43.5027,-1.442
1044734353,8,43.5028,-1.442
1047384288,0,43.4775,-1.4555
1047384288,1,43.4775,-1.4556
1047384288,2,43.4775,-1.4556
1047384288,3,43.4775,-1.4558
1047384288,4,43.4774,-1.456
1047384300,0,43.4767,-1.4558
1047384300,1,43.4768,-1.4557
1047384300,2,43.4768,-1.4557
1047384300,3,43.4769,-1.4556
1047384300,4,43.477,-1.4557
1047384300,5,43.4771,-1.4558
1047384300,6,43.4772,-1.4558
1047384300,7,43.4773,-1.4559
1047384300,8,43.4774,-1.456
1052050623,0,43.4671,-1.4915
1052050623,1,43.467,-1.4917
1052050623,2,43.4669,-1.4918
1052050657,0,43.4669,-1.4918
1052050657,1,43.4668,-1.4916
1052050657,2,43.4667,-1.4915
1052050657,3,43.4665,-1.4912
1052050657,4,43.4665,-1.4912
1052050657,5,43.4664,-1.491
1052050657,6,43.4663,-1.4909
1052982959,0,43.4973,-1.4777
1052982959,1,43.4973,-1.4777
1052982959,2,43.4974,-1.4781
1062651530,0,43.501,-1.4674
1062651530,1,43.501,-1.4673
1062651530,2,43.501,-1.4673
1062651530,3,43.501,-1.4672
1062651530,4,43.5011,-1.4672
1065048546,0,43.474,-1.4532
1065048546,1,43.4739,-1.4528
1065048546,2,43.4739,-1.4528
1065048546,3,43.4739,-1.4527
1065048546,4,43.4738,-1.4524
1065048546,5,43.4737,-1.4523
1065048546,6,43.4737,-1.4523
1065048546,7,43.4735,-1.4519
1065048546,8,43.4735,-1.4518
1080280951,0,43.4909,-1.4983
1080280951,1,43.4909,-1.4983
1080280951,2,43.4908,-1.4983
1080280951,3,43.4908,-1.4982
1080280951,4,43.4908,-1.4982
1080280951,5,43.4907,-1.4982
1080280951,6,43.4907,-1.4981
1080280951,7,43.4907,-1.4981
1080280951,8,43.4907,-1.498
1080280951,9,43.4907,-1.4979
1080280951,10,43.4907,-1.4979
1080280951,11,43.4908,-1.4978
1083824502,0,43.5144,-1.4343
1083824502,1,43.5144,-1.4343
1083824502,2,43.5146,-1.4338
1083824502,3,43.5147,-1.4337
1083824502,4,43.5151,-1.4327
1083824502,5,43.5164,-1.43
1085281094,0,43.4672,-1.4914
1085281094,1,43.4672,-1.4914
1085281094,2,43.4672,-1.4913
1085281094,3,43.4674,-1.4907
1085281094,4,43.4674,-1.4906
1085281094,5,43.4673,-1.4905
1085281094,6,43.4673,-1.4905
1085281094,7,43.4672,-1.4905
1085281094,8,43.4671,-1.4905
1085281094,9,43.467,-1.4905
1085281094,10,43.4669,-1.4906
1085281094,11,43.4669,-1.4907
1085281094,12,43.4669,-1.4908
1085281094,13,43.4671,-1.491
1087139275,0,43.5132,-1.4676
1087139275,1,43.5131,-1.4677
1087139275,2,43.5126,-1.4681
1087139275,3,43.5125,-1.4682
1087139275,4,43.5124,-1.4682
1087139275,5,43.5123,-1.4683
1087139275,6,43.5121,-1.4684
1087443002,0,43.4817,-1.5054
1087443002,1,43.4817,-1.5054
1087443002,2,43.4817,-1.5055
1087443002,3,43.4819,-1.5054
1087443002,4,43.4824,-1.5052
1087443002,5,43.4825,-1.5052
1087443002,6,43.4825,-1.5052
1087443002,7,43.4825,-1.5052
1091059597,0,43.4894,-1.4819
1091059597,1,43.4895,-1.4818
1091059597,2,43.4895,-1.4818
1091059597,3,43.4897,-1.4818
1091059597,4,43.49,-1.4816
1091060921,0,43.4764,-1.4841
1091060921,1,43.4764,-1.484
1091060921,2,43.4764,-1.4839
1091060921,3,43.4764,-1.4838
1091060921,4,43.4763,-1.4835
1091060921,5,43.4763,-1.4834
1091060921,6,43.4763,-1.4833
1091060921,7,43.4763,-1.4831
1091060921,8,43.4763,-1.483
1094494865,0,43.4903,-1.4679
1094494865,1,43.4903,-1.4677
1094494866,0,43.4904,-1.4678
1094494866,1,43.4903,-1.4679
1098224336,0,43.48,-1.4766
1098224336,1,43.4796,-1.4764
1098224336,2,43.4795,-1.4763
1098230692,0,43.4882,-1.4812
1098230692,1,43.4882,-1.4811
1098230692,2,43.4882,-1.481
1098845386,0,43.4654,-1.4929
1098845386,1,43.4653,-1.4926
1098845387,0,43.4662,-1.4921
1098845387,1,43.4661,-1.4918
1098845387,2,43.466,-1.4918
1100668757,0,43.4906,-1.4841
1100668757,1,43.4911,-1.4843
1100668757,2,43.4911,-1.4844
1100668758,0,43.4911,-1.4844
1100668758,1,43.4915,-1.4846
1100668758,2,43.4916,-1.4846
1100668758,3,43.4917,-1.4847
1101041053,0,43.502,-1.4675
1101041053,1,43.5018,-1.4675
1101041054,0,43.5011,-1.4672
1101041054,1,43.501,-1.4671
1101200561,0,43.5108,-1.4685
1101200561,1,43.5107,-1.4684
1101200563,0,43.5107,-1.4684
1101200563,1,43.5103,-1.4683
1105024547,0,43.5132,-1.4871
1105024547,1,43.5132,-1.487
1105024547,2,43.5132,-1.487
1105024547,3,43.5132,-1.487
1116862256,0,43.4758,-1.4519
1116862256,1,43.4759,-1.4516
1116862256,2,43.476,-1.4512
1120111185,0,43.4966,-1.4694
1120111185,1,43.4966,-1.4695
1120111185,2,43.4965,-1.4698
1120111185,3,43.4964,-1.4698
1120111185,4,43.4964,-1.4699
1120111185,5,43.4964,-1.47
1123389893,0,43.4922,-1.4865
1123389893,1,43.4923,-1.4868
1123389893,2,43.4924,-1.4869
1124402299,0,43.4948,-1.4689
1124402299,1,43.4949,-1.469
1125821983,0,43.4771,-1.4821
1125821983,1,43.4774,-1.4818
1125821983,2,43.4775,-1.4817
1125821983,3,43.4776,-1.4817
1125821983,4,43.4783,-1.4816
1125821983,5,43.4784,-1.4816
1125821983,6,43.4789,-1.4815
1125821983,7,43.479,-1.4815
1125821983,8,43.479,-1.4815
1125821983,9,43.4791,-1.4815
1125821983,10,43.4792,-1.4815
1125821983,11,43.4793,-1.4816
1125821983,12,43.4798,-1.4819
1125821983,13,43.4807,-1.4824
1125821983,14,43.4808,-1.4825
1125821983,15,43.4808,-1.4825
1125823404,0,43.4808,-1.4825
1125823404,1,43.4809,-1.4826
1125823404,2,43.4809,-1.4827
1125823404,3,43.4809,-1.4827
1125823404,4,43.4809,-1.4828
1125823404,5,43.4808,-1.4829
1127846449,0,43.4882,-1.4757
1127846449,1,43.4882,-1.4757
1127846449,2,43.4881,-1.4756
1127846449,3,43.488,-1.4754
1132453362,0,43.4914,-1.4962
1132453362,1,43.4914,-1.4962
1141504308,0,43.4642,-1.4954
1141504308,1,43.4642,-1.4953
1141504308,2,43.4642,-1.4953
1141504308,3,43.4644,-1.4952
1141504308,4,43.4647,-1.4951
1141504308,5,43.4648,-1.495
1141504308,6,43.465,-1.4949
1141504310,0,43.4843,-1.4663
1141504310,1,43.4845,-1.4663
1141504310,2,43.4846,-1.4662
1141504310,3,43.4848,-1.4662
1141504310,4,43.4851,-1.4661
1141504310,5,43.4854,-1.4661
1141504310,6,43.4856,-1.466
1141504310,7,43.4856,-1.466
1141504310,8,43.4857,-1.466
1141504310,9,43.4858,-1.466
1141504310,10,43.4858,-1.466
1141504310,11,43.4859,-1.4661
1141504310,12,43.4859,-1.4661
1141504310,13,43.486,-1.4661
1141504310,14,43.4861,-1.4662
1148922967,0,43.4601,-1.4963
1148922967,1,43.46,-1.4963
1148922968,0,43.4598,-1.4965
1148922968,1,43.4599,-1.4963
1148922968,2,43.46,-1.4963
1148922968,3,43.46,-1.4962
1148922968,4,43.46,-1.4961
1148922969,0,43.46,-1.4963
1148922969,1,43.46,-1.4964
1148922969,2,43.4598,-1.4965
1149726727,0,43.4912,-1.4813
1149726727,1,43.4913,-1.4813
1149726727,2,43.4913,-1.4815
1149726728,0,43.4911,-1.4812
1149726728,1,43.4912,-1.4812
1149726728,2,43.4912,-1.4813
1149726729,0,43.4964,-1.482
1149726729,1,43.4963,-1.4817
1149726730,0,43.4963,-1.4817
1149726730,1,43.4962,-1.4816
1150555220,0,43.4944,-1.468
1150555220,1,43.4945,-1.4681
1150555225,0,43.4945,-1.4681
1150555225,1,43.4946,-1.4683
1151176428,0,43.4956,-1.4796
1151176428,1,43.4956,-1.4798
1151176428,2,43.4956,-1.4798
1151176428,3,43.4957,-1.4799
1151176428,4,43.4957,-1.4799
1151176428,5,43.4957,-1.48
1151176428,6,43.4958,-1.4801
1151176428,7,43.4958,-1.4804
1151176428,8,43.4959,-1.4804
1151176428,9,43.4961,-1.481
1151176428,10,43.4962,-1.4813
1151176428,11,43.4962,-1.4814
1151176428,12,43.4963,-1.4815
1151176428,13,43.4963,-1.4815
1151176428,14,43.4963,-1.4816
1151176429,0,43.4962,-1.4816
1151176429,1,43.4962,-1.4815
1151176430,0,43.4957,-1.48
1151176430,1,43.4956,-1.4799
1151176430,2,43.4956,-1.4796
1151176431,0,43.4957,-1.48
1151176431,1,43.4957,-1.48
1151176431,2,43.4957,-1.48
1151176431,3,43.4957,-1.48
1152231199,0,43.4813,-1.5014
1152231199,1,43.4813,-1.5014
1152231199,2,43.4814,-1.5017
1152751878,0,43.4913,-1.4775
1152751878,1,43.4914,-1.4775
1152753836,0,43.4907,-1.4789
1152753836,1,43.4907,-1.4788
1152753836,2,43.4906,-1.4786
1152951161,0,43.4795,-1.5059
1152951161,1,43.4794,-1.5057
1152951161,2,43.4793,-1.5055
1152951161,3,43.4793,-1.5054
1152951161,4,43.4791,-1.5052
1152951228,0,43.4779,-1.5046
1152951228,1,43.478,-1.5046
1154069204,0,43.5048,-1.4763
1154069204,1,43.5053,-1.4759
1154069204,2,43.5057,-1.4755
1154069204,3,43.5058,-1.4755
1154069204,4,43.5059,-1.4754
1154145733,0,43.4887,-1.4836
1154145733,1,43.4888,-1.4837
1154145733,2,43.4888,-1.4837
1154145733,3,43.4888,-1.4837
1154145733,4,43.4887,-1.4838
1154145733,5,43.4887,-1.4839
1154145733,6,43.4886,-1.4838
1154145733,7,43.4887,-1.4837
1154145913,0,43.4887,-1.4837
1154145913,1,43.4887,-1.4836
1154982830,0,43.4869,-1.4692
1154982830,1,43.4869,-1.4691
1154982830,2,43.4868,-1.4691
1154982830,3,43.4868,-1.469
1154982830,4,43.4868,-1.4689
1154982830,5,43.4868,-1.4689
1154982830,6,43.4868,-1.4689
1154982830,7,43.4869,-1.4688
1154982830,8,43.4869,-1.4688
1154982830,9,43.487,-1.4687
1154982830,10,43.487,-1.4687
1154982830,11,43.4871,-1.4687
1154982830,12,43.4871,-1.4688
1154982831,0,43.4872,-1.4686
1154982831,1,43.4872,-1.4688
1154982831,2,43.4872,-1.4688
1154982831,3,43.4872,-1.4689
1154982831,4,43.4872,-1.4689
1154982832,0,43.4873,-1.4683
1154982832,1,43.4872,-1.4684
1156361688,0,43.497,-1.4892
1156361688,1,43.4969,-1.4892
1156361689,0,43.4969,-1.4892
1156361689,1,43.4969,-1.4892
1156361689,2,43.4969,-1.4892
1156390710,0,43.496,-1.4877
1156390710,1,43.496,-1.4877
1158697759,0,43.45,-1.4939
1158697759,1,43.4502,-1.4944
1158697759,2,43.4504,-1.4946
1158697759,3,43.4505,-1.4949
1158697760,0,43.4523,-1.4953
1158697760,1,43.4524,-1.4953
1158697760,2,43.4526,-1.4953
1158697760,3,43.4528,-1.4953
1158697760,4,43.4529,-1.4953
1158697760,5,43.4532,-1.4953
1158697760,6,43.4535,-1.4954
1158697760,7,43.4537,-1.4955
1158697760,8,43.4543,-1.4964
1158697760,9,43.4546,-1.4968
1158697760,10,43.4548,-1.497
1158697760,11,43.4549,-1.4971
1158697760,12,43.4551,-1.4972
1158697760,13,43.4552,-1.4973
1158697760,14,43.4552,-1.4973
1158697762,0,43.4586,-1.4969
1158697762,1,43.4588,-1.4969
1158697762,2,43.459,-1.4969
1158697762,3,43.4591,-1.4969
1163850732,0,43.5033,-1.4639
1163850732,1,43.5032,-1.4639
1163850732,2,43.5032,-1.4638
1163850732,3,43.5032,-1.4638
1163850732,4,43.5031,-1.4637
1163850732,5,43.5031,-1.4636
1163850733,0,43.5022,-1.4617
1163850733,1,43.5022,-1.4616
1163850733,2,43.5021,-1.4615
1163850733,3,43.5021,-1.4614
1163850733,4,43.5021,-1.4614
1167550056,0,43.5037,-1.4631
1167550056,1,43.5037,-1.4629
1168581494,0,43.4915,-1.4534
1168581494,1,43.4915,-1.4535
1168581494,2,43.4914,-1.4536
1168581495,0,43.4909,-1.454
1168581495,1,43.4909,-1.4539
1168581496,0,43.4915,-1.4537
1168581496,1,43.4915,-1.4538
1168581496,2,43.4914,-1.4539
1168581496,3,43.4914,-1.454
1168581497,0,43.4914,-1.4535
1168581497,1,43.4914,-1.4536
1168581497,2,43.4914,-1.4536
1168581498,0,43.4909,-1.4539
1168581498,1,43.4908,-1.4538
1168581498,2,43.4908,-1.4538
1168581499,0,43.4908,-1.4538
1168581499,1,43.4908,-1.4537
1168581499,2,43.4909,-1.4537
1168581499,3,43.4909,-1.4536
1168581500,0,43.4911,-1.4534
1168581500,1,43.4912,-1.4534
1168581500,2,43.4912,-1.4534
1168581501,0,43.4909,-1.4539
1168581501,1,43.4909,-1.4537
1168581501,2,43.4909,-1.4536
1173187168,0,43.4912,-1.4534
1173187168,1,43.4913,-1.4534
1173187168,2,43.4914,-1.4535
1173187169,0,43.4909,-1.4536
1173187169,1,43.4909,-1.4535
1173187169,2,43.491,-1.4534
1173187169,3,43.4911,-1.4534
1173187170,0,43.4911,-1.4541
1173187170,1,43.491,-1.4541
1173187170,2,43.491,-1.454
1173187170,3,43.4909,-1.454
1173187171,0,43.4912,-1.4542
1173187171,1,43.4911,-1.4542
1173187171,2,43.4911,-1.4541
1173187172,0,43.4914,-1.454
1173187172,1,43.4914,-1.454
1173187172,2,43.4913,-1.4541
1173187172,3,43.4912,-1.4542
1173187172,4,43.4912,-1.4542
1175033165,0,43.4794,-1.5056
1175033165,1,43.4795,-1.5058
1175033165,2,43.4795,-1.5059
1177191998,0,43.5148,-1.486
1177191998,1,43.515,-1.4858
1177191998,2,43.5153,-1.4856
1177191998,3,43.5155,-1.4855
1177191998,4,43.5157,-1.4854
1177191998,5,43.5157,-1.4853
1177191998,6,43.5159,-1.4853
1177191998,7,43.5166,-1.4851
1177191998,8,43.517,-1.485
1177191998,9,43.5171,-1.485
1177191998,10,43.5171,-1.4849
1181742040,0,43.4904,-1.4955
1181742040,1,43.4903,-1.4955
1181742040,2,43.4903,-1.4954
1185358417,0,43.4925,-1.4713
1185358417,1,43.4927,-1.4718
1185358417,2,43.4927,-1.4719
1185358417,3,43.4928,-1.472
1185358417,4,43.4928,-1.4721
1185358418,0,43.4912,-1.4696
1185358418,1,43.4912,-1.4696
1185358418,2,43.4914,-1.4694
1185358418,3,43.4915,-1.4693
1185358419,0,43.4909,-1.4697
1185358419,1,43.4911,-1.4696
1185358419,2,43.4912,-1.4696
1185358420,0,43.4808,-1.4829
1185358420,1,43.4808,-1.483
1185358421,0,43.4807,-1.4832
1185358421,1,43.48,-1.4838
1185358421,2,43.4797,-1.484
1185358421,3,43.4795,-1.4841
1185358421,4,43.4795,-1.4842
1185358421,5,43.4794,-1.4842
1185358421,6,43.4793,-1.4842
1185358421,7,43.4791,-1.4843
1185358421,8,43.479,-1.4843
1185358421,9,43.4788,-1.4843
1185358421,10,43.4787,-1.4843
1185358421,11,43.4785,-1.4843
1185358421,12,43.4783,-1.4843
1185358421,13,43.4775,-1.4841
1185358421,14,43.4775,-1.4841
1185358421,15,43.4773,-1.484
1185358421,16,43.4772,-1.484
1187916539,0,43.4905,-1.4678
1187916539,1,43.4905,-1.4678
1187916539,2,43.4904,-1.4678
1187916539,3,43.4904,-1.4678
1187916539,4,43.4904,-1.4678
1187916539,5,43.4904,-1.4678
1187916556,0,43.4931,-1.4795
1187916556,1,43.4932,-1.4796
1187916556,2,43.4932,-1.4797
1187916556,3,43.4933,-1.4799
1187916562,0,43.487,-1.4762
1187916562,1,43.487,-1.4762
1187916562,2,43.4871,-1.4762
1187916562,3,43.4871,-1.4762
1187916563,0,43.487,-1.4763
1187916563,1,43.4869,-1.4763
1187916563,2,43.487,-1.4762
1187916563,3,43.487,-1.4762
1187916563,4,43.487,-1.4762
1187916563,5,43.487,-1.4762
1187916563,6,43.487,-1.4762
1187916564,0,43.4855,-1.476
1187916564,1,43.4855,-1.476
1187916564,2,43.4855,-1.4761
1187916564,3,43.4855,-1.4762
1187916565,0,43.4852,-1.4763
1187916565,1,43.4851,-1.4763
1187916565,2,43.4851,-1.4762
1187916565,3,43.4851,-1.4761
1187916565,4,43.4851,-1.476
1187916566,0,43.4855,-1.4762
1187916566,1,43.4854,-1.4763
1187916566,2,43.4853,-1.4763
1187916566,3,43.4853,-1.4763
1187916566,4,43.4853,-1.4763
1187916566,5,43.4852,-1.4763
1187916567,0,43.4873,-1.4829
1187916567,1,43.4872,-1.4829
1187916567,2,43.4871,-1.4829
1187916567,3,43.487,-1.4829
1187916567,4,43.4869,-1.4829
1187916570,0,43.4875,-1.4837
1187916570,1,43.4877,-1.4829
1187916570,2,43.4877,-1.4829
1187916570,3,43.4877,-1.4828
1187916570,4,43.4877,-1.4826
1187916570,5,43.4878,-1.4825
1187916574,0,43.4933,-1.4792
1187916574,1,43.4931,-1.4793
1187916574,2,43.4931,-1.4794
1188229438,0,43.4948,-1.4652
1188229438,1,43.4949,-1.4651
1188229439,0,43.4949,-1.4651
1188229439,1,43.4953,-1.4646
1188229439,2,43.4953,-1.4645
1188967761,0,43.484,-1.4468
1188967761,1,43.484,-1.4468
1188967761,2,43.4841,-1.4468
1188967761,3,43.4841,-1.4469
1188967762,0,43.4842,-1.4473
1188967762,1,43.4841,-1.4473
1188967762,2,43.4841,-1.4474
1188967762,3,43.4841,-1.4474
1188967763,0,43.4847,-1.4587
1188967763,1,43.4847,-1.4587
1188967763,2,43.4847,-1.4587
1188967763,3,43.4847,-1.4587
1188967763,4,43.4848,-1.4587
1188967764,0,43.4848,-1.4588
1188967764,1,43.4848,-1.4588
1188967764,2,43.4848,-1.4589
1188967764,3,43.4848,-1.4589
1188967764,4,43.4848,-1.4589
1188967764,5,43.4848,-1.4589
1188967765,0,43.4877,-1.464
1188967765,1,43.4878,-1.464
1188967765,2,43.4878,-1.4639
1188967765,3,43.4878,-1.4639
1188967766,0,43.4879,-1.4641
1188967766,1,43.4879,-1.4641
1188967766,2,43.4879,-1.4641
1188967766,3,43.4878,-1.4641
1188967766,4,43.4878,-1.4642
1188967767,0,43.4903,-1.4676
1188967767,1,43.4903,-1.4676
1188967767,2,43.4903,-1.4675
1188967767,3,43.4903,-1.4675
1188967767,4,43.4904,-1.4675
1188967775,0,43.4905,-1.4676
1188967775,1,43.4905,-1.4676
1188967775,2,43.4905,-1.4676
1188967775,3,43.4905,-1.4677
1188967775,4,43.4905,-1.4677
1188967775,5,43.4905,-1.4678
1188967776,0,43.4904,-1.4675
1188967776,1,43.4904,-1.4675
1188967776,2,43.4904,-1.4675
1188967776,3,43.4904,-1.4675
1188967776,4,43.4905,-1.4676
1188967777,0,43.4878,-1.4639
1188967777,1,43.4878,-1.464
1188967777,2,43.4879,-1.464
1188967777,3,43.4879,-1.464
1188967777,4,43.4879,-1.464
1188967777,5,43.4879,-1.464
1188967777,6,43.4879,-1.4641
1188967778,0,43.4848,-1.4587
1188967778,1,43.4848,-1.4587
1188967778,2,43.4848,-1.4587
1188967778,3,43.4848,-1.4587
1188967778,4,43.4848,-1.4588
1188967778,5,43.4848,-1.4588
1188967779,0,43.4841,-1.4469
1188967779,1,43.4842,-1.4469
1188967779,2,43.4842,-1.447
1188967779,3,43.4842,-1.4471
1188967779,4,43.4842,-1.4472
1188967779,5,43.4842,-1.4473
1188967781,0,43.4818,-1.4438
1188967781,1,43.4818,-1.4438
1188967781,2,43.4817,-1.4438
1188967781,3,43.4817,-1.4438
1188967781,4,43.4816,-1.4438
1188967781,5,43.4816,-1.4438
1188967782,0,43.4819,-1.4436
1188967782,1,43.4819,-1.4437
1188967782,2,43.4819,-1.4438
1188967782,3,43.4818,-1.4438
1188967783,0,43.4815,-1.4436
1188967783,1,43.4815,-1.4435
1188967783,2,43.4815,-1.4435
1188967783,3,43.4815,-1.4434
1188967783,4,43.4816,-1.4433
1188967784,0,43.4816,-1.4438
1188967784,1,43.4815,-1.4437
1188967784,2,43.4815,-1.4437
1188967784,3,43.4815,-1.4436
1188967794,0,43.4936,-1.4789
1188967794,1,43.4935,-1.479
1188992806,0,43.4838,-1.4469
1188992806,1,43.4838,-1.4468
1188992806,2,43.4839,-1.4468
1188992806,3,43.484,-1.4468
1188992807,0,43.4838,-1.4471
1188992807,1,43.4838,-1.447
1188992807,2,43.4838,-1.4469
1188992812,0,43.4935,-1.479
1188992812,1,43.4933,-1.4792
1189734749,0,43.479,-1.4986
1189734749,1,43.4789,-1.4986
1189734749,2,43.4789,-1.4986
1189734749,3,43.4789,-1.4986
1189734749,4,43.4789,-1.4985
1189734749,5,43.4789,-1.4985
1189734749,6,43.4789,-1.4984
1189734749,7,43.4789,-1.4984
1189734749,8,43.4789,-1.4984
1189734750,0,43.4782,-1.4921
1189734750,1,43.4783,-1.4921
1189734750,2,43.4784,-1.4921
1189734751,0,43.478,-1.4926
1189734751,1,43.4779,-1.4925
1189734751,2,43.4779,-1.4924
1189734751,3,43.478,-1.4923
1189734751,4,43.478,-1.4922
1189734751,5,43.4781,-1.4921
1189734751,6,43.4782,-1.4921
1189734751,7,43.4782,-1.4921
1189734752,0,43.4781,-1.4928
1189734752,1,43.478,-1.4927
1189734752,2,43.478,-1.4926
1189734753,0,43.4782,-1.4929
1189734753,1,43.4781,-1.4929
1189734753,2,43.4781,-1.4928
1189734754,0,43.4784,-1.4929
1189734754,1,43.4783,-1.4929
1189734754,2,43.4782,-1.4929
1189734755,0,43.4804,-1.489
1189734755,1,43.4804,-1.489
1189734755,2,43.4804,-1.4891
1189734755,3,43.4803,-1.4891
1189734755,4,43.4801,-1.4893
1189734755,5,43.4801,-1.4894
1189734755,6,43.48,-1.4894
1189734755,7,43.48,-1.4893
1189734756,0,43.4817,-1.4875
1189734756,1,43.4818,-1.4875
1189734756,2,43.4818,-1.4875
1189734756,3,43.4818,-1.4875
1189734756,4,43.4818,-1.4876
1189734757,0,43.4817,-1.4877
1189734757,1,43.4817,-1.4877
1189734757,2,43.4817,-1.4876
1189734757,3,43.4817,-1.4876
1189734757,4,43.4817,-1.4876
1189734757,5,43.4817,-1.4875
1189734757,6,43.4817,-1.4875
1189734758,0,43.4818,-1.4864
1189734758,1,43.4817,-1.4863
1189734758,2,43.4817,-1.4863
1189734758,3,43.4817,-1.4863
1189734758,4,43.4817,-1.4863
1189734758,5,43.4817,-1.4862
1189734758,6,43.4818,-1.4862
1189734758,7,43.4818,-1.4862
1189734758,8,43.4818,-1.4862
1189734759,0,43.4818,-1.4864
1189734759,1,43.4818,-1.4864
1189734759,2,43.4818,-1.4864
1189734759,3,43.4818,-1.4864
1189876354,0,43.4965,-1.4698
1189876354,1,43.4965,-1.4698
1189876354,2,43.4967,-1.4695
1189876354,3,43.4967,-1.4695
1192112838,0,43.4967,-1.4749
1192112838,1,43.4967,-1.4749
1192117100,0,43.5103,-1.4683
1192117100,1,43.5101,-1.4682
1192579021,0,43.4918,-1.4851
1192579021,1,43.4918,-1.4854
1192579021,2,43.4919,-1.4856
1192579021,3,43.492,-1.4858
1192579021,4,43.4922,-1.4863
1192579021,5,43.4922,-1.4864
1192579021,6,43.4922,-1.4865
1192644676,0,43.4748,-1.4907
1192644676,1,43.4749,-1.4907
1192644676,2,43.4751,-1.4908
1192644676,3,43.4752,-1.4909
1192644677,0,43.4738,-1.4904
1192644677,1,43.474,-1.4904
1192644677,2,43.4745,-1.4905
1192644677,3,43.4748,-1.4906
1192644677,4,43.4748,-1.4907
1192661271,0,43.4985,-1.4806
1192661271,1,43.4988,-1.481
1192661272,0,43.488,-1.4607
1192661272,1,43.4877,-1.4601
1192661272,2,43.4875,-1.4597
1192661272,3,43.4873,-1.4593
1192661272,4,43.4872,-1.4589
1192661273,0,43.4899,-1.4598
1192661273,1,43.49,-1.4598
1192661273,2,43.49,-1.4599
1192661273,3,43.4902,-1.4605
1192661273,4,43.4902,-1.4606
1192661273,5,43.4903,-1.4606
1192661273,6,43.4903,-1.4607
1192661273,7,43.4904,-1.4607
1192661274,0,43.4939,-1.4549
1192661274,1,43.4939,-1.4543
1194004988,0,43.501,-1.4922
1194004988,1,43.501,-1.4923
1194005550,0,43.4784,-1.5048
1194005550,1,43.4783,-1.5047
1194005551,0,43.4783,-1.5047
1194005551,1,43.4784,-1.5047
1194005551,2,43.4787,-1.5047
1194005552,0,43.478,-1.5046
1194005552,1,43.4781,-1.5046
1196396355,0,43.5119,-1.4887
1196396355,1,43.5121,-1.4887
1207538870,0,43.4991,-1.4813
1207538870,1,43.4991,-1.4813
1207538870,2,43.4992,-1.4813
1207538883,0,43.4989,-1.4816
1207538883,1,43.4989,-1.4815
1207538883,2,43.4989,-1.4815
1207538884,0,43.4969,-1.483
1207538884,1,43.497,-1.483
1207538885,0,43.4937,-1.4787
1207538885,1,43.4936,-1.4789
1207538886,0,43.4967,-1.4831
1207538886,1,43.4967,-1.483
1207538886,2,43.4968,-1.483
1207538886,3,43.4969,-1.483
1207538887,0,43.4971,-1.4832
1207538887,1,43.4971,-1.4833
1207538887,2,43.4971,-1.4834
1207538887,3,43.4971,-1.4834
1207538887,4,43.4971,-1.4835
1207538888,0,43.499,-1.4818
1207538888,1,43.4989,-1.4817
1207538888,2,43.4989,-1.4816
1213388018,0,43.4911,-1.4941
1213388018,1,43.491,-1.4939
1213388018,2,43.491,-1.4938
1213388018,3,43.4909,-1.4937
1213388018,4,43.4908,-1.4936
1213388018,5,43.4908,-1.4936
1213388018,6,43.4908,-1.4935
1213388018,7,43.4908,-1.4934
1217732961,0,43.502,-1.4501
1217732961,1,43.502,-1.4502
1217732961,2,43.5019,-1.4503
1217732962,0,43.5022,-1.4485
1217732962,1,43.5022,-1.4485
1217732962,2,43.5022,-1.4486
1217733000,0,43.4935,-1.4603
1217733000,1,43.4936,-1.4602
1217733001,0,43.4934,-1.4607
1217733001,1,43.4934,-1.4607
1217733001,2,43.4934,-1.4607
1217733001,3,43.4934,-1.4606
1217733002,0,43.4931,-1.461
1217733002,1,43.493,-1.461
1217733002,2,43.493,-1.461
1217733002,3,43.4929,-1.461
1217733002,4,43.4928,-1.4609
1217733007,0,43.4907,-1.4629
1217733007,1,43.4908,-1.4629
1217733019,0,43.4983,-1.4676
1217733019,1,43.4983,-1.4677
1217733024,0,43.4983,-1.4675
1217733024,1,43.4983,-1.4676
1217733035,0,43.5014,-1.4673
1217733035,1,43.5012,-1.4672
1218751227,0,43.4905,-1.4957
1218751227,1,43.4905,-1.4957
1218751227,2,43.4906,-1.4957
1218751231,0,43.4904,-1.4957
1218751231,1,43.4904,-1.4956
1218751232,0,43.4904,-1.4956
1218751232,1,43.4904,-1.4955
1218751233,0,43.4904,-1.4958
1218751233,1,43.4904,-1.4958
1218751233,2,43.4904,-1.4957
1218751233,3,43.4904,-1.4957
1222462726,0,43.5137,-1.4674
1222462726,1,43.5134,-1.4675
1222494045,0,43.507,-1.4672
1222494045,1,43.5069,-1.4672
1222494046,0,43.5069,-1.4672
1222494046,1,43.5068,-1.4672
1222494046,2,43.5066,-1.4672
1222494046,3,43.5066,-1.4672
1222494046,4,43.5065,-1.4672
1222494046,5,43.5064,-1.4672
1222494046,6,43.5064,-1.4672
1222494046,7,43.5063,-1.4672
1222494046,8,43.5062,-1.4672
1222494046,9,43.5052,-1.4673
1228061649,0,43.5074,-1.4837
1228061649,1,43.5076,-1.4838
1228061649,2,43.5079,-1.4838
1228061649,3,43.508,-1.4838
1228061649,4,43.5081,-1.4837
1230600925,0,43.488,-1.4829
1230600925,1,43.488,-1.4831
1230600925,2,43.4881,-1.4831
1230642056,0,43.4594,-1.4974
1230642056,1,43.4594,-1.4975
1230642056,2,43.4594,-1.4976
1230642266,0,43.4596,-1.4971
1230642266,1,43.4598,-1.4974
1230770251,0,43.5036,-1.4683
1230770251,1,43.5036,-1.4681
1230770251,2,43.5036,-1.468
1230770252,0,43.5035,-1.4679
1230770252,1,43.5035,-1.4677
1230770252,2,43.5035,-1.4677
1230770254,0,43.5034,-1.468
1230770254,1,43.5033,-1.468
1230770254,2,43.5033,-1.468
1230770257,0,43.5034,-1.4679
1230770257,1,43.5035,-1.4679
1230770257,2,43.5035,-1.4679
1230770258,0,43.5036,-1.4677
1230770258,1,43.5036,-1.4678
1230770258,2,43.5036,-1.468
1230770259,0,43.5036,-1.4675
1230770259,1,43.5036,-1.4677
1230770260,0,43.5036,-1.4675
1230770260,1,43.5035,-1.4667
1230770261,0,43.5033,-1.468
1230770261,1,43.5033,-1.468
1230770261,2,43.5034,-1.4679
1230786299,0,43.5004,-1.4922
1230786299,1,43.5005,-1.4922
1230786299,2,43.5006,-1.4921
1230786299,3,43.5006,-1.492
1230786299,4,43.5006,-1.492
1230786299,5,43.5006,-1.4919
1230786299,6,43.5006,-1.4919
1230786299,7,43.5004,-1.4915
1233603323,0,43.4854,-1.4827
1233603323,1,43.4853,-1.4828
1247368788,0,43.4932,-1.4497
1247368788,1,43.4931,-1.4497
1247368789,0,43.493,-1.4489
1247368789,1,43.493,-1.4488
1250684349,0,43.4598,-1.4965
1250684349,1,43.4597,-1.4966
1253486239,0,43.4921,-1.4954
1253486239,1,43.492,-1.4953
1253486239,2,43.492,-1.4953
1253486239,3,43.4919,-1.4952
1253486240,0,43.4923,-1.4954
1253486240,1,43.4923,-1.4954
1253486240,2,43.4922,-1.4954
1253486240,3,43.4922,-1.4954
1253486240,4,43.4921,-1.4954
1258301089,0,43.4889,-1.4936
1258301089,1,43.489,-1.4936
1258301089,2,43.4892,-1.4939
1259790350,0,43.4505,-1.4949
1259790350,1,43.4509,-1.4952
1259790350,2,43.4513,-1.4954
1259790350,3,43.4517,-1.4954
1259790350,4,43.4517,-1.4954
1259790350,5,43.4521,-1.4953
1259790350,6,43.4523,-1.4953
1259790351,0,43.45,-1.4937
1259790351,1,43.45,-1.4937
1259790351,2,43.45,-1.4937
1259790351,3,43.4499,-1.4937
1259790351,4,43.4499,-1.4936
1259790351,5,43.4499,-1.4936
1259790361,0,43.4767,-1.484
1259790361,1,43.4766,-1.484
1259790361,2,43.4764,-1.4841
1265283122,0,43.4931,-1.4794
1265283122,1,43.4931,-1.4795
1265283126,0,43.5049,-1.4461
1265283126,1,43.505,-1.4461
1265283127,0,43.505,-1.4464
1265283127,1,43.505,-1.4465
1265283127,2,43.505,-1.4465
1265283127,3,43.505,-1.4466
1265283127,4,43.5049,-1.4467
1265283127,5,43.5049,-1.4467
1265283127,6,43.5048,-1.4467
1265283129,0,43.505,-1.4461
1265283129,1,43.505,-1.4462
1265283129,2,43.505,-1.4463
1265283129,3,43.505,-1.4464
1265283150,0,43.4866,-1.4781
1265283150,1,43.4866,-1.4783
1265283150,2,43.4866,-1.4789
1265283150,3,43.4866,-1.4791
1265283150,4,43.4866,-1.4793
1265283150,5,43.4866,-1.4794
1265283150,6,43.4866,-1.4795
1265283151,0,43.487,-1.4764
1265283151,1,43.487,-1.4764
1265283151,2,43.487,-1.4764
1265283151,3,43.487,-1.4764
1265283151,4,43.487,-1.4763
1265283151,5,43.487,-1.4763
1265283155,0,43.4855,-1.4762
1265283155,1,43.4855,-1.4762
1265283156,0,43.4856,-1.4777
1265283156,1,43.4857,-1.4777
1265283156,2,43.4859,-1.4776
1265283156,3,43.486,-1.4776
1265283157,0,43.4864,-1.4785
1265283157,1,43.4863,-1.4777
1265283157,2,43.4863,-1.4774
1265283157,3,43.4862,-1.477
1265283157,4,43.4862,-1.4766
1265283158,0,43.4879,-1.4822
1265283158,1,43.4879,-1.4822
1265283159,0,43.4993,-1.4815
1265283159,1,43.4993,-1.4815
1265283159,2,43.4993,-1.4816
1265763477,0,43.5046,-1.4466
1265763477,1,43.5045,-1.4466
1265763477,2,43.5045,-1.4464
1265763477,3,43.5045,-1.4463
1265763478,0,43.5048,-1.4467
1265763478,1,43.5047,-1.4467
1265763478,2,43.5047,-1.4467
1265763478,3,43.5046,-1.4467
1265763478,4,43.5046,-1.4466
1267952824,0,43.4951,-1.4851
1267952824,1,43.4951,-1.4853
1267952824,2,43.4952,-1.4855
1267952824,3,43.4952,-1.4855
1267952824,4,43.4952,-1.4855
1273631008,0,43.4958,-1.4379
1273631008,1,43.4958,-1.4379
1273631008,2,43.4959,-1.4378
1273631008,3,43.496,-1.4378
1273631008,4,43.496,-1.4377
1273631008,5,43.4961,-1.4376
1273631008,6,43.4961,-1.4375
1273631008,7,43.4961,-1.4373
1273631008,8,43.4961,-1.4367
1273631008,9,43.4961,-1.4364
1273631008,10,43.4961,-1.4362
1273631008,11,43.4961,-1.436
1273631008,12,43.4961,-1.4356
1273631008,13,43.4962,-1.4347
1273631008,14,43.4962,-1.4346
1273631008,15,43.4962,-1.4345
1273631008,16,43.4963,-1.4344
1273631008,17,43.4963,-1.4343
1273631008,18,43.4963,-1.4343
1275253583,0,43.4755,-1.4898
1275253583,1,43.4754,-1.4902
1280794104,0,43.4778,-1.4579
1280794104,1,43.4778,-1.4579
1280794104,2,43.4777,-1.4578
1280794104,3,43.4776,-1.4578
1280794104,4,43.4774,-1.4576
1280794104,5,43.4774,-1.4576
1280794104,6,43.4773,-1.4575
1284195809,0,43.4837,-1.5026
1284195809,1,43.4836,-1.5026
1284195809,2,43.4836,-1.5027
1284195809,3,43.4835,-1.5027
1284948559,0,43.4981,-1.4947
1284948559,1,43.498,-1.4946
1284948559,2,43.498,-1.4946
1284948559,3,43.4979,-1.4945
1284948574,0,43.4903,-1.4676
1284948574,1,43.4903,-1.4676
1284948574,2,43.4903,-1.4676
1288953387,0,43.4994,-1.4936
1288953387,1,43.4994,-1.4936
1288953387,2,43.4994,-1.4936
1288953387,3,43.4994,-1.4936
1288953387,4,43.4993,-1.4936
1288953387,5,43.4993,-1.4937
1288953387,6,43.4988,-1.494
1288953392,0,43.4939,-1.4786
1288953392,1,43.4937,-1.4787
1288953392,2,43.4937,-1.4787
1288953413,0,43.4938,-1.4941
1288953413,1,43.4938,-1.4941
1288953413,2,43.4938,-1.494
1288953414,0,43.4938,-1.4943
1288953414,1,43.4938,-1.4942
1288953414,2,43.4938,-1.4942
1288953414,3,43.4938,-1.4941
1288953416,0,43.4905,-1.4618
1288953416,1,43.4904,-1.4615
1288953417,0,43.5134,-1.4366
1288953417,1,43.5137,-1.4359
1288953418,0,43.5137,-1.4359
1288953418,1,43.5137,-1.4358
1288953418,2,43.5138,-1.4357
1288953419,0,43.5135,-1.4356
1288953419,1,43.5137,-1.4357
1288953419,2,43.5138,-1.4357
1288953420,0,43.4937,-1.4915
1288953420,1,43.4938,-1.4915
1288953420,2,43.4938,-1.4915
1288953420,3,43.4938,-1.4915
1288953428,0,43.5052,-1.4673
1288953428,1,43.5051,-1.4673
1288953428,2,43.5047,-1.4673
1288953428,3,43.5046,-1.4673
1288953428,4,43.5045,-1.4673
1288953429,0,43.5045,-1.4673
1288953429,1,43.5045,-1.4672
1288953430,0,43.5077,-1.481
1288953430,1,43.5077,-1.481
1288953430,2,43.5076,-1.4809
1288953430,3,43.5076,-1.4808
1288953430,4,43.5075,-1.4807
1288953430,5,43.5074,-1.4805
1288953430,6,43.5073,-1.4804
1288953430,7,43.5073,-1.4803
1288953431,0,43.5073,-1.4803
1288953431,1,43.5073,-1.4803
1288953431,2,43.5073,-1.4802
1288953431,3,43.5073,-1.4802
1288953431,4,43.5074,-1.4802
1292382294,0,43.4915,-1.4776
1292382294,1,43.4915,-1.4775
1292382294,2,43.4915,-1.4774
1298052541,0,43.468,-1.4976
1298052541,1,43.468,-1.4973
1298052541,2,43.4681,-1.4973
1298052541,3,43.4681,-1.4972
1298052541,4,43.4681,-1.4971
1298052541,5,43.4684,-1.4964
1298052541,6,43.4684,-1.4962
1298052541,7,43.4685,-1.4962
1298052541,8,43.4685,-1.4961
1298052542,0,43.4693,-1.4967
1298052542,1,43.4694,-1.4965
1299354552,0,43.4665,-1.4966
1299354552,1,43.4663,-1.4963
1299354552,2,43.4663,-1.4962
1299354552,3,43.4662,-1.496
1299354552,4,43.4661,-1.4959
1299528007,0,43.5024,-1.4558
1299528007,1,43.5025,-1.4558
1299528007,2,43.5025,-1.4559
1299528007,3,43.5026,-1.4559
1299528008,0,43.5034,-1.4521
1299528008,1,43.5034,-1.4521
1299528008,2,43.5033,-1.4521
1299528008,3,43.5033,-1.452
1299528008,4,43.5034,-1.4518
1299528008,5,43.5034,-1.4518
1299528009,0,43.5022,-1.4561
1299528009,1,43.5022,-1.4561
1299528009,2,43.5022,-1.456
1299528009,3,43.5023,-1.4559
1299528009,4,43.5023,-1.4559
1299528009,5,43.5024,-1.4558
1299528009,6,43.5024,-1.4558
1299528022,0,43.4785,-1.4552
1299528022,1,43.4786,-1.4552
1299528022,2,43.4787,-1.4553
1299528022,3,43.4788,-1.4554
1305891623,0,43.4937,-1.4779
1305891623,1,43.4938,-1.478
1306333985,0,43.493,-1.4675
1306333985,1,43.493,-1.4673
1306333985,2,43.4929,-1.4671
1306333985,3,43.4929,-1.4671
1306350169,0,43.4933,-1.4672
1306350169,1,43.4935,-1.4669
1306350169,2,43.4936,-1.4668
1307500040,0,43.4914,-1.496
1307500040,1,43.4914,-1.4961
1307500041,0,43.4914,-1.4961
1307500041,1,43.4914,-1.4961
1307500042,0,43.4939,-1.4944
1307500042,1,43.4939,-1.4945
1307500042,2,43.4939,-1.4945
1307500042,3,43.4939,-1.4946
1307500042,4,43.4939,-1.4946
1307500043,0,43.4937,-1.4947
1307500043,1,43.4937,-1.4947
1307500043,2,43.4937,-1.4946
1307500043,3,43.4937,-1.4946
1307500043,4,43.4937,-1.4946
1307500043,5,43.4937,-1.4945
1307500043,6,43.4937,-1.4945
1307500043,7,43.4937,-1.4945
1307500043,8,43.4938,-1.4945
1307500043,9,43.4938,-1.4944
1307500043,10,43.4938,-1.4944
1307500043,11,43.4939,-1.4944
1307500044,0,43.4939,-1.4948
1307500044,1,43.4939,-1.4948
1307500044,2,43.4938,-1.4948
1307500045,0,43.4938,-1.4948
1307500045,1,43.4938,-1.4948
1307500045,2,43.4938,-1.4948
1307500045,3,43.4938,-1.4948
1307500046,0,43.4939,-1.4946
1307500046,1,43.4939,-1.4947
1307500046,2,43.4939,-1.4947
1307500046,3,43.4939,-1.4948
1307500047,0,43.4937,-1.4915
1307500047,1,43.4937,-1.4914
1307500047,2,43.4937,-1.4914
1307500047,3,43.4937,-1.4915
1307500047,4,43.4937,-1.4915
1307500048,0,43.4936,-1.4916
1307500048,1,43.4936,-1.4915
1307500048,2,43.4936,-1.4915
1307500048,3,43.4937,-1.4915
1307500048,4,43.4937,-1.4915
1307500048,5,43.4937,-1.4915
1307500049,0,43.4936,-1.4916
1307500049,1,43.4936,-1.4916
1307500049,2,43.4936,-1.4916
1307500050,0,43.4938,-1.4914
1307500050,1,43.4937,-1.4915
1307500051,0,43.4941,-1.4916
1307500051,1,43.4942,-1.4917
1307500051,2,43.4943,-1.4916
1307500051,3,43.4944,-1.4916
1307500051,4,43.4945,-1.4916
1307500051,5,43.4946,-1.4916
1307500051,6,43.4947,-1.4915
1307500051,7,43.4947,-1.4915
1307500051,8,43.4952,-1.4914
1307500051,9,43.4953,-1.4914
1307500052,0,43.4935,-1.4914
1307500052,1,43.4935,-1.4914
1307500053,0,43.4962,-1.4813
1307500053,1,43.496,-1.481
1307500053,2,43.4959,-1.4805
1307500053,3,43.4958,-1.4804
1307500054,0,43.4944,-1.4779
1307500054,1,43.4943,-1.478
1307500054,2,43.4943,-1.478
1307500055,0,43.4903,-1.4677
1307500055,1,43.4903,-1.4677
1307500055,2,43.4903,-1.4677
1307500055,3,43.4903,-1.4676
1307500056,0,43.4877,-1.4641
1307500056,1,43.4877,-1.4641
1307500056,2,43.4877,-1.464
1307500056,3,43.4877,-1.464
1307500056,4,43.4877,-1.464
1307500057,0,43.4853,-1.441
1307500057,1,43.4852,-1.4413
1307500057,2,43.4851,-1.4415
1307500057,3,43.4851,-1.4415
1307500057,4,43.4851,-1.4416
1307500057,5,43.4849,-1.442
1307500057,6,43.4847,-1.4425
1307500057,7,43.4846,-1.4428
1307500057,8,43.4845,-1.443
1307500057,9,43.4844,-1.4434
1309875440,0,43.5041,-1.4218
1309875440,1,43.5041,-1.4218
1310462289,0,43.4772,-1.4482
1310462289,1,43.4773,-1.448
1310462289,2,43.4774,-1.4479
1310462289,3,43.4774,-1.4478
1310462289,4,43.4775,-1.4477
1310462289,5,43.4776,-1.4475
1310462289,6,43.4776,-1.4474
1310462289,7,43.4777,-1.4473
1310462289,8,43.4777,-1.4471
1310462289,9,43.4778,-1.4469
1310462289,10,43.4778,-1.4467
1310462289,11,43.4779,-1.4461
1310462290,0,43.4764,-1.4499
1310462290,1,43.4764,-1.4498
1310462290,2,43.4764,-1.4496
1310462290,3,43.4764,-1.4495
1310462290,4,43.4764,-1.4494
1310462290,5,43.4765,-1.4493
1310462290,6,43.4765,-1.4491
1310462290,7,43.4765,-1.449
1310462290,8,43.4766,-1.449
1310462290,9,43.4766,-1.4489
1310462290,10,43.4767,-1.4488
1310462290,11,43.4768,-1.4487
1310462290,12,43.4769,-1.4485
1310462290,13,43.4772,-1.4482
1310462291,0,43.4779,-1.4489
1310462291,1,43.4778,-1.449
1310462291,2,43.4778,-1.4491
1310462291,3,43.4778,-1.4491
1310462291,4,43.4777,-1.4492
1310462291,5,43.4777,-1.4493
1310462291,6,43.4776,-1.4494
1310462291,7,43.4776,-1.4495
1310462291,8,43.4776,-1.4497
1310462291,9,43.4776,-1.4498
1310462291,10,43.4776,-1.45
1310462291,11,43.4775,-1.4503
1310462292,0,43.4795,-1.4475
1310462292,1,43.4794,-1.4477
1310462292,2,43.4791,-1.4479
1310462292,3,43.4789,-1.448
1310462292,4,43.4786,-1.4482
1310462292,5,43.4784,-1.4484
1310462292,6,43.4782,-1.4486
1310462292,7,43.4781,-1.4487
1310462292,8,43.4779,-1.4489
1310462293,0,43.4831,-1.4476
1310462293,1,43.4826,-1.4474
1310462293,2,43.4824,-1.4473
1310462294,0,43.4795,-1.4475
1310462294,1,43.4793,-1.4477
1310462294,2,43.4791,-1.4477
1310462294,3,43.4787,-1.448
1310462294,4,43.4784,-1.4482
1310462294,5,43.4782,-1.4484
1310462294,6,43.478,-1.4486
1310462294,7,43.4778,-1.4489
1310462294,8,43.4776,-1.4491
1310462294,9,43.4774,-1.4493
1310462294,10,43.4772,-1.4496
1310462294,11,43.477,-1.4499
1310462294,12,43.4766,-1.4506
1310462295,0,43.4765,-1.4502
1310462295,1,43.4773,-1.4484
1310462296,0,43.4755,-1.4525
1310462296,1,43.4758,-1.4519
1310462297,0,43.4758,-1.4519
1310462297,1,43.4759,-1.4517
1310462297,2,43.476,-1.4514
1310462297,3,43.4761,-1.4513
1312985481,0,43.4811,-1.4608
1312985481,1,43.4812,-1.4608
1312993436,0,43.5034,-1.4832
1312993436,1,43.5034,-1.4831
1312993436,2,43.5034,-1.4831
1318323367,0,43.5056,-1.4637
1318323367,1,43.5056,-1.4638
1318323367,2,43.5056,-1.4639
1318323367,3,43.5056,-1.4641
1318323367,4,43.5056,-1.4643
1318323367,5,43.5055,-1.4644
1318323368,0,43.5056,-1.4632
1318323368,1,43.5056,-1.4633
1318323368,2,43.5056,-1.4633
1318323369,0,43.5057,-1.4635
1318323369,1,43.5057,-1.4635
1318323369,2,43.5057,-1.4636
1318323369,3,43.5056,-1.4637
1318323370,0,43.5059,-1.4636
1318323370,1,43.5061,-1.4638
1318323371,0,43.5061,-1.4638
1318323371,1,43.5063,-1.4639
1318323371,2,43.5066,-1.464
1318323371,3,43.5068,-1.464
1318323372,0,43.5068,-1.464
1318323372,1,43.5069,-1.464
1318323372,2,43.5069,-1.464
1318323372,3,43.5071,-1.464
1318323372,4,43.5072,-1.464
1318323373,0,43.508,-1.4646
1318323373,1,43.508,-1.4646
1318323373,2,43.508,-1.4646
1318323373,3,43.5079,-1.4647
1318323373,4,43.5079,-1.4647
1318323373,5,43.5079,-1.4647
1318323373,6,43.508,-1.4651
1318323374,0,43.5079,-1.4639
1318323374,1,43.5089,-1.4638
1318323375,0,43.5089,-1.4638
1318323375,1,43.509,-1.4637
1318323375,2,43.5092,-1.4637
1318323375,3,43.5093,-1.4637
1318323375,4,43.5095,-1.4637
1318323376,0,43.5106,-1.464
1318323376,1,43.5113,-1.4637
1318323377,0,43.5101,-1.4642
1318323377,1,43.5102,-1.4642
1318323377,2,43.5103,-1.4641
1318323377,3,43.5106,-1.464
1318323378,0,43.5096,-1.4658
1318323378,1,43.5096,-1.466
1318323379,0,43.5097,-1.4662
1318323379,1,43.5097,-1.4661
1318323380,0,43.5096,-1.466
1318323380,1,43.5097,-1.4662
1318323380,2,43.5097,-1.4663
1318323381,0,43.5097,-1.4663
1318323381,1,43.5097,-1.4664
1318323381,2,43.5097,-1.4666
1318323381,3,43.5099,-1.4668
1318323381,4,43.51,-1.4669
1318323382,0,43.51,-1.4669
1318323382,1,43.51,-1.467
1318323382,2,43.5101,-1.4672
1318323382,3,43.5102,-1.4673
1318323382,4,43.5102,-1.4675
1318323382,5,43.5102,-1.4677
1318323382,6,43.5103,-1.4679
1318323382,7,43.5103,-1.4682
1318323382,8,43.5103,-1.4683
1318323383,0,43.5127,-1.4691
1318323383,1,43.5126,-1.4691
1318323383,2,43.5125,-1.4691
1318323383,3,43.5125,-1.4691
1318323383,4,43.5122,-1.4689
1318323383,5,43.5117,-1.4688
1318323383,6,43.5116,-1.4687
1318323383,7,43.5116,-1.4686
1318323383,8,43.5116,-1.4685
1318469113,0,43.4984,-1.4875
1318469113,1,43.4982,-1.4872
1318469113,2,43.4982,-1.4871
1318469113,3,43.4982,-1.487
1318469114,0,43.5004,-1.4915
1318469114,1,43.5003,-1.4912
1318469114,2,43.5001,-1.4908
1318469114,3,43.5,-1.4906
1318469114,4,43.4999,-1.4905
1318469114,5,43.4995,-1.4898
1318469114,6,43.4994,-1.4896
1318469115,0,43.5008,-1.492
1318469115,1,43.5007,-1.4919
1318469115,2,43.5004,-1.4915
1320738362,0,43.4754,-1.4997
1320738362,1,43.4754,-1.4997
1320738362,2,43.4754,-1.4993
1320738362,3,43.4753,-1.4989
1320738362,4,43.4753,-1.4987
1320738362,5,43.4753,-1.4986
1320738362,6,43.4754,-1.4984
1320738362,7,43.4754,-1.4983
1320738362,8,43.4755,-1.4981
1320738362,9,43.4755,-1.498
1320738362,10,43.4756,-1.4979
1320738362,11,43.4757,-1.4978
1320738362,12,43.4758,-1.4977
1320738362,13,43.4759,-1.4977
1320738362,14,43.4761,-1.4976
1320738362,15,43.4761,-1.4976
1320738362,16,43.4762,-1.4976
1320738362,17,43.4763,-1.4976
1320738362,18,43.4764,-1.4976
1320738362,19,43.4765,-1.4977
1320738362,20,43.4766,-1.4978
1320738362,21,43.4767,-1.4978
1320738362,22,43.4767,-1.4979
1320738362,23,43.4768,-1.4981
1324313214,0,43.4869,-1.4829
1324313214,1,43.4868,-1.4829
1324313214,2,43.4867,-1.4829
1324313214,3,43.4857,-1.4828
1324313214,4,43.4856,-1.4828
1324313214,5,43.4856,-1.4828
1324313214,6,43.4855,-1.4828
1324313214,7,43.4854,-1.4827
1330604116,0,43.4834,-1.4454
1330604116,1,43.4835,-1.4447
1330604116,2,43.4836,-1.4439
1332507471,0,43.4818,-1.447
1332507471,1,43.4821,-1.4471
1332507471,2,43.4824,-1.4472
1332507471,3,43.4831,-1.4474
1332507472,0,43.4918,-1.4495
1332507472,1,43.4922,-1.4495
1332507472,2,43.4926,-1.4493
1332507472,3,43.4929,-1.4492
1332507472,4,43.4934,-1.4491
1332507473,0,43.4956,-1.4478
1332507473,1,43.4949,-1.4484
1332507478,0,43.5067,-1.4312
1332507478,1,43.5067,-1.431
1332507479,0,43.5065,-1.4303
1332507479,1,43.5065,-1.4304
1332507479,2,43.5065,-1.4304
1332507479,3,43.5065,-1.4304
1332507480,0,43.5065,-1.4304
1332507480,1,43.5063,-1.4303
1332507481,0,43.5065,-1.4304
1332507481,1,43.5064,-1.4305
1332507481,2,43.5064,-1.4305
1332507481,3,43.5063,-1.4306
1332507481,4,43.5063,-1.4306
1332516997,0,43.5027,-1.4424
1332516997,1,43.5032,-1.4426
1332516997,2,43.5033,-1.4427
1332516997,3,43.5035,-1.4427
1332516997,4,43.5038,-1.4429
1332516997,5,43.5039,-1.4429
1332516998,0,43.5039,-1.4429
1332516998,1,43.504,-1.4429
1332516998,2,43.504,-1.4429
1332517001,0,43.504,-1.4429
1332517001,1,43.5042,-1.4429
1332517001,2,43.5043,-1.4429
1332517001,3,43.5045,-1.443
1332517001,4,43.5046,-1.443
1332517002,0,43.5046,-1.443
1332517002,1,43.5047,-1.443
1332517003,0,43.505,-1.4445
1332517003,1,43.5054,-1.4443
1332517003,2,43.5055,-1.4442
1332517003,3,43.5056,-1.4441
1332517003,4,43.5056,-1.4441
1332517004,0,43.5049,-1.4446
1332517004,1,43.505,-1.4445
1336418902,0,43.4763,-1.483
1336418902,1,43.4763,-1.483
1336418902,2,43.4763,-1.483
1336418902,3,43.4762,-1.483
1336418902,4,43.476,-1.4825
1336418902,5,43.4759,-1.4825
1336418902,6,43.4757,-1.4821
1336418902,7,43.4756,-1.4821
1336418902,8,43.4757,-1.482
1336418902,9,43.4757,-1.482
1336418902,10,43.4761,-1.4814
1336418902,11,43.4763,-1.4811
1336418902,12,43.4766,-1.4807
1336418902,13,43.4766,-1.4806
1336418902,14,43.4764,-1.4805
1336444269,0,43.5134,-1.4675
1336444269,1,43.5132,-1.4676
1336917590,0,43.4942,-1.4694
1336917590,1,43.494,-1.4692
1336917590,2,43.4939,-1.469
1336917590,3,43.4937,-1.4688
1336917590,4,43.4937,-1.4687
1339044172,0,43.4937,-1.4687
1339044172,1,43.4937,-1.4687
1339044172,2,43.4937,-1.4686
1339044172,3,43.4939,-1.4683
1339499870,0,43.4981,-1.4676
1339499870,1,43.498,-1.4676
1339499870,2,43.498,-1.4676
1339499870,3,43.4979,-1.4677
1339499870,4,43.4978,-1.4677
1339499870,5,43.4974,-1.4679
1339499870,6,43.4974,-1.4679
1339499870,7,43.4973,-1.4679
1339582640,0,43.4911,-1.4622
1339582640,1,43.4912,-1.462
1340095948,0,43.4926,-1.4665
1340095948,1,43.4929,-1.4669
1340095948,2,43.4929,-1.467
1340095948,3,43.4929,-1.4671
1341398361,0,43.4896,-1.4682
1341398361,1,43.4895,-1.4682
1341398361,2,43.4894,-1.4681
1341398362,0,43.4898,-1.4681
1341398362,1,43.4897,-1.4682
1341398362,2,43.4897,-1.4682
1341398362,3,43.4896,-1.4682
1341398362,4,43.4896,-1.4682
1342399319,0,43.4756,-1.4844
1342399319,1,43.4756,-1.4844
1342399319,2,43.4754,-1.4845
1342399320,0,43.4764,-1.4841
1342399320,1,43.4763,-1.4841
1342399320,2,43.4763,-1.4841
1342399320,3,43.4761,-1.4842
1342399320,4,43.4759,-1.4842
1342399320,5,43.4757,-1.4843
1342399320,6,43.4756,-1.4844
1342403666,0,43.481,-1.4635
1342403666,1,43.4809,-1.4635
1342403666,2,43.4809,-1.4635
1343079231,0,43.4509,-1.4929
1343079231,1,43.4511,-1.493
1343079233,0,43.4499,-1.4931
1343079233,1,43.45,-1.4932
1343079234,0,43.4498,-1.4935
1343079234,1,43.4498,-1.4935
1343079234,2,43.4498,-1.4934
1343079234,3,43.4499,-1.4934
1343079234,4,43.4499,-1.4933
1343079237,0,43.4502,-1.4934
1343079237,1,43.4502,-1.4935
1343079238,0,43.4516,-1.4934
1343079238,1,43.451,-1.4931
1343079238,2,43.4509,-1.4931
1343804481,0,43.4793,-1.4842
1343804481,1,43.4792,-1.4843
1343804481,2,43.4792,-1.4844
1343804481,3,43.4791,-1.4846
1343808768,0,43.4827,-1.4825
1343808768,1,43.4826,-1.4825
1343808768,2,43.4825,-1.4825
1343808768,3,43.4824,-1.4825
1343808769,0,43.4845,-1.4827
1343808769,1,43.4845,-1.4827
1343808769,2,43.4838,-1.4825
1343808770,0,43.4853,-1.4828
1343808770,1,43.4851,-1.4828
1346226296,0,43.4962,-1.4699
1346226296,1,43.496,-1.4698
1346418749,0,43.5031,-1.4636
1346418749,1,43.5031,-1.4637
1346418749,2,43.5032,-1.4638
1346418749,3,43.5032,-1.4638
1346418749,4,43.5033,-1.4638
1346418749,5,43.5033,-1.4638
1346418750,0,43.5021,-1.4614
1346418750,1,43.502,-1.461
1347975804,0,43.4736,-1.4489
1347975804,1,43.4739,-1.449
1347975804,2,43.474,-1.4491
1347975804,3,43.4747,-1.4496
1347975804,4,43.4748,-1.4497
1348799677,0,43.4625,-1.4967
1348799677,1,43.4625,-1.4971
1348799678,0,43.4627,-1.4961
1348799678,1,43.4626,-1.4962
1348799678,2,43.4626,-1.4963
1348799678,3,43.4626,-1.4965
1348799678,4,43.4625,-1.4967
1348799679,0,43.4617,-1.4961
1348799679,1,43.4614,-1.4962
1348799679,2,43.4613,-1.4962
1348799679,3,43.4611,-1.4962
1348799680,0,43.4624,-1.4975
1348799680,1,43.4624,-1.4973
1348799680,2,43.4624,-1.4971
1348799680,3,43.4624,-1.497
1349284828,0,43.476,-1.4512
1349284828,1,43.4762,-1.4509
1349289103,0,43.4875,-1.4488
1349289103,1,43.4884,-1.4491
1349289103,2,43.4892,-1.4494
1349938986,0,43.484,-1.4993
1349938986,1,43.484,-1.4991
1349938986,2,43.4843,-1.4979
1349938986,3,43.4846,-1.4965
1349938986,4,43.4847,-1.4962
1349938986,5,43.4849,-1.4954
1349938986,6,43.485,-1.495
1349938986,7,43.485,-1.4949
1349938986,8,43.485,-1.4949
1349938986,9,43.485,-1.4948
1349938988,0,43.485,-1.4951
1349938988,1,43.4849,-1.4954
1349938988,2,43.4847,-1.4965
1349938988,3,43.4844,-1.4978
1349938988,4,43.4844,-1.498
1349938988,5,43.4843,-1.4983
1349938988,6,43.4842,-1.4986
1349938988,7,43.4841,-1.499
1349938988,8,43.4841,-1.4992
1349938988,9,43.4841,-1.4994
1352201580,0,43.5015,-1.4459
1352201580,1,43.5016,-1.4459
1352201580,2,43.5016,-1.446
1352201580,3,43.5017,-1.446
1352201580,4,43.5017,-1.446
1352201580,5,43.5026,-1.4464
1352201580,6,43.5028,-1.4465
1352201580,7,43.5032,-1.4466
1352201580,8,43.5035,-1.4466
1352201580,9,43.5039,-1.4466
1352201581,0,43.5067,-1.431
1352201581,1,43.5067,-1.4309
1352201582,0,43.4986,-1.4548
1352201582,1,43.4987,-1.4547
1352201582,2,43.499,-1.4546
1352201582,3,43.4992,-1.4545
1352201582,4,43.4993,-1.4545
1354019297,0,43.4814,-1.4826
1354019297,1,43.4813,-1.4827
1354019297,2,43.4811,-1.4827
1354019298,0,43.4808,-1.4825
1354019298,1,43.4811,-1.4825
1358398660,0,43.5012,-1.4672
1358398660,1,43.5011,-1.4672
1358398661,0,43.501,-1.4671
1358398661,1,43.5005,-1.4669
1361634273,0,43.4799,-1.4894
1361634273,1,43.48,-1.4893
1361726189,0,43.4879,-1.4741
1361726189,1,43.4879,-1.4741
1361726189,2,43.4879,-1.4742
1361726189,3,43.4879,-1.4743
1361726189,4,43.4879,-1.4743
1361940668,0,43.4953,-1.4879
1361940668,1,43.4957,-1.4886
1361940668,2,43.4957,-1.4887
1361940668,3,43.4959,-1.4892
1361940668,4,43.4959,-1.4892
1361940668,5,43.4962,-1.4895
1361940668,6,43.4963,-1.4896
1361940669,0,43.4948,-1.4874
1361940669,1,43.4942,-1.4877
1369697396,0,43.4953,-1.4698
1369697396,1,43.4953,-1.4698
1369697396,2,43.4952,-1.4699
1369697399,0,43.4952,-1.4699
1369697399,1,43.4952,-1.4699
1418904665,0,43.4787,-1.4592
1418904665,1,43.4787,-1.4593
1418904665,2,43.4787,-1.4594
1418904665,3,43.4784,-1.4598
1418904665,4,43.4784,-1.46
1418904665,5,43.4783,-1.4601
1418904665,6,43.478,-1.4604
1426391060,0,43.45,-1.4939
1426391060,1,43.4499,-1.4937
1426391061,0,43.45,-1.4937
1426391061,1,43.45,-1.4937
1426391061,2,43.45,-1.4938
1426391061,3,43.45,-1.4939
1432227295,0,43.4931,-1.4526
1432227295,1,43.4932,-1.4525
1432227296,0,43.4929,-1.4529
1432227296,1,43.493,-1.4527
1432227296,2,43.493,-1.4527
1432227296,3,43.4931,-1.4526
1432227297,0,43.4927,-1.4531
1432227297,1,43.4927,-1.4531
1432227297,2,43.4928,-1.453
1432227297,3,43.4929,-1.4529
1432227298,0,43.4915,-1.4534
1432227298,1,43.4915,-1.4534
1432227298,2,43.4916,-1.4533
1432227298,3,43.4917,-1.4534
1432227298,4,43.4918,-1.4534
1432227298,5,43.4919,-1.4534
1432227298,6,43.492,-1.4534
1432227298,7,43.4923,-1.4533
1432227298,8,43.4926,-1.4532
1432227298,9,43.4927,-1.4531
1432227299,0,43.4938,-1.4511
1432227299,1,43.4937,-1.451
1435903587,0,43.4972,-1.4334
1435903587,1,43.4973,-1.4333
1435903588,0,43.496,-1.4381
1435903588,1,43.496,-1.438
1435903589,0,43.4966,-1.4384
1435903589,1,43.4966,-1.4384
1435903590,0,43.4941,-1.4452
1435903590,1,43.4941,-1.4452
1435903590,2,43.4947,-1.4456
1435903590,3,43.495,-1.4457
1435903590,4,43.4951,-1.4459
1435903590,5,43.4952,-1.4461
1435903590,6,43.4953,-1.4462
1435903590,7,43.4953,-1.4463
1435903590,8,43.4954,-1.4464
1436455166,0,43.5039,-1.4476
1436455166,1,43.5037,-1.4471
1436463850,0,43.5024,-1.4486
1436463850,1,43.5027,-1.4491
1436463850,2,43.5027,-1.4491
1436463850,3,43.503,-1.4494
1436463850,4,43.5033,-1.4498
1436466122,0,43.5039,-1.4505
1436466122,1,43.504,-1.4502
1442306014,0,43.4921,-1.4716
1442306014,1,43.4923,-1.4723
1442306016,0,43.4923,-1.4723
1442306016,1,43.4924,-1.4723
1442306017,0,43.4924,-1.4724
1442306017,1,43.4923,-1.4723
1442306018,0,43.4926,-1.4732
1442306018,1,43.4926,-1.4731
1442306018,2,43.4924,-1.4724
1442846741,0,43.4961,-1.4852
1442846741,1,43.496,-1.4852
1442846741,2,43.496,-1.4853
1444462149,0,43.4963,-1.4816
1444462149,1,43.4964,-1.482
1465671821,0,43.4666,-1.4968
1465671821,1,43.4665,-1.4966
1465676228,0,43.4775,-1.4929
1465676228,1,43.4776,-1.4929
1465676228,2,43.4778,-1.4929
1478603775,0,43.4905,-1.4782
1478603775,1,43.4904,-1.478
1489094875,0,43.4928,-1.4954
1489094875,1,43.4928,-1.4956
1489094875,2,43.4928,-1.4956
1501434143,0,43.4964,-1.4699
1501434143,1,43.4965,-1.4698
1511934895,0,43.4594,-1.4957
1511934895,1,43.4596,-1.4958
1511934895,2,43.4598,-1.4958
1511934895,3,43.4599,-1.4958
1511934895,4,43.4599,-1.4957
1511934895,5,43.46,-1.4957
1511934895,6,43.4601,-1.4957
1511953557,0,43.4809,-1.4635
1511953557,1,43.4809,-1.4634
1511953557,2,43.4809,-1.4631
1511953557,3,43.4809,-1.4628
1511953557,4,43.4809,-1.4628
1511953557,5,43.4809,-1.4627
1511953557,6,43.4809,-1.4626
1511953557,7,43.4808,-1.462
1511953557,8,43.4808,-1.4618
1511953557,9,43.4808,-1.4617
1511953557,10,43.4809,-1.4615
