{"type":"FeatureCollection","features":[{"type":"Feature","geometry":{"type":"Point","coordinates":[-94.8512374251,42.8477935622]},"properties":{"label_cluster_id":7851,"label_type":"CurbRamp","street_edge_id":108,"intersection_id":51,"osm_way_id":15997151,"region_id":1,"region_name":"Laurens","avg_image_capture_date":"2025-11-01T00:00Z","avg_label_date":"2026-09-22T01:14:07.203776Z","median_severity":null,"agree_count":0,"disagree_count":0,"unsure_count":0,"cluster_size":2,"label_ids":[1664,1990],"users":["51b0b927-3c8a-45b2-93de-bd878d1e5cf4"],"tag_counts":{}}},{"type":"Feature","geometry":{"type":"Point","coordinates":[-94.8513519691,42.8478516819]},"properties":{"label_cluster_id":7852,"label_type":"CurbRamp","street_edge_id":82,"intersection_id":51,"osm_way_id":15996928,"region_id":1,"region_name":"Laurens","avg_image_capture_date":"2025-11-01T00:00Z","avg_label_date":"2026-09-23T16:48:15.464Z","median_severity":2,"agree_count":0,"disagree_count":0,"unsure_count":0,"cluster_size":1,"label_ids":[2778],"users":["549187e0-redacted"],"tag_counts":{"missing tactile warning":1}}},{"type":"Feature","geometry":{"type":"Point","coordinates":[-94.8513324745,42.8476635773]},"properties":{"label_cluster_id":7853,"label_type":"CurbRamp","street_edge_id":108,"intersection_id":51,"osm_way_id":15997151,"region_id":1,"region_name":"Laurens","avg_image_capture_date":"2025-11-01T00:00Z","avg_label_date":"2026-09-23T16:47:57.848Z","median_severity":1,"agree_count":0,"disagree_count":0,"unsure_count":0,"cluster_size":1,"label_ids":[2775],"users":["549187e0-redacted"],"tag_counts":{"missing tactile warning":1}}},{"type":"Feature","geometry":{"type":"Point","coordinates":[-94.8511438683,42.8476539206]},"properties":{"label_cluster_id":7854,"label_type":"CurbRamp","street_edge_id":108,"intersection_id":51,"osm_way_id":15997151,"region_id":1,"region_name":"Laurens","avg_image_capture_date":"2025-11-01T00:00Z","avg_label_date":"2026-09-22T01:14:11.131233Z","median_severity":null,"agree_count":1,"disagree_count":0,"unsure_count":0,"cluster_size":1,"label_ids":[1876],"users":["51b0b927-3c8a-45b2-93de-bd878d1e5cf4"],"tag_counts":{}}},{"type":"Feature","geometry":{"type":"Point","coordinates":[-94.8514956785,42.8466078146]},"properties":{"label_cluster_id":7855,"label_type":"CurbRamp","street_edge_id":89,"intersection_id":32,"osm_way_id":15996946,"region_id":1,"region_name":"Laurens","avg_image_capture_date":"2025-11-01T00:00Z","avg_label_date":"2026-09-21T00:28:05.844220Z","median_severity":1,"agree_count":2,"disagree_count":0,"unsure_count":0,"cluster_size":5,"label_ids":[140,1524,1553,1666,2493],"users":["51b0b927-3c8a-45b2-93de-bd878d1e5cf4","549187e0-redacted"],"tag_counts":{"missing tactile warning":1}}},{"type":"Feature","geometry":{"type":"Point","coordinates":[-94.8512976545,42.846619375]},"properties":{"label_cluster_id":7856,"label_type":"CurbRamp","street_edge_id":33,"intersection_id":32,"osm_way_id":15996191,"region_id":1,"region_name":"Laurens","avg_image_capture_date":"2025-11-01T00:00Z","avg_label_date":"2026-09-21T23:04:37.020058Z","median_severity":2,"agree_count":1,"disagree_count":0,"unsure_count":0,"cluster_size":2,"label_ids":[1519,1778],"users":["51b0b927-3c8a-45b2-93de-bd878d1e5cf4","549187e0-redacted"],"tag_counts":{"surface problem":1,"missing tactile warning":1}}},{"type":"Feature","geometry":{"type":"Point","coordinates":[-94.8514009672,42.8464715293]},"properties":{"label_cluster_id":7857,"label_type":"CurbRamp","street_edge_id":89,"intersection_id":32,"osm_way_id":15996946,"region_id":1,"region_name":"Laurens","avg_image_capture_date":"2025-11-01T00:00Z","avg_label_date":"2026-09-17T01:42:09.124440Z","median_severity":null,"agree_count":1,"disagree_count":0,"unsure_count":0,"cluster_size":1,"label_ids":[149],"users":["51b0b927-3c8a-45b2-93de-bd878d1e5cf4"],"tag_counts":{}}},{"type":"Feature","geometry":{"type":"Point","coordinates":[-94.8514920556,42.8468915244]},"properties":{"label_cluster_id":7858,"label_type":"CurbRamp","street_edge_id":81,"intersection_id":32,"osm_way_id":15996928,"region_id":1,"region_name":"Laurens","avg_image_capture_date":"2025-11-01T00:00Z","avg_label_date":"2026-09-20T09:23:02.474952Z","median_severity":null,"agree_count":3,"disagree_count":0,"unsure_count":0,"cluster_size":3,"label_ids":[14,1681,1997],"users":["51b0b927-3c8a-45b2-93de-bd878d1e5cf4"],"tag_counts":{}}},{"type":"Feature","geometry":{"type":"Point","coordinates":[-94.8515552516,42.8467153797]},"properties":{"label_cluster_id":7859,"label_type":"CurbRamp","street_edge_id":30,"intersection_id":32,"osm_way_id":15996191,"region_id":1,"region_name":"Laurens","avg_image_capture_date":"2025-11-01T00:00Z","avg_label_date":"2026-09-19T10:26:07.423972Z","median_severity":2,"agree_count":3,"disagree_count":0,"unsure_count":0,"cluster_size":7,"label_ids":[175,341,383,423,1624,2226,2764],"users":["51b0b927-3c8a-45b2-93de-bd878d1e5cf4","549187e0-redacted"],"tag_counts":{"not level with street":1,"missing tactile warning":1}}},{"type":"Feature","geometry":{"type":"Point","coordinates":[-94.8515950994,42.8467515882]},"properties":{"label_cluster_id":7860,"label_type":"CurbRamp","street_edge_id":30,"intersection_id":32,"osm_way_id":15996191,"region_id":1,"region_name":"Laurens","avg_image_capture_date":"2025-11-01T00:00Z","avg_label_date":"2026-09-19T13:29:11.928670Z","median_severity":null,"agree_count":1,"disagree_count":0,"unsure_count":0,"cluster_size":2,"label_ids":[294,2049],"users":["51b0b927-3c8a-45b2-93de-bd878d1e5cf4"],"tag_counts":{}}},{"type":"Feature","geometry":{"type":"Point","coordinates":[-94.8487569707,42.8466500651]},"properties":{"label_cluster_id":7861,"label_type":"CurbRamp","street_edge_id":31,"intersection_id":71,"osm_way_id":15996191,"region_id":1,"region_name":"Laurens","avg_image_capture_date":"2025-11-01T00:00Z","avg_label_date":"2026-09-21T23:01:52.997262Z","median_severity":2,"agree_count":0,"disagree_count":0,"unsure_count":0,"cluster_size":2,"label_ids":[1492,1772],"users":["51b0b927-3c8a-45b2-93de-bd878d1e5cf4","549187e0-redacted"],"tag_counts":{"narrow":1,"missing tactile warning":1}}},{"type":"Feature","geometry":{"type":"Point","coordinates":[-94.8487449086,42.8467121253]},"properties":{"label_cluster_id":7862,"label_type":"CurbRamp","street_edge_id":51,"intersection_id":71,"osm_way_id":15996485,"region_id":1,"region_name":"Laurens","avg_image_capture_date":"2025-11-01T00:00Z","avg_label_date":"2026-09-21T23:28:03.145912Z","median_severity":2,"agree_count":1,"disagree_count":0,"unsure_count":0,"cluster_size":5,"label_ids":[1483,1485,1820,2210,2435],"users":["51b0b927-3c8a-45b2-93de-bd878d1e5cf4","549187e0-redacted"],"tag_counts":{"narrow":2,"not level with street":2,"missing tactile warning":2}}},{"type":"Feature","geometry":{"type":"Point","coordinates":[-94.8487323581,42.8467670289]},"properties":{"label_cluster_id":7863,"label_type":"CurbRamp","street_edge_id":51,"intersection_id":71,"osm_way_id":15996485,"region_id":1,"region_name":"Laurens","avg_image_capture_date":"2025-11-01T00:00Z","avg_label_date":"2026-09-17T01:41:05.691879Z","median_severity":null,"agree_count":1,"disagree_count":0,"unsure_count":0,"cluster_size":1,"label_ids":[32],"users":["51b0b927-3c8a-45b2-93de-bd878d1e5cf4"],"tag_counts":{}}},{"type":"Feature","geometry":{"type":"Point","coordinates":[-94.8487836419,42.8474271492]},"properties":{"label_cluster_id":7864,"label_type":"CurbRamp","street_edge_id":105,"intersection_id":61,"osm_way_id":15997151,"region_id":1,"region_name":"Laurens","avg_image_capture_date":"2025-11-01T00:00Z","avg_label_date":"2026-09-22T01:13:44.151715Z","median_severity":null,"agree_count":0,"disagree_count":0,"unsure_count":0,"cluster_size":1,"label_ids":[1571],"users":["51b0b927-3c8a-45b2-93de-bd878d1e5cf4"],"tag_counts":{}}},{"type":"Feature","geometry":{"type":"Point","coordinates":[-94.8501111316,42.8467178264]},"properties":{"label_cluster_id":7865,"label_type":"CurbRamp","street_edge_id":76,"intersection_id":2,"osm_way_id":15996746,"region_id":1,"region_name":"Laurens","avg_image_capture_date":"2025-11-01T00:00Z","avg_label_date":"2026-09-18T17:34:17.785338Z","median_severity":null,"agree_count":3,"disagree_count":0,"unsure_count":0,"cluster_size":3,"label_ids":[86,645,1765],"users":["51b0b927-3c8a-45b2-93de-bd878d1e5cf4"],"tag_counts":{}}},{"type":"Feature","geometry":{"type":"Point","coordinates":[-94.8501917504,42.8467117432]},"properties":{"label_cluster_id":7866,"label_type":"CurbRamp","street_edge_id":33,"intersection_id":2,"osm_way_id":15996191,"region_id":1,"region_name":"Laurens","avg_image_capture_date":"2025-11-01T00:00Z","avg_label_date":"2026-09-19T13:29:50.118838Z","median_severity":null,"agree_count":0,"disagree_count":0,"unsure_count":0,"cluster_size":2,"label_ids":[372,2418],"users":["51b0b927-3c8a-45b2-93de-bd878d1e5cf4"],"tag_counts":{}}},{"type":"Feature","geometry":{"type":"Point","coordinates":[-94.8499175178,42.8475475219]},"properties":{"label_cluster_id":7867,"label_type":"CurbRamp","street_edge_id":105,"intersection_id":38,"osm_way_id":15997151,"region_id":1,"region_name":"Laurens","avg_image_capture_date":"2025-11-01T00:00Z","avg_label_date":"2026-09-19T13:29:23.676226Z","median_severity":null,"agree_count":6,"disagree_count":0,"unsure_count":0,"cluster_size":6,"label_ids":[137,312,553,2010,2087,2359],"users":["51b0b927-3c8a-45b2-93de-bd878d1e5cf4"],"tag_counts":{}}},{"type":"Feature","geometry":{"type":"Point","coordinates":[-94.850105942,42.8476075552]},"properties":{"label_cluster_id":7868,"label_type":"CurbRamp","street_edge_id":108,"intersection_id":38,"osm_way_id":15997151,"region_id":1,"region_name":"Laurens","avg_image_capture_date":"2025-11-01T00:00Z","avg_label_date":"2026-09-22T01:14:28.891097Z","median_severity":null,"agree_count":1,"disagree_count":0,"unsure_count":0,"cluster_size":1,"label_ids":[2092],"users":["51b0b927-3c8a-45b2-93de-bd878d1e5cf4"],"tag_counts":{}}},{"type":"Feature","geometry":{"type":"Point","coordinates":[-94.852910364,42.8468992763]},"properties":{"label_cluster_id":7869,"label_type":"CurbRamp","street_edge_id":56,"intersection_id":65,"osm_way_id":15996561,"region_id":1,"region_name":"Laurens","avg_image_capture_date":"2025-11-01T00:00Z","avg_label_date":"2026-09-19T13:28:08.086518Z","median_severity":null,"agree_count":2,"disagree_count":0,"unsure_count":0,"cluster_size":2,"label_ids":[101,2097],"users":["51b0b927-3c8a-45b2-93de-bd878d1e5cf4"],"tag_counts":{}}},{"type":"Feature","geometry":{"type":"Point","coordinates":[-94.852984593,42.8468490377]},"properties":{"label_cluster_id":7870,"label_type":"CurbRamp","street_edge_id":29,"intersection_id":65,"osm_way_id":15996191,"region_id":1,"region_name":"Laurens","avg_image_capture_date":"2025-11-01T00:00Z","avg_label_date":"2026-09-23T01:34:07.432Z","median_severity":1,"agree_count":0,"disagree_count":0,"unsure_count":0,"cluster_size":3,"label_ids":[2743,2746,2756],"users":["549187e0-redacted"],"tag_counts":{}}},{"type":"Feature","geometry":{"type":"Point","coordinates":[-94.8528913728,42.8469752472]},"properties":{"label_cluster_id":7871,"label_type":"CurbRamp","street_edge_id":56,"intersection_id":null,"osm_way_id":15996561,"region_id":1,"region_name":"Laurens","avg_image_capture_date":"2025-11-01T00:00Z","avg_label_date":"2026-09-22T01:14:40.145016Z","median_severity":null,"agree_count":1,"disagree_count":0,"unsure_count":0,"cluster_size":1,"label_ids":[2234],"users":["51b0b927-3c8a-45b2-93de-bd878d1e5cf4"],"tag_counts":{}}},{"type":"Feature","geometry":{"type":"Point","coordinates":[-94.8542434296,42.8469242857]},"properties":{"label_cluster_id":7872,"label_type":"CurbRamp","street_edge_id":152,"intersection_id":66,"osm_way_id":15997604,"region_id":1,"region_name":"Laurens","avg_image_capture_date":"2025-11-01T00:00Z","avg_label_date":"2026-09-22T09:50:07.300479Z","median_severity":1,"agree_count":1,"disagree_count":0,"unsure_count":0,"cluster_size":2,"label_ids":[2546,2679],"users":["51b0b927-3c8a-45b2-93de-bd878d1e5cf4","549187e0-redacted"],"tag_counts":{}}},{"type":"Feature","geometry":{"type":"Point","coordinates":[-94.8537003023,42.8467708821]},"properties":{"label_cluster_id":7873,"label_type":"CurbRamp","street_edge_id":29,"intersection_id":null,"osm_way_id":15996191,"region_id":1,"region_name":"Laurens","avg_image_capture_date":"2025-11-01T00:00Z","avg_label_date":"2026-09-17T01:46:58.139959Z","median_severity":null,"agree_count":1,"disagree_count":0,"unsure_count":0,"cluster_size":1,"label_ids":[620],"users":["51b0b927-3c8a-45b2-93de-bd878d1e5cf4"],"tag_counts":{}}},{"type":"Feature","geometry":{"type":"Point","coordinates":[-94.8516285884,42.8446063149]},"properties":{"label_cluster_id":7874,"label_type":"CurbRamp","street_edge_id":9,"intersection_id":57,"osm_way_id":15991587,"region_id":1,"region_name":"Laurens","avg_image_capture_date":"2025-11-01T00:00Z","avg_label_date":"2026-09-18T17:33:19.690142Z","median_severity":null,"agree_count":2,"disagree_count":0,"unsure_count":0,"cluster_size":3,"label_ids":[2,384,1983],"users":["51b0b927-3c8a-45b2-93de-bd878d1e5cf4"],"tag_counts":{}}},{"type":"Feature","geometry":{"type":"Point","coordinates":[-94.8517545659,42.8446283351]},"properties":{"label_cluster_id":7875,"label_type":"CurbRamp","street_edge_id":9,"intersection_id":57,"osm_way_id":15991587,"region_id":1,"region_name":"Laurens","avg_image_capture_date":"2025-11-01T00:00Z","avg_label_date":"2026-09-22T01:14:15.365190Z","median_severity":null,"agree_count":2,"disagree_count":0,"unsure_count":0,"cluster_size":2,"label_ids":[1874,1973],"users":["51b0b927-3c8a-45b2-93de-bd878d1e5cf4"],"tag_counts":{}}},{"type":"Feature","geometry":{"type":"Point","coordinates":[-94.8518441826,42.8446391558]},"properties":{"label_cluster_id":7876,"label_type":"CurbRamp","street_edge_id":9,"intersection_id":null,"osm_way_id":15991587,"region_id":1,"region_name":"Laurens","avg_image_capture_date":"2025-11-01T00:00Z","avg_label_date":"2026-09-22T01:14:34.458902Z","median_severity":null,"agree_count":0,"disagree_count":0,"unsure_count":0,"cluster_size":1,"label_ids":[2166],"users":["51b0b927-3c8a-45b2-93de-bd878d1e5cf4"],"tag_counts":{}}},{"type":"Feature","geometry":{"type":"Point","coordinates":[-94.8514167184,42.8456172118]},"properties":{"label_cluster_id":7877,"label_type":"CurbRamp","street_edge_id":69,"intersection_id":9,"osm_way_id":15996716,"region_id":1,"region_name":"Laurens","avg_image_capture_date":"2025-11-01T00:00Z","avg_label_date":"2026-09-20T08:00:25.353496Z","median_severity":3,"agree_count":1,"disagree_count":0,"unsure_count":0,"cluster_size":3,"label_ids":[707,1543,2450],"users":["51b0b927-3c8a-45b2-93de-bd878d1e5cf4","549187e0-redacted"],"tag_counts":{"surface problem":1,"missing tactile warning":1}}},{"type":"Feature","geometry":{"type":"Point","coordinates":[-94.8514155587,42.8455526114]},"properties":{"label_cluster_id":7878,"label_type":"CurbRamp","street_edge_id":87,"intersection_id":9,"osm_way_id":15996946,"region_id":1,"region_name":"Laurens","avg_image_capture_date":"2025-11-01T00:00Z","avg_label_date":"2026-09-22T01:14:36.334270Z","median_severity":null,"agree_count":0,"disagree_count":0,"unsure_count":0,"cluster_size":1,"label_ids":[2186],"users":["51b0b927-3c8a-45b2-93de-bd878d1e5cf4"],"tag_counts":{}}},{"type":"Feature","geometry":{"type":"Point","coordinates":[-94.8508295825,42.8451835896]},"properties":{"label_cluster_id":7879,"label_type":"CurbRamp","street_edge_id":69,"intersection_id":null,"osm_way_id":15996716,"region_id":1,"region_name":"Laurens","avg_image_capture_date":"2025-11-01T00:00Z","avg_label_date":"2026-09-22T01:13:46.301956Z","median_severity":null,"agree_count":0,"disagree_count":0,"unsure_count":0,"cluster_size":1,"label_ids":[1590],"users":["51b0b927-3c8a-45b2-93de-bd878d1e5cf4"],"tag_counts":{}}},{"type":"Feature","geometry":{"type":"Point","coordinates":[-94.8528817628,42.8446514943]},"properties":{"label_cluster_id":7880,"label_type":"CurbRamp","street_edge_id":9,"intersection_id":17,"osm_way_id":15991587,"region_id":1,"region_name":"Laurens","avg_image_capture_date":"2025-11-01T00:00Z","avg_label_date":"2026-09-18T17:34:56.483891Z","median_severity":null,"agree_count":3,"disagree_count":0,"unsure_count":0,"cluster_size":3,"label_ids":[249,686,1736],"users":["51b0b927-3c8a-45b2-93de-bd878d1e5cf4"],"tag_counts":{}}},{"type":"Feature","geometry":{"type":"Point","coordinates":[-94.8527890639,42.8446248516]},"properties":{"label_cluster_id":7881,"label_type":"CurbRamp","street_edge_id":9,"intersection_id":17,"osm_way_id":15991587,"region_id":1,"region_name":"Laurens","avg_image_capture_date":"2025-11-01T00:00Z","avg_label_date":"2026-09-22T01:14:31.982394Z","median_severity":2,"agree_count":1,"disagree_count":0,"unsure_count":0,"cluster_size":1,"label_ids":[2129],"users":["51b0b927-3c8a-45b2-93de-bd878d1e5cf4"],"tag_counts":{"narrow":1,"surface problem":1,"missing tactile warning":1}}},{"type":"Feature","geometry":{"type":"Point","coordinates":[-94.8528880589,42.8445770385]},"properties":{"label_cluster_id":7882,"label_type":"CurbRamp","street_edge_id":4,"intersection_id":17,"osm_way_id":15991387,"region_id":1,"region_name":"Laurens","avg_image_capture_date":"2025-11-01T00:00Z","avg_label_date":"2026-09-22T01:14:58.307219Z","median_severity":null,"agree_count":0,"disagree_count":0,"unsure_count":0,"cluster_size":1,"label_ids":[2453],"users":["51b0b927-3c8a-45b2-93de-bd878d1e5cf4"],"tag_counts":{}}},{"type":"Feature","geometry":{"type":"Point","coordinates":[-94.8528565593,42.8447336157]},"properties":{"label_cluster_id":7883,"label_type":"CurbRamp","street_edge_id":5,"intersection_id":17,"osm_way_id":15991387,"region_id":1,"region_name":"Laurens","avg_image_capture_date":"2025-11-01T00:00Z","avg_label_date":"2026-09-20T09:25:10.737146Z","median_severity":null,"agree_count":1,"disagree_count":0,"unsure_count":0,"cluster_size":3,"label_ids":[646,1671,2050],"users":["51b0b927-3c8a-45b2-93de-bd878d1e5cf4"],"tag_counts":{}}},{"type":"Feature","geometry":{"type":"Point","coordinates":[-94.8530311693,42.8446680882]},"properties":{"label_cluster_id":7884,"label_type":"CurbRamp","street_edge_id":8,"intersection_id":17,"osm_way_id":15991587,"region_id":1,"region_name":"Laurens","avg_image_capture_date":"2025-11-01T00:00Z","avg_label_date":"2026-09-17T01:41:25.443384Z","median_severity":null,"agree_count":1,"disagree_count":0,"unsure_count":0,"cluster_size":1,"label_ids":[63],"users":["51b0b927-3c8a-45b2-93de-bd878d1e5cf4"],"tag_counts":{}}},{"type":"Feature","geometry":{"type":"Point","coordinates":[-94.8527513957,42.8456206764]},"properties":{"label_cluster_id":7885,"label_type":"CurbRamp","street_edge_id":67,"intersection_id":56,"osm_way_id":15996716,"region_id":1,"region_name":"Laurens","avg_image_capture_date":"2025-11-01T00:00Z","avg_label_date":"2026-09-19T13:30:03.396264Z","median_severity":null,"agree_count":4,"disagree_count":0,"unsure_count":0,"cluster_size":4,"label_ids":[291,658,1971,2215],"users":["51b0b927-3c8a-45b2-93de-bd878d1e5cf4"],"tag_counts":{}}},{"type":"Feature","geometry":{"type":"Point","coordinates":[-94.8528645104,42.8455018921]},"properties":{"label_cluster_id":7886,"label_type":"CurbRamp","street_edge_id":5,"intersection_id":56,"osm_way_id":15991387,"region_id":1,"region_name":"Laurens","avg_image_capture_date":"2025-11-01T00:00Z","avg_label_date":"2026-09-17T01:43:28.640093Z","median_severity":null,"agree_count":0,"disagree_count":0,"unsure_count":0,"cluster_size":1,"label_ids":[264],"users":["51b0b927-3c8a-45b2-93de-bd878d1e5cf4"],"tag_counts":{}}},{"type":"Feature","geometry":{"type":"Point","coordinates":[-94.8529967132,42.845817995]},"properties":{"label_cluster_id":7887,"label_type":"CurbRamp","street_edge_id":6,"intersection_id":56,"osm_way_id":15991387,"region_id":1,"region_name":"Laurens","avg_image_capture_date":"2025-11-01T00:00Z","avg_label_date":"2026-09-20T20:46:15.518643Z","median_severity":2,"agree_count":1,"disagree_count":0,"unsure_count":0,"cluster_size":3,"label_ids":[632,2608,2612],"users":["51b0b927-3c8a-45b2-93de-bd878d1e5cf4","549187e0-redacted"],"tag_counts":{"narrow":2,"missing tactile warning":2}}},{"type":"Feature","geometry":{"type":"Point","coordinates":[-94.8529604367,42.8458632196]},"properties":{"label_cluster_id":7888,"label_type":"CurbRamp","street_edge_id":6,"intersection_id":56,"osm_way_id":15991387,"region_id":1,"region_name":"Laurens","avg_image_capture_date":"2025-11-01T00:00Z","avg_label_date":"2026-09-17T01:46:58.324491Z","median_severity":null,"agree_count":1,"disagree_count":0,"unsure_count":0,"cluster_size":1,"label_ids":[621],"users":["51b0b927-3c8a-45b2-93de-bd878d1e5cf4"],"tag_counts":{}}},{"type":"Feature","geometry":{"type":"Point","coordinates":[-94.8533923958,42.8457419248]},"properties":{"label_cluster_id":7889,"label_type":"CurbRamp","street_edge_id":66,"intersection_id":null,"osm_way_id":15996716,"region_id":1,"region_name":"Laurens","avg_image_capture_date":"2025-11-01T00:00Z","avg_label_date":"2026-09-22T01:14:12.641949Z","median_severity":null,"agree_count":0,"disagree_count":0,"unsure_count":0,"cluster_size":1,"label_ids":[1892],"users":["51b0b927-3c8a-45b2-93de-bd878d1e5cf4"],"tag_counts":{}}},{"type":"Feature","geometry":{"type":"Point","coordinates":[-94.8499001957,42.8499873917]},"properties":{"label_cluster_id":7890,"label_type":"CurbRamp","street_edge_id":116,"intersection_id":37,"osm_way_id":15997343,"region_id":1,"region_name":"Laurens","avg_image_capture_date":"2025-11-01T00:00Z","avg_label_date":"2026-09-20T18:25:22.797650Z","median_severity":2,"agree_count":3,"disagree_count":0,"unsure_count":0,"cluster_size":5,"label_ids":[542,570,1956,2403,2921],"users":["51b0b927-3c8a-45b2-93de-bd878d1e5cf4","549187e0-redacted"],"tag_counts":{"narrow":1,"missing tactile warning":1}}},{"type":"Feature","geometry":{"type":"Point","coordinates":[-94.8496806463,42.8499603173]},"properties":{"label_cluster_id":7891,"label_type":"CurbRamp","street_edge_id":128,"intersection_id":37,"osm_way_id":15997383,"region_id":1,"region_name":"Laurens","avg_image_capture_date":"2025-11-01T00:00Z","avg_label_date":"2026-09-22T01:14:12.920365Z","median_severity":null,"agree_count":0,"disagree_count":0,"unsure_count":0,"cluster_size":1,"label_ids":[1895],"users":["51b0b927-3c8a-45b2-93de-bd878d1e5cf4"],"tag_counts":{}}},{"type":"Feature","geometry":{"type":"Point","coordinates":[-94.8486305425,42.8498170612]},"properties":{"label_cluster_id":7892,"label_type":"CurbRamp","street_edge_id":45,"intersection_id":6,"osm_way_id":15996421,"region_id":1,"region_name":"Laurens","avg_image_capture_date":"2025-11-01T00:00Z","avg_label_date":"2026-09-22T22:30:10.771254Z","median_severity":2,"agree_count":1,"disagree_count":0,"unsure_count":0,"cluster_size":4,"label_ids":[1563,2027,2155,2956],"users":["51b0b927-3c8a-45b2-93de-bd878d1e5cf4","549187e0-redacted"],"tag_counts":{"narrow":1,"not level with street":1,"missing tactile warning":1}}},{"type":"Feature","geometry":{"type":"Point","coordinates":[-94.8488459764,42.8498528586]},"properties":{"label_cluster_id":7893,"label_type":"CurbRamp","street_edge_id":128,"intersection_id":6,"osm_way_id":15997383,"region_id":1,"region_name":"Laurens","avg_image_capture_date":"2025-11-01T00:00Z","avg_label_date":"2026-09-19T13:27:47.038459Z","median_severity":null,"agree_count":2,"disagree_count":0,"unsure_count":0,"cluster_size":2,"label_ids":[52,1949],"users":["51b0b927-3c8a-45b2-93de-bd878d1e5cf4"],"tag_counts":{}}},{"type":"Feature","geometry":{"type":"Point","coordinates":[-94.847302667,42.8509482141]},"properties":{"label_cluster_id":7894,"label_type":"CurbRamp","street_edge_id":109,"intersection_id":52,"osm_way_id":15997258,"region_id":1,"region_name":"Laurens","avg_image_capture_date":"2025-11-01T00:00Z","avg_label_date":"2026-09-17T01:42:20.435008Z","median_severity":null,"agree_count":2,"disagree_count":0,"unsure_count":0,"cluster_size":2,"label_ids":[69,223],"users":["51b0b927-3c8a-45b2-93de-bd878d1e5cf4"],"tag_counts":{}}},{"type":"Feature","geometry":{"type":"Point","coordinates":[-94.8473968016,42.8508541246]},"properties":{"label_cluster_id":7895,"label_type":"CurbRamp","street_edge_id":109,"intersection_id":52,"osm_way_id":15997258,"region_id":1,"region_name":"Laurens","avg_image_capture_date":"2025-11-01T00:00Z","avg_label_date":"2026-09-25T01:41:44.951422Z","median_severity":2,"agree_count":0,"disagree_count":0,"unsure_count":0,"cluster_size":3,"label_ids":[2497,3009,3013],"users":["51b0b927-3c8a-45b2-93de-bd878d1e5cf4","549187e0-redacted"],"tag_counts":{"narrow":2,"missing tactile warning":2}}},{"type":"Feature","geometry":{"type":"Point","coordinates":[-94.8485398364,42.8517772832]},"properties":{"label_cluster_id":7896,"label_type":"CurbRamp","street_edge_id":47,"intersection_id":55,"osm_way_id":15996421,"region_id":1,"region_name":"Laurens","avg_image_capture_date":"2025-11-01T00:00Z","avg_label_date":"2026-09-26T17:44:19.809500Z","median_severity":2,"agree_count":0,"disagree_count":0,"unsure_count":0,"cluster_size":2,"label_ids":[3053,3061],"users":["549187e0-redacted"],"tag_counts":{"narrow":2,"missing tactile warning":2}}},{"type":"Feature","geometry":{"type":"Point","coordinates":[-94.8483394662,42.8517951962]},"properties":{"label_cluster_id":7897,"label_type":"CurbRamp","street_edge_id":164,"intersection_id":55,"osm_way_id":15997804,"region_id":1,"region_name":"Laurens","avg_image_capture_date":"2025-11-01T00:00Z","avg_label_date":"2026-09-17T01:47:26.540133Z","median_severity":null,"agree_count":1,"disagree_count":0,"unsure_count":0,"cluster_size":1,"label_ids":[678],"users":["51b0b927-3c8a-45b2-93de-bd878d1e5cf4"],"tag_counts":{}}},{"type":"Feature","geometry":{"type":"Point","coordinates":[-94.8486143497,42.8509408808]},"properties":{"label_cluster_id":7898,"label_type":"CurbRamp","street_edge_id":61,"intersection_id":85,"osm_way_id":15996665,"region_id":1,"region_name":"Laurens","avg_image_capture_date":"2025-11-01T00:00Z","avg_label_date":"2026-09-19T13:30:31.567234Z","median_severity":null,"agree_count":2,"disagree_count":0,"unsure_count":0,"cluster_size":4,"label_ids":[566,671,1593,2079],"users":["51b0b927-3c8a-45b2-93de-bd878d1e5cf4"],"tag_counts":{}}},{"type":"Feature","geometry":{"type":"Point","coordinates":[-94.8485559586,42.8509072387]},"properties":{"label_cluster_id":7899,"label_type":"CurbRamp","street_edge_id":61,"intersection_id":85,"osm_way_id":15996665,"region_id":1,"region_name":"Laurens","avg_image_capture_date":"2025-11-01T00:00Z","avg_label_date":"2026-09-20T07:35:04.691764Z","median_severity":2,"agree_count":4,"disagree_count":0,"unsure_count":1,"cluster_size":6,"label_ids":[157,187,342,2391,2522,2985],"users":["51b0b927-3c8a-45b2-93de-bd878d1e5cf4","549187e0-redacted"],"tag_counts":{"narrow":1,"missing tactile warning":1}}},{"type":"Feature","geometry":{"type":"Point","coordinates":[-94.848599783,42.8510525512]},"properties":{"label_cluster_id":7900,"label_type":"CurbRamp","street_edge_id":47,"intersection_id":85,"osm_way_id":15996421,"region_id":1,"region_name":"Laurens","avg_image_capture_date":"2025-11-01T00:00Z","avg_label_date":"2026-09-22T01:14:19.836373Z","median_severity":null,"agree_count":1,"disagree_count":0,"unsure_count":0,"cluster_size":1,"label_ids":[1974],"users":["51b0b927-3c8a-45b2-93de-bd878d1e5cf4"],"tag_counts":{}}},{"type":"Feature","geometry":{"type":"Point","coordinates":[-94.8528215776,42.8519394527]},"properties":{"label_cluster_id":7901,"label_type":"CurbRamp","street_edge_id":141,"intersection_id":10,"osm_way_id":15997533,"region_id":1,"region_name":"Laurens","avg_image_capture_date":"2025-11-01T00:00Z","avg_label_date":"2026-09-19T13:27:59.689505Z","median_severity":null,"agree_count":2,"disagree_count":0,"unsure_count":0,"cluster_size":2,"label_ids":[92,1920],"users":["51b0b927-3c8a-45b2-93de-bd878d1e5cf4"],"tag_counts":{}}},{"type":"Feature","geometry":{"type":"Point","coordinates":[-94.8527267975,42.8518773306]},"properties":{"label_cluster_id":7902,"label_type":"CurbRamp","street_edge_id":146,"intersection_id":10,"osm_way_id":15997565,"region_id":1,"region_name":"Laurens","avg_image_capture_date":"2025-11-01T00:00Z","avg_label_date":"2026-09-22T01:13:48.111057Z","median_severity":null,"agree_count":0,"disagree_count":0,"unsure_count":0,"cluster_size":1,"label_ids":[1608],"users":["51b0b927-3c8a-45b2-93de-bd878d1e5cf4"],"tag_counts":{}}},{"type":"Feature","geometry":{"type":"Point","coordinates":[-94.8525605205,42.8520240915]},"properties":{"label_cluster_id":7903,"label_type":"CurbRamp","street_edge_id":140,"intersection_id":10,"osm_way_id":15997533,"region_id":1,"region_name":"Laurens","avg_image_capture_date":"2025-11-01T00:00Z","avg_label_date":"2026-09-17T01:46:33.441614Z","median_severity":null,"agree_count":3,"disagree_count":0,"unsure_count":0,"cluster_size":3,"label_ids":[454,593,694],"users":["51b0b927-3c8a-45b2-93de-bd878d1e5cf4"],"tag_counts":{}}},{"type":"Feature","geometry":{"type":"Point","coordinates":[-94.8526860873,42.8520750111]},"properties":{"label_cluster_id":7904,"label_type":"CurbRamp","street_edge_id":144,"intersection_id":10,"osm_way_id":15997565,"region_id":1,"region_name":"Laurens","avg_image_capture_date":"2025-11-01T00:00Z","avg_label_date":"2026-09-17T01:45:03.949465Z","median_severity":null,"agree_count":1,"disagree_count":0,"unsure_count":0,"cluster_size":1,"label_ids":[405],"users":["51b0b927-3c8a-45b2-93de-bd878d1e5cf4"],"tag_counts":{}}},{"type":"Feature","geometry":{"type":"Point","coordinates":[-94.8537935566,42.8520504944]},"properties":{"label_cluster_id":7905,"label_type":"CurbRamp","street_edge_id":141,"intersection_id":74,"osm_way_id":15997533,"region_id":1,"region_name":"Laurens","avg_image_capture_date":"2025-11-01T00:00Z","avg_label_date":"2026-09-19T13:30:01.950990Z","median_severity":null,"agree_count":2,"disagree_count":0,"unsure_count":0,"cluster_size":2,"label_ids":[519,1864],"users":["51b0b927-3c8a-45b2-93de-bd878d1e5cf4"],"tag_counts":{}}},{"type":"Feature","geometry":{"type":"Point","coordinates":[-94.8540655568,42.8520730947]},"properties":{"label_cluster_id":7906,"label_type":"CurbRamp","street_edge_id":148,"intersection_id":74,"osm_way_id":15997573,"region_id":1,"region_name":"Laurens","avg_image_capture_date":"2025-11-01T00:00Z","avg_label_date":"2026-09-20T01:25:48.040576Z","median_severity":null,"agree_count":3,"disagree_count":0,"unsure_count":0,"cluster_size":5,"label_ids":[78,206,1924,2466,2518],"users":["51b0b927-3c8a-45b2-93de-bd878d1e5cf4"],"tag_counts":{}}},{"type":"Feature","geometry":{"type":"Point","coordinates":[-94.8539334215,42.85218757]},"properties":{"label_cluster_id":7907,"label_type":"CurbRamp","street_edge_id":148,"intersection_id":74,"osm_way_id":15997573,"region_id":1,"region_name":"Laurens","avg_image_capture_date":"2025-11-01T00:00Z","avg_label_date":"2026-09-22T01:14:02.938320Z","median_severity":null,"agree_count":1,"disagree_count":0,"unsure_count":0,"cluster_size":1,"label_ids":[1785],"users":["51b0b927-3c8a-45b2-93de-bd878d1e5cf4"],"tag_counts":{}}},{"type":"Feature","geometry":{"type":"Point","coordinates":[-94.8512896835,42.8500128003]},"properties":{"label_cluster_id":7908,"label_type":"CurbRamp","street_edge_id":168,"intersection_id":63,"osm_way_id":1474028772,"region_id":1,"region_name":"Laurens","avg_image_capture_date":"2025-11-01T00:00Z","avg_label_date":"2026-09-20T19:43:55.244029Z","median_severity":2,"agree_count":1,"disagree_count":0,"unsure_count":0,"cluster_size":2,"label_ids":[380,2807],"users":["51b0b927-3c8a-45b2-93de-bd878d1e5cf4","549187e0-redacted"],"tag_counts":{"narrow":1,"surface problem":1,"missing tactile warning":1}}},{"type":"Feature","geometry":{"type":"Point","coordinates":[-94.8511628646,42.8499846121]},"properties":{"label_cluster_id":7909,"label_type":"CurbRamp","street_edge_id":130,"intersection_id":63,"osm_way_id":15997383,"region_id":1,"region_name":"Laurens","avg_image_capture_date":"2025-11-01T00:00Z","avg_label_date":"2026-09-17T01:44:47.651878Z","median_severity":null,"agree_count":0,"disagree_count":0,"unsure_count":0,"cluster_size":1,"label_ids":[374],"users":["51b0b927-3c8a-45b2-93de-bd878d1e5cf4"],"tag_counts":{}}},{"type":"Feature","geometry":{"type":"Point","coordinates":[-94.8512893944,42.8509742219]},"properties":{"label_cluster_id":7910,"label_type":"CurbRamp","street_edge_id":169,"intersection_id":86,"osm_way_id":1474028772,"region_id":1,"region_name":"Laurens","avg_image_capture_date":"2025-11-01T00:00Z","avg_label_date":"2026-09-21T08:49:01.465774Z","median_severity":2,"agree_count":2,"disagree_count":0,"unsure_count":0,"cluster_size":3,"label_ids":[253,2502,2852],"users":["51b0b927-3c8a-45b2-93de-bd878d1e5cf4","549187e0-redacted"],"tag_counts":{"missing tactile warning":1}}},{"type":"Feature","geometry":{"type":"Point","coordinates":[-94.8514000452,42.8508409875]},"properties":{"label_cluster_id":7911,"label_type":"CurbRamp","street_edge_id":168,"intersection_id":86,"osm_way_id":1474028772,"region_id":1,"region_name":"Laurens","avg_image_capture_date":"2025-11-01T00:00Z","avg_label_date":"2026-09-17T01:45:06.987050Z","median_severity":null,"agree_count":1,"disagree_count":0,"unsure_count":0,"cluster_size":1,"label_ids":[415],"users":["51b0b927-3c8a-45b2-93de-bd878d1e5cf4"],"tag_counts":{}}},{"type":"Feature","geometry":{"type":"Point","coordinates":[-94.8541356358,42.8501240842]},"properties":{"label_cluster_id":7912,"label_type":"CurbRamp","street_edge_id":149,"intersection_id":59,"osm_way_id":15997573,"region_id":1,"region_name":"Laurens","avg_image_capture_date":"2025-11-01T00:00Z","avg_label_date":"2026-09-19T13:30:33.614608Z","median_severity":null,"agree_count":2,"disagree_count":0,"unsure_count":0,"cluster_size":2,"label_ids":[524,2512],"users":["51b0b927-3c8a-45b2-93de-bd878d1e5cf4"],"tag_counts":{}}},{"type":"Feature","geometry":{"type":"Point","coordinates":[-94.854110637,42.8501887447]},"properties":{"label_cluster_id":7913,"label_type":"CurbRamp","street_edge_id":149,"intersection_id":59,"osm_way_id":15997573,"region_id":1,"region_name":"Laurens","avg_image_capture_date":"2025-11-01T00:00Z","avg_label_date":"2026-09-17T01:42:45.929397Z","median_severity":null,"agree_count":1,"disagree_count":0,"unsure_count":0,"cluster_size":1,"label_ids":[189],"users":["51b0b927-3c8a-45b2-93de-bd878d1e5cf4"],"tag_counts":{}}},{"type":"Feature","geometry":{"type":"Point","coordinates":[-94.8541590966,42.8499146709]},"properties":{"label_cluster_id":7914,"label_type":"CurbRamp","street_edge_id":151,"intersection_id":59,"osm_way_id":15997573,"region_id":1,"region_name":"Laurens","avg_image_capture_date":"2025-11-01T00:00Z","avg_label_date":"2026-09-22T01:14:48.910345Z","median_severity":null,"agree_count":2,"disagree_count":0,"unsure_count":0,"cluster_size":3,"label_ids":[2254,2354,2421],"users":["51b0b927-3c8a-45b2-93de-bd878d1e5cf4"],"tag_counts":{}}},{"type":"Feature","geometry":{"type":"Point","coordinates":[-94.8539225335,42.8500256616]},"properties":{"label_cluster_id":7915,"label_type":"CurbRamp","street_edge_id":131,"intersection_id":59,"osm_way_id":15997383,"region_id":1,"region_name":"Laurens","avg_image_capture_date":"2025-11-01T00:00Z","avg_label_date":"2026-09-17T01:43:27.314828Z","median_severity":null,"agree_count":0,"disagree_count":0,"unsure_count":0,"cluster_size":1,"label_ids":[259],"users":["51b0b927-3c8a-45b2-93de-bd878d1e5cf4"],"tag_counts":{}}},{"type":"Feature","geometry":{"type":"Point","coordinates":[-94.8540250406,42.8499837947]},"properties":{"label_cluster_id":7916,"label_type":"CurbRamp","street_edge_id":131,"intersection_id":59,"osm_way_id":15997383,"region_id":1,"region_name":"Laurens","avg_image_capture_date":"2025-11-01T00:00Z","avg_label_date":"2026-09-22T01:14:46.422144Z","median_severity":null,"agree_count":0,"disagree_count":0,"unsure_count":0,"cluster_size":1,"label_ids":[2311],"users":["51b0b927-3c8a-45b2-93de-bd878d1e5cf4"],"tag_counts":{}}},{"type":"Feature","geometry":{"type":"Point","coordinates":[-94.8524572445,42.8499137056]},"properties":{"label_cluster_id":7917,"label_type":"CurbRamp","street_edge_id":129,"intersection_id":77,"osm_way_id":15997383,"region_id":1,"region_name":"Laurens","avg_image_capture_date":"2025-11-01T00:00Z","avg_label_date":"2026-09-19T13:29:59.751275Z","median_severity":null,"agree_count":0,"disagree_count":0,"unsure_count":0,"cluster_size":2,"label_ids":[500,1922],"users":["51b0b927-3c8a-45b2-93de-bd878d1e5cf4"],"tag_counts":{}}},{"type":"Feature","geometry":{"type":"Point","coordinates":[-94.8527621487,42.8501019106]},"properties":{"label_cluster_id":7918,"label_type":"CurbRamp","street_edge_id":145,"intersection_id":77,"osm_way_id":15997565,"region_id":1,"region_name":"Laurens","avg_image_capture_date":"2025-11-01T00:00Z","avg_label_date":"2026-09-19T13:28:53.849381Z","median_severity":null,"agree_count":2,"disagree_count":0,"unsure_count":0,"cluster_size":2,"label_ids":[239,2150],"users":["51b0b927-3c8a-45b2-93de-bd878d1e5cf4"],"tag_counts":{}}},{"type":"Feature","geometry":{"type":"Point","coordinates":[-94.8529083468,42.8499441313]},"properties":{"label_cluster_id":7919,"label_type":"CurbRamp","street_edge_id":131,"intersection_id":77,"osm_way_id":15997383,"region_id":1,"region_name":"Laurens","avg_image_capture_date":"2025-11-01T00:00Z","avg_label_date":"2026-09-17T01:45:10.958924Z","median_severity":null,"agree_count":1,"disagree_count":0,"unsure_count":0,"cluster_size":2,"label_ids":[256,619],"users":["51b0b927-3c8a-45b2-93de-bd878d1e5cf4"],"tag_counts":{}}},{"type":"Feature","geometry":{"type":"Point","coordinates":[-94.8528091152,42.8499430517]},"properties":{"label_cluster_id":7920,"label_type":"CurbRamp","street_edge_id":131,"intersection_id":77,"osm_way_id":15997383,"region_id":1,"region_name":"Laurens","avg_image_capture_date":"2025-11-01T00:00Z","avg_label_date":"2026-09-17T01:42:57.129723Z","median_severity":null,"agree_count":1,"disagree_count":0,"unsure_count":0,"cluster_size":1,"label_ids":[202],"users":["51b0b927-3c8a-45b2-93de-bd878d1e5cf4"],"tag_counts":{}}},{"type":"Feature","geometry":{"type":"Point","coordinates":[-94.8512896991,42.8479338002]},"properties":{"label_cluster_id":7921,"label_type":"CurbRamp","street_edge_id":82,"intersection_id":51,"osm_way_id":15996928,"region_id":1,"region_name":"Laurens","avg_image_capture_date":"2025-11-01T00:00Z","avg_label_date":"2026-09-18T17:35:06.628202Z","median_severity":null,"agree_count":2,"disagree_count":0,"unsure_count":0,"cluster_size":3,"label_ids":[318,591,1988],"users":["51b0b927-3c8a-45b2-93de-bd878d1e5cf4"],"tag_counts":{}}},{"type":"Feature","geometry":{"type":"Point","coordinates":[-94.8514361168,42.8478077982]},"properties":{"label_cluster_id":7922,"label_type":"CurbRamp","street_edge_id":82,"intersection_id":51,"osm_way_id":15996928,"region_id":1,"region_name":"Laurens","avg_image_capture_date":"2025-11-01T00:00Z","avg_label_date":"2026-09-18T17:33:43.755525Z","median_severity":null,"agree_count":2,"disagree_count":0,"unsure_count":0,"cluster_size":3,"label_ids":[80,505,1595],"users":["51b0b927-3c8a-45b2-93de-bd878d1e5cf4"],"tag_counts":{}}},{"type":"Feature","geometry":{"type":"Point","coordinates":[-94.8515163592,42.8478580608]},"properties":{"label_cluster_id":7923,"label_type":"CurbRamp","street_edge_id":107,"intersection_id":51,"osm_way_id":15997151,"region_id":1,"region_name":"Laurens","avg_image_capture_date":"2025-11-01T00:00Z","avg_label_date":"2026-09-23T16:48:31.779Z","median_severity":2,"agree_count":0,"disagree_count":0,"unsure_count":0,"cluster_size":1,"label_ids":[2781],"users":["549187e0-redacted"],"tag_counts":{"not level with street":1,"missing tactile warning":1}}},{"type":"Feature","geometry":{"type":"Point","coordinates":[-94.8515480098,42.8477030324]},"properties":{"label_cluster_id":7924,"label_type":"CurbRamp","street_edge_id":107,"intersection_id":51,"osm_way_id":15997151,"region_id":1,"region_name":"Laurens","avg_image_capture_date":"2025-11-01T00:00Z","avg_label_date":"2026-09-23T16:47:30.362Z","median_severity":2,"agree_count":0,"disagree_count":0,"unsure_count":0,"cluster_size":1,"label_ids":[2770],"users":["549187e0-redacted"],"tag_counts":{"not level with street":1,"missing tactile warning":1}}},{"type":"Feature","geometry":{"type":"Point","coordinates":[-94.8514463953,42.8467376568]},"properties":{"label_cluster_id":7925,"label_type":"CurbRamp","street_edge_id":81,"intersection_id":32,"osm_way_id":15996928,"region_id":1,"region_name":"Laurens","avg_image_capture_date":"2025-11-01T00:00Z","avg_label_date":"2026-09-19T12:24:03.986430Z","median_severity":2,"agree_count":3,"disagree_count":0,"unsure_count":0,"cluster_size":4,"label_ids":[176,209,1529,2130],"users":["51b0b927-3c8a-45b2-93de-bd878d1e5cf4","549187e0-redacted"],"tag_counts":{"surface problem":1,"missing tactile warning":1}}},{"type":"Feature","geometry":{"type":"Point","coordinates":[-94.8513874552,42.8467084412]},"properties":{"label_cluster_id":7926,"label_type":"CurbRamp","street_edge_id":33,"intersection_id":32,"osm_way_id":15996191,"region_id":1,"region_name":"Laurens","avg_image_capture_date":"2025-11-01T00:00Z","avg_label_date":"2026-09-21T05:18:45.040632Z","median_severity":null,"agree_count":1,"disagree_count":0,"unsure_count":0,"cluster_size":6,"label_ids":[89,1556,1779,1823,1831,2344],"users":["51b0b927-3c8a-45b2-93de-bd878d1e5cf4"],"tag_counts":{}}},{"type":"Feature","geometry":{"type":"Point","coordinates":[-94.8513889313,42.846896693]},"properties":{"label_cluster_id":7927,"label_type":"CurbRamp","street_edge_id":81,"intersection_id":null,"osm_way_id":15996928,"region_id":1,"region_name":"Laurens","avg_image_capture_date":"2025-11-01T00:00Z","avg_label_date":"2026-09-19T13:28:49.891332Z","median_severity":null,"agree_count":2,"disagree_count":0,"unsure_count":0,"cluster_size":2,"label_ids":[290,1560],"users":["51b0b927-3c8a-45b2-93de-bd878d1e5cf4"],"tag_counts":{}}},{"type":"Feature","geometry":{"type":"Point","coordinates":[-94.8513848412,42.8468247866]},"properties":{"label_cluster_id":7928,"label_type":"CurbRamp","street_edge_id":81,"intersection_id":32,"osm_way_id":15996928,"region_id":1,"region_name":"Laurens","avg_image_capture_date":"2025-11-01T00:00Z","avg_label_date":"2026-09-22T01:14:35.955800Z","median_severity":null,"agree_count":1,"disagree_count":0,"unsure_count":0,"cluster_size":1,"label_ids":[2182],"users":["51b0b927-3c8a-45b2-93de-bd878d1e5cf4"],"tag_counts":{}}},{"type":"Feature","geometry":{"type":"Point","coordinates":[-94.8501135216,42.8464932352]},"properties":{"label_cluster_id":7929,"label_type":"CurbRamp","street_edge_id":28,"intersection_id":2,"osm_way_id":15996188,"region_id":1,"region_name":"Laurens","avg_image_capture_date":"2025-11-01T00:00Z","avg_label_date":"2026-09-17T01:44:59.460916Z","median_severity":null,"agree_count":2,"disagree_count":0,"unsure_count":0,"cluster_size":2,"label_ids":[155,699],"users":["51b0b927-3c8a-45b2-93de-bd878d1e5cf4"],"tag_counts":{}}},{"type":"Feature","geometry":{"type":"Point","coordinates":[-94.8502091058,42.8465336383]},"properties":{"label_cluster_id":7930,"label_type":"CurbRamp","street_edge_id":33,"intersection_id":2,"osm_way_id":15996191,"region_id":1,"region_name":"Laurens","avg_image_capture_date":"2025-11-01T00:00Z","avg_label_date":"2026-09-22T01:14:37.379121Z","median_severity":null,"agree_count":2,"disagree_count":0,"unsure_count":0,"cluster_size":2,"label_ids":[2114,2283],"users":["51b0b927-3c8a-45b2-93de-bd878d1e5cf4"],"tag_counts":{}}},{"type":"Feature","geometry":{"type":"Point","coordinates":[-94.8501680701,42.8464195383]},"properties":{"label_cluster_id":7931,"label_type":"CurbRamp","street_edge_id":28,"intersection_id":null,"osm_way_id":15996188,"region_id":1,"region_name":"Laurens","avg_image_capture_date":"2025-11-01T00:00Z","avg_label_date":"2026-09-17T01:45:46.325042Z","median_severity":null,"agree_count":0,"disagree_count":0,"unsure_count":0,"cluster_size":1,"label_ids":[502],"users":["51b0b927-3c8a-45b2-93de-bd878d1e5cf4"],"tag_counts":{}}},{"type":"Feature","geometry":{"type":"Point","coordinates":[-94.8502753223,42.8467255712]},"properties":{"label_cluster_id":7932,"label_type":"CurbRamp","street_edge_id":33,"intersection_id":2,"osm_way_id":15996191,"region_id":1,"region_name":"Laurens","avg_image_capture_date":"2025-11-01T00:00Z","avg_label_date":"2026-09-19T13:29:14.997864Z","median_severity":null,"agree_count":1,"disagree_count":0,"unsure_count":0,"cluster_size":2,"label_ids":[347,1674],"users":["51b0b927-3c8a-45b2-93de-bd878d1e5cf4"],"tag_counts":{}}},{"type":"Feature","geometry":{"type":"Point","coordinates":[-94.8501152946,42.8466823677]},"properties":{"label_cluster_id":7933,"label_type":"CurbRamp","street_edge_id":33,"intersection_id":2,"osm_way_id":15996191,"region_id":1,"region_name":"Laurens","avg_image_capture_date":"2025-11-01T00:00Z","avg_label_date":"2026-09-19T13:30:46.689634Z","median_severity":null,"agree_count":2,"disagree_count":0,"unsure_count":0,"cluster_size":2,"label_ids":[689,1766],"users":["51b0b927-3c8a-45b2-93de-bd878d1e5cf4"],"tag_counts":{}}},{"type":"Feature","geometry":{"type":"Point","coordinates":[-94.8501101758,42.8466198848]},"properties":{"label_cluster_id":7934,"label_type":"CurbRamp","street_edge_id":33,"intersection_id":2,"osm_way_id":15996191,"region_id":1,"region_name":"Laurens","avg_image_capture_date":"2025-11-01T00:00Z","avg_label_date":"2026-09-17T01:41:38.101492Z","median_severity":null,"agree_count":1,"disagree_count":0,"unsure_count":0,"cluster_size":1,"label_ids":[81],"users":["51b0b927-3c8a-45b2-93de-bd878d1e5cf4"],"tag_counts":{}}},{"type":"Feature","geometry":{"type":"Point","coordinates":[-94.8515428198,42.8455810549]},"properties":{"label_cluster_id":7935,"label_type":"CurbRamp","street_edge_id":87,"intersection_id":9,"osm_way_id":15996946,"region_id":1,"region_name":"Laurens","avg_image_capture_date":"2025-11-01T00:00Z","avg_label_date":"2026-09-19T13:30:38.433284Z","median_severity":null,"agree_count":2,"disagree_count":0,"unsure_count":0,"cluster_size":2,"label_ids":[598,2140],"users":["51b0b927-3c8a-45b2-93de-bd878d1e5cf4"],"tag_counts":{}}},{"type":"Feature","geometry":{"type":"Point","coordinates":[-94.8515678973,42.8456258077]},"properties":{"label_cluster_id":7936,"label_type":"CurbRamp","street_edge_id":67,"intersection_id":9,"osm_way_id":15996716,"region_id":1,"region_name":"Laurens","avg_image_capture_date":"2025-11-01T00:00Z","avg_label_date":"2026-09-20T07:59:40.798604Z","median_severity":2,"agree_count":2,"disagree_count":0,"unsure_count":0,"cluster_size":3,"label_ids":[429,1544,2495],"users":["51b0b927-3c8a-45b2-93de-bd878d1e5cf4","549187e0-redacted"],"tag_counts":{"missing tactile warning":1}}},{"type":"Feature","geometry":{"type":"Point","coordinates":[-94.8530116581,42.8456752564]},"properties":{"label_cluster_id":7937,"label_type":"CurbRamp","street_edge_id":66,"intersection_id":56,"osm_way_id":15996716,"region_id":1,"region_name":"Laurens","avg_image_capture_date":"2025-11-01T00:00Z","avg_label_date":"2026-09-22T12:35:26.529902Z","median_severity":2,"agree_count":1,"disagree_count":0,"unsure_count":0,"cluster_size":3,"label_ids":[2563,2604,2610],"users":["51b0b927-3c8a-45b2-93de-bd878d1e5cf4","549187e0-redacted"],"tag_counts":{"narrow":2,"debris / pooled water":2,"missing tactile warning":2}}},{"type":"Feature","geometry":{"type":"Point","coordinates":[-94.8527632789,42.8457287682]},"properties":{"label_cluster_id":7938,"label_type":"CurbRamp","street_edge_id":67,"intersection_id":56,"osm_way_id":15996716,"region_id":1,"region_name":"Laurens","avg_image_capture_date":"2025-11-01T00:00Z","avg_label_date":"2026-09-22T01:14:53.294207Z","median_severity":null,"agree_count":1,"disagree_count":0,"unsure_count":0,"cluster_size":2,"label_ids":[2216,2494],"users":["51b0b927-3c8a-45b2-93de-bd878d1e5cf4"],"tag_counts":{}}},{"type":"Feature","geometry":{"type":"Point","coordinates":[-94.8528005498,42.8458109818]},"properties":{"label_cluster_id":7939,"label_type":"CurbRamp","street_edge_id":6,"intersection_id":56,"osm_way_id":15991387,"region_id":1,"region_name":"Laurens","avg_image_capture_date":"2025-11-01T00:00Z","avg_label_date":"2026-09-19T13:30:34.855935Z","median_severity":null,"agree_count":2,"disagree_count":0,"unsure_count":0,"cluster_size":2,"label_ids":[630,1859],"users":["51b0b927-3c8a-45b2-93de-bd878d1e5cf4"],"tag_counts":{}}},{"type":"Feature","geometry":{"type":"Point","coordinates":[-94.8542793056,42.84682075]},"properties":{"label_cluster_id":7940,"label_type":"CurbRamp","street_edge_id":152,"intersection_id":66,"osm_way_id":15997604,"region_id":1,"region_name":"Laurens","avg_image_capture_date":"2025-11-01T00:00Z","avg_label_date":"2026-09-18T11:53:58.500196Z","median_severity":null,"agree_count":4,"disagree_count":0,"unsure_count":0,"cluster_size":7,"label_ids":[354,413,458,551,554,2193,2545],"users":["51b0b927-3c8a-45b2-93de-bd878d1e5cf4"],"tag_counts":{}}},{"type":"Feature","geometry":{"type":"Point","coordinates":[-94.8540352204,42.8466651899]},"properties":{"label_cluster_id":7941,"label_type":"CurbRamp","street_edge_id":29,"intersection_id":66,"osm_way_id":15996191,"region_id":1,"region_name":"Laurens","avg_image_capture_date":"2025-11-01T00:00Z","avg_label_date":"2026-09-19T13:30:27.587634Z","median_severity":null,"agree_count":2,"disagree_count":0,"unsure_count":0,"cluster_size":2,"label_ids":[565,2038],"users":["51b0b927-3c8a-45b2-93de-bd878d1e5cf4"],"tag_counts":{}}},{"type":"Feature","geometry":{"type":"Point","coordinates":[-94.8539651843,42.8467669174]},"properties":{"label_cluster_id":7942,"label_type":"CurbRamp","street_edge_id":29,"intersection_id":66,"osm_way_id":15996191,"region_id":1,"region_name":"Laurens","avg_image_capture_date":"2025-11-01T00:00Z","avg_label_date":"2026-09-17T01:46:59.146517Z","median_severity":null,"agree_count":1,"disagree_count":0,"unsure_count":0,"cluster_size":1,"label_ids":[623],"users":["51b0b927-3c8a-45b2-93de-bd878d1e5cf4"],"tag_counts":{}}},{"type":"Feature","geometry":{"type":"Point","coordinates":[-94.8526762538,42.8466189529]},"properties":{"label_cluster_id":7943,"label_type":"CurbRamp","street_edge_id":30,"intersection_id":65,"osm_way_id":15996191,"region_id":1,"region_name":"Laurens","avg_image_capture_date":"2025-11-01T00:00Z","avg_label_date":"2026-09-19T13:28:59.045546Z","median_severity":null,"agree_count":1,"disagree_count":0,"unsure_count":0,"cluster_size":2,"label_ids":[308,1629],"users":["51b0b927-3c8a-45b2-93de-bd878d1e5cf4"],"tag_counts":{}}},{"type":"Feature","geometry":{"type":"Point","coordinates":[-94.8529547085,42.8467048515]},"properties":{"label_cluster_id":7944,"label_type":"CurbRamp","street_edge_id":29,"intersection_id":65,"osm_way_id":15996191,"region_id":1,"region_name":"Laurens","avg_image_capture_date":"2025-11-01T00:00Z","avg_label_date":"2026-09-21T09:17:10.662782Z","median_severity":1,"agree_count":2,"disagree_count":0,"unsure_count":0,"cluster_size":4,"label_ids":[471,2053,2745,2754],"users":["51b0b927-3c8a-45b2-93de-bd878d1e5cf4","549187e0-redacted"],"tag_counts":{}}},{"type":"Feature","geometry":{"type":"Point","coordinates":[-94.8529114806,42.8467436673]},"properties":{"label_cluster_id":7945,"label_type":"CurbRamp","street_edge_id":29,"intersection_id":65,"osm_way_id":15996191,"region_id":1,"region_name":"Laurens","avg_image_capture_date":"2025-11-01T00:00Z","avg_label_date":"2026-09-20T09:23:56.794017Z","median_severity":null,"agree_count":3,"disagree_count":0,"unsure_count":0,"cluster_size":3,"label_ids":[220,1697,2290],"users":["51b0b927-3c8a-45b2-93de-bd878d1e5cf4"],"tag_counts":{}}},{"type":"Feature","geometry":{"type":"Point","coordinates":[-94.8529243777,42.8467813796]},"properties":{"label_cluster_id":7946,"label_type":"CurbRamp","street_edge_id":29,"intersection_id":65,"osm_way_id":15996191,"region_id":1,"region_name":"Laurens","avg_image_capture_date":"2025-11-01T00:00Z","avg_label_date":"2026-09-20T09:23:37.610937Z","median_severity":null,"agree_count":2,"disagree_count":0,"unsure_count":0,"cluster_size":3,"label_ids":[190,1729,1799],"users":["51b0b927-3c8a-45b2-93de-bd878d1e5cf4"],"tag_counts":{}}},{"type":"Feature","geometry":{"type":"Point","coordinates":[-94.8526327108,42.8499864156]},"properties":{"label_cluster_id":7947,"label_type":"CurbRamp","street_edge_id":129,"intersection_id":77,"osm_way_id":15997383,"region_id":1,"region_name":"Laurens","avg_image_capture_date":"2025-11-01T00:00Z","avg_label_date":"2026-09-20T19:22:06.681342Z","median_severity":null,"agree_count":3,"disagree_count":0,"unsure_count":0,"cluster_size":4,"label_ids":[499,1688,1901,2149],"users":["51b0b927-3c8a-45b2-93de-bd878d1e5cf4"],"tag_counts":{}}},{"type":"Feature","geometry":{"type":"Point","coordinates":[-94.8525176341,42.8500040037]},"properties":{"label_cluster_id":7948,"label_type":"CurbRamp","street_edge_id":129,"intersection_id":77,"osm_way_id":15997383,"region_id":1,"region_name":"Laurens","avg_image_capture_date":"2025-11-01T00:00Z","avg_label_date":"2026-09-17T01:43:19.540176Z","median_severity":null,"agree_count":1,"disagree_count":0,"unsure_count":0,"cluster_size":1,"label_ids":[248],"users":["51b0b927-3c8a-45b2-93de-bd878d1e5cf4"],"tag_counts":{}}},{"type":"Feature","geometry":{"type":"Point","coordinates":[-94.8513779275,42.8501014321]},"properties":{"label_cluster_id":7949,"label_type":"CurbRamp","street_edge_id":168,"intersection_id":63,"osm_way_id":1474028772,"region_id":1,"region_name":"Laurens","avg_image_capture_date":"2025-11-01T00:00Z","avg_label_date":"2026-09-19T13:28:52.444724Z","median_severity":null,"agree_count":2,"disagree_count":0,"unsure_count":0,"cluster_size":2,"label_ids":[231,2126],"users":["51b0b927-3c8a-45b2-93de-bd878d1e5cf4"],"tag_counts":{}}},{"type":"Feature","geometry":{"type":"Point","coordinates":[-94.8515230928,42.8500246055]},"properties":{"label_cluster_id":7950,"label_type":"CurbRamp","street_edge_id":129,"intersection_id":63,"osm_way_id":15997383,"region_id":1,"region_name":"Laurens","avg_image_capture_date":"2025-11-01T00:00Z","avg_label_date":"2026-09-23T07:28:25.400040Z","median_severity":2,"agree_count":0,"disagree_count":0,"unsure_count":0,"cluster_size":2,"label_ids":[1838,2804],"users":["51b0b927-3c8a-45b2-93de-bd878d1e5cf4","549187e0-redacted"],"tag_counts":{"narrow":1,"debris / pooled water":1,"missing tactile warning":1}}},{"type":"Feature","geometry":{"type":"Point","coordinates":[-94.8516374409,42.8500057574]},"properties":{"label_cluster_id":7951,"label_type":"CurbRamp","street_edge_id":129,"intersection_id":null,"osm_way_id":15997383,"region_id":1,"region_name":"Laurens","avg_image_capture_date":"2025-11-01T00:00Z","avg_label_date":"2026-09-22T01:14:33.741776Z","median_severity":null,"agree_count":1,"disagree_count":0,"unsure_count":0,"cluster_size":1,"label_ids":[2154],"users":["51b0b927-3c8a-45b2-93de-bd878d1e5cf4"],"tag_counts":{}}},{"type":"Feature","geometry":{"type":"Point","coordinates":[-94.8514401821,42.8509947399]},"properties":{"label_cluster_id":7952,"label_type":"CurbRamp","street_edge_id":78,"intersection_id":86,"osm_way_id":15996828,"region_id":1,"region_name":"Laurens","avg_image_capture_date":"2025-11-01T00:00Z","avg_label_date":"2026-09-22T18:48:12.800068Z","median_severity":2,"agree_count":2,"disagree_count":0,"unsure_count":0,"cluster_size":4,"label_ids":[1794,2096,2538,2856],"users":["51b0b927-3c8a-45b2-93de-bd878d1e5cf4","549187e0-redacted"],"tag_counts":{"missing tactile warning":1}}},{"type":"Feature","geometry":{"type":"Point","coordinates":[-94.8515693453,42.8509319458]},"properties":{"label_cluster_id":7953,"label_type":"CurbRamp","street_edge_id":78,"intersection_id":86,"osm_way_id":15996828,"region_id":1,"region_name":"Laurens","avg_image_capture_date":"2025-11-01T00:00Z","avg_label_date":"2026-09-17T01:41:30.479629Z","median_severity":null,"agree_count":1,"disagree_count":0,"unsure_count":0,"cluster_size":1,"label_ids":[68],"users":["51b0b927-3c8a-45b2-93de-bd878d1e5cf4"],"tag_counts":{}}},{"type":"Feature","geometry":{"type":"Point","coordinates":[-94.8524990543,42.8510149857]},"properties":{"label_cluster_id":7954,"label_type":"CurbRamp","street_edge_id":78,"intersection_id":5,"osm_way_id":15996828,"region_id":1,"region_name":"Laurens","avg_image_capture_date":"2025-11-01T00:00Z","avg_label_date":"2026-09-19T13:29:19.417642Z","median_severity":null,"agree_count":2,"disagree_count":0,"unsure_count":0,"cluster_size":2,"label_ids":[329,1964],"users":["51b0b927-3c8a-45b2-93de-bd878d1e5cf4"],"tag_counts":{}}},{"type":"Feature","geometry":{"type":"Point","coordinates":[-94.8526142328,42.8510216083]},"properties":{"label_cluster_id":7955,"label_type":"CurbRamp","street_edge_id":78,"intersection_id":5,"osm_way_id":15996828,"region_id":1,"region_name":"Laurens","avg_image_capture_date":"2025-11-01T00:00Z","avg_label_date":"2026-09-18T17:33:51.467867Z","median_severity":null,"agree_count":2,"disagree_count":0,"unsure_count":0,"cluster_size":3,"label_ids":[23,514,2262],"users":["51b0b927-3c8a-45b2-93de-bd878d1e5cf4"],"tag_counts":{}}},{"type":"Feature","geometry":{"type":"Point","coordinates":[-94.8526316586,42.850966132]},"properties":{"label_cluster_id":7956,"label_type":"CurbRamp","street_edge_id":78,"intersection_id":5,"osm_way_id":15996828,"region_id":1,"region_name":"Laurens","avg_image_capture_date":"2025-11-01T00:00Z","avg_label_date":"2026-09-22T01:14:54.808210Z","median_severity":null,"agree_count":1,"disagree_count":0,"unsure_count":0,"cluster_size":1,"label_ids":[2411],"users":["51b0b927-3c8a-45b2-93de-bd878d1e5cf4"],"tag_counts":{}}},{"type":"Feature","geometry":{"type":"Point","coordinates":[-94.8527235883,42.8510151908]},"properties":{"label_cluster_id":7957,"label_type":"CurbRamp","street_edge_id":79,"intersection_id":5,"osm_way_id":15996828,"region_id":1,"region_name":"Laurens","avg_image_capture_date":"2025-11-01T00:00Z","avg_label_date":"2026-09-22T01:14:46.538379Z","median_severity":null,"agree_count":0,"disagree_count":0,"unsure_count":0,"cluster_size":1,"label_ids":[2313],"users":["51b0b927-3c8a-45b2-93de-bd878d1e5cf4"],"tag_counts":{}}},{"type":"Feature","geometry":{"type":"Point","coordinates":[-94.8526108381,42.8511248838]},"properties":{"label_cluster_id":7958,"label_type":"CurbRamp","street_edge_id":146,"intersection_id":5,"osm_way_id":15997565,"region_id":1,"region_name":"Laurens","avg_image_capture_date":"2025-11-01T00:00Z","avg_label_date":"2026-09-17T01:41:58.478794Z","median_severity":null,"agree_count":1,"disagree_count":0,"unsure_count":0,"cluster_size":1,"label_ids":[122],"users":["51b0b927-3c8a-45b2-93de-bd878d1e5cf4"],"tag_counts":{}}},{"type":"Feature","geometry":{"type":"Point","coordinates":[-94.8543426926,42.8500718919]},"properties":{"label_cluster_id":7959,"label_type":"CurbRamp","street_edge_id":127,"intersection_id":59,"osm_way_id":15997383,"region_id":1,"region_name":"Laurens","avg_image_capture_date":"2025-11-01T00:00Z","avg_label_date":"2026-09-17T01:46:04.844313Z","median_severity":null,"agree_count":0,"disagree_count":0,"unsure_count":0,"cluster_size":2,"label_ids":[482,582],"users":["51b0b927-3c8a-45b2-93de-bd878d1e5cf4"],"tag_counts":{}}},{"type":"Feature","geometry":{"type":"Point","coordinates":[-94.8541515038,42.8500192046]},"properties":{"label_cluster_id":7960,"label_type":"CurbRamp","street_edge_id":127,"intersection_id":59,"osm_way_id":15997383,"region_id":1,"region_name":"Laurens","avg_image_capture_date":"2025-11-01T00:00Z","avg_label_date":"2026-09-18T07:37:29.511178Z","median_severity":null,"agree_count":4,"disagree_count":0,"unsure_count":0,"cluster_size":8,"label_ids":[173,222,333,548,552,673,2299,2472],"users":["51b0b927-3c8a-45b2-93de-bd878d1e5cf4"],"tag_counts":{}}},{"type":"Feature","geometry":{"type":"Point","coordinates":[-94.8539654809,42.8519599472]},"properties":{"label_cluster_id":7961,"label_type":"CurbRamp","street_edge_id":141,"intersection_id":74,"osm_way_id":15997533,"region_id":1,"region_name":"Laurens","avg_image_capture_date":"2025-11-01T00:00Z","avg_label_date":"2026-09-19T04:56:48.365180Z","median_severity":null,"agree_count":6,"disagree_count":0,"unsure_count":0,"cluster_size":7,"label_ids":[13,79,517,528,1814,1948,2427],"users":["51b0b927-3c8a-45b2-93de-bd878d1e5cf4"],"tag_counts":{}}},{"type":"Feature","geometry":{"type":"Point","coordinates":[-94.8538622065,42.8510495729]},"properties":{"label_cluster_id":7962,"label_type":"CurbRamp","street_edge_id":79,"intersection_id":89,"osm_way_id":15996828,"region_id":1,"region_name":"Laurens","avg_image_capture_date":"2025-11-01T00:00Z","avg_label_date":"2026-09-19T13:30:34.965884Z","median_severity":null,"agree_count":1,"disagree_count":0,"unsure_count":0,"cluster_size":2,"label_ids":[608,1970],"users":["51b0b927-3c8a-45b2-93de-bd878d1e5cf4"],"tag_counts":{}}},{"type":"Feature","geometry":{"type":"Point","coordinates":[-94.8539913374,42.851064196]},"properties":{"label_cluster_id":7963,"label_type":"CurbRamp","street_edge_id":150,"intersection_id":89,"osm_way_id":15997573,"region_id":1,"region_name":"Laurens","avg_image_capture_date":"2025-11-01T00:00Z","avg_label_date":"2026-09-19T13:29:33.355854Z","median_severity":null,"agree_count":1,"disagree_count":0,"unsure_count":0,"cluster_size":2,"label_ids":[391,1855],"users":["51b0b927-3c8a-45b2-93de-bd878d1e5cf4"],"tag_counts":{}}},{"type":"Feature","geometry":{"type":"Point","coordinates":[-94.8541299087,42.8510770767]},"properties":{"label_cluster_id":7964,"label_type":"CurbRamp","street_edge_id":80,"intersection_id":89,"osm_way_id":15996828,"region_id":1,"region_name":"Laurens","avg_image_capture_date":"2025-11-01T00:00Z","avg_label_date":"2026-09-17T01:46:30.598355Z","median_severity":null,"agree_count":0,"disagree_count":0,"unsure_count":0,"cluster_size":1,"label_ids":[568],"users":["51b0b927-3c8a-45b2-93de-bd878d1e5cf4"],"tag_counts":{}}},{"type":"Feature","geometry":{"type":"Point","coordinates":[-94.8487002436,42.8498503854]},"properties":{"label_cluster_id":7965,"label_type":"CurbRamp","street_edge_id":128,"intersection_id":6,"osm_way_id":15997383,"region_id":1,"region_name":"Laurens","avg_image_capture_date":"2025-11-01T00:00Z","avg_label_date":"2026-09-18T17:32:05.010893Z","median_severity":null,"agree_count":2,"disagree_count":0,"unsure_count":0,"cluster_size":3,"label_ids":[8,50,1870],"users":["51b0b927-3c8a-45b2-93de-bd878d1e5cf4"],"tag_counts":{}}},{"type":"Feature","geometry":{"type":"Point","coordinates":[-94.8487604341,42.8498158118]},"properties":{"label_cluster_id":7966,"label_type":"CurbRamp","street_edge_id":128,"intersection_id":6,"osm_way_id":15997383,"region_id":1,"region_name":"Laurens","avg_image_capture_date":"2025-11-01T00:00Z","avg_label_date":"2026-09-25T14:18:09.397Z","median_severity":2,"agree_count":0,"disagree_count":0,"unsure_count":0,"cluster_size":1,"label_ids":[2957],"users":["549187e0-redacted"],"tag_counts":{"narrow":1,"missing tactile warning":1}}},{"type":"Feature","geometry":{"type":"Point","coordinates":[-94.8485401229,42.8499491245]},"properties":{"label_cluster_id":7967,"label_type":"CurbRamp","street_edge_id":46,"intersection_id":6,"osm_way_id":15996421,"region_id":1,"region_name":"Laurens","avg_image_capture_date":"2025-11-01T00:00Z","avg_label_date":"2026-09-18T07:37:50.087657Z","median_severity":null,"agree_count":4,"disagree_count":0,"unsure_count":0,"cluster_size":4,"label_ids":[275,491,674,2245],"users":["51b0b927-3c8a-45b2-93de-bd878d1e5cf4"],"tag_counts":{}}},{"type":"Feature","geometry":{"type":"Point","coordinates":[-94.8484988246,42.8500149865]},"properties":{"label_cluster_id":7968,"label_type":"CurbRamp","street_edge_id":46,"intersection_id":6,"osm_way_id":15996421,"region_id":1,"region_name":"Laurens","avg_image_capture_date":"2025-11-01T00:00Z","avg_label_date":"2026-09-17T01:41:21.509078Z","median_severity":null,"agree_count":1,"disagree_count":0,"unsure_count":0,"cluster_size":2,"label_ids":[38,74],"users":["51b0b927-3c8a-45b2-93de-bd878d1e5cf4"],"tag_counts":{}}},{"type":"Feature","geometry":{"type":"Point","coordinates":[-94.8483135043,42.8498061052]},"properties":{"label_cluster_id":7969,"label_type":"CurbRamp","street_edge_id":121,"intersection_id":6,"osm_way_id":15997380,"region_id":1,"region_name":"Laurens","avg_image_capture_date":"2025-11-01T00:00Z","avg_label_date":"2026-09-22T01:14:48.504417Z","median_severity":null,"agree_count":1,"disagree_count":0,"unsure_count":0,"cluster_size":1,"label_ids":[2339],"users":["51b0b927-3c8a-45b2-93de-bd878d1e5cf4"],"tag_counts":{}}},{"type":"Feature","geometry":{"type":"Point","coordinates":[-94.8499246929,42.8491002363]},"properties":{"label_cluster_id":7970,"label_type":"CurbRamp","street_edge_id":117,"intersection_id":null,"osm_way_id":15997343,"region_id":1,"region_name":"Laurens","avg_image_capture_date":"2025-11-01T00:00Z","avg_label_date":"2026-09-20T09:24:14.080533Z","median_severity":null,"agree_count":0,"disagree_count":0,"unsure_count":1,"cluster_size":3,"label_ids":[282,1879,2260],"users":["51b0b927-3c8a-45b2-93de-bd878d1e5cf4"],"tag_counts":{}}},{"type":"Feature","geometry":{"type":"Point","coordinates":[-94.8499881796,42.8498442149]},"properties":{"label_cluster_id":7971,"label_type":"CurbRamp","street_edge_id":117,"intersection_id":37,"osm_way_id":15997343,"region_id":1,"region_name":"Laurens","avg_image_capture_date":"2025-11-01T00:00Z","avg_label_date":"2026-09-21T16:34:57.972991Z","median_severity":2,"agree_count":2,"disagree_count":0,"unsure_count":0,"cluster_size":4,"label_ids":[530,1959,2034,2923],"users":["51b0b927-3c8a-45b2-93de-bd878d1e5cf4","549187e0-redacted"],"tag_counts":{"missing tactile warning":1}}},{"type":"Feature","geometry":{"type":"Point","coordinates":[-94.8501835351,42.8498859689]},"properties":{"label_cluster_id":7972,"label_type":"CurbRamp","street_edge_id":130,"intersection_id":37,"osm_way_id":15997383,"region_id":1,"region_name":"Laurens","avg_image_capture_date":"2025-11-01T00:00Z","avg_label_date":"2026-09-17T01:44:39.856393Z","median_severity":null,"agree_count":1,"disagree_count":0,"unsure_count":0,"cluster_size":1,"label_ids":[356],"users":["51b0b927-3c8a-45b2-93de-bd878d1e5cf4"],"tag_counts":{}}},{"type":"Feature","geometry":{"type":"Point","coordinates":[-94.8472584785,42.8509368317]},"properties":{"label_cluster_id":7973,"label_type":"CurbRamp","street_edge_id":109,"intersection_id":52,"osm_way_id":15997258,"region_id":1,"region_name":"Laurens","avg_image_capture_date":"2025-11-01T00:00Z","avg_label_date":"2026-09-22T01:14:24.215777Z","median_severity":null,"agree_count":2,"disagree_count":0,"unsure_count":0,"cluster_size":4,"label_ids":[1649,1689,2250,2498],"users":["51b0b927-3c8a-45b2-93de-bd878d1e5cf4"],"tag_counts":{}}},{"type":"Feature","geometry":{"type":"Point","coordinates":[-94.8473380852,42.8507638313]},"properties":{"label_cluster_id":7974,"label_type":"CurbRamp","street_edge_id":109,"intersection_id":52,"osm_way_id":15997258,"region_id":1,"region_name":"Laurens","avg_image_capture_date":"2025-11-01T00:00Z","avg_label_date":"2026-09-26T13:55:02.125Z","median_severity":2,"agree_count":0,"disagree_count":0,"unsure_count":0,"cluster_size":1,"label_ids":[3011],"users":["549187e0-redacted"],"tag_counts":{"narrow":1,"missing tactile warning":1}}},{"type":"Feature","geometry":{"type":"Point","coordinates":[-94.8485343942,42.851834876]},"properties":{"label_cluster_id":7975,"label_type":"CurbRamp","street_edge_id":47,"intersection_id":55,"osm_way_id":15996421,"region_id":1,"region_name":"Laurens","avg_image_capture_date":"2025-11-01T00:00Z","avg_label_date":"2026-09-20T08:15:38.802486Z","median_severity":2,"agree_count":4,"disagree_count":0,"unsure_count":0,"cluster_size":6,"label_ids":[446,572,679,2208,2480,3060],"users":["51b0b927-3c8a-45b2-93de-bd878d1e5cf4","549187e0-redacted"],"tag_counts":{"narrow":1,"missing tactile warning":1}}},{"type":"Feature","geometry":{"type":"Point","coordinates":[-94.8484710834,42.8509108288]},"properties":{"label_cluster_id":7976,"label_type":"CurbRamp","street_edge_id":109,"intersection_id":85,"osm_way_id":15997258,"region_id":1,"region_name":"Laurens","avg_image_capture_date":"2025-11-01T00:00Z","avg_label_date":"2026-09-19T13:27:51.403092Z","median_severity":null,"agree_count":1,"disagree_count":0,"unsure_count":0,"cluster_size":2,"label_ids":[41,2082],"users":["51b0b927-3c8a-45b2-93de-bd878d1e5cf4"],"tag_counts":{}}},{"type":"Feature","geometry":{"type":"Point","coordinates":[-94.8484874708,42.8508411262]},"properties":{"label_cluster_id":7977,"label_type":"CurbRamp","street_edge_id":109,"intersection_id":85,"osm_way_id":15997258,"region_id":1,"region_name":"Laurens","avg_image_capture_date":"2025-11-01T00:00Z","avg_label_date":"2026-09-22T01:14:35.479839Z","median_severity":null,"agree_count":0,"disagree_count":0,"unsure_count":0,"cluster_size":3,"label_ids":[1564,2392,2511],"users":["51b0b927-3c8a-45b2-93de-bd878d1e5cf4"],"tag_counts":{}}},{"type":"Feature","geometry":{"type":"Point","coordinates":[-94.8483254534,42.8509011778]},"properties":{"label_cluster_id":7978,"label_type":"CurbRamp","street_edge_id":109,"intersection_id":85,"osm_way_id":15997258,"region_id":1,"region_name":"Laurens","avg_image_capture_date":"2025-11-01T00:00Z","avg_label_date":"2026-09-22T01:14:58.589664Z","median_severity":null,"agree_count":1,"disagree_count":0,"unsure_count":0,"cluster_size":1,"label_ids":[2456],"users":["51b0b927-3c8a-45b2-93de-bd878d1e5cf4"],"tag_counts":{}}},{"type":"Feature","geometry":{"type":"Point","coordinates":[-94.848725788,42.8508325702]},"properties":{"label_cluster_id":7979,"label_type":"CurbRamp","street_edge_id":61,"intersection_id":85,"osm_way_id":15996665,"region_id":1,"region_name":"Laurens","avg_image_capture_date":"2025-11-01T00:00Z","avg_label_date":"2026-09-26T13:50:41.091Z","median_severity":2,"agree_count":0,"disagree_count":0,"unsure_count":0,"cluster_size":1,"label_ids":[2983],"users":["549187e0-redacted"],"tag_counts":{"narrow":1,"missing tactile warning":1}}},{"type":"Feature","geometry":{"type":"Point","coordinates":[-94.8482911742,42.8518266417]},"properties":{"label_cluster_id":7980,"label_type":"CurbRamp","street_edge_id":164,"intersection_id":55,"osm_way_id":15997804,"region_id":1,"region_name":"Laurens","avg_image_capture_date":"2025-11-01T00:00Z","avg_label_date":"2026-09-19T13:28:32.577859Z","median_severity":null,"agree_count":1,"disagree_count":0,"unsure_count":0,"cluster_size":2,"label_ids":[115,2525],"users":["51b0b927-3c8a-45b2-93de-bd878d1e5cf4"],"tag_counts":{}}},{"type":"Feature","geometry":{"type":"Point","coordinates":[-94.8484897373,42.8518754551]},"properties":{"label_cluster_id":7981,"label_type":"CurbRamp","street_edge_id":47,"intersection_id":55,"osm_way_id":15996421,"region_id":1,"region_name":"Laurens","avg_image_capture_date":"2025-11-01T00:00Z","avg_label_date":"2026-09-23T12:24:30.830961Z","median_severity":2,"agree_count":1,"disagree_count":0,"unsure_count":0,"cluster_size":3,"label_ids":[447,3052,3059],"users":["51b0b927-3c8a-45b2-93de-bd878d1e5cf4","549187e0-redacted"],"tag_counts":{"narrow":2,"debris / pooled water":2,"missing tactile warning":2}}},{"type":"Feature","geometry":{"type":"Point","coordinates":[-94.848435969,42.8518581583]},"properties":{"label_cluster_id":7982,"label_type":"CurbRamp","street_edge_id":164,"intersection_id":55,"osm_way_id":15997804,"region_id":1,"region_name":"Laurens","avg_image_capture_date":"2025-11-01T00:00Z","avg_label_date":"2026-09-17T01:45:15.846125Z","median_severity":null,"agree_count":4,"disagree_count":0,"unsure_count":1,"cluster_size":6,"label_ids":[111,159,497,590,647,706],"users":["51b0b927-3c8a-45b2-93de-bd878d1e5cf4"],"tag_counts":{}}},{"type":"Feature","geometry":{"type":"Point","coordinates":[-94.8472197536,42.8518029848]},"properties":{"label_cluster_id":7983,"label_type":"CurbRamp","street_edge_id":164,"intersection_id":70,"osm_way_id":15997804,"region_id":1,"region_name":"Laurens","avg_image_capture_date":"2025-11-01T00:00Z","avg_label_date":"2026-09-24T09:15:28.305994Z","median_severity":2,"agree_count":0,"disagree_count":0,"unsure_count":0,"cluster_size":2,"label_ids":[2286,3038],"users":["51b0b927-3c8a-45b2-93de-bd878d1e5cf4","549187e0-redacted"],"tag_counts":{"narrow":1,"debris / pooled water":1,"missing tactile warning":1}}},{"type":"Feature","geometry":{"type":"Point","coordinates":[-94.8473576844,42.8509056749]},"properties":{"label_cluster_id":7984,"label_type":"CurbRamp","street_edge_id":109,"intersection_id":52,"osm_way_id":15997258,"region_id":1,"region_name":"Laurens","avg_image_capture_date":"2025-11-01T00:00Z","avg_label_date":"2026-09-21T21:38:58.527114Z","median_severity":2,"agree_count":1,"disagree_count":0,"unsure_count":0,"cluster_size":3,"label_ids":[660,1887,3014],"users":["51b0b927-3c8a-45b2-93de-bd878d1e5cf4","549187e0-redacted"],"tag_counts":{"narrow":1,"not level with street":1,"missing tactile warning":1}}},{"type":"Feature","geometry":{"type":"Point","coordinates":[-94.8540474205,42.8521245572]},"properties":{"label_cluster_id":7985,"label_type":"CurbRamp","street_edge_id":148,"intersection_id":74,"osm_way_id":15997573,"region_id":1,"region_name":"Laurens","avg_image_capture_date":"2025-11-01T00:00Z","avg_label_date":"2026-09-22T01:14:01.768418Z","median_severity":null,"agree_count":1,"disagree_count":0,"unsure_count":0,"cluster_size":2,"label_ids":[1662,1866],"users":["51b0b927-3c8a-45b2-93de-bd878d1e5cf4"],"tag_counts":{}}},{"type":"Feature","geometry":{"type":"Point","coordinates":[-94.8540462833,42.8522024027]},"properties":{"label_cluster_id":7986,"label_type":"CurbRamp","street_edge_id":148,"intersection_id":74,"osm_way_id":15997573,"region_id":1,"region_name":"Laurens","avg_image_capture_date":"2025-11-01T00:00Z","avg_label_date":"2026-09-22T01:14:02.938320Z","median_severity":null,"agree_count":1,"disagree_count":0,"unsure_count":0,"cluster_size":1,"label_ids":[1786],"users":["51b0b927-3c8a-45b2-93de-bd878d1e5cf4"],"tag_counts":{}}},{"type":"Feature","geometry":{"type":"Point","coordinates":[-94.8542059597,42.8520521643]},"properties":{"label_cluster_id":7987,"label_type":"CurbRamp","street_edge_id":142,"intersection_id":74,"osm_way_id":15997533,"region_id":1,"region_name":"Laurens","avg_image_capture_date":"2025-11-01T00:00Z","avg_label_date":"2026-09-17T01:47:23.359129Z","median_severity":null,"agree_count":1,"disagree_count":0,"unsure_count":0,"cluster_size":1,"label_ids":[675],"users":["51b0b927-3c8a-45b2-93de-bd878d1e5cf4"],"tag_counts":{}}},{"type":"Feature","geometry":{"type":"Point","coordinates":[-94.851341903,42.8509937464]},"properties":{"label_cluster_id":7988,"label_type":"CurbRamp","street_edge_id":78,"intersection_id":86,"osm_way_id":15996828,"region_id":1,"region_name":"Laurens","avg_image_capture_date":"2025-11-01T00:00Z","avg_label_date":"2026-09-20T21:06:34.416322Z","median_severity":2,"agree_count":3,"disagree_count":0,"unsure_count":0,"cluster_size":6,"label_ids":[194,310,1567,2337,2503,2853],"users":["51b0b927-3c8a-45b2-93de-bd878d1e5cf4","549187e0-redacted"],"tag_counts":{"narrow":1,"missing tactile warning":1}}},{"type":"Feature","geometry":{"type":"Point","coordinates":[-94.8513366485,42.8511368189]},"properties":{"label_cluster_id":7989,"label_type":"CurbRamp","street_edge_id":169,"intersection_id":86,"osm_way_id":1474028772,"region_id":1,"region_name":"Laurens","avg_image_capture_date":"2025-11-01T00:00Z","avg_label_date":"2026-09-17T01:45:20.856741Z","median_severity":null,"agree_count":1,"disagree_count":0,"unsure_count":0,"cluster_size":1,"label_ids":[451],"users":["51b0b927-3c8a-45b2-93de-bd878d1e5cf4"],"tag_counts":{}}},{"type":"Feature","geometry":{"type":"Point","coordinates":[-94.8511634965,42.8519018984]},"properties":{"label_cluster_id":7990,"label_type":"CurbRamp","street_edge_id":139,"intersection_id":1,"osm_way_id":15997533,"region_id":1,"region_name":"Laurens","avg_image_capture_date":"2025-11-01T00:00Z","avg_label_date":"2026-09-21T15:16:53.525624Z","median_severity":2,"agree_count":2,"disagree_count":0,"unsure_count":0,"cluster_size":5,"label_ids":[390,1967,2056,2441,2836],"users":["18b26a38-redacted","51b0b927-3c8a-45b2-93de-bd878d1e5cf4"],"tag_counts":{"missing tactile warning":1}}},{"type":"Feature","geometry":{"type":"Point","coordinates":[-94.8514595018,42.8519184298]},"properties":{"label_cluster_id":7991,"label_type":"CurbRamp","street_edge_id":138,"intersection_id":1,"osm_way_id":15997533,"region_id":1,"region_name":"Laurens","avg_image_capture_date":"2025-11-01T00:00Z","avg_label_date":"2026-09-21T00:20:25.938030Z","median_severity":2,"agree_count":1,"disagree_count":0,"unsure_count":0,"cluster_size":2,"label_ids":[510,2831],"users":["18b26a38-redacted","51b0b927-3c8a-45b2-93de-bd878d1e5cf4"],"tag_counts":{"missing tactile warning":1}}},{"type":"Feature","geometry":{"type":"Point","coordinates":[-94.8516183983,42.8520003387]},"properties":{"label_cluster_id":7992,"label_type":"CurbRamp","street_edge_id":138,"intersection_id":33,"osm_way_id":15997533,"region_id":1,"region_name":"Laurens","avg_image_capture_date":"2025-11-01T00:00Z","avg_label_date":"2026-09-17T01:47:48.603597Z","median_severity":null,"agree_count":0,"disagree_count":0,"unsure_count":0,"cluster_size":1,"label_ids":[708],"users":["51b0b927-3c8a-45b2-93de-bd878d1e5cf4"],"tag_counts":{}}},{"type":"Feature","geometry":{"type":"Point","coordinates":[-94.8526365453,42.8509315498]},"properties":{"label_cluster_id":7993,"label_type":"CurbRamp","street_edge_id":78,"intersection_id":5,"osm_way_id":15996828,"region_id":1,"region_name":"Laurens","avg_image_capture_date":"2025-11-01T00:00Z","avg_label_date":"2026-09-22T01:14:21.529685Z","median_severity":null,"agree_count":1,"disagree_count":0,"unsure_count":0,"cluster_size":3,"label_ids":[1639,1963,2410],"users":["51b0b927-3c8a-45b2-93de-bd878d1e5cf4"],"tag_counts":{}}},{"type":"Feature","geometry":{"type":"Point","coordinates":[-94.8527429023,42.8510351362]},"properties":{"label_cluster_id":7994,"label_type":"CurbRamp","street_edge_id":79,"intersection_id":5,"osm_way_id":15996828,"region_id":1,"region_name":"Laurens","avg_image_capture_date":"2025-11-01T00:00Z","avg_label_date":"2026-09-19T13:29:03.414036Z","median_severity":null,"agree_count":1,"disagree_count":0,"unsure_count":0,"cluster_size":2,"label_ids":[251,2312],"users":["51b0b927-3c8a-45b2-93de-bd878d1e5cf4"],"tag_counts":{}}},{"type":"Feature","geometry":{"type":"Point","coordinates":[-94.8527279269,42.8511101581]},"properties":{"label_cluster_id":7995,"label_type":"CurbRamp","street_edge_id":146,"intersection_id":5,"osm_way_id":15997565,"region_id":1,"region_name":"Laurens","avg_image_capture_date":"2025-11-01T00:00Z","avg_label_date":"2026-09-22T01:13:57.817465Z","median_severity":null,"agree_count":1,"disagree_count":0,"unsure_count":0,"cluster_size":1,"label_ids":[1715],"users":["51b0b927-3c8a-45b2-93de-bd878d1e5cf4"],"tag_counts":{}}},{"type":"Feature","geometry":{"type":"Point","coordinates":[-94.8524400821,42.8520116571]},"properties":{"label_cluster_id":7996,"label_type":"CurbRamp","street_edge_id":140,"intersection_id":10,"osm_way_id":15997533,"region_id":1,"region_name":"Laurens","avg_image_capture_date":"2025-11-01T00:00Z","avg_label_date":"2026-09-19T13:30:56.372356Z","median_severity":null,"agree_count":1,"disagree_count":0,"unsure_count":0,"cluster_size":2,"label_ids":[592,2510],"users":["51b0b927-3c8a-45b2-93de-bd878d1e5cf4"],"tag_counts":{}}},{"type":"Feature","geometry":{"type":"Point","coordinates":[-94.8527201444,42.8519870593]},"properties":{"label_cluster_id":7997,"label_type":"CurbRamp","street_edge_id":141,"intersection_id":10,"osm_way_id":15997533,"region_id":1,"region_name":"Laurens","avg_image_capture_date":"2025-11-01T00:00Z","avg_label_date":"2026-09-18T07:36:50.878124Z","median_severity":null,"agree_count":3,"disagree_count":0,"unsure_count":0,"cluster_size":4,"label_ids":[94,406,455,2548],"users":["51b0b927-3c8a-45b2-93de-bd878d1e5cf4"],"tag_counts":{}}},{"type":"Feature","geometry":{"type":"Point","coordinates":[-94.8489828654,42.8446640596]},"properties":{"label_cluster_id":7998,"label_type":"CurbRamp","street_edge_id":10,"intersection_id":36,"osm_way_id":15991587,"region_id":1,"region_name":"Laurens","avg_image_capture_date":"2025-11-01T00:00Z","avg_label_date":"2026-09-22T01:14:17.849642Z","median_severity":null,"agree_count":2,"disagree_count":0,"unsure_count":0,"cluster_size":2,"label_ids":[1752,2176],"users":["51b0b927-3c8a-45b2-93de-bd878d1e5cf4"],"tag_counts":{}}},{"type":"Feature","geometry":{"type":"Point","coordinates":[-94.8488027356,42.8446805719]},"properties":{"label_cluster_id":7999,"label_type":"CurbRamp","street_edge_id":49,"intersection_id":36,"osm_way_id":15996485,"region_id":1,"region_name":"Laurens","avg_image_capture_date":"2025-11-01T00:00Z","avg_label_date":"2026-09-17T01:46:15.449848Z","median_severity":null,"agree_count":1,"disagree_count":0,"unsure_count":0,"cluster_size":2,"label_ids":[440,649],"users":["51b0b927-3c8a-45b2-93de-bd878d1e5cf4"],"tag_counts":{}}},{"type":"Feature","geometry":{"type":"Point","coordinates":[-94.8488971746,42.8455587752]},"properties":{"label_cluster_id":8000,"label_type":"CurbRamp","street_edge_id":70,"intersection_id":31,"osm_way_id":15996716,"region_id":1,"region_name":"Laurens","avg_image_capture_date":"2025-11-01T00:00Z","avg_label_date":"2026-09-19T13:29:27.181478Z","median_severity":null,"agree_count":2,"disagree_count":0,"unsure_count":0,"cluster_size":2,"label_ids":[324,2189],"users":["51b0b927-3c8a-45b2-93de-bd878d1e5cf4"],"tag_counts":{}}},{"type":"Feature","geometry":{"type":"Point","coordinates":[-94.8490052795,42.8455675062]},"properties":{"label_cluster_id":8001,"label_type":"CurbRamp","street_edge_id":70,"intersection_id":31,"osm_way_id":15996716,"region_id":1,"region_name":"Laurens","avg_image_capture_date":"2025-11-01T00:00Z","avg_label_date":"2026-09-22T01:14:23.354227Z","median_severity":null,"agree_count":0,"disagree_count":0,"unsure_count":0,"cluster_size":1,"label_ids":[2017],"users":["51b0b927-3c8a-45b2-93de-bd878d1e5cf4"],"tag_counts":{}}},{"type":"Feature","geometry":{"type":"Point","coordinates":[-94.8486967805,42.8454629168]},"properties":{"label_cluster_id":8002,"label_type":"CurbRamp","street_edge_id":49,"intersection_id":31,"osm_way_id":15996485,"region_id":1,"region_name":"Laurens","avg_image_capture_date":"2025-11-01T00:00Z","avg_label_date":"2026-09-19T13:30:09.132101Z","median_severity":null,"agree_count":2,"disagree_count":0,"unsure_count":0,"cluster_size":2,"label_ids":[576,1575],"users":["51b0b927-3c8a-45b2-93de-bd878d1e5cf4"],"tag_counts":{}}},{"type":"Feature","geometry":{"type":"Point","coordinates":[-94.8486195293,42.8455466463]},"properties":{"label_cluster_id":8003,"label_type":"CurbRamp","street_edge_id":161,"intersection_id":31,"osm_way_id":15997796,"region_id":1,"region_name":"Laurens","avg_image_capture_date":"2025-11-01T00:00Z","avg_label_date":"2026-09-18T17:34:32.768979Z","median_severity":null,"agree_count":3,"disagree_count":0,"unsure_count":0,"cluster_size":6,"label_ids":[263,302,467,490,1721,2223],"users":["51b0b927-3c8a-45b2-93de-bd878d1e5cf4"],"tag_counts":{}}},{"type":"Feature","geometry":{"type":"Point","coordinates":[-94.8475578266,42.8446164277]},"properties":{"label_cluster_id":8004,"label_type":"CurbRamp","street_edge_id":158,"intersection_id":16,"osm_way_id":15997794,"region_id":1,"region_name":"Laurens","avg_image_capture_date":"2025-11-01T00:00Z","avg_label_date":"2026-09-19T13:30:05.918247Z","median_severity":null,"agree_count":1,"disagree_count":0,"unsure_count":0,"cluster_size":2,"label_ids":[480,2228],"users":["51b0b927-3c8a-45b2-93de-bd878d1e5cf4"],"tag_counts":{}}},{"type":"Feature","geometry":{"type":"Point","coordinates":[-94.8474488003,42.8446193867]},"properties":{"label_cluster_id":8005,"label_type":"CurbRamp","street_edge_id":95,"intersection_id":16,"osm_way_id":15996973,"region_id":1,"region_name":"Laurens","avg_image_capture_date":"2025-11-01T00:00Z","avg_label_date":"2026-09-19T01:32:05.025297Z","median_severity":null,"agree_count":2,"disagree_count":0,"unsure_count":1,"cluster_size":5,"label_ids":[29,485,496,1653,1940],"users":["51b0b927-3c8a-45b2-93de-bd878d1e5cf4"],"tag_counts":{}}},{"type":"Feature","geometry":{"type":"Point","coordinates":[-94.8474301702,42.8454225233]},"properties":{"label_cluster_id":8006,"label_type":"CurbRamp","street_edge_id":95,"intersection_id":79,"osm_way_id":15996973,"region_id":1,"region_name":"Laurens","avg_image_capture_date":"2025-11-01T00:00Z","avg_label_date":"2026-09-19T13:30:48.331Z","median_severity":null,"agree_count":1,"disagree_count":0,"unsure_count":0,"cluster_size":2,"label_ids":[558,2501],"users":["51b0b927-3c8a-45b2-93de-bd878d1e5cf4"],"tag_counts":{}}},{"type":"Feature","geometry":{"type":"Point","coordinates":[-94.8474356234,42.8455524542]},"properties":{"label_cluster_id":8007,"label_type":"CurbRamp","street_edge_id":161,"intersection_id":79,"osm_way_id":15997796,"region_id":1,"region_name":"Laurens","avg_image_capture_date":"2025-11-01T00:00Z","avg_label_date":"2026-09-19T19:53:07.616860Z","median_severity":2,"agree_count":3,"disagree_count":0,"unsure_count":0,"cluster_size":6,"label_ids":[350,685,1068,1437,1642,1934],"users":["51b0b927-3c8a-45b2-93de-bd878d1e5cf4","549187e0-redacted"],"tag_counts":{"narrow":2,"missing tactile warning":2}}},{"type":"Feature","geometry":{"type":"Point","coordinates":[-94.8501658226,42.8446581392]},"properties":{"label_cluster_id":8008,"label_type":"CurbRamp","street_edge_id":26,"intersection_id":8,"osm_way_id":15996188,"region_id":1,"region_name":"Laurens","avg_image_capture_date":"2025-11-01T00:00Z","avg_label_date":"2026-09-19T13:30:18.198462Z","median_severity":null,"agree_count":1,"disagree_count":0,"unsure_count":0,"cluster_size":2,"label_ids":[452,2566],"users":["51b0b927-3c8a-45b2-93de-bd878d1e5cf4"],"tag_counts":{}}},{"type":"Feature","geometry":{"type":"Point","coordinates":[-94.8502085748,42.8447238983]},"properties":{"label_cluster_id":8009,"label_type":"CurbRamp","street_edge_id":26,"intersection_id":8,"osm_way_id":15996188,"region_id":1,"region_name":"Laurens","avg_image_capture_date":"2025-11-01T00:00Z","avg_label_date":"2026-09-17T01:43:44.339323Z","median_severity":null,"agree_count":0,"disagree_count":0,"unsure_count":0,"cluster_size":1,"label_ids":[281],"users":["51b0b927-3c8a-45b2-93de-bd878d1e5cf4"],"tag_counts":{}}},{"type":"Feature","geometry":{"type":"Point","coordinates":[-94.8501645145,42.8444622285]},"properties":{"label_cluster_id":8010,"label_type":"CurbRamp","street_edge_id":27,"intersection_id":8,"osm_way_id":15996188,"region_id":1,"region_name":"Laurens","avg_image_capture_date":"2025-11-01T00:00Z","avg_label_date":"2026-09-19T13:28:06.295607Z","median_severity":null,"agree_count":1,"disagree_count":0,"unsure_count":0,"cluster_size":2,"label_ids":[106,1999],"users":["51b0b927-3c8a-45b2-93de-bd878d1e5cf4"],"tag_counts":{}}},{"type":"Feature","geometry":{"type":"Point","coordinates":[-94.8503091416,42.8445664614]},"properties":{"label_cluster_id":8011,"label_type":"CurbRamp","street_edge_id":11,"intersection_id":8,"osm_way_id":15991587,"region_id":1,"region_name":"Laurens","avg_image_capture_date":"2025-11-01T00:00Z","avg_label_date":"2026-09-18T17:35:36.290328Z","median_severity":null,"agree_count":3,"disagree_count":0,"unsure_count":0,"cluster_size":3,"label_ids":[425,614,2292],"users":["51b0b927-3c8a-45b2-93de-bd878d1e5cf4"],"tag_counts":{}}},{"type":"Feature","geometry":{"type":"Point","coordinates":[-94.8514508333,42.8445206718]},"properties":{"label_cluster_id":8012,"label_type":"CurbRamp","street_edge_id":88,"intersection_id":57,"osm_way_id":15996946,"region_id":1,"region_name":"Laurens","avg_image_capture_date":"2025-11-01T00:00Z","avg_label_date":"2026-09-22T01:14:15.074783Z","median_severity":null,"agree_count":1,"disagree_count":0,"unsure_count":0,"cluster_size":2,"label_ids":[1716,2132],"users":["51b0b927-3c8a-45b2-93de-bd878d1e5cf4"],"tag_counts":{}}},{"type":"Feature","geometry":{"type":"Point","coordinates":[-94.8516009063,42.8447973304]},"properties":{"label_cluster_id":8013,"label_type":"CurbRamp","street_edge_id":87,"intersection_id":57,"osm_way_id":15996946,"region_id":1,"region_name":"Laurens","avg_image_capture_date":"2025-11-01T00:00Z","avg_label_date":"2026-09-22T01:14:05.562572Z","median_severity":null,"agree_count":2,"disagree_count":0,"unsure_count":0,"cluster_size":2,"label_ids":[1695,1919],"users":["51b0b927-3c8a-45b2-93de-bd878d1e5cf4"],"tag_counts":{}}},{"type":"Feature","geometry":{"type":"Point","coordinates":[-94.8516948605,42.8447145084]},"properties":{"label_cluster_id":8014,"label_type":"CurbRamp","street_edge_id":9,"intersection_id":57,"osm_way_id":15991587,"region_id":1,"region_name":"Laurens","avg_image_capture_date":"2025-11-01T00:00Z","avg_label_date":"2026-09-22T01:14:14.996276Z","median_severity":null,"agree_count":0,"disagree_count":0,"unsure_count":0,"cluster_size":2,"label_ids":[1875,1965],"users":["51b0b927-3c8a-45b2-93de-bd878d1e5cf4"],"tag_counts":{}}},{"type":"Feature","geometry":{"type":"Point","coordinates":[-94.851602411,42.8446979399]},"properties":{"label_cluster_id":8015,"label_type":"CurbRamp","street_edge_id":9,"intersection_id":57,"osm_way_id":15991587,"region_id":1,"region_name":"Laurens","avg_image_capture_date":"2025-11-01T00:00Z","avg_label_date":"2026-09-19T13:27:46.383656Z","median_severity":null,"agree_count":2,"disagree_count":0,"unsure_count":0,"cluster_size":2,"label_ids":[1,2333],"users":["51b0b927-3c8a-45b2-93de-bd878d1e5cf4"],"tag_counts":{}}},{"type":"Feature","geometry":{"type":"Point","coordinates":[-94.8500533022,42.8456556341]},"properties":{"label_cluster_id":8016,"label_type":"CurbRamp","street_edge_id":70,"intersection_id":82,"osm_way_id":15996716,"region_id":1,"region_name":"Laurens","avg_image_capture_date":"2025-11-01T00:00Z","avg_label_date":"2026-09-17T01:42:50.038468Z","median_severity":null,"agree_count":4,"disagree_count":0,"unsure_count":0,"cluster_size":4,"label_ids":[45,47,227,488],"users":["51b0b927-3c8a-45b2-93de-bd878d1e5cf4"],"tag_counts":{}}},{"type":"Feature","geometry":{"type":"Point","coordinates":[-94.8499604901,42.8456658928]},"properties":{"label_cluster_id":8017,"label_type":"CurbRamp","street_edge_id":70,"intersection_id":82,"osm_way_id":15996716,"region_id":1,"region_name":"Laurens","avg_image_capture_date":"2025-11-01T00:00Z","avg_label_date":"2026-09-17T01:43:19.014576Z","median_severity":null,"agree_count":2,"disagree_count":0,"unsure_count":0,"cluster_size":2,"label_ids":[16,504],"users":["51b0b927-3c8a-45b2-93de-bd878d1e5cf4"],"tag_counts":{}}},{"type":"Feature","geometry":{"type":"Point","coordinates":[-94.8500068639,42.8456935994]},"properties":{"label_cluster_id":8018,"label_type":"CurbRamp","street_edge_id":70,"intersection_id":82,"osm_way_id":15996716,"region_id":1,"region_name":"Laurens","avg_image_capture_date":"2025-11-01T00:00Z","avg_label_date":"2026-09-18T17:35:09.131211Z","median_severity":null,"agree_count":1,"disagree_count":0,"unsure_count":0,"cluster_size":3,"label_ids":[427,513,2031],"users":["51b0b927-3c8a-45b2-93de-bd878d1e5cf4"],"tag_counts":{}}},{"type":"Feature","geometry":{"type":"Point","coordinates":[-94.8502219455,42.8455802401]},"properties":{"label_cluster_id":8019,"label_type":"CurbRamp","street_edge_id":69,"intersection_id":82,"osm_way_id":15996716,"region_id":1,"region_name":"Laurens","avg_image_capture_date":"2025-11-01T00:00Z","avg_label_date":"2026-09-20T09:25:33.831455Z","median_severity":null,"agree_count":1,"disagree_count":0,"unsure_count":0,"cluster_size":3,"label_ids":[580,2446,2507],"users":["51b0b927-3c8a-45b2-93de-bd878d1e5cf4"],"tag_counts":{}}},{"type":"Feature","geometry":{"type":"Point","coordinates":[-94.850124442,42.8455145793]},"properties":{"label_cluster_id":8020,"label_type":"CurbRamp","street_edge_id":26,"intersection_id":82,"osm_way_id":15996188,"region_id":1,"region_name":"Laurens","avg_image_capture_date":"2025-11-01T00:00Z","avg_label_date":"2026-09-22T01:14:16.086026Z","median_severity":null,"agree_count":1,"disagree_count":0,"unsure_count":0,"cluster_size":2,"label_ids":[1733,2147],"users":["51b0b927-3c8a-45b2-93de-bd878d1e5cf4"],"tag_counts":{}}},{"type":"Feature","geometry":{"type":"Point","coordinates":[-94.8515232519,42.8457012111]},"properties":{"label_cluster_id":8021,"label_type":"CurbRamp","street_edge_id":89,"intersection_id":9,"osm_way_id":15996946,"region_id":1,"region_name":"Laurens","avg_image_capture_date":"2025-11-01T00:00Z","avg_label_date":"2026-09-20T09:25:25.907967Z","median_severity":2,"agree_count":2,"disagree_count":0,"unsure_count":0,"cluster_size":3,"label_ids":[635,1801,2496],"users":["51b0b927-3c8a-45b2-93de-bd878d1e5cf4"],"tag_counts":{"not level with street":1,"missing tactile warning":1}}},{"type":"Feature","geometry":{"type":"Point","coordinates":[-94.8515939917,42.845678679]},"properties":{"label_cluster_id":8022,"label_type":"CurbRamp","street_edge_id":67,"intersection_id":9,"osm_way_id":15996716,"region_id":1,"region_name":"Laurens","avg_image_capture_date":"2025-11-01T00:00Z","avg_label_date":"2026-09-21T23:06:43.041504Z","median_severity":2,"agree_count":1,"disagree_count":0,"unsure_count":0,"cluster_size":2,"label_ids":[1545,2241],"users":["51b0b927-3c8a-45b2-93de-bd878d1e5cf4","549187e0-redacted"],"tag_counts":{"missing tactile warning":1}}},{"type":"Feature","geometry":{"type":"Point","coordinates":[-94.8515676165,42.8454715225]},"properties":{"label_cluster_id":8023,"label_type":"CurbRamp","street_edge_id":87,"intersection_id":9,"osm_way_id":15996946,"region_id":1,"region_name":"Laurens","avg_image_capture_date":"2025-11-01T00:00Z","avg_label_date":"2026-09-22T01:14:11.851788Z","median_severity":null,"agree_count":0,"disagree_count":0,"unsure_count":0,"cluster_size":2,"label_ids":[1600,2187],"users":["51b0b927-3c8a-45b2-93de-bd878d1e5cf4"],"tag_counts":{}}},{"type":"Feature","geometry":{"type":"Point","coordinates":[-94.8515700511,42.845322782]},"properties":{"label_cluster_id":8024,"label_type":"CurbRamp","street_edge_id":87,"intersection_id":null,"osm_way_id":15996946,"region_id":1,"region_name":"Laurens","avg_image_capture_date":"2025-11-01T00:00Z","avg_label_date":"2026-09-22T01:14:18.404425Z","median_severity":null,"agree_count":0,"disagree_count":0,"unsure_count":0,"cluster_size":1,"label_ids":[1960],"users":["51b0b927-3c8a-45b2-93de-bd878d1e5cf4"],"tag_counts":{}}},{"type":"Feature","geometry":{"type":"Point","coordinates":[-94.8540562281,42.8466373459]},"properties":{"label_cluster_id":8025,"label_type":"CurbRamp","street_edge_id":29,"intersection_id":66,"osm_way_id":15996191,"region_id":1,"region_name":"Laurens","avg_image_capture_date":"2025-11-01T00:00Z","avg_label_date":"2026-09-19T13:30:27.587634Z","median_severity":null,"agree_count":2,"disagree_count":0,"unsure_count":0,"cluster_size":2,"label_ids":[562,2037],"users":["51b0b927-3c8a-45b2-93de-bd878d1e5cf4"],"tag_counts":{}}},{"type":"Feature","geometry":{"type":"Point","coordinates":[-94.8541741371,42.846592233]},"properties":{"label_cluster_id":8026,"label_type":"CurbRamp","street_edge_id":98,"intersection_id":66,"osm_way_id":15997046,"region_id":1,"region_name":"Laurens","avg_image_capture_date":"2025-11-01T00:00Z","avg_label_date":"2026-09-22T01:14:33.994704Z","median_severity":null,"agree_count":1,"disagree_count":0,"unsure_count":0,"cluster_size":1,"label_ids":[2157],"users":["51b0b927-3c8a-45b2-93de-bd878d1e5cf4"],"tag_counts":{}}},{"type":"Feature","geometry":{"type":"Point","coordinates":[-94.8541465853,42.8469247082]},"properties":{"label_cluster_id":8027,"label_type":"CurbRamp","street_edge_id":152,"intersection_id":66,"osm_way_id":15997604,"region_id":1,"region_name":"Laurens","avg_image_capture_date":"2025-11-01T00:00Z","avg_label_date":"2026-09-22T01:14:49.965774Z","median_severity":null,"agree_count":2,"disagree_count":0,"unsure_count":0,"cluster_size":2,"label_ids":[2076,2544],"users":["51b0b927-3c8a-45b2-93de-bd878d1e5cf4"],"tag_counts":{}}},{"type":"Feature","geometry":{"type":"Point","coordinates":[-94.8543883033,42.8468479778]},"properties":{"label_cluster_id":8028,"label_type":"CurbRamp","street_edge_id":32,"intersection_id":66,"osm_way_id":15996191,"region_id":1,"region_name":"Laurens","avg_image_capture_date":"2025-11-01T00:00Z","avg_label_date":"2026-09-19T22:05:19.536714Z","median_severity":1,"agree_count":1,"disagree_count":0,"unsure_count":0,"cluster_size":2,"label_ids":[442,2686],"users":["51b0b927-3c8a-45b2-93de-bd878d1e5cf4","549187e0-redacted"],"tag_counts":{}}},{"type":"Feature","geometry":{"type":"Point","coordinates":[-94.8528366597,42.8478656774]},"properties":{"label_cluster_id":8029,"label_type":"CurbRamp","street_edge_id":56,"intersection_id":22,"osm_way_id":15996561,"region_id":1,"region_name":"Laurens","avg_image_capture_date":"2025-11-01T00:00Z","avg_label_date":"2026-09-22T18:30:55.310500Z","median_severity":2,"agree_count":0,"disagree_count":0,"unsure_count":0,"cluster_size":2,"label_ids":[2727,2728],"users":["549187e0-redacted"],"tag_counts":{"narrow":2,"surface problem":2,"debris / pooled water":1,"missing tactile warning":2}}},{"type":"Feature","geometry":{"type":"Point","coordinates":[-94.8527821959,42.8477453951]},"properties":{"label_cluster_id":8030,"label_type":"CurbRamp","street_edge_id":56,"intersection_id":22,"osm_way_id":15996561,"region_id":1,"region_name":"Laurens","avg_image_capture_date":"2025-11-01T00:00Z","avg_label_date":"2026-09-22T01:14:59.146365Z","median_severity":null,"agree_count":0,"disagree_count":0,"unsure_count":0,"cluster_size":1,"label_ids":[2461],"users":["51b0b927-3c8a-45b2-93de-bd878d1e5cf4"],"tag_counts":{}}},{"type":"Feature","geometry":{"type":"Point","coordinates":[-94.8530865336,42.8467903506]},"properties":{"label_cluster_id":8031,"label_type":"CurbRamp","street_edge_id":29,"intersection_id":65,"osm_way_id":15996191,"region_id":1,"region_name":"Laurens","avg_image_capture_date":"2025-11-01T00:00Z","avg_label_date":"2026-09-19T13:28:33.253110Z","median_severity":null,"agree_count":1,"disagree_count":0,"unsure_count":0,"cluster_size":2,"label_ids":[204,1835],"users":["51b0b927-3c8a-45b2-93de-bd878d1e5cf4"],"tag_counts":{}}},{"type":"Feature","geometry":{"type":"Point","coordinates":[-94.8528203226,42.8468436419]},"properties":{"label_cluster_id":8032,"label_type":"CurbRamp","street_edge_id":56,"intersection_id":65,"osm_way_id":15996561,"region_id":1,"region_name":"Laurens","avg_image_capture_date":"2025-11-01T00:00Z","avg_label_date":"2026-09-23T05:04:38.124500Z","median_severity":1,"agree_count":0,"disagree_count":0,"unsure_count":0,"cluster_size":2,"label_ids":[2749,2758],"users":["549187e0-redacted"],"tag_counts":{}}},{"type":"Feature","geometry":{"type":"Point","coordinates":[-94.8528027066,42.8467829555]},"properties":{"label_cluster_id":8033,"label_type":"CurbRamp","street_edge_id":56,"intersection_id":65,"osm_way_id":15996561,"region_id":1,"region_name":"Laurens","avg_image_capture_date":"2025-11-01T00:00Z","avg_label_date":"2026-09-17T01:42:45.347468Z","median_severity":null,"agree_count":1,"disagree_count":0,"unsure_count":0,"cluster_size":2,"label_ids":[58,307],"users":["51b0b927-3c8a-45b2-93de-bd878d1e5cf4"],"tag_counts":{}}},{"type":"Feature","geometry":{"type":"Point","coordinates":[-94.851470452,42.8479555757]},"properties":{"label_cluster_id":8034,"label_type":"CurbRamp","street_edge_id":82,"intersection_id":51,"osm_way_id":15996928,"region_id":1,"region_name":"Laurens","avg_image_capture_date":"2025-11-01T00:00Z","avg_label_date":"2026-09-19T13:29:18.673966Z","median_severity":null,"agree_count":1,"disagree_count":0,"unsure_count":0,"cluster_size":2,"label_ids":[319,1989],"users":["51b0b927-3c8a-45b2-93de-bd878d1e5cf4"],"tag_counts":{}}},{"type":"Feature","geometry":{"type":"Point","coordinates":[-94.8516482251,42.8478459752]},"properties":{"label_cluster_id":8035,"label_type":"CurbRamp","street_edge_id":107,"intersection_id":51,"osm_way_id":15997151,"region_id":1,"region_name":"Laurens","avg_image_capture_date":"2025-11-01T00:00Z","avg_label_date":"2026-09-22T01:14:21.217248Z","median_severity":null,"agree_count":1,"disagree_count":0,"unsure_count":0,"cluster_size":2,"label_ids":[1596,2420],"users":["51b0b927-3c8a-45b2-93de-bd878d1e5cf4"],"tag_counts":{}}},{"type":"Feature","geometry":{"type":"Point","coordinates":[-94.8515147235,42.8477758667]},"properties":{"label_cluster_id":8036,"label_type":"CurbRamp","street_edge_id":107,"intersection_id":51,"osm_way_id":15997151,"region_id":1,"region_name":"Laurens","avg_image_capture_date":"2025-11-01T00:00Z","avg_label_date":"2026-09-20T09:16:22.439279Z","median_severity":2,"agree_count":1,"disagree_count":0,"unsure_count":0,"cluster_size":2,"label_ids":[419,2771],"users":["51b0b927-3c8a-45b2-93de-bd878d1e5cf4","549187e0-redacted"],"tag_counts":{"missing tactile warning":1}}},{"type":"Feature","geometry":{"type":"Point","coordinates":[-94.851536723,42.8478418207]},"properties":{"label_cluster_id":8037,"label_type":"CurbRamp","street_edge_id":107,"intersection_id":51,"osm_way_id":15997151,"region_id":1,"region_name":"Laurens","avg_image_capture_date":"2025-11-01T00:00Z","avg_label_date":"2026-09-23T16:48:28.378Z","median_severity":2,"agree_count":0,"disagree_count":0,"unsure_count":0,"cluster_size":1,"label_ids":[2780],"users":["549187e0-redacted"],"tag_counts":{"not level with street":1,"missing tactile warning":1}}},{"type":"Feature","geometry":{"type":"Point","coordinates":[-94.8513163182,42.8482871772]},"properties":{"label_cluster_id":8038,"label_type":"CurbRamp","street_edge_id":82,"intersection_id":null,"osm_way_id":15996928,"region_id":1,"region_name":"Laurens","avg_image_capture_date":"2025-11-01T00:00Z","avg_label_date":"2026-09-22T01:14:03.496465Z","median_severity":null,"agree_count":0,"disagree_count":0,"unsure_count":0,"cluster_size":1,"label_ids":[1790],"users":["51b0b927-3c8a-45b2-93de-bd878d1e5cf4"],"tag_counts":{}}},{"type":"Feature","geometry":{"type":"Point","coordinates":[-94.8513237977,42.8481896898]},"properties":{"label_cluster_id":8039,"label_type":"CurbRamp","street_edge_id":82,"intersection_id":null,"osm_way_id":15996928,"region_id":1,"region_name":"Laurens","avg_image_capture_date":"2025-11-01T00:00Z","avg_label_date":"2026-09-22T01:14:43.887969Z","median_severity":null,"agree_count":0,"disagree_count":0,"unsure_count":0,"cluster_size":1,"label_ids":[2280],"users":["51b0b927-3c8a-45b2-93de-bd878d1e5cf4"],"tag_counts":{}}},{"type":"Feature","geometry":{"type":"Point","coordinates":[-94.8514839952,42.8483258939]},"properties":{"label_cluster_id":8040,"label_type":"CurbRamp","street_edge_id":82,"intersection_id":null,"osm_way_id":15996928,"region_id":1,"region_name":"Laurens","avg_image_capture_date":"2025-11-01T00:00Z","avg_label_date":"2026-09-22T01:14:30.177026Z","median_severity":null,"agree_count":0,"disagree_count":0,"unsure_count":0,"cluster_size":1,"label_ids":[2110],"users":["51b0b927-3c8a-45b2-93de-bd878d1e5cf4"],"tag_counts":{}}},{"type":"Feature","geometry":{"type":"Point","coordinates":[-94.8512765666,42.8484284096]},"properties":{"label_cluster_id":8041,"label_type":"CurbRamp","street_edge_id":82,"intersection_id":null,"osm_way_id":15996928,"region_id":1,"region_name":"Laurens","avg_image_capture_date":"2025-11-01T00:00Z","avg_label_date":"2026-09-22T01:14:24.567769Z","median_severity":null,"agree_count":0,"disagree_count":0,"unsure_count":0,"cluster_size":1,"label_ids":[2032],"users":["51b0b927-3c8a-45b2-93de-bd878d1e5cf4"],"tag_counts":{}}},{"type":"Feature","geometry":{"type":"Point","coordinates":[-94.8527618985,42.8498653097]},"properties":{"label_cluster_id":8042,"label_type":"CurbRamp","street_edge_id":147,"intersection_id":77,"osm_way_id":15997565,"region_id":1,"region_name":"Laurens","avg_image_capture_date":"2025-11-01T00:00Z","avg_label_date":"2026-09-17T01:45:18.107278Z","median_severity":null,"agree_count":1,"disagree_count":0,"unsure_count":0,"cluster_size":1,"label_ids":[443],"users":["51b0b927-3c8a-45b2-93de-bd878d1e5cf4"],"tag_counts":{}}},{"type":"Feature","geometry":{"type":"Point","coordinates":[-94.8526527774,42.8498680594]},"properties":{"label_cluster_id":8043,"label_type":"CurbRamp","street_edge_id":147,"intersection_id":77,"osm_way_id":15997565,"region_id":1,"region_name":"Laurens","avg_image_capture_date":"2025-11-01T00:00Z","avg_label_date":"2026-09-22T01:14:09.790704Z","median_severity":null,"agree_count":1,"disagree_count":0,"unsure_count":0,"cluster_size":1,"label_ids":[1861],"users":["51b0b927-3c8a-45b2-93de-bd878d1e5cf4"],"tag_counts":{}}},{"type":"Feature","geometry":{"type":"Point","coordinates":[-94.8526806292,42.8497802804]},"properties":{"label_cluster_id":8044,"label_type":"CurbRamp","street_edge_id":147,"intersection_id":77,"osm_way_id":15997565,"region_id":1,"region_name":"Laurens","avg_image_capture_date":"2025-11-01T00:00Z","avg_label_date":"2026-09-17T01:47:34.635916Z","median_severity":null,"agree_count":1,"disagree_count":0,"unsure_count":0,"cluster_size":1,"label_ids":[695],"users":["51b0b927-3c8a-45b2-93de-bd878d1e5cf4"],"tag_counts":{}}},{"type":"Feature","geometry":{"type":"Point","coordinates":[-94.8526694116,42.8499417357]},"properties":{"label_cluster_id":8045,"label_type":"CurbRamp","street_edge_id":129,"intersection_id":77,"osm_way_id":15997383,"region_id":1,"region_name":"Laurens","avg_image_capture_date":"2025-11-01T00:00Z","avg_label_date":"2026-09-22T01:14:20.605150Z","median_severity":null,"agree_count":2,"disagree_count":0,"unsure_count":0,"cluster_size":3,"label_ids":[1687,1902,2386],"users":["51b0b927-3c8a-45b2-93de-bd878d1e5cf4"],"tag_counts":{}}},{"type":"Feature","geometry":{"type":"Point","coordinates":[-94.8525388517,42.8498917898]},"properties":{"label_cluster_id":8046,"label_type":"CurbRamp","street_edge_id":129,"intersection_id":77,"osm_way_id":15997383,"region_id":1,"region_name":"Laurens","avg_image_capture_date":"2025-11-01T00:00Z","avg_label_date":"2026-09-22T01:14:28.654208Z","median_severity":null,"agree_count":2,"disagree_count":0,"unsure_count":0,"cluster_size":2,"label_ids":[1921,2261],"users":["51b0b927-3c8a-45b2-93de-bd878d1e5cf4"],"tag_counts":{}}},{"type":"Feature","geometry":{"type":"Point","coordinates":[-94.8515167279,42.849926498]},"properties":{"label_cluster_id":8047,"label_type":"CurbRamp","street_edge_id":129,"intersection_id":63,"osm_way_id":15997383,"region_id":1,"region_name":"Laurens","avg_image_capture_date":"2025-11-01T00:00Z","avg_label_date":"2026-09-23T07:28:20.428540Z","median_severity":2,"agree_count":1,"disagree_count":0,"unsure_count":0,"cluster_size":2,"label_ids":[1837,2803],"users":["51b0b927-3c8a-45b2-93de-bd878d1e5cf4","549187e0-redacted"],"tag_counts":{"missing tactile warning":1}}},{"type":"Feature","geometry":{"type":"Point","coordinates":[-94.8516071743,42.8499135688]},"properties":{"label_cluster_id":8048,"label_type":"CurbRamp","street_edge_id":129,"intersection_id":63,"osm_way_id":15997383,"region_id":1,"region_name":"Laurens","avg_image_capture_date":"2025-11-01T00:00Z","avg_label_date":"2026-09-17T01:45:03.234042Z","median_severity":null,"agree_count":1,"disagree_count":0,"unsure_count":0,"cluster_size":1,"label_ids":[400],"users":["51b0b927-3c8a-45b2-93de-bd878d1e5cf4"],"tag_counts":{}}},{"type":"Feature","geometry":{"type":"Point","coordinates":[-94.8513638537,42.849892029]},"properties":{"label_cluster_id":8049,"label_type":"CurbRamp","street_edge_id":82,"intersection_id":63,"osm_way_id":15996928,"region_id":1,"region_name":"Laurens","avg_image_capture_date":"2025-11-01T00:00Z","avg_label_date":"2026-09-20T19:44:50.754086Z","median_severity":1,"agree_count":0,"disagree_count":0,"unsure_count":0,"cluster_size":2,"label_ids":[676,2801],"users":["51b0b927-3c8a-45b2-93de-bd878d1e5cf4","549187e0-redacted"],"tag_counts":{}}},{"type":"Feature","geometry":{"type":"Point","coordinates":[-94.8513912318,42.8497907441]},"properties":{"label_cluster_id":8050,"label_type":"CurbRamp","street_edge_id":82,"intersection_id":63,"osm_way_id":15996928,"region_id":1,"region_name":"Laurens","avg_image_capture_date":"2025-11-01T00:00Z","avg_label_date":"2026-09-18T17:34:46.899791Z","median_severity":null,"agree_count":1,"disagree_count":0,"unsure_count":0,"cluster_size":3,"label_ids":[273,508,2388],"users":["51b0b927-3c8a-45b2-93de-bd878d1e5cf4"],"tag_counts":{}}},{"type":"Feature","geometry":{"type":"Point","coordinates":[-94.8485846877,42.8518818398]},"properties":{"label_cluster_id":8051,"label_type":"CurbRamp","street_edge_id":137,"intersection_id":55,"osm_way_id":15997533,"region_id":1,"region_name":"Laurens","avg_image_capture_date":"2025-11-01T00:00Z","avg_label_date":"2026-09-21T23:29:01.884866Z","median_severity":2,"agree_count":2,"disagree_count":0,"unsure_count":0,"cluster_size":4,"label_ids":[134,2378,2406,3058],"users":["51b0b927-3c8a-45b2-93de-bd878d1e5cf4","549187e0-redacted"],"tag_counts":{"surface problem":1,"missing tactile warning":1}}},{"type":"Feature","geometry":{"type":"Point","coordinates":[-94.8484520531,42.8518045702]},"properties":{"label_cluster_id":8052,"label_type":"CurbRamp","street_edge_id":47,"intersection_id":55,"osm_way_id":15996421,"region_id":1,"region_name":"Laurens","avg_image_capture_date":"2025-11-01T00:00Z","avg_label_date":"2026-09-21T23:28:27.748073Z","median_severity":2,"agree_count":1,"disagree_count":0,"unsure_count":0,"cluster_size":4,"label_ids":[114,1557,2526,3051],"users":["51b0b927-3c8a-45b2-93de-bd878d1e5cf4","549187e0-redacted"],"tag_counts":{"narrow":1,"missing tactile warning":1}}},{"type":"Feature","geometry":{"type":"Point","coordinates":[-94.8470792223,42.8509134043]},"properties":{"label_cluster_id":8053,"label_type":"CurbRamp","street_edge_id":110,"intersection_id":52,"osm_way_id":15997258,"region_id":1,"region_name":"Laurens","avg_image_capture_date":"2025-11-01T00:00Z","avg_label_date":"2026-09-18T17:34:22.609461Z","median_severity":null,"agree_count":3,"disagree_count":0,"unsure_count":0,"cluster_size":3,"label_ids":[95,560,2399],"users":["51b0b927-3c8a-45b2-93de-bd878d1e5cf4"],"tag_counts":{}}},{"type":"Feature","geometry":{"type":"Point","coordinates":[-94.8471491758,42.8508430297]},"properties":{"label_cluster_id":8054,"label_type":"CurbRamp","street_edge_id":110,"intersection_id":52,"osm_way_id":15997258,"region_id":1,"region_name":"Laurens","avg_image_capture_date":"2025-11-01T00:00Z","avg_label_date":"2026-09-23T04:24:39.176690Z","median_severity":2,"agree_count":1,"disagree_count":0,"unsure_count":0,"cluster_size":4,"label_ids":[1888,2015,2061,3016],"users":["51b0b927-3c8a-45b2-93de-bd878d1e5cf4","549187e0-redacted"],"tag_counts":{"narrow":1,"missing tactile warning":1}}},{"type":"Feature","geometry":{"type":"Point","coordinates":[-94.8471821073,42.851805465]},"properties":{"label_cluster_id":8055,"label_type":"CurbRamp","street_edge_id":100,"intersection_id":70,"osm_way_id":15997048,"region_id":1,"region_name":"Laurens","avg_image_capture_date":"2025-11-01T00:00Z","avg_label_date":"2026-09-17T01:45:53.674744Z","median_severity":null,"agree_count":0,"disagree_count":0,"unsure_count":0,"cluster_size":1,"label_ids":[516],"users":["51b0b927-3c8a-45b2-93de-bd878d1e5cf4"],"tag_counts":{}}},{"type":"Feature","geometry":{"type":"Point","coordinates":[-94.8470941575,42.8518261476]},"properties":{"label_cluster_id":8056,"label_type":"CurbRamp","street_edge_id":166,"intersection_id":70,"osm_way_id":15997804,"region_id":1,"region_name":"Laurens","avg_image_capture_date":"2025-11-01T00:00Z","avg_label_date":"2026-09-26T17:15:54.373Z","median_severity":2,"agree_count":0,"disagree_count":0,"unsure_count":0,"cluster_size":1,"label_ids":[3036],"users":["549187e0-redacted"],"tag_counts":{"narrow":1,"missing tactile warning":1}}},{"type":"Feature","geometry":{"type":"Point","coordinates":[-94.8458699192,42.8518733204]},"properties":{"label_cluster_id":8057,"label_type":"CurbRamp","street_edge_id":166,"intersection_id":null,"osm_way_id":15997804,"region_id":1,"region_name":"Laurens","avg_image_capture_date":"2025-11-01T00:00Z","avg_label_date":"2026-09-22T01:14:41.165092Z","median_severity":null,"agree_count":0,"disagree_count":1,"unsure_count":0,"cluster_size":1,"label_ids":[2249],"users":["51b0b927-3c8a-45b2-93de-bd878d1e5cf4"],"tag_counts":{}}},{"type":"Feature","geometry":{"type":"Point","coordinates":[-94.8437162827,42.8454458946]},"properties":{"label_cluster_id":8058,"label_type":"CurbRamp","street_edge_id":160,"intersection_id":21,"osm_way_id":15997796,"region_id":1,"region_name":"Laurens","avg_image_capture_date":"2025-11-01T00:00Z","avg_label_date":"2026-09-19T13:29:20.719057Z","median_severity":null,"agree_count":2,"disagree_count":0,"unsure_count":0,"cluster_size":2,"label_ids":[378,1631],"users":["51b0b927-3c8a-45b2-93de-bd878d1e5cf4"],"tag_counts":{}}},{"type":"Feature","geometry":{"type":"Point","coordinates":[-94.8438473599,42.8454860773]},"properties":{"label_cluster_id":8059,"label_type":"CurbRamp","street_edge_id":160,"intersection_id":21,"osm_way_id":15997796,"region_id":1,"region_name":"Laurens","avg_image_capture_date":"2025-11-01T00:00Z","avg_label_date":"2026-09-17T17:06:16.976513Z","median_severity":2,"agree_count":3,"disagree_count":0,"unsure_count":0,"cluster_size":4,"label_ids":[241,284,360,1170],"users":["51b0b927-3c8a-45b2-93de-bd878d1e5cf4","549187e0-redacted"],"tag_counts":{"narrow":1,"missing tactile warning":1}}},{"type":"Feature","geometry":{"type":"Point","coordinates":[-94.8439015674,42.8464957098]},"properties":{"label_cluster_id":8060,"label_type":"CurbRamp","street_edge_id":42,"intersection_id":49,"osm_way_id":15996376,"region_id":1,"region_name":"Laurens","avg_image_capture_date":"2025-11-01T00:00Z","avg_label_date":"2026-09-20T09:24:30.837095Z","median_severity":null,"agree_count":3,"disagree_count":0,"unsure_count":0,"cluster_size":3,"label_ids":[313,1907,2485],"users":["51b0b927-3c8a-45b2-93de-bd878d1e5cf4"],"tag_counts":{}}},{"type":"Feature","geometry":{"type":"Point","coordinates":[-94.8438185795,42.8464279178]},"properties":{"label_cluster_id":8061,"label_type":"CurbRamp","street_edge_id":42,"intersection_id":49,"osm_way_id":15996376,"region_id":1,"region_name":"Laurens","avg_image_capture_date":"2025-11-01T00:00Z","avg_label_date":"2026-09-19T13:27:56.723747Z","median_severity":null,"agree_count":1,"disagree_count":0,"unsure_count":0,"cluster_size":2,"label_ids":[138,1627],"users":["51b0b927-3c8a-45b2-93de-bd878d1e5cf4"],"tag_counts":{}}},{"type":"Feature","geometry":{"type":"Point","coordinates":[-94.8438960356,42.8464003583]},"properties":{"label_cluster_id":8062,"label_type":"CurbRamp","street_edge_id":42,"intersection_id":49,"osm_way_id":15996376,"region_id":1,"region_name":"Laurens","avg_image_capture_date":"2025-11-01T00:00Z","avg_label_date":"2026-09-19T15:14:59.500Z","median_severity":2,"agree_count":0,"disagree_count":0,"unsure_count":0,"cluster_size":1,"label_ids":[1187],"users":["549187e0-redacted"],"tag_counts":{"steep":1,"narrow":1,"missing tactile warning":1}}},{"type":"Feature","geometry":{"type":"Point","coordinates":[-94.8437222882,42.8464595297]},"properties":{"label_cluster_id":8063,"label_type":"CurbRamp","street_edge_id":15,"intersection_id":49,"osm_way_id":15996003,"region_id":1,"region_name":"Laurens","avg_image_capture_date":"2025-11-01T00:00Z","avg_label_date":"2026-09-17T01:44:58.652669Z","median_severity":null,"agree_count":0,"disagree_count":0,"unsure_count":0,"cluster_size":1,"label_ids":[392],"users":["51b0b927-3c8a-45b2-93de-bd878d1e5cf4"],"tag_counts":{}}},{"type":"Feature","geometry":{"type":"Point","coordinates":[-94.8487024311,42.8466631484]},"properties":{"label_cluster_id":8064,"label_type":"CurbRamp","street_edge_id":51,"intersection_id":71,"osm_way_id":15996485,"region_id":1,"region_name":"Laurens","avg_image_capture_date":"2025-11-01T00:00Z","avg_label_date":"2026-09-20T07:55:59.070607Z","median_severity":2,"agree_count":1,"disagree_count":0,"unsure_count":0,"cluster_size":3,"label_ids":[234,1493,2438],"users":["51b0b927-3c8a-45b2-93de-bd878d1e5cf4","549187e0-redacted"],"tag_counts":{"narrow":1,"missing tactile warning":1}}},{"type":"Feature","geometry":{"type":"Point","coordinates":[-94.8486514653,42.8467199775]},"properties":{"label_cluster_id":8065,"label_type":"CurbRamp","street_edge_id":51,"intersection_id":71,"osm_way_id":15996485,"region_id":1,"region_name":"Laurens","avg_image_capture_date":"2025-11-01T00:00Z","avg_label_date":"2026-09-20T06:25:52.230084Z","median_severity":2,"agree_count":1,"disagree_count":0,"unsure_count":0,"cluster_size":3,"label_ids":[24,1482,1486],"users":["51b0b927-3c8a-45b2-93de-bd878d1e5cf4","549187e0-redacted"],"tag_counts":{"narrow":1,"surface problem":2,"missing tactile warning":2}}},{"type":"Feature","geometry":{"type":"Point","coordinates":[-94.8484830194,42.8466436998]},"properties":{"label_cluster_id":8066,"label_type":"CurbRamp","street_edge_id":18,"intersection_id":71,"osm_way_id":15996003,"region_id":1,"region_name":"Laurens","avg_image_capture_date":"2025-11-01T00:00Z","avg_label_date":"2026-09-22T01:14:08.058586Z","median_severity":null,"agree_count":0,"disagree_count":0,"unsure_count":0,"cluster_size":1,"label_ids":[1841],"users":["51b0b927-3c8a-45b2-93de-bd878d1e5cf4"],"tag_counts":{}}},{"type":"Feature","geometry":{"type":"Point","coordinates":[-94.8488432933,42.8455655643]},"properties":{"label_cluster_id":8067,"label_type":"CurbRamp","street_edge_id":70,"intersection_id":31,"osm_way_id":15996716,"region_id":1,"region_name":"Laurens","avg_image_capture_date":"2025-11-01T00:00Z","avg_label_date":"2026-09-18T17:33:22.181421Z","median_severity":null,"agree_count":2,"disagree_count":0,"unsure_count":0,"cluster_size":3,"label_ids":[21,325,2381],"users":["51b0b927-3c8a-45b2-93de-bd878d1e5cf4"],"tag_counts":{}}},{"type":"Feature","geometry":{"type":"Point","coordinates":[-94.8487949653,42.8457381387]},"properties":{"label_cluster_id":8068,"label_type":"CurbRamp","street_edge_id":52,"intersection_id":31,"osm_way_id":15996485,"region_id":1,"region_name":"Laurens","avg_image_capture_date":"2025-11-01T00:00Z","avg_label_date":"2026-09-18T17:34:30.236310Z","median_severity":null,"agree_count":3,"disagree_count":0,"unsure_count":0,"cluster_size":3,"label_ids":[184,611,1693],"users":["51b0b927-3c8a-45b2-93de-bd878d1e5cf4"],"tag_counts":{}}},{"type":"Feature","geometry":{"type":"Point","coordinates":[-94.8486162068,42.845669618]},"properties":{"label_cluster_id":8069,"label_type":"CurbRamp","street_edge_id":161,"intersection_id":31,"osm_way_id":15997796,"region_id":1,"region_name":"Laurens","avg_image_capture_date":"2025-11-01T00:00Z","avg_label_date":"2026-09-20T19:21:40.540900Z","median_severity":2,"agree_count":3,"disagree_count":0,"unsure_count":0,"cluster_size":4,"label_ids":[304,1722,1725,2220],"users":["51b0b927-3c8a-45b2-93de-bd878d1e5cf4"],"tag_counts":{"narrow":1,"missing tactile warning":1}}},{"type":"Feature","geometry":{"type":"Point","coordinates":[-94.8460523282,42.846505999]},"properties":{"label_cluster_id":8070,"label_type":"CurbRamp","street_edge_id":17,"intersection_id":27,"osm_way_id":15996003,"region_id":1,"region_name":"Laurens","avg_image_capture_date":"2025-11-01T00:00Z","avg_label_date":"2026-09-22T01:14:11.068863Z","median_severity":null,"agree_count":2,"disagree_count":0,"unsure_count":0,"cluster_size":2,"label_ids":[1741,2003],"users":["51b0b927-3c8a-45b2-93de-bd878d1e5cf4"],"tag_counts":{}}},{"type":"Feature","geometry":{"type":"Point","coordinates":[-94.8463714148,42.846527489]},"properties":{"label_cluster_id":8071,"label_type":"CurbRamp","street_edge_id":16,"intersection_id":27,"osm_way_id":15996003,"region_id":1,"region_name":"Laurens","avg_image_capture_date":"2025-11-01T00:00Z","avg_label_date":"2026-09-19T13:29:48.537015Z","median_severity":null,"agree_count":1,"disagree_count":0,"unsure_count":0,"cluster_size":2,"label_ids":[487,1773],"users":["51b0b927-3c8a-45b2-93de-bd878d1e5cf4"],"tag_counts":{}}},{"type":"Feature","geometry":{"type":"Point","coordinates":[-94.8462868519,42.8465582389]},"properties":{"label_cluster_id":8072,"label_type":"CurbRamp","street_edge_id":16,"intersection_id":27,"osm_way_id":15996003,"region_id":1,"region_name":"Laurens","avg_image_capture_date":"2025-11-01T00:00Z","avg_label_date":"2026-09-19T13:30:18.838620Z","median_severity":null,"agree_count":1,"disagree_count":0,"unsure_count":0,"cluster_size":2,"label_ids":[473,2490],"users":["51b0b927-3c8a-45b2-93de-bd878d1e5cf4"],"tag_counts":{}}},{"type":"Feature","geometry":{"type":"Point","coordinates":[-94.8473128031,42.8454661419]},"properties":{"label_cluster_id":8073,"label_type":"CurbRamp","street_edge_id":95,"intersection_id":79,"osm_way_id":15996973,"region_id":1,"region_name":"Laurens","avg_image_capture_date":"2025-11-01T00:00Z","avg_label_date":"2026-09-22T01:14:21.020056Z","median_severity":null,"agree_count":1,"disagree_count":0,"unsure_count":0,"cluster_size":2,"label_ids":[1637,2372],"users":["51b0b927-3c8a-45b2-93de-bd878d1e5cf4"],"tag_counts":{}}},{"type":"Feature","geometry":{"type":"Point","coordinates":[-94.8472635033,42.8455330911]},"properties":{"label_cluster_id":8074,"label_type":"CurbRamp","street_edge_id":163,"intersection_id":79,"osm_way_id":15997796,"region_id":1,"region_name":"Laurens","avg_image_capture_date":"2025-11-01T00:00Z","avg_label_date":"2026-09-18T08:44:55.435435Z","median_severity":2,"agree_count":1,"disagree_count":0,"unsure_count":0,"cluster_size":3,"label_ids":[67,1063,1065],"users":["51b0b927-3c8a-45b2-93de-bd878d1e5cf4","549187e0-redacted"],"tag_counts":{"narrow":2,"missing tactile warning":2}}},{"type":"Feature","geometry":{"type":"Point","coordinates":[-94.8461772317,42.8454738789]},"properties":{"label_cluster_id":8075,"label_type":"CurbRamp","street_edge_id":135,"intersection_id":45,"osm_way_id":15997517,"region_id":1,"region_name":"Laurens","avg_image_capture_date":"2025-11-01T00:00Z","avg_label_date":"2026-09-21T01:42:51.792667Z","median_severity":2,"agree_count":0,"disagree_count":0,"unsure_count":0,"cluster_size":3,"label_ids":[1236,1408,1427],"users":["549187e0-redacted"],"tag_counts":{"steep":2,"narrow":3,"missing tactile warning":3}}},{"type":"Feature","geometry":{"type":"Point","coordinates":[-94.8461672109,42.8453639672]},"properties":{"label_cluster_id":8076,"label_type":"CurbRamp","street_edge_id":135,"intersection_id":45,"osm_way_id":15997517,"region_id":1,"region_name":"Laurens","avg_image_capture_date":"2025-11-01T00:00Z","avg_label_date":"2026-09-22T01:14:08.426776Z","median_severity":null,"agree_count":1,"disagree_count":0,"unsure_count":0,"cluster_size":1,"label_ids":[1846],"users":["51b0b927-3c8a-45b2-93de-bd878d1e5cf4"],"tag_counts":{}}},{"type":"Feature","geometry":{"type":"Point","coordinates":[-94.8462534238,42.8457419325]},"properties":{"label_cluster_id":8077,"label_type":"CurbRamp","street_edge_id":134,"intersection_id":45,"osm_way_id":15997517,"region_id":1,"region_name":"Laurens","avg_image_capture_date":"2025-11-01T00:00Z","avg_label_date":"2026-09-17T01:41:14.068118Z","median_severity":null,"agree_count":0,"disagree_count":0,"unsure_count":0,"cluster_size":1,"label_ids":[40],"users":["51b0b927-3c8a-45b2-93de-bd878d1e5cf4"],"tag_counts":{}}},{"type":"Feature","geometry":{"type":"Point","coordinates":[-94.8499958745,42.850052614]},"properties":{"label_cluster_id":8078,"label_type":"CurbRamp","street_edge_id":116,"intersection_id":37,"osm_way_id":15997343,"region_id":1,"region_name":"Laurens","avg_image_capture_date":"2025-11-01T00:00Z","avg_label_date":"2026-09-19T13:30:17.665076Z","median_severity":null,"agree_count":1,"disagree_count":0,"unsure_count":0,"cluster_size":2,"label_ids":[538,2008],"users":["51b0b927-3c8a-45b2-93de-bd878d1e5cf4"],"tag_counts":{}}},{"type":"Feature","geometry":{"type":"Point","coordinates":[-94.8499624686,42.8499963784]},"properties":{"label_cluster_id":8079,"label_type":"CurbRamp","street_edge_id":116,"intersection_id":37,"osm_way_id":15997343,"region_id":1,"region_name":"Laurens","avg_image_capture_date":"2025-11-01T00:00Z","avg_label_date":"2026-09-21T07:55:47.835388Z","median_severity":2,"agree_count":1,"disagree_count":0,"unsure_count":0,"cluster_size":2,"label_ids":[588,2920],"users":["51b0b927-3c8a-45b2-93de-bd878d1e5cf4","549187e0-redacted"],"tag_counts":{"narrow":1,"missing tactile warning":1}}},{"type":"Feature","geometry":{"type":"Point","coordinates":[-94.8501919168,42.8500008623]},"properties":{"label_cluster_id":8080,"label_type":"CurbRamp","street_edge_id":130,"intersection_id":37,"osm_way_id":15997383,"region_id":1,"region_name":"Laurens","avg_image_capture_date":"2025-11-01T00:00Z","avg_label_date":"2026-09-17T01:44:39.856393Z","median_severity":null,"agree_count":1,"disagree_count":0,"unsure_count":0,"cluster_size":1,"label_ids":[355],"users":["51b0b927-3c8a-45b2-93de-bd878d1e5cf4"],"tag_counts":{}}},{"type":"Feature","geometry":{"type":"Point","coordinates":[-94.8499109088,42.8498093119]},"properties":{"label_cluster_id":8081,"label_type":"CurbRamp","street_edge_id":117,"intersection_id":37,"osm_way_id":15997343,"region_id":1,"region_name":"Laurens","avg_image_capture_date":"2025-11-01T00:00Z","avg_label_date":"2026-09-19T13:28:43.626940Z","median_severity":null,"agree_count":1,"disagree_count":0,"unsure_count":0,"cluster_size":2,"label_ids":[217,1958],"users":["51b0b927-3c8a-45b2-93de-bd878d1e5cf4"],"tag_counts":{}}},{"type":"Feature","geometry":{"type":"Point","coordinates":[-94.8497779001,42.8498348173]},"properties":{"label_cluster_id":8082,"label_type":"CurbRamp","street_edge_id":128,"intersection_id":37,"osm_way_id":15997383,"region_id":1,"region_name":"Laurens","avg_image_capture_date":"2025-11-01T00:00Z","avg_label_date":"2026-09-19T13:29:06.383063Z","median_severity":null,"agree_count":2,"disagree_count":0,"unsure_count":0,"cluster_size":2,"label_ids":[228,2469],"users":["51b0b927-3c8a-45b2-93de-bd878d1e5cf4"],"tag_counts":{}}},{"type":"Feature","geometry":{"type":"Point","coordinates":[-94.8500278852,42.8496000737]},"properties":{"label_cluster_id":8083,"label_type":"CurbRamp","street_edge_id":117,"intersection_id":null,"osm_way_id":15997343,"region_id":1,"region_name":"Laurens","avg_image_capture_date":"2025-11-01T00:00Z","avg_label_date":"2026-09-22T01:14:17.425054Z","median_severity":null,"agree_count":1,"disagree_count":0,"unsure_count":0,"cluster_size":3,"label_ids":[1584,1908,2385],"users":["51b0b927-3c8a-45b2-93de-bd878d1e5cf4"],"tag_counts":{}}},{"type":"Feature","geometry":{"type":"Point","coordinates":[-94.8498683117,42.8495766176]},"properties":{"label_cluster_id":8084,"label_type":"CurbRamp","street_edge_id":117,"intersection_id":null,"osm_way_id":15997343,"region_id":1,"region_name":"Laurens","avg_image_capture_date":"2025-11-01T00:00Z","avg_label_date":"2026-09-22T01:14:03.069369Z","median_severity":null,"agree_count":0,"disagree_count":0,"unsure_count":0,"cluster_size":1,"label_ids":[1787],"users":["51b0b927-3c8a-45b2-93de-bd878d1e5cf4"],"tag_counts":{}}},{"type":"Feature","geometry":{"type":"Point","coordinates":[-94.8514528866,42.8499045239]},"properties":{"label_cluster_id":8085,"label_type":"CurbRamp","street_edge_id":129,"intersection_id":63,"osm_way_id":15997383,"region_id":1,"region_name":"Laurens","avg_image_capture_date":"2025-11-01T00:00Z","avg_label_date":"2026-09-22T01:42:47.911797Z","median_severity":1,"agree_count":1,"disagree_count":0,"unsure_count":0,"cluster_size":3,"label_ids":[192,2802,2810],"users":["51b0b927-3c8a-45b2-93de-bd878d1e5cf4","549187e0-redacted"],"tag_counts":{}}},{"type":"Feature","geometry":{"type":"Point","coordinates":[-94.8512886287,42.8497659289]},"properties":{"label_cluster_id":8086,"label_type":"CurbRamp","street_edge_id":82,"intersection_id":63,"osm_way_id":15996928,"region_id":1,"region_name":"Laurens","avg_image_capture_date":"2025-11-01T00:00Z","avg_label_date":"2026-09-17T01:45:08.399108Z","median_severity":null,"agree_count":2,"disagree_count":0,"unsure_count":0,"cluster_size":2,"label_ids":[272,583],"users":["51b0b927-3c8a-45b2-93de-bd878d1e5cf4"],"tag_counts":{}}},{"type":"Feature","geometry":{"type":"Point","coordinates":[-94.851251814,42.8498377764]},"properties":{"label_cluster_id":8087,"label_type":"CurbRamp","street_edge_id":82,"intersection_id":63,"osm_way_id":15996928,"region_id":1,"region_name":"Laurens","avg_image_capture_date":"2025-11-01T00:00Z","avg_label_date":"2026-09-17T01:45:18.292646Z","median_severity":null,"agree_count":1,"disagree_count":0,"unsure_count":0,"cluster_size":2,"label_ids":[376,507],"users":["51b0b927-3c8a-45b2-93de-bd878d1e5cf4"],"tag_counts":{}}},{"type":"Feature","geometry":{"type":"Point","coordinates":[-94.8512615985,42.8492894876]},"properties":{"label_cluster_id":8088,"label_type":"CurbRamp","street_edge_id":82,"intersection_id":null,"osm_way_id":15996928,"region_id":1,"region_name":"Laurens","avg_image_capture_date":"2025-11-01T00:00Z","avg_label_date":"2026-09-22T01:14:30.728592Z","median_severity":null,"agree_count":0,"disagree_count":0,"unsure_count":0,"cluster_size":1,"label_ids":[2116],"users":["51b0b927-3c8a-45b2-93de-bd878d1e5cf4"],"tag_counts":{}}},{"type":"Feature","geometry":{"type":"Point","coordinates":[-94.8482746656,42.8518999377]},"properties":{"label_cluster_id":8089,"label_type":"CurbRamp","street_edge_id":164,"intersection_id":55,"osm_way_id":15997804,"region_id":1,"region_name":"Laurens","avg_image_capture_date":"2025-11-01T00:00Z","avg_label_date":"2026-09-18T17:34:39.649367Z","median_severity":null,"agree_count":2,"disagree_count":0,"unsure_count":0,"cluster_size":3,"label_ids":[113,680,2204],"users":["51b0b927-3c8a-45b2-93de-bd878d1e5cf4"],"tag_counts":{}}},{"type":"Feature","geometry":{"type":"Point","coordinates":[-94.8486279443,42.8519089697]},"properties":{"label_cluster_id":8090,"label_type":"CurbRamp","street_edge_id":137,"intersection_id":55,"osm_way_id":15997533,"region_id":1,"region_name":"Laurens","avg_image_capture_date":"2025-11-01T00:00Z","avg_label_date":"2026-09-24T09:29:38.269455Z","median_severity":2,"agree_count":0,"disagree_count":0,"unsure_count":0,"cluster_size":2,"label_ids":[2569,3057],"users":["51b0b927-3c8a-45b2-93de-bd878d1e5cf4","549187e0-redacted"],"tag_counts":{"narrow":1,"missing tactile warning":1}}},{"type":"Feature","geometry":{"type":"Point","coordinates":[-94.8486708413,42.8518774479]},"properties":{"label_cluster_id":8091,"label_type":"CurbRamp","street_edge_id":137,"intersection_id":55,"osm_way_id":15997533,"region_id":1,"region_name":"Laurens","avg_image_capture_date":"2025-11-01T00:00Z","avg_label_date":"2026-09-19T13:29:50.327830Z","median_severity":null,"agree_count":1,"disagree_count":0,"unsure_count":0,"cluster_size":2,"label_ids":[445,1994],"users":["51b0b927-3c8a-45b2-93de-bd878d1e5cf4"],"tag_counts":{}}},{"type":"Feature","geometry":{"type":"Point","coordinates":[-94.8472472711,42.850837317]},"properties":{"label_cluster_id":8092,"label_type":"CurbRamp","street_edge_id":109,"intersection_id":52,"osm_way_id":15997258,"region_id":1,"region_name":"Laurens","avg_image_capture_date":"2025-11-01T00:00Z","avg_label_date":"2026-09-22T01:14:28.258151Z","median_severity":null,"agree_count":0,"disagree_count":0,"unsure_count":0,"cluster_size":3,"label_ids":[1648,2252,2379],"users":["51b0b927-3c8a-45b2-93de-bd878d1e5cf4"],"tag_counts":{}}},{"type":"Feature","geometry":{"type":"Point","coordinates":[-94.8472461924,42.850762357]},"properties":{"label_cluster_id":8093,"label_type":"CurbRamp","street_edge_id":99,"intersection_id":52,"osm_way_id":15997048,"region_id":1,"region_name":"Laurens","avg_image_capture_date":"2025-11-01T00:00Z","avg_label_date":"2026-09-26T13:55:46.005Z","median_severity":2,"agree_count":0,"disagree_count":0,"unsure_count":0,"cluster_size":1,"label_ids":[3018],"users":["549187e0-redacted"],"tag_counts":{"narrow":1,"missing tactile warning":1}}},{"type":"Feature","geometry":{"type":"Point","coordinates":[-94.8470389047,42.8508203025]},"properties":{"label_cluster_id":8094,"label_type":"CurbRamp","street_edge_id":110,"intersection_id":52,"osm_way_id":15997258,"region_id":1,"region_name":"Laurens","avg_image_capture_date":"2025-11-01T00:00Z","avg_label_date":"2026-09-19T13:30:20.382054Z","median_severity":null,"agree_count":2,"disagree_count":0,"unsure_count":0,"cluster_size":2,"label_ids":[584,1743],"users":["51b0b927-3c8a-45b2-93de-bd878d1e5cf4"],"tag_counts":{}}},{"type":"Feature","geometry":{"type":"Point","coordinates":[-94.8469304641,42.8508739767]},"properties":{"label_cluster_id":8095,"label_type":"CurbRamp","street_edge_id":110,"intersection_id":52,"osm_way_id":15997258,"region_id":1,"region_name":"Laurens","avg_image_capture_date":"2025-11-01T00:00Z","avg_label_date":"2026-09-22T01:14:07.060741Z","median_severity":null,"agree_count":1,"disagree_count":0,"unsure_count":0,"cluster_size":1,"label_ids":[1827],"users":["51b0b927-3c8a-45b2-93de-bd878d1e5cf4"],"tag_counts":{}}},{"type":"Feature","geometry":{"type":"Point","coordinates":[-94.8486148444,42.8507776201]},"properties":{"label_cluster_id":8096,"label_type":"CurbRamp","street_edge_id":46,"intersection_id":85,"osm_way_id":15996421,"region_id":1,"region_name":"Laurens","avg_image_capture_date":"2025-11-01T00:00Z","avg_label_date":"2026-09-25T01:38:46.146941Z","median_severity":2,"agree_count":0,"disagree_count":0,"unsure_count":0,"cluster_size":3,"label_ids":[2462,2982,2986],"users":["51b0b927-3c8a-45b2-93de-bd878d1e5cf4","549187e0-redacted"],"tag_counts":{"steep":1,"narrow":2,"debris / pooled water":2,"missing tactile warning":2}}},{"type":"Feature","geometry":{"type":"Point","coordinates":[-94.8485608338,42.8508501457]},"properties":{"label_cluster_id":8097,"label_type":"CurbRamp","street_edge_id":46,"intersection_id":85,"osm_way_id":15996421,"region_id":1,"region_name":"Laurens","avg_image_capture_date":"2025-11-01T00:00Z","avg_label_date":"2026-09-18T17:33:07.603926Z","median_severity":null,"agree_count":2,"disagree_count":0,"unsure_count":0,"cluster_size":3,"label_ids":[156,188,1968],"users":["51b0b927-3c8a-45b2-93de-bd878d1e5cf4"],"tag_counts":{}}},{"type":"Feature","geometry":{"type":"Point","coordinates":[-94.8486266511,42.8508591525]},"properties":{"label_cluster_id":8098,"label_type":"CurbRamp","street_edge_id":61,"intersection_id":85,"osm_way_id":15996665,"region_id":1,"region_name":"Laurens","avg_image_capture_date":"2025-11-01T00:00Z","avg_label_date":"2026-09-20T09:24:16.857556Z","median_severity":null,"agree_count":4,"disagree_count":0,"unsure_count":0,"cluster_size":6,"label_ids":[34,670,1565,2078,2083,2152],"users":["51b0b927-3c8a-45b2-93de-bd878d1e5cf4"],"tag_counts":{}}},{"type":"Feature","geometry":{"type":"Point","coordinates":[-94.8485341749,42.8498955222]},"properties":{"label_cluster_id":8099,"label_type":"CurbRamp","street_edge_id":121,"intersection_id":6,"osm_way_id":15997380,"region_id":1,"region_name":"Laurens","avg_image_capture_date":"2025-11-01T00:00Z","avg_label_date":"2026-09-19T01:31:58.659429Z","median_severity":null,"agree_count":3,"disagree_count":0,"unsure_count":0,"cluster_size":5,"label_ids":[7,398,402,1969,2246],"users":["51b0b927-3c8a-45b2-93de-bd878d1e5cf4"],"tag_counts":{}}},{"type":"Feature","geometry":{"type":"Point","coordinates":[-94.8486581931,42.8499331734]},"properties":{"label_cluster_id":8100,"label_type":"CurbRamp","street_edge_id":128,"intersection_id":6,"osm_way_id":15997383,"region_id":1,"region_name":"Laurens","avg_image_capture_date":"2025-11-01T00:00Z","avg_label_date":"2026-09-21T13:44:23.706078Z","median_severity":2,"agree_count":1,"disagree_count":0,"unsure_count":0,"cluster_size":3,"label_ids":[53,1869,2954],"users":["51b0b927-3c8a-45b2-93de-bd878d1e5cf4","549187e0-redacted"],"tag_counts":{"narrow":1,"missing tactile warning":1}}},{"type":"Feature","geometry":{"type":"Point","coordinates":[-94.8486159474,42.8499779633]},"properties":{"label_cluster_id":8101,"label_type":"CurbRamp","street_edge_id":46,"intersection_id":6,"osm_way_id":15996421,"region_id":1,"region_name":"Laurens","avg_image_capture_date":"2025-11-01T00:00Z","avg_label_date":"2026-09-19T13:29:45.301054Z","median_severity":null,"agree_count":0,"disagree_count":0,"unsure_count":0,"cluster_size":2,"label_ids":[492,1659],"users":["51b0b927-3c8a-45b2-93de-bd878d1e5cf4"],"tag_counts":{}}},{"type":"Feature","geometry":{"type":"Point","coordinates":[-94.8500283839,42.8454777377]},"properties":{"label_cluster_id":8102,"label_type":"CurbRamp","street_edge_id":26,"intersection_id":82,"osm_way_id":15996188,"region_id":1,"region_name":"Laurens","avg_image_capture_date":"2025-11-01T00:00Z","avg_label_date":"2026-09-17T01:44:00.687630Z","median_severity":null,"agree_count":2,"disagree_count":0,"unsure_count":0,"cluster_size":2,"label_ids":[212,395],"users":["51b0b927-3c8a-45b2-93de-bd878d1e5cf4"],"tag_counts":{}}},{"type":"Feature","geometry":{"type":"Point","coordinates":[-94.8499669032,42.8455300934]},"properties":{"label_cluster_id":8103,"label_type":"CurbRamp","street_edge_id":70,"intersection_id":82,"osm_way_id":15996716,"region_id":1,"region_name":"Laurens","avg_image_capture_date":"2025-11-01T00:00Z","avg_label_date":"2026-09-22T01:14:15.063496Z","median_severity":null,"agree_count":1,"disagree_count":0,"unsure_count":0,"cluster_size":2,"label_ids":[1619,2242],"users":["51b0b927-3c8a-45b2-93de-bd878d1e5cf4"],"tag_counts":{}}},{"type":"Feature","geometry":{"type":"Point","coordinates":[-94.8498815689,42.8455669438]},"properties":{"label_cluster_id":8104,"label_type":"CurbRamp","street_edge_id":70,"intersection_id":82,"osm_way_id":15996716,"region_id":1,"region_name":"Laurens","avg_image_capture_date":"2025-11-01T00:00Z","avg_label_date":"2026-09-22T01:14:42.665412Z","median_severity":null,"agree_count":0,"disagree_count":0,"unsure_count":0,"cluster_size":1,"label_ids":[2266],"users":["51b0b927-3c8a-45b2-93de-bd878d1e5cf4"],"tag_counts":{}}},{"type":"Feature","geometry":{"type":"Point","coordinates":[-94.8503093535,42.8456679013]},"properties":{"label_cluster_id":8105,"label_type":"CurbRamp","street_edge_id":69,"intersection_id":82,"osm_way_id":15996716,"region_id":1,"region_name":"Laurens","avg_image_capture_date":"2025-11-01T00:00Z","avg_label_date":"2026-09-20T09:25:28.587143Z","median_severity":null,"agree_count":2,"disagree_count":0,"unsure_count":0,"cluster_size":3,"label_ids":[665,1836,2445],"users":["51b0b927-3c8a-45b2-93de-bd878d1e5cf4"],"tag_counts":{}}},{"type":"Feature","geometry":{"type":"Point","coordinates":[-94.8501212711,42.8458435673]},"properties":{"label_cluster_id":8106,"label_type":"CurbRamp","street_edge_id":28,"intersection_id":82,"osm_way_id":15996188,"region_id":1,"region_name":"Laurens","avg_image_capture_date":"2025-11-01T00:00Z","avg_label_date":"2026-09-19T13:29:53.424454Z","median_severity":null,"agree_count":1,"disagree_count":0,"unsure_count":0,"cluster_size":2,"label_ids":[511,1704],"users":["51b0b927-3c8a-45b2-93de-bd878d1e5cf4"],"tag_counts":{}}},{"type":"Feature","geometry":{"type":"Point","coordinates":[-94.850005593,42.8466331696]},"properties":{"label_cluster_id":8107,"label_type":"CurbRamp","street_edge_id":31,"intersection_id":2,"osm_way_id":15996191,"region_id":1,"region_name":"Laurens","avg_image_capture_date":"2025-11-01T00:00Z","avg_label_date":"2026-09-18T07:35:19.846093Z","median_severity":null,"agree_count":3,"disagree_count":0,"unsure_count":0,"cluster_size":4,"label_ids":[20,82,370,1757],"users":["51b0b927-3c8a-45b2-93de-bd878d1e5cf4"],"tag_counts":{}}},{"type":"Feature","geometry":{"type":"Point","coordinates":[-94.8499340504,42.8466827884]},"properties":{"label_cluster_id":8108,"label_type":"CurbRamp","street_edge_id":31,"intersection_id":2,"osm_way_id":15996191,"region_id":1,"region_name":"Laurens","avg_image_capture_date":"2025-11-01T00:00Z","avg_label_date":"2026-09-17T01:45:59.957115Z","median_severity":null,"agree_count":0,"disagree_count":0,"unsure_count":0,"cluster_size":1,"label_ids":[529],"users":["51b0b927-3c8a-45b2-93de-bd878d1e5cf4"],"tag_counts":{}}},{"type":"Feature","geometry":{"type":"Point","coordinates":[-94.8489081844,42.8466714134]},"properties":{"label_cluster_id":8109,"label_type":"CurbRamp","street_edge_id":31,"intersection_id":71,"osm_way_id":15996191,"region_id":1,"region_name":"Laurens","avg_image_capture_date":"2025-11-01T00:00Z","avg_label_date":"2026-09-19T13:28:49.534810Z","median_severity":null,"agree_count":2,"disagree_count":0,"unsure_count":0,"cluster_size":4,"label_ids":[166,250,2190,2432],"users":["51b0b927-3c8a-45b2-93de-bd878d1e5cf4"],"tag_counts":{}}},{"type":"Feature","geometry":{"type":"Point","coordinates":[-94.8486518111,42.8465590149]},"properties":{"label_cluster_id":8110,"label_type":"CurbRamp","street_edge_id":52,"intersection_id":71,"osm_way_id":15996485,"region_id":1,"region_name":"Laurens","avg_image_capture_date":"2025-11-01T00:00Z","avg_label_date":"2026-09-20T18:14:53.941693Z","median_severity":2,"agree_count":1,"disagree_count":0,"unsure_count":0,"cluster_size":8,"label_ids":[26,124,1489,1496,1591,1840,1899,2213],"users":["51b0b927-3c8a-45b2-93de-bd878d1e5cf4","549187e0-redacted"],"tag_counts":{"narrow":2,"debris / pooled water":2,"missing tactile warning":1}}},{"type":"Feature","geometry":{"type":"Point","coordinates":[-94.8489910245,42.8445643105]},"properties":{"label_cluster_id":8111,"label_type":"CurbRamp","street_edge_id":10,"intersection_id":36,"osm_way_id":15991587,"region_id":1,"region_name":"Laurens","avg_image_capture_date":"2025-11-01T00:00Z","avg_label_date":"2026-09-19T13:29:34.501833Z","median_severity":null,"agree_count":1,"disagree_count":0,"unsure_count":0,"cluster_size":2,"label_ids":[417,1748],"users":["51b0b927-3c8a-45b2-93de-bd878d1e5cf4"],"tag_counts":{}}},{"type":"Feature","geometry":{"type":"Point","coordinates":[-94.8488260588,42.8445037534]},"properties":{"label_cluster_id":8112,"label_type":"CurbRamp","street_edge_id":50,"intersection_id":36,"osm_way_id":15996485,"region_id":1,"region_name":"Laurens","avg_image_capture_date":"2025-11-01T00:00Z","avg_label_date":"2026-09-20T01:26:50.754200Z","median_severity":null,"agree_count":3,"disagree_count":0,"unsure_count":0,"cluster_size":5,"label_ids":[200,625,1930,2419,2488],"users":["51b0b927-3c8a-45b2-93de-bd878d1e5cf4"],"tag_counts":{}}},{"type":"Feature","geometry":{"type":"Point","coordinates":[-94.8486158654,42.8445519687]},"properties":{"label_cluster_id":8113,"label_type":"CurbRamp","street_edge_id":158,"intersection_id":36,"osm_way_id":15997794,"region_id":1,"region_name":"Laurens","avg_image_capture_date":"2025-11-01T00:00Z","avg_label_date":"2026-09-17T01:44:16.571593Z","median_severity":null,"agree_count":2,"disagree_count":0,"unsure_count":0,"cluster_size":2,"label_ids":[143,559],"users":["51b0b927-3c8a-45b2-93de-bd878d1e5cf4"],"tag_counts":{}}},{"type":"Feature","geometry":{"type":"Point","coordinates":[-94.8488084958,42.8447359192]},"properties":{"label_cluster_id":8114,"label_type":"CurbRamp","street_edge_id":49,"intersection_id":36,"osm_way_id":15996485,"region_id":1,"region_name":"Laurens","avg_image_capture_date":"2025-11-01T00:00Z","avg_label_date":"2026-09-18T17:34:46.971206Z","median_severity":null,"agree_count":3,"disagree_count":0,"unsure_count":0,"cluster_size":3,"label_ids":[358,439,2013],"users":["51b0b927-3c8a-45b2-93de-bd878d1e5cf4"],"tag_counts":{}}},{"type":"Feature","geometry":{"type":"Point","coordinates":[-94.8487058887,42.8456624902]},"properties":{"label_cluster_id":8115,"label_type":"CurbRamp","street_edge_id":52,"intersection_id":31,"osm_way_id":15996485,"region_id":1,"region_name":"Laurens","avg_image_capture_date":"2025-11-01T00:00Z","avg_label_date":"2026-09-22T01:14:05.145362Z","median_severity":null,"agree_count":2,"disagree_count":0,"unsure_count":0,"cluster_size":3,"label_ids":[1690,1692,2019],"users":["51b0b927-3c8a-45b2-93de-bd878d1e5cf4"],"tag_counts":{}}},{"type":"Feature","geometry":{"type":"Point","coordinates":[-94.8486854439,42.8455851655]},"properties":{"label_cluster_id":8116,"label_type":"CurbRamp","street_edge_id":161,"intersection_id":31,"osm_way_id":15997796,"region_id":1,"region_name":"Laurens","avg_image_capture_date":"2025-11-01T00:00Z","avg_label_date":"2026-09-20T19:21:14.903061Z","median_severity":null,"agree_count":1,"disagree_count":0,"unsure_count":0,"cluster_size":4,"label_ids":[130,1720,1816,2400],"users":["51b0b927-3c8a-45b2-93de-bd878d1e5cf4"],"tag_counts":{}}},{"type":"Feature","geometry":{"type":"Point","coordinates":[-94.848772983,42.8455342447]},"properties":{"label_cluster_id":8117,"label_type":"CurbRamp","street_edge_id":49,"intersection_id":31,"osm_way_id":15996485,"region_id":1,"region_name":"Laurens","avg_image_capture_date":"2025-11-01T00:00Z","avg_label_date":"2026-09-19T13:29:31.805208Z","median_severity":null,"agree_count":3,"disagree_count":0,"unsure_count":0,"cluster_size":4,"label_ids":[326,433,1658,2247],"users":["51b0b927-3c8a-45b2-93de-bd878d1e5cf4"],"tag_counts":{}}},{"type":"Feature","geometry":{"type":"Point","coordinates":[-94.8474346748,42.8456741572]},"properties":{"label_cluster_id":8118,"label_type":"CurbRamp","street_edge_id":94,"intersection_id":79,"osm_way_id":15996973,"region_id":1,"region_name":"Laurens","avg_image_capture_date":"2025-11-01T00:00Z","avg_label_date":"2026-09-19T23:05:08.930803Z","median_severity":2,"agree_count":2,"disagree_count":0,"unsure_count":0,"cluster_size":4,"label_ids":[412,1060,1444,1935],"users":["51b0b927-3c8a-45b2-93de-bd878d1e5cf4","549187e0-redacted"],"tag_counts":{"narrow":2,"debris / pooled water":1,"missing tactile warning":2}}},{"type":"Feature","geometry":{"type":"Point","coordinates":[-94.8473318219,42.8455132522]},"properties":{"label_cluster_id":8119,"label_type":"CurbRamp","street_edge_id":95,"intersection_id":79,"osm_way_id":15996973,"region_id":1,"region_name":"Laurens","avg_image_capture_date":"2025-11-01T00:00Z","avg_label_date":"2026-09-21T03:13:12.562108Z","median_severity":2,"agree_count":4,"disagree_count":0,"unsure_count":0,"cluster_size":7,"label_ids":[1064,1072,1435,1636,1641,1881,2370],"users":["51b0b927-3c8a-45b2-93de-bd878d1e5cf4","549187e0-redacted"],"tag_counts":{"narrow":4,"missing tactile warning":4}}},{"type":"Feature","geometry":{"type":"Point","coordinates":[-94.8542450002,42.8467570455]},"properties":{"label_cluster_id":8120,"label_type":"CurbRamp","street_edge_id":32,"intersection_id":66,"osm_way_id":15996191,"region_id":1,"region_name":"Laurens","avg_image_capture_date":"2025-11-01T00:00Z","avg_label_date":"2026-09-19T22:05:17.470298Z","median_severity":1,"agree_count":1,"disagree_count":0,"unsure_count":0,"cluster_size":2,"label_ids":[456,2682],"users":["51b0b927-3c8a-45b2-93de-bd878d1e5cf4","549187e0-redacted"],"tag_counts":{}}},{"type":"Feature","geometry":{"type":"Point","coordinates":[-94.8541941304,42.8468182796]},"properties":{"label_cluster_id":8121,"label_type":"CurbRamp","street_edge_id":152,"intersection_id":66,"osm_way_id":15997604,"region_id":1,"region_name":"Laurens","avg_image_capture_date":"2025-11-01T00:00Z","avg_label_date":"2026-09-20T15:08:36.538351Z","median_severity":1,"agree_count":2,"disagree_count":0,"unsure_count":0,"cluster_size":3,"label_ids":[550,2369,2678],"users":["51b0b927-3c8a-45b2-93de-bd878d1e5cf4","549187e0-redacted"],"tag_counts":{"narrow":1}}},{"type":"Feature","geometry":{"type":"Point","coordinates":[-94.8541413754,42.8467711975]},"properties":{"label_cluster_id":8122,"label_type":"CurbRamp","street_edge_id":29,"intersection_id":66,"osm_way_id":15996191,"region_id":1,"region_name":"Laurens","avg_image_capture_date":"2025-11-01T00:00Z","avg_label_date":"2026-09-18T07:37:08.343473Z","median_severity":null,"agree_count":3,"disagree_count":0,"unsure_count":0,"cluster_size":4,"label_ids":[165,338,563,2543],"users":["51b0b927-3c8a-45b2-93de-bd878d1e5cf4"],"tag_counts":{}}},{"type":"Feature","geometry":{"type":"Point","coordinates":[-94.8544968267,42.8466873237]},"properties":{"label_cluster_id":8123,"label_type":"CurbRamp","street_edge_id":32,"intersection_id":66,"osm_way_id":15996191,"region_id":1,"region_name":"Laurens","avg_image_capture_date":"2025-11-01T00:00Z","avg_label_date":"2026-09-19T13:29:35.395728Z","median_severity":1,"agree_count":2,"disagree_count":0,"unsure_count":0,"cluster_size":2,"label_ids":[385,1939],"users":["51b0b927-3c8a-45b2-93de-bd878d1e5cf4"],"tag_counts":{"narrow":1}}},{"type":"Feature","geometry":{"type":"Point","coordinates":[-94.8543004752,42.8465774595]},"properties":{"label_cluster_id":8124,"label_type":"CurbRamp","street_edge_id":98,"intersection_id":66,"osm_way_id":15997046,"region_id":1,"region_name":"Laurens","avg_image_capture_date":"2025-11-01T00:00Z","avg_label_date":"2026-09-17T01:45:03.812866Z","median_severity":null,"agree_count":1,"disagree_count":0,"unsure_count":0,"cluster_size":1,"label_ids":[403],"users":["51b0b927-3c8a-45b2-93de-bd878d1e5cf4"],"tag_counts":{}}},{"type":"Feature","geometry":{"type":"Point","coordinates":[-94.8513997804,42.8457810016]},"properties":{"label_cluster_id":8125,"label_type":"CurbRamp","street_edge_id":89,"intersection_id":9,"osm_way_id":15996946,"region_id":1,"region_name":"Laurens","avg_image_capture_date":"2025-11-01T00:00Z","avg_label_date":"2026-09-21T23:48:51.201884Z","median_severity":2,"agree_count":1,"disagree_count":0,"unsure_count":0,"cluster_size":3,"label_ids":[1540,1594,2124],"users":["51b0b927-3c8a-45b2-93de-bd878d1e5cf4","549187e0-redacted"],"tag_counts":{"not level with street":1,"missing tactile warning":1}}},{"type":"Feature","geometry":{"type":"Point","coordinates":[-94.8513964637,42.8466760699]},"properties":{"label_cluster_id":8126,"label_type":"CurbRamp","street_edge_id":33,"intersection_id":32,"osm_way_id":15996191,"region_id":1,"region_name":"Laurens","avg_image_capture_date":"2025-11-01T00:00Z","avg_label_date":"2026-09-20T09:24:55.126522Z","median_severity":null,"agree_count":1,"disagree_count":0,"unsure_count":0,"cluster_size":3,"label_ids":[420,2300,2345],"users":["51b0b927-3c8a-45b2-93de-bd878d1e5cf4"],"tag_counts":{}}},{"type":"Feature","geometry":{"type":"Point","coordinates":[-94.8514893218,42.8466926763]},"properties":{"label_cluster_id":8127,"label_type":"CurbRamp","street_edge_id":30,"intersection_id":32,"osm_way_id":15996191,"region_id":1,"region_name":"Laurens","avg_image_capture_date":"2025-11-01T00:00Z","avg_label_date":"2026-09-21T04:35:56.903833Z","median_severity":2,"agree_count":4,"disagree_count":0,"unsure_count":0,"cluster_size":6,"label_ids":[293,1528,1552,1665,1730,1803],"users":["51b0b927-3c8a-45b2-93de-bd878d1e5cf4","549187e0-redacted"],"tag_counts":{"surface problem":1,"not level with street":1}}},{"type":"Feature","geometry":{"type":"Point","coordinates":[-94.8528690884,42.8466191416]},"properties":{"label_cluster_id":8128,"label_type":"CurbRamp","street_edge_id":6,"intersection_id":65,"osm_way_id":15991387,"region_id":1,"region_name":"Laurens","avg_image_capture_date":"2025-11-01T00:00Z","avg_label_date":"2026-09-22T01:14:05.869202Z","median_severity":null,"agree_count":2,"disagree_count":0,"unsure_count":0,"cluster_size":2,"label_ids":[1605,2024],"users":["51b0b927-3c8a-45b2-93de-bd878d1e5cf4"],"tag_counts":{}}},{"type":"Feature","geometry":{"type":"Point","coordinates":[-94.8528455282,42.8467004012]},"properties":{"label_cluster_id":8129,"label_type":"CurbRamp","street_edge_id":6,"intersection_id":65,"osm_way_id":15991387,"region_id":1,"region_name":"Laurens","avg_image_capture_date":"2025-11-01T00:00Z","avg_label_date":"2026-09-23T05:04:22.867500Z","median_severity":1,"agree_count":0,"disagree_count":0,"unsure_count":0,"cluster_size":2,"label_ids":[2751,2753],"users":["549187e0-redacted"],"tag_counts":{}}},{"type":"Feature","geometry":{"type":"Point","coordinates":[-94.8529138108,42.8457980124]},"properties":{"label_cluster_id":8130,"label_type":"CurbRamp","street_edge_id":6,"intersection_id":56,"osm_way_id":15991387,"region_id":1,"region_name":"Laurens","avg_image_capture_date":"2025-11-01T00:00Z","avg_label_date":"2026-09-22T18:15:52.525500Z","median_severity":2,"agree_count":0,"disagree_count":0,"unsure_count":0,"cluster_size":2,"label_ids":[2607,2613],"users":["549187e0-redacted"],"tag_counts":{"narrow":2,"missing tactile warning":2}}},{"type":"Feature","geometry":{"type":"Point","coordinates":[-94.8528372995,42.8458366044]},"properties":{"label_cluster_id":8131,"label_type":"CurbRamp","street_edge_id":6,"intersection_id":56,"osm_way_id":15991387,"region_id":1,"region_name":"Laurens","avg_image_capture_date":"2025-11-01T00:00Z","avg_label_date":"2026-09-17T01:47:00.040930Z","median_severity":null,"agree_count":1,"disagree_count":0,"unsure_count":0,"cluster_size":1,"label_ids":[629],"users":["51b0b927-3c8a-45b2-93de-bd878d1e5cf4"],"tag_counts":{}}},{"type":"Feature","geometry":{"type":"Point","coordinates":[-94.8527197023,42.8457224832]},"properties":{"label_cluster_id":8132,"label_type":"CurbRamp","street_edge_id":67,"intersection_id":56,"osm_way_id":15996716,"region_id":1,"region_name":"Laurens","avg_image_capture_date":"2025-11-01T00:00Z","avg_label_date":"2026-09-22T01:14:38.578190Z","median_severity":null,"agree_count":1,"disagree_count":0,"unsure_count":0,"cluster_size":1,"label_ids":[2217],"users":["51b0b927-3c8a-45b2-93de-bd878d1e5cf4"],"tag_counts":{}}},{"type":"Feature","geometry":{"type":"Point","coordinates":[-94.8448919293,42.8444428968]},"properties":{"label_cluster_id":8133,"label_type":"CurbRamp","street_edge_id":101,"intersection_id":46,"osm_way_id":15997149,"region_id":1,"region_name":"Laurens","avg_image_capture_date":"2025-11-01T00:00Z","avg_label_date":"2026-09-19T13:30:37.594970Z","median_severity":null,"agree_count":2,"disagree_count":0,"unsure_count":0,"cluster_size":2,"label_ids":[640,1812],"users":["51b0b927-3c8a-45b2-93de-bd878d1e5cf4"],"tag_counts":{}}},{"type":"Feature","geometry":{"type":"Point","coordinates":[-94.8450821654,42.8444705766]},"properties":{"label_cluster_id":8134,"label_type":"CurbRamp","street_edge_id":103,"intersection_id":46,"osm_way_id":15997149,"region_id":1,"region_name":"Laurens","avg_image_capture_date":"2025-11-01T00:00Z","avg_label_date":"2026-09-20T10:25:58.711870Z","median_severity":2,"agree_count":1,"disagree_count":0,"unsure_count":0,"cluster_size":5,"label_ids":[617,1358,1360,1363,2269],"users":["51b0b927-3c8a-45b2-93de-bd878d1e5cf4","549187e0-redacted"],"tag_counts":{"steep":1,"narrow":3,"not level with street":2,"missing tactile warning":3}}},{"type":"Feature","geometry":{"type":"Point","coordinates":[-94.8439177396,42.8445443918]},"properties":{"label_cluster_id":8135,"label_type":"CurbRamp","street_edge_id":44,"intersection_id":47,"osm_way_id":15996376,"region_id":1,"region_name":"Laurens","avg_image_capture_date":"2025-11-01T00:00Z","avg_label_date":"2026-09-19T13:29:40.158673Z","median_severity":null,"agree_count":2,"disagree_count":0,"unsure_count":0,"cluster_size":2,"label_ids":[430,1809],"users":["51b0b927-3c8a-45b2-93de-bd878d1e5cf4"],"tag_counts":{}}},{"type":"Feature","geometry":{"type":"Point","coordinates":[-94.8439172285,42.8443566851]},"properties":{"label_cluster_id":8136,"label_type":"CurbRamp","street_edge_id":101,"intersection_id":47,"osm_way_id":15997149,"region_id":1,"region_name":"Laurens","avg_image_capture_date":"2025-11-01T00:00Z","avg_label_date":"2026-09-19T13:28:43.640700Z","median_severity":null,"agree_count":1,"disagree_count":0,"unsure_count":0,"cluster_size":2,"label_ids":[245,1850],"users":["51b0b927-3c8a-45b2-93de-bd878d1e5cf4"],"tag_counts":{}}},{"type":"Feature","geometry":{"type":"Point","coordinates":[-94.8439863884,42.8443599331]},"properties":{"label_cluster_id":8137,"label_type":"CurbRamp","street_edge_id":101,"intersection_id":47,"osm_way_id":15997149,"region_id":1,"region_name":"Laurens","avg_image_capture_date":"2025-11-01T00:00Z","avg_label_date":"2026-09-19T10:29:35.693753Z","median_severity":2,"agree_count":1,"disagree_count":0,"unsure_count":0,"cluster_size":5,"label_ids":[169,648,1331,1334,1344],"users":["51b0b927-3c8a-45b2-93de-bd878d1e5cf4","549187e0-redacted"],"tag_counts":{"narrow":3,"surface problem":2,"missing tactile warning":1}}},{"type":"Feature","geometry":{"type":"Point","coordinates":[-94.8440195756,42.846463174]},"properties":{"label_cluster_id":8138,"label_type":"CurbRamp","street_edge_id":17,"intersection_id":49,"osm_way_id":15996003,"region_id":1,"region_name":"Laurens","avg_image_capture_date":"2025-11-01T00:00Z","avg_label_date":"2026-09-19T19:38:15.625074Z","median_severity":2,"agree_count":0,"disagree_count":0,"unsure_count":0,"cluster_size":2,"label_ids":[782,1672],"users":["51b0b927-3c8a-45b2-93de-bd878d1e5cf4","549187e0-redacted"],"tag_counts":{"narrow":1,"missing tactile warning":1}}},{"type":"Feature","geometry":{"type":"Point","coordinates":[-94.8440142153,42.8464057689]},"properties":{"label_cluster_id":8139,"label_type":"CurbRamp","street_edge_id":42,"intersection_id":49,"osm_way_id":15996376,"region_id":1,"region_name":"Laurens","avg_image_capture_date":"2025-11-01T00:00Z","avg_label_date":"2026-09-18T14:38:58.079Z","median_severity":2,"agree_count":0,"disagree_count":0,"unsure_count":1,"cluster_size":2,"label_ids":[786,1186],"users":["549187e0-redacted"],"tag_counts":{"narrow":2,"missing tactile warning":2}}},{"type":"Feature","geometry":{"type":"Point","coordinates":[-94.8445570269,42.8464940087]},"properties":{"label_cluster_id":8140,"label_type":"CurbRamp","street_edge_id":17,"intersection_id":null,"osm_way_id":15996003,"region_id":1,"region_name":"Laurens","avg_image_capture_date":"2025-11-01T00:00Z","avg_label_date":"2026-09-22T01:14:01.623871Z","median_severity":null,"agree_count":0,"disagree_count":0,"unsure_count":0,"cluster_size":1,"label_ids":[1764],"users":["51b0b927-3c8a-45b2-93de-bd878d1e5cf4"],"tag_counts":{}}},{"type":"Feature","geometry":{"type":"Point","coordinates":[-94.8450035437,42.8454363609]},"properties":{"label_cluster_id":8141,"label_type":"CurbRamp","street_edge_id":65,"intersection_id":58,"osm_way_id":15996683,"region_id":1,"region_name":"Laurens","avg_image_capture_date":"2025-11-01T00:00Z","avg_label_date":"2026-09-20T15:25:40.587568Z","median_severity":2,"agree_count":2,"disagree_count":0,"unsure_count":0,"cluster_size":5,"label_ids":[696,1378,1384,1737,1795],"users":["51b0b927-3c8a-45b2-93de-bd878d1e5cf4","549187e0-redacted"],"tag_counts":{"narrow":2,"surface problem":2,"missing tactile warning":2}}},{"type":"Feature","geometry":{"type":"Point","coordinates":[-94.8439424766,42.8454611307]},"properties":{"label_cluster_id":8142,"label_type":"CurbRamp","street_edge_id":159,"intersection_id":21,"osm_way_id":15997796,"region_id":1,"region_name":"Laurens","avg_image_capture_date":"2025-11-01T00:00Z","avg_label_date":"2026-09-19T13:49:57.955674Z","median_severity":2,"agree_count":4,"disagree_count":0,"unsure_count":0,"cluster_size":5,"label_ids":[216,286,1171,1984,2325],"users":["51b0b927-3c8a-45b2-93de-bd878d1e5cf4","549187e0-redacted"],"tag_counts":{"narrow":1,"not level with street":1,"missing tactile warning":1}}},{"type":"Feature","geometry":{"type":"Point","coordinates":[-94.8439309742,42.8454008153]},"properties":{"label_cluster_id":8143,"label_type":"CurbRamp","street_edge_id":44,"intersection_id":21,"osm_way_id":15996376,"region_id":1,"region_name":"Laurens","avg_image_capture_date":"2025-11-01T00:00Z","avg_label_date":"2026-09-17T01:43:14.684547Z","median_severity":null,"agree_count":1,"disagree_count":0,"unsure_count":0,"cluster_size":1,"label_ids":[240],"users":["51b0b927-3c8a-45b2-93de-bd878d1e5cf4"],"tag_counts":{}}},{"type":"Feature","geometry":{"type":"Point","coordinates":[-94.8439157391,42.8456374934]},"properties":{"label_cluster_id":8144,"label_type":"CurbRamp","street_edge_id":42,"intersection_id":21,"osm_way_id":15996376,"region_id":1,"region_name":"Laurens","avg_image_capture_date":"2025-11-01T00:00Z","avg_label_date":"2026-09-19T13:29:33.782509Z","median_severity":null,"agree_count":2,"disagree_count":0,"unsure_count":0,"cluster_size":2,"label_ids":[362,2047],"users":["51b0b927-3c8a-45b2-93de-bd878d1e5cf4"],"tag_counts":{}}},{"type":"Feature","geometry":{"type":"Point","coordinates":[-94.8439064379,42.8457145725]},"properties":{"label_cluster_id":8145,"label_type":"CurbRamp","street_edge_id":42,"intersection_id":21,"osm_way_id":15996376,"region_id":1,"region_name":"Laurens","avg_image_capture_date":"2025-11-01T00:00Z","avg_label_date":"2026-09-17T01:46:32.504184Z","median_severity":null,"agree_count":1,"disagree_count":0,"unsure_count":0,"cluster_size":1,"label_ids":[574],"users":["51b0b927-3c8a-45b2-93de-bd878d1e5cf4"],"tag_counts":{}}},{"type":"Feature","geometry":{"type":"Point","coordinates":[-94.8488429098,42.8444477007]},"properties":{"label_cluster_id":8146,"label_type":"CurbRamp","street_edge_id":50,"intersection_id":36,"osm_way_id":15996485,"region_id":1,"region_name":"Laurens","avg_image_capture_date":"2025-11-01T00:00Z","avg_label_date":"2026-09-19T13:28:29.732400Z","median_severity":null,"agree_count":2,"disagree_count":0,"unsure_count":0,"cluster_size":2,"label_ids":[109,2487],"users":["51b0b927-3c8a-45b2-93de-bd878d1e5cf4"],"tag_counts":{}}},{"type":"Feature","geometry":{"type":"Point","coordinates":[-94.848707443,42.8445167847]},"properties":{"label_cluster_id":8147,"label_type":"CurbRamp","street_edge_id":50,"intersection_id":36,"osm_way_id":15996485,"region_id":1,"region_name":"Laurens","avg_image_capture_date":"2025-11-01T00:00Z","avg_label_date":"2026-09-18T07:38:10.855017Z","median_severity":null,"agree_count":4,"disagree_count":0,"unsure_count":0,"cluster_size":4,"label_ids":[366,605,627,1857],"users":["51b0b927-3c8a-45b2-93de-bd878d1e5cf4"],"tag_counts":{}}},{"type":"Feature","geometry":{"type":"Point","coordinates":[-94.848799632,42.8445564708]},"properties":{"label_cluster_id":8148,"label_type":"CurbRamp","street_edge_id":50,"intersection_id":36,"osm_way_id":15996485,"region_id":1,"region_name":"Laurens","avg_image_capture_date":"2025-11-01T00:00Z","avg_label_date":"2026-09-20T09:24:37.306844Z","median_severity":null,"agree_count":6,"disagree_count":0,"unsure_count":0,"cluster_size":6,"label_ids":[144,596,2071,2175,2308,2484],"users":["51b0b927-3c8a-45b2-93de-bd878d1e5cf4"],"tag_counts":{}}},{"type":"Feature","geometry":{"type":"Point","coordinates":[-94.8476547897,42.8445450808]},"properties":{"label_cluster_id":8149,"label_type":"CurbRamp","street_edge_id":158,"intersection_id":16,"osm_way_id":15997794,"region_id":1,"region_name":"Laurens","avg_image_capture_date":"2025-11-01T00:00Z","avg_label_date":"2026-09-22T01:14:19.915361Z","median_severity":null,"agree_count":3,"disagree_count":0,"unsure_count":0,"cluster_size":3,"label_ids":[1652,2069,2238],"users":["51b0b927-3c8a-45b2-93de-bd878d1e5cf4"],"tag_counts":{}}},{"type":"Feature","geometry":{"type":"Point","coordinates":[-94.8474730353,42.8444141603]},"properties":{"label_cluster_id":8150,"label_type":"CurbRamp","street_edge_id":92,"intersection_id":16,"osm_way_id":15996973,"region_id":1,"region_name":"Laurens","avg_image_capture_date":"2025-11-01T00:00Z","avg_label_date":"2026-09-18T17:33:49.899853Z","median_severity":null,"agree_count":2,"disagree_count":0,"unsure_count":0,"cluster_size":3,"label_ids":[119,411,2064],"users":["51b0b927-3c8a-45b2-93de-bd878d1e5cf4"],"tag_counts":{}}},{"type":"Feature","geometry":{"type":"Point","coordinates":[-94.847461126,42.8445280807]},"properties":{"label_cluster_id":8151,"label_type":"CurbRamp","street_edge_id":158,"intersection_id":16,"osm_way_id":15997794,"region_id":1,"region_name":"Laurens","avg_image_capture_date":"2025-11-01T00:00Z","avg_label_date":"2026-09-19T13:28:39.543412Z","median_severity":null,"agree_count":5,"disagree_count":0,"unsure_count":0,"cluster_size":6,"label_ids":[28,127,494,1644,2232,2270],"users":["51b0b927-3c8a-45b2-93de-bd878d1e5cf4"],"tag_counts":{}}},{"type":"Feature","geometry":{"type":"Point","coordinates":[-94.8487477776,42.8456364428]},"properties":{"label_cluster_id":8152,"label_type":"CurbRamp","street_edge_id":52,"intersection_id":31,"osm_way_id":15996485,"region_id":1,"region_name":"Laurens","avg_image_capture_date":"2025-11-01T00:00Z","avg_label_date":"2026-09-17T01:44:41.160291Z","median_severity":null,"agree_count":1,"disagree_count":0,"unsure_count":0,"cluster_size":2,"label_ids":[306,435],"users":["51b0b927-3c8a-45b2-93de-bd878d1e5cf4"],"tag_counts":{}}},{"type":"Feature","geometry":{"type":"Point","coordinates":[-94.8488217042,42.8456468471]},"properties":{"label_cluster_id":8153,"label_type":"CurbRamp","street_edge_id":70,"intersection_id":31,"osm_way_id":15996716,"region_id":1,"region_name":"Laurens","avg_image_capture_date":"2025-11-01T00:00Z","avg_label_date":"2026-09-19T20:07:44.220785Z","median_severity":2,"agree_count":3,"disagree_count":0,"unsure_count":0,"cluster_size":9,"label_ids":[98,321,345,610,1597,1817,2219,2248,2401],"users":["51b0b927-3c8a-45b2-93de-bd878d1e5cf4"],"tag_counts":{"narrow":1,"missing tactile warning":1}}},{"type":"Feature","geometry":{"type":"Point","coordinates":[-94.8488913234,42.8465781888]},"properties":{"label_cluster_id":8154,"label_type":"CurbRamp","street_edge_id":31,"intersection_id":71,"osm_way_id":15996191,"region_id":1,"region_name":"Laurens","avg_image_capture_date":"2025-11-01T00:00Z","avg_label_date":"2026-09-19T13:28:27.830793Z","median_severity":null,"agree_count":4,"disagree_count":0,"unsure_count":0,"cluster_size":4,"label_ids":[167,186,1580,2437],"users":["51b0b927-3c8a-45b2-93de-bd878d1e5cf4"],"tag_counts":{}}},{"type":"Feature","geometry":{"type":"Point","coordinates":[-94.8484925887,42.8465558298]},"properties":{"label_cluster_id":8155,"label_type":"CurbRamp","street_edge_id":18,"intersection_id":71,"osm_way_id":15996003,"region_id":1,"region_name":"Laurens","avg_image_capture_date":"2025-11-01T00:00Z","avg_label_date":"2026-09-22T01:14:12.677241Z","median_severity":null,"agree_count":0,"disagree_count":0,"unsure_count":0,"cluster_size":2,"label_ids":[1839,1945],"users":["51b0b927-3c8a-45b2-93de-bd878d1e5cf4"],"tag_counts":{}}},{"type":"Feature","geometry":{"type":"Point","coordinates":[-94.8485999269,42.8465786364]},"properties":{"label_cluster_id":8156,"label_type":"CurbRamp","street_edge_id":18,"intersection_id":71,"osm_way_id":15996003,"region_id":1,"region_name":"Laurens","avg_image_capture_date":"2025-11-01T00:00Z","avg_label_date":"2026-09-19T11:17:26.335785Z","median_severity":2,"agree_count":0,"disagree_count":0,"unsure_count":0,"cluster_size":4,"label_ids":[399,460,1488,1497],"users":["51b0b927-3c8a-45b2-93de-bd878d1e5cf4","549187e0-redacted"],"tag_counts":{"narrow":2,"debris / pooled water":2,"missing tactile warning":2}}},{"type":"Feature","geometry":{"type":"Point","coordinates":[-94.8462066285,42.846545982]},"properties":{"label_cluster_id":8157,"label_type":"CurbRamp","street_edge_id":17,"intersection_id":27,"osm_way_id":15996003,"region_id":1,"region_name":"Laurens","avg_image_capture_date":"2025-11-01T00:00Z","avg_label_date":"2026-09-20T09:25:42.420304Z","median_severity":null,"agree_count":3,"disagree_count":0,"unsure_count":0,"cluster_size":3,"label_ids":[656,2227,2532],"users":["51b0b927-3c8a-45b2-93de-bd878d1e5cf4"],"tag_counts":{}}},{"type":"Feature","geometry":{"type":"Point","coordinates":[-94.8460984482,42.8465108914]},"properties":{"label_cluster_id":8158,"label_type":"CurbRamp","street_edge_id":17,"intersection_id":27,"osm_way_id":15996003,"region_id":1,"region_name":"Laurens","avg_image_capture_date":"2025-11-01T00:00Z","avg_label_date":"2026-09-17T01:45:38.255363Z","median_severity":null,"agree_count":2,"disagree_count":0,"unsure_count":0,"cluster_size":2,"label_ids":[297,655],"users":["51b0b927-3c8a-45b2-93de-bd878d1e5cf4"],"tag_counts":{}}},{"type":"Feature","geometry":{"type":"Point","coordinates":[-94.8461876793,42.8464847247]},"properties":{"label_cluster_id":8159,"label_type":"CurbRamp","street_edge_id":134,"intersection_id":27,"osm_way_id":15997517,"region_id":1,"region_name":"Laurens","avg_image_capture_date":"2025-11-01T00:00Z","avg_label_date":"2026-09-19T16:38:23.251956Z","median_severity":2,"agree_count":2,"disagree_count":0,"unsure_count":0,"cluster_size":3,"label_ids":[701,1211,2463],"users":["51b0b927-3c8a-45b2-93de-bd878d1e5cf4","549187e0-redacted"],"tag_counts":{"narrow":1,"missing tactile warning":1}}},{"type":"Feature","geometry":{"type":"Point","coordinates":[-94.8473265037,42.8456633569]},"properties":{"label_cluster_id":8160,"label_type":"CurbRamp","street_edge_id":94,"intersection_id":79,"osm_way_id":15996973,"region_id":1,"region_name":"Laurens","avg_image_capture_date":"2025-11-01T00:00Z","avg_label_date":"2026-09-18T17:12:04.959748Z","median_severity":2,"agree_count":2,"disagree_count":0,"unsure_count":0,"cluster_size":4,"label_ids":[246,257,1062,1445],"users":["51b0b927-3c8a-45b2-93de-bd878d1e5cf4","549187e0-redacted"],"tag_counts":{"narrow":2,"missing tactile warning":2}}},{"type":"Feature","geometry":{"type":"Point","coordinates":[-94.8472642445,42.8456271221]},"properties":{"label_cluster_id":8161,"label_type":"CurbRamp","street_edge_id":163,"intersection_id":79,"osm_way_id":15997796,"region_id":1,"region_name":"Laurens","avg_image_capture_date":"2025-11-01T00:00Z","avg_label_date":"2026-09-17T01:42:16.503104Z","median_severity":null,"agree_count":0,"disagree_count":0,"unsure_count":0,"cluster_size":2,"label_ids":[65,213],"users":["51b0b927-3c8a-45b2-93de-bd878d1e5cf4"],"tag_counts":{}}},{"type":"Feature","geometry":{"type":"Point","coordinates":[-94.8473312909,42.8456145528]},"properties":{"label_cluster_id":8162,"label_type":"CurbRamp","street_edge_id":94,"intersection_id":79,"osm_way_id":15996973,"region_id":1,"region_name":"Laurens","avg_image_capture_date":"2025-11-01T00:00Z","avg_label_date":"2026-09-20T23:42:23.134412Z","median_severity":2,"agree_count":1,"disagree_count":0,"unsure_count":0,"cluster_size":5,"label_ids":[276,1440,1635,2168,2529],"users":["51b0b927-3c8a-45b2-93de-bd878d1e5cf4","549187e0-redacted"],"tag_counts":{"narrow":1,"missing tactile warning":1}}},{"type":"Feature","geometry":{"type":"Point","coordinates":[-94.8473048901,42.8465135698]},"properties":{"label_cluster_id":8163,"label_type":"CurbRamp","street_edge_id":94,"intersection_id":43,"osm_way_id":15996973,"region_id":1,"region_name":"Laurens","avg_image_capture_date":"2025-11-01T00:00Z","avg_label_date":"2026-09-20T17:20:17.325474Z","median_severity":2,"agree_count":2,"disagree_count":0,"unsure_count":0,"cluster_size":4,"label_ids":[334,1465,1676,2276],"users":["51b0b927-3c8a-45b2-93de-bd878d1e5cf4","549187e0-redacted"],"tag_counts":{"narrow":1,"missing tactile warning":1}}},{"type":"Feature","geometry":{"type":"Point","coordinates":[-94.8473279122,42.8463917393]},"properties":{"label_cluster_id":8164,"label_type":"CurbRamp","street_edge_id":94,"intersection_id":43,"osm_way_id":15996973,"region_id":1,"region_name":"Laurens","avg_image_capture_date":"2025-11-01T00:00Z","avg_label_date":"2026-09-22T01:14:52.430939Z","median_severity":null,"agree_count":1,"disagree_count":0,"unsure_count":0,"cluster_size":1,"label_ids":[2384],"users":["51b0b927-3c8a-45b2-93de-bd878d1e5cf4"],"tag_counts":{}}},{"type":"Feature","geometry":{"type":"Point","coordinates":[-94.8475406617,42.8465586641]},"properties":{"label_cluster_id":8165,"label_type":"CurbRamp","street_edge_id":18,"intersection_id":43,"osm_way_id":15996003,"region_id":1,"region_name":"Laurens","avg_image_capture_date":"2025-11-01T00:00Z","avg_label_date":"2026-09-22T01:14:25.634200Z","median_severity":null,"agree_count":0,"disagree_count":0,"unsure_count":0,"cluster_size":1,"label_ids":[2045],"users":["51b0b927-3c8a-45b2-93de-bd878d1e5cf4"],"tag_counts":{}}},{"type":"Feature","geometry":{"type":"Point","coordinates":[-94.8513227169,42.8478070376]},"properties":{"label_cluster_id":8166,"label_type":"CurbRamp","street_edge_id":108,"intersection_id":51,"osm_way_id":15997151,"region_id":1,"region_name":"Laurens","avg_image_capture_date":"2025-11-01T00:00Z","avg_label_date":"2026-09-22T14:25:45.217158Z","median_severity":2,"agree_count":1,"disagree_count":0,"unsure_count":0,"cluster_size":3,"label_ids":[1987,2181,2779],"users":["51b0b927-3c8a-45b2-93de-bd878d1e5cf4","549187e0-redacted"],"tag_counts":{"not level with street":1,"missing tactile warning":1}}},{"type":"Feature","geometry":{"type":"Point","coordinates":[-94.8513481443,42.8476543279]},"properties":{"label_cluster_id":8167,"label_type":"CurbRamp","street_edge_id":81,"intersection_id":51,"osm_way_id":15996928,"region_id":1,"region_name":"Laurens","avg_image_capture_date":"2025-11-01T00:00Z","avg_label_date":"2026-09-23T16:47:54.173Z","median_severity":1,"agree_count":0,"disagree_count":0,"unsure_count":0,"cluster_size":1,"label_ids":[2774],"users":["549187e0-redacted"],"tag_counts":{"missing tactile warning":1}}},{"type":"Feature","geometry":{"type":"Point","coordinates":[-94.850216166,42.8476103867]},"properties":{"label_cluster_id":8168,"label_type":"CurbRamp","street_edge_id":108,"intersection_id":38,"osm_way_id":15997151,"region_id":1,"region_name":"Laurens","avg_image_capture_date":"2025-11-01T00:00Z","avg_label_date":"2026-09-22T01:14:28.891097Z","median_severity":null,"agree_count":1,"disagree_count":0,"unsure_count":0,"cluster_size":1,"label_ids":[2091],"users":["51b0b927-3c8a-45b2-93de-bd878d1e5cf4"],"tag_counts":{}}},{"type":"Feature","geometry":{"type":"Point","coordinates":[-94.8500958135,42.8466769047]},"properties":{"label_cluster_id":8169,"label_type":"CurbRamp","street_edge_id":76,"intersection_id":2,"osm_way_id":15996746,"region_id":1,"region_name":"Laurens","avg_image_capture_date":"2025-11-01T00:00Z","avg_label_date":"2026-09-22T00:08:49.825434Z","median_severity":1,"agree_count":3,"disagree_count":0,"unsure_count":0,"cluster_size":4,"label_ids":[1506,1756,1768,2115],"users":["51b0b927-3c8a-45b2-93de-bd878d1e5cf4","549187e0-redacted"],"tag_counts":{"points into traffic":1}}},{"type":"Feature","geometry":{"type":"Point","coordinates":[-94.8500970317,42.8467466777]},"properties":{"label_cluster_id":8170,"label_type":"CurbRamp","street_edge_id":76,"intersection_id":2,"osm_way_id":15996746,"region_id":1,"region_name":"Laurens","avg_image_capture_date":"2025-11-01T00:00Z","avg_label_date":"2026-09-20T18:16:59.194368Z","median_severity":1,"agree_count":3,"disagree_count":0,"unsure_count":0,"cluster_size":4,"label_ids":[346,1511,2306,2476],"users":["51b0b927-3c8a-45b2-93de-bd878d1e5cf4","549187e0-redacted"],"tag_counts":{"points into traffic":1}}},{"type":"Feature","geometry":{"type":"Point","coordinates":[-94.8501807942,42.846756808]},"properties":{"label_cluster_id":8171,"label_type":"CurbRamp","street_edge_id":33,"intersection_id":2,"osm_way_id":15996191,"region_id":1,"region_name":"Laurens","avg_image_capture_date":"2025-11-01T00:00Z","avg_label_date":"2026-09-22T01:14:55.234613Z","median_severity":null,"agree_count":1,"disagree_count":0,"unsure_count":0,"cluster_size":1,"label_ids":[2417],"users":["51b0b927-3c8a-45b2-93de-bd878d1e5cf4"],"tag_counts":{}}},{"type":"Feature","geometry":{"type":"Point","coordinates":[-94.8501004702,42.8468273503]},"properties":{"label_cluster_id":8172,"label_type":"CurbRamp","street_edge_id":76,"intersection_id":2,"osm_way_id":15996746,"region_id":1,"region_name":"Laurens","avg_image_capture_date":"2025-11-01T00:00Z","avg_label_date":"2026-09-22T01:15:11.578208Z","median_severity":null,"agree_count":0,"disagree_count":0,"unsure_count":0,"cluster_size":1,"label_ids":[2536],"users":["51b0b927-3c8a-45b2-93de-bd878d1e5cf4"],"tag_counts":{}}},{"type":"Feature","geometry":{"type":"Point","coordinates":[-94.851285194,42.8467116576]},"properties":{"label_cluster_id":8173,"label_type":"CurbRamp","street_edge_id":33,"intersection_id":32,"osm_way_id":15996191,"region_id":1,"region_name":"Laurens","avg_image_capture_date":"2025-11-01T00:00Z","avg_label_date":"2026-09-20T07:57:09.708933Z","median_severity":2,"agree_count":1,"disagree_count":0,"unsure_count":0,"cluster_size":3,"label_ids":[170,1516,1871],"users":["51b0b927-3c8a-45b2-93de-bd878d1e5cf4","549187e0-redacted"],"tag_counts":{"surface problem":1,"not level with street":1,"missing tactile warning":1}}},{"type":"Feature","geometry":{"type":"Point","coordinates":[-94.8511786842,42.8466978844]},"properties":{"label_cluster_id":8174,"label_type":"CurbRamp","street_edge_id":33,"intersection_id":32,"osm_way_id":15996191,"region_id":1,"region_name":"Laurens","avg_image_capture_date":"2025-11-01T00:00Z","avg_label_date":"2026-09-17T01:47:28.158969Z","median_severity":null,"agree_count":1,"disagree_count":0,"unsure_count":0,"cluster_size":1,"label_ids":[683],"users":["51b0b927-3c8a-45b2-93de-bd878d1e5cf4"],"tag_counts":{}}},{"type":"Feature","geometry":{"type":"Point","coordinates":[-94.8513379103,42.8468038454]},"properties":{"label_cluster_id":8175,"label_type":"CurbRamp","street_edge_id":81,"intersection_id":32,"osm_way_id":15996928,"region_id":1,"region_name":"Laurens","avg_image_capture_date":"2025-11-01T00:00Z","avg_label_date":"2026-09-19T13:28:09.187762Z","median_severity":null,"agree_count":1,"disagree_count":0,"unsure_count":0,"cluster_size":2,"label_ids":[91,2183],"users":["51b0b927-3c8a-45b2-93de-bd878d1e5cf4"],"tag_counts":{}}},{"type":"Feature","geometry":{"type":"Point","coordinates":[-94.8513908142,42.8467531027]},"properties":{"label_cluster_id":8176,"label_type":"CurbRamp","street_edge_id":81,"intersection_id":32,"osm_way_id":15996928,"region_id":1,"region_name":"Laurens","avg_image_capture_date":"2025-11-01T00:00Z","avg_label_date":"2026-09-19T12:46:49.062099Z","median_severity":2,"agree_count":4,"disagree_count":0,"unsure_count":0,"cluster_size":6,"label_ids":[327,525,546,1532,1622,1804],"users":["51b0b927-3c8a-45b2-93de-bd878d1e5cf4","549187e0-redacted"],"tag_counts":{"surface problem":1}}},{"type":"Feature","geometry":{"type":"Point","coordinates":[-94.8515685716,42.8457317638]},"properties":{"label_cluster_id":8177,"label_type":"CurbRamp","street_edge_id":89,"intersection_id":9,"osm_way_id":15996946,"region_id":1,"region_name":"Laurens","avg_image_capture_date":"2025-11-01T00:00Z","avg_label_date":"2026-09-21T23:49:05.785628Z","median_severity":2,"agree_count":2,"disagree_count":0,"unsure_count":0,"cluster_size":3,"label_ids":[1538,1755,2559],"users":["51b0b927-3c8a-45b2-93de-bd878d1e5cf4","549187e0-redacted"],"tag_counts":{"missing tactile warning":1}}},{"type":"Feature","geometry":{"type":"Point","coordinates":[-94.8528382599,42.8457305178]},"properties":{"label_cluster_id":8178,"label_type":"CurbRamp","street_edge_id":6,"intersection_id":56,"osm_way_id":15991387,"region_id":1,"region_name":"Laurens","avg_image_capture_date":"2025-11-01T00:00Z","avg_label_date":"2026-09-22T01:14:29.097897Z","median_severity":null,"agree_count":2,"disagree_count":0,"unsure_count":0,"cluster_size":2,"label_ids":[1972,2214],"users":["51b0b927-3c8a-45b2-93de-bd878d1e5cf4"],"tag_counts":{}}},{"type":"Feature","geometry":{"type":"Point","coordinates":[-94.8529293379,42.8456782763]},"properties":{"label_cluster_id":8179,"label_type":"CurbRamp","street_edge_id":66,"intersection_id":56,"osm_way_id":15996716,"region_id":1,"region_name":"Laurens","avg_image_capture_date":"2025-11-01T00:00Z","avg_label_date":"2026-09-20T20:44:52.411935Z","median_severity":2,"agree_count":1,"disagree_count":0,"unsure_count":0,"cluster_size":3,"label_ids":[201,2603,2616],"users":["51b0b927-3c8a-45b2-93de-bd878d1e5cf4","549187e0-redacted"],"tag_counts":{"narrow":2,"missing tactile warning":2}}},{"type":"Feature","geometry":{"type":"Point","coordinates":[-94.8528513607,42.8456690387]},"properties":{"label_cluster_id":8180,"label_type":"CurbRamp","street_edge_id":67,"intersection_id":56,"osm_way_id":15996716,"region_id":1,"region_name":"Laurens","avg_image_capture_date":"2025-11-01T00:00Z","avg_label_date":"2026-09-19T13:31:27.971227Z","median_severity":null,"agree_count":1,"disagree_count":0,"unsure_count":0,"cluster_size":2,"label_ids":[703,2542],"users":["51b0b927-3c8a-45b2-93de-bd878d1e5cf4"],"tag_counts":{}}},{"type":"Feature","geometry":{"type":"Point","coordinates":[-94.8543240564,42.846706074]},"properties":{"label_cluster_id":8181,"label_type":"CurbRamp","street_edge_id":32,"intersection_id":66,"osm_way_id":15996191,"region_id":1,"region_name":"Laurens","avg_image_capture_date":"2025-11-01T00:00Z","avg_label_date":"2026-09-22T01:14:42.050477Z","median_severity":null,"agree_count":1,"disagree_count":0,"unsure_count":0,"cluster_size":2,"label_ids":[2160,2360],"users":["51b0b927-3c8a-45b2-93de-bd878d1e5cf4"],"tag_counts":{}}},{"type":"Feature","geometry":{"type":"Point","coordinates":[-94.8543222798,42.846754471]},"properties":{"label_cluster_id":8182,"label_type":"CurbRamp","street_edge_id":32,"intersection_id":66,"osm_way_id":15996191,"region_id":1,"region_name":"Laurens","avg_image_capture_date":"2025-11-01T00:00Z","avg_label_date":"2026-09-20T23:39:09.592959Z","median_severity":1,"agree_count":3,"disagree_count":0,"unsure_count":0,"cluster_size":4,"label_ids":[162,2105,2134,2683],"users":["51b0b927-3c8a-45b2-93de-bd878d1e5cf4","549187e0-redacted"],"tag_counts":{}}},{"type":"Feature","geometry":{"type":"Point","coordinates":[-94.8530371278,42.8467826622]},"properties":{"label_cluster_id":8183,"label_type":"CurbRamp","street_edge_id":29,"intersection_id":65,"osm_way_id":15996191,"region_id":1,"region_name":"Laurens","avg_image_capture_date":"2025-11-01T00:00Z","avg_label_date":"2026-09-22T01:14:08.911485Z","median_severity":null,"agree_count":1,"disagree_count":0,"unsure_count":0,"cluster_size":2,"label_ids":[1834,1865],"users":["51b0b927-3c8a-45b2-93de-bd878d1e5cf4"],"tag_counts":{}}},{"type":"Feature","geometry":{"type":"Point","coordinates":[-94.8529181391,42.8468021338]},"properties":{"label_cluster_id":8184,"label_type":"CurbRamp","street_edge_id":56,"intersection_id":65,"osm_way_id":15996561,"region_id":1,"region_name":"Laurens","avg_image_capture_date":"2025-11-01T00:00Z","avg_label_date":"2026-09-20T09:23:41.646734Z","median_severity":null,"agree_count":3,"disagree_count":0,"unsure_count":0,"cluster_size":3,"label_ids":[180,1728,2098],"users":["51b0b927-3c8a-45b2-93de-bd878d1e5cf4"],"tag_counts":{}}},{"type":"Feature","geometry":{"type":"Point","coordinates":[-94.852942351,42.8468625237]},"properties":{"label_cluster_id":8185,"label_type":"CurbRamp","street_edge_id":56,"intersection_id":65,"osm_way_id":15996561,"region_id":1,"region_name":"Laurens","avg_image_capture_date":"2025-11-01T00:00Z","avg_label_date":"2026-09-21T15:56:08.184355Z","median_severity":1,"agree_count":1,"disagree_count":0,"unsure_count":0,"cluster_size":5,"label_ids":[331,1696,2742,2747,2757],"users":["51b0b927-3c8a-45b2-93de-bd878d1e5cf4","549187e0-redacted"],"tag_counts":{}}},{"type":"Feature","geometry":{"type":"Point","coordinates":[-94.8526299677,42.8466336615]},"properties":{"label_cluster_id":8186,"label_type":"CurbRamp","street_edge_id":30,"intersection_id":65,"osm_way_id":15996191,"region_id":1,"region_name":"Laurens","avg_image_capture_date":"2025-11-01T00:00Z","avg_label_date":"2026-09-17T01:42:20.209037Z","median_severity":null,"agree_count":1,"disagree_count":0,"unsure_count":0,"cluster_size":2,"label_ids":[59,244],"users":["51b0b927-3c8a-45b2-93de-bd878d1e5cf4"],"tag_counts":{}}},{"type":"Feature","geometry":{"type":"Point","coordinates":[-94.8528280379,42.8466244879]},"properties":{"label_cluster_id":8187,"label_type":"CurbRamp","street_edge_id":6,"intersection_id":65,"osm_way_id":15991387,"region_id":1,"region_name":"Laurens","avg_image_capture_date":"2025-11-01T00:00Z","avg_label_date":"2026-09-22T01:14:30.929276Z","median_severity":null,"agree_count":3,"disagree_count":0,"unsure_count":0,"cluster_size":3,"label_ids":[1867,2023,2455],"users":["51b0b927-3c8a-45b2-93de-bd878d1e5cf4"],"tag_counts":{}}},{"type":"Feature","geometry":{"type":"Point","coordinates":[-94.8528260677,42.8465512704]},"properties":{"label_cluster_id":8188,"label_type":"CurbRamp","street_edge_id":6,"intersection_id":65,"osm_way_id":15991387,"region_id":1,"region_name":"Laurens","avg_image_capture_date":"2025-11-01T00:00Z","avg_label_date":"2026-09-17T01:45:28.830799Z","median_severity":null,"agree_count":0,"disagree_count":0,"unsure_count":0,"cluster_size":1,"label_ids":[470],"users":["51b0b927-3c8a-45b2-93de-bd878d1e5cf4"],"tag_counts":{}}},{"type":"Feature","geometry":{"type":"Point","coordinates":[-94.8512295902,42.850981657]},"properties":{"label_cluster_id":8189,"label_type":"CurbRamp","street_edge_id":77,"intersection_id":86,"osm_way_id":15996828,"region_id":1,"region_name":"Laurens","avg_image_capture_date":"2025-11-01T00:00Z","avg_label_date":"2026-09-20T07:02:08.581081Z","median_severity":2,"agree_count":3,"disagree_count":0,"unsure_count":0,"cluster_size":4,"label_ids":[17,252,2043,2860],"users":["51b0b927-3c8a-45b2-93de-bd878d1e5cf4","549187e0-redacted"],"tag_counts":{"narrow":1,"missing tactile warning":1}}},{"type":"Feature","geometry":{"type":"Point","coordinates":[-94.8514128037,42.8510189714]},"properties":{"label_cluster_id":8190,"label_type":"CurbRamp","street_edge_id":78,"intersection_id":86,"osm_way_id":15996828,"region_id":1,"region_name":"Laurens","avg_image_capture_date":"2025-11-01T00:00Z","avg_label_date":"2026-09-23T12:22:02.594270Z","median_severity":2,"agree_count":1,"disagree_count":0,"unsure_count":0,"cluster_size":2,"label_ids":[2539,2854],"users":["51b0b927-3c8a-45b2-93de-bd878d1e5cf4","549187e0-redacted"],"tag_counts":{"narrow":1,"missing tactile warning":1}}},{"type":"Feature","geometry":{"type":"Point","coordinates":[-94.8513570512,42.8510582736]},"properties":{"label_cluster_id":8191,"label_type":"CurbRamp","street_edge_id":169,"intersection_id":86,"osm_way_id":1474028772,"region_id":1,"region_name":"Laurens","avg_image_capture_date":"2025-11-01T00:00Z","avg_label_date":"2026-09-22T01:14:23.325635Z","median_severity":null,"agree_count":1,"disagree_count":0,"unsure_count":0,"cluster_size":3,"label_ids":[1844,2026,2200],"users":["51b0b927-3c8a-45b2-93de-bd878d1e5cf4"],"tag_counts":{}}},{"type":"Feature","geometry":{"type":"Point","coordinates":[-94.8528203215,42.8520454615]},"properties":{"label_cluster_id":8192,"label_type":"CurbRamp","street_edge_id":141,"intersection_id":10,"osm_way_id":15997533,"region_id":1,"region_name":"Laurens","avg_image_capture_date":"2025-11-01T00:00Z","avg_label_date":"2026-09-19T13:28:49.045496Z","median_severity":null,"agree_count":1,"disagree_count":0,"unsure_count":0,"cluster_size":2,"label_ids":[247,1962],"users":["51b0b927-3c8a-45b2-93de-bd878d1e5cf4"],"tag_counts":{}}},{"type":"Feature","geometry":{"type":"Point","coordinates":[-94.8527332621,42.8520464415]},"properties":{"label_cluster_id":8193,"label_type":"CurbRamp","street_edge_id":141,"intersection_id":10,"osm_way_id":15997533,"region_id":1,"region_name":"Laurens","avg_image_capture_date":"2025-11-01T00:00Z","avg_label_date":"2026-09-19T13:28:09.244061Z","median_severity":null,"agree_count":1,"disagree_count":0,"unsure_count":0,"cluster_size":2,"label_ids":[93,2162],"users":["51b0b927-3c8a-45b2-93de-bd878d1e5cf4"],"tag_counts":{}}},{"type":"Feature","geometry":{"type":"Point","coordinates":[-94.852378634,42.8520076926]},"properties":{"label_cluster_id":8194,"label_type":"CurbRamp","street_edge_id":140,"intersection_id":10,"osm_way_id":15997533,"region_id":1,"region_name":"Laurens","avg_image_capture_date":"2025-11-01T00:00Z","avg_label_date":"2026-09-19T13:31:09.046827Z","median_severity":null,"agree_count":2,"disagree_count":0,"unsure_count":0,"cluster_size":2,"label_ids":[669,2440],"users":["51b0b927-3c8a-45b2-93de-bd878d1e5cf4"],"tag_counts":{}}},{"type":"Feature","geometry":{"type":"Point","coordinates":[-94.8524422483,42.8519350676]},"properties":{"label_cluster_id":8195,"label_type":"CurbRamp","street_edge_id":140,"intersection_id":10,"osm_way_id":15997533,"region_id":1,"region_name":"Laurens","avg_image_capture_date":"2025-11-01T00:00Z","avg_label_date":"2026-09-17T01:46:43.278936Z","median_severity":null,"agree_count":1,"disagree_count":0,"unsure_count":0,"cluster_size":1,"label_ids":[594],"users":["51b0b927-3c8a-45b2-93de-bd878d1e5cf4"],"tag_counts":{}}},{"type":"Feature","geometry":{"type":"Point","coordinates":[-94.8513129243,42.851927122]},"properties":{"label_cluster_id":8196,"label_type":"CurbRamp","street_edge_id":138,"intersection_id":1,"osm_way_id":15997533,"region_id":1,"region_name":"Laurens","avg_image_capture_date":"2025-11-01T00:00Z","avg_label_date":"2026-09-21T01:20:06.420846Z","median_severity":null,"agree_count":5,"disagree_count":0,"unsure_count":0,"cluster_size":5,"label_ids":[136,1931,1975,2272,2533],"users":["51b0b927-3c8a-45b2-93de-bd878d1e5cf4"],"tag_counts":{}}},{"type":"Feature","geometry":{"type":"Point","coordinates":[-94.8512398883,42.8519694544]},"properties":{"label_cluster_id":8197,"label_type":"CurbRamp","street_edge_id":139,"intersection_id":1,"osm_way_id":15997533,"region_id":1,"region_name":"Laurens","avg_image_capture_date":"2025-11-01T00:00Z","avg_label_date":"2026-09-17T01:41:17.858221Z","median_severity":null,"agree_count":0,"disagree_count":0,"unsure_count":1,"cluster_size":1,"label_ids":[55],"users":["51b0b927-3c8a-45b2-93de-bd878d1e5cf4"],"tag_counts":{}}},{"type":"Feature","geometry":{"type":"Point","coordinates":[-94.8513508316,42.8519951447]},"properties":{"label_cluster_id":8198,"label_type":"CurbRamp","street_edge_id":138,"intersection_id":1,"osm_way_id":15997533,"region_id":1,"region_name":"Laurens","avg_image_capture_date":"2025-11-01T00:00Z","avg_label_date":"2026-09-22T01:14:26.724289Z","median_severity":null,"agree_count":0,"disagree_count":0,"unsure_count":0,"cluster_size":1,"label_ids":[2057],"users":["51b0b927-3c8a-45b2-93de-bd878d1e5cf4"],"tag_counts":{}}},{"type":"Feature","geometry":{"type":"Point","coordinates":[-94.8519231139,42.8520245432]},"properties":{"label_cluster_id":8199,"label_type":"CurbRamp","street_edge_id":140,"intersection_id":33,"osm_way_id":15997533,"region_id":1,"region_name":"Laurens","avg_image_capture_date":"2025-11-01T00:00Z","avg_label_date":"2026-09-23T00:27:29.775407Z","median_severity":2,"agree_count":1,"disagree_count":0,"unsure_count":0,"cluster_size":3,"label_ids":[1633,2330,2825],"users":["18b26a38-redacted","51b0b927-3c8a-45b2-93de-bd878d1e5cf4"],"tag_counts":{"missing tactile warning":1}}},{"type":"Feature","geometry":{"type":"Point","coordinates":[-94.8518176704,42.8520163263]},"properties":{"label_cluster_id":8200,"label_type":"CurbRamp","street_edge_id":157,"intersection_id":33,"osm_way_id":15997676,"region_id":1,"region_name":"Laurens","avg_image_capture_date":"2025-11-01T00:00Z","avg_label_date":"2026-09-21T04:04:04.182087Z","median_severity":2,"agree_count":5,"disagree_count":0,"unsure_count":0,"cluster_size":8,"label_ids":[83,288,1647,1929,2012,2395,2555,2826],"users":["18b26a38-redacted","51b0b927-3c8a-45b2-93de-bd878d1e5cf4"],"tag_counts":{"missing tactile warning":1}}},{"type":"Feature","geometry":{"type":"Point","coordinates":[-94.8518167781,42.8520947058]},"properties":{"label_cluster_id":8201,"label_type":"CurbRamp","street_edge_id":157,"intersection_id":33,"osm_way_id":15997676,"region_id":1,"region_name":"Laurens","avg_image_capture_date":"2025-11-01T00:00Z","avg_label_date":"2026-09-22T01:13:47.173013Z","median_severity":null,"agree_count":0,"disagree_count":0,"unsure_count":0,"cluster_size":1,"label_ids":[1598],"users":["51b0b927-3c8a-45b2-93de-bd878d1e5cf4"],"tag_counts":{}}},{"type":"Feature","geometry":{"type":"Point","coordinates":[-94.8500590008,42.8499910043]},"properties":{"label_cluster_id":8202,"label_type":"CurbRamp","street_edge_id":130,"intersection_id":37,"osm_way_id":15997383,"region_id":1,"region_name":"Laurens","avg_image_capture_date":"2025-11-01T00:00Z","avg_label_date":"2026-09-23T19:39:54.933127Z","median_severity":2,"agree_count":1,"disagree_count":0,"unsure_count":1,"cluster_size":4,"label_ids":[1740,2106,2926,2927],"users":["51b0b927-3c8a-45b2-93de-bd878d1e5cf4","549187e0-redacted"],"tag_counts":{"narrow":2,"debris / pooled water":1,"missing tactile warning":2}}},{"type":"Feature","geometry":{"type":"Point","coordinates":[-94.849787406,42.8499541977]},"properties":{"label_cluster_id":8203,"label_type":"CurbRamp","street_edge_id":128,"intersection_id":37,"osm_way_id":15997383,"region_id":1,"region_name":"Laurens","avg_image_capture_date":"2025-11-01T00:00Z","avg_label_date":"2026-09-17T01:45:10.355534Z","median_severity":null,"agree_count":2,"disagree_count":0,"unsure_count":0,"cluster_size":2,"label_ids":[229,639],"users":["51b0b927-3c8a-45b2-93de-bd878d1e5cf4"],"tag_counts":{}}},{"type":"Feature","geometry":{"type":"Point","coordinates":[-94.8498578896,42.8499152574]},"properties":{"label_cluster_id":8204,"label_type":"CurbRamp","street_edge_id":128,"intersection_id":37,"osm_way_id":15997383,"region_id":1,"region_name":"Laurens","avg_image_capture_date":"2025-11-01T00:00Z","avg_label_date":"2026-09-22T01:14:17.378986Z","median_severity":null,"agree_count":1,"disagree_count":0,"unsure_count":0,"cluster_size":2,"label_ids":[1885,2007],"users":["51b0b927-3c8a-45b2-93de-bd878d1e5cf4"],"tag_counts":{}}},{"type":"Feature","geometry":{"type":"Point","coordinates":[-94.8498761989,42.8499579775]},"properties":{"label_cluster_id":8205,"label_type":"CurbRamp","street_edge_id":128,"intersection_id":37,"osm_way_id":15997383,"region_id":1,"region_name":"Laurens","avg_image_capture_date":"2025-11-01T00:00Z","avg_label_date":"2026-09-20T01:27:10.710506Z","median_severity":2,"agree_count":4,"disagree_count":0,"unsure_count":0,"cluster_size":5,"label_ids":[534,540,1955,2035,2404],"users":["51b0b927-3c8a-45b2-93de-bd878d1e5cf4"],"tag_counts":{"narrow":1,"surface problem":1,"debris / pooled water":1,"missing tactile warning":1}}},{"type":"Feature","geometry":{"type":"Point","coordinates":[-94.8513866741,42.8500372471]},"properties":{"label_cluster_id":8206,"label_type":"CurbRamp","street_edge_id":168,"intersection_id":63,"osm_way_id":1474028772,"region_id":1,"region_name":"Laurens","avg_image_capture_date":"2025-11-01T00:00Z","avg_label_date":"2026-09-19T13:43:12.086514Z","median_severity":2,"agree_count":1,"disagree_count":0,"unsure_count":0,"cluster_size":3,"label_ids":[103,382,2806],"users":["51b0b927-3c8a-45b2-93de-bd878d1e5cf4","549187e0-redacted"],"tag_counts":{"narrow":1,"surface problem":1,"missing tactile warning":1}}},{"type":"Feature","geometry":{"type":"Point","coordinates":[-94.8510796973,42.8498601883]},"properties":{"label_cluster_id":8207,"label_type":"CurbRamp","street_edge_id":130,"intersection_id":63,"osm_way_id":15997383,"region_id":1,"region_name":"Laurens","avg_image_capture_date":"2025-11-01T00:00Z","avg_label_date":"2026-09-17T01:44:47.651878Z","median_severity":null,"agree_count":1,"disagree_count":0,"unsure_count":0,"cluster_size":1,"label_ids":[375],"users":["51b0b927-3c8a-45b2-93de-bd878d1e5cf4"],"tag_counts":{}}},{"type":"Feature","geometry":{"type":"Point","coordinates":[-94.8487179921,42.8518710713]},"properties":{"label_cluster_id":8208,"label_type":"CurbRamp","street_edge_id":137,"intersection_id":55,"osm_way_id":15997533,"region_id":1,"region_name":"Laurens","avg_image_capture_date":"2025-11-01T00:00Z","avg_label_date":"2026-09-19T13:30:44.630824Z","median_severity":null,"agree_count":2,"disagree_count":0,"unsure_count":0,"cluster_size":2,"label_ids":[638,1996],"users":["51b0b927-3c8a-45b2-93de-bd878d1e5cf4"],"tag_counts":{}}},{"type":"Feature","geometry":{"type":"Point","coordinates":[-94.8486674001,42.8518282553]},"properties":{"label_cluster_id":8209,"label_type":"CurbRamp","street_edge_id":137,"intersection_id":55,"osm_way_id":15997533,"region_id":1,"region_name":"Laurens","avg_image_capture_date":"2025-11-01T00:00Z","avg_label_date":"2026-09-24T09:29:17.574970Z","median_severity":2,"agree_count":0,"disagree_count":0,"unsure_count":0,"cluster_size":2,"label_ids":[2281,3055],"users":["51b0b927-3c8a-45b2-93de-bd878d1e5cf4","549187e0-redacted"],"tag_counts":{"narrow":1,"missing tactile warning":1}}},{"type":"Feature","geometry":{"type":"Point","coordinates":[-94.8496825793,42.8519655152]},"properties":{"label_cluster_id":8210,"label_type":"CurbRamp","street_edge_id":137,"intersection_id":24,"osm_way_id":15997533,"region_id":1,"region_name":"Laurens","avg_image_capture_date":"2025-11-01T00:00Z","avg_label_date":"2026-09-22T01:14:13.368116Z","median_severity":null,"agree_count":2,"disagree_count":0,"unsure_count":0,"cluster_size":2,"label_ids":[1549,2297],"users":["51b0b927-3c8a-45b2-93de-bd878d1e5cf4"],"tag_counts":{}}},{"type":"Feature","geometry":{"type":"Point","coordinates":[-94.8498419768,42.8519937026]},"properties":{"label_cluster_id":8211,"label_type":"CurbRamp","street_edge_id":118,"intersection_id":24,"osm_way_id":15997343,"region_id":1,"region_name":"Laurens","avg_image_capture_date":"2025-11-01T00:00Z","avg_label_date":"2026-09-20T01:26:26.545275Z","median_severity":null,"agree_count":4,"disagree_count":0,"unsure_count":0,"cluster_size":5,"label_ids":[199,549,1655,1913,2349],"users":["51b0b927-3c8a-45b2-93de-bd878d1e5cf4"],"tag_counts":{}}},{"type":"Feature","geometry":{"type":"Point","coordinates":[-94.8498028502,42.8520563891]},"properties":{"label_cluster_id":8212,"label_type":"CurbRamp","street_edge_id":118,"intersection_id":24,"osm_way_id":15997343,"region_id":1,"region_name":"Laurens","avg_image_capture_date":"2025-11-01T00:00Z","avg_label_date":"2026-09-17T01:41:40.557574Z","median_severity":null,"agree_count":1,"disagree_count":0,"unsure_count":0,"cluster_size":1,"label_ids":[87],"users":["51b0b927-3c8a-45b2-93de-bd878d1e5cf4"],"tag_counts":{}}},{"type":"Feature","geometry":{"type":"Point","coordinates":[-94.8499130022,42.8508891035]},"properties":{"label_cluster_id":8213,"label_type":"CurbRamp","street_edge_id":116,"intersection_id":14,"osm_way_id":15997343,"region_id":1,"region_name":"Laurens","avg_image_capture_date":"2025-11-01T00:00Z","avg_label_date":"2026-09-21T00:37:02.457188Z","median_severity":1,"agree_count":1,"disagree_count":0,"unsure_count":0,"cluster_size":2,"label_ids":[57,2894],"users":["51b0b927-3c8a-45b2-93de-bd878d1e5cf4","549187e0-redacted"],"tag_counts":{"narrow":1,"not level with street":1,"missing tactile warning":1}}},{"type":"Feature","geometry":{"type":"Point","coordinates":[-94.849857327,42.8509135639]},"properties":{"label_cluster_id":8214,"label_type":"CurbRamp","street_edge_id":61,"intersection_id":14,"osm_way_id":15996665,"region_id":1,"region_name":"Laurens","avg_image_capture_date":"2025-11-01T00:00Z","avg_label_date":"2026-09-21T01:20:53.186495Z","median_severity":null,"agree_count":3,"disagree_count":0,"unsure_count":0,"cluster_size":5,"label_ids":[581,1654,2036,2285,2357],"users":["51b0b927-3c8a-45b2-93de-bd878d1e5cf4"],"tag_counts":{}}},{"type":"Feature","geometry":{"type":"Point","coordinates":[-94.8498614458,42.8507971979]},"properties":{"label_cluster_id":8215,"label_type":"CurbRamp","street_edge_id":116,"intersection_id":14,"osm_way_id":15997343,"region_id":1,"region_name":"Laurens","avg_image_capture_date":"2025-11-01T00:00Z","avg_label_date":"2026-09-22T01:14:02.629540Z","median_severity":null,"agree_count":1,"disagree_count":0,"unsure_count":0,"cluster_size":2,"label_ids":[1562,2001],"users":["51b0b927-3c8a-45b2-93de-bd878d1e5cf4"],"tag_counts":{}}},{"type":"Feature","geometry":{"type":"Point","coordinates":[-94.8497405156,42.8508674391]},"properties":{"label_cluster_id":8216,"label_type":"CurbRamp","street_edge_id":61,"intersection_id":14,"osm_way_id":15996665,"region_id":1,"region_name":"Laurens","avg_image_capture_date":"2025-11-01T00:00Z","avg_label_date":"2026-09-19T13:27:42.612250Z","median_severity":null,"agree_count":1,"disagree_count":0,"unsure_count":0,"cluster_size":2,"label_ids":[54,1833],"users":["51b0b927-3c8a-45b2-93de-bd878d1e5cf4"],"tag_counts":{}}},{"type":"Feature","geometry":{"type":"Point","coordinates":[-94.8485942305,42.8509941753]},"properties":{"label_cluster_id":8217,"label_type":"CurbRamp","street_edge_id":47,"intersection_id":85,"osm_way_id":15996421,"region_id":1,"region_name":"Laurens","avg_image_capture_date":"2025-11-01T00:00Z","avg_label_date":"2026-09-17T01:45:06.807952Z","median_severity":null,"agree_count":2,"disagree_count":0,"unsure_count":0,"cluster_size":2,"label_ids":[279,567],"users":["51b0b927-3c8a-45b2-93de-bd878d1e5cf4"],"tag_counts":{}}},{"type":"Feature","geometry":{"type":"Point","coordinates":[-94.8487162605,42.850876079]},"properties":{"label_cluster_id":8218,"label_type":"CurbRamp","street_edge_id":61,"intersection_id":85,"osm_way_id":15996665,"region_id":1,"region_name":"Laurens","avg_image_capture_date":"2025-11-01T00:00Z","avg_label_date":"2026-09-20T05:45:10.027441Z","median_severity":2,"agree_count":2,"disagree_count":0,"unsure_count":0,"cluster_size":3,"label_ids":[33,271,2984],"users":["51b0b927-3c8a-45b2-93de-bd878d1e5cf4","549187e0-redacted"],"tag_counts":{"narrow":1,"missing tactile warning":1}}},{"type":"Feature","geometry":{"type":"Point","coordinates":[-94.8539490963,42.8521030827]},"properties":{"label_cluster_id":8219,"label_type":"CurbRamp","street_edge_id":148,"intersection_id":74,"osm_way_id":15997573,"region_id":1,"region_name":"Laurens","avg_image_capture_date":"2025-11-01T00:00Z","avg_label_date":"2026-09-19T13:27:49.369713Z","median_severity":null,"agree_count":1,"disagree_count":0,"unsure_count":0,"cluster_size":2,"label_ids":[77,1784],"users":["51b0b927-3c8a-45b2-93de-bd878d1e5cf4"],"tag_counts":{}}},{"type":"Feature","geometry":{"type":"Point","coordinates":[-94.8539088397,42.8520467159]},"properties":{"label_cluster_id":8220,"label_type":"CurbRamp","street_edge_id":141,"intersection_id":74,"osm_way_id":15997533,"region_id":1,"region_name":"Laurens","avg_image_capture_date":"2025-11-01T00:00Z","avg_label_date":"2026-09-17T01:44:42.913269Z","median_severity":null,"agree_count":2,"disagree_count":0,"unsure_count":0,"cluster_size":2,"label_ids":[265,520],"users":["51b0b927-3c8a-45b2-93de-bd878d1e5cf4"],"tag_counts":{}}},{"type":"Feature","geometry":{"type":"Point","coordinates":[-94.8540185622,42.8524581312]},"properties":{"label_cluster_id":8221,"label_type":"CurbRamp","street_edge_id":148,"intersection_id":null,"osm_way_id":15997573,"region_id":1,"region_name":"Laurens","avg_image_capture_date":"2025-11-01T00:00Z","avg_label_date":"2026-09-22T01:14:27.713493Z","median_severity":null,"agree_count":0,"disagree_count":1,"unsure_count":0,"cluster_size":1,"label_ids":[2075],"users":["51b0b927-3c8a-45b2-93de-bd878d1e5cf4"],"tag_counts":{}}},{"type":"Feature","geometry":{"type":"Point","coordinates":[-94.8524890178,42.8520219768]},"properties":{"label_cluster_id":8222,"label_type":"CurbRamp","street_edge_id":140,"intersection_id":10,"osm_way_id":15997533,"region_id":1,"region_name":"Laurens","avg_image_capture_date":"2025-11-01T00:00Z","avg_label_date":"2026-09-19T13:31:07.783122Z","median_severity":null,"agree_count":1,"disagree_count":0,"unsure_count":0,"cluster_size":2,"label_ids":[667,2408],"users":["51b0b927-3c8a-45b2-93de-bd878d1e5cf4"],"tag_counts":{}}},{"type":"Feature","geometry":{"type":"Point","coordinates":[-94.8525748423,42.8520645532]},"properties":{"label_cluster_id":8223,"label_type":"CurbRamp","street_edge_id":144,"intersection_id":10,"osm_way_id":15997565,"region_id":1,"region_name":"Laurens","avg_image_capture_date":"2025-11-01T00:00Z","avg_label_date":"2026-09-21T01:21:00.381363Z","median_severity":null,"agree_count":4,"disagree_count":0,"unsure_count":0,"cluster_size":5,"label_ids":[407,2207,2413,2550,2551],"users":["51b0b927-3c8a-45b2-93de-bd878d1e5cf4"],"tag_counts":{}}},{"type":"Feature","geometry":{"type":"Point","coordinates":[-94.8519933315,42.852060359]},"properties":{"label_cluster_id":8224,"label_type":"CurbRamp","street_edge_id":140,"intersection_id":33,"osm_way_id":15997533,"region_id":1,"region_name":"Laurens","avg_image_capture_date":"2025-11-01T00:00Z","avg_label_date":"2026-09-22T01:14:31.868778Z","median_severity":null,"agree_count":2,"disagree_count":0,"unsure_count":0,"cluster_size":2,"label_ids":[1632,2556],"users":["51b0b927-3c8a-45b2-93de-bd878d1e5cf4"],"tag_counts":{}}},{"type":"Feature","geometry":{"type":"Point","coordinates":[-94.8518262991,42.851959758]},"properties":{"label_cluster_id":8225,"label_type":"CurbRamp","street_edge_id":138,"intersection_id":33,"osm_way_id":15997533,"region_id":1,"region_name":"Laurens","avg_image_capture_date":"2025-11-01T00:00Z","avg_label_date":"2026-09-22T01:14:20.463536Z","median_severity":null,"agree_count":0,"disagree_count":0,"unsure_count":0,"cluster_size":2,"label_ids":[1661,2329],"users":["51b0b927-3c8a-45b2-93de-bd878d1e5cf4"],"tag_counts":{}}},{"type":"Feature","geometry":{"type":"Point","coordinates":[-94.8517735247,42.8519943331]},"properties":{"label_cluster_id":8226,"label_type":"CurbRamp","street_edge_id":138,"intersection_id":33,"osm_way_id":15997533,"region_id":1,"region_name":"Laurens","avg_image_capture_date":"2025-11-01T00:00Z","avg_label_date":"2026-09-18T17:34:37.137714Z","median_severity":null,"agree_count":3,"disagree_count":0,"unsure_count":0,"cluster_size":3,"label_ids":[300,474,1928],"users":["51b0b927-3c8a-45b2-93de-bd878d1e5cf4"],"tag_counts":{}}},{"type":"Feature","geometry":{"type":"Point","coordinates":[-94.8516855471,42.8532984184]},"properties":{"label_cluster_id":8227,"label_type":"CurbRamp","street_edge_id":157,"intersection_id":null,"osm_way_id":15997676,"region_id":1,"region_name":"Laurens","avg_image_capture_date":"2025-11-01T00:00Z","avg_label_date":"2026-09-22T01:14:31.246179Z","median_severity":null,"agree_count":0,"disagree_count":0,"unsure_count":0,"cluster_size":1,"label_ids":[2121],"users":["51b0b927-3c8a-45b2-93de-bd878d1e5cf4"],"tag_counts":{}}},{"type":"Feature","geometry":{"type":"Point","coordinates":[-94.8499165321,42.8520549234]},"properties":{"label_cluster_id":8228,"label_type":"CurbRamp","street_edge_id":118,"intersection_id":24,"osm_way_id":15997343,"region_id":1,"region_name":"Laurens","avg_image_capture_date":"2025-11-01T00:00Z","avg_label_date":"2026-09-22T01:14:31.150101Z","median_severity":null,"agree_count":2,"disagree_count":0,"unsure_count":0,"cluster_size":2,"label_ids":[1675,2491],"users":["51b0b927-3c8a-45b2-93de-bd878d1e5cf4"],"tag_counts":{}}},{"type":"Feature","geometry":{"type":"Point","coordinates":[-94.8499302292,42.8519755537]},"properties":{"label_cluster_id":8229,"label_type":"CurbRamp","street_edge_id":139,"intersection_id":24,"osm_way_id":15997533,"region_id":1,"region_name":"Laurens","avg_image_capture_date":"2025-11-01T00:00Z","avg_label_date":"2026-09-19T18:05:34.887161Z","median_severity":null,"agree_count":10,"disagree_count":0,"unsure_count":0,"cluster_size":13,"label_ids":[70,335,351,465,537,637,1868,1914,2018,2348,2515,2552,2561],"users":["51b0b927-3c8a-45b2-93de-bd878d1e5cf4"],"tag_counts":{}}},{"type":"Feature","geometry":{"type":"Point","coordinates":[-94.848549111,42.8519309866]},"properties":{"label_cluster_id":8230,"label_type":"CurbRamp","street_edge_id":137,"intersection_id":55,"osm_way_id":15997533,"region_id":1,"region_name":"Laurens","avg_image_capture_date":"2025-11-01T00:00Z","avg_label_date":"2026-09-18T17:34:38.251557Z","median_severity":null,"agree_count":3,"disagree_count":0,"unsure_count":0,"cluster_size":3,"label_ids":[158,573,2479],"users":["51b0b927-3c8a-45b2-93de-bd878d1e5cf4"],"tag_counts":{}}},{"type":"Feature","geometry":{"type":"Point","coordinates":[-94.84857939,42.8519686919]},"properties":{"label_cluster_id":8231,"label_type":"CurbRamp","street_edge_id":137,"intersection_id":55,"osm_way_id":15997533,"region_id":1,"region_name":"Laurens","avg_image_capture_date":"2025-11-01T00:00Z","avg_label_date":"2026-09-20T01:26:14.372901Z","median_severity":null,"agree_count":5,"disagree_count":0,"unsure_count":0,"cluster_size":5,"label_ids":[135,449,1708,2407,2468],"users":["51b0b927-3c8a-45b2-93de-bd878d1e5cf4"],"tag_counts":{}}},{"type":"Feature","geometry":{"type":"Point","coordinates":[-94.848661656,42.8517816691]},"properties":{"label_cluster_id":8232,"label_type":"CurbRamp","street_edge_id":137,"intersection_id":55,"osm_way_id":15997533,"region_id":1,"region_name":"Laurens","avg_image_capture_date":"2025-11-01T00:00Z","avg_label_date":"2026-09-26T17:43:47.329Z","median_severity":2,"agree_count":0,"disagree_count":0,"unsure_count":0,"cluster_size":1,"label_ids":[3054],"users":["549187e0-redacted"],"tag_counts":{"narrow":1,"missing tactile warning":1}}},{"type":"Feature","geometry":{"type":"Point","coordinates":[-94.8512287495,42.8509164165]},"properties":{"label_cluster_id":8233,"label_type":"CurbRamp","street_edge_id":77,"intersection_id":86,"osm_way_id":15996828,"region_id":1,"region_name":"Laurens","avg_image_capture_date":"2025-11-01T00:00Z","avg_label_date":"2026-09-21T12:54:33.826671Z","median_severity":2,"agree_count":3,"disagree_count":0,"unsure_count":0,"cluster_size":4,"label_ids":[691,1566,2171,2845],"users":["51b0b927-3c8a-45b2-93de-bd878d1e5cf4","549187e0-redacted"],"tag_counts":{"steep":1,"narrow":1}}},{"type":"Feature","geometry":{"type":"Point","coordinates":[-94.8511423761,42.8508945049]},"properties":{"label_cluster_id":8234,"label_type":"CurbRamp","street_edge_id":77,"intersection_id":86,"osm_way_id":15996828,"region_id":1,"region_name":"Laurens","avg_image_capture_date":"2025-11-01T00:00Z","avg_label_date":"2026-09-22T01:15:08.841585Z","median_severity":null,"agree_count":0,"disagree_count":0,"unsure_count":0,"cluster_size":1,"label_ids":[2505],"users":["51b0b927-3c8a-45b2-93de-bd878d1e5cf4"],"tag_counts":{}}},{"type":"Feature","geometry":{"type":"Point","coordinates":[-94.8511467024,42.8509859284]},"properties":{"label_cluster_id":8235,"label_type":"CurbRamp","street_edge_id":77,"intersection_id":86,"osm_way_id":15996828,"region_id":1,"region_name":"Laurens","avg_image_capture_date":"2025-11-01T00:00Z","avg_label_date":"2026-09-20T09:24:13.983796Z","median_severity":null,"agree_count":2,"disagree_count":0,"unsure_count":0,"cluster_size":3,"label_ids":[309,1845,2042],"users":["51b0b927-3c8a-45b2-93de-bd878d1e5cf4"],"tag_counts":{}}},{"type":"Feature","geometry":{"type":"Point","coordinates":[-94.8510463847,42.8509802085]},"properties":{"label_cluster_id":8236,"label_type":"CurbRamp","street_edge_id":77,"intersection_id":86,"osm_way_id":15996828,"region_id":1,"region_name":"Laurens","avg_image_capture_date":"2025-11-01T00:00Z","avg_label_date":"2026-09-22T01:14:18.543742Z","median_severity":null,"agree_count":0,"disagree_count":0,"unsure_count":0,"cluster_size":2,"label_ids":[1800,2137],"users":["51b0b927-3c8a-45b2-93de-bd878d1e5cf4"],"tag_counts":{}}},{"type":"Feature","geometry":{"type":"Point","coordinates":[-94.8512177021,42.8511322187]},"properties":{"label_cluster_id":8237,"label_type":"CurbRamp","street_edge_id":169,"intersection_id":86,"osm_way_id":1474028772,"region_id":1,"region_name":"Laurens","avg_image_capture_date":"2025-11-01T00:00Z","avg_label_date":"2026-09-22T01:14:37.670570Z","median_severity":null,"agree_count":0,"disagree_count":0,"unsure_count":0,"cluster_size":1,"label_ids":[2201],"users":["51b0b927-3c8a-45b2-93de-bd878d1e5cf4"],"tag_counts":{}}},{"type":"Feature","geometry":{"type":"Point","coordinates":[-94.8499650964,42.8510355233]},"properties":{"label_cluster_id":8238,"label_type":"CurbRamp","street_edge_id":115,"intersection_id":14,"osm_way_id":15997343,"region_id":1,"region_name":"Laurens","avg_image_capture_date":"2025-11-01T00:00Z","avg_label_date":"2026-09-22T01:14:49.786707Z","median_severity":null,"agree_count":0,"disagree_count":0,"unsure_count":0,"cluster_size":1,"label_ids":[2356],"users":["51b0b927-3c8a-45b2-93de-bd878d1e5cf4"],"tag_counts":{}}},{"type":"Feature","geometry":{"type":"Point","coordinates":[-94.8512861635,42.8499380902]},"properties":{"label_cluster_id":8239,"label_type":"CurbRamp","street_edge_id":130,"intersection_id":63,"osm_way_id":15997383,"region_id":1,"region_name":"Laurens","avg_image_capture_date":"2025-11-01T00:00Z","avg_label_date":"2026-09-19T13:36:54.737242Z","median_severity":2,"agree_count":2,"disagree_count":0,"unsure_count":0,"cluster_size":5,"label_ids":[43,104,232,2523,2808],"users":["51b0b927-3c8a-45b2-93de-bd878d1e5cf4","549187e0-redacted"],"tag_counts":{"narrow":1,"missing tactile warning":1}}},{"type":"Feature","geometry":{"type":"Point","coordinates":[-94.8512289393,42.8498906091]},"properties":{"label_cluster_id":8240,"label_type":"CurbRamp","street_edge_id":130,"intersection_id":63,"osm_way_id":15997383,"region_id":1,"region_name":"Laurens","avg_image_capture_date":"2025-11-01T00:00Z","avg_label_date":"2026-09-17T01:44:47.651878Z","median_severity":null,"agree_count":1,"disagree_count":0,"unsure_count":0,"cluster_size":1,"label_ids":[377],"users":["51b0b927-3c8a-45b2-93de-bd878d1e5cf4"],"tag_counts":{}}},{"type":"Feature","geometry":{"type":"Point","coordinates":[-94.8500802022,42.8499051238]},"properties":{"label_cluster_id":8241,"label_type":"CurbRamp","street_edge_id":130,"intersection_id":37,"osm_way_id":15997383,"region_id":1,"region_name":"Laurens","avg_image_capture_date":"2025-11-01T00:00Z","avg_label_date":"2026-09-23T19:39:56.785941Z","median_severity":2,"agree_count":0,"disagree_count":0,"unsure_count":0,"cluster_size":2,"label_ids":[2107,2925],"users":["51b0b927-3c8a-45b2-93de-bd878d1e5cf4","549187e0-redacted"],"tag_counts":{"missing tactile warning":1}}},{"type":"Feature","geometry":{"type":"Point","coordinates":[-94.8500071103,42.8499319832]},"properties":{"label_cluster_id":8242,"label_type":"CurbRamp","street_edge_id":130,"intersection_id":37,"osm_way_id":15997383,"region_id":1,"region_name":"Laurens","avg_image_capture_date":"2025-11-01T00:00Z","avg_label_date":"2026-09-17T01:43:30.865518Z","median_severity":null,"agree_count":4,"disagree_count":0,"unsure_count":0,"cluster_size":4,"label_ids":[36,218,268,541],"users":["51b0b927-3c8a-45b2-93de-bd878d1e5cf4"],"tag_counts":{}}},{"type":"Feature","geometry":{"type":"Point","coordinates":[-94.8499590113,42.8498966332]},"properties":{"label_cluster_id":8243,"label_type":"CurbRamp","street_edge_id":130,"intersection_id":37,"osm_way_id":15997383,"region_id":1,"region_name":"Laurens","avg_image_capture_date":"2025-11-01T00:00Z","avg_label_date":"2026-09-22T01:14:08.911522Z","median_severity":null,"agree_count":1,"disagree_count":0,"unsure_count":0,"cluster_size":2,"label_ids":[1739,1953],"users":["51b0b927-3c8a-45b2-93de-bd878d1e5cf4"],"tag_counts":{}}},{"type":"Feature","geometry":{"type":"Point","coordinates":[-94.8438350787,42.8453437431]},"properties":{"label_cluster_id":8244,"label_type":"CurbRamp","street_edge_id":44,"intersection_id":21,"osm_way_id":15996376,"region_id":1,"region_name":"Laurens","avg_image_capture_date":"2025-11-01T00:00Z","avg_label_date":"2026-09-17T01:43:29.918924Z","median_severity":null,"agree_count":2,"disagree_count":0,"unsure_count":0,"cluster_size":2,"label_ids":[225,283],"users":["51b0b927-3c8a-45b2-93de-bd878d1e5cf4"],"tag_counts":{}}},{"type":"Feature","geometry":{"type":"Point","coordinates":[-94.8437037677,42.8455459151]},"properties":{"label_cluster_id":8245,"label_type":"CurbRamp","street_edge_id":160,"intersection_id":21,"osm_way_id":15997796,"region_id":1,"region_name":"Laurens","avg_image_capture_date":"2025-11-01T00:00Z","avg_label_date":"2026-09-19T13:28:16.678167Z","median_severity":null,"agree_count":2,"disagree_count":0,"unsure_count":0,"cluster_size":2,"label_ids":[62,2520],"users":["51b0b927-3c8a-45b2-93de-bd878d1e5cf4"],"tag_counts":{}}},{"type":"Feature","geometry":{"type":"Point","coordinates":[-94.8438785399,42.8455641425]},"properties":{"label_cluster_id":8246,"label_type":"CurbRamp","street_edge_id":42,"intersection_id":21,"osm_way_id":15996376,"region_id":1,"region_name":"Laurens","avg_image_capture_date":"2025-11-01T00:00Z","avg_label_date":"2026-09-20T09:58:41.173827Z","median_severity":2,"agree_count":3,"disagree_count":0,"unsure_count":0,"cluster_size":6,"label_ids":[258,1163,1167,1700,2046,2326],"users":["51b0b927-3c8a-45b2-93de-bd878d1e5cf4","549187e0-redacted"],"tag_counts":{"narrow":3,"not level with street":2,"missing tactile warning":2}}},{"type":"Feature","geometry":{"type":"Point","coordinates":[-94.8438154206,42.8444459044]},"properties":{"label_cluster_id":8247,"label_type":"CurbRamp","street_edge_id":44,"intersection_id":47,"osm_way_id":15996376,"region_id":1,"region_name":"Laurens","avg_image_capture_date":"2025-11-01T00:00Z","avg_label_date":"2026-09-19T07:15:56.088977Z","median_severity":2,"agree_count":3,"disagree_count":0,"unsure_count":0,"cluster_size":4,"label_ids":[196,600,1337,2237],"users":["51b0b927-3c8a-45b2-93de-bd878d1e5cf4","549187e0-redacted"],"tag_counts":{"steep":1,"narrow":1,"missing tactile warning":1}}},{"type":"Feature","geometry":{"type":"Point","coordinates":[-94.8439107882,42.844475282]},"properties":{"label_cluster_id":8248,"label_type":"CurbRamp","street_edge_id":44,"intersection_id":47,"osm_way_id":15996376,"region_id":1,"region_name":"Laurens","avg_image_capture_date":"2025-11-01T00:00Z","avg_label_date":"2026-09-18T07:36:45.166423Z","median_severity":null,"agree_count":4,"disagree_count":0,"unsure_count":0,"cluster_size":4,"label_ids":[181,237,634,1775],"users":["51b0b927-3c8a-45b2-93de-bd878d1e5cf4"],"tag_counts":{}}},{"type":"Feature","geometry":{"type":"Point","coordinates":[-94.8438070168,42.8445426775]},"properties":{"label_cluster_id":8249,"label_type":"CurbRamp","street_edge_id":44,"intersection_id":47,"osm_way_id":15996376,"region_id":1,"region_name":"Laurens","avg_image_capture_date":"2025-11-01T00:00Z","avg_label_date":"2026-09-17T01:45:14.678635Z","median_severity":null,"agree_count":1,"disagree_count":0,"unsure_count":0,"cluster_size":1,"label_ids":[431],"users":["51b0b927-3c8a-45b2-93de-bd878d1e5cf4"],"tag_counts":{}}},{"type":"Feature","geometry":{"type":"Point","coordinates":[-94.8432726648,42.8444600815]},"properties":{"label_cluster_id":8250,"label_type":"CurbRamp","street_edge_id":102,"intersection_id":null,"osm_way_id":15997149,"region_id":1,"region_name":"Laurens","avg_image_capture_date":"2025-11-01T00:00Z","avg_label_date":"2026-09-22T01:13:44.271873Z","median_severity":null,"agree_count":0,"disagree_count":0,"unsure_count":0,"cluster_size":1,"label_ids":[1572],"users":["51b0b927-3c8a-45b2-93de-bd878d1e5cf4"],"tag_counts":{}}},{"type":"Feature","geometry":{"type":"Point","coordinates":[-94.8452125917,42.8454824395]},"properties":{"label_cluster_id":8251,"label_type":"CurbRamp","street_edge_id":162,"intersection_id":58,"osm_way_id":15997796,"region_id":1,"region_name":"Laurens","avg_image_capture_date":"2025-11-01T00:00Z","avg_label_date":"2026-09-22T01:13:44.820962Z","median_severity":null,"agree_count":0,"disagree_count":0,"unsure_count":0,"cluster_size":2,"label_ids":[1551,1601],"users":["51b0b927-3c8a-45b2-93de-bd878d1e5cf4"],"tag_counts":{}}},{"type":"Feature","geometry":{"type":"Point","coordinates":[-94.8451109716,42.8454445552]},"properties":{"label_cluster_id":8252,"label_type":"CurbRamp","street_edge_id":65,"intersection_id":58,"osm_way_id":15996683,"region_id":1,"region_name":"Laurens","avg_image_capture_date":"2025-11-01T00:00Z","avg_label_date":"2026-09-21T08:42:16.828012Z","median_severity":2,"agree_count":1,"disagree_count":0,"unsure_count":0,"cluster_size":3,"label_ids":[1379,1385,1645],"users":["51b0b927-3c8a-45b2-93de-bd878d1e5cf4","549187e0-redacted"],"tag_counts":{"narrow":2,"missing tactile warning":2}}},{"type":"Feature","geometry":{"type":"Point","coordinates":[-94.8461537418,42.8450110815]},"properties":{"label_cluster_id":8253,"label_type":"CurbRamp","street_edge_id":135,"intersection_id":null,"osm_way_id":15997517,"region_id":1,"region_name":"Laurens","avg_image_capture_date":"2025-11-01T00:00Z","avg_label_date":"2026-09-22T01:14:32.203476Z","median_severity":null,"agree_count":0,"disagree_count":0,"unsure_count":0,"cluster_size":2,"label_ids":[1628,2565],"users":["51b0b927-3c8a-45b2-93de-bd878d1e5cf4"],"tag_counts":{}}},{"type":"Feature","geometry":{"type":"Point","coordinates":[-94.8461290543,42.8452013971]},"properties":{"label_cluster_id":8254,"label_type":"CurbRamp","street_edge_id":135,"intersection_id":null,"osm_way_id":15997517,"region_id":1,"region_name":"Laurens","avg_image_capture_date":"2025-11-01T00:00Z","avg_label_date":"2026-09-17T01:41:07.539948Z","median_severity":null,"agree_count":0,"disagree_count":0,"unsure_count":0,"cluster_size":1,"label_ids":[35],"users":["51b0b927-3c8a-45b2-93de-bd878d1e5cf4"],"tag_counts":{}}},{"type":"Feature","geometry":{"type":"Point","coordinates":[-94.8462900542,42.8454806665]},"properties":{"label_cluster_id":8255,"label_type":"CurbRamp","street_edge_id":163,"intersection_id":45,"osm_way_id":15997796,"region_id":1,"region_name":"Laurens","avg_image_capture_date":"2025-11-01T00:00Z","avg_label_date":"2026-09-21T07:35:41.500456Z","median_severity":2,"agree_count":1,"disagree_count":0,"unsure_count":0,"cluster_size":4,"label_ids":[1237,1409,1428,1550],"users":["51b0b927-3c8a-45b2-93de-bd878d1e5cf4","549187e0-redacted"],"tag_counts":{"narrow":3,"debris / pooled water":1,"missing tactile warning":3}}},{"type":"Feature","geometry":{"type":"Point","coordinates":[-94.8462243274,42.8456751488]},"properties":{"label_cluster_id":8256,"label_type":"CurbRamp","street_edge_id":134,"intersection_id":45,"osm_way_id":15997517,"region_id":1,"region_name":"Laurens","avg_image_capture_date":"2025-11-01T00:00Z","avg_label_date":"2026-09-22T01:13:48.562372Z","median_severity":null,"agree_count":0,"disagree_count":0,"unsure_count":0,"cluster_size":1,"label_ids":[1611],"users":["51b0b927-3c8a-45b2-93de-bd878d1e5cf4"],"tag_counts":{}}},{"type":"Feature","geometry":{"type":"Point","coordinates":[-94.8473721634,42.8444992289]},"properties":{"label_cluster_id":8257,"label_type":"CurbRamp","street_edge_id":92,"intersection_id":16,"osm_way_id":15996973,"region_id":1,"region_name":"Laurens","avg_image_capture_date":"2025-11-01T00:00Z","avg_label_date":"2026-09-17T18:47:54.775680Z","median_severity":null,"agree_count":6,"disagree_count":0,"unsure_count":0,"cluster_size":7,"label_ids":[30,120,126,261,410,641,2229],"users":["51b0b927-3c8a-45b2-93de-bd878d1e5cf4"],"tag_counts":{}}},{"type":"Feature","geometry":{"type":"Point","coordinates":[-94.8473612197,42.8444248507]},"properties":{"label_cluster_id":8258,"label_type":"CurbRamp","street_edge_id":92,"intersection_id":16,"osm_way_id":15996973,"region_id":1,"region_name":"Laurens","avg_image_capture_date":"2025-11-01T00:00Z","avg_label_date":"2026-09-22T01:14:27.218173Z","median_severity":null,"agree_count":0,"disagree_count":0,"unsure_count":0,"cluster_size":1,"label_ids":[2063],"users":["51b0b927-3c8a-45b2-93de-bd878d1e5cf4"],"tag_counts":{}}},{"type":"Feature","geometry":{"type":"Point","coordinates":[-94.8473582655,42.8447008884]},"properties":{"label_cluster_id":8259,"label_type":"CurbRamp","street_edge_id":95,"intersection_id":16,"osm_way_id":15996973,"region_id":1,"region_name":"Laurens","avg_image_capture_date":"2025-11-01T00:00Z","avg_label_date":"2026-09-17T01:45:39.312724Z","median_severity":null,"agree_count":0,"disagree_count":0,"unsure_count":0,"cluster_size":1,"label_ids":[493],"users":["51b0b927-3c8a-45b2-93de-bd878d1e5cf4"],"tag_counts":{}}},{"type":"Feature","geometry":{"type":"Point","coordinates":[-94.8461370137,42.8443892125]},"properties":{"label_cluster_id":8260,"label_type":"CurbRamp","street_edge_id":103,"intersection_id":75,"osm_way_id":15997149,"region_id":1,"region_name":"Laurens","avg_image_capture_date":"2025-11-01T00:00Z","avg_label_date":"2026-09-17T01:43:17.227700Z","median_severity":null,"agree_count":2,"disagree_count":0,"unsure_count":0,"cluster_size":2,"label_ids":[139,343],"users":["51b0b927-3c8a-45b2-93de-bd878d1e5cf4"],"tag_counts":{}}},{"type":"Feature","geometry":{"type":"Point","coordinates":[-94.8461584501,42.8442866475]},"properties":{"label_cluster_id":8261,"label_type":"CurbRamp","street_edge_id":136,"intersection_id":null,"osm_way_id":15997517,"region_id":1,"region_name":"Laurens","avg_image_capture_date":"2025-11-01T00:00Z","avg_label_date":"2026-09-22T01:13:53.915178Z","median_severity":null,"agree_count":1,"disagree_count":0,"unsure_count":0,"cluster_size":1,"label_ids":[1668],"users":["51b0b927-3c8a-45b2-93de-bd878d1e5cf4"],"tag_counts":{}}},{"type":"Feature","geometry":{"type":"Point","coordinates":[-94.8462254097,42.8446560422]},"properties":{"label_cluster_id":8262,"label_type":"CurbRamp","street_edge_id":135,"intersection_id":75,"osm_way_id":15997517,"region_id":1,"region_name":"Laurens","avg_image_capture_date":"2025-11-01T00:00Z","avg_label_date":"2026-09-19T23:21:47.414Z","median_severity":2,"agree_count":0,"disagree_count":0,"unsure_count":0,"cluster_size":1,"label_ids":[1261],"users":["549187e0-redacted"],"tag_counts":{"narrow":1,"missing tactile warning":1}}},{"type":"Feature","geometry":{"type":"Point","coordinates":[-94.8463546021,42.8446589461]},"properties":{"label_cluster_id":8263,"label_type":"CurbRamp","street_edge_id":53,"intersection_id":75,"osm_way_id":15996486,"region_id":1,"region_name":"Laurens","avg_image_capture_date":"2025-11-01T00:00Z","avg_label_date":"2026-09-22T01:13:57.462388Z","median_severity":null,"agree_count":0,"disagree_count":0,"unsure_count":0,"cluster_size":1,"label_ids":[1711],"users":["51b0b927-3c8a-45b2-93de-bd878d1e5cf4"],"tag_counts":{}}},{"type":"Feature","geometry":{"type":"Point","coordinates":[-94.8461009321,42.8445743756]},"properties":{"label_cluster_id":8264,"label_type":"CurbRamp","street_edge_id":135,"intersection_id":75,"osm_way_id":15997517,"region_id":1,"region_name":"Laurens","avg_image_capture_date":"2025-11-01T00:00Z","avg_label_date":"2026-09-19T13:29:02.677596Z","median_severity":null,"agree_count":1,"disagree_count":0,"unsure_count":1,"cluster_size":2,"label_ids":[221,2422],"users":["51b0b927-3c8a-45b2-93de-bd878d1e5cf4"],"tag_counts":{}}},{"type":"Feature","geometry":{"type":"Point","coordinates":[-94.8461076521,42.8445161865]},"properties":{"label_cluster_id":8265,"label_type":"CurbRamp","street_edge_id":103,"intersection_id":75,"osm_way_id":15997149,"region_id":1,"region_name":"Laurens","avg_image_capture_date":"2025-11-01T00:00Z","avg_label_date":"2026-09-17T01:44:58.418910Z","median_severity":null,"agree_count":3,"disagree_count":0,"unsure_count":0,"cluster_size":3,"label_ids":[145,545,578],"users":["51b0b927-3c8a-45b2-93de-bd878d1e5cf4"],"tag_counts":{}}},{"type":"Feature","geometry":{"type":"Point","coordinates":[-94.8461253926,42.8444692473]},"properties":{"label_cluster_id":8266,"label_type":"CurbRamp","street_edge_id":103,"intersection_id":75,"osm_way_id":15997149,"region_id":1,"region_name":"Laurens","avg_image_capture_date":"2025-11-01T00:00Z","avg_label_date":"2026-09-17T15:40:14.034755Z","median_severity":2,"agree_count":4,"disagree_count":0,"unsure_count":0,"cluster_size":5,"label_ids":[10,393,498,633,1265],"users":["51b0b927-3c8a-45b2-93de-bd878d1e5cf4","549187e0-redacted"],"tag_counts":{"not level with street":1,"missing tactile warning":1}}},{"type":"Feature","geometry":{"type":"Point","coordinates":[-94.8460263434,42.8444733027]},"properties":{"label_cluster_id":8267,"label_type":"CurbRamp","street_edge_id":103,"intersection_id":75,"osm_way_id":15997149,"region_id":1,"region_name":"Laurens","avg_image_capture_date":"2025-11-01T00:00Z","avg_label_date":"2026-09-22T01:14:43.609537Z","median_severity":null,"agree_count":0,"disagree_count":0,"unsure_count":0,"cluster_size":1,"label_ids":[2277],"users":["51b0b927-3c8a-45b2-93de-bd878d1e5cf4"],"tag_counts":{}}},{"type":"Feature","geometry":{"type":"Point","coordinates":[-94.8485093005,42.8498745633]},"properties":{"label_cluster_id":8268,"label_type":"CurbRamp","street_edge_id":121,"intersection_id":6,"osm_way_id":15997380,"region_id":1,"region_name":"Laurens","avg_image_capture_date":"2025-11-01T00:00Z","avg_label_date":"2026-09-20T09:24:27.433824Z","median_severity":null,"agree_count":5,"disagree_count":0,"unsure_count":0,"cluster_size":6,"label_ids":[73,697,1558,2151,2156,2253],"users":["51b0b927-3c8a-45b2-93de-bd878d1e5cf4"],"tag_counts":{}}},{"type":"Feature","geometry":{"type":"Point","coordinates":[-94.8482905651,42.8499009262]},"properties":{"label_cluster_id":8269,"label_type":"CurbRamp","street_edge_id":121,"intersection_id":6,"osm_way_id":15997380,"region_id":1,"region_name":"Laurens","avg_image_capture_date":"2025-11-01T00:00Z","avg_label_date":"2026-09-22T01:14:48.504417Z","median_severity":null,"agree_count":1,"disagree_count":0,"unsure_count":0,"cluster_size":1,"label_ids":[2340],"users":["51b0b927-3c8a-45b2-93de-bd878d1e5cf4"],"tag_counts":{}}},{"type":"Feature","geometry":{"type":"Point","coordinates":[-94.8473911637,42.8507875453]},"properties":{"label_cluster_id":8270,"label_type":"CurbRamp","street_edge_id":109,"intersection_id":52,"osm_way_id":15997258,"region_id":1,"region_name":"Laurens","avg_image_capture_date":"2025-11-01T00:00Z","avg_label_date":"2026-09-26T13:55:04.174500Z","median_severity":2,"agree_count":0,"disagree_count":0,"unsure_count":0,"cluster_size":2,"label_ids":[3010,3012],"users":["549187e0-redacted"],"tag_counts":{"narrow":2,"missing tactile warning":2}}},{"type":"Feature","geometry":{"type":"Point","coordinates":[-94.8472682668,42.8499923]},"properties":{"label_cluster_id":8271,"label_type":"CurbRamp","street_edge_id":99,"intersection_id":72,"osm_way_id":15997048,"region_id":1,"region_name":"Laurens","avg_image_capture_date":"2025-11-01T00:00Z","avg_label_date":"2026-09-22T01:14:47.605748Z","median_severity":null,"agree_count":1,"disagree_count":0,"unsure_count":0,"cluster_size":2,"label_ids":[2291,2363],"users":["51b0b927-3c8a-45b2-93de-bd878d1e5cf4"],"tag_counts":{}}},{"type":"Feature","geometry":{"type":"Point","coordinates":[-94.8472887172,42.8499134721]},"properties":{"label_cluster_id":8272,"label_type":"CurbRamp","street_edge_id":121,"intersection_id":72,"osm_way_id":15997380,"region_id":1,"region_name":"Laurens","avg_image_capture_date":"2025-11-01T00:00Z","avg_label_date":"2026-09-20T09:23:14.331930Z","median_severity":null,"agree_count":2,"disagree_count":0,"unsure_count":0,"cluster_size":3,"label_ids":[18,1978,2085],"users":["51b0b927-3c8a-45b2-93de-bd878d1e5cf4"],"tag_counts":{}}},{"type":"Feature","geometry":{"type":"Point","coordinates":[-94.8474643478,42.8499339252]},"properties":{"label_cluster_id":8273,"label_type":"CurbRamp","street_edge_id":121,"intersection_id":72,"osm_way_id":15997380,"region_id":1,"region_name":"Laurens","avg_image_capture_date":"2025-11-01T00:00Z","avg_label_date":"2026-09-22T01:14:12.812700Z","median_severity":null,"agree_count":1,"disagree_count":0,"unsure_count":0,"cluster_size":1,"label_ids":[1894],"users":["51b0b927-3c8a-45b2-93de-bd878d1e5cf4"],"tag_counts":{}}},{"type":"Feature","geometry":{"type":"Point","coordinates":[-94.8463688074,42.8497746941]},"properties":{"label_cluster_id":8274,"label_type":"CurbRamp","street_edge_id":119,"intersection_id":68,"osm_way_id":15997380,"region_id":1,"region_name":"Laurens","avg_image_capture_date":"2025-11-01T00:00Z","avg_label_date":"2026-09-22T01:14:30.659899Z","median_severity":null,"agree_count":1,"disagree_count":0,"unsure_count":0,"cluster_size":2,"label_ids":[1883,2352],"users":["51b0b927-3c8a-45b2-93de-bd878d1e5cf4"],"tag_counts":{}}},{"type":"Feature","geometry":{"type":"Point","coordinates":[-94.8464743837,42.8497849576]},"properties":{"label_cluster_id":8275,"label_type":"CurbRamp","street_edge_id":119,"intersection_id":68,"osm_way_id":15997380,"region_id":1,"region_name":"Laurens","avg_image_capture_date":"2025-11-01T00:00Z","avg_label_date":"2026-09-17T01:44:44.590393Z","median_severity":null,"agree_count":1,"disagree_count":0,"unsure_count":0,"cluster_size":1,"label_ids":[368],"users":["51b0b927-3c8a-45b2-93de-bd878d1e5cf4"],"tag_counts":{}}},{"type":"Feature","geometry":{"type":"Point","coordinates":[-94.8460682213,42.8497578186]},"properties":{"label_cluster_id":8276,"label_type":"CurbRamp","street_edge_id":120,"intersection_id":68,"osm_way_id":15997380,"region_id":1,"region_name":"Laurens","avg_image_capture_date":"2025-11-01T00:00Z","avg_label_date":"2026-09-22T01:15:00.496931Z","median_severity":null,"agree_count":1,"disagree_count":0,"unsure_count":0,"cluster_size":1,"label_ids":[2473],"users":["51b0b927-3c8a-45b2-93de-bd878d1e5cf4"],"tag_counts":{}}},{"type":"Feature","geometry":{"type":"Point","coordinates":[-94.8450429429,42.8505249106]},"properties":{"label_cluster_id":8277,"label_type":"CurbRamp","street_edge_id":110,"intersection_id":null,"osm_way_id":15997258,"region_id":1,"region_name":"Laurens","avg_image_capture_date":"2025-11-01T00:00Z","avg_label_date":"2026-09-22T01:14:49.692493Z","median_severity":null,"agree_count":0,"disagree_count":1,"unsure_count":0,"cluster_size":1,"label_ids":[2355],"users":["51b0b927-3c8a-45b2-93de-bd878d1e5cf4"],"tag_counts":{}}},{"type":"Feature","geometry":{"type":"Point","coordinates":[-94.8449744496,42.8495422477]},"properties":{"label_cluster_id":8278,"label_type":"CurbRamp","street_edge_id":75,"intersection_id":null,"osm_way_id":15996741,"region_id":1,"region_name":"Laurens","avg_image_capture_date":"2025-11-01T00:00Z","avg_label_date":"2026-09-22T01:14:58.799972Z","median_severity":null,"agree_count":0,"disagree_count":1,"unsure_count":0,"cluster_size":1,"label_ids":[2458],"users":["51b0b927-3c8a-45b2-93de-bd878d1e5cf4"],"tag_counts":{}}},{"type":"Feature","geometry":{"type":"Point","coordinates":[-94.8421842534,42.8488165017]},"properties":{"label_cluster_id":8279,"label_type":"CurbRamp","street_edge_id":73,"intersection_id":23,"osm_way_id":15996740,"region_id":1,"region_name":"Laurens","avg_image_capture_date":"2025-11-01T00:00Z","avg_label_date":"2026-09-22T01:14:05.750929Z","median_severity":null,"agree_count":1,"disagree_count":0,"unsure_count":0,"cluster_size":1,"label_ids":[1810],"users":["51b0b927-3c8a-45b2-93de-bd878d1e5cf4"],"tag_counts":{}}},{"type":"Feature","geometry":{"type":"Point","coordinates":[-94.8421744145,42.8488989594]},"properties":{"label_cluster_id":8280,"label_type":"CurbRamp","street_edge_id":143,"intersection_id":23,"osm_way_id":15997558,"region_id":1,"region_name":"Laurens","avg_image_capture_date":"2025-11-01T00:00Z","avg_label_date":"2026-09-22T01:14:20.122762Z","median_severity":null,"agree_count":0,"disagree_count":0,"unsure_count":0,"cluster_size":1,"label_ids":[1979],"users":["51b0b927-3c8a-45b2-93de-bd878d1e5cf4"],"tag_counts":{}}},{"type":"Feature","geometry":{"type":"Point","coordinates":[-94.8423189179,42.8488397991]},"properties":{"label_cluster_id":8281,"label_type":"CurbRamp","street_edge_id":71,"intersection_id":23,"osm_way_id":15996740,"region_id":1,"region_name":"Laurens","avg_image_capture_date":"2025-11-01T00:00Z","avg_label_date":"2026-09-17T01:41:55.080304Z","median_severity":null,"agree_count":1,"disagree_count":0,"unsure_count":0,"cluster_size":1,"label_ids":[117],"users":["51b0b927-3c8a-45b2-93de-bd878d1e5cf4"],"tag_counts":{}}},{"type":"Feature","geometry":{"type":"Point","coordinates":[-94.8415311192,42.8488848545]},"properties":{"label_cluster_id":8282,"label_type":"CurbRamp","street_edge_id":91,"intersection_id":7,"osm_way_id":15996960,"region_id":1,"region_name":"Laurens","avg_image_capture_date":"2025-11-01T00:00Z","avg_label_date":"2026-09-22T01:14:04.403862Z","median_severity":null,"agree_count":0,"disagree_count":1,"unsure_count":0,"cluster_size":1,"label_ids":[1798],"users":["51b0b927-3c8a-45b2-93de-bd878d1e5cf4"],"tag_counts":{}}},{"type":"Feature","geometry":{"type":"Point","coordinates":[-94.8439267705,42.8499262614]},"properties":{"label_cluster_id":8283,"label_type":"CurbRamp","street_edge_id":123,"intersection_id":25,"osm_way_id":15997380,"region_id":1,"region_name":"Laurens","avg_image_capture_date":"2025-11-01T00:00Z","avg_label_date":"2026-09-22T01:14:02.292074Z","median_severity":null,"agree_count":0,"disagree_count":1,"unsure_count":0,"cluster_size":1,"label_ids":[1777],"users":["51b0b927-3c8a-45b2-93de-bd878d1e5cf4"],"tag_counts":{}}},{"type":"Feature","geometry":{"type":"Point","coordinates":[-94.8436307762,42.8498386867]},"properties":{"label_cluster_id":8284,"label_type":"CurbRamp","street_edge_id":122,"intersection_id":25,"osm_way_id":15997380,"region_id":1,"region_name":"Laurens","avg_image_capture_date":"2025-11-01T00:00Z","avg_label_date":"2026-09-22T01:15:00.055362Z","median_severity":null,"agree_count":0,"disagree_count":0,"unsure_count":0,"cluster_size":1,"label_ids":[2470],"users":["51b0b927-3c8a-45b2-93de-bd878d1e5cf4"],"tag_counts":{}}},{"type":"Feature","geometry":{"type":"Point","coordinates":[-94.8435246304,42.8488400667]},"properties":{"label_cluster_id":8285,"label_type":"CurbRamp","street_edge_id":71,"intersection_id":73,"osm_way_id":15996740,"region_id":1,"region_name":"Laurens","avg_image_capture_date":"2025-11-01T00:00Z","avg_label_date":"2026-09-22T01:14:30.283761Z","median_severity":null,"agree_count":0,"disagree_count":0,"unsure_count":0,"cluster_size":1,"label_ids":[2111],"users":["51b0b927-3c8a-45b2-93de-bd878d1e5cf4"],"tag_counts":{}}},{"type":"Feature","geometry":{"type":"Point","coordinates":[-94.8425777661,42.8518292936]},"properties":{"label_cluster_id":8286,"label_type":"CurbRamp","street_edge_id":165,"intersection_id":null,"osm_way_id":15997804,"region_id":1,"region_name":"Laurens","avg_image_capture_date":"2025-11-01T00:00Z","avg_label_date":"2026-09-22T01:14:12.542703Z","median_severity":null,"agree_count":0,"disagree_count":1,"unsure_count":0,"cluster_size":1,"label_ids":[1891],"users":["51b0b927-3c8a-45b2-93de-bd878d1e5cf4"],"tag_counts":{}}},{"type":"Feature","geometry":{"type":"Point","coordinates":[-94.8472310147,42.8508791975]},"properties":{"label_cluster_id":8287,"label_type":"CurbRamp","street_edge_id":109,"intersection_id":52,"osm_way_id":15997258,"region_id":1,"region_name":"Laurens","avg_image_capture_date":"2025-11-01T00:00Z","avg_label_date":"2026-09-23T13:28:03.883632Z","median_severity":2,"agree_count":1,"disagree_count":0,"unsure_count":0,"cluster_size":3,"label_ids":[1744,2251,3015],"users":["51b0b927-3c8a-45b2-93de-bd878d1e5cf4","549187e0-redacted"],"tag_counts":{"narrow":1,"missing tactile warning":1}}},{"type":"Feature","geometry":{"type":"Point","coordinates":[-94.8471425721,42.8508947323]},"properties":{"label_cluster_id":8288,"label_type":"CurbRamp","street_edge_id":100,"intersection_id":52,"osm_way_id":15997048,"region_id":1,"region_name":"Laurens","avg_image_capture_date":"2025-11-01T00:00Z","avg_label_date":"2026-09-20T19:22:30.582853Z","median_severity":null,"agree_count":3,"disagree_count":0,"unsure_count":0,"cluster_size":4,"label_ids":[561,1889,2060,2397],"users":["51b0b927-3c8a-45b2-93de-bd878d1e5cf4"],"tag_counts":{}}},{"type":"Feature","geometry":{"type":"Point","coordinates":[-94.8473012591,42.8517965524]},"properties":{"label_cluster_id":8289,"label_type":"CurbRamp","street_edge_id":164,"intersection_id":70,"osm_way_id":15997804,"region_id":1,"region_name":"Laurens","avg_image_capture_date":"2025-11-01T00:00Z","avg_label_date":"2026-09-21T22:44:29.539275Z","median_severity":2,"agree_count":0,"disagree_count":0,"unsure_count":0,"cluster_size":3,"label_ids":[255,2287,3033],"users":["51b0b927-3c8a-45b2-93de-bd878d1e5cf4","549187e0-redacted"],"tag_counts":{"narrow":1,"debris / pooled water":1,"missing tactile warning":1}}},{"type":"Feature","geometry":{"type":"Point","coordinates":[-94.8484773101,42.8519583967]},"properties":{"label_cluster_id":8290,"label_type":"CurbRamp","street_edge_id":48,"intersection_id":55,"osm_way_id":15996421,"region_id":1,"region_name":"Laurens","avg_image_capture_date":"2025-11-01T00:00Z","avg_label_date":"2026-09-17T01:43:00.613894Z","median_severity":null,"agree_count":4,"disagree_count":0,"unsure_count":0,"cluster_size":4,"label_ids":[3,133,289,444],"users":["51b0b927-3c8a-45b2-93de-bd878d1e5cf4"],"tag_counts":{}}},{"type":"Feature","geometry":{"type":"Point","coordinates":[-94.848361776,42.8519185542]},"properties":{"label_cluster_id":8291,"label_type":"CurbRamp","street_edge_id":164,"intersection_id":55,"osm_way_id":15997804,"region_id":1,"region_name":"Laurens","avg_image_capture_date":"2025-11-01T00:00Z","avg_label_date":"2026-09-17T01:44:40.526412Z","median_severity":null,"agree_count":0,"disagree_count":0,"unsure_count":0,"cluster_size":2,"label_ids":[116,677],"users":["51b0b927-3c8a-45b2-93de-bd878d1e5cf4"],"tag_counts":{}}},{"type":"Feature","geometry":{"type":"Point","coordinates":[-94.8543394055,42.8466495341]},"properties":{"label_cluster_id":8292,"label_type":"CurbRamp","street_edge_id":32,"intersection_id":66,"osm_way_id":15996191,"region_id":1,"region_name":"Laurens","avg_image_capture_date":"2025-11-01T00:00Z","avg_label_date":"2026-09-19T01:32:40.190659Z","median_severity":null,"agree_count":4,"disagree_count":0,"unsure_count":0,"cluster_size":5,"label_ids":[161,457,556,2135,2159],"users":["51b0b927-3c8a-45b2-93de-bd878d1e5cf4"],"tag_counts":{}}},{"type":"Feature","geometry":{"type":"Point","coordinates":[-94.854055903,42.8467846351]},"properties":{"label_cluster_id":8293,"label_type":"CurbRamp","street_edge_id":29,"intersection_id":66,"osm_way_id":15996191,"region_id":1,"region_name":"Laurens","avg_image_capture_date":"2025-11-01T00:00Z","avg_label_date":"2026-09-20T09:24:40.742673Z","median_severity":null,"agree_count":2,"disagree_count":0,"unsure_count":0,"cluster_size":3,"label_ids":[315,2376,2448],"users":["51b0b927-3c8a-45b2-93de-bd878d1e5cf4"],"tag_counts":{}}},{"type":"Feature","geometry":{"type":"Point","coordinates":[-94.8541521373,42.8468809503]},"properties":{"label_cluster_id":8294,"label_type":"CurbRamp","street_edge_id":152,"intersection_id":66,"osm_way_id":15997604,"region_id":1,"region_name":"Laurens","avg_image_capture_date":"2025-11-01T00:00Z","avg_label_date":"2026-09-20T15:09:02.758127Z","median_severity":1,"agree_count":1,"disagree_count":0,"unsure_count":0,"cluster_size":3,"label_ids":[692,2104,2680],"users":["51b0b927-3c8a-45b2-93de-bd878d1e5cf4","549187e0-redacted"],"tag_counts":{}}},{"type":"Feature","geometry":{"type":"Point","coordinates":[-94.8528875973,42.8457661953]},"properties":{"label_cluster_id":8295,"label_type":"CurbRamp","street_edge_id":6,"intersection_id":56,"osm_way_id":15991387,"region_id":1,"region_name":"Laurens","avg_image_capture_date":"2025-11-01T00:00Z","avg_label_date":"2026-09-22T12:35:22.262637Z","median_severity":2,"agree_count":1,"disagree_count":0,"unsure_count":0,"cluster_size":3,"label_ids":[1998,2606,2614],"users":["51b0b927-3c8a-45b2-93de-bd878d1e5cf4","549187e0-redacted"],"tag_counts":{"narrow":2,"missing tactile warning":2}}},{"type":"Feature","geometry":{"type":"Point","coordinates":[-94.8528430872,42.8457371034]},"properties":{"label_cluster_id":8296,"label_type":"CurbRamp","street_edge_id":6,"intersection_id":56,"osm_way_id":15991387,"region_id":1,"region_name":"Laurens","avg_image_capture_date":"2025-11-01T00:00Z","avg_label_date":"2026-09-19T16:20:11.753363Z","median_severity":2,"agree_count":2,"disagree_count":0,"unsure_count":0,"cluster_size":6,"label_ids":[278,463,631,2442,2541,2601],"users":["51b0b927-3c8a-45b2-93de-bd878d1e5cf4","549187e0-redacted"],"tag_counts":{"narrow":1,"missing tactile warning":1}}},{"type":"Feature","geometry":{"type":"Point","coordinates":[-94.8516126992,42.8457390991]},"properties":{"label_cluster_id":8297,"label_type":"CurbRamp","street_edge_id":67,"intersection_id":9,"osm_way_id":15996716,"region_id":1,"region_name":"Laurens","avg_image_capture_date":"2025-11-01T00:00Z","avg_label_date":"2026-09-21T20:58:08.205Z","median_severity":2,"agree_count":0,"disagree_count":0,"unsure_count":0,"cluster_size":1,"label_ids":[1539],"users":["549187e0-redacted"],"tag_counts":{"missing tactile warning":1}}},{"type":"Feature","geometry":{"type":"Point","coordinates":[-94.8527053579,42.8467586122]},"properties":{"label_cluster_id":8298,"label_type":"CurbRamp","street_edge_id":30,"intersection_id":65,"osm_way_id":15996191,"region_id":1,"region_name":"Laurens","avg_image_capture_date":"2025-11-01T00:00Z","avg_label_date":"2026-09-22T01:14:19.077010Z","median_severity":null,"agree_count":2,"disagree_count":0,"unsure_count":0,"cluster_size":2,"label_ids":[1912,2025],"users":["51b0b927-3c8a-45b2-93de-bd878d1e5cf4"],"tag_counts":{}}},{"type":"Feature","geometry":{"type":"Point","coordinates":[-94.8528071707,42.8467158411]},"properties":{"label_cluster_id":8299,"label_type":"CurbRamp","street_edge_id":30,"intersection_id":65,"osm_way_id":15996191,"region_id":1,"region_name":"Laurens","avg_image_capture_date":"2025-11-01T00:00Z","avg_label_date":"2026-09-22T19:47:32.594002Z","median_severity":1,"agree_count":0,"disagree_count":0,"unsure_count":0,"cluster_size":3,"label_ids":[1698,2750,2752],"users":["51b0b927-3c8a-45b2-93de-bd878d1e5cf4","549187e0-redacted"],"tag_counts":{}}},{"type":"Feature","geometry":{"type":"Point","coordinates":[-94.8527627971,42.8466704093]},"properties":{"label_cluster_id":8300,"label_type":"CurbRamp","street_edge_id":30,"intersection_id":65,"osm_way_id":15996191,"region_id":1,"region_name":"Laurens","avg_image_capture_date":"2025-11-01T00:00Z","avg_label_date":"2026-09-17T01:42:37.120681Z","median_severity":null,"agree_count":1,"disagree_count":0,"unsure_count":0,"cluster_size":1,"label_ids":[179],"users":["51b0b927-3c8a-45b2-93de-bd878d1e5cf4"],"tag_counts":{}}},{"type":"Feature","geometry":{"type":"Point","coordinates":[-94.8514863309,42.8467345574]},"properties":{"label_cluster_id":8301,"label_type":"CurbRamp","street_edge_id":81,"intersection_id":32,"osm_way_id":15996928,"region_id":1,"region_name":"Laurens","avg_image_capture_date":"2025-11-01T00:00Z","avg_label_date":"2026-09-18T17:32:45.755296Z","median_severity":null,"agree_count":2,"disagree_count":0,"unsure_count":0,"cluster_size":3,"label_ids":[56,208,1731],"users":["51b0b927-3c8a-45b2-93de-bd878d1e5cf4"],"tag_counts":{}}},{"type":"Feature","geometry":{"type":"Point","coordinates":[-94.8515092836,42.84677075]},"properties":{"label_cluster_id":8302,"label_type":"CurbRamp","street_edge_id":81,"intersection_id":32,"osm_way_id":15996928,"region_id":1,"region_name":"Laurens","avg_image_capture_date":"2025-11-01T00:00Z","avg_label_date":"2026-09-20T01:26:33.026013Z","median_severity":2,"agree_count":3,"disagree_count":0,"unsure_count":0,"cluster_size":5,"label_ids":[328,422,1682,2128,2346],"users":["51b0b927-3c8a-45b2-93de-bd878d1e5cf4"],"tag_counts":{"missing tactile warning":1}}},{"type":"Feature","geometry":{"type":"Point","coordinates":[-94.8515270014,42.8466287275]},"properties":{"label_cluster_id":8303,"label_type":"CurbRamp","street_edge_id":30,"intersection_id":32,"osm_way_id":15996191,"region_id":1,"region_name":"Laurens","avg_image_capture_date":"2025-11-01T00:00Z","avg_label_date":"2026-09-21T04:36:06.396060Z","median_severity":2,"agree_count":5,"disagree_count":0,"unsure_count":0,"cluster_size":6,"label_ids":[296,1525,1555,1802,2131,2148],"users":["51b0b927-3c8a-45b2-93de-bd878d1e5cf4","549187e0-redacted"],"tag_counts":{"surface problem":1,"missing tactile warning":1}}},{"type":"Feature","geometry":{"type":"Point","coordinates":[-94.8513973488,42.8466160232]},"properties":{"label_cluster_id":8304,"label_type":"CurbRamp","street_edge_id":33,"intersection_id":32,"osm_way_id":15996191,"region_id":1,"region_name":"Laurens","avg_image_capture_date":"2025-11-01T00:00Z","avg_label_date":"2026-09-20T03:53:32.816466Z","median_severity":2,"agree_count":4,"disagree_count":0,"unsure_count":0,"cluster_size":8,"label_ids":[171,526,657,1521,1822,1832,2028,2225],"users":["51b0b927-3c8a-45b2-93de-bd878d1e5cf4","549187e0-redacted"],"tag_counts":{"surface problem":1,"missing tactile warning":1}}},{"type":"Feature","geometry":{"type":"Point","coordinates":[-94.8485901552,42.8466625644]},"properties":{"label_cluster_id":8305,"label_type":"CurbRamp","street_edge_id":18,"intersection_id":71,"osm_way_id":15996003,"region_id":1,"region_name":"Laurens","avg_image_capture_date":"2025-11-01T00:00Z","avg_label_date":"2026-09-19T11:15:57.862912Z","median_severity":2,"agree_count":0,"disagree_count":0,"unsure_count":0,"cluster_size":4,"label_ids":[193,235,1481,1495],"users":["51b0b927-3c8a-45b2-93de-bd878d1e5cf4","549187e0-redacted"],"tag_counts":{"narrow":2,"surface problem":1,"debris / pooled water":1,"missing tactile warning":2}}},{"type":"Feature","geometry":{"type":"Point","coordinates":[-94.84877094,42.8467585082]},"properties":{"label_cluster_id":8306,"label_type":"CurbRamp","street_edge_id":51,"intersection_id":71,"osm_way_id":15996485,"region_id":1,"region_name":"Laurens","avg_image_capture_date":"2025-11-01T00:00Z","avg_label_date":"2026-09-19T13:28:08.675102Z","median_severity":null,"agree_count":1,"disagree_count":0,"unsure_count":0,"cluster_size":2,"label_ids":[31,2537],"users":["51b0b927-3c8a-45b2-93de-bd878d1e5cf4"],"tag_counts":{}}},{"type":"Feature","geometry":{"type":"Point","coordinates":[-94.8488241362,42.846709559]},"properties":{"label_cluster_id":8307,"label_type":"CurbRamp","street_edge_id":31,"intersection_id":71,"osm_way_id":15996191,"region_id":1,"region_name":"Laurens","avg_image_capture_date":"2025-11-01T00:00Z","avg_label_date":"2026-09-19T13:28:59.488949Z","median_severity":null,"agree_count":4,"disagree_count":0,"unsure_count":0,"cluster_size":4,"label_ids":[125,436,1581,2436],"users":["51b0b927-3c8a-45b2-93de-bd878d1e5cf4"],"tag_counts":{}}},{"type":"Feature","geometry":{"type":"Point","coordinates":[-94.8499618452,42.8467458288]},"properties":{"label_cluster_id":8308,"label_type":"CurbRamp","street_edge_id":31,"intersection_id":2,"osm_way_id":15996191,"region_id":1,"region_name":"Laurens","avg_image_capture_date":"2025-11-01T00:00Z","avg_label_date":"2026-09-20T18:17:15.002602Z","median_severity":2,"agree_count":3,"disagree_count":0,"unsure_count":0,"cluster_size":4,"label_ids":[644,1510,1669,2094],"users":["51b0b927-3c8a-45b2-93de-bd878d1e5cf4","549187e0-redacted"],"tag_counts":{"points into traffic":1}}},{"type":"Feature","geometry":{"type":"Point","coordinates":[-94.8499448866,42.8468091911]},"properties":{"label_cluster_id":8309,"label_type":"CurbRamp","street_edge_id":76,"intersection_id":2,"osm_way_id":15996746,"region_id":1,"region_name":"Laurens","avg_image_capture_date":"2025-11-01T00:00Z","avg_label_date":"2026-09-17T01:47:31.608965Z","median_severity":null,"agree_count":1,"disagree_count":0,"unsure_count":0,"cluster_size":1,"label_ids":[688],"users":["51b0b927-3c8a-45b2-93de-bd878d1e5cf4"],"tag_counts":{}}},{"type":"Feature","geometry":{"type":"Point","coordinates":[-94.8497842256,42.846678295]},"properties":{"label_cluster_id":8310,"label_type":"CurbRamp","street_edge_id":31,"intersection_id":2,"osm_way_id":15996191,"region_id":1,"region_name":"Laurens","avg_image_capture_date":"2025-11-01T00:00Z","avg_label_date":"2026-09-22T01:14:39.812337Z","median_severity":null,"agree_count":0,"disagree_count":0,"unsure_count":0,"cluster_size":1,"label_ids":[2231],"users":["51b0b927-3c8a-45b2-93de-bd878d1e5cf4"],"tag_counts":{}}},{"type":"Feature","geometry":{"type":"Point","coordinates":[-94.8501041782,42.8465124827]},"properties":{"label_cluster_id":8311,"label_type":"CurbRamp","street_edge_id":28,"intersection_id":2,"osm_way_id":15996188,"region_id":1,"region_name":"Laurens","avg_image_capture_date":"2025-11-01T00:00Z","avg_label_date":"2026-09-17T01:43:31.018476Z","median_severity":null,"agree_count":2,"disagree_count":0,"unsure_count":0,"cluster_size":2,"label_ids":[154,371],"users":["51b0b927-3c8a-45b2-93de-bd878d1e5cf4"],"tag_counts":{}}},{"type":"Feature","geometry":{"type":"Point","coordinates":[-94.8500922452,42.8465605061]},"properties":{"label_cluster_id":8312,"label_type":"CurbRamp","street_edge_id":28,"intersection_id":2,"osm_way_id":15996188,"region_id":1,"region_name":"Laurens","avg_image_capture_date":"2025-11-01T00:00Z","avg_label_date":"2026-09-19T12:22:35.509760Z","median_severity":2,"agree_count":2,"disagree_count":0,"unsure_count":0,"cluster_size":4,"label_ids":[19,96,1507,2284],"users":["51b0b927-3c8a-45b2-93de-bd878d1e5cf4","549187e0-redacted"],"tag_counts":{"points into traffic":1,"not level with street":1}}},{"type":"Feature","geometry":{"type":"Point","coordinates":[-94.850316267,42.8465976745]},"properties":{"label_cluster_id":8313,"label_type":"CurbRamp","street_edge_id":33,"intersection_id":2,"osm_way_id":15996191,"region_id":1,"region_name":"Laurens","avg_image_capture_date":"2025-11-01T00:00Z","avg_label_date":"2026-09-17T01:44:35.534584Z","median_severity":null,"agree_count":1,"disagree_count":0,"unsure_count":0,"cluster_size":1,"label_ids":[348],"users":["51b0b927-3c8a-45b2-93de-bd878d1e5cf4"],"tag_counts":{}}},{"type":"Feature","geometry":{"type":"Point","coordinates":[-94.8489129587,42.8445985931]},"properties":{"label_cluster_id":8314,"label_type":"CurbRamp","street_edge_id":10,"intersection_id":36,"osm_way_id":15991587,"region_id":1,"region_name":"Laurens","avg_image_capture_date":"2025-11-01T00:00Z","avg_label_date":"2026-09-19T13:30:00.778948Z","median_severity":null,"agree_count":2,"disagree_count":0,"unsure_count":0,"cluster_size":2,"label_ids":[532,1749],"users":["51b0b927-3c8a-45b2-93de-bd878d1e5cf4"],"tag_counts":{}}},{"type":"Feature","geometry":{"type":"Point","coordinates":[-94.8488416883,42.8446374888]},"properties":{"label_cluster_id":8315,"label_type":"CurbRamp","street_edge_id":10,"intersection_id":36,"osm_way_id":15991587,"region_id":1,"region_name":"Laurens","avg_image_capture_date":"2025-11-01T00:00Z","avg_label_date":"2026-09-19T13:30:17.578277Z","median_severity":null,"agree_count":6,"disagree_count":0,"unsure_count":0,"cluster_size":6,"label_ids":[298,606,652,2109,2113,2191],"users":["51b0b927-3c8a-45b2-93de-bd878d1e5cf4"],"tag_counts":{}}},{"type":"Feature","geometry":{"type":"Point","coordinates":[-94.8489437731,42.8446740073]},"properties":{"label_cluster_id":8316,"label_type":"CurbRamp","street_edge_id":10,"intersection_id":36,"osm_way_id":15991587,"region_id":1,"region_name":"Laurens","avg_image_capture_date":"2025-11-01T00:00Z","avg_label_date":"2026-09-17T01:45:08.514590Z","median_severity":null,"agree_count":1,"disagree_count":0,"unsure_count":0,"cluster_size":1,"label_ids":[418],"users":["51b0b927-3c8a-45b2-93de-bd878d1e5cf4"],"tag_counts":{}}},{"type":"Feature","geometry":{"type":"Point","coordinates":[-94.8500678323,42.8445790606]},"properties":{"label_cluster_id":8317,"label_type":"CurbRamp","street_edge_id":10,"intersection_id":8,"osm_way_id":15991587,"region_id":1,"region_name":"Laurens","avg_image_capture_date":"2025-11-01T00:00Z","avg_label_date":"2026-09-20T01:26:59.196456Z","median_severity":null,"agree_count":4,"disagree_count":0,"unsure_count":1,"cluster_size":5,"label_ids":[478,535,1705,1852,2568],"users":["51b0b927-3c8a-45b2-93de-bd878d1e5cf4"],"tag_counts":{}}},{"type":"Feature","geometry":{"type":"Point","coordinates":[-94.8500594985,42.8447009728]},"properties":{"label_cluster_id":8318,"label_type":"CurbRamp","street_edge_id":26,"intersection_id":8,"osm_way_id":15996188,"region_id":1,"region_name":"Laurens","avg_image_capture_date":"2025-11-01T00:00Z","avg_label_date":"2026-09-22T01:14:20.363278Z","median_severity":null,"agree_count":1,"disagree_count":0,"unsure_count":0,"cluster_size":1,"label_ids":[1981],"users":["51b0b927-3c8a-45b2-93de-bd878d1e5cf4"],"tag_counts":{}}},{"type":"Feature","geometry":{"type":"Point","coordinates":[-94.8500336588,42.8446359969]},"properties":{"label_cluster_id":8319,"label_type":"CurbRamp","street_edge_id":10,"intersection_id":8,"osm_way_id":15991587,"region_id":1,"region_name":"Laurens","avg_image_capture_date":"2025-11-01T00:00Z","avg_label_date":"2026-09-22T01:14:37.805099Z","median_severity":null,"agree_count":1,"disagree_count":0,"unsure_count":0,"cluster_size":1,"label_ids":[2203],"users":["51b0b927-3c8a-45b2-93de-bd878d1e5cf4"],"tag_counts":{}}},{"type":"Feature","geometry":{"type":"Point","coordinates":[-94.8489227452,42.8456383864]},"properties":{"label_cluster_id":8320,"label_type":"CurbRamp","street_edge_id":70,"intersection_id":31,"osm_way_id":15996716,"region_id":1,"region_name":"Laurens","avg_image_capture_date":"2025-11-01T00:00Z","avg_label_date":"2026-09-19T13:29:20.570026Z","median_severity":null,"agree_count":1,"disagree_count":0,"unsure_count":0,"cluster_size":2,"label_ids":[322,2016],"users":["51b0b927-3c8a-45b2-93de-bd878d1e5cf4"],"tag_counts":{}}},{"type":"Feature","geometry":{"type":"Point","coordinates":[-94.848785469,42.8456509801]},"properties":{"label_cluster_id":8321,"label_type":"CurbRamp","street_edge_id":70,"intersection_id":31,"osm_way_id":15996716,"region_id":1,"region_name":"Laurens","avg_image_capture_date":"2025-11-01T00:00Z","avg_label_date":"2026-09-18T07:37:01.911040Z","median_severity":null,"agree_count":1,"disagree_count":0,"unsure_count":0,"cluster_size":4,"label_ids":[262,434,468,1694],"users":["51b0b927-3c8a-45b2-93de-bd878d1e5cf4"],"tag_counts":{}}},{"type":"Feature","geometry":{"type":"Point","coordinates":[-94.8488027466,42.8456969184]},"properties":{"label_cluster_id":8322,"label_type":"CurbRamp","street_edge_id":52,"intersection_id":31,"osm_way_id":15996485,"region_id":1,"region_name":"Laurens","avg_image_capture_date":"2025-11-01T00:00Z","avg_label_date":"2026-09-19T13:28:20.687683Z","median_severity":null,"agree_count":2,"disagree_count":0,"unsure_count":0,"cluster_size":2,"label_ids":[182,1726],"users":["51b0b927-3c8a-45b2-93de-bd878d1e5cf4"],"tag_counts":{}}},{"type":"Feature","geometry":{"type":"Point","coordinates":[-94.8501443121,42.8455570604]},"properties":{"label_cluster_id":8323,"label_type":"CurbRamp","street_edge_id":26,"intersection_id":82,"osm_way_id":15996188,"region_id":1,"region_name":"Laurens","avg_image_capture_date":"2025-11-01T00:00Z","avg_label_date":"2026-09-20T09:25:10.168841Z","median_severity":null,"agree_count":2,"disagree_count":0,"unsure_count":0,"cluster_size":3,"label_ids":[663,1734,1878],"users":["51b0b927-3c8a-45b2-93de-bd878d1e5cf4"],"tag_counts":{}}},{"type":"Feature","geometry":{"type":"Point","coordinates":[-94.8500027078,42.8455876818]},"properties":{"label_cluster_id":8324,"label_type":"CurbRamp","street_edge_id":70,"intersection_id":82,"osm_way_id":15996716,"region_id":1,"region_name":"Laurens","avg_image_capture_date":"2025-11-01T00:00Z","avg_label_date":"2026-09-20T09:24:30.450559Z","median_severity":null,"agree_count":3,"disagree_count":0,"unsure_count":0,"cluster_size":3,"label_ids":[394,1615,2267],"users":["51b0b927-3c8a-45b2-93de-bd878d1e5cf4"],"tag_counts":{}}},{"type":"Feature","geometry":{"type":"Point","coordinates":[-94.8470648355,42.8507885716]},"properties":{"label_cluster_id":8325,"label_type":"CurbRamp","street_edge_id":110,"intersection_id":52,"osm_way_id":15997258,"region_id":1,"region_name":"Laurens","avg_image_capture_date":"2025-11-01T00:00Z","avg_label_date":"2026-09-22T01:14:26.981761Z","median_severity":null,"agree_count":1,"disagree_count":0,"unsure_count":0,"cluster_size":2,"label_ids":[1745,2398],"users":["51b0b927-3c8a-45b2-93de-bd878d1e5cf4"],"tag_counts":{}}},{"type":"Feature","geometry":{"type":"Point","coordinates":[-94.8471677343,42.8507891951]},"properties":{"label_cluster_id":8326,"label_type":"CurbRamp","street_edge_id":99,"intersection_id":52,"osm_way_id":15997048,"region_id":1,"region_name":"Laurens","avg_image_capture_date":"2025-11-01T00:00Z","avg_label_date":"2026-09-24T07:35:15.612636Z","median_severity":2,"agree_count":1,"disagree_count":0,"unsure_count":0,"cluster_size":2,"label_ids":[2374,3017],"users":["51b0b927-3c8a-45b2-93de-bd878d1e5cf4","549187e0-redacted"],"tag_counts":{"narrow":1,"missing tactile warning":1}}},{"type":"Feature","geometry":{"type":"Point","coordinates":[-94.8471720461,42.8499098354]},"properties":{"label_cluster_id":8327,"label_type":"CurbRamp","street_edge_id":99,"intersection_id":72,"osm_way_id":15997048,"region_id":1,"region_name":"Laurens","avg_image_capture_date":"2025-11-01T00:00Z","avg_label_date":"2026-09-22T01:14:24.206968Z","median_severity":null,"agree_count":2,"disagree_count":0,"unsure_count":0,"cluster_size":2,"label_ids":[1977,2086],"users":["51b0b927-3c8a-45b2-93de-bd878d1e5cf4"],"tag_counts":{}}},{"type":"Feature","geometry":{"type":"Point","coordinates":[-94.8472449842,42.8498687945]},"properties":{"label_cluster_id":8328,"label_type":"CurbRamp","street_edge_id":121,"intersection_id":72,"osm_way_id":15997380,"region_id":1,"region_name":"Laurens","avg_image_capture_date":"2025-11-01T00:00Z","avg_label_date":"2026-09-17T01:42:00.741584Z","median_severity":null,"agree_count":1,"disagree_count":0,"unsure_count":0,"cluster_size":2,"label_ids":[37,197],"users":["51b0b927-3c8a-45b2-93de-bd878d1e5cf4"],"tag_counts":{}}},{"type":"Feature","geometry":{"type":"Point","coordinates":[-94.8462895196,42.8497905573]},"properties":{"label_cluster_id":8329,"label_type":"CurbRamp","street_edge_id":39,"intersection_id":68,"osm_way_id":15996263,"region_id":1,"region_name":"Laurens","avg_image_capture_date":"2025-11-01T00:00Z","avg_label_date":"2026-09-17T01:45:25.978547Z","median_severity":null,"agree_count":3,"disagree_count":0,"unsure_count":0,"cluster_size":3,"label_ids":[388,397,547],"users":["51b0b927-3c8a-45b2-93de-bd878d1e5cf4"],"tag_counts":{}}},{"type":"Feature","geometry":{"type":"Point","coordinates":[-94.8462708874,42.8497255921]},"properties":{"label_cluster_id":8330,"label_type":"CurbRamp","street_edge_id":39,"intersection_id":68,"osm_way_id":15996263,"region_id":1,"region_name":"Laurens","avg_image_capture_date":"2025-11-01T00:00Z","avg_label_date":"2026-09-22T01:13:44.545825Z","median_severity":null,"agree_count":1,"disagree_count":0,"unsure_count":0,"cluster_size":1,"label_ids":[1574],"users":["51b0b927-3c8a-45b2-93de-bd878d1e5cf4"],"tag_counts":{}}},{"type":"Feature","geometry":{"type":"Point","coordinates":[-94.8461620916,42.8497564111]},"properties":{"label_cluster_id":8331,"label_type":"CurbRamp","street_edge_id":120,"intersection_id":68,"osm_way_id":15997380,"region_id":1,"region_name":"Laurens","avg_image_capture_date":"2025-11-01T00:00Z","avg_label_date":"2026-09-22T01:15:00.496931Z","median_severity":null,"agree_count":1,"disagree_count":0,"unsure_count":0,"cluster_size":1,"label_ids":[2474],"users":["51b0b927-3c8a-45b2-93de-bd878d1e5cf4"],"tag_counts":{}}},{"type":"Feature","geometry":{"type":"Point","coordinates":[-94.8465644537,42.8497893371]},"properties":{"label_cluster_id":8332,"label_type":"CurbRamp","street_edge_id":119,"intersection_id":68,"osm_way_id":15997380,"region_id":1,"region_name":"Laurens","avg_image_capture_date":"2025-11-01T00:00Z","avg_label_date":"2026-09-17T01:44:44.590393Z","median_severity":null,"agree_count":1,"disagree_count":0,"unsure_count":0,"cluster_size":1,"label_ids":[369],"users":["51b0b927-3c8a-45b2-93de-bd878d1e5cf4"],"tag_counts":{}}},{"type":"Feature","geometry":{"type":"Point","coordinates":[-94.8486336746,42.8499000793]},"properties":{"label_cluster_id":8333,"label_type":"CurbRamp","street_edge_id":128,"intersection_id":6,"osm_way_id":15997383,"region_id":1,"region_name":"Laurens","avg_image_capture_date":"2025-11-01T00:00Z","avg_label_date":"2026-09-20T10:43:48.678249Z","median_severity":2,"agree_count":1,"disagree_count":0,"unsure_count":0,"cluster_size":4,"label_ids":[9,72,2557,2953],"users":["51b0b927-3c8a-45b2-93de-bd878d1e5cf4","549187e0-redacted"],"tag_counts":{"narrow":1,"missing tactile warning":1}}},{"type":"Feature","geometry":{"type":"Point","coordinates":[-94.8487517521,42.8499473249]},"properties":{"label_cluster_id":8334,"label_type":"CurbRamp","street_edge_id":128,"intersection_id":6,"osm_way_id":15997383,"region_id":1,"region_name":"Laurens","avg_image_capture_date":"2025-11-01T00:00Z","avg_label_date":"2026-09-21T07:59:15.950096Z","median_severity":2,"agree_count":1,"disagree_count":0,"unsure_count":0,"cluster_size":2,"label_ids":[51,2951],"users":["51b0b927-3c8a-45b2-93de-bd878d1e5cf4","549187e0-redacted"],"tag_counts":{"narrow":1,"debris / pooled water":1,"missing tactile warning":1}}},{"type":"Feature","geometry":{"type":"Point","coordinates":[-94.849901013,42.8499011627]},"properties":{"label_cluster_id":8335,"label_type":"CurbRamp","street_edge_id":128,"intersection_id":37,"osm_way_id":15997383,"region_id":1,"region_name":"Laurens","avg_image_capture_date":"2025-11-01T00:00Z","avg_label_date":"2026-09-20T00:05:53.498045Z","median_severity":2,"agree_count":5,"disagree_count":0,"unsure_count":0,"cluster_size":8,"label_ids":[219,269,539,589,1587,1954,2006,2922],"users":["51b0b927-3c8a-45b2-93de-bd878d1e5cf4","549187e0-redacted"],"tag_counts":{"surface problem":1,"missing tactile warning":1}}},{"type":"Feature","geometry":{"type":"Point","coordinates":[-94.8496937722,42.8498279171]},"properties":{"label_cluster_id":8336,"label_type":"CurbRamp","street_edge_id":128,"intersection_id":37,"osm_way_id":15997383,"region_id":1,"region_name":"Laurens","avg_image_capture_date":"2025-11-01T00:00Z","avg_label_date":"2026-09-22T01:14:12.920365Z","median_severity":null,"agree_count":0,"disagree_count":0,"unsure_count":0,"cluster_size":1,"label_ids":[1897],"users":["51b0b927-3c8a-45b2-93de-bd878d1e5cf4"],"tag_counts":{}}},{"type":"Feature","geometry":{"type":"Point","coordinates":[-94.8485504674,42.848477941]},"properties":{"label_cluster_id":8337,"label_type":"CurbRamp","street_edge_id":45,"intersection_id":null,"osm_way_id":15996421,"region_id":1,"region_name":"Laurens","avg_image_capture_date":"2025-11-01T00:00Z","avg_label_date":"2026-09-22T01:13:53.814736Z","median_severity":null,"agree_count":0,"disagree_count":1,"unsure_count":0,"cluster_size":1,"label_ids":[1667],"users":["51b0b927-3c8a-45b2-93de-bd878d1e5cf4"],"tag_counts":{}}},{"type":"Feature","geometry":{"type":"Point","coordinates":[-94.8439413426,42.8464678247]},"properties":{"label_cluster_id":8338,"label_type":"CurbRamp","street_edge_id":42,"intersection_id":49,"osm_way_id":15996376,"region_id":1,"region_name":"Laurens","avg_image_capture_date":"2025-11-01T00:00Z","avg_label_date":"2026-09-20T06:21:37.526068Z","median_severity":2,"agree_count":3,"disagree_count":0,"unsure_count":0,"cluster_size":5,"label_ids":[781,785,1673,1906,2165],"users":["51b0b927-3c8a-45b2-93de-bd878d1e5cf4","549187e0-redacted"],"tag_counts":{"narrow":2,"missing tactile warning":2}}},{"type":"Feature","geometry":{"type":"Point","coordinates":[-94.84378558,42.845556269]},"properties":{"label_cluster_id":8339,"label_type":"CurbRamp","street_edge_id":160,"intersection_id":21,"osm_way_id":15997796,"region_id":1,"region_name":"Laurens","avg_image_capture_date":"2025-11-01T00:00Z","avg_label_date":"2026-09-18T17:33:23.521281Z","median_severity":null,"agree_count":2,"disagree_count":0,"unsure_count":0,"cluster_size":3,"label_ids":[61,379,1699],"users":["51b0b927-3c8a-45b2-93de-bd878d1e5cf4"],"tag_counts":{}}},{"type":"Feature","geometry":{"type":"Point","coordinates":[-94.8438223607,42.8456061696]},"properties":{"label_cluster_id":8340,"label_type":"CurbRamp","street_edge_id":42,"intersection_id":21,"osm_way_id":15996376,"region_id":1,"region_name":"Laurens","avg_image_capture_date":"2025-11-01T00:00Z","avg_label_date":"2026-09-19T13:29:44.665508Z","median_severity":null,"agree_count":1,"disagree_count":0,"unsure_count":0,"cluster_size":2,"label_ids":[361,2327],"users":["51b0b927-3c8a-45b2-93de-bd878d1e5cf4"],"tag_counts":{}}},{"type":"Feature","geometry":{"type":"Point","coordinates":[-94.8438122421,42.8456619942]},"properties":{"label_cluster_id":8341,"label_type":"CurbRamp","street_edge_id":42,"intersection_id":21,"osm_way_id":15996376,"region_id":1,"region_name":"Laurens","avg_image_capture_date":"2025-11-01T00:00Z","avg_label_date":"2026-09-22T01:14:25.767638Z","median_severity":null,"agree_count":1,"disagree_count":0,"unsure_count":0,"cluster_size":1,"label_ids":[2048],"users":["51b0b927-3c8a-45b2-93de-bd878d1e5cf4"],"tag_counts":{}}},{"type":"Feature","geometry":{"type":"Point","coordinates":[-94.8474359047,42.8456223696]},"properties":{"label_cluster_id":8342,"label_type":"CurbRamp","street_edge_id":161,"intersection_id":79,"osm_way_id":15997796,"region_id":1,"region_name":"Laurens","avg_image_capture_date":"2025-11-01T00:00Z","avg_label_date":"2026-09-21T11:43:09.102438Z","median_severity":2,"agree_count":3,"disagree_count":0,"unsure_count":0,"cluster_size":6,"label_ids":[1059,1439,1936,2099,2167,2530],"users":["51b0b927-3c8a-45b2-93de-bd878d1e5cf4","549187e0-redacted"],"tag_counts":{"narrow":2,"missing tactile warning":2}}},{"type":"Feature","geometry":{"type":"Point","coordinates":[-94.8471839025,42.8455356175]},"properties":{"label_cluster_id":8343,"label_type":"CurbRamp","street_edge_id":163,"intersection_id":79,"osm_way_id":15997796,"region_id":1,"region_name":"Laurens","avg_image_capture_date":"2025-11-01T00:00Z","avg_label_date":"2026-09-17T01:41:28.062304Z","median_severity":null,"agree_count":1,"disagree_count":0,"unsure_count":0,"cluster_size":1,"label_ids":[66],"users":["51b0b927-3c8a-45b2-93de-bd878d1e5cf4"],"tag_counts":{}}},{"type":"Feature","geometry":{"type":"Point","coordinates":[-94.8475811243,42.8445369481]},"properties":{"label_cluster_id":8344,"label_type":"CurbRamp","street_edge_id":158,"intersection_id":16,"osm_way_id":15997794,"region_id":1,"region_name":"Laurens","avg_image_capture_date":"2025-11-01T00:00Z","avg_label_date":"2026-09-18T17:34:59.236301Z","median_severity":null,"agree_count":3,"disagree_count":0,"unsure_count":0,"cluster_size":3,"label_ids":[481,483,1651],"users":["51b0b927-3c8a-45b2-93de-bd878d1e5cf4"],"tag_counts":{}}},{"type":"Feature","geometry":{"type":"Point","coordinates":[-94.8475026168,42.8444670577]},"properties":{"label_cluster_id":8345,"label_type":"CurbRamp","street_edge_id":92,"intersection_id":16,"osm_way_id":15996973,"region_id":1,"region_name":"Laurens","avg_image_capture_date":"2025-11-01T00:00Z","avg_label_date":"2026-09-19T13:28:52.480462Z","median_severity":null,"agree_count":1,"disagree_count":0,"unsure_count":0,"cluster_size":4,"label_ids":[128,409,1712,2066],"users":["51b0b927-3c8a-45b2-93de-bd878d1e5cf4"],"tag_counts":{}}},{"type":"Feature","geometry":{"type":"Point","coordinates":[-94.8473062539,42.8446610452]},"properties":{"label_cluster_id":8346,"label_type":"CurbRamp","street_edge_id":53,"intersection_id":16,"osm_way_id":15996486,"region_id":1,"region_name":"Laurens","avg_image_capture_date":"2025-11-01T00:00Z","avg_label_date":"2026-09-19T13:29:45.280487Z","median_severity":null,"agree_count":2,"disagree_count":0,"unsure_count":0,"cluster_size":2,"label_ids":[495,1643],"users":["51b0b927-3c8a-45b2-93de-bd878d1e5cf4"],"tag_counts":{}}},{"type":"Feature","geometry":{"type":"Point","coordinates":[-94.8471723042,42.8445794443]},"properties":{"label_cluster_id":8347,"label_type":"CurbRamp","street_edge_id":53,"intersection_id":16,"osm_way_id":15996486,"region_id":1,"region_name":"Laurens","avg_image_capture_date":"2025-11-01T00:00Z","avg_label_date":"2026-09-19T13:31:12.185079Z","median_severity":null,"agree_count":1,"disagree_count":0,"unsure_count":0,"cluster_size":2,"label_ids":[643,2572],"users":["51b0b927-3c8a-45b2-93de-bd878d1e5cf4"],"tag_counts":{}}},{"type":"Feature","geometry":{"type":"Point","coordinates":[-94.8474373469,42.8465667595]},"properties":{"label_cluster_id":8348,"label_type":"CurbRamp","street_edge_id":18,"intersection_id":43,"osm_way_id":15996003,"region_id":1,"region_name":"Laurens","avg_image_capture_date":"2025-11-01T00:00Z","avg_label_date":"2026-09-19T13:29:11.066703Z","median_severity":null,"agree_count":1,"disagree_count":0,"unsure_count":0,"cluster_size":2,"label_ids":[320,1808],"users":["51b0b927-3c8a-45b2-93de-bd878d1e5cf4"],"tag_counts":{}}},{"type":"Feature","geometry":{"type":"Point","coordinates":[-94.8474018737,42.8464850582]},"properties":{"label_cluster_id":8349,"label_type":"CurbRamp","street_edge_id":94,"intersection_id":43,"osm_way_id":15996973,"region_id":1,"region_name":"Laurens","avg_image_capture_date":"2025-11-01T00:00Z","avg_label_date":"2026-09-21T17:08:03.156Z","median_severity":2,"agree_count":0,"disagree_count":0,"unsure_count":0,"cluster_size":1,"label_ids":[1464],"users":["549187e0-redacted"],"tag_counts":{"narrow":1,"missing tactile warning":1}}},{"type":"Feature","geometry":{"type":"Point","coordinates":[-94.8462433206,42.8465588928]},"properties":{"label_cluster_id":8350,"label_type":"CurbRamp","street_edge_id":134,"intersection_id":27,"osm_way_id":15997517,"region_id":1,"region_name":"Laurens","avg_image_capture_date":"2025-11-01T00:00Z","avg_label_date":"2026-09-17T01:46:29.245560Z","median_severity":null,"agree_count":1,"disagree_count":0,"unsure_count":0,"cluster_size":2,"label_ids":[472,684],"users":["51b0b927-3c8a-45b2-93de-bd878d1e5cf4"],"tag_counts":{}}},{"type":"Feature","geometry":{"type":"Point","coordinates":[-94.8462792646,42.8465035922]},"properties":{"label_cluster_id":8351,"label_type":"CurbRamp","street_edge_id":134,"intersection_id":27,"osm_way_id":15997517,"region_id":1,"region_name":"Laurens","avg_image_capture_date":"2025-11-01T00:00Z","avg_label_date":"2026-09-19T16:38:10.182265Z","median_severity":2,"agree_count":1,"disagree_count":0,"unsure_count":0,"cluster_size":3,"label_ids":[700,1212,1915],"users":["51b0b927-3c8a-45b2-93de-bd878d1e5cf4","549187e0-redacted"],"tag_counts":{"steep":1,"narrow":1,"missing tactile warning":1}}},{"type":"Feature","geometry":{"type":"Point","coordinates":[-94.8464471181,42.8465342183]},"properties":{"label_cluster_id":8352,"label_type":"CurbRamp","street_edge_id":16,"intersection_id":27,"osm_way_id":15996003,"region_id":1,"region_name":"Laurens","avg_image_capture_date":"2025-11-01T00:00Z","avg_label_date":"2026-09-17T01:45:34.962615Z","median_severity":null,"agree_count":1,"disagree_count":0,"unsure_count":0,"cluster_size":1,"label_ids":[486],"users":["51b0b927-3c8a-45b2-93de-bd878d1e5cf4"],"tag_counts":{}}},{"type":"Feature","geometry":{"type":"Point","coordinates":[-94.8486509903,42.8466693997]},"properties":{"label_cluster_id":8353,"label_type":"CurbRamp","street_edge_id":51,"intersection_id":71,"osm_way_id":15996485,"region_id":1,"region_name":"Laurens","avg_image_capture_date":"2025-11-01T00:00Z","avg_label_date":"2026-09-22T00:21:30.832691Z","median_severity":2,"agree_count":0,"disagree_count":0,"unsure_count":0,"cluster_size":5,"label_ids":[1494,1582,1847,2212,2521],"users":["51b0b927-3c8a-45b2-93de-bd878d1e5cf4","549187e0-redacted"],"tag_counts":{"narrow":1,"missing tactile warning":1}}},{"type":"Feature","geometry":{"type":"Point","coordinates":[-94.8485013909,42.8466534548]},"properties":{"label_cluster_id":8354,"label_type":"CurbRamp","street_edge_id":18,"intersection_id":71,"osm_way_id":15996003,"region_id":1,"region_name":"Laurens","avg_image_capture_date":"2025-11-01T00:00Z","avg_label_date":"2026-09-22T01:14:08.058586Z","median_severity":null,"agree_count":0,"disagree_count":0,"unsure_count":0,"cluster_size":1,"label_ids":[1842],"users":["51b0b927-3c8a-45b2-93de-bd878d1e5cf4"],"tag_counts":{}}},{"type":"Feature","geometry":{"type":"Point","coordinates":[-94.8487722735,42.845578813]},"properties":{"label_cluster_id":8355,"label_type":"CurbRamp","street_edge_id":70,"intersection_id":31,"osm_way_id":15996716,"region_id":1,"region_name":"Laurens","avg_image_capture_date":"2025-11-01T00:00Z","avg_label_date":"2026-09-18T07:37:20.004016Z","median_severity":2,"agree_count":3,"disagree_count":0,"unsure_count":0,"cluster_size":4,"label_ids":[214,432,575,2020],"users":["51b0b927-3c8a-45b2-93de-bd878d1e5cf4"],"tag_counts":{"narrow":1,"missing tactile warning":1}}},{"type":"Feature","geometry":{"type":"Point","coordinates":[-94.8486607357,42.8456474417]},"properties":{"label_cluster_id":8356,"label_type":"CurbRamp","street_edge_id":161,"intersection_id":31,"osm_way_id":15997796,"region_id":1,"region_name":"Laurens","avg_image_capture_date":"2025-11-01T00:00Z","avg_label_date":"2026-09-17T21:39:34.688947Z","median_severity":null,"agree_count":4,"disagree_count":0,"unsure_count":0,"cluster_size":6,"label_ids":[99,183,469,586,612,1724],"users":["51b0b927-3c8a-45b2-93de-bd878d1e5cf4"],"tag_counts":{}}},{"type":"Feature","geometry":{"type":"Point","coordinates":[-94.8540674697,42.8519596164]},"properties":{"label_cluster_id":8357,"label_type":"CurbRamp","street_edge_id":142,"intersection_id":74,"osm_way_id":15997533,"region_id":1,"region_name":"Laurens","avg_image_capture_date":"2025-11-01T00:00Z","avg_label_date":"2026-09-20T01:26:21.451207Z","median_severity":null,"agree_count":3,"disagree_count":0,"unsure_count":0,"cluster_size":5,"label_ids":[12,618,1813,2301,2517],"users":["51b0b927-3c8a-45b2-93de-bd878d1e5cf4"],"tag_counts":{}}},{"type":"Feature","geometry":{"type":"Point","coordinates":[-94.8540309406,42.852020059]},"properties":{"label_cluster_id":8358,"label_type":"CurbRamp","street_edge_id":142,"intersection_id":74,"osm_way_id":15997533,"region_id":1,"region_name":"Laurens","avg_image_capture_date":"2025-11-01T00:00Z","avg_label_date":"2026-09-17T01:42:33.882606Z","median_severity":null,"agree_count":2,"disagree_count":0,"unsure_count":0,"cluster_size":2,"label_ids":[76,266],"users":["51b0b927-3c8a-45b2-93de-bd878d1e5cf4"],"tag_counts":{}}},{"type":"Feature","geometry":{"type":"Point","coordinates":[-94.8526086592,42.85196519]},"properties":{"label_cluster_id":8359,"label_type":"CurbRamp","street_edge_id":140,"intersection_id":10,"osm_way_id":15997533,"region_id":1,"region_name":"Laurens","avg_image_capture_date":"2025-11-01T00:00Z","avg_label_date":"2026-09-22T01:14:47.170794Z","median_severity":null,"agree_count":0,"disagree_count":0,"unsure_count":0,"cluster_size":3,"label_ids":[2163,2174,2549],"users":["51b0b927-3c8a-45b2-93de-bd878d1e5cf4"],"tag_counts":{}}},{"type":"Feature","geometry":{"type":"Point","coordinates":[-94.8525862999,42.8518952058]},"properties":{"label_cluster_id":8360,"label_type":"CurbRamp","street_edge_id":146,"intersection_id":10,"osm_way_id":15997565,"region_id":1,"region_name":"Laurens","avg_image_capture_date":"2025-11-01T00:00Z","avg_label_date":"2026-09-18T17:35:57.450582Z","median_severity":null,"agree_count":2,"disagree_count":0,"unsure_count":1,"cluster_size":3,"label_ids":[595,668,1607],"users":["51b0b927-3c8a-45b2-93de-bd878d1e5cf4"],"tag_counts":{}}},{"type":"Feature","geometry":{"type":"Point","coordinates":[-94.8532092379,42.8519737303]},"properties":{"label_cluster_id":8361,"label_type":"CurbRamp","street_edge_id":141,"intersection_id":null,"osm_way_id":15997533,"region_id":1,"region_name":"Laurens","avg_image_capture_date":"2025-11-01T00:00Z","avg_label_date":"2026-09-22T01:14:48.701993Z","median_severity":null,"agree_count":0,"disagree_count":0,"unsure_count":0,"cluster_size":1,"label_ids":[2342],"users":["51b0b927-3c8a-45b2-93de-bd878d1e5cf4"],"tag_counts":{}}},{"type":"Feature","geometry":{"type":"Point","coordinates":[-94.854093419,42.8509756435]},"properties":{"label_cluster_id":8362,"label_type":"CurbRamp","street_edge_id":80,"intersection_id":89,"osm_way_id":15996828,"region_id":1,"region_name":"Laurens","avg_image_capture_date":"2025-11-01T00:00Z","avg_label_date":"2026-09-22T01:14:29.479004Z","median_severity":null,"agree_count":1,"disagree_count":0,"unsure_count":0,"cluster_size":2,"label_ids":[1663,2482],"users":["51b0b927-3c8a-45b2-93de-bd878d1e5cf4"],"tag_counts":{}}},{"type":"Feature","geometry":{"type":"Point","coordinates":[-94.8542688926,42.8509642906]},"properties":{"label_cluster_id":8363,"label_type":"CurbRamp","street_edge_id":80,"intersection_id":89,"osm_way_id":15996828,"region_id":1,"region_name":"Laurens","avg_image_capture_date":"2025-11-01T00:00Z","avg_label_date":"2026-09-22T01:14:51.670985Z","median_severity":null,"agree_count":1,"disagree_count":0,"unsure_count":0,"cluster_size":1,"label_ids":[2377],"users":["51b0b927-3c8a-45b2-93de-bd878d1e5cf4"],"tag_counts":{}}},{"type":"Feature","geometry":{"type":"Point","coordinates":[-94.8540259397,42.8500736252]},"properties":{"label_cluster_id":8364,"label_type":"CurbRamp","street_edge_id":149,"intersection_id":59,"osm_way_id":15997573,"region_id":1,"region_name":"Laurens","avg_image_capture_date":"2025-11-01T00:00Z","avg_label_date":"2026-09-20T19:21:24.115642Z","median_severity":null,"agree_count":2,"disagree_count":0,"unsure_count":0,"cluster_size":4,"label_ids":[152,1886,2058,2309],"users":["51b0b927-3c8a-45b2-93de-bd878d1e5cf4"],"tag_counts":{}}},{"type":"Feature","geometry":{"type":"Point","coordinates":[-94.8540148828,42.8501820623]},"properties":{"label_cluster_id":8365,"label_type":"CurbRamp","street_edge_id":149,"intersection_id":59,"osm_way_id":15997573,"region_id":1,"region_name":"Laurens","avg_image_capture_date":"2025-11-01T00:00Z","avg_label_date":"2026-09-22T01:14:06.851802Z","median_severity":null,"agree_count":1,"disagree_count":0,"unsure_count":0,"cluster_size":1,"label_ids":[1824],"users":["51b0b927-3c8a-45b2-93de-bd878d1e5cf4"],"tag_counts":{}}},{"type":"Feature","geometry":{"type":"Point","coordinates":[-94.8538142379,42.8500414385]},"properties":{"label_cluster_id":8366,"label_type":"CurbRamp","street_edge_id":131,"intersection_id":59,"osm_way_id":15997383,"region_id":1,"region_name":"Laurens","avg_image_capture_date":"2025-11-01T00:00Z","avg_label_date":"2026-09-22T01:14:16.622232Z","median_severity":null,"agree_count":1,"disagree_count":0,"unsure_count":0,"cluster_size":1,"label_ids":[1938],"users":["51b0b927-3c8a-45b2-93de-bd878d1e5cf4"],"tag_counts":{}}},{"type":"Feature","geometry":{"type":"Point","coordinates":[-94.8540176787,42.850423924]},"properties":{"label_cluster_id":8367,"label_type":"CurbRamp","street_edge_id":149,"intersection_id":null,"osm_way_id":15997573,"region_id":1,"region_name":"Laurens","avg_image_capture_date":"2025-11-01T00:00Z","avg_label_date":"2026-09-22T01:14:29.454191Z","median_severity":null,"agree_count":0,"disagree_count":0,"unsure_count":0,"cluster_size":1,"label_ids":[2101],"users":["51b0b927-3c8a-45b2-93de-bd878d1e5cf4"],"tag_counts":{}}},{"type":"Feature","geometry":{"type":"Point","coordinates":[-94.8527744722,42.849975543]},"properties":{"label_cluster_id":8368,"label_type":"CurbRamp","street_edge_id":131,"intersection_id":77,"osm_way_id":15997383,"region_id":1,"region_name":"Laurens","avg_image_capture_date":"2025-11-01T00:00Z","avg_label_date":"2026-09-20T09:23:18.617016Z","median_severity":null,"agree_count":3,"disagree_count":0,"unsure_count":0,"cluster_size":3,"label_ids":[71,1860,1903],"users":["51b0b927-3c8a-45b2-93de-bd878d1e5cf4"],"tag_counts":{}}},{"type":"Feature","geometry":{"type":"Point","coordinates":[-94.853005384,42.849944782]},"properties":{"label_cluster_id":8369,"label_type":"CurbRamp","street_edge_id":131,"intersection_id":77,"osm_way_id":15997383,"region_id":1,"region_name":"Laurens","avg_image_capture_date":"2025-11-01T00:00Z","avg_label_date":"2026-09-22T01:14:16.262371Z","median_severity":null,"agree_count":1,"disagree_count":0,"unsure_count":0,"cluster_size":1,"label_ids":[1933],"users":["51b0b927-3c8a-45b2-93de-bd878d1e5cf4"],"tag_counts":{}}},{"type":"Feature","geometry":{"type":"Point","coordinates":[-94.852645935,42.8508344634]},"properties":{"label_cluster_id":8370,"label_type":"CurbRamp","street_edge_id":145,"intersection_id":5,"osm_way_id":15997565,"region_id":1,"region_name":"Laurens","avg_image_capture_date":"2025-11-01T00:00Z","avg_label_date":"2026-09-19T13:28:10.946110Z","median_severity":null,"agree_count":2,"disagree_count":0,"unsure_count":0,"cluster_size":2,"label_ids":[64,2412],"users":["51b0b927-3c8a-45b2-93de-bd878d1e5cf4"],"tag_counts":{}}},{"type":"Feature","geometry":{"type":"Point","coordinates":[-94.8525392743,42.8508965739]},"properties":{"label_cluster_id":8371,"label_type":"CurbRamp","street_edge_id":78,"intersection_id":5,"osm_way_id":15996828,"region_id":1,"region_name":"Laurens","avg_image_capture_date":"2025-11-01T00:00Z","avg_label_date":"2026-09-17T01:43:35.115695Z","median_severity":null,"agree_count":1,"disagree_count":0,"unsure_count":0,"cluster_size":1,"label_ids":[270],"users":["51b0b927-3c8a-45b2-93de-bd878d1e5cf4"],"tag_counts":{}}},{"type":"Feature","geometry":{"type":"Point","coordinates":[-94.8528891907,42.8509390018]},"properties":{"label_cluster_id":8372,"label_type":"CurbRamp","street_edge_id":79,"intersection_id":5,"osm_way_id":15996828,"region_id":1,"region_name":"Laurens","avg_image_capture_date":"2025-11-01T00:00Z","avg_label_date":"2026-09-22T01:14:46.538379Z","median_severity":null,"agree_count":1,"disagree_count":0,"unsure_count":0,"cluster_size":1,"label_ids":[2314],"users":["51b0b927-3c8a-45b2-93de-bd878d1e5cf4"],"tag_counts":{}}},{"type":"Feature","geometry":{"type":"Point","coordinates":[-94.8484507331,42.851925831]},"properties":{"label_cluster_id":8373,"label_type":"CurbRamp","street_edge_id":164,"intersection_id":55,"osm_way_id":15997804,"region_id":1,"region_name":"Laurens","avg_image_capture_date":"2025-11-01T00:00Z","avg_label_date":"2026-09-18T11:52:59.500425Z","median_severity":null,"agree_count":7,"disagree_count":0,"unsure_count":0,"cluster_size":7,"label_ids":[5,132,285,571,681,2478,2570],"users":["51b0b927-3c8a-45b2-93de-bd878d1e5cf4"],"tag_counts":{}}},{"type":"Feature","geometry":{"type":"Point","coordinates":[-94.8485124653,42.8520069785]},"properties":{"label_cluster_id":8374,"label_type":"CurbRamp","street_edge_id":48,"intersection_id":55,"osm_way_id":15996421,"region_id":1,"region_name":"Laurens","avg_image_capture_date":"2025-11-01T00:00Z","avg_label_date":"2026-09-20T19:21:52.987112Z","median_severity":null,"agree_count":3,"disagree_count":0,"unsure_count":0,"cluster_size":4,"label_ids":[448,1578,1815,1995],"users":["51b0b927-3c8a-45b2-93de-bd878d1e5cf4"],"tag_counts":{}}},{"type":"Feature","geometry":{"type":"Point","coordinates":[-94.8499899536,42.8520097645]},"properties":{"label_cluster_id":8375,"label_type":"CurbRamp","street_edge_id":139,"intersection_id":24,"osm_way_id":15997533,"region_id":1,"region_name":"Laurens","avg_image_capture_date":"2025-11-01T00:00Z","avg_label_date":"2026-09-17T01:45:18.799877Z","median_severity":null,"agree_count":2,"disagree_count":0,"unsure_count":0,"cluster_size":2,"label_ids":[198,702],"users":["51b0b927-3c8a-45b2-93de-bd878d1e5cf4"],"tag_counts":{}}},{"type":"Feature","geometry":{"type":"Point","coordinates":[-94.8500539587,42.8519627745]},"properties":{"label_cluster_id":8376,"label_type":"CurbRamp","street_edge_id":139,"intersection_id":24,"osm_way_id":15997533,"region_id":1,"region_name":"Laurens","avg_image_capture_date":"2025-11-01T00:00Z","avg_label_date":"2026-09-22T01:15:04.855496Z","median_severity":null,"agree_count":0,"disagree_count":0,"unsure_count":0,"cluster_size":1,"label_ids":[2481],"users":["51b0b927-3c8a-45b2-93de-bd878d1e5cf4"],"tag_counts":{}}},{"type":"Feature","geometry":{"type":"Point","coordinates":[-94.8498398994,42.8519423139]},"properties":{"label_cluster_id":8377,"label_type":"CurbRamp","street_edge_id":118,"intersection_id":24,"osm_way_id":15997343,"region_id":1,"region_name":"Laurens","avg_image_capture_date":"2025-11-01T00:00Z","avg_label_date":"2026-09-20T09:24:23.922137Z","median_severity":null,"agree_count":1,"disagree_count":0,"unsure_count":0,"cluster_size":3,"label_ids":[301,2103,2179],"users":["51b0b927-3c8a-45b2-93de-bd878d1e5cf4"],"tag_counts":{}}},{"type":"Feature","geometry":{"type":"Point","coordinates":[-94.8497736109,42.8519708945]},"properties":{"label_cluster_id":8378,"label_type":"CurbRamp","street_edge_id":137,"intersection_id":24,"osm_way_id":15997533,"region_id":1,"region_name":"Laurens","avg_image_capture_date":"2025-11-01T00:00Z","avg_label_date":"2026-09-20T09:25:15.446115Z","median_severity":2,"agree_count":3,"disagree_count":0,"unsure_count":0,"cluster_size":3,"label_ids":[523,2358,2460],"users":["51b0b927-3c8a-45b2-93de-bd878d1e5cf4"],"tag_counts":{"narrow":1,"missing tactile warning":1}}},{"type":"Feature","geometry":{"type":"Point","coordinates":[-94.8512073095,42.8499869071]},"properties":{"label_cluster_id":8379,"label_type":"CurbRamp","street_edge_id":130,"intersection_id":63,"osm_way_id":15997383,"region_id":1,"region_name":"Laurens","avg_image_capture_date":"2025-11-01T00:00Z","avg_label_date":"2026-09-22T01:14:31.288915Z","median_severity":null,"agree_count":1,"disagree_count":0,"unsure_count":0,"cluster_size":2,"label_ids":[2117,2127],"users":["51b0b927-3c8a-45b2-93de-bd878d1e5cf4"],"tag_counts":{}}},{"type":"Feature","geometry":{"type":"Point","coordinates":[-94.8513817498,42.8499328413]},"properties":{"label_cluster_id":8380,"label_type":"CurbRamp","street_edge_id":129,"intersection_id":63,"osm_way_id":15997383,"region_id":1,"region_name":"Laurens","avg_image_capture_date":"2025-11-01T00:00Z","avg_label_date":"2026-09-19T03:38:48.445844Z","median_severity":1,"agree_count":4,"disagree_count":0,"unsure_count":0,"cluster_size":6,"label_ids":[102,233,274,509,2524,2809],"users":["51b0b927-3c8a-45b2-93de-bd878d1e5cf4","549187e0-redacted"],"tag_counts":{}}},{"type":"Feature","geometry":{"type":"Point","coordinates":[-94.8511940443,42.8510025972]},"properties":{"label_cluster_id":8381,"label_type":"CurbRamp","street_edge_id":77,"intersection_id":86,"osm_way_id":15996828,"region_id":1,"region_name":"Laurens","avg_image_capture_date":"2025-11-01T00:00Z","avg_label_date":"2026-09-22T01:14:43.968680Z","median_severity":null,"agree_count":3,"disagree_count":0,"unsure_count":0,"cluster_size":3,"label_ids":[2041,2202,2504],"users":["51b0b927-3c8a-45b2-93de-bd878d1e5cf4"],"tag_counts":{}}},{"type":"Feature","geometry":{"type":"Point","coordinates":[-94.8514694114,42.8509206532]},"properties":{"label_cluster_id":8382,"label_type":"CurbRamp","street_edge_id":78,"intersection_id":86,"osm_way_id":15996828,"region_id":1,"region_name":"Laurens","avg_image_capture_date":"2025-11-01T00:00Z","avg_label_date":"2026-09-21T08:50:31.248831Z","median_severity":2,"agree_count":1,"disagree_count":0,"unsure_count":0,"cluster_size":3,"label_ids":[690,2338,2857],"users":["51b0b927-3c8a-45b2-93de-bd878d1e5cf4","549187e0-redacted"],"tag_counts":{"not level with street":1,"missing tactile warning":1}}},{"type":"Feature","geometry":{"type":"Point","coordinates":[-94.8513906996,42.8509222541]},"properties":{"label_cluster_id":8383,"label_type":"CurbRamp","street_edge_id":78,"intersection_id":86,"osm_way_id":15996828,"region_id":1,"region_name":"Laurens","avg_image_capture_date":"2025-11-01T00:00Z","avg_label_date":"2026-09-22T01:14:22.034638Z","median_severity":null,"agree_count":2,"disagree_count":0,"unsure_count":0,"cluster_size":4,"label_ids":[1568,2095,2172,2239],"users":["51b0b927-3c8a-45b2-93de-bd878d1e5cf4"],"tag_counts":{}}},{"type":"Feature","geometry":{"type":"Point","coordinates":[-94.8488537967,42.8499287679]},"properties":{"label_cluster_id":8384,"label_type":"CurbRamp","street_edge_id":128,"intersection_id":6,"osm_way_id":15997383,"region_id":1,"region_name":"Laurens","avg_image_capture_date":"2025-11-01T00:00Z","avg_label_date":"2026-09-22T13:52:29.766878Z","median_severity":2,"agree_count":1,"disagree_count":0,"unsure_count":0,"cluster_size":4,"label_ids":[267,1620,2947,2950],"users":["51b0b927-3c8a-45b2-93de-bd878d1e5cf4","549187e0-redacted"],"tag_counts":{"narrow":2,"missing tactile warning":2}}},{"type":"Feature","geometry":{"type":"Point","coordinates":[-94.8485415498,42.8497451773]},"properties":{"label_cluster_id":8385,"label_type":"CurbRamp","street_edge_id":45,"intersection_id":6,"osm_way_id":15996421,"region_id":1,"region_name":"Laurens","avg_image_capture_date":"2025-11-01T00:00Z","avg_label_date":"2026-09-19T13:27:20.482982Z","median_severity":null,"agree_count":2,"disagree_count":0,"unsure_count":0,"cluster_size":2,"label_ids":[6,1660],"users":["51b0b927-3c8a-45b2-93de-bd878d1e5cf4"],"tag_counts":{}}},{"type":"Feature","geometry":{"type":"Point","coordinates":[-94.848558463,42.849808821]},"properties":{"label_cluster_id":8386,"label_type":"CurbRamp","street_edge_id":45,"intersection_id":6,"osm_way_id":15996421,"region_id":1,"region_name":"Laurens","avg_image_capture_date":"2025-11-01T00:00Z","avg_label_date":"2026-09-17T01:45:03.507625Z","median_severity":null,"agree_count":1,"disagree_count":0,"unsure_count":0,"cluster_size":1,"label_ids":[401],"users":["51b0b927-3c8a-45b2-93de-bd878d1e5cf4"],"tag_counts":{}}},{"type":"Feature","geometry":{"type":"Point","coordinates":[-94.8484442567,42.8497940851]},"properties":{"label_cluster_id":8387,"label_type":"CurbRamp","street_edge_id":121,"intersection_id":6,"osm_way_id":15997380,"region_id":1,"region_name":"Laurens","avg_image_capture_date":"2025-11-01T00:00Z","avg_label_date":"2026-09-17T01:46:14.705972Z","median_severity":null,"agree_count":1,"disagree_count":0,"unsure_count":0,"cluster_size":1,"label_ids":[544],"users":["51b0b927-3c8a-45b2-93de-bd878d1e5cf4"],"tag_counts":{}}},{"type":"Feature","geometry":{"type":"Point","coordinates":[-94.8498936823,42.8493368125]},"properties":{"label_cluster_id":8388,"label_type":"CurbRamp","street_edge_id":117,"intersection_id":null,"osm_way_id":15997343,"region_id":1,"region_name":"Laurens","avg_image_capture_date":"2025-11-01T00:00Z","avg_label_date":"2026-09-22T01:14:06.442698Z","median_severity":null,"agree_count":0,"disagree_count":0,"unsure_count":0,"cluster_size":1,"label_ids":[1818],"users":["51b0b927-3c8a-45b2-93de-bd878d1e5cf4"],"tag_counts":{}}},{"type":"Feature","geometry":{"type":"Point","coordinates":[-94.8499207294,42.8492093286]},"properties":{"label_cluster_id":8389,"label_type":"CurbRamp","street_edge_id":117,"intersection_id":null,"osm_way_id":15997343,"region_id":1,"region_name":"Laurens","avg_image_capture_date":"2025-11-01T00:00Z","avg_label_date":"2026-09-22T01:14:11.369488Z","median_severity":null,"agree_count":1,"disagree_count":0,"unsure_count":0,"cluster_size":1,"label_ids":[1880],"users":["51b0b927-3c8a-45b2-93de-bd878d1e5cf4"],"tag_counts":{}}},{"type":"Feature","geometry":{"type":"Point","coordinates":[-94.8500598355,42.84988332]},"properties":{"label_cluster_id":8390,"label_type":"CurbRamp","street_edge_id":130,"intersection_id":37,"osm_way_id":15997383,"region_id":1,"region_name":"Laurens","avg_image_capture_date":"2025-11-01T00:00Z","avg_label_date":"2026-09-21T13:41:37.038663Z","median_severity":2,"agree_count":2,"disagree_count":0,"unsure_count":0,"cluster_size":3,"label_ids":[357,2405,2924],"users":["51b0b927-3c8a-45b2-93de-bd878d1e5cf4","549187e0-redacted"],"tag_counts":{"narrow":1,"missing tactile warning":1}}},{"type":"Feature","geometry":{"type":"Point","coordinates":[-94.8498952799,42.8498406512]},"properties":{"label_cluster_id":8391,"label_type":"CurbRamp","street_edge_id":117,"intersection_id":37,"osm_way_id":15997343,"region_id":1,"region_name":"Laurens","avg_image_capture_date":"2025-11-01T00:00Z","avg_label_date":"2026-09-22T01:14:15.582170Z","median_severity":null,"agree_count":3,"disagree_count":0,"unsure_count":0,"cluster_size":4,"label_ids":[1586,1884,1957,2305],"users":["51b0b927-3c8a-45b2-93de-bd878d1e5cf4"],"tag_counts":{}}},{"type":"Feature","geometry":{"type":"Point","coordinates":[-94.8498214472,42.849858941]},"properties":{"label_cluster_id":8392,"label_type":"CurbRamp","street_edge_id":128,"intersection_id":37,"osm_way_id":15997383,"region_id":1,"region_name":"Laurens","avg_image_capture_date":"2025-11-01T00:00Z","avg_label_date":"2026-09-22T01:14:12.920365Z","median_severity":null,"agree_count":0,"disagree_count":0,"unsure_count":0,"cluster_size":1,"label_ids":[1896],"users":["51b0b927-3c8a-45b2-93de-bd878d1e5cf4"],"tag_counts":{}}},{"type":"Feature","geometry":{"type":"Point","coordinates":[-94.8500776902,42.8445461775]},"properties":{"label_cluster_id":8393,"label_type":"CurbRamp","street_edge_id":27,"intersection_id":8,"osm_way_id":15996188,"region_id":1,"region_name":"Laurens","avg_image_capture_date":"2025-11-01T00:00Z","avg_label_date":"2026-09-18T07:38:09.209464Z","median_severity":null,"agree_count":4,"disagree_count":0,"unsure_count":0,"cluster_size":4,"label_ids":[426,477,704,1825],"users":["51b0b927-3c8a-45b2-93de-bd878d1e5cf4"],"tag_counts":{}}},{"type":"Feature","geometry":{"type":"Point","coordinates":[-94.8500171618,42.844496856]},"properties":{"label_cluster_id":8394,"label_type":"CurbRamp","street_edge_id":27,"intersection_id":8,"osm_way_id":15996188,"region_id":1,"region_name":"Laurens","avg_image_capture_date":"2025-11-01T00:00Z","avg_label_date":"2026-09-17T01:41:50.794883Z","median_severity":null,"agree_count":1,"disagree_count":0,"unsure_count":0,"cluster_size":1,"label_ids":[107],"users":["51b0b927-3c8a-45b2-93de-bd878d1e5cf4"],"tag_counts":{}}},{"type":"Feature","geometry":{"type":"Point","coordinates":[-94.849061043,42.8445810138]},"properties":{"label_cluster_id":8395,"label_type":"CurbRamp","street_edge_id":10,"intersection_id":36,"osm_way_id":15991587,"region_id":1,"region_name":"Laurens","avg_image_capture_date":"2025-11-01T00:00Z","avg_label_date":"2026-09-22T01:13:53.130056Z","median_severity":null,"agree_count":1,"disagree_count":0,"unsure_count":0,"cluster_size":2,"label_ids":[1585,1751],"users":["51b0b927-3c8a-45b2-93de-bd878d1e5cf4"],"tag_counts":{}}},{"type":"Feature","geometry":{"type":"Point","coordinates":[-94.8488295174,42.8446013417]},"properties":{"label_cluster_id":8396,"label_type":"CurbRamp","street_edge_id":10,"intersection_id":36,"osm_way_id":15991587,"region_id":1,"region_name":"Laurens","avg_image_capture_date":"2025-11-01T00:00Z","avg_label_date":"2026-09-19T13:30:39.047345Z","median_severity":null,"agree_count":2,"disagree_count":0,"unsure_count":0,"cluster_size":4,"label_ids":[437,651,2452,2489],"users":["51b0b927-3c8a-45b2-93de-bd878d1e5cf4"],"tag_counts":{}}},{"type":"Feature","geometry":{"type":"Point","coordinates":[-94.8487614045,42.8446254088]},"properties":{"label_cluster_id":8397,"label_type":"CurbRamp","street_edge_id":49,"intersection_id":36,"osm_way_id":15996485,"region_id":1,"region_name":"Laurens","avg_image_capture_date":"2025-11-01T00:00Z","avg_label_date":"2026-09-20T09:24:25.870348Z","median_severity":null,"agree_count":2,"disagree_count":0,"unsure_count":1,"cluster_size":3,"label_ids":[336,1732,2380],"users":["51b0b927-3c8a-45b2-93de-bd878d1e5cf4"],"tag_counts":{}}},{"type":"Feature","geometry":{"type":"Point","coordinates":[-94.8501383708,42.8456688194]},"properties":{"label_cluster_id":8398,"label_type":"CurbRamp","street_edge_id":28,"intersection_id":82,"osm_way_id":15996188,"region_id":1,"region_name":"Laurens","avg_image_capture_date":"2025-11-01T00:00Z","avg_label_date":"2026-09-18T13:34:47.771061Z","median_severity":null,"agree_count":7,"disagree_count":0,"unsure_count":0,"cluster_size":10,"label_ids":[44,46,146,226,311,428,579,1771,2443,2508],"users":["51b0b927-3c8a-45b2-93de-bd878d1e5cf4"],"tag_counts":{}}},{"type":"Feature","geometry":{"type":"Point","coordinates":[-94.8501213171,42.8457244069]},"properties":{"label_cluster_id":8399,"label_type":"CurbRamp","street_edge_id":28,"intersection_id":82,"osm_way_id":15996188,"region_id":1,"region_name":"Laurens","avg_image_capture_date":"2025-11-01T00:00Z","avg_label_date":"2026-09-22T01:14:43.282896Z","median_severity":null,"agree_count":0,"disagree_count":0,"unsure_count":0,"cluster_size":1,"label_ids":[2273],"users":["51b0b927-3c8a-45b2-93de-bd878d1e5cf4"],"tag_counts":{}}},{"type":"Feature","geometry":{"type":"Point","coordinates":[-94.8500801965,42.8464255602]},"properties":{"label_cluster_id":8400,"label_type":"CurbRamp","street_edge_id":28,"intersection_id":2,"osm_way_id":15996188,"region_id":1,"region_name":"Laurens","avg_image_capture_date":"2025-11-01T00:00Z","avg_label_date":"2026-09-19T13:30:08.823817Z","median_severity":null,"agree_count":1,"disagree_count":0,"unsure_count":0,"cluster_size":2,"label_ids":[503,2122],"users":["51b0b927-3c8a-45b2-93de-bd878d1e5cf4"],"tag_counts":{}}},{"type":"Feature","geometry":{"type":"Point","coordinates":[-94.8499992926,42.8465615626]},"properties":{"label_cluster_id":8401,"label_type":"CurbRamp","street_edge_id":28,"intersection_id":2,"osm_way_id":15996188,"region_id":1,"region_name":"Laurens","avg_image_capture_date":"2025-11-01T00:00Z","avg_label_date":"2026-09-21T23:46:59.431427Z","median_severity":2,"agree_count":2,"disagree_count":0,"unsure_count":0,"cluster_size":3,"label_ids":[1502,1767,2303],"users":["51b0b927-3c8a-45b2-93de-bd878d1e5cf4","549187e0-redacted"],"tag_counts":{"steep":1,"narrow":1,"points into traffic":1,"missing tactile warning":1}}},{"type":"Feature","geometry":{"type":"Point","coordinates":[-94.849982552,42.8464869186]},"properties":{"label_cluster_id":8402,"label_type":"CurbRamp","street_edge_id":28,"intersection_id":2,"osm_way_id":15996188,"region_id":1,"region_name":"Laurens","avg_image_capture_date":"2025-11-01T00:00Z","avg_label_date":"2026-09-17T01:44:59.460916Z","median_severity":null,"agree_count":2,"disagree_count":0,"unsure_count":0,"cluster_size":2,"label_ids":[153,698],"users":["51b0b927-3c8a-45b2-93de-bd878d1e5cf4"],"tag_counts":{}}},{"type":"Feature","geometry":{"type":"Point","coordinates":[-94.8500241966,42.8461148864]},"properties":{"label_cluster_id":8403,"label_type":"CurbRamp","street_edge_id":28,"intersection_id":null,"osm_way_id":15996188,"region_id":1,"region_name":"Laurens","avg_image_capture_date":"2025-11-01T00:00Z","avg_label_date":"2026-09-22T01:15:11.088240Z","median_severity":null,"agree_count":0,"disagree_count":0,"unsure_count":0,"cluster_size":1,"label_ids":[2531],"users":["51b0b927-3c8a-45b2-93de-bd878d1e5cf4"],"tag_counts":{}}},{"type":"Feature","geometry":{"type":"Point","coordinates":[-94.8487869447,42.8465924436]},"properties":{"label_cluster_id":8404,"label_type":"CurbRamp","street_edge_id":31,"intersection_id":71,"osm_way_id":15996191,"region_id":1,"region_name":"Laurens","avg_image_capture_date":"2025-11-01T00:00Z","avg_label_date":"2026-09-22T01:14:10.493136Z","median_severity":null,"agree_count":1,"disagree_count":0,"unsure_count":0,"cluster_size":2,"label_ids":[1848,1890],"users":["51b0b927-3c8a-45b2-93de-bd878d1e5cf4"],"tag_counts":{}}},{"type":"Feature","geometry":{"type":"Point","coordinates":[-94.8487354542,42.8465349582]},"properties":{"label_cluster_id":8405,"label_type":"CurbRamp","street_edge_id":52,"intersection_id":71,"osm_way_id":15996485,"region_id":1,"region_name":"Laurens","avg_image_capture_date":"2025-11-01T00:00Z","avg_label_date":"2026-09-21T20:49:30.069Z","median_severity":2,"agree_count":0,"disagree_count":0,"unsure_count":0,"cluster_size":1,"label_ids":[1490],"users":["549187e0-redacted"],"tag_counts":{"narrow":1,"debris / pooled water":1,"missing tactile warning":1}}},{"type":"Feature","geometry":{"type":"Point","coordinates":[-94.8488518993,42.846545432]},"properties":{"label_cluster_id":8406,"label_type":"CurbRamp","street_edge_id":31,"intersection_id":71,"osm_way_id":15996191,"region_id":1,"region_name":"Laurens","avg_image_capture_date":"2025-11-01T00:00Z","avg_label_date":"2026-09-22T01:14:56.799088Z","median_severity":null,"agree_count":0,"disagree_count":0,"unsure_count":0,"cluster_size":1,"label_ids":[2434],"users":["51b0b927-3c8a-45b2-93de-bd878d1e5cf4"],"tag_counts":{}}},{"type":"Feature","geometry":{"type":"Point","coordinates":[-94.8485575436,42.8456524375]},"properties":{"label_cluster_id":8407,"label_type":"CurbRamp","street_edge_id":161,"intersection_id":31,"osm_way_id":15997796,"region_id":1,"region_name":"Laurens","avg_image_capture_date":"2025-11-01T00:00Z","avg_label_date":"2026-09-19T13:29:02.440422Z","median_severity":null,"agree_count":2,"disagree_count":0,"unsure_count":0,"cluster_size":2,"label_ids":[305,1723],"users":["51b0b927-3c8a-45b2-93de-bd878d1e5cf4"],"tag_counts":{}}},{"type":"Feature","geometry":{"type":"Point","coordinates":[-94.8486753574,42.8457338642]},"properties":{"label_cluster_id":8408,"label_type":"CurbRamp","street_edge_id":52,"intersection_id":31,"osm_way_id":15996485,"region_id":1,"region_name":"Laurens","avg_image_capture_date":"2025-11-01T00:00Z","avg_label_date":"2026-09-18T01:37:25.338869Z","median_severity":null,"agree_count":4,"disagree_count":0,"unsure_count":0,"cluster_size":5,"label_ids":[97,131,185,613,1573],"users":["51b0b927-3c8a-45b2-93de-bd878d1e5cf4"],"tag_counts":{}}},{"type":"Feature","geometry":{"type":"Point","coordinates":[-94.8541788779,42.8466677869]},"properties":{"label_cluster_id":8409,"label_type":"CurbRamp","street_edge_id":98,"intersection_id":66,"osm_way_id":15997046,"region_id":1,"region_name":"Laurens","avg_image_capture_date":"2025-11-01T00:00Z","avg_label_date":"2026-09-19T04:57:13.677010Z","median_severity":null,"agree_count":5,"disagree_count":0,"unsure_count":0,"cluster_size":7,"label_ids":[164,316,353,404,2170,2368,2375],"users":["51b0b927-3c8a-45b2-93de-bd878d1e5cf4"],"tag_counts":{}}},{"type":"Feature","geometry":{"type":"Point","coordinates":[-94.8544353473,42.8467838409]},"properties":{"label_cluster_id":8410,"label_type":"CurbRamp","street_edge_id":32,"intersection_id":66,"osm_way_id":15996191,"region_id":1,"region_name":"Laurens","avg_image_capture_date":"2025-11-01T00:00Z","avg_label_date":"2026-09-20T09:24:43.106287Z","median_severity":null,"agree_count":3,"disagree_count":0,"unsure_count":0,"cluster_size":3,"label_ids":[386,2192,2209],"users":["51b0b927-3c8a-45b2-93de-bd878d1e5cf4"],"tag_counts":{}}},{"type":"Feature","geometry":{"type":"Point","coordinates":[-94.8543012948,42.8469083303]},"properties":{"label_cluster_id":8411,"label_type":"CurbRamp","street_edge_id":152,"intersection_id":66,"osm_way_id":15997604,"region_id":1,"region_name":"Laurens","avg_image_capture_date":"2025-11-01T00:00Z","avg_label_date":"2026-09-22T06:58:21.257849Z","median_severity":1,"agree_count":2,"disagree_count":0,"unsure_count":0,"cluster_size":3,"label_ids":[2077,2547,2687],"users":["51b0b927-3c8a-45b2-93de-bd878d1e5cf4","549187e0-redacted"],"tag_counts":{}}},{"type":"Feature","geometry":{"type":"Point","coordinates":[-94.8526102352,42.8478431778]},"properties":{"label_cluster_id":8412,"label_type":"CurbRamp","street_edge_id":107,"intersection_id":22,"osm_way_id":15997151,"region_id":1,"region_name":"Laurens","avg_image_capture_date":"2025-11-01T00:00Z","avg_label_date":"2026-09-22T01:14:27.338500Z","median_severity":null,"agree_count":1,"disagree_count":0,"unsure_count":0,"cluster_size":1,"label_ids":[2067],"users":["51b0b927-3c8a-45b2-93de-bd878d1e5cf4"],"tag_counts":{}}},{"type":"Feature","geometry":{"type":"Point","coordinates":[-94.8527140882,42.8478780441]},"properties":{"label_cluster_id":8413,"label_type":"CurbRamp","street_edge_id":107,"intersection_id":22,"osm_way_id":15997151,"region_id":1,"region_name":"Laurens","avg_image_capture_date":"2025-11-01T00:00Z","avg_label_date":"2026-09-22T18:31:15.625Z","median_severity":2,"agree_count":0,"disagree_count":0,"unsure_count":0,"cluster_size":1,"label_ids":[2730],"users":["549187e0-redacted"],"tag_counts":{"narrow":1,"missing tactile warning":1}}},{"type":"Feature","geometry":{"type":"Point","coordinates":[-94.8514935566,42.8476710458]},"properties":{"label_cluster_id":8414,"label_type":"CurbRamp","street_edge_id":81,"intersection_id":51,"osm_way_id":15996928,"region_id":1,"region_name":"Laurens","avg_image_capture_date":"2025-11-01T00:00Z","avg_label_date":"2026-09-22T21:01:03.123149Z","median_severity":2,"agree_count":0,"disagree_count":0,"unsure_count":0,"cluster_size":2,"label_ids":[2268,2769],"users":["51b0b927-3c8a-45b2-93de-bd878d1e5cf4","549187e0-redacted"],"tag_counts":{"not level with street":1,"missing tactile warning":1}}},{"type":"Feature","geometry":{"type":"Point","coordinates":[-94.8520666694,42.847278669]},"properties":{"label_cluster_id":8415,"label_type":"CurbRamp","street_edge_id":107,"intersection_id":null,"osm_way_id":15997151,"region_id":1,"region_name":"Laurens","avg_image_capture_date":"2025-11-01T00:00Z","avg_label_date":"2026-09-22T01:13:57.024057Z","median_severity":null,"agree_count":0,"disagree_count":0,"unsure_count":0,"cluster_size":1,"label_ids":[1706],"users":["51b0b927-3c8a-45b2-93de-bd878d1e5cf4"],"tag_counts":{}}},{"type":"Feature","geometry":{"type":"Point","coordinates":[-94.8526160937,42.8467627606]},"properties":{"label_cluster_id":8416,"label_type":"CurbRamp","street_edge_id":30,"intersection_id":65,"osm_way_id":15996191,"region_id":1,"region_name":"Laurens","avg_image_capture_date":"2025-11-01T00:00Z","avg_label_date":"2026-09-19T13:27:48.569674Z","median_severity":null,"agree_count":2,"disagree_count":0,"unsure_count":0,"cluster_size":2,"label_ids":[60,1911],"users":["51b0b927-3c8a-45b2-93de-bd878d1e5cf4"],"tag_counts":{}}},{"type":"Feature","geometry":{"type":"Point","coordinates":[-94.8528174762,42.8468407575]},"properties":{"label_cluster_id":8417,"label_type":"CurbRamp","street_edge_id":56,"intersection_id":65,"osm_way_id":15996561,"region_id":1,"region_name":"Laurens","avg_image_capture_date":"2025-11-01T00:00Z","avg_label_date":"2026-09-23T05:04:38.456Z","median_severity":1,"agree_count":0,"disagree_count":0,"unsure_count":0,"cluster_size":2,"label_ids":[2748,2759],"users":["549187e0-redacted"],"tag_counts":{}}},{"type":"Feature","geometry":{"type":"Point","coordinates":[-94.8515024821,42.8468254443]},"properties":{"label_cluster_id":8418,"label_type":"CurbRamp","street_edge_id":81,"intersection_id":32,"osm_way_id":15996928,"region_id":1,"region_name":"Laurens","avg_image_capture_date":"2025-11-01T00:00Z","avg_label_date":"2026-09-17T01:43:26.602353Z","median_severity":null,"agree_count":2,"disagree_count":0,"unsure_count":0,"cluster_size":2,"label_ids":[90,421],"users":["51b0b927-3c8a-45b2-93de-bd878d1e5cf4"],"tag_counts":{}}},{"type":"Feature","geometry":{"type":"Point","coordinates":[-94.8516589706,42.8467153274]},"properties":{"label_cluster_id":8419,"label_type":"CurbRamp","street_edge_id":30,"intersection_id":32,"osm_way_id":15996191,"region_id":1,"region_name":"Laurens","avg_image_capture_date":"2025-11-01T00:00Z","avg_label_date":"2026-09-17T01:43:01.029586Z","median_severity":null,"agree_count":2,"disagree_count":0,"unsure_count":0,"cluster_size":2,"label_ids":[141,295],"users":["51b0b927-3c8a-45b2-93de-bd878d1e5cf4"],"tag_counts":{}}},{"type":"Feature","geometry":{"type":"Point","coordinates":[-94.8517427762,42.846714732]},"properties":{"label_cluster_id":8420,"label_type":"CurbRamp","street_edge_id":30,"intersection_id":32,"osm_way_id":15996191,"region_id":1,"region_name":"Laurens","avg_image_capture_date":"2025-11-01T00:00Z","avg_label_date":"2026-09-17T01:44:44.051443Z","median_severity":null,"agree_count":1,"disagree_count":0,"unsure_count":0,"cluster_size":1,"label_ids":[363],"users":["51b0b927-3c8a-45b2-93de-bd878d1e5cf4"],"tag_counts":{}}},{"type":"Feature","geometry":{"type":"Point","coordinates":[-94.847492405,42.8445843707]},"properties":{"label_cluster_id":8421,"label_type":"CurbRamp","street_edge_id":158,"intersection_id":16,"osm_way_id":15997794,"region_id":1,"region_name":"Laurens","avg_image_capture_date":"2025-11-01T00:00Z","avg_label_date":"2026-09-22T01:14:19.920001Z","median_severity":null,"agree_count":1,"disagree_count":0,"unsure_count":0,"cluster_size":2,"label_ids":[1718,2258],"users":["51b0b927-3c8a-45b2-93de-bd878d1e5cf4"],"tag_counts":{}}},{"type":"Feature","geometry":{"type":"Point","coordinates":[-94.8475129231,42.8445300006]},"properties":{"label_cluster_id":8422,"label_type":"CurbRamp","street_edge_id":158,"intersection_id":16,"osm_way_id":15997794,"region_id":1,"region_name":"Laurens","avg_image_capture_date":"2025-11-01T00:00Z","avg_label_date":"2026-09-19T01:32:45.513760Z","median_severity":null,"agree_count":5,"disagree_count":0,"unsure_count":0,"cluster_size":5,"label_ids":[260,479,484,2164,2230],"users":["51b0b927-3c8a-45b2-93de-bd878d1e5cf4"],"tag_counts":{}}},{"type":"Feature","geometry":{"type":"Point","coordinates":[-94.8487191368,42.8444303003]},"properties":{"label_cluster_id":8423,"label_type":"CurbRamp","street_edge_id":50,"intersection_id":36,"osm_way_id":15996485,"region_id":1,"region_name":"Laurens","avg_image_capture_date":"2025-11-01T00:00Z","avg_label_date":"2026-09-19T13:28:23.752621Z","median_severity":null,"agree_count":1,"disagree_count":0,"unsure_count":0,"cluster_size":2,"label_ids":[110,2416],"users":["51b0b927-3c8a-45b2-93de-bd878d1e5cf4"],"tag_counts":{}}},{"type":"Feature","geometry":{"type":"Point","coordinates":[-94.8487397238,42.8444762563]},"properties":{"label_cluster_id":8424,"label_type":"CurbRamp","street_edge_id":50,"intersection_id":36,"osm_way_id":15996485,"region_id":1,"region_name":"Laurens","avg_image_capture_date":"2025-11-01T00:00Z","avg_label_date":"2026-09-17T01:47:07.525719Z","median_severity":null,"agree_count":2,"disagree_count":0,"unsure_count":0,"cluster_size":2,"label_ids":[626,654],"users":["51b0b927-3c8a-45b2-93de-bd878d1e5cf4"],"tag_counts":{}}},{"type":"Feature","geometry":{"type":"Point","coordinates":[-94.8486627781,42.8445343355]},"properties":{"label_cluster_id":8425,"label_type":"CurbRamp","street_edge_id":158,"intersection_id":36,"osm_way_id":15997794,"region_id":1,"region_name":"Laurens","avg_image_capture_date":"2025-11-01T00:00Z","avg_label_date":"2026-09-17T01:44:27.337080Z","median_severity":null,"agree_count":2,"disagree_count":0,"unsure_count":0,"cluster_size":2,"label_ids":[142,607],"users":["51b0b927-3c8a-45b2-93de-bd878d1e5cf4"],"tag_counts":{}}},{"type":"Feature","geometry":{"type":"Point","coordinates":[-94.8487164504,42.8445608209]},"properties":{"label_cluster_id":8426,"label_type":"CurbRamp","street_edge_id":158,"intersection_id":36,"osm_way_id":15997794,"region_id":1,"region_name":"Laurens","avg_image_capture_date":"2025-11-01T00:00Z","avg_label_date":"2026-09-19T13:30:05.308986Z","median_severity":null,"agree_count":4,"disagree_count":0,"unsure_count":0,"cluster_size":8,"label_ids":[367,408,438,650,2014,2073,2195,2409],"users":["51b0b927-3c8a-45b2-93de-bd878d1e5cf4"],"tag_counts":{}}},{"type":"Feature","geometry":{"type":"Point","coordinates":[-94.8486054798,42.8455753911]},"properties":{"label_cluster_id":8427,"label_type":"CurbRamp","street_edge_id":161,"intersection_id":31,"osm_way_id":15997796,"region_id":1,"region_name":"Laurens","avg_image_capture_date":"2025-11-01T00:00Z","avg_label_date":"2026-09-17T01:43:51.833984Z","median_severity":2,"agree_count":2,"disagree_count":0,"unsure_count":0,"cluster_size":3,"label_ids":[129,303,466],"users":["51b0b927-3c8a-45b2-93de-bd878d1e5cf4"],"tag_counts":{"narrow":1,"missing tactile warning":1}}},{"type":"Feature","geometry":{"type":"Point","coordinates":[-94.8486861366,42.84553633]},"properties":{"label_cluster_id":8428,"label_type":"CurbRamp","street_edge_id":49,"intersection_id":31,"osm_way_id":15996485,"region_id":1,"region_name":"Laurens","avg_image_capture_date":"2025-11-01T00:00Z","avg_label_date":"2026-09-19T13:30:02.747269Z","median_severity":null,"agree_count":3,"disagree_count":0,"unsure_count":0,"cluster_size":6,"label_ids":[323,577,585,1719,1942,2093],"users":["51b0b927-3c8a-45b2-93de-bd878d1e5cf4"],"tag_counts":{}}},{"type":"Feature","geometry":{"type":"Point","coordinates":[-94.8474358702,42.8455109655]},"properties":{"label_cluster_id":8429,"label_type":"CurbRamp","street_edge_id":161,"intersection_id":79,"osm_way_id":15997796,"region_id":1,"region_name":"Laurens","avg_image_capture_date":"2025-11-01T00:00Z","avg_label_date":"2026-09-19T18:31:08.891764Z","median_severity":2,"agree_count":1,"disagree_count":0,"unsure_count":0,"cluster_size":5,"label_ids":[349,1069,1070,1436,2500],"users":["51b0b927-3c8a-45b2-93de-bd878d1e5cf4","549187e0-redacted"],"tag_counts":{"narrow":3,"missing tactile warning":3}}},{"type":"Feature","geometry":{"type":"Point","coordinates":[-94.8476488948,42.8455382757]},"properties":{"label_cluster_id":8430,"label_type":"CurbRamp","street_edge_id":161,"intersection_id":79,"osm_way_id":15997796,"region_id":1,"region_name":"Laurens","avg_image_capture_date":"2025-11-01T00:00Z","avg_label_date":"2026-09-17T01:41:01.919432Z","median_severity":null,"agree_count":1,"disagree_count":0,"unsure_count":0,"cluster_size":1,"label_ids":[27],"users":["51b0b927-3c8a-45b2-93de-bd878d1e5cf4"],"tag_counts":{}}},{"type":"Feature","geometry":{"type":"Point","coordinates":[-94.8500923508,42.84557303]},"properties":{"label_cluster_id":8431,"label_type":"CurbRamp","street_edge_id":26,"intersection_id":82,"osm_way_id":15996188,"region_id":1,"region_name":"Laurens","avg_image_capture_date":"2025-11-01T00:00Z","avg_label_date":"2026-09-17T01:46:28.009942Z","median_severity":null,"agree_count":2,"disagree_count":0,"unsure_count":0,"cluster_size":2,"label_ids":[489,664],"users":["51b0b927-3c8a-45b2-93de-bd878d1e5cf4"],"tag_counts":{}}},{"type":"Feature","geometry":{"type":"Point","coordinates":[-94.8501439309,42.8456118062]},"properties":{"label_cluster_id":8432,"label_type":"CurbRamp","street_edge_id":69,"intersection_id":82,"osm_way_id":15996716,"region_id":1,"region_name":"Laurens","avg_image_capture_date":"2025-11-01T00:00Z","avg_label_date":"2026-09-19T01:31:31.931396Z","median_severity":null,"agree_count":5,"disagree_count":0,"unsure_count":0,"cluster_size":5,"label_ids":[48,147,396,2030,2382],"users":["51b0b927-3c8a-45b2-93de-bd878d1e5cf4"],"tag_counts":{}}},{"type":"Feature","geometry":{"type":"Point","coordinates":[-94.8513886785,42.8457077151]},"properties":{"label_cluster_id":8433,"label_type":"CurbRamp","street_edge_id":69,"intersection_id":9,"osm_way_id":15996716,"region_id":1,"region_name":"Laurens","avg_image_capture_date":"2025-11-01T00:00Z","avg_label_date":"2026-09-20T18:18:32.518615Z","median_severity":2,"agree_count":1,"disagree_count":0,"unsure_count":0,"cluster_size":4,"label_ids":[659,1541,1754,2125],"users":["51b0b927-3c8a-45b2-93de-bd878d1e5cf4","549187e0-redacted"],"tag_counts":{"not level with street":1,"missing tactile warning":1}}},{"type":"Feature","geometry":{"type":"Point","coordinates":[-94.8512703593,42.8457060027]},"properties":{"label_cluster_id":8434,"label_type":"CurbRamp","street_edge_id":69,"intersection_id":9,"osm_way_id":15996716,"region_id":1,"region_name":"Laurens","avg_image_capture_date":"2025-11-01T00:00Z","avg_label_date":"2026-09-17T01:42:06.622579Z","median_severity":null,"agree_count":2,"disagree_count":0,"unsure_count":0,"cluster_size":2,"label_ids":[22,242],"users":["51b0b927-3c8a-45b2-93de-bd878d1e5cf4"],"tag_counts":{}}},{"type":"Feature","geometry":{"type":"Point","coordinates":[-94.851198221,42.8456967239]},"properties":{"label_cluster_id":8435,"label_type":"CurbRamp","street_edge_id":69,"intersection_id":null,"osm_way_id":15996716,"region_id":1,"region_name":"Laurens","avg_image_capture_date":"2025-11-01T00:00Z","avg_label_date":"2026-09-17T01:41:35.571494Z","median_severity":null,"agree_count":1,"disagree_count":0,"unsure_count":0,"cluster_size":1,"label_ids":[75],"users":["51b0b927-3c8a-45b2-93de-bd878d1e5cf4"],"tag_counts":{}}},{"type":"Feature","geometry":{"type":"Point","coordinates":[-94.8507602418,42.8456962045]},"properties":{"label_cluster_id":8436,"label_type":"CurbRamp","street_edge_id":69,"intersection_id":null,"osm_way_id":15996716,"region_id":1,"region_name":"Laurens","avg_image_capture_date":"2025-11-01T00:00Z","avg_label_date":"2026-09-22T01:15:10.732723Z","median_severity":null,"agree_count":0,"disagree_count":0,"unsure_count":1,"cluster_size":1,"label_ids":[2527],"users":["51b0b927-3c8a-45b2-93de-bd878d1e5cf4"],"tag_counts":{}}},{"type":"Feature","geometry":{"type":"Point","coordinates":[-94.850189159,42.8445053956]},"properties":{"label_cluster_id":8437,"label_type":"CurbRamp","street_edge_id":27,"intersection_id":8,"osm_way_id":15996188,"region_id":1,"region_name":"Laurens","avg_image_capture_date":"2025-11-01T00:00Z","avg_label_date":"2026-09-19T13:27:58.871274Z","median_severity":null,"agree_count":1,"disagree_count":0,"unsure_count":0,"cluster_size":2,"label_ids":[108,1826],"users":["51b0b927-3c8a-45b2-93de-bd878d1e5cf4"],"tag_counts":{}}},{"type":"Feature","geometry":{"type":"Point","coordinates":[-94.8502053554,42.8445738773]},"properties":{"label_cluster_id":8438,"label_type":"CurbRamp","street_edge_id":11,"intersection_id":8,"osm_way_id":15991587,"region_id":1,"region_name":"Laurens","avg_image_capture_date":"2025-11-01T00:00Z","avg_label_date":"2026-09-18T01:40:06.556436Z","median_severity":null,"agree_count":5,"disagree_count":0,"unsure_count":0,"cluster_size":5,"label_ids":[475,521,615,705,2081],"users":["51b0b927-3c8a-45b2-93de-bd878d1e5cf4"],"tag_counts":{}}},{"type":"Feature","geometry":{"type":"Point","coordinates":[-94.8514359951,42.844614148]},"properties":{"label_cluster_id":8439,"label_type":"CurbRamp","street_edge_id":11,"intersection_id":57,"osm_way_id":15991587,"region_id":1,"region_name":"Laurens","avg_image_capture_date":"2025-11-01T00:00Z","avg_label_date":"2026-09-22T01:14:22.156156Z","median_severity":null,"agree_count":1,"disagree_count":0,"unsure_count":0,"cluster_size":3,"label_ids":[1717,1982,2332],"users":["51b0b927-3c8a-45b2-93de-bd878d1e5cf4"],"tag_counts":{}}},{"type":"Feature","geometry":{"type":"Point","coordinates":[-94.8515133676,42.844609544]},"properties":{"label_cluster_id":8440,"label_type":"CurbRamp","street_edge_id":88,"intersection_id":57,"osm_way_id":15996946,"region_id":1,"region_name":"Laurens","avg_image_capture_date":"2025-11-01T00:00Z","avg_label_date":"2026-09-17T01:43:01.058152Z","median_severity":null,"agree_count":1,"disagree_count":0,"unsure_count":0,"cluster_size":1,"label_ids":[210],"users":["51b0b927-3c8a-45b2-93de-bd878d1e5cf4"],"tag_counts":{}}},{"type":"Feature","geometry":{"type":"Point","coordinates":[-94.8514034732,42.8446763791]},"properties":{"label_cluster_id":8441,"label_type":"CurbRamp","street_edge_id":11,"intersection_id":57,"osm_way_id":15991587,"region_id":1,"region_name":"Laurens","avg_image_capture_date":"2025-11-01T00:00Z","avg_label_date":"2026-09-17T01:41:46.776858Z","median_severity":null,"agree_count":1,"disagree_count":0,"unsure_count":0,"cluster_size":1,"label_ids":[100],"users":["51b0b927-3c8a-45b2-93de-bd878d1e5cf4"],"tag_counts":{}}},{"type":"Feature","geometry":{"type":"Point","coordinates":[-94.8542551229,42.8466827819]},"properties":{"label_cluster_id":8442,"label_type":"CurbRamp","street_edge_id":98,"intersection_id":66,"osm_way_id":15997046,"region_id":1,"region_name":"Laurens","avg_image_capture_date":"2025-11-01T00:00Z","avg_label_date":"2026-09-20T12:16:16.943609Z","median_severity":1,"agree_count":3,"disagree_count":0,"unsure_count":0,"cluster_size":6,"label_ids":[314,459,2108,2161,2194,2676],"users":["51b0b927-3c8a-45b2-93de-bd878d1e5cf4","549187e0-redacted"],"tag_counts":{}}},{"type":"Feature","geometry":{"type":"Point","coordinates":[-94.8543207866,42.8467845082]},"properties":{"label_cluster_id":8443,"label_type":"CurbRamp","street_edge_id":32,"intersection_id":66,"osm_way_id":15996191,"region_id":1,"region_name":"Laurens","avg_image_capture_date":"2025-11-01T00:00Z","avg_label_date":"2026-09-19T04:58:37.319718Z","median_severity":1,"agree_count":3,"disagree_count":0,"unsure_count":0,"cluster_size":5,"label_ids":[163,340,555,2133,2684],"users":["51b0b927-3c8a-45b2-93de-bd878d1e5cf4","549187e0-redacted"],"tag_counts":{}}},{"type":"Feature","geometry":{"type":"Point","coordinates":[-94.8558875085,42.8472535158]},"properties":{"label_cluster_id":8444,"label_type":"CurbRamp","street_edge_id":154,"intersection_id":null,"osm_way_id":15997643,"region_id":1,"region_name":"Laurens","avg_image_capture_date":"2025-11-01T00:00Z","avg_label_date":"2026-09-22T01:13:55.318930Z","median_severity":null,"agree_count":1,"disagree_count":0,"unsure_count":0,"cluster_size":1,"label_ids":[1684],"users":["51b0b927-3c8a-45b2-93de-bd878d1e5cf4"],"tag_counts":{}}},{"type":"Feature","geometry":{"type":"Point","coordinates":[-94.8552908931,42.8468450906]},"properties":{"label_cluster_id":8445,"label_type":"CurbRamp","street_edge_id":32,"intersection_id":null,"osm_way_id":15996191,"region_id":1,"region_name":"Laurens","avg_image_capture_date":"2025-11-01T00:00Z","avg_label_date":"2026-09-22T01:14:14.147423Z","median_severity":null,"agree_count":1,"disagree_count":0,"unsure_count":0,"cluster_size":1,"label_ids":[1910],"users":["51b0b927-3c8a-45b2-93de-bd878d1e5cf4"],"tag_counts":{}}},{"type":"Feature","geometry":{"type":"Point","coordinates":[-94.8512927498,42.8509120273]},"properties":{"label_cluster_id":8446,"label_type":"CurbRamp","street_edge_id":168,"intersection_id":86,"osm_way_id":1474028772,"region_id":1,"region_name":"Laurens","avg_image_capture_date":"2025-11-01T00:00Z","avg_label_date":"2026-09-19T01:09:19.338598Z","median_severity":2,"agree_count":1,"disagree_count":0,"unsure_count":0,"cluster_size":4,"label_ids":[254,317,543,2851],"users":["51b0b927-3c8a-45b2-93de-bd878d1e5cf4","549187e0-redacted"],"tag_counts":{"narrow":1,"missing tactile warning":1}}},{"type":"Feature","geometry":{"type":"Point","coordinates":[-94.8513478295,42.8509248393]},"properties":{"label_cluster_id":8447,"label_type":"CurbRamp","street_edge_id":78,"intersection_id":86,"osm_way_id":15996828,"region_id":1,"region_name":"Laurens","avg_image_capture_date":"2025-11-01T00:00Z","avg_label_date":"2026-09-18T17:35:41.333502Z","median_severity":null,"agree_count":2,"disagree_count":0,"unsure_count":0,"cluster_size":3,"label_ids":[414,661,2199],"users":["51b0b927-3c8a-45b2-93de-bd878d1e5cf4"],"tag_counts":{}}},{"type":"Feature","geometry":{"type":"Point","coordinates":[-94.8514392835,42.8500185125]},"properties":{"label_cluster_id":8448,"label_type":"CurbRamp","street_edge_id":129,"intersection_id":63,"osm_way_id":15997383,"region_id":1,"region_name":"Laurens","avg_image_capture_date":"2025-11-01T00:00Z","avg_label_date":"2026-09-23T07:28:30.831739Z","median_severity":2,"agree_count":0,"disagree_count":0,"unsure_count":0,"cluster_size":2,"label_ids":[1898,2805],"users":["51b0b927-3c8a-45b2-93de-bd878d1e5cf4","549187e0-redacted"],"tag_counts":{"narrow":1,"missing tactile warning":1}}},{"type":"Feature","geometry":{"type":"Point","coordinates":[-94.8513536447,42.8501281292]},"properties":{"label_cluster_id":8449,"label_type":"CurbRamp","street_edge_id":168,"intersection_id":63,"osm_way_id":1474028772,"region_id":1,"region_name":"Laurens","avg_image_capture_date":"2025-11-01T00:00Z","avg_label_date":"2026-09-17T01:44:51.097057Z","median_severity":null,"agree_count":1,"disagree_count":0,"unsure_count":0,"cluster_size":1,"label_ids":[381],"users":["51b0b927-3c8a-45b2-93de-bd878d1e5cf4"],"tag_counts":{}}},{"type":"Feature","geometry":{"type":"Point","coordinates":[-94.852772607,42.8509353959]},"properties":{"label_cluster_id":8450,"label_type":"CurbRamp","street_edge_id":79,"intersection_id":5,"osm_way_id":15996828,"region_id":1,"region_name":"Laurens","avg_image_capture_date":"2025-11-01T00:00Z","avg_label_date":"2026-09-21T01:20:40.275240Z","median_severity":null,"agree_count":2,"disagree_count":0,"unsure_count":0,"cluster_size":5,"label_ids":[501,1579,1985,2282,2315],"users":["51b0b927-3c8a-45b2-93de-bd878d1e5cf4"],"tag_counts":{}}},{"type":"Feature","geometry":{"type":"Point","coordinates":[-94.8527811521,42.8508432629]},"properties":{"label_cluster_id":8451,"label_type":"CurbRamp","street_edge_id":145,"intersection_id":5,"osm_way_id":15997565,"region_id":1,"region_name":"Laurens","avg_image_capture_date":"2025-11-01T00:00Z","avg_label_date":"2026-09-22T01:13:50.961328Z","median_severity":null,"agree_count":0,"disagree_count":0,"unsure_count":0,"cluster_size":1,"label_ids":[1640],"users":["51b0b927-3c8a-45b2-93de-bd878d1e5cf4"],"tag_counts":{}}},{"type":"Feature","geometry":{"type":"Point","coordinates":[-94.8527738353,42.8500507043]},"properties":{"label_cluster_id":8452,"label_type":"CurbRamp","street_edge_id":145,"intersection_id":77,"osm_way_id":15997565,"region_id":1,"region_name":"Laurens","avg_image_capture_date":"2025-11-01T00:00Z","avg_label_date":"2026-09-19T13:28:34.927612Z","median_severity":null,"agree_count":1,"disagree_count":0,"unsure_count":0,"cluster_size":2,"label_ids":[238,1686],"users":["51b0b927-3c8a-45b2-93de-bd878d1e5cf4"],"tag_counts":{}}},{"type":"Feature","geometry":{"type":"Point","coordinates":[-94.8529205899,42.8500536655]},"properties":{"label_cluster_id":8453,"label_type":"CurbRamp","street_edge_id":131,"intersection_id":77,"osm_way_id":15997383,"region_id":1,"region_name":"Laurens","avg_image_capture_date":"2025-11-01T00:00Z","avg_label_date":"2026-09-22T01:14:56.574035Z","median_severity":null,"agree_count":1,"disagree_count":0,"unsure_count":0,"cluster_size":1,"label_ids":[2430],"users":["51b0b927-3c8a-45b2-93de-bd878d1e5cf4"],"tag_counts":{}}},{"type":"Feature","geometry":{"type":"Point","coordinates":[-94.8520280944,42.8501034465]},"properties":{"label_cluster_id":8454,"label_type":"CurbRamp","street_edge_id":129,"intersection_id":null,"osm_way_id":15997383,"region_id":1,"region_name":"Laurens","avg_image_capture_date":"2025-11-01T00:00Z","avg_label_date":"2026-09-22T01:13:48.811263Z","median_severity":null,"agree_count":0,"disagree_count":0,"unsure_count":0,"cluster_size":1,"label_ids":[1613],"users":["51b0b927-3c8a-45b2-93de-bd878d1e5cf4"],"tag_counts":{}}},{"type":"Feature","geometry":{"type":"Point","coordinates":[-94.8524351897,42.8500049958]},"properties":{"label_cluster_id":8455,"label_type":"CurbRamp","street_edge_id":129,"intersection_id":77,"osm_way_id":15997383,"region_id":1,"region_name":"Laurens","avg_image_capture_date":"2025-11-01T00:00Z","avg_label_date":"2026-09-22T01:14:15.185690Z","median_severity":null,"agree_count":0,"disagree_count":0,"unsure_count":0,"cluster_size":1,"label_ids":[1923],"users":["51b0b927-3c8a-45b2-93de-bd878d1e5cf4"],"tag_counts":{}}},{"type":"Feature","geometry":{"type":"Point","coordinates":[-94.8541531268,42.8500741338]},"properties":{"label_cluster_id":8456,"label_type":"CurbRamp","street_edge_id":127,"intersection_id":59,"osm_way_id":15997383,"region_id":1,"region_name":"Laurens","avg_image_capture_date":"2025-11-01T00:00Z","avg_label_date":"2026-09-18T17:34:53.937450Z","median_severity":null,"agree_count":5,"disagree_count":0,"unsure_count":0,"cluster_size":6,"label_ids":[151,332,533,672,2233,2310],"users":["51b0b927-3c8a-45b2-93de-bd878d1e5cf4"],"tag_counts":{}}},{"type":"Feature","geometry":{"type":"Point","coordinates":[-94.8544061874,42.849985228]},"properties":{"label_cluster_id":8457,"label_type":"CurbRamp","street_edge_id":127,"intersection_id":null,"osm_way_id":15997383,"region_id":1,"region_name":"Laurens","avg_image_capture_date":"2025-11-01T00:00Z","avg_label_date":"2026-09-22T01:14:52.906592Z","median_severity":null,"agree_count":1,"disagree_count":0,"unsure_count":0,"cluster_size":1,"label_ids":[2387],"users":["51b0b927-3c8a-45b2-93de-bd878d1e5cf4"],"tag_counts":{}}},{"type":"Feature","geometry":{"type":"Point","coordinates":[-94.8538926285,42.851943753]},"properties":{"label_cluster_id":8458,"label_type":"CurbRamp","street_edge_id":141,"intersection_id":74,"osm_way_id":15997533,"region_id":1,"region_name":"Laurens","avg_image_capture_date":"2025-11-01T00:00Z","avg_label_date":"2026-09-19T13:28:37.980058Z","median_severity":2,"agree_count":2,"disagree_count":0,"unsure_count":0,"cluster_size":2,"label_ids":[203,1947],"users":["51b0b927-3c8a-45b2-93de-bd878d1e5cf4"],"tag_counts":{"narrow":1,"missing tactile warning":1}}},{"type":"Feature","geometry":{"type":"Point","coordinates":[-94.8539456563,42.852043882]},"properties":{"label_cluster_id":8459,"label_type":"CurbRamp","street_edge_id":141,"intersection_id":74,"osm_way_id":15997533,"region_id":1,"region_name":"Laurens","avg_image_capture_date":"2025-11-01T00:00Z","avg_label_date":"2026-09-19T13:29:39.656424Z","median_severity":null,"agree_count":3,"disagree_count":0,"unsure_count":0,"cluster_size":4,"label_ids":[207,518,2302,2467],"users":["51b0b927-3c8a-45b2-93de-bd878d1e5cf4"],"tag_counts":{}}},{"type":"Feature","geometry":{"type":"Point","coordinates":[-94.8541537489,42.8519686247]},"properties":{"label_cluster_id":8460,"label_type":"CurbRamp","street_edge_id":142,"intersection_id":74,"osm_way_id":15997533,"region_id":1,"region_name":"Laurens","avg_image_capture_date":"2025-11-01T00:00Z","avg_label_date":"2026-09-22T01:14:42.719620Z","median_severity":null,"agree_count":2,"disagree_count":0,"unsure_count":0,"cluster_size":2,"label_ids":[1925,2519],"users":["51b0b927-3c8a-45b2-93de-bd878d1e5cf4"],"tag_counts":{}}},{"type":"Feature","geometry":{"type":"Point","coordinates":[-94.854072978,42.8518371445]},"properties":{"label_cluster_id":8461,"label_type":"CurbRamp","street_edge_id":150,"intersection_id":74,"osm_way_id":15997573,"region_id":1,"region_name":"Laurens","avg_image_capture_date":"2025-11-01T00:00Z","avg_label_date":"2026-09-19T13:30:12.068484Z","median_severity":null,"agree_count":0,"disagree_count":0,"unsure_count":0,"cluster_size":2,"label_ids":[587,1559],"users":["51b0b927-3c8a-45b2-93de-bd878d1e5cf4"],"tag_counts":{}}},{"type":"Feature","geometry":{"type":"Point","coordinates":[-94.8486706008,42.844607397]},"properties":{"label_cluster_id":8462,"label_type":"CurbRamp","street_edge_id":158,"intersection_id":36,"osm_way_id":15997794,"region_id":1,"region_name":"Laurens","avg_image_capture_date":"2025-11-01T00:00Z","avg_label_date":"2026-09-20T01:26:45.164153Z","median_severity":null,"agree_count":3,"disagree_count":0,"unsure_count":0,"cluster_size":5,"label_ids":[299,441,2072,2373,2483],"users":["51b0b927-3c8a-45b2-93de-bd878d1e5cf4"],"tag_counts":{}}},{"type":"Feature","geometry":{"type":"Point","coordinates":[-94.8488990697,42.8445517556]},"properties":{"label_cluster_id":8463,"label_type":"CurbRamp","street_edge_id":10,"intersection_id":36,"osm_way_id":15991587,"region_id":1,"region_name":"Laurens","avg_image_capture_date":"2025-11-01T00:00Z","avg_label_date":"2026-09-18T07:37:52.448230Z","median_severity":null,"agree_count":2,"disagree_count":0,"unsure_count":0,"cluster_size":4,"label_ids":[365,531,597,1750],"users":["51b0b927-3c8a-45b2-93de-bd878d1e5cf4"],"tag_counts":{}}},{"type":"Feature","geometry":{"type":"Point","coordinates":[-94.8488449311,42.8445331054]},"properties":{"label_cluster_id":8464,"label_type":"CurbRamp","street_edge_id":10,"intersection_id":36,"osm_way_id":15991587,"region_id":1,"region_name":"Laurens","avg_image_capture_date":"2025-11-01T00:00Z","avg_label_date":"2026-09-17T01:46:19.318068Z","median_severity":null,"agree_count":3,"disagree_count":0,"unsure_count":0,"cluster_size":3,"label_ids":[416,604,624],"users":["51b0b927-3c8a-45b2-93de-bd878d1e5cf4"],"tag_counts":{}}},{"type":"Feature","geometry":{"type":"Point","coordinates":[-94.8500517489,42.8444609578]},"properties":{"label_cluster_id":8465,"label_type":"CurbRamp","street_edge_id":27,"intersection_id":8,"osm_way_id":15996188,"region_id":1,"region_name":"Laurens","avg_image_capture_date":"2025-11-01T00:00Z","avg_label_date":"2026-09-17T01:42:54.209788Z","median_severity":null,"agree_count":1,"disagree_count":0,"unsure_count":1,"cluster_size":2,"label_ids":[105,292],"users":["51b0b927-3c8a-45b2-93de-bd878d1e5cf4"],"tag_counts":{}}},{"type":"Feature","geometry":{"type":"Point","coordinates":[-94.8502783064,42.8446575261]},"properties":{"label_cluster_id":8466,"label_type":"CurbRamp","street_edge_id":11,"intersection_id":8,"osm_way_id":15991587,"region_id":1,"region_name":"Laurens","avg_image_capture_date":"2025-11-01T00:00Z","avg_label_date":"2026-09-19T13:29:33.731708Z","median_severity":null,"agree_count":1,"disagree_count":0,"unsure_count":0,"cluster_size":2,"label_ids":[424,1685],"users":["51b0b927-3c8a-45b2-93de-bd878d1e5cf4"],"tag_counts":{}}},{"type":"Feature","geometry":{"type":"Point","coordinates":[-94.8502059353,42.8445955368]},"properties":{"label_cluster_id":8467,"label_type":"CurbRamp","street_edge_id":11,"intersection_id":8,"osm_way_id":15991587,"region_id":1,"region_name":"Laurens","avg_image_capture_date":"2025-11-01T00:00Z","avg_label_date":"2026-09-17T21:40:33.801088Z","median_severity":null,"agree_count":5,"disagree_count":0,"unsure_count":0,"cluster_size":6,"label_ids":[387,453,476,522,616,2319],"users":["51b0b927-3c8a-45b2-93de-bd878d1e5cf4"],"tag_counts":{}}},{"type":"Feature","geometry":{"type":"Point","coordinates":[-94.8502031448,42.844793776]},"properties":{"label_cluster_id":8468,"label_type":"CurbRamp","street_edge_id":26,"intersection_id":8,"osm_way_id":15996188,"region_id":1,"region_name":"Laurens","avg_image_capture_date":"2025-11-01T00:00Z","avg_label_date":"2026-09-17T01:43:44.339323Z","median_severity":null,"agree_count":0,"disagree_count":0,"unsure_count":0,"cluster_size":1,"label_ids":[280],"users":["51b0b927-3c8a-45b2-93de-bd878d1e5cf4"],"tag_counts":{}}},{"type":"Feature","geometry":{"type":"Point","coordinates":[-94.8512340705,42.8428198387]},"properties":{"label_cluster_id":8469,"label_type":"CurbRamp","street_edge_id":84,"intersection_id":67,"osm_way_id":15996943,"region_id":1,"region_name":"Laurens","avg_image_capture_date":"2025-11-01T00:00Z","avg_label_date":"2026-09-22T01:14:22.832315Z","median_severity":null,"agree_count":1,"disagree_count":0,"unsure_count":0,"cluster_size":1,"label_ids":[2009],"users":["51b0b927-3c8a-45b2-93de-bd878d1e5cf4"],"tag_counts":{}}},{"type":"Feature","geometry":{"type":"Point","coordinates":[-94.8529762635,42.8467108945]},"properties":{"label_cluster_id":8470,"label_type":"CurbRamp","street_edge_id":29,"intersection_id":65,"osm_way_id":15996191,"region_id":1,"region_name":"Laurens","avg_image_capture_date":"2025-11-01T00:00Z","avg_label_date":"2026-09-23T05:04:24.610500Z","median_severity":1,"agree_count":0,"disagree_count":0,"unsure_count":0,"cluster_size":2,"label_ids":[2744,2755],"users":["549187e0-redacted"],"tag_counts":{}}},{"type":"Feature","geometry":{"type":"Point","coordinates":[-94.8529388644,42.8466583213]},"properties":{"label_cluster_id":8471,"label_type":"CurbRamp","street_edge_id":29,"intersection_id":65,"osm_way_id":15996191,"region_id":1,"region_name":"Laurens","avg_image_capture_date":"2025-11-01T00:00Z","avg_label_date":"2026-09-18T07:35:41.226968Z","median_severity":null,"agree_count":2,"disagree_count":0,"unsure_count":0,"cluster_size":4,"label_ids":[174,178,191,2289],"users":["51b0b927-3c8a-45b2-93de-bd878d1e5cf4"],"tag_counts":{}}},{"type":"Feature","geometry":{"type":"Point","coordinates":[-94.8531390136,42.846650064]},"properties":{"label_cluster_id":8472,"label_type":"CurbRamp","street_edge_id":29,"intersection_id":65,"osm_way_id":15996191,"region_id":1,"region_name":"Laurens","avg_image_capture_date":"2025-11-01T00:00Z","avg_label_date":"2026-09-17T01:42:58.826172Z","median_severity":null,"agree_count":1,"disagree_count":0,"unsure_count":0,"cluster_size":1,"label_ids":[205],"users":["51b0b927-3c8a-45b2-93de-bd878d1e5cf4"],"tag_counts":{}}},{"type":"Feature","geometry":{"type":"Point","coordinates":[-94.8529755235,42.846565059]},"properties":{"label_cluster_id":8473,"label_type":"CurbRamp","street_edge_id":6,"intersection_id":65,"osm_way_id":15991387,"region_id":1,"region_name":"Laurens","avg_image_capture_date":"2025-11-01T00:00Z","avg_label_date":"2026-09-22T01:14:39.158657Z","median_severity":null,"agree_count":1,"disagree_count":0,"unsure_count":0,"cluster_size":1,"label_ids":[2222],"users":["51b0b927-3c8a-45b2-93de-bd878d1e5cf4"],"tag_counts":{}}},{"type":"Feature","geometry":{"type":"Point","coordinates":[-94.8542073024,42.8465464723]},"properties":{"label_cluster_id":8474,"label_type":"CurbRamp","street_edge_id":98,"intersection_id":66,"osm_way_id":15997046,"region_id":1,"region_name":"Laurens","avg_image_capture_date":"2025-11-01T00:00Z","avg_label_date":"2026-09-22T01:14:24.017124Z","median_severity":null,"agree_count":2,"disagree_count":0,"unsure_count":0,"cluster_size":2,"label_ids":[1909,2158],"users":["51b0b927-3c8a-45b2-93de-bd878d1e5cf4"],"tag_counts":{}}},{"type":"Feature","geometry":{"type":"Point","coordinates":[-94.8541433734,42.8467295246]},"properties":{"label_cluster_id":8475,"label_type":"CurbRamp","street_edge_id":29,"intersection_id":66,"osm_way_id":15996191,"region_id":1,"region_name":"Laurens","avg_image_capture_date":"2025-11-01T00:00Z","avg_label_date":"2026-09-17T01:44:33.369265Z","median_severity":null,"agree_count":1,"disagree_count":0,"unsure_count":0,"cluster_size":2,"label_ids":[339,352],"users":["51b0b927-3c8a-45b2-93de-bd878d1e5cf4"],"tag_counts":{}}},{"type":"Feature","geometry":{"type":"Point","coordinates":[-94.8541797506,42.8467737507]},"properties":{"label_cluster_id":8476,"label_type":"CurbRamp","street_edge_id":152,"intersection_id":66,"osm_way_id":15997604,"region_id":1,"region_name":"Laurens","avg_image_capture_date":"2025-11-01T00:00Z","avg_label_date":"2026-09-18T23:18:46.032313Z","median_severity":1,"agree_count":4,"disagree_count":0,"unsure_count":0,"cluster_size":6,"label_ids":[160,557,564,693,2677,2681],"users":["51b0b927-3c8a-45b2-93de-bd878d1e5cf4","549187e0-redacted"],"tag_counts":{}}},{"type":"Feature","geometry":{"type":"Point","coordinates":[-94.8543198201,42.8457355089]},"properties":{"label_cluster_id":8477,"label_type":"CurbRamp","street_edge_id":68,"intersection_id":42,"osm_way_id":15996716,"region_id":1,"region_name":"Laurens","avg_image_capture_date":"2025-11-01T00:00Z","avg_label_date":"2026-09-22T18:21:24.632Z","median_severity":2,"agree_count":0,"disagree_count":0,"unsure_count":0,"cluster_size":2,"label_ids":[2649,2650],"users":["549187e0-redacted"],"tag_counts":{"narrow":1,"not level with street":1,"missing tactile warning":2}}},{"type":"Feature","geometry":{"type":"Point","coordinates":[-94.8543439916,42.8456574744]},"properties":{"label_cluster_id":8478,"label_type":"CurbRamp","street_edge_id":68,"intersection_id":42,"osm_way_id":15996716,"region_id":1,"region_name":"Laurens","avg_image_capture_date":"2025-11-01T00:00Z","avg_label_date":"2026-09-17T01:41:40.261019Z","median_severity":null,"agree_count":1,"disagree_count":0,"unsure_count":0,"cluster_size":1,"label_ids":[85],"users":["51b0b927-3c8a-45b2-93de-bd878d1e5cf4"],"tag_counts":{}}},{"type":"Feature","geometry":{"type":"Point","coordinates":[-94.8540936529,42.8456564566]},"properties":{"label_cluster_id":8479,"label_type":"CurbRamp","street_edge_id":66,"intersection_id":42,"osm_way_id":15996716,"region_id":1,"region_name":"Laurens","avg_image_capture_date":"2025-11-01T00:00Z","avg_label_date":"2026-09-22T01:14:09.680015Z","median_severity":null,"agree_count":2,"disagree_count":0,"unsure_count":0,"cluster_size":2,"label_ids":[1709,2002],"users":["51b0b927-3c8a-45b2-93de-bd878d1e5cf4"],"tag_counts":{}}},{"type":"Feature","geometry":{"type":"Point","coordinates":[-94.8542326445,42.8456611566]},"properties":{"label_cluster_id":8480,"label_type":"CurbRamp","street_edge_id":97,"intersection_id":42,"osm_way_id":15997046,"region_id":1,"region_name":"Laurens","avg_image_capture_date":"2025-11-01T00:00Z","avg_label_date":"2026-09-19T13:30:08.511023Z","median_severity":null,"agree_count":2,"disagree_count":0,"unsure_count":0,"cluster_size":2,"label_ids":[462,2365],"users":["51b0b927-3c8a-45b2-93de-bd878d1e5cf4"],"tag_counts":{}}},{"type":"Feature","geometry":{"type":"Point","coordinates":[-94.8541920481,42.8457388697]},"properties":{"label_cluster_id":8481,"label_type":"CurbRamp","street_edge_id":66,"intersection_id":42,"osm_way_id":15996716,"region_id":1,"region_name":"Laurens","avg_image_capture_date":"2025-11-01T00:00Z","avg_label_date":"2026-09-22T01:14:43.699827Z","median_severity":null,"agree_count":1,"disagree_count":0,"unsure_count":0,"cluster_size":1,"label_ids":[2278],"users":["51b0b927-3c8a-45b2-93de-bd878d1e5cf4"],"tag_counts":{}}},{"type":"Feature","geometry":{"type":"Point","coordinates":[-94.8529536104,42.8457429778]},"properties":{"label_cluster_id":8482,"label_type":"CurbRamp","street_edge_id":66,"intersection_id":56,"osm_way_id":15996716,"region_id":1,"region_name":"Laurens","avg_image_capture_date":"2025-11-01T00:00Z","avg_label_date":"2026-09-19T13:30:34.855935Z","median_severity":null,"agree_count":1,"disagree_count":0,"unsure_count":0,"cluster_size":2,"label_ids":[628,1858],"users":["51b0b927-3c8a-45b2-93de-bd878d1e5cf4"],"tag_counts":{}}},{"type":"Feature","geometry":{"type":"Point","coordinates":[-94.8530459882,42.8457792394]},"properties":{"label_cluster_id":8483,"label_type":"CurbRamp","street_edge_id":66,"intersection_id":56,"osm_way_id":15996716,"region_id":1,"region_name":"Laurens","avg_image_capture_date":"2025-11-01T00:00Z","avg_label_date":"2026-09-22T18:16:00.547Z","median_severity":2,"agree_count":0,"disagree_count":0,"unsure_count":0,"cluster_size":1,"label_ids":[2611],"users":["549187e0-redacted"],"tag_counts":{"narrow":1,"surface problem":1,"debris / pooled water":1,"missing tactile warning":1}}},{"type":"Feature","geometry":{"type":"Point","coordinates":[-94.8528546196,42.8456290258]},"properties":{"label_cluster_id":8484,"label_type":"CurbRamp","street_edge_id":5,"intersection_id":56,"osm_way_id":15991387,"region_id":1,"region_name":"Laurens","avg_image_capture_date":"2025-11-01T00:00Z","avg_label_date":"2026-09-19T13:29:45.879029Z","median_severity":null,"agree_count":4,"disagree_count":0,"unsure_count":0,"cluster_size":4,"label_ids":[277,464,2265,2564],"users":["51b0b927-3c8a-45b2-93de-bd878d1e5cf4"],"tag_counts":{}}},{"type":"Feature","geometry":{"type":"Point","coordinates":[-94.8529743817,42.8455909974]},"properties":{"label_cluster_id":8485,"label_type":"CurbRamp","street_edge_id":5,"intersection_id":56,"osm_way_id":15991387,"region_id":1,"region_name":"Laurens","avg_image_capture_date":"2025-11-01T00:00Z","avg_label_date":"2026-09-22T01:14:44.578762Z","median_severity":null,"agree_count":2,"disagree_count":0,"unsure_count":0,"cluster_size":2,"label_ids":[1944,2540],"users":["51b0b927-3c8a-45b2-93de-bd878d1e5cf4"],"tag_counts":{}}},{"type":"Feature","geometry":{"type":"Point","coordinates":[-94.8514104992,42.8456549185]},"properties":{"label_cluster_id":8486,"label_type":"CurbRamp","street_edge_id":69,"intersection_id":9,"osm_way_id":15996716,"region_id":1,"region_name":"Laurens","avg_image_capture_date":"2025-11-01T00:00Z","avg_label_date":"2026-09-21T23:06:28.488466Z","median_severity":2,"agree_count":0,"disagree_count":0,"unsure_count":0,"cluster_size":2,"label_ids":[1542,2139],"users":["51b0b927-3c8a-45b2-93de-bd878d1e5cf4","549187e0-redacted"],"tag_counts":{"narrow":1,"surface problem":1,"missing tactile warning":1}}},{"type":"Feature","geometry":{"type":"Point","coordinates":[-94.8514733233,42.8456996067]},"properties":{"label_cluster_id":8487,"label_type":"CurbRamp","street_edge_id":89,"intersection_id":9,"osm_way_id":15996946,"region_id":1,"region_name":"Laurens","avg_image_capture_date":"2025-11-01T00:00Z","avg_label_date":"2026-09-18T17:34:57.727653Z","median_severity":null,"agree_count":2,"disagree_count":0,"unsure_count":0,"cluster_size":3,"label_ids":[243,636,2138],"users":["51b0b927-3c8a-45b2-93de-bd878d1e5cf4"],"tag_counts":{}}},{"type":"Feature","geometry":{"type":"Point","coordinates":[-94.8513463889,42.8467182888]},"properties":{"label_cluster_id":8488,"label_type":"CurbRamp","street_edge_id":33,"intersection_id":32,"osm_way_id":15996191,"region_id":1,"region_name":"Laurens","avg_image_capture_date":"2025-11-01T00:00Z","avg_label_date":"2026-09-20T18:49:23.204206Z","median_severity":2,"agree_count":4,"disagree_count":0,"unsure_count":0,"cluster_size":8,"label_ids":[177,527,1535,1554,1623,1680,1780,1872],"users":["51b0b927-3c8a-45b2-93de-bd878d1e5cf4","549187e0-redacted"],"tag_counts":{"surface problem":1,"missing tactile warning":1}}},{"type":"Feature","geometry":{"type":"Point","coordinates":[-94.8516298182,42.8466243995]},"properties":{"label_cluster_id":8489,"label_type":"CurbRamp","street_edge_id":30,"intersection_id":32,"osm_way_id":15996191,"region_id":1,"region_name":"Laurens","avg_image_capture_date":"2025-11-01T00:00Z","avg_label_date":"2026-09-22T20:25:29.222754Z","median_severity":2,"agree_count":1,"disagree_count":0,"unsure_count":0,"cluster_size":2,"label_ids":[2000,2762],"users":["51b0b927-3c8a-45b2-93de-bd878d1e5cf4","549187e0-redacted"],"tag_counts":{"missing tactile warning":1}}},{"type":"Feature","geometry":{"type":"Point","coordinates":[-94.8517595026,42.8466394431]},"properties":{"label_cluster_id":8490,"label_type":"CurbRamp","street_edge_id":30,"intersection_id":32,"osm_way_id":15996191,"region_id":1,"region_name":"Laurens","avg_image_capture_date":"2025-11-01T00:00Z","avg_label_date":"2026-09-17T01:44:44.051443Z","median_severity":null,"agree_count":1,"disagree_count":0,"unsure_count":0,"cluster_size":1,"label_ids":[364],"users":["51b0b927-3c8a-45b2-93de-bd878d1e5cf4"],"tag_counts":{}}},{"type":"Feature","geometry":{"type":"Point","coordinates":[-94.8502207333,42.8456835969]},"properties":{"label_cluster_id":8491,"label_type":"CurbRamp","street_edge_id":69,"intersection_id":82,"osm_way_id":15996716,"region_id":1,"region_name":"Laurens","avg_image_capture_date":"2025-11-01T00:00Z","avg_label_date":"2026-09-18T17:36:05.988352Z","median_severity":null,"agree_count":2,"disagree_count":0,"unsure_count":0,"cluster_size":6,"label_ids":[569,609,622,666,1770,2383],"users":["51b0b927-3c8a-45b2-93de-bd878d1e5cf4"],"tag_counts":{}}},{"type":"Feature","geometry":{"type":"Point","coordinates":[-94.8501468964,42.8458031521]},"properties":{"label_cluster_id":8492,"label_type":"CurbRamp","street_edge_id":28,"intersection_id":82,"osm_way_id":15996188,"region_id":1,"region_name":"Laurens","avg_image_capture_date":"2025-11-01T00:00Z","avg_label_date":"2026-09-17T01:45:50.058193Z","median_severity":null,"agree_count":1,"disagree_count":0,"unsure_count":0,"cluster_size":1,"label_ids":[512],"users":["51b0b927-3c8a-45b2-93de-bd878d1e5cf4"],"tag_counts":{}}},{"type":"Feature","geometry":{"type":"Point","coordinates":[-94.8500284279,42.8455299316]},"properties":{"label_cluster_id":8493,"label_type":"CurbRamp","street_edge_id":26,"intersection_id":82,"osm_way_id":15996188,"region_id":1,"region_name":"Laurens","avg_image_capture_date":"2025-11-01T00:00Z","avg_label_date":"2026-09-20T19:21:10.340439Z","median_severity":null,"agree_count":2,"disagree_count":0,"unsure_count":0,"cluster_size":4,"label_ids":[49,1877,2146,2243],"users":["51b0b927-3c8a-45b2-93de-bd878d1e5cf4"],"tag_counts":{}}},{"type":"Feature","geometry":{"type":"Point","coordinates":[-94.8498964035,42.8456918327]},"properties":{"label_cluster_id":8494,"label_type":"CurbRamp","street_edge_id":70,"intersection_id":82,"osm_way_id":15996716,"region_id":1,"region_name":"Laurens","avg_image_capture_date":"2025-11-01T00:00Z","avg_label_date":"2026-09-17T01:40:50.875586Z","median_severity":null,"agree_count":1,"disagree_count":0,"unsure_count":0,"cluster_size":1,"label_ids":[15],"users":["51b0b927-3c8a-45b2-93de-bd878d1e5cf4"],"tag_counts":{}}},{"type":"Feature","geometry":{"type":"Point","coordinates":[-94.8487308542,42.8465652937]},"properties":{"label_cluster_id":8495,"label_type":"CurbRamp","street_edge_id":52,"intersection_id":71,"osm_way_id":15996485,"region_id":1,"region_name":"Laurens","avg_image_capture_date":"2025-11-01T00:00Z","avg_label_date":"2026-09-20T07:55:55.779607Z","median_severity":2,"agree_count":2,"disagree_count":0,"unsure_count":0,"cluster_size":3,"label_ids":[236,1491,2433],"users":["51b0b927-3c8a-45b2-93de-bd878d1e5cf4","549187e0-redacted"],"tag_counts":{"narrow":1,"debris / pooled water":1,"missing tactile warning":1}}},{"type":"Feature","geometry":{"type":"Point","coordinates":[-94.8487968267,42.8466682604]},"properties":{"label_cluster_id":8496,"label_type":"CurbRamp","street_edge_id":31,"intersection_id":71,"osm_way_id":15996191,"region_id":1,"region_name":"Laurens","avg_image_capture_date":"2025-11-01T00:00Z","avg_label_date":"2026-09-18T17:03:37.068736Z","median_severity":2,"agree_count":7,"disagree_count":0,"unsure_count":0,"cluster_size":9,"label_ids":[25,42,123,168,195,461,1484,2211,2218],"users":["51b0b927-3c8a-45b2-93de-bd878d1e5cf4","549187e0-redacted"],"tag_counts":{"narrow":2,"missing tactile warning":2}}},{"type":"Feature","geometry":{"type":"Point","coordinates":[-94.8500002345,42.8466939572]},"properties":{"label_cluster_id":8497,"label_type":"CurbRamp","street_edge_id":31,"intersection_id":2,"osm_way_id":15996191,"region_id":1,"region_name":"Laurens","avg_image_capture_date":"2025-11-01T00:00Z","avg_label_date":"2026-09-19T21:25:04.968511Z","median_severity":1,"agree_count":5,"disagree_count":0,"unsure_count":0,"cluster_size":7,"label_ids":[515,602,687,1505,1683,1769,2304],"users":["51b0b927-3c8a-45b2-93de-bd878d1e5cf4","549187e0-redacted"],"tag_counts":{"points into traffic":1}}},{"type":"Feature","geometry":{"type":"Point","coordinates":[-94.8494031169,42.8466826129]},"properties":{"label_cluster_id":8498,"label_type":"CurbRamp","street_edge_id":31,"intersection_id":null,"osm_way_id":15996191,"region_id":1,"region_name":"Laurens","avg_image_capture_date":"2025-11-01T00:00Z","avg_label_date":"2026-09-22T01:14:45.144968Z","median_severity":null,"agree_count":0,"disagree_count":1,"unsure_count":0,"cluster_size":1,"label_ids":[2295],"users":["51b0b927-3c8a-45b2-93de-bd878d1e5cf4"],"tag_counts":{}}},{"type":"Feature","geometry":{"type":"Point","coordinates":[-94.8415236842,42.842630418]},"properties":{"label_cluster_id":8499,"label_type":"CurbRamp","street_edge_id":34,"intersection_id":87,"osm_way_id":15996255,"region_id":1,"region_name":"Laurens","avg_image_capture_date":"2025-11-01T00:00Z","avg_label_date":"2026-09-22T01:14:03.713217Z","median_severity":null,"agree_count":0,"disagree_count":0,"unsure_count":0,"cluster_size":1,"label_ids":[1792],"users":["51b0b927-3c8a-45b2-93de-bd878d1e5cf4"],"tag_counts":{}}},{"type":"Feature","geometry":{"type":"Point","coordinates":[-94.8413606063,42.8425937552]},"properties":{"label_cluster_id":8500,"label_type":"CurbRamp","street_edge_id":13,"intersection_id":87,"osm_way_id":15994059,"region_id":1,"region_name":"Laurens","avg_image_capture_date":"2025-11-01T00:00Z","avg_label_date":"2026-09-22T01:14:47.341461Z","median_severity":null,"agree_count":0,"disagree_count":0,"unsure_count":0,"cluster_size":1,"label_ids":[2323],"users":["51b0b927-3c8a-45b2-93de-bd878d1e5cf4"],"tag_counts":{}}},{"type":"Feature","geometry":{"type":"Point","coordinates":[-94.846309313,42.8425621836]},"properties":{"label_cluster_id":8501,"label_type":"CurbRamp","street_edge_id":38,"intersection_id":84,"osm_way_id":15996255,"region_id":1,"region_name":"Laurens","avg_image_capture_date":"2025-11-01T00:00Z","avg_label_date":"2026-09-22T01:13:54.927779Z","median_severity":null,"agree_count":0,"disagree_count":0,"unsure_count":0,"cluster_size":1,"label_ids":[1679],"users":["51b0b927-3c8a-45b2-93de-bd878d1e5cf4"],"tag_counts":{}}},{"type":"Feature","geometry":{"type":"Point","coordinates":[-94.8462862332,42.8426785266]},"properties":{"label_cluster_id":8502,"label_type":"CurbRamp","street_edge_id":38,"intersection_id":84,"osm_way_id":15996255,"region_id":1,"region_name":"Laurens","avg_image_capture_date":"2025-11-01T00:00Z","avg_label_date":"2026-09-22T01:14:15.586047Z","median_severity":null,"agree_count":0,"disagree_count":0,"unsure_count":0,"cluster_size":1,"label_ids":[1927],"users":["51b0b927-3c8a-45b2-93de-bd878d1e5cf4"],"tag_counts":{}}},{"type":"Feature","geometry":{"type":"Point","coordinates":[-94.8462300172,42.8445189884]},"properties":{"label_cluster_id":8503,"label_type":"CurbRamp","street_edge_id":136,"intersection_id":75,"osm_way_id":15997517,"region_id":1,"region_name":"Laurens","avg_image_capture_date":"2025-11-01T00:00Z","avg_label_date":"2026-09-20T19:21:34.590779Z","median_severity":null,"agree_count":1,"disagree_count":0,"unsure_count":0,"cluster_size":4,"label_ids":[118,2084,2279,2514],"users":["51b0b927-3c8a-45b2-93de-bd878d1e5cf4"],"tag_counts":{}}},{"type":"Feature","geometry":{"type":"Point","coordinates":[-94.846267065,42.8445724855]},"properties":{"label_cluster_id":8504,"label_type":"CurbRamp","street_edge_id":53,"intersection_id":75,"osm_way_id":15996486,"region_id":1,"region_name":"Laurens","avg_image_capture_date":"2025-11-01T00:00Z","avg_label_date":"2026-09-20T09:23:27.015112Z","median_severity":null,"agree_count":2,"disagree_count":0,"unsure_count":0,"cluster_size":3,"label_ids":[11,2145,2454],"users":["51b0b927-3c8a-45b2-93de-bd878d1e5cf4"],"tag_counts":{}}},{"type":"Feature","geometry":{"type":"Point","coordinates":[-94.8463093352,42.8445179887]},"properties":{"label_cluster_id":8505,"label_type":"CurbRamp","street_edge_id":53,"intersection_id":75,"osm_way_id":15996486,"region_id":1,"region_name":"Laurens","avg_image_capture_date":"2025-11-01T00:00Z","avg_label_date":"2026-09-17T01:44:27.807802Z","median_severity":null,"agree_count":0,"disagree_count":0,"unsure_count":0,"cluster_size":1,"label_ids":[337],"users":["51b0b927-3c8a-45b2-93de-bd878d1e5cf4"],"tag_counts":{}}},{"type":"Feature","geometry":{"type":"Point","coordinates":[-94.8473427359,42.8445667671]},"properties":{"label_cluster_id":8506,"label_type":"CurbRamp","street_edge_id":53,"intersection_id":16,"osm_way_id":15996486,"region_id":1,"region_name":"Laurens","avg_image_capture_date":"2025-11-01T00:00Z","avg_label_date":"2026-09-18T17:34:36.377328Z","median_severity":null,"agree_count":3,"disagree_count":0,"unsure_count":0,"cluster_size":3,"label_ids":[121,642,2257],"users":["51b0b927-3c8a-45b2-93de-bd878d1e5cf4"],"tag_counts":{}}},{"type":"Feature","geometry":{"type":"Point","coordinates":[-94.8473781343,42.8443662107]},"properties":{"label_cluster_id":8507,"label_type":"CurbRamp","street_edge_id":92,"intersection_id":16,"osm_way_id":15996973,"region_id":1,"region_name":"Laurens","avg_image_capture_date":"2025-11-01T00:00Z","avg_label_date":"2026-09-22T01:14:27.218173Z","median_severity":null,"agree_count":1,"disagree_count":0,"unsure_count":0,"cluster_size":1,"label_ids":[2065],"users":["51b0b927-3c8a-45b2-93de-bd878d1e5cf4"],"tag_counts":{}}},{"type":"Feature","geometry":{"type":"Point","coordinates":[-94.8438154202,42.8443654777]},"properties":{"label_cluster_id":8508,"label_type":"CurbRamp","street_edge_id":102,"intersection_id":47,"osm_way_id":15997149,"region_id":1,"region_name":"Laurens","avg_image_capture_date":"2025-11-01T00:00Z","avg_label_date":"2026-09-18T17:34:29.757163Z","median_severity":null,"agree_count":1,"disagree_count":0,"unsure_count":0,"cluster_size":3,"label_ids":[172,601,1917],"users":["51b0b927-3c8a-45b2-93de-bd878d1e5cf4"],"tag_counts":{}}},{"type":"Feature","geometry":{"type":"Point","coordinates":[-94.843683958,42.8444213865]},"properties":{"label_cluster_id":8509,"label_type":"CurbRamp","street_edge_id":102,"intersection_id":47,"osm_way_id":15997149,"region_id":1,"region_name":"Laurens","avg_image_capture_date":"2025-11-01T00:00Z","avg_label_date":"2026-09-22T01:14:06.626863Z","median_severity":null,"agree_count":1,"disagree_count":0,"unsure_count":0,"cluster_size":1,"label_ids":[1821],"users":["51b0b927-3c8a-45b2-93de-bd878d1e5cf4"],"tag_counts":{}}},{"type":"Feature","geometry":{"type":"Point","coordinates":[-94.8440174186,42.8444572728]},"properties":{"label_cluster_id":8510,"label_type":"CurbRamp","street_edge_id":101,"intersection_id":47,"osm_way_id":15997149,"region_id":1,"region_name":"Laurens","avg_image_capture_date":"2025-11-01T00:00Z","avg_label_date":"2026-09-22T01:14:30.557226Z","median_severity":null,"agree_count":2,"disagree_count":0,"unsure_count":0,"cluster_size":2,"label_ids":[1774,2459],"users":["51b0b927-3c8a-45b2-93de-bd878d1e5cf4"],"tag_counts":{}}},{"type":"Feature","geometry":{"type":"Point","coordinates":[-94.8439234164,42.8444256851]},"properties":{"label_cluster_id":8511,"label_type":"CurbRamp","street_edge_id":101,"intersection_id":47,"osm_way_id":15997149,"region_id":1,"region_name":"Laurens","avg_image_capture_date":"2025-11-01T00:00Z","avg_label_date":"2026-09-21T20:15:17.977711Z","median_severity":2,"agree_count":4,"disagree_count":0,"unsure_count":0,"cluster_size":5,"label_ids":[1332,1849,1900,2188,2236],"users":["51b0b927-3c8a-45b2-93de-bd878d1e5cf4","549187e0-redacted"],"tag_counts":{"narrow":2,"missing tactile warning":2}}},{"type":"Feature","geometry":{"type":"Point","coordinates":[-94.8441033853,42.8443874809]},"properties":{"label_cluster_id":8512,"label_type":"CurbRamp","street_edge_id":101,"intersection_id":47,"osm_way_id":15997149,"region_id":1,"region_name":"Laurens","avg_image_capture_date":"2025-11-01T00:00Z","avg_label_date":"2026-09-17T01:46:47.665454Z","median_severity":null,"agree_count":1,"disagree_count":0,"unsure_count":0,"cluster_size":1,"label_ids":[603],"users":["51b0b927-3c8a-45b2-93de-bd878d1e5cf4"],"tag_counts":{}}},{"type":"Feature","geometry":{"type":"Point","coordinates":[-94.8432989049,42.8436073556]},"properties":{"label_cluster_id":8513,"label_type":"CurbRamp","street_edge_id":1,"intersection_id":null,"osm_way_id":15991384,"region_id":1,"region_name":"Laurens","avg_image_capture_date":"2025-11-01T00:00Z","avg_label_date":"2026-09-17T01:46:45.271388Z","median_severity":null,"agree_count":0,"disagree_count":1,"unsure_count":0,"cluster_size":1,"label_ids":[599],"users":["51b0b927-3c8a-45b2-93de-bd878d1e5cf4"],"tag_counts":{}}},{"type":"Feature","geometry":{"type":"Point","coordinates":[-94.8449886579,42.8444589452]},"properties":{"label_cluster_id":8514,"label_type":"CurbRamp","street_edge_id":65,"intersection_id":46,"osm_way_id":15996683,"region_id":1,"region_name":"Laurens","avg_image_capture_date":"2025-11-01T00:00Z","avg_label_date":"2026-09-18T08:20:05.872505Z","median_severity":2,"agree_count":4,"disagree_count":0,"unsure_count":0,"cluster_size":7,"label_ids":[84,215,450,506,653,1359,2475],"users":["51b0b927-3c8a-45b2-93de-bd878d1e5cf4","549187e0-redacted"],"tag_counts":{"not level with street":1,"surface problem":1,"steep":1,"missing tactile warning":1,"narrow":1}}},{"type":"Feature","geometry":{"type":"Point","coordinates":[-94.8452077258,42.8444873668]},"properties":{"label_cluster_id":8515,"label_type":"CurbRamp","street_edge_id":103,"intersection_id":46,"osm_way_id":15997149,"region_id":1,"region_name":"Laurens","avg_image_capture_date":"2025-11-01T00:00Z","avg_label_date":"2026-09-22T01:14:56.026282Z","median_severity":null,"agree_count":1,"disagree_count":0,"unsure_count":0,"cluster_size":1,"label_ids":[2425],"users":["51b0b927-3c8a-45b2-93de-bd878d1e5cf4"],"tag_counts":{}}},{"type":"Feature","geometry":{"type":"Point","coordinates":[-94.8451382581,42.8454784671]},"properties":{"label_cluster_id":8516,"label_type":"CurbRamp","street_edge_id":162,"intersection_id":58,"osm_way_id":15997796,"region_id":1,"region_name":"Laurens","avg_image_capture_date":"2025-11-01T00:00Z","avg_label_date":"2026-09-20T20:22:10.630486Z","median_severity":2,"agree_count":2,"disagree_count":0,"unsure_count":0,"cluster_size":5,"label_ids":[4,1382,1646,2090,2553],"users":["51b0b927-3c8a-45b2-93de-bd878d1e5cf4","549187e0-redacted"],"tag_counts":{"narrow":1,"not level with street":1,"missing tactile warning":1}}},{"type":"Feature","geometry":{"type":"Point","coordinates":[-94.8452769453,42.845492566]},"properties":{"label_cluster_id":8517,"label_type":"CurbRamp","street_edge_id":162,"intersection_id":58,"osm_way_id":15997796,"region_id":1,"region_name":"Laurens","avg_image_capture_date":"2025-11-01T00:00Z","avg_label_date":"2026-09-22T01:13:47.475449Z","median_severity":null,"agree_count":0,"disagree_count":0,"unsure_count":0,"cluster_size":1,"label_ids":[1602],"users":["51b0b927-3c8a-45b2-93de-bd878d1e5cf4"],"tag_counts":{}}},{"type":"Feature","geometry":{"type":"Point","coordinates":[-94.8438315765,42.845427925]},"properties":{"label_cluster_id":8518,"label_type":"CurbRamp","street_edge_id":44,"intersection_id":21,"osm_way_id":15996376,"region_id":1,"region_name":"Laurens","avg_image_capture_date":"2025-11-01T00:00Z","avg_label_date":"2026-09-20T19:21:17.750503Z","median_severity":null,"agree_count":3,"disagree_count":0,"unsure_count":0,"cluster_size":4,"label_ids":[224,1630,1701,1905],"users":["51b0b927-3c8a-45b2-93de-bd878d1e5cf4"],"tag_counts":{}}},{"type":"Feature","geometry":{"type":"Point","coordinates":[-94.8439774316,42.8455790769]},"properties":{"label_cluster_id":8519,"label_type":"CurbRamp","street_edge_id":159,"intersection_id":21,"osm_way_id":15997796,"region_id":1,"region_name":"Laurens","avg_image_capture_date":"2025-11-01T00:00Z","avg_label_date":"2026-09-19T15:13:19.953500Z","median_severity":2,"agree_count":0,"disagree_count":0,"unsure_count":0,"cluster_size":2,"label_ids":[1164,1174],"users":["549187e0-redacted"],"tag_counts":{"steep":1,"narrow":2,"missing tactile warning":2}}},{"type":"Feature","geometry":{"type":"Point","coordinates":[-94.8439277039,42.8455278454]},"properties":{"label_cluster_id":8520,"label_type":"CurbRamp","street_edge_id":159,"intersection_id":21,"osm_way_id":15997796,"region_id":1,"region_name":"Laurens","avg_image_capture_date":"2025-11-01T00:00Z","avg_label_date":"2026-09-20T09:24:27.872556Z","median_severity":null,"agree_count":2,"disagree_count":0,"unsure_count":0,"cluster_size":3,"label_ids":[359,1937,2040],"users":["51b0b927-3c8a-45b2-93de-bd878d1e5cf4"],"tag_counts":{}}},{"type":"Feature","geometry":{"type":"Point","coordinates":[-94.8440518206,42.8454471551]},"properties":{"label_cluster_id":8521,"label_type":"CurbRamp","street_edge_id":159,"intersection_id":21,"osm_way_id":15997796,"region_id":1,"region_name":"Laurens","avg_image_capture_date":"2025-11-01T00:00Z","avg_label_date":"2026-09-17T01:43:51.567606Z","median_severity":null,"agree_count":1,"disagree_count":0,"unsure_count":0,"cluster_size":1,"label_ids":[287],"users":["51b0b927-3c8a-45b2-93de-bd878d1e5cf4"],"tag_counts":{}}}]}